=== EP_NIC_NAME=rdmap110s0 (auto, 200 Gb/s) ===
+ docker run --rm --gpus all --privileged --network=host --ipc=host --ulimit memlock=-1 --ulimit stack=67108864 --device=/dev/infiniband --device=/dev/gdrdrv -v /sys/class/infiniband:/sys/class/infiniband:ro -e MASTER_ADDR=172.31.20.74 -e MASTER_PORT=29573 -e WORLD_SIZE=4 -e RANK=0 -e NCCL_DEBUG=WARN -e EP_NIC_NAME=rdmap110s0 -e EP_BUFFER_DEBUG=1 -e PYTHONUNBUFFERED=1 -e PYTHONFAULTHANDLER=1 deepep-v2-efa-official:dev bash -lc 'timeout -s ABRT --kill-after=60 1500     python3 -u /opt/DeepEP/tests/elastic/test_ep.py     --num-processes=8 --num-tokens=128     --hidden=7168 --num-topk=8 --num-experts=256     --num-sms=12 --allow-hybrid-mode=1     --prefer-overlap-with-compute=0 --test-first-only      --num-allocated-qps 5'

==========
== CUDA ==
==========

CUDA Version 13.0.2

Container image Copyright (c) 2016-2023, NVIDIA CORPORATION & AFFILIATES. All rights reserved.

This container image and its contents are governed by the NVIDIA Deep Learning Container License.
By pulling and using the container, you accept the terms and conditions of this license:
https://developer.nvidia.com/ngc/nvidia-deep-learning-container-license

A copy of this license is made available in this container at /NGC-DL-CONTAINER-LICENSE for your convenience.

NCCL version 2.31.2+cuda13.3
DeepEP hybrid kernel selection: unordered
DeepEP hybrid kernel selection: unordered
Initializing EP elastic buffer with 681574400 bytes (cpu: 0) at rank EP 4/32Initializing EP elastic buffer with 681574400 bytes (cpu: 0) at rank EP 6/32

DeepEP hybrid kernel selection: unordered
Initializing EP elastic buffer with 681574400 bytes (cpu: 0) at rank EP 5/32
DeepEP hybrid kernel selection: unordered
DeepEP hybrid kernel selection: unordered
Initializing EP elastic buffer with 681574400 bytes (cpu: 0) at rank EP 2/32
DeepEP hybrid kernel selection: unordered
Initializing EP elastic buffer with 681574400 bytes (cpu: 0) at rank EP 7/32DeepEP hybrid kernel selection: unordered

DeepEP initialized with NCCL version: 2.31.2 (loaded library)
EP NCCL device communicator has 5 allocated QPs
DeepEP initialized with NCCL version: 2.31.2 (loaded library)
EP NCCL device communicator has 5 allocated QPs
DeepEP hybrid kernel selection: unordered
DeepEP hybrid kernel selection: unordered
GIN layout: gin_context_cnt=5, gin_indexed_signals_cnt=49, num_qp=5
GIN layout: gin_context_cnt=5, gin_indexed_signals_cnt=49, num_qp=5
Initializing EP elastic buffer with 681574400 bytes (cpu: 0) at rank EP 0/32Initializing EP elastic buffer with 681574400 bytes (cpu: 0) at rank EP 3/32

DeepEP initialized with NCCL version: 2.31.2 (loaded library)
EP NCCL device communicator has 5 allocated QPs
DeepEP hybrid kernel selection: unordered
GIN layout: gin_context_cnt=5, gin_indexed_signals_cnt=49, num_qp=5
DeepEP initialized with NCCL version: 2.31.2 (loaded library)
DeepEP initialized with NCCL version: 2.31.2 (loaded library)
EP NCCL device communicator has 5 allocated QPs
EP NCCL device communicator has 5 allocated QPs
DeepEP hybrid kernel selection: unordered
DeepEP hybrid kernel selection: unordered
GIN layout: gin_context_cnt=5, gin_indexed_signals_cnt=49, num_qp=5
GIN layout: gin_context_cnt=5, gin_indexed_signals_cnt=49, num_qp=5
DeepEP initialized with NCCL version: 2.31.2 (loaded library)
DeepEP initialized with NCCL version: 2.31.2 (loaded library)
EP NCCL device communicator has 5 allocated QPs
EP NCCL device communicator has 5 allocated QPs
DeepEP hybrid kernel selection: unordered
DeepEP hybrid kernel selection: unordered
GIN layout: gin_context_cnt=5, gin_indexed_signals_cnt=49, num_qp=5
GIN layout: gin_context_cnt=5, gin_indexed_signals_cnt=49, num_qp=5
DeepEP hybrid kernel selection: unordered
Initializing EP elastic buffer with 681574400 bytes (cpu: 0) at rank EP 1/32
DeepEP initialized with NCCL version: 2.31.2 (loaded library)
EP NCCL device communicator has 5 allocated QPs
DeepEP hybrid kernel selection: unordered
GIN layout: gin_context_cnt=5, gin_indexed_signals_cnt=49, num_qp=5
Config:
 > Ranks: 4 x 8
 > Experts: 8/256
 > Tokens: 128 (max: 128), hidden: 7168
 > #SM: 12, #QPs: 5/5

Running all test cases:
 > Testing with do_handle_copy=1, expert_alignment=128, use_fp8_dispatch=1, num_bias=0, with_previous_event=0, async_with_compute_stream=0, allocate_on_comm_stream=0 ...
Elastic buffer uses 4 channels per SM
Elastic buffer uses 4 channels per SM
Elastic buffer uses 4 channels per SM
Elastic buffer uses 4 channels per SM
Elastic buffer uses 4 channels per SM
Elastic buffer uses 4 channels per SM
Elastic buffer uses 4 channels per SM
Elastic buffer uses 4 channels per SM
CPU side received count (scaleup: 4): -110 -108 -92 -111 -101 -111 -97 -113 # -129 -129 -129 -129 -129 -257 -129 -129 
CPU side received count (scaleup: 5): -111 -98 -102 -101 -108 -105 -110 -101 # -129 -129 -129 -129 -257 -129 -129 -129 
CPU side received count (scaleup: 1): -96 -92 -93 -115 -120 -99 -97 -103 # -129 -129 -129 -129 -129 -129 -129 -129 
CPU side received count (scaleup: 6): -108 -97 -104 -110 -95 -96 -94 -108 # -129 -129 -129 -129 -129 -129 -129 -129 
CPU side received count (scaleup: 0): -102 -99 -111 -101 -102 -102 -84 -90 # -129 -129 -129 -129 -129 -129 -129 -129 
CPU side received count (scaleup: 7): -103 -110 -98 -104 -89 -113 -83 -83 # -129 -129 -129 -129 -129 -129 -129 -129 
CPU side received count (scaleup: 2): -106 -95 -101 -98 -100 -111 -96 -96 # -129 -129 -129 -129 -129 -129 -129 -129 
CPU side received count (scaleup: 3): -111 -112 -102 -87 -114 -95 -107 -109 # -129 -129 -129 -129 -129 -129 -129 -257 
Elastic buffer uses 4 channels per SM
Elastic buffer uses 4 channels per SM
Elastic buffer uses 4 channels per SM
Elastic buffer uses 4 channels per SM
Elastic buffer uses 4 channels per SM
Elastic buffer uses 4 channels per SM
Elastic buffer uses 4 channels per SM
Elastic buffer uses 4 channels per SM
CPU side received count (scaleup: 4): -110 -108 -92 -111 -101 -111 -97 -113 # -129 -129 -129 -129 -129 -257 -129 -129 
CPU side received count (scaleup: 7): -103 -110 -98 -104 -89 -113 -83 -83 # -129 -129 -129 -129 -129 -129 -129 -129 
CPU side received count (scaleup: 6): -108 -97 -104 -110 -95 -96 -94 -108 # -129 -129 -129 -129 -129 -129 -129 -129 
CPU side received count (scaleup: 5): -111 -98 -102 -101 -108 -105 -110 -101 # -129 -129 -129 -129 -257 -129 -129 -129 
CPU side received count (scaleup: 0): -102 -99 -111 -101 -102 -102 -84 -90 # -129 -129 -129 -129 -129 -129 -129 -129 
CPU side received count (scaleup: 2): -106 -95 -101 -98 -100 -111 -96 -96 # -129 -129 -129 -129 -129 -129 -129 -129 
CPU side received count (scaleup: 3): -111 -112 -102 -87 -114 -95 -107 -109 # -129 -129 -129 -129 -129 -129 -129 -257 
CPU side received count (scaleup: 1): -96 -92 -93 -115 -120 -99 -97 -103 # -129 -129 -129 -129 -129 -129 -129 -129 
Elastic buffer uses 4 channels per SM
Elastic buffer uses 4 channels per SM
Elastic buffer uses 4 channels per SM
Elastic buffer uses 4 channels per SM
Elastic buffer uses 4 channels per SM
Elastic buffer uses 4 channels per SM
Elastic buffer uses 4 channels per SM
Elastic buffer uses 4 channels per SM
Elastic buffer uses 4 channels per SM
Elastic buffer uses 4 channels per SM
Elastic buffer uses 4 channels per SM
Elastic buffer uses 4 channels per SM
Elastic buffer uses 4 channels per SM
Elastic buffer uses 4 channels per SM
Elastic buffer uses 4 channels per SM
Elastic buffer uses 4 channels per SM
Elastic buffer uses 4 channels per SM
Elastic buffer uses 4 channels per SM
Elastic buffer uses 4 channels per SM
Elastic buffer uses 4 channels per SM
Elastic buffer uses 4 channels per SM
Elastic buffer uses 4 channels per SM
Elastic buffer uses 4 channels per SM
Elastic buffer uses 4 channels per SM
CPU side received count (scaleup: 6): -108 -97 -104 -110 -95 -96 -94 -108 # -129 -129 -129 -129 -129 -129 -129 -129 
CPU side received count (scaleup: 5): -111 -98 -102 -101 -108 -105 -110 -101 # -129 -129 -129 -129 -257 -129 -129 -129 
CPU side received count (scaleup: 2): -106 -95 -101 -98 -100 -111 -96 -96 # -129 -129 -129 -129 -129 -129 -129 -129 
CPU side received count (scaleup: 1): -96 -92 -93 -115 -120 -99 -97 -103 # -129 -129 -129 -129 -129 -129 -129 -129 
CPU side received count (scaleup: 4): -110 -108 -92 -111 -101 -111 -97 -113 # -129 -129 -129 -129 -129 -257 -129 -129 
CPU side received count (scaleup: 3): -111 -112 -102 -87 -114 -95 -107 -109 # -129 -129 -129 -129 -129 -129 -129 -257 
CPU side received count (scaleup: 0): -102 -99 -111 -101 -102 -102 -84 -90 # -129 -129 -129 -129 -129 -129 -129 -129 
CPU side received count (scaleup: 7): -103 -110 -98 -104 -89 -113 -83 -83 # -129 -129 -129 -129 -129 -129 -129 -129 
Elastic buffer uses 4 channels per SM
Elastic buffer uses 4 channels per SM
Elastic buffer uses 4 channels per SM
Elastic buffer uses 4 channels per SM
Elastic buffer uses 4 channels per SM
Elastic buffer uses 4 channels per SM
Elastic buffer uses 4 channels per SM
Elastic buffer uses 4 channels per SM
CPU side received count (scaleup: 3): -111 -112 -102 -87 -114 -95 -107 -109 # -129 -129 -129 -129 -129 -129 -129 -257 
CPU side received count (scaleup: 2): -106 -95 -101 -98 -100 -111 -96 -96 # -129 -129 -129 -129 -129 -129 -129 -129 
CPU side received count (scaleup: 5): -111 -98 -102 -101 -108 -105 -110 -101 # -129 -129 -129 -129 -257 -129 -129 -129 
CPU side received count (scaleup: 1): -96 -92 -93 -115 -120 -99 -97 -103 # -129 -129 -129 -129 -129 -129 -129 -129 
CPU side received count (scaleup: 6): -108 -97 -104 -110 -95 -96 -94 -108 # -129 -129 -129 -129 -129 -129 -129 -129 
CPU side received count (scaleup: 0): -102 -99 -111 -101 -102 -102 -84 -90 # -129 -129 -129 -129 -129 -129 -129 -129 
CPU side received count (scaleup: 4): -110 -108 -92 -111 -101 -111 -97 -113 # -129 -129 -129 -129 -129 -257 -129 -129 
CPU side received count (scaleup: 7): -103 -110 -98 -104 -89 -113 -83 -83 # -129 -129 -129 -129 -129 -129 -129 -129 
Elastic buffer uses 4 channels per SM
Elastic buffer uses 4 channels per SM
Elastic buffer uses 4 channels per SM
Elastic buffer uses 4 channels per SM
Elastic buffer uses 4 channels per SM
Elastic buffer uses 4 channels per SM
Elastic buffer uses 4 channels per SM
Elastic buffer uses 4 channels per SM
CPU side received count (scaleup: 5): -111 -98 -102 -101 -108 -105 -110 -101 # -129 -129 -129 -129 -257 -129 -129 -129 
CPU side received count (scaleup: 6): -108 -97 -104 -110 -95 -96 -94 -108 # -129 -129 -129 -129 -129 -129 -129 -129 
CPU side received count (scaleup: 4): -110 -108 -92 -111 -101 -111 -97 -113 # -129 -129 -129 -129 -129 -257 -129 -129 
CPU side received count (scaleup: 7): -103 -110 -98 -104 -89 -113 -83 -83 # -129 -129 -129 -129 -129 -129 -129 -129 
CPU side received count (scaleup: 2): -106 -95 -101 -98 -100 -111 -96 -96 # -129 -129 -129 -129 -129 -129 -129 -129 
CPU side received count (scaleup: 3): -111 -112 -102 -87 -114 -95 -107 -109 # -129 -129 -129 -129 -129 -129 -129 -257 
CPU side received count (scaleup: 0): -102 -99 -111 -101 -102 -102 -84 -90 # -129 -129 -129 -129 -129 -129 -129 -129 
CPU side received count (scaleup: 1): -96 -92 -93 -115 -120 -99 -97 -103 # -129 -129 -129 -129 -129 -129 -129 -129 
Elastic buffer uses 4 channels per SM
Elastic buffer uses 4 channels per SM
Elastic buffer uses 4 channels per SM
Elastic buffer uses 4 channels per SM
Elastic buffer uses 4 channels per SM
Elastic buffer uses 4 channels per SM
Elastic buffer uses 4 channels per SM
Elastic buffer uses 4 channels per SM
CPU side received count (scaleup: 4): -110 -108 -92 -111 -101 -111 -97 -113 # -129 -129 -129 -129 -129 -257 -129 -129 
CPU side received count (scaleup: 5): -111 -98 -102 -101 -108 -105 -110 -101 # -129 -129 -129 -129 -257 -129 -129 -129 
CPU side received count (scaleup: 6): -108 -97 -104 -110 -95 -96 -94 -108 # -129 -129 -129 -129 -129 -129 -129 -129 
CPU side received count (scaleup: 7): -103 -110 -98 -104 -89 -113 -83 -83 # -129 -129 -129 -129 -129 -129 -129 -129 
CPU side received count (scaleup: 0): -102 -99 -111 -101 -102 -102 -84 -90 # -129 -129 -129 -129 -129 -129 -129 -129 
CPU side received count (scaleup: 3): -111 -112 -102 -87 -114 -95 -107 -109 # -129 -129 -129 -129 -129 -129 -129 -257 
CPU side received count (scaleup: 2): -106 -95 -101 -98 -100 -111 -96 -96 # -129 -129 -129 -129 -129 -129 -129 -129 
CPU side received count (scaleup: 1): -96 -92 -93 -115 -120 -99 -97 -103 # -129 -129 -129 -129 -129 -129 -129 -129 
Elastic buffer uses 4 channels per SM
Elastic buffer uses 4 channels per SM
Elastic buffer uses 4 channels per SM
Elastic buffer uses 4 channels per SM
Elastic buffer uses 4 channels per SM
Elastic buffer uses 4 channels per SM
Elastic buffer uses 4 channels per SM
Elastic buffer uses 4 channels per SM
CPU side received count (scaleup: 7): -103 -110 -98 -104 -89 -113 -83 -83 # -129 -129 -129 -129 -129 -129 -129 -129 
CPU side received count (scaleup: 6): -108 -97 -104 -110 -95 -96 -94 -108 # -129 -129 -129 -129 -129 -129 -129 -129 
CPU side received count (scaleup: 5): -111 -98 -102 -101 -108 -105 -110 -101 # -129 -129 -129 -129 -257 -129 -129 -129 
CPU side received count (scaleup: 2): -106 -95 -101 -98 -100 -111 -96 -96 # -129 -129 -129 -129 -129 -129 -129 -129 
CPU side received count (scaleup: 4): -110 -108 -92 -111 -101 -111 -97 -113 # -129 -129 -129 -129 -129 -257 -129 -129 
CPU side received count (scaleup: 3): -111 -112 -102 -87 -114 -95 -107 -109 # -129 -129 -129 -129 -129 -129 -129 -257 
CPU side received count (scaleup: 0): -102 -99 -111 -101 -102 -102 -84 -90 # -129 -129 -129 -129 -129 -129 -129 -129 
CPU side received count (scaleup: 1): -96 -92 -93 -115 -120 -99 -97 -103 # -129 -129 -129 -129 -129 -129 -129 -129 
Elastic buffer uses 4 channels per SM
Elastic buffer uses 4 channels per SM
Elastic buffer uses 4 channels per SM
Elastic buffer uses 4 channels per SM
Elastic buffer uses 4 channels per SM
Elastic buffer uses 4 channels per SM
Elastic buffer uses 4 channels per SM
Elastic buffer uses 4 channels per SM
CPU side received count (scaleup: 2): -106 -95 -101 -98 -100 -111 -96 -96 # -129 -129 -129 -129 -129 -129 -129 -129 
CPU side received count (scaleup: 3): -111 -112 -102 -87 -114 -95 -107 -109 # -129 -129 -129 -129 -129 -129 -129 -257 
CPU side received count (scaleup: 0): -102 -99 -111 -101 -102 -102 -84 -90 # -129 -129 -129 -129 -129 -129 -129 -129 
CPU side received count (scaleup: 4): -110 -108 -92 -111 -101 -111 -97 -113 # -129 -129 -129 -129 -129 -257 -129 -129 
CPU side received count (scaleup: 5): -111 -98 -102 -101 -108 -105 -110 -101 # -129 -129 -129 -129 -257 -129 -129 -129 
CPU side received count (scaleup: 1): -96 -92 -93 -115 -120 -99 -97 -103 # -129 -129 -129 -129 -129 -129 -129 -129 
CPU side received count (scaleup: 7): -103 -110 -98 -104 -89 -113 -83 -83 # -129 -129 -129 -129 -129 -129 -129 -129 
CPU side received count (scaleup: 6): -108 -97 -104 -110 -95 -96 -94 -108 # -129 -129 -129 -129 -129 -129 -129 -129 
Elastic buffer uses 4 channels per SM
Elastic buffer uses 4 channels per SM
Elastic buffer uses 4 channels per SM
Elastic buffer uses 4 channels per SM
Elastic buffer uses 4 channels per SM
Elastic buffer uses 4 channels per SM
Elastic buffer uses 4 channels per SM
Elastic buffer uses 4 channels per SM
CPU side received count (scaleup: 6): -108 -97 -104 -110 -95 -96 -94 -108 # -129 -129 -129 -129 -129 -129 -129 -129 
CPU side received count (scaleup: 5): -111 -98 -102 -101 -108 -105 -110 -101 # -129 -129 -129 -129 -257 -129 -129 -129 
CPU side received count (scaleup: 4): -110 -108 -92 -111 -101 -111 -97 -113 # -129 -129 -129 -129 -129 -257 -129 -129 
CPU side received count (scaleup: 7): -103 -110 -98 -104 -89 -113 -83 -83 # -129 -129 -129 -129 -129 -129 -129 -129 
CPU side received count (scaleup: 2): -106 -95 -101 -98 -100 -111 -96 -96 # -129 -129 -129 -129 -129 -129 -129 -129 
CPU side received count (scaleup: 3): -111 -112 -102 -87 -114 -95 -107 -109 # -129 -129 -129 -129 -129 -129 -129 -257 
CPU side received count (scaleup: 0): -102 -99 -111 -101 -102 -102 -84 -90 # -129 -129 -129 -129 -129 -129 -129 -129 
CPU side received count (scaleup: 1): -96 -92 -93 -115 -120 -99 -97 -103 # -129 -129 -129 -129 -129 -129 -129 -129 
Elastic buffer uses 4 channels per SM
Elastic buffer uses 4 channels per SM
Elastic buffer uses 4 channels per SM
Elastic buffer uses 4 channels per SM
Elastic buffer uses 4 channels per SM
Elastic buffer uses 4 channels per SM
Elastic buffer uses 4 channels per SM
Elastic buffer uses 4 channels per SM
CPU side received count (scaleup: 6): -108 -97 -104 -110 -95 -96 -94 -108 # -129 -129 -129 -129 -129 -129 -129 -129 
CPU side received count (scaleup: 4): -110 -108 -92 -111 -101 -111 -97 -113 # -129 -129 -129 -129 -129 -257 -129 -129 
CPU side received count (scaleup: 5): -111 -98 -102 -101 -108 -105 -110 -101 # -129 -129 -129 -129 -257 -129 -129 -129 
CPU side received count (scaleup: 7): -103 -110 -98 -104 -89 -113 -83 -83 # -129 -129 -129 -129 -129 -129 -129 -129 
CPU side received count (scaleup: 2): -106 -95 -101 -98 -100 -111 -96 -96 # -129 -129 -129 -129 -129 -129 -129 -129 
CPU side received count (scaleup: 3): -111 -112 -102 -87 -114 -95 -107 -109 # -129 -129 -129 -129 -129 -129 -129 -257 
CPU side received count (scaleup: 0): -102 -99 -111 -101 -102 -102 -84 -90 # -129 -129 -129 -129 -129 -129 -129 -129 
CPU side received count (scaleup: 1): -96 -92 -93 -115 -120 -99 -97 -103 # -129 -129 -129 -129 -129 -129 -129 -129 
Elastic buffer uses 4 channels per SM
Elastic buffer uses 4 channels per SM
Elastic buffer uses 4 channels per SM
Elastic buffer uses 4 channels per SM
Elastic buffer uses 4 channels per SM
Elastic buffer uses 4 channels per SM
Elastic buffer uses 4 channels per SM
Elastic buffer uses 4 channels per SM
CPU side received count (scaleup: 4): -110 -108 -92 -111 -101 -111 -97 -113 # -129 -129 -129 -129 -129 -257 -129 -129 
CPU side received count (scaleup: 5): -111 -98 -102 -101 -108 -105 -110 -101 # -129 -129 -129 -129 -257 -129 -129 -129 
CPU side received count (scaleup: 6): -108 -97 -104 -110 -95 -96 -94 -108 # -129 -129 -129 -129 -129 -129 -129 -129 
CPU side received count (scaleup: 7): -103 -110 -98 -104 -89 -113 -83 -83 # -129 -129 -129 -129 -129 -129 -129 -129 
CPU side received count (scaleup: 2): -106 -95 -101 -98 -100 -111 -96 -96 # -129 -129 -129 -129 -129 -129 -129 -129 
CPU side received count (scaleup: 3): -111 -112 -102 -87 -114 -95 -107 -109 # -129 -129 -129 -129 -129 -129 -129 -257 
CPU side received count (scaleup: 0): -102 -99 -111 -101 -102 -102 -84 -90 # -129 -129 -129 -129 -129 -129 -129 -129 
CPU side received count (scaleup: 1): -96 -92 -93 -115 -120 -99 -97 -103 # -129 -129 -129 -129 -129 -129 -129 -129 
Elastic buffer uses 4 channels per SM
Elastic buffer uses 4 channels per SM
Elastic buffer uses 4 channels per SM
Elastic buffer uses 4 channels per SM
Elastic buffer uses 4 channels per SM
Elastic buffer uses 4 channels per SM
Elastic buffer uses 4 channels per SM
Elastic buffer uses 4 channels per SM
CPU side received count (scaleup: 5): -111 -98 -102 -101 -108 -105 -110 -101 # -129 -129 -129 -129 -257 -129 -129 -129 
CPU side received count (scaleup: 6): -108 -97 -104 -110 -95 -96 -94 -108 # -129 -129 -129 -129 -129 -129 -129 -129 
CPU side received count (scaleup: 4): -110 -108 -92 -111 -101 -111 -97 -113 # -129 -129 -129 -129 -129 -257 -129 -129 
CPU side received count (scaleup: 7): -103 -110 -98 -104 -89 -113 -83 -83 # -129 -129 -129 -129 -129 -129 -129 -129 
CPU side received count (scaleup: 2): -106 -95 -101 -98 -100 -111 -96 -96 # -129 -129 -129 -129 -129 -129 -129 -129 
CPU side received count (scaleup: 3): -111 -112 -102 -87 -114 -95 -107 -109 # -129 -129 -129 -129 -129 -129 -129 -257 
CPU side received count (scaleup: 0): -102 -99 -111 -101 -102 -102 -84 -90 # -129 -129 -129 -129 -129 -129 -129 -129 
CPU side received count (scaleup: 1): -96 -92 -93 -115 -120 -99 -97 -103 # -129 -129 -129 -129 -129 -129 -129 -129 
Elastic buffer uses 4 channels per SM
Elastic buffer uses 4 channels per SM
Elastic buffer uses 4 channels per SM
Elastic buffer uses 4 channels per SM
Elastic buffer uses 4 channels per SM
Elastic buffer uses 4 channels per SM
Elastic buffer uses 4 channels per SM
Elastic buffer uses 4 channels per SM
CPU side received count (scaleup: 2): -106 -95 -101 -98 -100 -111 -96 -96 # -129 -129 -129 -129 -129 -129 -129 -129 
CPU side received count (scaleup: 3): -111 -112 -102 -87 -114 -95 -107 -109 # -129 -129 -129 -129 -129 -129 -129 -257 
CPU side received count (scaleup: 0): -102 -99 -111 -101 -102 -102 -84 -90 # -129 -129 -129 -129 -129 -129 -129 -129 
CPU side received count (scaleup: 1): -96 -92 -93 -115 -120 -99 -97 -103 # -129 -129 -129 -129 -129 -129 -129 -129 
CPU side received count (scaleup: 4): -110 -108 -92 -111 -101 -111 -97 -113 # -129 -129 -129 -129 -129 -257 -129 -129 
CPU side received count (scaleup: 5): -111 -98 -102 -101 -108 -105 -110 -101 # -129 -129 -129 -129 -257 -129 -129 -129 
CPU side received count (scaleup: 6): -108 -97 -104 -110 -95 -96 -94 -108 # -129 -129 -129 -129 -129 -129 -129 -129 
CPU side received count (scaleup: 7): -103 -110 -98 -104 -89 -113 -83 -83 # -129 -129 -129 -129 -129 -129 -129 -129 
Elastic buffer uses 4 channels per SM
Elastic buffer uses 4 channels per SM
Elastic buffer uses 4 channels per SM
Elastic buffer uses 4 channels per SM
Elastic buffer uses 4 channels per SM
Elastic buffer uses 4 channels per SM
Elastic buffer uses 4 channels per SM
Elastic buffer uses 4 channels per SM
CPU side received count (scaleup: 6): -108 -97 -104 -110 -95 -96 -94 -108 # -129 -129 -129 -129 -129 -129 -129 -129 
CPU side received count (scaleup: 4): -110 -108 -92 -111 -101 -111 -97 -113 # -129 -129 -129 -129 -129 -257 -129 -129 
CPU side received count (scaleup: 5): -111 -98 -102 -101 -108 -105 -110 -101 # -129 -129 -129 -129 -257 -129 -129 -129 
CPU side received count (scaleup: 7): -103 -110 -98 -104 -89 -113 -83 -83 # -129 -129 -129 -129 -129 -129 -129 -129 
CPU side received count (scaleup: 0): -102 -99 -111 -101 -102 -102 -84 -90 # -129 -129 -129 -129 -129 -129 -129 -129 
CPU side received count (scaleup: 2): -106 -95 -101 -98 -100 -111 -96 -96 # -129 -129 -129 -129 -129 -129 -129 -129 
CPU side received count (scaleup: 3): -111 -112 -102 -87 -114 -95 -107 -109 # -129 -129 -129 -129 -129 -129 -129 -257 
CPU side received count (scaleup: 1): -96 -92 -93 -115 -120 -99 -97 -103 # -129 -129 -129 -129 -129 -129 -129 -129 
Elastic buffer uses 4 channels per SM
Elastic buffer uses 4 channels per SM
Elastic buffer uses 4 channels per SM
Elastic buffer uses 4 channels per SM
Elastic buffer uses 4 channels per SM
Elastic buffer uses 4 channels per SM
Elastic buffer uses 4 channels per SM
Elastic buffer uses 4 channels per SM
CPU side received count (scaleup: 2): -106 -95 -101 -98 -100 -111 -96 -96 # -129 -129 -129 -129 -129 -129 -129 -129 
CPU side received count (scaleup: 3): -111 -112 -102 -87 -114 -95 -107 -109 # -129 -129 -129 -129 -129 -129 -129 -257 
CPU side received count (scaleup: 0): -102 -99 -111 -101 -102 -102 -84 -90 # -129 -129 -129 -129 -129 -129 -129 -129 
CPU side received count (scaleup: 6): -108 -97 -104 -110 -95 -96 -94 -108 # -129 -129 -129 -129 -129 -129 -129 -129 
CPU side received count (scaleup: 4): -110 -108 -92 -111 -101 -111 -97 -113 # -129 -129 -129 -129 -129 -257 -129 -129 
CPU side received count (scaleup: 5): -111 -98 -102 -101 -108 -105 -110 -101 # -129 -129 -129 -129 -257 -129 -129 -129 
CPU side received count (scaleup: 7): -103 -110 -98 -104 -89 -113 -83 -83 # -129 -129 -129 -129 -129 -129 -129 -129 
CPU side received count (scaleup: 1): -96 -92 -93 -115 -120 -99 -97 -103 # -129 -129 -129 -129 -129 -129 -129 -129 
Elastic buffer uses 4 channels per SM
Elastic buffer uses 4 channels per SM
Elastic buffer uses 4 channels per SM
Elastic buffer uses 4 channels per SM
Elastic buffer uses 4 channels per SM
Elastic buffer uses 4 channels per SM
Elastic buffer uses 4 channels per SM
Elastic buffer uses 4 channels per SM
CPU side received count (scaleup: 6): -108 -97 -104 -110 -95 -96 -94 -108 # -129 -129 -129 -129 -129 -129 -129 -129 
CPU side received count (scaleup: 5): -111 -98 -102 -101 -108 -105 -110 -101 # -129 -129 -129 -129 -257 -129 -129 -129 
CPU side received count (scaleup: 4): -110 -108 -92 -111 -101 -111 -97 -113 # -129 -129 -129 -129 -129 -257 -129 -129 
CPU side received count (scaleup: 7): -103 -110 -98 -104 -89 -113 -83 -83 # -129 -129 -129 -129 -129 -129 -129 -129 
CPU side received count (scaleup: 2): -106 -95 -101 -98 -100 -111 -96 -96 # -129 -129 -129 -129 -129 -129 -129 -129 
CPU side received count (scaleup: 3): -111 -112 -102 -87 -114 -95 -107 -109 # -129 -129 -129 -129 -129 -129 -129 -257 
CPU side received count (scaleup: 0): -102 -99 -111 -101 -102 -102 -84 -90 # -129 -129 -129 -129 -129 -129 -129 -129 
CPU side received count (scaleup: 1): -96 -92 -93 -115 -120 -99 -97 -103 # -129 -129 -129 -129 -129 -129 -129 -129 
Elastic buffer uses 4 channels per SM
Elastic buffer uses 4 channels per SM
Elastic buffer uses 4 channels per SM
Elastic buffer uses 4 channels per SM
Elastic buffer uses 4 channels per SM
Elastic buffer uses 4 channels per SM
Elastic buffer uses 4 channels per SM
Elastic buffer uses 4 channels per SM
CPU side received count (scaleup: 6): -108 -97 -104 -110 -95 -96 -94 -108 # -129 -129 -129 -129 -129 -129 -129 -129 
CPU side received count (scaleup: 5): -111 -98 -102 -101 -108 -105 -110 -101 # -129 -129 -129 -129 -257 -129 -129 -129 
CPU side received count (scaleup: 4): -110 -108 -92 -111 -101 -111 -97 -113 # -129 -129 -129 -129 -129 -257 -129 -129 
CPU side received count (scaleup: 7): -103 -110 -98 -104 -89 -113 -83 -83 # -129 -129 -129 -129 -129 -129 -129 -129 
CPU side received count (scaleup: 2): -106 -95 -101 -98 -100 -111 -96 -96 # -129 -129 -129 -129 -129 -129 -129 -129 
CPU side received count (scaleup: 3): -111 -112 -102 -87 -114 -95 -107 -109 # -129 -129 -129 -129 -129 -129 -129 -257 
CPU side received count (scaleup: 1): -96 -92 -93 -115 -120 -99 -97 -103 # -129 -129 -129 -129 -129 -129 -129 -129 
CPU side received count (scaleup: 0): -102 -99 -111 -101 -102 -102 -84 -90 # -129 -129 -129 -129 -129 -129 -129 -129 
Elastic buffer uses 4 channels per SM
Elastic buffer uses 4 channels per SM
Elastic buffer uses 4 channels per SM
Elastic buffer uses 4 channels per SM
Elastic buffer uses 4 channels per SM
Elastic buffer uses 4 channels per SM
Elastic buffer uses 4 channels per SM
Elastic buffer uses 4 channels per SM
CPU side received count (scaleup: 6): -108 -97 -104 -110 -95 -96 -94 -108 # -129 -129 -129 -129 -129 -129 -129 -129 
CPU side received count (scaleup: 4): -110 -108 -92 -111 -101 -111 -97 -113 # -129 -129 -129 -129 -129 -257 -129 -129 
CPU side received count (scaleup: 5): -111 -98 -102 -101 -108 -105 -110 -101 # -129 -129 -129 -129 -257 -129 -129 -129 
CPU side received count (scaleup: 7): -103 -110 -98 -104 -89 -113 -83 -83 # -129 -129 -129 -129 -129 -129 -129 -129 
CPU side received count (scaleup: 0): -102 -99 -111 -101 -102 -102 -84 -90 # -129 -129 -129 -129 -129 -129 -129 -129 
CPU side received count (scaleup: 2): -106 -95 -101 -98 -100 -111 -96 -96 # -129 -129 -129 -129 -129 -129 -129 -129 
CPU side received count (scaleup: 3): -111 -112 -102 -87 -114 -95 -107 -109 # -129 -129 -129 -129 -129 -129 -129 -257 
CPU side received count (scaleup: 1): -96 -92 -93 -115 -120 -99 -97 -103 # -129 -129 -129 -129 -129 -129 -129 -129 
Elastic buffer uses 4 channels per SM
Elastic buffer uses 4 channels per SM
Elastic buffer uses 4 channels per SM
Elastic buffer uses 4 channels per SM
Elastic buffer uses 4 channels per SM
Elastic buffer uses 4 channels per SM
Elastic buffer uses 4 channels per SM
Elastic buffer uses 4 channels per SM
CPU side received count (scaleup: 6): -108 -97 -104 -110 -95 -96 -94 -108 # -129 -129 -129 -129 -129 -129 -129 -129 
CPU side received count (scaleup: 5): -111 -98 -102 -101 -108 -105 -110 -101 # -129 -129 -129 -129 -257 -129 -129 -129 
CPU side received count (scaleup: 4): -110 -108 -92 -111 -101 -111 -97 -113 # -129 -129 -129 -129 -129 -257 -129 -129 
CPU side received count (scaleup: 7): -103 -110 -98 -104 -89 -113 -83 -83 # -129 -129 -129 -129 -129 -129 -129 -129 
CPU side received count (scaleup: 0): -102 -99 -111 -101 -102 -102 -84 -90 # -129 -129 -129 -129 -129 -129 -129 -129 
CPU side received count (scaleup: 3): -111 -112 -102 -87 -114 -95 -107 -109 # -129 -129 -129 -129 -129 -129 -129 -257 
CPU side received count (scaleup: 2): -106 -95 -101 -98 -100 -111 -96 -96 # -129 -129 -129 -129 -129 -129 -129 -129 
CPU side received count (scaleup: 1): -96 -92 -93 -115 -120 -99 -97 -103 # -129 -129 -129 -129 -129 -129 -129 -129 
Elastic buffer uses 4 channels per SM
Elastic buffer uses 4 channels per SM
Elastic buffer uses 4 channels per SM
Elastic buffer uses 4 channels per SM
Elastic buffer uses 4 channels per SM
Elastic buffer uses 4 channels per SM
Elastic buffer uses 4 channels per SM
Elastic buffer uses 4 channels per SM
CPU side received count (scaleup: 0): -102 -99 -111 -101 -102 -102 -84 -90 # -129 -129 -129 -129 -129 -129 -129 -129 
CPU side received count (scaleup: 3): -111 -112 -102 -87 -114 -95 -107 -109 # -129 -129 -129 -129 -129 -129 -129 -257 
CPU side received count (scaleup: 2): -106 -95 -101 -98 -100 -111 -96 -96 # -129 -129 -129 -129 -129 -129 -129 -129 
CPU side received count (scaleup: 6): -108 -97 -104 -110 -95 -96 -94 -108 # -129 -129 -129 -129 -129 -129 -129 -129 
CPU side received count (scaleup: 4): -110 -108 -92 -111 -101 -111 -97 -113 # -129 -129 -129 -129 -129 -257 -129 -129 
CPU side received count (scaleup: 5): -111 -98 -102 -101 -108 -105 -110 -101 # -129 -129 -129 -129 -257 -129 -129 -129 
CPU side received count (scaleup: 1): -96 -92 -93 -115 -120 -99 -97 -103 # -129 -129 -129 -129 -129 -129 -129 -129 
CPU side received count (scaleup: 7): -103 -110 -98 -104 -89 -113 -83 -83 # -129 -129 -129 -129 -129 -129 -129 -129 
Elastic buffer uses 4 channels per SM
Elastic buffer uses 4 channels per SM
Elastic buffer uses 4 channels per SM
Elastic buffer uses 4 channels per SM
Elastic buffer uses 4 channels per SM
Elastic buffer uses 4 channels per SM
Elastic buffer uses 4 channels per SM
Elastic buffer uses 4 channels per SM
CPU side received count (scaleup: 0): -102 -99 -111 -101 -102 -102 -84 -90 # -129 -129 -129 -129 -129 -129 -129 -129 
CPU side received count (scaleup: 2): -106 -95 -101 -98 -100 -111 -96 -96 # -129 -129 -129 -129 -129 -129 -129 -129 
CPU side received count (scaleup: 4): -110 -108 -92 -111 -101 -111 -97 -113 # -129 -129 -129 -129 -129 -257 -129 -129 
CPU side received count (scaleup: 1): -96 -92 -93 -115 -120 -99 -97 -103 # -129 -129 -129 -129 -129 -129 -129 -129 
CPU side received count (scaleup: 6): -108 -97 -104 -110 -95 -96 -94 -108 # -129 -129 -129 -129 -129 -129 -129 -129 
CPU side received count (scaleup: 3): -111 -112 -102 -87 -114 -95 -107 -109 # -129 -129 -129 -129 -129 -129 -129 -257 
CPU side received count (scaleup: 5): -111 -98 -102 -101 -108 -105 -110 -101 # -129 -129 -129 -129 -257 -129 -129 -129 
CPU side received count (scaleup: 7): -103 -110 -98 -104 -89 -113 -83 -83 # -129 -129 -129 -129 -129 -129 -129 -129 
Elastic buffer uses 4 channels per SM
Elastic buffer uses 4 channels per SM
Elastic buffer uses 4 channels per SM
Elastic buffer uses 4 channels per SM
Elastic buffer uses 4 channels per SM
Elastic buffer uses 4 channels per SM
Elastic buffer uses 4 channels per SM
Elastic buffer uses 4 channels per SM
CPU side received count (scaleup: 5): -111 -98 -102 -101 -108 -105 -110 -101 # -129 -129 -129 -129 -257 -129 -129 -129 
CPU side received count (scaleup: 4): -110 -108 -92 -111 -101 -111 -97 -113 # -129 -129 -129 -129 -129 -257 -129 -129 
CPU side received count (scaleup: 6): -108 -97 -104 -110 -95 -96 -94 -108 # -129 -129 -129 -129 -129 -129 -129 -129 
CPU side received count (scaleup: 7): -103 -110 -98 -104 -89 -113 -83 -83 # -129 -129 -129 -129 -129 -129 -129 -129 
CPU side received count (scaleup: 0): -102 -99 -111 -101 -102 -102 -84 -90 # -129 -129 -129 -129 -129 -129 -129 -129 
CPU side received count (scaleup: 2): -106 -95 -101 -98 -100 -111 -96 -96 # -129 -129 -129 -129 -129 -129 -129 -129 
CPU side received count (scaleup: 3): -111 -112 -102 -87 -114 -95 -107 -109 # -129 -129 -129 -129 -129 -129 -129 -257 
CPU side received count (scaleup: 1): -96 -92 -93 -115 -120 -99 -97 -103 # -129 -129 -129 -129 -129 -129 -129 -129 
Elastic buffer uses 4 channels per SM
Elastic buffer uses 4 channels per SM
Elastic buffer uses 4 channels per SM
Elastic buffer uses 4 channels per SM
Elastic buffer uses 4 channels per SM
Elastic buffer uses 4 channels per SM
Elastic buffer uses 4 channels per SM
Elastic buffer uses 4 channels per SM
CPU side received count (scaleup: 4): -110 -108 -92 -111 -101 -111 -97 -113 # -129 -129 -129 -129 -129 -257 -129 -129 
CPU side received count (scaleup: 6): -108 -97 -104 -110 -95 -96 -94 -108 # -129 -129 -129 -129 -129 -129 -129 -129 
CPU side received count (scaleup: 5): -111 -98 -102 -101 -108 -105 -110 -101 # -129 -129 -129 -129 -257 -129 -129 -129 
CPU side received count (scaleup: 1): -96 -92 -93 -115 -120 -99 -97 -103 # -129 -129 -129 -129 -129 -129 -129 -129 
CPU side received count (scaleup: 0): -102 -99 -111 -101 -102 -102 -84 -90 # -129 -129 -129 -129 -129 -129 -129 -129 
CPU side received count (scaleup: 2): -106 -95 -101 -98 -100 -111 -96 -96 # -129 -129 -129 -129 -129 -129 -129 -129 
CPU side received count (scaleup: 7): -103 -110 -98 -104 -89 -113 -83 -83 # -129 -129 -129 -129 -129 -129 -129 -129 
CPU side received count (scaleup: 3): -111 -112 -102 -87 -114 -95 -107 -109 # -129 -129 -129 -129 -129 -129 -129 -257 
Elastic buffer uses 4 channels per SM
Elastic buffer uses 4 channels per SM
Elastic buffer uses 4 channels per SM
Elastic buffer uses 4 channels per SM
Elastic buffer uses 4 channels per SM
Elastic buffer uses 4 channels per SM
Elastic buffer uses 4 channels per SM
Elastic buffer uses 4 channels per SM
CPU side received count (scaleup: 6): -108 -97 -104 -110 -95 -96 -94 -108 # -129 -129 -129 -129 -129 -129 -129 -129 
CPU side received count (scaleup: 4): -110 -108 -92 -111 -101 -111 -97 -113 # -129 -129 -129 -129 -129 -257 -129 -129 
CPU side received count (scaleup: 5): -111 -98 -102 -101 -108 -105 -110 -101 # -129 -129 -129 -129 -257 -129 -129 -129 
CPU side received count (scaleup: 0): -102 -99 -111 -101 -102 -102 -84 -90 # -129 -129 -129 -129 -129 -129 -129 -129 
CPU side received count (scaleup: 2): -106 -95 -101 -98 -100 -111 -96 -96 # -129 -129 -129 -129 -129 -129 -129 -129 
CPU side received count (scaleup: 3): -111 -112 -102 -87 -114 -95 -107 -109 # -129 -129 -129 -129 -129 -129 -129 -257 
CPU side received count (scaleup: 7): -103 -110 -98 -104 -89 -113 -83 -83 # -129 -129 -129 -129 -129 -129 -129 -129 
CPU side received count (scaleup: 1): -96 -92 -93 -115 -120 -99 -97 -103 # -129 -129 -129 -129 -129 -129 -129 -129 
Elastic buffer uses 4 channels per SM
Elastic buffer uses 4 channels per SM
Elastic buffer uses 4 channels per SM
Elastic buffer uses 4 channels per SM
Elastic buffer uses 4 channels per SM
Elastic buffer uses 4 channels per SM
Elastic buffer uses 4 channels per SM
Elastic buffer uses 4 channels per SM
CPU side received count (scaleup: 0): -102 -99 -111 -101 -102 -102 -84 -90 # -129 -129 -129 -129 -129 -129 -129 -129 
CPU side received count (scaleup: 2): -106 -95 -101 -98 -100 -111 -96 -96 # -129 -129 -129 -129 -129 -129 -129 -129 
CPU side received count (scaleup: 5): -111 -98 -102 -101 -108 -105 -110 -101 # -129 -129 -129 -129 -257 -129 -129 -129 
CPU side received count (scaleup: 6): -108 -97 -104 -110 -95 -96 -94 -108 # -129 -129 -129 -129 -129 -129 -129 -129 
CPU side received count (scaleup: 3): -111 -112 -102 -87 -114 -95 -107 -109 # -129 -129 -129 -129 -129 -129 -129 -257 
CPU side received count (scaleup: 4): -110 -108 -92 -111 -101 -111 -97 -113 # -129 -129 -129 -129 -129 -257 -129 -129 
CPU side received count (scaleup: 7): -103 -110 -98 -104 -89 -113 -83 -83 # -129 -129 -129 -129 -129 -129 -129 -129 
CPU side received count (scaleup: 1): -96 -92 -93 -115 -120 -99 -97 -103 # -129 -129 -129 -129 -129 -129 -129 -129 
Elastic buffer uses 4 channels per SM
Elastic buffer uses 4 channels per SM
Elastic buffer uses 4 channels per SM
Elastic buffer uses 4 channels per SM
Elastic buffer uses 4 channels per SM
Elastic buffer uses 4 channels per SM
Elastic buffer uses 4 channels per SM
Elastic buffer uses 4 channels per SM
CPU side received count (scaleup: 5): -111 -98 -102 -101 -108 -105 -110 -101 # -129 -129 -129 -129 -257 -129 -129 -129 
CPU side received count (scaleup: 6): -108 -97 -104 -110 -95 -96 -94 -108 # -129 -129 -129 -129 -129 -129 -129 -129 
CPU side received count (scaleup: 4): -110 -108 -92 -111 -101 -111 -97 -113 # -129 -129 -129 -129 -129 -257 -129 -129 
CPU side received count (scaleup: 7): -103 -110 -98 -104 -89 -113 -83 -83 # -129 -129 -129 -129 -129 -129 -129 -129 
CPU side received count (scaleup: 2): -106 -95 -101 -98 -100 -111 -96 -96 # -129 -129 -129 -129 -129 -129 -129 -129 
CPU side received count (scaleup: 0): -102 -99 -111 -101 -102 -102 -84 -90 # -129 -129 -129 -129 -129 -129 -129 -129 
CPU side received count (scaleup: 3): -111 -112 -102 -87 -114 -95 -107 -109 # -129 -129 -129 -129 -129 -129 -129 -257 
CPU side received count (scaleup: 1): -96 -92 -93 -115 -120 -99 -97 -103 # -129 -129 -129 -129 -129 -129 -129 -129 
Elastic buffer uses 4 channels per SM
Elastic buffer uses 4 channels per SM
Elastic buffer uses 4 channels per SM
Elastic buffer uses 4 channels per SM
Elastic buffer uses 4 channels per SM
Elastic buffer uses 4 channels per SM
Elastic buffer uses 4 channels per SM
Elastic buffer uses 4 channels per SM
CPU side received count (scaleup: 5): -111 -98 -102 -101 -108 -105 -110 -101 # -129 -129 -129 -129 -257 -129 -129 -129 
CPU side received count (scaleup: 4): -110 -108 -92 -111 -101 -111 -97 -113 # -129 -129 -129 -129 -129 -257 -129 -129 
CPU side received count (scaleup: 6): -108 -97 -104 -110 -95 -96 -94 -108 # -129 -129 -129 -129 -129 -129 -129 -129 
CPU side received count (scaleup: 7): -103 -110 -98 -104 -89 -113 -83 -83 # -129 -129 -129 -129 -129 -129 -129 -129 
CPU side received count (scaleup: 3): -111 -112 -102 -87 -114 -95 -107 -109 # -129 -129 -129 -129 -129 -129 -129 -257 
CPU side received count (scaleup: 2): -106 -95 -101 -98 -100 -111 -96 -96 # -129 -129 -129 -129 -129 -129 -129 -129 
CPU side received count (scaleup: 0): -102 -99 -111 -101 -102 -102 -84 -90 # -129 -129 -129 -129 -129 -129 -129 -129 
CPU side received count (scaleup: 1): -96 -92 -93 -115 -120 -99 -97 -103 # -129 -129 -129 -129 -129 -129 -129 -129 
Elastic buffer uses 4 channels per SM
Elastic buffer uses 4 channels per SM
Elastic buffer uses 4 channels per SM
Elastic buffer uses 4 channels per SM
Elastic buffer uses 4 channels per SM
Elastic buffer uses 4 channels per SM
Elastic buffer uses 4 channels per SM
Elastic buffer uses 4 channels per SM
CPU side received count (scaleup: 4): -110 -108 -92 -111 -101 -111 -97 -113 # -129 -129 -129 -129 -129 -257 -129 -129 
CPU side received count (scaleup: 5): -111 -98 -102 -101 -108 -105 -110 -101 # -129 -129 -129 -129 -257 -129 -129 -129 
CPU side received count (scaleup: 6): -108 -97 -104 -110 -95 -96 -94 -108 # -129 -129 -129 -129 -129 -129 -129 -129 
CPU side received count (scaleup: 7): -103 -110 -98 -104 -89 -113 -83 -83 # -129 -129 -129 -129 -129 -129 -129 -129 
CPU side received count (scaleup: 2): -106 -95 -101 -98 -100 -111 -96 -96 # -129 -129 -129 -129 -129 -129 -129 -129 
CPU side received count (scaleup: 3): -111 -112 -102 -87 -114 -95 -107 -109 # -129 -129 -129 -129 -129 -129 -129 -257 
CPU side received count (scaleup: 1): -96 -92 -93 -115 -120 -99 -97 -103 # -129 -129 -129 -129 -129 -129 -129 -129 
CPU side received count (scaleup: 0): -102 -99 -111 -101 -102 -102 -84 -90 # -129 -129 -129 -129 -129 -129 -129 -129 
Elastic buffer uses 4 channels per SM
Elastic buffer uses 4 channels per SM
Elastic buffer uses 4 channels per SM
Elastic buffer uses 4 channels per SM
Elastic buffer uses 4 channels per SM
Elastic buffer uses 4 channels per SM
Elastic buffer uses 4 channels per SM
Elastic buffer uses 4 channels per SM
CPU side received count (scaleup: 2): -106 -95 -101 -98 -100 -111 -96 -96 # -129 -129 -129 -129 -129 -129 -129 -129 
CPU side received count (scaleup: 3): -111 -112 -102 -87 -114 -95 -107 -109 # -129 -129 -129 -129 -129 -129 -129 -257 
CPU side received count (scaleup: 0): -102 -99 -111 -101 -102 -102 -84 -90 # -129 -129 -129 -129 -129 -129 -129 -129 
CPU side received count (scaleup: 6): -108 -97 -104 -110 -95 -96 -94 -108 # -129 -129 -129 -129 -129 -129 -129 -129 
CPU side received count (scaleup: 5): -111 -98 -102 -101 -108 -105 -110 -101 # -129 -129 -129 -129 -257 -129 -129 -129 
CPU side received count (scaleup: 1): -96 -92 -93 -115 -120 -99 -97 -103 # -129 -129 -129 -129 -129 -129 -129 -129 
CPU side received count (scaleup: 4): -110 -108 -92 -111 -101 -111 -97 -113 # -129 -129 -129 -129 -129 -257 -129 -129 
CPU side received count (scaleup: 7): -103 -110 -98 -104 -89 -113 -83 -83 # -129 -129 -129 -129 -129 -129 -129 -129 
Elastic buffer uses 4 channels per SM
Elastic buffer uses 4 channels per SM
Elastic buffer uses 4 channels per SM
Elastic buffer uses 4 channels per SM
Elastic buffer uses 4 channels per SM
Elastic buffer uses 4 channels per SM
Elastic buffer uses 4 channels per SM
Elastic buffer uses 4 channels per SM
CPU side received count (scaleup: 4): -110 -108 -92 -111 -101 -111 -97 -113 # -129 -129 -129 -129 -129 -257 -129 -129 
CPU side received count (scaleup: 5): -111 -98 -102 -101 -108 -105 -110 -101 # -129 -129 -129 -129 -257 -129 -129 -129 
CPU side received count (scaleup: 6): -108 -97 -104 -110 -95 -96 -94 -108 # -129 -129 -129 -129 -129 -129 -129 -129 
CPU side received count (scaleup: 7): -103 -110 -98 -104 -89 -113 -83 -83 # -129 -129 -129 -129 -129 -129 -129 -129 
CPU side received count (scaleup: 0): -102 -99 -111 -101 -102 -102 -84 -90 # -129 -129 -129 -129 -129 -129 -129 -129 
CPU side received count (scaleup: 2): -106 -95 -101 -98 -100 -111 -96 -96 # -129 -129 -129 -129 -129 -129 -129 -129 
CPU side received count (scaleup: 3): -111 -112 -102 -87 -114 -95 -107 -109 # -129 -129 -129 -129 -129 -129 -129 -257 
CPU side received count (scaleup: 1): -96 -92 -93 -115 -120 -99 -97 -103 # -129 -129 -129 -129 -129 -129 -129 -129 
Elastic buffer uses 4 channels per SM
Elastic buffer uses 4 channels per SM
Elastic buffer uses 4 channels per SM
Elastic buffer uses 4 channels per SM
Elastic buffer uses 4 channels per SM
Elastic buffer uses 4 channels per SM
Elastic buffer uses 4 channels per SM
Elastic buffer uses 4 channels per SM
CPU side received count (scaleup: 5): -111 -98 -102 -101 -108 -105 -110 -101 # -129 -129 -129 -129 -257 -129 -129 -129 
CPU side received count (scaleup: 6): -108 -97 -104 -110 -95 -96 -94 -108 # -129 -129 -129 -129 -129 -129 -129 -129 
CPU side received count (scaleup: 4): -110 -108 -92 -111 -101 -111 -97 -113 # -129 -129 -129 -129 -129 -257 -129 -129 
CPU side received count (scaleup: 7): -103 -110 -98 -104 -89 -113 -83 -83 # -129 -129 -129 -129 -129 -129 -129 -129 
CPU side received count (scaleup: 2): -106 -95 -101 -98 -100 -111 -96 -96 # -129 -129 -129 -129 -129 -129 -129 -129 
CPU side received count (scaleup: 3): -111 -112 -102 -87 -114 -95 -107 -109 # -129 -129 -129 -129 -129 -129 -129 -257 
CPU side received count (scaleup: 0): -102 -99 -111 -101 -102 -102 -84 -90 # -129 -129 -129 -129 -129 -129 -129 -129 
CPU side received count (scaleup: 1): -96 -92 -93 -115 -120 -99 -97 -103 # -129 -129 -129 -129 -129 -129 -129 -129 
Elastic buffer uses 4 channels per SM
Elastic buffer uses 4 channels per SM
Elastic buffer uses 4 channels per SM
Elastic buffer uses 4 channels per SM
Elastic buffer uses 4 channels per SM
Elastic buffer uses 4 channels per SM
Elastic buffer uses 4 channels per SM
Elastic buffer uses 4 channels per SM
CPU side received count (scaleup: 2): -106 -95 -101 -98 -100 -111 -96 -96 # -129 -129 -129 -129 -129 -129 -129 -129 
CPU side received count (scaleup: 3): -111 -112 -102 -87 -114 -95 -107 -109 # -129 -129 -129 -129 -129 -129 -129 -257 
CPU side received count (scaleup: 0): -102 -99 -111 -101 -102 -102 -84 -90 # -129 -129 -129 -129 -129 -129 -129 -129 
CPU side received count (scaleup: 5): -111 -98 -102 -101 -108 -105 -110 -101 # -129 -129 -129 -129 -257 -129 -129 -129 
CPU side received count (scaleup: 6): -108 -97 -104 -110 -95 -96 -94 -108 # -129 -129 -129 -129 -129 -129 -129 -129 
CPU side received count (scaleup: 4): -110 -108 -92 -111 -101 -111 -97 -113 # -129 -129 -129 -129 -129 -257 -129 -129 
CPU side received count (scaleup: 1): -96 -92 -93 -115 -120 -99 -97 -103 # -129 -129 -129 -129 -129 -129 -129 -129 
CPU side received count (scaleup: 7): -103 -110 -98 -104 -89 -113 -83 -83 # -129 -129 -129 -129 -129 -129 -129 -129 
Elastic buffer uses 4 channels per SM
Elastic buffer uses 4 channels per SM
Elastic buffer uses 4 channels per SM
Elastic buffer uses 4 channels per SM
Elastic buffer uses 4 channels per SM
Elastic buffer uses 4 channels per SM
Elastic buffer uses 4 channels per SM
Elastic buffer uses 4 channels per SM
CPU side received count (scaleup: 6): -108 -97 -104 -110 -95 -96 -94 -108 # -129 -129 -129 -129 -129 -129 -129 -129 
CPU side received count (scaleup: 5): -111 -98 -102 -101 -108 -105 -110 -101 # -129 -129 -129 -129 -257 -129 -129 -129 
CPU side received count (scaleup: 4): -110 -108 -92 -111 -101 -111 -97 -113 # -129 -129 -129 -129 -129 -257 -129 -129 
CPU side received count (scaleup: 7): -103 -110 -98 -104 -89 -113 -83 -83 # -129 -129 -129 -129 -129 -129 -129 -129 
CPU side received count (scaleup: 0): -102 -99 -111 -101 -102 -102 -84 -90 # -129 -129 -129 -129 -129 -129 -129 -129 
CPU side received count (scaleup: 2): -106 -95 -101 -98 -100 -111 -96 -96 # -129 -129 -129 -129 -129 -129 -129 -129 
CPU side received count (scaleup: 3): -111 -112 -102 -87 -114 -95 -107 -109 # -129 -129 -129 -129 -129 -129 -129 -257 
CPU side received count (scaleup: 1): -96 -92 -93 -115 -120 -99 -97 -103 # -129 -129 -129 -129 -129 -129 -129 -129 
Elastic buffer uses 4 channels per SM
Elastic buffer uses 4 channels per SM
Elastic buffer uses 4 channels per SM
Elastic buffer uses 4 channels per SM
Elastic buffer uses 4 channels per SM
Elastic buffer uses 4 channels per SM
Elastic buffer uses 4 channels per SM
Elastic buffer uses 4 channels per SM
CPU side received count (scaleup: 5): -111 -98 -102 -101 -108 -105 -110 -101 # -129 -129 -129 -129 -257 -129 -129 -129 
CPU side received count (scaleup: 6): -108 -97 -104 -110 -95 -96 -94 -108 # -129 -129 -129 -129 -129 -129 -129 -129 
CPU side received count (scaleup: 4): -110 -108 -92 -111 -101 -111 -97 -113 # -129 -129 -129 -129 -129 -257 -129 -129 
CPU side received count (scaleup: 7): -103 -110 -98 -104 -89 -113 -83 -83 # -129 -129 -129 -129 -129 -129 -129 -129 
CPU side received count (scaleup: 2): -106 -95 -101 -98 -100 -111 -96 -96 # -129 -129 -129 -129 -129 -129 -129 -129 
CPU side received count (scaleup: 3): -111 -112 -102 -87 -114 -95 -107 -109 # -129 -129 -129 -129 -129 -129 -129 -257 
CPU side received count (scaleup: 0): -102 -99 -111 -101 -102 -102 -84 -90 # -129 -129 -129 -129 -129 -129 -129 -129 
CPU side received count (scaleup: 1): -96 -92 -93 -115 -120 -99 -97 -103 # -129 -129 -129 -129 -129 -129 -129 -129 
Elastic buffer uses 4 channels per SM
Elastic buffer uses 4 channels per SM
Elastic buffer uses 4 channels per SM
Elastic buffer uses 4 channels per SM
Elastic buffer uses 4 channels per SM
Elastic buffer uses 4 channels per SM
Elastic buffer uses 4 channels per SM
Elastic buffer uses 4 channels per SM
USDT:2026-08-25 02:42:43 432:432 SyncActivityProfilerHandler.cpp:52] profiler_startUSDT:2026-08-25 02:42:43 433:433 SyncActivityProfilerHandler.cpp:52] profiler_startUSDT:2026-08-25 02:42:43 437:437 SyncActivityProfilerHandler.cpp:52] profiler_startUSDT:2026-08-25 02:42:43 438:438 SyncActivityProfilerHandler.cpp:52] profiler_startUSDT:2026-08-25 02:42:43 436:436 SyncActivityProfilerHandler.cpp:52] profiler_start




USDT:2026-08-25 02:42:43 435:435 SyncActivityProfilerHandler.cpp:52] profiler_start
USDT:2026-08-25 02:42:43 439:439 SyncActivityProfilerHandler.cpp:52] profiler_startUSDT:2026-08-25 02:42:43 434:434 SyncActivityProfilerHandler.cpp:52] profiler_start

CPU side received count (scaleup: 6): -108 -97 -104 -110 -95 -96 -94 -108 # -129 -129 -129 -129 -129 -129 -129 -129 
CPU side received count (scaleup: 5): -111 -98 -102 -101 -108 -105 -110 -101 # -129 -129 -129 -129 -257 -129 -129 -129 
CPU side received count (scaleup: 4): -110 -108 -92 -111 -101 -111 -97 -113 # -129 -129 -129 -129 -129 -257 -129 -129 
CPU side received count (scaleup: 7): -103 -110 -98 -104 -89 -113 -83 -83 # -129 -129 -129 -129 -129 -129 -129 -129 
CPU side received count (scaleup: 2): -106 -95 -101 -98 -100 -111 -96 -96 # -129 -129 -129 -129 -129 -129 -129 -129 
CPU side received count (scaleup: 3): -111 -112 -102 -87 -114 -95 -107 -109 # -129 -129 -129 -129 -129 -129 -129 -257 
CPU side received count (scaleup: 0): -102 -99 -111 -101 -102 -102 -84 -90 # -129 -129 -129 -129 -129 -129 -129 -129 
CPU side received count (scaleup: 1): -96 -92 -93 -115 -120 -99 -97 -103 # -129 -129 -129 -129 -129 -129 -129 -129 
Elastic buffer uses 4 channels per SM
Elastic buffer uses 4 channels per SM
Elastic buffer uses 4 channels per SM
Elastic buffer uses 4 channels per SM
Elastic buffer uses 4 channels per SM
Elastic buffer uses 4 channels per SM
Elastic buffer uses 4 channels per SM
Elastic buffer uses 4 channels per SM
CPU side received count (scaleup: 6): -108 -97 -104 -110 -95 -96 -94 -108 # -129 -129 -129 -129 -129 -129 -129 -129 
CPU side received count (scaleup: 4): -110 -108 -92 -111 -101 -111 -97 -113 # -129 -129 -129 -129 -129 -257 -129 -129 
CPU side received count (scaleup: 5): -111 -98 -102 -101 -108 -105 -110 -101 # -129 -129 -129 -129 -257 -129 -129 -129 
CPU side received count (scaleup: 7): -103 -110 -98 -104 -89 -113 -83 -83 # -129 -129 -129 -129 -129 -129 -129 -129 
CPU side received count (scaleup: 2): -106 -95 -101 -98 -100 -111 -96 -96 # -129 -129 -129 -129 -129 -129 -129 -129 
CPU side received count (scaleup: 3): -111 -112 -102 -87 -114 -95 -107 -109 # -129 -129 -129 -129 -129 -129 -129 -257 
CPU side received count (scaleup: 0): -102 -99 -111 -101 -102 -102 -84 -90 # -129 -129 -129 -129 -129 -129 -129 -129 
CPU side received count (scaleup: 1): -96 -92 -93 -115 -120 -99 -97 -103 # -129 -129 -129 -129 -129 -129 -129 -129 
Elastic buffer uses 4 channels per SM
Elastic buffer uses 4 channels per SM
Elastic buffer uses 4 channels per SM
Elastic buffer uses 4 channels per SM
Elastic buffer uses 4 channels per SM
Elastic buffer uses 4 channels per SM
Elastic buffer uses 4 channels per SM
Elastic buffer uses 4 channels per SM
CPU side received count (scaleup: 0): -102 -99 -111 -101 -102 -102 -84 -90 # -129 -129 -129 -129 -129 -129 -129 -129 
CPU side received count (scaleup: 1): -96 -92 -93 -115 -120 -99 -97 -103 # -129 -129 -129 -129 -129 -129 -129 -129 
CPU side received count (scaleup: 3): -111 -112 -102 -87 -114 -95 -107 -109 # -129 -129 -129 -129 -129 -129 -129 -257 
CPU side received count (scaleup: 2): -106 -95 -101 -98 -100 -111 -96 -96 # -129 -129 -129 -129 -129 -129 -129 -129 
CPU side received count (scaleup: 5): -111 -98 -102 -101 -108 -105 -110 -101 # -129 -129 -129 -129 -257 -129 -129 -129 
CPU side received count (scaleup: 6): -108 -97 -104 -110 -95 -96 -94 -108 # -129 -129 -129 -129 -129 -129 -129 -129 
CPU side received count (scaleup: 4): -110 -108 -92 -111 -101 -111 -97 -113 # -129 -129 -129 -129 -129 -257 -129 -129 
CPU side received count (scaleup: 7): -103 -110 -98 -104 -89 -113 -83 -83 # -129 -129 -129 -129 -129 -129 -129 -129 
Elastic buffer uses 4 channels per SM
Elastic buffer uses 4 channels per SM
Elastic buffer uses 4 channels per SM
Elastic buffer uses 4 channels per SM
Elastic buffer uses 4 channels per SM
Elastic buffer uses 4 channels per SM
Elastic buffer uses 4 channels per SM
Elastic buffer uses 4 channels per SM
CPU side received count (scaleup: 5): -111 -98 -102 -101 -108 -105 -110 -101 # -129 -129 -129 -129 -257 -129 -129 -129 
CPU side received count (scaleup: 4): -110 -108 -92 -111 -101 -111 -97 -113 # -129 -129 -129 -129 -129 -257 -129 -129 
CPU side received count (scaleup: 6): -108 -97 -104 -110 -95 -96 -94 -108 # -129 -129 -129 -129 -129 -129 -129 -129 
CPU side received count (scaleup: 7): -103 -110 -98 -104 -89 -113 -83 -83 # -129 -129 -129 -129 -129 -129 -129 -129 
CPU side received count (scaleup: 0): -102 -99 -111 -101 -102 -102 -84 -90 # -129 -129 -129 -129 -129 -129 -129 -129 
CPU side received count (scaleup: 2): -106 -95 -101 -98 -100 -111 -96 -96 # -129 -129 -129 -129 -129 -129 -129 -129 
CPU side received count (scaleup: 3): -111 -112 -102 -87 -114 -95 -107 -109 # -129 -129 -129 -129 -129 -129 -129 -257 
CPU side received count (scaleup: 1): -96 -92 -93 -115 -120 -99 -97 -103 # -129 -129 -129 -129 -129 -129 -129 -129 
Elastic buffer uses 4 channels per SM
Elastic buffer uses 4 channels per SM
Elastic buffer uses 4 channels per SM
Elastic buffer uses 4 channels per SM
Elastic buffer uses 4 channels per SM
Elastic buffer uses 4 channels per SM
Elastic buffer uses 4 channels per SM
Elastic buffer uses 4 channels per SM
CPU side received count (scaleup: 6): -108 -97 -104 -110 -95 -96 -94 -108 # -129 -129 -129 -129 -129 -129 -129 -129 
CPU side received count (scaleup: 4): -110 -108 -92 -111 -101 -111 -97 -113 # -129 -129 -129 -129 -129 -257 -129 -129 
CPU side received count (scaleup: 5): -111 -98 -102 -101 -108 -105 -110 -101 # -129 -129 -129 -129 -257 -129 -129 -129 
CPU side received count (scaleup: 7): -103 -110 -98 -104 -89 -113 -83 -83 # -129 -129 -129 -129 -129 -129 -129 -129 
CPU side received count (scaleup: 1): -96 -92 -93 -115 -120 -99 -97 -103 # -129 -129 -129 -129 -129 -129 -129 -129 
CPU side received count (scaleup: 2): -106 -95 -101 -98 -100 -111 -96 -96 # -129 -129 -129 -129 -129 -129 -129 -129 
CPU side received count (scaleup: 0): -102 -99 -111 -101 -102 -102 -84 -90 # -129 -129 -129 -129 -129 -129 -129 -129 
CPU side received count (scaleup: 3): -111 -112 -102 -87 -114 -95 -107 -109 # -129 -129 -129 -129 -129 -129 -129 -257 
Elastic buffer uses 4 channels per SM
Elastic buffer uses 4 channels per SM
Elastic buffer uses 4 channels per SM
Elastic buffer uses 4 channels per SM
Elastic buffer uses 4 channels per SM
Elastic buffer uses 4 channels per SM
Elastic buffer uses 4 channels per SM
Elastic buffer uses 4 channels per SM
CPU side received count (scaleup: 4): -110 -108 -92 -111 -101 -111 -97 -113 # -129 -129 -129 -129 -129 -257 -129 -129 
CPU side received count (scaleup: 5): -111 -98 -102 -101 -108 -105 -110 -101 # -129 -129 -129 -129 -257 -129 -129 -129 
CPU side received count (scaleup: 6): -108 -97 -104 -110 -95 -96 -94 -108 # -129 -129 -129 -129 -129 -129 -129 -129 
CPU side received count (scaleup: 7): -103 -110 -98 -104 -89 -113 -83 -83 # -129 -129 -129 -129 -129 -129 -129 -129 
CPU side received count (scaleup: 3): -111 -112 -102 -87 -114 -95 -107 -109 # -129 -129 -129 -129 -129 -129 -129 -257 
CPU side received count (scaleup: 0): -102 -99 -111 -101 -102 -102 -84 -90 # -129 -129 -129 -129 -129 -129 -129 -129 
CPU side received count (scaleup: 1): -96 -92 -93 -115 -120 -99 -97 -103 # -129 -129 -129 -129 -129 -129 -129 -129 
Elastic buffer uses 4 channels per SM
Elastic buffer uses 4 channels per SM
Elastic buffer uses 4 channels per SM
Elastic buffer uses 4 channels per SM
Elastic buffer uses 4 channels per SM
Elastic buffer uses 4 channels per SM
Elastic buffer uses 4 channels per SM
CPU side received count (scaleup: 2): -106 -95 -101 -98 -100 -111 -96 -96 # -129 -129 -129 -129 -129 -129 -129 -129 
Elastic buffer uses 4 channels per SM
CPU side received count (scaleup: 6): -108 -97 -104 -110 -95 -96 -94 -108 # -129 -129 -129 -129 -129 -129 -129 -129 
CPU side received count (scaleup: 4): -110 -108 -92 -111 -101 -111 -97 -113 # -129 -129 -129 -129 -129 -257 -129 -129 
CPU side received count (scaleup: 5): -111 -98 -102 -101 -108 -105 -110 -101 # -129 -129 -129 -129 -257 -129 -129 -129 
CPU side received count (scaleup: 7): -103 -110 -98 -104 -89 -113 -83 -83 # -129 -129 -129 -129 -129 -129 -129 -129 
CPU side received count (scaleup: 1): -96 -92 -93 -115 -120 -99 -97 -103 # -129 -129 -129 -129 -129 -129 -129 -129 
CPU side received count (scaleup: 3): -111 -112 -102 -87 -114 -95 -107 -109 # -129 -129 -129 -129 -129 -129 -129 -257 
CPU side received count (scaleup: 2): -106 -95 -101 -98 -100 -111 -96 -96 # -129 -129 -129 -129 -129 -129 -129 -129 
CPU side received count (scaleup: 0): -102 -99 -111 -101 -102 -102 -84 -90 # -129 -129 -129 -129 -129 -129 -129 -129 
Elastic buffer uses 4 channels per SM
Elastic buffer uses 4 channels per SM
Elastic buffer uses 4 channels per SM
Elastic buffer uses 4 channels per SM
Elastic buffer uses 4 channels per SM
Elastic buffer uses 4 channels per SM
Elastic buffer uses 4 channels per SM
Elastic buffer uses 4 channels per SM
CPU side received count (scaleup: 6): -108 -97 -104 -110 -95 -96 -94 -108 # -129 -129 -129 -129 -129 -129 -129 -129 
CPU side received count (scaleup: 4): -110 -108 -92 -111 -101 -111 -97 -113 # -129 -129 -129 -129 -129 -257 -129 -129 
CPU side received count (scaleup: 5): -111 -98 -102 -101 -108 -105 -110 -101 # -129 -129 -129 -129 -257 -129 -129 -129 
CPU side received count (scaleup: 7): -103 -110 -98 -104 -89 -113 -83 -83 # -129 -129 -129 -129 -129 -129 -129 -129 
CPU side received count (scaleup: 2): -106 -95 -101 -98 -100 -111 -96 -96 # -129 -129 -129 -129 -129 -129 -129 -129 
CPU side received count (scaleup: 3): -111 -112 -102 -87 -114 -95 -107 -109 # -129 -129 -129 -129 -129 -129 -129 -257 
CPU side received count (scaleup: 0): -102 -99 -111 -101 -102 -102 -84 -90 # -129 -129 -129 -129 -129 -129 -129 -129 
CPU side received count (scaleup: 1): -96 -92 -93 -115 -120 -99 -97 -103 # -129 -129 -129 -129 -129 -129 -129 -129 
Elastic buffer uses 4 channels per SM
Elastic buffer uses 4 channels per SM
Elastic buffer uses 4 channels per SM
Elastic buffer uses 4 channels per SM
Elastic buffer uses 4 channels per SM
Elastic buffer uses 4 channels per SM
Elastic buffer uses 4 channels per SM
Elastic buffer uses 4 channels per SM
CPU side received count (scaleup: 5): -111 -98 -102 -101 -108 -105 -110 -101 # -129 -129 -129 -129 -257 -129 -129 -129 
CPU side received count (scaleup: 4): -110 -108 -92 -111 -101 -111 -97 -113 # -129 -129 -129 -129 -129 -257 -129 -129 
CPU side received count (scaleup: 6): -108 -97 -104 -110 -95 -96 -94 -108 # -129 -129 -129 -129 -129 -129 -129 -129 
CPU side received count (scaleup: 7): -103 -110 -98 -104 -89 -113 -83 -83 # -129 -129 -129 -129 -129 -129 -129 -129 
CPU side received count (scaleup: 2): -106 -95 -101 -98 -100 -111 -96 -96 # -129 -129 -129 -129 -129 -129 -129 -129 
CPU side received count (scaleup: 3): -111 -112 -102 -87 -114 -95 -107 -109 # -129 -129 -129 -129 -129 -129 -129 -257 
CPU side received count (scaleup: 0): -102 -99 -111 -101 -102 -102 -84 -90 # -129 -129 -129 -129 -129 -129 -129 -129 
CPU side received count (scaleup: 1): -96 -92 -93 -115 -120 -99 -97 -103 # -129 -129 -129 -129 -129 -129 -129 -129 
Elastic buffer uses 4 channels per SM
Elastic buffer uses 4 channels per SM
Elastic buffer uses 4 channels per SM
Elastic buffer uses 4 channels per SM
Elastic buffer uses 4 channels per SM
Elastic buffer uses 4 channels per SM
Elastic buffer uses 4 channels per SM
Elastic buffer uses 4 channels per SM
CPU side received count (scaleup: 5): -111 -98 -102 -101 -108 -105 -110 -101 # -129 -129 -129 -129 -257 -129 -129 -129 
CPU side received count (scaleup: 6): -108 -97 -104 -110 -95 -96 -94 -108 # -129 -129 -129 -129 -129 -129 -129 -129 
CPU side received count (scaleup: 0): -102 -99 -111 -101 -102 -102 -84 -90 # -129 -129 -129 -129 -129 -129 -129 -129 
CPU side received count (scaleup: 4): -110 -108 -92 -111 -101 -111 -97 -113 # -129 -129 -129 -129 -129 -257 -129 -129 
CPU side received count (scaleup: 2): -106 -95 -101 -98 -100 -111 -96 -96 # -129 -129 -129 -129 -129 -129 -129 -129 
CPU side received count (scaleup: 1): -96 -92 -93 -115 -120 -99 -97 -103 # -129 -129 -129 -129 -129 -129 -129 -129 
CPU side received count (scaleup: 7): -103 -110 -98 -104 -89 -113 -83 -83 # -129 -129 -129 -129 -129 -129 -129 -129 
CPU side received count (scaleup: 3): -111 -112 -102 -87 -114 -95 -107 -109 # -129 -129 -129 -129 -129 -129 -129 -257 
Elastic buffer uses 4 channels per SM
Elastic buffer uses 4 channels per SM
Elastic buffer uses 4 channels per SM
Elastic buffer uses 4 channels per SM
Elastic buffer uses 4 channels per SM
Elastic buffer uses 4 channels per SM
Elastic buffer uses 4 channels per SM
Elastic buffer uses 4 channels per SM
CPU side received count (scaleup: 5): -111 -98 -102 -101 -108 -105 -110 -101 # -129 -129 -129 -129 -257 -129 -129 -129 
CPU side received count (scaleup: 6): -108 -97 -104 -110 -95 -96 -94 -108 # -129 -129 -129 -129 -129 -129 -129 -129 
CPU side received count (scaleup: 4): -110 -108 -92 -111 -101 -111 -97 -113 # -129 -129 -129 -129 -129 -257 -129 -129 
CPU side received count (scaleup: 7): -103 -110 -98 -104 -89 -113 -83 -83 # -129 -129 -129 -129 -129 -129 -129 -129 
CPU side received count (scaleup: 1): -96 -92 -93 -115 -120 -99 -97 -103 # -129 -129 -129 -129 -129 -129 -129 -129 
CPU side received count (scaleup: 2): -106 -95 -101 -98 -100 -111 -96 -96 # -129 -129 -129 -129 -129 -129 -129 -129 
CPU side received count (scaleup: 3): -111 -112 -102 -87 -114 -95 -107 -109 # -129 -129 -129 -129 -129 -129 -129 -257 
CPU side received count (scaleup: 0): -102 -99 -111 -101 -102 -102 -84 -90 # -129 -129 -129 -129 -129 -129 -129 -129 
Elastic buffer uses 4 channels per SM
Elastic buffer uses 4 channels per SM
Elastic buffer uses 4 channels per SM
Elastic buffer uses 4 channels per SM
Elastic buffer uses 4 channels per SM
Elastic buffer uses 4 channels per SM
Elastic buffer uses 4 channels per SM
Elastic buffer uses 4 channels per SM
CPU side received count (scaleup: 5): -111 -98 -102 -101 -108 -105 -110 -101 # -129 -129 -129 -129 -257 -129 -129 -129 
CPU side received count (scaleup: 6): -108 -97 -104 -110 -95 -96 -94 -108 # -129 -129 -129 -129 -129 -129 -129 -129 
CPU side received count (scaleup: 4): -110 -108 -92 -111 -101 -111 -97 -113 # -129 -129 -129 -129 -129 -257 -129 -129 
CPU side received count (scaleup: 7): -103 -110 -98 -104 -89 -113 -83 -83 # -129 -129 -129 -129 -129 -129 -129 -129 
CPU side received count (scaleup: 2): -106 -95 -101 -98 -100 -111 -96 -96 # -129 -129 -129 -129 -129 -129 -129 -129 
CPU side received count (scaleup: 3): -111 -112 -102 -87 -114 -95 -107 -109 # -129 -129 -129 -129 -129 -129 -129 -257 
CPU side received count (scaleup: 0): -102 -99 -111 -101 -102 -102 -84 -90 # -129 -129 -129 -129 -129 -129 -129 -129 
CPU side received count (scaleup: 1): -96 -92 -93 -115 -120 -99 -97 -103 # -129 -129 -129 -129 -129 -129 -129 -129 
Elastic buffer uses 4 channels per SM
Elastic buffer uses 4 channels per SM
Elastic buffer uses 4 channels per SM
Elastic buffer uses 4 channels per SM
Elastic buffer uses 4 channels per SM
Elastic buffer uses 4 channels per SM
Elastic buffer uses 4 channels per SM
Elastic buffer uses 4 channels per SM
CPU side received count (scaleup: 5): -111 -98 -102 -101 -108 -105 -110 -101 # -129 -129 -129 -129 -257 -129 -129 -129 
CPU side received count (scaleup: 4): -110 -108 -92 -111 -101 -111 -97 -113 # -129 -129 -129 -129 -129 -257 -129 -129 
CPU side received count (scaleup: 6): -108 -97 -104 -110 -95 -96 -94 -108 # -129 -129 -129 -129 -129 -129 -129 -129 
CPU side received count (scaleup: 7): -103 -110 -98 -104 -89 -113 -83 -83 # -129 -129 -129 -129 -129 -129 -129 -129 
CPU side received count (scaleup: 2): -106 -95 -101 -98 -100 -111 -96 -96 # -129 -129 -129 -129 -129 -129 -129 -129 
CPU side received count (scaleup: 3): -111 -112 -102 -87 -114 -95 -107 -109 # -129 -129 -129 -129 -129 -129 -129 -257 
CPU side received count (scaleup: 1): -96 -92 -93 -115 -120 -99 -97 -103 # -129 -129 -129 -129 -129 -129 -129 -129 
CPU side received count (scaleup: 0): -102 -99 -111 -101 -102 -102 -84 -90 # -129 -129 -129 -129 -129 -129 -129 -129 
Elastic buffer uses 4 channels per SM
Elastic buffer uses 4 channels per SM
Elastic buffer uses 4 channels per SM
Elastic buffer uses 4 channels per SM
Elastic buffer uses 4 channels per SM
Elastic buffer uses 4 channels per SM
Elastic buffer uses 4 channels per SM
Elastic buffer uses 4 channels per SM
CPU side received count (scaleup: 2): -106 -95 -101 -98 -100 -111 -96 -96 # -129 -129 -129 -129 -129 -129 -129 -129 
CPU side received count (scaleup: 3): -111 -112 -102 -87 -114 -95 -107 -109 # -129 -129 -129 -129 -129 -129 -129 -257 
CPU side received count (scaleup: 0): -102 -99 -111 -101 -102 -102 -84 -90 # -129 -129 -129 -129 -129 -129 -129 -129 
CPU side received count (scaleup: 5): -111 -98 -102 -101 -108 -105 -110 -101 # -129 -129 -129 -129 -257 -129 -129 -129 
CPU side received count (scaleup: 4): -110 -108 -92 -111 -101 -111 -97 -113 # -129 -129 -129 -129 -129 -257 -129 -129 
CPU side received count (scaleup: 6): -108 -97 -104 -110 -95 -96 -94 -108 # -129 -129 -129 -129 -129 -129 -129 -129 
CPU side received count (scaleup: 1): -96 -92 -93 -115 -120 -99 -97 -103 # -129 -129 -129 -129 -129 -129 -129 -129 
CPU side received count (scaleup: 7): -103 -110 -98 -104 -89 -113 -83 -83 # -129 -129 -129 -129 -129 -129 -129 -129 
Elastic buffer uses 4 channels per SM
Elastic buffer uses 4 channels per SM
Elastic buffer uses 4 channels per SM
Elastic buffer uses 4 channels per SM
Elastic buffer uses 4 channels per SM
Elastic buffer uses 4 channels per SM
Elastic buffer uses 4 channels per SM
Elastic buffer uses 4 channels per SM
CPU side received count (scaleup: 2): -106 -95 -101 -98 -100 -111 -96 -96 # -129 -129 -129 -129 -129 -129 -129 -129 
CPU side received count (scaleup: 3): -111 -112 -102 -87 -114 -95 -107 -109 # -129 -129 -129 -129 -129 -129 -129 -257 
CPU side received count (scaleup: 0): -102 -99 -111 -101 -102 -102 -84 -90 # -129 -129 -129 -129 -129 -129 -129 -129 
CPU side received count (scaleup: 1): -96 -92 -93 -115 -120 -99 -97 -103 # -129 -129 -129 -129 -129 -129 -129 -129 
CPU side received count (scaleup: 6): -108 -97 -104 -110 -95 -96 -94 -108 # -129 -129 -129 -129 -129 -129 -129 -129 
CPU side received count (scaleup: 4): -110 -108 -92 -111 -101 -111 -97 -113 # -129 -129 -129 -129 -129 -257 -129 -129 
CPU side received count (scaleup: 5): -111 -98 -102 -101 -108 -105 -110 -101 # -129 -129 -129 -129 -257 -129 -129 -129 
CPU side received count (scaleup: 7): -103 -110 -98 -104 -89 -113 -83 -83 # -129 -129 -129 -129 -129 -129 -129 -129 
Elastic buffer uses 4 channels per SM
Elastic buffer uses 4 channels per SM
Elastic buffer uses 4 channels per SM
Elastic buffer uses 4 channels per SM
Elastic buffer uses 4 channels per SM
Elastic buffer uses 4 channels per SM
Elastic buffer uses 4 channels per SM
Elastic buffer uses 4 channels per SM
CPU side received count (scaleup: 5): -111 -98 -102 -101 -108 -105 -110 -101 # -129 -129 -129 -129 -257 -129 -129 -129 
CPU side received count (scaleup: 6): -108 -97 -104 -110 -95 -96 -94 -108 # -129 -129 -129 -129 -129 -129 -129 -129 
CPU side received count (scaleup: 4): -110 -108 -92 -111 -101 -111 -97 -113 # -129 -129 -129 -129 -129 -257 -129 -129 
CPU side received count (scaleup: 7): -103 -110 -98 -104 -89 -113 -83 -83 # -129 -129 -129 -129 -129 -129 -129 -129 
CPU side received count (scaleup: 2): -106 -95 -101 -98 -100 -111 -96 -96 # -129 -129 -129 -129 -129 -129 -129 -129 
CPU side received count (scaleup: 3): -111 -112 -102 -87 -114 -95 -107 -109 # -129 -129 -129 -129 -129 -129 -129 -257 
CPU side received count (scaleup: 0): -102 -99 -111 -101 -102 -102 -84 -90 # -129 -129 -129 -129 -129 -129 -129 -129 
CPU side received count (scaleup: 1): -96 -92 -93 -115 -120 -99 -97 -103 # -129 -129 -129 -129 -129 -129 -129 -129 
Elastic buffer uses 4 channels per SM
Elastic buffer uses 4 channels per SM
Elastic buffer uses 4 channels per SM
Elastic buffer uses 4 channels per SM
Elastic buffer uses 4 channels per SM
Elastic buffer uses 4 channels per SM
Elastic buffer uses 4 channels per SM
Elastic buffer uses 4 channels per SM
CPU side received count (scaleup: 5): -111 -98 -102 -101 -108 -105 -110 -101 # -129 -129 -129 -129 -257 -129 -129 -129 
CPU side received count (scaleup: 4): -110 -108 -92 -111 -101 -111 -97 -113 # -129 -129 -129 -129 -129 -257 -129 -129 
CPU side received count (scaleup: 6): -108 -97 -104 -110 -95 -96 -94 -108 # -129 -129 -129 -129 -129 -129 -129 -129 
CPU side received count (scaleup: 7): -103 -110 -98 -104 -89 -113 -83 -83 # -129 -129 -129 -129 -129 -129 -129 -129 
CPU side received count (scaleup: 0): -102 -99 -111 -101 -102 -102 -84 -90 # -129 -129 -129 -129 -129 -129 -129 -129 
CPU side received count (scaleup: 1): -96 -92 -93 -115 -120 -99 -97 -103 # -129 -129 -129 -129 -129 -129 -129 -129 
CPU side received count (scaleup: 2): -106 -95 -101 -98 -100 -111 -96 -96 # -129 -129 -129 -129 -129 -129 -129 -129 
CPU side received count (scaleup: 3): -111 -112 -102 -87 -114 -95 -107 -109 # -129 -129 -129 -129 -129 -129 -129 -257 
Elastic buffer uses 4 channels per SM
Elastic buffer uses 4 channels per SM
Elastic buffer uses 4 channels per SM
Elastic buffer uses 4 channels per SM
Elastic buffer uses 4 channels per SM
Elastic buffer uses 4 channels per SM
Elastic buffer uses 4 channels per SM
Elastic buffer uses 4 channels per SM
CPU side received count (scaleup: 6): -108 -97 -104 -110 -95 -96 -94 -108 # -129 -129 -129 -129 -129 -129 -129 -129 
CPU side received count (scaleup: 4): -110 -108 -92 -111 -101 -111 -97 -113 # -129 -129 -129 -129 -129 -257 -129 -129 
CPU side received count (scaleup: 5): -111 -98 -102 -101 -108 -105 -110 -101 # -129 -129 -129 -129 -257 -129 -129 -129 
CPU side received count (scaleup: 7): -103 -110 -98 -104 -89 -113 -83 -83 # -129 -129 -129 -129 -129 -129 -129 -129 
CPU side received count (scaleup: 2): -106 -95 -101 -98 -100 -111 -96 -96 # -129 -129 -129 -129 -129 -129 -129 -129 
CPU side received count (scaleup: 3): -111 -112 -102 -87 -114 -95 -107 -109 # -129 -129 -129 -129 -129 -129 -129 -257 
CPU side received count (scaleup: 0): -102 -99 -111 -101 -102 -102 -84 -90 # -129 -129 -129 -129 -129 -129 -129 -129 
CPU side received count (scaleup: 1): -96 -92 -93 -115 -120 -99 -97 -103 # -129 -129 -129 -129 -129 -129 -129 -129 
Elastic buffer uses 4 channels per SM
Elastic buffer uses 4 channels per SM
Elastic buffer uses 4 channels per SM
Elastic buffer uses 4 channels per SM
Elastic buffer uses 4 channels per SM
Elastic buffer uses 4 channels per SM
Elastic buffer uses 4 channels per SM
Elastic buffer uses 4 channels per SM
CPU side received count (scaleup: 5): -111 -98 -102 -101 -108 -105 -110 -101 # -129 -129 -129 -129 -257 -129 -129 -129 
CPU side received count (scaleup: 6): -108 -97 -104 -110 -95 -96 -94 -108 # -129 -129 -129 -129 -129 -129 -129 -129 
CPU side received count (scaleup: 4): -110 -108 -92 -111 -101 -111 -97 -113 # -129 -129 -129 -129 -129 -257 -129 -129 
CPU side received count (scaleup: 7): -103 -110 -98 -104 -89 -113 -83 -83 # -129 -129 -129 -129 -129 -129 -129 -129 
CPU side received count (scaleup: 0): -102 -99 -111 -101 -102 -102 -84 -90 # -129 -129 -129 -129 -129 -129 -129 -129 
CPU side received count (scaleup: 3): -111 -112 -102 -87 -114 -95 -107 -109 # -129 -129 -129 -129 -129 -129 -129 -257 
CPU side received count (scaleup: 2): -106 -95 -101 -98 -100 -111 -96 -96 # -129 -129 -129 -129 -129 -129 -129 -129 
CPU side received count (scaleup: 1): -96 -92 -93 -115 -120 -99 -97 -103 # -129 -129 -129 -129 -129 -129 -129 -129 
Elastic buffer uses 4 channels per SM
Elastic buffer uses 4 channels per SM
Elastic buffer uses 4 channels per SM
Elastic buffer uses 4 channels per SM
Elastic buffer uses 4 channels per SM
Elastic buffer uses 4 channels per SM
Elastic buffer uses 4 channels per SM
Elastic buffer uses 4 channels per SM
CPU side received count (scaleup: 2): -106 -95 -101 -98 -100 -111 -96 -96 # -129 -129 -129 -129 -129 -129 -129 -129 
CPU side received count (scaleup: 3): -111 -112 -102 -87 -114 -95 -107 -109 # -129 -129 -129 -129 -129 -129 -129 -257 
CPU side received count (scaleup: 0): -102 -99 -111 -101 -102 -102 -84 -90 # -129 -129 -129 -129 -129 -129 -129 -129 
CPU side received count (scaleup: 1): -96 -92 -93 -115 -120 -99 -97 -103 # -129 -129 -129 -129 -129 -129 -129 -129 
CPU side received count (scaleup: 5): -111 -98 -102 -101 -108 -105 -110 -101 # -129 -129 -129 -129 -257 -129 -129 -129 
CPU side received count (scaleup: 4): -110 -108 -92 -111 -101 -111 -97 -113 # -129 -129 -129 -129 -129 -257 -129 -129 
CPU side received count (scaleup: 6): -108 -97 -104 -110 -95 -96 -94 -108 # -129 -129 -129 -129 -129 -129 -129 -129 
CPU side received count (scaleup: 7): -103 -110 -98 -104 -89 -113 -83 -83 # -129 -129 -129 -129 -129 -129 -129 -129 
Elastic buffer uses 4 channels per SM
Elastic buffer uses 4 channels per SM
Elastic buffer uses 4 channels per SM
Elastic buffer uses 4 channels per SM
Elastic buffer uses 4 channels per SM
Elastic buffer uses 4 channels per SM
Elastic buffer uses 4 channels per SM
Elastic buffer uses 4 channels per SM
CPU side received count (scaleup: 6): -108 -97 -104 -110 -95 -96 -94 -108 # -129 -129 -129 -129 -129 -129 -129 -129 
CPU side received count (scaleup: 5): -111 -98 -102 -101 -108 -105 -110 -101 # -129 -129 -129 -129 -257 -129 -129 -129 
CPU side received count (scaleup: 4): -110 -108 -92 -111 -101 -111 -97 -113 # -129 -129 -129 -129 -129 -257 -129 -129 
CPU side received count (scaleup: 7): -103 -110 -98 -104 -89 -113 -83 -83 # -129 -129 -129 -129 -129 -129 -129 -129 
CPU side received count (scaleup: 2): -106 -95 -101 -98 -100 -111 -96 -96 # -129 -129 -129 -129 -129 -129 -129 -129 
CPU side received count (scaleup: 3): -111 -112 -102 -87 -114 -95 -107 -109 # -129 -129 -129 -129 -129 -129 -129 -257 
CPU side received count (scaleup: 1): -96 -92 -93 -115 -120 -99 -97 -103 # -129 -129 -129 -129 -129 -129 -129 -129 
CPU side received count (scaleup: 0): -102 -99 -111 -101 -102 -102 -84 -90 # -129 -129 -129 -129 -129 -129 -129 -129 
Elastic buffer uses 4 channels per SM
Elastic buffer uses 4 channels per SM
Elastic buffer uses 4 channels per SM
Elastic buffer uses 4 channels per SM
Elastic buffer uses 4 channels per SM
Elastic buffer uses 4 channels per SM
Elastic buffer uses 4 channels per SM
Elastic buffer uses 4 channels per SM
CPU side received count (scaleup: 5): -111 -98 -102 -101 -108 -105 -110 -101 # -129 -129 -129 -129 -257 -129 -129 -129 
CPU side received count (scaleup: 6): -108 -97 -104 -110 -95 -96 -94 -108 # -129 -129 -129 -129 -129 -129 -129 -129 
CPU side received count (scaleup: 4): -110 -108 -92 -111 -101 -111 -97 -113 # -129 -129 -129 -129 -129 -257 -129 -129 
CPU side received count (scaleup: 7): -103 -110 -98 -104 -89 -113 -83 -83 # -129 -129 -129 -129 -129 -129 -129 -129 
CPU side received count (scaleup: 2): -106 -95 -101 -98 -100 -111 -96 -96 # -129 -129 -129 -129 -129 -129 -129 -129 
CPU side received count (scaleup: 3): -111 -112 -102 -87 -114 -95 -107 -109 # -129 -129 -129 -129 -129 -129 -129 -257 
CPU side received count (scaleup: 1): -96 -92 -93 -115 -120 -99 -97 -103 # -129 -129 -129 -129 -129 -129 -129 -129 
CPU side received count (scaleup: 0): -102 -99 -111 -101 -102 -102 -84 -90 # -129 -129 -129 -129 -129 -129 -129 -129 
Elastic buffer uses 4 channels per SM
Elastic buffer uses 4 channels per SM
Elastic buffer uses 4 channels per SM
Elastic buffer uses 4 channels per SM
Elastic buffer uses 4 channels per SM
Elastic buffer uses 4 channels per SM
Elastic buffer uses 4 channels per SM
Elastic buffer uses 4 channels per SM
CPU side received count (scaleup: 6): -108 -97 -104 -110 -95 -96 -94 -108 # -129 -129 -129 -129 -129 -129 -129 -129 
CPU side received count (scaleup: 4): -110 -108 -92 -111 -101 -111 -97 -113 # -129 -129 -129 -129 -129 -257 -129 -129 
CPU side received count (scaleup: 5): -111 -98 -102 -101 -108 -105 -110 -101 # -129 -129 -129 -129 -257 -129 -129 -129 
CPU side received count (scaleup: 7): -103 -110 -98 -104 -89 -113 -83 -83 # -129 -129 -129 -129 -129 -129 -129 -129 
CPU side received count (scaleup: 2): -106 -95 -101 -98 -100 -111 -96 -96 # -129 -129 -129 -129 -129 -129 -129 -129 
CPU side received count (scaleup: 3): -111 -112 -102 -87 -114 -95 -107 -109 # -129 -129 -129 -129 -129 -129 -129 -257 
CPU side received count (scaleup: 0): -102 -99 -111 -101 -102 -102 -84 -90 # -129 -129 -129 -129 -129 -129 -129 -129 
CPU side received count (scaleup: 1): -96 -92 -93 -115 -120 -99 -97 -103 # -129 -129 -129 -129 -129 -129 -129 -129 
Elastic buffer uses 4 channels per SM
Elastic buffer uses 4 channels per SM
Elastic buffer uses 4 channels per SM
Elastic buffer uses 4 channels per SM
Elastic buffer uses 4 channels per SM
Elastic buffer uses 4 channels per SM
Elastic buffer uses 4 channels per SM
Elastic buffer uses 4 channels per SM
CPU side received count (scaleup: 5): -111 -98 -102 -101 -108 -105 -110 -101 # -129 -129 -129 -129 -257 -129 -129 -129 
CPU side received count (scaleup: 6): -108 -97 -104 -110 -95 -96 -94 -108 # -129 -129 -129 -129 -129 -129 -129 -129 
CPU side received count (scaleup: 4): -110 -108 -92 -111 -101 -111 -97 -113 # -129 -129 -129 -129 -129 -257 -129 -129 
CPU side received count (scaleup: 1): -96 -92 -93 -115 -120 -99 -97 -103 # -129 -129 -129 -129 -129 -129 -129 -129 
CPU side received count (scaleup: 2): -106 -95 -101 -98 -100 -111 -96 -96 # -129 -129 -129 -129 -129 -129 -129 -129 
CPU side received count (scaleup: 7): -103 -110 -98 -104 -89 -113 -83 -83 # -129 -129 -129 -129 -129 -129 -129 -129 
CPU side received count (scaleup: 3): -111 -112 -102 -87 -114 -95 -107 -109 # -129 -129 -129 -129 -129 -129 -129 -257 
CPU side received count (scaleup: 0): -102 -99 -111 -101 -102 -102 -84 -90 # -129 -129 -129 -129 -129 -129 -129 -129 
Elastic buffer uses 4 channels per SM
Elastic buffer uses 4 channels per SM
Elastic buffer uses 4 channels per SM
Elastic buffer uses 4 channels per SM
Elastic buffer uses 4 channels per SM
Elastic buffer uses 4 channels per SM
Elastic buffer uses 4 channels per SM
Elastic buffer uses 4 channels per SM
CPU side received count (scaleup: 5): -111 -98 -102 -101 -108 -105 -110 -101 # -129 -129 -129 -129 -257 -129 -129 -129 
CPU side received count (scaleup: 6): -108 -97 -104 -110 -95 -96 -94 -108 # -129 -129 -129 -129 -129 -129 -129 -129 
CPU side received count (scaleup: 4): -110 -108 -92 -111 -101 -111 -97 -113 # -129 -129 -129 -129 -129 -257 -129 -129 
CPU side received count (scaleup: 1): -96 -92 -93 -115 -120 -99 -97 -103 # -129 -129 -129 -129 -129 -129 -129 -129 
CPU side received count (scaleup: 2): -106 -95 -101 -98 -100 -111 -96 -96 # -129 -129 -129 -129 -129 -129 -129 -129 
CPU side received count (scaleup: 7): -103 -110 -98 -104 -89 -113 -83 -83 # -129 -129 -129 -129 -129 -129 -129 -129 
CPU side received count (scaleup: 3): -111 -112 -102 -87 -114 -95 -107 -109 # -129 -129 -129 -129 -129 -129 -129 -257 
CPU side received count (scaleup: 0): -102 -99 -111 -101 -102 -102 -84 -90 # -129 -129 -129 -129 -129 -129 -129 -129 
Elastic buffer uses 4 channels per SM
Elastic buffer uses 4 channels per SM
Elastic buffer uses 4 channels per SM
Elastic buffer uses 4 channels per SM
Elastic buffer uses 4 channels per SM
Elastic buffer uses 4 channels per SM
Elastic buffer uses 4 channels per SM
Elastic buffer uses 4 channels per SM
CPU side received count (scaleup: 5): -111 -98 -102 -101 -108 -105 -110 -101 # -129 -129 -129 -129 -257 -129 -129 -129 
CPU side received count (scaleup: 4): -110 -108 -92 -111 -101 -111 -97 -113 # -129 -129 -129 -129 -129 -257 -129 -129 
CPU side received count (scaleup: 6): -108 -97 -104 -110 -95 -96 -94 -108 # -129 -129 -129 -129 -129 -129 -129 -129 
CPU side received count (scaleup: 7): -103 -110 -98 -104 -89 -113 -83 -83 # -129 -129 -129 -129 -129 -129 -129 -129 
CPU side received count (scaleup: 2): -106 -95 -101 -98 -100 -111 -96 -96 # -129 -129 -129 -129 -129 -129 -129 -129 
CPU side received count (scaleup: 3): -111 -112 -102 -87 -114 -95 -107 -109 # -129 -129 -129 -129 -129 -129 -129 -257 
CPU side received count (scaleup: 1): -96 -92 -93 -115 -120 -99 -97 -103 # -129 -129 -129 -129 -129 -129 -129 -129 
CPU side received count (scaleup: 0): -102 -99 -111 -101 -102 -102 -84 -90 # -129 -129 -129 -129 -129 -129 -129 -129 
Elastic buffer uses 4 channels per SM
Elastic buffer uses 4 channels per SM
Elastic buffer uses 4 channels per SM
Elastic buffer uses 4 channels per SM
Elastic buffer uses 4 channels per SM
Elastic buffer uses 4 channels per SM
Elastic buffer uses 4 channels per SM
Elastic buffer uses 4 channels per SM
CPU side received count (scaleup: 5): -111 -98 -102 -101 -108 -105 -110 -101 # -129 -129 -129 -129 -257 -129 -129 -129 
CPU side received count (scaleup: 6): -108 -97 -104 -110 -95 -96 -94 -108 # -129 -129 -129 -129 -129 -129 -129 -129 
CPU side received count (scaleup: 4): -110 -108 -92 -111 -101 -111 -97 -113 # -129 -129 -129 -129 -129 -257 -129 -129 
CPU side received count (scaleup: 7): -103 -110 -98 -104 -89 -113 -83 -83 # -129 -129 -129 -129 -129 -129 -129 -129 
CPU side received count (scaleup: 2): -106 -95 -101 -98 -100 -111 -96 -96 # -129 -129 -129 -129 -129 -129 -129 -129 
CPU side received count (scaleup: 3): -111 -112 -102 -87 -114 -95 -107 -109 # -129 -129 -129 -129 -129 -129 -129 -257 
CPU side received count (scaleup: 0): -102 -99 -111 -101 -102 -102 -84 -90 # -129 -129 -129 -129 -129 -129 -129 -129 
CPU side received count (scaleup: 1): -96 -92 -93 -115 -120 -99 -97 -103 # -129 -129 -129 -129 -129 -129 -129 -129 
Elastic buffer uses 4 channels per SM
Elastic buffer uses 4 channels per SM
Elastic buffer uses 4 channels per SM
Elastic buffer uses 4 channels per SM
Elastic buffer uses 4 channels per SM
Elastic buffer uses 4 channels per SM
Elastic buffer uses 4 channels per SM
Elastic buffer uses 4 channels per SM
CPU side received count (scaleup: 6): -108 -97 -104 -110 -95 -96 -94 -108 # -129 -129 -129 -129 -129 -129 -129 -129 
CPU side received count (scaleup: 4): -110 -108 -92 -111 -101 -111 -97 -113 # -129 -129 -129 -129 -129 -257 -129 -129 
CPU side received count (scaleup: 5): -111 -98 -102 -101 -108 -105 -110 -101 # -129 -129 -129 -129 -257 -129 -129 -129 
CPU side received count (scaleup: 7): -103 -110 -98 -104 -89 -113 -83 -83 # -129 -129 -129 -129 -129 -129 -129 -129 
CPU side received count (scaleup: 2): -106 -95 -101 -98 -100 -111 -96 -96 # -129 -129 -129 -129 -129 -129 -129 -129 
CPU side received count (scaleup: 3): -111 -112 -102 -87 -114 -95 -107 -109 # -129 -129 -129 -129 -129 -129 -129 -257 
CPU side received count (scaleup: 0): -102 -99 -111 -101 -102 -102 -84 -90 # -129 -129 -129 -129 -129 -129 -129 -129 
CPU side received count (scaleup: 1): -96 -92 -93 -115 -120 -99 -97 -103 # -129 -129 -129 -129 -129 -129 -129 -129 
Elastic buffer uses 4 channels per SM
Elastic buffer uses 4 channels per SM
Elastic buffer uses 4 channels per SM
Elastic buffer uses 4 channels per SM
Elastic buffer uses 4 channels per SM
Elastic buffer uses 4 channels per SM
Elastic buffer uses 4 channels per SM
Elastic buffer uses 4 channels per SM
CPU side received count (scaleup: 2): -106 -95 -101 -98 -100 -111 -96 -96 # -129 -129 -129 -129 -129 -129 -129 -129 
CPU side received count (scaleup: 3): -111 -112 -102 -87 -114 -95 -107 -109 # -129 -129 -129 -129 -129 -129 -129 -257 
CPU side received count (scaleup: 1): -96 -92 -93 -115 -120 -99 -97 -103 # -129 -129 -129 -129 -129 -129 -129 -129 
CPU side received count (scaleup: 0): -102 -99 -111 -101 -102 -102 -84 -90 # -129 -129 -129 -129 -129 -129 -129 -129 
CPU side received count (scaleup: 5): -111 -98 -102 -101 -108 -105 -110 -101 # -129 -129 -129 -129 -257 -129 -129 -129 
CPU side received count (scaleup: 4): -110 -108 -92 -111 -101 -111 -97 -113 # -129 -129 -129 -129 -129 -257 -129 -129 
CPU side received count (scaleup: 6): -108 -97 -104 -110 -95 -96 -94 -108 # -129 -129 -129 -129 -129 -129 -129 -129 
CPU side received count (scaleup: 7): -103 -110 -98 -104 -89 -113 -83 -83 # -129 -129 -129 -129 -129 -129 -129 -129 
USDT:2026-08-25 02:42:43 436:436 SyncActivityProfilerHandler.cpp:59] profiler_stopUSDT:2026-08-25 02:42:43 433:433 SyncActivityProfilerHandler.cpp:59] profiler_stopUSDT:2026-08-25 02:42:43 432:432 SyncActivityProfilerHandler.cpp:59] profiler_stopUSDT:2026-08-25 02:42:43 438:438 SyncActivityProfilerHandler.cpp:59] profiler_stop



USDT:2026-08-25 02:42:43 437:437 SyncActivityProfilerHandler.cpp:59] profiler_stop
USDT:2026-08-25 02:42:43 434:434 SyncActivityProfilerHandler.cpp:59] profiler_stopUSDT:2026-08-25 02:42:43 435:435 SyncActivityProfilerHandler.cpp:59] profiler_stopUSDT:2026-08-25 02:42:43 439:439 SyncActivityProfilerHandler.cpp:59] profiler_stop


   * EP:   5/32 | dispatch: 3 GB/s (SO), 5 GB/s (SU), 1225.000 us, 6200064 bytes | copy: 24 GB/s, 520.708 us
   * EP:   0/32 | dispatch: 3 GB/s (SO), 5 GB/s (SU), 1225.000 us, 5863104 bytes | copy: 170 GB/s, 69.021 us
   * EP:   6/32 | dispatch: 3 GB/s (SO), 5 GB/s (SU), 1225.000 us, 6020352 bytes | copy: 38 GB/s, 316.213 us
   * EP:   1/32 | dispatch: 3 GB/s (SO), 5 GB/s (SU), 1225.000 us, 6042816 bytes | copy: 25 GB/s, 479.840 us
   * EP:   4/32 | dispatch: 3 GB/s (SO), 5 GB/s (SU), 1225.000 us, 6252480 bytes | copy: 41 GB/s, 302.607 us
   * EP:   2/32 | dispatch: 3 GB/s (SO), 5 GB/s (SU), 1225.000 us, 5952960 bytes | copy: 27 GB/s, 446.700 us
   * EP:   7/32 | dispatch: 3 GB/s (SO), 5 GB/s (SU), 1225.000 us, 5803200 bytes | copy: 21 GB/s, 551.834 us
   * EP:   3/32 | dispatch: 3 GB/s (SO), 5 GB/s (SU), 1225.000 us, 6207552 bytes | copy: 87 GB/s, 141.929 us
Elastic buffer uses 4 channels per SM
Elastic buffer uses 4 channels per SM
Elastic buffer uses 4 channels per SM
Elastic buffer uses 4 channels per SM
Elastic buffer uses 4 channels per SM
Elastic buffer uses 4 channels per SM
Elastic buffer uses 4 channels per SM
Elastic buffer uses 4 channels per SM
CPU side received count (scaleup: 4): -110 -108 -92 -111 -101 -111 -97 -113 # -129 -129 -129 -129 -129 -257 -129 -129 
CPU side received count (scaleup: 6): -108 -97 -104 -110 -95 -96 -94 -108 # -129 -129 -129 -129 -129 -129 -129 -129 
CPU side received count (scaleup: 5): -111 -98 -102 -101 -108 -105 -110 -101 # -129 -129 -129 -129 -257 -129 -129 -129 
CPU side received count (scaleup: 7): -103 -110 -98 -104 -89 -113 -83 -83 # -129 -129 -129 -129 -129 -129 -129 -129 
CPU side received count (scaleup: 2): -106 -95 -101 -98 -100 -111 -96 -96 # -129 -129 -129 -129 -129 -129 -129 -129 
CPU side received count (scaleup: 3): -111 -112 -102 -87 -114 -95 -107 -109 # -129 -129 -129 -129 -129 -129 -129 -257 
CPU side received count (scaleup: 0): -102 -99 -111 -101 -102 -102 -84 -90 # -129 -129 -129 -129 -129 -129 -129 -129 
CPU side received count (scaleup: 1): -96 -92 -93 -115 -120 -99 -97 -103 # -129 -129 -129 -129 -129 -129 -129 -129 
Elastic buffer uses 4 channels per SM
Elastic buffer uses 4 channels per SM
Elastic buffer uses 4 channels per SM
Elastic buffer uses 4 channels per SM
Elastic buffer uses 4 channels per SM
Elastic buffer uses 4 channels per SM
Elastic buffer uses 4 channels per SM
Elastic buffer uses 4 channels per SM
CPU side received count (scaleup: 6): -108 -97 -104 -110 -95 -96 -94 -108 # -129 -129 -129 -129 -129 -129 -129 -129 
CPU side received count (scaleup: 5): -111 -98 -102 -101 -108 -105 -110 -101 # -129 -129 -129 -129 -257 -129 -129 -129 
CPU side received count (scaleup: 4): -110 -108 -92 -111 -101 -111 -97 -113 # -129 -129 -129 -129 -129 -257 -129 -129 
CPU side received count (scaleup: 7): -103 -110 -98 -104 -89 -113 -83 -83 # -129 -129 -129 -129 -129 -129 -129 -129 
CPU side received count (scaleup: 2): -106 -95 -101 -98 -100 -111 -96 -96 # -129 -129 -129 -129 -129 -129 -129 -129 
CPU side received count (scaleup: 3): -111 -112 -102 -87 -114 -95 -107 -109 # -129 -129 -129 -129 -129 -129 -129 -257 
CPU side received count (scaleup: 0): -102 -99 -111 -101 -102 -102 -84 -90 # -129 -129 -129 -129 -129 -129 -129 -129 
CPU side received count (scaleup: 1): -96 -92 -93 -115 -120 -99 -97 -103 # -129 -129 -129 -129 -129 -129 -129 -129 
Elastic buffer uses 4 channels per SM
Elastic buffer uses 4 channels per SM
Elastic buffer uses 4 channels per SM
Elastic buffer uses 4 channels per SM
Elastic buffer uses 4 channels per SM
Elastic buffer uses 4 channels per SM
Elastic buffer uses 4 channels per SM
Elastic buffer uses 4 channels per SM
CPU side received count (scaleup: 5): -111 -98 -102 -101 -108 -105 -110 -101 # -129 -129 -129 -129 -257 -129 -129 -129 
CPU side received count (scaleup: 6): -108 -97 -104 -110 -95 -96 -94 -108 # -129 -129 -129 -129 -129 -129 -129 -129 
CPU side received count (scaleup: 4): -110 -108 -92 -111 -101 -111 -97 -113 # -129 -129 -129 -129 -129 -257 -129 -129 
CPU side received count (scaleup: 7): -103 -110 -98 -104 -89 -113 -83 -83 # -129 -129 -129 -129 -129 -129 -129 -129 
CPU side received count (scaleup: 1): -96 -92 -93 -115 -120 -99 -97 -103 # -129 -129 -129 -129 -129 -129 -129 -129 
CPU side received count (scaleup: 2): -106 -95 -101 -98 -100 -111 -96 -96 # -129 -129 -129 -129 -129 -129 -129 -129 
CPU side received count (scaleup: 3): -111 -112 -102 -87 -114 -95 -107 -109 # -129 -129 -129 -129 -129 -129 -129 -257 
CPU side received count (scaleup: 0): -102 -99 -111 -101 -102 -102 -84 -90 # -129 -129 -129 -129 -129 -129 -129 -129 
Elastic buffer uses 4 channels per SM
Elastic buffer uses 4 channels per SM
Elastic buffer uses 4 channels per SM
Elastic buffer uses 4 channels per SM
Elastic buffer uses 4 channels per SM
Elastic buffer uses 4 channels per SM
Elastic buffer uses 4 channels per SM
Elastic buffer uses 4 channels per SM
CPU side received count (scaleup: 6): -108 -97 -104 -110 -95 -96 -94 -108 # -129 -129 -129 -129 -129 -129 -129 -129 
CPU side received count (scaleup: 4): -110 -108 -92 -111 -101 -111 -97 -113 # -129 -129 -129 -129 -129 -257 -129 -129 
CPU side received count (scaleup: 5): -111 -98 -102 -101 -108 -105 -110 -101 # -129 -129 -129 -129 -257 -129 -129 -129 
CPU side received count (scaleup: 7): -103 -110 -98 -104 -89 -113 -83 -83 # -129 -129 -129 -129 -129 -129 -129 -129 
CPU side received count (scaleup: 2): -106 -95 -101 -98 -100 -111 -96 -96 # -129 -129 -129 -129 -129 -129 -129 -129 
CPU side received count (scaleup: 3): -111 -112 -102 -87 -114 -95 -107 -109 # -129 -129 -129 -129 -129 -129 -129 -257 
CPU side received count (scaleup: 1): -96 -92 -93 -115 -120 -99 -97 -103 # -129 -129 -129 -129 -129 -129 -129 -129 
CPU side received count (scaleup: 0): -102 -99 -111 -101 -102 -102 -84 -90 # -129 -129 -129 -129 -129 -129 -129 -129 
Elastic buffer uses 4 channels per SM
Elastic buffer uses 4 channels per SM
Elastic buffer uses 4 channels per SM
Elastic buffer uses 4 channels per SM
Elastic buffer uses 4 channels per SM
Elastic buffer uses 4 channels per SM
Elastic buffer uses 4 channels per SM
Elastic buffer uses 4 channels per SM
CPU side received count (scaleup: 5): -111 -98 -102 -101 -108 -105 -110 -101 # -129 -129 -129 -129 -257 -129 -129 -129 
CPU side received count (scaleup: 6): -108 -97 -104 -110 -95 -96 -94 -108 # -129 -129 -129 -129 -129 -129 -129 -129 
CPU side received count (scaleup: 4): -110 -108 -92 -111 -101 -111 -97 -113 # -129 -129 -129 -129 -129 -257 -129 -129 
CPU side received count (scaleup: 7): -103 -110 -98 -104 -89 -113 -83 -83 # -129 -129 -129 -129 -129 -129 -129 -129 
CPU side received count (scaleup: 2): -106 -95 -101 -98 -100 -111 -96 -96 # -129 -129 -129 -129 -129 -129 -129 -129 
CPU side received count (scaleup: 3): -111 -112 -102 -87 -114 -95 -107 -109 # -129 -129 -129 -129 -129 -129 -129 -257 
CPU side received count (scaleup: 0): -102 -99 -111 -101 -102 -102 -84 -90 # -129 -129 -129 -129 -129 -129 -129 -129 
CPU side received count (scaleup: 1): -96 -92 -93 -115 -120 -99 -97 -103 # -129 -129 -129 -129 -129 -129 -129 -129 
Elastic buffer uses 4 channels per SM
Elastic buffer uses 4 channels per SM
Elastic buffer uses 4 channels per SM
Elastic buffer uses 4 channels per SM
Elastic buffer uses 4 channels per SM
Elastic buffer uses 4 channels per SM
Elastic buffer uses 4 channels per SM
Elastic buffer uses 4 channels per SM
CPU side received count (scaleup: 4): -110 -108 -92 -111 -101 -111 -97 -113 # -129 -129 -129 -129 -129 -257 -129 -129 
CPU side received count (scaleup: 5): -111 -98 -102 -101 -108 -105 -110 -101 # -129 -129 -129 -129 -257 -129 -129 -129 
CPU side received count (scaleup: 6): -108 -97 -104 -110 -95 -96 -94 -108 # -129 -129 -129 -129 -129 -129 -129 -129 
CPU side received count (scaleup: 7): -103 -110 -98 -104 -89 -113 -83 -83 # -129 -129 -129 -129 -129 -129 -129 -129 
CPU side received count (scaleup: 0): -102 -99 -111 -101 -102 -102 -84 -90 # -129 -129 -129 -129 -129 -129 -129 -129 
CPU side received count (scaleup: 2): -106 -95 -101 -98 -100 -111 -96 -96 # -129 -129 -129 -129 -129 -129 -129 -129 
CPU side received count (scaleup: 1): -96 -92 -93 -115 -120 -99 -97 -103 # -129 -129 -129 -129 -129 -129 -129 -129 
CPU side received count (scaleup: 3): -111 -112 -102 -87 -114 -95 -107 -109 # -129 -129 -129 -129 -129 -129 -129 -257 
Elastic buffer uses 4 channels per SM
Elastic buffer uses 4 channels per SM
Elastic buffer uses 4 channels per SM
Elastic buffer uses 4 channels per SM
Elastic buffer uses 4 channels per SM
Elastic buffer uses 4 channels per SM
Elastic buffer uses 4 channels per SM
Elastic buffer uses 4 channels per SM
CPU side received count (scaleup: 5): -111 -98 -102 -101 -108 -105 -110 -101 # -129 -129 -129 -129 -257 -129 -129 -129 
CPU side received count (scaleup: 4): -110 -108 -92 -111 -101 -111 -97 -113 # -129 -129 -129 -129 -129 -257 -129 -129 
CPU side received count (scaleup: 6): -108 -97 -104 -110 -95 -96 -94 -108 # -129 -129 -129 -129 -129 -129 -129 -129 
CPU side received count (scaleup: 7): -103 -110 -98 -104 -89 -113 -83 -83 # -129 -129 -129 -129 -129 -129 -129 -129 
CPU side received count (scaleup: 1): -96 -92 -93 -115 -120 -99 -97 -103 # -129 -129 -129 -129 -129 -129 -129 -129 
CPU side received count (scaleup: 0): -102 -99 -111 -101 -102 -102 -84 -90 # -129 -129 -129 -129 -129 -129 -129 -129 
CPU side received count (scaleup: 2): -106 -95 -101 -98 -100 -111 -96 -96 # -129 -129 -129 -129 -129 -129 -129 -129 
CPU side received count (scaleup: 3): -111 -112 -102 -87 -114 -95 -107 -109 # -129 -129 -129 -129 -129 -129 -129 -257 
Elastic buffer uses 4 channels per SM
Elastic buffer uses 4 channels per SM
Elastic buffer uses 4 channels per SM
Elastic buffer uses 4 channels per SM
Elastic buffer uses 4 channels per SM
Elastic buffer uses 4 channels per SM
Elastic buffer uses 4 channels per SM
Elastic buffer uses 4 channels per SM
CPU side received count (scaleup: 4): -110 -108 -92 -111 -101 -111 -97 -113 # -129 -129 -129 -129 -129 -257 -129 -129 
CPU side received count (scaleup: 5): -111 -98 -102 -101 -108 -105 -110 -101 # -129 -129 -129 -129 -257 -129 -129 -129 
CPU side received count (scaleup: 6): -108 -97 -104 -110 -95 -96 -94 -108 # -129 -129 -129 -129 -129 -129 -129 -129 
CPU side received count (scaleup: 7): -103 -110 -98 -104 -89 -113 -83 -83 # -129 -129 -129 -129 -129 -129 -129 -129 
CPU side received count (scaleup: 2): -106 -95 -101 -98 -100 -111 -96 -96 # -129 -129 -129 -129 -129 -129 -129 -129 
CPU side received count (scaleup: 1): -96 -92 -93 -115 -120 -99 -97 -103 # -129 -129 -129 -129 -129 -129 -129 -129 
CPU side received count (scaleup: 3): -111 -112 -102 -87 -114 -95 -107 -109 # -129 -129 -129 -129 -129 -129 -129 -257 
CPU side received count (scaleup: 0): -102 -99 -111 -101 -102 -102 -84 -90 # -129 -129 -129 -129 -129 -129 -129 -129 
Elastic buffer uses 4 channels per SM
Elastic buffer uses 4 channels per SM
Elastic buffer uses 4 channels per SM
Elastic buffer uses 4 channels per SM
Elastic buffer uses 4 channels per SM
Elastic buffer uses 4 channels per SM
Elastic buffer uses 4 channels per SM
Elastic buffer uses 4 channels per SM
CPU side received count (scaleup: 4): -110 -108 -92 -111 -101 -111 -97 -113 # -129 -129 -129 -129 -129 -257 -129 -129 
CPU side received count (scaleup: 5): -111 -98 -102 -101 -108 -105 -110 -101 # -129 -129 -129 -129 -257 -129 -129 -129 
CPU side received count (scaleup: 6): -108 -97 -104 -110 -95 -96 -94 -108 # -129 -129 -129 -129 -129 -129 -129 -129 
CPU side received count (scaleup: 7): -103 -110 -98 -104 -89 -113 -83 -83 # -129 -129 -129 -129 -129 -129 -129 -129 
CPU side received count (scaleup: 1): -96 -92 -93 -115 -120 -99 -97 -103 # -129 -129 -129 -129 -129 -129 -129 -129 
CPU side received count (scaleup: 0): -102 -99 -111 -101 -102 -102 -84 -90 # -129 -129 -129 -129 -129 -129 -129 -129 
CPU side received count (scaleup: 2): -106 -95 -101 -98 -100 -111 -96 -96 # -129 -129 -129 -129 -129 -129 -129 -129 
CPU side received count (scaleup: 3): -111 -112 -102 -87 -114 -95 -107 -109 # -129 -129 -129 -129 -129 -129 -129 -257 
Elastic buffer uses 4 channels per SM
Elastic buffer uses 4 channels per SM
Elastic buffer uses 4 channels per SM
Elastic buffer uses 4 channels per SM
Elastic buffer uses 4 channels per SM
Elastic buffer uses 4 channels per SM
Elastic buffer uses 4 channels per SM
Elastic buffer uses 4 channels per SM
CPU side received count (scaleup: 4): -110 -108 -92 -111 -101 -111 -97 -113 # -129 -129 -129 -129 -129 -257 -129 -129 
CPU side received count (scaleup: 6): -108 -97 -104 -110 -95 -96 -94 -108 # -129 -129 -129 -129 -129 -129 -129 -129 
CPU side received count (scaleup: 5): -111 -98 -102 -101 -108 -105 -110 -101 # -129 -129 -129 -129 -257 -129 -129 -129 
CPU side received count (scaleup: 0): -102 -99 -111 -101 -102 -102 -84 -90 # -129 -129 -129 -129 -129 -129 -129 -129 
CPU side received count (scaleup: 7): -103 -110 -98 -104 -89 -113 -83 -83 # -129 -129 -129 -129 -129 -129 -129 -129 
CPU side received count (scaleup: 2): -106 -95 -101 -98 -100 -111 -96 -96 # -129 -129 -129 -129 -129 -129 -129 -129 
CPU side received count (scaleup: 3): -111 -112 -102 -87 -114 -95 -107 -109 # -129 -129 -129 -129 -129 -129 -129 -257 
CPU side received count (scaleup: 1): -96 -92 -93 -115 -120 -99 -97 -103 # -129 -129 -129 -129 -129 -129 -129 -129 
Elastic buffer uses 4 channels per SM
Elastic buffer uses 4 channels per SM
Elastic buffer uses 4 channels per SM
Elastic buffer uses 4 channels per SM
Elastic buffer uses 4 channels per SM
Elastic buffer uses 4 channels per SM
Elastic buffer uses 4 channels per SM
Elastic buffer uses 4 channels per SM
CPU side received count (scaleup: 5): -111 -98 -102 -101 -108 -105 -110 -101 # -129 -129 -129 -129 -257 -129 -129 -129 
CPU side received count (scaleup: 6): -108 -97 -104 -110 -95 -96 -94 -108 # -129 -129 -129 -129 -129 -129 -129 -129 
CPU side received count (scaleup: 4): -110 -108 -92 -111 -101 -111 -97 -113 # -129 -129 -129 -129 -129 -257 -129 -129 
CPU side received count (scaleup: 7): -103 -110 -98 -104 -89 -113 -83 -83 # -129 -129 -129 -129 -129 -129 -129 -129 
CPU side received count (scaleup: 2): -106 -95 -101 -98 -100 -111 -96 -96 # -129 -129 -129 -129 -129 -129 -129 -129 
CPU side received count (scaleup: 3): -111 -112 -102 -87 -114 -95 -107 -109 # -129 -129 -129 -129 -129 -129 -129 -257 
CPU side received count (scaleup: 0): -102 -99 -111 -101 -102 -102 -84 -90 # -129 -129 -129 -129 -129 -129 -129 -129 
CPU side received count (scaleup: 1): -96 -92 -93 -115 -120 -99 -97 -103 # -129 -129 -129 -129 -129 -129 -129 -129 
Elastic buffer uses 4 channels per SM
Elastic buffer uses 4 channels per SM
Elastic buffer uses 4 channels per SM
Elastic buffer uses 4 channels per SM
Elastic buffer uses 4 channels per SM
Elastic buffer uses 4 channels per SM
Elastic buffer uses 4 channels per SM
Elastic buffer uses 4 channels per SM
CPU side received count (scaleup: 5): -111 -98 -102 -101 -108 -105 -110 -101 # -129 -129 -129 -129 -257 -129 -129 -129 
CPU side received count (scaleup: 6): -108 -97 -104 -110 -95 -96 -94 -108 # -129 -129 -129 -129 -129 -129 -129 -129 
CPU side received count (scaleup: 4): -110 -108 -92 -111 -101 -111 -97 -113 # -129 -129 -129 -129 -129 -257 -129 -129 
CPU side received count (scaleup: 7): -103 -110 -98 -104 -89 -113 -83 -83 # -129 -129 -129 -129 -129 -129 -129 -129 
CPU side received count (scaleup: 1): -96 -92 -93 -115 -120 -99 -97 -103 # -129 -129 -129 -129 -129 -129 -129 -129 
CPU side received count (scaleup: 2): -106 -95 -101 -98 -100 -111 -96 -96 # -129 -129 -129 -129 -129 -129 -129 -129 
CPU side received count (scaleup: 3): -111 -112 -102 -87 -114 -95 -107 -109 # -129 -129 -129 -129 -129 -129 -129 -257 
CPU side received count (scaleup: 0): -102 -99 -111 -101 -102 -102 -84 -90 # -129 -129 -129 -129 -129 -129 -129 -129 
Elastic buffer uses 4 channels per SM
Elastic buffer uses 4 channels per SM
Elastic buffer uses 4 channels per SM
Elastic buffer uses 4 channels per SM
Elastic buffer uses 4 channels per SM
Elastic buffer uses 4 channels per SM
Elastic buffer uses 4 channels per SM
Elastic buffer uses 4 channels per SM
CPU side received count (scaleup: 5): -111 -98 -102 -101 -108 -105 -110 -101 # -129 -129 -129 -129 -257 -129 -129 -129 
CPU side received count (scaleup: 6): -108 -97 -104 -110 -95 -96 -94 -108 # -129 -129 -129 -129 -129 -129 -129 -129 
CPU side received count (scaleup: 4): -110 -108 -92 -111 -101 -111 -97 -113 # -129 -129 -129 -129 -129 -257 -129 -129 
CPU side received count (scaleup: 7): -103 -110 -98 -104 -89 -113 -83 -83 # -129 -129 -129 -129 -129 -129 -129 -129 
CPU side received count (scaleup: 2): -106 -95 -101 -98 -100 -111 -96 -96 # -129 -129 -129 -129 -129 -129 -129 -129 
CPU side received count (scaleup: 3): -111 -112 -102 -87 -114 -95 -107 -109 # -129 -129 -129 -129 -129 -129 -129 -257 
CPU side received count (scaleup: 1): -96 -92 -93 -115 -120 -99 -97 -103 # -129 -129 -129 -129 -129 -129 -129 -129 
CPU side received count (scaleup: 0): -102 -99 -111 -101 -102 -102 -84 -90 # -129 -129 -129 -129 -129 -129 -129 -129 
Elastic buffer uses 4 channels per SM
Elastic buffer uses 4 channels per SM
Elastic buffer uses 4 channels per SM
Elastic buffer uses 4 channels per SM
Elastic buffer uses 4 channels per SM
Elastic buffer uses 4 channels per SM
Elastic buffer uses 4 channels per SM
Elastic buffer uses 4 channels per SM
CPU side received count (scaleup: 2): -106 -95 -101 -98 -100 -111 -96 -96 # -129 -129 -129 -129 -129 -129 -129 -129 
CPU side received count (scaleup: 1): -96 -92 -93 -115 -120 -99 -97 -103 # -129 -129 -129 -129 -129 -129 -129 -129 
CPU side received count (scaleup: 3): -111 -112 -102 -87 -114 -95 -107 -109 # -129 -129 -129 -129 -129 -129 -129 -257 
CPU side received count (scaleup: 0): -102 -99 -111 -101 -102 -102 -84 -90 # -129 -129 -129 -129 -129 -129 -129 -129 
CPU side received count (scaleup: 4): -110 -108 -92 -111 -101 -111 -97 -113 # -129 -129 -129 -129 -129 -257 -129 -129 
CPU side received count (scaleup: 5): -111 -98 -102 -101 -108 -105 -110 -101 # -129 -129 -129 -129 -257 -129 -129 -129 
CPU side received count (scaleup: 6): -108 -97 -104 -110 -95 -96 -94 -108 # -129 -129 -129 -129 -129 -129 -129 -129 
CPU side received count (scaleup: 7): -103 -110 -98 -104 -89 -113 -83 -83 # -129 -129 -129 -129 -129 -129 -129 -129 
Elastic buffer uses 4 channels per SM
Elastic buffer uses 4 channels per SM
Elastic buffer uses 4 channels per SM
Elastic buffer uses 4 channels per SM
Elastic buffer uses 4 channels per SM
Elastic buffer uses 4 channels per SM
Elastic buffer uses 4 channels per SM
Elastic buffer uses 4 channels per SM
CPU side received count (scaleup: 2): -106 -95 -101 -98 -100 -111 -96 -96 # -129 -129 -129 -129 -129 -129 -129 -129 
CPU side received count (scaleup: 3): -111 -112 -102 -87 -114 -95 -107 -109 # -129 -129 -129 -129 -129 -129 -129 -257 
CPU side received count (scaleup: 0): -102 -99 -111 -101 -102 -102 -84 -90 # -129 -129 -129 -129 -129 -129 -129 -129 
CPU side received count (scaleup: 1): -96 -92 -93 -115 -120 -99 -97 -103 # -129 -129 -129 -129 -129 -129 -129 -129 
CPU side received count (scaleup: 6): -108 -97 -104 -110 -95 -96 -94 -108 # -129 -129 -129 -129 -129 -129 -129 -129 
CPU side received count (scaleup: 5): -111 -98 -102 -101 -108 -105 -110 -101 # -129 -129 -129 -129 -257 -129 -129 -129 
CPU side received count (scaleup: 4): -110 -108 -92 -111 -101 -111 -97 -113 # -129 -129 -129 -129 -129 -257 -129 -129 
CPU side received count (scaleup: 7): -103 -110 -98 -104 -89 -113 -83 -83 # -129 -129 -129 -129 -129 -129 -129 -129 
Elastic buffer uses 4 channels per SM
Elastic buffer uses 4 channels per SM
Elastic buffer uses 4 channels per SM
Elastic buffer uses 4 channels per SM
Elastic buffer uses 4 channels per SM
Elastic buffer uses 4 channels per SM
Elastic buffer uses 4 channels per SM
Elastic buffer uses 4 channels per SM
CPU side received count (scaleup: 2): -106 -95 -101 -98 -100 -111 -96 -96 # -129 -129 -129 -129 -129 -129 -129 -129 
CPU side received count (scaleup: 3): -111 -112 -102 -87 -114 -95 -107 -109 # -129 -129 -129 -129 -129 -129 -129 -257 
CPU side received count (scaleup: 0): -102 -99 -111 -101 -102 -102 -84 -90 # -129 -129 -129 -129 -129 -129 -129 -129 
CPU side received count (scaleup: 1): -96 -92 -93 -115 -120 -99 -97 -103 # -129 -129 -129 -129 -129 -129 -129 -129 
CPU side received count (scaleup: 5): -111 -98 -102 -101 -108 -105 -110 -101 # -129 -129 -129 -129 -257 -129 -129 -129 
CPU side received count (scaleup: 4): -110 -108 -92 -111 -101 -111 -97 -113 # -129 -129 -129 -129 -129 -257 -129 -129 
CPU side received count (scaleup: 6): -108 -97 -104 -110 -95 -96 -94 -108 # -129 -129 -129 -129 -129 -129 -129 -129 
CPU side received count (scaleup: 7): -103 -110 -98 -104 -89 -113 -83 -83 # -129 -129 -129 -129 -129 -129 -129 -129 
Elastic buffer uses 4 channels per SM
Elastic buffer uses 4 channels per SM
Elastic buffer uses 4 channels per SM
Elastic buffer uses 4 channels per SM
Elastic buffer uses 4 channels per SM
Elastic buffer uses 4 channels per SM
Elastic buffer uses 4 channels per SM
Elastic buffer uses 4 channels per SM
CPU side received count (scaleup: 6): -108 -97 -104 -110 -95 -96 -94 -108 # -129 -129 -129 -129 -129 -129 -129 -129 
CPU side received count (scaleup: 4): -110 -108 -92 -111 -101 -111 -97 -113 # -129 -129 -129 -129 -129 -257 -129 -129 
CPU side received count (scaleup: 5): -111 -98 -102 -101 -108 -105 -110 -101 # -129 -129 -129 -129 -257 -129 -129 -129 
CPU side received count (scaleup: 7): -103 -110 -98 -104 -89 -113 -83 -83 # -129 -129 -129 -129 -129 -129 -129 -129 
CPU side received count (scaleup: 2): -106 -95 -101 -98 -100 -111 -96 -96 # -129 -129 -129 -129 -129 -129 -129 -129 
CPU side received count (scaleup: 3): -111 -112 -102 -87 -114 -95 -107 -109 # -129 -129 -129 -129 -129 -129 -129 -257 
CPU side received count (scaleup: 0): -102 -99 -111 -101 -102 -102 -84 -90 # -129 -129 -129 -129 -129 -129 -129 -129 
CPU side received count (scaleup: 1): -96 -92 -93 -115 -120 -99 -97 -103 # -129 -129 -129 -129 -129 -129 -129 -129 
Elastic buffer uses 4 channels per SM
Elastic buffer uses 4 channels per SM
Elastic buffer uses 4 channels per SM
Elastic buffer uses 4 channels per SM
Elastic buffer uses 4 channels per SM
Elastic buffer uses 4 channels per SM
Elastic buffer uses 4 channels per SM
Elastic buffer uses 4 channels per SM
CPU side received count (scaleup: 6): -108 -97 -104 -110 -95 -96 -94 -108 # -129 -129 -129 -129 -129 -129 -129 -129 
CPU side received count (scaleup: 5): -111 -98 -102 -101 -108 -105 -110 -101 # -129 -129 -129 -129 -257 -129 -129 -129 
CPU side received count (scaleup: 4): -110 -108 -92 -111 -101 -111 -97 -113 # -129 -129 -129 -129 -129 -257 -129 -129 
CPU side received count (scaleup: 7): -103 -110 -98 -104 -89 -113 -83 -83 # -129 -129 -129 -129 -129 -129 -129 -129 
CPU side received count (scaleup: 2): -106 -95 -101 -98 -100 -111 -96 -96 # -129 -129 -129 -129 -129 -129 -129 -129 
CPU side received count (scaleup: 3): -111 -112 -102 -87 -114 -95 -107 -109 # -129 -129 -129 -129 -129 -129 -129 -257 
CPU side received count (scaleup: 0): -102 -99 -111 -101 -102 -102 -84 -90 # -129 -129 -129 -129 -129 -129 -129 -129 
CPU side received count (scaleup: 1): -96 -92 -93 -115 -120 -99 -97 -103 # -129 -129 -129 -129 -129 -129 -129 -129 
Elastic buffer uses 4 channels per SM
Elastic buffer uses 4 channels per SM
Elastic buffer uses 4 channels per SM
Elastic buffer uses 4 channels per SM
Elastic buffer uses 4 channels per SM
Elastic buffer uses 4 channels per SM
Elastic buffer uses 4 channels per SM
Elastic buffer uses 4 channels per SM
CPU side received count (scaleup: 0): -102 -99 -111 -101 -102 -102 -84 -90 # -129 -129 -129 -129 -129 -129 -129 -129 
CPU side received count (scaleup: 1): -96 -92 -93 -115 -120 -99 -97 -103 # -129 -129 -129 -129 -129 -129 -129 -129 
CPU side received count (scaleup: 2): -106 -95 -101 -98 -100 -111 -96 -96 # -129 -129 -129 -129 -129 -129 -129 -129 
CPU side received count (scaleup: 3): -111 -112 -102 -87 -114 -95 -107 -109 # -129 -129 -129 -129 -129 -129 -129 -257 
CPU side received count (scaleup: 4): -110 -108 -92 -111 -101 -111 -97 -113 # -129 -129 -129 -129 -129 -257 -129 -129 
CPU side received count (scaleup: 6): -108 -97 -104 -110 -95 -96 -94 -108 # -129 -129 -129 -129 -129 -129 -129 -129 
CPU side received count (scaleup: 7): -103 -110 -98 -104 -89 -113 -83 -83 # -129 -129 -129 -129 -129 -129 -129 -129 
CPU side received count (scaleup: 5): -111 -98 -102 -101 -108 -105 -110 -101 # -129 -129 -129 -129 -257 -129 -129 -129 
Elastic buffer uses 4 channels per SM
Elastic buffer uses 4 channels per SM
Elastic buffer uses 4 channels per SM
Elastic buffer uses 4 channels per SM
Elastic buffer uses 4 channels per SM
Elastic buffer uses 4 channels per SM
Elastic buffer uses 4 channels per SM
Elastic buffer uses 4 channels per SM
CPU side received count (scaleup: 2): -106 -95 -101 -98 -100 -111 -96 -96 # -129 -129 -129 -129 -129 -129 -129 -129 
CPU side received count (scaleup: 3): -111 -112 -102 -87 -114 -95 -107 -109 # -129 -129 -129 -129 -129 -129 -129 -257 
CPU side received count (scaleup: 0): -102 -99 -111 -101 -102 -102 -84 -90 # -129 -129 -129 -129 -129 -129 -129 -129 
CPU side received count (scaleup: 1): -96 -92 -93 -115 -120 -99 -97 -103 # -129 -129 -129 -129 -129 -129 -129 -129 
CPU side received count (scaleup: 5): -111 -98 -102 -101 -108 -105 -110 -101 # -129 -129 -129 -129 -257 -129 -129 -129 
CPU side received count (scaleup: 6): -108 -97 -104 -110 -95 -96 -94 -108 # -129 -129 -129 -129 -129 -129 -129 -129 
CPU side received count (scaleup: 4): -110 -108 -92 -111 -101 -111 -97 -113 # -129 -129 -129 -129 -129 -257 -129 -129 
CPU side received count (scaleup: 7): -103 -110 -98 -104 -89 -113 -83 -83 # -129 -129 -129 -129 -129 -129 -129 -129 
Elastic buffer uses 4 channels per SM
Elastic buffer uses 4 channels per SM
Elastic buffer uses 4 channels per SM
Elastic buffer uses 4 channels per SM
Elastic buffer uses 4 channels per SM
Elastic buffer uses 4 channels per SM
Elastic buffer uses 4 channels per SM
Elastic buffer uses 4 channels per SM
CPU side received count (scaleup: 0): -102 -99 -111 -101 -102 -102 -84 -90 # -129 -129 -129 -129 -129 -129 -129 -129 
CPU side received count (scaleup: 2): -106 -95 -101 -98 -100 -111 -96 -96 # -129 -129 -129 -129 -129 -129 -129 -129 
CPU side received count (scaleup: 3): -111 -112 -102 -87 -114 -95 -107 -109 # -129 -129 -129 -129 -129 -129 -129 -257 
CPU side received count (scaleup: 5): -111 -98 -102 -101 -108 -105 -110 -101 # -129 -129 -129 -129 -257 -129 -129 -129 
CPU side received count (scaleup: 4): -110 -108 -92 -111 -101 -111 -97 -113 # -129 -129 -129 -129 -129 -257 -129 -129 
CPU side received count (scaleup: 6): -108 -97 -104 -110 -95 -96 -94 -108 # -129 -129 -129 -129 -129 -129 -129 -129 
CPU side received count (scaleup: 1): -96 -92 -93 -115 -120 -99 -97 -103 # -129 -129 -129 -129 -129 -129 -129 -129 
CPU side received count (scaleup: 7): -103 -110 -98 -104 -89 -113 -83 -83 # -129 -129 -129 -129 -129 -129 -129 -129 
Elastic buffer uses 4 channels per SM
Elastic buffer uses 4 channels per SM
Elastic buffer uses 4 channels per SM
Elastic buffer uses 4 channels per SM
Elastic buffer uses 4 channels per SM
Elastic buffer uses 4 channels per SM
Elastic buffer uses 4 channels per SM
Elastic buffer uses 4 channels per SM
CPU side received count (scaleup: 6): -108 -97 -104 -110 -95 -96 -94 -108 # -129 -129 -129 -129 -129 -129 -129 -129 
CPU side received count (scaleup: 4): -110 -108 -92 -111 -101 -111 -97 -113 # -129 -129 -129 -129 -129 -257 -129 -129 
CPU side received count (scaleup: 5): -111 -98 -102 -101 -108 -105 -110 -101 # -129 -129 -129 -129 -257 -129 -129 -129 
CPU side received count (scaleup: 7): -103 -110 -98 -104 -89 -113 -83 -83 # -129 -129 -129 -129 -129 -129 -129 -129 
CPU side received count (scaleup: 0): -102 -99 -111 -101 -102 -102 -84 -90 # -129 -129 -129 -129 -129 -129 -129 -129 
CPU side received count (scaleup: 2): -106 -95 -101 -98 -100 -111 -96 -96 # -129 -129 -129 -129 -129 -129 -129 -129 
CPU side received count (scaleup: 3): -111 -112 -102 -87 -114 -95 -107 -109 # -129 -129 -129 -129 -129 -129 -129 -257 
CPU side received count (scaleup: 1): -96 -92 -93 -115 -120 -99 -97 -103 # -129 -129 -129 -129 -129 -129 -129 -129 
Elastic buffer uses 4 channels per SM
Elastic buffer uses 4 channels per SM
Elastic buffer uses 4 channels per SM
Elastic buffer uses 4 channels per SM
Elastic buffer uses 4 channels per SM
Elastic buffer uses 4 channels per SM
Elastic buffer uses 4 channels per SM
Elastic buffer uses 4 channels per SM
CPU side received count (scaleup: 6): -108 -97 -104 -110 -95 -96 -94 -108 # -129 -129 -129 -129 -129 -129 -129 -129 
CPU side received count (scaleup: 4): -110 -108 -92 -111 -101 -111 -97 -113 # -129 -129 -129 -129 -129 -257 -129 -129 
CPU side received count (scaleup: 5): -111 -98 -102 -101 -108 -105 -110 -101 # -129 -129 -129 -129 -257 -129 -129 -129 
CPU side received count (scaleup: 7): -103 -110 -98 -104 -89 -113 -83 -83 # -129 -129 -129 -129 -129 -129 -129 -129 
CPU side received count (scaleup: 1): -96 -92 -93 -115 -120 -99 -97 -103 # -129 -129 -129 -129 -129 -129 -129 -129 
CPU side received count (scaleup: 2): -106 -95 -101 -98 -100 -111 -96 -96 # -129 -129 -129 -129 -129 -129 -129 -129 
CPU side received count (scaleup: 3): -111 -112 -102 -87 -114 -95 -107 -109 # -129 -129 -129 -129 -129 -129 -129 -257 
CPU side received count (scaleup: 0): -102 -99 -111 -101 -102 -102 -84 -90 # -129 -129 -129 -129 -129 -129 -129 -129 
Elastic buffer uses 4 channels per SM
Elastic buffer uses 4 channels per SM
Elastic buffer uses 4 channels per SM
Elastic buffer uses 4 channels per SM
Elastic buffer uses 4 channels per SM
Elastic buffer uses 4 channels per SM
Elastic buffer uses 4 channels per SM
Elastic buffer uses 4 channels per SM
CPU side received count (scaleup: 5): -111 -98 -102 -101 -108 -105 -110 -101 # -129 -129 -129 -129 -257 -129 -129 -129 
CPU side received count (scaleup: 6): -108 -97 -104 -110 -95 -96 -94 -108 # -129 -129 -129 -129 -129 -129 -129 -129 
CPU side received count (scaleup: 4): -110 -108 -92 -111 -101 -111 -97 -113 # -129 -129 -129 -129 -129 -257 -129 -129 
CPU side received count (scaleup: 7): -103 -110 -98 -104 -89 -113 -83 -83 # -129 -129 -129 -129 -129 -129 -129 -129 
CPU side received count (scaleup: 2): -106 -95 -101 -98 -100 -111 -96 -96 # -129 -129 -129 -129 -129 -129 -129 -129 
CPU side received count (scaleup: 3): -111 -112 -102 -87 -114 -95 -107 -109 # -129 -129 -129 -129 -129 -129 -129 -257 
CPU side received count (scaleup: 0): -102 -99 -111 -101 -102 -102 -84 -90 # -129 -129 -129 -129 -129 -129 -129 -129 
CPU side received count (scaleup: 1): -96 -92 -93 -115 -120 -99 -97 -103 # -129 -129 -129 -129 -129 -129 -129 -129 
Elastic buffer uses 4 channels per SM
Elastic buffer uses 4 channels per SM
Elastic buffer uses 4 channels per SM
Elastic buffer uses 4 channels per SM
Elastic buffer uses 4 channels per SM
Elastic buffer uses 4 channels per SM
Elastic buffer uses 4 channels per SM
Elastic buffer uses 4 channels per SM
CPU side received count (scaleup: 5): -111 -98 -102 -101 -108 -105 -110 -101 # -129 -129 -129 -129 -257 -129 -129 -129 
CPU side received count (scaleup: 4): -110 -108 -92 -111 -101 -111 -97 -113 # -129 -129 -129 -129 -129 -257 -129 -129 
CPU side received count (scaleup: 6): -108 -97 -104 -110 -95 -96 -94 -108 # -129 -129 -129 -129 -129 -129 -129 -129 
CPU side received count (scaleup: 7): -103 -110 -98 -104 -89 -113 -83 -83 # -129 -129 -129 -129 -129 -129 -129 -129 
CPU side received count (scaleup: 2): -106 -95 -101 -98 -100 -111 -96 -96 # -129 -129 -129 -129 -129 -129 -129 -129 
CPU side received count (scaleup: 3): -111 -112 -102 -87 -114 -95 -107 -109 # -129 -129 -129 -129 -129 -129 -129 -257 
CPU side received count (scaleup: 0): -102 -99 -111 -101 -102 -102 -84 -90 # -129 -129 -129 -129 -129 -129 -129 -129 
CPU side received count (scaleup: 1): -96 -92 -93 -115 -120 -99 -97 -103 # -129 -129 -129 -129 -129 -129 -129 -129 
Elastic buffer uses 4 channels per SM
Elastic buffer uses 4 channels per SM
Elastic buffer uses 4 channels per SM
Elastic buffer uses 4 channels per SM
Elastic buffer uses 4 channels per SM
Elastic buffer uses 4 channels per SM
Elastic buffer uses 4 channels per SM
Elastic buffer uses 4 channels per SM
CPU side received count (scaleup: 6): -108 -97 -104 -110 -95 -96 -94 -108 # -129 -129 -129 -129 -129 -129 -129 -129 
CPU side received count (scaleup: 4): -110 -108 -92 -111 -101 -111 -97 -113 # -129 -129 -129 -129 -129 -257 -129 -129 
CPU side received count (scaleup: 5): -111 -98 -102 -101 -108 -105 -110 -101 # -129 -129 -129 -129 -257 -129 -129 -129 
CPU side received count (scaleup: 7): -103 -110 -98 -104 -89 -113 -83 -83 # -129 -129 -129 -129 -129 -129 -129 -129 
CPU side received count (scaleup: 1): -96 -92 -93 -115 -120 -99 -97 -103 # -129 -129 -129 -129 -129 -129 -129 -129 
CPU side received count (scaleup: 2): -106 -95 -101 -98 -100 -111 -96 -96 # -129 -129 -129 -129 -129 -129 -129 -129 
CPU side received count (scaleup: 3): -111 -112 -102 -87 -114 -95 -107 -109 # -129 -129 -129 -129 -129 -129 -129 -257 
CPU side received count (scaleup: 0): -102 -99 -111 -101 -102 -102 -84 -90 # -129 -129 -129 -129 -129 -129 -129 -129 
Elastic buffer uses 4 channels per SM
Elastic buffer uses 4 channels per SM
Elastic buffer uses 4 channels per SM
Elastic buffer uses 4 channels per SM
Elastic buffer uses 4 channels per SM
Elastic buffer uses 4 channels per SM
Elastic buffer uses 4 channels per SM
Elastic buffer uses 4 channels per SM
CPU side received count (scaleup: 5): -111 -98 -102 -101 -108 -105 -110 -101 # -129 -129 -129 -129 -257 -129 -129 -129 
CPU side received count (scaleup: 6): -108 -97 -104 -110 -95 -96 -94 -108 # -129 -129 -129 -129 -129 -129 -129 -129 
CPU side received count (scaleup: 4): -110 -108 -92 -111 -101 -111 -97 -113 # -129 -129 -129 -129 -129 -257 -129 -129 
CPU side received count (scaleup: 7): -103 -110 -98 -104 -89 -113 -83 -83 # -129 -129 -129 -129 -129 -129 -129 -129 
CPU side received count (scaleup: 2): -106 -95 -101 -98 -100 -111 -96 -96 # -129 -129 -129 -129 -129 -129 -129 -129 
CPU side received count (scaleup: 3): -111 -112 -102 -87 -114 -95 -107 -109 # -129 -129 -129 -129 -129 -129 -129 -257 
CPU side received count (scaleup: 1): -96 -92 -93 -115 -120 -99 -97 -103 # -129 -129 -129 -129 -129 -129 -129 -129 
CPU side received count (scaleup: 0): -102 -99 -111 -101 -102 -102 -84 -90 # -129 -129 -129 -129 -129 -129 -129 -129 
Elastic buffer uses 4 channels per SM
Elastic buffer uses 4 channels per SM
Elastic buffer uses 4 channels per SM
Elastic buffer uses 4 channels per SM
Elastic buffer uses 4 channels per SM
Elastic buffer uses 4 channels per SM
Elastic buffer uses 4 channels per SM
Elastic buffer uses 4 channels per SM
CPU side received count (scaleup: 5): -111 -98 -102 -101 -108 -105 -110 -101 # -129 -129 -129 -129 -257 -129 -129 -129 
CPU side received count (scaleup: 6): -108 -97 -104 -110 -95 -96 -94 -108 # -129 -129 -129 -129 -129 -129 -129 -129 
CPU side received count (scaleup: 4): -110 -108 -92 -111 -101 -111 -97 -113 # -129 -129 -129 -129 -129 -257 -129 -129 
CPU side received count (scaleup: 7): -103 -110 -98 -104 -89 -113 -83 -83 # -129 -129 -129 -129 -129 -129 -129 -129 
CPU side received count (scaleup: 2): -106 -95 -101 -98 -100 -111 -96 -96 # -129 -129 -129 -129 -129 -129 -129 -129 
CPU side received count (scaleup: 1): -96 -92 -93 -115 -120 -99 -97 -103 # -129 -129 -129 -129 -129 -129 -129 -129 
CPU side received count (scaleup: 3): -111 -112 -102 -87 -114 -95 -107 -109 # -129 -129 -129 -129 -129 -129 -129 -257 
CPU side received count (scaleup: 0): -102 -99 -111 -101 -102 -102 -84 -90 # -129 -129 -129 -129 -129 -129 -129 -129 
Elastic buffer uses 4 channels per SM
Elastic buffer uses 4 channels per SM
Elastic buffer uses 4 channels per SM
Elastic buffer uses 4 channels per SM
Elastic buffer uses 4 channels per SM
Elastic buffer uses 4 channels per SM
Elastic buffer uses 4 channels per SM
Elastic buffer uses 4 channels per SM
CPU side received count (scaleup: 5): -111 -98 -102 -101 -108 -105 -110 -101 # -129 -129 -129 -129 -257 -129 -129 -129 
CPU side received count (scaleup: 4): -110 -108 -92 -111 -101 -111 -97 -113 # -129 -129 -129 -129 -129 -257 -129 -129 
CPU side received count (scaleup: 6): -108 -97 -104 -110 -95 -96 -94 -108 # -129 -129 -129 -129 -129 -129 -129 -129 
CPU side received count (scaleup: 7): -103 -110 -98 -104 -89 -113 -83 -83 # -129 -129 -129 -129 -129 -129 -129 -129 
CPU side received count (scaleup: 2): -106 -95 -101 -98 -100 -111 -96 -96 # -129 -129 -129 -129 -129 -129 -129 -129 
CPU side received count (scaleup: 3): -111 -112 -102 -87 -114 -95 -107 -109 # -129 -129 -129 -129 -129 -129 -129 -257 
CPU side received count (scaleup: 0): -102 -99 -111 -101 -102 -102 -84 -90 # -129 -129 -129 -129 -129 -129 -129 -129 
CPU side received count (scaleup: 1): -96 -92 -93 -115 -120 -99 -97 -103 # -129 -129 -129 -129 -129 -129 -129 -129 
Elastic buffer uses 4 channels per SM
Elastic buffer uses 4 channels per SM
Elastic buffer uses 4 channels per SM
Elastic buffer uses 4 channels per SM
Elastic buffer uses 4 channels per SM
Elastic buffer uses 4 channels per SM
Elastic buffer uses 4 channels per SM
Elastic buffer uses 4 channels per SM
CPU side received count (scaleup: 6): -108 -97 -104 -110 -95 -96 -94 -108 # -129 -129 -129 -129 -129 -129 -129 -129 
CPU side received count (scaleup: 5): -111 -98 -102 -101 -108 -105 -110 -101 # -129 -129 -129 -129 -257 -129 -129 -129 
CPU side received count (scaleup: 4): -110 -108 -92 -111 -101 -111 -97 -113 # -129 -129 -129 -129 -129 -257 -129 -129 
CPU side received count (scaleup: 2): -106 -95 -101 -98 -100 -111 -96 -96 # -129 -129 -129 -129 -129 -129 -129 -129 
CPU side received count (scaleup: 7): -103 -110 -98 -104 -89 -113 -83 -83 # -129 -129 -129 -129 -129 -129 -129 -129 
CPU side received count (scaleup: 3): -111 -112 -102 -87 -114 -95 -107 -109 # -129 -129 -129 -129 -129 -129 -129 -257 
CPU side received count (scaleup: 0): -102 -99 -111 -101 -102 -102 -84 -90 # -129 -129 -129 -129 -129 -129 -129 -129 
CPU side received count (scaleup: 1): -96 -92 -93 -115 -120 -99 -97 -103 # -129 -129 -129 -129 -129 -129 -129 -129 
Elastic buffer uses 4 channels per SM
Elastic buffer uses 4 channels per SM
Elastic buffer uses 4 channels per SM
Elastic buffer uses 4 channels per SM
Elastic buffer uses 4 channels per SM
Elastic buffer uses 4 channels per SM
Elastic buffer uses 4 channels per SM
Elastic buffer uses 4 channels per SM
CPU side received count (scaleup: 6): -108 -97 -104 -110 -95 -96 -94 -108 # -129 -129 -129 -129 -129 -129 -129 -129 
CPU side received count (scaleup: 4): -110 -108 -92 -111 -101 -111 -97 -113 # -129 -129 -129 -129 -129 -257 -129 -129 
CPU side received count (scaleup: 5): -111 -98 -102 -101 -108 -105 -110 -101 # -129 -129 -129 -129 -257 -129 -129 -129 
CPU side received count (scaleup: 7): -103 -110 -98 -104 -89 -113 -83 -83 # -129 -129 -129 -129 -129 -129 -129 -129 
CPU side received count (scaleup: 2): -106 -95 -101 -98 -100 -111 -96 -96 # -129 -129 -129 -129 -129 -129 -129 -129 
CPU side received count (scaleup: 3): -111 -112 -102 -87 -114 -95 -107 -109 # -129 -129 -129 -129 -129 -129 -129 -257 
CPU side received count (scaleup: 0): -102 -99 -111 -101 -102 -102 -84 -90 # -129 -129 -129 -129 -129 -129 -129 -129 
CPU side received count (scaleup: 1): -96 -92 -93 -115 -120 -99 -97 -103 # -129 -129 -129 -129 -129 -129 -129 -129 
USDT:2026-08-25 02:42:44 432:432 SyncActivityProfilerHandler.cpp:52] profiler_startUSDT:2026-08-25 02:42:44 438:438 SyncActivityProfilerHandler.cpp:52] profiler_startUSDT:2026-08-25 02:42:44 436:436 SyncActivityProfilerHandler.cpp:52] profiler_startUSDT:2026-08-25 02:42:44 437:437 SyncActivityProfilerHandler.cpp:52] profiler_startUSDT:2026-08-25 02:42:44 433:433 SyncActivityProfilerHandler.cpp:52] profiler_start




USDT:2026-08-25 02:42:44 435:435 SyncActivityProfilerHandler.cpp:52] profiler_startUSDT:2026-08-25 02:42:44 439:439 SyncActivityProfilerHandler.cpp:52] profiler_startUSDT:2026-08-25 02:42:44 434:434 SyncActivityProfilerHandler.cpp:52] profiler_start


Elastic buffer uses 4 channels per SM
Elastic buffer uses 4 channels per SM
Elastic buffer uses 4 channels per SM
Elastic buffer uses 4 channels per SM
Elastic buffer uses 4 channels per SM
Elastic buffer uses 4 channels per SM
Elastic buffer uses 4 channels per SM
Elastic buffer uses 4 channels per SM
CPU side received count (scaleup: 2): -106 -95 -101 -98 -100 -111 -96 -96 # -129 -129 -129 -129 -129 -129 -129 -129 
CPU side received count (scaleup: 3): -111 -112 -102 -87 -114 -95 -107 -109 # -129 -129 -129 -129 -129 -129 -129 -257 
CPU side received count (scaleup: 0): -102 -99 -111 -101 -102 -102 -84 -90 # -129 -129 -129 -129 -129 -129 -129 -129 
CPU side received count (scaleup: 5): -111 -98 -102 -101 -108 -105 -110 -101 # -129 -129 -129 -129 -257 -129 -129 -129 
CPU side received count (scaleup: 6): -108 -97 -104 -110 -95 -96 -94 -108 # -129 -129 -129 -129 -129 -129 -129 -129 
CPU side received count (scaleup: 4): -110 -108 -92 -111 -101 -111 -97 -113 # -129 -129 -129 -129 -129 -257 -129 -129 
CPU side received count (scaleup: 1): -96 -92 -93 -115 -120 -99 -97 -103 # -129 -129 -129 -129 -129 -129 -129 -129 
CPU side received count (scaleup: 7): -103 -110 -98 -104 -89 -113 -83 -83 # -129 -129 -129 -129 -129 -129 -129 -129 
Elastic buffer uses 4 channels per SM
Elastic buffer uses 4 channels per SM
Elastic buffer uses 4 channels per SM
Elastic buffer uses 4 channels per SM
Elastic buffer uses 4 channels per SM
Elastic buffer uses 4 channels per SM
Elastic buffer uses 4 channels per SM
Elastic buffer uses 4 channels per SM
CPU side received count (scaleup: 2): -106 -95 -101 -98 -100 -111 -96 -96 # -129 -129 -129 -129 -129 -129 -129 -129 
CPU side received count (scaleup: 3): -111 -112 -102 -87 -114 -95 -107 -109 # -129 -129 -129 -129 -129 -129 -129 -257 
CPU side received count (scaleup: 0): -102 -99 -111 -101 -102 -102 -84 -90 # -129 -129 -129 -129 -129 -129 -129 -129 
CPU side received count (scaleup: 1): -96 -92 -93 -115 -120 -99 -97 -103 # -129 -129 -129 -129 -129 -129 -129 -129 
CPU side received count (scaleup: 5): -111 -98 -102 -101 -108 -105 -110 -101 # -129 -129 -129 -129 -257 -129 -129 -129 
CPU side received count (scaleup: 6): -108 -97 -104 -110 -95 -96 -94 -108 # -129 -129 -129 -129 -129 -129 -129 -129 
CPU side received count (scaleup: 4): -110 -108 -92 -111 -101 -111 -97 -113 # -129 -129 -129 -129 -129 -257 -129 -129 
CPU side received count (scaleup: 7): -103 -110 -98 -104 -89 -113 -83 -83 # -129 -129 -129 -129 -129 -129 -129 -129 
Elastic buffer uses 4 channels per SM
Elastic buffer uses 4 channels per SM
Elastic buffer uses 4 channels per SM
Elastic buffer uses 4 channels per SM
Elastic buffer uses 4 channels per SM
Elastic buffer uses 4 channels per SM
Elastic buffer uses 4 channels per SM
Elastic buffer uses 4 channels per SM
CPU side received count (scaleup: 5): -111 -98 -102 -101 -108 -105 -110 -101 # -129 -129 -129 -129 -257 -129 -129 -129 
CPU side received count (scaleup: 6): -108 -97 -104 -110 -95 -96 -94 -108 # -129 -129 -129 -129 -129 -129 -129 -129 
CPU side received count (scaleup: 4): -110 -108 -92 -111 -101 -111 -97 -113 # -129 -129 -129 -129 -129 -257 -129 -129 
CPU side received count (scaleup: 7): -103 -110 -98 -104 -89 -113 -83 -83 # -129 -129 -129 -129 -129 -129 -129 -129 
CPU side received count (scaleup: 1): -96 -92 -93 -115 -120 -99 -97 -103 # -129 -129 -129 -129 -129 -129 -129 -129 
CPU side received count (scaleup: 2): -106 -95 -101 -98 -100 -111 -96 -96 # -129 -129 -129 -129 -129 -129 -129 -129 
CPU side received count (scaleup: 3): -111 -112 -102 -87 -114 -95 -107 -109 # -129 -129 -129 -129 -129 -129 -129 -257 
CPU side received count (scaleup: 0): -102 -99 -111 -101 -102 -102 -84 -90 # -129 -129 -129 -129 -129 -129 -129 -129 
Elastic buffer uses 4 channels per SM
Elastic buffer uses 4 channels per SM
Elastic buffer uses 4 channels per SM
Elastic buffer uses 4 channels per SM
Elastic buffer uses 4 channels per SM
Elastic buffer uses 4 channels per SM
Elastic buffer uses 4 channels per SM
Elastic buffer uses 4 channels per SM
CPU side received count (scaleup: 5): -111 -98 -102 -101 -108 -105 -110 -101 # -129 -129 -129 -129 -257 -129 -129 -129 
CPU side received count (scaleup: 6): -108 -97 -104 -110 -95 -96 -94 -108 # -129 -129 -129 -129 -129 -129 -129 -129 
CPU side received count (scaleup: 4): -110 -108 -92 -111 -101 -111 -97 -113 # -129 -129 -129 -129 -129 -257 -129 -129 
CPU side received count (scaleup: 7): -103 -110 -98 -104 -89 -113 -83 -83 # -129 -129 -129 -129 -129 -129 -129 -129 
CPU side received count (scaleup: 2): -106 -95 -101 -98 -100 -111 -96 -96 # -129 -129 -129 -129 -129 -129 -129 -129 
CPU side received count (scaleup: 3): -111 -112 -102 -87 -114 -95 -107 -109 # -129 -129 -129 -129 -129 -129 -129 -257 
CPU side received count (scaleup: 0): -102 -99 -111 -101 -102 -102 -84 -90 # -129 -129 -129 -129 -129 -129 -129 -129 
CPU side received count (scaleup: 1): -96 -92 -93 -115 -120 -99 -97 -103 # -129 -129 -129 -129 -129 -129 -129 -129 
Elastic buffer uses 4 channels per SM
Elastic buffer uses 4 channels per SM
Elastic buffer uses 4 channels per SM
Elastic buffer uses 4 channels per SM
Elastic buffer uses 4 channels per SM
Elastic buffer uses 4 channels per SM
Elastic buffer uses 4 channels per SM
Elastic buffer uses 4 channels per SM
CPU side received count (scaleup: 2): -106 -95 -101 -98 -100 -111 -96 -96 # -129 -129 -129 -129 -129 -129 -129 -129 
CPU side received count (scaleup: 0): -102 -99 -111 -101 -102 -102 -84 -90 # -129 -129 -129 -129 -129 -129 -129 -129 
CPU side received count (scaleup: 3): -111 -112 -102 -87 -114 -95 -107 -109 # -129 -129 -129 -129 -129 -129 -129 -257 
CPU side received count (scaleup: 1): -96 -92 -93 -115 -120 -99 -97 -103 # -129 -129 -129 -129 -129 -129 -129 -129 
CPU side received count (scaleup: 6): -108 -97 -104 -110 -95 -96 -94 -108 # -129 -129 -129 -129 -129 -129 -129 -129 
CPU side received count (scaleup: 4): -110 -108 -92 -111 -101 -111 -97 -113 # -129 -129 -129 -129 -129 -257 -129 -129 
CPU side received count (scaleup: 7): -103 -110 -98 -104 -89 -113 -83 -83 # -129 -129 -129 -129 -129 -129 -129 -129 
CPU side received count (scaleup: 5): -111 -98 -102 -101 -108 -105 -110 -101 # -129 -129 -129 -129 -257 -129 -129 -129 
Elastic buffer uses 4 channels per SM
Elastic buffer uses 4 channels per SM
Elastic buffer uses 4 channels per SM
Elastic buffer uses 4 channels per SM
Elastic buffer uses 4 channels per SM
Elastic buffer uses 4 channels per SM
Elastic buffer uses 4 channels per SM
Elastic buffer uses 4 channels per SM
CPU side received count (scaleup: 5): -111 -98 -102 -101 -108 -105 -110 -101 # -129 -129 -129 -129 -257 -129 -129 -129 
CPU side received count (scaleup: 6): -108 -97 -104 -110 -95 -96 -94 -108 # -129 -129 -129 -129 -129 -129 -129 -129 
CPU side received count (scaleup: 4): -110 -108 -92 -111 -101 -111 -97 -113 # -129 -129 -129 -129 -129 -257 -129 -129 
CPU side received count (scaleup: 7): -103 -110 -98 -104 -89 -113 -83 -83 # -129 -129 -129 -129 -129 -129 -129 -129 
CPU side received count (scaleup: 2): -106 -95 -101 -98 -100 -111 -96 -96 # -129 -129 -129 -129 -129 -129 -129 -129 
CPU side received count (scaleup: 3): -111 -112 -102 -87 -114 -95 -107 -109 # -129 -129 -129 -129 -129 -129 -129 -257 
CPU side received count (scaleup: 0): -102 -99 -111 -101 -102 -102 -84 -90 # -129 -129 -129 -129 -129 -129 -129 -129 
CPU side received count (scaleup: 1): -96 -92 -93 -115 -120 -99 -97 -103 # -129 -129 -129 -129 -129 -129 -129 -129 
Elastic buffer uses 4 channels per SM
Elastic buffer uses 4 channels per SM
Elastic buffer uses 4 channels per SM
Elastic buffer uses 4 channels per SM
Elastic buffer uses 4 channels per SM
Elastic buffer uses 4 channels per SM
Elastic buffer uses 4 channels per SM
Elastic buffer uses 4 channels per SM
CPU side received count (scaleup: 6): -108 -97 -104 -110 -95 -96 -94 -108 # -129 -129 -129 -129 -129 -129 -129 -129 
CPU side received count (scaleup: 4): -110 -108 -92 -111 -101 -111 -97 -113 # -129 -129 -129 -129 -129 -257 -129 -129 
CPU side received count (scaleup: 5): -111 -98 -102 -101 -108 -105 -110 -101 # -129 -129 -129 -129 -257 -129 -129 -129 
CPU side received count (scaleup: 7): -103 -110 -98 -104 -89 -113 -83 -83 # -129 -129 -129 -129 -129 -129 -129 -129 
CPU side received count (scaleup: 1): -96 -92 -93 -115 -120 -99 -97 -103 # -129 -129 -129 -129 -129 -129 -129 -129 
CPU side received count (scaleup: 2): -106 -95 -101 -98 -100 -111 -96 -96 # -129 -129 -129 -129 -129 -129 -129 -129 
CPU side received count (scaleup: 3): -111 -112 -102 -87 -114 -95 -107 -109 # -129 -129 -129 -129 -129 -129 -129 -257 
CPU side received count (scaleup: 0): -102 -99 -111 -101 -102 -102 -84 -90 # -129 -129 -129 -129 -129 -129 -129 -129 
Elastic buffer uses 4 channels per SM
Elastic buffer uses 4 channels per SM
Elastic buffer uses 4 channels per SM
Elastic buffer uses 4 channels per SM
Elastic buffer uses 4 channels per SM
Elastic buffer uses 4 channels per SM
Elastic buffer uses 4 channels per SM
Elastic buffer uses 4 channels per SM
CPU side received count (scaleup: 5): -111 -98 -102 -101 -108 -105 -110 -101 # -129 -129 -129 -129 -257 -129 -129 -129 
CPU side received count (scaleup: 4): -110 -108 -92 -111 -101 -111 -97 -113 # -129 -129 -129 -129 -129 -257 -129 -129 
CPU side received count (scaleup: 6): -108 -97 -104 -110 -95 -96 -94 -108 # -129 -129 -129 -129 -129 -129 -129 -129 
CPU side received count (scaleup: 7): -103 -110 -98 -104 -89 -113 -83 -83 # -129 -129 -129 -129 -129 -129 -129 -129 
CPU side received count (scaleup: 2): -106 -95 -101 -98 -100 -111 -96 -96 # -129 -129 -129 -129 -129 -129 -129 -129 
CPU side received count (scaleup: 3): -111 -112 -102 -87 -114 -95 -107 -109 # -129 -129 -129 -129 -129 -129 -129 -257 
CPU side received count (scaleup: 0): -102 -99 -111 -101 -102 -102 -84 -90 # -129 -129 -129 -129 -129 -129 -129 -129 
CPU side received count (scaleup: 1): -96 -92 -93 -115 -120 -99 -97 -103 # -129 -129 -129 -129 -129 -129 -129 -129 
Elastic buffer uses 4 channels per SM
Elastic buffer uses 4 channels per SM
Elastic buffer uses 4 channels per SM
Elastic buffer uses 4 channels per SM
Elastic buffer uses 4 channels per SM
Elastic buffer uses 4 channels per SM
Elastic buffer uses 4 channels per SM
Elastic buffer uses 4 channels per SM
CPU side received count (scaleup: 5): -111 -98 -102 -101 -108 -105 -110 -101 # -129 -129 -129 -129 -257 -129 -129 -129 
CPU side received count (scaleup: 4): -110 -108 -92 -111 -101 -111 -97 -113 # -129 -129 -129 -129 -129 -257 -129 -129 
CPU side received count (scaleup: 6): -108 -97 -104 -110 -95 -96 -94 -108 # -129 -129 -129 -129 -129 -129 -129 -129 
CPU side received count (scaleup: 7): -103 -110 -98 -104 -89 -113 -83 -83 # -129 -129 -129 -129 -129 -129 -129 -129 
CPU side received count (scaleup: 2): -106 -95 -101 -98 -100 -111 -96 -96 # -129 -129 -129 -129 -129 -129 -129 -129 
CPU side received count (scaleup: 1): -96 -92 -93 -115 -120 -99 -97 -103 # -129 -129 -129 -129 -129 -129 -129 -129 
CPU side received count (scaleup: 0): -102 -99 -111 -101 -102 -102 -84 -90 # -129 -129 -129 -129 -129 -129 -129 -129 
CPU side received count (scaleup: 3): -111 -112 -102 -87 -114 -95 -107 -109 # -129 -129 -129 -129 -129 -129 -129 -257 
Elastic buffer uses 4 channels per SM
Elastic buffer uses 4 channels per SM
Elastic buffer uses 4 channels per SM
Elastic buffer uses 4 channels per SM
Elastic buffer uses 4 channels per SM
Elastic buffer uses 4 channels per SM
Elastic buffer uses 4 channels per SM
Elastic buffer uses 4 channels per SM
CPU side received count (scaleup: 6): -108 -97 -104 -110 -95 -96 -94 -108 # -129 -129 -129 -129 -129 -129 -129 -129 
CPU side received count (scaleup: 4): -110 -108 -92 -111 -101 -111 -97 -113 # -129 -129 -129 -129 -129 -257 -129 -129 
CPU side received count (scaleup: 5): -111 -98 -102 -101 -108 -105 -110 -101 # -129 -129 -129 -129 -257 -129 -129 -129 
CPU side received count (scaleup: 7): -103 -110 -98 -104 -89 -113 -83 -83 # -129 -129 -129 -129 -129 -129 -129 -129 
CPU side received count (scaleup: 2): -106 -95 -101 -98 -100 -111 -96 -96 # -129 -129 -129 -129 -129 -129 -129 -129 
CPU side received count (scaleup: 3): -111 -112 -102 -87 -114 -95 -107 -109 # -129 -129 -129 -129 -129 -129 -129 -257 
CPU side received count (scaleup: 0): -102 -99 -111 -101 -102 -102 -84 -90 # -129 -129 -129 -129 -129 -129 -129 -129 
CPU side received count (scaleup: 1): -96 -92 -93 -115 -120 -99 -97 -103 # -129 -129 -129 -129 -129 -129 -129 -129 
Elastic buffer uses 4 channels per SM
Elastic buffer uses 4 channels per SM
Elastic buffer uses 4 channels per SM
Elastic buffer uses 4 channels per SM
Elastic buffer uses 4 channels per SM
Elastic buffer uses 4 channels per SM
Elastic buffer uses 4 channels per SM
Elastic buffer uses 4 channels per SM
CPU side received count (scaleup: 5): -111 -98 -102 -101 -108 -105 -110 -101 # -129 -129 -129 -129 -257 -129 -129 -129 
CPU side received count (scaleup: 6): -108 -97 -104 -110 -95 -96 -94 -108 # -129 -129 -129 -129 -129 -129 -129 -129 
CPU side received count (scaleup: 4): -110 -108 -92 -111 -101 -111 -97 -113 # -129 -129 -129 -129 -129 -257 -129 -129 
CPU side received count (scaleup: 7): -103 -110 -98 -104 -89 -113 -83 -83 # -129 -129 -129 -129 -129 -129 -129 -129 
CPU side received count (scaleup: 2): -106 -95 -101 -98 -100 -111 -96 -96 # -129 -129 -129 -129 -129 -129 -129 -129 
CPU side received count (scaleup: 0): -102 -99 -111 -101 -102 -102 -84 -90 # -129 -129 -129 -129 -129 -129 -129 -129 
CPU side received count (scaleup: 3): -111 -112 -102 -87 -114 -95 -107 -109 # -129 -129 -129 -129 -129 -129 -129 -257 
CPU side received count (scaleup: 1): -96 -92 -93 -115 -120 -99 -97 -103 # -129 -129 -129 -129 -129 -129 -129 -129 
Elastic buffer uses 4 channels per SM
Elastic buffer uses 4 channels per SM
Elastic buffer uses 4 channels per SM
Elastic buffer uses 4 channels per SM
Elastic buffer uses 4 channels per SM
Elastic buffer uses 4 channels per SM
Elastic buffer uses 4 channels per SM
Elastic buffer uses 4 channels per SM
CPU side received count (scaleup: 5): -111 -98 -102 -101 -108 -105 -110 -101 # -129 -129 -129 -129 -257 -129 -129 -129 
CPU side received count (scaleup: 4): -110 -108 -92 -111 -101 -111 -97 -113 # -129 -129 -129 -129 -129 -257 -129 -129 
CPU side received count (scaleup: 6): -108 -97 -104 -110 -95 -96 -94 -108 # -129 -129 -129 -129 -129 -129 -129 -129 
CPU side received count (scaleup: 7): -103 -110 -98 -104 -89 -113 -83 -83 # -129 -129 -129 -129 -129 -129 -129 -129 
CPU side received count (scaleup: 2): -106 -95 -101 -98 -100 -111 -96 -96 # -129 -129 -129 -129 -129 -129 -129 -129 
CPU side received count (scaleup: 3): -111 -112 -102 -87 -114 -95 -107 -109 # -129 -129 -129 -129 -129 -129 -129 -257 
CPU side received count (scaleup: 0): -102 -99 -111 -101 -102 -102 -84 -90 # -129 -129 -129 -129 -129 -129 -129 -129 
CPU side received count (scaleup: 1): -96 -92 -93 -115 -120 -99 -97 -103 # -129 -129 -129 -129 -129 -129 -129 -129 
Elastic buffer uses 4 channels per SM
Elastic buffer uses 4 channels per SM
Elastic buffer uses 4 channels per SM
Elastic buffer uses 4 channels per SM
Elastic buffer uses 4 channels per SM
Elastic buffer uses 4 channels per SM
Elastic buffer uses 4 channels per SM
Elastic buffer uses 4 channels per SM
CPU side received count (scaleup: 2): -106 -95 -101 -98 -100 -111 -96 -96 # -129 -129 -129 -129 -129 -129 -129 -129 
CPU side received count (scaleup: 3): -111 -112 -102 -87 -114 -95 -107 -109 # -129 -129 -129 -129 -129 -129 -129 -257 
CPU side received count (scaleup: 0): -102 -99 -111 -101 -102 -102 -84 -90 # -129 -129 -129 -129 -129 -129 -129 -129 
CPU side received count (scaleup: 1): -96 -92 -93 -115 -120 -99 -97 -103 # -129 -129 -129 -129 -129 -129 -129 -129 
CPU side received count (scaleup: 5): -111 -98 -102 -101 -108 -105 -110 -101 # -129 -129 -129 -129 -257 -129 -129 -129 
CPU side received count (scaleup: 6): -108 -97 -104 -110 -95 -96 -94 -108 # -129 -129 -129 -129 -129 -129 -129 -129 
CPU side received count (scaleup: 4): -110 -108 -92 -111 -101 -111 -97 -113 # -129 -129 -129 -129 -129 -257 -129 -129 
CPU side received count (scaleup: 7): -103 -110 -98 -104 -89 -113 -83 -83 # -129 -129 -129 -129 -129 -129 -129 -129 
Elastic buffer uses 4 channels per SM
Elastic buffer uses 4 channels per SM
Elastic buffer uses 4 channels per SM
Elastic buffer uses 4 channels per SM
Elastic buffer uses 4 channels per SM
Elastic buffer uses 4 channels per SM
Elastic buffer uses 4 channels per SM
Elastic buffer uses 4 channels per SM
CPU side received count (scaleup: 5): -111 -98 -102 -101 -108 -105 -110 -101 # -129 -129 -129 -129 -257 -129 -129 -129 
CPU side received count (scaleup: 6): -108 -97 -104 -110 -95 -96 -94 -108 # -129 -129 -129 -129 -129 -129 -129 -129 
CPU side received count (scaleup: 4): -110 -108 -92 -111 -101 -111 -97 -113 # -129 -129 -129 -129 -129 -257 -129 -129 
CPU side received count (scaleup: 7): -103 -110 -98 -104 -89 -113 -83 -83 # -129 -129 -129 -129 -129 -129 -129 -129 
CPU side received count (scaleup: 2): -106 -95 -101 -98 -100 -111 -96 -96 # -129 -129 -129 -129 -129 -129 -129 -129 
CPU side received count (scaleup: 3): -111 -112 -102 -87 -114 -95 -107 -109 # -129 -129 -129 -129 -129 -129 -129 -257 
CPU side received count (scaleup: 0): -102 -99 -111 -101 -102 -102 -84 -90 # -129 -129 -129 -129 -129 -129 -129 -129 
CPU side received count (scaleup: 1): -96 -92 -93 -115 -120 -99 -97 -103 # -129 -129 -129 -129 -129 -129 -129 -129 
Elastic buffer uses 4 channels per SM
Elastic buffer uses 4 channels per SM
Elastic buffer uses 4 channels per SM
Elastic buffer uses 4 channels per SM
Elastic buffer uses 4 channels per SM
Elastic buffer uses 4 channels per SM
Elastic buffer uses 4 channels per SM
Elastic buffer uses 4 channels per SM
CPU side received count (scaleup: 5): -111 -98 -102 -101 -108 -105 -110 -101 # -129 -129 -129 -129 -257 -129 -129 -129 
CPU side received count (scaleup: 6): -108 -97 -104 -110 -95 -96 -94 -108 # -129 -129 -129 -129 -129 -129 -129 -129 
CPU side received count (scaleup: 4): -110 -108 -92 -111 -101 -111 -97 -113 # -129 -129 -129 -129 -129 -257 -129 -129 
CPU side received count (scaleup: 7): -103 -110 -98 -104 -89 -113 -83 -83 # -129 -129 -129 -129 -129 -129 -129 -129 
CPU side received count (scaleup: 1): -96 -92 -93 -115 -120 -99 -97 -103 # -129 -129 -129 -129 -129 -129 -129 -129 
CPU side received count (scaleup: 2): -106 -95 -101 -98 -100 -111 -96 -96 # -129 -129 -129 -129 -129 -129 -129 -129 
CPU side received count (scaleup: 3): -111 -112 -102 -87 -114 -95 -107 -109 # -129 -129 -129 -129 -129 -129 -129 -257 
CPU side received count (scaleup: 0): -102 -99 -111 -101 -102 -102 -84 -90 # -129 -129 -129 -129 -129 -129 -129 -129 
Elastic buffer uses 4 channels per SM
Elastic buffer uses 4 channels per SM
Elastic buffer uses 4 channels per SM
Elastic buffer uses 4 channels per SM
Elastic buffer uses 4 channels per SM
Elastic buffer uses 4 channels per SM
Elastic buffer uses 4 channels per SM
Elastic buffer uses 4 channels per SM
CPU side received count (scaleup: 5): -111 -98 -102 -101 -108 -105 -110 -101 # -129 -129 -129 -129 -257 -129 -129 -129 
CPU side received count (scaleup: 4): -110 -108 -92 -111 -101 -111 -97 -113 # -129 -129 -129 -129 -129 -257 -129 -129 
CPU side received count (scaleup: 6): -108 -97 -104 -110 -95 -96 -94 -108 # -129 -129 -129 -129 -129 -129 -129 -129 
CPU side received count (scaleup: 7): -103 -110 -98 -104 -89 -113 -83 -83 # -129 -129 -129 -129 -129 -129 -129 -129 
CPU side received count (scaleup: 2): -106 -95 -101 -98 -100 -111 -96 -96 # -129 -129 -129 -129 -129 -129 -129 -129 
CPU side received count (scaleup: 3): -111 -112 -102 -87 -114 -95 -107 -109 # -129 -129 -129 -129 -129 -129 -129 -257 
CPU side received count (scaleup: 0): -102 -99 -111 -101 -102 -102 -84 -90 # -129 -129 -129 -129 -129 -129 -129 -129 
CPU side received count (scaleup: 1): -96 -92 -93 -115 -120 -99 -97 -103 # -129 -129 -129 -129 -129 -129 -129 -129 
Elastic buffer uses 4 channels per SM
Elastic buffer uses 4 channels per SM
Elastic buffer uses 4 channels per SM
Elastic buffer uses 4 channels per SM
Elastic buffer uses 4 channels per SM
Elastic buffer uses 4 channels per SM
Elastic buffer uses 4 channels per SM
Elastic buffer uses 4 channels per SM
CPU side received count (scaleup: 5): -111 -98 -102 -101 -108 -105 -110 -101 # -129 -129 -129 -129 -257 -129 -129 -129 
CPU side received count (scaleup: 6): -108 -97 -104 -110 -95 -96 -94 -108 # -129 -129 -129 -129 -129 -129 -129 -129 
CPU side received count (scaleup: 4): -110 -108 -92 -111 -101 -111 -97 -113 # -129 -129 -129 -129 -129 -257 -129 -129 
CPU side received count (scaleup: 7): -103 -110 -98 -104 -89 -113 -83 -83 # -129 -129 -129 -129 -129 -129 -129 -129 
CPU side received count (scaleup: 2): -106 -95 -101 -98 -100 -111 -96 -96 # -129 -129 -129 -129 -129 -129 -129 -129 
CPU side received count (scaleup: 0): -102 -99 -111 -101 -102 -102 -84 -90 # -129 -129 -129 -129 -129 -129 -129 -129 
CPU side received count (scaleup: 3): -111 -112 -102 -87 -114 -95 -107 -109 # -129 -129 -129 -129 -129 -129 -129 -257 
CPU side received count (scaleup: 1): -96 -92 -93 -115 -120 -99 -97 -103 # -129 -129 -129 -129 -129 -129 -129 -129 
Elastic buffer uses 4 channels per SM
Elastic buffer uses 4 channels per SM
Elastic buffer uses 4 channels per SM
Elastic buffer uses 4 channels per SM
Elastic buffer uses 4 channels per SM
Elastic buffer uses 4 channels per SM
Elastic buffer uses 4 channels per SM
Elastic buffer uses 4 channels per SM
CPU side received count (scaleup: 2): -106 -95 -101 -98 -100 -111 -96 -96 # -129 -129 -129 -129 -129 -129 -129 -129 
CPU side received count (scaleup: 3): -111 -112 -102 -87 -114 -95 -107 -109 # -129 -129 -129 -129 -129 -129 -129 -257 
CPU side received count (scaleup: 0): -102 -99 -111 -101 -102 -102 -84 -90 # -129 -129 -129 -129 -129 -129 -129 -129 
CPU side received count (scaleup: 1): -96 -92 -93 -115 -120 -99 -97 -103 # -129 -129 -129 -129 -129 -129 -129 -129 
CPU side received count (scaleup: 6): -108 -97 -104 -110 -95 -96 -94 -108 # -129 -129 -129 -129 -129 -129 -129 -129 
CPU side received count (scaleup: 4): -110 -108 -92 -111 -101 -111 -97 -113 # -129 -129 -129 -129 -129 -257 -129 -129 
CPU side received count (scaleup: 5): -111 -98 -102 -101 -108 -105 -110 -101 # -129 -129 -129 -129 -257 -129 -129 -129 
CPU side received count (scaleup: 7): -103 -110 -98 -104 -89 -113 -83 -83 # -129 -129 -129 -129 -129 -129 -129 -129 
Elastic buffer uses 4 channels per SM
Elastic buffer uses 4 channels per SM
Elastic buffer uses 4 channels per SM
Elastic buffer uses 4 channels per SM
Elastic buffer uses 4 channels per SM
Elastic buffer uses 4 channels per SM
Elastic buffer uses 4 channels per SM
Elastic buffer uses 4 channels per SM
CPU side received count (scaleup: 6): -108 -97 -104 -110 -95 -96 -94 -108 # -129 -129 -129 -129 -129 -129 -129 -129 
CPU side received count (scaleup: 4): -110 -108 -92 -111 -101 -111 -97 -113 # -129 -129 -129 -129 -129 -257 -129 -129 
CPU side received count (scaleup: 7): -103 -110 -98 -104 -89 -113 -83 -83 # -129 -129 -129 -129 -129 -129 -129 -129 
CPU side received count (scaleup: 5): -111 -98 -102 -101 -108 -105 -110 -101 # -129 -129 -129 -129 -257 -129 -129 -129 
CPU side received count (scaleup: 2): -106 -95 -101 -98 -100 -111 -96 -96 # -129 -129 -129 -129 -129 -129 -129 -129 
CPU side received count (scaleup: 3): -111 -112 -102 -87 -114 -95 -107 -109 # -129 -129 -129 -129 -129 -129 -129 -257 
CPU side received count (scaleup: 0): -102 -99 -111 -101 -102 -102 -84 -90 # -129 -129 -129 -129 -129 -129 -129 -129 
CPU side received count (scaleup: 1): -96 -92 -93 -115 -120 -99 -97 -103 # -129 -129 -129 -129 -129 -129 -129 -129 
Elastic buffer uses 4 channels per SM
Elastic buffer uses 4 channels per SM
Elastic buffer uses 4 channels per SM
Elastic buffer uses 4 channels per SM
Elastic buffer uses 4 channels per SM
Elastic buffer uses 4 channels per SM
Elastic buffer uses 4 channels per SM
Elastic buffer uses 4 channels per SM
CPU side received count (scaleup: 6): -108 -97 -104 -110 -95 -96 -94 -108 # -129 -129 -129 -129 -129 -129 -129 -129 
CPU side received count (scaleup: 5): -111 -98 -102 -101 -108 -105 -110 -101 # -129 -129 -129 -129 -257 -129 -129 -129 
CPU side received count (scaleup: 4): -110 -108 -92 -111 -101 -111 -97 -113 # -129 -129 -129 -129 -129 -257 -129 -129 
CPU side received count (scaleup: 7): -103 -110 -98 -104 -89 -113 -83 -83 # -129 -129 -129 -129 -129 -129 -129 -129 
CPU side received count (scaleup: 2): -106 -95 -101 -98 -100 -111 -96 -96 # -129 -129 -129 -129 -129 -129 -129 -129 
CPU side received count (scaleup: 3): -111 -112 -102 -87 -114 -95 -107 -109 # -129 -129 -129 -129 -129 -129 -129 -257 
CPU side received count (scaleup: 0): -102 -99 -111 -101 -102 -102 -84 -90 # -129 -129 -129 -129 -129 -129 -129 -129 
CPU side received count (scaleup: 1): -96 -92 -93 -115 -120 -99 -97 -103 # -129 -129 -129 -129 -129 -129 -129 -129 
Elastic buffer uses 4 channels per SM
Elastic buffer uses 4 channels per SM
Elastic buffer uses 4 channels per SM
Elastic buffer uses 4 channels per SM
Elastic buffer uses 4 channels per SM
Elastic buffer uses 4 channels per SM
Elastic buffer uses 4 channels per SM
Elastic buffer uses 4 channels per SM
CPU side received count (scaleup: 5): -111 -98 -102 -101 -108 -105 -110 -101 # -129 -129 -129 -129 -257 -129 -129 -129 
CPU side received count (scaleup: 6): -108 -97 -104 -110 -95 -96 -94 -108 # -129 -129 -129 -129 -129 -129 -129 -129 
CPU side received count (scaleup: 4): -110 -108 -92 -111 -101 -111 -97 -113 # -129 -129 -129 -129 -129 -257 -129 -129 
CPU side received count (scaleup: 7): -103 -110 -98 -104 -89 -113 -83 -83 # -129 -129 -129 -129 -129 -129 -129 -129 
CPU side received count (scaleup: 2): -106 -95 -101 -98 -100 -111 -96 -96 # -129 -129 -129 -129 -129 -129 -129 -129 
CPU side received count (scaleup: 3): -111 -112 -102 -87 -114 -95 -107 -109 # -129 -129 -129 -129 -129 -129 -129 -257 
CPU side received count (scaleup: 0): -102 -99 -111 -101 -102 -102 -84 -90 # -129 -129 -129 -129 -129 -129 -129 -129 
CPU side received count (scaleup: 1): -96 -92 -93 -115 -120 -99 -97 -103 # -129 -129 -129 -129 -129 -129 -129 -129 
Elastic buffer uses 4 channels per SM
Elastic buffer uses 4 channels per SM
Elastic buffer uses 4 channels per SM
Elastic buffer uses 4 channels per SM
Elastic buffer uses 4 channels per SM
Elastic buffer uses 4 channels per SM
Elastic buffer uses 4 channels per SM
Elastic buffer uses 4 channels per SM
CPU side received count (scaleup: 5): -111 -98 -102 -101 -108 -105 -110 -101 # -129 -129 -129 -129 -257 -129 -129 -129 
CPU side received count (scaleup: 6): -108 -97 -104 -110 -95 -96 -94 -108 # -129 -129 -129 -129 -129 -129 -129 -129 
CPU side received count (scaleup: 4): -110 -108 -92 -111 -101 -111 -97 -113 # -129 -129 -129 -129 -129 -257 -129 -129 
CPU side received count (scaleup: 2): -106 -95 -101 -98 -100 -111 -96 -96 # -129 -129 -129 -129 -129 -129 -129 -129 
CPU side received count (scaleup: 7): -103 -110 -98 -104 -89 -113 -83 -83 # -129 -129 -129 -129 -129 -129 -129 -129 
CPU side received count (scaleup: 3): -111 -112 -102 -87 -114 -95 -107 -109 # -129 -129 -129 -129 -129 -129 -129 -257 
CPU side received count (scaleup: 0): -102 -99 -111 -101 -102 -102 -84 -90 # -129 -129 -129 -129 -129 -129 -129 -129 
CPU side received count (scaleup: 1): -96 -92 -93 -115 -120 -99 -97 -103 # -129 -129 -129 -129 -129 -129 -129 -129 
Elastic buffer uses 4 channels per SM
Elastic buffer uses 4 channels per SM
Elastic buffer uses 4 channels per SM
Elastic buffer uses 4 channels per SM
Elastic buffer uses 4 channels per SM
Elastic buffer uses 4 channels per SM
Elastic buffer uses 4 channels per SM
Elastic buffer uses 4 channels per SM
CPU side received count (scaleup: 6): -108 -97 -104 -110 -95 -96 -94 -108 # -129 -129 -129 -129 -129 -129 -129 -129 
CPU side received count (scaleup: 4): -110 -108 -92 -111 -101 -111 -97 -113 # -129 -129 -129 -129 -129 -257 -129 -129 
CPU side received count (scaleup: 5): -111 -98 -102 -101 -108 -105 -110 -101 # -129 -129 -129 -129 -257 -129 -129 -129 
CPU side received count (scaleup: 7): -103 -110 -98 -104 -89 -113 -83 -83 # -129 -129 -129 -129 -129 -129 -129 -129 
CPU side received count (scaleup: 2): -106 -95 -101 -98 -100 -111 -96 -96 # -129 -129 -129 -129 -129 -129 -129 -129 
CPU side received count (scaleup: 3): -111 -112 -102 -87 -114 -95 -107 -109 # -129 -129 -129 -129 -129 -129 -129 -257 
CPU side received count (scaleup: 1): -96 -92 -93 -115 -120 -99 -97 -103 # -129 -129 -129 -129 -129 -129 -129 -129 
CPU side received count (scaleup: 0): -102 -99 -111 -101 -102 -102 -84 -90 # -129 -129 -129 -129 -129 -129 -129 -129 
Elastic buffer uses 4 channels per SM
Elastic buffer uses 4 channels per SM
Elastic buffer uses 4 channels per SM
Elastic buffer uses 4 channels per SM
Elastic buffer uses 4 channels per SM
Elastic buffer uses 4 channels per SM
Elastic buffer uses 4 channels per SM
Elastic buffer uses 4 channels per SM
CPU side received count (scaleup: 5): -111 -98 -102 -101 -108 -105 -110 -101 # -129 -129 -129 -129 -257 -129 -129 -129 
CPU side received count (scaleup: 6): -108 -97 -104 -110 -95 -96 -94 -108 # -129 -129 -129 -129 -129 -129 -129 -129 
CPU side received count (scaleup: 4): -110 -108 -92 -111 -101 -111 -97 -113 # -129 -129 -129 -129 -129 -257 -129 -129 
CPU side received count (scaleup: 7): -103 -110 -98 -104 -89 -113 -83 -83 # -129 -129 -129 -129 -129 -129 -129 -129 
CPU side received count (scaleup: 1): -96 -92 -93 -115 -120 -99 -97 -103 # -129 -129 -129 -129 -129 -129 -129 -129 
CPU side received count (scaleup: 0): -102 -99 -111 -101 -102 -102 -84 -90 # -129 -129 -129 -129 -129 -129 -129 -129 
CPU side received count (scaleup: 2): -106 -95 -101 -98 -100 -111 -96 -96 # -129 -129 -129 -129 -129 -129 -129 -129 
CPU side received count (scaleup: 3): -111 -112 -102 -87 -114 -95 -107 -109 # -129 -129 -129 -129 -129 -129 -129 -257 
Elastic buffer uses 4 channels per SM
Elastic buffer uses 4 channels per SM
Elastic buffer uses 4 channels per SM
Elastic buffer uses 4 channels per SM
Elastic buffer uses 4 channels per SM
Elastic buffer uses 4 channels per SM
Elastic buffer uses 4 channels per SM
Elastic buffer uses 4 channels per SM
CPU side received count (scaleup: 5): -111 -98 -102 -101 -108 -105 -110 -101 # -129 -129 -129 -129 -257 -129 -129 -129 
CPU side received count (scaleup: 4): -110 -108 -92 -111 -101 -111 -97 -113 # -129 -129 -129 -129 -129 -257 -129 -129 
CPU side received count (scaleup: 6): -108 -97 -104 -110 -95 -96 -94 -108 # -129 -129 -129 -129 -129 -129 -129 -129 
CPU side received count (scaleup: 7): -103 -110 -98 -104 -89 -113 -83 -83 # -129 -129 -129 -129 -129 -129 -129 -129 
CPU side received count (scaleup: 2): -106 -95 -101 -98 -100 -111 -96 -96 # -129 -129 -129 -129 -129 -129 -129 -129 
CPU side received count (scaleup: 3): -111 -112 -102 -87 -114 -95 -107 -109 # -129 -129 -129 -129 -129 -129 -129 -257 
CPU side received count (scaleup: 0): -102 -99 -111 -101 -102 -102 -84 -90 # -129 -129 -129 -129 -129 -129 -129 -129 
CPU side received count (scaleup: 1): -96 -92 -93 -115 -120 -99 -97 -103 # -129 -129 -129 -129 -129 -129 -129 -129 
Elastic buffer uses 4 channels per SM
Elastic buffer uses 4 channels per SM
Elastic buffer uses 4 channels per SM
Elastic buffer uses 4 channels per SM
Elastic buffer uses 4 channels per SM
Elastic buffer uses 4 channels per SM
Elastic buffer uses 4 channels per SM
Elastic buffer uses 4 channels per SM
CPU side received count (scaleup: 5): -111 -98 -102 -101 -108 -105 -110 -101 # -129 -129 -129 -129 -257 -129 -129 -129 
CPU side received count (scaleup: 6): -108 -97 -104 -110 -95 -96 -94 -108 # -129 -129 -129 -129 -129 -129 -129 -129 
CPU side received count (scaleup: 4): -110 -108 -92 -111 -101 -111 -97 -113 # -129 -129 -129 -129 -129 -257 -129 -129 
CPU side received count (scaleup: 7): -103 -110 -98 -104 -89 -113 -83 -83 # -129 -129 -129 -129 -129 -129 -129 -129 
CPU side received count (scaleup: 2): -106 -95 -101 -98 -100 -111 -96 -96 # -129 -129 -129 -129 -129 -129 -129 -129 
CPU side received count (scaleup: 3): -111 -112 -102 -87 -114 -95 -107 -109 # -129 -129 -129 -129 -129 -129 -129 -257 
CPU side received count (scaleup: 0): -102 -99 -111 -101 -102 -102 -84 -90 # -129 -129 -129 -129 -129 -129 -129 -129 
CPU side received count (scaleup: 1): -96 -92 -93 -115 -120 -99 -97 -103 # -129 -129 -129 -129 -129 -129 -129 -129 
Elastic buffer uses 4 channels per SM
Elastic buffer uses 4 channels per SM
Elastic buffer uses 4 channels per SM
Elastic buffer uses 4 channels per SM
Elastic buffer uses 4 channels per SM
Elastic buffer uses 4 channels per SM
Elastic buffer uses 4 channels per SM
Elastic buffer uses 4 channels per SM
CPU side received count (scaleup: 2): -106 -95 -101 -98 -100 -111 -96 -96 # -129 -129 -129 -129 -129 -129 -129 -129 
CPU side received count (scaleup: 3): -111 -112 -102 -87 -114 -95 -107 -109 # -129 -129 -129 -129 -129 -129 -129 -257 
CPU side received count (scaleup: 0): -102 -99 -111 -101 -102 -102 -84 -90 # -129 -129 -129 -129 -129 -129 -129 -129 
CPU side received count (scaleup: 6): -108 -97 -104 -110 -95 -96 -94 -108 # -129 -129 -129 -129 -129 -129 -129 -129 
CPU side received count (scaleup: 4): -110 -108 -92 -111 -101 -111 -97 -113 # -129 -129 -129 -129 -129 -257 -129 -129 
CPU side received count (scaleup: 5): -111 -98 -102 -101 -108 -105 -110 -101 # -129 -129 -129 -129 -257 -129 -129 -129 
CPU side received count (scaleup: 1): -96 -92 -93 -115 -120 -99 -97 -103 # -129 -129 -129 -129 -129 -129 -129 -129 
CPU side received count (scaleup: 7): -103 -110 -98 -104 -89 -113 -83 -83 # -129 -129 -129 -129 -129 -129 -129 -129 
Elastic buffer uses 4 channels per SM
Elastic buffer uses 4 channels per SM
Elastic buffer uses 4 channels per SM
Elastic buffer uses 4 channels per SM
Elastic buffer uses 4 channels per SM
Elastic buffer uses 4 channels per SM
Elastic buffer uses 4 channels per SM
Elastic buffer uses 4 channels per SM
CPU side received count (scaleup: 4): -110 -108 -92 -111 -101 -111 -97 -113 # -129 -129 -129 -129 -129 -257 -129 -129 
CPU side received count (scaleup: 6): -108 -97 -104 -110 -95 -96 -94 -108 # -129 -129 -129 -129 -129 -129 -129 -129 
CPU side received count (scaleup: 5): -111 -98 -102 -101 -108 -105 -110 -101 # -129 -129 -129 -129 -257 -129 -129 -129 
CPU side received count (scaleup: 7): -103 -110 -98 -104 -89 -113 -83 -83 # -129 -129 -129 -129 -129 -129 -129 -129 
CPU side received count (scaleup: 2): -106 -95 -101 -98 -100 -111 -96 -96 # -129 -129 -129 -129 -129 -129 -129 -129 
CPU side received count (scaleup: 3): -111 -112 -102 -87 -114 -95 -107 -109 # -129 -129 -129 -129 -129 -129 -129 -257 
CPU side received count (scaleup: 0): -102 -99 -111 -101 -102 -102 -84 -90 # -129 -129 -129 -129 -129 -129 -129 -129 
CPU side received count (scaleup: 1): -96 -92 -93 -115 -120 -99 -97 -103 # -129 -129 -129 -129 -129 -129 -129 -129 
Elastic buffer uses 4 channels per SM
Elastic buffer uses 4 channels per SM
Elastic buffer uses 4 channels per SM
Elastic buffer uses 4 channels per SM
Elastic buffer uses 4 channels per SM
Elastic buffer uses 4 channels per SM
Elastic buffer uses 4 channels per SM
Elastic buffer uses 4 channels per SM
CPU side received count (scaleup: 5): -111 -98 -102 -101 -108 -105 -110 -101 # -129 -129 -129 -129 -257 -129 -129 -129 
CPU side received count (scaleup: 4): -110 -108 -92 -111 -101 -111 -97 -113 # -129 -129 -129 -129 -129 -257 -129 -129 
CPU side received count (scaleup: 6): -108 -97 -104 -110 -95 -96 -94 -108 # -129 -129 -129 -129 -129 -129 -129 -129 
CPU side received count (scaleup: 7): -103 -110 -98 -104 -89 -113 -83 -83 # -129 -129 -129 -129 -129 -129 -129 -129 
CPU side received count (scaleup: 2): -106 -95 -101 -98 -100 -111 -96 -96 # -129 -129 -129 -129 -129 -129 -129 -129 
CPU side received count (scaleup: 3): -111 -112 -102 -87 -114 -95 -107 -109 # -129 -129 -129 -129 -129 -129 -129 -257 
CPU side received count (scaleup: 0): -102 -99 -111 -101 -102 -102 -84 -90 # -129 -129 -129 -129 -129 -129 -129 -129 
CPU side received count (scaleup: 1): -96 -92 -93 -115 -120 -99 -97 -103 # -129 -129 -129 -129 -129 -129 -129 -129 
Elastic buffer uses 4 channels per SM
Elastic buffer uses 4 channels per SM
Elastic buffer uses 4 channels per SM
Elastic buffer uses 4 channels per SM
Elastic buffer uses 4 channels per SM
Elastic buffer uses 4 channels per SM
Elastic buffer uses 4 channels per SM
Elastic buffer uses 4 channels per SM
CPU side received count (scaleup: 5): -111 -98 -102 -101 -108 -105 -110 -101 # -129 -129 -129 -129 -257 -129 -129 -129 
CPU side received count (scaleup: 6): -108 -97 -104 -110 -95 -96 -94 -108 # -129 -129 -129 -129 -129 -129 -129 -129 
CPU side received count (scaleup: 4): -110 -108 -92 -111 -101 -111 -97 -113 # -129 -129 -129 -129 -129 -257 -129 -129 
CPU side received count (scaleup: 7): -103 -110 -98 -104 -89 -113 -83 -83 # -129 -129 -129 -129 -129 -129 -129 -129 
CPU side received count (scaleup: 2): -106 -95 -101 -98 -100 -111 -96 -96 # -129 -129 -129 -129 -129 -129 -129 -129 
CPU side received count (scaleup: 3): -111 -112 -102 -87 -114 -95 -107 -109 # -129 -129 -129 -129 -129 -129 -129 -257 
CPU side received count (scaleup: 0): -102 -99 -111 -101 -102 -102 -84 -90 # -129 -129 -129 -129 -129 -129 -129 -129 
CPU side received count (scaleup: 1): -96 -92 -93 -115 -120 -99 -97 -103 # -129 -129 -129 -129 -129 -129 -129 -129 
USDT:2026-08-25 02:42:44 437:437 SyncActivityProfilerHandler.cpp:59] profiler_stop
USDT:2026-08-25 02:42:44 432:432 SyncActivityProfilerHandler.cpp:59] profiler_stop
USDT:2026-08-25 02:42:44 433:433 SyncActivityProfilerHandler.cpp:59] profiler_stopUSDT:2026-08-25 02:42:44 438:438 SyncActivityProfilerHandler.cpp:59] profiler_stop

USDT:2026-08-25 02:42:44 436:436 SyncActivityProfilerHandler.cpp:59] profiler_stop
USDT:2026-08-25 02:42:44 439:439 SyncActivityProfilerHandler.cpp:59] profiler_stopUSDT:2026-08-25 02:42:44 434:434 SyncActivityProfilerHandler.cpp:59] profiler_stopUSDT:2026-08-25 02:42:44 435:435 SyncActivityProfilerHandler.cpp:59] profiler_stop


   - EP:   0/32 | expanded dispatch: 3 GB/s (SO), 5 GB/s (SU), 1154.000 us, 5863104 bytes | copy: 2464 GB/s, 5.443 us
   - EP:   6/32 | expanded dispatch: 3 GB/s (SO), 5 GB/s (SU), 1154.000 us, 6020352 bytes | copy: 55 GB/s, 247.067 us
   - EP:   5/32 | expanded dispatch: 3 GB/s (SO), 5 GB/s (SU), 1154.000 us, 6200064 bytes | copy: 33 GB/s, 447.364 us
   - EP:   1/32 | expanded dispatch: 3 GB/s (SO), 5 GB/s (SU), 1154.000 us, 6042816 bytes | copy: 34 GB/s, 405.606 us
   - EP:   4/32 | expanded dispatch: 3 GB/s (SO), 5 GB/s (SU), 1154.000 us, 6252480 bytes | copy: 67 GB/s, 221.754 us
   - EP:   7/32 | expanded dispatch: 3 GB/s (SO), 5 GB/s (SU), 1154.000 us, 5803200 bytes | copy: 28 GB/s, 478.373 us
   - EP:   2/32 | expanded dispatch: 3 GB/s (SO), 5 GB/s (SU), 1154.000 us, 5952960 bytes | copy: 32 GB/s, 423.086 us
   - EP:   3/32 | expanded dispatch: 3 GB/s (SO), 5 GB/s (SU), 1155.000 us, 6207552 bytes | copy: 35 GB/s, 392.701 us
Elastic buffer uses 4 channels per SM
Elastic buffer uses 4 channels per SM
Elastic buffer uses 4 channels per SM
Elastic buffer uses 4 channels per SM
Elastic buffer uses 4 channels per SM
Elastic buffer uses 4 channels per SM
Elastic buffer uses 4 channels per SM
Elastic buffer uses 4 channels per SM
Elastic buffer uses 4 channels per SM
Elastic buffer uses 4 channels per SM
Elastic buffer uses 4 channels per SM
Elastic buffer uses 4 channels per SM
Elastic buffer uses 4 channels per SM
Elastic buffer uses 4 channels per SM
Elastic buffer uses 4 channels per SM
Elastic buffer uses 4 channels per SM
Elastic buffer uses 4 channels per SM
Elastic buffer uses 4 channels per SM
Elastic buffer uses 4 channels per SM
Elastic buffer uses 4 channels per SM
Elastic buffer uses 4 channels per SM
Elastic buffer uses 4 channels per SM
Elastic buffer uses 4 channels per SM
Elastic buffer uses 4 channels per SM
Elastic buffer uses 4 channels per SM
Elastic buffer uses 4 channels per SM
Elastic buffer uses 4 channels per SM
Elastic buffer uses 4 channels per SM
Elastic buffer uses 4 channels per SM
Elastic buffer uses 4 channels per SM
Elastic buffer uses 4 channels per SM
Elastic buffer uses 4 channels per SM
Elastic buffer uses 4 channels per SM
Elastic buffer uses 4 channels per SM
Elastic buffer uses 4 channels per SM
Elastic buffer uses 4 channels per SM
Elastic buffer uses 4 channels per SM
Elastic buffer uses 4 channels per SM
Elastic buffer uses 4 channels per SM
Elastic buffer uses 4 channels per SM
Elastic buffer uses 4 channels per SM
Elastic buffer uses 4 channels per SM
Elastic buffer uses 4 channels per SM
Elastic buffer uses 4 channels per SM
Elastic buffer uses 4 channels per SM
Elastic buffer uses 4 channels per SM
Elastic buffer uses 4 channels per SM
Elastic buffer uses 4 channels per SM
Elastic buffer uses 4 channels per SM
Elastic buffer uses 4 channels per SM
Elastic buffer uses 4 channels per SM
Elastic buffer uses 4 channels per SM
Elastic buffer uses 4 channels per SM
Elastic buffer uses 4 channels per SM
Elastic buffer uses 4 channels per SM
Elastic buffer uses 4 channels per SM
Elastic buffer uses 4 channels per SM
Elastic buffer uses 4 channels per SM
Elastic buffer uses 4 channels per SM
Elastic buffer uses 4 channels per SM
Elastic buffer uses 4 channels per SM
Elastic buffer uses 4 channels per SM
Elastic buffer uses 4 channels per SM
Elastic buffer uses 4 channels per SM
Elastic buffer uses 4 channels per SM
Elastic buffer uses 4 channels per SM
Elastic buffer uses 4 channels per SM
Elastic buffer uses 4 channels per SM
Elastic buffer uses 4 channels per SM
Elastic buffer uses 4 channels per SM
Elastic buffer uses 4 channels per SM
Elastic buffer uses 4 channels per SM
Elastic buffer uses 4 channels per SM
Elastic buffer uses 4 channels per SM
Elastic buffer uses 4 channels per SM
Elastic buffer uses 4 channels per SM
Elastic buffer uses 4 channels per SM
Elastic buffer uses 4 channels per SM
Elastic buffer uses 4 channels per SM
Elastic buffer uses 4 channels per SM
Elastic buffer uses 4 channels per SM
Elastic buffer uses 4 channels per SM
Elastic buffer uses 4 channels per SM
Elastic buffer uses 4 channels per SM
Elastic buffer uses 4 channels per SM
Elastic buffer uses 4 channels per SM
Elastic buffer uses 4 channels per SM
Elastic buffer uses 4 channels per SM
Elastic buffer uses 4 channels per SM
Elastic buffer uses 4 channels per SM
Elastic buffer uses 4 channels per SM
Elastic buffer uses 4 channels per SM
Elastic buffer uses 4 channels per SM
Elastic buffer uses 4 channels per SM
Elastic buffer uses 4 channels per SM
Elastic buffer uses 4 channels per SM
Elastic buffer uses 4 channels per SM
Elastic buffer uses 4 channels per SM
Elastic buffer uses 4 channels per SM
Elastic buffer uses 4 channels per SM
Elastic buffer uses 4 channels per SM
Elastic buffer uses 4 channels per SM
Elastic buffer uses 4 channels per SM
Elastic buffer uses 4 channels per SM
Elastic buffer uses 4 channels per SM
Elastic buffer uses 4 channels per SM
Elastic buffer uses 4 channels per SM
Elastic buffer uses 4 channels per SM
Elastic buffer uses 4 channels per SM
Elastic buffer uses 4 channels per SM
Elastic buffer uses 4 channels per SM
Elastic buffer uses 4 channels per SM
Elastic buffer uses 4 channels per SM
Elastic buffer uses 4 channels per SM
Elastic buffer uses 4 channels per SM
Elastic buffer uses 4 channels per SM
Elastic buffer uses 4 channels per SM
Elastic buffer uses 4 channels per SM
Elastic buffer uses 4 channels per SM
Elastic buffer uses 4 channels per SM
Elastic buffer uses 4 channels per SM
Elastic buffer uses 4 channels per SM
Elastic buffer uses 4 channels per SM
Elastic buffer uses 4 channels per SM
Elastic buffer uses 4 channels per SM
Elastic buffer uses 4 channels per SM
Elastic buffer uses 4 channels per SM
Elastic buffer uses 4 channels per SM
Elastic buffer uses 4 channels per SM
Elastic buffer uses 4 channels per SM
Elastic buffer uses 4 channels per SM
Elastic buffer uses 4 channels per SM
Elastic buffer uses 4 channels per SM
Elastic buffer uses 4 channels per SM
Elastic buffer uses 4 channels per SM
Elastic buffer uses 4 channels per SM
Elastic buffer uses 4 channels per SM
Elastic buffer uses 4 channels per SM
Elastic buffer uses 4 channels per SM
Elastic buffer uses 4 channels per SM
Elastic buffer uses 4 channels per SM
Elastic buffer uses 4 channels per SM
Elastic buffer uses 4 channels per SM
Elastic buffer uses 4 channels per SM
Elastic buffer uses 4 channels per SM
Elastic buffer uses 4 channels per SM
Elastic buffer uses 4 channels per SM
Elastic buffer uses 4 channels per SM
Elastic buffer uses 4 channels per SM
Elastic buffer uses 4 channels per SM
Elastic buffer uses 4 channels per SM
Elastic buffer uses 4 channels per SM
Elastic buffer uses 4 channels per SM
Elastic buffer uses 4 channels per SM
Elastic buffer uses 4 channels per SM
Elastic buffer uses 4 channels per SM
Elastic buffer uses 4 channels per SM
Elastic buffer uses 4 channels per SM
Elastic buffer uses 4 channels per SM
Elastic buffer uses 4 channels per SM
Elastic buffer uses 4 channels per SM
Elastic buffer uses 4 channels per SM
Elastic buffer uses 4 channels per SM
Elastic buffer uses 4 channels per SM
Elastic buffer uses 4 channels per SM
Elastic buffer uses 4 channels per SM
Elastic buffer uses 4 channels per SM
Elastic buffer uses 4 channels per SM
Elastic buffer uses 4 channels per SM
Elastic buffer uses 4 channels per SM
Elastic buffer uses 4 channels per SM
Elastic buffer uses 4 channels per SM
Elastic buffer uses 4 channels per SM
Elastic buffer uses 4 channels per SM
Elastic buffer uses 4 channels per SM
Elastic buffer uses 4 channels per SM
Elastic buffer uses 4 channels per SM
Elastic buffer uses 4 channels per SM
Elastic buffer uses 4 channels per SM
Elastic buffer uses 4 channels per SM
Elastic buffer uses 4 channels per SM
Elastic buffer uses 4 channels per SM
Elastic buffer uses 4 channels per SM
Elastic buffer uses 4 channels per SM
Elastic buffer uses 4 channels per SM
Elastic buffer uses 4 channels per SM
Elastic buffer uses 4 channels per SM
Elastic buffer uses 4 channels per SM
Elastic buffer uses 4 channels per SM
Elastic buffer uses 4 channels per SM
Elastic buffer uses 4 channels per SM
Elastic buffer uses 4 channels per SM
Elastic buffer uses 4 channels per SM
Elastic buffer uses 4 channels per SM
Elastic buffer uses 4 channels per SM
Elastic buffer uses 4 channels per SM
Elastic buffer uses 4 channels per SM
Elastic buffer uses 4 channels per SM
Elastic buffer uses 4 channels per SM
Elastic buffer uses 4 channels per SM
Elastic buffer uses 4 channels per SM
Elastic buffer uses 4 channels per SM
Elastic buffer uses 4 channels per SM
Elastic buffer uses 4 channels per SM
Elastic buffer uses 4 channels per SM
Elastic buffer uses 4 channels per SM
Elastic buffer uses 4 channels per SM
Elastic buffer uses 4 channels per SM
Elastic buffer uses 4 channels per SM
Elastic buffer uses 4 channels per SM
Elastic buffer uses 4 channels per SM
Elastic buffer uses 4 channels per SM
Elastic buffer uses 4 channels per SM
Elastic buffer uses 4 channels per SM
Elastic buffer uses 4 channels per SM
Elastic buffer uses 4 channels per SM
Elastic buffer uses 4 channels per SM
Elastic buffer uses 4 channels per SM
Elastic buffer uses 4 channels per SM
Elastic buffer uses 4 channels per SM
Elastic buffer uses 4 channels per SM
Elastic buffer uses 4 channels per SM
Elastic buffer uses 4 channels per SM
Elastic buffer uses 4 channels per SM
Elastic buffer uses 4 channels per SM
Elastic buffer uses 4 channels per SM
Elastic buffer uses 4 channels per SM
Elastic buffer uses 4 channels per SM
Elastic buffer uses 4 channels per SM
Elastic buffer uses 4 channels per SM
Elastic buffer uses 4 channels per SM
Elastic buffer uses 4 channels per SM
Elastic buffer uses 4 channels per SM
Elastic buffer uses 4 channels per SM
Elastic buffer uses 4 channels per SM
Elastic buffer uses 4 channels per SM
Elastic buffer uses 4 channels per SM
Elastic buffer uses 4 channels per SM
Elastic buffer uses 4 channels per SM
Elastic buffer uses 4 channels per SM
Elastic buffer uses 4 channels per SM
Elastic buffer uses 4 channels per SM
Elastic buffer uses 4 channels per SM
Elastic buffer uses 4 channels per SM
Elastic buffer uses 4 channels per SM
Elastic buffer uses 4 channels per SM
Elastic buffer uses 4 channels per SM
Elastic buffer uses 4 channels per SM
USDT:2026-08-25 02:42:45 438:438 SyncActivityProfilerHandler.cpp:52] profiler_startUSDT:2026-08-25 02:42:45 433:433 SyncActivityProfilerHandler.cpp:52] profiler_startUSDT:2026-08-25 02:42:45 432:432 SyncActivityProfilerHandler.cpp:52] profiler_startUSDT:2026-08-25 02:42:45 436:436 SyncActivityProfilerHandler.cpp:52] profiler_startUSDT:2026-08-25 02:42:45 437:437 SyncActivityProfilerHandler.cpp:52] profiler_start




USDT:2026-08-25 02:42:45 439:439 SyncActivityProfilerHandler.cpp:52] profiler_startUSDT:2026-08-25 02:42:45 434:434 SyncActivityProfilerHandler.cpp:52] profiler_startUSDT:2026-08-25 02:42:45 435:435 SyncActivityProfilerHandler.cpp:52] profiler_start


Elastic buffer uses 4 channels per SM
Elastic buffer uses 4 channels per SM
Elastic buffer uses 4 channels per SM
Elastic buffer uses 4 channels per SM
Elastic buffer uses 4 channels per SM
Elastic buffer uses 4 channels per SM
Elastic buffer uses 4 channels per SM
Elastic buffer uses 4 channels per SM
Elastic buffer uses 4 channels per SM
Elastic buffer uses 4 channels per SM
Elastic buffer uses 4 channels per SM
Elastic buffer uses 4 channels per SM
Elastic buffer uses 4 channels per SM
Elastic buffer uses 4 channels per SM
Elastic buffer uses 4 channels per SM
Elastic buffer uses 4 channels per SM
Elastic buffer uses 4 channels per SM
Elastic buffer uses 4 channels per SM
Elastic buffer uses 4 channels per SM
Elastic buffer uses 4 channels per SM
Elastic buffer uses 4 channels per SM
Elastic buffer uses 4 channels per SM
Elastic buffer uses 4 channels per SM
Elastic buffer uses 4 channels per SM
Elastic buffer uses 4 channels per SM
Elastic buffer uses 4 channels per SM
Elastic buffer uses 4 channels per SM
Elastic buffer uses 4 channels per SM
Elastic buffer uses 4 channels per SM
Elastic buffer uses 4 channels per SM
Elastic buffer uses 4 channels per SM
Elastic buffer uses 4 channels per SM
Elastic buffer uses 4 channels per SM
Elastic buffer uses 4 channels per SM
Elastic buffer uses 4 channels per SM
Elastic buffer uses 4 channels per SM
Elastic buffer uses 4 channels per SM
Elastic buffer uses 4 channels per SM
Elastic buffer uses 4 channels per SM
Elastic buffer uses 4 channels per SM
Elastic buffer uses 4 channels per SM
Elastic buffer uses 4 channels per SM
Elastic buffer uses 4 channels per SM
Elastic buffer uses 4 channels per SM
Elastic buffer uses 4 channels per SM
Elastic buffer uses 4 channels per SM
Elastic buffer uses 4 channels per SM
Elastic buffer uses 4 channels per SM
Elastic buffer uses 4 channels per SM
Elastic buffer uses 4 channels per SM
Elastic buffer uses 4 channels per SM
Elastic buffer uses 4 channels per SM
Elastic buffer uses 4 channels per SM
Elastic buffer uses 4 channels per SM
Elastic buffer uses 4 channels per SM
Elastic buffer uses 4 channels per SM
Elastic buffer uses 4 channels per SM
Elastic buffer uses 4 channels per SM
Elastic buffer uses 4 channels per SM
Elastic buffer uses 4 channels per SM
Elastic buffer uses 4 channels per SM
Elastic buffer uses 4 channels per SM
Elastic buffer uses 4 channels per SM
Elastic buffer uses 4 channels per SM
Elastic buffer uses 4 channels per SM
Elastic buffer uses 4 channels per SM
Elastic buffer uses 4 channels per SM
Elastic buffer uses 4 channels per SM
Elastic buffer uses 4 channels per SM
Elastic buffer uses 4 channels per SM
Elastic buffer uses 4 channels per SM
Elastic buffer uses 4 channels per SM
Elastic buffer uses 4 channels per SM
Elastic buffer uses 4 channels per SM
Elastic buffer uses 4 channels per SM
Elastic buffer uses 4 channels per SM
Elastic buffer uses 4 channels per SM
Elastic buffer uses 4 channels per SM
Elastic buffer uses 4 channels per SM
Elastic buffer uses 4 channels per SM
Elastic buffer uses 4 channels per SM
Elastic buffer uses 4 channels per SM
Elastic buffer uses 4 channels per SM
Elastic buffer uses 4 channels per SM
Elastic buffer uses 4 channels per SM
Elastic buffer uses 4 channels per SM
Elastic buffer uses 4 channels per SM
Elastic buffer uses 4 channels per SM
Elastic buffer uses 4 channels per SM
Elastic buffer uses 4 channels per SM
Elastic buffer uses 4 channels per SM
Elastic buffer uses 4 channels per SM
Elastic buffer uses 4 channels per SM
Elastic buffer uses 4 channels per SM
Elastic buffer uses 4 channels per SM
Elastic buffer uses 4 channels per SM
Elastic buffer uses 4 channels per SM
Elastic buffer uses 4 channels per SM
Elastic buffer uses 4 channels per SM
Elastic buffer uses 4 channels per SM
Elastic buffer uses 4 channels per SM
Elastic buffer uses 4 channels per SM
Elastic buffer uses 4 channels per SM
Elastic buffer uses 4 channels per SM
Elastic buffer uses 4 channels per SM
Elastic buffer uses 4 channels per SM
Elastic buffer uses 4 channels per SM
Elastic buffer uses 4 channels per SM
Elastic buffer uses 4 channels per SM
Elastic buffer uses 4 channels per SM
Elastic buffer uses 4 channels per SM
Elastic buffer uses 4 channels per SM
Elastic buffer uses 4 channels per SM
Elastic buffer uses 4 channels per SM
Elastic buffer uses 4 channels per SM
Elastic buffer uses 4 channels per SM
Elastic buffer uses 4 channels per SM
Elastic buffer uses 4 channels per SM
Elastic buffer uses 4 channels per SM
Elastic buffer uses 4 channels per SM
Elastic buffer uses 4 channels per SM
Elastic buffer uses 4 channels per SM
Elastic buffer uses 4 channels per SM
Elastic buffer uses 4 channels per SM
Elastic buffer uses 4 channels per SM
Elastic buffer uses 4 channels per SM
Elastic buffer uses 4 channels per SM
Elastic buffer uses 4 channels per SM
Elastic buffer uses 4 channels per SM
Elastic buffer uses 4 channels per SM
Elastic buffer uses 4 channels per SM
Elastic buffer uses 4 channels per SM
Elastic buffer uses 4 channels per SM
Elastic buffer uses 4 channels per SM
Elastic buffer uses 4 channels per SM
Elastic buffer uses 4 channels per SM
Elastic buffer uses 4 channels per SM
Elastic buffer uses 4 channels per SM
Elastic buffer uses 4 channels per SM
Elastic buffer uses 4 channels per SM
Elastic buffer uses 4 channels per SM
Elastic buffer uses 4 channels per SM
Elastic buffer uses 4 channels per SM
Elastic buffer uses 4 channels per SM
Elastic buffer uses 4 channels per SM
Elastic buffer uses 4 channels per SM
Elastic buffer uses 4 channels per SM
Elastic buffer uses 4 channels per SM
Elastic buffer uses 4 channels per SM
Elastic buffer uses 4 channels per SM
Elastic buffer uses 4 channels per SM
Elastic buffer uses 4 channels per SM
Elastic buffer uses 4 channels per SM
Elastic buffer uses 4 channels per SM
Elastic buffer uses 4 channels per SM
Elastic buffer uses 4 channels per SM
Elastic buffer uses 4 channels per SM
Elastic buffer uses 4 channels per SM
Elastic buffer uses 4 channels per SM
Elastic buffer uses 4 channels per SM
Elastic buffer uses 4 channels per SM
Elastic buffer uses 4 channels per SM
Elastic buffer uses 4 channels per SM
Elastic buffer uses 4 channels per SM
Elastic buffer uses 4 channels per SM
Elastic buffer uses 4 channels per SM
Elastic buffer uses 4 channels per SM
Elastic buffer uses 4 channels per SM
Elastic buffer uses 4 channels per SM
Elastic buffer uses 4 channels per SM
Elastic buffer uses 4 channels per SM
Elastic buffer uses 4 channels per SM
Elastic buffer uses 4 channels per SM
Elastic buffer uses 4 channels per SM
Elastic buffer uses 4 channels per SM
Elastic buffer uses 4 channels per SM
Elastic buffer uses 4 channels per SM
Elastic buffer uses 4 channels per SM
Elastic buffer uses 4 channels per SM
Elastic buffer uses 4 channels per SM
Elastic buffer uses 4 channels per SM
Elastic buffer uses 4 channels per SM
Elastic buffer uses 4 channels per SM
Elastic buffer uses 4 channels per SM
Elastic buffer uses 4 channels per SM
Elastic buffer uses 4 channels per SM
Elastic buffer uses 4 channels per SM
Elastic buffer uses 4 channels per SM
Elastic buffer uses 4 channels per SM
Elastic buffer uses 4 channels per SM
Elastic buffer uses 4 channels per SM
Elastic buffer uses 4 channels per SM
Elastic buffer uses 4 channels per SM
Elastic buffer uses 4 channels per SM
Elastic buffer uses 4 channels per SM
Elastic buffer uses 4 channels per SM
Elastic buffer uses 4 channels per SM
Elastic buffer uses 4 channels per SM
Elastic buffer uses 4 channels per SM
Elastic buffer uses 4 channels per SM
Elastic buffer uses 4 channels per SM
Elastic buffer uses 4 channels per SM
Elastic buffer uses 4 channels per SM
Elastic buffer uses 4 channels per SM
Elastic buffer uses 4 channels per SM
Elastic buffer uses 4 channels per SM
Elastic buffer uses 4 channels per SM
Elastic buffer uses 4 channels per SM
Elastic buffer uses 4 channels per SM
Elastic buffer uses 4 channels per SM
Elastic buffer uses 4 channels per SM
Elastic buffer uses 4 channels per SM
Elastic buffer uses 4 channels per SM
Elastic buffer uses 4 channels per SM
Elastic buffer uses 4 channels per SM
Elastic buffer uses 4 channels per SM
Elastic buffer uses 4 channels per SM
Elastic buffer uses 4 channels per SM
Elastic buffer uses 4 channels per SM
Elastic buffer uses 4 channels per SM
Elastic buffer uses 4 channels per SM
Elastic buffer uses 4 channels per SM
Elastic buffer uses 4 channels per SM
Elastic buffer uses 4 channels per SM
Elastic buffer uses 4 channels per SM
Elastic buffer uses 4 channels per SM
Elastic buffer uses 4 channels per SM
Elastic buffer uses 4 channels per SM
Elastic buffer uses 4 channels per SM
Elastic buffer uses 4 channels per SM
Elastic buffer uses 4 channels per SM
Elastic buffer uses 4 channels per SM
Elastic buffer uses 4 channels per SM
Elastic buffer uses 4 channels per SM
Elastic buffer uses 4 channels per SM
Elastic buffer uses 4 channels per SM
Elastic buffer uses 4 channels per SM
Elastic buffer uses 4 channels per SM
Elastic buffer uses 4 channels per SM
Elastic buffer uses 4 channels per SM
USDT:2026-08-25 02:42:45 432:432 SyncActivityProfilerHandler.cpp:59] profiler_stopUSDT:2026-08-25 02:42:45 433:433 SyncActivityProfilerHandler.cpp:59] profiler_stopUSDT:2026-08-25 02:42:45 438:438 SyncActivityProfilerHandler.cpp:59] profiler_stop


USDT:2026-08-25 02:42:45 436:436 SyncActivityProfilerHandler.cpp:59] profiler_stopUSDT:2026-08-25 02:42:45 437:437 SyncActivityProfilerHandler.cpp:59] profiler_stop

USDT:2026-08-25 02:42:45 434:434 SyncActivityProfilerHandler.cpp:59] profiler_stop
USDT:2026-08-25 02:42:45 439:439 SyncActivityProfilerHandler.cpp:59] profiler_stop
USDT:2026-08-25 02:42:45 435:435 SyncActivityProfilerHandler.cpp:59] profiler_stop
   # EP:   0/32 | cached dispatch: 3 GB/s (SO), 6 GB/s (SU), 1052.000 us, 5863104 bytes | copy: 183 GB/s, 64.125 us
   # EP:   4/32 | cached dispatch: 3 GB/s (SO), 6 GB/s (SU), 1053.000 us, 6252480 bytes | copy: 87 GB/s, 144.354 us
   # EP:   5/32 | cached dispatch: 3 GB/s (SO), 6 GB/s (SU), 1052.000 us, 6200064 bytes | copy: 34 GB/s, 363.236 us
   # EP:   6/32 | cached dispatch: 3 GB/s (SO), 6 GB/s (SU), 1052.000 us, 6020352 bytes | copy: 73 GB/s, 164.194 us
   # EP:   1/32 | cached dispatch: 3 GB/s (SO), 6 GB/s (SU), 1052.000 us, 6042816 bytes | copy: 34 GB/s, 360.458 us
   # EP:   2/32 | cached dispatch: 3 GB/s (SO), 6 GB/s (SU), 1052.000 us, 5952960 bytes | copy: 75 GB/s, 158.135 us
   # EP:   7/32 | cached dispatch: 3 GB/s (SO), 6 GB/s (SU), 1052.000 us, 5803200 bytes | copy: 29 GB/s, 397.157 us
   # EP:   3/32 | cached dispatch: 3 GB/s (SO), 6 GB/s (SU), 1053.000 us, 6207552 bytes | copy: 36 GB/s, 347.835 us
USDT:2026-08-25 02:42:45 436:436 SyncActivityProfilerHandler.cpp:52] profiler_startUSDT:2026-08-25 02:42:45 437:437 SyncActivityProfilerHandler.cpp:52] profiler_start

USDT:2026-08-25 02:42:45 438:438 SyncActivityProfilerHandler.cpp:52] profiler_start
USDT:2026-08-25 02:42:45 433:433 SyncActivityProfilerHandler.cpp:52] profiler_start
USDT:2026-08-25 02:42:45 432:432 SyncActivityProfilerHandler.cpp:52] profiler_startUSDT:2026-08-25 02:42:45 434:434 SyncActivityProfilerHandler.cpp:52] profiler_startUSDT:2026-08-25 02:42:45 435:435 SyncActivityProfilerHandler.cpp:52] profiler_start
USDT:2026-08-25 02:42:45 439:439 SyncActivityProfilerHandler.cpp:52] profiler_start


USDT:2026-08-25 02:42:46 436:436 SyncActivityProfilerHandler.cpp:59] profiler_stopUSDT:2026-08-25 02:42:46 433:433 SyncActivityProfilerHandler.cpp:59] profiler_stopUSDT:2026-08-25 02:42:46 437:437 SyncActivityProfilerHandler.cpp:59] profiler_stop


USDT:2026-08-25 02:42:46 438:438 SyncActivityProfilerHandler.cpp:59] profiler_stop
USDT:2026-08-25 02:42:46 432:432 SyncActivityProfilerHandler.cpp:59] profiler_stop
USDT:2026-08-25 02:42:46 434:434 SyncActivityProfilerHandler.cpp:59] profiler_stop
USDT:2026-08-25 02:42:46 439:439 SyncActivityProfilerHandler.cpp:59] profiler_stop
USDT:2026-08-25 02:42:46 435:435 SyncActivityProfilerHandler.cpp:59] profiler_stop
   @ EP:   5/32 | combine: 21 GB/s (SO), 39 GB/s (SU), 307.351 us, 11896704 bytes | reduce: 1051 GB/s, 7.780 us
   @ EP:   4/32 | combine: 21 GB/s (SO), 39 GB/s (SU), 305.794 us, 11997280 bytes | reduce: 1084 GB/s, 7.649 us   @ EP:   0/32 | combine: 15 GB/s (SO), 24 GB/s (SU), 460.564 us, 11250144 bytes | reduce: 1028 GB/s, 8.343 us

   @ EP:   1/32 | combine: 20 GB/s (SO), 35 GB/s (SU), 329.567 us, 11594976 bytes | reduce: 1045 GB/s, 8.054 us
   @ EP:   2/32 | combine: 21 GB/s (SO), 37 GB/s (SU), 312.156 us, 11422560 bytes | reduce: 1069 GB/s, 7.942 us
   @ EP:   6/32 | combine: 17 GB/s (SO), 31 GB/s (SU), 372.656 us, 11551872 bytes | reduce: 1029 GB/s, 7.906 us
   @ EP:   7/32 | combine: 21 GB/s (SO), 37 GB/s (SU), 304.354 us, 11135200 bytes | reduce: 1036 GB/s, 7.809 us
   @ EP:   3/32 | combine: 21 GB/s (SO), 38 GB/s (SU), 311.700 us, 11911072 bytes | reduce: 1040 GB/s, 7.931 us
USDT:2026-08-25 02:42:46 433:433 SyncActivityProfilerHandler.cpp:52] profiler_startUSDT:2026-08-25 02:42:46 437:437 SyncActivityProfilerHandler.cpp:52] profiler_start

USDT:2026-08-25 02:42:46 436:436 SyncActivityProfilerHandler.cpp:52] profiler_start
USDT:2026-08-25 02:42:46 438:438 SyncActivityProfilerHandler.cpp:52] profiler_start
USDT:2026-08-25 02:42:46 432:432 SyncActivityProfilerHandler.cpp:52] profiler_start
USDT:2026-08-25 02:42:46 434:434 SyncActivityProfilerHandler.cpp:52] profiler_start
USDT:2026-08-25 02:42:46 435:435 SyncActivityProfilerHandler.cpp:52] profiler_startUSDT:2026-08-25 02:42:46 439:439 SyncActivityProfilerHandler.cpp:52] profiler_start

USDT:2026-08-25 02:42:47 433:433 SyncActivityProfilerHandler.cpp:59] profiler_stop
USDT:2026-08-25 02:42:47 436:436 SyncActivityProfilerHandler.cpp:59] profiler_stop
USDT:2026-08-25 02:42:47 437:437 SyncActivityProfilerHandler.cpp:59] profiler_stop
USDT:2026-08-25 02:42:47 438:438 SyncActivityProfilerHandler.cpp:59] profiler_stop
USDT:2026-08-25 02:42:47 432:432 SyncActivityProfilerHandler.cpp:59] profiler_stop
USDT:2026-08-25 02:42:47 434:434 SyncActivityProfilerHandler.cpp:59] profiler_stop
USDT:2026-08-25 02:42:47 435:435 SyncActivityProfilerHandler.cpp:59] profiler_stopUSDT:2026-08-25 02:42:47 439:439 SyncActivityProfilerHandler.cpp:59] profiler_stop

   + EP:   5/32 | reduced combine: 21 GB/s (SO), 39 GB/s (SU), 305.296 us, 11896704 bytes | reduce: 1057 GB/s, 7.738 us
   + EP:   4/32 | reduced combine: 21 GB/s (SO), 39 GB/s (SU), 306.329 us, 11997280 bytes | reduce: 1095 GB/s, 7.571 us
   + EP:   6/32 | reduced combine: 17 GB/s (SO), 31 GB/s (SU), 371.050 us, 11551872 bytes | reduce: 1029 GB/s, 7.905 us
   + EP:   0/32 | reduced combine: 17 GB/s (SO), 28 GB/s (SU), 405.460 us, 11250144 bytes | reduce: 1055 GB/s, 8.130 us
   + EP:   1/32 | reduced combine: 21 GB/s (SO), 37 GB/s (SU), 315.562 us, 11594976 bytes | reduce: 1023 GB/s, 8.227 us
   + EP:   2/32 | reduced combine: 22 GB/s (SO), 38 GB/s (SU), 299.182 us, 11422560 bytes | reduce: 1065 GB/s, 7.971 us
   + EP:   7/32 | reduced combine: 21 GB/s (SO), 37 GB/s (SU), 301.961 us, 11135200 bytes | reduce: 1035 GB/s, 7.813 us
   + EP:   3/32 | reduced combine: 21 GB/s (SO), 38 GB/s (SU), 311.315 us, 11911072 bytes | reduce: 1013 GB/s, 8.138 us

Elastic buffer uses 4 channels per SM
Elastic buffer uses 4 channels per SM
Elastic buffer uses 4 channels per SM
Elastic buffer uses 4 channels per SM
Elastic buffer uses 4 channels per SM
Elastic buffer uses 4 channels per SM
Elastic buffer uses 4 channels per SM
Elastic buffer uses 4 channels per SM
CPU side received count (scaleup: 6): -108 -97 -104 -110 -95 -96 -94 -108 # -129 -129 -129 -129 -129 -129 -129 -129 
CPU side received count (scaleup: 4): -110 -108 -92 -111 -101 -111 -97 -113 # -129 -129 -129 -129 -129 -257 -129 -129 
CPU side received count (scaleup: 5): -111 -98 -102 -101 -108 -105 -110 -101 # -129 -129 -129 -129 -257 -129 -129 -129 
CPU side received count (scaleup: 7): -103 -110 -98 -104 -89 -113 -83 -83 # -129 -129 -129 -129 -129 -129 -129 -129 
CPU side received count (scaleup: 0): -102 -99 -111 -101 -102 -102 -84 -90 # -129 -129 -129 -129 -129 -129 -129 -129 
CPU side received count (scaleup: 2): -106 -95 -101 -98 -100 -111 -96 -96 # -129 -129 -129 -129 -129 -129 -129 -129 
CPU side received count (scaleup: 1): -96 -92 -93 -115 -120 -99 -97 -103 # -129 -129 -129 -129 -129 -129 -129 -129 
CPU side received count (scaleup: 3): -111 -112 -102 -87 -114 -95 -107 -109 # -129 -129 -129 -129 -129 -129 -129 -257 

