=== EP_NIC_NAME=rdmap110s0 (auto, 200 Gb/s) ===
+ docker run --rm --gpus all --privileged --network=host --ipc=host --ulimit memlock=-1 --ulimit stack=67108864 --device=/dev/infiniband --device=/dev/gdrdrv -v /sys/class/infiniband:/sys/class/infiniband:ro -e MASTER_ADDR=172.31.20.74 -e MASTER_PORT=29554 -e WORLD_SIZE=2 -e RANK=1 -e NCCL_DEBUG=WARN -e EP_NIC_NAME=rdmap110s0 -e EP_BUFFER_DEBUG=1 -e PYTHONUNBUFFERED=1 -e PYTHONFAULTHANDLER=1 deepep-v2-efa-official:dev bash -lc 'timeout -s ABRT --kill-after=60 1500     python3 -u /opt/DeepEP/tests/elastic/test_ep.py     --num-processes=8 --num-tokens=128     --hidden=7168 --num-topk=8 --num-experts=256     --num-sms=12 --allow-hybrid-mode=1     --prefer-overlap-with-compute=0 --test-first-only      '

==========
== CUDA ==
==========

CUDA Version 13.0.2

Container image Copyright (c) 2016-2023, NVIDIA CORPORATION & AFFILIATES. All rights reserved.

This container image and its contents are governed by the NVIDIA Deep Learning Container License.
By pulling and using the container, you accept the terms and conditions of this license:
https://developer.nvidia.com/ngc/nvidia-deep-learning-container-license

A copy of this license is made available in this container at /NGC-DL-CONTAINER-LICENSE for your convenience.

DeepEP hybrid kernel selection: unordered
DeepEP hybrid kernel selection: unordered
DeepEP hybrid kernel selection: unordered
DeepEP hybrid kernel selection: unordered
DeepEP hybrid kernel selection: unordered
Initializing EP elastic buffer with 341835776 bytes (cpu: 0) at rank EP 10/16DeepEP hybrid kernel selection: unordered
Initializing EP elastic buffer with 341835776 bytes (cpu: 0) at rank EP 15/16
Initializing EP elastic buffer with 341835776 bytes (cpu: 0) at rank EP 8/16

Initializing EP elastic buffer with 341835776 bytes (cpu: 0) at rank EP 12/16DeepEP hybrid kernel selection: unordered

Initializing EP elastic buffer with 341835776 bytes (cpu: 0) at rank EP 14/16DeepEP hybrid kernel selection: unordered

Initializing EP elastic buffer with 341835776 bytes (cpu: 0) at rank EP 13/16
Initializing EP elastic buffer with 341835776 bytes (cpu: 0) at rank EP 9/16
Initializing EP elastic buffer with 341835776 bytes (cpu: 0) at rank EP 11/16
DeepEP initialized with NCCL version: 2.31.2 (loaded library)
DeepEP initialized with NCCL version: 2.31.2 (loaded library)
DeepEP initialized with NCCL version: 2.31.2 (loaded library)
EP NCCL device communicator has 0 allocated QPs
EP NCCL device communicator has 0 allocated QPs
EP NCCL device communicator has 0 allocated QPs
DeepEP hybrid kernel selection: unordered
DeepEP initialized with NCCL version: 2.31.2 (loaded library)
DeepEP hybrid kernel selection: unordered
GIN layout: gin_context_cnt=11, gin_indexed_signals_cnt=21, num_qp=11
DeepEP initialized with NCCL version: 2.31.2 (loaded library)
DeepEP hybrid kernel selection: unordered
EP NCCL device communicator has 0 allocated QPs
EP NCCL device communicator has 0 allocated QPs
GIN layout: gin_context_cnt=11, gin_indexed_signals_cnt=21, num_qp=11
GIN layout: gin_context_cnt=11, gin_indexed_signals_cnt=21, num_qp=11
DeepEP hybrid kernel selection: unordered
DeepEP hybrid kernel selection: unordered
DeepEP initialized with NCCL version: 2.31.2 (loaded library)
GIN layout: gin_context_cnt=11, gin_indexed_signals_cnt=21, num_qp=11
GIN layout: gin_context_cnt=11, gin_indexed_signals_cnt=21, num_qp=11
EP NCCL device communicator has 0 allocated QPs
DeepEP hybrid kernel selection: unordered
GIN layout: gin_context_cnt=11, gin_indexed_signals_cnt=21, num_qp=11
DeepEP initialized with NCCL version: 2.31.2 (loaded library)
EP NCCL device communicator has 0 allocated QPs
DeepEP initialized with NCCL version: 2.31.2 (loaded library)
DeepEP hybrid kernel selection: unordered
EP NCCL device communicator has 0 allocated QPs
GIN layout: gin_context_cnt=11, gin_indexed_signals_cnt=21, num_qp=11
DeepEP hybrid kernel selection: unordered
GIN layout: gin_context_cnt=11, gin_indexed_signals_cnt=21, num_qp=11
Config:
 > Ranks: 2 x 8
 > Experts: 8/256
 > Tokens: 120 (max: 128), hidden: 7168
 > #SM: 12, #QPs: 11/11

Running all test cases:
 > Testing with do_handle_copy=1, expert_alignment=128, use_fp8_dispatch=1, num_bias=0, with_previous_event=0, async_with_compute_stream=0, allocate_on_comm_stream=0 ...
Elastic buffer uses 4 channels per SM
Elastic buffer uses 4 channels per SM
Elastic buffer uses 4 channels per SM
Elastic buffer uses 4 channels per SM
Elastic buffer uses 4 channels per SM
Elastic buffer uses 4 channels per SM
Elastic buffer uses 4 channels per SM
Elastic buffer uses 4 channels per SM
CPU side received count (scaleup: 0): -103 -115 -100 -99 -95 -94 -93 -88 # -129 -129 -129 -129 -129 -129 -129 -129 -129 -129 -12CPU side received count (scaleup: 6): -99 -115 -91 -114 -99 -97 -105 -111 # -129 -129 -129 -129 -129 -129 -129 -129 -129 -129 -1CPU side received count (scaleup: 5): -109 -96 -110 -97 -79 -88 -101 -93 # -129 -129 -129 -129 -129 -129 -129 -129 -129 -129 -12CPU side received count (scaleup: 1): -98 -100 -92 -98 -93 -112 -91 -95 # -129 -129 -129 -129 -129 -129 -129 -129 -129 -129 -129CPU side received count (scaleup: 3): -95 -99 -93 -90 -90 -92 -100 -110 # -129 -129 -129 -129 -129 -129 -129 -129 -129 -129 -129CPU side received count (scaleup: 4): -103 -111 -100 -114 -99 -97 -94 -107 # -129 -129 -129 -129 -129 -129 -129 -129 -129 -129 -29 -129 -129 -129 -129 -129 
CPU side received count (scaleup: 2): -113 -110 -119 -102 -106 -98 -113 -90 # -129 -129 -129 -129 -129 -129 -129 -129 -129 -129 CPU side received count (scaleup: 7): -117 -106 -99 -100 -99 -104 -95 -90 # -129 -129 -129 -129 -129 -129 -129 -129 -129 -129 -1 -129 -129 -129 -129 -129 
9 -129 -129 -129 -129 -129 
 -129 -129 -129 -129 -129 
9 -129 -129 -129 -129 -129 
129 -129 -129 -129 -129 -129 
29 -129 -129 -129 -129 -129 
-129 -129 -129 -129 -129 -129 
Elastic buffer uses 4 channels per SM
Elastic buffer uses 4 channels per SM
Elastic buffer uses 4 channels per SM
Elastic buffer uses 4 channels per SM
Elastic buffer uses 4 channels per SM
Elastic buffer uses 4 channels per SM
Elastic buffer uses 4 channels per SM
Elastic buffer uses 4 channels per SM
CPU side received count (scaleup: 3): -95 -99 -93 -90 -90 -92 -100 -110 # -129 -129 -129 -129 -129 -129 -129 -129 -129 -129 -129CPU side received count (scaleup: 5): -109 -96 -110 -97 -79 -88 -101 -93 # -129 -129 -129 -129 -129 -129 -129 -129 -129 -129 -12CPU side received count (scaleup: 1): -98 -100 -92 -98 -93 -112 -91 -95 # -129 -129 -129 -129 -129 -129 -129 -129 -129 -129 -129CPU side received count (scaleup: 6): -99 -115 -91 -114 -99 -97 -105 -111 # -129 -129 -129 -129 -129 -129 -129 -129 -129 -129 -1CPU side received count (scaleup: 2): -113 -110 -119 -102 -106 -98 -113 -90 # -129 -129 -129 -129 -129 -129 -129 -129 -129 -129 CPU side received count (scaleup: 0): -103 -115 -100 -99 -95 -94 -93 -88 # -129 -129 -129 -129 -129 -129 -129 -129 -129 -129 -12CPU side received count (scaleup: 7): -117 -106 -99 -100 -99 -104 -95 -90 # -129 -129 -129 -129 -129 -129 -129 -129 -129 -129 -1CPU side received count (scaleup: 4): -103 -111 -100 -114 -99 -97 -94 -107 # -129 -129 -129 -129 -129 -129 -129 -129 -129 -129 -29 -129 -129 -129 -129 -129 
 -129 -129 -129 -129 -129 
 -129 -129 -129 -129 -129 
9 -129 -129 -129 -129 -129 
-129 -129 -129 -129 -129 -129 
129 -129 -129 -129 -129 -129 
9 -129 -129 -129 -129 -129 
29 -129 -129 -129 -129 -129 
Elastic buffer uses 4 channels per SM
Elastic buffer uses 4 channels per SM
Elastic buffer uses 4 channels per SM
Elastic buffer uses 4 channels per SM
Elastic buffer uses 4 channels per SM
Elastic buffer uses 4 channels per SM
Elastic buffer uses 4 channels per SM
Elastic buffer uses 4 channels per SM
Elastic buffer uses 4 channels per SM
Elastic buffer uses 4 channels per SM
Elastic buffer uses 4 channels per SM
Elastic buffer uses 4 channels per SM
Elastic buffer uses 4 channels per SM
Elastic buffer uses 4 channels per SM
Elastic buffer uses 4 channels per SM
Elastic buffer uses 4 channels per SM
Elastic buffer uses 4 channels per SM
Elastic buffer uses 4 channels per SM
Elastic buffer uses 4 channels per SM
Elastic buffer uses 4 channels per SM
Elastic buffer uses 4 channels per SM
Elastic buffer uses 4 channels per SM
Elastic buffer uses 4 channels per SM
Elastic buffer uses 4 channels per SM
CPU side received count (scaleup: 2): -113 -110 -119 -102 -106 -98 -113 -90 # -129 -129 -129 -129 -129 -129 -129 -129 -129 -129 CPU side received count (scaleup: 4): -103 -111 -100 -114 -99 -97 -94 -107 # -129 -129 -129 -129 -129 -129 -129 -129 -129 -129 -CPU side received count (scaleup: 1): -98 -100 -92 -98 -93 -112 -91 -95 # -129 -129 -129 -129 -129 -129 -129 -129 -129 -129 -129CPU side received count (scaleup: 3): -95 -99 -93 -90 -90 -92 -100 -110 # -129 -129 -129 -129 -129 -129 -129 -129 -129 -129 -129CPU side received count (scaleup: 5): -109 -96 -110 -97 -79 -88 -101 -93 # -129 -129 -129 -129 -129 -129 -129 -129 -129 -129 -12CPU side received count (scaleup: 0): -103 -115 -100 -99 -95 -94 -93 -88 # -129 -129 -129 -129 -129 -129 -129 -129 -129 -129 -12CPU side received count (scaleup: 7): -117 -106 -99 -100 -99 -104 -95 -90 # -129 -129 -129 -129 -129 -129 -129 -129 -129 -129 -1CPU side received count (scaleup: 6): -99 -115 -91 -114 -99 -97 -105 -111 # -129 -129 -129 -129 -129 -129 -129 -129 -129 -129 -1 -129 -129 -129 -129 -129 
9 -129 -129 -129 -129 -129 
-129 -129 -129 -129 -129 -129 
129 -129 -129 -129 -129 -129 
 -129 -129 -129 -129 -129 
9 -129 -129 -129 -129 -129 
29 -129 -129 -129 -129 -129 
29 -129 -129 -129 -129 -129 
Elastic buffer uses 4 channels per SM
Elastic buffer uses 4 channels per SM
Elastic buffer uses 4 channels per SM
Elastic buffer uses 4 channels per SM
Elastic buffer uses 4 channels per SM
Elastic buffer uses 4 channels per SM
Elastic buffer uses 4 channels per SM
Elastic buffer uses 4 channels per SM
CPU side received count (scaleup: 7): -117 -106 -99 -100 -99 -104 -95 -90 # -129 -129 -129 -129 -129 -129 -129 -129 -129 -129 -1CPU side received count (scaleup: 2): -113 -110 -119 -102 -106 -98 -113 -90 # -129 -129 -129 -129 -129 -129 -129 -129 -129 -129 CPU side received count (scaleup: 0): -103 -115 -100 -99 -95 -94 -93 -88 # -129 -129 -129 -129 -129 -129 -129 -129 -129 -129 -12CPU side received count (scaleup: 1): -98 -100 -92 -98 -93 -112 -91 -95 # -129 -129 -129 -129 -129 -129 -129 -129 -129 -129 -12929 -129 -129 -129 -129 -129 
CPU side received count (scaleup: 4): -103 -111 -100 -114 -99 -97 -94 -107 # -129 -129 -129 -129 -129 -129 -129 -129 -129 -129 -9 -129 -129 -129 -129 -129 
CPU side received count (scaleup: 5): -109 -96 -110 -97 -79 -88 -101 -93 # -129 -129 -129 -129 -129 -129 -129 -129 -129 -129 -12CPU side received count (scaleup: 6): -99 -115 -91 -114 -99 -97 -105 -111 # -129 -129 -129 -129 -129 -129 -129 -129 -129 -129 -1129 -129 -129 -129 -129 -129 
CPU side received count (scaleup: 3): -95 -99 -93 -90 -90 -92 -100 -110 # -129 -129 -129 -129 -129 -129 -129 -129 -129 -129 -1299 -129 -129 -129 -129 -129 
 -129 -129 -129 -129 -129 
-129 -129 -129 -129 -129 -129 
29 -129 -129 -129 -129 -129 
 -129 -129 -129 -129 -129 
Elastic buffer uses 4 channels per SM
Elastic buffer uses 4 channels per SM
Elastic buffer uses 4 channels per SM
Elastic buffer uses 4 channels per SM
Elastic buffer uses 4 channels per SM
Elastic buffer uses 4 channels per SM
Elastic buffer uses 4 channels per SM
Elastic buffer uses 4 channels per SM
CPU side received count (scaleup: 0): -103 -115 -100 -99 -95 -94 -93 -88 # -129 -129 -129 -129 -129 -129 -129 -129 -129 -129 -12CPU side received count (scaleup: 7): -117 -106 -99 -100 -99 -104 -95 -90 # -129 -129 -129 -129 -129 -129 -129 -129 -129 -129 -1CPU side received count (scaleup: 1): -98 -100 -92 -98 -93 -112 -91 -95 # -129 -129 -129 -129 -129 -129 -129 -129 -129 -129 -129CPU side received count (scaleup: 5): -109 -96 -110 -97 -79 -88 -101 -93 # -129 -129 -129 -129 -129 -129 -129 -129 -129 -129 -12CPU side received count (scaleup: 4): -103 -111 -100 -114 -99 -97 -94 -107 # -129 -129 -129 -129 -129 -129 -129 -129 -129 -129 -9 -129 -129 -129 -129 -129 
29 -129 -129 -129 -129 -129 
CPU side received count (scaleup: 6): -99 -115 -91 -114 -99 -97 -105 -111 # -129 -129 -129 -129 -129 -129 -129 -129 -129 -129 -1CPU side received count (scaleup: 3): -95 -99 -93 -90 -90 -92 -100 -110 # -129 -129 -129 -129 -129 -129 -129 -129 -129 -129 -129CPU side received count (scaleup: 2): -113 -110 -119 -102 -106 -98 -113 -90 # -129 -129 -129 -129 -129 -129 -129 -129 -129 -129  -129 -129 -129 -129 -129 
9 -129 -129 -129 -129 -129 
129 -129 -129 -129 -129 -129 
-129 -129 -129 -129 -129 -129 
29 -129 -129 -129 -129 -129 
 -129 -129 -129 -129 -129 
Elastic buffer uses 4 channels per SM
Elastic buffer uses 4 channels per SM
Elastic buffer uses 4 channels per SM
Elastic buffer uses 4 channels per SM
Elastic buffer uses 4 channels per SM
Elastic buffer uses 4 channels per SM
Elastic buffer uses 4 channels per SM
Elastic buffer uses 4 channels per SM
CPU side received count (scaleup: 6): -99 -115 -91 -114 -99 -97 -105 -111 # -129 -129 -129 -129 -129 -129 -129 -129 -129 -129 -1CPU side received count (scaleup: 5): -109 -96 -110 -97 -79 -88 -101 -93 # -129 -129 -129 -129 -129 -129 -129 -129 -129 -129 -12CPU side received count (scaleup: 1): -98 -100 -92 -98 -93 -112 -91 -95 # -129 -129 -129 -129 -129 -129 -129 -129 -129 -129 -12929 -129 -129 -129 -129 -129 
CPU side received count (scaleup: 7): -117 -106 -99 -100 -99 -104 -95 -90 # -129 -129 -129 -129 -129 -129 -129 -129 -129 -129 -19 -129 -129 -129 -129 -129 
 -129 -129 -129 -129 -129 
CPU side received count (scaleup: 4): -103 -111 -100 -114 -99 -97 -94 -107 # -129 -129 -129 -129 -129 -129 -129 -129 -129 -129 -CPU side received count (scaleup: 3): -95 -99 -93 -90 -90 -92 -100 -110 # -129 -129 -129 -129 -129 -129 -129 -129 -129 -129 -129CPU side received count (scaleup: 0): -103 -115 -100 -99 -95 -94 -93 -88 # -129 -129 -129 -129 -129 -129 -129 -129 -129 -129 -12 -129 -129 -129 -129 -129 
CPU side received count (scaleup: 2): -113 -110 -119 -102 -106 -98 -113 -90 # -129 -129 -129 -129 -129 -129 -129 -129 -129 -129 29 -129 -129 -129 -129 -129 
129 -129 -129 -129 -129 -129 
9 -129 -129 -129 -129 -129 
-129 -129 -129 -129 -129 -129 
Elastic buffer uses 4 channels per SM
Elastic buffer uses 4 channels per SM
Elastic buffer uses 4 channels per SM
Elastic buffer uses 4 channels per SM
Elastic buffer uses 4 channels per SM
Elastic buffer uses 4 channels per SM
Elastic buffer uses 4 channels per SM
Elastic buffer uses 4 channels per SM
CPU side received count (scaleup: 6): -99 -115 -91 -114 -99 -97 -105 -111 # -129 -129 -129 -129 -129 -129 -129 -129 -129 -129 -1CPU side received count (scaleup: 5): -109 -96 -110 -97 -79 -88 -101 -93 # -129 -129 -129 -129 -129 -129 -129 -129 -129 -129 -12CPU side received count (scaleup: 7): -117 -106 -99 -100 -99 -104 -95 -90 # -129 -129 -129 -129 -129 -129 -129 -129 -129 -129 -1CPU side received count (scaleup: 0): -103 -115 -100 -99 -95 -94 -93 -88 # -129 -129 -129 -129 -129 -129 -129 -129 -129 -129 -12CPU side received count (scaleup: 3): -95 -99 -93 -90 -90 -92 -100 -110 # -129 -129 -129 -129 -129 -129 -129 -129 -129 -129 -12929 -129 -129 -129 -129 -129 
CPU side received count (scaleup: 2): -113 -110 -119 -102 -106 -98 -113 -90 # -129 -129 -129 -129 -129 -129 -129 -129 -129 -129 9 -129 -129 -129 -129 -129 
9 -129 -129 -129 -129 -129 
CPU side received count (scaleup: 1): -98 -100 -92 -98 -93 -112 -91 -95 # -129 -129 -129 -129 -129 -129 -129 -129 -129 -129 -129CPU side received count (scaleup: 4): -103 -111 -100 -114 -99 -97 -94 -107 # -129 -129 -129 -129 -129 -129 -129 -129 -129 -129 -29 -129 -129 -129 -129 -129 
-129 -129 -129 -129 -129 -129 
 -129 -129 -129 -129 -129 
 -129 -129 -129 -129 -129 
129 -129 -129 -129 -129 -129 
Elastic buffer uses 4 channels per SM
Elastic buffer uses 4 channels per SM
Elastic buffer uses 4 channels per SM
Elastic buffer uses 4 channels per SM
Elastic buffer uses 4 channels per SM
Elastic buffer uses 4 channels per SM
Elastic buffer uses 4 channels per SM
Elastic buffer uses 4 channels per SM
CPU side received count (scaleup: 0): -103 -115 -100 -99 -95 -94 -93 -88 # -129 -129 -129 -129 -129 -129 -129 -129 -129 -129 -12CPU side received count (scaleup: 5): -109 -96 -110 -97 -79 -88 -101 -93 # -129 -129 -129 -129 -129 -129 -129 -129 -129 -129 -12CPU side received count (scaleup: 1): -98 -100 -92 -98 -93 -112 -91 -95 # -129 -129 -129 -129 -129 -129 -129 -129 -129 -129 -1299 -129 -129 -129 -129 -129 
CPU side received count (scaleup: 4): -103 -111 -100 -114 -99 -97 -94 -107 # -129 -129 -129 -129 -129 -129 -129 -129 -129 -129 -CPU side received count (scaleup: 7): -117 -106 -99 -100 -99 -104 -95 -90 # -129 -129 -129 -129 -129 -129 -129 -129 -129 -129 -1CPU side received count (scaleup: 2): -113 -110 -119 -102 -106 -98 -113 -90 # -129 -129 -129 -129 -129 -129 -129 -129 -129 -129 29 -129 -129 -129 -129 -129 
CPU side received count (scaleup: 6): -99 -115 -91 -114 -99 -97 -105 -111 # -129 -129 -129 -129 -129 -129 -129 -129 -129 -129 -1-129 -129 -129 -129 -129 -129 
CPU side received count (scaleup: 3): -95 -99 -93 -90 -90 -92 -100 -110 # -129 -129 -129 -129 -129 -129 -129 -129 -129 -129 -1299 -129 -129 -129 -129 -129 
 -129 -129 -129 -129 -129 
 -129 -129 -129 -129 -129 
129 -129 -129 -129 -129 -129 
29 -129 -129 -129 -129 -129 
Elastic buffer uses 4 channels per SM
Elastic buffer uses 4 channels per SM
Elastic buffer uses 4 channels per SM
Elastic buffer uses 4 channels per SM
Elastic buffer uses 4 channels per SM
Elastic buffer uses 4 channels per SM
Elastic buffer uses 4 channels per SM
Elastic buffer uses 4 channels per SM
CPU side received count (scaleup: 2): -113 -110 -119 -102 -106 -98 -113 -90 # -129 -129 -129 -129 -129 -129 -129 -129 -129 -129 CPU side received count (scaleup: 5): -109 -96 -110 -97 -79 -88 -101 -93 # -129 -129 -129 -129 -129 -129 -129 -129 -129 -129 -12CPU side received count (scaleup: 0): -103 -115 -100 -99 -95 -94 -93 -88 # -129 -129 -129 -129 -129 -129 -129 -129 -129 -129 -12CPU side received count (scaleup: 4): -103 -111 -100 -114 -99 -97 -94 -107 # -129 -129 -129 -129 -129 -129 -129 -129 -129 -129 -CPU side received count (scaleup: 7): -117 -106 -99 -100 -99 -104 -95 -90 # -129 -129 -129 -129 -129 -129 -129 -129 -129 -129 -19 -129 -129 -129 -129 -129 
9 -129 -129 -129 -129 -129 
CPU side received count (scaleup: 3): -95 -99 -93 -90 -90 -92 -100 -110 # -129 -129 -129 -129 -129 -129 -129 -129 -129 -129 -129CPU side received count (scaleup: 6): -99 -115 -91 -114 -99 -97 -105 -111 # -129 -129 -129 -129 -129 -129 -129 -129 -129 -129 -1CPU side received count (scaleup: 1): -98 -100 -92 -98 -93 -112 -91 -95 # -129 -129 -129 -129 -129 -129 -129 -129 -129 -129 -129-129 -129 -129 -129 -129 -129 
129 -129 -129 -129 -129 -129 
29 -129 -129 -129 -129 -129 
 -129 -129 -129 -129 -129 
29 -129 -129 -129 -129 -129 
 -129 -129 -129 -129 -129 
Elastic buffer uses 4 channels per SM
Elastic buffer uses 4 channels per SM
Elastic buffer uses 4 channels per SM
Elastic buffer uses 4 channels per SM
Elastic buffer uses 4 channels per SM
Elastic buffer uses 4 channels per SM
Elastic buffer uses 4 channels per SM
Elastic buffer uses 4 channels per SM
CPU side received count (scaleup: 0): -103 -115 -100 -99 -95 -94 -93 -88 # -129 -129 -129 -129 -129 -129 -129 -129 -129 -129 -12CPU side received count (scaleup: 2): -113 -110 -119 -102 -106 -98 -113 -90 # -129 -129 -129 -129 -129 -129 -129 -129 -129 -129 CPU side received count (scaleup: 4): -103 -111 -100 -114 -99 -97 -94 -107 # -129 -129 -129 -129 -129 -129 -129 -129 -129 -129 -CPU side received count (scaleup: 6): -99 -115 -91 -114 -99 -97 -105 -111 # -129 -129 -129 -129 -129 -129 -129 -129 -129 -129 -1CPU side received count (scaleup: 7): -117 -106 -99 -100 -99 -104 -95 -90 # -129 -129 -129 -129 -129 -129 -129 -129 -129 -129 -1CPU side received count (scaleup: 1): -98 -100 -92 -98 -93 -112 -91 -95 # -129 -129 -129 -129 -129 -129 -129 -129 -129 -129 -129CPU side received count (scaleup: 5): -109 -96 -110 -97 -79 -88 -101 -93 # -129 -129 -129 -129 -129 -129 -129 -129 -129 -129 -12CPU side received count (scaleup: 3): -95 -99 -93 -90 -90 -92 -100 -110 # -129 -129 -129 -129 -129 -129 -129 -129 -129 -129 -129 -129 -129 -129 -129 -129 
9 -129 -129 -129 -129 -129 
9 -129 -129 -129 -129 -129 
 -129 -129 -129 -129 -129 
-129 -129 -129 -129 -129 -129 
129 -129 -129 -129 -129 -129 
29 -129 -129 -129 -129 -129 
29 -129 -129 -129 -129 -129 
Elastic buffer uses 4 channels per SM
Elastic buffer uses 4 channels per SM
Elastic buffer uses 4 channels per SM
Elastic buffer uses 4 channels per SM
Elastic buffer uses 4 channels per SM
Elastic buffer uses 4 channels per SM
Elastic buffer uses 4 channels per SM
Elastic buffer uses 4 channels per SM
CPU side received count (scaleup: 7): -117 -106 -99 -100 -99 -104 -95 -90 # -129 -129 -129 -129 -129 -129 -129 -129 -129 -129 -1CPU side received count (scaleup: 2): -113 -110 -119 -102 -106 -98 -113 -90 # -129 -129 -129 -129 -129 -129 -129 -129 -129 -129 CPU side received count (scaleup: 5): -109 -96 -110 -97 -79 -88 -101 -93 # -129 -129 -129 -129 -129 -129 -129 -129 -129 -129 -12CPU side received count (scaleup: 1): -98 -100 -92 -98 -93 -112 -91 -95 # -129 -129 -129 -129 -129 -129 -129 -129 -129 -129 -129CPU side received count (scaleup: 4): -103 -111 -100 -114 -99 -97 -94 -107 # -129 -129 -129 -129 -129 -129 -129 -129 -129 -129 -9 -129 -129 -129 -129 -129 
 -129 -129 -129 -129 -129 
CPU side received count (scaleup: 6): -99 -115 -91 -114 -99 -97 -105 -111 # -129 -129 -129 -129 -129 -129 -129 -129 -129 -129 -1CPU side received count (scaleup: 0): -103 -115 -100 -99 -95 -94 -93 -88 # -129 -129 -129 -129 -129 -129 -129 -129 -129 -129 -1229 -129 -129 -129 -129 -129 
29 -129 -129 -129 -129 -129 
CPU side received count (scaleup: 3): -95 -99 -93 -90 -90 -92 -100 -110 # -129 -129 -129 -129 -129 -129 -129 -129 -129 -129 -129-129 -129 -129 -129 -129 -129 
129 -129 -129 -129 -129 -129 
9 -129 -129 -129 -129 -129 
 -129 -129 -129 -129 -129 
Elastic buffer uses 4 channels per SM
Elastic buffer uses 4 channels per SM
Elastic buffer uses 4 channels per SM
Elastic buffer uses 4 channels per SM
Elastic buffer uses 4 channels per SM
Elastic buffer uses 4 channels per SM
Elastic buffer uses 4 channels per SM
Elastic buffer uses 4 channels per SM
CPU side received count (scaleup: 0): -103 -115 -100 -99 -95 -94 -93 -88 # -129 -129 -129 -129 -129 -129 -129 -129 -129 -129 -12CPU side received count (scaleup: 1): -98 -100 -92 -98 -93 -112 -91 -95 # -129 -129 -129 -129 -129 -129 -129 -129 -129 -129 -129CPU side received count (scaleup: 4): -103 -111 -100 -114 -99 -97 -94 -107 # -129 -129 -129 -129 -129 -129 -129 -129 -129 -129 -CPU side received count (scaleup: 6): -99 -115 -91 -114 -99 -97 -105 -111 # -129 -129 -129 -129 -129 -129 -129 -129 -129 -129 -1CPU side received count (scaleup: 5): -109 -96 -110 -97 -79 -88 -101 -93 # -129 -129 -129 -129 -129 -129 -129 -129 -129 -129 -12CPU side received count (scaleup: 3): -95 -99 -93 -90 -90 -92 -100 -110 # -129 -129 -129 -129 -129 -129 -129 -129 -129 -129 -129CPU side received count (scaleup: 7): -117 -106 -99 -100 -99 -104 -95 -90 # -129 -129 -129 -129 -129 -129 -129 -129 -129 -129 -1CPU side received count (scaleup: 2): -113 -110 -119 -102 -106 -98 -113 -90 # -129 -129 -129 -129 -129 -129 -129 -129 -129 -129 29 -129 -129 -129 -129 -129 
-129 -129 -129 -129 -129 -129 
9 -129 -129 -129 -129 -129 
 -129 -129 -129 -129 -129 
129 -129 -129 -129 -129 -129 
29 -129 -129 -129 -129 -129 
9 -129 -129 -129 -129 -129 
 -129 -129 -129 -129 -129 
Elastic buffer uses 4 channels per SM
Elastic buffer uses 4 channels per SM
Elastic buffer uses 4 channels per SM
Elastic buffer uses 4 channels per SM
Elastic buffer uses 4 channels per SM
Elastic buffer uses 4 channels per SM
Elastic buffer uses 4 channels per SM
Elastic buffer uses 4 channels per SM
CPU side received count (scaleup: 2): -113 -110 -119 -102 -106 -98 -113 -90 # -129 -129 -129 -129 -129 -129 -129 -129 -129 -129 CPU side received count (scaleup: 4): -103 -111 -100 -114 -99 -97 -94 -107 # -129 -129 -129 -129 -129 -129 -129 -129 -129 -129 -CPU side received count (scaleup: 7): -117 -106 -99 -100 -99 -104 -95 -90 # -129 -129 -129 -129 -129 -129 -129 -129 -129 -129 -1CPU side received count (scaleup: 1): -98 -100 -92 -98 -93 -112 -91 -95 # -129 -129 -129 -129 -129 -129 -129 -129 -129 -129 -129CPU side received count (scaleup: 3): -95 -99 -93 -90 -90 -92 -100 -110 # -129 -129 -129 -129 -129 -129 -129 -129 -129 -129 -129CPU side received count (scaleup: 6): -99 -115 -91 -114 -99 -97 -105 -111 # -129 -129 -129 -129 -129 -129 -129 -129 -129 -129 -129 -129 -129 -129 -129 -129 
CPU side received count (scaleup: 0): -103 -115 -100 -99 -95 -94 -93 -88 # -129 -129 -129 -129 -129 -129 -129 -129 -129 -129 -12 -129 -129 -129 -129 -129 
CPU side received count (scaleup: 5): -109 -96 -110 -97 -79 -88 -101 -93 # -129 -129 -129 -129 -129 -129 -129 -129 -129 -129 -12-129 -129 -129 -129 -129 -129 
129 -129 -129 -129 -129 -129 
29 -129 -129 -129 -129 -129 
 -129 -129 -129 -129 -129 
9 -129 -129 -129 -129 -129 
9 -129 -129 -129 -129 -129 
Elastic buffer uses 4 channels per SM
Elastic buffer uses 4 channels per SM
Elastic buffer uses 4 channels per SM
Elastic buffer uses 4 channels per SM
Elastic buffer uses 4 channels per SM
Elastic buffer uses 4 channels per SM
Elastic buffer uses 4 channels per SM
Elastic buffer uses 4 channels per SM
CPU side received count (scaleup: 4): -103 -111 -100 -114 -99 -97 -94 -107 # -129 -129 -129 -129 -129 -129 -129 -129 -129 -129 -CPU side received count (scaleup: 6): -99 -115 -91 -114 -99 -97 -105 -111 # -129 -129 -129 -129 -129 -129 -129 -129 -129 -129 -1CPU side received count (scaleup: 7): -117 -106 -99 -100 -99 -104 -95 -90 # -129 -129 -129 -129 -129 -129 -129 -129 -129 -129 -1CPU side received count (scaleup: 5): -109 -96 -110 -97 -79 -88 -101 -93 # -129 -129 -129 -129 -129 -129 -129 -129 -129 -129 -1229 -129 -129 -129 -129 -129 
CPU side received count (scaleup: 3): -95 -99 -93 -90 -90 -92 -100 -110 # -129 -129 -129 -129 -129 -129 -129 -129 -129 -129 -1299 -129 -129 -129 -129 -129 
CPU side received count (scaleup: 1): -98 -100 -92 -98 -93 -112 -91 -95 # -129 -129 -129 -129 -129 -129 -129 -129 -129 -129 -129129 -129 -129 -129 -129 -129 
29 -129 -129 -129 -129 -129 
CPU side received count (scaleup: 0): -103 -115 -100 -99 -95 -94 -93 -88 # -129 -129 -129 -129 -129 -129 -129 -129 -129 -129 -12CPU side received count (scaleup: 2): -113 -110 -119 -102 -106 -98 -113 -90 # -129 -129 -129 -129 -129 -129 -129 -129 -129 -129  -129 -129 -129 -129 -129 
 -129 -129 -129 -129 -129 
-129 -129 -129 -129 -129 -129 
9 -129 -129 -129 -129 -129 
Elastic buffer uses 4 channels per SM
Elastic buffer uses 4 channels per SM
Elastic buffer uses 4 channels per SM
Elastic buffer uses 4 channels per SM
Elastic buffer uses 4 channels per SM
Elastic buffer uses 4 channels per SM
Elastic buffer uses 4 channels per SM
Elastic buffer uses 4 channels per SM
CPU side received count (scaleup: 4): -103 -111 -100 -114 -99 -97 -94 -107 # -129 -129 -129 -129 -129 -129 -129 -129 -129 -129 -CPU side received count (scaleup: 2): -113 -110 -119 -102 -106 -98 -113 -90 # -129 -129 -129 -129 -129 -129 -129 -129 -129 -129 CPU side received count (scaleup: 1): -98 -100 -92 -98 -93 -112 -91 -95 # -129 -129 -129 -129 -129 -129 -129 -129 -129 -129 -129CPU side received count (scaleup: 5): -109 -96 -110 -97 -79 -88 -101 -93 # -129 -129 -129 -129 -129 -129 -129 -129 -129 -129 -12129 -129 -129 -129 -129 -129 
-129 -129 -129 -129 -129 -129 
 -129 -129 -129 -129 -129 
CPU side received count (scaleup: 3): -95 -99 -93 -90 -90 -92 -100 -110 # -129 -129 -129 -129 -129 -129 -129 -129 -129 -129 -129CPU side received count (scaleup: 6): -99 -115 -91 -114 -99 -97 -105 -111 # -129 -129 -129 -129 -129 -129 -129 -129 -129 -129 -1CPU side received count (scaleup: 7): -117 -106 -99 -100 -99 -104 -95 -90 # -129 -129 -129 -129 -129 -129 -129 -129 -129 -129 -1CPU side received count (scaleup: 0): -103 -115 -100 -99 -95 -94 -93 -88 # -129 -129 -129 -129 -129 -129 -129 -129 -129 -129 -129 -129 -129 -129 -129 -129 
 -129 -129 -129 -129 -129 
29 -129 -129 -129 -129 -129 
29 -129 -129 -129 -129 -129 
9 -129 -129 -129 -129 -129 
Elastic buffer uses 4 channels per SM
Elastic buffer uses 4 channels per SM
Elastic buffer uses 4 channels per SM
Elastic buffer uses 4 channels per SM
Elastic buffer uses 4 channels per SM
Elastic buffer uses 4 channels per SM
Elastic buffer uses 4 channels per SM
Elastic buffer uses 4 channels per SM
CPU side received count (scaleup: 2): -113 -110 -119 -102 -106 -98 -113 -90 # -129 -129 -129 -129 -129 -129 -129 -129 -129 -129 CPU side received count (scaleup: 4): -103 -111 -100 -114 -99 -97 -94 -107 # -129 -129 -129 -129 -129 -129 -129 -129 -129 -129 -CPU side received count (scaleup: 3): -95 -99 -93 -90 -90 -92 -100 -110 # -129 -129 -129 -129 -129 -129 -129 -129 -129 -129 -129CPU side received count (scaleup: 6): -99 -115 -91 -114 -99 -97 -105 -111 # -129 -129 -129 -129 -129 -129 -129 -129 -129 -129 -1CPU side received count (scaleup: 7): -117 -106 -99 -100 -99 -104 -95 -90 # -129 -129 -129 -129 -129 -129 -129 -129 -129 -129 -1CPU side received count (scaleup: 5): -109 -96 -110 -97 -79 -88 -101 -93 # -129 -129 -129 -129 -129 -129 -129 -129 -129 -129 -12129 -129 -129 -129 -129 -129 
CPU side received count (scaleup: 0): -103 -115 -100 -99 -95 -94 -93 -88 # -129 -129 -129 -129 -129 -129 -129 -129 -129 -129 -1229 -129 -129 -129 -129 -129 
CPU side received count (scaleup: 1): -98 -100 -92 -98 -93 -112 -91 -95 # -129 -129 -129 -129 -129 -129 -129 -129 -129 -129 -129-129 -129 -129 -129 -129 -129 
 -129 -129 -129 -129 -129 
29 -129 -129 -129 -129 -129 
 -129 -129 -129 -129 -129 
9 -129 -129 -129 -129 -129 
9 -129 -129 -129 -129 -129 
Elastic buffer uses 4 channels per SM
Elastic buffer uses 4 channels per SM
Elastic buffer uses 4 channels per SM
Elastic buffer uses 4 channels per SM
Elastic buffer uses 4 channels per SM
Elastic buffer uses 4 channels per SM
Elastic buffer uses 4 channels per SM
Elastic buffer uses 4 channels per SM
CPU side received count (scaleup: 4): -103 -111 -100 -114 -99 -97 -94 -107 # -129 -129 -129 -129 -129 -129 -129 -129 -129 -129 -CPU side received count (scaleup: 6): -99 -115 -91 -114 -99 -97 -105 -111 # -129 -129 -129 -129 -129 -129 -129 -129 -129 -129 -1CPU side received count (scaleup: 1): -98 -100 -92 -98 -93 -112 -91 -95 # -129 -129 -129 -129 -129 -129 -129 -129 -129 -129 -129129 -129 -129 -129 -129 -129 
29 -129 -129 -129 -129 -129 
 -129 -129 -129 -129 -129 
CPU side received count (scaleup: 7): -117 -106 -99 -100 -99 -104 -95 -90 # -129 -129 -129 -129 -129 -129 -129 -129 -129 -129 -1CPU side received count (scaleup: 0): -103 -115 -100 -99 -95 -94 -93 -88 # -129 -129 -129 -129 -129 -129 -129 -129 -129 -129 -1229 -129 -129 -129 -129 -129 
CPU side received count (scaleup: 3): -95 -99 -93 -90 -90 -92 -100 -110 # -129 -129 -129 -129 -129 -129 -129 -129 -129 -129 -129CPU side received count (scaleup: 2): -113 -110 -119 -102 -106 -98 -113 -90 # -129 -129 -129 -129 -129 -129 -129 -129 -129 -129 CPU side received count (scaleup: 5): -109 -96 -110 -97 -79 -88 -101 -93 # -129 -129 -129 -129 -129 -129 -129 -129 -129 -129 -12-129 -129 -129 -129 -129 -129 
9 -129 -129 -129 -129 -129 
9 -129 -129 -129 -129 -129 
 -129 -129 -129 -129 -129 
Elastic buffer uses 4 channels per SM
Elastic buffer uses 4 channels per SM
Elastic buffer uses 4 channels per SM
Elastic buffer uses 4 channels per SM
Elastic buffer uses 4 channels per SM
Elastic buffer uses 4 channels per SM
Elastic buffer uses 4 channels per SM
Elastic buffer uses 4 channels per SM
CPU side received count (scaleup: 4): -103 -111 -100 -114 -99 -97 -94 -107 # -129 -129 -129 -129 -129 -129 -129 -129 -129 -129 -CPU side received count (scaleup: 1): -98 -100 -92 -98 -93 -112 -91 -95 # -129 -129 -129 -129 -129 -129 -129 -129 -129 -129 -129CPU side received count (scaleup: 7): -117 -106 -99 -100 -99 -104 -95 -90 # -129 -129 -129 -129 -129 -129 -129 -129 -129 -129 -1CPU side received count (scaleup: 0): -103 -115 -100 -99 -95 -94 -93 -88 # -129 -129 -129 -129 -129 -129 -129 -129 -129 -129 -12129 -129 -129 -129 -129 -129 
 -129 -129 -129 -129 -129 
CPU side received count (scaleup: 2): -113 -110 -119 -102 -106 -98 -113 -90 # -129 -129 -129 -129 -129 -129 -129 -129 -129 -129 CPU side received count (scaleup: 5): -109 -96 -110 -97 -79 -88 -101 -93 # -129 -129 -129 -129 -129 -129 -129 -129 -129 -129 -12CPU side received count (scaleup: 3): -95 -99 -93 -90 -90 -92 -100 -110 # -129 -129 -129 -129 -129 -129 -129 -129 -129 -129 -129CPU side received count (scaleup: 6): -99 -115 -91 -114 -99 -97 -105 -111 # -129 -129 -129 -129 -129 -129 -129 -129 -129 -129 -129 -129 -129 -129 -129 -129 
9 -129 -129 -129 -129 -129 
9 -129 -129 -129 -129 -129 
-129 -129 -129 -129 -129 -129 
 -129 -129 -129 -129 -129 
29 -129 -129 -129 -129 -129 
Elastic buffer uses 4 channels per SM
Elastic buffer uses 4 channels per SM
Elastic buffer uses 4 channels per SM
Elastic buffer uses 4 channels per SM
Elastic buffer uses 4 channels per SM
Elastic buffer uses 4 channels per SM
Elastic buffer uses 4 channels per SM
Elastic buffer uses 4 channels per SM
CPU side received count (scaleup: 7): -117 -106 -99 -100 -99 -104 -95 -90 # -129 -129 -129 -129 -129 -129 -129 -129 -129 -129 -1CPU side received count (scaleup: 3): -95 -99 -93 -90 -90 -92 -100 -110 # -129 -129 -129 -129 -129 -129 -129 -129 -129 -129 -129CPU side received count (scaleup: 4): -103 -111 -100 -114 -99 -97 -94 -107 # -129 -129 -129 -129 -129 -129 -129 -129 -129 -129 -CPU side received count (scaleup: 2): -113 -110 -119 -102 -106 -98 -113 -90 # -129 -129 -129 -129 -129 -129 -129 -129 -129 -129 CPU side received count (scaleup: 5): -109 -96 -110 -97 -79 -88 -101 -93 # -129 -129 -129 -129 -129 -129 -129 -129 -129 -129 -12CPU side received count (scaleup: 6): -99 -115 -91 -114 -99 -97 -105 -111 # -129 -129 -129 -129 -129 -129 -129 -129 -129 -129 -19 -129 -129 -129 -129 -129 
CPU side received count (scaleup: 0): -103 -115 -100 -99 -95 -94 -93 -88 # -129 -129 -129 -129 -129 -129 -129 -129 -129 -129 -12CPU side received count (scaleup: 1): -98 -100 -92 -98 -93 -112 -91 -95 # -129 -129 -129 -129 -129 -129 -129 -129 -129 -129 -12929 -129 -129 -129 -129 -129 
 -129 -129 -129 -129 -129 
 -129 -129 -129 -129 -129 
129 -129 -129 -129 -129 -129 
-129 -129 -129 -129 -129 -129 
29 -129 -129 -129 -129 -129 
9 -129 -129 -129 -129 -129 
Elastic buffer uses 4 channels per SM
Elastic buffer uses 4 channels per SM
Elastic buffer uses 4 channels per SM
Elastic buffer uses 4 channels per SM
Elastic buffer uses 4 channels per SM
Elastic buffer uses 4 channels per SM
Elastic buffer uses 4 channels per SM
Elastic buffer uses 4 channels per SM
CPU side received count (scaleup: 2): -113 -110 -119 -102 -106 -98 -113 -90 # -129 -129 -129 -129 -129 -129 -129 -129 -129 -129 CPU side received count (scaleup: 0): -103 -115 -100 -99 -95 -94 -93 -88 # -129 -129 -129 -129 -129 -129 -129 -129 -129 -129 -12CPU side received count (scaleup: 6): -99 -115 -91 -114 -99 -97 -105 -111 # -129 -129 -129 -129 -129 -129 -129 -129 -129 -129 -1CPU side received count (scaleup: 4): -103 -111 -100 -114 -99 -97 -94 -107 # -129 -129 -129 -129 -129 -129 -129 -129 -129 -129 -CPU side received count (scaleup: 5): -109 -96 -110 -97 -79 -88 -101 -93 # -129 -129 -129 -129 -129 -129 -129 -129 -129 -129 -129 -129 -129 -129 -129 -129 
CPU side received count (scaleup: 7): -117 -106 -99 -100 -99 -104 -95 -90 # -129 -129 -129 -129 -129 -129 -129 -129 -129 -129 -1CPU side received count (scaleup: 3): -95 -99 -93 -90 -90 -92 -100 -110 # -129 -129 -129 -129 -129 -129 -129 -129 -129 -129 -129129 -129 -129 -129 -129 -129 
CPU side received count (scaleup: 1): -98 -100 -92 -98 -93 -112 -91 -95 # -129 -129 -129 -129 -129 -129 -129 -129 -129 -129 -129-129 -129 -129 -129 -129 -129 
29 -129 -129 -129 -129 -129 
29 -129 -129 -129 -129 -129 
9 -129 -129 -129 -129 -129 
 -129 -129 -129 -129 -129 
 -129 -129 -129 -129 -129 
Elastic buffer uses 4 channels per SM
Elastic buffer uses 4 channels per SM
Elastic buffer uses 4 channels per SM
Elastic buffer uses 4 channels per SM
Elastic buffer uses 4 channels per SM
Elastic buffer uses 4 channels per SM
Elastic buffer uses 4 channels per SM
Elastic buffer uses 4 channels per SM
CPU side received count (scaleup: 7): -117 -106 -99 -100 -99 -104 -95 -90 # -129 -129 -129 -129 -129 -129 -129 -129 -129 -129 -1CPU side received count (scaleup: 4): -103 -111 -100 -114 -99 -97 -94 -107 # -129 -129 -129 -129 -129 -129 -129 -129 -129 -129 -CPU side received count (scaleup: 6): -99 -115 -91 -114 -99 -97 -105 -111 # -129 -129 -129 -129 -129 -129 -129 -129 -129 -129 -1CPU side received count (scaleup: 1): -98 -100 -92 -98 -93 -112 -91 -95 # -129 -129 -129 -129 -129 -129 -129 -129 -129 -129 -129CPU side received count (scaleup: 3): -95 -99 -93 -90 -90 -92 -100 -110 # -129 -129 -129 -129 -129 -129 -129 -129 -129 -129 -129CPU side received count (scaleup: 0): -103 -115 -100 -99 -95 -94 -93 -88 # -129 -129 -129 -129 -129 -129 -129 -129 -129 -129 -12 -129 -129 -129 -129 -129 
CPU side received count (scaleup: 5): -109 -96 -110 -97 -79 -88 -101 -93 # -129 -129 -129 -129 -129 -129 -129 -129 -129 -129 -12CPU side received count (scaleup: 2): -113 -110 -119 -102 -106 -98 -113 -90 # -129 -129 -129 -129 -129 -129 -129 -129 -129 -129 9 -129 -129 -129 -129 -129 
29 -129 -129 -129 -129 -129 
129 -129 -129 -129 -129 -129 
29 -129 -129 -129 -129 -129 
 -129 -129 -129 -129 -129 
9 -129 -129 -129 -129 -129 
-129 -129 -129 -129 -129 -129 
Elastic buffer uses 4 channels per SM
Elastic buffer uses 4 channels per SM
Elastic buffer uses 4 channels per SM
Elastic buffer uses 4 channels per SM
Elastic buffer uses 4 channels per SM
Elastic buffer uses 4 channels per SM
Elastic buffer uses 4 channels per SM
Elastic buffer uses 4 channels per SM
CPU side received count (scaleup: 0): -103 -115 -100 -99 -95 -94 -93 -88 # -129 -129 -129 -129 -129 -129 -129 -129 -129 -129 -12CPU side received count (scaleup: 7): -117 -106 -99 -100 -99 -104 -95 -90 # -129 -129 -129 -129 -129 -129 -129 -129 -129 -129 -1CPU side received count (scaleup: 6): -99 -115 -91 -114 -99 -97 -105 -111 # -129 -129 -129 -129 -129 -129 -129 -129 -129 -129 -1CPU side received count (scaleup: 4): -103 -111 -100 -114 -99 -97 -94 -107 # -129 -129 -129 -129 -129 -129 -129 -129 -129 -129 -CPU side received count (scaleup: 2): -113 -110 -119 -102 -106 -98 -113 -90 # -129 -129 -129 -129 -129 -129 -129 -129 -129 -129 CPU side received count (scaleup: 3): -95 -99 -93 -90 -90 -92 -100 -110 # -129 -129 -129 -129 -129 -129 -129 -129 -129 -129 -12929 -129 -129 -129 -129 -129 
CPU side received count (scaleup: 1): -98 -100 -92 -98 -93 -112 -91 -95 # -129 -129 -129 -129 -129 -129 -129 -129 -129 -129 -129129 -129 -129 -129 -129 -129 
CPU side received count (scaleup: 5): -109 -96 -110 -97 -79 -88 -101 -93 # -129 -129 -129 -129 -129 -129 -129 -129 -129 -129 -129 -129 -129 -129 -129 -129 
29 -129 -129 -129 -129 -129 
 -129 -129 -129 -129 -129 
-129 -129 -129 -129 -129 -129 
 -129 -129 -129 -129 -129 
9 -129 -129 -129 -129 -129 
Elastic buffer uses 4 channels per SM
Elastic buffer uses 4 channels per SM
Elastic buffer uses 4 channels per SM
Elastic buffer uses 4 channels per SM
Elastic buffer uses 4 channels per SM
Elastic buffer uses 4 channels per SM
Elastic buffer uses 4 channels per SM
Elastic buffer uses 4 channels per SM
CPU side received count (scaleup: 4): -103 -111 -100 -114 -99 -97 -94 -107 # -129 -129 -129 -129 -129 -129 -129 -129 -129 -129 -CPU side received count (scaleup: 5): -109 -96 -110 -97 -79 -88 -101 -93 # -129 -129 -129 -129 -129 -129 -129 -129 -129 -129 -12CPU side received count (scaleup: 3): -95 -99 -93 -90 -90 -92 -100 -110 # -129 -129 -129 -129 -129 -129 -129 -129 -129 -129 -129CPU side received count (scaleup: 7): -117 -106 -99 -100 -99 -104 -95 -90 # -129 -129 -129 -129 -129 -129 -129 -129 -129 -129 -19 -129 -129 -129 -129 -129 
CPU side received count (scaleup: 1): -98 -100 -92 -98 -93 -112 -91 -95 # -129 -129 -129 -129 -129 -129 -129 -129 -129 -129 -129CPU side received count (scaleup: 6): -99 -115 -91 -114 -99 -97 -105 -111 # -129 -129 -129 -129 -129 -129 -129 -129 -129 -129 -129 -129 -129 -129 -129 -129 
CPU side received count (scaleup: 2): -113 -110 -119 -102 -106 -98 -113 -90 # -129 -129 -129 -129 -129 -129 -129 -129 -129 -129 CPU side received count (scaleup: 0): -103 -115 -100 -99 -95 -94 -93 -88 # -129 -129 -129 -129 -129 -129 -129 -129 -129 -129 -12129 -129 -129 -129 -129 -129 
 -129 -129 -129 -129 -129 
 -129 -129 -129 -129 -129 
29 -129 -129 -129 -129 -129 
-129 -129 -129 -129 -129 -129 
9 -129 -129 -129 -129 -129 
Elastic buffer uses 4 channels per SM
Elastic buffer uses 4 channels per SM
Elastic buffer uses 4 channels per SM
Elastic buffer uses 4 channels per SM
Elastic buffer uses 4 channels per SM
Elastic buffer uses 4 channels per SM
Elastic buffer uses 4 channels per SM
Elastic buffer uses 4 channels per SM
CPU side received count (scaleup: 1): -98 -100 -92 -98 -93 -112 -91 -95 # -129 -129 -129 -129 -129 -129 -129 -129 -129 -129 -129CPU side received count (scaleup: 7): -117 -106 -99 -100 -99 -104 -95 -90 # -129 -129 -129 -129 -129 -129 -129 -129 -129 -129 -1CPU side received count (scaleup: 3): -95 -99 -93 -90 -90 -92 -100 -110 # -129 -129 -129 -129 -129 -129 -129 -129 -129 -129 -129 -129 -129 -129 -129 -129 
CPU side received count (scaleup: 6): -99 -115 -91 -114 -99 -97 -105 -111 # -129 -129 -129 -129 -129 -129 -129 -129 -129 -129 -1CPU side received count (scaleup: 4): -103 -111 -100 -114 -99 -97 -94 -107 # -129 -129 -129 -129 -129 -129 -129 -129 -129 -129 -CPU side received count (scaleup: 5): -109 -96 -110 -97 -79 -88 -101 -93 # -129 -129 -129 -129 -129 -129 -129 -129 -129 -129 -1229 -129 -129 -129 -129 -129 
CPU side received count (scaleup: 2): -113 -110 -119 -102 -106 -98 -113 -90 # -129 -129 -129 -129 -129 -129 -129 -129 -129 -129 CPU side received count (scaleup: 0): -103 -115 -100 -99 -95 -94 -93 -88 # -129 -129 -129 -129 -129 -129 -129 -129 -129 -129 -1229 -129 -129 -129 -129 -129 
 -129 -129 -129 -129 -129 
129 -129 -129 -129 -129 -129 
9 -129 -129 -129 -129 -129 
-129 -129 -129 -129 -129 -129 
9 -129 -129 -129 -129 -129 
Elastic buffer uses 4 channels per SM
Elastic buffer uses 4 channels per SM
Elastic buffer uses 4 channels per SM
Elastic buffer uses 4 channels per SM
Elastic buffer uses 4 channels per SM
Elastic buffer uses 4 channels per SM
Elastic buffer uses 4 channels per SM
Elastic buffer uses 4 channels per SM
CPU side received count (scaleup: 6): -99 -115 -91 -114 -99 -97 -105 -111 # -129 -129 -129 -129 -129 -129 -129 -129 -129 -129 -1CPU side received count (scaleup: 5): -109 -96 -110 -97 -79 -88 -101 -93 # -129 -129 -129 -129 -129 -129 -129 -129 -129 -129 -12CPU side received count (scaleup: 7): -117 -106 -99 -100 -99 -104 -95 -90 # -129 -129 -129 -129 -129 -129 -129 -129 -129 -129 -1CPU side received count (scaleup: 2): -113 -110 -119 -102 -106 -98 -113 -90 # -129 -129 -129 -129 -129 -129 -129 -129 -129 -129 CPU side received count (scaleup: 4): -103 -111 -100 -114 -99 -97 -94 -107 # -129 -129 -129 -129 -129 -129 -129 -129 -129 -129 -CPU side received count (scaleup: 0): -103 -115 -100 -99 -95 -94 -93 -88 # -129 -129 -129 -129 -129 -129 -129 -129 -129 -129 -12CPU side received count (scaleup: 3): -95 -99 -93 -90 -90 -92 -100 -110 # -129 -129 -129 -129 -129 -129 -129 -129 -129 -129 -129CPU side received count (scaleup: 1): -98 -100 -92 -98 -93 -112 -91 -95 # -129 -129 -129 -129 -129 -129 -129 -129 -129 -129 -129129 -129 -129 -129 -129 -129 
29 -129 -129 -129 -129 -129 
9 -129 -129 -129 -129 -129 
9 -129 -129 -129 -129 -129 
29 -129 -129 -129 -129 -129 
 -129 -129 -129 -129 -129 
-129 -129 -129 -129 -129 -129 
 -129 -129 -129 -129 -129 
Elastic buffer uses 4 channels per SM
Elastic buffer uses 4 channels per SM
Elastic buffer uses 4 channels per SM
Elastic buffer uses 4 channels per SM
Elastic buffer uses 4 channels per SM
Elastic buffer uses 4 channels per SM
Elastic buffer uses 4 channels per SM
Elastic buffer uses 4 channels per SM
CPU side received count (scaleup: 7): -117 -106 -99 -100 -99 -104 -95 -90 # -129 -129 -129 -129 -129 -129 -129 -129 -129 -129 -1CPU side received count (scaleup: 2): -113 -110 -119 -102 -106 -98 -113 -90 # -129 -129 -129 -129 -129 -129 -129 -129 -129 -129 CPU side received count (scaleup: 5): -109 -96 -110 -97 -79 -88 -101 -93 # -129 -129 -129 -129 -129 -129 -129 -129 -129 -129 -12CPU side received count (scaleup: 0): -103 -115 -100 -99 -95 -94 -93 -88 # -129 -129 -129 -129 -129 -129 -129 -129 -129 -129 -12-129 -129 -129 -129 -129 -129 
9 -129 -129 -129 -129 -129 
CPU side received count (scaleup: 4): -103 -111 -100 -114 -99 -97 -94 -107 # -129 -129 -129 -129 -129 -129 -129 -129 -129 -129 -CPU side received count (scaleup: 1): -98 -100 -92 -98 -93 -112 -91 -95 # -129 -129 -129 -129 -129 -129 -129 -129 -129 -129 -129CPU side received count (scaleup: 6): -99 -115 -91 -114 -99 -97 -105 -111 # -129 -129 -129 -129 -129 -129 -129 -129 -129 -129 -1CPU side received count (scaleup: 3): -95 -99 -93 -90 -90 -92 -100 -110 # -129 -129 -129 -129 -129 -129 -129 -129 -129 -129 -12929 -129 -129 -129 -129 -129 
 -129 -129 -129 -129 -129 
9 -129 -129 -129 -129 -129 
129 -129 -129 -129 -129 -129 
 -129 -129 -129 -129 -129 
29 -129 -129 -129 -129 -129 
Elastic buffer uses 4 channels per SM
Elastic buffer uses 4 channels per SM
Elastic buffer uses 4 channels per SM
Elastic buffer uses 4 channels per SM
Elastic buffer uses 4 channels per SM
Elastic buffer uses 4 channels per SM
Elastic buffer uses 4 channels per SM
Elastic buffer uses 4 channels per SM
CPU side received count (scaleup: 2): -113 -110 -119 -102 -106 -98 -113 -90 # -129 -129 -129 -129 -129 -129 -129 -129 -129 -129 CPU side received count (scaleup: 4): -103 -111 -100 -114 -99 -97 -94 -107 # -129 -129 -129 -129 -129 -129 -129 -129 -129 -129 -CPU side received count (scaleup: 0): -103 -115 -100 -99 -95 -94 -93 -88 # -129 -129 -129 -129 -129 -129 -129 -129 -129 -129 -12CPU side received count (scaleup: 7): -117 -106 -99 -100 -99 -104 -95 -90 # -129 -129 -129 -129 -129 -129 -129 -129 -129 -129 -1CPU side received count (scaleup: 5): -109 -96 -110 -97 -79 -88 -101 -93 # -129 -129 -129 -129 -129 -129 -129 -129 -129 -129 -12-129 -129 -129 -129 -129 -129 
CPU side received count (scaleup: 6): -99 -115 -91 -114 -99 -97 -105 -111 # -129 -129 -129 -129 -129 -129 -129 -129 -129 -129 -1CPU side received count (scaleup: 3): -95 -99 -93 -90 -90 -92 -100 -110 # -129 -129 -129 -129 -129 -129 -129 -129 -129 -129 -129CPU side received count (scaleup: 1): -98 -100 -92 -98 -93 -112 -91 -95 # -129 -129 -129 -129 -129 -129 -129 -129 -129 -129 -129129 -129 -129 -129 -129 -129 
9 -129 -129 -129 -129 -129 
29 -129 -129 -129 -129 -129 
 -129 -129 -129 -129 -129 
9 -129 -129 -129 -129 -129 
29 -129 -129 -129 -129 -129 
 -129 -129 -129 -129 -129 
Elastic buffer uses 4 channels per SM
Elastic buffer uses 4 channels per SM
Elastic buffer uses 4 channels per SM
Elastic buffer uses 4 channels per SM
Elastic buffer uses 4 channels per SM
Elastic buffer uses 4 channels per SM
Elastic buffer uses 4 channels per SM
Elastic buffer uses 4 channels per SM
CPU side received count (scaleup: 6): -99 -115 -91 -114 -99 -97 -105 -111 # -129 -129 -129 -129 -129 -129 -129 -129 -129 -129 -1CPU side received count (scaleup: 2): -113 -110 -119 -102 -106 -98 -113 -90 # -129 -129 -129 -129 -129 -129 -129 -129 -129 -129 CPU side received count (scaleup: 1): -98 -100 -92 -98 -93 -112 -91 -95 # -129 -129 -129 -129 -129 -129 -129 -129 -129 -129 -129CPU side received count (scaleup: 4): -103 -111 -100 -114 -99 -97 -94 -107 # -129 -129 -129 -129 -129 -129 -129 -129 -129 -129 - -129 -129 -129 -129 -129 
CPU side received count (scaleup: 5): -109 -96 -110 -97 -79 -88 -101 -93 # -129 -129 -129 -129 -129 -129 -129 -129 -129 -129 -12-129 -129 -129 -129 -129 -129 
129 -129 -129 -129 -129 -129 
CPU side received count (scaleup: 3): -95 -99 -93 -90 -90 -92 -100 -110 # -129 -129 -129 -129 -129 -129 -129 -129 -129 -129 -129CPU side received count (scaleup: 7): -117 -106 -99 -100 -99 -104 -95 -90 # -129 -129 -129 -129 -129 -129 -129 -129 -129 -129 -1CPU side received count (scaleup: 0): -103 -115 -100 -99 -95 -94 -93 -88 # -129 -129 -129 -129 -129 -129 -129 -129 -129 -129 -1229 -129 -129 -129 -129 -129 
9 -129 -129 -129 -129 -129 
 -129 -129 -129 -129 -129 
29 -129 -129 -129 -129 -129 
9 -129 -129 -129 -129 -129 
Elastic buffer uses 4 channels per SM
Elastic buffer uses 4 channels per SM
Elastic buffer uses 4 channels per SM
Elastic buffer uses 4 channels per SM
Elastic buffer uses 4 channels per SM
Elastic buffer uses 4 channels per SM
Elastic buffer uses 4 channels per SM
Elastic buffer uses 4 channels per SM
CPU side received count (scaleup: 6): -99 -115 -91 -114 -99 -97 -105 -111 # -129 -129 -129 -129 -129 -129 -129 -129 -129 -129 -1CPU side received count (scaleup: 7): -117 -106 -99 -100 -99 -104 -95 -90 # -129 -129 -129 -129 -129 -129 -129 -129 -129 -129 -1CPU side received count (scaleup: 3): -95 -99 -93 -90 -90 -92 -100 -110 # -129 -129 -129 -129 -129 -129 -129 -129 -129 -129 -12929 -129 -129 -129 -129 -129 
29 -129 -129 -129 -129 -129 
CPU side received count (scaleup: 4): -103 -111 -100 -114 -99 -97 -94 -107 # -129 -129 -129 -129 -129 -129 -129 -129 -129 -129 -CPU side received count (scaleup: 2): -113 -110 -119 -102 -106 -98 -113 -90 # -129 -129 -129 -129 -129 -129 -129 -129 -129 -129 CPU side received count (scaleup: 0): -103 -115 -100 -99 -95 -94 -93 -88 # -129 -129 -129 -129 -129 -129 -129 -129 -129 -129 -12CPU side received count (scaleup: 5): -109 -96 -110 -97 -79 -88 -101 -93 # -129 -129 -129 -129 -129 -129 -129 -129 -129 -129 -12CPU side received count (scaleup: 1): -98 -100 -92 -98 -93 -112 -91 -95 # -129 -129 -129 -129 -129 -129 -129 -129 -129 -129 -129 -129 -129 -129 -129 -129 
129 -129 -129 -129 -129 -129 
9 -129 -129 -129 -129 -129 
9 -129 -129 -129 -129 -129 
 -129 -129 -129 -129 -129 
-129 -129 -129 -129 -129 -129 
Elastic buffer uses 4 channels per SM
Elastic buffer uses 4 channels per SM
Elastic buffer uses 4 channels per SM
Elastic buffer uses 4 channels per SM
Elastic buffer uses 4 channels per SM
Elastic buffer uses 4 channels per SM
Elastic buffer uses 4 channels per SM
Elastic buffer uses 4 channels per SM
CPU side received count (scaleup: 0): -103 -115 -100 -99 -95 -94 -93 -88 # -129 -129 -129 -129 -129 -129 -129 -129 -129 -129 -12CPU side received count (scaleup: 5): -109 -96 -110 -97 -79 -88 -101 -93 # -129 -129 -129 -129 -129 -129 -129 -129 -129 -129 -12CPU side received count (scaleup: 6): -99 -115 -91 -114 -99 -97 -105 -111 # -129 -129 -129 -129 -129 -129 -129 -129 -129 -129 -1CPU side received count (scaleup: 2): -113 -110 -119 -102 -106 -98 -113 -90 # -129 -129 -129 -129 -129 -129 -129 -129 -129 -129 CPU side received count (scaleup: 3): -95 -99 -93 -90 -90 -92 -100 -110 # -129 -129 -129 -129 -129 -129 -129 -129 -129 -129 -129CPU side received count (scaleup: 4): -103 -111 -100 -114 -99 -97 -94 -107 # -129 -129 -129 -129 -129 -129 -129 -129 -129 -129 -CPU side received count (scaleup: 7): -117 -106 -99 -100 -99 -104 -95 -90 # -129 -129 -129 -129 -129 -129 -129 -129 -129 -129 -1129 -129 -129 -129 -129 -129 
CPU side received count (scaleup: 1): -98 -100 -92 -98 -93 -112 -91 -95 # -129 -129 -129 -129 -129 -129 -129 -129 -129 -129 -1299 -129 -129 -129 -129 -129 
9 -129 -129 -129 -129 -129 
29 -129 -129 -129 -129 -129 
-129 -129 -129 -129 -129 -129 
 -129 -129 -129 -129 -129 
29 -129 -129 -129 -129 -129 
 -129 -129 -129 -129 -129 
Elastic buffer uses 4 channels per SM
Elastic buffer uses 4 channels per SM
Elastic buffer uses 4 channels per SM
Elastic buffer uses 4 channels per SM
Elastic buffer uses 4 channels per SM
Elastic buffer uses 4 channels per SM
Elastic buffer uses 4 channels per SM
Elastic buffer uses 4 channels per SM
CPU side received count (scaleup: 0): -103 -115 -100 -99 -95 -94 -93 -88 # -129 -129 -129 -129 -129 -129 -129 -129 -129 -129 -12CPU side received count (scaleup: 7): -117 -106 -99 -100 -99 -104 -95 -90 # -129 -129 -129 -129 -129 -129 -129 -129 -129 -129 -1CPU side received count (scaleup: 4): -103 -111 -100 -114 -99 -97 -94 -107 # -129 -129 -129 -129 -129 -129 -129 -129 -129 -129 -CPU side received count (scaleup: 3): -95 -99 -93 -90 -90 -92 -100 -110 # -129 -129 -129 -129 -129 -129 -129 -129 -129 -129 -129CPU side received count (scaleup: 1): -98 -100 -92 -98 -93 -112 -91 -95 # -129 -129 -129 -129 -129 -129 -129 -129 -129 -129 -129CPU side received count (scaleup: 5): -109 -96 -110 -97 -79 -88 -101 -93 # -129 -129 -129 -129 -129 -129 -129 -129 -129 -129 -12CPU side received count (scaleup: 2): -113 -110 -119 -102 -106 -98 -113 -90 # -129 -129 -129 -129 -129 -129 -129 -129 -129 -129 CPU side received count (scaleup: 6): -99 -115 -91 -114 -99 -97 -105 -111 # -129 -129 -129 -129 -129 -129 -129 -129 -129 -129 -19 -129 -129 -129 -129 -129 
29 -129 -129 -129 -129 -129 
 -129 -129 -129 -129 -129 
129 -129 -129 -129 -129 -129 
 -129 -129 -129 -129 -129 
9 -129 -129 -129 -129 -129 
-129 -129 -129 -129 -129 -129 
29 -129 -129 -129 -129 -129 
Elastic buffer uses 4 channels per SM
Elastic buffer uses 4 channels per SM
Elastic buffer uses 4 channels per SM
Elastic buffer uses 4 channels per SM
Elastic buffer uses 4 channels per SM
Elastic buffer uses 4 channels per SM
Elastic buffer uses 4 channels per SM
Elastic buffer uses 4 channels per SM
CPU side received count (scaleup: 7): -117 -106 -99 -100 -99 -104 -95 -90 # -129 -129 -129 -129 -129 -129 -129 -129 -129 -129 -1CPU side received count (scaleup: 1): -98 -100 -92 -98 -93 -112 -91 -95 # -129 -129 -129 -129 -129 -129 -129 -129 -129 -129 -129CPU side received count (scaleup: 0): -103 -115 -100 -99 -95 -94 -93 -88 # -129 -129 -129 -129 -129 -129 -129 -129 -129 -129 -12CPU side received count (scaleup: 2): -113 -110 -119 -102 -106 -98 -113 -90 # -129 -129 -129 -129 -129 -129 -129 -129 -129 -129 CPU side received count (scaleup: 5): -109 -96 -110 -97 -79 -88 -101 -93 # -129 -129 -129 -129 -129 -129 -129 -129 -129 -129 -12CPU side received count (scaleup: 6): -99 -115 -91 -114 -99 -97 -105 -111 # -129 -129 -129 -129 -129 -129 -129 -129 -129 -129 -1CPU side received count (scaleup: 3): -95 -99 -93 -90 -90 -92 -100 -110 # -129 -129 -129 -129 -129 -129 -129 -129 -129 -129 -129CPU side received count (scaleup: 4): -103 -111 -100 -114 -99 -97 -94 -107 # -129 -129 -129 -129 -129 -129 -129 -129 -129 -129 -9 -129 -129 -129 -129 -129 
29 -129 -129 -129 -129 -129 
29 -129 -129 -129 -129 -129 
 -129 -129 -129 -129 -129 
9 -129 -129 -129 -129 -129 
-129 -129 -129 -129 -129 -129 
 -129 -129 -129 -129 -129 
129 -129 -129 -129 -129 -129 
Elastic buffer uses 4 channels per SM
Elastic buffer uses 4 channels per SM
Elastic buffer uses 4 channels per SM
Elastic buffer uses 4 channels per SM
Elastic buffer uses 4 channels per SM
Elastic buffer uses 4 channels per SM
Elastic buffer uses 4 channels per SM
Elastic buffer uses 4 channels per SM
CPU side received count (scaleup: 4): -103 -111 -100 -114 -99 -97 -94 -107 # -129 -129 -129 -129 -129 -129 -129 -129 -129 -129 -CPU side received count (scaleup: 7): -117 -106 -99 -100 -99 -104 -95 -90 # -129 -129 -129 -129 -129 -129 -129 -129 -129 -129 -1CPU side received count (scaleup: 6): -99 -115 -91 -114 -99 -97 -105 -111 # -129 -129 -129 -129 -129 -129 -129 -129 -129 -129 -1129 -129 -129 -129 -129 -129 
CPU side received count (scaleup: 2): -113 -110 -119 -102 -106 -98 -113 -90 # -129 -129 -129 -129 -129 -129 -129 -129 -129 -129 CPU side received count (scaleup: 5): -109 -96 -110 -97 -79 -88 -101 -93 # -129 -129 -129 -129 -129 -129 -129 -129 -129 -129 -12-129 -129 -129 -129 -129 -129 
CPU side received count (scaleup: 3): -95 -99 -93 -90 -90 -92 -100 -110 # -129 -129 -129 -129 -129 -129 -129 -129 -129 -129 -129CPU side received count (scaleup: 0): -103 -115 -100 -99 -95 -94 -93 -88 # -129 -129 -129 -129 -129 -129 -129 -129 -129 -129 -12 -129 -129 -129 -129 -129 
CPU side received count (scaleup: 1): -98 -100 -92 -98 -93 -112 -91 -95 # -129 -129 -129 -129 -129 -129 -129 -129 -129 -129 -1299 -129 -129 -129 -129 -129 
29 -129 -129 -129 -129 -129 
29 -129 -129 -129 -129 -129 
9 -129 -129 -129 -129 -129 
 -129 -129 -129 -129 -129 
USDT:2026-08-25 02:32:54 433:433 SyncActivityProfilerHandler.cpp:52] profiler_startUSDT:2026-08-25 02:32:54 440:440 SyncActivityProfilerHandler.cpp:52] profiler_startUSDT:2026-08-25 02:32:54 439:439 SyncActivityProfilerHandler.cpp:52] profiler_startUSDT:2026-08-25 02:32:54 434:434 SyncActivityProfilerHandler.cpp:52] profiler_startUSDT:2026-08-25 02:32:54 438:438 SyncActivityProfilerHandler.cpp:52] profiler_startUSDT:2026-08-25 02:32:54 435:435 SyncActivityProfilerHandler.cpp:52] profiler_start





USDT:2026-08-25 02:32:54 436:436 SyncActivityProfilerHandler.cpp:52] profiler_startUSDT:2026-08-25 02:32:54 437:437 SyncActivityProfilerHandler.cpp:52] profiler_start

Elastic buffer uses 4 channels per SM
Elastic buffer uses 4 channels per SM
Elastic buffer uses 4 channels per SM
Elastic buffer uses 4 channels per SM
Elastic buffer uses 4 channels per SM
Elastic buffer uses 4 channels per SM
Elastic buffer uses 4 channels per SM
Elastic buffer uses 4 channels per SM
CPU side received count (scaleup: 7): -117 -106 -99 -100 -99 -104 -95 -90 # -129 -129 -129 -129 -129 -129 -129 -129 -129 -129 -1CPU side received count (scaleup: 2): -113 -110 -119 -102 -106 -98 -113 -90 # -129 -129 -129 -129 -129 -129 -129 -129 -129 -129 CPU side received count (scaleup: 0): -103 -115 -100 -99 -95 -94 -93 -88 # -129 -129 -129 -129 -129 -129 -129 -129 -129 -129 -12CPU side received count (scaleup: 1): -98 -100 -92 -98 -93 -112 -91 -95 # -129 -129 -129 -129 -129 -129 -129 -129 -129 -129 -129-129 -129 -129 -129 -129 -129 
9 -129 -129 -129 -129 -129 
 -129 -129 -129 -129 -129 
CPU side received count (scaleup: 6): -99 -115 -91 -114 -99 -97 -105 -111 # -129 -129 -129 -129 -129 -129 -129 -129 -129 -129 -1CPU side received count (scaleup: 4): -103 -111 -100 -114 -99 -97 -94 -107 # -129 -129 -129 -129 -129 -129 -129 -129 -129 -129 -29 -129 -129 -129 -129 -129 
129 -129 -129 -129 -129 -129 
CPU side received count (scaleup: 5): -109 -96 -110 -97 -79 -88 -101 -93 # -129 -129 -129 -129 -129 -129 -129 -129 -129 -129 -12CPU side received count (scaleup: 3): -95 -99 -93 -90 -90 -92 -100 -110 # -129 -129 -129 -129 -129 -129 -129 -129 -129 -129 -12929 -129 -129 -129 -129 -129 
9 -129 -129 -129 -129 -129 
 -129 -129 -129 -129 -129 
Elastic buffer uses 4 channels per SM
Elastic buffer uses 4 channels per SM
Elastic buffer uses 4 channels per SM
Elastic buffer uses 4 channels per SM
Elastic buffer uses 4 channels per SM
Elastic buffer uses 4 channels per SM
Elastic buffer uses 4 channels per SM
Elastic buffer uses 4 channels per SM
CPU side received count (scaleup: 2): -113 -110 -119 -102 -106 -98 -113 -90 # -129 -129 -129 -129 -129 -129 -129 -129 -129 -129 CPU side received count (scaleup: 0): -103 -115 -100 -99 -95 -94 -93 -88 # -129 -129 -129 -129 -129 -129 -129 -129 -129 -129 -12CPU side received count (scaleup: 6): -99 -115 -91 -114 -99 -97 -105 -111 # -129 -129 -129 -129 -129 -129 -129 -129 -129 -129 -1CPU side received count (scaleup: 1): -98 -100 -92 -98 -93 -112 -91 -95 # -129 -129 -129 -129 -129 -129 -129 -129 -129 -129 -129CPU side received count (scaleup: 4): -103 -111 -100 -114 -99 -97 -94 -107 # -129 -129 -129 -129 -129 -129 -129 -129 -129 -129 -CPU side received count (scaleup: 7): -117 -106 -99 -100 -99 -104 -95 -90 # -129 -129 -129 -129 -129 -129 -129 -129 -129 -129 -1CPU side received count (scaleup: 3): -95 -99 -93 -90 -90 -92 -100 -110 # -129 -129 -129 -129 -129 -129 -129 -129 -129 -129 -129-129 -129 -129 -129 -129 -129 
29 -129 -129 -129 -129 -129 
CPU side received count (scaleup: 5): -109 -96 -110 -97 -79 -88 -101 -93 # -129 -129 -129 -129 -129 -129 -129 -129 -129 -129 -129 -129 -129 -129 -129 -129 
129 -129 -129 -129 -129 -129 
 -129 -129 -129 -129 -129 
29 -129 -129 -129 -129 -129 
 -129 -129 -129 -129 -129 
9 -129 -129 -129 -129 -129 
Elastic buffer uses 4 channels per SM
Elastic buffer uses 4 channels per SM
Elastic buffer uses 4 channels per SM
Elastic buffer uses 4 channels per SM
Elastic buffer uses 4 channels per SM
Elastic buffer uses 4 channels per SM
Elastic buffer uses 4 channels per SM
Elastic buffer uses 4 channels per SM
CPU side received count (scaleup: 7): -117 -106 -99 -100 -99 -104 -95 -90 # -129 -129 -129 -129 -129 -129 -129 -129 -129 -129 -1CPU side received count (scaleup: 4): -103 -111 -100 -114 -99 -97 -94 -107 # -129 -129 -129 -129 -129 -129 -129 -129 -129 -129 -CPU side received count (scaleup: 6): -99 -115 -91 -114 -99 -97 -105 -111 # -129 -129 -129 -129 -129 -129 -129 -129 -129 -129 -1CPU side received count (scaleup: 0): -103 -115 -100 -99 -95 -94 -93 -88 # -129 -129 -129 -129 -129 -129 -129 -129 -129 -129 -1229 -129 -129 -129 -129 -129 
9 -129 -129 -129 -129 -129 
CPU side received count (scaleup: 2): -113 -110 -119 -102 -106 -98 -113 -90 # -129 -129 -129 -129 -129 -129 -129 -129 -129 -129 CPU side received count (scaleup: 5): -109 -96 -110 -97 -79 -88 -101 -93 # -129 -129 -129 -129 -129 -129 -129 -129 -129 -129 -12CPU side received count (scaleup: 1): -98 -100 -92 -98 -93 -112 -91 -95 # -129 -129 -129 -129 -129 -129 -129 -129 -129 -129 -129CPU side received count (scaleup: 3): -95 -99 -93 -90 -90 -92 -100 -110 # -129 -129 -129 -129 -129 -129 -129 -129 -129 -129 -129-129 -129 -129 -129 -129 -129 
9 -129 -129 -129 -129 -129 
 -129 -129 -129 -129 -129 
 -129 -129 -129 -129 -129 
129 -129 -129 -129 -129 -129 
29 -129 -129 -129 -129 -129 
Elastic buffer uses 4 channels per SM
Elastic buffer uses 4 channels per SM
Elastic buffer uses 4 channels per SM
Elastic buffer uses 4 channels per SM
Elastic buffer uses 4 channels per SM
Elastic buffer uses 4 channels per SM
Elastic buffer uses 4 channels per SM
Elastic buffer uses 4 channels per SM
CPU side received count (scaleup: 0): -103 -115 -100 -99 -95 -94 -93 -88 # -129 -129 -129 -129 -129 -129 -129 -129 -129 -129 -12CPU side received count (scaleup: 7): -117 -106 -99 -100 -99 -104 -95 -90 # -129 -129 -129 -129 -129 -129 -129 -129 -129 -129 -1CPU side received count (scaleup: 1): -98 -100 -92 -98 -93 -112 -91 -95 # -129 -129 -129 -129 -129 -129 -129 -129 -129 -129 -129CPU side received count (scaleup: 3): -95 -99 -93 -90 -90 -92 -100 -110 # -129 -129 -129 -129 -129 -129 -129 -129 -129 -129 -129CPU side received count (scaleup: 4): -103 -111 -100 -114 -99 -97 -94 -107 # -129 -129 -129 -129 -129 -129 -129 -129 -129 -129 -CPU side received count (scaleup: 5): -109 -96 -110 -97 -79 -88 -101 -93 # -129 -129 -129 -129 -129 -129 -129 -129 -129 -129 -12CPU side received count (scaleup: 2): -113 -110 -119 -102 -106 -98 -113 -90 # -129 -129 -129 -129 -129 -129 -129 -129 -129 -129  -129 -129 -129 -129 -129 
CPU side received count (scaleup: 6): -99 -115 -91 -114 -99 -97 -105 -111 # -129 -129 -129 -129 -129 -129 -129 -129 -129 -129 -19 -129 -129 -129 -129 -129 
9 -129 -129 -129 -129 -129 
29 -129 -129 -129 -129 -129 
 -129 -129 -129 -129 -129 
129 -129 -129 -129 -129 -129 
29 -129 -129 -129 -129 -129 
-129 -129 -129 -129 -129 -129 
Elastic buffer uses 4 channels per SM
Elastic buffer uses 4 channels per SM
Elastic buffer uses 4 channels per SM
Elastic buffer uses 4 channels per SM
Elastic buffer uses 4 channels per SM
Elastic buffer uses 4 channels per SM
Elastic buffer uses 4 channels per SM
Elastic buffer uses 4 channels per SM
CPU side received count (scaleup: 4): -103 -111 -100 -114 -99 -97 -94 -107 # -129 -129 -129 -129 -129 -129 -129 -129 -129 -129 -CPU side received count (scaleup: 6): -99 -115 -91 -114 -99 -97 -105 -111 # -129 -129 -129 -129 -129 -129 -129 -129 -129 -129 -1CPU side received count (scaleup: 3): -95 -99 -93 -90 -90 -92 -100 -110 # -129 -129 -129 -129 -129 -129 -129 -129 -129 -129 -129CPU side received count (scaleup: 0): -103 -115 -100 -99 -95 -94 -93 -88 # -129 -129 -129 -129 -129 -129 -129 -129 -129 -129 -12129 -129 -129 -129 -129 -129 
CPU side received count (scaleup: 7): -117 -106 -99 -100 -99 -104 -95 -90 # -129 -129 -129 -129 -129 -129 -129 -129 -129 -129 -1 -129 -129 -129 -129 -129 
29 -129 -129 -129 -129 -129 
CPU side received count (scaleup: 5): -109 -96 -110 -97 -79 -88 -101 -93 # -129 -129 -129 -129 -129 -129 -129 -129 -129 -129 -12CPU side received count (scaleup: 2): -113 -110 -119 -102 -106 -98 -113 -90 # -129 -129 -129 -129 -129 -129 -129 -129 -129 -129 CPU side received count (scaleup: 1): -98 -100 -92 -98 -93 -112 -91 -95 # -129 -129 -129 -129 -129 -129 -129 -129 -129 -129 -12929 -129 -129 -129 -129 -129 
9 -129 -129 -129 -129 -129 
9 -129 -129 -129 -129 -129 
-129 -129 -129 -129 -129 -129 
 -129 -129 -129 -129 -129 
Elastic buffer uses 4 channels per SM
Elastic buffer uses 4 channels per SM
Elastic buffer uses 4 channels per SM
Elastic buffer uses 4 channels per SM
Elastic buffer uses 4 channels per SM
Elastic buffer uses 4 channels per SM
Elastic buffer uses 4 channels per SM
Elastic buffer uses 4 channels per SM
CPU side received count (scaleup: 6): -99 -115 -91 -114 -99 -97 -105 -111 # -129 -129 -129 -129 -129 -129 -129 -129 -129 -129 -1CPU side received count (scaleup: 4): -103 -111 -100 -114 -99 -97 -94 -107 # -129 -129 -129 -129 -129 -129 -129 -129 -129 -129 -CPU side received count (scaleup: 3): -95 -99 -93 -90 -90 -92 -100 -110 # -129 -129 -129 -129 -129 -129 -129 -129 -129 -129 -129CPU side received count (scaleup: 2): -113 -110 -119 -102 -106 -98 -113 -90 # -129 -129 -129 -129 -129 -129 -129 -129 -129 -129 CPU side received count (scaleup: 0): -103 -115 -100 -99 -95 -94 -93 -88 # -129 -129 -129 -129 -129 -129 -129 -129 -129 -129 -12129 -129 -129 -129 -129 -129 
CPU side received count (scaleup: 5): -109 -96 -110 -97 -79 -88 -101 -93 # -129 -129 -129 -129 -129 -129 -129 -129 -129 -129 -12-129 -129 -129 -129 -129 -129 
CPU side received count (scaleup: 7): -117 -106 -99 -100 -99 -104 -95 -90 # -129 -129 -129 -129 -129 -129 -129 -129 -129 -129 -1CPU side received count (scaleup: 1): -98 -100 -92 -98 -93 -112 -91 -95 # -129 -129 -129 -129 -129 -129 -129 -129 -129 -129 -12929 -129 -129 -129 -129 -129 
 -129 -129 -129 -129 -129 
9 -129 -129 -129 -129 -129 
9 -129 -129 -129 -129 -129 
29 -129 -129 -129 -129 -129 
 -129 -129 -129 -129 -129 
Elastic buffer uses 4 channels per SM
Elastic buffer uses 4 channels per SM
Elastic buffer uses 4 channels per SM
Elastic buffer uses 4 channels per SM
Elastic buffer uses 4 channels per SM
Elastic buffer uses 4 channels per SM
Elastic buffer uses 4 channels per SM
Elastic buffer uses 4 channels per SM
CPU side received count (scaleup: 6): -99 -115 -91 -114 -99 -97 -105 -111 # -129 -129 -129 -129 -129 -129 -129 -129 -129 -129 -1CPU side received count (scaleup: 5): -109 -96 -110 -97 -79 -88 -101 -93 # -129 -129 -129 -129 -129 -129 -129 -129 -129 -129 -1229 -129 -129 -129 -129 -129 
CPU side received count (scaleup: 7): -117 -106 -99 -100 -99 -104 -95 -90 # -129 -129 -129 -129 -129 -129 -129 -129 -129 -129 -1CPU side received count (scaleup: 4): -103 -111 -100 -114 -99 -97 -94 -107 # -129 -129 -129 -129 -129 -129 -129 -129 -129 -129 -CPU side received count (scaleup: 3): -95 -99 -93 -90 -90 -92 -100 -110 # -129 -129 -129 -129 -129 -129 -129 -129 -129 -129 -12929 -129 -129 -129 -129 -129 
CPU side received count (scaleup: 0): -103 -115 -100 -99 -95 -94 -93 -88 # -129 -129 -129 -129 -129 -129 -129 -129 -129 -129 -12CPU side received count (scaleup: 1): -98 -100 -92 -98 -93 -112 -91 -95 # -129 -129 -129 -129 -129 -129 -129 -129 -129 -129 -129CPU side received count (scaleup: 2): -113 -110 -119 -102 -106 -98 -113 -90 # -129 -129 -129 -129 -129 -129 -129 -129 -129 -129  -129 -129 -129 -129 -129 
9 -129 -129 -129 -129 -129 
129 -129 -129 -129 -129 -129 
 -129 -129 -129 -129 -129 
9 -129 -129 -129 -129 -129 
-129 -129 -129 -129 -129 -129 
Elastic buffer uses 4 channels per SM
Elastic buffer uses 4 channels per SM
Elastic buffer uses 4 channels per SM
Elastic buffer uses 4 channels per SM
Elastic buffer uses 4 channels per SM
Elastic buffer uses 4 channels per SM
Elastic buffer uses 4 channels per SM
Elastic buffer uses 4 channels per SM
CPU side received count (scaleup: 4): -103 -111 -100 -114 -99 -97 -94 -107 # -129 -129 -129 -129 -129 -129 -129 -129 -129 -129 -CPU side received count (scaleup: 3): -95 -99 -93 -90 -90 -92 -100 -110 # -129 -129 -129 -129 -129 -129 -129 -129 -129 -129 -129CPU side received count (scaleup: 7): -117 -106 -99 -100 -99 -104 -95 -90 # -129 -129 -129 -129 -129 -129 -129 -129 -129 -129 -1CPU side received count (scaleup: 6): -99 -115 -91 -114 -99 -97 -105 -111 # -129 -129 -129 -129 -129 -129 -129 -129 -129 -129 -1CPU side received count (scaleup: 2): -113 -110 -119 -102 -106 -98 -113 -90 # -129 -129 -129 -129 -129 -129 -129 -129 -129 -129  -129 -129 -129 -129 -129 
CPU side received count (scaleup: 0): -103 -115 -100 -99 -95 -94 -93 -88 # -129 -129 -129 -129 -129 -129 -129 -129 -129 -129 -1229 -129 -129 -129 -129 -129 
CPU side received count (scaleup: 5): -109 -96 -110 -97 -79 -88 -101 -93 # -129 -129 -129 -129 -129 -129 -129 -129 -129 -129 -12CPU side received count (scaleup: 1): -98 -100 -92 -98 -93 -112 -91 -95 # -129 -129 -129 -129 -129 -129 -129 -129 -129 -129 -129129 -129 -129 -129 -129 -129 
29 -129 -129 -129 -129 -129 
-129 -129 -129 -129 -129 -129 
9 -129 -129 -129 -129 -129 
 -129 -129 -129 -129 -129 
9 -129 -129 -129 -129 -129 
Elastic buffer uses 4 channels per SM
Elastic buffer uses 4 channels per SM
Elastic buffer uses 4 channels per SM
Elastic buffer uses 4 channels per SM
Elastic buffer uses 4 channels per SM
Elastic buffer uses 4 channels per SM
Elastic buffer uses 4 channels per SM
Elastic buffer uses 4 channels per SM
CPU side received count (scaleup: 4): -103 -111 -100 -114 -99 -97 -94 -107 # -129 -129 -129 -129 -129 -129 -129 -129 -129 -129 -CPU side received count (scaleup: 2): -113 -110 -119 -102 -106 -98 -113 -90 # -129 -129 -129 -129 -129 -129 -129 -129 -129 -129 CPU side received count (scaleup: 7): -117 -106 -99 -100 -99 -104 -95 -90 # -129 -129 -129 -129 -129 -129 -129 -129 -129 -129 -1129 -129 -129 -129 -129 -129 
CPU side received count (scaleup: 0): -103 -115 -100 -99 -95 -94 -93 -88 # -129 -129 -129 -129 -129 -129 -129 -129 -129 -129 -12CPU side received count (scaleup: 6): -99 -115 -91 -114 -99 -97 -105 -111 # -129 -129 -129 -129 -129 -129 -129 -129 -129 -129 -1CPU side received count (scaleup: 1): -98 -100 -92 -98 -93 -112 -91 -95 # -129 -129 -129 -129 -129 -129 -129 -129 -129 -129 -129CPU side received count (scaleup: 5): -109 -96 -110 -97 -79 -88 -101 -93 # -129 -129 -129 -129 -129 -129 -129 -129 -129 -129 -12CPU side received count (scaleup: 3): -95 -99 -93 -90 -90 -92 -100 -110 # -129 -129 -129 -129 -129 -129 -129 -129 -129 -129 -129-129 -129 -129 -129 -129 -129 
29 -129 -129 -129 -129 -129 
9 -129 -129 -129 -129 -129 
29 -129 -129 -129 -129 -129 
 -129 -129 -129 -129 -129 
9 -129 -129 -129 -129 -129 
 -129 -129 -129 -129 -129 
Elastic buffer uses 4 channels per SM
Elastic buffer uses 4 channels per SM
Elastic buffer uses 4 channels per SM
Elastic buffer uses 4 channels per SM
Elastic buffer uses 4 channels per SM
Elastic buffer uses 4 channels per SM
Elastic buffer uses 4 channels per SM
Elastic buffer uses 4 channels per SM
CPU side received count (scaleup: 4): -103 -111 -100 -114 -99 -97 -94 -107 # -129 -129 -129 -129 -129 -129 -129 -129 -129 -129 -CPU side received count (scaleup: 7): -117 -106 -99 -100 -99 -104 -95 -90 # -129 -129 -129 -129 -129 -129 -129 -129 -129 -129 -1CPU side received count (scaleup: 2): -113 -110 -119 -102 -106 -98 -113 -90 # -129 -129 -129 -129 -129 -129 -129 -129 -129 -129 29 -129 -129 -129 -129 -129 
CPU side received count (scaleup: 1): -98 -100 -92 -98 -93 -112 -91 -95 # -129 -129 -129 -129 -129 -129 -129 -129 -129 -129 -129CPU side received count (scaleup: 5): -109 -96 -110 -97 -79 -88 -101 -93 # -129 -129 -129 -129 -129 -129 -129 -129 -129 -129 -12CPU side received count (scaleup: 0): -103 -115 -100 -99 -95 -94 -93 -88 # -129 -129 -129 -129 -129 -129 -129 -129 -129 -129 -129 -129 -129 -129 -129 -129 
CPU side received count (scaleup: 6): -99 -115 -91 -114 -99 -97 -105 -111 # -129 -129 -129 -129 -129 -129 -129 -129 -129 -129 -1CPU side received count (scaleup: 3): -95 -99 -93 -90 -90 -92 -100 -110 # -129 -129 -129 -129 -129 -129 -129 -129 -129 -129 -129129 -129 -129 -129 -129 -129 
-129 -129 -129 -129 -129 -129 
 -129 -129 -129 -129 -129 
 -129 -129 -129 -129 -129 
9 -129 -129 -129 -129 -129 
29 -129 -129 -129 -129 -129 
Elastic buffer uses 4 channels per SM
Elastic buffer uses 4 channels per SM
Elastic buffer uses 4 channels per SM
Elastic buffer uses 4 channels per SM
Elastic buffer uses 4 channels per SM
Elastic buffer uses 4 channels per SM
Elastic buffer uses 4 channels per SM
Elastic buffer uses 4 channels per SM
CPU side received count (scaleup: 4): -103 -111 -100 -114 -99 -97 -94 -107 # -129 -129 -129 -129 -129 -129 -129 -129 -129 -129 -CPU side received count (scaleup: 2): -113 -110 -119 -102 -106 -98 -113 -90 # -129 -129 -129 -129 -129 -129 -129 -129 -129 -129 CPU side received count (scaleup: 7): -117 -106 -99 -100 -99 -104 -95 -90 # -129 -129 -129 -129 -129 -129 -129 -129 -129 -129 -1CPU side received count (scaleup: 0): -103 -115 -100 -99 -95 -94 -93 -88 # -129 -129 -129 -129 -129 -129 -129 -129 -129 -129 -12CPU side received count (scaleup: 6): -99 -115 -91 -114 -99 -97 -105 -111 # -129 -129 -129 -129 -129 -129 -129 -129 -129 -129 -1CPU side received count (scaleup: 3): -95 -99 -93 -90 -90 -92 -100 -110 # -129 -129 -129 -129 -129 -129 -129 -129 -129 -129 -129CPU side received count (scaleup: 1): -98 -100 -92 -98 -93 -112 -91 -95 # -129 -129 -129 -129 -129 -129 -129 -129 -129 -129 -129CPU side received count (scaleup: 5): -109 -96 -110 -97 -79 -88 -101 -93 # -129 -129 -129 -129 -129 -129 -129 -129 -129 -129 -1229 -129 -129 -129 -129 -129 
129 -129 -129 -129 -129 -129 
-129 -129 -129 -129 -129 -129 
29 -129 -129 -129 -129 -129 
9 -129 -129 -129 -129 -129 
 -129 -129 -129 -129 -129 
 -129 -129 -129 -129 -129 
9 -129 -129 -129 -129 -129 
Elastic buffer uses 4 channels per SM
Elastic buffer uses 4 channels per SM
Elastic buffer uses 4 channels per SM
Elastic buffer uses 4 channels per SM
Elastic buffer uses 4 channels per SM
Elastic buffer uses 4 channels per SM
Elastic buffer uses 4 channels per SM
Elastic buffer uses 4 channels per SM
CPU side received count (scaleup: 7): -117 -106 -99 -100 -99 -104 -95 -90 # -129 -129 -129 -129 -129 -129 -129 -129 -129 -129 -1CPU side received count (scaleup: 3): -95 -99 -93 -90 -90 -92 -100 -110 # -129 -129 -129 -129 -129 -129 -129 -129 -129 -129 -129CPU side received count (scaleup: 1): -98 -100 -92 -98 -93 -112 -91 -95 # -129 -129 -129 -129 -129 -129 -129 -129 -129 -129 -129CPU side received count (scaleup: 6): -99 -115 -91 -114 -99 -97 -105 -111 # -129 -129 -129 -129 -129 -129 -129 -129 -129 -129 -1CPU side received count (scaleup: 4): -103 -111 -100 -114 -99 -97 -94 -107 # -129 -129 -129 -129 -129 -129 -129 -129 -129 -129 -CPU side received count (scaleup: 2): -113 -110 -119 -102 -106 -98 -113 -90 # -129 -129 -129 -129 -129 -129 -129 -129 -129 -129 CPU side received count (scaleup: 5): -109 -96 -110 -97 -79 -88 -101 -93 # -129 -129 -129 -129 -129 -129 -129 -129 -129 -129 -12CPU side received count (scaleup: 0): -103 -115 -100 -99 -95 -94 -93 -88 # -129 -129 -129 -129 -129 -129 -129 -129 -129 -129 -1229 -129 -129 -129 -129 -129 
 -129 -129 -129 -129 -129 
 -129 -129 -129 -129 -129 
29 -129 -129 -129 -129 -129 
129 -129 -129 -129 -129 -129 
-129 -129 -129 -129 -129 -129 
9 -129 -129 -129 -129 -129 
9 -129 -129 -129 -129 -129 
Elastic buffer uses 4 channels per SM
Elastic buffer uses 4 channels per SM
Elastic buffer uses 4 channels per SM
Elastic buffer uses 4 channels per SM
Elastic buffer uses 4 channels per SM
Elastic buffer uses 4 channels per SM
Elastic buffer uses 4 channels per SM
Elastic buffer uses 4 channels per SM
CPU side received count (scaleup: 0): -103 -115 -100 -99 -95 -94 -93 -88 # -129 -129 -129 -129 -129 -129 -129 -129 -129 -129 -12CPU side received count (scaleup: 4): -103 -111 -100 -114 -99 -97 -94 -107 # -129 -129 -129 -129 -129 -129 -129 -129 -129 -129 -CPU side received count (scaleup: 1): -98 -100 -92 -98 -93 -112 -91 -95 # -129 -129 -129 -129 -129 -129 -129 -129 -129 -129 -129CPU side received count (scaleup: 2): -113 -110 -119 -102 -106 -98 -113 -90 # -129 -129 -129 -129 -129 -129 -129 -129 -129 -129 CPU side received count (scaleup: 3): -95 -99 -93 -90 -90 -92 -100 -110 # -129 -129 -129 -129 -129 -129 -129 -129 -129 -129 -129CPU side received count (scaleup: 7): -117 -106 -99 -100 -99 -104 -95 -90 # -129 -129 -129 -129 -129 -129 -129 -129 -129 -129 -1129 -129 -129 -129 -129 -129 
 -129 -129 -129 -129 -129 
CPU side received count (scaleup: 5): -109 -96 -110 -97 -79 -88 -101 -93 # -129 -129 -129 -129 -129 -129 -129 -129 -129 -129 -12CPU side received count (scaleup: 6): -99 -115 -91 -114 -99 -97 -105 -111 # -129 -129 -129 -129 -129 -129 -129 -129 -129 -129 -1 -129 -129 -129 -129 -129 
29 -129 -129 -129 -129 -129 
9 -129 -129 -129 -129 -129 
-129 -129 -129 -129 -129 -129 
9 -129 -129 -129 -129 -129 
29 -129 -129 -129 -129 -129 
Elastic buffer uses 4 channels per SM
Elastic buffer uses 4 channels per SM
Elastic buffer uses 4 channels per SM
Elastic buffer uses 4 channels per SM
Elastic buffer uses 4 channels per SM
Elastic buffer uses 4 channels per SM
Elastic buffer uses 4 channels per SM
Elastic buffer uses 4 channels per SM
CPU side received count (scaleup: 7): -117 -106 -99 -100 -99 -104 -95 -90 # -129 -129 -129 -129 -129 -129 -129 -129 -129 -129 -1CPU side received count (scaleup: 2): -113 -110 -119 -102 -106 -98 -113 -90 # -129 -129 -129 -129 -129 -129 -129 -129 -129 -129 CPU side received count (scaleup: 5): -109 -96 -110 -97 -79 -88 -101 -93 # -129 -129 -129 -129 -129 -129 -129 -129 -129 -129 -12CPU side received count (scaleup: 0): -103 -115 -100 -99 -95 -94 -93 -88 # -129 -129 -129 -129 -129 -129 -129 -129 -129 -129 -12CPU side received count (scaleup: 1): -98 -100 -92 -98 -93 -112 -91 -95 # -129 -129 -129 -129 -129 -129 -129 -129 -129 -129 -129CPU side received count (scaleup: 6): -99 -115 -91 -114 -99 -97 -105 -111 # -129 -129 -129 -129 -129 -129 -129 -129 -129 -129 -1CPU side received count (scaleup: 3): -95 -99 -93 -90 -90 -92 -100 -110 # -129 -129 -129 -129 -129 -129 -129 -129 -129 -129 -129CPU side received count (scaleup: 4): -103 -111 -100 -114 -99 -97 -94 -107 # -129 -129 -129 -129 -129 -129 -129 -129 -129 -129 -9 -129 -129 -129 -129 -129 
29 -129 -129 -129 -129 -129 
-129 -129 -129 -129 -129 -129 
 -129 -129 -129 -129 -129 
9 -129 -129 -129 -129 -129 
129 -129 -129 -129 -129 -129 
29 -129 -129 -129 -129 -129 
 -129 -129 -129 -129 -129 
Elastic buffer uses 4 channels per SM
Elastic buffer uses 4 channels per SM
Elastic buffer uses 4 channels per SM
Elastic buffer uses 4 channels per SM
Elastic buffer uses 4 channels per SM
Elastic buffer uses 4 channels per SM
Elastic buffer uses 4 channels per SM
Elastic buffer uses 4 channels per SM
CPU side received count (scaleup: 4): -103 -111 -100 -114 -99 -97 -94 -107 # -129 -129 -129 -129 -129 -129 -129 -129 -129 -129 -CPU side received count (scaleup: 5): -109 -96 -110 -97 -79 -88 -101 -93 # -129 -129 -129 -129 -129 -129 -129 -129 -129 -129 -12CPU side received count (scaleup: 7): -117 -106 -99 -100 -99 -104 -95 -90 # -129 -129 -129 -129 -129 -129 -129 -129 -129 -129 -1CPU side received count (scaleup: 6): -99 -115 -91 -114 -99 -97 -105 -111 # -129 -129 -129 -129 -129 -129 -129 -129 -129 -129 -1129 -129 -129 -129 -129 -129 
CPU side received count (scaleup: 3): -95 -99 -93 -90 -90 -92 -100 -110 # -129 -129 -129 -129 -129 -129 -129 -129 -129 -129 -12929 -129 -129 -129 -129 -129 
CPU side received count (scaleup: 2): -113 -110 -119 -102 -106 -98 -113 -90 # -129 -129 -129 -129 -129 -129 -129 -129 -129 -129 CPU side received count (scaleup: 0): -103 -115 -100 -99 -95 -94 -93 -88 # -129 -129 -129 -129 -129 -129 -129 -129 -129 -129 -12CPU side received count (scaleup: 1): -98 -100 -92 -98 -93 -112 -91 -95 # -129 -129 -129 -129 -129 -129 -129 -129 -129 -129 -1299 -129 -129 -129 -129 -129 
29 -129 -129 -129 -129 -129 
 -129 -129 -129 -129 -129 
-129 -129 -129 -129 -129 -129 
9 -129 -129 -129 -129 -129 
 -129 -129 -129 -129 -129 
Elastic buffer uses 4 channels per SM
Elastic buffer uses 4 channels per SM
Elastic buffer uses 4 channels per SM
Elastic buffer uses 4 channels per SM
Elastic buffer uses 4 channels per SM
Elastic buffer uses 4 channels per SM
Elastic buffer uses 4 channels per SM
Elastic buffer uses 4 channels per SM
CPU side received count (scaleup: 0): -103 -115 -100 -99 -95 -94 -93 -88 # -129 -129 -129 -129 -129 -129 -129 -129 -129 -129 -12CPU side received count (scaleup: 2): -113 -110 -119 -102 -106 -98 -113 -90 # -129 -129 -129 -129 -129 -129 -129 -129 -129 -129 CPU side received count (scaleup: 4): -103 -111 -100 -114 -99 -97 -94 -107 # -129 -129 -129 -129 -129 -129 -129 -129 -129 -129 -CPU side received count (scaleup: 3): -95 -99 -93 -90 -90 -92 -100 -110 # -129 -129 -129 -129 -129 -129 -129 -129 -129 -129 -129CPU side received count (scaleup: 7): -117 -106 -99 -100 -99 -104 -95 -90 # -129 -129 -129 -129 -129 -129 -129 -129 -129 -129 -1CPU side received count (scaleup: 6): -99 -115 -91 -114 -99 -97 -105 -111 # -129 -129 -129 -129 -129 -129 -129 -129 -129 -129 -19 -129 -129 -129 -129 -129 
CPU side received count (scaleup: 1): -98 -100 -92 -98 -93 -112 -91 -95 # -129 -129 -129 -129 -129 -129 -129 -129 -129 -129 -129 -129 -129 -129 -129 -129 
29 -129 -129 -129 -129 -129 
CPU side received count (scaleup: 5): -109 -96 -110 -97 -79 -88 -101 -93 # -129 -129 -129 -129 -129 -129 -129 -129 -129 -129 -12-129 -129 -129 -129 -129 -129 
129 -129 -129 -129 -129 -129 
29 -129 -129 -129 -129 -129 
 -129 -129 -129 -129 -129 
9 -129 -129 -129 -129 -129 
Elastic buffer uses 4 channels per SM
Elastic buffer uses 4 channels per SM
Elastic buffer uses 4 channels per SM
Elastic buffer uses 4 channels per SM
Elastic buffer uses 4 channels per SM
Elastic buffer uses 4 channels per SM
Elastic buffer uses 4 channels per SM
Elastic buffer uses 4 channels per SM
CPU side received count (scaleup: 7): -117 -106 -99 -100 -99 -104 -95 -90 # -129 -129 -129 -129 -129 -129 -129 -129 -129 -129 -1CPU side received count (scaleup: 3): -95 -99 -93 -90 -90 -92 -100 -110 # -129 -129 -129 -129 -129 -129 -129 -129 -129 -129 -129CPU side received count (scaleup: 6): -99 -115 -91 -114 -99 -97 -105 -111 # -129 -129 -129 -129 -129 -129 -129 -129 -129 -129 -1CPU side received count (scaleup: 5): -109 -96 -110 -97 -79 -88 -101 -93 # -129 -129 -129 -129 -129 -129 -129 -129 -129 -129 -1229 -129 -129 -129 -129 -129 
CPU side received count (scaleup: 2): -113 -110 -119 -102 -106 -98 -113 -90 # -129 -129 -129 -129 -129 -129 -129 -129 -129 -129  -129 -129 -129 -129 -129 
CPU side received count (scaleup: 1): -98 -100 -92 -98 -93 -112 -91 -95 # -129 -129 -129 -129 -129 -129 -129 -129 -129 -129 -129CPU side received count (scaleup: 4): -103 -111 -100 -114 -99 -97 -94 -107 # -129 -129 -129 -129 -129 -129 -129 -129 -129 -129 -CPU side received count (scaleup: 0): -103 -115 -100 -99 -95 -94 -93 -88 # -129 -129 -129 -129 -129 -129 -129 -129 -129 -129 -1229 -129 -129 -129 -129 -129 
129 -129 -129 -129 -129 -129 
9 -129 -129 -129 -129 -129 
-129 -129 -129 -129 -129 -129 
 -129 -129 -129 -129 -129 
9 -129 -129 -129 -129 -129 
Elastic buffer uses 4 channels per SM
Elastic buffer uses 4 channels per SM
Elastic buffer uses 4 channels per SM
Elastic buffer uses 4 channels per SM
Elastic buffer uses 4 channels per SM
Elastic buffer uses 4 channels per SM
Elastic buffer uses 4 channels per SM
Elastic buffer uses 4 channels per SM
CPU side received count (scaleup: 6): -99 -115 -91 -114 -99 -97 -105 -111 # -129 -129 -129 -129 -129 -129 -129 -129 -129 -129 -1CPU side received count (scaleup: 4): -103 -111 -100 -114 -99 -97 -94 -107 # -129 -129 -129 -129 -129 -129 -129 -129 -129 -129 -CPU side received count (scaleup: 2): -113 -110 -119 -102 -106 -98 -113 -90 # -129 -129 -129 -129 -129 -129 -129 -129 -129 -129 CPU side received count (scaleup: 5): -109 -96 -110 -97 -79 -88 -101 -93 # -129 -129 -129 -129 -129 -129 -129 -129 -129 -129 -12CPU side received count (scaleup: 3): -95 -99 -93 -90 -90 -92 -100 -110 # -129 -129 -129 -129 -129 -129 -129 -129 -129 -129 -129129 -129 -129 -129 -129 -129 
CPU side received count (scaleup: 0): -103 -115 -100 -99 -95 -94 -93 -88 # -129 -129 -129 -129 -129 -129 -129 -129 -129 -129 -12-129 -129 -129 -129 -129 -129 
CPU side received count (scaleup: 1): -98 -100 -92 -98 -93 -112 -91 -95 # -129 -129 -129 -129 -129 -129 -129 -129 -129 -129 -129 -129 -129 -129 -129 -129 
CPU side received count (scaleup: 7): -117 -106 -99 -100 -99 -104 -95 -90 # -129 -129 -129 -129 -129 -129 -129 -129 -129 -129 -129 -129 -129 -129 -129 -129 
9 -129 -129 -129 -129 -129 
9 -129 -129 -129 -129 -129 
 -129 -129 -129 -129 -129 
29 -129 -129 -129 -129 -129 
Elastic buffer uses 4 channels per SM
Elastic buffer uses 4 channels per SM
Elastic buffer uses 4 channels per SM
Elastic buffer uses 4 channels per SM
Elastic buffer uses 4 channels per SM
Elastic buffer uses 4 channels per SM
Elastic buffer uses 4 channels per SM
Elastic buffer uses 4 channels per SM
CPU side received count (scaleup: 6): -99 -115 -91 -114 -99 -97 -105 -111 # -129 -129 -129 -129 -129 -129 -129 -129 -129 -129 -1CPU side received count (scaleup: 1): -98 -100 -92 -98 -93 -112 -91 -95 # -129 -129 -129 -129 -129 -129 -129 -129 -129 -129 -129CPU side received count (scaleup: 4): -103 -111 -100 -114 -99 -97 -94 -107 # -129 -129 -129 -129 -129 -129 -129 -129 -129 -129 -CPU side received count (scaleup: 0): -103 -115 -100 -99 -95 -94 -93 -88 # -129 -129 -129 -129 -129 -129 -129 -129 -129 -129 -12CPU side received count (scaleup: 5): -109 -96 -110 -97 -79 -88 -101 -93 # -129 -129 -129 -129 -129 -129 -129 -129 -129 -129 -12CPU side received count (scaleup: 2): -113 -110 -119 -102 -106 -98 -113 -90 # -129 -129 -129 -129 -129 -129 -129 -129 -129 -129 9 -129 -129 -129 -129 -129 
CPU side received count (scaleup: 7): -117 -106 -99 -100 -99 -104 -95 -90 # -129 -129 -129 -129 -129 -129 -129 -129 -129 -129 -129 -129 -129 -129 -129 -129 
-129 -129 -129 -129 -129 -129 
 -129 -129 -129 -129 -129 
CPU side received count (scaleup: 3): -95 -99 -93 -90 -90 -92 -100 -110 # -129 -129 -129 -129 -129 -129 -129 -129 -129 -129 -129129 -129 -129 -129 -129 -129 
9 -129 -129 -129 -129 -129 
29 -129 -129 -129 -129 -129 
 -129 -129 -129 -129 -129 
Elastic buffer uses 4 channels per SM
Elastic buffer uses 4 channels per SM
Elastic buffer uses 4 channels per SM
Elastic buffer uses 4 channels per SM
Elastic buffer uses 4 channels per SM
Elastic buffer uses 4 channels per SM
Elastic buffer uses 4 channels per SM
Elastic buffer uses 4 channels per SM
CPU side received count (scaleup: 0): -103 -115 -100 -99 -95 -94 -93 -88 # -129 -129 -129 -129 -129 -129 -129 -129 -129 -129 -12CPU side received count (scaleup: 3): -95 -99 -93 -90 -90 -92 -100 -110 # -129 -129 -129 -129 -129 -129 -129 -129 -129 -129 -129CPU side received count (scaleup: 2): -113 -110 -119 -102 -106 -98 -113 -90 # -129 -129 -129 -129 -129 -129 -129 -129 -129 -129 CPU side received count (scaleup: 1): -98 -100 -92 -98 -93 -112 -91 -95 # -129 -129 -129 -129 -129 -129 -129 -129 -129 -129 -129 -129 -129 -129 -129 -129 
-129 -129 -129 -129 -129 -129 
CPU side received count (scaleup: 5): -109 -96 -110 -97 -79 -88 -101 -93 # -129 -129 -129 -129 -129 -129 -129 -129 -129 -129 -12CPU side received count (scaleup: 7): -117 -106 -99 -100 -99 -104 -95 -90 # -129 -129 -129 -129 -129 -129 -129 -129 -129 -129 -1CPU side received count (scaleup: 6): -99 -115 -91 -114 -99 -97 -105 -111 # -129 -129 -129 -129 -129 -129 -129 -129 -129 -129 -1CPU side received count (scaleup: 4): -103 -111 -100 -114 -99 -97 -94 -107 # -129 -129 -129 -129 -129 -129 -129 -129 -129 -129 -9 -129 -129 -129 -129 -129 
 -129 -129 -129 -129 -129 
9 -129 -129 -129 -129 -129 
29 -129 -129 -129 -129 -129 
29 -129 -129 -129 -129 -129 
129 -129 -129 -129 -129 -129 
Elastic buffer uses 4 channels per SM
Elastic buffer uses 4 channels per SM
Elastic buffer uses 4 channels per SM
Elastic buffer uses 4 channels per SM
Elastic buffer uses 4 channels per SM
Elastic buffer uses 4 channels per SM
Elastic buffer uses 4 channels per SM
Elastic buffer uses 4 channels per SM
CPU side received count (scaleup: 4): -103 -111 -100 -114 -99 -97 -94 -107 # -129 -129 -129 -129 -129 -129 -129 -129 -129 -129 -CPU side received count (scaleup: 0): -103 -115 -100 -99 -95 -94 -93 -88 # -129 -129 -129 -129 -129 -129 -129 -129 -129 -129 -12CPU side received count (scaleup: 2): -113 -110 -119 -102 -106 -98 -113 -90 # -129 -129 -129 -129 -129 -129 -129 -129 -129 -129 CPU side received count (scaleup: 5): -109 -96 -110 -97 -79 -88 -101 -93 # -129 -129 -129 -129 -129 -129 -129 -129 -129 -129 -12129 -129 -129 -129 -129 -129 
CPU side received count (scaleup: 3): -95 -99 -93 -90 -90 -92 -100 -110 # -129 -129 -129 -129 -129 -129 -129 -129 -129 -129 -129CPU side received count (scaleup: 1): -98 -100 -92 -98 -93 -112 -91 -95 # -129 -129 -129 -129 -129 -129 -129 -129 -129 -129 -129CPU side received count (scaleup: 7): -117 -106 -99 -100 -99 -104 -95 -90 # -129 -129 -129 -129 -129 -129 -129 -129 -129 -129 -1CPU side received count (scaleup: 6): -99 -115 -91 -114 -99 -97 -105 -111 # -129 -129 -129 -129 -129 -129 -129 -129 -129 -129 -19 -129 -129 -129 -129 -129 
 -129 -129 -129 -129 -129 
-129 -129 -129 -129 -129 -129 
9 -129 -129 -129 -129 -129 
 -129 -129 -129 -129 -129 
29 -129 -129 -129 -129 -129 
29 -129 -129 -129 -129 -129 
Elastic buffer uses 4 channels per SM
Elastic buffer uses 4 channels per SM
Elastic buffer uses 4 channels per SM
Elastic buffer uses 4 channels per SM
Elastic buffer uses 4 channels per SM
Elastic buffer uses 4 channels per SM
Elastic buffer uses 4 channels per SM
Elastic buffer uses 4 channels per SM
CPU side received count (scaleup: 4): -103 -111 -100 -114 -99 -97 -94 -107 # -129 -129 -129 -129 -129 -129 -129 -129 -129 -129 -CPU side received count (scaleup: 3): -95 -99 -93 -90 -90 -92 -100 -110 # -129 -129 -129 -129 -129 -129 -129 -129 -129 -129 -129CPU side received count (scaleup: 5): -109 -96 -110 -97 -79 -88 -101 -93 # -129 -129 -129 -129 -129 -129 -129 -129 -129 -129 -12CPU side received count (scaleup: 0): -103 -115 -100 -99 -95 -94 -93 -88 # -129 -129 -129 -129 -129 -129 -129 -129 -129 -129 -12CPU side received count (scaleup: 2): -113 -110 -119 -102 -106 -98 -113 -90 # -129 -129 -129 -129 -129 -129 -129 -129 -129 -129 9 -129 -129 -129 -129 -129 
CPU side received count (scaleup: 1): -98 -100 -92 -98 -93 -112 -91 -95 # -129 -129 -129 -129 -129 -129 -129 -129 -129 -129 -129CPU side received count (scaleup: 6): -99 -115 -91 -114 -99 -97 -105 -111 # -129 -129 -129 -129 -129 -129 -129 -129 -129 -129 -1CPU side received count (scaleup: 7): -117 -106 -99 -100 -99 -104 -95 -90 # -129 -129 -129 -129 -129 -129 -129 -129 -129 -129 -1129 -129 -129 -129 -129 -129 
29 -129 -129 -129 -129 -129 
 -129 -129 -129 -129 -129 
9 -129 -129 -129 -129 -129 
-129 -129 -129 -129 -129 -129 
 -129 -129 -129 -129 -129 
29 -129 -129 -129 -129 -129 
Elastic buffer uses 4 channels per SM
Elastic buffer uses 4 channels per SM
Elastic buffer uses 4 channels per SM
Elastic buffer uses 4 channels per SM
Elastic buffer uses 4 channels per SM
Elastic buffer uses 4 channels per SM
Elastic buffer uses 4 channels per SM
Elastic buffer uses 4 channels per SM
CPU side received count (scaleup: 4): -103 -111 -100 -114 -99 -97 -94 -107 # -129 -129 -129 -129 -129 -129 -129 -129 -129 -129 -CPU side received count (scaleup: 3): -95 -99 -93 -90 -90 -92 -100 -110 # -129 -129 -129 -129 -129 -129 -129 -129 -129 -129 -129CPU side received count (scaleup: 6): -99 -115 -91 -114 -99 -97 -105 -111 # -129 -129 -129 -129 -129 -129 -129 -129 -129 -129 -1CPU side received count (scaleup: 5): -109 -96 -110 -97 -79 -88 -101 -93 # -129 -129 -129 -129 -129 -129 -129 -129 -129 -129 -12CPU side received count (scaleup: 0): -103 -115 -100 -99 -95 -94 -93 -88 # -129 -129 -129 -129 -129 -129 -129 -129 -129 -129 -12129 -129 -129 -129 -129 -129 
 -129 -129 -129 -129 -129 
CPU side received count (scaleup: 1): -98 -100 -92 -98 -93 -112 -91 -95 # -129 -129 -129 -129 -129 -129 -129 -129 -129 -129 -129CPU side received count (scaleup: 7): -117 -106 -99 -100 -99 -104 -95 -90 # -129 -129 -129 -129 -129 -129 -129 -129 -129 -129 -1CPU side received count (scaleup: 2): -113 -110 -119 -102 -106 -98 -113 -90 # -129 -129 -129 -129 -129 -129 -129 -129 -129 -129 9 -129 -129 -129 -129 -129 
29 -129 -129 -129 -129 -129 
9 -129 -129 -129 -129 -129 
 -129 -129 -129 -129 -129 
29 -129 -129 -129 -129 -129 
-129 -129 -129 -129 -129 -129 
Elastic buffer uses 4 channels per SM
Elastic buffer uses 4 channels per SM
Elastic buffer uses 4 channels per SM
Elastic buffer uses 4 channels per SM
Elastic buffer uses 4 channels per SM
Elastic buffer uses 4 channels per SM
Elastic buffer uses 4 channels per SM
Elastic buffer uses 4 channels per SM
CPU side received count (scaleup: 0): -103 -115 -100 -99 -95 -94 -93 -88 # -129 -129 -129 -129 -129 -129 -129 -129 -129 -129 -12CPU side received count (scaleup: 2): -113 -110 -119 -102 -106 -98 -113 -90 # -129 -129 -129 -129 -129 -129 -129 -129 -129 -129 CPU side received count (scaleup: 6): -99 -115 -91 -114 -99 -97 -105 -111 # -129 -129 -129 -129 -129 -129 -129 -129 -129 -129 -1CPU side received count (scaleup: 4): -103 -111 -100 -114 -99 -97 -94 -107 # -129 -129 -129 -129 -129 -129 -129 -129 -129 -129 -CPU side received count (scaleup: 7): -117 -106 -99 -100 -99 -104 -95 -90 # -129 -129 -129 -129 -129 -129 -129 -129 -129 -129 -1CPU side received count (scaleup: 1): -98 -100 -92 -98 -93 -112 -91 -95 # -129 -129 -129 -129 -129 -129 -129 -129 -129 -129 -129CPU side received count (scaleup: 5): -109 -96 -110 -97 -79 -88 -101 -93 # -129 -129 -129 -129 -129 -129 -129 -129 -129 -129 -12 -129 -129 -129 -129 -129 
CPU side received count (scaleup: 3): -95 -99 -93 -90 -90 -92 -100 -110 # -129 -129 -129 -129 -129 -129 -129 -129 -129 -129 -1299 -129 -129 -129 -129 -129 
-129 -129 -129 -129 -129 -129 
29 -129 -129 -129 -129 -129 
129 -129 -129 -129 -129 -129 
 -129 -129 -129 -129 -129 
29 -129 -129 -129 -129 -129 
9 -129 -129 -129 -129 -129 
Elastic buffer uses 4 channels per SM
Elastic buffer uses 4 channels per SM
Elastic buffer uses 4 channels per SM
Elastic buffer uses 4 channels per SM
Elastic buffer uses 4 channels per SM
Elastic buffer uses 4 channels per SM
Elastic buffer uses 4 channels per SM
Elastic buffer uses 4 channels per SM
CPU side received count (scaleup: 4): -103 -111 -100 -114 -99 -97 -94 -107 # -129 -129 -129 -129 -129 -129 -129 -129 -129 -129 -CPU side received count (scaleup: 0): -103 -115 -100 -99 -95 -94 -93 -88 # -129 -129 -129 -129 -129 -129 -129 -129 -129 -129 -12CPU side received count (scaleup: 6): -99 -115 -91 -114 -99 -97 -105 -111 # -129 -129 -129 -129 -129 -129 -129 -129 -129 -129 -1CPU side received count (scaleup: 5): -109 -96 -110 -97 -79 -88 -101 -93 # -129 -129 -129 -129 -129 -129 -129 -129 -129 -129 -12CPU side received count (scaleup: 2): -113 -110 -119 -102 -106 -98 -113 -90 # -129 -129 -129 -129 -129 -129 -129 -129 -129 -129 CPU side received count (scaleup: 1): -98 -100 -92 -98 -93 -112 -91 -95 # -129 -129 -129 -129 -129 -129 -129 -129 -129 -129 -129CPU side received count (scaleup: 7): -117 -106 -99 -100 -99 -104 -95 -90 # -129 -129 -129 -129 -129 -129 -129 -129 -129 -129 -1129 -129 -129 -129 -129 -129 
CPU side received count (scaleup: 3): -95 -99 -93 -90 -90 -92 -100 -110 # -129 -129 -129 -129 -129 -129 -129 -129 -129 -129 -1299 -129 -129 -129 -129 -129 
 -129 -129 -129 -129 -129 
29 -129 -129 -129 -129 -129 
9 -129 -129 -129 -129 -129 
-129 -129 -129 -129 -129 -129 
 -129 -129 -129 -129 -129 
29 -129 -129 -129 -129 -129 
Elastic buffer uses 4 channels per SM
Elastic buffer uses 4 channels per SM
Elastic buffer uses 4 channels per SM
Elastic buffer uses 4 channels per SM
Elastic buffer uses 4 channels per SM
Elastic buffer uses 4 channels per SM
Elastic buffer uses 4 channels per SM
Elastic buffer uses 4 channels per SM
CPU side received count (scaleup: 6): -99 -115 -91 -114 -99 -97 -105 -111 # -129 -129 -129 -129 -129 -129 -129 -129 -129 -129 -1CPU side received count (scaleup: 7): -117 -106 -99 -100 -99 -104 -95 -90 # -129 -129 -129 -129 -129 -129 -129 -129 -129 -129 -1CPU side received count (scaleup: 0): -103 -115 -100 -99 -95 -94 -93 -88 # -129 -129 -129 -129 -129 -129 -129 -129 -129 -129 -12CPU side received count (scaleup: 4): -103 -111 -100 -114 -99 -97 -94 -107 # -129 -129 -129 -129 -129 -129 -129 -129 -129 -129 -CPU side received count (scaleup: 3): -95 -99 -93 -90 -90 -92 -100 -110 # -129 -129 -129 -129 -129 -129 -129 -129 -129 -129 -129CPU side received count (scaleup: 1): -98 -100 -92 -98 -93 -112 -91 -95 # -129 -129 -129 -129 -129 -129 -129 -129 -129 -129 -129CPU side received count (scaleup: 5): -109 -96 -110 -97 -79 -88 -101 -93 # -129 -129 -129 -129 -129 -129 -129 -129 -129 -129 -12 -129 -129 -129 -129 -129 
CPU side received count (scaleup: 2): -113 -110 -119 -102 -106 -98 -113 -90 # -129 -129 -129 -129 -129 -129 -129 -129 -129 -129 9 -129 -129 -129 -129 -129 
29 -129 -129 -129 -129 -129 
29 -129 -129 -129 -129 -129 
9 -129 -129 -129 -129 -129 
129 -129 -129 -129 -129 -129 
 -129 -129 -129 -129 -129 
-129 -129 -129 -129 -129 -129 
Elastic buffer uses 4 channels per SM
Elastic buffer uses 4 channels per SM
Elastic buffer uses 4 channels per SM
Elastic buffer uses 4 channels per SM
Elastic buffer uses 4 channels per SM
Elastic buffer uses 4 channels per SM
Elastic buffer uses 4 channels per SM
Elastic buffer uses 4 channels per SM
CPU side received count (scaleup: 4): -103 -111 -100 -114 -99 -97 -94 -107 # -129 -129 -129 -129 -129 -129 -129 -129 -129 -129 -CPU side received count (scaleup: 3): -95 -99 -93 -90 -90 -92 -100 -110 # -129 -129 -129 -129 -129 -129 -129 -129 -129 -129 -129129 -129 -129 -129 -129 -129 
CPU side received count (scaleup: 2): -113 -110 -119 -102 -106 -98 -113 -90 # -129 -129 -129 -129 -129 -129 -129 -129 -129 -129 CPU side received count (scaleup: 5): -109 -96 -110 -97 -79 -88 -101 -93 # -129 -129 -129 -129 -129 -129 -129 -129 -129 -129 -12CPU side received count (scaleup: 1): -98 -100 -92 -98 -93 -112 -91 -95 # -129 -129 -129 -129 -129 -129 -129 -129 -129 -129 -129CPU side received count (scaleup: 7): -117 -106 -99 -100 -99 -104 -95 -90 # -129 -129 -129 -129 -129 -129 -129 -129 -129 -129 -1CPU side received count (scaleup: 0): -103 -115 -100 -99 -95 -94 -93 -88 # -129 -129 -129 -129 -129 -129 -129 -129 -129 -129 -1229 -129 -129 -129 -129 -129 
CPU side received count (scaleup: 6): -99 -115 -91 -114 -99 -97 -105 -111 # -129 -129 -129 -129 -129 -129 -129 -129 -129 -129 -1 -129 -129 -129 -129 -129 
-129 -129 -129 -129 -129 -129 
9 -129 -129 -129 -129 -129 
 -129 -129 -129 -129 -129 
9 -129 -129 -129 -129 -129 
29 -129 -129 -129 -129 -129 
Elastic buffer uses 4 channels per SM
Elastic buffer uses 4 channels per SM
Elastic buffer uses 4 channels per SM
Elastic buffer uses 4 channels per SM
Elastic buffer uses 4 channels per SM
Elastic buffer uses 4 channels per SM
Elastic buffer uses 4 channels per SM
Elastic buffer uses 4 channels per SM
CPU side received count (scaleup: 6): -99 -115 -91 -114 -99 -97 -105 -111 # -129 -129 -129 -129 -129 -129 -129 -129 -129 -129 -1CPU side received count (scaleup: 1): -98 -100 -92 -98 -93 -112 -91 -95 # -129 -129 -129 -129 -129 -129 -129 -129 -129 -129 -129CPU side received count (scaleup: 0): -103 -115 -100 -99 -95 -94 -93 -88 # -129 -129 -129 -129 -129 -129 -129 -129 -129 -129 -1229 -129 -129 -129 -129 -129 
 -129 -129 -129 -129 -129 
CPU side received count (scaleup: 2): -113 -110 -119 -102 -106 -98 -113 -90 # -129 -129 -129 -129 -129 -129 -129 -129 -129 -129 CPU side received count (scaleup: 5): -109 -96 -110 -97 -79 -88 -101 -93 # -129 -129 -129 -129 -129 -129 -129 -129 -129 -129 -12CPU side received count (scaleup: 7): -117 -106 -99 -100 -99 -104 -95 -90 # -129 -129 -129 -129 -129 -129 -129 -129 -129 -129 -1CPU side received count (scaleup: 3): -95 -99 -93 -90 -90 -92 -100 -110 # -129 -129 -129 -129 -129 -129 -129 -129 -129 -129 -129CPU side received count (scaleup: 4): -103 -111 -100 -114 -99 -97 -94 -107 # -129 -129 -129 -129 -129 -129 -129 -129 -129 -129 -29 -129 -129 -129 -129 -129 
 -129 -129 -129 -129 -129 
129 -129 -129 -129 -129 -129 
9 -129 -129 -129 -129 -129 
-129 -129 -129 -129 -129 -129 
9 -129 -129 -129 -129 -129 
Elastic buffer uses 4 channels per SM
Elastic buffer uses 4 channels per SM
Elastic buffer uses 4 channels per SM
Elastic buffer uses 4 channels per SM
Elastic buffer uses 4 channels per SM
Elastic buffer uses 4 channels per SM
Elastic buffer uses 4 channels per SM
Elastic buffer uses 4 channels per SM
CPU side received count (scaleup: 4): -103 -111 -100 -114 -99 -97 -94 -107 # -129 -129 -129 -129 -129 -129 -129 -129 -129 -129 -CPU side received count (scaleup: 3): -95 -99 -93 -90 -90 -92 -100 -110 # -129 -129 -129 -129 -129 -129 -129 -129 -129 -129 -129CPU side received count (scaleup: 0): -103 -115 -100 -99 -95 -94 -93 -88 # -129 -129 -129 -129 -129 -129 -129 -129 -129 -129 -12CPU side received count (scaleup: 2): -113 -110 -119 -102 -106 -98 -113 -90 # -129 -129 -129 -129 -129 -129 -129 -129 -129 -129  -129 -129 -129 -129 -129 
CPU side received count (scaleup: 1): -98 -100 -92 -98 -93 -112 -91 -95 # -129 -129 -129 -129 -129 -129 -129 -129 -129 -129 -1299 -129 -129 -129 -129 -129 
CPU side received count (scaleup: 7): -117 -106 -99 -100 -99 -104 -95 -90 # -129 -129 -129 -129 -129 -129 -129 -129 -129 -129 -1CPU side received count (scaleup: 6): -99 -115 -91 -114 -99 -97 -105 -111 # -129 -129 -129 -129 -129 -129 -129 -129 -129 -129 -1CPU side received count (scaleup: 5): -109 -96 -110 -97 -79 -88 -101 -93 # -129 -129 -129 -129 -129 -129 -129 -129 -129 -129 -12129 -129 -129 -129 -129 -129 
-129 -129 -129 -129 -129 -129 
29 -129 -129 -129 -129 -129 
 -129 -129 -129 -129 -129 
29 -129 -129 -129 -129 -129 
9 -129 -129 -129 -129 -129 
Elastic buffer uses 4 channels per SM
Elastic buffer uses 4 channels per SM
Elastic buffer uses 4 channels per SM
Elastic buffer uses 4 channels per SM
Elastic buffer uses 4 channels per SM
Elastic buffer uses 4 channels per SM
Elastic buffer uses 4 channels per SM
Elastic buffer uses 4 channels per SM
CPU side received count (scaleup: 6): -99 -115 -91 -114 -99 -97 -105 -111 # -129 -129 -129 -129 -129 -129 -129 -129 -129 -129 -1CPU side received count (scaleup: 2): -113 -110 -119 -102 -106 -98 -113 -90 # -129 -129 -129 -129 -129 -129 -129 -129 -129 -129 CPU side received count (scaleup: 7): -117 -106 -99 -100 -99 -104 -95 -90 # -129 -129 -129 -129 -129 -129 -129 -129 -129 -129 -1CPU side received count (scaleup: 3): -95 -99 -93 -90 -90 -92 -100 -110 # -129 -129 -129 -129 -129 -129 -129 -129 -129 -129 -129CPU side received count (scaleup: 1): -98 -100 -92 -98 -93 -112 -91 -95 # -129 -129 -129 -129 -129 -129 -129 -129 -129 -129 -12929 -129 -129 -129 -129 -129 
CPU side received count (scaleup: 5): -109 -96 -110 -97 -79 -88 -101 -93 # -129 -129 -129 -129 -129 -129 -129 -129 -129 -129 -12 -129 -129 -129 -129 -129 
CPU side received count (scaleup: 4): -103 -111 -100 -114 -99 -97 -94 -107 # -129 -129 -129 -129 -129 -129 -129 -129 -129 -129 -CPU side received count (scaleup: 0): -103 -115 -100 -99 -95 -94 -93 -88 # -129 -129 -129 -129 -129 -129 -129 -129 -129 -129 -12-129 -129 -129 -129 -129 -129 
29 -129 -129 -129 -129 -129 
 -129 -129 -129 -129 -129 
9 -129 -129 -129 -129 -129 
129 -129 -129 -129 -129 -129 
9 -129 -129 -129 -129 -129 
USDT:2026-08-25 02:32:54 440:440 SyncActivityProfilerHandler.cpp:59] profiler_stopUSDT:2026-08-25 02:32:54 438:438 SyncActivityProfilerHandler.cpp:59] profiler_stopUSDT:2026-08-25 02:32:54 434:434 SyncActivityProfilerHandler.cpp:59] profiler_stopUSDT:2026-08-25 02:32:54 436:436 SyncActivityProfilerHandler.cpp:59] profiler_stopUSDT:2026-08-25 02:32:54 433:433 SyncActivityProfilerHandler.cpp:59] profiler_stopUSDT:2026-08-25 02:32:54 439:439 SyncActivityProfilerHandler.cpp:59] profiler_stopUSDT:2026-08-25 02:32:54 437:437 SyncActivityProfilerHandler.cpp:59] profiler_stop






USDT:2026-08-25 02:32:54 435:435 SyncActivityProfilerHandler.cpp:59] profiler_stop
   * EP:  15/16 | dispatch: 4 GB/s (SO), 16 GB/s (SU), 375.707 us, 6005376 bytes | copy: 108 GB/s, 111.222 us
   * EP:  14/16 | dispatch: 5 GB/s (SO), 16 GB/s (SU), 375.491 us, 6162624 bytes | copy: 981 GB/s, 12.565 us
   * EP:  11/16 | dispatch: 5 GB/s (SO), 15 GB/s (SU), 375.447 us, 5698368 bytes | copy: 841 GB/s, 13.551 us
   * EP:   8/16 | dispatch: 5 GB/s (SO), 16 GB/s (SU), 375.663 us, 5833152 bytes | copy: 125 GB/s, 93.680 us
   * EP:  13/16 | dispatch: 5 GB/s (SO), 15 GB/s (SU), 375.699 us, 5728320 bytes | copy: 104 GB/s, 110.660 us
   * EP:  10/16 | dispatch: 5 GB/s (SO), 17 GB/s (SU), 375.460 us, 6312384 bytes | copy: 776 GB/s, 16.273 us
   * EP:   9/16 | dispatch: 5 GB/s (SO), 15 GB/s (SU), 375.851 us, 5773248 bytes | copy: 103 GB/s, 111.712 us
   * EP:  12/16 | dispatch: 5 GB/s (SO), 16 GB/s (SU), 375.691 us, 6117696 bytes | copy: 108 GB/s, 112.788 us
Elastic buffer uses 4 channels per SM
Elastic buffer uses 4 channels per SM
Elastic buffer uses 4 channels per SM
Elastic buffer uses 4 channels per SM
Elastic buffer uses 4 channels per SM
Elastic buffer uses 4 channels per SM
Elastic buffer uses 4 channels per SM
Elastic buffer uses 4 channels per SM
CPU side received count (scaleup: 6): -99 -115 -91 -114 -99 -97 -105 -111 # -129 -129 -129 -129 -129 -129 -129 -129 -129 -129 -1CPU side received count (scaleup: 0): -103 -115 -100 -99 -95 -94 -93 -88 # -129 -129 -129 -129 -129 -129 -129 -129 -129 -129 -12CPU side received count (scaleup: 7): -117 -106 -99 -100 -99 -104 -95 -90 # -129 -129 -129 -129 -129 -129 -129 -129 -129 -129 -1CPU side received count (scaleup: 4): -103 -111 -100 -114 -99 -97 -94 -107 # -129 -129 -129 -129 -129 -129 -129 -129 -129 -129 -CPU side received count (scaleup: 1): -98 -100 -92 -98 -93 -112 -91 -95 # -129 -129 -129 -129 -129 -129 -129 -129 -129 -129 -129CPU side received count (scaleup: 3): -95 -99 -93 -90 -90 -92 -100 -110 # -129 -129 -129 -129 -129 -129 -129 -129 -129 -129 -129CPU side received count (scaleup: 2): -113 -110 -119 -102 -106 -98 -113 -90 # -129 -129 -129 -129 -129 -129 -129 -129 -129 -129 9 -129 -129 -129 -129 -129 
29 -129 -129 -129 -129 -129 
 -129 -129 -129 -129 -129 
 -129 -129 -129 -129 -129 
-129 -129 -129 -129 -129 -129 
CPU side received count (scaleup: 5): -109 -96 -110 -97 -79 -88 -101 -93 # -129 -129 -129 -129 -129 -129 -129 -129 -129 -129 -1229 -129 -129 -129 -129 -129 
129 -129 -129 -129 -129 -129 
9 -129 -129 -129 -129 -129 
Elastic buffer uses 4 channels per SM
Elastic buffer uses 4 channels per SM
Elastic buffer uses 4 channels per SM
Elastic buffer uses 4 channels per SM
Elastic buffer uses 4 channels per SM
Elastic buffer uses 4 channels per SM
Elastic buffer uses 4 channels per SM
Elastic buffer uses 4 channels per SM
CPU side received count (scaleup: 2): -113 -110 -119 -102 -106 -98 -113 -90 # -129 -129 -129 -129 -129 -129 -129 -129 -129 -129 CPU side received count (scaleup: 7): -117 -106 -99 -100 -99 -104 -95 -90 # -129 -129 -129 -129 -129 -129 -129 -129 -129 -129 -1CPU side received count (scaleup: 5): -109 -96 -110 -97 -79 -88 -101 -93 # -129 -129 -129 -129 -129 -129 -129 -129 -129 -129 -12-129 -129 -129 -129 -129 -129 
CPU side received count (scaleup: 1): -98 -100 -92 -98 -93 -112 -91 -95 # -129 -129 -129 -129 -129 -129 -129 -129 -129 -129 -129CPU side received count (scaleup: 4): -103 -111 -100 -114 -99 -97 -94 -107 # -129 -129 -129 -129 -129 -129 -129 -129 -129 -129 -CPU side received count (scaleup: 6): -99 -115 -91 -114 -99 -97 -105 -111 # -129 -129 -129 -129 -129 -129 -129 -129 -129 -129 -19 -129 -129 -129 -129 -129 
CPU side received count (scaleup: 0): -103 -115 -100 -99 -95 -94 -93 -88 # -129 -129 -129 -129 -129 -129 -129 -129 -129 -129 -12CPU side received count (scaleup: 3): -95 -99 -93 -90 -90 -92 -100 -110 # -129 -129 -129 -129 -129 -129 -129 -129 -129 -129 -12929 -129 -129 -129 -129 -129 
 -129 -129 -129 -129 -129 
9 -129 -129 -129 -129 -129 
 -129 -129 -129 -129 -129 
129 -129 -129 -129 -129 -129 
29 -129 -129 -129 -129 -129 
Elastic buffer uses 4 channels per SM
Elastic buffer uses 4 channels per SM
Elastic buffer uses 4 channels per SM
Elastic buffer uses 4 channels per SM
Elastic buffer uses 4 channels per SM
Elastic buffer uses 4 channels per SM
Elastic buffer uses 4 channels per SM
Elastic buffer uses 4 channels per SM
CPU side received count (scaleup: 0): -103 -115 -100 -99 -95 -94 -93 -88 # -129 -129 -129 -129 -129 -129 -129 -129 -129 -129 -12CPU side received count (scaleup: 6): -99 -115 -91 -114 -99 -97 -105 -111 # -129 -129 -129 -129 -129 -129 -129 -129 -129 -129 -1CPU side received count (scaleup: 3): -95 -99 -93 -90 -90 -92 -100 -110 # -129 -129 -129 -129 -129 -129 -129 -129 -129 -129 -129CPU side received count (scaleup: 4): -103 -111 -100 -114 -99 -97 -94 -107 # -129 -129 -129 -129 -129 -129 -129 -129 -129 -129 -CPU side received count (scaleup: 7): -117 -106 -99 -100 -99 -104 -95 -90 # -129 -129 -129 -129 -129 -129 -129 -129 -129 -129 -19 -129 -129 -129 -129 -129 
 -129 -129 -129 -129 -129 
29 -129 -129 -129 -129 -129 
CPU side received count (scaleup: 1): -98 -100 -92 -98 -93 -112 -91 -95 # -129 -129 -129 -129 -129 -129 -129 -129 -129 -129 -12929 -129 -129 -129 -129 -129 
CPU side received count (scaleup: 5): -109 -96 -110 -97 -79 -88 -101 -93 # -129 -129 -129 -129 -129 -129 -129 -129 -129 -129 -12CPU side received count (scaleup: 2): -113 -110 -119 -102 -106 -98 -113 -90 # -129 -129 -129 -129 -129 -129 -129 -129 -129 -129  -129 -129 -129 -129 -129 
129 -129 -129 -129 -129 -129 
9 -129 -129 -129 -129 -129 
-129 -129 -129 -129 -129 -129 
Elastic buffer uses 4 channels per SM
Elastic buffer uses 4 channels per SM
Elastic buffer uses 4 channels per SM
Elastic buffer uses 4 channels per SM
Elastic buffer uses 4 channels per SM
Elastic buffer uses 4 channels per SM
Elastic buffer uses 4 channels per SM
Elastic buffer uses 4 channels per SM
CPU side received count (scaleup: 5): -109 -96 -110 -97 -79 -88 -101 -93 # -129 -129 -129 -129 -129 -129 -129 -129 -129 -129 -12CPU side received count (scaleup: 3): -95 -99 -93 -90 -90 -92 -100 -110 # -129 -129 -129 -129 -129 -129 -129 -129 -129 -129 -129CPU side received count (scaleup: 6): -99 -115 -91 -114 -99 -97 -105 -111 # -129 -129 -129 -129 -129 -129 -129 -129 -129 -129 -1CPU side received count (scaleup: 0): -103 -115 -100 -99 -95 -94 -93 -88 # -129 -129 -129 -129 -129 -129 -129 -129 -129 -129 -12CPU side received count (scaleup: 1): -98 -100 -92 -98 -93 -112 -91 -95 # -129 -129 -129 -129 -129 -129 -129 -129 -129 -129 -129CPU side received count (scaleup: 7): -117 -106 -99 -100 -99 -104 -95 -90 # -129 -129 -129 -129 -129 -129 -129 -129 -129 -129 -1CPU side received count (scaleup: 4): -103 -111 -100 -114 -99 -97 -94 -107 # -129 -129 -129 -129 -129 -129 -129 -129 -129 -129 -29 -129 -129 -129 -129 -129 
CPU side received count (scaleup: 2): -113 -110 -119 -102 -106 -98 -113 -90 # -129 -129 -129 -129 -129 -129 -129 -129 -129 -129  -129 -129 -129 -129 -129 
129 -129 -129 -129 -129 -129 
29 -129 -129 -129 -129 -129 
9 -129 -129 -129 -129 -129 
 -129 -129 -129 -129 -129 
9 -129 -129 -129 -129 -129 
-129 -129 -129 -129 -129 -129 
Elastic buffer uses 4 channels per SM
Elastic buffer uses 4 channels per SM
Elastic buffer uses 4 channels per SM
Elastic buffer uses 4 channels per SM
Elastic buffer uses 4 channels per SM
Elastic buffer uses 4 channels per SM
Elastic buffer uses 4 channels per SM
Elastic buffer uses 4 channels per SM
CPU side received count (scaleup: 4): -103 -111 -100 -114 -99 -97 -94 -107 # -129 -129 -129 -129 -129 -129 -129 -129 -129 -129 -CPU side received count (scaleup: 1): -98 -100 -92 -98 -93 -112 -91 -95 # -129 -129 -129 -129 -129 -129 -129 -129 -129 -129 -129CPU side received count (scaleup: 0): -103 -115 -100 -99 -95 -94 -93 -88 # -129 -129 -129 -129 -129 -129 -129 -129 -129 -129 -12CPU side received count (scaleup: 7): -117 -106 -99 -100 -99 -104 -95 -90 # -129 -129 -129 -129 -129 -129 -129 -129 -129 -129 -1129 -129 -129 -129 -129 -129 
 -129 -129 -129 -129 -129 
9 -129 -129 -129 -129 -129 
CPU side received count (scaleup: 6): -99 -115 -91 -114 -99 -97 -105 -111 # -129 -129 -129 -129 -129 -129 -129 -129 -129 -129 -129 -129 -129 -129 -129 -129 
CPU side received count (scaleup: 2): -113 -110 -119 -102 -106 -98 -113 -90 # -129 -129 -129 -129 -129 -129 -129 -129 -129 -129 CPU side received count (scaleup: 5): -109 -96 -110 -97 -79 -88 -101 -93 # -129 -129 -129 -129 -129 -129 -129 -129 -129 -129 -12CPU side received count (scaleup: 3): -95 -99 -93 -90 -90 -92 -100 -110 # -129 -129 -129 -129 -129 -129 -129 -129 -129 -129 -12929 -129 -129 -129 -129 -129 
9 -129 -129 -129 -129 -129 
-129 -129 -129 -129 -129 -129 
 -129 -129 -129 -129 -129 
Elastic buffer uses 4 channels per SM
Elastic buffer uses 4 channels per SM
Elastic buffer uses 4 channels per SM
Elastic buffer uses 4 channels per SM
Elastic buffer uses 4 channels per SM
Elastic buffer uses 4 channels per SM
Elastic buffer uses 4 channels per SM
Elastic buffer uses 4 channels per SM
CPU side received count (scaleup: 6): -99 -115 -91 -114 -99 -97 -105 -111 # -129 -129 -129 -129 -129 -129 -129 -129 -129 -129 -1CPU side received count (scaleup: 2): -113 -110 -119 -102 -106 -98 -113 -90 # -129 -129 -129 -129 -129 -129 -129 -129 -129 -129 CPU side received count (scaleup: 7): -117 -106 -99 -100 -99 -104 -95 -90 # -129 -129 -129 -129 -129 -129 -129 -129 -129 -129 -129 -129 -129 -129 -129 -129 
CPU side received count (scaleup: 5): -109 -96 -110 -97 -79 -88 -101 -93 # -129 -129 -129 -129 -129 -129 -129 -129 -129 -129 -12CPU side received count (scaleup: 4): -103 -111 -100 -114 -99 -97 -94 -107 # -129 -129 -129 -129 -129 -129 -129 -129 -129 -129 -CPU side received count (scaleup: 0): -103 -115 -100 -99 -95 -94 -93 -88 # -129 -129 -129 -129 -129 -129 -129 -129 -129 -129 -12CPU side received count (scaleup: 1): -98 -100 -92 -98 -93 -112 -91 -95 # -129 -129 -129 -129 -129 -129 -129 -129 -129 -129 -129CPU side received count (scaleup: 3): -95 -99 -93 -90 -90 -92 -100 -110 # -129 -129 -129 -129 -129 -129 -129 -129 -129 -129 -1299 -129 -129 -129 -129 -129 
-129 -129 -129 -129 -129 -129 
29 -129 -129 -129 -129 -129 
9 -129 -129 -129 -129 -129 
129 -129 -129 -129 -129 -129 
 -129 -129 -129 -129 -129 
 -129 -129 -129 -129 -129 
Elastic buffer uses 4 channels per SM
Elastic buffer uses 4 channels per SM
Elastic buffer uses 4 channels per SM
Elastic buffer uses 4 channels per SM
Elastic buffer uses 4 channels per SM
Elastic buffer uses 4 channels per SM
Elastic buffer uses 4 channels per SM
Elastic buffer uses 4 channels per SM
CPU side received count (scaleup: 4): -103 -111 -100 -114 -99 -97 -94 -107 # -129 -129 -129 -129 -129 -129 -129 -129 -129 -129 -CPU side received count (scaleup: 1): -98 -100 -92 -98 -93 -112 -91 -95 # -129 -129 -129 -129 -129 -129 -129 -129 -129 -129 -129CPU side received count (scaleup: 6): -99 -115 -91 -114 -99 -97 -105 -111 # -129 -129 -129 -129 -129 -129 -129 -129 -129 -129 -1CPU side received count (scaleup: 7): -117 -106 -99 -100 -99 -104 -95 -90 # -129 -129 -129 -129 -129 -129 -129 -129 -129 -129 -1CPU side received count (scaleup: 5): -109 -96 -110 -97 -79 -88 -101 -93 # -129 -129 -129 -129 -129 -129 -129 -129 -129 -129 -1229 -129 -129 -129 -129 -129 
CPU side received count (scaleup: 0): -103 -115 -100 -99 -95 -94 -93 -88 # -129 -129 -129 -129 -129 -129 -129 -129 -129 -129 -12CPU side received count (scaleup: 2): -113 -110 -119 -102 -106 -98 -113 -90 # -129 -129 -129 -129 -129 -129 -129 -129 -129 -129 CPU side received count (scaleup: 3): -95 -99 -93 -90 -90 -92 -100 -110 # -129 -129 -129 -129 -129 -129 -129 -129 -129 -129 -129129 -129 -129 -129 -129 -129 
 -129 -129 -129 -129 -129 
29 -129 -129 -129 -129 -129 
9 -129 -129 -129 -129 -129 
9 -129 -129 -129 -129 -129 
-129 -129 -129 -129 -129 -129 
 -129 -129 -129 -129 -129 
Elastic buffer uses 4 channels per SM
Elastic buffer uses 4 channels per SM
Elastic buffer uses 4 channels per SM
Elastic buffer uses 4 channels per SM
Elastic buffer uses 4 channels per SM
Elastic buffer uses 4 channels per SM
Elastic buffer uses 4 channels per SM
Elastic buffer uses 4 channels per SM
CPU side received count (scaleup: 0): -103 -115 -100 -99 -95 -94 -93 -88 # -129 -129 -129 -129 -129 -129 -129 -129 -129 -129 -12CPU side received count (scaleup: 2): -113 -110 -119 -102 -106 -98 -113 -90 # -129 -129 -129 -129 -129 -129 -129 -129 -129 -129 CPU side received count (scaleup: 6): -99 -115 -91 -114 -99 -97 -105 -111 # -129 -129 -129 -129 -129 -129 -129 -129 -129 -129 -1CPU side received count (scaleup: 7): -117 -106 -99 -100 -99 -104 -95 -90 # -129 -129 -129 -129 -129 -129 -129 -129 -129 -129 -1CPU side received count (scaleup: 5): -109 -96 -110 -97 -79 -88 -101 -93 # -129 -129 -129 -129 -129 -129 -129 -129 -129 -129 -12-129 -129 -129 -129 -129 -129 
CPU side received count (scaleup: 4): -103 -111 -100 -114 -99 -97 -94 -107 # -129 -129 -129 -129 -129 -129 -129 -129 -129 -129 -CPU side received count (scaleup: 1): -98 -100 -92 -98 -93 -112 -91 -95 # -129 -129 -129 -129 -129 -129 -129 -129 -129 -129 -12929 -129 -129 -129 -129 -129 
CPU side received count (scaleup: 3): -95 -99 -93 -90 -90 -92 -100 -110 # -129 -129 -129 -129 -129 -129 -129 -129 -129 -129 -1299 -129 -129 -129 -129 -129 
29 -129 -129 -129 -129 -129 
9 -129 -129 -129 -129 -129 
129 -129 -129 -129 -129 -129 
 -129 -129 -129 -129 -129 
 -129 -129 -129 -129 -129 
Elastic buffer uses 4 channels per SM
Elastic buffer uses 4 channels per SM
Elastic buffer uses 4 channels per SM
Elastic buffer uses 4 channels per SM
Elastic buffer uses 4 channels per SM
Elastic buffer uses 4 channels per SM
Elastic buffer uses 4 channels per SM
Elastic buffer uses 4 channels per SM
CPU side received count (scaleup: 4): -103 -111 -100 -114 -99 -97 -94 -107 # -129 -129 -129 -129 -129 -129 -129 -129 -129 -129 -CPU side received count (scaleup: 7): -117 -106 -99 -100 -99 -104 -95 -90 # -129 -129 -129 -129 -129 -129 -129 -129 -129 -129 -1CPU side received count (scaleup: 3): -95 -99 -93 -90 -90 -92 -100 -110 # -129 -129 -129 -129 -129 -129 -129 -129 -129 -129 -129CPU side received count (scaleup: 0): -103 -115 -100 -99 -95 -94 -93 -88 # -129 -129 -129 -129 -129 -129 -129 -129 -129 -129 -12CPU side received count (scaleup: 1): -98 -100 -92 -98 -93 -112 -91 -95 # -129 -129 -129 -129 -129 -129 -129 -129 -129 -129 -129CPU side received count (scaleup: 2): -113 -110 -119 -102 -106 -98 -113 -90 # -129 -129 -129 -129 -129 -129 -129 -129 -129 -129 CPU side received count (scaleup: 5): -109 -96 -110 -97 -79 -88 -101 -93 # -129 -129 -129 -129 -129 -129 -129 -129 -129 -129 -12CPU side received count (scaleup: 6): -99 -115 -91 -114 -99 -97 -105 -111 # -129 -129 -129 -129 -129 -129 -129 -129 -129 -129 -19 -129 -129 -129 -129 -129 
129 -129 -129 -129 -129 -129 
29 -129 -129 -129 -129 -129 
 -129 -129 -129 -129 -129 
 -129 -129 -129 -129 -129 
9 -129 -129 -129 -129 -129 
-129 -129 -129 -129 -129 -129 
29 -129 -129 -129 -129 -129 
Elastic buffer uses 4 channels per SM
Elastic buffer uses 4 channels per SM
Elastic buffer uses 4 channels per SM
Elastic buffer uses 4 channels per SM
Elastic buffer uses 4 channels per SM
Elastic buffer uses 4 channels per SM
Elastic buffer uses 4 channels per SM
Elastic buffer uses 4 channels per SM
CPU side received count (scaleup: 4): -103 -111 -100 -114 -99 -97 -94 -107 # -129 -129 -129 -129 -129 -129 -129 -129 -129 -129 -CPU side received count (scaleup: 7): -117 -106 -99 -100 -99 -104 -95 -90 # -129 -129 -129 -129 -129 -129 -129 -129 -129 -129 -1CPU side received count (scaleup: 1): -98 -100 -92 -98 -93 -112 -91 -95 # -129 -129 -129 -129 -129 -129 -129 -129 -129 -129 -129CPU side received count (scaleup: 6): -99 -115 -91 -114 -99 -97 -105 -111 # -129 -129 -129 -129 -129 -129 -129 -129 -129 -129 -1CPU side received count (scaleup: 2): -113 -110 -119 -102 -106 -98 -113 -90 # -129 -129 -129 -129 -129 -129 -129 -129 -129 -129 29 -129 -129 -129 -129 -129 
CPU side received count (scaleup: 0): -103 -115 -100 -99 -95 -94 -93 -88 # -129 -129 -129 -129 -129 -129 -129 -129 -129 -129 -12CPU side received count (scaleup: 3): -95 -99 -93 -90 -90 -92 -100 -110 # -129 -129 -129 -129 -129 -129 -129 -129 -129 -129 -129CPU side received count (scaleup: 5): -109 -96 -110 -97 -79 -88 -101 -93 # -129 -129 -129 -129 -129 -129 -129 -129 -129 -129 -12129 -129 -129 -129 -129 -129 
29 -129 -129 -129 -129 -129 
 -129 -129 -129 -129 -129 
-129 -129 -129 -129 -129 -129 
9 -129 -129 -129 -129 -129 
 -129 -129 -129 -129 -129 
9 -129 -129 -129 -129 -129 
Elastic buffer uses 4 channels per SM
Elastic buffer uses 4 channels per SM
Elastic buffer uses 4 channels per SM
Elastic buffer uses 4 channels per SM
Elastic buffer uses 4 channels per SM
Elastic buffer uses 4 channels per SM
Elastic buffer uses 4 channels per SM
Elastic buffer uses 4 channels per SM
CPU side received count (scaleup: 0): -103 -115 -100 -99 -95 -94 -93 -88 # -129 -129 -129 -129 -129 -129 -129 -129 -129 -129 -12CPU side received count (scaleup: 2): -113 -110 -119 -102 -106 -98 -113 -90 # -129 -129 -129 -129 -129 -129 -129 -129 -129 -129 CPU side received count (scaleup: 4): -103 -111 -100 -114 -99 -97 -94 -107 # -129 -129 -129 -129 -129 -129 -129 -129 -129 -129 -CPU side received count (scaleup: 1): -98 -100 -92 -98 -93 -112 -91 -95 # -129 -129 -129 -129 -129 -129 -129 -129 -129 -129 -129CPU side received count (scaleup: 5): -109 -96 -110 -97 -79 -88 -101 -93 # -129 -129 -129 -129 -129 -129 -129 -129 -129 -129 -12CPU side received count (scaleup: 6): -99 -115 -91 -114 -99 -97 -105 -111 # -129 -129 -129 -129 -129 -129 -129 -129 -129 -129 -1-129 -129 -129 -129 -129 -129 
CPU side received count (scaleup: 7): -117 -106 -99 -100 -99 -104 -95 -90 # -129 -129 -129 -129 -129 -129 -129 -129 -129 -129 -1 -129 -129 -129 -129 -129 
CPU side received count (scaleup: 3): -95 -99 -93 -90 -90 -92 -100 -110 # -129 -129 -129 -129 -129 -129 -129 -129 -129 -129 -1299 -129 -129 -129 -129 -129 
129 -129 -129 -129 -129 -129 
9 -129 -129 -129 -129 -129 
29 -129 -129 -129 -129 -129 
29 -129 -129 -129 -129 -129 
 -129 -129 -129 -129 -129 
Elastic buffer uses 4 channels per SM
Elastic buffer uses 4 channels per SM
Elastic buffer uses 4 channels per SM
Elastic buffer uses 4 channels per SM
Elastic buffer uses 4 channels per SM
Elastic buffer uses 4 channels per SM
Elastic buffer uses 4 channels per SM
Elastic buffer uses 4 channels per SM
CPU side received count (scaleup: 4): -103 -111 -100 -114 -99 -97 -94 -107 # -129 -129 -129 -129 -129 -129 -129 -129 -129 -129 -CPU side received count (scaleup: 2): -113 -110 -119 -102 -106 -98 -113 -90 # -129 -129 -129 -129 -129 -129 -129 -129 -129 -129 CPU side received count (scaleup: 5): -109 -96 -110 -97 -79 -88 -101 -93 # -129 -129 -129 -129 -129 -129 -129 -129 -129 -129 -12CPU side received count (scaleup: 0): -103 -115 -100 -99 -95 -94 -93 -88 # -129 -129 -129 -129 -129 -129 -129 -129 -129 -129 -12CPU side received count (scaleup: 6): -99 -115 -91 -114 -99 -97 -105 -111 # -129 -129 -129 -129 -129 -129 -129 -129 -129 -129 -1CPU side received count (scaleup: 1): -98 -100 -92 -98 -93 -112 -91 -95 # -129 -129 -129 -129 -129 -129 -129 -129 -129 -129 -129CPU side received count (scaleup: 7): -117 -106 -99 -100 -99 -104 -95 -90 # -129 -129 -129 -129 -129 -129 -129 -129 -129 -129 -1CPU side received count (scaleup: 3): -95 -99 -93 -90 -90 -92 -100 -110 # -129 -129 -129 -129 -129 -129 -129 -129 -129 -129 -1299 -129 -129 -129 -129 -129 
9 -129 -129 -129 -129 -129 
29 -129 -129 -129 -129 -129 
 -129 -129 -129 -129 -129 
129 -129 -129 -129 -129 -129 
-129 -129 -129 -129 -129 -129 
29 -129 -129 -129 -129 -129 
 -129 -129 -129 -129 -129 
Elastic buffer uses 4 channels per SM
Elastic buffer uses 4 channels per SM
Elastic buffer uses 4 channels per SM
Elastic buffer uses 4 channels per SM
Elastic buffer uses 4 channels per SM
Elastic buffer uses 4 channels per SM
Elastic buffer uses 4 channels per SM
Elastic buffer uses 4 channels per SM
CPU side received count (scaleup: 4): -103 -111 -100 -114 -99 -97 -94 -107 # -129 -129 -129 -129 -129 -129 -129 -129 -129 -129 -CPU side received count (scaleup: 6): -99 -115 -91 -114 -99 -97 -105 -111 # -129 -129 -129 -129 -129 -129 -129 -129 -129 -129 -1CPU side received count (scaleup: 7): -117 -106 -99 -100 -99 -104 -95 -90 # -129 -129 -129 -129 -129 -129 -129 -129 -129 -129 -1CPU side received count (scaleup: 2): -113 -110 -119 -102 -106 -98 -113 -90 # -129 -129 -129 -129 -129 -129 -129 -129 -129 -129 29 -129 -129 -129 -129 -129 
CPU side received count (scaleup: 5): -109 -96 -110 -97 -79 -88 -101 -93 # -129 -129 -129 -129 -129 -129 -129 -129 -129 -129 -12CPU side received count (scaleup: 0): -103 -115 -100 -99 -95 -94 -93 -88 # -129 -129 -129 -129 -129 -129 -129 -129 -129 -129 -12-129 -129 -129 -129 -129 -129 
CPU side received count (scaleup: 3): -95 -99 -93 -90 -90 -92 -100 -110 # -129 -129 -129 -129 -129 -129 -129 -129 -129 -129 -129CPU side received count (scaleup: 1): -98 -100 -92 -98 -93 -112 -91 -95 # -129 -129 -129 -129 -129 -129 -129 -129 -129 -129 -129129 -129 -129 -129 -129 -129 
29 -129 -129 -129 -129 -129 
9 -129 -129 -129 -129 -129 
 -129 -129 -129 -129 -129 
9 -129 -129 -129 -129 -129 
 -129 -129 -129 -129 -129 
Elastic buffer uses 4 channels per SM
Elastic buffer uses 4 channels per SM
Elastic buffer uses 4 channels per SM
Elastic buffer uses 4 channels per SM
Elastic buffer uses 4 channels per SM
Elastic buffer uses 4 channels per SM
Elastic buffer uses 4 channels per SM
Elastic buffer uses 4 channels per SM
CPU side received count (scaleup: 6): -99 -115 -91 -114 -99 -97 -105 -111 # -129 -129 -129 -129 -129 -129 -129 -129 -129 -129 -1CPU side received count (scaleup: 3): -95 -99 -93 -90 -90 -92 -100 -110 # -129 -129 -129 -129 -129 -129 -129 -129 -129 -129 -129CPU side received count (scaleup: 1): -98 -100 -92 -98 -93 -112 -91 -95 # -129 -129 -129 -129 -129 -129 -129 -129 -129 -129 -129CPU side received count (scaleup: 5): -109 -96 -110 -97 -79 -88 -101 -93 # -129 -129 -129 -129 -129 -129 -129 -129 -129 -129 -12CPU side received count (scaleup: 4): -103 -111 -100 -114 -99 -97 -94 -107 # -129 -129 -129 -129 -129 -129 -129 -129 -129 -129 -CPU side received count (scaleup: 7): -117 -106 -99 -100 -99 -104 -95 -90 # -129 -129 -129 -129 -129 -129 -129 -129 -129 -129 -1CPU side received count (scaleup: 0): -103 -115 -100 -99 -95 -94 -93 -88 # -129 -129 -129 -129 -129 -129 -129 -129 -129 -129 -12CPU side received count (scaleup: 2): -113 -110 -119 -102 -106 -98 -113 -90 # -129 -129 -129 -129 -129 -129 -129 -129 -129 -129 29 -129 -129 -129 -129 -129 
 -129 -129 -129 -129 -129 
9 -129 -129 -129 -129 -129 
129 -129 -129 -129 -129 -129 
 -129 -129 -129 -129 -129 
9 -129 -129 -129 -129 -129 
29 -129 -129 -129 -129 -129 
-129 -129 -129 -129 -129 -129 
Elastic buffer uses 4 channels per SM
Elastic buffer uses 4 channels per SM
Elastic buffer uses 4 channels per SM
Elastic buffer uses 4 channels per SM
Elastic buffer uses 4 channels per SM
Elastic buffer uses 4 channels per SM
Elastic buffer uses 4 channels per SM
Elastic buffer uses 4 channels per SM
CPU side received count (scaleup: 0): -103 -115 -100 -99 -95 -94 -93 -88 # -129 -129 -129 -129 -129 -129 -129 -129 -129 -129 -12CPU side received count (scaleup: 2): -113 -110 -119 -102 -106 -98 -113 -90 # -129 -129 -129 -129 -129 -129 -129 -129 -129 -129 CPU side received count (scaleup: 4): -103 -111 -100 -114 -99 -97 -94 -107 # -129 -129 -129 -129 -129 -129 -129 -129 -129 -129 -CPU side received count (scaleup: 3): -95 -99 -93 -90 -90 -92 -100 -110 # -129 -129 -129 -129 -129 -129 -129 -129 -129 -129 -129CPU side received count (scaleup: 5): -109 -96 -110 -97 -79 -88 -101 -93 # -129 -129 -129 -129 -129 -129 -129 -129 -129 -129 -12CPU side received count (scaleup: 7): -117 -106 -99 -100 -99 -104 -95 -90 # -129 -129 -129 -129 -129 -129 -129 -129 -129 -129 -1129 -129 -129 -129 -129 -129 
9 -129 -129 -129 -129 -129 
29 -129 -129 -129 -129 -129 
CPU side received count (scaleup: 6): -99 -115 -91 -114 -99 -97 -105 -111 # -129 -129 -129 -129 -129 -129 -129 -129 -129 -129 -1CPU side received count (scaleup: 1): -98 -100 -92 -98 -93 -112 -91 -95 # -129 -129 -129 -129 -129 -129 -129 -129 -129 -129 -12929 -129 -129 -129 -129 -129 
 -129 -129 -129 -129 -129 
-129 -129 -129 -129 -129 -129 
9 -129 -129 -129 -129 -129 
 -129 -129 -129 -129 -129 
Elastic buffer uses 4 channels per SM
Elastic buffer uses 4 channels per SM
Elastic buffer uses 4 channels per SM
Elastic buffer uses 4 channels per SM
Elastic buffer uses 4 channels per SM
Elastic buffer uses 4 channels per SM
Elastic buffer uses 4 channels per SM
Elastic buffer uses 4 channels per SM
CPU side received count (scaleup: 4): -103 -111 -100 -114 -99 -97 -94 -107 # -129 -129 -129 -129 -129 -129 -129 -129 -129 -129 -CPU side received count (scaleup: 3): -95 -99 -93 -90 -90 -92 -100 -110 # -129 -129 -129 -129 -129 -129 -129 -129 -129 -129 -129CPU side received count (scaleup: 0): -103 -115 -100 -99 -95 -94 -93 -88 # -129 -129 -129 -129 -129 -129 -129 -129 -129 -129 -12CPU side received count (scaleup: 2): -113 -110 -119 -102 -106 -98 -113 -90 # -129 -129 -129 -129 -129 -129 -129 -129 -129 -129 CPU side received count (scaleup: 5): -109 -96 -110 -97 -79 -88 -101 -93 # -129 -129 -129 -129 -129 -129 -129 -129 -129 -129 -12CPU side received count (scaleup: 7): -117 -106 -99 -100 -99 -104 -95 -90 # -129 -129 -129 -129 -129 -129 -129 -129 -129 -129 -1 -129 -129 -129 -129 -129 
CPU side received count (scaleup: 6): -99 -115 -91 -114 -99 -97 -105 -111 # -129 -129 -129 -129 -129 -129 -129 -129 -129 -129 -1CPU side received count (scaleup: 1): -98 -100 -92 -98 -93 -112 -91 -95 # -129 -129 -129 -129 -129 -129 -129 -129 -129 -129 -129-129 -129 -129 -129 -129 -129 
129 -129 -129 -129 -129 -129 
9 -129 -129 -129 -129 -129 
29 -129 -129 -129 -129 -129 
9 -129 -129 -129 -129 -129 
 -129 -129 -129 -129 -129 
29 -129 -129 -129 -129 -129 
Elastic buffer uses 4 channels per SM
Elastic buffer uses 4 channels per SM
Elastic buffer uses 4 channels per SM
Elastic buffer uses 4 channels per SM
Elastic buffer uses 4 channels per SM
Elastic buffer uses 4 channels per SM
Elastic buffer uses 4 channels per SM
Elastic buffer uses 4 channels per SM
CPU side received count (scaleup: 2): -113 -110 -119 -102 -106 -98 -113 -90 # -129 -129 -129 -129 -129 -129 -129 -129 -129 -129 CPU side received count (scaleup: 0): -103 -115 -100 -99 -95 -94 -93 -88 # -129 -129 -129 -129 -129 -129 -129 -129 -129 -129 -12CPU side received count (scaleup: 6): -99 -115 -91 -114 -99 -97 -105 -111 # -129 -129 -129 -129 -129 -129 -129 -129 -129 -129 -1CPU side received count (scaleup: 3): -95 -99 -93 -90 -90 -92 -100 -110 # -129 -129 -129 -129 -129 -129 -129 -129 -129 -129 -129CPU side received count (scaleup: 4): -103 -111 -100 -114 -99 -97 -94 -107 # -129 -129 -129 -129 -129 -129 -129 -129 -129 -129 -CPU side received count (scaleup: 5): -109 -96 -110 -97 -79 -88 -101 -93 # -129 -129 -129 -129 -129 -129 -129 -129 -129 -129 -129 -129 -129 -129 -129 -129 
CPU side received count (scaleup: 7): -117 -106 -99 -100 -99 -104 -95 -90 # -129 -129 -129 -129 -129 -129 -129 -129 -129 -129 -1CPU side received count (scaleup: 1): -98 -100 -92 -98 -93 -112 -91 -95 # -129 -129 -129 -129 -129 -129 -129 -129 -129 -129 -129129 -129 -129 -129 -129 -129 
-129 -129 -129 -129 -129 -129 
29 -129 -129 -129 -129 -129 
29 -129 -129 -129 -129 -129 
 -129 -129 -129 -129 -129 
 -129 -129 -129 -129 -129 
9 -129 -129 -129 -129 -129 
Elastic buffer uses 4 channels per SM
Elastic buffer uses 4 channels per SM
Elastic buffer uses 4 channels per SM
Elastic buffer uses 4 channels per SM
Elastic buffer uses 4 channels per SM
Elastic buffer uses 4 channels per SM
Elastic buffer uses 4 channels per SM
Elastic buffer uses 4 channels per SM
CPU side received count (scaleup: 0): -103 -115 -100 -99 -95 -94 -93 -88 # -129 -129 -129 -129 -129 -129 -129 -129 -129 -129 -12CPU side received count (scaleup: 6): -99 -115 -91 -114 -99 -97 -105 -111 # -129 -129 -129 -129 -129 -129 -129 -129 -129 -129 -1CPU side received count (scaleup: 2): -113 -110 -119 -102 -106 -98 -113 -90 # -129 -129 -129 -129 -129 -129 -129 -129 -129 -129 CPU side received count (scaleup: 5): -109 -96 -110 -97 -79 -88 -101 -93 # -129 -129 -129 -129 -129 -129 -129 -129 -129 -129 -12-129 -129 -129 -129 -129 -129 
CPU side received count (scaleup: 1): -98 -100 -92 -98 -93 -112 -91 -95 # -129 -129 -129 -129 -129 -129 -129 -129 -129 -129 -1299 -129 -129 -129 -129 -129 
CPU side received count (scaleup: 4): -103 -111 -100 -114 -99 -97 -94 -107 # -129 -129 -129 -129 -129 -129 -129 -129 -129 -129 -9 -129 -129 -129 -129 -129 
CPU side received count (scaleup: 7): -117 -106 -99 -100 -99 -104 -95 -90 # -129 -129 -129 -129 -129 -129 -129 -129 -129 -129 -1CPU side received count (scaleup: 3): -95 -99 -93 -90 -90 -92 -100 -110 # -129 -129 -129 -129 -129 -129 -129 -129 -129 -129 -12929 -129 -129 -129 -129 -129 
 -129 -129 -129 -129 -129 
129 -129 -129 -129 -129 -129 
29 -129 -129 -129 -129 -129 
 -129 -129 -129 -129 -129 
Elastic buffer uses 4 channels per SM
Elastic buffer uses 4 channels per SM
Elastic buffer uses 4 channels per SM
Elastic buffer uses 4 channels per SM
Elastic buffer uses 4 channels per SM
Elastic buffer uses 4 channels per SM
Elastic buffer uses 4 channels per SM
Elastic buffer uses 4 channels per SM
CPU side received count (scaleup: 4): -103 -111 -100 -114 -99 -97 -94 -107 # -129 -129 -129 -129 -129 -129 -129 -129 -129 -129 -CPU side received count (scaleup: 0): -103 -115 -100 -99 -95 -94 -93 -88 # -129 -129 -129 -129 -129 -129 -129 -129 -129 -129 -12CPU side received count (scaleup: 7): -117 -106 -99 -100 -99 -104 -95 -90 # -129 -129 -129 -129 -129 -129 -129 -129 -129 -129 -1CPU side received count (scaleup: 2): -113 -110 -119 -102 -106 -98 -113 -90 # -129 -129 -129 -129 -129 -129 -129 -129 -129 -129 CPU side received count (scaleup: 3): -95 -99 -93 -90 -90 -92 -100 -110 # -129 -129 -129 -129 -129 -129 -129 -129 -129 -129 -1299 -129 -129 -129 -129 -129 
CPU side received count (scaleup: 5): -109 -96 -110 -97 -79 -88 -101 -93 # -129 -129 -129 -129 -129 -129 -129 -129 -129 -129 -12 -129 -129 -129 -129 -129 
CPU side received count (scaleup: 6): -99 -115 -91 -114 -99 -97 -105 -111 # -129 -129 -129 -129 -129 -129 -129 -129 -129 -129 -1CPU side received count (scaleup: 1): -98 -100 -92 -98 -93 -112 -91 -95 # -129 -129 -129 -129 -129 -129 -129 -129 -129 -129 -129129 -129 -129 -129 -129 -129 
 -129 -129 -129 -129 -129 
29 -129 -129 -129 -129 -129 
-129 -129 -129 -129 -129 -129 
9 -129 -129 -129 -129 -129 
29 -129 -129 -129 -129 -129 
Elastic buffer uses 4 channels per SM
Elastic buffer uses 4 channels per SM
Elastic buffer uses 4 channels per SM
Elastic buffer uses 4 channels per SM
Elastic buffer uses 4 channels per SM
Elastic buffer uses 4 channels per SM
Elastic buffer uses 4 channels per SM
Elastic buffer uses 4 channels per SM
CPU side received count (scaleup: 0): -103 -115 -100 -99 -95 -94 -93 -88 # -129 -129 -129 -129 -129 -129 -129 -129 -129 -129 -12CPU side received count (scaleup: 1): -98 -100 -92 -98 -93 -112 -91 -95 # -129 -129 -129 -129 -129 -129 -129 -129 -129 -129 -129CPU side received count (scaleup: 3): -95 -99 -93 -90 -90 -92 -100 -110 # -129 -129 -129 -129 -129 -129 -129 -129 -129 -129 -129CPU side received count (scaleup: 4): -103 -111 -100 -114 -99 -97 -94 -107 # -129 -129 -129 -129 -129 -129 -129 -129 -129 -129 -CPU side received count (scaleup: 5): -109 -96 -110 -97 -79 -88 -101 -93 # -129 -129 -129 -129 -129 -129 -129 -129 -129 -129 -12129 -129 -129 -129 -129 -129 
9 -129 -129 -129 -129 -129 
CPU side received count (scaleup: 6): -99 -115 -91 -114 -99 -97 -105 -111 # -129 -129 -129 -129 -129 -129 -129 -129 -129 -129 -1CPU side received count (scaleup: 7): -117 -106 -99 -100 -99 -104 -95 -90 # -129 -129 -129 -129 -129 -129 -129 -129 -129 -129 -1CPU side received count (scaleup: 2): -113 -110 -119 -102 -106 -98 -113 -90 # -129 -129 -129 -129 -129 -129 -129 -129 -129 -129  -129 -129 -129 -129 -129 
 -129 -129 -129 -129 -129 
29 -129 -129 -129 -129 -129 
9 -129 -129 -129 -129 -129 
29 -129 -129 -129 -129 -129 
-129 -129 -129 -129 -129 -129 
Elastic buffer uses 4 channels per SM
Elastic buffer uses 4 channels per SM
Elastic buffer uses 4 channels per SM
Elastic buffer uses 4 channels per SM
Elastic buffer uses 4 channels per SM
Elastic buffer uses 4 channels per SM
Elastic buffer uses 4 channels per SM
Elastic buffer uses 4 channels per SM
CPU side received count (scaleup: 6): -99 -115 -91 -114 -99 -97 -105 -111 # -129 -129 -129 -129 -129 -129 -129 -129 -129 -129 -1CPU side received count (scaleup: 1): -98 -100 -92 -98 -93 -112 -91 -95 # -129 -129 -129 -129 -129 -129 -129 -129 -129 -129 -129CPU side received count (scaleup: 4): -103 -111 -100 -114 -99 -97 -94 -107 # -129 -129 -129 -129 -129 -129 -129 -129 -129 -129 -CPU side received count (scaleup: 2): -113 -110 -119 -102 -106 -98 -113 -90 # -129 -129 -129 -129 -129 -129 -129 -129 -129 -129 29 -129 -129 -129 -129 -129 
CPU side received count (scaleup: 0): -103 -115 -100 -99 -95 -94 -93 -88 # -129 -129 -129 -129 -129 -129 -129 -129 -129 -129 -12129 -129 -129 -129 -129 -129 
CPU side received count (scaleup: 5): -109 -96 -110 -97 -79 -88 -101 -93 # -129 -129 -129 -129 -129 -129 -129 -129 -129 -129 -12-129 -129 -129 -129 -129 -129 
CPU side received count (scaleup: 3): -95 -99 -93 -90 -90 -92 -100 -110 # -129 -129 -129 -129 -129 -129 -129 -129 -129 -129 -129CPU side received count (scaleup: 7): -117 -106 -99 -100 -99 -104 -95 -90 # -129 -129 -129 -129 -129 -129 -129 -129 -129 -129 -1 -129 -129 -129 -129 -129 
9 -129 -129 -129 -129 -129 
9 -129 -129 -129 -129 -129 
 -129 -129 -129 -129 -129 
29 -129 -129 -129 -129 -129 
Elastic buffer uses 4 channels per SM
Elastic buffer uses 4 channels per SM
Elastic buffer uses 4 channels per SM
Elastic buffer uses 4 channels per SM
Elastic buffer uses 4 channels per SM
Elastic buffer uses 4 channels per SM
Elastic buffer uses 4 channels per SM
Elastic buffer uses 4 channels per SM
CPU side received count (scaleup: 2): -113 -110 -119 -102 -106 -98 -113 -90 # -129 -129 -129 -129 -129 -129 -129 -129 -129 -129 CPU side received count (scaleup: 4): -103 -111 -100 -114 -99 -97 -94 -107 # -129 -129 -129 -129 -129 -129 -129 -129 -129 -129 -CPU side received count (scaleup: 3): -95 -99 -93 -90 -90 -92 -100 -110 # -129 -129 -129 -129 -129 -129 -129 -129 -129 -129 -129CPU side received count (scaleup: 5): -109 -96 -110 -97 -79 -88 -101 -93 # -129 -129 -129 -129 -129 -129 -129 -129 -129 -129 -12CPU side received count (scaleup: 6): -99 -115 -91 -114 -99 -97 -105 -111 # -129 -129 -129 -129 -129 -129 -129 -129 -129 -129 -1CPU side received count (scaleup: 7): -117 -106 -99 -100 -99 -104 -95 -90 # -129 -129 -129 -129 -129 -129 -129 -129 -129 -129 -1CPU side received count (scaleup: 0): -103 -115 -100 -99 -95 -94 -93 -88 # -129 -129 -129 -129 -129 -129 -129 -129 -129 -129 -12CPU side received count (scaleup: 1): -98 -100 -92 -98 -93 -112 -91 -95 # -129 -129 -129 -129 -129 -129 -129 -129 -129 -129 -129-129 -129 -129 -129 -129 -129 
129 -129 -129 -129 -129 -129 
 -129 -129 -129 -129 -129 
9 -129 -129 -129 -129 -129 
29 -129 -129 -129 -129 -129 
29 -129 -129 -129 -129 -129 
 -129 -129 -129 -129 -129 
9 -129 -129 -129 -129 -129 
Elastic buffer uses 4 channels per SM
Elastic buffer uses 4 channels per SM
Elastic buffer uses 4 channels per SM
Elastic buffer uses 4 channels per SM
Elastic buffer uses 4 channels per SM
Elastic buffer uses 4 channels per SM
Elastic buffer uses 4 channels per SM
Elastic buffer uses 4 channels per SM
CPU side received count (scaleup: 0): -103 -115 -100 -99 -95 -94 -93 -88 # -129 -129 -129 -129 -129 -129 -129 -129 -129 -129 -12CPU side received count (scaleup: 4): -103 -111 -100 -114 -99 -97 -94 -107 # -129 -129 -129 -129 -129 -129 -129 -129 -129 -129 -CPU side received count (scaleup: 5): -109 -96 -110 -97 -79 -88 -101 -93 # -129 -129 -129 -129 -129 -129 -129 -129 -129 -129 -12CPU side received count (scaleup: 3): -95 -99 -93 -90 -90 -92 -100 -110 # -129 -129 -129 -129 -129 -129 -129 -129 -129 -129 -1299 -129 -129 -129 -129 -129 
CPU side received count (scaleup: 7): -117 -106 -99 -100 -99 -104 -95 -90 # -129 -129 -129 -129 -129 -129 -129 -129 -129 -129 -1CPU side received count (scaleup: 6): -99 -115 -91 -114 -99 -97 -105 -111 # -129 -129 -129 -129 -129 -129 -129 -129 -129 -129 -1CPU side received count (scaleup: 2): -113 -110 -119 -102 -106 -98 -113 -90 # -129 -129 -129 -129 -129 -129 -129 -129 -129 -129 CPU side received count (scaleup: 1): -98 -100 -92 -98 -93 -112 -91 -95 # -129 -129 -129 -129 -129 -129 -129 -129 -129 -129 -129-129 -129 -129 -129 -129 -129 
9 -129 -129 -129 -129 -129 
129 -129 -129 -129 -129 -129 
 -129 -129 -129 -129 -129 
29 -129 -129 -129 -129 -129 
29 -129 -129 -129 -129 -129 
 -129 -129 -129 -129 -129 
Elastic buffer uses 4 channels per SM
Elastic buffer uses 4 channels per SM
Elastic buffer uses 4 channels per SM
Elastic buffer uses 4 channels per SM
Elastic buffer uses 4 channels per SM
Elastic buffer uses 4 channels per SM
Elastic buffer uses 4 channels per SM
Elastic buffer uses 4 channels per SM
CPU side received count (scaleup: 6): -99 -115 -91 -114 -99 -97 -105 -111 # -129 -129 -129 -129 -129 -129 -129 -129 -129 -129 -1CPU side received count (scaleup: 3): -95 -99 -93 -90 -90 -92 -100 -110 # -129 -129 -129 -129 -129 -129 -129 -129 -129 -129 -129CPU side received count (scaleup: 1): -98 -100 -92 -98 -93 -112 -91 -95 # -129 -129 -129 -129 -129 -129 -129 -129 -129 -129 -129CPU side received count (scaleup: 4): -103 -111 -100 -114 -99 -97 -94 -107 # -129 -129 -129 -129 -129 -129 -129 -129 -129 -129 -CPU side received count (scaleup: 5): -109 -96 -110 -97 -79 -88 -101 -93 # -129 -129 -129 -129 -129 -129 -129 -129 -129 -129 -1229 -129 -129 -129 -129 -129 
CPU side received count (scaleup: 7): -117 -106 -99 -100 -99 -104 -95 -90 # -129 -129 -129 -129 -129 -129 -129 -129 -129 -129 -1 -129 -129 -129 -129 -129 
CPU side received count (scaleup: 2): -113 -110 -119 -102 -106 -98 -113 -90 # -129 -129 -129 -129 -129 -129 -129 -129 -129 -129 9 -129 -129 -129 -129 -129 
CPU side received count (scaleup: 0): -103 -115 -100 -99 -95 -94 -93 -88 # -129 -129 -129 -129 -129 -129 -129 -129 -129 -129 -12 -129 -129 -129 -129 -129 
129 -129 -129 -129 -129 -129 
29 -129 -129 -129 -129 -129 
-129 -129 -129 -129 -129 -129 
9 -129 -129 -129 -129 -129 
Elastic buffer uses 4 channels per SM
Elastic buffer uses 4 channels per SM
Elastic buffer uses 4 channels per SM
Elastic buffer uses 4 channels per SM
Elastic buffer uses 4 channels per SM
Elastic buffer uses 4 channels per SM
Elastic buffer uses 4 channels per SM
Elastic buffer uses 4 channels per SM
CPU side received count (scaleup: 2): -113 -110 -119 -102 -106 -98 -113 -90 # -129 -129 -129 -129 -129 -129 -129 -129 -129 -129 CPU side received count (scaleup: 1): -98 -100 -92 -98 -93 -112 -91 -95 # -129 -129 -129 -129 -129 -129 -129 -129 -129 -129 -129CPU side received count (scaleup: 4): -103 -111 -100 -114 -99 -97 -94 -107 # -129 -129 -129 -129 -129 -129 -129 -129 -129 -129 -CPU side received count (scaleup: 0): -103 -115 -100 -99 -95 -94 -93 -88 # -129 -129 -129 -129 -129 -129 -129 -129 -129 -129 -12CPU side received count (scaleup: 3): -95 -99 -93 -90 -90 -92 -100 -110 # -129 -129 -129 -129 -129 -129 -129 -129 -129 -129 -129CPU side received count (scaleup: 6): -99 -115 -91 -114 -99 -97 -105 -111 # -129 -129 -129 -129 -129 -129 -129 -129 -129 -129 -1CPU side received count (scaleup: 7): -117 -106 -99 -100 -99 -104 -95 -90 # -129 -129 -129 -129 -129 -129 -129 -129 -129 -129 -1CPU side received count (scaleup: 5): -109 -96 -110 -97 -79 -88 -101 -93 # -129 -129 -129 -129 -129 -129 -129 -129 -129 -129 -12 -129 -129 -129 -129 -129 
-129 -129 -129 -129 -129 -129 
129 -129 -129 -129 -129 -129 
9 -129 -129 -129 -129 -129 
 -129 -129 -129 -129 -129 
29 -129 -129 -129 -129 -129 
29 -129 -129 -129 -129 -129 
9 -129 -129 -129 -129 -129 
Elastic buffer uses 4 channels per SM
Elastic buffer uses 4 channels per SM
Elastic buffer uses 4 channels per SM
Elastic buffer uses 4 channels per SM
Elastic buffer uses 4 channels per SM
Elastic buffer uses 4 channels per SM
Elastic buffer uses 4 channels per SM
Elastic buffer uses 4 channels per SM
CPU side received count (scaleup: 4): -103 -111 -100 -114 -99 -97 -94 -107 # -129 -129 -129 -129 -129 -129 -129 -129 -129 -129 -CPU side received count (scaleup: 5): -109 -96 -110 -97 -79 -88 -101 -93 # -129 -129 -129 -129 -129 -129 -129 -129 -129 -129 -12CPU side received count (scaleup: 3): -95 -99 -93 -90 -90 -92 -100 -110 # -129 -129 -129 -129 -129 -129 -129 -129 -129 -129 -129CPU side received count (scaleup: 6): -99 -115 -91 -114 -99 -97 -105 -111 # -129 -129 -129 -129 -129 -129 -129 -129 -129 -129 -19 -129 -129 -129 -129 -129 
CPU side received count (scaleup: 0): -103 -115 -100 -99 -95 -94 -93 -88 # -129 -129 -129 -129 -129 -129 -129 -129 -129 -129 -12CPU side received count (scaleup: 2): -113 -110 -119 -102 -106 -98 -113 -90 # -129 -129 -129 -129 -129 -129 -129 -129 -129 -129 29 -129 -129 -129 -129 -129 
CPU side received count (scaleup: 7): -117 -106 -99 -100 -99 -104 -95 -90 # -129 -129 -129 -129 -129 -129 -129 -129 -129 -129 -1CPU side received count (scaleup: 1): -98 -100 -92 -98 -93 -112 -91 -95 # -129 -129 -129 -129 -129 -129 -129 -129 -129 -129 -129129 -129 -129 -129 -129 -129 
 -129 -129 -129 -129 -129 
-129 -129 -129 -129 -129 -129 
29 -129 -129 -129 -129 -129 
9 -129 -129 -129 -129 -129 
 -129 -129 -129 -129 -129 
Elastic buffer uses 4 channels per SM
Elastic buffer uses 4 channels per SM
Elastic buffer uses 4 channels per SM
Elastic buffer uses 4 channels per SM
Elastic buffer uses 4 channels per SM
Elastic buffer uses 4 channels per SM
Elastic buffer uses 4 channels per SM
Elastic buffer uses 4 channels per SM
CPU side received count (scaleup: 2): -113 -110 -119 -102 -106 -98 -113 -90 # -129 -129 -129 -129 -129 -129 -129 -129 -129 -129 CPU side received count (scaleup: 1): -98 -100 -92 -98 -93 -112 -91 -95 # -129 -129 -129 -129 -129 -129 -129 -129 -129 -129 -129CPU side received count (scaleup: 0): -103 -115 -100 -99 -95 -94 -93 -88 # -129 -129 -129 -129 -129 -129 -129 -129 -129 -129 -12-129 -129 -129 -129 -129 -129 
CPU side received count (scaleup: 4): -103 -111 -100 -114 -99 -97 -94 -107 # -129 -129 -129 -129 -129 -129 -129 -129 -129 -129 -CPU side received count (scaleup: 5): -109 -96 -110 -97 -79 -88 -101 -93 # -129 -129 -129 -129 -129 -129 -129 -129 -129 -129 -12CPU side received count (scaleup: 6): -99 -115 -91 -114 -99 -97 -105 -111 # -129 -129 -129 -129 -129 -129 -129 -129 -129 -129 -19 -129 -129 -129 -129 -129 
CPU side received count (scaleup: 7): -117 -106 -99 -100 -99 -104 -95 -90 # -129 -129 -129 -129 -129 -129 -129 -129 -129 -129 -1CPU side received count (scaleup: 3): -95 -99 -93 -90 -90 -92 -100 -110 # -129 -129 -129 -129 -129 -129 -129 -129 -129 -129 -129 -129 -129 -129 -129 -129 
 -129 -129 -129 -129 -129 
9 -129 -129 -129 -129 -129 
129 -129 -129 -129 -129 -129 
29 -129 -129 -129 -129 -129 
29 -129 -129 -129 -129 -129 
Elastic buffer uses 4 channels per SM
Elastic buffer uses 4 channels per SM
Elastic buffer uses 4 channels per SM
Elastic buffer uses 4 channels per SM
Elastic buffer uses 4 channels per SM
Elastic buffer uses 4 channels per SM
Elastic buffer uses 4 channels per SM
Elastic buffer uses 4 channels per SM
CPU side received count (scaleup: 7): -117 -106 -99 -100 -99 -104 -95 -90 # -129 -129 -129 -129 -129 -129 -129 -129 -129 -129 -1CPU side received count (scaleup: 1): -98 -100 -92 -98 -93 -112 -91 -95 # -129 -129 -129 -129 -129 -129 -129 -129 -129 -129 -129CPU side received count (scaleup: 3): -95 -99 -93 -90 -90 -92 -100 -110 # -129 -129 -129 -129 -129 -129 -129 -129 -129 -129 -129CPU side received count (scaleup: 0): -103 -115 -100 -99 -95 -94 -93 -88 # -129 -129 -129 -129 -129 -129 -129 -129 -129 -129 -12CPU side received count (scaleup: 6): -99 -115 -91 -114 -99 -97 -105 -111 # -129 -129 -129 -129 -129 -129 -129 -129 -129 -129 -1CPU side received count (scaleup: 4): -103 -111 -100 -114 -99 -97 -94 -107 # -129 -129 -129 -129 -129 -129 -129 -129 -129 -129 -CPU side received count (scaleup: 2): -113 -110 -119 -102 -106 -98 -113 -90 # -129 -129 -129 -129 -129 -129 -129 -129 -129 -129 CPU side received count (scaleup: 5): -109 -96 -110 -97 -79 -88 -101 -93 # -129 -129 -129 -129 -129 -129 -129 -129 -129 -129 -1229 -129 -129 -129 -129 -129 
 -129 -129 -129 -129 -129 
 -129 -129 -129 -129 -129 
-129 -129 -129 -129 -129 -129 
9 -129 -129 -129 -129 -129 
9 -129 -129 -129 -129 -129 
29 -129 -129 -129 -129 -129 
129 -129 -129 -129 -129 -129 
Elastic buffer uses 4 channels per SM
Elastic buffer uses 4 channels per SM
Elastic buffer uses 4 channels per SM
Elastic buffer uses 4 channels per SM
Elastic buffer uses 4 channels per SM
Elastic buffer uses 4 channels per SM
Elastic buffer uses 4 channels per SM
Elastic buffer uses 4 channels per SM
CPU side received count (scaleup: 6): -99 -115 -91 -114 -99 -97 -105 -111 # -129 -129 -129 -129 -129 -129 -129 -129 -129 -129 -1CPU side received count (scaleup: 5): -109 -96 -110 -97 -79 -88 -101 -93 # -129 -129 -129 -129 -129 -129 -129 -129 -129 -129 -12CPU side received count (scaleup: 4): -103 -111 -100 -114 -99 -97 -94 -107 # -129 -129 -129 -129 -129 -129 -129 -129 -129 -129 -CPU side received count (scaleup: 0): -103 -115 -100 -99 -95 -94 -93 -88 # -129 -129 -129 -129 -129 -129 -129 -129 -129 -129 -12CPU side received count (scaleup: 2): -113 -110 -119 -102 -106 -98 -113 -90 # -129 -129 -129 -129 -129 -129 -129 -129 -129 -129 CPU side received count (scaleup: 3): -95 -99 -93 -90 -90 -92 -100 -110 # -129 -129 -129 -129 -129 -129 -129 -129 -129 -129 -129129 -129 -129 -129 -129 -129 
-129 -129 -129 -129 -129 -129 
CPU side received count (scaleup: 7): -117 -106 -99 -100 -99 -104 -95 -90 # -129 -129 -129 -129 -129 -129 -129 -129 -129 -129 -1CPU side received count (scaleup: 1): -98 -100 -92 -98 -93 -112 -91 -95 # -129 -129 -129 -129 -129 -129 -129 -129 -129 -129 -12929 -129 -129 -129 -129 -129 
9 -129 -129 -129 -129 -129 
9 -129 -129 -129 -129 -129 
 -129 -129 -129 -129 -129 
29 -129 -129 -129 -129 -129 
 -129 -129 -129 -129 -129 
Elastic buffer uses 4 channels per SM
Elastic buffer uses 4 channels per SM
Elastic buffer uses 4 channels per SM
Elastic buffer uses 4 channels per SM
Elastic buffer uses 4 channels per SM
Elastic buffer uses 4 channels per SM
Elastic buffer uses 4 channels per SM
Elastic buffer uses 4 channels per SM
CPU side received count (scaleup: 2): -113 -110 -119 -102 -106 -98 -113 -90 # -129 -129 -129 -129 -129 -129 -129 -129 -129 -129 CPU side received count (scaleup: 4): -103 -111 -100 -114 -99 -97 -94 -107 # -129 -129 -129 -129 -129 -129 -129 -129 -129 -129 -CPU side received count (scaleup: 1): -98 -100 -92 -98 -93 -112 -91 -95 # -129 -129 -129 -129 -129 -129 -129 -129 -129 -129 -129CPU side received count (scaleup: 3): -95 -99 -93 -90 -90 -92 -100 -110 # -129 -129 -129 -129 -129 -129 -129 -129 -129 -129 -129CPU side received count (scaleup: 5): -109 -96 -110 -97 -79 -88 -101 -93 # -129 -129 -129 -129 -129 -129 -129 -129 -129 -129 -12CPU side received count (scaleup: 7): -117 -106 -99 -100 -99 -104 -95 -90 # -129 -129 -129 -129 -129 -129 -129 -129 -129 -129 -1CPU side received count (scaleup: 0): -103 -115 -100 -99 -95 -94 -93 -88 # -129 -129 -129 -129 -129 -129 -129 -129 -129 -129 -12CPU side received count (scaleup: 6): -99 -115 -91 -114 -99 -97 -105 -111 # -129 -129 -129 -129 -129 -129 -129 -129 -129 -129 -1-129 -129 -129 -129 -129 -129 
9 -129 -129 -129 -129 -129 
129 -129 -129 -129 -129 -129 
 -129 -129 -129 -129 -129 
 -129 -129 -129 -129 -129 
29 -129 -129 -129 -129 -129 
9 -129 -129 -129 -129 -129 
29 -129 -129 -129 -129 -129 
Elastic buffer uses 4 channels per SM
Elastic buffer uses 4 channels per SM
Elastic buffer uses 4 channels per SM
Elastic buffer uses 4 channels per SM
Elastic buffer uses 4 channels per SM
Elastic buffer uses 4 channels per SM
Elastic buffer uses 4 channels per SM
Elastic buffer uses 4 channels per SM
CPU side received count (scaleup: 4): -103 -111 -100 -114 -99 -97 -94 -107 # -129 -129 -129 -129 -129 -129 -129 -129 -129 -129 -CPU side received count (scaleup: 5): -109 -96 -110 -97 -79 -88 -101 -93 # -129 -129 -129 -129 -129 -129 -129 -129 -129 -129 -12CPU side received count (scaleup: 6): -99 -115 -91 -114 -99 -97 -105 -111 # -129 -129 -129 -129 -129 -129 -129 -129 -129 -129 -1CPU side received count (scaleup: 0): -103 -115 -100 -99 -95 -94 -93 -88 # -129 -129 -129 -129 -129 -129 -129 -129 -129 -129 -12CPU side received count (scaleup: 1): -98 -100 -92 -98 -93 -112 -91 -95 # -129 -129 -129 -129 -129 -129 -129 -129 -129 -129 -1299 -129 -129 -129 -129 -129 
29 -129 -129 -129 -129 -129 
CPU side received count (scaleup: 2): -113 -110 -119 -102 -106 -98 -113 -90 # -129 -129 -129 -129 -129 -129 -129 -129 -129 -129 CPU side received count (scaleup: 3): -95 -99 -93 -90 -90 -92 -100 -110 # -129 -129 -129 -129 -129 -129 -129 -129 -129 -129 -129CPU side received count (scaleup: 7): -117 -106 -99 -100 -99 -104 -95 -90 # -129 -129 -129 -129 -129 -129 -129 -129 -129 -129 -1129 -129 -129 -129 -129 -129 
9 -129 -129 -129 -129 -129 
-129 -129 -129 -129 -129 -129 
 -129 -129 -129 -129 -129 
29 -129 -129 -129 -129 -129 
 -129 -129 -129 -129 -129 
Elastic buffer uses 4 channels per SM
Elastic buffer uses 4 channels per SM
Elastic buffer uses 4 channels per SM
Elastic buffer uses 4 channels per SM
Elastic buffer uses 4 channels per SM
Elastic buffer uses 4 channels per SM
Elastic buffer uses 4 channels per SM
Elastic buffer uses 4 channels per SM
USDT:2026-08-25 02:32:55 433:433 SyncActivityProfilerHandler.cpp:52] profiler_startUSDT:2026-08-25 02:32:55 435:435 SyncActivityProfilerHandler.cpp:52] profiler_startUSDT:2026-08-25 02:32:55 436:436 SyncActivityProfilerHandler.cpp:52] profiler_startUSDT:2026-08-25 02:32:55 438:438 SyncActivityProfilerHandler.cpp:52] profiler_startUSDT:2026-08-25 02:32:55 439:439 SyncActivityProfilerHandler.cpp:52] profiler_startUSDT:2026-08-25 02:32:55 440:440 SyncActivityProfilerHandler.cpp:52] profiler_startUSDT:2026-08-25 02:32:55 437:437 SyncActivityProfilerHandler.cpp:52] profiler_startUSDT:2026-08-25 02:32:55 434:434 SyncActivityProfilerHandler.cpp:52] profiler_start







CPU side received count (scaleup: 7): -117 -106 -99 -100 -99 -104 -95 -90 # -129 -129 -129 -129 -129 -129 -129 -129 -129 -129 -1CPU side received count (scaleup: 2): -113 -110 -119 -102 -106 -98 -113 -90 # -129 -129 -129 -129 -129 -129 -129 -129 -129 -129 CPU side received count (scaleup: 6): -99 -115 -91 -114 -99 -97 -105 -111 # -129 -129 -129 -129 -129 -129 -129 -129 -129 -129 -1CPU side received count (scaleup: 4): -103 -111 -100 -114 -99 -97 -94 -107 # -129 -129 -129 -129 -129 -129 -129 -129 -129 -129 -CPU side received count (scaleup: 5): -109 -96 -110 -97 -79 -88 -101 -93 # -129 -129 -129 -129 -129 -129 -129 -129 -129 -129 -12CPU side received count (scaleup: 3): -95 -99 -93 -90 -90 -92 -100 -110 # -129 -129 -129 -129 -129 -129 -129 -129 -129 -129 -129129 -129 -129 -129 -129 -129 
29 -129 -129 -129 -129 -129 
-129 -129 -129 -129 -129 -129 
CPU side received count (scaleup: 0): -103 -115 -100 -99 -95 -94 -93 -88 # -129 -129 -129 -129 -129 -129 -129 -129 -129 -129 -12CPU side received count (scaleup: 1): -98 -100 -92 -98 -93 -112 -91 -95 # -129 -129 -129 -129 -129 -129 -129 -129 -129 -129 -1299 -129 -129 -129 -129 -129 
29 -129 -129 -129 -129 -129 
9 -129 -129 -129 -129 -129 
 -129 -129 -129 -129 -129 
 -129 -129 -129 -129 -129 
Elastic buffer uses 4 channels per SM
Elastic buffer uses 4 channels per SM
Elastic buffer uses 4 channels per SM
Elastic buffer uses 4 channels per SM
Elastic buffer uses 4 channels per SM
Elastic buffer uses 4 channels per SM
Elastic buffer uses 4 channels per SM
Elastic buffer uses 4 channels per SM
CPU side received count (scaleup: 0): -103 -115 -100 -99 -95 -94 -93 -88 # -129 -129 -129 -129 -129 -129 -129 -129 -129 -129 -12CPU side received count (scaleup: 4): -103 -111 -100 -114 -99 -97 -94 -107 # -129 -129 -129 -129 -129 -129 -129 -129 -129 -129 -CPU side received count (scaleup: 5): -109 -96 -110 -97 -79 -88 -101 -93 # -129 -129 -129 -129 -129 -129 -129 -129 -129 -129 -12CPU side received count (scaleup: 1): -98 -100 -92 -98 -93 -112 -91 -95 # -129 -129 -129 -129 -129 -129 -129 -129 -129 -129 -129CPU side received count (scaleup: 6): -99 -115 -91 -114 -99 -97 -105 -111 # -129 -129 -129 -129 -129 -129 -129 -129 -129 -129 -1CPU side received count (scaleup: 7): -117 -106 -99 -100 -99 -104 -95 -90 # -129 -129 -129 -129 -129 -129 -129 -129 -129 -129 -1CPU side received count (scaleup: 2): -113 -110 -119 -102 -106 -98 -113 -90 # -129 -129 -129 -129 -129 -129 -129 -129 -129 -129 29 -129 -129 -129 -129 -129 
CPU side received count (scaleup: 3): -95 -99 -93 -90 -90 -92 -100 -110 # -129 -129 -129 -129 -129 -129 -129 -129 -129 -129 -1299 -129 -129 -129 -129 -129 
129 -129 -129 -129 -129 -129 
9 -129 -129 -129 -129 -129 
 -129 -129 -129 -129 -129 
29 -129 -129 -129 -129 -129 
-129 -129 -129 -129 -129 -129 
 -129 -129 -129 -129 -129 
Elastic buffer uses 4 channels per SM
Elastic buffer uses 4 channels per SM
Elastic buffer uses 4 channels per SM
Elastic buffer uses 4 channels per SM
Elastic buffer uses 4 channels per SM
Elastic buffer uses 4 channels per SM
Elastic buffer uses 4 channels per SM
Elastic buffer uses 4 channels per SM
CPU side received count (scaleup: 2): -113 -110 -119 -102 -106 -98 -113 -90 # -129 -129 -129 -129 -129 -129 -129 -129 -129 -129 CPU side received count (scaleup: 1): -98 -100 -92 -98 -93 -112 -91 -95 # -129 -129 -129 -129 -129 -129 -129 -129 -129 -129 -129CPU side received count (scaleup: 0): -103 -115 -100 -99 -95 -94 -93 -88 # -129 -129 -129 -129 -129 -129 -129 -129 -129 -129 -12CPU side received count (scaleup: 5): -109 -96 -110 -97 -79 -88 -101 -93 # -129 -129 -129 -129 -129 -129 -129 -129 -129 -129 -12CPU side received count (scaleup: 4): -103 -111 -100 -114 -99 -97 -94 -107 # -129 -129 -129 -129 -129 -129 -129 -129 -129 -129 -CPU side received count (scaleup: 7): -117 -106 -99 -100 -99 -104 -95 -90 # -129 -129 -129 -129 -129 -129 -129 -129 -129 -129 -1 -129 -129 -129 -129 -129 
CPU side received count (scaleup: 6): -99 -115 -91 -114 -99 -97 -105 -111 # -129 -129 -129 -129 -129 -129 -129 -129 -129 -129 -1CPU side received count (scaleup: 3): -95 -99 -93 -90 -90 -92 -100 -110 # -129 -129 -129 -129 -129 -129 -129 -129 -129 -129 -129129 -129 -129 -129 -129 -129 
29 -129 -129 -129 -129 -129 
-129 -129 -129 -129 -129 -129 
9 -129 -129 -129 -129 -129 
9 -129 -129 -129 -129 -129 
 -129 -129 -129 -129 -129 
29 -129 -129 -129 -129 -129 
Elastic buffer uses 4 channels per SM
Elastic buffer uses 4 channels per SM
Elastic buffer uses 4 channels per SM
Elastic buffer uses 4 channels per SM
Elastic buffer uses 4 channels per SM
Elastic buffer uses 4 channels per SM
Elastic buffer uses 4 channels per SM
Elastic buffer uses 4 channels per SM
CPU side received count (scaleup: 0): -103 -115 -100 -99 -95 -94 -93 -88 # -129 -129 -129 -129 -129 -129 -129 -129 -129 -129 -12CPU side received count (scaleup: 1): -98 -100 -92 -98 -93 -112 -91 -95 # -129 -129 -129 -129 -129 -129 -129 -129 -129 -129 -129CPU side received count (scaleup: 2): -113 -110 -119 -102 -106 -98 -113 -90 # -129 -129 -129 -129 -129 -129 -129 -129 -129 -129 CPU side received count (scaleup: 6): -99 -115 -91 -114 -99 -97 -105 -111 # -129 -129 -129 -129 -129 -129 -129 -129 -129 -129 -1 -129 -129 -129 -129 -129 
CPU side received count (scaleup: 7): -117 -106 -99 -100 -99 -104 -95 -90 # -129 -129 -129 -129 -129 -129 -129 -129 -129 -129 -1CPU side received count (scaleup: 4): -103 -111 -100 -114 -99 -97 -94 -107 # -129 -129 -129 -129 -129 -129 -129 -129 -129 -129 --129 -129 -129 -129 -129 -129 
29 -129 -129 -129 -129 -129 
CPU side received count (scaleup: 3): -95 -99 -93 -90 -90 -92 -100 -110 # -129 -129 -129 -129 -129 -129 -129 -129 -129 -129 -12929 -129 -129 -129 -129 -129 
CPU side received count (scaleup: 5): -109 -96 -110 -97 -79 -88 -101 -93 # -129 -129 -129 -129 -129 -129 -129 -129 -129 -129 -129 -129 -129 -129 -129 -129 
 -129 -129 -129 -129 -129 
129 -129 -129 -129 -129 -129 
9 -129 -129 -129 -129 -129 
Elastic buffer uses 4 channels per SM
Elastic buffer uses 4 channels per SM
Elastic buffer uses 4 channels per SM
Elastic buffer uses 4 channels per SM
Elastic buffer uses 4 channels per SM
Elastic buffer uses 4 channels per SM
Elastic buffer uses 4 channels per SM
Elastic buffer uses 4 channels per SM
CPU side received count (scaleup: 4): -103 -111 -100 -114 -99 -97 -94 -107 # -129 -129 -129 -129 -129 -129 -129 -129 -129 -129 -CPU side received count (scaleup: 3): -95 -99 -93 -90 -90 -92 -100 -110 # -129 -129 -129 -129 -129 -129 -129 -129 -129 -129 -129CPU side received count (scaleup: 1): -98 -100 -92 -98 -93 -112 -91 -95 # -129 -129 -129 -129 -129 -129 -129 -129 -129 -129 -129CPU side received count (scaleup: 2): -113 -110 -119 -102 -106 -98 -113 -90 # -129 -129 -129 -129 -129 -129 -129 -129 -129 -129  -129 -129 -129 -129 -129 
CPU side received count (scaleup: 0): -103 -115 -100 -99 -95 -94 -93 -88 # -129 -129 -129 -129 -129 -129 -129 -129 -129 -129 -12 -129 -129 -129 -129 -129 
-129 -129 -129 -129 -129 -129 
CPU side received count (scaleup: 5): -109 -96 -110 -97 -79 -88 -101 -93 # -129 -129 -129 -129 -129 -129 -129 -129 -129 -129 -129 -129 -129 -129 -129 -129 
CPU side received count (scaleup: 6): -99 -115 -91 -114 -99 -97 -105 -111 # -129 -129 -129 -129 -129 -129 -129 -129 -129 -129 -1CPU side received count (scaleup: 7): -117 -106 -99 -100 -99 -104 -95 -90 # -129 -129 -129 -129 -129 -129 -129 -129 -129 -129 -19 -129 -129 -129 -129 -129 
129 -129 -129 -129 -129 -129 
29 -129 -129 -129 -129 -129 
29 -129 -129 -129 -129 -129 
Elastic buffer uses 4 channels per SM
Elastic buffer uses 4 channels per SM
Elastic buffer uses 4 channels per SM
Elastic buffer uses 4 channels per SM
Elastic buffer uses 4 channels per SM
Elastic buffer uses 4 channels per SM
Elastic buffer uses 4 channels per SM
Elastic buffer uses 4 channels per SM
CPU side received count (scaleup: 4): -103 -111 -100 -114 -99 -97 -94 -107 # -129 -129 -129 -129 -129 -129 -129 -129 -129 -129 -CPU side received count (scaleup: 0): -103 -115 -100 -99 -95 -94 -93 -88 # -129 -129 -129 -129 -129 -129 -129 -129 -129 -129 -12CPU side received count (scaleup: 2): -113 -110 -119 -102 -106 -98 -113 -90 # -129 -129 -129 -129 -129 -129 -129 -129 -129 -129 CPU side received count (scaleup: 5): -109 -96 -110 -97 -79 -88 -101 -93 # -129 -129 -129 -129 -129 -129 -129 -129 -129 -129 -12CPU side received count (scaleup: 1): -98 -100 -92 -98 -93 -112 -91 -95 # -129 -129 -129 -129 -129 -129 -129 -129 -129 -129 -129129 -129 -129 -129 -129 -129 
CPU side received count (scaleup: 3): -95 -99 -93 -90 -90 -92 -100 -110 # -129 -129 -129 -129 -129 -129 -129 -129 -129 -129 -129CPU side received count (scaleup: 6): -99 -115 -91 -114 -99 -97 -105 -111 # -129 -129 -129 -129 -129 -129 -129 -129 -129 -129 -1CPU side received count (scaleup: 7): -117 -106 -99 -100 -99 -104 -95 -90 # -129 -129 -129 -129 -129 -129 -129 -129 -129 -129 -19 -129 -129 -129 -129 -129 
-129 -129 -129 -129 -129 -129 
 -129 -129 -129 -129 -129 
29 -129 -129 -129 -129 -129 
9 -129 -129 -129 -129 -129 
 -129 -129 -129 -129 -129 
29 -129 -129 -129 -129 -129 
Elastic buffer uses 4 channels per SM
Elastic buffer uses 4 channels per SM
Elastic buffer uses 4 channels per SM
Elastic buffer uses 4 channels per SM
Elastic buffer uses 4 channels per SM
Elastic buffer uses 4 channels per SM
Elastic buffer uses 4 channels per SM
Elastic buffer uses 4 channels per SM
CPU side received count (scaleup: 0): -103 -115 -100 -99 -95 -94 -93 -88 # -129 -129 -129 -129 -129 -129 -129 -129 -129 -129 -12CPU side received count (scaleup: 3): -95 -99 -93 -90 -90 -92 -100 -110 # -129 -129 -129 -129 -129 -129 -129 -129 -129 -129 -129CPU side received count (scaleup: 4): -103 -111 -100 -114 -99 -97 -94 -107 # -129 -129 -129 -129 -129 -129 -129 -129 -129 -129 -CPU side received count (scaleup: 2): -113 -110 -119 -102 -106 -98 -113 -90 # -129 -129 -129 -129 -129 -129 -129 -129 -129 -129 CPU side received count (scaleup: 1): -98 -100 -92 -98 -93 -112 -91 -95 # -129 -129 -129 -129 -129 -129 -129 -129 -129 -129 -129CPU side received count (scaleup: 5): -109 -96 -110 -97 -79 -88 -101 -93 # -129 -129 -129 -129 -129 -129 -129 -129 -129 -129 -12CPU side received count (scaleup: 7): -117 -106 -99 -100 -99 -104 -95 -90 # -129 -129 -129 -129 -129 -129 -129 -129 -129 -129 -1-129 -129 -129 -129 -129 -129 
 -129 -129 -129 -129 -129 
CPU side received count (scaleup: 6): -99 -115 -91 -114 -99 -97 -105 -111 # -129 -129 -129 -129 -129 -129 -129 -129 -129 -129 -19 -129 -129 -129 -129 -129 
9 -129 -129 -129 -129 -129 
129 -129 -129 -129 -129 -129 
 -129 -129 -129 -129 -129 
29 -129 -129 -129 -129 -129 
29 -129 -129 -129 -129 -129 
Elastic buffer uses 4 channels per SM
Elastic buffer uses 4 channels per SM
Elastic buffer uses 4 channels per SM
Elastic buffer uses 4 channels per SM
Elastic buffer uses 4 channels per SM
Elastic buffer uses 4 channels per SM
Elastic buffer uses 4 channels per SM
Elastic buffer uses 4 channels per SM
CPU side received count (scaleup: 4): -103 -111 -100 -114 -99 -97 -94 -107 # -129 -129 -129 -129 -129 -129 -129 -129 -129 -129 -CPU side received count (scaleup: 0): -103 -115 -100 -99 -95 -94 -93 -88 # -129 -129 -129 -129 -129 -129 -129 -129 -129 -129 -12CPU side received count (scaleup: 6): -99 -115 -91 -114 -99 -97 -105 -111 # -129 -129 -129 -129 -129 -129 -129 -129 -129 -129 -1CPU side received count (scaleup: 1): -98 -100 -92 -98 -93 -112 -91 -95 # -129 -129 -129 -129 -129 -129 -129 -129 -129 -129 -129129 -129 -129 -129 -129 -129 
29 -129 -129 -129 -129 -129 
CPU side received count (scaleup: 2): -113 -110 -119 -102 -106 -98 -113 -90 # -129 -129 -129 -129 -129 -129 -129 -129 -129 -129 CPU side received count (scaleup: 5): -109 -96 -110 -97 -79 -88 -101 -93 # -129 -129 -129 -129 -129 -129 -129 -129 -129 -129 -12CPU side received count (scaleup: 7): -117 -106 -99 -100 -99 -104 -95 -90 # -129 -129 -129 -129 -129 -129 -129 -129 -129 -129 -1CPU side received count (scaleup: 3): -95 -99 -93 -90 -90 -92 -100 -110 # -129 -129 -129 -129 -129 -129 -129 -129 -129 -129 -1299 -129 -129 -129 -129 -129 
9 -129 -129 -129 -129 -129 
 -129 -129 -129 -129 -129 
 -129 -129 -129 -129 -129 
-129 -129 -129 -129 -129 -129 
29 -129 -129 -129 -129 -129 
Elastic buffer uses 4 channels per SM
Elastic buffer uses 4 channels per SM
Elastic buffer uses 4 channels per SM
Elastic buffer uses 4 channels per SM
Elastic buffer uses 4 channels per SM
Elastic buffer uses 4 channels per SM
Elastic buffer uses 4 channels per SM
Elastic buffer uses 4 channels per SM
CPU side received count (scaleup: 4): -103 -111 -100 -114 -99 -97 -94 -107 # -129 -129 -129 -129 -129 -129 -129 -129 -129 -129 -CPU side received count (scaleup: 6): -99 -115 -91 -114 -99 -97 -105 -111 # -129 -129 -129 -129 -129 -129 -129 -129 -129 -129 -1CPU side received count (scaleup: 7): -117 -106 -99 -100 -99 -104 -95 -90 # -129 -129 -129 -129 -129 -129 -129 -129 -129 -129 -1CPU side received count (scaleup: 0): -103 -115 -100 -99 -95 -94 -93 -88 # -129 -129 -129 -129 -129 -129 -129 -129 -129 -129 -12CPU side received count (scaleup: 3): -95 -99 -93 -90 -90 -92 -100 -110 # -129 -129 -129 -129 -129 -129 -129 -129 -129 -129 -129129 -129 -129 -129 -129 -129 
CPU side received count (scaleup: 5): -109 -96 -110 -97 -79 -88 -101 -93 # -129 -129 -129 -129 -129 -129 -129 -129 -129 -129 -12CPU side received count (scaleup: 2): -113 -110 -119 -102 -106 -98 -113 -90 # -129 -129 -129 -129 -129 -129 -129 -129 -129 -129 CPU side received count (scaleup: 1): -98 -100 -92 -98 -93 -112 -91 -95 # -129 -129 -129 -129 -129 -129 -129 -129 -129 -129 -129 -129 -129 -129 -129 -129 
29 -129 -129 -129 -129 -129 
29 -129 -129 -129 -129 -129 
9 -129 -129 -129 -129 -129 
9 -129 -129 -129 -129 -129 
 -129 -129 -129 -129 -129 
-129 -129 -129 -129 -129 -129 
Elastic buffer uses 4 channels per SM
Elastic buffer uses 4 channels per SM
Elastic buffer uses 4 channels per SM
Elastic buffer uses 4 channels per SM
Elastic buffer uses 4 channels per SM
Elastic buffer uses 4 channels per SM
Elastic buffer uses 4 channels per SM
Elastic buffer uses 4 channels per SM
CPU side received count (scaleup: 7): -117 -106 -99 -100 -99 -104 -95 -90 # -129 -129 -129 -129 -129 -129 -129 -129 -129 -129 -1CPU side received count (scaleup: 0): -103 -115 -100 -99 -95 -94 -93 -88 # -129 -129 -129 -129 -129 -129 -129 -129 -129 -129 -12CPU side received count (scaleup: 4): -103 -111 -100 -114 -99 -97 -94 -107 # -129 -129 -129 -129 -129 -129 -129 -129 -129 -129 -CPU side received count (scaleup: 2): -113 -110 -119 -102 -106 -98 -113 -90 # -129 -129 -129 -129 -129 -129 -129 -129 -129 -129 9 -129 -129 -129 -129 -129 
129 -129 -129 -129 -129 -129 
-129 -129 -129 -129 -129 -129 
CPU side received count (scaleup: 1): -98 -100 -92 -98 -93 -112 -91 -95 # -129 -129 -129 -129 -129 -129 -129 -129 -129 -129 -129CPU side received count (scaleup: 3): -95 -99 -93 -90 -90 -92 -100 -110 # -129 -129 -129 -129 -129 -129 -129 -129 -129 -129 -129CPU side received count (scaleup: 5): -109 -96 -110 -97 -79 -88 -101 -93 # -129 -129 -129 -129 -129 -129 -129 -129 -129 -129 -12 -129 -129 -129 -129 -129 
 -129 -129 -129 -129 -129 
CPU side received count (scaleup: 6): -99 -115 -91 -114 -99 -97 -105 -111 # -129 -129 -129 -129 -129 -129 -129 -129 -129 -129 -129 -129 -129 -129 -129 -129 
9 -129 -129 -129 -129 -129 
29 -129 -129 -129 -129 -129 
Elastic buffer uses 4 channels per SM
Elastic buffer uses 4 channels per SM
Elastic buffer uses 4 channels per SM
Elastic buffer uses 4 channels per SM
Elastic buffer uses 4 channels per SM
Elastic buffer uses 4 channels per SM
Elastic buffer uses 4 channels per SM
Elastic buffer uses 4 channels per SM
CPU side received count (scaleup: 4): -103 -111 -100 -114 -99 -97 -94 -107 # -129 -129 -129 -129 -129 -129 -129 -129 -129 -129 -CPU side received count (scaleup: 1): -98 -100 -92 -98 -93 -112 -91 -95 # -129 -129 -129 -129 -129 -129 -129 -129 -129 -129 -129CPU side received count (scaleup: 0): -103 -115 -100 -99 -95 -94 -93 -88 # -129 -129 -129 -129 -129 -129 -129 -129 -129 -129 -12 -129 -129 -129 -129 -129 
CPU side received count (scaleup: 6): -99 -115 -91 -114 -99 -97 -105 -111 # -129 -129 -129 -129 -129 -129 -129 -129 -129 -129 -1CPU side received count (scaleup: 7): -117 -106 -99 -100 -99 -104 -95 -90 # -129 -129 -129 -129 -129 -129 -129 -129 -129 -129 -1129 -129 -129 -129 -129 -129 
29 -129 -129 -129 -129 -129 
29 -129 -129 -129 -129 -129 
CPU side received count (scaleup: 3): -95 -99 -93 -90 -90 -92 -100 -110 # -129 -129 -129 -129 -129 -129 -129 -129 -129 -129 -129CPU side received count (scaleup: 2): -113 -110 -119 -102 -106 -98 -113 -90 # -129 -129 -129 -129 -129 -129 -129 -129 -129 -129 CPU side received count (scaleup: 5): -109 -96 -110 -97 -79 -88 -101 -93 # -129 -129 -129 -129 -129 -129 -129 -129 -129 -129 -129 -129 -129 -129 -129 -129 
 -129 -129 -129 -129 -129 
-129 -129 -129 -129 -129 -129 
9 -129 -129 -129 -129 -129 
Elastic buffer uses 4 channels per SM
Elastic buffer uses 4 channels per SM
Elastic buffer uses 4 channels per SM
Elastic buffer uses 4 channels per SM
Elastic buffer uses 4 channels per SM
Elastic buffer uses 4 channels per SM
Elastic buffer uses 4 channels per SM
Elastic buffer uses 4 channels per SM
CPU side received count (scaleup: 4): -103 -111 -100 -114 -99 -97 -94 -107 # -129 -129 -129 -129 -129 -129 -129 -129 -129 -129 -CPU side received count (scaleup: 1): -98 -100 -92 -98 -93 -112 -91 -95 # -129 -129 -129 -129 -129 -129 -129 -129 -129 -129 -129CPU side received count (scaleup: 2): -113 -110 -119 -102 -106 -98 -113 -90 # -129 -129 -129 -129 -129 -129 -129 -129 -129 -129 CPU side received count (scaleup: 6): -99 -115 -91 -114 -99 -97 -105 -111 # -129 -129 -129 -129 -129 -129 -129 -129 -129 -129 -1CPU side received count (scaleup: 3): -95 -99 -93 -90 -90 -92 -100 -110 # -129 -129 -129 -129 -129 -129 -129 -129 -129 -129 -129CPU side received count (scaleup: 7): -117 -106 -99 -100 -99 -104 -95 -90 # -129 -129 -129 -129 -129 -129 -129 -129 -129 -129 -1CPU side received count (scaleup: 0): -103 -115 -100 -99 -95 -94 -93 -88 # -129 -129 -129 -129 -129 -129 -129 -129 -129 -129 -12CPU side received count (scaleup: 5): -109 -96 -110 -97 -79 -88 -101 -93 # -129 -129 -129 -129 -129 -129 -129 -129 -129 -129 -129 -129 -129 -129 -129 -129 
9 -129 -129 -129 -129 -129 
129 -129 -129 -129 -129 -129 
 -129 -129 -129 -129 -129 
-129 -129 -129 -129 -129 -129 
29 -129 -129 -129 -129 -129 
 -129 -129 -129 -129 -129 
29 -129 -129 -129 -129 -129 
Elastic buffer uses 4 channels per SM
Elastic buffer uses 4 channels per SM
Elastic buffer uses 4 channels per SM
Elastic buffer uses 4 channels per SM
Elastic buffer uses 4 channels per SM
Elastic buffer uses 4 channels per SM
Elastic buffer uses 4 channels per SM
Elastic buffer uses 4 channels per SM
CPU side received count (scaleup: 7): -117 -106 -99 -100 -99 -104 -95 -90 # -129 -129 -129 -129 -129 -129 -129 -129 -129 -129 -1CPU side received count (scaleup: 4): -103 -111 -100 -114 -99 -97 -94 -107 # -129 -129 -129 -129 -129 -129 -129 -129 -129 -129 -CPU side received count (scaleup: 3): -95 -99 -93 -90 -90 -92 -100 -110 # -129 -129 -129 -129 -129 -129 -129 -129 -129 -129 -129CPU side received count (scaleup: 6): -99 -115 -91 -114 -99 -97 -105 -111 # -129 -129 -129 -129 -129 -129 -129 -129 -129 -129 -1CPU side received count (scaleup: 0): -103 -115 -100 -99 -95 -94 -93 -88 # -129 -129 -129 -129 -129 -129 -129 -129 -129 -129 -1229 -129 -129 -129 -129 -129 
CPU side received count (scaleup: 5): -109 -96 -110 -97 -79 -88 -101 -93 # -129 -129 -129 -129 -129 -129 -129 -129 -129 -129 -12129 -129 -129 -129 -129 -129 
29 -129 -129 -129 -129 -129 
CPU side received count (scaleup: 1): -98 -100 -92 -98 -93 -112 -91 -95 # -129 -129 -129 -129 -129 -129 -129 -129 -129 -129 -129CPU side received count (scaleup: 2): -113 -110 -119 -102 -106 -98 -113 -90 # -129 -129 -129 -129 -129 -129 -129 -129 -129 -129 9 -129 -129 -129 -129 -129 
 -129 -129 -129 -129 -129 
 -129 -129 -129 -129 -129 
9 -129 -129 -129 -129 -129 
-129 -129 -129 -129 -129 -129 
Elastic buffer uses 4 channels per SM
Elastic buffer uses 4 channels per SM
Elastic buffer uses 4 channels per SM
Elastic buffer uses 4 channels per SM
Elastic buffer uses 4 channels per SM
Elastic buffer uses 4 channels per SM
Elastic buffer uses 4 channels per SM
Elastic buffer uses 4 channels per SM
CPU side received count (scaleup: 4): -103 -111 -100 -114 -99 -97 -94 -107 # -129 -129 -129 -129 -129 -129 -129 -129 -129 -129 -CPU side received count (scaleup: 5): -109 -96 -110 -97 -79 -88 -101 -93 # -129 -129 -129 -129 -129 -129 -129 -129 -129 -129 -12CPU side received count (scaleup: 6): -99 -115 -91 -114 -99 -97 -105 -111 # -129 -129 -129 -129 -129 -129 -129 -129 -129 -129 -1CPU side received count (scaleup: 3): -95 -99 -93 -90 -90 -92 -100 -110 # -129 -129 -129 -129 -129 -129 -129 -129 -129 -129 -129CPU side received count (scaleup: 1): -98 -100 -92 -98 -93 -112 -91 -95 # -129 -129 -129 -129 -129 -129 -129 -129 -129 -129 -1299 -129 -129 -129 -129 -129 
29 -129 -129 -129 -129 -129 
 -129 -129 -129 -129 -129 
CPU side received count (scaleup: 7): -117 -106 -99 -100 -99 -104 -95 -90 # -129 -129 -129 -129 -129 -129 -129 -129 -129 -129 -1129 -129 -129 -129 -129 -129 
CPU side received count (scaleup: 0): -103 -115 -100 -99 -95 -94 -93 -88 # -129 -129 -129 -129 -129 -129 -129 -129 -129 -129 -12CPU side received count (scaleup: 2): -113 -110 -119 -102 -106 -98 -113 -90 # -129 -129 -129 -129 -129 -129 -129 -129 -129 -129  -129 -129 -129 -129 -129 
-129 -129 -129 -129 -129 -129 
29 -129 -129 -129 -129 -129 
9 -129 -129 -129 -129 -129 
Elastic buffer uses 4 channels per SM
Elastic buffer uses 4 channels per SM
Elastic buffer uses 4 channels per SM
Elastic buffer uses 4 channels per SM
Elastic buffer uses 4 channels per SM
Elastic buffer uses 4 channels per SM
Elastic buffer uses 4 channels per SM
Elastic buffer uses 4 channels per SM
CPU side received count (scaleup: 7): -117 -106 -99 -100 -99 -104 -95 -90 # -129 -129 -129 -129 -129 -129 -129 -129 -129 -129 -1CPU side received count (scaleup: 0): -103 -115 -100 -99 -95 -94 -93 -88 # -129 -129 -129 -129 -129 -129 -129 -129 -129 -129 -12CPU side received count (scaleup: 5): -109 -96 -110 -97 -79 -88 -101 -93 # -129 -129 -129 -129 -129 -129 -129 -129 -129 -129 -12CPU side received count (scaleup: 2): -113 -110 -119 -102 -106 -98 -113 -90 # -129 -129 -129 -129 -129 -129 -129 -129 -129 -129 CPU side received count (scaleup: 1): -98 -100 -92 -98 -93 -112 -91 -95 # -129 -129 -129 -129 -129 -129 -129 -129 -129 -129 -129CPU side received count (scaleup: 6): -99 -115 -91 -114 -99 -97 -105 -111 # -129 -129 -129 -129 -129 -129 -129 -129 -129 -129 -1CPU side received count (scaleup: 3): -95 -99 -93 -90 -90 -92 -100 -110 # -129 -129 -129 -129 -129 -129 -129 -129 -129 -129 -129CPU side received count (scaleup: 4): -103 -111 -100 -114 -99 -97 -94 -107 # -129 -129 -129 -129 -129 -129 -129 -129 -129 -129 -29 -129 -129 -129 -129 -129 
9 -129 -129 -129 -129 -129 
9 -129 -129 -129 -129 -129 
129 -129 -129 -129 -129 -129 
-129 -129 -129 -129 -129 -129 
 -129 -129 -129 -129 -129 
29 -129 -129 -129 -129 -129 
 -129 -129 -129 -129 -129 
Elastic buffer uses 4 channels per SM
Elastic buffer uses 4 channels per SM
Elastic buffer uses 4 channels per SM
Elastic buffer uses 4 channels per SM
Elastic buffer uses 4 channels per SM
Elastic buffer uses 4 channels per SM
Elastic buffer uses 4 channels per SM
Elastic buffer uses 4 channels per SM
CPU side received count (scaleup: 4): -103 -111 -100 -114 -99 -97 -94 -107 # -129 -129 -129 -129 -129 -129 -129 -129 -129 -129 -CPU side received count (scaleup: 0): -103 -115 -100 -99 -95 -94 -93 -88 # -129 -129 -129 -129 -129 -129 -129 -129 -129 -129 -12CPU side received count (scaleup: 3): -95 -99 -93 -90 -90 -92 -100 -110 # -129 -129 -129 -129 -129 -129 -129 -129 -129 -129 -129CPU side received count (scaleup: 7): -117 -106 -99 -100 -99 -104 -95 -90 # -129 -129 -129 -129 -129 -129 -129 -129 -129 -129 -1CPU side received count (scaleup: 1): -98 -100 -92 -98 -93 -112 -91 -95 # -129 -129 -129 -129 -129 -129 -129 -129 -129 -129 -129CPU side received count (scaleup: 6): -99 -115 -91 -114 -99 -97 -105 -111 # -129 -129 -129 -129 -129 -129 -129 -129 -129 -129 -1CPU side received count (scaleup: 5): -109 -96 -110 -97 -79 -88 -101 -93 # -129 -129 -129 -129 -129 -129 -129 -129 -129 -129 -12 -129 -129 -129 -129 -129 
29 -129 -129 -129 -129 -129 
9 -129 -129 -129 -129 -129 
CPU side received count (scaleup: 2): -113 -110 -119 -102 -106 -98 -113 -90 # -129 -129 -129 -129 -129 -129 -129 -129 -129 -129 129 -129 -129 -129 -129 -129 
9 -129 -129 -129 -129 -129 
 -129 -129 -129 -129 -129 
29 -129 -129 -129 -129 -129 
-129 -129 -129 -129 -129 -129 
Elastic buffer uses 4 channels per SM
Elastic buffer uses 4 channels per SM
Elastic buffer uses 4 channels per SM
Elastic buffer uses 4 channels per SM
Elastic buffer uses 4 channels per SM
Elastic buffer uses 4 channels per SM
Elastic buffer uses 4 channels per SM
Elastic buffer uses 4 channels per SM
CPU side received count (scaleup: 2): -113 -110 -119 -102 -106 -98 -113 -90 # -129 -129 -129 -129 -129 -129 -129 -129 -129 -129 CPU side received count (scaleup: 6): -99 -115 -91 -114 -99 -97 -105 -111 # -129 -129 -129 -129 -129 -129 -129 -129 -129 -129 -1CPU side received count (scaleup: 0): -103 -115 -100 -99 -95 -94 -93 -88 # -129 -129 -129 -129 -129 -129 -129 -129 -129 -129 -12CPU side received count (scaleup: 7): -117 -106 -99 -100 -99 -104 -95 -90 # -129 -129 -129 -129 -129 -129 -129 -129 -129 -129 -1CPU side received count (scaleup: 3): -95 -99 -93 -90 -90 -92 -100 -110 # -129 -129 -129 -129 -129 -129 -129 -129 -129 -129 -129CPU side received count (scaleup: 4): -103 -111 -100 -114 -99 -97 -94 -107 # -129 -129 -129 -129 -129 -129 -129 -129 -129 -129 -29 -129 -129 -129 -129 -129 
CPU side received count (scaleup: 5): -109 -96 -110 -97 -79 -88 -101 -93 # -129 -129 -129 -129 -129 -129 -129 -129 -129 -129 -129 -129 -129 -129 -129 -129 
CPU side received count (scaleup: 1): -98 -100 -92 -98 -93 -112 -91 -95 # -129 -129 -129 -129 -129 -129 -129 -129 -129 -129 -129 -129 -129 -129 -129 -129 
-129 -129 -129 -129 -129 -129 
29 -129 -129 -129 -129 -129 
129 -129 -129 -129 -129 -129 
9 -129 -129 -129 -129 -129 
 -129 -129 -129 -129 -129 
Elastic buffer uses 4 channels per SM
Elastic buffer uses 4 channels per SM
Elastic buffer uses 4 channels per SM
Elastic buffer uses 4 channels per SM
Elastic buffer uses 4 channels per SM
Elastic buffer uses 4 channels per SM
Elastic buffer uses 4 channels per SM
Elastic buffer uses 4 channels per SM
CPU side received count (scaleup: 0): -103 -115 -100 -99 -95 -94 -93 -88 # -129 -129 -129 -129 -129 -129 -129 -129 -129 -129 -12CPU side received count (scaleup: 7): -117 -106 -99 -100 -99 -104 -95 -90 # -129 -129 -129 -129 -129 -129 -129 -129 -129 -129 -1CPU side received count (scaleup: 6): -99 -115 -91 -114 -99 -97 -105 -111 # -129 -129 -129 -129 -129 -129 -129 -129 -129 -129 -1CPU side received count (scaleup: 4): -103 -111 -100 -114 -99 -97 -94 -107 # -129 -129 -129 -129 -129 -129 -129 -129 -129 -129 -9 -129 -129 -129 -129 -129 
29 -129 -129 -129 -129 -129 
CPU side received count (scaleup: 5): -109 -96 -110 -97 -79 -88 -101 -93 # -129 -129 -129 -129 -129 -129 -129 -129 -129 -129 -12CPU side received count (scaleup: 2): -113 -110 -119 -102 -106 -98 -113 -90 # -129 -129 -129 -129 -129 -129 -129 -129 -129 -129 CPU side received count (scaleup: 3): -95 -99 -93 -90 -90 -92 -100 -110 # -129 -129 -129 -129 -129 -129 -129 -129 -129 -129 -129CPU side received count (scaleup: 1): -98 -100 -92 -98 -93 -112 -91 -95 # -129 -129 -129 -129 -129 -129 -129 -129 -129 -129 -12929 -129 -129 -129 -129 -129 
129 -129 -129 -129 -129 -129 
9 -129 -129 -129 -129 -129 
-129 -129 -129 -129 -129 -129 
 -129 -129 -129 -129 -129 
 -129 -129 -129 -129 -129 
Elastic buffer uses 4 channels per SM
Elastic buffer uses 4 channels per SM
Elastic buffer uses 4 channels per SM
Elastic buffer uses 4 channels per SM
Elastic buffer uses 4 channels per SM
Elastic buffer uses 4 channels per SM
Elastic buffer uses 4 channels per SM
Elastic buffer uses 4 channels per SM
CPU side received count (scaleup: 4): -103 -111 -100 -114 -99 -97 -94 -107 # -129 -129 -129 -129 -129 -129 -129 -129 -129 -129 -CPU side received count (scaleup: 0): -103 -115 -100 -99 -95 -94 -93 -88 # -129 -129 -129 -129 -129 -129 -129 -129 -129 -129 -12129 -129 -129 -129 -129 -129 
CPU side received count (scaleup: 2): -113 -110 -119 -102 -106 -98 -113 -90 # -129 -129 -129 -129 -129 -129 -129 -129 -129 -129 CPU side received count (scaleup: 6): -99 -115 -91 -114 -99 -97 -105 -111 # -129 -129 -129 -129 -129 -129 -129 -129 -129 -129 -1CPU side received count (scaleup: 7): -117 -106 -99 -100 -99 -104 -95 -90 # -129 -129 -129 -129 -129 -129 -129 -129 -129 -129 -1CPU side received count (scaleup: 3): -95 -99 -93 -90 -90 -92 -100 -110 # -129 -129 -129 -129 -129 -129 -129 -129 -129 -129 -12929 -129 -129 -129 -129 -129 
CPU side received count (scaleup: 5): -109 -96 -110 -97 -79 -88 -101 -93 # -129 -129 -129 -129 -129 -129 -129 -129 -129 -129 -12CPU side received count (scaleup: 1): -98 -100 -92 -98 -93 -112 -91 -95 # -129 -129 -129 -129 -129 -129 -129 -129 -129 -129 -1299 -129 -129 -129 -129 -129 
-129 -129 -129 -129 -129 -129 
 -129 -129 -129 -129 -129 
29 -129 -129 -129 -129 -129 
 -129 -129 -129 -129 -129 
9 -129 -129 -129 -129 -129 
Elastic buffer uses 4 channels per SM
Elastic buffer uses 4 channels per SM
Elastic buffer uses 4 channels per SM
Elastic buffer uses 4 channels per SM
Elastic buffer uses 4 channels per SM
Elastic buffer uses 4 channels per SM
Elastic buffer uses 4 channels per SM
Elastic buffer uses 4 channels per SM
CPU side received count (scaleup: 2): -113 -110 -119 -102 -106 -98 -113 -90 # -129 -129 -129 -129 -129 -129 -129 -129 -129 -129 CPU side received count (scaleup: 4): -103 -111 -100 -114 -99 -97 -94 -107 # -129 -129 -129 -129 -129 -129 -129 -129 -129 -129 -CPU side received count (scaleup: 1): -98 -100 -92 -98 -93 -112 -91 -95 # -129 -129 -129 -129 -129 -129 -129 -129 -129 -129 -129CPU side received count (scaleup: 0): -103 -115 -100 -99 -95 -94 -93 -88 # -129 -129 -129 -129 -129 -129 -129 -129 -129 -129 -12CPU side received count (scaleup: 5): -109 -96 -110 -97 -79 -88 -101 -93 # -129 -129 -129 -129 -129 -129 -129 -129 -129 -129 -12CPU side received count (scaleup: 6): -99 -115 -91 -114 -99 -97 -105 -111 # -129 -129 -129 -129 -129 -129 -129 -129 -129 -129 -1129 -129 -129 -129 -129 -129 
CPU side received count (scaleup: 7): -117 -106 -99 -100 -99 -104 -95 -90 # -129 -129 -129 -129 -129 -129 -129 -129 -129 -129 -1 -129 -129 -129 -129 -129 
CPU side received count (scaleup: 3): -95 -99 -93 -90 -90 -92 -100 -110 # -129 -129 -129 -129 -129 -129 -129 -129 -129 -129 -12929 -129 -129 -129 -129 -129 
-129 -129 -129 -129 -129 -129 
9 -129 -129 -129 -129 -129 
9 -129 -129 -129 -129 -129 
29 -129 -129 -129 -129 -129 
 -129 -129 -129 -129 -129 
Elastic buffer uses 4 channels per SM
Elastic buffer uses 4 channels per SM
Elastic buffer uses 4 channels per SM
Elastic buffer uses 4 channels per SM
Elastic buffer uses 4 channels per SM
Elastic buffer uses 4 channels per SM
Elastic buffer uses 4 channels per SM
Elastic buffer uses 4 channels per SM
CPU side received count (scaleup: 2): -113 -110 -119 -102 -106 -98 -113 -90 # -129 -129 -129 -129 -129 -129 -129 -129 -129 -129 CPU side received count (scaleup: 0): -103 -115 -100 -99 -95 -94 -93 -88 # -129 -129 -129 -129 -129 -129 -129 -129 -129 -129 -12CPU side received count (scaleup: 3): -95 -99 -93 -90 -90 -92 -100 -110 # -129 -129 -129 -129 -129 -129 -129 -129 -129 -129 -129CPU side received count (scaleup: 1): -98 -100 -92 -98 -93 -112 -91 -95 # -129 -129 -129 -129 -129 -129 -129 -129 -129 -129 -129-129 -129 -129 -129 -129 -129 
CPU side received count (scaleup: 5): -109 -96 -110 -97 -79 -88 -101 -93 # -129 -129 -129 -129 -129 -129 -129 -129 -129 -129 -129 -129 -129 -129 -129 -129 
CPU side received count (scaleup: 4): -103 -111 -100 -114 -99 -97 -94 -107 # -129 -129 -129 -129 -129 -129 -129 -129 -129 -129 -CPU side received count (scaleup: 7): -117 -106 -99 -100 -99 -104 -95 -90 # -129 -129 -129 -129 -129 -129 -129 -129 -129 -129 -1CPU side received count (scaleup: 6): -99 -115 -91 -114 -99 -97 -105 -111 # -129 -129 -129 -129 -129 -129 -129 -129 -129 -129 -1 -129 -129 -129 -129 -129 
 -129 -129 -129 -129 -129 
29 -129 -129 -129 -129 -129 
9 -129 -129 -129 -129 -129 
129 -129 -129 -129 -129 -129 
29 -129 -129 -129 -129 -129 
Elastic buffer uses 4 channels per SM
Elastic buffer uses 4 channels per SM
Elastic buffer uses 4 channels per SM
Elastic buffer uses 4 channels per SM
Elastic buffer uses 4 channels per SM
Elastic buffer uses 4 channels per SM
Elastic buffer uses 4 channels per SM
Elastic buffer uses 4 channels per SM
CPU side received count (scaleup: 4): -103 -111 -100 -114 -99 -97 -94 -107 # -129 -129 -129 -129 -129 -129 -129 -129 -129 -129 -CPU side received count (scaleup: 0): -103 -115 -100 -99 -95 -94 -93 -88 # -129 -129 -129 -129 -129 -129 -129 -129 -129 -129 -12CPU side received count (scaleup: 6): -99 -115 -91 -114 -99 -97 -105 -111 # -129 -129 -129 -129 -129 -129 -129 -129 -129 -129 -1CPU side received count (scaleup: 5): -109 -96 -110 -97 -79 -88 -101 -93 # -129 -129 -129 -129 -129 -129 -129 -129 -129 -129 -129 -129 -129 -129 -129 -129 
29 -129 -129 -129 -129 -129 
CPU side received count (scaleup: 7): -117 -106 -99 -100 -99 -104 -95 -90 # -129 -129 -129 -129 -129 -129 -129 -129 -129 -129 -1CPU side received count (scaleup: 3): -95 -99 -93 -90 -90 -92 -100 -110 # -129 -129 -129 -129 -129 -129 -129 -129 -129 -129 -129129 -129 -129 -129 -129 -129 
CPU side received count (scaleup: 1): -98 -100 -92 -98 -93 -112 -91 -95 # -129 -129 -129 -129 -129 -129 -129 -129 -129 -129 -12929 -129 -129 -129 -129 -129 
CPU side received count (scaleup: 2): -113 -110 -119 -102 -106 -98 -113 -90 # -129 -129 -129 -129 -129 -129 -129 -129 -129 -129 9 -129 -129 -129 -129 -129 
 -129 -129 -129 -129 -129 
 -129 -129 -129 -129 -129 
-129 -129 -129 -129 -129 -129 
Elastic buffer uses 4 channels per SM
Elastic buffer uses 4 channels per SM
Elastic buffer uses 4 channels per SM
Elastic buffer uses 4 channels per SM
Elastic buffer uses 4 channels per SM
Elastic buffer uses 4 channels per SM
Elastic buffer uses 4 channels per SM
Elastic buffer uses 4 channels per SM
CPU side received count (scaleup: 7): -117 -106 -99 -100 -99 -104 -95 -90 # -129 -129 -129 -129 -129 -129 -129 -129 -129 -129 -1CPU side received count (scaleup: 2): -113 -110 -119 -102 -106 -98 -113 -90 # -129 -129 -129 -129 -129 -129 -129 -129 -129 -129 CPU side received count (scaleup: 5): -109 -96 -110 -97 -79 -88 -101 -93 # -129 -129 -129 -129 -129 -129 -129 -129 -129 -129 -1229 -129 -129 -129 -129 -129 
CPU side received count (scaleup: 6): -99 -115 -91 -114 -99 -97 -105 -111 # -129 -129 -129 -129 -129 -129 -129 -129 -129 -129 -19 -129 -129 -129 -129 -129 
-129 -129 -129 -129 -129 -129 
CPU side received count (scaleup: 4): -103 -111 -100 -114 -99 -97 -94 -107 # -129 -129 -129 -129 -129 -129 -129 -129 -129 -129 -CPU side received count (scaleup: 3): -95 -99 -93 -90 -90 -92 -100 -110 # -129 -129 -129 -129 -129 -129 -129 -129 -129 -129 -129CPU side received count (scaleup: 0): -103 -115 -100 -99 -95 -94 -93 -88 # -129 -129 -129 -129 -129 -129 -129 -129 -129 -129 -12CPU side received count (scaleup: 1): -98 -100 -92 -98 -93 -112 -91 -95 # -129 -129 -129 -129 -129 -129 -129 -129 -129 -129 -12929 -129 -129 -129 -129 -129 
 -129 -129 -129 -129 -129 
129 -129 -129 -129 -129 -129 
 -129 -129 -129 -129 -129 
9 -129 -129 -129 -129 -129 
Elastic buffer uses 4 channels per SM
Elastic buffer uses 4 channels per SM
Elastic buffer uses 4 channels per SM
Elastic buffer uses 4 channels per SM
Elastic buffer uses 4 channels per SM
Elastic buffer uses 4 channels per SM
Elastic buffer uses 4 channels per SM
Elastic buffer uses 4 channels per SM
CPU side received count (scaleup: 4): -103 -111 -100 -114 -99 -97 -94 -107 # -129 -129 -129 -129 -129 -129 -129 -129 -129 -129 -CPU side received count (scaleup: 2): -113 -110 -119 -102 -106 -98 -113 -90 # -129 -129 -129 -129 -129 -129 -129 -129 -129 -129 CPU side received count (scaleup: 7): -117 -106 -99 -100 -99 -104 -95 -90 # -129 -129 -129 -129 -129 -129 -129 -129 -129 -129 -1CPU side received count (scaleup: 5): -109 -96 -110 -97 -79 -88 -101 -93 # -129 -129 -129 -129 -129 -129 -129 -129 -129 -129 -12CPU side received count (scaleup: 3): -95 -99 -93 -90 -90 -92 -100 -110 # -129 -129 -129 -129 -129 -129 -129 -129 -129 -129 -129CPU side received count (scaleup: 6): -99 -115 -91 -114 -99 -97 -105 -111 # -129 -129 -129 -129 -129 -129 -129 -129 -129 -129 -129 -129 -129 -129 -129 -129 
CPU side received count (scaleup: 0): -103 -115 -100 -99 -95 -94 -93 -88 # -129 -129 -129 -129 -129 -129 -129 -129 -129 -129 -12CPU side received count (scaleup: 1): -98 -100 -92 -98 -93 -112 -91 -95 # -129 -129 -129 -129 -129 -129 -129 -129 -129 -129 -129129 -129 -129 -129 -129 -129 
-129 -129 -129 -129 -129 -129 
9 -129 -129 -129 -129 -129 
29 -129 -129 -129 -129 -129 
 -129 -129 -129 -129 -129 
9 -129 -129 -129 -129 -129 
 -129 -129 -129 -129 -129 
Elastic buffer uses 4 channels per SM
Elastic buffer uses 4 channels per SM
Elastic buffer uses 4 channels per SM
Elastic buffer uses 4 channels per SM
Elastic buffer uses 4 channels per SM
Elastic buffer uses 4 channels per SM
Elastic buffer uses 4 channels per SM
Elastic buffer uses 4 channels per SM
CPU side received count (scaleup: 0): -103 -115 -100 -99 -95 -94 -93 -88 # -129 -129 -129 -129 -129 -129 -129 -129 -129 -129 -12CPU side received count (scaleup: 1): -98 -100 -92 -98 -93 -112 -91 -95 # -129 -129 -129 -129 -129 -129 -129 -129 -129 -129 -129CPU side received count (scaleup: 4): -103 -111 -100 -114 -99 -97 -94 -107 # -129 -129 -129 -129 -129 -129 -129 -129 -129 -129 -CPU side received count (scaleup: 2): -113 -110 -119 -102 -106 -98 -113 -90 # -129 -129 -129 -129 -129 -129 -129 -129 -129 -129 9 -129 -129 -129 -129 -129 
 -129 -129 -129 -129 -129 
129 -129 -129 -129 -129 -129 
CPU side received count (scaleup: 5): -109 -96 -110 -97 -79 -88 -101 -93 # -129 -129 -129 -129 -129 -129 -129 -129 -129 -129 -12CPU side received count (scaleup: 3): -95 -99 -93 -90 -90 -92 -100 -110 # -129 -129 -129 -129 -129 -129 -129 -129 -129 -129 -129CPU side received count (scaleup: 6): -99 -115 -91 -114 -99 -97 -105 -111 # -129 -129 -129 -129 -129 -129 -129 -129 -129 -129 -1CPU side received count (scaleup: 7): -117 -106 -99 -100 -99 -104 -95 -90 # -129 -129 -129 -129 -129 -129 -129 -129 -129 -129 -19 -129 -129 -129 -129 -129 
-129 -129 -129 -129 -129 -129 
 -129 -129 -129 -129 -129 
29 -129 -129 -129 -129 -129 
29 -129 -129 -129 -129 -129 
Elastic buffer uses 4 channels per SM
Elastic buffer uses 4 channels per SM
Elastic buffer uses 4 channels per SM
Elastic buffer uses 4 channels per SM
Elastic buffer uses 4 channels per SM
Elastic buffer uses 4 channels per SM
Elastic buffer uses 4 channels per SM
Elastic buffer uses 4 channels per SM
CPU side received count (scaleup: 4): -103 -111 -100 -114 -99 -97 -94 -107 # -129 -129 -129 -129 -129 -129 -129 -129 -129 -129 -CPU side received count (scaleup: 0): -103 -115 -100 -99 -95 -94 -93 -88 # -129 -129 -129 -129 -129 -129 -129 -129 -129 -129 -12CPU side received count (scaleup: 1): -98 -100 -92 -98 -93 -112 -91 -95 # -129 -129 -129 -129 -129 -129 -129 -129 -129 -129 -129CPU side received count (scaleup: 5): -109 -96 -110 -97 -79 -88 -101 -93 # -129 -129 -129 -129 -129 -129 -129 -129 -129 -129 -12CPU side received count (scaleup: 2): -113 -110 -119 -102 -106 -98 -113 -90 # -129 -129 -129 -129 -129 -129 -129 -129 -129 -129 CPU side received count (scaleup: 3): -95 -99 -93 -90 -90 -92 -100 -110 # -129 -129 -129 -129 -129 -129 -129 -129 -129 -129 -129CPU side received count (scaleup: 6): -99 -115 -91 -114 -99 -97 -105 -111 # -129 -129 -129 -129 -129 -129 -129 -129 -129 -129 -1CPU side received count (scaleup: 7): -117 -106 -99 -100 -99 -104 -95 -90 # -129 -129 -129 -129 -129 -129 -129 -129 -129 -129 -1129 -129 -129 -129 -129 -129 
9 -129 -129 -129 -129 -129 
 -129 -129 -129 -129 -129 
29 -129 -129 -129 -129 -129 
9 -129 -129 -129 -129 -129 
-129 -129 -129 -129 -129 -129 
 -129 -129 -129 -129 -129 
29 -129 -129 -129 -129 -129 
Elastic buffer uses 4 channels per SM
Elastic buffer uses 4 channels per SM
Elastic buffer uses 4 channels per SM
Elastic buffer uses 4 channels per SM
Elastic buffer uses 4 channels per SM
Elastic buffer uses 4 channels per SM
Elastic buffer uses 4 channels per SM
Elastic buffer uses 4 channels per SM
CPU side received count (scaleup: 4): -103 -111 -100 -114 -99 -97 -94 -107 # -129 -129 -129 -129 -129 -129 -129 -129 -129 -129 -CPU side received count (scaleup: 5): -109 -96 -110 -97 -79 -88 -101 -93 # -129 -129 -129 -129 -129 -129 -129 -129 -129 -129 -12129 -129 -129 -129 -129 -129 
CPU side received count (scaleup: 2): -113 -110 -119 -102 -106 -98 -113 -90 # -129 -129 -129 -129 -129 -129 -129 -129 -129 -129 CPU side received count (scaleup: 0): -103 -115 -100 -99 -95 -94 -93 -88 # -129 -129 -129 -129 -129 -129 -129 -129 -129 -129 -12CPU side received count (scaleup: 1): -98 -100 -92 -98 -93 -112 -91 -95 # -129 -129 -129 -129 -129 -129 -129 -129 -129 -129 -129CPU side received count (scaleup: 6): -99 -115 -91 -114 -99 -97 -105 -111 # -129 -129 -129 -129 -129 -129 -129 -129 -129 -129 -19 -129 -129 -129 -129 -129 
CPU side received count (scaleup: 7): -117 -106 -99 -100 -99 -104 -95 -90 # -129 -129 -129 -129 -129 -129 -129 -129 -129 -129 -1CPU side received count (scaleup: 3): -95 -99 -93 -90 -90 -92 -100 -110 # -129 -129 -129 -129 -129 -129 -129 -129 -129 -129 -12929 -129 -129 -129 -129 -129 
-129 -129 -129 -129 -129 -129 
9 -129 -129 -129 -129 -129 
 -129 -129 -129 -129 -129 
29 -129 -129 -129 -129 -129 
 -129 -129 -129 -129 -129 
Elastic buffer uses 4 channels per SM
Elastic buffer uses 4 channels per SM
Elastic buffer uses 4 channels per SM
Elastic buffer uses 4 channels per SM
Elastic buffer uses 4 channels per SM
Elastic buffer uses 4 channels per SM
Elastic buffer uses 4 channels per SM
Elastic buffer uses 4 channels per SM
CPU side received count (scaleup: 4): -103 -111 -100 -114 -99 -97 -94 -107 # -129 -129 -129 -129 -129 -129 -129 -129 -129 -129 -CPU side received count (scaleup: 3): -95 -99 -93 -90 -90 -92 -100 -110 # -129 -129 -129 -129 -129 -129 -129 -129 -129 -129 -129CPU side received count (scaleup: 6): -99 -115 -91 -114 -99 -97 -105 -111 # -129 -129 -129 -129 -129 -129 -129 -129 -129 -129 -1CPU side received count (scaleup: 2): -113 -110 -119 -102 -106 -98 -113 -90 # -129 -129 -129 -129 -129 -129 -129 -129 -129 -129 CPU side received count (scaleup: 1): -98 -100 -92 -98 -93 -112 -91 -95 # -129 -129 -129 -129 -129 -129 -129 -129 -129 -129 -129 -129 -129 -129 -129 -129 
CPU side received count (scaleup: 0): -103 -115 -100 -99 -95 -94 -93 -88 # -129 -129 -129 -129 -129 -129 -129 -129 -129 -129 -1229 -129 -129 -129 -129 -129 
 -129 -129 -129 -129 -129 
CPU side received count (scaleup: 7): -117 -106 -99 -100 -99 -104 -95 -90 # -129 -129 -129 -129 -129 -129 -129 -129 -129 -129 -19 -129 -129 -129 -129 -129 
CPU side received count (scaleup: 5): -109 -96 -110 -97 -79 -88 -101 -93 # -129 -129 -129 -129 -129 -129 -129 -129 -129 -129 -1229 -129 -129 -129 -129 -129 
129 -129 -129 -129 -129 -129 
-129 -129 -129 -129 -129 -129 
9 -129 -129 -129 -129 -129 
Elastic buffer uses 4 channels per SM
Elastic buffer uses 4 channels per SM
Elastic buffer uses 4 channels per SM
Elastic buffer uses 4 channels per SM
Elastic buffer uses 4 channels per SM
Elastic buffer uses 4 channels per SM
Elastic buffer uses 4 channels per SM
Elastic buffer uses 4 channels per SM
CPU side received count (scaleup: 4): -103 -111 -100 -114 -99 -97 -94 -107 # -129 -129 -129 -129 -129 -129 -129 -129 -129 -129 -CPU side received count (scaleup: 3): -95 -99 -93 -90 -90 -92 -100 -110 # -129 -129 -129 -129 -129 -129 -129 -129 -129 -129 -129CPU side received count (scaleup: 2): -113 -110 -119 -102 -106 -98 -113 -90 # -129 -129 -129 -129 -129 -129 -129 -129 -129 -129 CPU side received count (scaleup: 0): -103 -115 -100 -99 -95 -94 -93 -88 # -129 -129 -129 -129 -129 -129 -129 -129 -129 -129 -12129 -129 -129 -129 -129 -129 
CPU side received count (scaleup: 1): -98 -100 -92 -98 -93 -112 -91 -95 # -129 -129 -129 -129 -129 -129 -129 -129 -129 -129 -129-129 -129 -129 -129 -129 -129 
9 -129 -129 -129 -129 -129 
CPU side received count (scaleup: 5): -109 -96 -110 -97 -79 -88 -101 -93 # -129 -129 -129 -129 -129 -129 -129 -129 -129 -129 -12 -129 -129 -129 -129 -129 
CPU side received count (scaleup: 6): -99 -115 -91 -114 -99 -97 -105 -111 # -129 -129 -129 -129 -129 -129 -129 -129 -129 -129 -1CPU side received count (scaleup: 7): -117 -106 -99 -100 -99 -104 -95 -90 # -129 -129 -129 -129 -129 -129 -129 -129 -129 -129 -1 -129 -129 -129 -129 -129 
9 -129 -129 -129 -129 -129 
29 -129 -129 -129 -129 -129 
29 -129 -129 -129 -129 -129 
Elastic buffer uses 4 channels per SM
Elastic buffer uses 4 channels per SM
Elastic buffer uses 4 channels per SM
Elastic buffer uses 4 channels per SM
Elastic buffer uses 4 channels per SM
Elastic buffer uses 4 channels per SM
Elastic buffer uses 4 channels per SM
Elastic buffer uses 4 channels per SM
CPU side received count (scaleup: 0): -103 -115 -100 -99 -95 -94 -93 -88 # -129 -129 -129 -129 -129 -129 -129 -129 -129 -129 -12CPU side received count (scaleup: 2): -113 -110 -119 -102 -106 -98 -113 -90 # -129 -129 -129 -129 -129 -129 -129 -129 -129 -129 CPU side received count (scaleup: 4): -103 -111 -100 -114 -99 -97 -94 -107 # -129 -129 -129 -129 -129 -129 -129 -129 -129 -129 -CPU side received count (scaleup: 3): -95 -99 -93 -90 -90 -92 -100 -110 # -129 -129 -129 -129 -129 -129 -129 -129 -129 -129 -129CPU side received count (scaleup: 1): -98 -100 -92 -98 -93 -112 -91 -95 # -129 -129 -129 -129 -129 -129 -129 -129 -129 -129 -129CPU side received count (scaleup: 6): -99 -115 -91 -114 -99 -97 -105 -111 # -129 -129 -129 -129 -129 -129 -129 -129 -129 -129 -1-129 -129 -129 -129 -129 -129 
CPU side received count (scaleup: 7): -117 -106 -99 -100 -99 -104 -95 -90 # -129 -129 -129 -129 -129 -129 -129 -129 -129 -129 -1CPU side received count (scaleup: 5): -109 -96 -110 -97 -79 -88 -101 -93 # -129 -129 -129 -129 -129 -129 -129 -129 -129 -129 -129 -129 -129 -129 -129 -129 
29 -129 -129 -129 -129 -129 
129 -129 -129 -129 -129 -129 
 -129 -129 -129 -129 -129 
 -129 -129 -129 -129 -129 
29 -129 -129 -129 -129 -129 
9 -129 -129 -129 -129 -129 
USDT:2026-08-25 02:32:55 440:440 SyncActivityProfilerHandler.cpp:59] profiler_stopUSDT:2026-08-25 02:32:55 438:438 SyncActivityProfilerHandler.cpp:59] profiler_stopUSDT:2026-08-25 02:32:55 433:433 SyncActivityProfilerHandler.cpp:59] profiler_stopUSDT:2026-08-25 02:32:55 437:437 SyncActivityProfilerHandler.cpp:59] profiler_stop


USDT:2026-08-25 02:32:55 435:435 SyncActivityProfilerHandler.cpp:59] profiler_stop
USDT:2026-08-25 02:32:55 439:439 SyncActivityProfilerHandler.cpp:59] profiler_stop
USDT:2026-08-25 02:32:55 434:434 SyncActivityProfilerHandler.cpp:59] profiler_stopUSDT:2026-08-25 02:32:55 436:436 SyncActivityProfilerHandler.cpp:59] profiler_stop


   - EP:   8/16 | expanded dispatch: 5 GB/s (SO), 15 GB/s (SU), 380.033 us, 5833152 bytes | copy: 200 GB/s, 103.450 us
   - EP:  13/16 | expanded dispatch: 5 GB/s (SO), 15 GB/s (SU), 380.126 us, 5728320 bytes | copy: 172 GB/s, 120.614 us
   - EP:  10/16 | expanded dispatch: 5 GB/s (SO), 17 GB/s (SU), 379.719 us, 6312384 bytes | copy: 1573 GB/s, 13.472 us
   - EP:  14/16 | expanded dispatch: 4 GB/s (SO), 16 GB/s (SU), 379.850 us, 6162624 bytes | copy: 1266 GB/s, 16.602 us
   - EP:  11/16 | expanded dispatch: 5 GB/s (SO), 15 GB/s (SU), 379.886 us, 5698368 bytes | copy: 1062 GB/s, 19.343 us
   - EP:  15/16 | expanded dispatch: 4 GB/s (SO), 16 GB/s (SU), 380.016 us, 6005376 bytes | copy: 175 GB/s, 120.004 us
   - EP:   9/16 | expanded dispatch: 5 GB/s (SO), 15 GB/s (SU), 380.188 us, 5773248 bytes | copy: 181 GB/s, 114.147 us
   - EP:  12/16 | expanded dispatch: 5 GB/s (SO), 16 GB/s (SU), 380.042 us, 6117696 bytes | copy: 179 GB/s, 116.748 us
Elastic buffer uses 4 channels per SM
Elastic buffer uses 4 channels per SM
Elastic buffer uses 4 channels per SM
Elastic buffer uses 4 channels per SM
Elastic buffer uses 4 channels per SM
Elastic buffer uses 4 channels per SM
Elastic buffer uses 4 channels per SM
Elastic buffer uses 4 channels per SM
Elastic buffer uses 4 channels per SM
Elastic buffer uses 4 channels per SM
Elastic buffer uses 4 channels per SM
Elastic buffer uses 4 channels per SM
Elastic buffer uses 4 channels per SM
Elastic buffer uses 4 channels per SM
Elastic buffer uses 4 channels per SM
Elastic buffer uses 4 channels per SM
Elastic buffer uses 4 channels per SM
Elastic buffer uses 4 channels per SM
Elastic buffer uses 4 channels per SM
Elastic buffer uses 4 channels per SM
Elastic buffer uses 4 channels per SM
Elastic buffer uses 4 channels per SM
Elastic buffer uses 4 channels per SM
Elastic buffer uses 4 channels per SM
Elastic buffer uses 4 channels per SM
Elastic buffer uses 4 channels per SM
Elastic buffer uses 4 channels per SM
Elastic buffer uses 4 channels per SM
Elastic buffer uses 4 channels per SM
Elastic buffer uses 4 channels per SM
Elastic buffer uses 4 channels per SM
Elastic buffer uses 4 channels per SM
Elastic buffer uses 4 channels per SM
Elastic buffer uses 4 channels per SM
Elastic buffer uses 4 channels per SM
Elastic buffer uses 4 channels per SM
Elastic buffer uses 4 channels per SM
Elastic buffer uses 4 channels per SM
Elastic buffer uses 4 channels per SM
Elastic buffer uses 4 channels per SM
Elastic buffer uses 4 channels per SM
Elastic buffer uses 4 channels per SM
Elastic buffer uses 4 channels per SM
Elastic buffer uses 4 channels per SM
Elastic buffer uses 4 channels per SM
Elastic buffer uses 4 channels per SM
Elastic buffer uses 4 channels per SM
Elastic buffer uses 4 channels per SM
Elastic buffer uses 4 channels per SM
Elastic buffer uses 4 channels per SM
Elastic buffer uses 4 channels per SM
Elastic buffer uses 4 channels per SM
Elastic buffer uses 4 channels per SM
Elastic buffer uses 4 channels per SM
Elastic buffer uses 4 channels per SM
Elastic buffer uses 4 channels per SM
Elastic buffer uses 4 channels per SM
Elastic buffer uses 4 channels per SM
Elastic buffer uses 4 channels per SM
Elastic buffer uses 4 channels per SM
Elastic buffer uses 4 channels per SM
Elastic buffer uses 4 channels per SM
Elastic buffer uses 4 channels per SM
Elastic buffer uses 4 channels per SM
Elastic buffer uses 4 channels per SM
Elastic buffer uses 4 channels per SM
Elastic buffer uses 4 channels per SM
Elastic buffer uses 4 channels per SM
Elastic buffer uses 4 channels per SM
Elastic buffer uses 4 channels per SM
Elastic buffer uses 4 channels per SM
Elastic buffer uses 4 channels per SM
Elastic buffer uses 4 channels per SM
Elastic buffer uses 4 channels per SM
Elastic buffer uses 4 channels per SM
Elastic buffer uses 4 channels per SM
Elastic buffer uses 4 channels per SM
Elastic buffer uses 4 channels per SM
Elastic buffer uses 4 channels per SM
Elastic buffer uses 4 channels per SM
Elastic buffer uses 4 channels per SM
Elastic buffer uses 4 channels per SM
Elastic buffer uses 4 channels per SM
Elastic buffer uses 4 channels per SM
Elastic buffer uses 4 channels per SM
Elastic buffer uses 4 channels per SM
Elastic buffer uses 4 channels per SM
Elastic buffer uses 4 channels per SM
Elastic buffer uses 4 channels per SM
Elastic buffer uses 4 channels per SM
Elastic buffer uses 4 channels per SM
Elastic buffer uses 4 channels per SM
Elastic buffer uses 4 channels per SM
Elastic buffer uses 4 channels per SM
Elastic buffer uses 4 channels per SM
Elastic buffer uses 4 channels per SM
Elastic buffer uses 4 channels per SM
Elastic buffer uses 4 channels per SM
Elastic buffer uses 4 channels per SM
Elastic buffer uses 4 channels per SM
Elastic buffer uses 4 channels per SM
Elastic buffer uses 4 channels per SM
Elastic buffer uses 4 channels per SM
Elastic buffer uses 4 channels per SM
Elastic buffer uses 4 channels per SM
Elastic buffer uses 4 channels per SM
Elastic buffer uses 4 channels per SM
Elastic buffer uses 4 channels per SM
Elastic buffer uses 4 channels per SM
Elastic buffer uses 4 channels per SM
Elastic buffer uses 4 channels per SM
Elastic buffer uses 4 channels per SM
Elastic buffer uses 4 channels per SM
Elastic buffer uses 4 channels per SM
Elastic buffer uses 4 channels per SM
Elastic buffer uses 4 channels per SM
Elastic buffer uses 4 channels per SM
Elastic buffer uses 4 channels per SM
Elastic buffer uses 4 channels per SM
Elastic buffer uses 4 channels per SM
Elastic buffer uses 4 channels per SM
Elastic buffer uses 4 channels per SM
Elastic buffer uses 4 channels per SM
Elastic buffer uses 4 channels per SM
Elastic buffer uses 4 channels per SM
Elastic buffer uses 4 channels per SM
Elastic buffer uses 4 channels per SM
Elastic buffer uses 4 channels per SM
Elastic buffer uses 4 channels per SM
Elastic buffer uses 4 channels per SM
Elastic buffer uses 4 channels per SM
Elastic buffer uses 4 channels per SM
Elastic buffer uses 4 channels per SM
Elastic buffer uses 4 channels per SM
Elastic buffer uses 4 channels per SM
Elastic buffer uses 4 channels per SM
Elastic buffer uses 4 channels per SM
Elastic buffer uses 4 channels per SM
Elastic buffer uses 4 channels per SM
Elastic buffer uses 4 channels per SM
Elastic buffer uses 4 channels per SM
Elastic buffer uses 4 channels per SM
Elastic buffer uses 4 channels per SM
Elastic buffer uses 4 channels per SM
Elastic buffer uses 4 channels per SM
Elastic buffer uses 4 channels per SM
Elastic buffer uses 4 channels per SM
Elastic buffer uses 4 channels per SM
Elastic buffer uses 4 channels per SM
Elastic buffer uses 4 channels per SM
Elastic buffer uses 4 channels per SM
Elastic buffer uses 4 channels per SM
Elastic buffer uses 4 channels per SM
Elastic buffer uses 4 channels per SM
Elastic buffer uses 4 channels per SM
Elastic buffer uses 4 channels per SM
Elastic buffer uses 4 channels per SM
Elastic buffer uses 4 channels per SM
Elastic buffer uses 4 channels per SM
Elastic buffer uses 4 channels per SM
Elastic buffer uses 4 channels per SM
Elastic buffer uses 4 channels per SM
Elastic buffer uses 4 channels per SM
Elastic buffer uses 4 channels per SM
Elastic buffer uses 4 channels per SM
Elastic buffer uses 4 channels per SM
Elastic buffer uses 4 channels per SM
Elastic buffer uses 4 channels per SM
Elastic buffer uses 4 channels per SM
Elastic buffer uses 4 channels per SM
Elastic buffer uses 4 channels per SM
Elastic buffer uses 4 channels per SM
Elastic buffer uses 4 channels per SM
Elastic buffer uses 4 channels per SM
Elastic buffer uses 4 channels per SM
Elastic buffer uses 4 channels per SM
Elastic buffer uses 4 channels per SM
Elastic buffer uses 4 channels per SM
Elastic buffer uses 4 channels per SM
Elastic buffer uses 4 channels per SM
Elastic buffer uses 4 channels per SM
Elastic buffer uses 4 channels per SM
Elastic buffer uses 4 channels per SM
Elastic buffer uses 4 channels per SM
Elastic buffer uses 4 channels per SM
Elastic buffer uses 4 channels per SM
Elastic buffer uses 4 channels per SM
Elastic buffer uses 4 channels per SM
Elastic buffer uses 4 channels per SM
Elastic buffer uses 4 channels per SM
Elastic buffer uses 4 channels per SM
Elastic buffer uses 4 channels per SM
Elastic buffer uses 4 channels per SM
Elastic buffer uses 4 channels per SM
Elastic buffer uses 4 channels per SM
Elastic buffer uses 4 channels per SM
Elastic buffer uses 4 channels per SM
Elastic buffer uses 4 channels per SM
Elastic buffer uses 4 channels per SM
Elastic buffer uses 4 channels per SM
Elastic buffer uses 4 channels per SM
Elastic buffer uses 4 channels per SM
Elastic buffer uses 4 channels per SM
Elastic buffer uses 4 channels per SM
Elastic buffer uses 4 channels per SM
Elastic buffer uses 4 channels per SM
Elastic buffer uses 4 channels per SM
Elastic buffer uses 4 channels per SM
Elastic buffer uses 4 channels per SM
Elastic buffer uses 4 channels per SM
Elastic buffer uses 4 channels per SM
Elastic buffer uses 4 channels per SM
Elastic buffer uses 4 channels per SM
Elastic buffer uses 4 channels per SM
Elastic buffer uses 4 channels per SM
Elastic buffer uses 4 channels per SM
Elastic buffer uses 4 channels per SM
Elastic buffer uses 4 channels per SM
Elastic buffer uses 4 channels per SM
Elastic buffer uses 4 channels per SM
Elastic buffer uses 4 channels per SM
Elastic buffer uses 4 channels per SM
Elastic buffer uses 4 channels per SM
Elastic buffer uses 4 channels per SM
Elastic buffer uses 4 channels per SM
Elastic buffer uses 4 channels per SM
Elastic buffer uses 4 channels per SM
Elastic buffer uses 4 channels per SM
Elastic buffer uses 4 channels per SM
Elastic buffer uses 4 channels per SM
Elastic buffer uses 4 channels per SM
Elastic buffer uses 4 channels per SM
Elastic buffer uses 4 channels per SM
Elastic buffer uses 4 channels per SM
Elastic buffer uses 4 channels per SM
Elastic buffer uses 4 channels per SM
Elastic buffer uses 4 channels per SM
Elastic buffer uses 4 channels per SM
Elastic buffer uses 4 channels per SM
Elastic buffer uses 4 channels per SM
Elastic buffer uses 4 channels per SM
Elastic buffer uses 4 channels per SM
Elastic buffer uses 4 channels per SM
Elastic buffer uses 4 channels per SM
Elastic buffer uses 4 channels per SM
Elastic buffer uses 4 channels per SM
Elastic buffer uses 4 channels per SM
Elastic buffer uses 4 channels per SM
USDT:2026-08-25 02:32:56 433:433 SyncActivityProfilerHandler.cpp:52] profiler_startUSDT:2026-08-25 02:32:56 435:435 SyncActivityProfilerHandler.cpp:52] profiler_startUSDT:2026-08-25 02:32:56 434:434 SyncActivityProfilerHandler.cpp:52] profiler_startUSDT:2026-08-25 02:32:56 438:438 SyncActivityProfilerHandler.cpp:52] profiler_startUSDT:2026-08-25 02:32:56 440:440 SyncActivityProfilerHandler.cpp:52] profiler_start
USDT:2026-08-25 02:32:56 437:437 SyncActivityProfilerHandler.cpp:52] profiler_startUSDT:2026-08-25 02:32:56 439:439 SyncActivityProfilerHandler.cpp:52] profiler_start

USDT:2026-08-25 02:32:56 436:436 SyncActivityProfilerHandler.cpp:52] profiler_start




Elastic buffer uses 4 channels per SM
Elastic buffer uses 4 channels per SM
Elastic buffer uses 4 channels per SM
Elastic buffer uses 4 channels per SM
Elastic buffer uses 4 channels per SM
Elastic buffer uses 4 channels per SM
Elastic buffer uses 4 channels per SM
Elastic buffer uses 4 channels per SM
Elastic buffer uses 4 channels per SM
Elastic buffer uses 4 channels per SM
Elastic buffer uses 4 channels per SM
Elastic buffer uses 4 channels per SM
Elastic buffer uses 4 channels per SM
Elastic buffer uses 4 channels per SM
Elastic buffer uses 4 channels per SM
Elastic buffer uses 4 channels per SM
Elastic buffer uses 4 channels per SM
Elastic buffer uses 4 channels per SM
Elastic buffer uses 4 channels per SM
Elastic buffer uses 4 channels per SM
Elastic buffer uses 4 channels per SM
Elastic buffer uses 4 channels per SM
Elastic buffer uses 4 channels per SM
Elastic buffer uses 4 channels per SM
Elastic buffer uses 4 channels per SM
Elastic buffer uses 4 channels per SM
Elastic buffer uses 4 channels per SM
Elastic buffer uses 4 channels per SM
Elastic buffer uses 4 channels per SM
Elastic buffer uses 4 channels per SM
Elastic buffer uses 4 channels per SM
Elastic buffer uses 4 channels per SM
Elastic buffer uses 4 channels per SM
Elastic buffer uses 4 channels per SM
Elastic buffer uses 4 channels per SM
Elastic buffer uses 4 channels per SM
Elastic buffer uses 4 channels per SM
Elastic buffer uses 4 channels per SM
Elastic buffer uses 4 channels per SM
Elastic buffer uses 4 channels per SM
Elastic buffer uses 4 channels per SM
Elastic buffer uses 4 channels per SM
Elastic buffer uses 4 channels per SM
Elastic buffer uses 4 channels per SM
Elastic buffer uses 4 channels per SM
Elastic buffer uses 4 channels per SM
Elastic buffer uses 4 channels per SM
Elastic buffer uses 4 channels per SM
Elastic buffer uses 4 channels per SM
Elastic buffer uses 4 channels per SM
Elastic buffer uses 4 channels per SM
Elastic buffer uses 4 channels per SM
Elastic buffer uses 4 channels per SM
Elastic buffer uses 4 channels per SM
Elastic buffer uses 4 channels per SM
Elastic buffer uses 4 channels per SM
Elastic buffer uses 4 channels per SM
Elastic buffer uses 4 channels per SM
Elastic buffer uses 4 channels per SM
Elastic buffer uses 4 channels per SM
Elastic buffer uses 4 channels per SM
Elastic buffer uses 4 channels per SM
Elastic buffer uses 4 channels per SM
Elastic buffer uses 4 channels per SM
Elastic buffer uses 4 channels per SM
Elastic buffer uses 4 channels per SM
Elastic buffer uses 4 channels per SM
Elastic buffer uses 4 channels per SM
Elastic buffer uses 4 channels per SM
Elastic buffer uses 4 channels per SM
Elastic buffer uses 4 channels per SM
Elastic buffer uses 4 channels per SM
Elastic buffer uses 4 channels per SM
Elastic buffer uses 4 channels per SM
Elastic buffer uses 4 channels per SM
Elastic buffer uses 4 channels per SM
Elastic buffer uses 4 channels per SM
Elastic buffer uses 4 channels per SM
Elastic buffer uses 4 channels per SM
Elastic buffer uses 4 channels per SM
Elastic buffer uses 4 channels per SM
Elastic buffer uses 4 channels per SM
Elastic buffer uses 4 channels per SM
Elastic buffer uses 4 channels per SM
Elastic buffer uses 4 channels per SM
Elastic buffer uses 4 channels per SM
Elastic buffer uses 4 channels per SM
Elastic buffer uses 4 channels per SM
Elastic buffer uses 4 channels per SM
Elastic buffer uses 4 channels per SM
Elastic buffer uses 4 channels per SM
Elastic buffer uses 4 channels per SM
Elastic buffer uses 4 channels per SM
Elastic buffer uses 4 channels per SM
Elastic buffer uses 4 channels per SM
Elastic buffer uses 4 channels per SM
Elastic buffer uses 4 channels per SM
Elastic buffer uses 4 channels per SM
Elastic buffer uses 4 channels per SM
Elastic buffer uses 4 channels per SM
Elastic buffer uses 4 channels per SM
Elastic buffer uses 4 channels per SM
Elastic buffer uses 4 channels per SM
Elastic buffer uses 4 channels per SM
Elastic buffer uses 4 channels per SM
Elastic buffer uses 4 channels per SM
Elastic buffer uses 4 channels per SM
Elastic buffer uses 4 channels per SM
Elastic buffer uses 4 channels per SM
Elastic buffer uses 4 channels per SM
Elastic buffer uses 4 channels per SM
Elastic buffer uses 4 channels per SM
Elastic buffer uses 4 channels per SM
Elastic buffer uses 4 channels per SM
Elastic buffer uses 4 channels per SM
Elastic buffer uses 4 channels per SM
Elastic buffer uses 4 channels per SM
Elastic buffer uses 4 channels per SM
Elastic buffer uses 4 channels per SM
Elastic buffer uses 4 channels per SM
Elastic buffer uses 4 channels per SM
Elastic buffer uses 4 channels per SM
Elastic buffer uses 4 channels per SM
Elastic buffer uses 4 channels per SM
Elastic buffer uses 4 channels per SM
Elastic buffer uses 4 channels per SM
Elastic buffer uses 4 channels per SM
Elastic buffer uses 4 channels per SM
Elastic buffer uses 4 channels per SM
Elastic buffer uses 4 channels per SM
Elastic buffer uses 4 channels per SM
Elastic buffer uses 4 channels per SM
Elastic buffer uses 4 channels per SM
Elastic buffer uses 4 channels per SM
Elastic buffer uses 4 channels per SM
Elastic buffer uses 4 channels per SM
Elastic buffer uses 4 channels per SM
Elastic buffer uses 4 channels per SM
Elastic buffer uses 4 channels per SM
Elastic buffer uses 4 channels per SM
Elastic buffer uses 4 channels per SM
Elastic buffer uses 4 channels per SM
Elastic buffer uses 4 channels per SM
Elastic buffer uses 4 channels per SM
Elastic buffer uses 4 channels per SM
Elastic buffer uses 4 channels per SM
Elastic buffer uses 4 channels per SM
Elastic buffer uses 4 channels per SM
Elastic buffer uses 4 channels per SM
Elastic buffer uses 4 channels per SM
Elastic buffer uses 4 channels per SM
Elastic buffer uses 4 channels per SM
Elastic buffer uses 4 channels per SM
Elastic buffer uses 4 channels per SM
Elastic buffer uses 4 channels per SM
Elastic buffer uses 4 channels per SM
Elastic buffer uses 4 channels per SM
Elastic buffer uses 4 channels per SM
Elastic buffer uses 4 channels per SM
Elastic buffer uses 4 channels per SM
Elastic buffer uses 4 channels per SM
Elastic buffer uses 4 channels per SM
Elastic buffer uses 4 channels per SM
Elastic buffer uses 4 channels per SM
Elastic buffer uses 4 channels per SM
Elastic buffer uses 4 channels per SM
Elastic buffer uses 4 channels per SM
Elastic buffer uses 4 channels per SM
Elastic buffer uses 4 channels per SM
Elastic buffer uses 4 channels per SM
Elastic buffer uses 4 channels per SM
Elastic buffer uses 4 channels per SM
Elastic buffer uses 4 channels per SM
Elastic buffer uses 4 channels per SM
Elastic buffer uses 4 channels per SM
Elastic buffer uses 4 channels per SM
Elastic buffer uses 4 channels per SM
Elastic buffer uses 4 channels per SM
Elastic buffer uses 4 channels per SM
Elastic buffer uses 4 channels per SM
Elastic buffer uses 4 channels per SM
Elastic buffer uses 4 channels per SM
Elastic buffer uses 4 channels per SM
Elastic buffer uses 4 channels per SM
Elastic buffer uses 4 channels per SM
Elastic buffer uses 4 channels per SM
Elastic buffer uses 4 channels per SM
Elastic buffer uses 4 channels per SM
Elastic buffer uses 4 channels per SM
Elastic buffer uses 4 channels per SM
Elastic buffer uses 4 channels per SM
Elastic buffer uses 4 channels per SM
Elastic buffer uses 4 channels per SM
Elastic buffer uses 4 channels per SM
Elastic buffer uses 4 channels per SM
Elastic buffer uses 4 channels per SM
Elastic buffer uses 4 channels per SM
Elastic buffer uses 4 channels per SM
Elastic buffer uses 4 channels per SM
Elastic buffer uses 4 channels per SM
Elastic buffer uses 4 channels per SM
Elastic buffer uses 4 channels per SM
Elastic buffer uses 4 channels per SM
Elastic buffer uses 4 channels per SM
Elastic buffer uses 4 channels per SM
Elastic buffer uses 4 channels per SM
Elastic buffer uses 4 channels per SM
Elastic buffer uses 4 channels per SM
Elastic buffer uses 4 channels per SM
Elastic buffer uses 4 channels per SM
Elastic buffer uses 4 channels per SM
Elastic buffer uses 4 channels per SM
Elastic buffer uses 4 channels per SM
Elastic buffer uses 4 channels per SM
Elastic buffer uses 4 channels per SM
Elastic buffer uses 4 channels per SM
Elastic buffer uses 4 channels per SM
Elastic buffer uses 4 channels per SM
Elastic buffer uses 4 channels per SM
Elastic buffer uses 4 channels per SM
Elastic buffer uses 4 channels per SM
Elastic buffer uses 4 channels per SM
Elastic buffer uses 4 channels per SM
Elastic buffer uses 4 channels per SM
Elastic buffer uses 4 channels per SM
Elastic buffer uses 4 channels per SM
Elastic buffer uses 4 channels per SM
Elastic buffer uses 4 channels per SM
Elastic buffer uses 4 channels per SM
Elastic buffer uses 4 channels per SM
Elastic buffer uses 4 channels per SM
Elastic buffer uses 4 channels per SM
Elastic buffer uses 4 channels per SM
Elastic buffer uses 4 channels per SM
Elastic buffer uses 4 channels per SM
Elastic buffer uses 4 channels per SM
Elastic buffer uses 4 channels per SM
Elastic buffer uses 4 channels per SM
Elastic buffer uses 4 channels per SM
Elastic buffer uses 4 channels per SM
USDT:2026-08-25 02:32:56 437:437 SyncActivityProfilerHandler.cpp:59] profiler_stopUSDT:2026-08-25 02:32:56 440:440 SyncActivityProfilerHandler.cpp:59] profiler_stopUSDT:2026-08-25 02:32:56 438:438 SyncActivityProfilerHandler.cpp:59] profiler_stopUSDT:2026-08-25 02:32:56 433:433 SyncActivityProfilerHandler.cpp:59] profiler_stop
USDT:2026-08-25 02:32:56 439:439 SyncActivityProfilerHandler.cpp:59] profiler_stopUSDT:2026-08-25 02:32:56 435:435 SyncActivityProfilerHandler.cpp:59] profiler_stop




USDT:2026-08-25 02:32:56 436:436 SyncActivityProfilerHandler.cpp:59] profiler_stop
USDT:2026-08-25 02:32:56 434:434 SyncActivityProfilerHandler.cpp:59] profiler_stop
   # EP:   8/16 | cached dispatch: 5 GB/s (SO), 15 GB/s (SU), 377.117 us, 5833152 bytes | copy: 111 GB/s, 104.740 us
   # EP:  12/16 | cached dispatch: 5 GB/s (SO), 16 GB/s (SU), 377.208 us, 6117696 bytes | copy: 103 GB/s, 118.936 us
   # EP:  10/16 | cached dispatch: 5 GB/s (SO), 17 GB/s (SU), 376.980 us, 6312384 bytes | copy: 786 GB/s, 16.056 us
   # EP:  15/16 | cached dispatch: 4 GB/s (SO), 16 GB/s (SU), 377.238 us, 6005376 bytes | copy: 102 GB/s, 117.203 us
   # EP:  13/16 | cached dispatch: 5 GB/s (SO), 15 GB/s (SU), 377.201 us, 5728320 bytes | copy: 95 GB/s, 120.664 us
   # EP:  14/16 | cached dispatch: 5 GB/s (SO), 16 GB/s (SU), 376.942 us, 6162624 bytes | copy: 1221 GB/s, 10.097 us
   # EP:  11/16 | cached dispatch: 5 GB/s (SO), 15 GB/s (SU), 377.070 us, 5698368 bytes | copy: 566 GB/s, 20.149 us
   # EP:   9/16 | cached dispatch: 5 GB/s (SO), 15 GB/s (SU), 377.264 us, 5773248 bytes | copy: 100 GB/s, 114.898 us
USDT:2026-08-25 02:32:56 438:438 SyncActivityProfilerHandler.cpp:52] profiler_startUSDT:2026-08-25 02:32:56 437:437 SyncActivityProfilerHandler.cpp:52] profiler_startUSDT:2026-08-25 02:32:56 435:435 SyncActivityProfilerHandler.cpp:52] profiler_start

USDT:2026-08-25 02:32:56 440:440 SyncActivityProfilerHandler.cpp:52] profiler_start

USDT:2026-08-25 02:32:56 436:436 SyncActivityProfilerHandler.cpp:52] profiler_startUSDT:2026-08-25 02:32:56 439:439 SyncActivityProfilerHandler.cpp:52] profiler_start

USDT:2026-08-25 02:32:56 433:433 SyncActivityProfilerHandler.cpp:52] profiler_start
USDT:2026-08-25 02:32:56 434:434 SyncActivityProfilerHandler.cpp:52] profiler_start
USDT:2026-08-25 02:32:57 438:438 SyncActivityProfilerHandler.cpp:59] profiler_stop
USDT:2026-08-25 02:32:57 433:433 SyncActivityProfilerHandler.cpp:59] profiler_stopUSDT:2026-08-25 02:32:57 436:436 SyncActivityProfilerHandler.cpp:59] profiler_stop
USDT:2026-08-25 02:32:57 440:440 SyncActivityProfilerHandler.cpp:59] profiler_stopUSDT:2026-08-25 02:32:57 435:435 SyncActivityProfilerHandler.cpp:59] profiler_stop
USDT:2026-08-25 02:32:57 439:439 SyncActivityProfilerHandler.cpp:59] profiler_stop


USDT:2026-08-25 02:32:57 434:434 SyncActivityProfilerHandler.cpp:59] profiler_stop
USDT:2026-08-25 02:32:57 437:437 SyncActivityProfilerHandler.cpp:59] profiler_stop
   @ EP:  10/16 | combine: 18 GB/s (SO), 66 GB/s (SU), 183.798 us, 12112224 bytes | reduce: 939 GB/s, 5.402 us
   @ EP:   8/16 | combine: 20 GB/s (SO), 65 GB/s (SU), 172.356 us, 11192672 bytes | reduce: 1040 GB/s, 4.958 us
   @ EP:  13/16 | combine: 19 GB/s (SO), 64 GB/s (SU), 170.548 us, 10991520 bytes | reduce: 954 GB/s, 5.194 us
   @ EP:  15/16 | combine: 19 GB/s (SO), 66 GB/s (SU), 173.482 us, 11523136 bytes | reduce: 926 GB/s, 5.244 us
   @ EP:  14/16 | combine: 18 GB/s (SO), 63 GB/s (SU), 187.102 us, 11824864 bytes | reduce: 1012 GB/s, 4.854 us
   @ EP:  11/16 | combine: 18 GB/s (SO), 60 GB/s (SU), 182.575 us, 10934048 bytes | reduce: 941 GB/s, 5.344 us
   @ EP:  12/16 | combine: 19 GB/s (SO), 67 GB/s (SU), 174.600 us, 11738656 bytes | reduce: 980 GB/s, 5.088 us
   @ EP:   9/16 | combine: 20 GB/s (SO), 64 GB/s (SU), 172.116 us, 11077728 bytes | reduce: 945 GB/s, 5.411 us
USDT:2026-08-25 02:32:57 440:440 SyncActivityProfilerHandler.cpp:52] profiler_startUSDT:2026-08-25 02:32:57 437:437 SyncActivityProfilerHandler.cpp:52] profiler_startUSDT:2026-08-25 02:32:57 433:433 SyncActivityProfilerHandler.cpp:52] profiler_start

USDT:2026-08-25 02:32:57 438:438 SyncActivityProfilerHandler.cpp:52] profiler_start

USDT:2026-08-25 02:32:57 436:436 SyncActivityProfilerHandler.cpp:52] profiler_startUSDT:2026-08-25 02:32:57 435:435 SyncActivityProfilerHandler.cpp:52] profiler_start

USDT:2026-08-25 02:32:57 434:434 SyncActivityProfilerHandler.cpp:52] profiler_start
USDT:2026-08-25 02:32:57 439:439 SyncActivityProfilerHandler.cpp:52] profiler_start
USDT:2026-08-25 02:32:57 438:438 SyncActivityProfilerHandler.cpp:59] profiler_stopUSDT:2026-08-25 02:32:57 433:433 SyncActivityProfilerHandler.cpp:59] profiler_stop
USDT:2026-08-25 02:32:57 440:440 SyncActivityProfilerHandler.cpp:59] profiler_stop

USDT:2026-08-25 02:32:57 437:437 SyncActivityProfilerHandler.cpp:59] profiler_stop
USDT:2026-08-25 02:32:57 435:435 SyncActivityProfilerHandler.cpp:59] profiler_stopUSDT:2026-08-25 02:32:57 436:436 SyncActivityProfilerHandler.cpp:59] profiler_stop

USDT:2026-08-25 02:32:57 439:439 SyncActivityProfilerHandler.cpp:59] profiler_stop
USDT:2026-08-25 02:32:57 434:434 SyncActivityProfilerHandler.cpp:59] profiler_stop
   + EP:   8/16 | reduced combine: 18 GB/s (SO), 58 GB/s (SU), 191.674 us, 11192672 bytes | reduce: 947 GB/s, 5.447 us
   + EP:  10/16 | reduced combine: 17 GB/s (SO), 61 GB/s (SU), 199.016 us, 12112224 bytes | reduce: 940 GB/s, 5.397 us
   + EP:  13/16 | reduced combine: 18 GB/s (SO), 59 GB/s (SU), 185.376 us, 10991520 bytes | reduce: 892 GB/s, 5.558 us
   + EP:  12/16 | reduced combine: 17 GB/s (SO), 60 GB/s (SU), 196.635 us, 11738656 bytes | reduce: 945 GB/s, 5.274 us
   + EP:  15/16 | reduced combine: 17 GB/s (SO), 60 GB/s (SU), 192.471 us, 11523136 bytes | reduce: 864 GB/s, 5.621 us
   + EP:  11/16 | reduced combine: 17 GB/s (SO), 55 GB/s (SU), 197.993 us, 10934048 bytes | reduce: 948 GB/s, 5.304 us
   + EP:  14/16 | reduced combine: 16 GB/s (SO), 58 GB/s (SU), 203.426 us, 11824864 bytes | reduce: 918 GB/s, 5.351 us
   + EP:   9/16 | reduced combine: 18 GB/s (SO), 57 GB/s (SU), 193.705 us, 11077728 bytes | reduce: 934 GB/s, 5.476 us

Elastic buffer uses 4 channels per SM
Elastic buffer uses 4 channels per SM
Elastic buffer uses 4 channels per SM
Elastic buffer uses 4 channels per SM
Elastic buffer uses 4 channels per SM
Elastic buffer uses 4 channels per SM
Elastic buffer uses 4 channels per SM
Elastic buffer uses 4 channels per SM
CPU side received count (scaleup: 1): -98 -100 -92 -98 -93 -112 -91 -95 # -129 -129 -129 -129 -129 -129 -129 -129 -129 -129 -129CPU side received count (scaleup: 0): -103 -115 -100 -99 -95 -94 -93 -88 # -129 -129 -129 -129 -129 -129 -129 -129 -129 -129 -12CPU side received count (scaleup: 5): -109 -96 -110 -97 -79 -88 -101 -93 # -129 -129 -129 -129 -129 -129 -129 -129 -129 -129 -12CPU side received count (scaleup: 2): -113 -110 -119 -102 -106 -98 -113 -90 # -129 -129 -129 -129 -129 -129 -129 -129 -129 -129 CPU side received count (scaleup: 3): -95 -99 -93 -90 -90 -92 -100 -110 # -129 -129 -129 -129 -129 -129 -129 -129 -129 -129 -129CPU side received count (scaleup: 7): -117 -106 -99 -100 -99 -104 -95 -90 # -129 -129 -129 -129 -129 -129 -129 -129 -129 -129 -1CPU side received count (scaleup: 4): -103 -111 -100 -114 -99 -97 -94 -107 # -129 -129 -129 -129 -129 -129 -129 -129 -129 -129 -CPU side received count (scaleup: 6): -99 -115 -91 -114 -99 -97 -105 -111 # -129 -129 -129 -129 -129 -129 -129 -129 -129 -129 -1 -129 -129 -129 -129 -129 
9 -129 -129 -129 -129 -129 
9 -129 -129 -129 -129 -129 
-129 -129 -129 -129 -129 -129 
 -129 -129 -129 -129 -129 
29 -129 -129 -129 -129 -129 
129 -129 -129 -129 -129 -129 
29 -129 -129 -129 -129 -129 

