=== EP_NIC_NAME=rdmap110s0 (auto, 200 Gb/s) ===
+ docker run --rm --gpus all --privileged --network=host --ipc=host --ulimit memlock=-1 --ulimit stack=67108864 --device=/dev/infiniband --device=/dev/gdrdrv -v /sys/class/infiniband:/sys/class/infiniband:ro -e MASTER_ADDR=172.31.20.74 -e MASTER_PORT=29561 -e WORLD_SIZE=4 -e RANK=3 -e NCCL_DEBUG=WARN -e EP_NIC_NAME=rdmap110s0 -e EP_BUFFER_DEBUG=1 -e PYTHONUNBUFFERED=1 -e PYTHONFAULTHANDLER=1 deepep-v2-efa-official:dev bash -lc 'timeout -s ABRT --kill-after=60 1500     python3 -u /opt/DeepEP/tests/elastic/test_ep.py     --num-processes=8 --num-tokens=128     --hidden=7168 --num-topk=8 --num-experts=256     --num-sms=12 --allow-hybrid-mode=1     --prefer-overlap-with-compute=0 --test-first-only      '

==========
== CUDA ==
==========

CUDA Version 13.0.2

Container image Copyright (c) 2016-2023, NVIDIA CORPORATION & AFFILIATES. All rights reserved.

This container image and its contents are governed by the NVIDIA Deep Learning Container License.
By pulling and using the container, you accept the terms and conditions of this license:
https://developer.nvidia.com/ngc/nvidia-deep-learning-container-license

A copy of this license is made available in this container at /NGC-DL-CONTAINER-LICENSE for your convenience.

DeepEP hybrid kernel selection: unordered
DeepEP hybrid kernel selection: unordered
DeepEP hybrid kernel selection: unordered
Initializing EP elastic buffer with 681574400 bytes (cpu: 0) at rank EP 30/32
DeepEP hybrid kernel selection: unordered
Initializing EP elastic buffer with 681574400 bytes (cpu: 0) at rank EP 31/32DeepEP hybrid kernel selection: unordered

DeepEP hybrid kernel selection: unordered
Initializing EP elastic buffer with 681574400 bytes (cpu: 0) at rank EP 27/32
DeepEP hybrid kernel selection: unordered
Initializing EP elastic buffer with 681574400 bytes (cpu: 0) at rank EP 28/32Initializing EP elastic buffer with 681574400 bytes (cpu: 0) at rank EP 29/32

Initializing EP elastic buffer with 681574400 bytes (cpu: 0) at rank EP 25/32
DeepEP hybrid kernel selection: unordered
Initializing EP elastic buffer with 681574400 bytes (cpu: 0) at rank EP 24/32
Initializing EP elastic buffer with 681574400 bytes (cpu: 0) at rank EP 26/32
DeepEP initialized with NCCL version: 2.31.2 (loaded library)
DeepEP initialized with NCCL version: 2.31.2 (loaded library)
EP NCCL device communicator has 0 allocated QPs
EP NCCL device communicator has 0 allocated QPs
DeepEP hybrid kernel selection: unordered
DeepEP hybrid kernel selection: unordered
GIN layout: gin_context_cnt=11, gin_indexed_signals_cnt=21, num_qp=11
GIN layout: gin_context_cnt=11, gin_indexed_signals_cnt=21, num_qp=11
DeepEP initialized with NCCL version: 2.31.2 (loaded library)
EP NCCL device communicator has 0 allocated QPs
DeepEP hybrid kernel selection: unordered
GIN layout: gin_context_cnt=11, gin_indexed_signals_cnt=21, num_qp=11
DeepEP initialized with NCCL version: 2.31.2 (loaded library)
EP NCCL device communicator has 0 allocated QPs
DeepEP hybrid kernel selection: unordered
GIN layout: gin_context_cnt=11, gin_indexed_signals_cnt=21, num_qp=11
DeepEP initialized with NCCL version: 2.31.2 (loaded library)
EP NCCL device communicator has 0 allocated QPs
DeepEP hybrid kernel selection: unordered
GIN layout: gin_context_cnt=11, gin_indexed_signals_cnt=21, num_qp=11
DeepEP initialized with NCCL version: 2.31.2 (loaded library)
EP NCCL device communicator has 0 allocated QPs
DeepEP hybrid kernel selection: unordered
GIN layout: gin_context_cnt=11, gin_indexed_signals_cnt=21, num_qp=11
DeepEP initialized with NCCL version: 2.31.2 (loaded library)
EP NCCL device communicator has 0 allocated QPs
DeepEP initialized with NCCL version: 2.31.2 (loaded library)
EP NCCL device communicator has 0 allocated QPs
DeepEP hybrid kernel selection: unordered
DeepEP hybrid kernel selection: unordered
GIN layout: gin_context_cnt=11, gin_indexed_signals_cnt=21, num_qp=11
GIN layout: gin_context_cnt=11, gin_indexed_signals_cnt=21, num_qp=11
Config:
 > Ranks: 4 x 8
 > Experts: 8/256
 > Tokens: 104 (max: 128), hidden: 7168
 > #SM: 12, #QPs: 11/11

Running all test cases:
 > Testing with do_handle_copy=1, expert_alignment=128, use_fp8_dispatch=1, num_bias=0, with_previous_event=0, async_with_compute_stream=0, allocate_on_comm_stream=0 ...
Elastic buffer uses 4 channels per SM
Elastic buffer uses 4 channels per SM
Elastic buffer uses 4 channels per SM
Elastic buffer uses 4 channels per SM
Elastic buffer uses 4 channels per SM
Elastic buffer uses 4 channels per SM
Elastic buffer uses 4 channels per SM
Elastic buffer uses 4 channels per SM
CPU side received count (scaleup: 6): -104 -104 -101 -100 -120 -110 -107 -109 # -129 -129 -129 -129 -129 -257 -129 -129 
CPU side received count (scaleup: 1): -107 -113 -97 -105 -87 -80 -94 -108 # -129 -129 -129 -129 -129 -129 -129 -129 
CPU side received count (scaleup: 2): -105 -111 -115 -91 -103 -112 -110 -89 # -129 -129 -129 -129 -129 -257 -129 -129 
CPU side received count (scaleup: 7): -101 -97 -90 -100 -117 -101 -84 -109 # -129 -129 -129 -129 -129 -129 -129 -129 
CPU side received count (scaleup: 0): -100 -109 -96 -109 -121 -113 -118 -100 # -129 -129 -129 -129 -129 -129 -129 -129 
CPU side received count (scaleup: 3): -106 -109 -100 -120 -96 -108 -107 -92 # -129 -129 -129 -257 -129 -257 -129 -129 
CPU side received count (scaleup: 5): -104 -112 -102 -101 -88 -88 -98 -92 # -129 -129 -129 -129 -129 -129 -129 -129 
CPU side received count (scaleup: 4): -110 -92 -102 -111 -107 -117 -103 -91 # -129 -129 -129 -129 -129 -129 -129 -129 
Elastic buffer uses 4 channels per SM
Elastic buffer uses 4 channels per SM
Elastic buffer uses 4 channels per SM
Elastic buffer uses 4 channels per SM
Elastic buffer uses 4 channels per SM
Elastic buffer uses 4 channels per SM
Elastic buffer uses 4 channels per SM
Elastic buffer uses 4 channels per SM
CPU side received count (scaleup: 2): -105 -111 -115 -91 -103 -112 -110 -89 # -129 -129 -129 -129 -129 -257 -129 -129 
CPU side received count (scaleup: 1): -107 -113 -97 -105 -87 -80 -94 -108 # -129 -129 -129 -129 -129 -129 -129 -129 
CPU side received count (scaleup: 6): -104 -104 -101 -100 -120 -110 -107 -109 # -129 -129 -129 -129 -129 -257 -129 -129 
CPU side received count (scaleup: 4): -110 -92 -102 -111 -107 -117 -103 -91 # -129 -129 -129 -129 -129 -129 -129 -129 
CPU side received count (scaleup: 3): -106 -109 -100 -120 -96 -108 -107 -92 # -129 -129 -129 -257 -129 -257 -129 -129 
CPU side received count (scaleup: 0): -100 -109 -96 -109 -121 -113 -118 -100 # -129 -129 -129 -129 -129 -129 -129 -129 
CPU side received count (scaleup: 7): -101 -97 -90 -100 -117 -101 -84 -109 # -129 -129 -129 -129 -129 -129 -129 -129 
CPU side received count (scaleup: 5): -104 -112 -102 -101 -88 -88 -98 -92 # -129 -129 -129 -129 -129 -129 -129 -129 
Elastic buffer uses 4 channels per SM
Elastic buffer uses 4 channels per SM
Elastic buffer uses 4 channels per SM
Elastic buffer uses 4 channels per SM
Elastic buffer uses 4 channels per SM
Elastic buffer uses 4 channels per SM
Elastic buffer uses 4 channels per SM
Elastic buffer uses 4 channels per SM
Elastic buffer uses 4 channels per SM
Elastic buffer uses 4 channels per SM
Elastic buffer uses 4 channels per SM
Elastic buffer uses 4 channels per SM
Elastic buffer uses 4 channels per SM
Elastic buffer uses 4 channels per SM
Elastic buffer uses 4 channels per SM
Elastic buffer uses 4 channels per SM
Elastic buffer uses 4 channels per SM
Elastic buffer uses 4 channels per SM
Elastic buffer uses 4 channels per SM
Elastic buffer uses 4 channels per SM
Elastic buffer uses 4 channels per SM
Elastic buffer uses 4 channels per SM
Elastic buffer uses 4 channels per SM
Elastic buffer uses 4 channels per SM
CPU side received count (scaleup: 7): -101 -97 -90 -100 -117 -101 -84 -109 # -129 -129 -129 -129 -129 -129 -129 -129 
CPU side received count (scaleup: 6): -104 -104 -101 -100 -120 -110 -107 -109 # -129 -129 -129 -129 -129 -257 -129 -129 
CPU side received count (scaleup: 0): -100 -109 -96 -109 -121 -113 -118 -100 # -129 -129 -129 -129 -129 -129 -129 -129 
CPU side received count (scaleup: 1): -107 -113 -97 -105 -87 -80 -94 -108 # -129 -129 -129 -129 -129 -129 -129 -129 
CPU side received count (scaleup: 5): -104 -112 -102 -101 -88 -88 -98 -92 # -129 -129 -129 -129 -129 -129 -129 -129 
CPU side received count (scaleup: 3): -106 -109 -100 -120 -96 -108 -107 -92 # -129 -129 -129 -257 -129 -257 -129 -129 
CPU side received count (scaleup: 4): -110 -92 -102 -111 -107 -117 -103 -91 # -129 -129 -129 -129 -129 -129 -129 -129 
CPU side received count (scaleup: 2): -105 -111 -115 -91 -103 -112 -110 -89 # -129 -129 -129 -129 -129 -257 -129 -129 
Elastic buffer uses 4 channels per SM
Elastic buffer uses 4 channels per SM
Elastic buffer uses 4 channels per SM
Elastic buffer uses 4 channels per SM
Elastic buffer uses 4 channels per SM
Elastic buffer uses 4 channels per SM
Elastic buffer uses 4 channels per SM
Elastic buffer uses 4 channels per SM
CPU side received count (scaleup: 6): -104 -104 -101 -100 -120 -110 -107 -109 # -129 -129 -129 -129 -129 -257 -129 -129 
CPU side received count (scaleup: 2): -105 -111 -115 -91 -103 -112 -110 -89 # -129 -129 -129 -129 -129 -257 -129 -129 
CPU side received count (scaleup: 0): -100 -109 -96 -109 -121 -113 -118 -100 # -129 -129 -129 -129 -129 -129 -129 -129 
CPU side received count (scaleup: 5): -104 -112 -102 -101 -88 -88 -98 -92 # -129 -129 -129 -129 -129 -129 -129 -129 
CPU side received count (scaleup: 4): -110 -92 -102 -111 -107 -117 -103 -91 # -129 -129 -129 -129 -129 -129 -129 -129 
CPU side received count (scaleup: 7): -101 -97 -90 -100 -117 -101 -84 -109 # -129 -129 -129 -129 -129 -129 -129 -129 
CPU side received count (scaleup: 3): -106 -109 -100 -120 -96 -108 -107 -92 # -129 -129 -129 -257 -129 -257 -129 -129 
CPU side received count (scaleup: 1): -107 -113 -97 -105 -87 -80 -94 -108 # -129 -129 -129 -129 -129 -129 -129 -129 
Elastic buffer uses 4 channels per SM
Elastic buffer uses 4 channels per SM
Elastic buffer uses 4 channels per SM
Elastic buffer uses 4 channels per SM
Elastic buffer uses 4 channels per SM
Elastic buffer uses 4 channels per SM
Elastic buffer uses 4 channels per SM
Elastic buffer uses 4 channels per SM
CPU side received count (scaleup: 3): -106 -109 -100 -120 -96 -108 -107 -92 # -129 -129 -129 -257 -129 -257 -129 -129 
CPU side received count (scaleup: 2): -105 -111 -115 -91 -103 -112 -110 -89 # -129 -129 -129 -129 -129 -257 -129 -129 
CPU side received count (scaleup: 6): -104 -104 -101 -100 -120 -110 -107 -109 # -129 -129 -129 -129 -129 -257 -129 -129 
CPU side received count (scaleup: 5): -104 -112 -102 -101 -88 -88 -98 -92 # -129 -129 -129 -129 -129 -129 -129 -129 
CPU side received count (scaleup: 4): -110 -92 -102 -111 -107 -117 -103 -91 # -129 -129 -129 -129 -129 -129 -129 -129 
CPU side received count (scaleup: 7): -101 -97 -90 -100 -117 -101 -84 -109 # -129 -129 -129 -129 -129 -129 -129 -129 
CPU side received count (scaleup: 0): -100 -109 -96 -109 -121 -113 -118 -100 # -129 -129 -129 -129 -129 -129 -129 -129 
CPU side received count (scaleup: 1): -107 -113 -97 -105 -87 -80 -94 -108 # -129 -129 -129 -129 -129 -129 -129 -129 
Elastic buffer uses 4 channels per SM
Elastic buffer uses 4 channels per SM
Elastic buffer uses 4 channels per SM
Elastic buffer uses 4 channels per SM
Elastic buffer uses 4 channels per SM
Elastic buffer uses 4 channels per SM
Elastic buffer uses 4 channels per SM
Elastic buffer uses 4 channels per SM
CPU side received count (scaleup: 2): -105 -111 -115 -91 -103 -112 -110 -89 # -129 -129 -129 -129 -129 -257 -129 -129 
CPU side received count (scaleup: 7): -101 -97 -90 -100 -117 -101 -84 -109 # -129 -129 -129 -129 -129 -129 -129 -129 
CPU side received count (scaleup: 3): -106 -109 -100 -120 -96 -108 -107 -92 # -129 -129 -129 -257 -129 -257 -129 -129 
CPU side received count (scaleup: 0): -100 -109 -96 -109 -121 -113 -118 -100 # -129 -129 -129 -129 -129 -129 -129 -129 
CPU side received count (scaleup: 1): -107 -113 -97 -105 -87 -80 -94 -108 # -129 -129 -129 -129 -129 -129 -129 -129 
CPU side received count (scaleup: 4): -110 -92 -102 -111 -107 -117 -103 -91 # -129 -129 -129 -129 -129 -129 -129 -129 
CPU side received count (scaleup: 5): -104 -112 -102 -101 -88 -88 -98 -92 # -129 -129 -129 -129 -129 -129 -129 -129 
CPU side received count (scaleup: 6): -104 -104 -101 -100 -120 -110 -107 -109 # -129 -129 -129 -129 -129 -257 -129 -129 
Elastic buffer uses 4 channels per SM
Elastic buffer uses 4 channels per SM
Elastic buffer uses 4 channels per SM
Elastic buffer uses 4 channels per SM
Elastic buffer uses 4 channels per SM
Elastic buffer uses 4 channels per SM
Elastic buffer uses 4 channels per SM
Elastic buffer uses 4 channels per SM
CPU side received count (scaleup: 6): -104 -104 -101 -100 -120 -110 -107 -109 # -129 -129 -129 -129 -129 -257 -129 -129 
CPU side received count (scaleup: 7): -101 -97 -90 -100 -117 -101 -84 -109 # -129 -129 -129 -129 -129 -129 -129 -129 
CPU side received count (scaleup: 5): -104 -112 -102 -101 -88 -88 -98 -92 # -129 -129 -129 -129 -129 -129 -129 -129 
CPU side received count (scaleup: 4): -110 -92 -102 -111 -107 -117 -103 -91 # -129 -129 -129 -129 -129 -129 -129 -129 
CPU side received count (scaleup: 3): -106 -109 -100 -120 -96 -108 -107 -92 # -129 -129 -129 -257 -129 -257 -129 -129 
CPU side received count (scaleup: 2): -105 -111 -115 -91 -103 -112 -110 -89 # -129 -129 -129 -129 -129 -257 -129 -129 
CPU side received count (scaleup: 1): -107 -113 -97 -105 -87 -80 -94 -108 # -129 -129 -129 -129 -129 -129 -129 -129 
CPU side received count (scaleup: 0): -100 -109 -96 -109 -121 -113 -118 -100 # -129 -129 -129 -129 -129 -129 -129 -129 
Elastic buffer uses 4 channels per SM
Elastic buffer uses 4 channels per SM
Elastic buffer uses 4 channels per SM
Elastic buffer uses 4 channels per SM
Elastic buffer uses 4 channels per SM
Elastic buffer uses 4 channels per SM
Elastic buffer uses 4 channels per SM
Elastic buffer uses 4 channels per SM
CPU side received count (scaleup: 2): -105 -111 -115 -91 -103 -112 -110 -89 # -129 -129 -129 -129 -129 -257 -129 -129 
CPU side received count (scaleup: 6): -104 -104 -101 -100 -120 -110 -107 -109 # -129 -129 -129 -129 -129 -257 -129 -129 
CPU side received count (scaleup: 7): -101 -97 -90 -100 -117 -101 -84 -109 # -129 -129 -129 -129 -129 -129 -129 -129 
CPU side received count (scaleup: 5): -104 -112 -102 -101 -88 -88 -98 -92 # -129 -129 -129 -129 -129 -129 -129 -129 
CPU side received count (scaleup: 3): -106 -109 -100 -120 -96 -108 -107 -92 # -129 -129 -129 -257 -129 -257 -129 -129 
CPU side received count (scaleup: 4): -110 -92 -102 -111 -107 -117 -103 -91 # -129 -129 -129 -129 -129 -129 -129 -129 
CPU side received count (scaleup: 0): -100 -109 -96 -109 -121 -113 -118 -100 # -129 -129 -129 -129 -129 -129 -129 -129 
CPU side received count (scaleup: 1): -107 -113 -97 -105 -87 -80 -94 -108 # -129 -129 -129 -129 -129 -129 -129 -129 
Elastic buffer uses 4 channels per SM
Elastic buffer uses 4 channels per SM
Elastic buffer uses 4 channels per SM
Elastic buffer uses 4 channels per SM
Elastic buffer uses 4 channels per SM
Elastic buffer uses 4 channels per SM
Elastic buffer uses 4 channels per SM
Elastic buffer uses 4 channels per SM
CPU side received count (scaleup: 5): -104 -112 -102 -101 -88 -88 -98 -92 # -129 -129 -129 -129 -129 -129 -129 -129 
CPU side received count (scaleup: 7): -101 -97 -90 -100 -117 -101 -84 -109 # -129 -129 -129 -129 -129 -129 -129 -129 
CPU side received count (scaleup: 6): -104 -104 -101 -100 -120 -110 -107 -109 # -129 -129 -129 -129 -129 -257 -129 -129 
CPU side received count (scaleup: 4): -110 -92 -102 -111 -107 -117 -103 -91 # -129 -129 -129 -129 -129 -129 -129 -129 
CPU side received count (scaleup: 3): -106 -109 -100 -120 -96 -108 -107 -92 # -129 -129 -129 -257 -129 -257 -129 -129 
CPU side received count (scaleup: 2): -105 -111 -115 -91 -103 -112 -110 -89 # -129 -129 -129 -129 -129 -257 -129 -129 
CPU side received count (scaleup: 0): -100 -109 -96 -109 -121 -113 -118 -100 # -129 -129 -129 -129 -129 -129 -129 -129 
CPU side received count (scaleup: 1): -107 -113 -97 -105 -87 -80 -94 -108 # -129 -129 -129 -129 -129 -129 -129 -129 
Elastic buffer uses 4 channels per SM
Elastic buffer uses 4 channels per SM
Elastic buffer uses 4 channels per SM
Elastic buffer uses 4 channels per SM
Elastic buffer uses 4 channels per SM
Elastic buffer uses 4 channels per SM
Elastic buffer uses 4 channels per SM
Elastic buffer uses 4 channels per SM
CPU side received count (scaleup: 7): -101 -97 -90 -100 -117 -101 -84 -109 # -129 -129 -129 -129 -129 -129 -129 -129 
CPU side received count (scaleup: 4): -110 -92 -102 -111 -107 -117 -103 -91 # -129 -129 -129 -129 -129 -129 -129 -129 
CPU side received count (scaleup: 2): -105 -111 -115 -91 -103 -112 -110 -89 # -129 -129 -129 -129 -129 -257 -129 -129 
CPU side received count (scaleup: 5): -104 -112 -102 -101 -88 -88 -98 -92 # -129 -129 -129 -129 -129 -129 -129 -129 
CPU side received count (scaleup: 6): -104 -104 -101 -100 -120 -110 -107 -109 # -129 -129 -129 -129 -129 -257 -129 -129 
CPU side received count (scaleup: 3): -106 -109 -100 -120 -96 -108 -107 -92 # -129 -129 -129 -257 -129 -257 -129 -129 
CPU side received count (scaleup: 0): -100 -109 -96 -109 -121 -113 -118 -100 # -129 -129 -129 -129 -129 -129 -129 -129 
CPU side received count (scaleup: 1): -107 -113 -97 -105 -87 -80 -94 -108 # -129 -129 -129 -129 -129 -129 -129 -129 
Elastic buffer uses 4 channels per SM
Elastic buffer uses 4 channels per SM
Elastic buffer uses 4 channels per SM
Elastic buffer uses 4 channels per SM
Elastic buffer uses 4 channels per SM
Elastic buffer uses 4 channels per SM
Elastic buffer uses 4 channels per SM
Elastic buffer uses 4 channels per SM
CPU side received count (scaleup: 7): -101 -97 -90 -100 -117 -101 -84 -109 # -129 -129 -129 -129 -129 -129 -129 -129 
CPU side received count (scaleup: 4): -110 -92 -102 -111 -107 -117 -103 -91 # -129 -129 -129 -129 -129 -129 -129 -129 
CPU side received count (scaleup: 5): -104 -112 -102 -101 -88 -88 -98 -92 # -129 -129 -129 -129 -129 -129 -129 -129 
CPU side received count (scaleup: 3): -106 -109 -100 -120 -96 -108 -107 -92 # -129 -129 -129 -257 -129 -257 -129 -129 
CPU side received count (scaleup: 6): -104 -104 -101 -100 -120 -110 -107 -109 # -129 -129 -129 -129 -129 -257 -129 -129 
CPU side received count (scaleup: 2): -105 -111 -115 -91 -103 -112 -110 -89 # -129 -129 -129 -129 -129 -257 -129 -129 
CPU side received count (scaleup: 1): -107 -113 -97 -105 -87 -80 -94 -108 # -129 -129 -129 -129 -129 -129 -129 -129 
CPU side received count (scaleup: 0): -100 -109 -96 -109 -121 -113 -118 -100 # -129 -129 -129 -129 -129 -129 -129 -129 
Elastic buffer uses 4 channels per SM
Elastic buffer uses 4 channels per SM
Elastic buffer uses 4 channels per SM
Elastic buffer uses 4 channels per SM
Elastic buffer uses 4 channels per SM
Elastic buffer uses 4 channels per SM
Elastic buffer uses 4 channels per SM
Elastic buffer uses 4 channels per SM
CPU side received count (scaleup: 7): -101 -97 -90 -100 -117 -101 -84 -109 # -129 -129 -129 -129 -129 -129 -129 -129 
CPU side received count (scaleup: 3): -106 -109 -100 -120 -96 -108 -107 -92 # -129 -129 -129 -257 -129 -257 -129 -129 
CPU side received count (scaleup: 2): -105 -111 -115 -91 -103 -112 -110 -89 # -129 -129 -129 -129 -129 -257 -129 -129 
CPU side received count (scaleup: 6): -104 -104 -101 -100 -120 -110 -107 -109 # -129 -129 -129 -129 -129 -257 -129 -129 
CPU side received count (scaleup: 0): -100 -109 -96 -109 -121 -113 -118 -100 # -129 -129 -129 -129 -129 -129 -129 -129 
CPU side received count (scaleup: 4): -110 -92 -102 -111 -107 -117 -103 -91 # -129 -129 -129 -129 -129 -129 -129 -129 
CPU side received count (scaleup: 5): -104 -112 -102 -101 -88 -88 -98 -92 # -129 -129 -129 -129 -129 -129 -129 -129 
CPU side received count (scaleup: 1): -107 -113 -97 -105 -87 -80 -94 -108 # -129 -129 -129 -129 -129 -129 -129 -129 
Elastic buffer uses 4 channels per SM
Elastic buffer uses 4 channels per SM
Elastic buffer uses 4 channels per SM
Elastic buffer uses 4 channels per SM
Elastic buffer uses 4 channels per SM
Elastic buffer uses 4 channels per SM
Elastic buffer uses 4 channels per SM
Elastic buffer uses 4 channels per SM
CPU side received count (scaleup: 7): -101 -97 -90 -100 -117 -101 -84 -109 # -129 -129 -129 -129 -129 -129 -129 -129 
CPU side received count (scaleup: 6): -104 -104 -101 -100 -120 -110 -107 -109 # -129 -129 -129 -129 -129 -257 -129 -129 
CPU side received count (scaleup: 4): -110 -92 -102 -111 -107 -117 -103 -91 # -129 -129 -129 -129 -129 -129 -129 -129 
CPU side received count (scaleup: 5): -104 -112 -102 -101 -88 -88 -98 -92 # -129 -129 -129 -129 -129 -129 -129 -129 
CPU side received count (scaleup: 0): -100 -109 -96 -109 -121 -113 -118 -100 # -129 -129 -129 -129 -129 -129 -129 -129 
CPU side received count (scaleup: 3): -106 -109 -100 -120 -96 -108 -107 -92 # -129 -129 -129 -257 -129 -257 -129 -129 
CPU side received count (scaleup: 2): -105 -111 -115 -91 -103 -112 -110 -89 # -129 -129 -129 -129 -129 -257 -129 -129 
CPU side received count (scaleup: 1): -107 -113 -97 -105 -87 -80 -94 -108 # -129 -129 -129 -129 -129 -129 -129 -129 
Elastic buffer uses 4 channels per SM
Elastic buffer uses 4 channels per SM
Elastic buffer uses 4 channels per SM
Elastic buffer uses 4 channels per SM
Elastic buffer uses 4 channels per SM
Elastic buffer uses 4 channels per SM
Elastic buffer uses 4 channels per SM
Elastic buffer uses 4 channels per SM
CPU side received count (scaleup: 3): -106 -109 -100 -120 -96 -108 -107 -92 # -129 -129 -129 -257 -129 -257 -129 -129 
CPU side received count (scaleup: 2): -105 -111 -115 -91 -103 -112 -110 -89 # -129 -129 -129 -129 -129 -257 -129 -129 
CPU side received count (scaleup: 0): -100 -109 -96 -109 -121 -113 -118 -100 # -129 -129 -129 -129 -129 -129 -129 -129 
CPU side received count (scaleup: 5): -104 -112 -102 -101 -88 -88 -98 -92 # -129 -129 -129 -129 -129 -129 -129 -129 
CPU side received count (scaleup: 4): -110 -92 -102 -111 -107 -117 -103 -91 # -129 -129 -129 -129 -129 -129 -129 -129 
CPU side received count (scaleup: 6): -104 -104 -101 -100 -120 -110 -107 -109 # -129 -129 -129 -129 -129 -257 -129 -129 
CPU side received count (scaleup: 7): -101 -97 -90 -100 -117 -101 -84 -109 # -129 -129 -129 -129 -129 -129 -129 -129 
CPU side received count (scaleup: 1): -107 -113 -97 -105 -87 -80 -94 -108 # -129 -129 -129 -129 -129 -129 -129 -129 
Elastic buffer uses 4 channels per SM
Elastic buffer uses 4 channels per SM
Elastic buffer uses 4 channels per SM
Elastic buffer uses 4 channels per SM
Elastic buffer uses 4 channels per SM
Elastic buffer uses 4 channels per SM
Elastic buffer uses 4 channels per SM
Elastic buffer uses 4 channels per SM
CPU side received count (scaleup: 6): -104 -104 -101 -100 -120 -110 -107 -109 # -129 -129 -129 -129 -129 -257 -129 -129 
CPU side received count (scaleup: 7): -101 -97 -90 -100 -117 -101 -84 -109 # -129 -129 -129 -129 -129 -129 -129 -129 
CPU side received count (scaleup: 2): -105 -111 -115 -91 -103 -112 -110 -89 # -129 -129 -129 -129 -129 -257 -129 -129 
CPU side received count (scaleup: 3): -106 -109 -100 -120 -96 -108 -107 -92 # -129 -129 -129 -257 -129 -257 -129 -129 
CPU side received count (scaleup: 4): -110 -92 -102 -111 -107 -117 -103 -91 # -129 -129 -129 -129 -129 -129 -129 -129 
CPU side received count (scaleup: 5): -104 -112 -102 -101 -88 -88 -98 -92 # -129 -129 -129 -129 -129 -129 -129 -129 
CPU side received count (scaleup: 0): -100 -109 -96 -109 -121 -113 -118 -100 # -129 -129 -129 -129 -129 -129 -129 -129 
CPU side received count (scaleup: 1): -107 -113 -97 -105 -87 -80 -94 -108 # -129 -129 -129 -129 -129 -129 -129 -129 
Elastic buffer uses 4 channels per SM
Elastic buffer uses 4 channels per SM
Elastic buffer uses 4 channels per SM
Elastic buffer uses 4 channels per SM
Elastic buffer uses 4 channels per SM
Elastic buffer uses 4 channels per SM
Elastic buffer uses 4 channels per SM
Elastic buffer uses 4 channels per SM
CPU side received count (scaleup: 6): -104 -104 -101 -100 -120 -110 -107 -109 # -129 -129 -129 -129 -129 -257 -129 -129 
CPU side received count (scaleup: 7): -101 -97 -90 -100 -117 -101 -84 -109 # -129 -129 -129 -129 -129 -129 -129 -129 
CPU side received count (scaleup: 4): -110 -92 -102 -111 -107 -117 -103 -91 # -129 -129 -129 -129 -129 -129 -129 -129 
CPU side received count (scaleup: 5): -104 -112 -102 -101 -88 -88 -98 -92 # -129 -129 -129 -129 -129 -129 -129 -129 
CPU side received count (scaleup: 3): -106 -109 -100 -120 -96 -108 -107 -92 # -129 -129 -129 -257 -129 -257 -129 -129 
CPU side received count (scaleup: 0): -100 -109 -96 -109 -121 -113 -118 -100 # -129 -129 -129 -129 -129 -129 -129 -129 
CPU side received count (scaleup: 2): -105 -111 -115 -91 -103 -112 -110 -89 # -129 -129 -129 -129 -129 -257 -129 -129 
CPU side received count (scaleup: 1): -107 -113 -97 -105 -87 -80 -94 -108 # -129 -129 -129 -129 -129 -129 -129 -129 
Elastic buffer uses 4 channels per SM
Elastic buffer uses 4 channels per SM
Elastic buffer uses 4 channels per SM
Elastic buffer uses 4 channels per SM
Elastic buffer uses 4 channels per SM
Elastic buffer uses 4 channels per SM
Elastic buffer uses 4 channels per SM
Elastic buffer uses 4 channels per SM
CPU side received count (scaleup: 6): -104 -104 -101 -100 -120 -110 -107 -109 # -129 -129 -129 -129 -129 -257 -129 -129 
CPU side received count (scaleup: 7): -101 -97 -90 -100 -117 -101 -84 -109 # -129 -129 -129 -129 -129 -129 -129 -129 
CPU side received count (scaleup: 3): -106 -109 -100 -120 -96 -108 -107 -92 # -129 -129 -129 -257 -129 -257 -129 -129 
CPU side received count (scaleup: 4): -110 -92 -102 -111 -107 -117 -103 -91 # -129 -129 -129 -129 -129 -129 -129 -129 
CPU side received count (scaleup: 5): -104 -112 -102 -101 -88 -88 -98 -92 # -129 -129 -129 -129 -129 -129 -129 -129 
CPU side received count (scaleup: 2): -105 -111 -115 -91 -103 -112 -110 -89 # -129 -129 -129 -129 -129 -257 -129 -129 
CPU side received count (scaleup: 1): -107 -113 -97 -105 -87 -80 -94 -108 # -129 -129 -129 -129 -129 -129 -129 -129 
CPU side received count (scaleup: 0): -100 -109 -96 -109 -121 -113 -118 -100 # -129 -129 -129 -129 -129 -129 -129 -129 
Elastic buffer uses 4 channels per SM
Elastic buffer uses 4 channels per SM
Elastic buffer uses 4 channels per SM
Elastic buffer uses 4 channels per SM
Elastic buffer uses 4 channels per SM
Elastic buffer uses 4 channels per SM
Elastic buffer uses 4 channels per SM
Elastic buffer uses 4 channels per SM
CPU side received count (scaleup: 6): -104 -104 -101 -100 -120 -110 -107 -109 # -129 -129 -129 -129 -129 -257 -129 -129 
CPU side received count (scaleup: 4): -110 -92 -102 -111 -107 -117 -103 -91 # -129 -129 -129 -129 -129 -129 -129 -129 
CPU side received count (scaleup: 7): -101 -97 -90 -100 -117 -101 -84 -109 # -129 -129 -129 -129 -129 -129 -129 -129 
CPU side received count (scaleup: 5): -104 -112 -102 -101 -88 -88 -98 -92 # -129 -129 -129 -129 -129 -129 -129 -129 
CPU side received count (scaleup: 0): -100 -109 -96 -109 -121 -113 -118 -100 # -129 -129 -129 -129 -129 -129 -129 -129 
CPU side received count (scaleup: 2): -105 -111 -115 -91 -103 -112 -110 -89 # -129 -129 -129 -129 -129 -257 -129 -129 
CPU side received count (scaleup: 3): -106 -109 -100 -120 -96 -108 -107 -92 # -129 -129 -129 -257 -129 -257 -129 -129 
CPU side received count (scaleup: 1): -107 -113 -97 -105 -87 -80 -94 -108 # -129 -129 -129 -129 -129 -129 -129 -129 
Elastic buffer uses 4 channels per SM
Elastic buffer uses 4 channels per SM
Elastic buffer uses 4 channels per SM
Elastic buffer uses 4 channels per SM
Elastic buffer uses 4 channels per SM
Elastic buffer uses 4 channels per SM
Elastic buffer uses 4 channels per SM
Elastic buffer uses 4 channels per SM
CPU side received count (scaleup: 3): -106 -109 -100 -120 -96 -108 -107 -92 # -129 -129 -129 -257 -129 -257 -129 -129 
CPU side received count (scaleup: 2): -105 -111 -115 -91 -103 -112 -110 -89 # -129 -129 -129 -129 -129 -257 -129 -129 
CPU side received count (scaleup: 6): -104 -104 -101 -100 -120 -110 -107 -109 # -129 -129 -129 -129 -129 -257 -129 -129 
CPU side received count (scaleup: 4): -110 -92 -102 -111 -107 -117 -103 -91 # -129 -129 -129 -129 -129 -129 -129 -129 
CPU side received count (scaleup: 5): -104 -112 -102 -101 -88 -88 -98 -92 # -129 -129 -129 -129 -129 -129 -129 -129 
CPU side received count (scaleup: 7): -101 -97 -90 -100 -117 -101 -84 -109 # -129 -129 -129 -129 -129 -129 -129 -129 
CPU side received count (scaleup: 0): -100 -109 -96 -109 -121 -113 -118 -100 # -129 -129 -129 -129 -129 -129 -129 -129 
CPU side received count (scaleup: 1): -107 -113 -97 -105 -87 -80 -94 -108 # -129 -129 -129 -129 -129 -129 -129 -129 
Elastic buffer uses 4 channels per SM
Elastic buffer uses 4 channels per SM
Elastic buffer uses 4 channels per SM
Elastic buffer uses 4 channels per SM
Elastic buffer uses 4 channels per SM
Elastic buffer uses 4 channels per SM
Elastic buffer uses 4 channels per SM
Elastic buffer uses 4 channels per SM
CPU side received count (scaleup: 6): -104 -104 -101 -100 -120 -110 -107 -109 # -129 -129 -129 -129 -129 -257 -129 -129 
CPU side received count (scaleup: 7): -101 -97 -90 -100 -117 -101 -84 -109 # -129 -129 -129 -129 -129 -129 -129 -129 
CPU side received count (scaleup: 4): -110 -92 -102 -111 -107 -117 -103 -91 # -129 -129 -129 -129 -129 -129 -129 -129 
CPU side received count (scaleup: 3): -106 -109 -100 -120 -96 -108 -107 -92 # -129 -129 -129 -257 -129 -257 -129 -129 
CPU side received count (scaleup: 5): -104 -112 -102 -101 -88 -88 -98 -92 # -129 -129 -129 -129 -129 -129 -129 -129 
CPU side received count (scaleup: 2): -105 -111 -115 -91 -103 -112 -110 -89 # -129 -129 -129 -129 -129 -257 -129 -129 
CPU side received count (scaleup: 1): -107 -113 -97 -105 -87 -80 -94 -108 # -129 -129 -129 -129 -129 -129 -129 -129 
CPU side received count (scaleup: 0): -100 -109 -96 -109 -121 -113 -118 -100 # -129 -129 -129 -129 -129 -129 -129 -129 
Elastic buffer uses 4 channels per SM
Elastic buffer uses 4 channels per SM
Elastic buffer uses 4 channels per SM
Elastic buffer uses 4 channels per SM
Elastic buffer uses 4 channels per SM
Elastic buffer uses 4 channels per SM
Elastic buffer uses 4 channels per SM
Elastic buffer uses 4 channels per SM
CPU side received count (scaleup: 6): -104 -104 -101 -100 -120 -110 -107 -109 # -129 -129 -129 -129 -129 -257 -129 -129 
CPU side received count (scaleup: 7): -101 -97 -90 -100 -117 -101 -84 -109 # -129 -129 -129 -129 -129 -129 -129 -129 
CPU side received count (scaleup: 3): -106 -109 -100 -120 -96 -108 -107 -92 # -129 -129 -129 -257 -129 -257 -129 -129 
CPU side received count (scaleup: 5): -104 -112 -102 -101 -88 -88 -98 -92 # -129 -129 -129 -129 -129 -129 -129 -129 
CPU side received count (scaleup: 4): -110 -92 -102 -111 -107 -117 -103 -91 # -129 -129 -129 -129 -129 -129 -129 -129 
CPU side received count (scaleup: 2): -105 -111 -115 -91 -103 -112 -110 -89 # -129 -129 -129 -129 -129 -257 -129 -129 
CPU side received count (scaleup: 0): -100 -109 -96 -109 -121 -113 -118 -100 # -129 -129 -129 -129 -129 -129 -129 -129 
CPU side received count (scaleup: 1): -107 -113 -97 -105 -87 -80 -94 -108 # -129 -129 -129 -129 -129 -129 -129 -129 
Elastic buffer uses 4 channels per SM
Elastic buffer uses 4 channels per SM
Elastic buffer uses 4 channels per SM
Elastic buffer uses 4 channels per SM
Elastic buffer uses 4 channels per SM
Elastic buffer uses 4 channels per SM
Elastic buffer uses 4 channels per SM
Elastic buffer uses 4 channels per SM
CPU side received count (scaleup: 3): -106 -109 -100 -120 -96 -108 -107 -92 # -129 -129 -129 -257 -129 -257 -129 -129 
CPU side received count (scaleup: 6): -104 -104 -101 -100 -120 -110 -107 -109 # -129 -129 -129 -129 -129 -257 -129 -129 
CPU side received count (scaleup: 2): -105 -111 -115 -91 -103 -112 -110 -89 # -129 -129 -129 -129 -129 -257 -129 -129 
CPU side received count (scaleup: 0): -100 -109 -96 -109 -121 -113 -118 -100 # -129 -129 -129 -129 -129 -129 -129 -129 
CPU side received count (scaleup: 7): -101 -97 -90 -100 -117 -101 -84 -109 # -129 -129 -129 -129 -129 -129 -129 -129 
CPU side received count (scaleup: 5): -104 -112 -102 -101 -88 -88 -98 -92 # -129 -129 -129 -129 -129 -129 -129 -129 
CPU side received count (scaleup: 4): -110 -92 -102 -111 -107 -117 -103 -91 # -129 -129 -129 -129 -129 -129 -129 -129 
CPU side received count (scaleup: 1): -107 -113 -97 -105 -87 -80 -94 -108 # -129 -129 -129 -129 -129 -129 -129 -129 
Elastic buffer uses 4 channels per SM
Elastic buffer uses 4 channels per SM
Elastic buffer uses 4 channels per SM
Elastic buffer uses 4 channels per SM
Elastic buffer uses 4 channels per SM
Elastic buffer uses 4 channels per SM
Elastic buffer uses 4 channels per SM
Elastic buffer uses 4 channels per SM
CPU side received count (scaleup: 6): -104 -104 -101 -100 -120 -110 -107 -109 # -129 -129 -129 -129 -129 -257 -129 -129 
CPU side received count (scaleup: 3): -106 -109 -100 -120 -96 -108 -107 -92 # -129 -129 -129 -257 -129 -257 -129 -129 
CPU side received count (scaleup: 7): -101 -97 -90 -100 -117 -101 -84 -109 # -129 -129 -129 -129 -129 -129 -129 -129 
CPU side received count (scaleup: 5): -104 -112 -102 -101 -88 -88 -98 -92 # -129 -129 -129 -129 -129 -129 -129 -129 
CPU side received count (scaleup: 4): -110 -92 -102 -111 -107 -117 -103 -91 # -129 -129 -129 -129 -129 -129 -129 -129 
CPU side received count (scaleup: 2): -105 -111 -115 -91 -103 -112 -110 -89 # -129 -129 -129 -129 -129 -257 -129 -129 
CPU side received count (scaleup: 1): -107 -113 -97 -105 -87 -80 -94 -108 # -129 -129 -129 -129 -129 -129 -129 -129 
CPU side received count (scaleup: 0): -100 -109 -96 -109 -121 -113 -118 -100 # -129 -129 -129 -129 -129 -129 -129 -129 
Elastic buffer uses 4 channels per SM
Elastic buffer uses 4 channels per SM
Elastic buffer uses 4 channels per SM
Elastic buffer uses 4 channels per SM
Elastic buffer uses 4 channels per SM
Elastic buffer uses 4 channels per SM
Elastic buffer uses 4 channels per SM
Elastic buffer uses 4 channels per SM
CPU side received count (scaleup: 6): -104 -104 -101 -100 -120 -110 -107 -109 # -129 -129 -129 -129 -129 -257 -129 -129 
CPU side received count (scaleup: 5): -104 -112 -102 -101 -88 -88 -98 -92 # -129 -129 -129 -129 -129 -129 -129 -129 
CPU side received count (scaleup: 3): -106 -109 -100 -120 -96 -108 -107 -92 # -129 -129 -129 -257 -129 -257 -129 -129 
CPU side received count (scaleup: 7): -101 -97 -90 -100 -117 -101 -84 -109 # -129 -129 -129 -129 -129 -129 -129 -129 
CPU side received count (scaleup: 1): -107 -113 -97 -105 -87 -80 -94 -108 # -129 -129 -129 -129 -129 -129 -129 -129 
CPU side received count (scaleup: 4): -110 -92 -102 -111 -107 -117 -103 -91 # -129 -129 -129 -129 -129 -129 -129 -129 
CPU side received count (scaleup: 2): -105 -111 -115 -91 -103 -112 -110 -89 # -129 -129 -129 -129 -129 -257 -129 -129 
CPU side received count (scaleup: 0): -100 -109 -96 -109 -121 -113 -118 -100 # -129 -129 -129 -129 -129 -129 -129 -129 
Elastic buffer uses 4 channels per SM
Elastic buffer uses 4 channels per SM
Elastic buffer uses 4 channels per SM
Elastic buffer uses 4 channels per SM
Elastic buffer uses 4 channels per SM
Elastic buffer uses 4 channels per SM
Elastic buffer uses 4 channels per SM
Elastic buffer uses 4 channels per SM
CPU side received count (scaleup: 2): -105 -111 -115 -91 -103 -112 -110 -89 # -129 -129 -129 -129 -129 -257 -129 -129 
CPU side received count (scaleup: 6): -104 -104 -101 -100 -120 -110 -107 -109 # -129 -129 -129 -129 -129 -257 -129 -129 
CPU side received count (scaleup: 7): -101 -97 -90 -100 -117 -101 -84 -109 # -129 -129 -129 -129 -129 -129 -129 -129 
CPU side received count (scaleup: 5): -104 -112 -102 -101 -88 -88 -98 -92 # -129 -129 -129 -129 -129 -129 -129 -129 
CPU side received count (scaleup: 0): -100 -109 -96 -109 -121 -113 -118 -100 # -129 -129 -129 -129 -129 -129 -129 -129 
CPU side received count (scaleup: 3): -106 -109 -100 -120 -96 -108 -107 -92 # -129 -129 -129 -257 -129 -257 -129 -129 
CPU side received count (scaleup: 1): -107 -113 -97 -105 -87 -80 -94 -108 # -129 -129 -129 -129 -129 -129 -129 -129 
CPU side received count (scaleup: 4): -110 -92 -102 -111 -107 -117 -103 -91 # -129 -129 -129 -129 -129 -129 -129 -129 
Elastic buffer uses 4 channels per SM
Elastic buffer uses 4 channels per SM
Elastic buffer uses 4 channels per SM
Elastic buffer uses 4 channels per SM
Elastic buffer uses 4 channels per SM
Elastic buffer uses 4 channels per SM
Elastic buffer uses 4 channels per SM
Elastic buffer uses 4 channels per SM
CPU side received count (scaleup: 7): -101 -97 -90 -100 -117 -101 -84 -109 # -129 -129 -129 -129 -129 -129 -129 -129 
CPU side received count (scaleup: 5): -104 -112 -102 -101 -88 -88 -98 -92 # -129 -129 -129 -129 -129 -129 -129 -129 
CPU side received count (scaleup: 1): -107 -113 -97 -105 -87 -80 -94 -108 # -129 -129 -129 -129 -129 -129 -129 -129 
CPU side received count (scaleup: 6): -104 -104 -101 -100 -120 -110 -107 -109 # -129 -129 -129 -129 -129 -257 -129 -129 
CPU side received count (scaleup: 4): -110 -92 -102 -111 -107 -117 -103 -91 # -129 -129 -129 -129 -129 -129 -129 -129 
CPU side received count (scaleup: 3): -106 -109 -100 -120 -96 -108 -107 -92 # -129 -129 -129 -257 -129 -257 -129 -129 
CPU side received count (scaleup: 2): -105 -111 -115 -91 -103 -112 -110 -89 # -129 -129 -129 -129 -129 -257 -129 -129 
CPU side received count (scaleup: 0): -100 -109 -96 -109 -121 -113 -118 -100 # -129 -129 -129 -129 -129 -129 -129 -129 
Elastic buffer uses 4 channels per SM
Elastic buffer uses 4 channels per SM
Elastic buffer uses 4 channels per SM
Elastic buffer uses 4 channels per SM
Elastic buffer uses 4 channels per SM
Elastic buffer uses 4 channels per SM
Elastic buffer uses 4 channels per SM
Elastic buffer uses 4 channels per SM
CPU side received count (scaleup: 6): -104 -104 -101 -100 -120 -110 -107 -109 # -129 -129 -129 -129 -129 -257 -129 -129 
CPU side received count (scaleup: 7): -101 -97 -90 -100 -117 -101 -84 -109 # -129 -129 -129 -129 -129 -129 -129 -129 
CPU side received count (scaleup: 4): -110 -92 -102 -111 -107 -117 -103 -91 # -129 -129 -129 -129 -129 -129 -129 -129 
CPU side received count (scaleup: 5): -104 -112 -102 -101 -88 -88 -98 -92 # -129 -129 -129 -129 -129 -129 -129 -129 
CPU side received count (scaleup: 0): -100 -109 -96 -109 -121 -113 -118 -100 # -129 -129 -129 -129 -129 -129 -129 -129 
CPU side received count (scaleup: 3): -106 -109 -100 -120 -96 -108 -107 -92 # -129 -129 -129 -257 -129 -257 -129 -129 
CPU side received count (scaleup: 2): -105 -111 -115 -91 -103 -112 -110 -89 # -129 -129 -129 -129 -129 -257 -129 -129 
CPU side received count (scaleup: 1): -107 -113 -97 -105 -87 -80 -94 -108 # -129 -129 -129 -129 -129 -129 -129 -129 
Elastic buffer uses 4 channels per SM
Elastic buffer uses 4 channels per SM
Elastic buffer uses 4 channels per SM
Elastic buffer uses 4 channels per SM
Elastic buffer uses 4 channels per SM
Elastic buffer uses 4 channels per SM
Elastic buffer uses 4 channels per SM
Elastic buffer uses 4 channels per SM
CPU side received count (scaleup: 2): -105 -111 -115 -91 -103 -112 -110 -89 # -129 -129 -129 -129 -129 -257 -129 -129 
CPU side received count (scaleup: 3): -106 -109 -100 -120 -96 -108 -107 -92 # -129 -129 -129 -257 -129 -257 -129 -129 
CPU side received count (scaleup: 1): -107 -113 -97 -105 -87 -80 -94 -108 # -129 -129 -129 -129 -129 -129 -129 -129 
CPU side received count (scaleup: 5): -104 -112 -102 -101 -88 -88 -98 -92 # -129 -129 -129 -129 -129 -129 -129 -129 
CPU side received count (scaleup: 6): -104 -104 -101 -100 -120 -110 -107 -109 # -129 -129 -129 -129 -129 -257 -129 -129 
CPU side received count (scaleup: 7): -101 -97 -90 -100 -117 -101 -84 -109 # -129 -129 -129 -129 -129 -129 -129 -129 
CPU side received count (scaleup: 4): -110 -92 -102 -111 -107 -117 -103 -91 # -129 -129 -129 -129 -129 -129 -129 -129 
CPU side received count (scaleup: 0): -100 -109 -96 -109 -121 -113 -118 -100 # -129 -129 -129 -129 -129 -129 -129 -129 
Elastic buffer uses 4 channels per SM
Elastic buffer uses 4 channels per SM
Elastic buffer uses 4 channels per SM
Elastic buffer uses 4 channels per SM
Elastic buffer uses 4 channels per SM
Elastic buffer uses 4 channels per SM
Elastic buffer uses 4 channels per SM
Elastic buffer uses 4 channels per SM
CPU side received count (scaleup: 6): -104 -104 -101 -100 -120 -110 -107 -109 # -129 -129 -129 -129 -129 -257 -129 -129 
CPU side received count (scaleup: 5): -104 -112 -102 -101 -88 -88 -98 -92 # -129 -129 -129 -129 -129 -129 -129 -129 
CPU side received count (scaleup: 1): -107 -113 -97 -105 -87 -80 -94 -108 # -129 -129 -129 -129 -129 -129 -129 -129 
CPU side received count (scaleup: 4): -110 -92 -102 -111 -107 -117 -103 -91 # -129 -129 -129 -129 -129 -129 -129 -129 
CPU side received count (scaleup: 7): -101 -97 -90 -100 -117 -101 -84 -109 # -129 -129 -129 -129 -129 -129 -129 -129 
CPU side received count (scaleup: 3): -106 -109 -100 -120 -96 -108 -107 -92 # -129 -129 -129 -257 -129 -257 -129 -129 
CPU side received count (scaleup: 2): -105 -111 -115 -91 -103 -112 -110 -89 # -129 -129 -129 -129 -129 -257 -129 -129 
CPU side received count (scaleup: 0): -100 -109 -96 -109 -121 -113 -118 -100 # -129 -129 -129 -129 -129 -129 -129 -129 
Elastic buffer uses 4 channels per SM
Elastic buffer uses 4 channels per SM
Elastic buffer uses 4 channels per SM
Elastic buffer uses 4 channels per SM
Elastic buffer uses 4 channels per SM
Elastic buffer uses 4 channels per SM
Elastic buffer uses 4 channels per SM
Elastic buffer uses 4 channels per SM
CPU side received count (scaleup: 3): -106 -109 -100 -120 -96 -108 -107 -92 # -129 -129 -129 -257 -129 -257 -129 -129 
CPU side received count (scaleup: 6): -104 -104 -101 -100 -120 -110 -107 -109 # -129 -129 -129 -129 -129 -257 -129 -129 
CPU side received count (scaleup: 4): -110 -92 -102 -111 -107 -117 -103 -91 # -129 -129 -129 -129 -129 -129 -129 -129 
CPU side received count (scaleup: 2): -105 -111 -115 -91 -103 -112 -110 -89 # -129 -129 -129 -129 -129 -257 -129 -129 
CPU side received count (scaleup: 0): -100 -109 -96 -109 -121 -113 -118 -100 # -129 -129 -129 -129 -129 -129 -129 -129 
CPU side received count (scaleup: 1): -107 -113 -97 -105 -87 -80 -94 -108 # -129 -129 -129 -129 -129 -129 -129 -129 
CPU side received count (scaleup: 7): -101 -97 -90 -100 -117 -101 -84 -109 # -129 -129 -129 -129 -129 -129 -129 -129 
CPU side received count (scaleup: 5): -104 -112 -102 -101 -88 -88 -98 -92 # -129 -129 -129 -129 -129 -129 -129 -129 
Elastic buffer uses 4 channels per SM
Elastic buffer uses 4 channels per SM
Elastic buffer uses 4 channels per SM
Elastic buffer uses 4 channels per SM
Elastic buffer uses 4 channels per SM
Elastic buffer uses 4 channels per SM
Elastic buffer uses 4 channels per SM
Elastic buffer uses 4 channels per SM
CPU side received count (scaleup: 6): -104 -104 -101 -100 -120 -110 -107 -109 # -129 -129 -129 -129 -129 -257 -129 -129 
CPU side received count (scaleup: 7): -101 -97 -90 -100 -117 -101 -84 -109 # -129 -129 -129 -129 -129 -129 -129 -129 
CPU side received count (scaleup: 0): -100 -109 -96 -109 -121 -113 -118 -100 # -129 -129 -129 -129 -129 -129 -129 -129 
CPU side received count (scaleup: 4): -110 -92 -102 -111 -107 -117 -103 -91 # -129 -129 -129 -129 -129 -129 -129 -129 
CPU side received count (scaleup: 5): -104 -112 -102 -101 -88 -88 -98 -92 # -129 -129 -129 -129 -129 -129 -129 -129 
CPU side received count (scaleup: 3): -106 -109 -100 -120 -96 -108 -107 -92 # -129 -129 -129 -257 -129 -257 -129 -129 
CPU side received count (scaleup: 2): -105 -111 -115 -91 -103 -112 -110 -89 # -129 -129 -129 -129 -129 -257 -129 -129 
CPU side received count (scaleup: 1): -107 -113 -97 -105 -87 -80 -94 -108 # -129 -129 -129 -129 -129 -129 -129 -129 
Elastic buffer uses 4 channels per SM
Elastic buffer uses 4 channels per SM
Elastic buffer uses 4 channels per SM
Elastic buffer uses 4 channels per SM
Elastic buffer uses 4 channels per SM
Elastic buffer uses 4 channels per SM
Elastic buffer uses 4 channels per SM
Elastic buffer uses 4 channels per SM
CPU side received count (scaleup: 3): -106 -109 -100 -120 -96 -108 -107 -92 # -129 -129 -129 -257 -129 -257 -129 -129 
CPU side received count (scaleup: 1): -107 -113 -97 -105 -87 -80 -94 -108 # -129 -129 -129 -129 -129 -129 -129 -129 
CPU side received count (scaleup: 2): -105 -111 -115 -91 -103 -112 -110 -89 # -129 -129 -129 -129 -129 -257 -129 -129 
CPU side received count (scaleup: 0): -100 -109 -96 -109 -121 -113 -118 -100 # -129 -129 -129 -129 -129 -129 -129 -129 
CPU side received count (scaleup: 5): -104 -112 -102 -101 -88 -88 -98 -92 # -129 -129 -129 -129 -129 -129 -129 -129 
CPU side received count (scaleup: 4): -110 -92 -102 -111 -107 -117 -103 -91 # -129 -129 -129 -129 -129 -129 -129 -129 
CPU side received count (scaleup: 7): -101 -97 -90 -100 -117 -101 -84 -109 # -129 -129 -129 -129 -129 -129 -129 -129 
CPU side received count (scaleup: 6): -104 -104 -101 -100 -120 -110 -107 -109 # -129 -129 -129 -129 -129 -257 -129 -129 
Elastic buffer uses 4 channels per SM
Elastic buffer uses 4 channels per SM
Elastic buffer uses 4 channels per SM
Elastic buffer uses 4 channels per SM
Elastic buffer uses 4 channels per SM
Elastic buffer uses 4 channels per SM
Elastic buffer uses 4 channels per SM
Elastic buffer uses 4 channels per SM
CPU side received count (scaleup: 6): -104 -104 -101 -100 -120 -110 -107 -109 # -129 -129 -129 -129 -129 -257 -129 -129 
CPU side received count (scaleup: 7): -101 -97 -90 -100 -117 -101 -84 -109 # -129 -129 -129 -129 -129 -129 -129 -129 
CPU side received count (scaleup: 3): -106 -109 -100 -120 -96 -108 -107 -92 # -129 -129 -129 -257 -129 -257 -129 -129 
CPU side received count (scaleup: 2): -105 -111 -115 -91 -103 -112 -110 -89 # -129 -129 -129 -129 -129 -257 -129 -129 
CPU side received count (scaleup: 5): -104 -112 -102 -101 -88 -88 -98 -92 # -129 -129 -129 -129 -129 -129 -129 -129 
CPU side received count (scaleup: 4): -110 -92 -102 -111 -107 -117 -103 -91 # -129 -129 -129 -129 -129 -129 -129 -129 
CPU side received count (scaleup: 1): -107 -113 -97 -105 -87 -80 -94 -108 # -129 -129 -129 -129 -129 -129 -129 -129 
CPU side received count (scaleup: 0): -100 -109 -96 -109 -121 -113 -118 -100 # -129 -129 -129 -129 -129 -129 -129 -129 
USDT:2026-08-25 02:34:31 438:438 SyncActivityProfilerHandler.cpp:52] profiler_startUSDT:2026-08-25 02:34:31 439:439 SyncActivityProfilerHandler.cpp:52] profiler_startUSDT:2026-08-25 02:34:31 437:437 SyncActivityProfilerHandler.cpp:52] profiler_startUSDT:2026-08-25 02:34:31 440:440 SyncActivityProfilerHandler.cpp:52] profiler_startUSDT:2026-08-25 02:34:31 435:435 SyncActivityProfilerHandler.cpp:52] profiler_startUSDT:2026-08-25 02:34:31 441:441 SyncActivityProfilerHandler.cpp:52] profiler_start
USDT:2026-08-25 02:34:31 434:434 SyncActivityProfilerHandler.cpp:52] profiler_start



USDT:2026-08-25 02:34:31 436:436 SyncActivityProfilerHandler.cpp:52] profiler_start


Elastic buffer uses 4 channels per SM
Elastic buffer uses 4 channels per SM
Elastic buffer uses 4 channels per SM
Elastic buffer uses 4 channels per SM
Elastic buffer uses 4 channels per SM
Elastic buffer uses 4 channels per SM
Elastic buffer uses 4 channels per SM
Elastic buffer uses 4 channels per SM
CPU side received count (scaleup: 7): -101 -97 -90 -100 -117 -101 -84 -109 # -129 -129 -129 -129 -129 -129 -129 -129 
CPU side received count (scaleup: 6): -104 -104 -101 -100 -120 -110 -107 -109 # -129 -129 -129 -129 -129 -257 -129 -129 
CPU side received count (scaleup: 1): -107 -113 -97 -105 -87 -80 -94 -108 # -129 -129 -129 -129 -129 -129 -129 -129 
CPU side received count (scaleup: 0): -100 -109 -96 -109 -121 -113 -118 -100 # -129 -129 -129 -129 -129 -129 -129 -129 
CPU side received count (scaleup: 2): -105 -111 -115 -91 -103 -112 -110 -89 # -129 -129 -129 -129 -129 -257 -129 -129 
CPU side received count (scaleup: 3): -106 -109 -100 -120 -96 -108 -107 -92 # -129 -129 -129 -257 -129 -257 -129 -129 
CPU side received count (scaleup: 4): -110 -92 -102 -111 -107 -117 -103 -91 # -129 -129 -129 -129 -129 -129 -129 -129 
CPU side received count (scaleup: 5): -104 -112 -102 -101 -88 -88 -98 -92 # -129 -129 -129 -129 -129 -129 -129 -129 
Elastic buffer uses 4 channels per SM
Elastic buffer uses 4 channels per SM
Elastic buffer uses 4 channels per SM
Elastic buffer uses 4 channels per SM
Elastic buffer uses 4 channels per SM
Elastic buffer uses 4 channels per SM
Elastic buffer uses 4 channels per SM
Elastic buffer uses 4 channels per SM
CPU side received count (scaleup: 7): -101 -97 -90 -100 -117 -101 -84 -109 # -129 -129 -129 -129 -129 -129 -129 -129 
CPU side received count (scaleup: 3): -106 -109 -100 -120 -96 -108 -107 -92 # -129 -129 -129 -257 -129 -257 -129 -129 
CPU side received count (scaleup: 5): -104 -112 -102 -101 -88 -88 -98 -92 # -129 -129 -129 -129 -129 -129 -129 -129 
CPU side received count (scaleup: 4): -110 -92 -102 -111 -107 -117 -103 -91 # -129 -129 -129 -129 -129 -129 -129 -129 
CPU side received count (scaleup: 6): -104 -104 -101 -100 -120 -110 -107 -109 # -129 -129 -129 -129 -129 -257 -129 -129 
CPU side received count (scaleup: 2): -105 -111 -115 -91 -103 -112 -110 -89 # -129 -129 -129 -129 -129 -257 -129 -129 
CPU side received count (scaleup: 0): -100 -109 -96 -109 -121 -113 -118 -100 # -129 -129 -129 -129 -129 -129 -129 -129 
CPU side received count (scaleup: 1): -107 -113 -97 -105 -87 -80 -94 -108 # -129 -129 -129 -129 -129 -129 -129 -129 
Elastic buffer uses 4 channels per SM
Elastic buffer uses 4 channels per SM
Elastic buffer uses 4 channels per SM
Elastic buffer uses 4 channels per SM
Elastic buffer uses 4 channels per SM
Elastic buffer uses 4 channels per SM
Elastic buffer uses 4 channels per SM
Elastic buffer uses 4 channels per SM
CPU side received count (scaleup: 1): -107 -113 -97 -105 -87 -80 -94 -108 # -129 -129 -129 -129 -129 -129 -129 -129 
CPU side received count (scaleup: 2): -105 -111 -115 -91 -103 -112 -110 -89 # -129 -129 -129 -129 -129 -257 -129 -129 
CPU side received count (scaleup: 6): -104 -104 -101 -100 -120 -110 -107 -109 # -129 -129 -129 -129 -129 -257 -129 -129 
CPU side received count (scaleup: 5): -104 -112 -102 -101 -88 -88 -98 -92 # -129 -129 -129 -129 -129 -129 -129 -129 
CPU side received count (scaleup: 0): -100 -109 -96 -109 -121 -113 -118 -100 # -129 -129 -129 -129 -129 -129 -129 -129 
CPU side received count (scaleup: 3): -106 -109 -100 -120 -96 -108 -107 -92 # -129 -129 -129 -257 -129 -257 -129 -129 
CPU side received count (scaleup: 7): -101 -97 -90 -100 -117 -101 -84 -109 # -129 -129 -129 -129 -129 -129 -129 -129 
CPU side received count (scaleup: 4): -110 -92 -102 -111 -107 -117 -103 -91 # -129 -129 -129 -129 -129 -129 -129 -129 
Elastic buffer uses 4 channels per SM
Elastic buffer uses 4 channels per SM
Elastic buffer uses 4 channels per SM
Elastic buffer uses 4 channels per SM
Elastic buffer uses 4 channels per SM
Elastic buffer uses 4 channels per SM
Elastic buffer uses 4 channels per SM
Elastic buffer uses 4 channels per SM
CPU side received count (scaleup: 6): -104 -104 -101 -100 -120 -110 -107 -109 # -129 -129 -129 -129 -129 -257 -129 -129 
CPU side received count (scaleup: 3): -106 -109 -100 -120 -96 -108 -107 -92 # -129 -129 -129 -257 -129 -257 -129 -129 
CPU side received count (scaleup: 2): -105 -111 -115 -91 -103 -112 -110 -89 # -129 -129 -129 -129 -129 -257 -129 -129 
CPU side received count (scaleup: 7): -101 -97 -90 -100 -117 -101 -84 -109 # -129 -129 -129 -129 -129 -129 -129 -129 
CPU side received count (scaleup: 4): -110 -92 -102 -111 -107 -117 -103 -91 # -129 -129 -129 -129 -129 -129 -129 -129 
CPU side received count (scaleup: 5): -104 -112 -102 -101 -88 -88 -98 -92 # -129 -129 -129 -129 -129 -129 -129 -129 
CPU side received count (scaleup: 0): -100 -109 -96 -109 -121 -113 -118 -100 # -129 -129 -129 -129 -129 -129 -129 -129 
CPU side received count (scaleup: 1): -107 -113 -97 -105 -87 -80 -94 -108 # -129 -129 -129 -129 -129 -129 -129 -129 
Elastic buffer uses 4 channels per SM
Elastic buffer uses 4 channels per SM
Elastic buffer uses 4 channels per SM
Elastic buffer uses 4 channels per SM
Elastic buffer uses 4 channels per SM
Elastic buffer uses 4 channels per SM
Elastic buffer uses 4 channels per SM
Elastic buffer uses 4 channels per SM
CPU side received count (scaleup: 6): -104 -104 -101 -100 -120 -110 -107 -109 # -129 -129 -129 -129 -129 -257 -129 -129 
CPU side received count (scaleup: 5): -104 -112 -102 -101 -88 -88 -98 -92 # -129 -129 -129 -129 -129 -129 -129 -129 
CPU side received count (scaleup: 4): -110 -92 -102 -111 -107 -117 -103 -91 # -129 -129 -129 -129 -129 -129 -129 -129 
CPU side received count (scaleup: 0): -100 -109 -96 -109 -121 -113 -118 -100 # -129 -129 -129 -129 -129 -129 -129 -129 
CPU side received count (scaleup: 7): -101 -97 -90 -100 -117 -101 -84 -109 # -129 -129 -129 -129 -129 -129 -129 -129 
CPU side received count (scaleup: 3): -106 -109 -100 -120 -96 -108 -107 -92 # -129 -129 -129 -257 -129 -257 -129 -129 
CPU side received count (scaleup: 2): -105 -111 -115 -91 -103 -112 -110 -89 # -129 -129 -129 -129 -129 -257 -129 -129 
CPU side received count (scaleup: 1): -107 -113 -97 -105 -87 -80 -94 -108 # -129 -129 -129 -129 -129 -129 -129 -129 
Elastic buffer uses 4 channels per SM
Elastic buffer uses 4 channels per SM
Elastic buffer uses 4 channels per SM
Elastic buffer uses 4 channels per SM
Elastic buffer uses 4 channels per SM
Elastic buffer uses 4 channels per SM
Elastic buffer uses 4 channels per SM
Elastic buffer uses 4 channels per SM
CPU side received count (scaleup: 7): -101 -97 -90 -100 -117 -101 -84 -109 # -129 -129 -129 -129 -129 -129 -129 -129 
CPU side received count (scaleup: 6): -104 -104 -101 -100 -120 -110 -107 -109 # -129 -129 -129 -129 -129 -257 -129 -129 
CPU side received count (scaleup: 2): -105 -111 -115 -91 -103 -112 -110 -89 # -129 -129 -129 -129 -129 -257 -129 -129 
CPU side received count (scaleup: 0): -100 -109 -96 -109 -121 -113 -118 -100 # -129 -129 -129 -129 -129 -129 -129 -129 
CPU side received count (scaleup: 4): -110 -92 -102 -111 -107 -117 -103 -91 # -129 -129 -129 -129 -129 -129 -129 -129 
CPU side received count (scaleup: 5): -104 -112 -102 -101 -88 -88 -98 -92 # -129 -129 -129 -129 -129 -129 -129 -129 
CPU side received count (scaleup: 3): -106 -109 -100 -120 -96 -108 -107 -92 # -129 -129 -129 -257 -129 -257 -129 -129 
CPU side received count (scaleup: 1): -107 -113 -97 -105 -87 -80 -94 -108 # -129 -129 -129 -129 -129 -129 -129 -129 
Elastic buffer uses 4 channels per SM
Elastic buffer uses 4 channels per SM
Elastic buffer uses 4 channels per SM
Elastic buffer uses 4 channels per SM
Elastic buffer uses 4 channels per SM
Elastic buffer uses 4 channels per SM
Elastic buffer uses 4 channels per SM
Elastic buffer uses 4 channels per SM
CPU side received count (scaleup: 3): -106 -109 -100 -120 -96 -108 -107 -92 # -129 -129 -129 -257 -129 -257 -129 -129 
CPU side received count (scaleup: 2): -105 -111 -115 -91 -103 -112 -110 -89 # -129 -129 -129 -129 -129 -257 -129 -129 
CPU side received count (scaleup: 1): -107 -113 -97 -105 -87 -80 -94 -108 # -129 -129 -129 -129 -129 -129 -129 -129 
CPU side received count (scaleup: 7): -101 -97 -90 -100 -117 -101 -84 -109 # -129 -129 -129 -129 -129 -129 -129 -129 
CPU side received count (scaleup: 4): -110 -92 -102 -111 -107 -117 -103 -91 # -129 -129 -129 -129 -129 -129 -129 -129 
CPU side received count (scaleup: 6): -104 -104 -101 -100 -120 -110 -107 -109 # -129 -129 -129 -129 -129 -257 -129 -129 
CPU side received count (scaleup: 5): -104 -112 -102 -101 -88 -88 -98 -92 # -129 -129 -129 -129 -129 -129 -129 -129 
CPU side received count (scaleup: 0): -100 -109 -96 -109 -121 -113 -118 -100 # -129 -129 -129 -129 -129 -129 -129 -129 
Elastic buffer uses 4 channels per SM
Elastic buffer uses 4 channels per SM
Elastic buffer uses 4 channels per SM
Elastic buffer uses 4 channels per SM
Elastic buffer uses 4 channels per SM
Elastic buffer uses 4 channels per SM
Elastic buffer uses 4 channels per SM
Elastic buffer uses 4 channels per SM
CPU side received count (scaleup: 6): -104 -104 -101 -100 -120 -110 -107 -109 # -129 -129 -129 -129 -129 -257 -129 -129 
CPU side received count (scaleup: 4): -110 -92 -102 -111 -107 -117 -103 -91 # -129 -129 -129 -129 -129 -129 -129 -129 
CPU side received count (scaleup: 5): -104 -112 -102 -101 -88 -88 -98 -92 # -129 -129 -129 -129 -129 -129 -129 -129 
CPU side received count (scaleup: 3): -106 -109 -100 -120 -96 -108 -107 -92 # -129 -129 -129 -257 -129 -257 -129 -129 
CPU side received count (scaleup: 2): -105 -111 -115 -91 -103 -112 -110 -89 # -129 -129 -129 -129 -129 -257 -129 -129 
CPU side received count (scaleup: 1): -107 -113 -97 -105 -87 -80 -94 -108 # -129 -129 -129 -129 -129 -129 -129 -129 
CPU side received count (scaleup: 7): -101 -97 -90 -100 -117 -101 -84 -109 # -129 -129 -129 -129 -129 -129 -129 -129 
CPU side received count (scaleup: 0): -100 -109 -96 -109 -121 -113 -118 -100 # -129 -129 -129 -129 -129 -129 -129 -129 
Elastic buffer uses 4 channels per SM
Elastic buffer uses 4 channels per SM
Elastic buffer uses 4 channels per SM
Elastic buffer uses 4 channels per SM
Elastic buffer uses 4 channels per SM
Elastic buffer uses 4 channels per SM
Elastic buffer uses 4 channels per SM
Elastic buffer uses 4 channels per SM
CPU side received count (scaleup: 3): -106 -109 -100 -120 -96 -108 -107 -92 # -129 -129 -129 -257 -129 -257 -129 -129 
CPU side received count (scaleup: 6): -104 -104 -101 -100 -120 -110 -107 -109 # -129 -129 -129 -129 -129 -257 -129 -129 
CPU side received count (scaleup: 0): -100 -109 -96 -109 -121 -113 -118 -100 # -129 -129 -129 -129 -129 -129 -129 -129 
CPU side received count (scaleup: 1): -107 -113 -97 -105 -87 -80 -94 -108 # -129 -129 -129 -129 -129 -129 -129 -129 
CPU side received count (scaleup: 2): -105 -111 -115 -91 -103 -112 -110 -89 # -129 -129 -129 -129 -129 -257 -129 -129 
CPU side received count (scaleup: 5): -104 -112 -102 -101 -88 -88 -98 -92 # -129 -129 -129 -129 -129 -129 -129 -129 
CPU side received count (scaleup: 4): -110 -92 -102 -111 -107 -117 -103 -91 # -129 -129 -129 -129 -129 -129 -129 -129 
CPU side received count (scaleup: 7): -101 -97 -90 -100 -117 -101 -84 -109 # -129 -129 -129 -129 -129 -129 -129 -129 
Elastic buffer uses 4 channels per SM
Elastic buffer uses 4 channels per SM
Elastic buffer uses 4 channels per SM
Elastic buffer uses 4 channels per SM
Elastic buffer uses 4 channels per SM
Elastic buffer uses 4 channels per SM
Elastic buffer uses 4 channels per SM
Elastic buffer uses 4 channels per SM
CPU side received count (scaleup: 3): -106 -109 -100 -120 -96 -108 -107 -92 # -129 -129 -129 -257 -129 -257 -129 -129 
CPU side received count (scaleup: 1): -107 -113 -97 -105 -87 -80 -94 -108 # -129 -129 -129 -129 -129 -129 -129 -129 
CPU side received count (scaleup: 2): -105 -111 -115 -91 -103 -112 -110 -89 # -129 -129 -129 -129 -129 -257 -129 -129 
CPU side received count (scaleup: 0): -100 -109 -96 -109 -121 -113 -118 -100 # -129 -129 -129 -129 -129 -129 -129 -129 
CPU side received count (scaleup: 6): -104 -104 -101 -100 -120 -110 -107 -109 # -129 -129 -129 -129 -129 -257 -129 -129 
CPU side received count (scaleup: 7): -101 -97 -90 -100 -117 -101 -84 -109 # -129 -129 -129 -129 -129 -129 -129 -129 
CPU side received count (scaleup: 5): -104 -112 -102 -101 -88 -88 -98 -92 # -129 -129 -129 -129 -129 -129 -129 -129 
CPU side received count (scaleup: 4): -110 -92 -102 -111 -107 -117 -103 -91 # -129 -129 -129 -129 -129 -129 -129 -129 
Elastic buffer uses 4 channels per SM
Elastic buffer uses 4 channels per SM
Elastic buffer uses 4 channels per SM
Elastic buffer uses 4 channels per SM
Elastic buffer uses 4 channels per SM
Elastic buffer uses 4 channels per SM
Elastic buffer uses 4 channels per SM
Elastic buffer uses 4 channels per SM
CPU side received count (scaleup: 3): -106 -109 -100 -120 -96 -108 -107 -92 # -129 -129 -129 -257 -129 -257 -129 -129 
CPU side received count (scaleup: 2): -105 -111 -115 -91 -103 -112 -110 -89 # -129 -129 -129 -129 -129 -257 -129 -129 
CPU side received count (scaleup: 1): -107 -113 -97 -105 -87 -80 -94 -108 # -129 -129 -129 -129 -129 -129 -129 -129 
CPU side received count (scaleup: 6): -104 -104 -101 -100 -120 -110 -107 -109 # -129 -129 -129 -129 -129 -257 -129 -129 
CPU side received count (scaleup: 0): -100 -109 -96 -109 -121 -113 -118 -100 # -129 -129 -129 -129 -129 -129 -129 -129 
CPU side received count (scaleup: 4): -110 -92 -102 -111 -107 -117 -103 -91 # -129 -129 -129 -129 -129 -129 -129 -129 
CPU side received count (scaleup: 5): -104 -112 -102 -101 -88 -88 -98 -92 # -129 -129 -129 -129 -129 -129 -129 -129 
CPU side received count (scaleup: 7): -101 -97 -90 -100 -117 -101 -84 -109 # -129 -129 -129 -129 -129 -129 -129 -129 
Elastic buffer uses 4 channels per SM
Elastic buffer uses 4 channels per SM
Elastic buffer uses 4 channels per SM
Elastic buffer uses 4 channels per SM
Elastic buffer uses 4 channels per SM
Elastic buffer uses 4 channels per SM
Elastic buffer uses 4 channels per SM
Elastic buffer uses 4 channels per SM
CPU side received count (scaleup: 3): -106 -109 -100 -120 -96 -108 -107 -92 # -129 -129 -129 -257 -129 -257 -129 -129 
CPU side received count (scaleup: 0): -100 -109 -96 -109 -121 -113 -118 -100 # -129 -129 -129 -129 -129 -129 -129 -129 
CPU side received count (scaleup: 7): -101 -97 -90 -100 -117 -101 -84 -109 # -129 -129 -129 -129 -129 -129 -129 -129 
CPU side received count (scaleup: 1): -107 -113 -97 -105 -87 -80 -94 -108 # -129 -129 -129 -129 -129 -129 -129 -129 
CPU side received count (scaleup: 2): -105 -111 -115 -91 -103 -112 -110 -89 # -129 -129 -129 -129 -129 -257 -129 -129 
CPU side received count (scaleup: 6): -104 -104 -101 -100 -120 -110 -107 -109 # -129 -129 -129 -129 -129 -257 -129 -129 
CPU side received count (scaleup: 4): -110 -92 -102 -111 -107 -117 -103 -91 # -129 -129 -129 -129 -129 -129 -129 -129 
CPU side received count (scaleup: 5): -104 -112 -102 -101 -88 -88 -98 -92 # -129 -129 -129 -129 -129 -129 -129 -129 
Elastic buffer uses 4 channels per SM
Elastic buffer uses 4 channels per SM
Elastic buffer uses 4 channels per SM
Elastic buffer uses 4 channels per SM
Elastic buffer uses 4 channels per SM
Elastic buffer uses 4 channels per SM
Elastic buffer uses 4 channels per SM
Elastic buffer uses 4 channels per SM
CPU side received count (scaleup: 7): -101 -97 -90 -100 -117 -101 -84 -109 # -129 -129 -129 -129 -129 -129 -129 -129 
CPU side received count (scaleup: 3): -106 -109 -100 -120 -96 -108 -107 -92 # -129 -129 -129 -257 -129 -257 -129 -129 
CPU side received count (scaleup: 1): -107 -113 -97 -105 -87 -80 -94 -108 # -129 -129 -129 -129 -129 -129 -129 -129 
CPU side received count (scaleup: 6): -104 -104 -101 -100 -120 -110 -107 -109 # -129 -129 -129 -129 -129 -257 -129 -129 
CPU side received count (scaleup: 5): -104 -112 -102 -101 -88 -88 -98 -92 # -129 -129 -129 -129 -129 -129 -129 -129 
CPU side received count (scaleup: 4): -110 -92 -102 -111 -107 -117 -103 -91 # -129 -129 -129 -129 -129 -129 -129 -129 
CPU side received count (scaleup: 2): -105 -111 -115 -91 -103 -112 -110 -89 # -129 -129 -129 -129 -129 -257 -129 -129 
CPU side received count (scaleup: 0): -100 -109 -96 -109 -121 -113 -118 -100 # -129 -129 -129 -129 -129 -129 -129 -129 
Elastic buffer uses 4 channels per SM
Elastic buffer uses 4 channels per SM
Elastic buffer uses 4 channels per SM
Elastic buffer uses 4 channels per SM
Elastic buffer uses 4 channels per SM
Elastic buffer uses 4 channels per SM
Elastic buffer uses 4 channels per SM
Elastic buffer uses 4 channels per SM
CPU side received count (scaleup: 3): -106 -109 -100 -120 -96 -108 -107 -92 # -129 -129 -129 -257 -129 -257 -129 -129 
CPU side received count (scaleup: 1): -107 -113 -97 -105 -87 -80 -94 -108 # -129 -129 -129 -129 -129 -129 -129 -129 
CPU side received count (scaleup: 2): -105 -111 -115 -91 -103 -112 -110 -89 # -129 -129 -129 -129 -129 -257 -129 -129 
CPU side received count (scaleup: 0): -100 -109 -96 -109 -121 -113 -118 -100 # -129 -129 -129 -129 -129 -129 -129 -129 
CPU side received count (scaleup: 6): -104 -104 -101 -100 -120 -110 -107 -109 # -129 -129 -129 -129 -129 -257 -129 -129 
CPU side received count (scaleup: 4): -110 -92 -102 -111 -107 -117 -103 -91 # -129 -129 -129 -129 -129 -129 -129 -129 
CPU side received count (scaleup: 7): -101 -97 -90 -100 -117 -101 -84 -109 # -129 -129 -129 -129 -129 -129 -129 -129 
CPU side received count (scaleup: 5): -104 -112 -102 -101 -88 -88 -98 -92 # -129 -129 -129 -129 -129 -129 -129 -129 
Elastic buffer uses 4 channels per SM
Elastic buffer uses 4 channels per SM
Elastic buffer uses 4 channels per SM
Elastic buffer uses 4 channels per SM
Elastic buffer uses 4 channels per SM
Elastic buffer uses 4 channels per SM
Elastic buffer uses 4 channels per SM
Elastic buffer uses 4 channels per SM
CPU side received count (scaleup: 6): -104 -104 -101 -100 -120 -110 -107 -109 # -129 -129 -129 -129 -129 -257 -129 -129 
CPU side received count (scaleup: 5): -104 -112 -102 -101 -88 -88 -98 -92 # -129 -129 -129 -129 -129 -129 -129 -129 
CPU side received count (scaleup: 7): -101 -97 -90 -100 -117 -101 -84 -109 # -129 -129 -129 -129 -129 -129 -129 -129 
CPU side received count (scaleup: 4): -110 -92 -102 -111 -107 -117 -103 -91 # -129 -129 -129 -129 -129 -129 -129 -129 
CPU side received count (scaleup: 2): -105 -111 -115 -91 -103 -112 -110 -89 # -129 -129 -129 -129 -129 -257 -129 -129 
CPU side received count (scaleup: 1): -107 -113 -97 -105 -87 -80 -94 -108 # -129 -129 -129 -129 -129 -129 -129 -129 
CPU side received count (scaleup: 0): -100 -109 -96 -109 -121 -113 -118 -100 # -129 -129 -129 -129 -129 -129 -129 -129 
CPU side received count (scaleup: 3): -106 -109 -100 -120 -96 -108 -107 -92 # -129 -129 -129 -257 -129 -257 -129 -129 
Elastic buffer uses 4 channels per SM
Elastic buffer uses 4 channels per SM
Elastic buffer uses 4 channels per SM
Elastic buffer uses 4 channels per SM
Elastic buffer uses 4 channels per SM
Elastic buffer uses 4 channels per SM
Elastic buffer uses 4 channels per SM
Elastic buffer uses 4 channels per SM
CPU side received count (scaleup: 7): -101 -97 -90 -100 -117 -101 -84 -109 # -129 -129 -129 -129 -129 -129 -129 -129 
CPU side received count (scaleup: 6): -104 -104 -101 -100 -120 -110 -107 -109 # -129 -129 -129 -129 -129 -257 -129 -129 
CPU side received count (scaleup: 3): -106 -109 -100 -120 -96 -108 -107 -92 # -129 -129 -129 -257 -129 -257 -129 -129 
CPU side received count (scaleup: 5): -104 -112 -102 -101 -88 -88 -98 -92 # -129 -129 -129 -129 -129 -129 -129 -129 
CPU side received count (scaleup: 4): -110 -92 -102 -111 -107 -117 -103 -91 # -129 -129 -129 -129 -129 -129 -129 -129 
CPU side received count (scaleup: 0): -100 -109 -96 -109 -121 -113 -118 -100 # -129 -129 -129 -129 -129 -129 -129 -129 
CPU side received count (scaleup: 2): -105 -111 -115 -91 -103 -112 -110 -89 # -129 -129 -129 -129 -129 -257 -129 -129 
CPU side received count (scaleup: 1): -107 -113 -97 -105 -87 -80 -94 -108 # -129 -129 -129 -129 -129 -129 -129 -129 
Elastic buffer uses 4 channels per SM
Elastic buffer uses 4 channels per SM
Elastic buffer uses 4 channels per SM
Elastic buffer uses 4 channels per SM
Elastic buffer uses 4 channels per SM
Elastic buffer uses 4 channels per SM
Elastic buffer uses 4 channels per SM
Elastic buffer uses 4 channels per SM
CPU side received count (scaleup: 6): -104 -104 -101 -100 -120 -110 -107 -109 # -129 -129 -129 -129 -129 -257 -129 -129 
CPU side received count (scaleup: 7): -101 -97 -90 -100 -117 -101 -84 -109 # -129 -129 -129 -129 -129 -129 -129 -129 
CPU side received count (scaleup: 3): -106 -109 -100 -120 -96 -108 -107 -92 # -129 -129 -129 -257 -129 -257 -129 -129 
CPU side received count (scaleup: 0): -100 -109 -96 -109 -121 -113 -118 -100 # -129 -129 -129 -129 -129 -129 -129 -129 
CPU side received count (scaleup: 4): -110 -92 -102 -111 -107 -117 -103 -91 # -129 -129 -129 -129 -129 -129 -129 -129 
CPU side received count (scaleup: 5): -104 -112 -102 -101 -88 -88 -98 -92 # -129 -129 -129 -129 -129 -129 -129 -129 
CPU side received count (scaleup: 2): -105 -111 -115 -91 -103 -112 -110 -89 # -129 -129 -129 -129 -129 -257 -129 -129 
CPU side received count (scaleup: 1): -107 -113 -97 -105 -87 -80 -94 -108 # -129 -129 -129 -129 -129 -129 -129 -129 
Elastic buffer uses 4 channels per SM
Elastic buffer uses 4 channels per SM
Elastic buffer uses 4 channels per SM
Elastic buffer uses 4 channels per SM
Elastic buffer uses 4 channels per SM
Elastic buffer uses 4 channels per SM
Elastic buffer uses 4 channels per SM
Elastic buffer uses 4 channels per SM
CPU side received count (scaleup: 7): -101 -97 -90 -100 -117 -101 -84 -109 # -129 -129 -129 -129 -129 -129 -129 -129 
CPU side received count (scaleup: 4): -110 -92 -102 -111 -107 -117 -103 -91 # -129 -129 -129 -129 -129 -129 -129 -129 
CPU side received count (scaleup: 1): -107 -113 -97 -105 -87 -80 -94 -108 # -129 -129 -129 -129 -129 -129 -129 -129 
CPU side received count (scaleup: 2): -105 -111 -115 -91 -103 -112 -110 -89 # -129 -129 -129 -129 -129 -257 -129 -129 
CPU side received count (scaleup: 5): -104 -112 -102 -101 -88 -88 -98 -92 # -129 -129 -129 -129 -129 -129 -129 -129 
CPU side received count (scaleup: 3): -106 -109 -100 -120 -96 -108 -107 -92 # -129 -129 -129 -257 -129 -257 -129 -129 
CPU side received count (scaleup: 6): -104 -104 -101 -100 -120 -110 -107 -109 # -129 -129 -129 -129 -129 -257 -129 -129 
CPU side received count (scaleup: 0): -100 -109 -96 -109 -121 -113 -118 -100 # -129 -129 -129 -129 -129 -129 -129 -129 
Elastic buffer uses 4 channels per SM
Elastic buffer uses 4 channels per SM
Elastic buffer uses 4 channels per SM
Elastic buffer uses 4 channels per SM
Elastic buffer uses 4 channels per SM
Elastic buffer uses 4 channels per SM
Elastic buffer uses 4 channels per SM
Elastic buffer uses 4 channels per SM
CPU side received count (scaleup: 0): -100 -109 -96 -109 -121 -113 -118 -100 # -129 -129 -129 -129 -129 -129 -129 -129 
CPU side received count (scaleup: 7): -101 -97 -90 -100 -117 -101 -84 -109 # -129 -129 -129 -129 -129 -129 -129 -129 
CPU side received count (scaleup: 4): -110 -92 -102 -111 -107 -117 -103 -91 # -129 -129 -129 -129 -129 -129 -129 -129 
CPU side received count (scaleup: 3): -106 -109 -100 -120 -96 -108 -107 -92 # -129 -129 -129 -257 -129 -257 -129 -129 
CPU side received count (scaleup: 1): -107 -113 -97 -105 -87 -80 -94 -108 # -129 -129 -129 -129 -129 -129 -129 -129 
CPU side received count (scaleup: 2): -105 -111 -115 -91 -103 -112 -110 -89 # -129 -129 -129 -129 -129 -257 -129 -129 
CPU side received count (scaleup: 6): -104 -104 -101 -100 -120 -110 -107 -109 # -129 -129 -129 -129 -129 -257 -129 -129 
CPU side received count (scaleup: 5): -104 -112 -102 -101 -88 -88 -98 -92 # -129 -129 -129 -129 -129 -129 -129 -129 
Elastic buffer uses 4 channels per SM
Elastic buffer uses 4 channels per SM
Elastic buffer uses 4 channels per SM
Elastic buffer uses 4 channels per SM
Elastic buffer uses 4 channels per SM
Elastic buffer uses 4 channels per SM
Elastic buffer uses 4 channels per SM
Elastic buffer uses 4 channels per SM
CPU side received count (scaleup: 7): -101 -97 -90 -100 -117 -101 -84 -109 # -129 -129 -129 -129 -129 -129 -129 -129 
CPU side received count (scaleup: 4): -110 -92 -102 -111 -107 -117 -103 -91 # -129 -129 -129 -129 -129 -129 -129 -129 
CPU side received count (scaleup: 5): -104 -112 -102 -101 -88 -88 -98 -92 # -129 -129 -129 -129 -129 -129 -129 -129 
CPU side received count (scaleup: 2): -105 -111 -115 -91 -103 -112 -110 -89 # -129 -129 -129 -129 -129 -257 -129 -129 
CPU side received count (scaleup: 6): -104 -104 -101 -100 -120 -110 -107 -109 # -129 -129 -129 -129 -129 -257 -129 -129 
CPU side received count (scaleup: 1): -107 -113 -97 -105 -87 -80 -94 -108 # -129 -129 -129 -129 -129 -129 -129 -129 
CPU side received count (scaleup: 0): -100 -109 -96 -109 -121 -113 -118 -100 # -129 -129 -129 -129 -129 -129 -129 -129 
CPU side received count (scaleup: 3): -106 -109 -100 -120 -96 -108 -107 -92 # -129 -129 -129 -257 -129 -257 -129 -129 
Elastic buffer uses 4 channels per SM
Elastic buffer uses 4 channels per SM
Elastic buffer uses 4 channels per SM
Elastic buffer uses 4 channels per SM
Elastic buffer uses 4 channels per SM
Elastic buffer uses 4 channels per SM
Elastic buffer uses 4 channels per SM
Elastic buffer uses 4 channels per SM
CPU side received count (scaleup: 3): -106 -109 -100 -120 -96 -108 -107 -92 # -129 -129 -129 -257 -129 -257 -129 -129 
CPU side received count (scaleup: 1): -107 -113 -97 -105 -87 -80 -94 -108 # -129 -129 -129 -129 -129 -129 -129 -129 
CPU side received count (scaleup: 6): -104 -104 -101 -100 -120 -110 -107 -109 # -129 -129 -129 -129 -129 -257 -129 -129 
CPU side received count (scaleup: 2): -105 -111 -115 -91 -103 -112 -110 -89 # -129 -129 -129 -129 -129 -257 -129 -129 
CPU side received count (scaleup: 4): -110 -92 -102 -111 -107 -117 -103 -91 # -129 -129 -129 -129 -129 -129 -129 -129 
CPU side received count (scaleup: 5): -104 -112 -102 -101 -88 -88 -98 -92 # -129 -129 -129 -129 -129 -129 -129 -129 
CPU side received count (scaleup: 7): -101 -97 -90 -100 -117 -101 -84 -109 # -129 -129 -129 -129 -129 -129 -129 -129 
CPU side received count (scaleup: 0): -100 -109 -96 -109 -121 -113 -118 -100 # -129 -129 -129 -129 -129 -129 -129 -129 
Elastic buffer uses 4 channels per SM
Elastic buffer uses 4 channels per SM
Elastic buffer uses 4 channels per SM
Elastic buffer uses 4 channels per SM
Elastic buffer uses 4 channels per SM
Elastic buffer uses 4 channels per SM
Elastic buffer uses 4 channels per SM
Elastic buffer uses 4 channels per SM
CPU side received count (scaleup: 6): -104 -104 -101 -100 -120 -110 -107 -109 # -129 -129 -129 -129 -129 -257 -129 -129 
CPU side received count (scaleup: 7): -101 -97 -90 -100 -117 -101 -84 -109 # -129 -129 -129 -129 -129 -129 -129 -129 
CPU side received count (scaleup: 0): -100 -109 -96 -109 -121 -113 -118 -100 # -129 -129 -129 -129 -129 -129 -129 -129 
CPU side received count (scaleup: 4): -110 -92 -102 -111 -107 -117 -103 -91 # -129 -129 -129 -129 -129 -129 -129 -129 
CPU side received count (scaleup: 5): -104 -112 -102 -101 -88 -88 -98 -92 # -129 -129 -129 -129 -129 -129 -129 -129 
CPU side received count (scaleup: 2): -105 -111 -115 -91 -103 -112 -110 -89 # -129 -129 -129 -129 -129 -257 -129 -129 
CPU side received count (scaleup: 1): -107 -113 -97 -105 -87 -80 -94 -108 # -129 -129 -129 -129 -129 -129 -129 -129 
CPU side received count (scaleup: 3): -106 -109 -100 -120 -96 -108 -107 -92 # -129 -129 -129 -257 -129 -257 -129 -129 
Elastic buffer uses 4 channels per SM
Elastic buffer uses 4 channels per SM
Elastic buffer uses 4 channels per SM
Elastic buffer uses 4 channels per SM
Elastic buffer uses 4 channels per SM
Elastic buffer uses 4 channels per SM
Elastic buffer uses 4 channels per SM
Elastic buffer uses 4 channels per SM
CPU side received count (scaleup: 3): -106 -109 -100 -120 -96 -108 -107 -92 # -129 -129 -129 -257 -129 -257 -129 -129 
CPU side received count (scaleup: 0): -100 -109 -96 -109 -121 -113 -118 -100 # -129 -129 -129 -129 -129 -129 -129 -129 
CPU side received count (scaleup: 6): -104 -104 -101 -100 -120 -110 -107 -109 # -129 -129 -129 -129 -129 -257 -129 -129 
CPU side received count (scaleup: 2): -105 -111 -115 -91 -103 -112 -110 -89 # -129 -129 -129 -129 -129 -257 -129 -129 
CPU side received count (scaleup: 1): -107 -113 -97 -105 -87 -80 -94 -108 # -129 -129 -129 -129 -129 -129 -129 -129 
CPU side received count (scaleup: 7): -101 -97 -90 -100 -117 -101 -84 -109 # -129 -129 -129 -129 -129 -129 -129 -129 
CPU side received count (scaleup: 4): -110 -92 -102 -111 -107 -117 -103 -91 # -129 -129 -129 -129 -129 -129 -129 -129 
CPU side received count (scaleup: 5): -104 -112 -102 -101 -88 -88 -98 -92 # -129 -129 -129 -129 -129 -129 -129 -129 
Elastic buffer uses 4 channels per SM
Elastic buffer uses 4 channels per SM
Elastic buffer uses 4 channels per SM
Elastic buffer uses 4 channels per SM
Elastic buffer uses 4 channels per SM
Elastic buffer uses 4 channels per SM
Elastic buffer uses 4 channels per SM
Elastic buffer uses 4 channels per SM
CPU side received count (scaleup: 3): -106 -109 -100 -120 -96 -108 -107 -92 # -129 -129 -129 -257 -129 -257 -129 -129 
CPU side received count (scaleup: 0): -100 -109 -96 -109 -121 -113 -118 -100 # -129 -129 -129 -129 -129 -129 -129 -129 
CPU side received count (scaleup: 6): -104 -104 -101 -100 -120 -110 -107 -109 # -129 -129 -129 -129 -129 -257 -129 -129 
CPU side received count (scaleup: 1): -107 -113 -97 -105 -87 -80 -94 -108 # -129 -129 -129 -129 -129 -129 -129 -129 
CPU side received count (scaleup: 7): -101 -97 -90 -100 -117 -101 -84 -109 # -129 -129 -129 -129 -129 -129 -129 -129 
CPU side received count (scaleup: 2): -105 -111 -115 -91 -103 -112 -110 -89 # -129 -129 -129 -129 -129 -257 -129 -129 
CPU side received count (scaleup: 5): -104 -112 -102 -101 -88 -88 -98 -92 # -129 -129 -129 -129 -129 -129 -129 -129 
CPU side received count (scaleup: 4): -110 -92 -102 -111 -107 -117 -103 -91 # -129 -129 -129 -129 -129 -129 -129 -129 
Elastic buffer uses 4 channels per SM
Elastic buffer uses 4 channels per SM
Elastic buffer uses 4 channels per SM
Elastic buffer uses 4 channels per SM
Elastic buffer uses 4 channels per SM
Elastic buffer uses 4 channels per SM
Elastic buffer uses 4 channels per SM
Elastic buffer uses 4 channels per SM
CPU side received count (scaleup: 3): -106 -109 -100 -120 -96 -108 -107 -92 # -129 -129 -129 -257 -129 -257 -129 -129 
CPU side received count (scaleup: 1): -107 -113 -97 -105 -87 -80 -94 -108 # -129 -129 -129 -129 -129 -129 -129 -129 
CPU side received count (scaleup: 2): -105 -111 -115 -91 -103 -112 -110 -89 # -129 -129 -129 -129 -129 -257 -129 -129 
CPU side received count (scaleup: 0): -100 -109 -96 -109 -121 -113 -118 -100 # -129 -129 -129 -129 -129 -129 -129 -129 
CPU side received count (scaleup: 6): -104 -104 -101 -100 -120 -110 -107 -109 # -129 -129 -129 -129 -129 -257 -129 -129 
CPU side received count (scaleup: 7): -101 -97 -90 -100 -117 -101 -84 -109 # -129 -129 -129 -129 -129 -129 -129 -129 
CPU side received count (scaleup: 5): -104 -112 -102 -101 -88 -88 -98 -92 # -129 -129 -129 -129 -129 -129 -129 -129 
CPU side received count (scaleup: 4): -110 -92 -102 -111 -107 -117 -103 -91 # -129 -129 -129 -129 -129 -129 -129 -129 
Elastic buffer uses 4 channels per SM
Elastic buffer uses 4 channels per SM
Elastic buffer uses 4 channels per SM
Elastic buffer uses 4 channels per SM
Elastic buffer uses 4 channels per SM
Elastic buffer uses 4 channels per SM
Elastic buffer uses 4 channels per SM
Elastic buffer uses 4 channels per SM
CPU side received count (scaleup: 3): -106 -109 -100 -120 -96 -108 -107 -92 # -129 -129 -129 -257 -129 -257 -129 -129 
CPU side received count (scaleup: 0): -100 -109 -96 -109 -121 -113 -118 -100 # -129 -129 -129 -129 -129 -129 -129 -129 
CPU side received count (scaleup: 2): -105 -111 -115 -91 -103 -112 -110 -89 # -129 -129 -129 -129 -129 -257 -129 -129 
CPU side received count (scaleup: 1): -107 -113 -97 -105 -87 -80 -94 -108 # -129 -129 -129 -129 -129 -129 -129 -129 
CPU side received count (scaleup: 4): -110 -92 -102 -111 -107 -117 -103 -91 # -129 -129 -129 -129 -129 -129 -129 -129 
CPU side received count (scaleup: 6): -104 -104 -101 -100 -120 -110 -107 -109 # -129 -129 -129 -129 -129 -257 -129 -129 
CPU side received count (scaleup: 7): -101 -97 -90 -100 -117 -101 -84 -109 # -129 -129 -129 -129 -129 -129 -129 -129 
CPU side received count (scaleup: 5): -104 -112 -102 -101 -88 -88 -98 -92 # -129 -129 -129 -129 -129 -129 -129 -129 
Elastic buffer uses 4 channels per SM
Elastic buffer uses 4 channels per SM
Elastic buffer uses 4 channels per SM
Elastic buffer uses 4 channels per SM
Elastic buffer uses 4 channels per SM
Elastic buffer uses 4 channels per SM
Elastic buffer uses 4 channels per SM
Elastic buffer uses 4 channels per SM
CPU side received count (scaleup: 3): -106 -109 -100 -120 -96 -108 -107 -92 # -129 -129 -129 -257 -129 -257 -129 -129 
CPU side received count (scaleup: 2): -105 -111 -115 -91 -103 -112 -110 -89 # -129 -129 -129 -129 -129 -257 -129 -129 
CPU side received count (scaleup: 0): -100 -109 -96 -109 -121 -113 -118 -100 # -129 -129 -129 -129 -129 -129 -129 -129 
CPU side received count (scaleup: 1): -107 -113 -97 -105 -87 -80 -94 -108 # -129 -129 -129 -129 -129 -129 -129 -129 
CPU side received count (scaleup: 7): -101 -97 -90 -100 -117 -101 -84 -109 # -129 -129 -129 -129 -129 -129 -129 -129 
CPU side received count (scaleup: 6): -104 -104 -101 -100 -120 -110 -107 -109 # -129 -129 -129 -129 -129 -257 -129 -129 
CPU side received count (scaleup: 5): -104 -112 -102 -101 -88 -88 -98 -92 # -129 -129 -129 -129 -129 -129 -129 -129 
CPU side received count (scaleup: 4): -110 -92 -102 -111 -107 -117 -103 -91 # -129 -129 -129 -129 -129 -129 -129 -129 
Elastic buffer uses 4 channels per SM
Elastic buffer uses 4 channels per SM
Elastic buffer uses 4 channels per SM
Elastic buffer uses 4 channels per SM
Elastic buffer uses 4 channels per SM
Elastic buffer uses 4 channels per SM
Elastic buffer uses 4 channels per SM
Elastic buffer uses 4 channels per SM
CPU side received count (scaleup: 6): -104 -104 -101 -100 -120 -110 -107 -109 # -129 -129 -129 -129 -129 -257 -129 -129 
CPU side received count (scaleup: 7): -101 -97 -90 -100 -117 -101 -84 -109 # -129 -129 -129 -129 -129 -129 -129 -129 
CPU side received count (scaleup: 3): -106 -109 -100 -120 -96 -108 -107 -92 # -129 -129 -129 -257 -129 -257 -129 -129 
CPU side received count (scaleup: 0): -100 -109 -96 -109 -121 -113 -118 -100 # -129 -129 -129 -129 -129 -129 -129 -129 
CPU side received count (scaleup: 2): -105 -111 -115 -91 -103 -112 -110 -89 # -129 -129 -129 -129 -129 -257 -129 -129 
CPU side received count (scaleup: 5): -104 -112 -102 -101 -88 -88 -98 -92 # -129 -129 -129 -129 -129 -129 -129 -129 
CPU side received count (scaleup: 4): -110 -92 -102 -111 -107 -117 -103 -91 # -129 -129 -129 -129 -129 -129 -129 -129 
CPU side received count (scaleup: 1): -107 -113 -97 -105 -87 -80 -94 -108 # -129 -129 -129 -129 -129 -129 -129 -129 
Elastic buffer uses 4 channels per SM
Elastic buffer uses 4 channels per SM
Elastic buffer uses 4 channels per SM
Elastic buffer uses 4 channels per SM
Elastic buffer uses 4 channels per SM
Elastic buffer uses 4 channels per SM
Elastic buffer uses 4 channels per SM
Elastic buffer uses 4 channels per SM
CPU side received count (scaleup: 3): -106 -109 -100 -120 -96 -108 -107 -92 # -129 -129 -129 -257 -129 -257 -129 -129 
CPU side received count (scaleup: 2): -105 -111 -115 -91 -103 -112 -110 -89 # -129 -129 -129 -129 -129 -257 -129 -129 
CPU side received count (scaleup: 1): -107 -113 -97 -105 -87 -80 -94 -108 # -129 -129 -129 -129 -129 -129 -129 -129 
CPU side received count (scaleup: 4): -110 -92 -102 -111 -107 -117 -103 -91 # -129 -129 -129 -129 -129 -129 -129 -129 
CPU side received count (scaleup: 7): -101 -97 -90 -100 -117 -101 -84 -109 # -129 -129 -129 -129 -129 -129 -129 -129 
CPU side received count (scaleup: 6): -104 -104 -101 -100 -120 -110 -107 -109 # -129 -129 -129 -129 -129 -257 -129 -129 
CPU side received count (scaleup: 0): -100 -109 -96 -109 -121 -113 -118 -100 # -129 -129 -129 -129 -129 -129 -129 -129 
CPU side received count (scaleup: 5): -104 -112 -102 -101 -88 -88 -98 -92 # -129 -129 -129 -129 -129 -129 -129 -129 
Elastic buffer uses 4 channels per SM
Elastic buffer uses 4 channels per SM
Elastic buffer uses 4 channels per SM
Elastic buffer uses 4 channels per SM
Elastic buffer uses 4 channels per SM
Elastic buffer uses 4 channels per SM
Elastic buffer uses 4 channels per SM
Elastic buffer uses 4 channels per SM
CPU side received count (scaleup: 6): -104 -104 -101 -100 -120 -110 -107 -109 # -129 -129 -129 -129 -129 -257 -129 -129 
CPU side received count (scaleup: 7): -101 -97 -90 -100 -117 -101 -84 -109 # -129 -129 -129 -129 -129 -129 -129 -129 
CPU side received count (scaleup: 5): -104 -112 -102 -101 -88 -88 -98 -92 # -129 -129 -129 -129 -129 -129 -129 -129 
CPU side received count (scaleup: 4): -110 -92 -102 -111 -107 -117 -103 -91 # -129 -129 -129 -129 -129 -129 -129 -129 
CPU side received count (scaleup: 1): -107 -113 -97 -105 -87 -80 -94 -108 # -129 -129 -129 -129 -129 -129 -129 -129 
CPU side received count (scaleup: 0): -100 -109 -96 -109 -121 -113 -118 -100 # -129 -129 -129 -129 -129 -129 -129 -129 
CPU side received count (scaleup: 3): -106 -109 -100 -120 -96 -108 -107 -92 # -129 -129 -129 -257 -129 -257 -129 -129 
CPU side received count (scaleup: 2): -105 -111 -115 -91 -103 -112 -110 -89 # -129 -129 -129 -129 -129 -257 -129 -129 
USDT:2026-08-25 02:34:31 435:435 SyncActivityProfilerHandler.cpp:59] profiler_stopUSDT:2026-08-25 02:34:31 440:440 SyncActivityProfilerHandler.cpp:59] profiler_stopUSDT:2026-08-25 02:34:31 434:434 SyncActivityProfilerHandler.cpp:59] profiler_stopUSDT:2026-08-25 02:34:31 441:441 SyncActivityProfilerHandler.cpp:59] profiler_stopUSDT:2026-08-25 02:34:31 436:436 SyncActivityProfilerHandler.cpp:59] profiler_stopUSDT:2026-08-25 02:34:31 437:437 SyncActivityProfilerHandler.cpp:59] profiler_stopUSDT:2026-08-25 02:34:31 438:438 SyncActivityProfilerHandler.cpp:59] profiler_stop

USDT:2026-08-25 02:34:31 439:439 SyncActivityProfilerHandler.cpp:59] profiler_stop





   * EP:  25/32 | dispatch: 4 GB/s (SO), 7 GB/s (SU), 794.832 us, 5863104 bytes | copy: 453 GB/s, 25.861 us
   * EP:  28/32 | dispatch: 3 GB/s (SO), 8 GB/s (SU), 795.159 us, 6177600 bytes | copy: 325 GB/s, 38.019 us
   * EP:  31/32 | dispatch: 3 GB/s (SO), 7 GB/s (SU), 795.129 us, 5923008 bytes | copy: 143 GB/s, 82.776 us
   * EP:  27/32 | dispatch: 3 GB/s (SO), 8 GB/s (SU), 795.303 us, 6215040 bytes | copy: 167 GB/s, 74.648 us
   * EP:  29/32 | dispatch: 3 GB/s (SO), 7 GB/s (SU), 795.212 us, 5818176 bytes | copy: 187 GB/s, 62.132 us
   * EP:  30/32 | dispatch: 3 GB/s (SO), 8 GB/s (SU), 795.164 us, 6342336 bytes | copy: 238 GB/s, 53.209 us
   * EP:  26/32 | dispatch: 3 GB/s (SO), 8 GB/s (SU), 795.365 us, 6200064 bytes | copy: 119 GB/s, 103.775 us
   * EP:  24/32 | dispatch: 4 GB/s (SO), 8 GB/s (SU), 795.126 us, 6424704 bytes | copy: 204 GB/s, 62.955 us
Elastic buffer uses 4 channels per SM
Elastic buffer uses 4 channels per SM
Elastic buffer uses 4 channels per SM
Elastic buffer uses 4 channels per SM
Elastic buffer uses 4 channels per SM
Elastic buffer uses 4 channels per SM
Elastic buffer uses 4 channels per SM
Elastic buffer uses 4 channels per SM
CPU side received count (scaleup: 3): -106 -109 -100 -120 -96 -108 -107 -92 # -129 -129 -129 -257 -129 -257 -129 -129 
CPU side received count (scaleup: 2): -105 -111 -115 -91 -103 -112 -110 -89 # -129 -129 -129 -129 -129 -257 -129 -129 
CPU side received count (scaleup: 5): -104 -112 -102 -101 -88 -88 -98 -92 # -129 -129 -129 -129 -129 -129 -129 -129 
CPU side received count (scaleup: 1): -107 -113 -97 -105 -87 -80 -94 -108 # -129 -129 -129 -129 -129 -129 -129 -129 
CPU side received count (scaleup: 6): -104 -104 -101 -100 -120 -110 -107 -109 # -129 -129 -129 -129 -129 -257 -129 -129 
CPU side received count (scaleup: 0): -100 -109 -96 -109 -121 -113 -118 -100 # -129 -129 -129 -129 -129 -129 -129 -129 
CPU side received count (scaleup: 7): -101 -97 -90 -100 -117 -101 -84 -109 # -129 -129 -129 -129 -129 -129 -129 -129 
CPU side received count (scaleup: 4): -110 -92 -102 -111 -107 -117 -103 -91 # -129 -129 -129 -129 -129 -129 -129 -129 
Elastic buffer uses 4 channels per SM
Elastic buffer uses 4 channels per SM
Elastic buffer uses 4 channels per SM
Elastic buffer uses 4 channels per SM
Elastic buffer uses 4 channels per SM
Elastic buffer uses 4 channels per SM
Elastic buffer uses 4 channels per SM
Elastic buffer uses 4 channels per SM
CPU side received count (scaleup: 6): -104 -104 -101 -100 -120 -110 -107 -109 # -129 -129 -129 -129 -129 -257 -129 -129 
CPU side received count (scaleup: 7): -101 -97 -90 -100 -117 -101 -84 -109 # -129 -129 -129 -129 -129 -129 -129 -129 
CPU side received count (scaleup: 2): -105 -111 -115 -91 -103 -112 -110 -89 # -129 -129 -129 -129 -129 -257 -129 -129 
CPU side received count (scaleup: 5): -104 -112 -102 -101 -88 -88 -98 -92 # -129 -129 -129 -129 -129 -129 -129 -129 
CPU side received count (scaleup: 0): -100 -109 -96 -109 -121 -113 -118 -100 # -129 -129 -129 -129 -129 -129 -129 -129 
CPU side received count (scaleup: 4): -110 -92 -102 -111 -107 -117 -103 -91 # -129 -129 -129 -129 -129 -129 -129 -129 
CPU side received count (scaleup: 3): -106 -109 -100 -120 -96 -108 -107 -92 # -129 -129 -129 -257 -129 -257 -129 -129 
CPU side received count (scaleup: 1): -107 -113 -97 -105 -87 -80 -94 -108 # -129 -129 -129 -129 -129 -129 -129 -129 
Elastic buffer uses 4 channels per SM
Elastic buffer uses 4 channels per SM
Elastic buffer uses 4 channels per SM
Elastic buffer uses 4 channels per SM
Elastic buffer uses 4 channels per SM
Elastic buffer uses 4 channels per SM
Elastic buffer uses 4 channels per SM
Elastic buffer uses 4 channels per SM
CPU side received count (scaleup: 6): -104 -104 -101 -100 -120 -110 -107 -109 # -129 -129 -129 -129 -129 -257 -129 -129 
CPU side received count (scaleup: 4): -110 -92 -102 -111 -107 -117 -103 -91 # -129 -129 -129 -129 -129 -129 -129 -129 
CPU side received count (scaleup: 3): -106 -109 -100 -120 -96 -108 -107 -92 # -129 -129 -129 -257 -129 -257 -129 -129 
CPU side received count (scaleup: 2): -105 -111 -115 -91 -103 -112 -110 -89 # -129 -129 -129 -129 -129 -257 -129 -129 
CPU side received count (scaleup: 5): -104 -112 -102 -101 -88 -88 -98 -92 # -129 -129 -129 -129 -129 -129 -129 -129 
CPU side received count (scaleup: 7): -101 -97 -90 -100 -117 -101 -84 -109 # -129 -129 -129 -129 -129 -129 -129 -129 
CPU side received count (scaleup: 1): -107 -113 -97 -105 -87 -80 -94 -108 # -129 -129 -129 -129 -129 -129 -129 -129 
CPU side received count (scaleup: 0): -100 -109 -96 -109 -121 -113 -118 -100 # -129 -129 -129 -129 -129 -129 -129 -129 
Elastic buffer uses 4 channels per SM
Elastic buffer uses 4 channels per SM
Elastic buffer uses 4 channels per SM
Elastic buffer uses 4 channels per SM
Elastic buffer uses 4 channels per SM
Elastic buffer uses 4 channels per SM
Elastic buffer uses 4 channels per SM
Elastic buffer uses 4 channels per SM
CPU side received count (scaleup: 6): -104 -104 -101 -100 -120 -110 -107 -109 # -129 -129 -129 -129 -129 -257 -129 -129 
CPU side received count (scaleup: 5): -104 -112 -102 -101 -88 -88 -98 -92 # -129 -129 -129 -129 -129 -129 -129 -129 
CPU side received count (scaleup: 2): -105 -111 -115 -91 -103 -112 -110 -89 # -129 -129 -129 -129 -129 -257 -129 -129 
CPU side received count (scaleup: 7): -101 -97 -90 -100 -117 -101 -84 -109 # -129 -129 -129 -129 -129 -129 -129 -129 
CPU side received count (scaleup: 4): -110 -92 -102 -111 -107 -117 -103 -91 # -129 -129 -129 -129 -129 -129 -129 -129 
CPU side received count (scaleup: 1): -107 -113 -97 -105 -87 -80 -94 -108 # -129 -129 -129 -129 -129 -129 -129 -129 
CPU side received count (scaleup: 3): -106 -109 -100 -120 -96 -108 -107 -92 # -129 -129 -129 -257 -129 -257 -129 -129 
CPU side received count (scaleup: 0): -100 -109 -96 -109 -121 -113 -118 -100 # -129 -129 -129 -129 -129 -129 -129 -129 
Elastic buffer uses 4 channels per SM
Elastic buffer uses 4 channels per SM
Elastic buffer uses 4 channels per SM
Elastic buffer uses 4 channels per SM
Elastic buffer uses 4 channels per SM
Elastic buffer uses 4 channels per SM
Elastic buffer uses 4 channels per SM
Elastic buffer uses 4 channels per SM
CPU side received count (scaleup: 6): -104 -104 -101 -100 -120 -110 -107 -109 # -129 -129 -129 -129 -129 -257 -129 -129 
CPU side received count (scaleup: 4): -110 -92 -102 -111 -107 -117 -103 -91 # -129 -129 -129 -129 -129 -129 -129 -129 
CPU side received count (scaleup: 3): -106 -109 -100 -120 -96 -108 -107 -92 # -129 -129 -129 -257 -129 -257 -129 -129 
CPU side received count (scaleup: 0): -100 -109 -96 -109 -121 -113 -118 -100 # -129 -129 -129 -129 -129 -129 -129 -129 
CPU side received count (scaleup: 7): -101 -97 -90 -100 -117 -101 -84 -109 # -129 -129 -129 -129 -129 -129 -129 -129 
CPU side received count (scaleup: 5): -104 -112 -102 -101 -88 -88 -98 -92 # -129 -129 -129 -129 -129 -129 -129 -129 
CPU side received count (scaleup: 1): -107 -113 -97 -105 -87 -80 -94 -108 # -129 -129 -129 -129 -129 -129 -129 -129 
CPU side received count (scaleup: 2): -105 -111 -115 -91 -103 -112 -110 -89 # -129 -129 -129 -129 -129 -257 -129 -129 
Elastic buffer uses 4 channels per SM
Elastic buffer uses 4 channels per SM
Elastic buffer uses 4 channels per SM
Elastic buffer uses 4 channels per SM
Elastic buffer uses 4 channels per SM
Elastic buffer uses 4 channels per SM
Elastic buffer uses 4 channels per SM
Elastic buffer uses 4 channels per SM
CPU side received count (scaleup: 6): -104 -104 -101 -100 -120 -110 -107 -109 # -129 -129 -129 -129 -129 -257 -129 -129 
CPU side received count (scaleup: 7): -101 -97 -90 -100 -117 -101 -84 -109 # -129 -129 -129 -129 -129 -129 -129 -129 
CPU side received count (scaleup: 0): -100 -109 -96 -109 -121 -113 -118 -100 # -129 -129 -129 -129 -129 -129 -129 -129 
CPU side received count (scaleup: 4): -110 -92 -102 -111 -107 -117 -103 -91 # -129 -129 -129 -129 -129 -129 -129 -129 
CPU side received count (scaleup: 5): -104 -112 -102 -101 -88 -88 -98 -92 # -129 -129 -129 -129 -129 -129 -129 -129 
CPU side received count (scaleup: 3): -106 -109 -100 -120 -96 -108 -107 -92 # -129 -129 -129 -257 -129 -257 -129 -129 
CPU side received count (scaleup: 1): -107 -113 -97 -105 -87 -80 -94 -108 # -129 -129 -129 -129 -129 -129 -129 -129 
CPU side received count (scaleup: 2): -105 -111 -115 -91 -103 -112 -110 -89 # -129 -129 -129 -129 -129 -257 -129 -129 
Elastic buffer uses 4 channels per SM
Elastic buffer uses 4 channels per SM
Elastic buffer uses 4 channels per SM
Elastic buffer uses 4 channels per SM
Elastic buffer uses 4 channels per SM
Elastic buffer uses 4 channels per SM
Elastic buffer uses 4 channels per SM
Elastic buffer uses 4 channels per SM
CPU side received count (scaleup: 6): -104 -104 -101 -100 -120 -110 -107 -109 # -129 -129 -129 -129 -129 -257 -129 -129 
CPU side received count (scaleup: 5): -104 -112 -102 -101 -88 -88 -98 -92 # -129 -129 -129 -129 -129 -129 -129 -129 
CPU side received count (scaleup: 2): -105 -111 -115 -91 -103 -112 -110 -89 # -129 -129 -129 -129 -129 -257 -129 -129 
CPU side received count (scaleup: 7): -101 -97 -90 -100 -117 -101 -84 -109 # -129 -129 -129 -129 -129 -129 -129 -129 
CPU side received count (scaleup: 4): -110 -92 -102 -111 -107 -117 -103 -91 # -129 -129 -129 -129 -129 -129 -129 -129 
CPU side received count (scaleup: 3): -106 -109 -100 -120 -96 -108 -107 -92 # -129 -129 -129 -257 -129 -257 -129 -129 
CPU side received count (scaleup: 1): -107 -113 -97 -105 -87 -80 -94 -108 # -129 -129 -129 -129 -129 -129 -129 -129 
CPU side received count (scaleup: 0): -100 -109 -96 -109 -121 -113 -118 -100 # -129 -129 -129 -129 -129 -129 -129 -129 
Elastic buffer uses 4 channels per SM
Elastic buffer uses 4 channels per SM
Elastic buffer uses 4 channels per SM
Elastic buffer uses 4 channels per SM
Elastic buffer uses 4 channels per SM
Elastic buffer uses 4 channels per SM
Elastic buffer uses 4 channels per SM
Elastic buffer uses 4 channels per SM
CPU side received count (scaleup: 6): -104 -104 -101 -100 -120 -110 -107 -109 # -129 -129 -129 -129 -129 -257 -129 -129 
CPU side received count (scaleup: 5): -104 -112 -102 -101 -88 -88 -98 -92 # -129 -129 -129 -129 -129 -129 -129 -129 
CPU side received count (scaleup: 7): -101 -97 -90 -100 -117 -101 -84 -109 # -129 -129 -129 -129 -129 -129 -129 -129 
CPU side received count (scaleup: 4): -110 -92 -102 -111 -107 -117 -103 -91 # -129 -129 -129 -129 -129 -129 -129 -129 
CPU side received count (scaleup: 3): -106 -109 -100 -120 -96 -108 -107 -92 # -129 -129 -129 -257 -129 -257 -129 -129 
CPU side received count (scaleup: 2): -105 -111 -115 -91 -103 -112 -110 -89 # -129 -129 -129 -129 -129 -257 -129 -129 
CPU side received count (scaleup: 0): -100 -109 -96 -109 -121 -113 -118 -100 # -129 -129 -129 -129 -129 -129 -129 -129 
CPU side received count (scaleup: 1): -107 -113 -97 -105 -87 -80 -94 -108 # -129 -129 -129 -129 -129 -129 -129 -129 
Elastic buffer uses 4 channels per SM
Elastic buffer uses 4 channels per SM
Elastic buffer uses 4 channels per SM
Elastic buffer uses 4 channels per SM
Elastic buffer uses 4 channels per SM
Elastic buffer uses 4 channels per SM
Elastic buffer uses 4 channels per SM
Elastic buffer uses 4 channels per SM
CPU side received count (scaleup: 6): -104 -104 -101 -100 -120 -110 -107 -109 # -129 -129 -129 -129 -129 -257 -129 -129 
CPU side received count (scaleup: 5): -104 -112 -102 -101 -88 -88 -98 -92 # -129 -129 -129 -129 -129 -129 -129 -129 
CPU side received count (scaleup: 7): -101 -97 -90 -100 -117 -101 -84 -109 # -129 -129 -129 -129 -129 -129 -129 -129 
CPU side received count (scaleup: 4): -110 -92 -102 -111 -107 -117 -103 -91 # -129 -129 -129 -129 -129 -129 -129 -129 
CPU side received count (scaleup: 3): -106 -109 -100 -120 -96 -108 -107 -92 # -129 -129 -129 -257 -129 -257 -129 -129 
CPU side received count (scaleup: 2): -105 -111 -115 -91 -103 -112 -110 -89 # -129 -129 -129 -129 -129 -257 -129 -129 
CPU side received count (scaleup: 1): -107 -113 -97 -105 -87 -80 -94 -108 # -129 -129 -129 -129 -129 -129 -129 -129 
CPU side received count (scaleup: 0): -100 -109 -96 -109 -121 -113 -118 -100 # -129 -129 -129 -129 -129 -129 -129 -129 
Elastic buffer uses 4 channels per SM
Elastic buffer uses 4 channels per SM
Elastic buffer uses 4 channels per SM
Elastic buffer uses 4 channels per SM
Elastic buffer uses 4 channels per SM
Elastic buffer uses 4 channels per SM
Elastic buffer uses 4 channels per SM
Elastic buffer uses 4 channels per SM
CPU side received count (scaleup: 3): -106 -109 -100 -120 -96 -108 -107 -92 # -129 -129 -129 -257 -129 -257 -129 -129 
CPU side received count (scaleup: 2): -105 -111 -115 -91 -103 -112 -110 -89 # -129 -129 -129 -129 -129 -257 -129 -129 
CPU side received count (scaleup: 6): -104 -104 -101 -100 -120 -110 -107 -109 # -129 -129 -129 -129 -129 -257 -129 -129 
CPU side received count (scaleup: 7): -101 -97 -90 -100 -117 -101 -84 -109 # -129 -129 -129 -129 -129 -129 -129 -129 
CPU side received count (scaleup: 1): -107 -113 -97 -105 -87 -80 -94 -108 # -129 -129 -129 -129 -129 -129 -129 -129 
CPU side received count (scaleup: 0): -100 -109 -96 -109 -121 -113 -118 -100 # -129 -129 -129 -129 -129 -129 -129 -129 
CPU side received count (scaleup: 5): -104 -112 -102 -101 -88 -88 -98 -92 # -129 -129 -129 -129 -129 -129 -129 -129 
CPU side received count (scaleup: 4): -110 -92 -102 -111 -107 -117 -103 -91 # -129 -129 -129 -129 -129 -129 -129 -129 
Elastic buffer uses 4 channels per SM
Elastic buffer uses 4 channels per SM
Elastic buffer uses 4 channels per SM
Elastic buffer uses 4 channels per SM
Elastic buffer uses 4 channels per SM
Elastic buffer uses 4 channels per SM
Elastic buffer uses 4 channels per SM
Elastic buffer uses 4 channels per SM
CPU side received count (scaleup: 6): -104 -104 -101 -100 -120 -110 -107 -109 # -129 -129 -129 -129 -129 -257 -129 -129 
CPU side received count (scaleup: 7): -101 -97 -90 -100 -117 -101 -84 -109 # -129 -129 -129 -129 -129 -129 -129 -129 
CPU side received count (scaleup: 4): -110 -92 -102 -111 -107 -117 -103 -91 # -129 -129 -129 -129 -129 -129 -129 -129 
CPU side received count (scaleup: 5): -104 -112 -102 -101 -88 -88 -98 -92 # -129 -129 -129 -129 -129 -129 -129 -129 
CPU side received count (scaleup: 3): -106 -109 -100 -120 -96 -108 -107 -92 # -129 -129 -129 -257 -129 -257 -129 -129 
CPU side received count (scaleup: 2): -105 -111 -115 -91 -103 -112 -110 -89 # -129 -129 -129 -129 -129 -257 -129 -129 
CPU side received count (scaleup: 0): -100 -109 -96 -109 -121 -113 -118 -100 # -129 -129 -129 -129 -129 -129 -129 -129 
CPU side received count (scaleup: 1): -107 -113 -97 -105 -87 -80 -94 -108 # -129 -129 -129 -129 -129 -129 -129 -129 
Elastic buffer uses 4 channels per SM
Elastic buffer uses 4 channels per SM
Elastic buffer uses 4 channels per SM
Elastic buffer uses 4 channels per SM
Elastic buffer uses 4 channels per SM
Elastic buffer uses 4 channels per SM
Elastic buffer uses 4 channels per SM
Elastic buffer uses 4 channels per SM
CPU side received count (scaleup: 7): -101 -97 -90 -100 -117 -101 -84 -109 # -129 -129 -129 -129 -129 -129 -129 -129 
CPU side received count (scaleup: 5): -104 -112 -102 -101 -88 -88 -98 -92 # -129 -129 -129 -129 -129 -129 -129 -129 
CPU side received count (scaleup: 4): -110 -92 -102 -111 -107 -117 -103 -91 # -129 -129 -129 -129 -129 -129 -129 -129 
CPU side received count (scaleup: 3): -106 -109 -100 -120 -96 -108 -107 -92 # -129 -129 -129 -257 -129 -257 -129 -129 
CPU side received count (scaleup: 0): -100 -109 -96 -109 -121 -113 -118 -100 # -129 -129 -129 -129 -129 -129 -129 -129 
CPU side received count (scaleup: 2): -105 -111 -115 -91 -103 -112 -110 -89 # -129 -129 -129 -129 -129 -257 -129 -129 
CPU side received count (scaleup: 6): -104 -104 -101 -100 -120 -110 -107 -109 # -129 -129 -129 -129 -129 -257 -129 -129 
CPU side received count (scaleup: 1): -107 -113 -97 -105 -87 -80 -94 -108 # -129 -129 -129 -129 -129 -129 -129 -129 
Elastic buffer uses 4 channels per SM
Elastic buffer uses 4 channels per SM
Elastic buffer uses 4 channels per SM
Elastic buffer uses 4 channels per SM
Elastic buffer uses 4 channels per SM
Elastic buffer uses 4 channels per SM
Elastic buffer uses 4 channels per SM
Elastic buffer uses 4 channels per SM
CPU side received count (scaleup: 6): -104 -104 -101 -100 -120 -110 -107 -109 # -129 -129 -129 -129 -129 -257 -129 -129 
CPU side received count (scaleup: 7): -101 -97 -90 -100 -117 -101 -84 -109 # -129 -129 -129 -129 -129 -129 -129 -129 
CPU side received count (scaleup: 4): -110 -92 -102 -111 -107 -117 -103 -91 # -129 -129 -129 -129 -129 -129 -129 -129 
CPU side received count (scaleup: 3): -106 -109 -100 -120 -96 -108 -107 -92 # -129 -129 -129 -257 -129 -257 -129 -129 
CPU side received count (scaleup: 2): -105 -111 -115 -91 -103 -112 -110 -89 # -129 -129 -129 -129 -129 -257 -129 -129 
CPU side received count (scaleup: 0): -100 -109 -96 -109 -121 -113 -118 -100 # -129 -129 -129 -129 -129 -129 -129 -129 
CPU side received count (scaleup: 5): -104 -112 -102 -101 -88 -88 -98 -92 # -129 -129 -129 -129 -129 -129 -129 -129 
CPU side received count (scaleup: 1): -107 -113 -97 -105 -87 -80 -94 -108 # -129 -129 -129 -129 -129 -129 -129 -129 
Elastic buffer uses 4 channels per SM
Elastic buffer uses 4 channels per SM
Elastic buffer uses 4 channels per SM
Elastic buffer uses 4 channels per SM
Elastic buffer uses 4 channels per SM
Elastic buffer uses 4 channels per SM
Elastic buffer uses 4 channels per SM
Elastic buffer uses 4 channels per SM
CPU side received count (scaleup: 6): -104 -104 -101 -100 -120 -110 -107 -109 # -129 -129 -129 -129 -129 -257 -129 -129 
CPU side received count (scaleup: 7): -101 -97 -90 -100 -117 -101 -84 -109 # -129 -129 -129 -129 -129 -129 -129 -129 
CPU side received count (scaleup: 5): -104 -112 -102 -101 -88 -88 -98 -92 # -129 -129 -129 -129 -129 -129 -129 -129 
CPU side received count (scaleup: 3): -106 -109 -100 -120 -96 -108 -107 -92 # -129 -129 -129 -257 -129 -257 -129 -129 
CPU side received count (scaleup: 4): -110 -92 -102 -111 -107 -117 -103 -91 # -129 -129 -129 -129 -129 -129 -129 -129 
CPU side received count (scaleup: 1): -107 -113 -97 -105 -87 -80 -94 -108 # -129 -129 -129 -129 -129 -129 -129 -129 
CPU side received count (scaleup: 0): -100 -109 -96 -109 -121 -113 -118 -100 # -129 -129 -129 -129 -129 -129 -129 -129 
CPU side received count (scaleup: 2): -105 -111 -115 -91 -103 -112 -110 -89 # -129 -129 -129 -129 -129 -257 -129 -129 
Elastic buffer uses 4 channels per SM
Elastic buffer uses 4 channels per SM
Elastic buffer uses 4 channels per SM
Elastic buffer uses 4 channels per SM
Elastic buffer uses 4 channels per SM
Elastic buffer uses 4 channels per SM
Elastic buffer uses 4 channels per SM
Elastic buffer uses 4 channels per SM
CPU side received count (scaleup: 6): -104 -104 -101 -100 -120 -110 -107 -109 # -129 -129 -129 -129 -129 -257 -129 -129 
CPU side received count (scaleup: 1): -107 -113 -97 -105 -87 -80 -94 -108 # -129 -129 -129 -129 -129 -129 -129 -129 
CPU side received count (scaleup: 0): -100 -109 -96 -109 -121 -113 -118 -100 # -129 -129 -129 -129 -129 -129 -129 -129 
CPU side received count (scaleup: 7): -101 -97 -90 -100 -117 -101 -84 -109 # -129 -129 -129 -129 -129 -129 -129 -129 
CPU side received count (scaleup: 4): -110 -92 -102 -111 -107 -117 -103 -91 # -129 -129 -129 -129 -129 -129 -129 -129 
CPU side received count (scaleup: 5): -104 -112 -102 -101 -88 -88 -98 -92 # -129 -129 -129 -129 -129 -129 -129 -129 
CPU side received count (scaleup: 3): -106 -109 -100 -120 -96 -108 -107 -92 # -129 -129 -129 -257 -129 -257 -129 -129 
CPU side received count (scaleup: 2): -105 -111 -115 -91 -103 -112 -110 -89 # -129 -129 -129 -129 -129 -257 -129 -129 
Elastic buffer uses 4 channels per SM
Elastic buffer uses 4 channels per SM
Elastic buffer uses 4 channels per SM
Elastic buffer uses 4 channels per SM
Elastic buffer uses 4 channels per SM
Elastic buffer uses 4 channels per SM
Elastic buffer uses 4 channels per SM
Elastic buffer uses 4 channels per SM
CPU side received count (scaleup: 3): -106 -109 -100 -120 -96 -108 -107 -92 # -129 -129 -129 -257 -129 -257 -129 -129 
CPU side received count (scaleup: 2): -105 -111 -115 -91 -103 -112 -110 -89 # -129 -129 -129 -129 -129 -257 -129 -129 
CPU side received count (scaleup: 6): -104 -104 -101 -100 -120 -110 -107 -109 # -129 -129 -129 -129 -129 -257 -129 -129 
CPU side received count (scaleup: 0): -100 -109 -96 -109 -121 -113 -118 -100 # -129 -129 -129 -129 -129 -129 -129 -129 
CPU side received count (scaleup: 1): -107 -113 -97 -105 -87 -80 -94 -108 # -129 -129 -129 -129 -129 -129 -129 -129 
CPU side received count (scaleup: 5): -104 -112 -102 -101 -88 -88 -98 -92 # -129 -129 -129 -129 -129 -129 -129 -129 
CPU side received count (scaleup: 4): -110 -92 -102 -111 -107 -117 -103 -91 # -129 -129 -129 -129 -129 -129 -129 -129 
CPU side received count (scaleup: 7): -101 -97 -90 -100 -117 -101 -84 -109 # -129 -129 -129 -129 -129 -129 -129 -129 
Elastic buffer uses 4 channels per SM
Elastic buffer uses 4 channels per SM
Elastic buffer uses 4 channels per SM
Elastic buffer uses 4 channels per SM
Elastic buffer uses 4 channels per SM
Elastic buffer uses 4 channels per SM
Elastic buffer uses 4 channels per SM
Elastic buffer uses 4 channels per SM
CPU side received count (scaleup: 6): -104 -104 -101 -100 -120 -110 -107 -109 # -129 -129 -129 -129 -129 -257 -129 -129 
CPU side received count (scaleup: 7): -101 -97 -90 -100 -117 -101 -84 -109 # -129 -129 -129 -129 -129 -129 -129 -129 
CPU side received count (scaleup: 3): -106 -109 -100 -120 -96 -108 -107 -92 # -129 -129 -129 -257 -129 -257 -129 -129 
CPU side received count (scaleup: 1): -107 -113 -97 -105 -87 -80 -94 -108 # -129 -129 -129 -129 -129 -129 -129 -129 
CPU side received count (scaleup: 5): -104 -112 -102 -101 -88 -88 -98 -92 # -129 -129 -129 -129 -129 -129 -129 -129 
CPU side received count (scaleup: 4): -110 -92 -102 -111 -107 -117 -103 -91 # -129 -129 -129 -129 -129 -129 -129 -129 
CPU side received count (scaleup: 2): -105 -111 -115 -91 -103 -112 -110 -89 # -129 -129 -129 -129 -129 -257 -129 -129 
CPU side received count (scaleup: 0): -100 -109 -96 -109 -121 -113 -118 -100 # -129 -129 -129 -129 -129 -129 -129 -129 
Elastic buffer uses 4 channels per SM
Elastic buffer uses 4 channels per SM
Elastic buffer uses 4 channels per SM
Elastic buffer uses 4 channels per SM
Elastic buffer uses 4 channels per SM
Elastic buffer uses 4 channels per SM
Elastic buffer uses 4 channels per SM
Elastic buffer uses 4 channels per SM
CPU side received count (scaleup: 3): -106 -109 -100 -120 -96 -108 -107 -92 # -129 -129 -129 -257 -129 -257 -129 -129 
CPU side received count (scaleup: 1): -107 -113 -97 -105 -87 -80 -94 -108 # -129 -129 -129 -129 -129 -129 -129 -129 
CPU side received count (scaleup: 0): -100 -109 -96 -109 -121 -113 -118 -100 # -129 -129 -129 -129 -129 -129 -129 -129 
CPU side received count (scaleup: 2): -105 -111 -115 -91 -103 -112 -110 -89 # -129 -129 -129 -129 -129 -257 -129 -129 
CPU side received count (scaleup: 7): -101 -97 -90 -100 -117 -101 -84 -109 # -129 -129 -129 -129 -129 -129 -129 -129 
CPU side received count (scaleup: 4): -110 -92 -102 -111 -107 -117 -103 -91 # -129 -129 -129 -129 -129 -129 -129 -129 
CPU side received count (scaleup: 5): -104 -112 -102 -101 -88 -88 -98 -92 # -129 -129 -129 -129 -129 -129 -129 -129 
CPU side received count (scaleup: 6): -104 -104 -101 -100 -120 -110 -107 -109 # -129 -129 -129 -129 -129 -257 -129 -129 
Elastic buffer uses 4 channels per SM
Elastic buffer uses 4 channels per SM
Elastic buffer uses 4 channels per SM
Elastic buffer uses 4 channels per SM
Elastic buffer uses 4 channels per SM
Elastic buffer uses 4 channels per SM
Elastic buffer uses 4 channels per SM
Elastic buffer uses 4 channels per SM
CPU side received count (scaleup: 3): -106 -109 -100 -120 -96 -108 -107 -92 # -129 -129 -129 -257 -129 -257 -129 -129 
CPU side received count (scaleup: 2): -105 -111 -115 -91 -103 -112 -110 -89 # -129 -129 -129 -129 -129 -257 -129 -129 
CPU side received count (scaleup: 4): -110 -92 -102 -111 -107 -117 -103 -91 # -129 -129 -129 -129 -129 -129 -129 -129 
CPU side received count (scaleup: 1): -107 -113 -97 -105 -87 -80 -94 -108 # -129 -129 -129 -129 -129 -129 -129 -129 
CPU side received count (scaleup: 0): -100 -109 -96 -109 -121 -113 -118 -100 # -129 -129 -129 -129 -129 -129 -129 -129 
CPU side received count (scaleup: 6): -104 -104 -101 -100 -120 -110 -107 -109 # -129 -129 -129 -129 -129 -257 -129 -129 
CPU side received count (scaleup: 5): -104 -112 -102 -101 -88 -88 -98 -92 # -129 -129 -129 -129 -129 -129 -129 -129 
CPU side received count (scaleup: 7): -101 -97 -90 -100 -117 -101 -84 -109 # -129 -129 -129 -129 -129 -129 -129 -129 
Elastic buffer uses 4 channels per SM
Elastic buffer uses 4 channels per SM
Elastic buffer uses 4 channels per SM
Elastic buffer uses 4 channels per SM
Elastic buffer uses 4 channels per SM
Elastic buffer uses 4 channels per SM
Elastic buffer uses 4 channels per SM
Elastic buffer uses 4 channels per SM
CPU side received count (scaleup: 6): -104 -104 -101 -100 -120 -110 -107 -109 # -129 -129 -129 -129 -129 -257 -129 -129 
CPU side received count (scaleup: 7): -101 -97 -90 -100 -117 -101 -84 -109 # -129 -129 -129 -129 -129 -129 -129 -129 
CPU side received count (scaleup: 4): -110 -92 -102 -111 -107 -117 -103 -91 # -129 -129 -129 -129 -129 -129 -129 -129 
CPU side received count (scaleup: 3): -106 -109 -100 -120 -96 -108 -107 -92 # -129 -129 -129 -257 -129 -257 -129 -129 
CPU side received count (scaleup: 2): -105 -111 -115 -91 -103 -112 -110 -89 # -129 -129 -129 -129 -129 -257 -129 -129 
CPU side received count (scaleup: 5): -104 -112 -102 -101 -88 -88 -98 -92 # -129 -129 -129 -129 -129 -129 -129 -129 
CPU side received count (scaleup: 0): -100 -109 -96 -109 -121 -113 -118 -100 # -129 -129 -129 -129 -129 -129 -129 -129 
CPU side received count (scaleup: 1): -107 -113 -97 -105 -87 -80 -94 -108 # -129 -129 -129 -129 -129 -129 -129 -129 
Elastic buffer uses 4 channels per SM
Elastic buffer uses 4 channels per SM
Elastic buffer uses 4 channels per SM
Elastic buffer uses 4 channels per SM
Elastic buffer uses 4 channels per SM
Elastic buffer uses 4 channels per SM
Elastic buffer uses 4 channels per SM
Elastic buffer uses 4 channels per SM
CPU side received count (scaleup: 7): -101 -97 -90 -100 -117 -101 -84 -109 # -129 -129 -129 -129 -129 -129 -129 -129 
CPU side received count (scaleup: 3): -106 -109 -100 -120 -96 -108 -107 -92 # -129 -129 -129 -257 -129 -257 -129 -129 
CPU side received count (scaleup: 6): -104 -104 -101 -100 -120 -110 -107 -109 # -129 -129 -129 -129 -129 -257 -129 -129 
CPU side received count (scaleup: 5): -104 -112 -102 -101 -88 -88 -98 -92 # -129 -129 -129 -129 -129 -129 -129 -129 
CPU side received count (scaleup: 4): -110 -92 -102 -111 -107 -117 -103 -91 # -129 -129 -129 -129 -129 -129 -129 -129 
CPU side received count (scaleup: 1): -107 -113 -97 -105 -87 -80 -94 -108 # -129 -129 -129 -129 -129 -129 -129 -129 
CPU side received count (scaleup: 2): -105 -111 -115 -91 -103 -112 -110 -89 # -129 -129 -129 -129 -129 -257 -129 -129 
CPU side received count (scaleup: 0): -100 -109 -96 -109 -121 -113 -118 -100 # -129 -129 -129 -129 -129 -129 -129 -129 
Elastic buffer uses 4 channels per SM
Elastic buffer uses 4 channels per SM
Elastic buffer uses 4 channels per SM
Elastic buffer uses 4 channels per SM
Elastic buffer uses 4 channels per SM
Elastic buffer uses 4 channels per SM
Elastic buffer uses 4 channels per SM
Elastic buffer uses 4 channels per SM
CPU side received count (scaleup: 3): -106 -109 -100 -120 -96 -108 -107 -92 # -129 -129 -129 -257 -129 -257 -129 -129 
CPU side received count (scaleup: 5): -104 -112 -102 -101 -88 -88 -98 -92 # -129 -129 -129 -129 -129 -129 -129 -129 
CPU side received count (scaleup: 4): -110 -92 -102 -111 -107 -117 -103 -91 # -129 -129 -129 -129 -129 -129 -129 -129 
CPU side received count (scaleup: 2): -105 -111 -115 -91 -103 -112 -110 -89 # -129 -129 -129 -129 -129 -257 -129 -129 
CPU side received count (scaleup: 1): -107 -113 -97 -105 -87 -80 -94 -108 # -129 -129 -129 -129 -129 -129 -129 -129 
CPU side received count (scaleup: 0): -100 -109 -96 -109 -121 -113 -118 -100 # -129 -129 -129 -129 -129 -129 -129 -129 
CPU side received count (scaleup: 7): -101 -97 -90 -100 -117 -101 -84 -109 # -129 -129 -129 -129 -129 -129 -129 -129 
CPU side received count (scaleup: 6): -104 -104 -101 -100 -120 -110 -107 -109 # -129 -129 -129 -129 -129 -257 -129 -129 
Elastic buffer uses 4 channels per SM
Elastic buffer uses 4 channels per SM
Elastic buffer uses 4 channels per SM
Elastic buffer uses 4 channels per SM
Elastic buffer uses 4 channels per SM
Elastic buffer uses 4 channels per SM
Elastic buffer uses 4 channels per SM
Elastic buffer uses 4 channels per SM
CPU side received count (scaleup: 6): -104 -104 -101 -100 -120 -110 -107 -109 # -129 -129 -129 -129 -129 -257 -129 -129 
CPU side received count (scaleup: 7): -101 -97 -90 -100 -117 -101 -84 -109 # -129 -129 -129 -129 -129 -129 -129 -129 
CPU side received count (scaleup: 4): -110 -92 -102 -111 -107 -117 -103 -91 # -129 -129 -129 -129 -129 -129 -129 -129 
CPU side received count (scaleup: 5): -104 -112 -102 -101 -88 -88 -98 -92 # -129 -129 -129 -129 -129 -129 -129 -129 
CPU side received count (scaleup: 2): -105 -111 -115 -91 -103 -112 -110 -89 # -129 -129 -129 -129 -129 -257 -129 -129 
CPU side received count (scaleup: 1): -107 -113 -97 -105 -87 -80 -94 -108 # -129 -129 -129 -129 -129 -129 -129 -129 
CPU side received count (scaleup: 0): -100 -109 -96 -109 -121 -113 -118 -100 # -129 -129 -129 -129 -129 -129 -129 -129 
CPU side received count (scaleup: 3): -106 -109 -100 -120 -96 -108 -107 -92 # -129 -129 -129 -257 -129 -257 -129 -129 
Elastic buffer uses 4 channels per SM
Elastic buffer uses 4 channels per SM
Elastic buffer uses 4 channels per SM
Elastic buffer uses 4 channels per SM
Elastic buffer uses 4 channels per SM
Elastic buffer uses 4 channels per SM
Elastic buffer uses 4 channels per SM
Elastic buffer uses 4 channels per SM
CPU side received count (scaleup: 6): -104 -104 -101 -100 -120 -110 -107 -109 # -129 -129 -129 -129 -129 -257 -129 -129 
CPU side received count (scaleup: 4): -110 -92 -102 -111 -107 -117 -103 -91 # -129 -129 -129 -129 -129 -129 -129 -129 
CPU side received count (scaleup: 5): -104 -112 -102 -101 -88 -88 -98 -92 # -129 -129 -129 -129 -129 -129 -129 -129 
CPU side received count (scaleup: 0): -100 -109 -96 -109 -121 -113 -118 -100 # -129 -129 -129 -129 -129 -129 -129 -129 
CPU side received count (scaleup: 1): -107 -113 -97 -105 -87 -80 -94 -108 # -129 -129 -129 -129 -129 -129 -129 -129 
CPU side received count (scaleup: 7): -101 -97 -90 -100 -117 -101 -84 -109 # -129 -129 -129 -129 -129 -129 -129 -129 
CPU side received count (scaleup: 3): -106 -109 -100 -120 -96 -108 -107 -92 # -129 -129 -129 -257 -129 -257 -129 -129 
CPU side received count (scaleup: 2): -105 -111 -115 -91 -103 -112 -110 -89 # -129 -129 -129 -129 -129 -257 -129 -129 
Elastic buffer uses 4 channels per SM
Elastic buffer uses 4 channels per SM
Elastic buffer uses 4 channels per SM
Elastic buffer uses 4 channels per SM
Elastic buffer uses 4 channels per SM
Elastic buffer uses 4 channels per SM
Elastic buffer uses 4 channels per SM
Elastic buffer uses 4 channels per SM
CPU side received count (scaleup: 7): -101 -97 -90 -100 -117 -101 -84 -109 # -129 -129 -129 -129 -129 -129 -129 -129 
CPU side received count (scaleup: 2): -105 -111 -115 -91 -103 -112 -110 -89 # -129 -129 -129 -129 -129 -257 -129 -129 
CPU side received count (scaleup: 0): -100 -109 -96 -109 -121 -113 -118 -100 # -129 -129 -129 -129 -129 -129 -129 -129 
CPU side received count (scaleup: 5): -104 -112 -102 -101 -88 -88 -98 -92 # -129 -129 -129 -129 -129 -129 -129 -129 
CPU side received count (scaleup: 6): -104 -104 -101 -100 -120 -110 -107 -109 # -129 -129 -129 -129 -129 -257 -129 -129 
CPU side received count (scaleup: 4): -110 -92 -102 -111 -107 -117 -103 -91 # -129 -129 -129 -129 -129 -129 -129 -129 
CPU side received count (scaleup: 1): -107 -113 -97 -105 -87 -80 -94 -108 # -129 -129 -129 -129 -129 -129 -129 -129 
CPU side received count (scaleup: 3): -106 -109 -100 -120 -96 -108 -107 -92 # -129 -129 -129 -257 -129 -257 -129 -129 
Elastic buffer uses 4 channels per SM
Elastic buffer uses 4 channels per SM
Elastic buffer uses 4 channels per SM
Elastic buffer uses 4 channels per SM
Elastic buffer uses 4 channels per SM
Elastic buffer uses 4 channels per SM
Elastic buffer uses 4 channels per SM
Elastic buffer uses 4 channels per SM
CPU side received count (scaleup: 7): -101 -97 -90 -100 -117 -101 -84 -109 # -129 -129 -129 -129 -129 -129 -129 -129 
CPU side received count (scaleup: 2): -105 -111 -115 -91 -103 -112 -110 -89 # -129 -129 -129 -129 -129 -257 -129 -129 
CPU side received count (scaleup: 6): -104 -104 -101 -100 -120 -110 -107 -109 # -129 -129 -129 -129 -129 -257 -129 -129 
CPU side received count (scaleup: 5): -104 -112 -102 -101 -88 -88 -98 -92 # -129 -129 -129 -129 -129 -129 -129 -129 
CPU side received count (scaleup: 4): -110 -92 -102 -111 -107 -117 -103 -91 # -129 -129 -129 -129 -129 -129 -129 -129 
CPU side received count (scaleup: 0): -100 -109 -96 -109 -121 -113 -118 -100 # -129 -129 -129 -129 -129 -129 -129 -129 
CPU side received count (scaleup: 1): -107 -113 -97 -105 -87 -80 -94 -108 # -129 -129 -129 -129 -129 -129 -129 -129 
CPU side received count (scaleup: 3): -106 -109 -100 -120 -96 -108 -107 -92 # -129 -129 -129 -257 -129 -257 -129 -129 
Elastic buffer uses 4 channels per SM
Elastic buffer uses 4 channels per SM
Elastic buffer uses 4 channels per SM
Elastic buffer uses 4 channels per SM
Elastic buffer uses 4 channels per SM
Elastic buffer uses 4 channels per SM
Elastic buffer uses 4 channels per SM
Elastic buffer uses 4 channels per SM
CPU side received count (scaleup: 6): -104 -104 -101 -100 -120 -110 -107 -109 # -129 -129 -129 -129 -129 -257 -129 -129 
CPU side received count (scaleup: 7): -101 -97 -90 -100 -117 -101 -84 -109 # -129 -129 -129 -129 -129 -129 -129 -129 
CPU side received count (scaleup: 5): -104 -112 -102 -101 -88 -88 -98 -92 # -129 -129 -129 -129 -129 -129 -129 -129 
CPU side received count (scaleup: 0): -100 -109 -96 -109 -121 -113 -118 -100 # -129 -129 -129 -129 -129 -129 -129 -129 
CPU side received count (scaleup: 1): -107 -113 -97 -105 -87 -80 -94 -108 # -129 -129 -129 -129 -129 -129 -129 -129 
CPU side received count (scaleup: 4): -110 -92 -102 -111 -107 -117 -103 -91 # -129 -129 -129 -129 -129 -129 -129 -129 
CPU side received count (scaleup: 3): -106 -109 -100 -120 -96 -108 -107 -92 # -129 -129 -129 -257 -129 -257 -129 -129 
CPU side received count (scaleup: 2): -105 -111 -115 -91 -103 -112 -110 -89 # -129 -129 -129 -129 -129 -257 -129 -129 
Elastic buffer uses 4 channels per SM
Elastic buffer uses 4 channels per SM
Elastic buffer uses 4 channels per SM
Elastic buffer uses 4 channels per SM
Elastic buffer uses 4 channels per SM
Elastic buffer uses 4 channels per SM
Elastic buffer uses 4 channels per SM
Elastic buffer uses 4 channels per SM
CPU side received count (scaleup: 6): -104 -104 -101 -100 -120 -110 -107 -109 # -129 -129 -129 -129 -129 -257 -129 -129 
CPU side received count (scaleup: 4): -110 -92 -102 -111 -107 -117 -103 -91 # -129 -129 -129 -129 -129 -129 -129 -129 
CPU side received count (scaleup: 5): -104 -112 -102 -101 -88 -88 -98 -92 # -129 -129 -129 -129 -129 -129 -129 -129 
CPU side received count (scaleup: 1): -107 -113 -97 -105 -87 -80 -94 -108 # -129 -129 -129 -129 -129 -129 -129 -129 
CPU side received count (scaleup: 7): -101 -97 -90 -100 -117 -101 -84 -109 # -129 -129 -129 -129 -129 -129 -129 -129 
CPU side received count (scaleup: 2): -105 -111 -115 -91 -103 -112 -110 -89 # -129 -129 -129 -129 -129 -257 -129 -129 
CPU side received count (scaleup: 0): -100 -109 -96 -109 -121 -113 -118 -100 # -129 -129 -129 -129 -129 -129 -129 -129 
CPU side received count (scaleup: 3): -106 -109 -100 -120 -96 -108 -107 -92 # -129 -129 -129 -257 -129 -257 -129 -129 
Elastic buffer uses 4 channels per SM
Elastic buffer uses 4 channels per SM
Elastic buffer uses 4 channels per SM
Elastic buffer uses 4 channels per SM
Elastic buffer uses 4 channels per SM
Elastic buffer uses 4 channels per SM
Elastic buffer uses 4 channels per SM
Elastic buffer uses 4 channels per SM
CPU side received count (scaleup: 1): -107 -113 -97 -105 -87 -80 -94 -108 # -129 -129 -129 -129 -129 -129 -129 -129 
CPU side received count (scaleup: 6): -104 -104 -101 -100 -120 -110 -107 -109 # -129 -129 -129 -129 -129 -257 -129 -129 
CPU side received count (scaleup: 3): -106 -109 -100 -120 -96 -108 -107 -92 # -129 -129 -129 -257 -129 -257 -129 -129 
CPU side received count (scaleup: 5): -104 -112 -102 -101 -88 -88 -98 -92 # -129 -129 -129 -129 -129 -129 -129 -129 
CPU side received count (scaleup: 4): -110 -92 -102 -111 -107 -117 -103 -91 # -129 -129 -129 -129 -129 -129 -129 -129 
CPU side received count (scaleup: 7): -101 -97 -90 -100 -117 -101 -84 -109 # -129 -129 -129 -129 -129 -129 -129 -129 
CPU side received count (scaleup: 0): -100 -109 -96 -109 -121 -113 -118 -100 # -129 -129 -129 -129 -129 -129 -129 -129 
CPU side received count (scaleup: 2): -105 -111 -115 -91 -103 -112 -110 -89 # -129 -129 -129 -129 -129 -257 -129 -129 
Elastic buffer uses 4 channels per SM
Elastic buffer uses 4 channels per SM
Elastic buffer uses 4 channels per SM
Elastic buffer uses 4 channels per SM
Elastic buffer uses 4 channels per SM
Elastic buffer uses 4 channels per SM
Elastic buffer uses 4 channels per SM
Elastic buffer uses 4 channels per SM
CPU side received count (scaleup: 5): -104 -112 -102 -101 -88 -88 -98 -92 # -129 -129 -129 -129 -129 -129 -129 -129 
CPU side received count (scaleup: 3): -106 -109 -100 -120 -96 -108 -107 -92 # -129 -129 -129 -257 -129 -257 -129 -129 
CPU side received count (scaleup: 4): -110 -92 -102 -111 -107 -117 -103 -91 # -129 -129 -129 -129 -129 -129 -129 -129 
CPU side received count (scaleup: 7): -101 -97 -90 -100 -117 -101 -84 -109 # -129 -129 -129 -129 -129 -129 -129 -129 
CPU side received count (scaleup: 2): -105 -111 -115 -91 -103 -112 -110 -89 # -129 -129 -129 -129 -129 -257 -129 -129 
CPU side received count (scaleup: 1): -107 -113 -97 -105 -87 -80 -94 -108 # -129 -129 -129 -129 -129 -129 -129 -129 
CPU side received count (scaleup: 6): -104 -104 -101 -100 -120 -110 -107 -109 # -129 -129 -129 -129 -129 -257 -129 -129 
CPU side received count (scaleup: 0): -100 -109 -96 -109 -121 -113 -118 -100 # -129 -129 -129 -129 -129 -129 -129 -129 
Elastic buffer uses 4 channels per SM
Elastic buffer uses 4 channels per SM
Elastic buffer uses 4 channels per SM
Elastic buffer uses 4 channels per SM
Elastic buffer uses 4 channels per SM
Elastic buffer uses 4 channels per SM
Elastic buffer uses 4 channels per SM
Elastic buffer uses 4 channels per SM
CPU side received count (scaleup: 3): -106 -109 -100 -120 -96 -108 -107 -92 # -129 -129 -129 -257 -129 -257 -129 -129 
CPU side received count (scaleup: 1): -107 -113 -97 -105 -87 -80 -94 -108 # -129 -129 -129 -129 -129 -129 -129 -129 
CPU side received count (scaleup: 7): -101 -97 -90 -100 -117 -101 -84 -109 # -129 -129 -129 -129 -129 -129 -129 -129 
CPU side received count (scaleup: 5): -104 -112 -102 -101 -88 -88 -98 -92 # -129 -129 -129 -129 -129 -129 -129 -129 
CPU side received count (scaleup: 6): -104 -104 -101 -100 -120 -110 -107 -109 # -129 -129 -129 -129 -129 -257 -129 -129 
CPU side received count (scaleup: 0): -100 -109 -96 -109 -121 -113 -118 -100 # -129 -129 -129 -129 -129 -129 -129 -129 
CPU side received count (scaleup: 2): -105 -111 -115 -91 -103 -112 -110 -89 # -129 -129 -129 -129 -129 -257 -129 -129 
CPU side received count (scaleup: 4): -110 -92 -102 -111 -107 -117 -103 -91 # -129 -129 -129 -129 -129 -129 -129 -129 
Elastic buffer uses 4 channels per SM
Elastic buffer uses 4 channels per SM
Elastic buffer uses 4 channels per SM
Elastic buffer uses 4 channels per SM
Elastic buffer uses 4 channels per SM
USDT:2026-08-25 02:34:32 439:439 SyncActivityProfilerHandler.cpp:52] profiler_startUSDT:2026-08-25 02:34:32 437:437 SyncActivityProfilerHandler.cpp:52] profiler_startUSDT:2026-08-25 02:34:32 438:438 SyncActivityProfilerHandler.cpp:52] profiler_startUSDT:2026-08-25 02:34:32 435:435 SyncActivityProfilerHandler.cpp:52] profiler_startUSDT:2026-08-25 02:34:32 441:441 SyncActivityProfilerHandler.cpp:52] profiler_startUSDT:2026-08-25 02:34:32 436:436 SyncActivityProfilerHandler.cpp:52] profiler_start


USDT:2026-08-25 02:34:32 434:434 SyncActivityProfilerHandler.cpp:52] profiler_start

USDT:2026-08-25 02:34:32 440:440 SyncActivityProfilerHandler.cpp:52] profiler_start


Elastic buffer uses 4 channels per SM
Elastic buffer uses 4 channels per SM
Elastic buffer uses 4 channels per SM
CPU side received count (scaleup: 3): -106 -109 -100 -120 -96 -108 -107 -92 # -129 -129 -129 -257 -129 -257 -129 -129 
CPU side received count (scaleup: 0): -100 -109 -96 -109 -121 -113 -118 -100 # -129 -129 -129 -129 -129 -129 -129 -129 
CPU side received count (scaleup: 2): -105 -111 -115 -91 -103 -112 -110 -89 # -129 -129 -129 -129 -129 -257 -129 -129 
CPU side received count (scaleup: 4): -110 -92 -102 -111 -107 -117 -103 -91 # -129 -129 -129 -129 -129 -129 -129 -129 
CPU side received count (scaleup: 5): -104 -112 -102 -101 -88 -88 -98 -92 # -129 -129 -129 -129 -129 -129 -129 -129 
CPU side received count (scaleup: 6): -104 -104 -101 -100 -120 -110 -107 -109 # -129 -129 -129 -129 -129 -257 -129 -129 
CPU side received count (scaleup: 1): -107 -113 -97 -105 -87 -80 -94 -108 # -129 -129 -129 -129 -129 -129 -129 -129 
CPU side received count (scaleup: 7): -101 -97 -90 -100 -117 -101 -84 -109 # -129 -129 -129 -129 -129 -129 -129 -129 
Elastic buffer uses 4 channels per SM
Elastic buffer uses 4 channels per SM
Elastic buffer uses 4 channels per SM
Elastic buffer uses 4 channels per SM
Elastic buffer uses 4 channels per SM
Elastic buffer uses 4 channels per SM
Elastic buffer uses 4 channels per SM
Elastic buffer uses 4 channels per SM
CPU side received count (scaleup: 2): -105 -111 -115 -91 -103 -112 -110 -89 # -129 -129 -129 -129 -129 -257 -129 -129 
CPU side received count (scaleup: 0): -100 -109 -96 -109 -121 -113 -118 -100 # -129 -129 -129 -129 -129 -129 -129 -129 
CPU side received count (scaleup: 3): -106 -109 -100 -120 -96 -108 -107 -92 # -129 -129 -129 -257 -129 -257 -129 -129 
CPU side received count (scaleup: 6): -104 -104 -101 -100 -120 -110 -107 -109 # -129 -129 -129 -129 -129 -257 -129 -129 
CPU side received count (scaleup: 1): -107 -113 -97 -105 -87 -80 -94 -108 # -129 -129 -129 -129 -129 -129 -129 -129 
CPU side received count (scaleup: 4): -110 -92 -102 -111 -107 -117 -103 -91 # -129 -129 -129 -129 -129 -129 -129 -129 
CPU side received count (scaleup: 7): -101 -97 -90 -100 -117 -101 -84 -109 # -129 -129 -129 -129 -129 -129 -129 -129 
CPU side received count (scaleup: 5): -104 -112 -102 -101 -88 -88 -98 -92 # -129 -129 -129 -129 -129 -129 -129 -129 
Elastic buffer uses 4 channels per SM
Elastic buffer uses 4 channels per SM
Elastic buffer uses 4 channels per SM
Elastic buffer uses 4 channels per SM
Elastic buffer uses 4 channels per SM
Elastic buffer uses 4 channels per SM
Elastic buffer uses 4 channels per SM
Elastic buffer uses 4 channels per SM
CPU side received count (scaleup: 6): -104 -104 -101 -100 -120 -110 -107 -109 # -129 -129 -129 -129 -129 -257 -129 -129 
CPU side received count (scaleup: 4): -110 -92 -102 -111 -107 -117 -103 -91 # -129 -129 -129 -129 -129 -129 -129 -129 
CPU side received count (scaleup: 3): -106 -109 -100 -120 -96 -108 -107 -92 # -129 -129 -129 -257 -129 -257 -129 -129 
CPU side received count (scaleup: 5): -104 -112 -102 -101 -88 -88 -98 -92 # -129 -129 -129 -129 -129 -129 -129 -129 
CPU side received count (scaleup: 7): -101 -97 -90 -100 -117 -101 -84 -109 # -129 -129 -129 -129 -129 -129 -129 -129 
CPU side received count (scaleup: 2): -105 -111 -115 -91 -103 -112 -110 -89 # -129 -129 -129 -129 -129 -257 -129 -129 
CPU side received count (scaleup: 0): -100 -109 -96 -109 -121 -113 -118 -100 # -129 -129 -129 -129 -129 -129 -129 -129 
CPU side received count (scaleup: 1): -107 -113 -97 -105 -87 -80 -94 -108 # -129 -129 -129 -129 -129 -129 -129 -129 
Elastic buffer uses 4 channels per SM
Elastic buffer uses 4 channels per SM
Elastic buffer uses 4 channels per SM
Elastic buffer uses 4 channels per SM
Elastic buffer uses 4 channels per SM
Elastic buffer uses 4 channels per SM
Elastic buffer uses 4 channels per SM
Elastic buffer uses 4 channels per SM
CPU side received count (scaleup: 6): -104 -104 -101 -100 -120 -110 -107 -109 # -129 -129 -129 -129 -129 -257 -129 -129 
CPU side received count (scaleup: 7): -101 -97 -90 -100 -117 -101 -84 -109 # -129 -129 -129 -129 -129 -129 -129 -129 
CPU side received count (scaleup: 5): -104 -112 -102 -101 -88 -88 -98 -92 # -129 -129 -129 -129 -129 -129 -129 -129 
CPU side received count (scaleup: 4): -110 -92 -102 -111 -107 -117 -103 -91 # -129 -129 -129 -129 -129 -129 -129 -129 
CPU side received count (scaleup: 3): -106 -109 -100 -120 -96 -108 -107 -92 # -129 -129 -129 -257 -129 -257 -129 -129 
CPU side received count (scaleup: 1): -107 -113 -97 -105 -87 -80 -94 -108 # -129 -129 -129 -129 -129 -129 -129 -129 
CPU side received count (scaleup: 0): -100 -109 -96 -109 -121 -113 -118 -100 # -129 -129 -129 -129 -129 -129 -129 -129 
CPU side received count (scaleup: 2): -105 -111 -115 -91 -103 -112 -110 -89 # -129 -129 -129 -129 -129 -257 -129 -129 
Elastic buffer uses 4 channels per SM
Elastic buffer uses 4 channels per SM
Elastic buffer uses 4 channels per SM
Elastic buffer uses 4 channels per SM
Elastic buffer uses 4 channels per SM
Elastic buffer uses 4 channels per SM
Elastic buffer uses 4 channels per SM
Elastic buffer uses 4 channels per SM
CPU side received count (scaleup: 3): -106 -109 -100 -120 -96 -108 -107 -92 # -129 -129 -129 -257 -129 -257 -129 -129 
CPU side received count (scaleup: 2): -105 -111 -115 -91 -103 -112 -110 -89 # -129 -129 -129 -129 -129 -257 -129 -129 
CPU side received count (scaleup: 1): -107 -113 -97 -105 -87 -80 -94 -108 # -129 -129 -129 -129 -129 -129 -129 -129 
CPU side received count (scaleup: 5): -104 -112 -102 -101 -88 -88 -98 -92 # -129 -129 -129 -129 -129 -129 -129 -129 
CPU side received count (scaleup: 0): -100 -109 -96 -109 -121 -113 -118 -100 # -129 -129 -129 -129 -129 -129 -129 -129 
CPU side received count (scaleup: 7): -101 -97 -90 -100 -117 -101 -84 -109 # -129 -129 -129 -129 -129 -129 -129 -129 
CPU side received count (scaleup: 6): -104 -104 -101 -100 -120 -110 -107 -109 # -129 -129 -129 -129 -129 -257 -129 -129 
CPU side received count (scaleup: 4): -110 -92 -102 -111 -107 -117 -103 -91 # -129 -129 -129 -129 -129 -129 -129 -129 
Elastic buffer uses 4 channels per SM
Elastic buffer uses 4 channels per SM
Elastic buffer uses 4 channels per SM
Elastic buffer uses 4 channels per SM
Elastic buffer uses 4 channels per SM
Elastic buffer uses 4 channels per SM
Elastic buffer uses 4 channels per SM
Elastic buffer uses 4 channels per SM
CPU side received count (scaleup: 3): -106 -109 -100 -120 -96 -108 -107 -92 # -129 -129 -129 -257 -129 -257 -129 -129 
CPU side received count (scaleup: 4): -110 -92 -102 -111 -107 -117 -103 -91 # -129 -129 -129 -129 -129 -129 -129 -129 
CPU side received count (scaleup: 0): -100 -109 -96 -109 -121 -113 -118 -100 # -129 -129 -129 -129 -129 -129 -129 -129 
CPU side received count (scaleup: 1): -107 -113 -97 -105 -87 -80 -94 -108 # -129 -129 -129 -129 -129 -129 -129 -129 
CPU side received count (scaleup: 5): -104 -112 -102 -101 -88 -88 -98 -92 # -129 -129 -129 -129 -129 -129 -129 -129 
CPU side received count (scaleup: 6): -104 -104 -101 -100 -120 -110 -107 -109 # -129 -129 -129 -129 -129 -257 -129 -129 
CPU side received count (scaleup: 2): -105 -111 -115 -91 -103 -112 -110 -89 # -129 -129 -129 -129 -129 -257 -129 -129 
CPU side received count (scaleup: 7): -101 -97 -90 -100 -117 -101 -84 -109 # -129 -129 -129 -129 -129 -129 -129 -129 
Elastic buffer uses 4 channels per SM
Elastic buffer uses 4 channels per SM
Elastic buffer uses 4 channels per SM
Elastic buffer uses 4 channels per SM
Elastic buffer uses 4 channels per SM
Elastic buffer uses 4 channels per SM
Elastic buffer uses 4 channels per SM
Elastic buffer uses 4 channels per SM
CPU side received count (scaleup: 3): -106 -109 -100 -120 -96 -108 -107 -92 # -129 -129 -129 -257 -129 -257 -129 -129 
CPU side received count (scaleup: 7): -101 -97 -90 -100 -117 -101 -84 -109 # -129 -129 -129 -129 -129 -129 -129 -129 
CPU side received count (scaleup: 0): -100 -109 -96 -109 -121 -113 -118 -100 # -129 -129 -129 -129 -129 -129 -129 -129 
CPU side received count (scaleup: 2): -105 -111 -115 -91 -103 -112 -110 -89 # -129 -129 -129 -129 -129 -257 -129 -129 
CPU side received count (scaleup: 6): -104 -104 -101 -100 -120 -110 -107 -109 # -129 -129 -129 -129 -129 -257 -129 -129 
CPU side received count (scaleup: 1): -107 -113 -97 -105 -87 -80 -94 -108 # -129 -129 -129 -129 -129 -129 -129 -129 
CPU side received count (scaleup: 5): -104 -112 -102 -101 -88 -88 -98 -92 # -129 -129 -129 -129 -129 -129 -129 -129 
CPU side received count (scaleup: 4): -110 -92 -102 -111 -107 -117 -103 -91 # -129 -129 -129 -129 -129 -129 -129 -129 
Elastic buffer uses 4 channels per SM
Elastic buffer uses 4 channels per SM
Elastic buffer uses 4 channels per SM
Elastic buffer uses 4 channels per SM
Elastic buffer uses 4 channels per SM
Elastic buffer uses 4 channels per SM
Elastic buffer uses 4 channels per SM
Elastic buffer uses 4 channels per SM
CPU side received count (scaleup: 3): -106 -109 -100 -120 -96 -108 -107 -92 # -129 -129 -129 -257 -129 -257 -129 -129 
CPU side received count (scaleup: 6): -104 -104 -101 -100 -120 -110 -107 -109 # -129 -129 -129 -129 -129 -257 -129 -129 
CPU side received count (scaleup: 1): -107 -113 -97 -105 -87 -80 -94 -108 # -129 -129 -129 -129 -129 -129 -129 -129 
CPU side received count (scaleup: 2): -105 -111 -115 -91 -103 -112 -110 -89 # -129 -129 -129 -129 -129 -257 -129 -129 
CPU side received count (scaleup: 0): -100 -109 -96 -109 -121 -113 -118 -100 # -129 -129 -129 -129 -129 -129 -129 -129 
CPU side received count (scaleup: 4): -110 -92 -102 -111 -107 -117 -103 -91 # -129 -129 -129 -129 -129 -129 -129 -129 
CPU side received count (scaleup: 5): -104 -112 -102 -101 -88 -88 -98 -92 # -129 -129 -129 -129 -129 -129 -129 -129 
CPU side received count (scaleup: 7): -101 -97 -90 -100 -117 -101 -84 -109 # -129 -129 -129 -129 -129 -129 -129 -129 
Elastic buffer uses 4 channels per SM
Elastic buffer uses 4 channels per SM
Elastic buffer uses 4 channels per SM
Elastic buffer uses 4 channels per SM
Elastic buffer uses 4 channels per SM
Elastic buffer uses 4 channels per SM
Elastic buffer uses 4 channels per SM
Elastic buffer uses 4 channels per SM
CPU side received count (scaleup: 3): -106 -109 -100 -120 -96 -108 -107 -92 # -129 -129 -129 -257 -129 -257 -129 -129 
CPU side received count (scaleup: 0): -100 -109 -96 -109 -121 -113 -118 -100 # -129 -129 -129 -129 -129 -129 -129 -129 
CPU side received count (scaleup: 7): -101 -97 -90 -100 -117 -101 -84 -109 # -129 -129 -129 -129 -129 -129 -129 -129 
CPU side received count (scaleup: 4): -110 -92 -102 -111 -107 -117 -103 -91 # -129 -129 -129 -129 -129 -129 -129 -129 
CPU side received count (scaleup: 1): -107 -113 -97 -105 -87 -80 -94 -108 # -129 -129 -129 -129 -129 -129 -129 -129 
CPU side received count (scaleup: 6): -104 -104 -101 -100 -120 -110 -107 -109 # -129 -129 -129 -129 -129 -257 -129 -129 
CPU side received count (scaleup: 2): -105 -111 -115 -91 -103 -112 -110 -89 # -129 -129 -129 -129 -129 -257 -129 -129 
CPU side received count (scaleup: 5): -104 -112 -102 -101 -88 -88 -98 -92 # -129 -129 -129 -129 -129 -129 -129 -129 
Elastic buffer uses 4 channels per SM
Elastic buffer uses 4 channels per SM
Elastic buffer uses 4 channels per SM
Elastic buffer uses 4 channels per SM
Elastic buffer uses 4 channels per SM
Elastic buffer uses 4 channels per SM
Elastic buffer uses 4 channels per SM
Elastic buffer uses 4 channels per SM
CPU side received count (scaleup: 7): -101 -97 -90 -100 -117 -101 -84 -109 # -129 -129 -129 -129 -129 -129 -129 -129 
CPU side received count (scaleup: 5): -104 -112 -102 -101 -88 -88 -98 -92 # -129 -129 -129 -129 -129 -129 -129 -129 
CPU side received count (scaleup: 3): -106 -109 -100 -120 -96 -108 -107 -92 # -129 -129 -129 -257 -129 -257 -129 -129 
CPU side received count (scaleup: 6): -104 -104 -101 -100 -120 -110 -107 -109 # -129 -129 -129 -129 -129 -257 -129 -129 
CPU side received count (scaleup: 4): -110 -92 -102 -111 -107 -117 -103 -91 # -129 -129 -129 -129 -129 -129 -129 -129 
CPU side received count (scaleup: 1): -107 -113 -97 -105 -87 -80 -94 -108 # -129 -129 -129 -129 -129 -129 -129 -129 
CPU side received count (scaleup: 2): -105 -111 -115 -91 -103 -112 -110 -89 # -129 -129 -129 -129 -129 -257 -129 -129 
CPU side received count (scaleup: 0): -100 -109 -96 -109 -121 -113 -118 -100 # -129 -129 -129 -129 -129 -129 -129 -129 
Elastic buffer uses 4 channels per SM
Elastic buffer uses 4 channels per SM
Elastic buffer uses 4 channels per SM
Elastic buffer uses 4 channels per SM
Elastic buffer uses 4 channels per SM
Elastic buffer uses 4 channels per SM
Elastic buffer uses 4 channels per SM
Elastic buffer uses 4 channels per SM
CPU side received count (scaleup: 6): -104 -104 -101 -100 -120 -110 -107 -109 # -129 -129 -129 -129 -129 -257 -129 -129 
CPU side received count (scaleup: 5): -104 -112 -102 -101 -88 -88 -98 -92 # -129 -129 -129 -129 -129 -129 -129 -129 
CPU side received count (scaleup: 7): -101 -97 -90 -100 -117 -101 -84 -109 # -129 -129 -129 -129 -129 -129 -129 -129 
CPU side received count (scaleup: 0): -100 -109 -96 -109 -121 -113 -118 -100 # -129 -129 -129 -129 -129 -129 -129 -129 
CPU side received count (scaleup: 4): -110 -92 -102 -111 -107 -117 -103 -91 # -129 -129 -129 -129 -129 -129 -129 -129 
CPU side received count (scaleup: 3): -106 -109 -100 -120 -96 -108 -107 -92 # -129 -129 -129 -257 -129 -257 -129 -129 
CPU side received count (scaleup: 2): -105 -111 -115 -91 -103 -112 -110 -89 # -129 -129 -129 -129 -129 -257 -129 -129 
CPU side received count (scaleup: 1): -107 -113 -97 -105 -87 -80 -94 -108 # -129 -129 -129 -129 -129 -129 -129 -129 
Elastic buffer uses 4 channels per SM
Elastic buffer uses 4 channels per SM
Elastic buffer uses 4 channels per SM
Elastic buffer uses 4 channels per SM
Elastic buffer uses 4 channels per SM
Elastic buffer uses 4 channels per SM
Elastic buffer uses 4 channels per SM
Elastic buffer uses 4 channels per SM
CPU side received count (scaleup: 6): -104 -104 -101 -100 -120 -110 -107 -109 # -129 -129 -129 -129 -129 -257 -129 -129 
CPU side received count (scaleup: 4): -110 -92 -102 -111 -107 -117 -103 -91 # -129 -129 -129 -129 -129 -129 -129 -129 
CPU side received count (scaleup: 3): -106 -109 -100 -120 -96 -108 -107 -92 # -129 -129 -129 -257 -129 -257 -129 -129 
CPU side received count (scaleup: 7): -101 -97 -90 -100 -117 -101 -84 -109 # -129 -129 -129 -129 -129 -129 -129 -129 
CPU side received count (scaleup: 5): -104 -112 -102 -101 -88 -88 -98 -92 # -129 -129 -129 -129 -129 -129 -129 -129 
CPU side received count (scaleup: 2): -105 -111 -115 -91 -103 -112 -110 -89 # -129 -129 -129 -129 -129 -257 -129 -129 
CPU side received count (scaleup: 1): -107 -113 -97 -105 -87 -80 -94 -108 # -129 -129 -129 -129 -129 -129 -129 -129 
CPU side received count (scaleup: 0): -100 -109 -96 -109 -121 -113 -118 -100 # -129 -129 -129 -129 -129 -129 -129 -129 
Elastic buffer uses 4 channels per SM
Elastic buffer uses 4 channels per SM
Elastic buffer uses 4 channels per SM
Elastic buffer uses 4 channels per SM
Elastic buffer uses 4 channels per SM
Elastic buffer uses 4 channels per SM
Elastic buffer uses 4 channels per SM
Elastic buffer uses 4 channels per SM
CPU side received count (scaleup: 6): -104 -104 -101 -100 -120 -110 -107 -109 # -129 -129 -129 -129 -129 -257 -129 -129 
CPU side received count (scaleup: 7): -101 -97 -90 -100 -117 -101 -84 -109 # -129 -129 -129 -129 -129 -129 -129 -129 
CPU side received count (scaleup: 3): -106 -109 -100 -120 -96 -108 -107 -92 # -129 -129 -129 -257 -129 -257 -129 -129 
CPU side received count (scaleup: 2): -105 -111 -115 -91 -103 -112 -110 -89 # -129 -129 -129 -129 -129 -257 -129 -129 
CPU side received count (scaleup: 4): -110 -92 -102 -111 -107 -117 -103 -91 # -129 -129 -129 -129 -129 -129 -129 -129 
CPU side received count (scaleup: 5): -104 -112 -102 -101 -88 -88 -98 -92 # -129 -129 -129 -129 -129 -129 -129 -129 
CPU side received count (scaleup: 1): -107 -113 -97 -105 -87 -80 -94 -108 # -129 -129 -129 -129 -129 -129 -129 -129 
CPU side received count (scaleup: 0): -100 -109 -96 -109 -121 -113 -118 -100 # -129 -129 -129 -129 -129 -129 -129 -129 
Elastic buffer uses 4 channels per SM
Elastic buffer uses 4 channels per SM
Elastic buffer uses 4 channels per SM
Elastic buffer uses 4 channels per SM
Elastic buffer uses 4 channels per SM
Elastic buffer uses 4 channels per SM
Elastic buffer uses 4 channels per SM
Elastic buffer uses 4 channels per SM
CPU side received count (scaleup: 6): -104 -104 -101 -100 -120 -110 -107 -109 # -129 -129 -129 -129 -129 -257 -129 -129 
CPU side received count (scaleup: 2): -105 -111 -115 -91 -103 -112 -110 -89 # -129 -129 -129 -129 -129 -257 -129 -129 
CPU side received count (scaleup: 5): -104 -112 -102 -101 -88 -88 -98 -92 # -129 -129 -129 -129 -129 -129 -129 -129 
CPU side received count (scaleup: 4): -110 -92 -102 -111 -107 -117 -103 -91 # -129 -129 -129 -129 -129 -129 -129 -129 
CPU side received count (scaleup: 7): -101 -97 -90 -100 -117 -101 -84 -109 # -129 -129 -129 -129 -129 -129 -129 -129 
CPU side received count (scaleup: 3): -106 -109 -100 -120 -96 -108 -107 -92 # -129 -129 -129 -257 -129 -257 -129 -129 
CPU side received count (scaleup: 0): -100 -109 -96 -109 -121 -113 -118 -100 # -129 -129 -129 -129 -129 -129 -129 -129 
CPU side received count (scaleup: 1): -107 -113 -97 -105 -87 -80 -94 -108 # -129 -129 -129 -129 -129 -129 -129 -129 
Elastic buffer uses 4 channels per SM
Elastic buffer uses 4 channels per SM
Elastic buffer uses 4 channels per SM
Elastic buffer uses 4 channels per SM
Elastic buffer uses 4 channels per SM
Elastic buffer uses 4 channels per SM
Elastic buffer uses 4 channels per SM
Elastic buffer uses 4 channels per SM
CPU side received count (scaleup: 6): -104 -104 -101 -100 -120 -110 -107 -109 # -129 -129 -129 -129 -129 -257 -129 -129 
CPU side received count (scaleup: 4): -110 -92 -102 -111 -107 -117 -103 -91 # -129 -129 -129 -129 -129 -129 -129 -129 
CPU side received count (scaleup: 2): -105 -111 -115 -91 -103 -112 -110 -89 # -129 -129 -129 -129 -129 -257 -129 -129 
CPU side received count (scaleup: 7): -101 -97 -90 -100 -117 -101 -84 -109 # -129 -129 -129 -129 -129 -129 -129 -129 
CPU side received count (scaleup: 5): -104 -112 -102 -101 -88 -88 -98 -92 # -129 -129 -129 -129 -129 -129 -129 -129 
CPU side received count (scaleup: 1): -107 -113 -97 -105 -87 -80 -94 -108 # -129 -129 -129 -129 -129 -129 -129 -129 
CPU side received count (scaleup: 3): -106 -109 -100 -120 -96 -108 -107 -92 # -129 -129 -129 -257 -129 -257 -129 -129 
CPU side received count (scaleup: 0): -100 -109 -96 -109 -121 -113 -118 -100 # -129 -129 -129 -129 -129 -129 -129 -129 
Elastic buffer uses 4 channels per SM
Elastic buffer uses 4 channels per SM
Elastic buffer uses 4 channels per SM
Elastic buffer uses 4 channels per SM
Elastic buffer uses 4 channels per SM
Elastic buffer uses 4 channels per SM
Elastic buffer uses 4 channels per SM
Elastic buffer uses 4 channels per SM
CPU side received count (scaleup: 6): -104 -104 -101 -100 -120 -110 -107 -109 # -129 -129 -129 -129 -129 -257 -129 -129 
CPU side received count (scaleup: 5): -104 -112 -102 -101 -88 -88 -98 -92 # -129 -129 -129 -129 -129 -129 -129 -129 
CPU side received count (scaleup: 3): -106 -109 -100 -120 -96 -108 -107 -92 # -129 -129 -129 -257 -129 -257 -129 -129 
CPU side received count (scaleup: 7): -101 -97 -90 -100 -117 -101 -84 -109 # -129 -129 -129 -129 -129 -129 -129 -129 
CPU side received count (scaleup: 4): -110 -92 -102 -111 -107 -117 -103 -91 # -129 -129 -129 -129 -129 -129 -129 -129 
CPU side received count (scaleup: 2): -105 -111 -115 -91 -103 -112 -110 -89 # -129 -129 -129 -129 -129 -257 -129 -129 
CPU side received count (scaleup: 1): -107 -113 -97 -105 -87 -80 -94 -108 # -129 -129 -129 -129 -129 -129 -129 -129 
CPU side received count (scaleup: 0): -100 -109 -96 -109 -121 -113 -118 -100 # -129 -129 -129 -129 -129 -129 -129 -129 
Elastic buffer uses 4 channels per SM
Elastic buffer uses 4 channels per SM
Elastic buffer uses 4 channels per SM
Elastic buffer uses 4 channels per SM
Elastic buffer uses 4 channels per SM
Elastic buffer uses 4 channels per SM
Elastic buffer uses 4 channels per SM
Elastic buffer uses 4 channels per SM
CPU side received count (scaleup: 1): -107 -113 -97 -105 -87 -80 -94 -108 # -129 -129 -129 -129 -129 -129 -129 -129 
CPU side received count (scaleup: 6): -104 -104 -101 -100 -120 -110 -107 -109 # -129 -129 -129 -129 -129 -257 -129 -129 
CPU side received count (scaleup: 5): -104 -112 -102 -101 -88 -88 -98 -92 # -129 -129 -129 -129 -129 -129 -129 -129 
CPU side received count (scaleup: 4): -110 -92 -102 -111 -107 -117 -103 -91 # -129 -129 -129 -129 -129 -129 -129 -129 
CPU side received count (scaleup: 3): -106 -109 -100 -120 -96 -108 -107 -92 # -129 -129 -129 -257 -129 -257 -129 -129 
CPU side received count (scaleup: 0): -100 -109 -96 -109 -121 -113 -118 -100 # -129 -129 -129 -129 -129 -129 -129 -129 
CPU side received count (scaleup: 7): -101 -97 -90 -100 -117 -101 -84 -109 # -129 -129 -129 -129 -129 -129 -129 -129 
CPU side received count (scaleup: 2): -105 -111 -115 -91 -103 -112 -110 -89 # -129 -129 -129 -129 -129 -257 -129 -129 
Elastic buffer uses 4 channels per SM
Elastic buffer uses 4 channels per SM
Elastic buffer uses 4 channels per SM
Elastic buffer uses 4 channels per SM
Elastic buffer uses 4 channels per SM
Elastic buffer uses 4 channels per SM
Elastic buffer uses 4 channels per SM
Elastic buffer uses 4 channels per SM
CPU side received count (scaleup: 3): -106 -109 -100 -120 -96 -108 -107 -92 # -129 -129 -129 -257 -129 -257 -129 -129 
CPU side received count (scaleup: 1): -107 -113 -97 -105 -87 -80 -94 -108 # -129 -129 -129 -129 -129 -129 -129 -129 
CPU side received count (scaleup: 6): -104 -104 -101 -100 -120 -110 -107 -109 # -129 -129 -129 -129 -129 -257 -129 -129 
CPU side received count (scaleup: 7): -101 -97 -90 -100 -117 -101 -84 -109 # -129 -129 -129 -129 -129 -129 -129 -129 
CPU side received count (scaleup: 2): -105 -111 -115 -91 -103 -112 -110 -89 # -129 -129 -129 -129 -129 -257 -129 -129 
CPU side received count (scaleup: 0): -100 -109 -96 -109 -121 -113 -118 -100 # -129 -129 -129 -129 -129 -129 -129 -129 
CPU side received count (scaleup: 4): -110 -92 -102 -111 -107 -117 -103 -91 # -129 -129 -129 -129 -129 -129 -129 -129 
CPU side received count (scaleup: 5): -104 -112 -102 -101 -88 -88 -98 -92 # -129 -129 -129 -129 -129 -129 -129 -129 
Elastic buffer uses 4 channels per SM
Elastic buffer uses 4 channels per SM
Elastic buffer uses 4 channels per SM
Elastic buffer uses 4 channels per SM
Elastic buffer uses 4 channels per SM
Elastic buffer uses 4 channels per SM
Elastic buffer uses 4 channels per SM
Elastic buffer uses 4 channels per SM
CPU side received count (scaleup: 3): -106 -109 -100 -120 -96 -108 -107 -92 # -129 -129 -129 -257 -129 -257 -129 -129 
CPU side received count (scaleup: 1): -107 -113 -97 -105 -87 -80 -94 -108 # -129 -129 -129 -129 -129 -129 -129 -129 
CPU side received count (scaleup: 5): -104 -112 -102 -101 -88 -88 -98 -92 # -129 -129 -129 -129 -129 -129 -129 -129 
CPU side received count (scaleup: 0): -100 -109 -96 -109 -121 -113 -118 -100 # -129 -129 -129 -129 -129 -129 -129 -129 
CPU side received count (scaleup: 2): -105 -111 -115 -91 -103 -112 -110 -89 # -129 -129 -129 -129 -129 -257 -129 -129 
CPU side received count (scaleup: 6): -104 -104 -101 -100 -120 -110 -107 -109 # -129 -129 -129 -129 -129 -257 -129 -129 
CPU side received count (scaleup: 4): -110 -92 -102 -111 -107 -117 -103 -91 # -129 -129 -129 -129 -129 -129 -129 -129 
CPU side received count (scaleup: 7): -101 -97 -90 -100 -117 -101 -84 -109 # -129 -129 -129 -129 -129 -129 -129 -129 
Elastic buffer uses 4 channels per SM
Elastic buffer uses 4 channels per SM
Elastic buffer uses 4 channels per SM
Elastic buffer uses 4 channels per SM
Elastic buffer uses 4 channels per SM
Elastic buffer uses 4 channels per SM
Elastic buffer uses 4 channels per SM
Elastic buffer uses 4 channels per SM
CPU side received count (scaleup: 6): -104 -104 -101 -100 -120 -110 -107 -109 # -129 -129 -129 -129 -129 -257 -129 -129 
CPU side received count (scaleup: 4): -110 -92 -102 -111 -107 -117 -103 -91 # -129 -129 -129 -129 -129 -129 -129 -129 
CPU side received count (scaleup: 3): -106 -109 -100 -120 -96 -108 -107 -92 # -129 -129 -129 -257 -129 -257 -129 -129 
CPU side received count (scaleup: 7): -101 -97 -90 -100 -117 -101 -84 -109 # -129 -129 -129 -129 -129 -129 -129 -129 
CPU side received count (scaleup: 5): -104 -112 -102 -101 -88 -88 -98 -92 # -129 -129 -129 -129 -129 -129 -129 -129 
CPU side received count (scaleup: 0): -100 -109 -96 -109 -121 -113 -118 -100 # -129 -129 -129 -129 -129 -129 -129 -129 
CPU side received count (scaleup: 2): -105 -111 -115 -91 -103 -112 -110 -89 # -129 -129 -129 -129 -129 -257 -129 -129 
CPU side received count (scaleup: 1): -107 -113 -97 -105 -87 -80 -94 -108 # -129 -129 -129 -129 -129 -129 -129 -129 
Elastic buffer uses 4 channels per SM
Elastic buffer uses 4 channels per SM
Elastic buffer uses 4 channels per SM
Elastic buffer uses 4 channels per SM
Elastic buffer uses 4 channels per SM
Elastic buffer uses 4 channels per SM
Elastic buffer uses 4 channels per SM
Elastic buffer uses 4 channels per SM
CPU side received count (scaleup: 7): -101 -97 -90 -100 -117 -101 -84 -109 # -129 -129 -129 -129 -129 -129 -129 -129 
CPU side received count (scaleup: 6): -104 -104 -101 -100 -120 -110 -107 -109 # -129 -129 -129 -129 -129 -257 -129 -129 
CPU side received count (scaleup: 5): -104 -112 -102 -101 -88 -88 -98 -92 # -129 -129 -129 -129 -129 -129 -129 -129 
CPU side received count (scaleup: 4): -110 -92 -102 -111 -107 -117 -103 -91 # -129 -129 -129 -129 -129 -129 -129 -129 
CPU side received count (scaleup: 3): -106 -109 -100 -120 -96 -108 -107 -92 # -129 -129 -129 -257 -129 -257 -129 -129 
CPU side received count (scaleup: 2): -105 -111 -115 -91 -103 -112 -110 -89 # -129 -129 -129 -129 -129 -257 -129 -129 
CPU side received count (scaleup: 1): -107 -113 -97 -105 -87 -80 -94 -108 # -129 -129 -129 -129 -129 -129 -129 -129 
CPU side received count (scaleup: 0): -100 -109 -96 -109 -121 -113 -118 -100 # -129 -129 -129 -129 -129 -129 -129 -129 
Elastic buffer uses 4 channels per SM
Elastic buffer uses 4 channels per SM
Elastic buffer uses 4 channels per SM
Elastic buffer uses 4 channels per SM
Elastic buffer uses 4 channels per SM
Elastic buffer uses 4 channels per SM
Elastic buffer uses 4 channels per SM
Elastic buffer uses 4 channels per SM
CPU side received count (scaleup: 3): -106 -109 -100 -120 -96 -108 -107 -92 # -129 -129 -129 -257 -129 -257 -129 -129 
CPU side received count (scaleup: 4): -110 -92 -102 -111 -107 -117 -103 -91 # -129 -129 -129 -129 -129 -129 -129 -129 
CPU side received count (scaleup: 2): -105 -111 -115 -91 -103 -112 -110 -89 # -129 -129 -129 -129 -129 -257 -129 -129 
CPU side received count (scaleup: 0): -100 -109 -96 -109 -121 -113 -118 -100 # -129 -129 -129 -129 -129 -129 -129 -129 
CPU side received count (scaleup: 1): -107 -113 -97 -105 -87 -80 -94 -108 # -129 -129 -129 -129 -129 -129 -129 -129 
CPU side received count (scaleup: 7): -101 -97 -90 -100 -117 -101 -84 -109 # -129 -129 -129 -129 -129 -129 -129 -129 
CPU side received count (scaleup: 6): -104 -104 -101 -100 -120 -110 -107 -109 # -129 -129 -129 -129 -129 -257 -129 -129 
CPU side received count (scaleup: 5): -104 -112 -102 -101 -88 -88 -98 -92 # -129 -129 -129 -129 -129 -129 -129 -129 
Elastic buffer uses 4 channels per SM
Elastic buffer uses 4 channels per SM
Elastic buffer uses 4 channels per SM
Elastic buffer uses 4 channels per SM
Elastic buffer uses 4 channels per SM
Elastic buffer uses 4 channels per SM
Elastic buffer uses 4 channels per SM
Elastic buffer uses 4 channels per SM
CPU side received count (scaleup: 6): -104 -104 -101 -100 -120 -110 -107 -109 # -129 -129 -129 -129 -129 -257 -129 -129 
CPU side received count (scaleup: 7): -101 -97 -90 -100 -117 -101 -84 -109 # -129 -129 -129 -129 -129 -129 -129 -129 
CPU side received count (scaleup: 5): -104 -112 -102 -101 -88 -88 -98 -92 # -129 -129 -129 -129 -129 -129 -129 -129 
CPU side received count (scaleup: 4): -110 -92 -102 -111 -107 -117 -103 -91 # -129 -129 -129 -129 -129 -129 -129 -129 
CPU side received count (scaleup: 3): -106 -109 -100 -120 -96 -108 -107 -92 # -129 -129 -129 -257 -129 -257 -129 -129 
CPU side received count (scaleup: 1): -107 -113 -97 -105 -87 -80 -94 -108 # -129 -129 -129 -129 -129 -129 -129 -129 
CPU side received count (scaleup: 2): -105 -111 -115 -91 -103 -112 -110 -89 # -129 -129 -129 -129 -129 -257 -129 -129 
CPU side received count (scaleup: 0): -100 -109 -96 -109 -121 -113 -118 -100 # -129 -129 -129 -129 -129 -129 -129 -129 
Elastic buffer uses 4 channels per SM
Elastic buffer uses 4 channels per SM
Elastic buffer uses 4 channels per SM
Elastic buffer uses 4 channels per SM
Elastic buffer uses 4 channels per SM
Elastic buffer uses 4 channels per SM
Elastic buffer uses 4 channels per SM
Elastic buffer uses 4 channels per SM
CPU side received count (scaleup: 3): -106 -109 -100 -120 -96 -108 -107 -92 # -129 -129 -129 -257 -129 -257 -129 -129 
CPU side received count (scaleup: 4): -110 -92 -102 -111 -107 -117 -103 -91 # -129 -129 -129 -129 -129 -129 -129 -129 
CPU side received count (scaleup: 0): -100 -109 -96 -109 -121 -113 -118 -100 # -129 -129 -129 -129 -129 -129 -129 -129 
CPU side received count (scaleup: 2): -105 -111 -115 -91 -103 -112 -110 -89 # -129 -129 -129 -129 -129 -257 -129 -129 
CPU side received count (scaleup: 1): -107 -113 -97 -105 -87 -80 -94 -108 # -129 -129 -129 -129 -129 -129 -129 -129 
CPU side received count (scaleup: 5): -104 -112 -102 -101 -88 -88 -98 -92 # -129 -129 -129 -129 -129 -129 -129 -129 
CPU side received count (scaleup: 7): -101 -97 -90 -100 -117 -101 -84 -109 # -129 -129 -129 -129 -129 -129 -129 -129 
CPU side received count (scaleup: 6): -104 -104 -101 -100 -120 -110 -107 -109 # -129 -129 -129 -129 -129 -257 -129 -129 
Elastic buffer uses 4 channels per SM
Elastic buffer uses 4 channels per SM
Elastic buffer uses 4 channels per SM
Elastic buffer uses 4 channels per SM
Elastic buffer uses 4 channels per SM
Elastic buffer uses 4 channels per SM
Elastic buffer uses 4 channels per SM
Elastic buffer uses 4 channels per SM
CPU side received count (scaleup: 0): -100 -109 -96 -109 -121 -113 -118 -100 # -129 -129 -129 -129 -129 -129 -129 -129 
CPU side received count (scaleup: 5): -104 -112 -102 -101 -88 -88 -98 -92 # -129 -129 -129 -129 -129 -129 -129 -129 
CPU side received count (scaleup: 1): -107 -113 -97 -105 -87 -80 -94 -108 # -129 -129 -129 -129 -129 -129 -129 -129 
CPU side received count (scaleup: 7): -101 -97 -90 -100 -117 -101 -84 -109 # -129 -129 -129 -129 -129 -129 -129 -129 
CPU side received count (scaleup: 4): -110 -92 -102 -111 -107 -117 -103 -91 # -129 -129 -129 -129 -129 -129 -129 -129 
CPU side received count (scaleup: 3): -106 -109 -100 -120 -96 -108 -107 -92 # -129 -129 -129 -257 -129 -257 -129 -129 
CPU side received count (scaleup: 2): -105 -111 -115 -91 -103 -112 -110 -89 # -129 -129 -129 -129 -129 -257 -129 -129 
CPU side received count (scaleup: 6): -104 -104 -101 -100 -120 -110 -107 -109 # -129 -129 -129 -129 -129 -257 -129 -129 
Elastic buffer uses 4 channels per SM
Elastic buffer uses 4 channels per SM
Elastic buffer uses 4 channels per SM
Elastic buffer uses 4 channels per SM
Elastic buffer uses 4 channels per SM
Elastic buffer uses 4 channels per SM
Elastic buffer uses 4 channels per SM
Elastic buffer uses 4 channels per SM
CPU side received count (scaleup: 3): -106 -109 -100 -120 -96 -108 -107 -92 # -129 -129 -129 -257 -129 -257 -129 -129 
CPU side received count (scaleup: 0): -100 -109 -96 -109 -121 -113 -118 -100 # -129 -129 -129 -129 -129 -129 -129 -129 
CPU side received count (scaleup: 5): -104 -112 -102 -101 -88 -88 -98 -92 # -129 -129 -129 -129 -129 -129 -129 -129 
CPU side received count (scaleup: 2): -105 -111 -115 -91 -103 -112 -110 -89 # -129 -129 -129 -129 -129 -257 -129 -129 
CPU side received count (scaleup: 1): -107 -113 -97 -105 -87 -80 -94 -108 # -129 -129 -129 -129 -129 -129 -129 -129 
CPU side received count (scaleup: 7): -101 -97 -90 -100 -117 -101 -84 -109 # -129 -129 -129 -129 -129 -129 -129 -129 
CPU side received count (scaleup: 6): -104 -104 -101 -100 -120 -110 -107 -109 # -129 -129 -129 -129 -129 -257 -129 -129 
CPU side received count (scaleup: 4): -110 -92 -102 -111 -107 -117 -103 -91 # -129 -129 -129 -129 -129 -129 -129 -129 
Elastic buffer uses 4 channels per SM
Elastic buffer uses 4 channels per SM
Elastic buffer uses 4 channels per SM
Elastic buffer uses 4 channels per SM
Elastic buffer uses 4 channels per SM
Elastic buffer uses 4 channels per SM
Elastic buffer uses 4 channels per SM
Elastic buffer uses 4 channels per SM
CPU side received count (scaleup: 6): -104 -104 -101 -100 -120 -110 -107 -109 # -129 -129 -129 -129 -129 -257 -129 -129 
CPU side received count (scaleup: 5): -104 -112 -102 -101 -88 -88 -98 -92 # -129 -129 -129 -129 -129 -129 -129 -129 
CPU side received count (scaleup: 2): -105 -111 -115 -91 -103 -112 -110 -89 # -129 -129 -129 -129 -129 -257 -129 -129 
CPU side received count (scaleup: 1): -107 -113 -97 -105 -87 -80 -94 -108 # -129 -129 -129 -129 -129 -129 -129 -129 
CPU side received count (scaleup: 4): -110 -92 -102 -111 -107 -117 -103 -91 # -129 -129 -129 -129 -129 -129 -129 -129 
CPU side received count (scaleup: 3): -106 -109 -100 -120 -96 -108 -107 -92 # -129 -129 -129 -257 -129 -257 -129 -129 
CPU side received count (scaleup: 7): -101 -97 -90 -100 -117 -101 -84 -109 # -129 -129 -129 -129 -129 -129 -129 -129 
CPU side received count (scaleup: 0): -100 -109 -96 -109 -121 -113 -118 -100 # -129 -129 -129 -129 -129 -129 -129 -129 
Elastic buffer uses 4 channels per SM
Elastic buffer uses 4 channels per SM
Elastic buffer uses 4 channels per SM
Elastic buffer uses 4 channels per SM
Elastic buffer uses 4 channels per SM
Elastic buffer uses 4 channels per SM
Elastic buffer uses 4 channels per SM
Elastic buffer uses 4 channels per SM
CPU side received count (scaleup: 3): -106 -109 -100 -120 -96 -108 -107 -92 # -129 -129 -129 -257 -129 -257 -129 -129 
CPU side received count (scaleup: 6): -104 -104 -101 -100 -120 -110 -107 -109 # -129 -129 -129 -129 -129 -257 -129 -129 
CPU side received count (scaleup: 1): -107 -113 -97 -105 -87 -80 -94 -108 # -129 -129 -129 -129 -129 -129 -129 -129 
CPU side received count (scaleup: 0): -100 -109 -96 -109 -121 -113 -118 -100 # -129 -129 -129 -129 -129 -129 -129 -129 
CPU side received count (scaleup: 4): -110 -92 -102 -111 -107 -117 -103 -91 # -129 -129 -129 -129 -129 -129 -129 -129 
CPU side received count (scaleup: 7): -101 -97 -90 -100 -117 -101 -84 -109 # -129 -129 -129 -129 -129 -129 -129 -129 
CPU side received count (scaleup: 5): -104 -112 -102 -101 -88 -88 -98 -92 # -129 -129 -129 -129 -129 -129 -129 -129 
CPU side received count (scaleup: 2): -105 -111 -115 -91 -103 -112 -110 -89 # -129 -129 -129 -129 -129 -257 -129 -129 
Elastic buffer uses 4 channels per SM
Elastic buffer uses 4 channels per SM
Elastic buffer uses 4 channels per SM
Elastic buffer uses 4 channels per SM
Elastic buffer uses 4 channels per SM
Elastic buffer uses 4 channels per SM
Elastic buffer uses 4 channels per SM
Elastic buffer uses 4 channels per SM
CPU side received count (scaleup: 3): -106 -109 -100 -120 -96 -108 -107 -92 # -129 -129 -129 -257 -129 -257 -129 -129 
CPU side received count (scaleup: 0): -100 -109 -96 -109 -121 -113 -118 -100 # -129 -129 -129 -129 -129 -129 -129 -129 
CPU side received count (scaleup: 1): -107 -113 -97 -105 -87 -80 -94 -108 # -129 -129 -129 -129 -129 -129 -129 -129 
CPU side received count (scaleup: 2): -105 -111 -115 -91 -103 -112 -110 -89 # -129 -129 -129 -129 -129 -257 -129 -129 
CPU side received count (scaleup: 7): -101 -97 -90 -100 -117 -101 -84 -109 # -129 -129 -129 -129 -129 -129 -129 -129 
CPU side received count (scaleup: 4): -110 -92 -102 -111 -107 -117 -103 -91 # -129 -129 -129 -129 -129 -129 -129 -129 
CPU side received count (scaleup: 5): -104 -112 -102 -101 -88 -88 -98 -92 # -129 -129 -129 -129 -129 -129 -129 -129 
CPU side received count (scaleup: 6): -104 -104 -101 -100 -120 -110 -107 -109 # -129 -129 -129 -129 -129 -257 -129 -129 
Elastic buffer uses 4 channels per SM
Elastic buffer uses 4 channels per SM
Elastic buffer uses 4 channels per SM
Elastic buffer uses 4 channels per SM
Elastic buffer uses 4 channels per SM
Elastic buffer uses 4 channels per SM
Elastic buffer uses 4 channels per SM
Elastic buffer uses 4 channels per SM
CPU side received count (scaleup: 6): -104 -104 -101 -100 -120 -110 -107 -109 # -129 -129 -129 -129 -129 -257 -129 -129 
CPU side received count (scaleup: 4): -110 -92 -102 -111 -107 -117 -103 -91 # -129 -129 -129 -129 -129 -129 -129 -129 
CPU side received count (scaleup: 7): -101 -97 -90 -100 -117 -101 -84 -109 # -129 -129 -129 -129 -129 -129 -129 -129 
CPU side received count (scaleup: 1): -107 -113 -97 -105 -87 -80 -94 -108 # -129 -129 -129 -129 -129 -129 -129 -129 
CPU side received count (scaleup: 5): -104 -112 -102 -101 -88 -88 -98 -92 # -129 -129 -129 -129 -129 -129 -129 -129 
CPU side received count (scaleup: 2): -105 -111 -115 -91 -103 -112 -110 -89 # -129 -129 -129 -129 -129 -257 -129 -129 
CPU side received count (scaleup: 3): -106 -109 -100 -120 -96 -108 -107 -92 # -129 -129 -129 -257 -129 -257 -129 -129 
CPU side received count (scaleup: 0): -100 -109 -96 -109 -121 -113 -118 -100 # -129 -129 -129 -129 -129 -129 -129 -129 
USDT:2026-08-25 02:34:32 439:439 SyncActivityProfilerHandler.cpp:59] profiler_stopUSDT:2026-08-25 02:34:32 440:440 SyncActivityProfilerHandler.cpp:59] profiler_stop

USDT:2026-08-25 02:34:32 435:435 SyncActivityProfilerHandler.cpp:59] profiler_stopUSDT:2026-08-25 02:34:32 437:437 SyncActivityProfilerHandler.cpp:59] profiler_stop
USDT:2026-08-25 02:34:32 434:434 SyncActivityProfilerHandler.cpp:59] profiler_stop
USDT:2026-08-25 02:34:32 438:438 SyncActivityProfilerHandler.cpp:59] profiler_stop
USDT:2026-08-25 02:34:32 441:441 SyncActivityProfilerHandler.cpp:59] profiler_stop

USDT:2026-08-25 02:34:32 436:436 SyncActivityProfilerHandler.cpp:59] profiler_stop
   - EP:  27/32 | expanded dispatch: 4 GB/s (SO), 8 GB/s (SU), 758.502 us, 6215040 bytes | copy: 269 GB/s, 58.074 us
   - EP:  28/32 | expanded dispatch: 4 GB/s (SO), 8 GB/s (SU), 758.484 us, 6177600 bytes | copy: 419 GB/s, 33.025 us
   - EP:  29/32 | expanded dispatch: 4 GB/s (SO), 8 GB/s (SU), 758.373 us, 5818176 bytes | copy: 379 GB/s, 35.271 us
   - EP:  25/32 | expanded dispatch: 4 GB/s (SO), 8 GB/s (SU), 757.957 us, 5863104 bytes | copy: 1795 GB/s, 7.428 us
   - EP:  31/32 | expanded dispatch: 4 GB/s (SO), 8 GB/s (SU), 758.328 us, 5923008 bytes | copy: 244 GB/s, 55.250 us
   - EP:  30/32 | expanded dispatch: 3 GB/s (SO), 8 GB/s (SU), 758.403 us, 6342336 bytes | copy: 317 GB/s, 47.093 us
   - EP:  24/32 | expanded dispatch: 4 GB/s (SO), 8 GB/s (SU), 758.320 us, 6424704 bytes | copy: 394 GB/s, 35.695 us
   - EP:  26/32 | expanded dispatch: 4 GB/s (SO), 8 GB/s (SU), 758.502 us, 6200064 bytes | copy: 169 GB/s, 86.794 us
Elastic buffer uses 4 channels per SM
Elastic buffer uses 4 channels per SM
Elastic buffer uses 4 channels per SM
Elastic buffer uses 4 channels per SM
Elastic buffer uses 4 channels per SM
Elastic buffer uses 4 channels per SM
Elastic buffer uses 4 channels per SM
Elastic buffer uses 4 channels per SM
Elastic buffer uses 4 channels per SM
Elastic buffer uses 4 channels per SM
Elastic buffer uses 4 channels per SM
Elastic buffer uses 4 channels per SM
Elastic buffer uses 4 channels per SM
Elastic buffer uses 4 channels per SM
Elastic buffer uses 4 channels per SM
Elastic buffer uses 4 channels per SM
Elastic buffer uses 4 channels per SM
Elastic buffer uses 4 channels per SM
Elastic buffer uses 4 channels per SM
Elastic buffer uses 4 channels per SM
Elastic buffer uses 4 channels per SM
Elastic buffer uses 4 channels per SM
Elastic buffer uses 4 channels per SM
Elastic buffer uses 4 channels per SM
Elastic buffer uses 4 channels per SM
Elastic buffer uses 4 channels per SM
Elastic buffer uses 4 channels per SM
Elastic buffer uses 4 channels per SM
Elastic buffer uses 4 channels per SM
Elastic buffer uses 4 channels per SM
Elastic buffer uses 4 channels per SM
Elastic buffer uses 4 channels per SM
Elastic buffer uses 4 channels per SM
Elastic buffer uses 4 channels per SM
Elastic buffer uses 4 channels per SM
Elastic buffer uses 4 channels per SM
Elastic buffer uses 4 channels per SM
Elastic buffer uses 4 channels per SM
Elastic buffer uses 4 channels per SM
Elastic buffer uses 4 channels per SM
Elastic buffer uses 4 channels per SM
Elastic buffer uses 4 channels per SM
Elastic buffer uses 4 channels per SM
Elastic buffer uses 4 channels per SM
Elastic buffer uses 4 channels per SM
Elastic buffer uses 4 channels per SM
Elastic buffer uses 4 channels per SM
Elastic buffer uses 4 channels per SM
Elastic buffer uses 4 channels per SM
Elastic buffer uses 4 channels per SM
Elastic buffer uses 4 channels per SM
Elastic buffer uses 4 channels per SM
Elastic buffer uses 4 channels per SM
Elastic buffer uses 4 channels per SM
Elastic buffer uses 4 channels per SM
Elastic buffer uses 4 channels per SM
Elastic buffer uses 4 channels per SM
Elastic buffer uses 4 channels per SM
Elastic buffer uses 4 channels per SM
Elastic buffer uses 4 channels per SM
Elastic buffer uses 4 channels per SM
Elastic buffer uses 4 channels per SM
Elastic buffer uses 4 channels per SM
Elastic buffer uses 4 channels per SM
Elastic buffer uses 4 channels per SM
Elastic buffer uses 4 channels per SM
Elastic buffer uses 4 channels per SM
Elastic buffer uses 4 channels per SM
Elastic buffer uses 4 channels per SM
Elastic buffer uses 4 channels per SM
Elastic buffer uses 4 channels per SM
Elastic buffer uses 4 channels per SM
Elastic buffer uses 4 channels per SM
Elastic buffer uses 4 channels per SM
Elastic buffer uses 4 channels per SM
Elastic buffer uses 4 channels per SM
Elastic buffer uses 4 channels per SM
Elastic buffer uses 4 channels per SM
Elastic buffer uses 4 channels per SM
Elastic buffer uses 4 channels per SM
Elastic buffer uses 4 channels per SM
Elastic buffer uses 4 channels per SM
Elastic buffer uses 4 channels per SM
Elastic buffer uses 4 channels per SM
Elastic buffer uses 4 channels per SM
Elastic buffer uses 4 channels per SM
Elastic buffer uses 4 channels per SM
Elastic buffer uses 4 channels per SM
Elastic buffer uses 4 channels per SM
Elastic buffer uses 4 channels per SM
Elastic buffer uses 4 channels per SM
Elastic buffer uses 4 channels per SM
Elastic buffer uses 4 channels per SM
Elastic buffer uses 4 channels per SM
Elastic buffer uses 4 channels per SM
Elastic buffer uses 4 channels per SM
Elastic buffer uses 4 channels per SM
Elastic buffer uses 4 channels per SM
Elastic buffer uses 4 channels per SM
Elastic buffer uses 4 channels per SM
Elastic buffer uses 4 channels per SM
Elastic buffer uses 4 channels per SM
Elastic buffer uses 4 channels per SM
Elastic buffer uses 4 channels per SM
Elastic buffer uses 4 channels per SM
Elastic buffer uses 4 channels per SM
Elastic buffer uses 4 channels per SM
Elastic buffer uses 4 channels per SM
Elastic buffer uses 4 channels per SM
Elastic buffer uses 4 channels per SM
Elastic buffer uses 4 channels per SM
Elastic buffer uses 4 channels per SM
Elastic buffer uses 4 channels per SM
Elastic buffer uses 4 channels per SM
Elastic buffer uses 4 channels per SM
Elastic buffer uses 4 channels per SM
Elastic buffer uses 4 channels per SM
Elastic buffer uses 4 channels per SM
Elastic buffer uses 4 channels per SM
Elastic buffer uses 4 channels per SM
Elastic buffer uses 4 channels per SM
Elastic buffer uses 4 channels per SM
Elastic buffer uses 4 channels per SM
Elastic buffer uses 4 channels per SM
Elastic buffer uses 4 channels per SM
Elastic buffer uses 4 channels per SM
Elastic buffer uses 4 channels per SM
Elastic buffer uses 4 channels per SM
Elastic buffer uses 4 channels per SM
Elastic buffer uses 4 channels per SM
Elastic buffer uses 4 channels per SM
Elastic buffer uses 4 channels per SM
Elastic buffer uses 4 channels per SM
Elastic buffer uses 4 channels per SM
Elastic buffer uses 4 channels per SM
Elastic buffer uses 4 channels per SM
Elastic buffer uses 4 channels per SM
Elastic buffer uses 4 channels per SM
Elastic buffer uses 4 channels per SM
Elastic buffer uses 4 channels per SM
Elastic buffer uses 4 channels per SM
Elastic buffer uses 4 channels per SM
Elastic buffer uses 4 channels per SM
Elastic buffer uses 4 channels per SM
Elastic buffer uses 4 channels per SM
Elastic buffer uses 4 channels per SM
Elastic buffer uses 4 channels per SM
Elastic buffer uses 4 channels per SM
Elastic buffer uses 4 channels per SM
Elastic buffer uses 4 channels per SM
Elastic buffer uses 4 channels per SM
Elastic buffer uses 4 channels per SM
Elastic buffer uses 4 channels per SM
Elastic buffer uses 4 channels per SM
Elastic buffer uses 4 channels per SM
Elastic buffer uses 4 channels per SM
Elastic buffer uses 4 channels per SM
Elastic buffer uses 4 channels per SM
Elastic buffer uses 4 channels per SM
Elastic buffer uses 4 channels per SM
Elastic buffer uses 4 channels per SM
Elastic buffer uses 4 channels per SM
Elastic buffer uses 4 channels per SM
Elastic buffer uses 4 channels per SM
Elastic buffer uses 4 channels per SM
Elastic buffer uses 4 channels per SM
Elastic buffer uses 4 channels per SM
Elastic buffer uses 4 channels per SM
Elastic buffer uses 4 channels per SM
Elastic buffer uses 4 channels per SM
Elastic buffer uses 4 channels per SM
Elastic buffer uses 4 channels per SM
Elastic buffer uses 4 channels per SM
Elastic buffer uses 4 channels per SM
Elastic buffer uses 4 channels per SM
Elastic buffer uses 4 channels per SM
Elastic buffer uses 4 channels per SM
Elastic buffer uses 4 channels per SM
Elastic buffer uses 4 channels per SM
Elastic buffer uses 4 channels per SM
Elastic buffer uses 4 channels per SM
Elastic buffer uses 4 channels per SM
Elastic buffer uses 4 channels per SM
Elastic buffer uses 4 channels per SM
Elastic buffer uses 4 channels per SM
Elastic buffer uses 4 channels per SM
Elastic buffer uses 4 channels per SM
Elastic buffer uses 4 channels per SM
Elastic buffer uses 4 channels per SM
Elastic buffer uses 4 channels per SM
Elastic buffer uses 4 channels per SM
Elastic buffer uses 4 channels per SM
Elastic buffer uses 4 channels per SM
Elastic buffer uses 4 channels per SM
Elastic buffer uses 4 channels per SM
Elastic buffer uses 4 channels per SM
Elastic buffer uses 4 channels per SM
Elastic buffer uses 4 channels per SM
Elastic buffer uses 4 channels per SM
Elastic buffer uses 4 channels per SM
Elastic buffer uses 4 channels per SM
Elastic buffer uses 4 channels per SM
Elastic buffer uses 4 channels per SM
Elastic buffer uses 4 channels per SM
Elastic buffer uses 4 channels per SM
Elastic buffer uses 4 channels per SM
Elastic buffer uses 4 channels per SM
Elastic buffer uses 4 channels per SM
Elastic buffer uses 4 channels per SM
Elastic buffer uses 4 channels per SM
Elastic buffer uses 4 channels per SM
Elastic buffer uses 4 channels per SM
Elastic buffer uses 4 channels per SM
Elastic buffer uses 4 channels per SM
Elastic buffer uses 4 channels per SM
Elastic buffer uses 4 channels per SM
Elastic buffer uses 4 channels per SM
Elastic buffer uses 4 channels per SM
Elastic buffer uses 4 channels per SM
Elastic buffer uses 4 channels per SM
Elastic buffer uses 4 channels per SM
Elastic buffer uses 4 channels per SM
Elastic buffer uses 4 channels per SM
Elastic buffer uses 4 channels per SM
Elastic buffer uses 4 channels per SM
Elastic buffer uses 4 channels per SM
Elastic buffer uses 4 channels per SM
Elastic buffer uses 4 channels per SM
Elastic buffer uses 4 channels per SM
Elastic buffer uses 4 channels per SM
Elastic buffer uses 4 channels per SM
Elastic buffer uses 4 channels per SM
Elastic buffer uses 4 channels per SM
Elastic buffer uses 4 channels per SM
Elastic buffer uses 4 channels per SM
Elastic buffer uses 4 channels per SM
Elastic buffer uses 4 channels per SM
Elastic buffer uses 4 channels per SM
Elastic buffer uses 4 channels per SM
Elastic buffer uses 4 channels per SM
Elastic buffer uses 4 channels per SM
Elastic buffer uses 4 channels per SM
Elastic buffer uses 4 channels per SM
Elastic buffer uses 4 channels per SM
Elastic buffer uses 4 channels per SM
Elastic buffer uses 4 channels per SM
Elastic buffer uses 4 channels per SM
Elastic buffer uses 4 channels per SM
USDT:2026-08-25 02:34:33 439:439 SyncActivityProfilerHandler.cpp:52] profiler_startUSDT:2026-08-25 02:34:33 437:437 SyncActivityProfilerHandler.cpp:52] profiler_startUSDT:2026-08-25 02:34:33 440:440 SyncActivityProfilerHandler.cpp:52] profiler_startUSDT:2026-08-25 02:34:33 435:435 SyncActivityProfilerHandler.cpp:52] profiler_startUSDT:2026-08-25 02:34:33 434:434 SyncActivityProfilerHandler.cpp:52] profiler_startUSDT:2026-08-25 02:34:33 436:436 SyncActivityProfilerHandler.cpp:52] profiler_startUSDT:2026-08-25 02:34:33 441:441 SyncActivityProfilerHandler.cpp:52] profiler_start






USDT:2026-08-25 02:34:33 438:438 SyncActivityProfilerHandler.cpp:52] profiler_start
Elastic buffer uses 4 channels per SM
Elastic buffer uses 4 channels per SM
Elastic buffer uses 4 channels per SM
Elastic buffer uses 4 channels per SM
Elastic buffer uses 4 channels per SM
Elastic buffer uses 4 channels per SM
Elastic buffer uses 4 channels per SM
Elastic buffer uses 4 channels per SM
Elastic buffer uses 4 channels per SM
Elastic buffer uses 4 channels per SM
Elastic buffer uses 4 channels per SM
Elastic buffer uses 4 channels per SM
Elastic buffer uses 4 channels per SM
Elastic buffer uses 4 channels per SM
Elastic buffer uses 4 channels per SM
Elastic buffer uses 4 channels per SM
Elastic buffer uses 4 channels per SM
Elastic buffer uses 4 channels per SM
Elastic buffer uses 4 channels per SM
Elastic buffer uses 4 channels per SM
Elastic buffer uses 4 channels per SM
Elastic buffer uses 4 channels per SM
Elastic buffer uses 4 channels per SM
Elastic buffer uses 4 channels per SM
Elastic buffer uses 4 channels per SM
Elastic buffer uses 4 channels per SM
Elastic buffer uses 4 channels per SM
Elastic buffer uses 4 channels per SM
Elastic buffer uses 4 channels per SM
Elastic buffer uses 4 channels per SM
Elastic buffer uses 4 channels per SM
Elastic buffer uses 4 channels per SM
Elastic buffer uses 4 channels per SM
Elastic buffer uses 4 channels per SM
Elastic buffer uses 4 channels per SM
Elastic buffer uses 4 channels per SM
Elastic buffer uses 4 channels per SM
Elastic buffer uses 4 channels per SM
Elastic buffer uses 4 channels per SM
Elastic buffer uses 4 channels per SM
Elastic buffer uses 4 channels per SM
Elastic buffer uses 4 channels per SM
Elastic buffer uses 4 channels per SM
Elastic buffer uses 4 channels per SM
Elastic buffer uses 4 channels per SM
Elastic buffer uses 4 channels per SM
Elastic buffer uses 4 channels per SM
Elastic buffer uses 4 channels per SM
Elastic buffer uses 4 channels per SM
Elastic buffer uses 4 channels per SM
Elastic buffer uses 4 channels per SM
Elastic buffer uses 4 channels per SM
Elastic buffer uses 4 channels per SM
Elastic buffer uses 4 channels per SM
Elastic buffer uses 4 channels per SM
Elastic buffer uses 4 channels per SM
Elastic buffer uses 4 channels per SM
Elastic buffer uses 4 channels per SM
Elastic buffer uses 4 channels per SM
Elastic buffer uses 4 channels per SM
Elastic buffer uses 4 channels per SM
Elastic buffer uses 4 channels per SM
Elastic buffer uses 4 channels per SM
Elastic buffer uses 4 channels per SM
Elastic buffer uses 4 channels per SM
Elastic buffer uses 4 channels per SM
Elastic buffer uses 4 channels per SM
Elastic buffer uses 4 channels per SM
Elastic buffer uses 4 channels per SM
Elastic buffer uses 4 channels per SM
Elastic buffer uses 4 channels per SM
Elastic buffer uses 4 channels per SM
Elastic buffer uses 4 channels per SM
Elastic buffer uses 4 channels per SM
Elastic buffer uses 4 channels per SM
Elastic buffer uses 4 channels per SM
Elastic buffer uses 4 channels per SM
Elastic buffer uses 4 channels per SM
Elastic buffer uses 4 channels per SM
Elastic buffer uses 4 channels per SM
Elastic buffer uses 4 channels per SM
Elastic buffer uses 4 channels per SM
Elastic buffer uses 4 channels per SM
Elastic buffer uses 4 channels per SM
Elastic buffer uses 4 channels per SM
Elastic buffer uses 4 channels per SM
Elastic buffer uses 4 channels per SM
Elastic buffer uses 4 channels per SM
Elastic buffer uses 4 channels per SM
Elastic buffer uses 4 channels per SM
Elastic buffer uses 4 channels per SM
Elastic buffer uses 4 channels per SM
Elastic buffer uses 4 channels per SM
Elastic buffer uses 4 channels per SM
Elastic buffer uses 4 channels per SM
Elastic buffer uses 4 channels per SM
Elastic buffer uses 4 channels per SM
Elastic buffer uses 4 channels per SM
Elastic buffer uses 4 channels per SM
Elastic buffer uses 4 channels per SM
Elastic buffer uses 4 channels per SM
Elastic buffer uses 4 channels per SM
Elastic buffer uses 4 channels per SM
Elastic buffer uses 4 channels per SM
Elastic buffer uses 4 channels per SM
Elastic buffer uses 4 channels per SM
Elastic buffer uses 4 channels per SM
Elastic buffer uses 4 channels per SM
Elastic buffer uses 4 channels per SM
Elastic buffer uses 4 channels per SM
Elastic buffer uses 4 channels per SM
Elastic buffer uses 4 channels per SM
Elastic buffer uses 4 channels per SM
Elastic buffer uses 4 channels per SM
Elastic buffer uses 4 channels per SM
Elastic buffer uses 4 channels per SM
Elastic buffer uses 4 channels per SM
Elastic buffer uses 4 channels per SM
Elastic buffer uses 4 channels per SM
Elastic buffer uses 4 channels per SM
Elastic buffer uses 4 channels per SM
Elastic buffer uses 4 channels per SM
Elastic buffer uses 4 channels per SM
Elastic buffer uses 4 channels per SM
Elastic buffer uses 4 channels per SM
Elastic buffer uses 4 channels per SM
Elastic buffer uses 4 channels per SM
Elastic buffer uses 4 channels per SM
Elastic buffer uses 4 channels per SM
Elastic buffer uses 4 channels per SM
Elastic buffer uses 4 channels per SM
Elastic buffer uses 4 channels per SM
Elastic buffer uses 4 channels per SM
Elastic buffer uses 4 channels per SM
Elastic buffer uses 4 channels per SM
Elastic buffer uses 4 channels per SM
Elastic buffer uses 4 channels per SM
Elastic buffer uses 4 channels per SM
Elastic buffer uses 4 channels per SM
Elastic buffer uses 4 channels per SM
Elastic buffer uses 4 channels per SM
Elastic buffer uses 4 channels per SM
Elastic buffer uses 4 channels per SM
Elastic buffer uses 4 channels per SM
Elastic buffer uses 4 channels per SM
Elastic buffer uses 4 channels per SM
Elastic buffer uses 4 channels per SM
Elastic buffer uses 4 channels per SM
Elastic buffer uses 4 channels per SM
Elastic buffer uses 4 channels per SM
Elastic buffer uses 4 channels per SM
Elastic buffer uses 4 channels per SM
Elastic buffer uses 4 channels per SM
Elastic buffer uses 4 channels per SM
Elastic buffer uses 4 channels per SM
Elastic buffer uses 4 channels per SM
Elastic buffer uses 4 channels per SM
Elastic buffer uses 4 channels per SM
Elastic buffer uses 4 channels per SM
Elastic buffer uses 4 channels per SM
Elastic buffer uses 4 channels per SM
Elastic buffer uses 4 channels per SM
Elastic buffer uses 4 channels per SM
Elastic buffer uses 4 channels per SM
Elastic buffer uses 4 channels per SM
Elastic buffer uses 4 channels per SM
Elastic buffer uses 4 channels per SM
Elastic buffer uses 4 channels per SM
Elastic buffer uses 4 channels per SM
Elastic buffer uses 4 channels per SM
Elastic buffer uses 4 channels per SM
Elastic buffer uses 4 channels per SM
Elastic buffer uses 4 channels per SM
Elastic buffer uses 4 channels per SM
Elastic buffer uses 4 channels per SM
Elastic buffer uses 4 channels per SM
Elastic buffer uses 4 channels per SM
Elastic buffer uses 4 channels per SM
Elastic buffer uses 4 channels per SM
Elastic buffer uses 4 channels per SM
Elastic buffer uses 4 channels per SM
Elastic buffer uses 4 channels per SM
Elastic buffer uses 4 channels per SM
Elastic buffer uses 4 channels per SM
Elastic buffer uses 4 channels per SM
Elastic buffer uses 4 channels per SM
Elastic buffer uses 4 channels per SM
Elastic buffer uses 4 channels per SM
Elastic buffer uses 4 channels per SM
Elastic buffer uses 4 channels per SM
Elastic buffer uses 4 channels per SM
Elastic buffer uses 4 channels per SM
Elastic buffer uses 4 channels per SM
Elastic buffer uses 4 channels per SM
Elastic buffer uses 4 channels per SM
Elastic buffer uses 4 channels per SM
Elastic buffer uses 4 channels per SM
Elastic buffer uses 4 channels per SM
Elastic buffer uses 4 channels per SM
Elastic buffer uses 4 channels per SM
Elastic buffer uses 4 channels per SM
Elastic buffer uses 4 channels per SM
Elastic buffer uses 4 channels per SM
Elastic buffer uses 4 channels per SM
Elastic buffer uses 4 channels per SM
Elastic buffer uses 4 channels per SM
Elastic buffer uses 4 channels per SM
Elastic buffer uses 4 channels per SM
Elastic buffer uses 4 channels per SM
Elastic buffer uses 4 channels per SM
Elastic buffer uses 4 channels per SM
Elastic buffer uses 4 channels per SM
Elastic buffer uses 4 channels per SM
Elastic buffer uses 4 channels per SM
Elastic buffer uses 4 channels per SM
Elastic buffer uses 4 channels per SM
Elastic buffer uses 4 channels per SM
Elastic buffer uses 4 channels per SM
Elastic buffer uses 4 channels per SM
Elastic buffer uses 4 channels per SM
Elastic buffer uses 4 channels per SM
Elastic buffer uses 4 channels per SM
Elastic buffer uses 4 channels per SM
Elastic buffer uses 4 channels per SM
Elastic buffer uses 4 channels per SM
Elastic buffer uses 4 channels per SM
Elastic buffer uses 4 channels per SM
Elastic buffer uses 4 channels per SM
Elastic buffer uses 4 channels per SM
Elastic buffer uses 4 channels per SM
Elastic buffer uses 4 channels per SM
Elastic buffer uses 4 channels per SM
Elastic buffer uses 4 channels per SM
Elastic buffer uses 4 channels per SM
Elastic buffer uses 4 channels per SM
Elastic buffer uses 4 channels per SM
Elastic buffer uses 4 channels per SM
Elastic buffer uses 4 channels per SM
Elastic buffer uses 4 channels per SM
Elastic buffer uses 4 channels per SM
USDT:2026-08-25 02:34:33 437:437 SyncActivityProfilerHandler.cpp:59] profiler_stopUSDT:2026-08-25 02:34:33 435:435 SyncActivityProfilerHandler.cpp:59] profiler_stopUSDT:2026-08-25 02:34:33 434:434 SyncActivityProfilerHandler.cpp:59] profiler_stopUSDT:2026-08-25 02:34:33 439:439 SyncActivityProfilerHandler.cpp:59] profiler_stop
USDT:2026-08-25 02:34:33 440:440 SyncActivityProfilerHandler.cpp:59] profiler_stop



USDT:2026-08-25 02:34:33 441:441 SyncActivityProfilerHandler.cpp:59] profiler_stop
USDT:2026-08-25 02:34:33 438:438 SyncActivityProfilerHandler.cpp:59] profiler_stop
USDT:2026-08-25 02:34:33 436:436 SyncActivityProfilerHandler.cpp:59] profiler_stop
   # EP:  24/32 | cached dispatch: 3 GB/s (SO), 8 GB/s (SU), 848.050 us, 6424704 bytes | copy: 102 GB/s, 126.313 us
   # EP:  27/32 | cached dispatch: 3 GB/s (SO), 7 GB/s (SU), 848.078 us, 6215040 bytes | copy: 87 GB/s, 142.909 us
   # EP:  30/32 | cached dispatch: 3 GB/s (SO), 7 GB/s (SU), 848.168 us, 6342336 bytes | copy: 90 GB/s, 140.758 us
   # EP:  28/32 | cached dispatch: 3 GB/s (SO), 7 GB/s (SU), 848.073 us, 6177600 bytes | copy: 103 GB/s, 119.516 us
   # EP:  29/32 | cached dispatch: 3 GB/s (SO), 7 GB/s (SU), 848.216 us, 5818176 bytes | copy: 90 GB/s, 128.798 us
   # EP:  31/32 | cached dispatch: 3 GB/s (SO), 7 GB/s (SU), 848.108 us, 5923008 bytes | copy: 78 GB/s, 152.850 us
   # EP:  25/32 | cached dispatch: 3 GB/s (SO), 7 GB/s (SU), 847.862 us, 5863104 bytes | copy: 122 GB/s, 95.807 us
   # EP:  26/32 | cached dispatch: 3 GB/s (SO), 7 GB/s (SU), 847.947 us, 6200064 bytes | copy: 282 GB/s, 44.042 us
USDT:2026-08-25 02:34:33 439:439 SyncActivityProfilerHandler.cpp:52] profiler_startUSDT:2026-08-25 02:34:33 434:434 SyncActivityProfilerHandler.cpp:52] profiler_startUSDT:2026-08-25 02:34:33 437:437 SyncActivityProfilerHandler.cpp:52] profiler_start


USDT:2026-08-25 02:34:33 441:441 SyncActivityProfilerHandler.cpp:52] profiler_startUSDT:2026-08-25 02:34:33 440:440 SyncActivityProfilerHandler.cpp:52] profiler_startUSDT:2026-08-25 02:34:33 438:438 SyncActivityProfilerHandler.cpp:52] profiler_start

USDT:2026-08-25 02:34:33 435:435 SyncActivityProfilerHandler.cpp:52] profiler_start

USDT:2026-08-25 02:34:33 436:436 SyncActivityProfilerHandler.cpp:52] profiler_start
USDT:2026-08-25 02:34:34 434:434 SyncActivityProfilerHandler.cpp:59] profiler_stopUSDT:2026-08-25 02:34:34 437:437 SyncActivityProfilerHandler.cpp:59] profiler_stop
USDT:2026-08-25 02:34:34 439:439 SyncActivityProfilerHandler.cpp:59] profiler_stop

USDT:2026-08-25 02:34:34 435:435 SyncActivityProfilerHandler.cpp:59] profiler_stop
USDT:2026-08-25 02:34:34 441:441 SyncActivityProfilerHandler.cpp:59] profiler_stop
USDT:2026-08-25 02:34:34 440:440 SyncActivityProfilerHandler.cpp:59] profiler_stop
USDT:2026-08-25 02:34:34 436:436 SyncActivityProfilerHandler.cpp:59] profiler_stop
USDT:2026-08-25 02:34:34 438:438 SyncActivityProfilerHandler.cpp:59] profiler_stop
   @ EP:  27/32 | combine: 16 GB/s (SO), 37 GB/s (SU), 318.912 us, 11925440 bytes | reduce: 980 GB/s, 6.817 us
   @ EP:  29/32 | combine: 16 GB/s (SO), 35 GB/s (SU), 320.550 us, 11163936 bytes | reduce: 996 GB/s, 6.605 us
   @ EP:  24/32 | combine: 17 GB/s (SO), 39 GB/s (SU), 314.261 us, 12327744 bytes | reduce: 1038 GB/s, 6.644 us
   @ EP:  31/32 | combine: 16 GB/s (SO), 36 GB/s (SU), 318.446 us, 11365088 bytes | reduce: 982 GB/s, 6.654 us
   @ EP:  25/32 | combine: 16 GB/s (SO), 34 GB/s (SU), 326.730 us, 11250144 bytes | reduce: 984 GB/s, 6.934 us
   @ EP:  30/32 | combine: 16 GB/s (SO), 38 GB/s (SU), 318.634 us, 12169696 bytes | reduce: 902 GB/s, 7.102 us
   @ EP:  26/32 | combine: 14 GB/s (SO), 31 GB/s (SU), 380.329 us, 11896704 bytes | reduce: 992 GB/s, 6.795 us
   @ EP:  28/32 | combine: 16 GB/s (SO), 37 GB/s (SU), 321.169 us, 11853600 bytes | reduce: 996 GB/s, 6.749 us
USDT:2026-08-25 02:34:34 441:441 SyncActivityProfilerHandler.cpp:52] profiler_startUSDT:2026-08-25 02:34:34 440:440 SyncActivityProfilerHandler.cpp:52] profiler_startUSDT:2026-08-25 02:34:34 437:437 SyncActivityProfilerHandler.cpp:52] profiler_start
USDT:2026-08-25 02:34:34 435:435 SyncActivityProfilerHandler.cpp:52] profiler_startUSDT:2026-08-25 02:34:34 434:434 SyncActivityProfilerHandler.cpp:52] profiler_start

USDT:2026-08-25 02:34:34 439:439 SyncActivityProfilerHandler.cpp:52] profiler_start


USDT:2026-08-25 02:34:34 438:438 SyncActivityProfilerHandler.cpp:52] profiler_start
USDT:2026-08-25 02:34:34 436:436 SyncActivityProfilerHandler.cpp:52] profiler_start
USDT:2026-08-25 02:34:35 434:434 SyncActivityProfilerHandler.cpp:59] profiler_stopUSDT:2026-08-25 02:34:35 439:439 SyncActivityProfilerHandler.cpp:59] profiler_stop
USDT:2026-08-25 02:34:35 435:435 SyncActivityProfilerHandler.cpp:59] profiler_stopUSDT:2026-08-25 02:34:35 437:437 SyncActivityProfilerHandler.cpp:59] profiler_stop

USDT:2026-08-25 02:34:35 440:440 SyncActivityProfilerHandler.cpp:59] profiler_stop

USDT:2026-08-25 02:34:35 441:441 SyncActivityProfilerHandler.cpp:59] profiler_stop
USDT:2026-08-25 02:34:35 436:436 SyncActivityProfilerHandler.cpp:59] profiler_stop
USDT:2026-08-25 02:34:35 438:438 SyncActivityProfilerHandler.cpp:59] profiler_stop
   + EP:  27/32 | reduced combine: 16 GB/s (SO), 37 GB/s (SU), 325.601 us, 11925440 bytes | reduce: 974 GB/s, 6.856 us
   + EP:  29/32 | reduced combine: 16 GB/s (SO), 34 GB/s (SU), 329.729 us, 11163936 bytes | reduce: 973 GB/s, 6.760 us
   + EP:  24/32 | reduced combine: 17 GB/s (SO), 38 GB/s (SU), 324.429 us, 12327744 bytes | reduce: 995 GB/s, 6.931 us
   + EP:  25/32 | reduced combine: 16 GB/s (SO), 33 GB/s (SU), 335.912 us, 11250144 bytes | reduce: 963 GB/s, 7.084 us
   + EP:  31/32 | reduced combine: 16 GB/s (SO), 34 GB/s (SU), 329.425 us, 11365088 bytes | reduce: 978 GB/s, 6.682 us
   + EP:  30/32 | reduced combine: 15 GB/s (SO), 37 GB/s (SU), 327.331 us, 12169696 bytes | reduce: 892 GB/s, 7.181 us
   + EP:  26/32 | reduced combine: 13 GB/s (SO), 30 GB/s (SU), 393.912 us, 11896704 bytes | reduce: 952 GB/s, 7.078 us
   + EP:  28/32 | reduced combine: 16 GB/s (SO), 36 GB/s (SU), 329.194 us, 11853600 bytes | reduce: 993 GB/s, 6.772 us

Elastic buffer uses 4 channels per SM
Elastic buffer uses 4 channels per SM
Elastic buffer uses 4 channels per SM
Elastic buffer uses 4 channels per SM
Elastic buffer uses 4 channels per SM
Elastic buffer uses 4 channels per SM
Elastic buffer uses 4 channels per SM
Elastic buffer uses 4 channels per SM
CPU side received count (scaleup: 3): -106 -109 -100 -120 -96 -108 -107 -92 # -129 -129 -129 -257 -129 -257 -129 -129 
CPU side received count (scaleup: 1): -107 -113 -97 -105 -87 -80 -94 -108 # -129 -129 -129 -129 -129 -129 -129 -129 
CPU side received count (scaleup: 7): -101 -97 -90 -100 -117 -101 -84 -109 # -129 -129 -129 -129 -129 -129 -129 -129 
CPU side received count (scaleup: 4): -110 -92 -102 -111 -107 -117 -103 -91 # -129 -129 -129 -129 -129 -129 -129 -129 
CPU side received count (scaleup: 2): -105 -111 -115 -91 -103 -112 -110 -89 # -129 -129 -129 -129 -129 -257 -129 -129 
CPU side received count (scaleup: 0): -100 -109 -96 -109 -121 -113 -118 -100 # -129 -129 -129 -129 -129 -129 -129 -129 
CPU side received count (scaleup: 6): -104 -104 -101 -100 -120 -110 -107 -109 # -129 -129 -129 -129 -129 -257 -129 -129 
CPU side received count (scaleup: 5): -104 -112 -102 -101 -88 -88 -98 -92 # -129 -129 -129 -129 -129 -129 -129 -129 

