=== EP_NIC_NAME=rdmap110s0 (auto, 200 Gb/s) ===
+ docker run --rm --gpus all --privileged --network=host --ipc=host --ulimit memlock=-1 --ulimit stack=67108864 --device=/dev/infiniband --device=/dev/gdrdrv -v /sys/class/infiniband:/sys/class/infiniband:ro -e MASTER_ADDR=172.31.20.74 -e MASTER_PORT=29554 -e WORLD_SIZE=2 -e RANK=0 -e NCCL_DEBUG=WARN -e EP_NIC_NAME=rdmap110s0 -e EP_BUFFER_DEBUG=1 -e PYTHONUNBUFFERED=1 -e PYTHONFAULTHANDLER=1 deepep-v2-efa-official:dev bash -lc 'timeout -s ABRT --kill-after=60 1500     python3 -u /opt/DeepEP/tests/elastic/test_ep.py     --num-processes=8 --num-tokens=128     --hidden=7168 --num-topk=8 --num-experts=256     --num-sms=12 --allow-hybrid-mode=1     --prefer-overlap-with-compute=0 --test-first-only      '

==========
== CUDA ==
==========

CUDA Version 13.0.2

Container image Copyright (c) 2016-2023, NVIDIA CORPORATION & AFFILIATES. All rights reserved.

This container image and its contents are governed by the NVIDIA Deep Learning Container License.
By pulling and using the container, you accept the terms and conditions of this license:
https://developer.nvidia.com/ngc/nvidia-deep-learning-container-license

A copy of this license is made available in this container at /NGC-DL-CONTAINER-LICENSE for your convenience.

NCCL version 2.31.2+cuda13.3
DeepEP hybrid kernel selection: unordered
DeepEP hybrid kernel selection: unordered
DeepEP hybrid kernel selection: unordered
DeepEP hybrid kernel selection: unordered
DeepEP hybrid kernel selection: unordered
Initializing EP elastic buffer with 341835776 bytes (cpu: 0) at rank EP 4/16Initializing EP elastic buffer with 341835776 bytes (cpu: 0) at rank EP 6/16
Initializing EP elastic buffer with 341835776 bytes (cpu: 0) at rank EP 7/16Initializing EP elastic buffer with 341835776 bytes (cpu: 0) at rank EP 3/16


Initializing EP elastic buffer with 341835776 bytes (cpu: 0) at rank EP 2/16DeepEP hybrid kernel selection: unordered

DeepEP hybrid kernel selection: unordered
DeepEP hybrid kernel selection: unordered
Initializing EP elastic buffer with 341835776 bytes (cpu: 0) at rank EP 1/16
Initializing EP elastic buffer with 341835776 bytes (cpu: 0) at rank EP 5/16
Initializing EP elastic buffer with 341835776 bytes (cpu: 0) at rank EP 0/16
DeepEP initialized with NCCL version: 2.31.2 (loaded library)
DeepEP initialized with NCCL version: 2.31.2 (loaded library)
DeepEP initialized with NCCL version: 2.31.2 (loaded library)
EP NCCL device communicator has 0 allocated QPs
EP NCCL device communicator has 0 allocated QPs
EP NCCL device communicator has 0 allocated QPs
DeepEP initialized with NCCL version: 2.31.2 (loaded library)
DeepEP hybrid kernel selection: unordered
EP NCCL device communicator has 0 allocated QPs
DeepEP hybrid kernel selection: unordered
GIN layout: gin_context_cnt=11, gin_indexed_signals_cnt=21, num_qp=11
GIN layout: gin_context_cnt=11, gin_indexed_signals_cnt=21, num_qp=11
DeepEP initialized with NCCL version: 2.31.2 (loaded library)
DeepEP hybrid kernel selection: unordered
DeepEP hybrid kernel selection: unordered
EP NCCL device communicator has 0 allocated QPs
GIN layout: gin_context_cnt=11, gin_indexed_signals_cnt=21, num_qp=11
GIN layout: gin_context_cnt=11, gin_indexed_signals_cnt=21, num_qp=11
DeepEP hybrid kernel selection: unordered
GIN layout: gin_context_cnt=11, gin_indexed_signals_cnt=21, num_qp=11
DeepEP initialized with NCCL version: 2.31.2 (loaded library)
EP NCCL device communicator has 0 allocated QPs
DeepEP initialized with NCCL version: 2.31.2 (loaded library)
DeepEP hybrid kernel selection: unordered
EP NCCL device communicator has 0 allocated QPs
GIN layout: gin_context_cnt=11, gin_indexed_signals_cnt=21, num_qp=11
DeepEP hybrid kernel selection: unordered
GIN layout: gin_context_cnt=11, gin_indexed_signals_cnt=21, num_qp=11
DeepEP initialized with NCCL version: 2.31.2 (loaded library)
EP NCCL device communicator has 0 allocated QPs
DeepEP hybrid kernel selection: unordered
GIN layout: gin_context_cnt=11, gin_indexed_signals_cnt=21, num_qp=11
Config:
 > Ranks: 2 x 8
 > Experts: 8/256
 > Tokens: 128 (max: 128), hidden: 7168
 > #SM: 12, #QPs: 11/11

Running all test cases:
 > Testing with do_handle_copy=1, expert_alignment=128, use_fp8_dispatch=1, num_bias=0, with_previous_event=0, async_with_compute_stream=0, allocate_on_comm_stream=0 ...
Elastic buffer uses 4 channels per SM
Elastic buffer uses 4 channels per SM
Elastic buffer uses 4 channels per SM
Elastic buffer uses 4 channels per SM
Elastic buffer uses 4 channels per SM
Elastic buffer uses 4 channels per SM
Elastic buffer uses 4 channels per SM
Elastic buffer uses 4 channels per SM
CPU side received count (scaleup: 7): -111 -100 -104 -103 -99 -98 -87 -99 # -129 -129 -129 -129 -129 -129 -129 -129 -129 -129 -1CPU side received count (scaleup: 0): -105 -99 -96 -95 -102 -103 -86 -90 # -129 -129 -129 -129 -129 -129 -129 -129 -129 -129 -12CPU side received count (scaleup: 4): -89 -100 -91 -99 -91 -92 -105 -92 # -129 -129 -129 -129 -129 -129 -129 -129 -129 -129 -129CPU side received count (scaleup: 1): -91 -99 -100 -99 -98 -97 -96 -92 # -129 -129 -129 -129 -129 -129 -129 -129 -129 -129 -129 CPU side received count (scaleup: 6): -102 -101 -104 -89 -110 -98 -99 -98 # -129 -129 -129 -129 -129 -129 -129 -129 -129 -129 -1CPU side received count (scaleup: 3): -95 -98 -94 -111 -106 -105 -86 -95 # -129 -129 -129 -129 -129 -129 -129 -129 -129 -129 -12CPU side received count (scaleup: 5): -107 -88 -101 -98 -102 -88 -94 -92 # -129 -129 -129 -129 -129 -129 -129 -129 -129 -129 -12CPU side received count (scaleup: 2): -95 -99 -108 -85 -104 -97 -108 -92 # -129 -129 -129 -129 -129 -129 -129 -129 -129 -129 -1229 -129 -129 -129 -129 -129 
9 -129 -129 -129 -129 -129 
 -129 -129 -129 -129 -129 
29 -129 -129 -129 -129 -129 
-129 -129 -129 -129 -129 
9 -129 -129 -129 -129 -129 
9 -129 -129 -129 -129 -129 
9 -129 -129 -129 -129 -129 
Elastic buffer uses 4 channels per SM
Elastic buffer uses 4 channels per SM
Elastic buffer uses 4 channels per SM
Elastic buffer uses 4 channels per SM
Elastic buffer uses 4 channels per SM
Elastic buffer uses 4 channels per SM
Elastic buffer uses 4 channels per SM
Elastic buffer uses 4 channels per SM
CPU side received count (scaleup: 4): -89 -100 -91 -99 -91 -92 -105 -92 # -129 -129 -129 -129 -129 -129 -129 -129 -129 -129 -129CPU side received count (scaleup: 1): -91 -99 -100 -99 -98 -97 -96 -92 # -129 -129 -129 -129 -129 -129 -129 -129 -129 -129 -129 CPU side received count (scaleup: 6): -102 -101 -104 -89 -110 -98 -99 -98 # -129 -129 -129 -129 -129 -129 -129 -129 -129 -129 -1CPU side received count (scaleup: 7): -111 -100 -104 -103 -99 -98 -87 -99 # -129 -129 -129 -129 -129 -129 -129 -129 -129 -129 -1CPU side received count (scaleup: 0): -105 -99 -96 -95 -102 -103 -86 -90 # -129 -129 -129 -129 -129 -129 -129 -129 -129 -129 -12CPU side received count (scaleup: 3): -95 -98 -94 -111 -106 -105 -86 -95 # -129 -129 -129 -129 -129 -129 -129 -129 -129 -129 -12CPU side received count (scaleup: 5): -107 -88 -101 -98 -102 -88 -94 -92 # -129 -129 -129 -129 -129 -129 -129 -129 -129 -129 -12CPU side received count (scaleup: 2): -95 -99 -108 -85 -104 -97 -108 -92 # -129 -129 -129 -129 -129 -129 -129 -129 -129 -129 -12 -129 -129 -129 -129 -129 
-129 -129 -129 -129 -129 
29 -129 -129 -129 -129 -129 
29 -129 -129 -129 -129 -129 
9 -129 -129 -129 -129 -129 
9 -129 -129 -129 -129 -129 
9 -129 -129 -129 -129 -129 
9 -129 -129 -129 -129 -129 
Elastic buffer uses 4 channels per SM
Elastic buffer uses 4 channels per SM
Elastic buffer uses 4 channels per SM
Elastic buffer uses 4 channels per SM
Elastic buffer uses 4 channels per SM
Elastic buffer uses 4 channels per SM
Elastic buffer uses 4 channels per SM
Elastic buffer uses 4 channels per SM
Elastic buffer uses 4 channels per SM
Elastic buffer uses 4 channels per SM
Elastic buffer uses 4 channels per SM
Elastic buffer uses 4 channels per SM
Elastic buffer uses 4 channels per SM
Elastic buffer uses 4 channels per SM
Elastic buffer uses 4 channels per SM
Elastic buffer uses 4 channels per SM
Elastic buffer uses 4 channels per SM
Elastic buffer uses 4 channels per SM
Elastic buffer uses 4 channels per SM
Elastic buffer uses 4 channels per SM
Elastic buffer uses 4 channels per SM
Elastic buffer uses 4 channels per SM
Elastic buffer uses 4 channels per SM
Elastic buffer uses 4 channels per SM
CPU side received count (scaleup: 6): -102 -101 -104 -89 -110 -98 -99 -98 # -129 -129 -129 -129 -129 -129 -129 -129 -129 -129 -129 -129 -129 -129 -129 -129 
CPU side received count (scaleup: 5): -107 -88 -101 -98 -102 -88 -94 -92 # -129 -129 -129 -129 -129 -129 -129 -129 -129 -129 -12CPU side received count (scaleup: 4): -89 -100 -91 -99 -91 -92 -105 -92 # -129 -129 -129 -129 -129 -129 -129 -129 -129 -129 -129CPU side received count (scaleup: 2): -95 -99 -108 -85 -104 -97 -108 -92 # -129 -129 -129 -129 -129 -129 -129 -129 -129 -129 -129 -129 -129 -129 -129 -129 
CPU side received count (scaleup: 0): -105 -99 -96 -95 -102 -103 -86 -90 # -129 -129 -129 -129 -129 -129 -129 -129 -129 -129 -12 -129 -129 -129 -129 -129 
CPU side received count (scaleup: 1): -91 -99 -100 -99 -98 -97 -96 -92 # -129 -129 -129 -129 -129 -129 -129 -129 -129 -129 -129 CPU side received count (scaleup: 7): -111 -100 -104 -103 -99 -98 -87 -99 # -129 -129 -129 -129 -129 -129 -129 -129 -129 -129 -1CPU side received count (scaleup: 3): -95 -98 -94 -111 -106 -105 -86 -95 # -129 -129 -129 -129 -129 -129 -129 -129 -129 -129 -129 -129 -129 -129 -129 -129 
9 -129 -129 -129 -129 -129 
29 -129 -129 -129 -129 -129 
-129 -129 -129 -129 -129 
9 -129 -129 -129 -129 -129 
Elastic buffer uses 4 channels per SM
Elastic buffer uses 4 channels per SM
Elastic buffer uses 4 channels per SM
Elastic buffer uses 4 channels per SM
Elastic buffer uses 4 channels per SM
Elastic buffer uses 4 channels per SM
Elastic buffer uses 4 channels per SM
Elastic buffer uses 4 channels per SM
CPU side received count (scaleup: 7): -111 -100 -104 -103 -99 -98 -87 -99 # -129 -129 -129 -129 -129 -129 -129 -129 -129 -129 -1CPU side received count (scaleup: 1): -91 -99 -100 -99 -98 -97 -96 -92 # -129 -129 -129 -129 -129 -129 -129 -129 -129 -129 -129 CPU side received count (scaleup: 3): -95 -98 -94 -111 -106 -105 -86 -95 # -129 -129 -129 -129 -129 -129 -129 -129 -129 -129 -12CPU side received count (scaleup: 6): -102 -101 -104 -89 -110 -98 -99 -98 # -129 -129 -129 -129 -129 -129 -129 -129 -129 -129 -1CPU side received count (scaleup: 0): -105 -99 -96 -95 -102 -103 -86 -90 # -129 -129 -129 -129 -129 -129 -129 -129 -129 -129 -12CPU side received count (scaleup: 5): -107 -88 -101 -98 -102 -88 -94 -92 # -129 -129 -129 -129 -129 -129 -129 -129 -129 -129 -1229 -129 -129 -129 -129 -129 
CPU side received count (scaleup: 2): -95 -99 -108 -85 -104 -97 -108 -92 # -129 -129 -129 -129 -129 -129 -129 -129 -129 -129 -1229 -129 -129 -129 -129 -129 
CPU side received count (scaleup: 4): -89 -100 -91 -99 -91 -92 -105 -92 # -129 -129 -129 -129 -129 -129 -129 -129 -129 -129 -1299 -129 -129 -129 -129 -129 
-129 -129 -129 -129 -129 
9 -129 -129 -129 -129 -129 
9 -129 -129 -129 -129 -129 
9 -129 -129 -129 -129 -129 
 -129 -129 -129 -129 -129 
Elastic buffer uses 4 channels per SM
Elastic buffer uses 4 channels per SM
Elastic buffer uses 4 channels per SM
Elastic buffer uses 4 channels per SM
Elastic buffer uses 4 channels per SM
Elastic buffer uses 4 channels per SM
Elastic buffer uses 4 channels per SM
Elastic buffer uses 4 channels per SM
CPU side received count (scaleup: 3): -95 -98 -94 -111 -106 -105 -86 -95 # -129 -129 -129 -129 -129 -129 -129 -129 -129 -129 -12CPU side received count (scaleup: 5): -107 -88 -101 -98 -102 -88 -94 -92 # -129 -129 -129 -129 -129 -129 -129 -129 -129 -129 -12CPU side received count (scaleup: 4): -89 -100 -91 -99 -91 -92 -105 -92 # -129 -129 -129 -129 -129 -129 -129 -129 -129 -129 -129CPU side received count (scaleup: 1): -91 -99 -100 -99 -98 -97 -96 -92 # -129 -129 -129 -129 -129 -129 -129 -129 -129 -129 -129 CPU side received count (scaleup: 0): -105 -99 -96 -95 -102 -103 -86 -90 # -129 -129 -129 -129 -129 -129 -129 -129 -129 -129 -12CPU side received count (scaleup: 7): -111 -100 -104 -103 -99 -98 -87 -99 # -129 -129 -129 -129 -129 -129 -129 -129 -129 -129 -1CPU side received count (scaleup: 2): -95 -99 -108 -85 -104 -97 -108 -92 # -129 -129 -129 -129 -129 -129 -129 -129 -129 -129 -12CPU side received count (scaleup: 6): -102 -101 -104 -89 -110 -98 -99 -98 # -129 -129 -129 -129 -129 -129 -129 -129 -129 -129 -1 -129 -129 -129 -129 -129 
9 -129 -129 -129 -129 -129 
9 -129 -129 -129 -129 -129 
29 -129 -129 -129 -129 -129 
9 -129 -129 -129 -129 -129 
-129 -129 -129 -129 -129 
29 -129 -129 -129 -129 -129 
9 -129 -129 -129 -129 -129 
Elastic buffer uses 4 channels per SM
Elastic buffer uses 4 channels per SM
Elastic buffer uses 4 channels per SM
Elastic buffer uses 4 channels per SM
Elastic buffer uses 4 channels per SM
Elastic buffer uses 4 channels per SM
Elastic buffer uses 4 channels per SM
Elastic buffer uses 4 channels per SM
CPU side received count (scaleup: 7): -111 -100 -104 -103 -99 -98 -87 -99 # -129 -129 -129 -129 -129 -129 -129 -129 -129 -129 -1CPU side received count (scaleup: 6): -102 -101 -104 -89 -110 -98 -99 -98 # -129 -129 -129 -129 -129 -129 -129 -129 -129 -129 -1CPU side received count (scaleup: 3): -95 -98 -94 -111 -106 -105 -86 -95 # -129 -129 -129 -129 -129 -129 -129 -129 -129 -129 -12CPU side received count (scaleup: 2): -95 -99 -108 -85 -104 -97 -108 -92 # -129 -129 -129 -129 -129 -129 -129 -129 -129 -129 -12CPU side received count (scaleup: 1): -91 -99 -100 -99 -98 -97 -96 -92 # -129 -129 -129 -129 -129 -129 -129 -129 -129 -129 -129 9 -129 -129 -129 -129 -129 
CPU side received count (scaleup: 0): -105 -99 -96 -95 -102 -103 -86 -90 # -129 -129 -129 -129 -129 -129 -129 -129 -129 -129 -12CPU side received count (scaleup: 4): -89 -100 -91 -99 -91 -92 -105 -92 # -129 -129 -129 -129 -129 -129 -129 -129 -129 -129 -129CPU side received count (scaleup: 5): -107 -88 -101 -98 -102 -88 -94 -92 # -129 -129 -129 -129 -129 -129 -129 -129 -129 -129 -129 -129 -129 -129 -129 -129 
29 -129 -129 -129 -129 -129 
29 -129 -129 -129 -129 -129 
9 -129 -129 -129 -129 -129 
-129 -129 -129 -129 -129 
 -129 -129 -129 -129 -129 
9 -129 -129 -129 -129 -129 
Elastic buffer uses 4 channels per SM
Elastic buffer uses 4 channels per SM
Elastic buffer uses 4 channels per SM
Elastic buffer uses 4 channels per SM
Elastic buffer uses 4 channels per SM
Elastic buffer uses 4 channels per SM
Elastic buffer uses 4 channels per SM
Elastic buffer uses 4 channels per SM
CPU side received count (scaleup: 4): -89 -100 -91 -99 -91 -92 -105 -92 # -129 -129 -129 -129 -129 -129 -129 -129 -129 -129 -129CPU side received count (scaleup: 2): -95 -99 -108 -85 -104 -97 -108 -92 # -129 -129 -129 -129 -129 -129 -129 -129 -129 -129 -12CPU side received count (scaleup: 7): -111 -100 -104 -103 -99 -98 -87 -99 # -129 -129 -129 -129 -129 -129 -129 -129 -129 -129 -1CPU side received count (scaleup: 6): -102 -101 -104 -89 -110 -98 -99 -98 # -129 -129 -129 -129 -129 -129 -129 -129 -129 -129 -1CPU side received count (scaleup: 5): -107 -88 -101 -98 -102 -88 -94 -92 # -129 -129 -129 -129 -129 -129 -129 -129 -129 -129 -12CPU side received count (scaleup: 1): -91 -99 -100 -99 -98 -97 -96 -92 # -129 -129 -129 -129 -129 -129 -129 -129 -129 -129 -129 CPU side received count (scaleup: 0): -105 -99 -96 -95 -102 -103 -86 -90 # -129 -129 -129 -129 -129 -129 -129 -129 -129 -129 -12CPU side received count (scaleup: 3): -95 -98 -94 -111 -106 -105 -86 -95 # -129 -129 -129 -129 -129 -129 -129 -129 -129 -129 -129 -129 -129 -129 -129 -129 
 -129 -129 -129 -129 -129 
9 -129 -129 -129 -129 -129 
29 -129 -129 -129 -129 -129 
29 -129 -129 -129 -129 -129 
9 -129 -129 -129 -129 -129 
-129 -129 -129 -129 -129 
9 -129 -129 -129 -129 -129 
Elastic buffer uses 4 channels per SM
Elastic buffer uses 4 channels per SM
Elastic buffer uses 4 channels per SM
Elastic buffer uses 4 channels per SM
Elastic buffer uses 4 channels per SM
Elastic buffer uses 4 channels per SM
Elastic buffer uses 4 channels per SM
Elastic buffer uses 4 channels per SM
CPU side received count (scaleup: 4): -89 -100 -91 -99 -91 -92 -105 -92 # -129 -129 -129 -129 -129 -129 -129 -129 -129 -129 -129CPU side received count (scaleup: 2): -95 -99 -108 -85 -104 -97 -108 -92 # -129 -129 -129 -129 -129 -129 -129 -129 -129 -129 -12CPU side received count (scaleup: 7): -111 -100 -104 -103 -99 -98 -87 -99 # -129 -129 -129 -129 -129 -129 -129 -129 -129 -129 -19 -129 -129 -129 -129 -129 
29 -129 -129 -129 -129 -129 
CPU side received count (scaleup: 6): -102 -101 -104 -89 -110 -98 -99 -98 # -129 -129 -129 -129 -129 -129 -129 -129 -129 -129 -1CPU side received count (scaleup: 5): -107 -88 -101 -98 -102 -88 -94 -92 # -129 -129 -129 -129 -129 -129 -129 -129 -129 -129 -12 -129 -129 -129 -129 -129 
CPU side received count (scaleup: 0): -105 -99 -96 -95 -102 -103 -86 -90 # -129 -129 -129 -129 -129 -129 -129 -129 -129 -129 -12CPU side received count (scaleup: 1): -91 -99 -100 -99 -98 -97 -96 -92 # -129 -129 -129 -129 -129 -129 -129 -129 -129 -129 -129 CPU side received count (scaleup: 3): -95 -98 -94 -111 -106 -105 -86 -95 # -129 -129 -129 -129 -129 -129 -129 -129 -129 -129 -129 -129 -129 -129 -129 -129 
29 -129 -129 -129 -129 -129 
9 -129 -129 -129 -129 -129 
-129 -129 -129 -129 -129 
9 -129 -129 -129 -129 -129 
Elastic buffer uses 4 channels per SM
Elastic buffer uses 4 channels per SM
Elastic buffer uses 4 channels per SM
Elastic buffer uses 4 channels per SM
Elastic buffer uses 4 channels per SM
Elastic buffer uses 4 channels per SM
Elastic buffer uses 4 channels per SM
Elastic buffer uses 4 channels per SM
CPU side received count (scaleup: 4): -89 -100 -91 -99 -91 -92 -105 -92 # -129 -129 -129 -129 -129 -129 -129 -129 -129 -129 -129CPU side received count (scaleup: 6): -102 -101 -104 -89 -110 -98 -99 -98 # -129 -129 -129 -129 -129 -129 -129 -129 -129 -129 -1CPU side received count (scaleup: 5): -107 -88 -101 -98 -102 -88 -94 -92 # -129 -129 -129 -129 -129 -129 -129 -129 -129 -129 -12 -129 -129 -129 -129 -129 
CPU side received count (scaleup: 7): -111 -100 -104 -103 -99 -98 -87 -99 # -129 -129 -129 -129 -129 -129 -129 -129 -129 -129 -1CPU side received count (scaleup: 0): -105 -99 -96 -95 -102 -103 -86 -90 # -129 -129 -129 -129 -129 -129 -129 -129 -129 -129 -12CPU side received count (scaleup: 2): -95 -99 -108 -85 -104 -97 -108 -92 # -129 -129 -129 -129 -129 -129 -129 -129 -129 -129 -12CPU side received count (scaleup: 3): -95 -98 -94 -111 -106 -105 -86 -95 # -129 -129 -129 -129 -129 -129 -129 -129 -129 -129 -1229 -129 -129 -129 -129 -129 
9 -129 -129 -129 -129 -129 
9 -129 -129 -129 -129 -129 
29 -129 -129 -129 -129 -129 
CPU side received count (scaleup: 1): -91 -99 -100 -99 -98 -97 -96 -92 # -129 -129 -129 -129 -129 -129 -129 -129 -129 -129 -129 9 -129 -129 -129 -129 -129 
9 -129 -129 -129 -129 -129 
-129 -129 -129 -129 -129 
Elastic buffer uses 4 channels per SM
Elastic buffer uses 4 channels per SM
Elastic buffer uses 4 channels per SM
Elastic buffer uses 4 channels per SM
Elastic buffer uses 4 channels per SM
Elastic buffer uses 4 channels per SM
Elastic buffer uses 4 channels per SM
Elastic buffer uses 4 channels per SM
CPU side received count (scaleup: 4): -89 -100 -91 -99 -91 -92 -105 -92 # -129 -129 -129 -129 -129 -129 -129 -129 -129 -129 -129CPU side received count (scaleup: 0): -105 -99 -96 -95 -102 -103 -86 -90 # -129 -129 -129 -129 -129 -129 -129 -129 -129 -129 -12CPU side received count (scaleup: 6): -102 -101 -104 -89 -110 -98 -99 -98 # -129 -129 -129 -129 -129 -129 -129 -129 -129 -129 -1CPU side received count (scaleup: 3): -95 -98 -94 -111 -106 -105 -86 -95 # -129 -129 -129 -129 -129 -129 -129 -129 -129 -129 -129 -129 -129 -129 -129 -129 
CPU side received count (scaleup: 1): -91 -99 -100 -99 -98 -97 -96 -92 # -129 -129 -129 -129 -129 -129 -129 -129 -129 -129 -129 CPU side received count (scaleup: 7): -111 -100 -104 -103 -99 -98 -87 -99 # -129 -129 -129 -129 -129 -129 -129 -129 -129 -129 -1-129 -129 -129 -129 -129 
29 -129 -129 -129 -129 -129 
CPU side received count (scaleup: 2): -95 -99 -108 -85 -104 -97 -108 -92 # -129 -129 -129 -129 -129 -129 -129 -129 -129 -129 -12CPU side received count (scaleup: 5): -107 -88 -101 -98 -102 -88 -94 -92 # -129 -129 -129 -129 -129 -129 -129 -129 -129 -129 -12 -129 -129 -129 -129 -129 
9 -129 -129 -129 -129 -129 
29 -129 -129 -129 -129 -129 
9 -129 -129 -129 -129 -129 
9 -129 -129 -129 -129 -129 
Elastic buffer uses 4 channels per SM
Elastic buffer uses 4 channels per SM
Elastic buffer uses 4 channels per SM
Elastic buffer uses 4 channels per SM
Elastic buffer uses 4 channels per SM
Elastic buffer uses 4 channels per SM
Elastic buffer uses 4 channels per SM
Elastic buffer uses 4 channels per SM
CPU side received count (scaleup: 3): -95 -98 -94 -111 -106 -105 -86 -95 # -129 -129 -129 -129 -129 -129 -129 -129 -129 -129 -12CPU side received count (scaleup: 6): -102 -101 -104 -89 -110 -98 -99 -98 # -129 -129 -129 -129 -129 -129 -129 -129 -129 -129 -1CPU side received count (scaleup: 7): -111 -100 -104 -103 -99 -98 -87 -99 # -129 -129 -129 -129 -129 -129 -129 -129 -129 -129 -1CPU side received count (scaleup: 0): -105 -99 -96 -95 -102 -103 -86 -90 # -129 -129 -129 -129 -129 -129 -129 -129 -129 -129 -12CPU side received count (scaleup: 4): -89 -100 -91 -99 -91 -92 -105 -92 # -129 -129 -129 -129 -129 -129 -129 -129 -129 -129 -129 -129 -129 -129 -129 -129 
9 -129 -129 -129 -129 -129 
29 -129 -129 -129 -129 -129 
CPU side received count (scaleup: 2): -95 -99 -108 -85 -104 -97 -108 -92 # -129 -129 -129 -129 -129 -129 -129 -129 -129 -129 -12CPU side received count (scaleup: 5): -107 -88 -101 -98 -102 -88 -94 -92 # -129 -129 -129 -129 -129 -129 -129 -129 -129 -129 -129 -129 -129 -129 -129 -129 
9 -129 -129 -129 -129 -129 
CPU side received count (scaleup: 1): -91 -99 -100 -99 -98 -97 -96 -92 # -129 -129 -129 -129 -129 -129 -129 -129 -129 -129 -129 9 -129 -129 -129 -129 -129 
29 -129 -129 -129 -129 -129 
-129 -129 -129 -129 -129 
Elastic buffer uses 4 channels per SM
Elastic buffer uses 4 channels per SM
Elastic buffer uses 4 channels per SM
Elastic buffer uses 4 channels per SM
Elastic buffer uses 4 channels per SM
Elastic buffer uses 4 channels per SM
Elastic buffer uses 4 channels per SM
Elastic buffer uses 4 channels per SM
CPU side received count (scaleup: 4): -89 -100 -91 -99 -91 -92 -105 -92 # -129 -129 -129 -129 -129 -129 -129 -129 -129 -129 -129CPU side received count (scaleup: 1): -91 -99 -100 -99 -98 -97 -96 -92 # -129 -129 -129 -129 -129 -129 -129 -129 -129 -129 -129 CPU side received count (scaleup: 6): -102 -101 -104 -89 -110 -98 -99 -98 # -129 -129 -129 -129 -129 -129 -129 -129 -129 -129 -1CPU side received count (scaleup: 2): -95 -99 -108 -85 -104 -97 -108 -92 # -129 -129 -129 -129 -129 -129 -129 -129 -129 -129 -12CPU side received count (scaleup: 3): -95 -98 -94 -111 -106 -105 -86 -95 # -129 -129 -129 -129 -129 -129 -129 -129 -129 -129 -12CPU side received count (scaleup: 0): -105 -99 -96 -95 -102 -103 -86 -90 # -129 -129 -129 -129 -129 -129 -129 -129 -129 -129 -12CPU side received count (scaleup: 5): -107 -88 -101 -98 -102 -88 -94 -92 # -129 -129 -129 -129 -129 -129 -129 -129 -129 -129 -129 -129 -129 -129 -129 -129 
CPU side received count (scaleup: 7): -111 -100 -104 -103 -99 -98 -87 -99 # -129 -129 -129 -129 -129 -129 -129 -129 -129 -129 -19 -129 -129 -129 -129 -129 
 -129 -129 -129 -129 -129 
-129 -129 -129 -129 -129 
29 -129 -129 -129 -129 -129 
9 -129 -129 -129 -129 -129 
9 -129 -129 -129 -129 -129 
29 -129 -129 -129 -129 -129 
Elastic buffer uses 4 channels per SM
Elastic buffer uses 4 channels per SM
Elastic buffer uses 4 channels per SM
Elastic buffer uses 4 channels per SM
Elastic buffer uses 4 channels per SM
Elastic buffer uses 4 channels per SM
Elastic buffer uses 4 channels per SM
Elastic buffer uses 4 channels per SM
CPU side received count (scaleup: 7): -111 -100 -104 -103 -99 -98 -87 -99 # -129 -129 -129 -129 -129 -129 -129 -129 -129 -129 -1CPU side received count (scaleup: 4): -89 -100 -91 -99 -91 -92 -105 -92 # -129 -129 -129 -129 -129 -129 -129 -129 -129 -129 -129CPU side received count (scaleup: 5): -107 -88 -101 -98 -102 -88 -94 -92 # -129 -129 -129 -129 -129 -129 -129 -129 -129 -129 -12CPU side received count (scaleup: 3): -95 -98 -94 -111 -106 -105 -86 -95 # -129 -129 -129 -129 -129 -129 -129 -129 -129 -129 -12 -129 -129 -129 -129 -129 
9 -129 -129 -129 -129 -129 
CPU side received count (scaleup: 2): -95 -99 -108 -85 -104 -97 -108 -92 # -129 -129 -129 -129 -129 -129 -129 -129 -129 -129 -129 -129 -129 -129 -129 -129 
29 -129 -129 -129 -129 -129 
CPU side received count (scaleup: 1): -91 -99 -100 -99 -98 -97 -96 -92 # -129 -129 -129 -129 -129 -129 -129 -129 -129 -129 -129 CPU side received count (scaleup: 6): -102 -101 -104 -89 -110 -98 -99 -98 # -129 -129 -129 -129 -129 -129 -129 -129 -129 -129 -1CPU side received count (scaleup: 0): -105 -99 -96 -95 -102 -103 -86 -90 # -129 -129 -129 -129 -129 -129 -129 -129 -129 -129 -1229 -129 -129 -129 -129 -129 
9 -129 -129 -129 -129 -129 
-129 -129 -129 -129 -129 
9 -129 -129 -129 -129 -129 
Elastic buffer uses 4 channels per SM
Elastic buffer uses 4 channels per SM
Elastic buffer uses 4 channels per SM
Elastic buffer uses 4 channels per SM
Elastic buffer uses 4 channels per SM
Elastic buffer uses 4 channels per SM
Elastic buffer uses 4 channels per SM
Elastic buffer uses 4 channels per SM
CPU side received count (scaleup: 6): -102 -101 -104 -89 -110 -98 -99 -98 # -129 -129 -129 -129 -129 -129 -129 -129 -129 -129 -1CPU side received count (scaleup: 4): -89 -100 -91 -99 -91 -92 -105 -92 # -129 -129 -129 -129 -129 -129 -129 -129 -129 -129 -129CPU side received count (scaleup: 5): -107 -88 -101 -98 -102 -88 -94 -92 # -129 -129 -129 -129 -129 -129 -129 -129 -129 -129 -12CPU side received count (scaleup: 7): -111 -100 -104 -103 -99 -98 -87 -99 # -129 -129 -129 -129 -129 -129 -129 -129 -129 -129 -1CPU side received count (scaleup: 0): -105 -99 -96 -95 -102 -103 -86 -90 # -129 -129 -129 -129 -129 -129 -129 -129 -129 -129 -12CPU side received count (scaleup: 1): -91 -99 -100 -99 -98 -97 -96 -92 # -129 -129 -129 -129 -129 -129 -129 -129 -129 -129 -129 29 -129 -129 -129 -129 -129 
CPU side received count (scaleup: 3): -95 -98 -94 -111 -106 -105 -86 -95 # -129 -129 -129 -129 -129 -129 -129 -129 -129 -129 -12CPU side received count (scaleup: 2): -95 -99 -108 -85 -104 -97 -108 -92 # -129 -129 -129 -129 -129 -129 -129 -129 -129 -129 -129 -129 -129 -129 -129 -129 
 -129 -129 -129 -129 -129 
9 -129 -129 -129 -129 -129 
29 -129 -129 -129 -129 -129 
-129 -129 -129 -129 -129 
9 -129 -129 -129 -129 -129 
9 -129 -129 -129 -129 -129 
Elastic buffer uses 4 channels per SM
Elastic buffer uses 4 channels per SM
Elastic buffer uses 4 channels per SM
Elastic buffer uses 4 channels per SM
Elastic buffer uses 4 channels per SM
Elastic buffer uses 4 channels per SM
Elastic buffer uses 4 channels per SM
Elastic buffer uses 4 channels per SM
CPU side received count (scaleup: 7): -111 -100 -104 -103 -99 -98 -87 -99 # -129 -129 -129 -129 -129 -129 -129 -129 -129 -129 -1CPU side received count (scaleup: 6): -102 -101 -104 -89 -110 -98 -99 -98 # -129 -129 -129 -129 -129 -129 -129 -129 -129 -129 -1CPU side received count (scaleup: 3): -95 -98 -94 -111 -106 -105 -86 -95 # -129 -129 -129 -129 -129 -129 -129 -129 -129 -129 -12CPU side received count (scaleup: 2): -95 -99 -108 -85 -104 -97 -108 -92 # -129 -129 -129 -129 -129 -129 -129 -129 -129 -129 -1229 -129 -129 -129 -129 -129 
CPU side received count (scaleup: 4): -89 -100 -91 -99 -91 -92 -105 -92 # -129 -129 -129 -129 -129 -129 -129 -129 -129 -129 -1299 -129 -129 -129 -129 -129 
CPU side received count (scaleup: 5): -107 -88 -101 -98 -102 -88 -94 -92 # -129 -129 -129 -129 -129 -129 -129 -129 -129 -129 -12CPU side received count (scaleup: 1): -91 -99 -100 -99 -98 -97 -96 -92 # -129 -129 -129 -129 -129 -129 -129 -129 -129 -129 -129 CPU side received count (scaleup: 0): -105 -99 -96 -95 -102 -103 -86 -90 # -129 -129 -129 -129 -129 -129 -129 -129 -129 -129 -129 -129 -129 -129 -129 -129 
29 -129 -129 -129 -129 -129 
9 -129 -129 -129 -129 -129 
 -129 -129 -129 -129 -129 
9 -129 -129 -129 -129 -129 
-129 -129 -129 -129 -129 
Elastic buffer uses 4 channels per SM
Elastic buffer uses 4 channels per SM
Elastic buffer uses 4 channels per SM
Elastic buffer uses 4 channels per SM
Elastic buffer uses 4 channels per SM
Elastic buffer uses 4 channels per SM
Elastic buffer uses 4 channels per SM
Elastic buffer uses 4 channels per SM
CPU side received count (scaleup: 3): -95 -98 -94 -111 -106 -105 -86 -95 # -129 -129 -129 -129 -129 -129 -129 -129 -129 -129 -12CPU side received count (scaleup: 6): -102 -101 -104 -89 -110 -98 -99 -98 # -129 -129 -129 -129 -129 -129 -129 -129 -129 -129 -1CPU side received count (scaleup: 1): -91 -99 -100 -99 -98 -97 -96 -92 # -129 -129 -129 -129 -129 -129 -129 -129 -129 -129 -129 CPU side received count (scaleup: 0): -105 -99 -96 -95 -102 -103 -86 -90 # -129 -129 -129 -129 -129 -129 -129 -129 -129 -129 -12CPU side received count (scaleup: 7): -111 -100 -104 -103 -99 -98 -87 -99 # -129 -129 -129 -129 -129 -129 -129 -129 -129 -129 -1CPU side received count (scaleup: 4): -89 -100 -91 -99 -91 -92 -105 -92 # -129 -129 -129 -129 -129 -129 -129 -129 -129 -129 -129CPU side received count (scaleup: 5): -107 -88 -101 -98 -102 -88 -94 -92 # -129 -129 -129 -129 -129 -129 -129 -129 -129 -129 -12CPU side received count (scaleup: 2): -95 -99 -108 -85 -104 -97 -108 -92 # -129 -129 -129 -129 -129 -129 -129 -129 -129 -129 -129 -129 -129 -129 -129 -129 
9 -129 -129 -129 -129 -129 
 -129 -129 -129 -129 -129 
29 -129 -129 -129 -129 -129 
-129 -129 -129 -129 -129 
9 -129 -129 -129 -129 -129 
29 -129 -129 -129 -129 -129 
9 -129 -129 -129 -129 -129 
Elastic buffer uses 4 channels per SM
Elastic buffer uses 4 channels per SM
Elastic buffer uses 4 channels per SM
Elastic buffer uses 4 channels per SM
Elastic buffer uses 4 channels per SM
Elastic buffer uses 4 channels per SM
Elastic buffer uses 4 channels per SM
Elastic buffer uses 4 channels per SM
CPU side received count (scaleup: 4): -89 -100 -91 -99 -91 -92 -105 -92 # -129 -129 -129 -129 -129 -129 -129 -129 -129 -129 -129CPU side received count (scaleup: 0): -105 -99 -96 -95 -102 -103 -86 -90 # -129 -129 -129 -129 -129 -129 -129 -129 -129 -129 -12CPU side received count (scaleup: 7): -111 -100 -104 -103 -99 -98 -87 -99 # -129 -129 -129 -129 -129 -129 -129 -129 -129 -129 -1 -129 -129 -129 -129 -129 
9 -129 -129 -129 -129 -129 
CPU side received count (scaleup: 2): -95 -99 -108 -85 -104 -97 -108 -92 # -129 -129 -129 -129 -129 -129 -129 -129 -129 -129 -12CPU side received count (scaleup: 6): -102 -101 -104 -89 -110 -98 -99 -98 # -129 -129 -129 -129 -129 -129 -129 -129 -129 -129 -1CPU side received count (scaleup: 1): -91 -99 -100 -99 -98 -97 -96 -92 # -129 -129 -129 -129 -129 -129 -129 -129 -129 -129 -129 CPU side received count (scaleup: 3): -95 -98 -94 -111 -106 -105 -86 -95 # -129 -129 -129 -129 -129 -129 -129 -129 -129 -129 -12CPU side received count (scaleup: 5): -107 -88 -101 -98 -102 -88 -94 -92 # -129 -129 -129 -129 -129 -129 -129 -129 -129 -129 -1229 -129 -129 -129 -129 -129 
9 -129 -129 -129 -129 -129 
29 -129 -129 -129 -129 -129 
-129 -129 -129 -129 -129 
9 -129 -129 -129 -129 -129 
9 -129 -129 -129 -129 -129 
Elastic buffer uses 4 channels per SM
Elastic buffer uses 4 channels per SM
Elastic buffer uses 4 channels per SM
Elastic buffer uses 4 channels per SM
Elastic buffer uses 4 channels per SM
Elastic buffer uses 4 channels per SM
Elastic buffer uses 4 channels per SM
Elastic buffer uses 4 channels per SM
CPU side received count (scaleup: 2): -95 -99 -108 -85 -104 -97 -108 -92 # -129 -129 -129 -129 -129 -129 -129 -129 -129 -129 -12CPU side received count (scaleup: 0): -105 -99 -96 -95 -102 -103 -86 -90 # -129 -129 -129 -129 -129 -129 -129 -129 -129 -129 -12CPU side received count (scaleup: 4): -89 -100 -91 -99 -91 -92 -105 -92 # -129 -129 -129 -129 -129 -129 -129 -129 -129 -129 -129CPU side received count (scaleup: 5): -107 -88 -101 -98 -102 -88 -94 -92 # -129 -129 -129 -129 -129 -129 -129 -129 -129 -129 -12CPU side received count (scaleup: 3): -95 -98 -94 -111 -106 -105 -86 -95 # -129 -129 -129 -129 -129 -129 -129 -129 -129 -129 -129 -129 -129 -129 -129 -129 
CPU side received count (scaleup: 6): -102 -101 -104 -89 -110 -98 -99 -98 # -129 -129 -129 -129 -129 -129 -129 -129 -129 -129 -1CPU side received count (scaleup: 1): -91 -99 -100 -99 -98 -97 -96 -92 # -129 -129 -129 -129 -129 -129 -129 -129 -129 -129 -129 CPU side received count (scaleup: 7): -111 -100 -104 -103 -99 -98 -87 -99 # -129 -129 -129 -129 -129 -129 -129 -129 -129 -129 -129 -129 -129 -129 -129 -129 
9 -129 -129 -129 -129 -129 
9 -129 -129 -129 -129 -129 
 -129 -129 -129 -129 -129 
9 -129 -129 -129 -129 -129 
-129 -129 -129 -129 -129 
29 -129 -129 -129 -129 -129 
Elastic buffer uses 4 channels per SM
Elastic buffer uses 4 channels per SM
Elastic buffer uses 4 channels per SM
Elastic buffer uses 4 channels per SM
Elastic buffer uses 4 channels per SM
Elastic buffer uses 4 channels per SM
Elastic buffer uses 4 channels per SM
Elastic buffer uses 4 channels per SM
CPU side received count (scaleup: 3): -95 -98 -94 -111 -106 -105 -86 -95 # -129 -129 -129 -129 -129 -129 -129 -129 -129 -129 -12CPU side received count (scaleup: 4): -89 -100 -91 -99 -91 -92 -105 -92 # -129 -129 -129 -129 -129 -129 -129 -129 -129 -129 -129CPU side received count (scaleup: 7): -111 -100 -104 -103 -99 -98 -87 -99 # -129 -129 -129 -129 -129 -129 -129 -129 -129 -129 -1CPU side received count (scaleup: 0): -105 -99 -96 -95 -102 -103 -86 -90 # -129 -129 -129 -129 -129 -129 -129 -129 -129 -129 -12 -129 -129 -129 -129 -129 
CPU side received count (scaleup: 6): -102 -101 -104 -89 -110 -98 -99 -98 # -129 -129 -129 -129 -129 -129 -129 -129 -129 -129 -1CPU side received count (scaleup: 2): -95 -99 -108 -85 -104 -97 -108 -92 # -129 -129 -129 -129 -129 -129 -129 -129 -129 -129 -12CPU side received count (scaleup: 5): -107 -88 -101 -98 -102 -88 -94 -92 # -129 -129 -129 -129 -129 -129 -129 -129 -129 -129 -12CPU side received count (scaleup: 1): -91 -99 -100 -99 -98 -97 -96 -92 # -129 -129 -129 -129 -129 -129 -129 -129 -129 -129 -129 9 -129 -129 -129 -129 -129 
9 -129 -129 -129 -129 -129 
29 -129 -129 -129 -129 -129 
29 -129 -129 -129 -129 -129 
9 -129 -129 -129 -129 -129 
9 -129 -129 -129 -129 -129 
-129 -129 -129 -129 -129 
Elastic buffer uses 4 channels per SM
Elastic buffer uses 4 channels per SM
Elastic buffer uses 4 channels per SM
Elastic buffer uses 4 channels per SM
Elastic buffer uses 4 channels per SM
Elastic buffer uses 4 channels per SM
Elastic buffer uses 4 channels per SM
Elastic buffer uses 4 channels per SM
CPU side received count (scaleup: 6): -102 -101 -104 -89 -110 -98 -99 -98 # -129 -129 -129 -129 -129 -129 -129 -129 -129 -129 -1CPU side received count (scaleup: 3): -95 -98 -94 -111 -106 -105 -86 -95 # -129 -129 -129 -129 -129 -129 -129 -129 -129 -129 -12CPU side received count (scaleup: 5): -107 -88 -101 -98 -102 -88 -94 -92 # -129 -129 -129 -129 -129 -129 -129 -129 -129 -129 -12CPU side received count (scaleup: 2): -95 -99 -108 -85 -104 -97 -108 -92 # -129 -129 -129 -129 -129 -129 -129 -129 -129 -129 -12CPU side received count (scaleup: 7): -111 -100 -104 -103 -99 -98 -87 -99 # -129 -129 -129 -129 -129 -129 -129 -129 -129 -129 -1CPU side received count (scaleup: 4): -89 -100 -91 -99 -91 -92 -105 -92 # -129 -129 -129 -129 -129 -129 -129 -129 -129 -129 -129CPU side received count (scaleup: 1): -91 -99 -100 -99 -98 -97 -96 -92 # -129 -129 -129 -129 -129 -129 -129 -129 -129 -129 -129 29 -129 -129 -129 -129 -129 
CPU side received count (scaleup: 0): -105 -99 -96 -95 -102 -103 -86 -90 # -129 -129 -129 -129 -129 -129 -129 -129 -129 -129 -1229 -129 -129 -129 -129 -129 
9 -129 -129 -129 -129 -129 
9 -129 -129 -129 -129 -129 
9 -129 -129 -129 -129 -129 
 -129 -129 -129 -129 -129 
-129 -129 -129 -129 -129 
9 -129 -129 -129 -129 -129 
Elastic buffer uses 4 channels per SM
Elastic buffer uses 4 channels per SM
Elastic buffer uses 4 channels per SM
Elastic buffer uses 4 channels per SM
Elastic buffer uses 4 channels per SM
Elastic buffer uses 4 channels per SM
Elastic buffer uses 4 channels per SM
Elastic buffer uses 4 channels per SM
CPU side received count (scaleup: 6): -102 -101 -104 -89 -110 -98 -99 -98 # -129 -129 -129 -129 -129 -129 -129 -129 -129 -129 -1CPU side received count (scaleup: 7): -111 -100 -104 -103 -99 -98 -87 -99 # -129 -129 -129 -129 -129 -129 -129 -129 -129 -129 -1CPU side received count (scaleup: 3): -95 -98 -94 -111 -106 -105 -86 -95 # -129 -129 -129 -129 -129 -129 -129 -129 -129 -129 -12CPU side received count (scaleup: 2): -95 -99 -108 -85 -104 -97 -108 -92 # -129 -129 -129 -129 -129 -129 -129 -129 -129 -129 -12CPU side received count (scaleup: 4): -89 -100 -91 -99 -91 -92 -105 -92 # -129 -129 -129 -129 -129 -129 -129 -129 -129 -129 -129CPU side received count (scaleup: 0): -105 -99 -96 -95 -102 -103 -86 -90 # -129 -129 -129 -129 -129 -129 -129 -129 -129 -129 -12CPU side received count (scaleup: 1): -91 -99 -100 -99 -98 -97 -96 -92 # -129 -129 -129 -129 -129 -129 -129 -129 -129 -129 -129 CPU side received count (scaleup: 5): -107 -88 -101 -98 -102 -88 -94 -92 # -129 -129 -129 -129 -129 -129 -129 -129 -129 -129 -1229 -129 -129 -129 -129 -129 
29 -129 -129 -129 -129 -129 
 -129 -129 -129 -129 -129 
9 -129 -129 -129 -129 -129 
9 -129 -129 -129 -129 -129 
9 -129 -129 -129 -129 -129 
9 -129 -129 -129 -129 -129 
-129 -129 -129 -129 -129 
Elastic buffer uses 4 channels per SM
Elastic buffer uses 4 channels per SM
Elastic buffer uses 4 channels per SM
Elastic buffer uses 4 channels per SM
Elastic buffer uses 4 channels per SM
Elastic buffer uses 4 channels per SM
Elastic buffer uses 4 channels per SM
Elastic buffer uses 4 channels per SM
CPU side received count (scaleup: 3): -95 -98 -94 -111 -106 -105 -86 -95 # -129 -129 -129 -129 -129 -129 -129 -129 -129 -129 -12CPU side received count (scaleup: 5): -107 -88 -101 -98 -102 -88 -94 -92 # -129 -129 -129 -129 -129 -129 -129 -129 -129 -129 -12CPU side received count (scaleup: 0): -105 -99 -96 -95 -102 -103 -86 -90 # -129 -129 -129 -129 -129 -129 -129 -129 -129 -129 -12CPU side received count (scaleup: 7): -111 -100 -104 -103 -99 -98 -87 -99 # -129 -129 -129 -129 -129 -129 -129 -129 -129 -129 -1CPU side received count (scaleup: 1): -91 -99 -100 -99 -98 -97 -96 -92 # -129 -129 -129 -129 -129 -129 -129 -129 -129 -129 -129 CPU side received count (scaleup: 4): -89 -100 -91 -99 -91 -92 -105 -92 # -129 -129 -129 -129 -129 -129 -129 -129 -129 -129 -129CPU side received count (scaleup: 6): -102 -101 -104 -89 -110 -98 -99 -98 # -129 -129 -129 -129 -129 -129 -129 -129 -129 -129 -1CPU side received count (scaleup: 2): -95 -99 -108 -85 -104 -97 -108 -92 # -129 -129 -129 -129 -129 -129 -129 -129 -129 -129 -129 -129 -129 -129 -129 -129 
9 -129 -129 -129 -129 -129 
29 -129 -129 -129 -129 -129 
9 -129 -129 -129 -129 -129 
29 -129 -129 -129 -129 -129 
-129 -129 -129 -129 -129 
 -129 -129 -129 -129 -129 
9 -129 -129 -129 -129 -129 
Elastic buffer uses 4 channels per SM
Elastic buffer uses 4 channels per SM
Elastic buffer uses 4 channels per SM
Elastic buffer uses 4 channels per SM
Elastic buffer uses 4 channels per SM
Elastic buffer uses 4 channels per SM
Elastic buffer uses 4 channels per SM
Elastic buffer uses 4 channels per SM
CPU side received count (scaleup: 4): -89 -100 -91 -99 -91 -92 -105 -92 # -129 -129 -129 -129 -129 -129 -129 -129 -129 -129 -129CPU side received count (scaleup: 7): -111 -100 -104 -103 -99 -98 -87 -99 # -129 -129 -129 -129 -129 -129 -129 -129 -129 -129 -1CPU side received count (scaleup: 3): -95 -98 -94 -111 -106 -105 -86 -95 # -129 -129 -129 -129 -129 -129 -129 -129 -129 -129 -12CPU side received count (scaleup: 2): -95 -99 -108 -85 -104 -97 -108 -92 # -129 -129 -129 -129 -129 -129 -129 -129 -129 -129 -12CPU side received count (scaleup: 5): -107 -88 -101 -98 -102 -88 -94 -92 # -129 -129 -129 -129 -129 -129 -129 -129 -129 -129 -12 -129 -129 -129 -129 -129 
29 -129 -129 -129 -129 -129 
CPU side received count (scaleup: 1): -91 -99 -100 -99 -98 -97 -96 -92 # -129 -129 -129 -129 -129 -129 -129 -129 -129 -129 -129 CPU side received count (scaleup: 0): -105 -99 -96 -95 -102 -103 -86 -90 # -129 -129 -129 -129 -129 -129 -129 -129 -129 -129 -12CPU side received count (scaleup: 6): -102 -101 -104 -89 -110 -98 -99 -98 # -129 -129 -129 -129 -129 -129 -129 -129 -129 -129 -19 -129 -129 -129 -129 -129 
9 -129 -129 -129 -129 -129 
9 -129 -129 -129 -129 -129 
-129 -129 -129 -129 -129 
9 -129 -129 -129 -129 -129 
29 -129 -129 -129 -129 -129 
Elastic buffer uses 4 channels per SM
Elastic buffer uses 4 channels per SM
Elastic buffer uses 4 channels per SM
Elastic buffer uses 4 channels per SM
Elastic buffer uses 4 channels per SM
Elastic buffer uses 4 channels per SM
Elastic buffer uses 4 channels per SM
Elastic buffer uses 4 channels per SM
CPU side received count (scaleup: 7): -111 -100 -104 -103 -99 -98 -87 -99 # -129 -129 -129 -129 -129 -129 -129 -129 -129 -129 -1CPU side received count (scaleup: 6): -102 -101 -104 -89 -110 -98 -99 -98 # -129 -129 -129 -129 -129 -129 -129 -129 -129 -129 -1CPU side received count (scaleup: 2): -95 -99 -108 -85 -104 -97 -108 -92 # -129 -129 -129 -129 -129 -129 -129 -129 -129 -129 -12CPU side received count (scaleup: 4): -89 -100 -91 -99 -91 -92 -105 -92 # -129 -129 -129 -129 -129 -129 -129 -129 -129 -129 -12929 -129 -129 -129 -129 -129 
CPU side received count (scaleup: 5): -107 -88 -101 -98 -102 -88 -94 -92 # -129 -129 -129 -129 -129 -129 -129 -129 -129 -129 -12 -129 -129 -129 -129 -129 
CPU side received count (scaleup: 0): -105 -99 -96 -95 -102 -103 -86 -90 # -129 -129 -129 -129 -129 -129 -129 -129 -129 -129 -12CPU side received count (scaleup: 3): -95 -98 -94 -111 -106 -105 -86 -95 # -129 -129 -129 -129 -129 -129 -129 -129 -129 -129 -12CPU side received count (scaleup: 1): -91 -99 -100 -99 -98 -97 -96 -92 # -129 -129 -129 -129 -129 -129 -129 -129 -129 -129 -129 29 -129 -129 -129 -129 -129 
9 -129 -129 -129 -129 -129 
9 -129 -129 -129 -129 -129 
-129 -129 -129 -129 -129 
9 -129 -129 -129 -129 -129 
9 -129 -129 -129 -129 -129 
Elastic buffer uses 4 channels per SM
Elastic buffer uses 4 channels per SM
Elastic buffer uses 4 channels per SM
Elastic buffer uses 4 channels per SM
Elastic buffer uses 4 channels per SM
Elastic buffer uses 4 channels per SM
Elastic buffer uses 4 channels per SM
Elastic buffer uses 4 channels per SM
CPU side received count (scaleup: 7): -111 -100 -104 -103 -99 -98 -87 -99 # -129 -129 -129 -129 -129 -129 -129 -129 -129 -129 -1CPU side received count (scaleup: 0): -105 -99 -96 -95 -102 -103 -86 -90 # -129 -129 -129 -129 -129 -129 -129 -129 -129 -129 -12CPU side received count (scaleup: 1): -91 -99 -100 -99 -98 -97 -96 -92 # -129 -129 -129 -129 -129 -129 -129 -129 -129 -129 -129 CPU side received count (scaleup: 4): -89 -100 -91 -99 -91 -92 -105 -92 # -129 -129 -129 -129 -129 -129 -129 -129 -129 -129 -129CPU side received count (scaleup: 5): -107 -88 -101 -98 -102 -88 -94 -92 # -129 -129 -129 -129 -129 -129 -129 -129 -129 -129 -12CPU side received count (scaleup: 6): -102 -101 -104 -89 -110 -98 -99 -98 # -129 -129 -129 -129 -129 -129 -129 -129 -129 -129 -129 -129 -129 -129 -129 -129 
CPU side received count (scaleup: 3): -95 -98 -94 -111 -106 -105 -86 -95 # -129 -129 -129 -129 -129 -129 -129 -129 -129 -129 -12CPU side received count (scaleup: 2): -95 -99 -108 -85 -104 -97 -108 -92 # -129 -129 -129 -129 -129 -129 -129 -129 -129 -129 -12-129 -129 -129 -129 -129 
 -129 -129 -129 -129 -129 
9 -129 -129 -129 -129 -129 
9 -129 -129 -129 -129 -129 
29 -129 -129 -129 -129 -129 
9 -129 -129 -129 -129 -129 
9 -129 -129 -129 -129 -129 
Elastic buffer uses 4 channels per SM
Elastic buffer uses 4 channels per SM
Elastic buffer uses 4 channels per SM
Elastic buffer uses 4 channels per SM
Elastic buffer uses 4 channels per SM
Elastic buffer uses 4 channels per SM
Elastic buffer uses 4 channels per SM
Elastic buffer uses 4 channels per SM
CPU side received count (scaleup: 2): -95 -99 -108 -85 -104 -97 -108 -92 # -129 -129 -129 -129 -129 -129 -129 -129 -129 -129 -12CPU side received count (scaleup: 6): -102 -101 -104 -89 -110 -98 -99 -98 # -129 -129 -129 -129 -129 -129 -129 -129 -129 -129 -1CPU side received count (scaleup: 0): -105 -99 -96 -95 -102 -103 -86 -90 # -129 -129 -129 -129 -129 -129 -129 -129 -129 -129 -12CPU side received count (scaleup: 4): -89 -100 -91 -99 -91 -92 -105 -92 # -129 -129 -129 -129 -129 -129 -129 -129 -129 -129 -129CPU side received count (scaleup: 3): -95 -98 -94 -111 -106 -105 -86 -95 # -129 -129 -129 -129 -129 -129 -129 -129 -129 -129 -12CPU side received count (scaleup: 1): -91 -99 -100 -99 -98 -97 -96 -92 # -129 -129 -129 -129 -129 -129 -129 -129 -129 -129 -129 9 -129 -129 -129 -129 -129 
CPU side received count (scaleup: 5): -107 -88 -101 -98 -102 -88 -94 -92 # -129 -129 -129 -129 -129 -129 -129 -129 -129 -129 -12CPU side received count (scaleup: 7): -111 -100 -104 -103 -99 -98 -87 -99 # -129 -129 -129 -129 -129 -129 -129 -129 -129 -129 -19 -129 -129 -129 -129 -129 
29 -129 -129 -129 -129 -129 
 -129 -129 -129 -129 -129 
9 -129 -129 -129 -129 -129 
-129 -129 -129 -129 -129 
29 -129 -129 -129 -129 -129 
9 -129 -129 -129 -129 -129 
Elastic buffer uses 4 channels per SM
Elastic buffer uses 4 channels per SM
Elastic buffer uses 4 channels per SM
Elastic buffer uses 4 channels per SM
Elastic buffer uses 4 channels per SM
Elastic buffer uses 4 channels per SM
Elastic buffer uses 4 channels per SM
Elastic buffer uses 4 channels per SM
CPU side received count (scaleup: 7): -111 -100 -104 -103 -99 -98 -87 -99 # -129 -129 -129 -129 -129 -129 -129 -129 -129 -129 -1CPU side received count (scaleup: 0): -105 -99 -96 -95 -102 -103 -86 -90 # -129 -129 -129 -129 -129 -129 -129 -129 -129 -129 -12CPU side received count (scaleup: 1): -91 -99 -100 -99 -98 -97 -96 -92 # -129 -129 -129 -129 -129 -129 -129 -129 -129 -129 -129 CPU side received count (scaleup: 2): -95 -99 -108 -85 -104 -97 -108 -92 # -129 -129 -129 -129 -129 -129 -129 -129 -129 -129 -129 -129 -129 -129 -129 -129 
CPU side received count (scaleup: 3): -95 -98 -94 -111 -106 -105 -86 -95 # -129 -129 -129 -129 -129 -129 -129 -129 -129 -129 -12-129 -129 -129 -129 -129 
CPU side received count (scaleup: 5): -107 -88 -101 -98 -102 -88 -94 -92 # -129 -129 -129 -129 -129 -129 -129 -129 -129 -129 -12CPU side received count (scaleup: 4): -89 -100 -91 -99 -91 -92 -105 -92 # -129 -129 -129 -129 -129 -129 -129 -129 -129 -129 -129CPU side received count (scaleup: 6): -102 -101 -104 -89 -110 -98 -99 -98 # -129 -129 -129 -129 -129 -129 -129 -129 -129 -129 -129 -129 -129 -129 -129 -129 
9 -129 -129 -129 -129 -129 
9 -129 -129 -129 -129 -129 
9 -129 -129 -129 -129 -129 
 -129 -129 -129 -129 -129 
29 -129 -129 -129 -129 -129 
Elastic buffer uses 4 channels per SM
Elastic buffer uses 4 channels per SM
Elastic buffer uses 4 channels per SM
Elastic buffer uses 4 channels per SM
Elastic buffer uses 4 channels per SM
Elastic buffer uses 4 channels per SM
Elastic buffer uses 4 channels per SM
Elastic buffer uses 4 channels per SM
CPU side received count (scaleup: 3): -95 -98 -94 -111 -106 -105 -86 -95 # -129 -129 -129 -129 -129 -129 -129 -129 -129 -129 -12CPU side received count (scaleup: 1): -91 -99 -100 -99 -98 -97 -96 -92 # -129 -129 -129 -129 -129 -129 -129 -129 -129 -129 -129 CPU side received count (scaleup: 2): -95 -99 -108 -85 -104 -97 -108 -92 # -129 -129 -129 -129 -129 -129 -129 -129 -129 -129 -12CPU side received count (scaleup: 7): -111 -100 -104 -103 -99 -98 -87 -99 # -129 -129 -129 -129 -129 -129 -129 -129 -129 -129 -1CPU side received count (scaleup: 0): -105 -99 -96 -95 -102 -103 -86 -90 # -129 -129 -129 -129 -129 -129 -129 -129 -129 -129 -12CPU side received count (scaleup: 4): -89 -100 -91 -99 -91 -92 -105 -92 # -129 -129 -129 -129 -129 -129 -129 -129 -129 -129 -129-129 -129 -129 -129 -129 
29 -129 -129 -129 -129 -129 
CPU side received count (scaleup: 6): -102 -101 -104 -89 -110 -98 -99 -98 # -129 -129 -129 -129 -129 -129 -129 -129 -129 -129 -1CPU side received count (scaleup: 5): -107 -88 -101 -98 -102 -88 -94 -92 # -129 -129 -129 -129 -129 -129 -129 -129 -129 -129 -129 -129 -129 -129 -129 -129 
9 -129 -129 -129 -129 -129 
9 -129 -129 -129 -129 -129 
 -129 -129 -129 -129 -129 
29 -129 -129 -129 -129 -129 
9 -129 -129 -129 -129 -129 
Elastic buffer uses 4 channels per SM
Elastic buffer uses 4 channels per SM
Elastic buffer uses 4 channels per SM
Elastic buffer uses 4 channels per SM
Elastic buffer uses 4 channels per SM
Elastic buffer uses 4 channels per SM
Elastic buffer uses 4 channels per SM
Elastic buffer uses 4 channels per SM
CPU side received count (scaleup: 3): -95 -98 -94 -111 -106 -105 -86 -95 # -129 -129 -129 -129 -129 -129 -129 -129 -129 -129 -12CPU side received count (scaleup: 0): -105 -99 -96 -95 -102 -103 -86 -90 # -129 -129 -129 -129 -129 -129 -129 -129 -129 -129 -12CPU side received count (scaleup: 2): -95 -99 -108 -85 -104 -97 -108 -92 # -129 -129 -129 -129 -129 -129 -129 -129 -129 -129 -12CPU side received count (scaleup: 7): -111 -100 -104 -103 -99 -98 -87 -99 # -129 -129 -129 -129 -129 -129 -129 -129 -129 -129 -1CPU side received count (scaleup: 4): -89 -100 -91 -99 -91 -92 -105 -92 # -129 -129 -129 -129 -129 -129 -129 -129 -129 -129 -129CPU side received count (scaleup: 5): -107 -88 -101 -98 -102 -88 -94 -92 # -129 -129 -129 -129 -129 -129 -129 -129 -129 -129 -12CPU side received count (scaleup: 6): -102 -101 -104 -89 -110 -98 -99 -98 # -129 -129 -129 -129 -129 -129 -129 -129 -129 -129 -1CPU side received count (scaleup: 1): -91 -99 -100 -99 -98 -97 -96 -92 # -129 -129 -129 -129 -129 -129 -129 -129 -129 -129 -129 9 -129 -129 -129 -129 -129 
9 -129 -129 -129 -129 -129 
-129 -129 -129 -129 -129 
9 -129 -129 -129 -129 -129 
29 -129 -129 -129 -129 -129 
 -129 -129 -129 -129 -129 
9 -129 -129 -129 -129 -129 
29 -129 -129 -129 -129 -129 
Elastic buffer uses 4 channels per SM
Elastic buffer uses 4 channels per SM
Elastic buffer uses 4 channels per SM
Elastic buffer uses 4 channels per SM
Elastic buffer uses 4 channels per SM
Elastic buffer uses 4 channels per SM
Elastic buffer uses 4 channels per SM
Elastic buffer uses 4 channels per SM
CPU side received count (scaleup: 7): -111 -100 -104 -103 -99 -98 -87 -99 # -129 -129 -129 -129 -129 -129 -129 -129 -129 -129 -1CPU side received count (scaleup: 6): -102 -101 -104 -89 -110 -98 -99 -98 # -129 -129 -129 -129 -129 -129 -129 -129 -129 -129 -1CPU side received count (scaleup: 4): -89 -100 -91 -99 -91 -92 -105 -92 # -129 -129 -129 -129 -129 -129 -129 -129 -129 -129 -129CPU side received count (scaleup: 3): -95 -98 -94 -111 -106 -105 -86 -95 # -129 -129 -129 -129 -129 -129 -129 -129 -129 -129 -12CPU side received count (scaleup: 0): -105 -99 -96 -95 -102 -103 -86 -90 # -129 -129 -129 -129 -129 -129 -129 -129 -129 -129 -12CPU side received count (scaleup: 1): -91 -99 -100 -99 -98 -97 -96 -92 # -129 -129 -129 -129 -129 -129 -129 -129 -129 -129 -129 CPU side received count (scaleup: 2): -95 -99 -108 -85 -104 -97 -108 -92 # -129 -129 -129 -129 -129 -129 -129 -129 -129 -129 -12CPU side received count (scaleup: 5): -107 -88 -101 -98 -102 -88 -94 -92 # -129 -129 -129 -129 -129 -129 -129 -129 -129 -129 -129 -129 -129 -129 -129 -129 
29 -129 -129 -129 -129 -129 
9 -129 -129 -129 -129 -129 
 -129 -129 -129 -129 -129 
29 -129 -129 -129 -129 -129 
9 -129 -129 -129 -129 -129 
9 -129 -129 -129 -129 -129 
-129 -129 -129 -129 -129 
Elastic buffer uses 4 channels per SM
Elastic buffer uses 4 channels per SM
Elastic buffer uses 4 channels per SM
Elastic buffer uses 4 channels per SM
Elastic buffer uses 4 channels per SM
Elastic buffer uses 4 channels per SM
Elastic buffer uses 4 channels per SM
Elastic buffer uses 4 channels per SM
CPU side received count (scaleup: 2): -95 -99 -108 -85 -104 -97 -108 -92 # -129 -129 -129 -129 -129 -129 -129 -129 -129 -129 -12CPU side received count (scaleup: 4): -89 -100 -91 -99 -91 -92 -105 -92 # -129 -129 -129 -129 -129 -129 -129 -129 -129 -129 -129CPU side received count (scaleup: 7): -111 -100 -104 -103 -99 -98 -87 -99 # -129 -129 -129 -129 -129 -129 -129 -129 -129 -129 -1CPU side received count (scaleup: 0): -105 -99 -96 -95 -102 -103 -86 -90 # -129 -129 -129 -129 -129 -129 -129 -129 -129 -129 -12CPU side received count (scaleup: 1): -91 -99 -100 -99 -98 -97 -96 -92 # -129 -129 -129 -129 -129 -129 -129 -129 -129 -129 -129 CPU side received count (scaleup: 6): -102 -101 -104 -89 -110 -98 -99 -98 # -129 -129 -129 -129 -129 -129 -129 -129 -129 -129 -1CPU side received count (scaleup: 3): -95 -98 -94 -111 -106 -105 -86 -95 # -129 -129 -129 -129 -129 -129 -129 -129 -129 -129 -12CPU side received count (scaleup: 5): -107 -88 -101 -98 -102 -88 -94 -92 # -129 -129 -129 -129 -129 -129 -129 -129 -129 -129 -129 -129 -129 -129 -129 -129 
29 -129 -129 -129 -129 -129 
 -129 -129 -129 -129 -129 
9 -129 -129 -129 -129 -129 
29 -129 -129 -129 -129 -129 
9 -129 -129 -129 -129 -129 
-129 -129 -129 -129 -129 
9 -129 -129 -129 -129 -129 
Elastic buffer uses 4 channels per SM
Elastic buffer uses 4 channels per SM
Elastic buffer uses 4 channels per SM
Elastic buffer uses 4 channels per SM
Elastic buffer uses 4 channels per SM
Elastic buffer uses 4 channels per SM
Elastic buffer uses 4 channels per SM
Elastic buffer uses 4 channels per SM
CPU side received count (scaleup: 4): -89 -100 -91 -99 -91 -92 -105 -92 # -129 -129 -129 -129 -129 -129 -129 -129 -129 -129 -129CPU side received count (scaleup: 3): -95 -98 -94 -111 -106 -105 -86 -95 # -129 -129 -129 -129 -129 -129 -129 -129 -129 -129 -12CPU side received count (scaleup: 2): -95 -99 -108 -85 -104 -97 -108 -92 # -129 -129 -129 -129 -129 -129 -129 -129 -129 -129 -12CPU side received count (scaleup: 6): -102 -101 -104 -89 -110 -98 -99 -98 # -129 -129 -129 -129 -129 -129 -129 -129 -129 -129 -1 -129 -129 -129 -129 -129 
CPU side received count (scaleup: 5): -107 -88 -101 -98 -102 -88 -94 -92 # -129 -129 -129 -129 -129 -129 -129 -129 -129 -129 -12CPU side received count (scaleup: 0): -105 -99 -96 -95 -102 -103 -86 -90 # -129 -129 -129 -129 -129 -129 -129 -129 -129 -129 -12CPU side received count (scaleup: 7): -111 -100 -104 -103 -99 -98 -87 -99 # -129 -129 -129 -129 -129 -129 -129 -129 -129 -129 -19 -129 -129 -129 -129 -129 
CPU side received count (scaleup: 1): -91 -99 -100 -99 -98 -97 -96 -92 # -129 -129 -129 -129 -129 -129 -129 -129 -129 -129 -129 9 -129 -129 -129 -129 -129 
29 -129 -129 -129 -129 -129 
9 -129 -129 -129 -129 -129 
9 -129 -129 -129 -129 -129 
29 -129 -129 -129 -129 -129 
-129 -129 -129 -129 -129 
Elastic buffer uses 4 channels per SM
Elastic buffer uses 4 channels per SM
Elastic buffer uses 4 channels per SM
Elastic buffer uses 4 channels per SM
Elastic buffer uses 4 channels per SM
Elastic buffer uses 4 channels per SM
Elastic buffer uses 4 channels per SM
Elastic buffer uses 4 channels per SM
CPU side received count (scaleup: 3): -95 -98 -94 -111 -106 -105 -86 -95 # -129 -129 -129 -129 -129 -129 -129 -129 -129 -129 -12CPU side received count (scaleup: 5): -107 -88 -101 -98 -102 -88 -94 -92 # -129 -129 -129 -129 -129 -129 -129 -129 -129 -129 -12CPU side received count (scaleup: 4): -89 -100 -91 -99 -91 -92 -105 -92 # -129 -129 -129 -129 -129 -129 -129 -129 -129 -129 -129CPU side received count (scaleup: 2): -95 -99 -108 -85 -104 -97 -108 -92 # -129 -129 -129 -129 -129 -129 -129 -129 -129 -129 -129 -129 -129 -129 -129 -129 
CPU side received count (scaleup: 1): -91 -99 -100 -99 -98 -97 -96 -92 # -129 -129 -129 -129 -129 -129 -129 -129 -129 -129 -129 CPU side received count (scaleup: 7): -111 -100 -104 -103 -99 -98 -87 -99 # -129 -129 -129 -129 -129 -129 -129 -129 -129 -129 -1CPU side received count (scaleup: 0): -105 -99 -96 -95 -102 -103 -86 -90 # -129 -129 -129 -129 -129 -129 -129 -129 -129 -129 -12 -129 -129 -129 -129 -129 
CPU side received count (scaleup: 6): -102 -101 -104 -89 -110 -98 -99 -98 # -129 -129 -129 -129 -129 -129 -129 -129 -129 -129 -19 -129 -129 -129 -129 -129 
9 -129 -129 -129 -129 -129 
-129 -129 -129 -129 -129 
29 -129 -129 -129 -129 -129 
9 -129 -129 -129 -129 -129 
29 -129 -129 -129 -129 -129 
USDT:2026-08-25 02:32:54 442:442 SyncActivityProfilerHandler.cpp:52] profiler_startUSDT:2026-08-25 02:32:54 435:435 SyncActivityProfilerHandler.cpp:52] profiler_startUSDT:2026-08-25 02:32:54 439:439 SyncActivityProfilerHandler.cpp:52] profiler_startUSDT:2026-08-25 02:32:54 436:436 SyncActivityProfilerHandler.cpp:52] profiler_start



USDT:2026-08-25 02:32:54 441:441 SyncActivityProfilerHandler.cpp:52] profiler_start
USDT:2026-08-25 02:32:54 440:440 SyncActivityProfilerHandler.cpp:52] profiler_startUSDT:2026-08-25 02:32:54 438:438 SyncActivityProfilerHandler.cpp:52] profiler_startUSDT:2026-08-25 02:32:54 437:437 SyncActivityProfilerHandler.cpp:52] profiler_start


Elastic buffer uses 4 channels per SM
Elastic buffer uses 4 channels per SM
Elastic buffer uses 4 channels per SM
Elastic buffer uses 4 channels per SM
Elastic buffer uses 4 channels per SM
Elastic buffer uses 4 channels per SM
Elastic buffer uses 4 channels per SM
Elastic buffer uses 4 channels per SM
CPU side received count (scaleup: 3): -95 -98 -94 -111 -106 -105 -86 -95 # -129 -129 -129 -129 -129 -129 -129 -129 -129 -129 -12CPU side received count (scaleup: 7): -111 -100 -104 -103 -99 -98 -87 -99 # -129 -129 -129 -129 -129 -129 -129 -129 -129 -129 -1CPU side received count (scaleup: 0): -105 -99 -96 -95 -102 -103 -86 -90 # -129 -129 -129 -129 -129 -129 -129 -129 -129 -129 -12CPU side received count (scaleup: 5): -107 -88 -101 -98 -102 -88 -94 -92 # -129 -129 -129 -129 -129 -129 -129 -129 -129 -129 -129 -129 -129 -129 -129 -129 
29 -129 -129 -129 -129 -129 
9 -129 -129 -129 -129 -129 
CPU side received count (scaleup: 4): -89 -100 -91 -99 -91 -92 -105 -92 # -129 -129 -129 -129 -129 -129 -129 -129 -129 -129 -1299 -129 -129 -129 -129 -129 
CPU side received count (scaleup: 2): -95 -99 -108 -85 -104 -97 -108 -92 # -129 -129 -129 -129 -129 -129 -129 -129 -129 -129 -12CPU side received count (scaleup: 6): -102 -101 -104 -89 -110 -98 -99 -98 # -129 -129 -129 -129 -129 -129 -129 -129 -129 -129 -1CPU side received count (scaleup: 1): -91 -99 -100 -99 -98 -97 -96 -92 # -129 -129 -129 -129 -129 -129 -129 -129 -129 -129 -129  -129 -129 -129 -129 -129 
9 -129 -129 -129 -129 -129 
29 -129 -129 -129 -129 -129 
-129 -129 -129 -129 -129 
Elastic buffer uses 4 channels per SM
Elastic buffer uses 4 channels per SM
Elastic buffer uses 4 channels per SM
Elastic buffer uses 4 channels per SM
Elastic buffer uses 4 channels per SM
Elastic buffer uses 4 channels per SM
Elastic buffer uses 4 channels per SM
Elastic buffer uses 4 channels per SM
CPU side received count (scaleup: 6): -102 -101 -104 -89 -110 -98 -99 -98 # -129 -129 -129 -129 -129 -129 -129 -129 -129 -129 -1CPU side received count (scaleup: 7): -111 -100 -104 -103 -99 -98 -87 -99 # -129 -129 -129 -129 -129 -129 -129 -129 -129 -129 -1CPU side received count (scaleup: 5): -107 -88 -101 -98 -102 -88 -94 -92 # -129 -129 -129 -129 -129 -129 -129 -129 -129 -129 -12CPU side received count (scaleup: 4): -89 -100 -91 -99 -91 -92 -105 -92 # -129 -129 -129 -129 -129 -129 -129 -129 -129 -129 -12929 -129 -129 -129 -129 -129 
29 -129 -129 -129 -129 -129 
CPU side received count (scaleup: 2): -95 -99 -108 -85 -104 -97 -108 -92 # -129 -129 -129 -129 -129 -129 -129 -129 -129 -129 -12CPU side received count (scaleup: 1): -91 -99 -100 -99 -98 -97 -96 -92 # -129 -129 -129 -129 -129 -129 -129 -129 -129 -129 -129 9 -129 -129 -129 -129 -129 
CPU side received count (scaleup: 0): -105 -99 -96 -95 -102 -103 -86 -90 # -129 -129 -129 -129 -129 -129 -129 -129 -129 -129 -12CPU side received count (scaleup: 3): -95 -98 -94 -111 -106 -105 -86 -95 # -129 -129 -129 -129 -129 -129 -129 -129 -129 -129 -12 -129 -129 -129 -129 -129 
-129 -129 -129 -129 -129 
9 -129 -129 -129 -129 -129 
9 -129 -129 -129 -129 -129 
9 -129 -129 -129 -129 -129 
Elastic buffer uses 4 channels per SM
Elastic buffer uses 4 channels per SM
Elastic buffer uses 4 channels per SM
Elastic buffer uses 4 channels per SM
Elastic buffer uses 4 channels per SM
Elastic buffer uses 4 channels per SM
Elastic buffer uses 4 channels per SM
Elastic buffer uses 4 channels per SM
CPU side received count (scaleup: 7): -111 -100 -104 -103 -99 -98 -87 -99 # -129 -129 -129 -129 -129 -129 -129 -129 -129 -129 -1CPU side received count (scaleup: 2): -95 -99 -108 -85 -104 -97 -108 -92 # -129 -129 -129 -129 -129 -129 -129 -129 -129 -129 -12CPU side received count (scaleup: 3): -95 -98 -94 -111 -106 -105 -86 -95 # -129 -129 -129 -129 -129 -129 -129 -129 -129 -129 -12CPU side received count (scaleup: 1): -91 -99 -100 -99 -98 -97 -96 -92 # -129 -129 -129 -129 -129 -129 -129 -129 -129 -129 -129 CPU side received count (scaleup: 5): -107 -88 -101 -98 -102 -88 -94 -92 # -129 -129 -129 -129 -129 -129 -129 -129 -129 -129 -129 -129 -129 -129 -129 -129 
CPU side received count (scaleup: 4): -89 -100 -91 -99 -91 -92 -105 -92 # -129 -129 -129 -129 -129 -129 -129 -129 -129 -129 -129CPU side received count (scaleup: 0): -105 -99 -96 -95 -102 -103 -86 -90 # -129 -129 -129 -129 -129 -129 -129 -129 -129 -129 -12CPU side received count (scaleup: 6): -102 -101 -104 -89 -110 -98 -99 -98 # -129 -129 -129 -129 -129 -129 -129 -129 -129 -129 -1-129 -129 -129 -129 -129 
29 -129 -129 -129 -129 -129 
9 -129 -129 -129 -129 -129 
9 -129 -129 -129 -129 -129 
 -129 -129 -129 -129 -129 
9 -129 -129 -129 -129 -129 
29 -129 -129 -129 -129 -129 
Elastic buffer uses 4 channels per SM
Elastic buffer uses 4 channels per SM
Elastic buffer uses 4 channels per SM
Elastic buffer uses 4 channels per SM
Elastic buffer uses 4 channels per SM
Elastic buffer uses 4 channels per SM
Elastic buffer uses 4 channels per SM
Elastic buffer uses 4 channels per SM
CPU side received count (scaleup: 7): -111 -100 -104 -103 -99 -98 -87 -99 # -129 -129 -129 -129 -129 -129 -129 -129 -129 -129 -1CPU side received count (scaleup: 6): -102 -101 -104 -89 -110 -98 -99 -98 # -129 -129 -129 -129 -129 -129 -129 -129 -129 -129 -1CPU side received count (scaleup: 4): -89 -100 -91 -99 -91 -92 -105 -92 # -129 -129 -129 -129 -129 -129 -129 -129 -129 -129 -129CPU side received count (scaleup: 1): -91 -99 -100 -99 -98 -97 -96 -92 # -129 -129 -129 -129 -129 -129 -129 -129 -129 -129 -129 29 -129 -129 -129 -129 -129 
CPU side received count (scaleup: 2): -95 -99 -108 -85 -104 -97 -108 -92 # -129 -129 -129 -129 -129 -129 -129 -129 -129 -129 -1229 -129 -129 -129 -129 -129 
CPU side received count (scaleup: 3): -95 -98 -94 -111 -106 -105 -86 -95 # -129 -129 -129 -129 -129 -129 -129 -129 -129 -129 -12CPU side received count (scaleup: 5): -107 -88 -101 -98 -102 -88 -94 -92 # -129 -129 -129 -129 -129 -129 -129 -129 -129 -129 -12CPU side received count (scaleup: 0): -105 -99 -96 -95 -102 -103 -86 -90 # -129 -129 -129 -129 -129 -129 -129 -129 -129 -129 -12 -129 -129 -129 -129 -129 
-129 -129 -129 -129 -129 
9 -129 -129 -129 -129 -129 
9 -129 -129 -129 -129 -129 
9 -129 -129 -129 -129 -129 
9 -129 -129 -129 -129 -129 
Elastic buffer uses 4 channels per SM
Elastic buffer uses 4 channels per SM
Elastic buffer uses 4 channels per SM
Elastic buffer uses 4 channels per SM
Elastic buffer uses 4 channels per SM
Elastic buffer uses 4 channels per SM
Elastic buffer uses 4 channels per SM
Elastic buffer uses 4 channels per SM
CPU side received count (scaleup: 3): -95 -98 -94 -111 -106 -105 -86 -95 # -129 -129 -129 -129 -129 -129 -129 -129 -129 -129 -12CPU side received count (scaleup: 7): -111 -100 -104 -103 -99 -98 -87 -99 # -129 -129 -129 -129 -129 -129 -129 -129 -129 -129 -1CPU side received count (scaleup: 2): -95 -99 -108 -85 -104 -97 -108 -92 # -129 -129 -129 -129 -129 -129 -129 -129 -129 -129 -12CPU side received count (scaleup: 1): -91 -99 -100 -99 -98 -97 -96 -92 # -129 -129 -129 -129 -129 -129 -129 -129 -129 -129 -129 CPU side received count (scaleup: 0): -105 -99 -96 -95 -102 -103 -86 -90 # -129 -129 -129 -129 -129 -129 -129 -129 -129 -129 -1229 -129 -129 -129 -129 -129 
CPU side received count (scaleup: 6): -102 -101 -104 -89 -110 -98 -99 -98 # -129 -129 -129 -129 -129 -129 -129 -129 -129 -129 -1CPU side received count (scaleup: 4): -89 -100 -91 -99 -91 -92 -105 -92 # -129 -129 -129 -129 -129 -129 -129 -129 -129 -129 -129CPU side received count (scaleup: 5): -107 -88 -101 -98 -102 -88 -94 -92 # -129 -129 -129 -129 -129 -129 -129 -129 -129 -129 -12-129 -129 -129 -129 -129 
29 -129 -129 -129 -129 -129 
9 -129 -129 -129 -129 -129 
9 -129 -129 -129 -129 -129 
9 -129 -129 -129 -129 -129 
 -129 -129 -129 -129 -129 
9 -129 -129 -129 -129 -129 
Elastic buffer uses 4 channels per SM
Elastic buffer uses 4 channels per SM
Elastic buffer uses 4 channels per SM
Elastic buffer uses 4 channels per SM
Elastic buffer uses 4 channels per SM
Elastic buffer uses 4 channels per SM
Elastic buffer uses 4 channels per SM
Elastic buffer uses 4 channels per SM
CPU side received count (scaleup: 3): -95 -98 -94 -111 -106 -105 -86 -95 # -129 -129 -129 -129 -129 -129 -129 -129 -129 -129 -12CPU side received count (scaleup: 4): -89 -100 -91 -99 -91 -92 -105 -92 # -129 -129 -129 -129 -129 -129 -129 -129 -129 -129 -129CPU side received count (scaleup: 2): -95 -99 -108 -85 -104 -97 -108 -92 # -129 -129 -129 -129 -129 -129 -129 -129 -129 -129 -12CPU side received count (scaleup: 6): -102 -101 -104 -89 -110 -98 -99 -98 # -129 -129 -129 -129 -129 -129 -129 -129 -129 -129 -1 -129 -129 -129 -129 -129 
CPU side received count (scaleup: 1): -91 -99 -100 -99 -98 -97 -96 -92 # -129 -129 -129 -129 -129 -129 -129 -129 -129 -129 -129 9 -129 -129 -129 -129 -129 
CPU side received count (scaleup: 0): -105 -99 -96 -95 -102 -103 -86 -90 # -129 -129 -129 -129 -129 -129 -129 -129 -129 -129 -1229 -129 -129 -129 -129 -129 
CPU side received count (scaleup: 7): -111 -100 -104 -103 -99 -98 -87 -99 # -129 -129 -129 -129 -129 -129 -129 -129 -129 -129 -1-129 -129 -129 -129 -129 
CPU side received count (scaleup: 5): -107 -88 -101 -98 -102 -88 -94 -92 # -129 -129 -129 -129 -129 -129 -129 -129 -129 -129 -129 -129 -129 -129 -129 -129 
9 -129 -129 -129 -129 -129 
29 -129 -129 -129 -129 -129 
9 -129 -129 -129 -129 -129 
Elastic buffer uses 4 channels per SM
Elastic buffer uses 4 channels per SM
Elastic buffer uses 4 channels per SM
Elastic buffer uses 4 channels per SM
Elastic buffer uses 4 channels per SM
Elastic buffer uses 4 channels per SM
Elastic buffer uses 4 channels per SM
Elastic buffer uses 4 channels per SM
CPU side received count (scaleup: 0): -105 -99 -96 -95 -102 -103 -86 -90 # -129 -129 -129 -129 -129 -129 -129 -129 -129 -129 -12CPU side received count (scaleup: 1): -91 -99 -100 -99 -98 -97 -96 -92 # -129 -129 -129 -129 -129 -129 -129 -129 -129 -129 -129 CPU side received count (scaleup: 3): -95 -98 -94 -111 -106 -105 -86 -95 # -129 -129 -129 -129 -129 -129 -129 -129 -129 -129 -12CPU side received count (scaleup: 2): -95 -99 -108 -85 -104 -97 -108 -92 # -129 -129 -129 -129 -129 -129 -129 -129 -129 -129 -12CPU side received count (scaleup: 5): -107 -88 -101 -98 -102 -88 -94 -92 # -129 -129 -129 -129 -129 -129 -129 -129 -129 -129 -12-129 -129 -129 -129 -129 
CPU side received count (scaleup: 6): -102 -101 -104 -89 -110 -98 -99 -98 # -129 -129 -129 -129 -129 -129 -129 -129 -129 -129 -1CPU side received count (scaleup: 4): -89 -100 -91 -99 -91 -92 -105 -92 # -129 -129 -129 -129 -129 -129 -129 -129 -129 -129 -129CPU side received count (scaleup: 7): -111 -100 -104 -103 -99 -98 -87 -99 # -129 -129 -129 -129 -129 -129 -129 -129 -129 -129 -19 -129 -129 -129 -129 -129 
9 -129 -129 -129 -129 -129 
9 -129 -129 -129 -129 -129 
9 -129 -129 -129 -129 -129 
 -129 -129 -129 -129 -129 
29 -129 -129 -129 -129 -129 
29 -129 -129 -129 -129 -129 
Elastic buffer uses 4 channels per SM
Elastic buffer uses 4 channels per SM
Elastic buffer uses 4 channels per SM
Elastic buffer uses 4 channels per SM
Elastic buffer uses 4 channels per SM
Elastic buffer uses 4 channels per SM
Elastic buffer uses 4 channels per SM
Elastic buffer uses 4 channels per SM
CPU side received count (scaleup: 3): -95 -98 -94 -111 -106 -105 -86 -95 # -129 -129 -129 -129 -129 -129 -129 -129 -129 -129 -12CPU side received count (scaleup: 2): -95 -99 -108 -85 -104 -97 -108 -92 # -129 -129 -129 -129 -129 -129 -129 -129 -129 -129 -12CPU side received count (scaleup: 5): -107 -88 -101 -98 -102 -88 -94 -92 # -129 -129 -129 -129 -129 -129 -129 -129 -129 -129 -12CPU side received count (scaleup: 6): -102 -101 -104 -89 -110 -98 -99 -98 # -129 -129 -129 -129 -129 -129 -129 -129 -129 -129 -1CPU side received count (scaleup: 7): -111 -100 -104 -103 -99 -98 -87 -99 # -129 -129 -129 -129 -129 -129 -129 -129 -129 -129 -1CPU side received count (scaleup: 4): -89 -100 -91 -99 -91 -92 -105 -92 # -129 -129 -129 -129 -129 -129 -129 -129 -129 -129 -129CPU side received count (scaleup: 1): -91 -99 -100 -99 -98 -97 -96 -92 # -129 -129 -129 -129 -129 -129 -129 -129 -129 -129 -129 CPU side received count (scaleup: 0): -105 -99 -96 -95 -102 -103 -86 -90 # -129 -129 -129 -129 -129 -129 -129 -129 -129 -129 -1229 -129 -129 -129 -129 -129 
9 -129 -129 -129 -129 -129 
-129 -129 -129 -129 -129 
9 -129 -129 -129 -129 -129 
9 -129 -129 -129 -129 -129 
29 -129 -129 -129 -129 -129 
 -129 -129 -129 -129 -129 
9 -129 -129 -129 -129 -129 
Elastic buffer uses 4 channels per SM
Elastic buffer uses 4 channels per SM
Elastic buffer uses 4 channels per SM
Elastic buffer uses 4 channels per SM
Elastic buffer uses 4 channels per SM
Elastic buffer uses 4 channels per SM
Elastic buffer uses 4 channels per SM
Elastic buffer uses 4 channels per SM
CPU side received count (scaleup: 4): -89 -100 -91 -99 -91 -92 -105 -92 # -129 -129 -129 -129 -129 -129 -129 -129 -129 -129 -129CPU side received count (scaleup: 7): -111 -100 -104 -103 -99 -98 -87 -99 # -129 -129 -129 -129 -129 -129 -129 -129 -129 -129 -1CPU side received count (scaleup: 3): -95 -98 -94 -111 -106 -105 -86 -95 # -129 -129 -129 -129 -129 -129 -129 -129 -129 -129 -12 -129 -129 -129 -129 -129 
CPU side received count (scaleup: 2): -95 -99 -108 -85 -104 -97 -108 -92 # -129 -129 -129 -129 -129 -129 -129 -129 -129 -129 -12CPU side received count (scaleup: 5): -107 -88 -101 -98 -102 -88 -94 -92 # -129 -129 -129 -129 -129 -129 -129 -129 -129 -129 -129 -129 -129 -129 -129 -129 
CPU side received count (scaleup: 0): -105 -99 -96 -95 -102 -103 -86 -90 # -129 -129 -129 -129 -129 -129 -129 -129 -129 -129 -129 -129 -129 -129 -129 -129 
CPU side received count (scaleup: 6): -102 -101 -104 -89 -110 -98 -99 -98 # -129 -129 -129 -129 -129 -129 -129 -129 -129 -129 -1CPU side received count (scaleup: 1): -91 -99 -100 -99 -98 -97 -96 -92 # -129 -129 -129 -129 -129 -129 -129 -129 -129 -129 -129 29 -129 -129 -129 -129 -129 
-129 -129 -129 -129 -129 
9 -129 -129 -129 -129 -129 
9 -129 -129 -129 -129 -129 
29 -129 -129 -129 -129 -129 
Elastic buffer uses 4 channels per SM
Elastic buffer uses 4 channels per SM
Elastic buffer uses 4 channels per SM
Elastic buffer uses 4 channels per SM
Elastic buffer uses 4 channels per SM
Elastic buffer uses 4 channels per SM
Elastic buffer uses 4 channels per SM
Elastic buffer uses 4 channels per SM
CPU side received count (scaleup: 7): -111 -100 -104 -103 -99 -98 -87 -99 # -129 -129 -129 -129 -129 -129 -129 -129 -129 -129 -1CPU side received count (scaleup: 4): -89 -100 -91 -99 -91 -92 -105 -92 # -129 -129 -129 -129 -129 -129 -129 -129 -129 -129 -129CPU side received count (scaleup: 5): -107 -88 -101 -98 -102 -88 -94 -92 # -129 -129 -129 -129 -129 -129 -129 -129 -129 -129 -12CPU side received count (scaleup: 3): -95 -98 -94 -111 -106 -105 -86 -95 # -129 -129 -129 -129 -129 -129 -129 -129 -129 -129 -1229 -129 -129 -129 -129 -129 
 -129 -129 -129 -129 -129 
CPU side received count (scaleup: 1): -91 -99 -100 -99 -98 -97 -96 -92 # -129 -129 -129 -129 -129 -129 -129 -129 -129 -129 -129 CPU side received count (scaleup: 0): -105 -99 -96 -95 -102 -103 -86 -90 # -129 -129 -129 -129 -129 -129 -129 -129 -129 -129 -12CPU side received count (scaleup: 2): -95 -99 -108 -85 -104 -97 -108 -92 # -129 -129 -129 -129 -129 -129 -129 -129 -129 -129 -12CPU side received count (scaleup: 6): -102 -101 -104 -89 -110 -98 -99 -98 # -129 -129 -129 -129 -129 -129 -129 -129 -129 -129 -1-129 -129 -129 -129 -129 
9 -129 -129 -129 -129 -129 
9 -129 -129 -129 -129 -129 
9 -129 -129 -129 -129 -129 
9 -129 -129 -129 -129 -129 
29 -129 -129 -129 -129 -129 
Elastic buffer uses 4 channels per SM
Elastic buffer uses 4 channels per SM
Elastic buffer uses 4 channels per SM
Elastic buffer uses 4 channels per SM
Elastic buffer uses 4 channels per SM
Elastic buffer uses 4 channels per SM
Elastic buffer uses 4 channels per SM
Elastic buffer uses 4 channels per SM
CPU side received count (scaleup: 0): -105 -99 -96 -95 -102 -103 -86 -90 # -129 -129 -129 -129 -129 -129 -129 -129 -129 -129 -12CPU side received count (scaleup: 2): -95 -99 -108 -85 -104 -97 -108 -92 # -129 -129 -129 -129 -129 -129 -129 -129 -129 -129 -12CPU side received count (scaleup: 3): -95 -98 -94 -111 -106 -105 -86 -95 # -129 -129 -129 -129 -129 -129 -129 -129 -129 -129 -12CPU side received count (scaleup: 4): -89 -100 -91 -99 -91 -92 -105 -92 # -129 -129 -129 -129 -129 -129 -129 -129 -129 -129 -129CPU side received count (scaleup: 7): -111 -100 -104 -103 -99 -98 -87 -99 # -129 -129 -129 -129 -129 -129 -129 -129 -129 -129 -1CPU side received count (scaleup: 6): -102 -101 -104 -89 -110 -98 -99 -98 # -129 -129 -129 -129 -129 -129 -129 -129 -129 -129 -1CPU side received count (scaleup: 1): -91 -99 -100 -99 -98 -97 -96 -92 # -129 -129 -129 -129 -129 -129 -129 -129 -129 -129 -129 CPU side received count (scaleup: 5): -107 -88 -101 -98 -102 -88 -94 -92 # -129 -129 -129 -129 -129 -129 -129 -129 -129 -129 -129 -129 -129 -129 -129 -129 
9 -129 -129 -129 -129 -129 
29 -129 -129 -129 -129 -129 
9 -129 -129 -129 -129 -129 
9 -129 -129 -129 -129 -129 
 -129 -129 -129 -129 -129 
29 -129 -129 -129 -129 -129 
-129 -129 -129 -129 -129 
Elastic buffer uses 4 channels per SM
Elastic buffer uses 4 channels per SM
Elastic buffer uses 4 channels per SM
Elastic buffer uses 4 channels per SM
Elastic buffer uses 4 channels per SM
Elastic buffer uses 4 channels per SM
Elastic buffer uses 4 channels per SM
Elastic buffer uses 4 channels per SM
CPU side received count (scaleup: 4): -89 -100 -91 -99 -91 -92 -105 -92 # -129 -129 -129 -129 -129 -129 -129 -129 -129 -129 -129CPU side received count (scaleup: 1): -91 -99 -100 -99 -98 -97 -96 -92 # -129 -129 -129 -129 -129 -129 -129 -129 -129 -129 -129 CPU side received count (scaleup: 7): -111 -100 -104 -103 -99 -98 -87 -99 # -129 -129 -129 -129 -129 -129 -129 -129 -129 -129 -1CPU side received count (scaleup: 3): -95 -98 -94 -111 -106 -105 -86 -95 # -129 -129 -129 -129 -129 -129 -129 -129 -129 -129 -12CPU side received count (scaleup: 5): -107 -88 -101 -98 -102 -88 -94 -92 # -129 -129 -129 -129 -129 -129 -129 -129 -129 -129 -12 -129 -129 -129 -129 -129 
-129 -129 -129 -129 -129 
29 -129 -129 -129 -129 -129 
CPU side received count (scaleup: 0): -105 -99 -96 -95 -102 -103 -86 -90 # -129 -129 -129 -129 -129 -129 -129 -129 -129 -129 -12CPU side received count (scaleup: 6): -102 -101 -104 -89 -110 -98 -99 -98 # -129 -129 -129 -129 -129 -129 -129 -129 -129 -129 -19 -129 -129 -129 -129 -129 
CPU side received count (scaleup: 2): -95 -99 -108 -85 -104 -97 -108 -92 # -129 -129 -129 -129 -129 -129 -129 -129 -129 -129 -129 -129 -129 -129 -129 -129 
9 -129 -129 -129 -129 -129 
29 -129 -129 -129 -129 -129 
9 -129 -129 -129 -129 -129 
Elastic buffer uses 4 channels per SM
Elastic buffer uses 4 channels per SM
Elastic buffer uses 4 channels per SM
Elastic buffer uses 4 channels per SM
Elastic buffer uses 4 channels per SM
Elastic buffer uses 4 channels per SM
Elastic buffer uses 4 channels per SM
Elastic buffer uses 4 channels per SM
CPU side received count (scaleup: 3): -95 -98 -94 -111 -106 -105 -86 -95 # -129 -129 -129 -129 -129 -129 -129 -129 -129 -129 -12CPU side received count (scaleup: 6): -102 -101 -104 -89 -110 -98 -99 -98 # -129 -129 -129 -129 -129 -129 -129 -129 -129 -129 -1CPU side received count (scaleup: 5): -107 -88 -101 -98 -102 -88 -94 -92 # -129 -129 -129 -129 -129 -129 -129 -129 -129 -129 -12CPU side received count (scaleup: 4): -89 -100 -91 -99 -91 -92 -105 -92 # -129 -129 -129 -129 -129 -129 -129 -129 -129 -129 -1299 -129 -129 -129 -129 -129 
CPU side received count (scaleup: 1): -91 -99 -100 -99 -98 -97 -96 -92 # -129 -129 -129 -129 -129 -129 -129 -129 -129 -129 -129 CPU side received count (scaleup: 2): -95 -99 -108 -85 -104 -97 -108 -92 # -129 -129 -129 -129 -129 -129 -129 -129 -129 -129 -129 -129 -129 -129 -129 -129 
 -129 -129 -129 -129 -129 
CPU side received count (scaleup: 0): -105 -99 -96 -95 -102 -103 -86 -90 # -129 -129 -129 -129 -129 -129 -129 -129 -129 -129 -12CPU side received count (scaleup: 7): -111 -100 -104 -103 -99 -98 -87 -99 # -129 -129 -129 -129 -129 -129 -129 -129 -129 -129 -129 -129 -129 -129 -129 -129 
-129 -129 -129 -129 -129 
9 -129 -129 -129 -129 -129 
9 -129 -129 -129 -129 -129 
29 -129 -129 -129 -129 -129 
Elastic buffer uses 4 channels per SM
Elastic buffer uses 4 channels per SM
Elastic buffer uses 4 channels per SM
Elastic buffer uses 4 channels per SM
Elastic buffer uses 4 channels per SM
Elastic buffer uses 4 channels per SM
Elastic buffer uses 4 channels per SM
Elastic buffer uses 4 channels per SM
CPU side received count (scaleup: 6): -102 -101 -104 -89 -110 -98 -99 -98 # -129 -129 -129 -129 -129 -129 -129 -129 -129 -129 -1CPU side received count (scaleup: 2): -95 -99 -108 -85 -104 -97 -108 -92 # -129 -129 -129 -129 -129 -129 -129 -129 -129 -129 -12CPU side received count (scaleup: 3): -95 -98 -94 -111 -106 -105 -86 -95 # -129 -129 -129 -129 -129 -129 -129 -129 -129 -129 -12CPU side received count (scaleup: 1): -91 -99 -100 -99 -98 -97 -96 -92 # -129 -129 -129 -129 -129 -129 -129 -129 -129 -129 -129 CPU side received count (scaleup: 4): -89 -100 -91 -99 -91 -92 -105 -92 # -129 -129 -129 -129 -129 -129 -129 -129 -129 -129 -1299 -129 -129 -129 -129 -129 
9 -129 -129 -129 -129 -129 
-129 -129 -129 -129 -129 
CPU side received count (scaleup: 7): -111 -100 -104 -103 -99 -98 -87 -99 # -129 -129 -129 -129 -129 -129 -129 -129 -129 -129 -1CPU side received count (scaleup: 0): -105 -99 -96 -95 -102 -103 -86 -90 # -129 -129 -129 -129 -129 -129 -129 -129 -129 -129 -12CPU side received count (scaleup: 5): -107 -88 -101 -98 -102 -88 -94 -92 # -129 -129 -129 -129 -129 -129 -129 -129 -129 -129 -1229 -129 -129 -129 -129 -129 
29 -129 -129 -129 -129 -129 
 -129 -129 -129 -129 -129 
9 -129 -129 -129 -129 -129 
9 -129 -129 -129 -129 -129 
Elastic buffer uses 4 channels per SM
Elastic buffer uses 4 channels per SM
Elastic buffer uses 4 channels per SM
Elastic buffer uses 4 channels per SM
Elastic buffer uses 4 channels per SM
Elastic buffer uses 4 channels per SM
Elastic buffer uses 4 channels per SM
Elastic buffer uses 4 channels per SM
CPU side received count (scaleup: 3): -95 -98 -94 -111 -106 -105 -86 -95 # -129 -129 -129 -129 -129 -129 -129 -129 -129 -129 -12CPU side received count (scaleup: 0): -105 -99 -96 -95 -102 -103 -86 -90 # -129 -129 -129 -129 -129 -129 -129 -129 -129 -129 -12CPU side received count (scaleup: 5): -107 -88 -101 -98 -102 -88 -94 -92 # -129 -129 -129 -129 -129 -129 -129 -129 -129 -129 -12CPU side received count (scaleup: 1): -91 -99 -100 -99 -98 -97 -96 -92 # -129 -129 -129 -129 -129 -129 -129 -129 -129 -129 -129 9 -129 -129 -129 -129 -129 
CPU side received count (scaleup: 4): -89 -100 -91 -99 -91 -92 -105 -92 # -129 -129 -129 -129 -129 -129 -129 -129 -129 -129 -129-129 -129 -129 -129 -129 
CPU side received count (scaleup: 7): -111 -100 -104 -103 -99 -98 -87 -99 # -129 -129 -129 -129 -129 -129 -129 -129 -129 -129 -1CPU side received count (scaleup: 6): -102 -101 -104 -89 -110 -98 -99 -98 # -129 -129 -129 -129 -129 -129 -129 -129 -129 -129 -1CPU side received count (scaleup: 2): -95 -99 -108 -85 -104 -97 -108 -92 # -129 -129 -129 -129 -129 -129 -129 -129 -129 -129 -129 -129 -129 -129 -129 -129 
9 -129 -129 -129 -129 -129 
 -129 -129 -129 -129 -129 
29 -129 -129 -129 -129 -129 
29 -129 -129 -129 -129 -129 
9 -129 -129 -129 -129 -129 
Elastic buffer uses 4 channels per SM
Elastic buffer uses 4 channels per SM
Elastic buffer uses 4 channels per SM
Elastic buffer uses 4 channels per SM
Elastic buffer uses 4 channels per SM
Elastic buffer uses 4 channels per SM
Elastic buffer uses 4 channels per SM
Elastic buffer uses 4 channels per SM
CPU side received count (scaleup: 3): -95 -98 -94 -111 -106 -105 -86 -95 # -129 -129 -129 -129 -129 -129 -129 -129 -129 -129 -12CPU side received count (scaleup: 4): -89 -100 -91 -99 -91 -92 -105 -92 # -129 -129 -129 -129 -129 -129 -129 -129 -129 -129 -129CPU side received count (scaleup: 5): -107 -88 -101 -98 -102 -88 -94 -92 # -129 -129 -129 -129 -129 -129 -129 -129 -129 -129 -12CPU side received count (scaleup: 2): -95 -99 -108 -85 -104 -97 -108 -92 # -129 -129 -129 -129 -129 -129 -129 -129 -129 -129 -12 -129 -129 -129 -129 -129 
CPU side received count (scaleup: 0): -105 -99 -96 -95 -102 -103 -86 -90 # -129 -129 -129 -129 -129 -129 -129 -129 -129 -129 -12CPU side received count (scaleup: 7): -111 -100 -104 -103 -99 -98 -87 -99 # -129 -129 -129 -129 -129 -129 -129 -129 -129 -129 -1CPU side received count (scaleup: 6): -102 -101 -104 -89 -110 -98 -99 -98 # -129 -129 -129 -129 -129 -129 -129 -129 -129 -129 -1CPU side received count (scaleup: 1): -91 -99 -100 -99 -98 -97 -96 -92 # -129 -129 -129 -129 -129 -129 -129 -129 -129 -129 -129 29 -129 -129 -129 -129 -129 
9 -129 -129 -129 -129 -129 
9 -129 -129 -129 -129 -129 
9 -129 -129 -129 -129 -129 
9 -129 -129 -129 -129 -129 
29 -129 -129 -129 -129 -129 
-129 -129 -129 -129 -129 
Elastic buffer uses 4 channels per SM
Elastic buffer uses 4 channels per SM
Elastic buffer uses 4 channels per SM
Elastic buffer uses 4 channels per SM
Elastic buffer uses 4 channels per SM
Elastic buffer uses 4 channels per SM
Elastic buffer uses 4 channels per SM
Elastic buffer uses 4 channels per SM
CPU side received count (scaleup: 3): -95 -98 -94 -111 -106 -105 -86 -95 # -129 -129 -129 -129 -129 -129 -129 -129 -129 -129 -12CPU side received count (scaleup: 7): -111 -100 -104 -103 -99 -98 -87 -99 # -129 -129 -129 -129 -129 -129 -129 -129 -129 -129 -1CPU side received count (scaleup: 6): -102 -101 -104 -89 -110 -98 -99 -98 # -129 -129 -129 -129 -129 -129 -129 -129 -129 -129 -1CPU side received count (scaleup: 4): -89 -100 -91 -99 -91 -92 -105 -92 # -129 -129 -129 -129 -129 -129 -129 -129 -129 -129 -129CPU side received count (scaleup: 0): -105 -99 -96 -95 -102 -103 -86 -90 # -129 -129 -129 -129 -129 -129 -129 -129 -129 -129 -12CPU side received count (scaleup: 2): -95 -99 -108 -85 -104 -97 -108 -92 # -129 -129 -129 -129 -129 -129 -129 -129 -129 -129 -12CPU side received count (scaleup: 1): -91 -99 -100 -99 -98 -97 -96 -92 # -129 -129 -129 -129 -129 -129 -129 -129 -129 -129 -129  -129 -129 -129 -129 -129 
9 -129 -129 -129 -129 -129 
CPU side received count (scaleup: 5): -107 -88 -101 -98 -102 -88 -94 -92 # -129 -129 -129 -129 -129 -129 -129 -129 -129 -129 -129 -129 -129 -129 -129 -129 
9 -129 -129 -129 -129 -129 
29 -129 -129 -129 -129 -129 
29 -129 -129 -129 -129 -129 
-129 -129 -129 -129 -129 
9 -129 -129 -129 -129 -129 
Elastic buffer uses 4 channels per SM
Elastic buffer uses 4 channels per SM
Elastic buffer uses 4 channels per SM
Elastic buffer uses 4 channels per SM
Elastic buffer uses 4 channels per SM
Elastic buffer uses 4 channels per SM
Elastic buffer uses 4 channels per SM
Elastic buffer uses 4 channels per SM
CPU side received count (scaleup: 4): -89 -100 -91 -99 -91 -92 -105 -92 # -129 -129 -129 -129 -129 -129 -129 -129 -129 -129 -129CPU side received count (scaleup: 6): -102 -101 -104 -89 -110 -98 -99 -98 # -129 -129 -129 -129 -129 -129 -129 -129 -129 -129 -1CPU side received count (scaleup: 3): -95 -98 -94 -111 -106 -105 -86 -95 # -129 -129 -129 -129 -129 -129 -129 -129 -129 -129 -1229 -129 -129 -129 -129 -129 
CPU side received count (scaleup: 2): -95 -99 -108 -85 -104 -97 -108 -92 # -129 -129 -129 -129 -129 -129 -129 -129 -129 -129 -12CPU side received count (scaleup: 1): -91 -99 -100 -99 -98 -97 -96 -92 # -129 -129 -129 -129 -129 -129 -129 -129 -129 -129 -129 CPU side received count (scaleup: 7): -111 -100 -104 -103 -99 -98 -87 -99 # -129 -129 -129 -129 -129 -129 -129 -129 -129 -129 -1CPU side received count (scaleup: 0): -105 -99 -96 -95 -102 -103 -86 -90 # -129 -129 -129 -129 -129 -129 -129 -129 -129 -129 -12-129 -129 -129 -129 -129 
CPU side received count (scaleup: 5): -107 -88 -101 -98 -102 -88 -94 -92 # -129 -129 -129 -129 -129 -129 -129 -129 -129 -129 -12 -129 -129 -129 -129 -129 
9 -129 -129 -129 -129 -129 
9 -129 -129 -129 -129 -129 
29 -129 -129 -129 -129 -129 
9 -129 -129 -129 -129 -129 
9 -129 -129 -129 -129 -129 
Elastic buffer uses 4 channels per SM
Elastic buffer uses 4 channels per SM
Elastic buffer uses 4 channels per SM
Elastic buffer uses 4 channels per SM
Elastic buffer uses 4 channels per SM
Elastic buffer uses 4 channels per SM
Elastic buffer uses 4 channels per SM
Elastic buffer uses 4 channels per SM
CPU side received count (scaleup: 0): -105 -99 -96 -95 -102 -103 -86 -90 # -129 -129 -129 -129 -129 -129 -129 -129 -129 -129 -12CPU side received count (scaleup: 3): -95 -98 -94 -111 -106 -105 -86 -95 # -129 -129 -129 -129 -129 -129 -129 -129 -129 -129 -12CPU side received count (scaleup: 5): -107 -88 -101 -98 -102 -88 -94 -92 # -129 -129 -129 -129 -129 -129 -129 -129 -129 -129 -12CPU side received count (scaleup: 6): -102 -101 -104 -89 -110 -98 -99 -98 # -129 -129 -129 -129 -129 -129 -129 -129 -129 -129 -19 -129 -129 -129 -129 -129 
CPU side received count (scaleup: 1): -91 -99 -100 -99 -98 -97 -96 -92 # -129 -129 -129 -129 -129 -129 -129 -129 -129 -129 -129 CPU side received count (scaleup: 7): -111 -100 -104 -103 -99 -98 -87 -99 # -129 -129 -129 -129 -129 -129 -129 -129 -129 -129 -19 -129 -129 -129 -129 -129 
CPU side received count (scaleup: 4): -89 -100 -91 -99 -91 -92 -105 -92 # -129 -129 -129 -129 -129 -129 -129 -129 -129 -129 -12929 -129 -129 -129 -129 -129 
CPU side received count (scaleup: 2): -95 -99 -108 -85 -104 -97 -108 -92 # -129 -129 -129 -129 -129 -129 -129 -129 -129 -129 -12 -129 -129 -129 -129 -129 
9 -129 -129 -129 -129 -129 
9 -129 -129 -129 -129 -129 
-129 -129 -129 -129 -129 
29 -129 -129 -129 -129 -129 
Elastic buffer uses 4 channels per SM
Elastic buffer uses 4 channels per SM
Elastic buffer uses 4 channels per SM
Elastic buffer uses 4 channels per SM
Elastic buffer uses 4 channels per SM
Elastic buffer uses 4 channels per SM
Elastic buffer uses 4 channels per SM
Elastic buffer uses 4 channels per SM
CPU side received count (scaleup: 4): -89 -100 -91 -99 -91 -92 -105 -92 # -129 -129 -129 -129 -129 -129 -129 -129 -129 -129 -129CPU side received count (scaleup: 2): -95 -99 -108 -85 -104 -97 -108 -92 # -129 -129 -129 -129 -129 -129 -129 -129 -129 -129 -12CPU side received count (scaleup: 5): -107 -88 -101 -98 -102 -88 -94 -92 # -129 -129 -129 -129 -129 -129 -129 -129 -129 -129 -12CPU side received count (scaleup: 0): -105 -99 -96 -95 -102 -103 -86 -90 # -129 -129 -129 -129 -129 -129 -129 -129 -129 -129 -12CPU side received count (scaleup: 1): -91 -99 -100 -99 -98 -97 -96 -92 # -129 -129 -129 -129 -129 -129 -129 -129 -129 -129 -129 CPU side received count (scaleup: 7): -111 -100 -104 -103 -99 -98 -87 -99 # -129 -129 -129 -129 -129 -129 -129 -129 -129 -129 -19 -129 -129 -129 -129 -129 
9 -129 -129 -129 -129 -129 
CPU side received count (scaleup: 3): -95 -98 -94 -111 -106 -105 -86 -95 # -129 -129 -129 -129 -129 -129 -129 -129 -129 -129 -12CPU side received count (scaleup: 6): -102 -101 -104 -89 -110 -98 -99 -98 # -129 -129 -129 -129 -129 -129 -129 -129 -129 -129 -1 -129 -129 -129 -129 -129 
9 -129 -129 -129 -129 -129 
-129 -129 -129 -129 -129 
29 -129 -129 -129 -129 -129 
9 -129 -129 -129 -129 -129 
29 -129 -129 -129 -129 -129 
Elastic buffer uses 4 channels per SM
Elastic buffer uses 4 channels per SM
Elastic buffer uses 4 channels per SM
Elastic buffer uses 4 channels per SM
Elastic buffer uses 4 channels per SM
Elastic buffer uses 4 channels per SM
Elastic buffer uses 4 channels per SM
Elastic buffer uses 4 channels per SM
CPU side received count (scaleup: 2): -95 -99 -108 -85 -104 -97 -108 -92 # -129 -129 -129 -129 -129 -129 -129 -129 -129 -129 -12CPU side received count (scaleup: 4): -89 -100 -91 -99 -91 -92 -105 -92 # -129 -129 -129 -129 -129 -129 -129 -129 -129 -129 -129CPU side received count (scaleup: 5): -107 -88 -101 -98 -102 -88 -94 -92 # -129 -129 -129 -129 -129 -129 -129 -129 -129 -129 -12CPU side received count (scaleup: 6): -102 -101 -104 -89 -110 -98 -99 -98 # -129 -129 -129 -129 -129 -129 -129 -129 -129 -129 -1CPU side received count (scaleup: 1): -91 -99 -100 -99 -98 -97 -96 -92 # -129 -129 -129 -129 -129 -129 -129 -129 -129 -129 -129 9 -129 -129 -129 -129 -129 
CPU side received count (scaleup: 3): -95 -98 -94 -111 -106 -105 -86 -95 # -129 -129 -129 -129 -129 -129 -129 -129 -129 -129 -12CPU side received count (scaleup: 0): -105 -99 -96 -95 -102 -103 -86 -90 # -129 -129 -129 -129 -129 -129 -129 -129 -129 -129 -12CPU side received count (scaleup: 7): -111 -100 -104 -103 -99 -98 -87 -99 # -129 -129 -129 -129 -129 -129 -129 -129 -129 -129 -1 -129 -129 -129 -129 -129 
9 -129 -129 -129 -129 -129 
29 -129 -129 -129 -129 -129 
-129 -129 -129 -129 -129 
9 -129 -129 -129 -129 -129 
9 -129 -129 -129 -129 -129 
29 -129 -129 -129 -129 -129 
Elastic buffer uses 4 channels per SM
Elastic buffer uses 4 channels per SM
Elastic buffer uses 4 channels per SM
Elastic buffer uses 4 channels per SM
Elastic buffer uses 4 channels per SM
Elastic buffer uses 4 channels per SM
Elastic buffer uses 4 channels per SM
Elastic buffer uses 4 channels per SM
CPU side received count (scaleup: 3): -95 -98 -94 -111 -106 -105 -86 -95 # -129 -129 -129 -129 -129 -129 -129 -129 -129 -129 -12CPU side received count (scaleup: 4): -89 -100 -91 -99 -91 -92 -105 -92 # -129 -129 -129 -129 -129 -129 -129 -129 -129 -129 -129CPU side received count (scaleup: 1): -91 -99 -100 -99 -98 -97 -96 -92 # -129 -129 -129 -129 -129 -129 -129 -129 -129 -129 -129 CPU side received count (scaleup: 0): -105 -99 -96 -95 -102 -103 -86 -90 # -129 -129 -129 -129 -129 -129 -129 -129 -129 -129 -12CPU side received count (scaleup: 2): -95 -99 -108 -85 -104 -97 -108 -92 # -129 -129 -129 -129 -129 -129 -129 -129 -129 -129 -12CPU side received count (scaleup: 6): -102 -101 -104 -89 -110 -98 -99 -98 # -129 -129 -129 -129 -129 -129 -129 -129 -129 -129 -1CPU side received count (scaleup: 5): -107 -88 -101 -98 -102 -88 -94 -92 # -129 -129 -129 -129 -129 -129 -129 -129 -129 -129 -12CPU side received count (scaleup: 7): -111 -100 -104 -103 -99 -98 -87 -99 # -129 -129 -129 -129 -129 -129 -129 -129 -129 -129 -129 -129 -129 -129 -129 -129 
9 -129 -129 -129 -129 -129 
29 -129 -129 -129 -129 -129 
 -129 -129 -129 -129 -129 
-129 -129 -129 -129 -129 
9 -129 -129 -129 -129 -129 
9 -129 -129 -129 -129 -129 
9 -129 -129 -129 -129 -129 
Elastic buffer uses 4 channels per SM
Elastic buffer uses 4 channels per SM
Elastic buffer uses 4 channels per SM
Elastic buffer uses 4 channels per SM
Elastic buffer uses 4 channels per SM
Elastic buffer uses 4 channels per SM
Elastic buffer uses 4 channels per SM
Elastic buffer uses 4 channels per SM
CPU side received count (scaleup: 4): -89 -100 -91 -99 -91 -92 -105 -92 # -129 -129 -129 -129 -129 -129 -129 -129 -129 -129 -129CPU side received count (scaleup: 0): -105 -99 -96 -95 -102 -103 -86 -90 # -129 -129 -129 -129 -129 -129 -129 -129 -129 -129 -12CPU side received count (scaleup: 7): -111 -100 -104 -103 -99 -98 -87 -99 # -129 -129 -129 -129 -129 -129 -129 -129 -129 -129 -1CPU side received count (scaleup: 6): -102 -101 -104 -89 -110 -98 -99 -98 # -129 -129 -129 -129 -129 -129 -129 -129 -129 -129 -129 -129 -129 -129 -129 -129 
CPU side received count (scaleup: 2): -95 -99 -108 -85 -104 -97 -108 -92 # -129 -129 -129 -129 -129 -129 -129 -129 -129 -129 -12CPU side received count (scaleup: 3): -95 -98 -94 -111 -106 -105 -86 -95 # -129 -129 -129 -129 -129 -129 -129 -129 -129 -129 -12CPU side received count (scaleup: 5): -107 -88 -101 -98 -102 -88 -94 -92 # -129 -129 -129 -129 -129 -129 -129 -129 -129 -129 -12CPU side received count (scaleup: 1): -91 -99 -100 -99 -98 -97 -96 -92 # -129 -129 -129 -129 -129 -129 -129 -129 -129 -129 -129  -129 -129 -129 -129 -129 
-129 -129 -129 -129 -129 
9 -129 -129 -129 -129 -129 
29 -129 -129 -129 -129 -129 
9 -129 -129 -129 -129 -129 
9 -129 -129 -129 -129 -129 
9 -129 -129 -129 -129 -129 
Elastic buffer uses 4 channels per SM
Elastic buffer uses 4 channels per SM
Elastic buffer uses 4 channels per SM
Elastic buffer uses 4 channels per SM
Elastic buffer uses 4 channels per SM
Elastic buffer uses 4 channels per SM
Elastic buffer uses 4 channels per SM
Elastic buffer uses 4 channels per SM
CPU side received count (scaleup: 3): -95 -98 -94 -111 -106 -105 -86 -95 # -129 -129 -129 -129 -129 -129 -129 -129 -129 -129 -12CPU side received count (scaleup: 0): -105 -99 -96 -95 -102 -103 -86 -90 # -129 -129 -129 -129 -129 -129 -129 -129 -129 -129 -12CPU side received count (scaleup: 4): -89 -100 -91 -99 -91 -92 -105 -92 # -129 -129 -129 -129 -129 -129 -129 -129 -129 -129 -129CPU side received count (scaleup: 6): -102 -101 -104 -89 -110 -98 -99 -98 # -129 -129 -129 -129 -129 -129 -129 -129 -129 -129 -19 -129 -129 -129 -129 -129 
CPU side received count (scaleup: 2): -95 -99 -108 -85 -104 -97 -108 -92 # -129 -129 -129 -129 -129 -129 -129 -129 -129 -129 -12CPU side received count (scaleup: 7): -111 -100 -104 -103 -99 -98 -87 -99 # -129 -129 -129 -129 -129 -129 -129 -129 -129 -129 -1 -129 -129 -129 -129 -129 
CPU side received count (scaleup: 5): -107 -88 -101 -98 -102 -88 -94 -92 # -129 -129 -129 -129 -129 -129 -129 -129 -129 -129 -12CPU side received count (scaleup: 1): -91 -99 -100 -99 -98 -97 -96 -92 # -129 -129 -129 -129 -129 -129 -129 -129 -129 -129 -129 9 -129 -129 -129 -129 -129 
29 -129 -129 -129 -129 -129 
9 -129 -129 -129 -129 -129 
29 -129 -129 -129 -129 -129 
9 -129 -129 -129 -129 -129 
-129 -129 -129 -129 -129 
Elastic buffer uses 4 channels per SM
Elastic buffer uses 4 channels per SM
Elastic buffer uses 4 channels per SM
Elastic buffer uses 4 channels per SM
Elastic buffer uses 4 channels per SM
Elastic buffer uses 4 channels per SM
Elastic buffer uses 4 channels per SM
Elastic buffer uses 4 channels per SM
CPU side received count (scaleup: 4): -89 -100 -91 -99 -91 -92 -105 -92 # -129 -129 -129 -129 -129 -129 -129 -129 -129 -129 -129CPU side received count (scaleup: 7): -111 -100 -104 -103 -99 -98 -87 -99 # -129 -129 -129 -129 -129 -129 -129 -129 -129 -129 -1CPU side received count (scaleup: 3): -95 -98 -94 -111 -106 -105 -86 -95 # -129 -129 -129 -129 -129 -129 -129 -129 -129 -129 -12CPU side received count (scaleup: 0): -105 -99 -96 -95 -102 -103 -86 -90 # -129 -129 -129 -129 -129 -129 -129 -129 -129 -129 -12CPU side received count (scaleup: 6): -102 -101 -104 -89 -110 -98 -99 -98 # -129 -129 -129 -129 -129 -129 -129 -129 -129 -129 -1CPU side received count (scaleup: 1): -91 -99 -100 -99 -98 -97 -96 -92 # -129 -129 -129 -129 -129 -129 -129 -129 -129 -129 -129 CPU side received count (scaleup: 2): -95 -99 -108 -85 -104 -97 -108 -92 # -129 -129 -129 -129 -129 -129 -129 -129 -129 -129 -1229 -129 -129 -129 -129 -129 
-129 -129 -129 -129 -129 
CPU side received count (scaleup: 5): -107 -88 -101 -98 -102 -88 -94 -92 # -129 -129 -129 -129 -129 -129 -129 -129 -129 -129 -12 -129 -129 -129 -129 -129 
29 -129 -129 -129 -129 -129 
9 -129 -129 -129 -129 -129 
9 -129 -129 -129 -129 -129 
9 -129 -129 -129 -129 -129 
9 -129 -129 -129 -129 -129 
Elastic buffer uses 4 channels per SM
Elastic buffer uses 4 channels per SM
Elastic buffer uses 4 channels per SM
Elastic buffer uses 4 channels per SM
Elastic buffer uses 4 channels per SM
Elastic buffer uses 4 channels per SM
Elastic buffer uses 4 channels per SM
Elastic buffer uses 4 channels per SM
CPU side received count (scaleup: 6): -102 -101 -104 -89 -110 -98 -99 -98 # -129 -129 -129 -129 -129 -129 -129 -129 -129 -129 -1CPU side received count (scaleup: 1): -91 -99 -100 -99 -98 -97 -96 -92 # -129 -129 -129 -129 -129 -129 -129 -129 -129 -129 -129 CPU side received count (scaleup: 4): -89 -100 -91 -99 -91 -92 -105 -92 # -129 -129 -129 -129 -129 -129 -129 -129 -129 -129 -12929 -129 -129 -129 -129 -129 
 -129 -129 -129 -129 -129 
CPU side received count (scaleup: 2): -95 -99 -108 -85 -104 -97 -108 -92 # -129 -129 -129 -129 -129 -129 -129 -129 -129 -129 -12CPU side received count (scaleup: 7): -111 -100 -104 -103 -99 -98 -87 -99 # -129 -129 -129 -129 -129 -129 -129 -129 -129 -129 -1CPU side received count (scaleup: 5): -107 -88 -101 -98 -102 -88 -94 -92 # -129 -129 -129 -129 -129 -129 -129 -129 -129 -129 -12CPU side received count (scaleup: 3): -95 -98 -94 -111 -106 -105 -86 -95 # -129 -129 -129 -129 -129 -129 -129 -129 -129 -129 -12CPU side received count (scaleup: 0): -105 -99 -96 -95 -102 -103 -86 -90 # -129 -129 -129 -129 -129 -129 -129 -129 -129 -129 -12-129 -129 -129 -129 -129 
9 -129 -129 -129 -129 -129 
9 -129 -129 -129 -129 -129 
29 -129 -129 -129 -129 -129 
9 -129 -129 -129 -129 -129 
9 -129 -129 -129 -129 -129 
Elastic buffer uses 4 channels per SM
Elastic buffer uses 4 channels per SM
Elastic buffer uses 4 channels per SM
Elastic buffer uses 4 channels per SM
Elastic buffer uses 4 channels per SM
Elastic buffer uses 4 channels per SM
Elastic buffer uses 4 channels per SM
Elastic buffer uses 4 channels per SM
CPU side received count (scaleup: 3): -95 -98 -94 -111 -106 -105 -86 -95 # -129 -129 -129 -129 -129 -129 -129 -129 -129 -129 -12CPU side received count (scaleup: 0): -105 -99 -96 -95 -102 -103 -86 -90 # -129 -129 -129 -129 -129 -129 -129 -129 -129 -129 -12CPU side received count (scaleup: 7): -111 -100 -104 -103 -99 -98 -87 -99 # -129 -129 -129 -129 -129 -129 -129 -129 -129 -129 -1CPU side received count (scaleup: 1): -91 -99 -100 -99 -98 -97 -96 -92 # -129 -129 -129 -129 -129 -129 -129 -129 -129 -129 -129 9 -129 -129 -129 -129 -129 
-129 -129 -129 -129 -129 
CPU side received count (scaleup: 2): -95 -99 -108 -85 -104 -97 -108 -92 # -129 -129 -129 -129 -129 -129 -129 -129 -129 -129 -12CPU side received count (scaleup: 4): -89 -100 -91 -99 -91 -92 -105 -92 # -129 -129 -129 -129 -129 -129 -129 -129 -129 -129 -129CPU side received count (scaleup: 5): -107 -88 -101 -98 -102 -88 -94 -92 # -129 -129 -129 -129 -129 -129 -129 -129 -129 -129 -12 -129 -129 -129 -129 -129 
CPU side received count (scaleup: 6): -102 -101 -104 -89 -110 -98 -99 -98 # -129 -129 -129 -129 -129 -129 -129 -129 -129 -129 -19 -129 -129 -129 -129 -129 
29 -129 -129 -129 -129 -129 
9 -129 -129 -129 -129 -129 
9 -129 -129 -129 -129 -129 
29 -129 -129 -129 -129 -129 
Elastic buffer uses 4 channels per SM
Elastic buffer uses 4 channels per SM
Elastic buffer uses 4 channels per SM
Elastic buffer uses 4 channels per SM
Elastic buffer uses 4 channels per SM
Elastic buffer uses 4 channels per SM
Elastic buffer uses 4 channels per SM
Elastic buffer uses 4 channels per SM
CPU side received count (scaleup: 4): -89 -100 -91 -99 -91 -92 -105 -92 # -129 -129 -129 -129 -129 -129 -129 -129 -129 -129 -129CPU side received count (scaleup: 1): -91 -99 -100 -99 -98 -97 -96 -92 # -129 -129 -129 -129 -129 -129 -129 -129 -129 -129 -129 CPU side received count (scaleup: 5): -107 -88 -101 -98 -102 -88 -94 -92 # -129 -129 -129 -129 -129 -129 -129 -129 -129 -129 -12 -129 -129 -129 -129 -129 
-129 -129 -129 -129 -129 
CPU side received count (scaleup: 0): -105 -99 -96 -95 -102 -103 -86 -90 # -129 -129 -129 -129 -129 -129 -129 -129 -129 -129 -12CPU side received count (scaleup: 3): -95 -98 -94 -111 -106 -105 -86 -95 # -129 -129 -129 -129 -129 -129 -129 -129 -129 -129 -12CPU side received count (scaleup: 6): -102 -101 -104 -89 -110 -98 -99 -98 # -129 -129 -129 -129 -129 -129 -129 -129 -129 -129 -1CPU side received count (scaleup: 2): -95 -99 -108 -85 -104 -97 -108 -92 # -129 -129 -129 -129 -129 -129 -129 -129 -129 -129 -12CPU side received count (scaleup: 7): -111 -100 -104 -103 -99 -98 -87 -99 # -129 -129 -129 -129 -129 -129 -129 -129 -129 -129 -19 -129 -129 -129 -129 -129 
9 -129 -129 -129 -129 -129 
9 -129 -129 -129 -129 -129 
29 -129 -129 -129 -129 -129 
9 -129 -129 -129 -129 -129 
29 -129 -129 -129 -129 -129 
Elastic buffer uses 4 channels per SM
Elastic buffer uses 4 channels per SM
Elastic buffer uses 4 channels per SM
Elastic buffer uses 4 channels per SM
Elastic buffer uses 4 channels per SM
Elastic buffer uses 4 channels per SM
Elastic buffer uses 4 channels per SM
Elastic buffer uses 4 channels per SM
CPU side received count (scaleup: 7): -111 -100 -104 -103 -99 -98 -87 -99 # -129 -129 -129 -129 -129 -129 -129 -129 -129 -129 -1CPU side received count (scaleup: 1): -91 -99 -100 -99 -98 -97 -96 -92 # -129 -129 -129 -129 -129 -129 -129 -129 -129 -129 -129 CPU side received count (scaleup: 6): -102 -101 -104 -89 -110 -98 -99 -98 # -129 -129 -129 -129 -129 -129 -129 -129 -129 -129 -1CPU side received count (scaleup: 4): -89 -100 -91 -99 -91 -92 -105 -92 # -129 -129 -129 -129 -129 -129 -129 -129 -129 -129 -129-129 -129 -129 -129 -129 
29 -129 -129 -129 -129 -129 
 -129 -129 -129 -129 -129 
CPU side received count (scaleup: 0): -105 -99 -96 -95 -102 -103 -86 -90 # -129 -129 -129 -129 -129 -129 -129 -129 -129 -129 -12CPU side received count (scaleup: 3): -95 -98 -94 -111 -106 -105 -86 -95 # -129 -129 -129 -129 -129 -129 -129 -129 -129 -129 -12CPU side received count (scaleup: 2): -95 -99 -108 -85 -104 -97 -108 -92 # -129 -129 -129 -129 -129 -129 -129 -129 -129 -129 -129 -129 -129 -129 -129 -129 
CPU side received count (scaleup: 5): -107 -88 -101 -98 -102 -88 -94 -92 # -129 -129 -129 -129 -129 -129 -129 -129 -129 -129 -1229 -129 -129 -129 -129 -129 
9 -129 -129 -129 -129 -129 
9 -129 -129 -129 -129 -129 
9 -129 -129 -129 -129 -129 
Elastic buffer uses 4 channels per SM
Elastic buffer uses 4 channels per SM
Elastic buffer uses 4 channels per SM
Elastic buffer uses 4 channels per SM
Elastic buffer uses 4 channels per SM
Elastic buffer uses 4 channels per SM
Elastic buffer uses 4 channels per SM
Elastic buffer uses 4 channels per SM
CPU side received count (scaleup: 7): -111 -100 -104 -103 -99 -98 -87 -99 # -129 -129 -129 -129 -129 -129 -129 -129 -129 -129 -1CPU side received count (scaleup: 6): -102 -101 -104 -89 -110 -98 -99 -98 # -129 -129 -129 -129 -129 -129 -129 -129 -129 -129 -1CPU side received count (scaleup: 4): -89 -100 -91 -99 -91 -92 -105 -92 # -129 -129 -129 -129 -129 -129 -129 -129 -129 -129 -129CPU side received count (scaleup: 3): -95 -98 -94 -111 -106 -105 -86 -95 # -129 -129 -129 -129 -129 -129 -129 -129 -129 -129 -12CPU side received count (scaleup: 5): -107 -88 -101 -98 -102 -88 -94 -92 # -129 -129 -129 -129 -129 -129 -129 -129 -129 -129 -12CPU side received count (scaleup: 2): -95 -99 -108 -85 -104 -97 -108 -92 # -129 -129 -129 -129 -129 -129 -129 -129 -129 -129 -12CPU side received count (scaleup: 1): -91 -99 -100 -99 -98 -97 -96 -92 # -129 -129 -129 -129 -129 -129 -129 -129 -129 -129 -129 CPU side received count (scaleup: 0): -105 -99 -96 -95 -102 -103 -86 -90 # -129 -129 -129 -129 -129 -129 -129 -129 -129 -129 -1229 -129 -129 -129 -129 -129 
29 -129 -129 -129 -129 -129 
9 -129 -129 -129 -129 -129 
 -129 -129 -129 -129 -129 
9 -129 -129 -129 -129 -129 
9 -129 -129 -129 -129 -129 
-129 -129 -129 -129 -129 
9 -129 -129 -129 -129 -129 
USDT:2026-08-25 02:32:54 440:440 SyncActivityProfilerHandler.cpp:59] profiler_stopUSDT:2026-08-25 02:32:54 437:437 SyncActivityProfilerHandler.cpp:59] profiler_stopUSDT:2026-08-25 02:32:54 439:439 SyncActivityProfilerHandler.cpp:59] profiler_stop


USDT:2026-08-25 02:32:54 441:441 SyncActivityProfilerHandler.cpp:59] profiler_stopUSDT:2026-08-25 02:32:54 435:435 SyncActivityProfilerHandler.cpp:59] profiler_stopUSDT:2026-08-25 02:32:54 438:438 SyncActivityProfilerHandler.cpp:59] profiler_stop
USDT:2026-08-25 02:32:54 436:436 SyncActivityProfilerHandler.cpp:59] profiler_stop

USDT:2026-08-25 02:32:54 442:442 SyncActivityProfilerHandler.cpp:59] profiler_stop

   * EP:   7/16 | dispatch: 5 GB/s (SO), 16 GB/s (SU), 371.417 us, 5937984 bytes | copy: 519 GB/s, 22.899 us
   * EP:   4/16 | dispatch: 5 GB/s (SO), 15 GB/s (SU), 371.381 us, 5623488 bytes | copy: 722 GB/s, 15.585 us
   * EP:   0/16 | dispatch: 5 GB/s (SO), 15 GB/s (SU), 371.104 us, 5750784 bytes | copy: 701 GB/s, 16.399 us
   * EP:   6/16 | dispatch: 5 GB/s (SO), 16 GB/s (SU), 371.329 us, 5937984 bytes | copy: 539 GB/s, 22.048 us
   * EP:   5/16 | dispatch: 5 GB/s (SO), 15 GB/s (SU), 371.328 us, 5705856 bytes | copy: 106 GB/s, 107.793 us
   * EP:   2/16 | dispatch: 5 GB/s (SO), 16 GB/s (SU), 371.454 us, 5840640 bytes | copy: 107 GB/s, 108.690 us
   * EP:   1/16 | dispatch: 5 GB/s (SO), 15 GB/s (SU), 371.307 us, 5720832 bytes | copy: 556 GB/s, 20.593 us
   * EP:   3/16 | dispatch: 5 GB/s (SO), 16 GB/s (SU), 371.458 us, 5855616 bytes | copy: 104 GB/s, 112.643 us
Elastic buffer uses 4 channels per SM
Elastic buffer uses 4 channels per SM
Elastic buffer uses 4 channels per SM
Elastic buffer uses 4 channels per SM
Elastic buffer uses 4 channels per SM
Elastic buffer uses 4 channels per SM
Elastic buffer uses 4 channels per SM
Elastic buffer uses 4 channels per SM
CPU side received count (scaleup: 7): -111 -100 -104 -103 -99 -98 -87 -99 # -129 -129 -129 -129 -129 -129 -129 -129 -129 -129 -1CPU side received count (scaleup: 6): -102 -101 -104 -89 -110 -98 -99 -98 # -129 -129 -129 -129 -129 -129 -129 -129 -129 -129 -1CPU side received count (scaleup: 1): -91 -99 -100 -99 -98 -97 -96 -92 # -129 -129 -129 -129 -129 -129 -129 -129 -129 -129 -129 CPU side received count (scaleup: 4): -89 -100 -91 -99 -91 -92 -105 -92 # -129 -129 -129 -129 -129 -129 -129 -129 -129 -129 -129CPU side received count (scaleup: 2): -95 -99 -108 -85 -104 -97 -108 -92 # -129 -129 -129 -129 -129 -129 -129 -129 -129 -129 -12CPU side received count (scaleup: 3): -95 -98 -94 -111 -106 -105 -86 -95 # -129 -129 -129 -129 -129 -129 -129 -129 -129 -129 -12CPU side received count (scaleup: 0): -105 -99 -96 -95 -102 -103 -86 -90 # -129 -129 -129 -129 -129 -129 -129 -129 -129 -129 -12CPU side received count (scaleup: 5): -107 -88 -101 -98 -102 -88 -94 -92 # -129 -129 -129 -129 -129 -129 -129 -129 -129 -129 -129 -129 -129 -129 -129 -129 
29 -129 -129 -129 -129 -129 
29 -129 -129 -129 -129 -129 
-129 -129 -129 -129 -129 
 -129 -129 -129 -129 -129 
9 -129 -129 -129 -129 -129 
9 -129 -129 -129 -129 -129 
9 -129 -129 -129 -129 -129 
Elastic buffer uses 4 channels per SM
Elastic buffer uses 4 channels per SM
Elastic buffer uses 4 channels per SM
Elastic buffer uses 4 channels per SM
Elastic buffer uses 4 channels per SM
Elastic buffer uses 4 channels per SM
Elastic buffer uses 4 channels per SM
Elastic buffer uses 4 channels per SM
CPU side received count (scaleup: 7): -111 -100 -104 -103 -99 -98 -87 -99 # -129 -129 -129 -129 -129 -129 -129 -129 -129 -129 -1CPU side received count (scaleup: 2): -95 -99 -108 -85 -104 -97 -108 -92 # -129 -129 -129 -129 -129 -129 -129 -129 -129 -129 -12CPU side received count (scaleup: 0): -105 -99 -96 -95 -102 -103 -86 -90 # -129 -129 -129 -129 -129 -129 -129 -129 -129 -129 -12CPU side received count (scaleup: 6): -102 -101 -104 -89 -110 -98 -99 -98 # -129 -129 -129 -129 -129 -129 -129 -129 -129 -129 -1CPU side received count (scaleup: 4): -89 -100 -91 -99 -91 -92 -105 -92 # -129 -129 -129 -129 -129 -129 -129 -129 -129 -129 -129CPU side received count (scaleup: 1): -91 -99 -100 -99 -98 -97 -96 -92 # -129 -129 -129 -129 -129 -129 -129 -129 -129 -129 -129 CPU side received count (scaleup: 3): -95 -98 -94 -111 -106 -105 -86 -95 # -129 -129 -129 -129 -129 -129 -129 -129 -129 -129 -12CPU side received count (scaleup: 5): -107 -88 -101 -98 -102 -88 -94 -92 # -129 -129 -129 -129 -129 -129 -129 -129 -129 -129 -1229 -129 -129 -129 -129 -129 
 -129 -129 -129 -129 -129 
-129 -129 -129 -129 -129 
29 -129 -129 -129 -129 -129 
9 -129 -129 -129 -129 -129 
9 -129 -129 -129 -129 -129 
9 -129 -129 -129 -129 -129 
9 -129 -129 -129 -129 -129 
Elastic buffer uses 4 channels per SM
Elastic buffer uses 4 channels per SM
Elastic buffer uses 4 channels per SM
Elastic buffer uses 4 channels per SM
Elastic buffer uses 4 channels per SM
Elastic buffer uses 4 channels per SM
Elastic buffer uses 4 channels per SM
Elastic buffer uses 4 channels per SM
CPU side received count (scaleup: 7): -111 -100 -104 -103 -99 -98 -87 -99 # -129 -129 -129 -129 -129 -129 -129 -129 -129 -129 -1CPU side received count (scaleup: 6): -102 -101 -104 -89 -110 -98 -99 -98 # -129 -129 -129 -129 -129 -129 -129 -129 -129 -129 -1CPU side received count (scaleup: 3): -95 -98 -94 -111 -106 -105 -86 -95 # -129 -129 -129 -129 -129 -129 -129 -129 -129 -129 -12CPU side received count (scaleup: 0): -105 -99 -96 -95 -102 -103 -86 -90 # -129 -129 -129 -129 -129 -129 -129 -129 -129 -129 -1229 -129 -129 -129 -129 -129 
CPU side received count (scaleup: 2): -95 -99 -108 -85 -104 -97 -108 -92 # -129 -129 -129 -129 -129 -129 -129 -129 -129 -129 -12CPU side received count (scaleup: 5): -107 -88 -101 -98 -102 -88 -94 -92 # -129 -129 -129 -129 -129 -129 -129 -129 -129 -129 -12CPU side received count (scaleup: 4): -89 -100 -91 -99 -91 -92 -105 -92 # -129 -129 -129 -129 -129 -129 -129 -129 -129 -129 -129CPU side received count (scaleup: 1): -91 -99 -100 -99 -98 -97 -96 -92 # -129 -129 -129 -129 -129 -129 -129 -129 -129 -129 -129 29 -129 -129 -129 -129 -129 
-129 -129 -129 -129 -129 
9 -129 -129 -129 -129 -129 
9 -129 -129 -129 -129 -129 
9 -129 -129 -129 -129 -129 
9 -129 -129 -129 -129 -129 
 -129 -129 -129 -129 -129 
Elastic buffer uses 4 channels per SM
Elastic buffer uses 4 channels per SM
Elastic buffer uses 4 channels per SM
Elastic buffer uses 4 channels per SM
Elastic buffer uses 4 channels per SM
Elastic buffer uses 4 channels per SM
Elastic buffer uses 4 channels per SM
Elastic buffer uses 4 channels per SM
CPU side received count (scaleup: 4): -89 -100 -91 -99 -91 -92 -105 -92 # -129 -129 -129 -129 -129 -129 -129 -129 -129 -129 -129CPU side received count (scaleup: 5): -107 -88 -101 -98 -102 -88 -94 -92 # -129 -129 -129 -129 -129 -129 -129 -129 -129 -129 -12CPU side received count (scaleup: 6): -102 -101 -104 -89 -110 -98 -99 -98 # -129 -129 -129 -129 -129 -129 -129 -129 -129 -129 -1CPU side received count (scaleup: 3): -95 -98 -94 -111 -106 -105 -86 -95 # -129 -129 -129 -129 -129 -129 -129 -129 -129 -129 -12CPU side received count (scaleup: 7): -111 -100 -104 -103 -99 -98 -87 -99 # -129 -129 -129 -129 -129 -129 -129 -129 -129 -129 -1CPU side received count (scaleup: 1): -91 -99 -100 -99 -98 -97 -96 -92 # -129 -129 -129 -129 -129 -129 -129 -129 -129 -129 -129 CPU side received count (scaleup: 0): -105 -99 -96 -95 -102 -103 -86 -90 # -129 -129 -129 -129 -129 -129 -129 -129 -129 -129 -12CPU side received count (scaleup: 2): -95 -99 -108 -85 -104 -97 -108 -92 # -129 -129 -129 -129 -129 -129 -129 -129 -129 -129 -12 -129 -129 -129 -129 -129 
9 -129 -129 -129 -129 -129 
9 -129 -129 -129 -129 -129 
29 -129 -129 -129 -129 -129 
9 -129 -129 -129 -129 -129 
29 -129 -129 -129 -129 -129 
-129 -129 -129 -129 -129 
9 -129 -129 -129 -129 -129 
Elastic buffer uses 4 channels per SM
Elastic buffer uses 4 channels per SM
Elastic buffer uses 4 channels per SM
Elastic buffer uses 4 channels per SM
Elastic buffer uses 4 channels per SM
Elastic buffer uses 4 channels per SM
Elastic buffer uses 4 channels per SM
Elastic buffer uses 4 channels per SM
CPU side received count (scaleup: 0): -105 -99 -96 -95 -102 -103 -86 -90 # -129 -129 -129 -129 -129 -129 -129 -129 -129 -129 -12CPU side received count (scaleup: 2): -95 -99 -108 -85 -104 -97 -108 -92 # -129 -129 -129 -129 -129 -129 -129 -129 -129 -129 -12CPU side received count (scaleup: 3): -95 -98 -94 -111 -106 -105 -86 -95 # -129 -129 -129 -129 -129 -129 -129 -129 -129 -129 -12CPU side received count (scaleup: 7): -111 -100 -104 -103 -99 -98 -87 -99 # -129 -129 -129 -129 -129 -129 -129 -129 -129 -129 -1CPU side received count (scaleup: 6): -102 -101 -104 -89 -110 -98 -99 -98 # -129 -129 -129 -129 -129 -129 -129 -129 -129 -129 -1CPU side received count (scaleup: 4): -89 -100 -91 -99 -91 -92 -105 -92 # -129 -129 -129 -129 -129 -129 -129 -129 -129 -129 -129CPU side received count (scaleup: 1): -91 -99 -100 -99 -98 -97 -96 -92 # -129 -129 -129 -129 -129 -129 -129 -129 -129 -129 -129 CPU side received count (scaleup: 5): -107 -88 -101 -98 -102 -88 -94 -92 # -129 -129 -129 -129 -129 -129 -129 -129 -129 -129 -129 -129 -129 -129 -129 -129 
9 -129 -129 -129 -129 -129 
29 -129 -129 -129 -129 -129 
29 -129 -129 -129 -129 -129 
9 -129 -129 -129 -129 -129 
 -129 -129 -129 -129 -129 
-129 -129 -129 -129 -129 
9 -129 -129 -129 -129 -129 
Elastic buffer uses 4 channels per SM
Elastic buffer uses 4 channels per SM
Elastic buffer uses 4 channels per SM
Elastic buffer uses 4 channels per SM
Elastic buffer uses 4 channels per SM
Elastic buffer uses 4 channels per SM
Elastic buffer uses 4 channels per SM
Elastic buffer uses 4 channels per SM
CPU side received count (scaleup: 7): -111 -100 -104 -103 -99 -98 -87 -99 # -129 -129 -129 -129 -129 -129 -129 -129 -129 -129 -1CPU side received count (scaleup: 3): -95 -98 -94 -111 -106 -105 -86 -95 # -129 -129 -129 -129 -129 -129 -129 -129 -129 -129 -12CPU side received count (scaleup: 4): -89 -100 -91 -99 -91 -92 -105 -92 # -129 -129 -129 -129 -129 -129 -129 -129 -129 -129 -129CPU side received count (scaleup: 6): -102 -101 -104 -89 -110 -98 -99 -98 # -129 -129 -129 -129 -129 -129 -129 -129 -129 -129 -1CPU side received count (scaleup: 1): -91 -99 -100 -99 -98 -97 -96 -92 # -129 -129 -129 -129 -129 -129 -129 -129 -129 -129 -129 CPU side received count (scaleup: 2): -95 -99 -108 -85 -104 -97 -108 -92 # -129 -129 -129 -129 -129 -129 -129 -129 -129 -129 -12CPU side received count (scaleup: 5): -107 -88 -101 -98 -102 -88 -94 -92 # -129 -129 -129 -129 -129 -129 -129 -129 -129 -129 -12CPU side received count (scaleup: 0): -105 -99 -96 -95 -102 -103 -86 -90 # -129 -129 -129 -129 -129 -129 -129 -129 -129 -129 -12-129 -129 -129 -129 -129 
29 -129 -129 -129 -129 -129 
9 -129 -129 -129 -129 -129 
9 -129 -129 -129 -129 -129 
 -129 -129 -129 -129 -129 
29 -129 -129 -129 -129 -129 
9 -129 -129 -129 -129 -129 
9 -129 -129 -129 -129 -129 
Elastic buffer uses 4 channels per SM
Elastic buffer uses 4 channels per SM
Elastic buffer uses 4 channels per SM
Elastic buffer uses 4 channels per SM
Elastic buffer uses 4 channels per SM
Elastic buffer uses 4 channels per SM
Elastic buffer uses 4 channels per SM
Elastic buffer uses 4 channels per SM
CPU side received count (scaleup: 3): -95 -98 -94 -111 -106 -105 -86 -95 # -129 -129 -129 -129 -129 -129 -129 -129 -129 -129 -12CPU side received count (scaleup: 2): -95 -99 -108 -85 -104 -97 -108 -92 # -129 -129 -129 -129 -129 -129 -129 -129 -129 -129 -12CPU side received count (scaleup: 1): -91 -99 -100 -99 -98 -97 -96 -92 # -129 -129 -129 -129 -129 -129 -129 -129 -129 -129 -129 CPU side received count (scaleup: 7): -111 -100 -104 -103 -99 -98 -87 -99 # -129 -129 -129 -129 -129 -129 -129 -129 -129 -129 -1CPU side received count (scaleup: 4): -89 -100 -91 -99 -91 -92 -105 -92 # -129 -129 -129 -129 -129 -129 -129 -129 -129 -129 -129CPU side received count (scaleup: 5): -107 -88 -101 -98 -102 -88 -94 -92 # -129 -129 -129 -129 -129 -129 -129 -129 -129 -129 -12CPU side received count (scaleup: 0): -105 -99 -96 -95 -102 -103 -86 -90 # -129 -129 -129 -129 -129 -129 -129 -129 -129 -129 -1229 -129 -129 -129 -129 -129 
CPU side received count (scaleup: 6): -102 -101 -104 -89 -110 -98 -99 -98 # -129 -129 -129 -129 -129 -129 -129 -129 -129 -129 -19 -129 -129 -129 -129 -129 
-129 -129 -129 -129 -129 
9 -129 -129 -129 -129 -129 
29 -129 -129 -129 -129 -129 
 -129 -129 -129 -129 -129 
9 -129 -129 -129 -129 -129 
9 -129 -129 -129 -129 -129 
Elastic buffer uses 4 channels per SM
Elastic buffer uses 4 channels per SM
Elastic buffer uses 4 channels per SM
Elastic buffer uses 4 channels per SM
Elastic buffer uses 4 channels per SM
Elastic buffer uses 4 channels per SM
Elastic buffer uses 4 channels per SM
Elastic buffer uses 4 channels per SM
CPU side received count (scaleup: 3): -95 -98 -94 -111 -106 -105 -86 -95 # -129 -129 -129 -129 -129 -129 -129 -129 -129 -129 -12CPU side received count (scaleup: 7): -111 -100 -104 -103 -99 -98 -87 -99 # -129 -129 -129 -129 -129 -129 -129 -129 -129 -129 -1CPU side received count (scaleup: 6): -102 -101 -104 -89 -110 -98 -99 -98 # -129 -129 -129 -129 -129 -129 -129 -129 -129 -129 -1CPU side received count (scaleup: 2): -95 -99 -108 -85 -104 -97 -108 -92 # -129 -129 -129 -129 -129 -129 -129 -129 -129 -129 -129 -129 -129 -129 -129 -129 
29 -129 -129 -129 -129 -129 
CPU side received count (scaleup: 0): -105 -99 -96 -95 -102 -103 -86 -90 # -129 -129 -129 -129 -129 -129 -129 -129 -129 -129 -12CPU side received count (scaleup: 5): -107 -88 -101 -98 -102 -88 -94 -92 # -129 -129 -129 -129 -129 -129 -129 -129 -129 -129 -12CPU side received count (scaleup: 4): -89 -100 -91 -99 -91 -92 -105 -92 # -129 -129 -129 -129 -129 -129 -129 -129 -129 -129 -129CPU side received count (scaleup: 1): -91 -99 -100 -99 -98 -97 -96 -92 # -129 -129 -129 -129 -129 -129 -129 -129 -129 -129 -129 29 -129 -129 -129 -129 -129 
 -129 -129 -129 -129 -129 
9 -129 -129 -129 -129 -129 
9 -129 -129 -129 -129 -129 
9 -129 -129 -129 -129 -129 
-129 -129 -129 -129 -129 
Elastic buffer uses 4 channels per SM
Elastic buffer uses 4 channels per SM
Elastic buffer uses 4 channels per SM
Elastic buffer uses 4 channels per SM
Elastic buffer uses 4 channels per SM
Elastic buffer uses 4 channels per SM
Elastic buffer uses 4 channels per SM
Elastic buffer uses 4 channels per SM
CPU side received count (scaleup: 7): -111 -100 -104 -103 -99 -98 -87 -99 # -129 -129 -129 -129 -129 -129 -129 -129 -129 -129 -1CPU side received count (scaleup: 4): -89 -100 -91 -99 -91 -92 -105 -92 # -129 -129 -129 -129 -129 -129 -129 -129 -129 -129 -129CPU side received count (scaleup: 5): -107 -88 -101 -98 -102 -88 -94 -92 # -129 -129 -129 -129 -129 -129 -129 -129 -129 -129 -12CPU side received count (scaleup: 2): -95 -99 -108 -85 -104 -97 -108 -92 # -129 -129 -129 -129 -129 -129 -129 -129 -129 -129 -12CPU side received count (scaleup: 6): -102 -101 -104 -89 -110 -98 -99 -98 # -129 -129 -129 -129 -129 -129 -129 -129 -129 -129 -1CPU side received count (scaleup: 1): -91 -99 -100 -99 -98 -97 -96 -92 # -129 -129 -129 -129 -129 -129 -129 -129 -129 -129 -129 CPU side received count (scaleup: 3): -95 -98 -94 -111 -106 -105 -86 -95 # -129 -129 -129 -129 -129 -129 -129 -129 -129 -129 -129 -129 -129 -129 -129 -129 
9 -129 -129 -129 -129 -129 
29 -129 -129 -129 -129 -129 
CPU side received count (scaleup: 0): -105 -99 -96 -95 -102 -103 -86 -90 # -129 -129 -129 -129 -129 -129 -129 -129 -129 -129 -1229 -129 -129 -129 -129 -129 
 -129 -129 -129 -129 -129 
-129 -129 -129 -129 -129 
9 -129 -129 -129 -129 -129 
9 -129 -129 -129 -129 -129 
Elastic buffer uses 4 channels per SM
Elastic buffer uses 4 channels per SM
Elastic buffer uses 4 channels per SM
Elastic buffer uses 4 channels per SM
Elastic buffer uses 4 channels per SM
Elastic buffer uses 4 channels per SM
Elastic buffer uses 4 channels per SM
Elastic buffer uses 4 channels per SM
CPU side received count (scaleup: 2): -95 -99 -108 -85 -104 -97 -108 -92 # -129 -129 -129 -129 -129 -129 -129 -129 -129 -129 -12CPU side received count (scaleup: 0): -105 -99 -96 -95 -102 -103 -86 -90 # -129 -129 -129 -129 -129 -129 -129 -129 -129 -129 -12CPU side received count (scaleup: 4): -89 -100 -91 -99 -91 -92 -105 -92 # -129 -129 -129 -129 -129 -129 -129 -129 -129 -129 -129CPU side received count (scaleup: 3): -95 -98 -94 -111 -106 -105 -86 -95 # -129 -129 -129 -129 -129 -129 -129 -129 -129 -129 -12CPU side received count (scaleup: 1): -91 -99 -100 -99 -98 -97 -96 -92 # -129 -129 -129 -129 -129 -129 -129 -129 -129 -129 -129 CPU side received count (scaleup: 6): -102 -101 -104 -89 -110 -98 -99 -98 # -129 -129 -129 -129 -129 -129 -129 -129 -129 -129 -1CPU side received count (scaleup: 5): -107 -88 -101 -98 -102 -88 -94 -92 # -129 -129 -129 -129 -129 -129 -129 -129 -129 -129 -129 -129 -129 -129 -129 -129 
CPU side received count (scaleup: 7): -111 -100 -104 -103 -99 -98 -87 -99 # -129 -129 -129 -129 -129 -129 -129 -129 -129 -129 -1-129 -129 -129 -129 -129 
29 -129 -129 -129 -129 -129 
9 -129 -129 -129 -129 -129 
9 -129 -129 -129 -129 -129 
 -129 -129 -129 -129 -129 
9 -129 -129 -129 -129 -129 
29 -129 -129 -129 -129 -129 
Elastic buffer uses 4 channels per SM
Elastic buffer uses 4 channels per SM
Elastic buffer uses 4 channels per SM
Elastic buffer uses 4 channels per SM
Elastic buffer uses 4 channels per SM
Elastic buffer uses 4 channels per SM
Elastic buffer uses 4 channels per SM
Elastic buffer uses 4 channels per SM
CPU side received count (scaleup: 3): -95 -98 -94 -111 -106 -105 -86 -95 # -129 -129 -129 -129 -129 -129 -129 -129 -129 -129 -12CPU side received count (scaleup: 4): -89 -100 -91 -99 -91 -92 -105 -92 # -129 -129 -129 -129 -129 -129 -129 -129 -129 -129 -129CPU side received count (scaleup: 5): -107 -88 -101 -98 -102 -88 -94 -92 # -129 -129 -129 -129 -129 -129 -129 -129 -129 -129 -12CPU side received count (scaleup: 7): -111 -100 -104 -103 -99 -98 -87 -99 # -129 -129 -129 -129 -129 -129 -129 -129 -129 -129 -1CPU side received count (scaleup: 6): -102 -101 -104 -89 -110 -98 -99 -98 # -129 -129 -129 -129 -129 -129 -129 -129 -129 -129 -1CPU side received count (scaleup: 1): -91 -99 -100 -99 -98 -97 -96 -92 # -129 -129 -129 -129 -129 -129 -129 -129 -129 -129 -129 9 -129 -129 -129 -129 -129 
CPU side received count (scaleup: 0): -105 -99 -96 -95 -102 -103 -86 -90 # -129 -129 -129 -129 -129 -129 -129 -129 -129 -129 -12CPU side received count (scaleup: 2): -95 -99 -108 -85 -104 -97 -108 -92 # -129 -129 -129 -129 -129 -129 -129 -129 -129 -129 -129 -129 -129 -129 -129 -129 
 -129 -129 -129 -129 -129 
29 -129 -129 -129 -129 -129 
-129 -129 -129 -129 -129 
29 -129 -129 -129 -129 -129 
9 -129 -129 -129 -129 -129 
9 -129 -129 -129 -129 -129 
Elastic buffer uses 4 channels per SM
Elastic buffer uses 4 channels per SM
Elastic buffer uses 4 channels per SM
Elastic buffer uses 4 channels per SM
Elastic buffer uses 4 channels per SM
Elastic buffer uses 4 channels per SM
Elastic buffer uses 4 channels per SM
Elastic buffer uses 4 channels per SM
CPU side received count (scaleup: 4): -89 -100 -91 -99 -91 -92 -105 -92 # -129 -129 -129 -129 -129 -129 -129 -129 -129 -129 -129CPU side received count (scaleup: 3): -95 -98 -94 -111 -106 -105 -86 -95 # -129 -129 -129 -129 -129 -129 -129 -129 -129 -129 -12CPU side received count (scaleup: 2): -95 -99 -108 -85 -104 -97 -108 -92 # -129 -129 -129 -129 -129 -129 -129 -129 -129 -129 -12CPU side received count (scaleup: 5): -107 -88 -101 -98 -102 -88 -94 -92 # -129 -129 -129 -129 -129 -129 -129 -129 -129 -129 -12CPU side received count (scaleup: 6): -102 -101 -104 -89 -110 -98 -99 -98 # -129 -129 -129 -129 -129 -129 -129 -129 -129 -129 -1CPU side received count (scaleup: 0): -105 -99 -96 -95 -102 -103 -86 -90 # -129 -129 -129 -129 -129 -129 -129 -129 -129 -129 -12CPU side received count (scaleup: 1): -91 -99 -100 -99 -98 -97 -96 -92 # -129 -129 -129 -129 -129 -129 -129 -129 -129 -129 -129 CPU side received count (scaleup: 7): -111 -100 -104 -103 -99 -98 -87 -99 # -129 -129 -129 -129 -129 -129 -129 -129 -129 -129 -1 -129 -129 -129 -129 -129 
9 -129 -129 -129 -129 -129 
9 -129 -129 -129 -129 -129 
9 -129 -129 -129 -129 -129 
29 -129 -129 -129 -129 -129 
9 -129 -129 -129 -129 -129 
29 -129 -129 -129 -129 -129 
-129 -129 -129 -129 -129 
Elastic buffer uses 4 channels per SM
Elastic buffer uses 4 channels per SM
Elastic buffer uses 4 channels per SM
Elastic buffer uses 4 channels per SM
Elastic buffer uses 4 channels per SM
Elastic buffer uses 4 channels per SM
Elastic buffer uses 4 channels per SM
Elastic buffer uses 4 channels per SM
CPU side received count (scaleup: 3): -95 -98 -94 -111 -106 -105 -86 -95 # -129 -129 -129 -129 -129 -129 -129 -129 -129 -129 -12CPU side received count (scaleup: 5): -107 -88 -101 -98 -102 -88 -94 -92 # -129 -129 -129 -129 -129 -129 -129 -129 -129 -129 -12CPU side received count (scaleup: 2): -95 -99 -108 -85 -104 -97 -108 -92 # -129 -129 -129 -129 -129 -129 -129 -129 -129 -129 -12CPU side received count (scaleup: 4): -89 -100 -91 -99 -91 -92 -105 -92 # -129 -129 -129 -129 -129 -129 -129 -129 -129 -129 -129CPU side received count (scaleup: 7): -111 -100 -104 -103 -99 -98 -87 -99 # -129 -129 -129 -129 -129 -129 -129 -129 -129 -129 -1CPU side received count (scaleup: 1): -91 -99 -100 -99 -98 -97 -96 -92 # -129 -129 -129 -129 -129 -129 -129 -129 -129 -129 -129 9 -129 -129 -129 -129 -129 
CPU side received count (scaleup: 6): -102 -101 -104 -89 -110 -98 -99 -98 # -129 -129 -129 -129 -129 -129 -129 -129 -129 -129 -1CPU side received count (scaleup: 0): -105 -99 -96 -95 -102 -103 -86 -90 # -129 -129 -129 -129 -129 -129 -129 -129 -129 -129 -12 -129 -129 -129 -129 -129 
-129 -129 -129 -129 -129 
9 -129 -129 -129 -129 -129 
29 -129 -129 -129 -129 -129 
9 -129 -129 -129 -129 -129 
29 -129 -129 -129 -129 -129 
9 -129 -129 -129 -129 -129 
Elastic buffer uses 4 channels per SM
Elastic buffer uses 4 channels per SM
Elastic buffer uses 4 channels per SM
Elastic buffer uses 4 channels per SM
Elastic buffer uses 4 channels per SM
Elastic buffer uses 4 channels per SM
Elastic buffer uses 4 channels per SM
Elastic buffer uses 4 channels per SM
CPU side received count (scaleup: 4): -89 -100 -91 -99 -91 -92 -105 -92 # -129 -129 -129 -129 -129 -129 -129 -129 -129 -129 -129CPU side received count (scaleup: 0): -105 -99 -96 -95 -102 -103 -86 -90 # -129 -129 -129 -129 -129 -129 -129 -129 -129 -129 -12CPU side received count (scaleup: 5): -107 -88 -101 -98 -102 -88 -94 -92 # -129 -129 -129 -129 -129 -129 -129 -129 -129 -129 -12CPU side received count (scaleup: 3): -95 -98 -94 -111 -106 -105 -86 -95 # -129 -129 -129 -129 -129 -129 -129 -129 -129 -129 -12 -129 -129 -129 -129 -129 
CPU side received count (scaleup: 1): -91 -99 -100 -99 -98 -97 -96 -92 # -129 -129 -129 -129 -129 -129 -129 -129 -129 -129 -129 CPU side received count (scaleup: 2): -95 -99 -108 -85 -104 -97 -108 -92 # -129 -129 -129 -129 -129 -129 -129 -129 -129 -129 -12CPU side received count (scaleup: 7): -111 -100 -104 -103 -99 -98 -87 -99 # -129 -129 -129 -129 -129 -129 -129 -129 -129 -129 -1CPU side received count (scaleup: 6): -102 -101 -104 -89 -110 -98 -99 -98 # -129 -129 -129 -129 -129 -129 -129 -129 -129 -129 -19 -129 -129 -129 -129 -129 
9 -129 -129 -129 -129 -129 
9 -129 -129 -129 -129 -129 
-129 -129 -129 -129 -129 
9 -129 -129 -129 -129 -129 
29 -129 -129 -129 -129 -129 
29 -129 -129 -129 -129 -129 
Elastic buffer uses 4 channels per SM
Elastic buffer uses 4 channels per SM
Elastic buffer uses 4 channels per SM
Elastic buffer uses 4 channels per SM
Elastic buffer uses 4 channels per SM
Elastic buffer uses 4 channels per SM
Elastic buffer uses 4 channels per SM
Elastic buffer uses 4 channels per SM
CPU side received count (scaleup: 3): -95 -98 -94 -111 -106 -105 -86 -95 # -129 -129 -129 -129 -129 -129 -129 -129 -129 -129 -12CPU side received count (scaleup: 1): -91 -99 -100 -99 -98 -97 -96 -92 # -129 -129 -129 -129 -129 -129 -129 -129 -129 -129 -129 CPU side received count (scaleup: 4): -89 -100 -91 -99 -91 -92 -105 -92 # -129 -129 -129 -129 -129 -129 -129 -129 -129 -129 -1299 -129 -129 -129 -129 -129 
CPU side received count (scaleup: 7): -111 -100 -104 -103 -99 -98 -87 -99 # -129 -129 -129 -129 -129 -129 -129 -129 -129 -129 -1CPU side received count (scaleup: 6): -102 -101 -104 -89 -110 -98 -99 -98 # -129 -129 -129 -129 -129 -129 -129 -129 -129 -129 -129 -129 -129 -129 -129 -129 
CPU side received count (scaleup: 5): -107 -88 -101 -98 -102 -88 -94 -92 # -129 -129 -129 -129 -129 -129 -129 -129 -129 -129 -12CPU side received count (scaleup: 0): -105 -99 -96 -95 -102 -103 -86 -90 # -129 -129 -129 -129 -129 -129 -129 -129 -129 -129 -12CPU side received count (scaleup: 2): -95 -99 -108 -85 -104 -97 -108 -92 # -129 -129 -129 -129 -129 -129 -129 -129 -129 -129 -12-129 -129 -129 -129 -129 
9 -129 -129 -129 -129 -129 
 -129 -129 -129 -129 -129 
29 -129 -129 -129 -129 -129 
9 -129 -129 -129 -129 -129 
9 -129 -129 -129 -129 -129 
Elastic buffer uses 4 channels per SM
Elastic buffer uses 4 channels per SM
Elastic buffer uses 4 channels per SM
Elastic buffer uses 4 channels per SM
Elastic buffer uses 4 channels per SM
Elastic buffer uses 4 channels per SM
Elastic buffer uses 4 channels per SM
Elastic buffer uses 4 channels per SM
CPU side received count (scaleup: 3): -95 -98 -94 -111 -106 -105 -86 -95 # -129 -129 -129 -129 -129 -129 -129 -129 -129 -129 -12CPU side received count (scaleup: 0): -105 -99 -96 -95 -102 -103 -86 -90 # -129 -129 -129 -129 -129 -129 -129 -129 -129 -129 -12CPU side received count (scaleup: 4): -89 -100 -91 -99 -91 -92 -105 -92 # -129 -129 -129 -129 -129 -129 -129 -129 -129 -129 -129CPU side received count (scaleup: 5): -107 -88 -101 -98 -102 -88 -94 -92 # -129 -129 -129 -129 -129 -129 -129 -129 -129 -129 -12CPU side received count (scaleup: 6): -102 -101 -104 -89 -110 -98 -99 -98 # -129 -129 -129 -129 -129 -129 -129 -129 -129 -129 -1CPU side received count (scaleup: 7): -111 -100 -104 -103 -99 -98 -87 -99 # -129 -129 -129 -129 -129 -129 -129 -129 -129 -129 -1CPU side received count (scaleup: 2): -95 -99 -108 -85 -104 -97 -108 -92 # -129 -129 -129 -129 -129 -129 -129 -129 -129 -129 -1229 -129 -129 -129 -129 -129 
CPU side received count (scaleup: 1): -91 -99 -100 -99 -98 -97 -96 -92 # -129 -129 -129 -129 -129 -129 -129 -129 -129 -129 -129 9 -129 -129 -129 -129 -129 
 -129 -129 -129 -129 -129 
9 -129 -129 -129 -129 -129 
29 -129 -129 -129 -129 -129 
9 -129 -129 -129 -129 -129 
9 -129 -129 -129 -129 -129 
-129 -129 -129 -129 -129 
Elastic buffer uses 4 channels per SM
Elastic buffer uses 4 channels per SM
Elastic buffer uses 4 channels per SM
Elastic buffer uses 4 channels per SM
Elastic buffer uses 4 channels per SM
Elastic buffer uses 4 channels per SM
Elastic buffer uses 4 channels per SM
Elastic buffer uses 4 channels per SM
CPU side received count (scaleup: 7): -111 -100 -104 -103 -99 -98 -87 -99 # -129 -129 -129 -129 -129 -129 -129 -129 -129 -129 -1CPU side received count (scaleup: 5): -107 -88 -101 -98 -102 -88 -94 -92 # -129 -129 -129 -129 -129 -129 -129 -129 -129 -129 -12CPU side received count (scaleup: 6): -102 -101 -104 -89 -110 -98 -99 -98 # -129 -129 -129 -129 -129 -129 -129 -129 -129 -129 -19 -129 -129 -129 -129 -129 
CPU side received count (scaleup: 3): -95 -98 -94 -111 -106 -105 -86 -95 # -129 -129 -129 -129 -129 -129 -129 -129 -129 -129 -12CPU side received count (scaleup: 0): -105 -99 -96 -95 -102 -103 -86 -90 # -129 -129 -129 -129 -129 -129 -129 -129 -129 -129 -12CPU side received count (scaleup: 4): -89 -100 -91 -99 -91 -92 -105 -92 # -129 -129 -129 -129 -129 -129 -129 -129 -129 -129 -129CPU side received count (scaleup: 1): -91 -99 -100 -99 -98 -97 -96 -92 # -129 -129 -129 -129 -129 -129 -129 -129 -129 -129 -129 CPU side received count (scaleup: 2): -95 -99 -108 -85 -104 -97 -108 -92 # -129 -129 -129 -129 -129 -129 -129 -129 -129 -129 -12-129 -129 -129 -129 -129 
29 -129 -129 -129 -129 -129 
29 -129 -129 -129 -129 -129 
9 -129 -129 -129 -129 -129 
9 -129 -129 -129 -129 -129 
9 -129 -129 -129 -129 -129 
 -129 -129 -129 -129 -129 
Elastic buffer uses 4 channels per SM
Elastic buffer uses 4 channels per SM
Elastic buffer uses 4 channels per SM
Elastic buffer uses 4 channels per SM
Elastic buffer uses 4 channels per SM
Elastic buffer uses 4 channels per SM
Elastic buffer uses 4 channels per SM
Elastic buffer uses 4 channels per SM
CPU side received count (scaleup: 3): -95 -98 -94 -111 -106 -105 -86 -95 # -129 -129 -129 -129 -129 -129 -129 -129 -129 -129 -12CPU side received count (scaleup: 2): -95 -99 -108 -85 -104 -97 -108 -92 # -129 -129 -129 -129 -129 -129 -129 -129 -129 -129 -12CPU side received count (scaleup: 7): -111 -100 -104 -103 -99 -98 -87 -99 # -129 -129 -129 -129 -129 -129 -129 -129 -129 -129 -1CPU side received count (scaleup: 0): -105 -99 -96 -95 -102 -103 -86 -90 # -129 -129 -129 -129 -129 -129 -129 -129 -129 -129 -12CPU side received count (scaleup: 6): -102 -101 -104 -89 -110 -98 -99 -98 # -129 -129 -129 -129 -129 -129 -129 -129 -129 -129 -1CPU side received count (scaleup: 5): -107 -88 -101 -98 -102 -88 -94 -92 # -129 -129 -129 -129 -129 -129 -129 -129 -129 -129 -129 -129 -129 -129 -129 -129 
CPU side received count (scaleup: 4): -89 -100 -91 -99 -91 -92 -105 -92 # -129 -129 -129 -129 -129 -129 -129 -129 -129 -129 -129CPU side received count (scaleup: 1): -91 -99 -100 -99 -98 -97 -96 -92 # -129 -129 -129 -129 -129 -129 -129 -129 -129 -129 -129 9 -129 -129 -129 -129 -129 
9 -129 -129 -129 -129 -129 
29 -129 -129 -129 -129 -129 
29 -129 -129 -129 -129 -129 
9 -129 -129 -129 -129 -129 
-129 -129 -129 -129 -129 
 -129 -129 -129 -129 -129 
Elastic buffer uses 4 channels per SM
Elastic buffer uses 4 channels per SM
Elastic buffer uses 4 channels per SM
Elastic buffer uses 4 channels per SM
Elastic buffer uses 4 channels per SM
Elastic buffer uses 4 channels per SM
Elastic buffer uses 4 channels per SM
Elastic buffer uses 4 channels per SM
CPU side received count (scaleup: 3): -95 -98 -94 -111 -106 -105 -86 -95 # -129 -129 -129 -129 -129 -129 -129 -129 -129 -129 -12CPU side received count (scaleup: 0): -105 -99 -96 -95 -102 -103 -86 -90 # -129 -129 -129 -129 -129 -129 -129 -129 -129 -129 -12CPU side received count (scaleup: 2): -95 -99 -108 -85 -104 -97 -108 -92 # -129 -129 -129 -129 -129 -129 -129 -129 -129 -129 -12CPU side received count (scaleup: 5): -107 -88 -101 -98 -102 -88 -94 -92 # -129 -129 -129 -129 -129 -129 -129 -129 -129 -129 -12CPU side received count (scaleup: 7): -111 -100 -104 -103 -99 -98 -87 -99 # -129 -129 -129 -129 -129 -129 -129 -129 -129 -129 -1CPU side received count (scaleup: 4): -89 -100 -91 -99 -91 -92 -105 -92 # -129 -129 -129 -129 -129 -129 -129 -129 -129 -129 -129CPU side received count (scaleup: 1): -91 -99 -100 -99 -98 -97 -96 -92 # -129 -129 -129 -129 -129 -129 -129 -129 -129 -129 -129 29 -129 -129 -129 -129 -129 
 -129 -129 -129 -129 -129 
CPU side received count (scaleup: 6): -102 -101 -104 -89 -110 -98 -99 -98 # -129 -129 -129 -129 -129 -129 -129 -129 -129 -129 -19 -129 -129 -129 -129 -129 
9 -129 -129 -129 -129 -129 
9 -129 -129 -129 -129 -129 
9 -129 -129 -129 -129 -129 
-129 -129 -129 -129 -129 
29 -129 -129 -129 -129 -129 
Elastic buffer uses 4 channels per SM
Elastic buffer uses 4 channels per SM
Elastic buffer uses 4 channels per SM
Elastic buffer uses 4 channels per SM
Elastic buffer uses 4 channels per SM
Elastic buffer uses 4 channels per SM
Elastic buffer uses 4 channels per SM
Elastic buffer uses 4 channels per SM
CPU side received count (scaleup: 3): -95 -98 -94 -111 -106 -105 -86 -95 # -129 -129 -129 -129 -129 -129 -129 -129 -129 -129 -12CPU side received count (scaleup: 7): -111 -100 -104 -103 -99 -98 -87 -99 # -129 -129 -129 -129 -129 -129 -129 -129 -129 -129 -1CPU side received count (scaleup: 6): -102 -101 -104 -89 -110 -98 -99 -98 # -129 -129 -129 -129 -129 -129 -129 -129 -129 -129 -1CPU side received count (scaleup: 4): -89 -100 -91 -99 -91 -92 -105 -92 # -129 -129 -129 -129 -129 -129 -129 -129 -129 -129 -129CPU side received count (scaleup: 0): -105 -99 -96 -95 -102 -103 -86 -90 # -129 -129 -129 -129 -129 -129 -129 -129 -129 -129 -129 -129 -129 -129 -129 -129 
29 -129 -129 -129 -129 -129 
CPU side received count (scaleup: 1): -91 -99 -100 -99 -98 -97 -96 -92 # -129 -129 -129 -129 -129 -129 -129 -129 -129 -129 -129 CPU side received count (scaleup: 2): -95 -99 -108 -85 -104 -97 -108 -92 # -129 -129 -129 -129 -129 -129 -129 -129 -129 -129 -12CPU side received count (scaleup: 5): -107 -88 -101 -98 -102 -88 -94 -92 # -129 -129 -129 -129 -129 -129 -129 -129 -129 -129 -1229 -129 -129 -129 -129 -129 
-129 -129 -129 -129 -129 
9 -129 -129 -129 -129 -129 
 -129 -129 -129 -129 -129 
9 -129 -129 -129 -129 -129 
9 -129 -129 -129 -129 -129 
Elastic buffer uses 4 channels per SM
Elastic buffer uses 4 channels per SM
Elastic buffer uses 4 channels per SM
Elastic buffer uses 4 channels per SM
Elastic buffer uses 4 channels per SM
Elastic buffer uses 4 channels per SM
Elastic buffer uses 4 channels per SM
Elastic buffer uses 4 channels per SM
CPU side received count (scaleup: 6): -102 -101 -104 -89 -110 -98 -99 -98 # -129 -129 -129 -129 -129 -129 -129 -129 -129 -129 -1CPU side received count (scaleup: 1): -91 -99 -100 -99 -98 -97 -96 -92 # -129 -129 -129 -129 -129 -129 -129 -129 -129 -129 -129 CPU side received count (scaleup: 2): -95 -99 -108 -85 -104 -97 -108 -92 # -129 -129 -129 -129 -129 -129 -129 -129 -129 -129 -12CPU side received count (scaleup: 3): -95 -98 -94 -111 -106 -105 -86 -95 # -129 -129 -129 -129 -129 -129 -129 -129 -129 -129 -1229 -129 -129 -129 -129 -129 
CPU side received count (scaleup: 0): -105 -99 -96 -95 -102 -103 -86 -90 # -129 -129 -129 -129 -129 -129 -129 -129 -129 -129 -12CPU side received count (scaleup: 7): -111 -100 -104 -103 -99 -98 -87 -99 # -129 -129 -129 -129 -129 -129 -129 -129 -129 -129 -1CPU side received count (scaleup: 4): -89 -100 -91 -99 -91 -92 -105 -92 # -129 -129 -129 -129 -129 -129 -129 -129 -129 -129 -129CPU side received count (scaleup: 5): -107 -88 -101 -98 -102 -88 -94 -92 # -129 -129 -129 -129 -129 -129 -129 -129 -129 -129 -12-129 -129 -129 -129 -129 
9 -129 -129 -129 -129 -129 
9 -129 -129 -129 -129 -129 
9 -129 -129 -129 -129 -129 
9 -129 -129 -129 -129 -129 
29 -129 -129 -129 -129 -129 
 -129 -129 -129 -129 -129 
Elastic buffer uses 4 channels per SM
Elastic buffer uses 4 channels per SM
Elastic buffer uses 4 channels per SM
Elastic buffer uses 4 channels per SM
Elastic buffer uses 4 channels per SM
Elastic buffer uses 4 channels per SM
Elastic buffer uses 4 channels per SM
Elastic buffer uses 4 channels per SM
CPU side received count (scaleup: 4): -89 -100 -91 -99 -91 -92 -105 -92 # -129 -129 -129 -129 -129 -129 -129 -129 -129 -129 -129CPU side received count (scaleup: 3): -95 -98 -94 -111 -106 -105 -86 -95 # -129 -129 -129 -129 -129 -129 -129 -129 -129 -129 -12CPU side received count (scaleup: 0): -105 -99 -96 -95 -102 -103 -86 -90 # -129 -129 -129 -129 -129 -129 -129 -129 -129 -129 -12CPU side received count (scaleup: 1): -91 -99 -100 -99 -98 -97 -96 -92 # -129 -129 -129 -129 -129 -129 -129 -129 -129 -129 -129 9 -129 -129 -129 -129 -129 
-129 -129 -129 -129 -129 
CPU side received count (scaleup: 6): -102 -101 -104 -89 -110 -98 -99 -98 # -129 -129 -129 -129 -129 -129 -129 -129 -129 -129 -1CPU side received count (scaleup: 2): -95 -99 -108 -85 -104 -97 -108 -92 # -129 -129 -129 -129 -129 -129 -129 -129 -129 -129 -12CPU side received count (scaleup: 5): -107 -88 -101 -98 -102 -88 -94 -92 # -129 -129 -129 -129 -129 -129 -129 -129 -129 -129 -129 -129 -129 -129 -129 -129 
CPU side received count (scaleup: 7): -111 -100 -104 -103 -99 -98 -87 -99 # -129 -129 -129 -129 -129 -129 -129 -129 -129 -129 -1 -129 -129 -129 -129 -129 
9 -129 -129 -129 -129 -129 
29 -129 -129 -129 -129 -129 
9 -129 -129 -129 -129 -129 
29 -129 -129 -129 -129 -129 
Elastic buffer uses 4 channels per SM
Elastic buffer uses 4 channels per SM
Elastic buffer uses 4 channels per SM
Elastic buffer uses 4 channels per SM
Elastic buffer uses 4 channels per SM
Elastic buffer uses 4 channels per SM
Elastic buffer uses 4 channels per SM
Elastic buffer uses 4 channels per SM
CPU side received count (scaleup: 4): -89 -100 -91 -99 -91 -92 -105 -92 # -129 -129 -129 -129 -129 -129 -129 -129 -129 -129 -129CPU side received count (scaleup: 3): -95 -98 -94 -111 -106 -105 -86 -95 # -129 -129 -129 -129 -129 -129 -129 -129 -129 -129 -12CPU side received count (scaleup: 6): -102 -101 -104 -89 -110 -98 -99 -98 # -129 -129 -129 -129 -129 -129 -129 -129 -129 -129 -1 -129 -129 -129 -129 -129 
CPU side received count (scaleup: 2): -95 -99 -108 -85 -104 -97 -108 -92 # -129 -129 -129 -129 -129 -129 -129 -129 -129 -129 -12CPU side received count (scaleup: 1): -91 -99 -100 -99 -98 -97 -96 -92 # -129 -129 -129 -129 -129 -129 -129 -129 -129 -129 -129 CPU side received count (scaleup: 0): -105 -99 -96 -95 -102 -103 -86 -90 # -129 -129 -129 -129 -129 -129 -129 -129 -129 -129 -12CPU side received count (scaleup: 5): -107 -88 -101 -98 -102 -88 -94 -92 # -129 -129 -129 -129 -129 -129 -129 -129 -129 -129 -12CPU side received count (scaleup: 7): -111 -100 -104 -103 -99 -98 -87 -99 # -129 -129 -129 -129 -129 -129 -129 -129 -129 -129 -129 -129 -129 -129 -129 -129 
29 -129 -129 -129 -129 -129 
9 -129 -129 -129 -129 -129 
9 -129 -129 -129 -129 -129 
-129 -129 -129 -129 -129 
9 -129 -129 -129 -129 -129 
9 -129 -129 -129 -129 -129 
Elastic buffer uses 4 channels per SM
Elastic buffer uses 4 channels per SM
Elastic buffer uses 4 channels per SM
Elastic buffer uses 4 channels per SM
Elastic buffer uses 4 channels per SM
Elastic buffer uses 4 channels per SM
Elastic buffer uses 4 channels per SM
Elastic buffer uses 4 channels per SM
CPU side received count (scaleup: 3): -95 -98 -94 -111 -106 -105 -86 -95 # -129 -129 -129 -129 -129 -129 -129 -129 -129 -129 -12CPU side received count (scaleup: 1): -91 -99 -100 -99 -98 -97 -96 -92 # -129 -129 -129 -129 -129 -129 -129 -129 -129 -129 -129 CPU side received count (scaleup: 6): -102 -101 -104 -89 -110 -98 -99 -98 # -129 -129 -129 -129 -129 -129 -129 -129 -129 -129 -1CPU side received count (scaleup: 4): -89 -100 -91 -99 -91 -92 -105 -92 # -129 -129 -129 -129 -129 -129 -129 -129 -129 -129 -1299 -129 -129 -129 -129 -129 
CPU side received count (scaleup: 2): -95 -99 -108 -85 -104 -97 -108 -92 # -129 -129 -129 -129 -129 -129 -129 -129 -129 -129 -12CPU side received count (scaleup: 0): -105 -99 -96 -95 -102 -103 -86 -90 # -129 -129 -129 -129 -129 -129 -129 -129 -129 -129 -12CPU side received count (scaleup: 5): -107 -88 -101 -98 -102 -88 -94 -92 # -129 -129 -129 -129 -129 -129 -129 -129 -129 -129 -12CPU side received count (scaleup: 7): -111 -100 -104 -103 -99 -98 -87 -99 # -129 -129 -129 -129 -129 -129 -129 -129 -129 -129 -1-129 -129 -129 -129 -129 
 -129 -129 -129 -129 -129 
29 -129 -129 -129 -129 -129 
9 -129 -129 -129 -129 -129 
29 -129 -129 -129 -129 -129 
9 -129 -129 -129 -129 -129 
9 -129 -129 -129 -129 -129 
Elastic buffer uses 4 channels per SM
Elastic buffer uses 4 channels per SM
Elastic buffer uses 4 channels per SM
Elastic buffer uses 4 channels per SM
Elastic buffer uses 4 channels per SM
Elastic buffer uses 4 channels per SM
Elastic buffer uses 4 channels per SM
Elastic buffer uses 4 channels per SM
CPU side received count (scaleup: 3): -95 -98 -94 -111 -106 -105 -86 -95 # -129 -129 -129 -129 -129 -129 -129 -129 -129 -129 -12CPU side received count (scaleup: 0): -105 -99 -96 -95 -102 -103 -86 -90 # -129 -129 -129 -129 -129 -129 -129 -129 -129 -129 -12CPU side received count (scaleup: 4): -89 -100 -91 -99 -91 -92 -105 -92 # -129 -129 -129 -129 -129 -129 -129 -129 -129 -129 -129CPU side received count (scaleup: 5): -107 -88 -101 -98 -102 -88 -94 -92 # -129 -129 -129 -129 -129 -129 -129 -129 -129 -129 -12CPU side received count (scaleup: 2): -95 -99 -108 -85 -104 -97 -108 -92 # -129 -129 -129 -129 -129 -129 -129 -129 -129 -129 -12CPU side received count (scaleup: 7): -111 -100 -104 -103 -99 -98 -87 -99 # -129 -129 -129 -129 -129 -129 -129 -129 -129 -129 -19 -129 -129 -129 -129 -129 
29 -129 -129 -129 -129 -129 
CPU side received count (scaleup: 6): -102 -101 -104 -89 -110 -98 -99 -98 # -129 -129 -129 -129 -129 -129 -129 -129 -129 -129 -19 -129 -129 -129 -129 -129 
29 -129 -129 -129 -129 -129 
CPU side received count (scaleup: 1): -91 -99 -100 -99 -98 -97 -96 -92 # -129 -129 -129 -129 -129 -129 -129 -129 -129 -129 -129 9 -129 -129 -129 -129 -129 
 -129 -129 -129 -129 -129 
9 -129 -129 -129 -129 -129 
-129 -129 -129 -129 -129 
Elastic buffer uses 4 channels per SM
Elastic buffer uses 4 channels per SM
Elastic buffer uses 4 channels per SM
Elastic buffer uses 4 channels per SM
Elastic buffer uses 4 channels per SM
Elastic buffer uses 4 channels per SM
Elastic buffer uses 4 channels per SM
Elastic buffer uses 4 channels per SM
CPU side received count (scaleup: 6): -102 -101 -104 -89 -110 -98 -99 -98 # -129 -129 -129 -129 -129 -129 -129 -129 -129 -129 -1CPU side received count (scaleup: 4): -89 -100 -91 -99 -91 -92 -105 -92 # -129 -129 -129 -129 -129 -129 -129 -129 -129 -129 -129CPU side received count (scaleup: 7): -111 -100 -104 -103 -99 -98 -87 -99 # -129 -129 -129 -129 -129 -129 -129 -129 -129 -129 -1CPU side received count (scaleup: 0): -105 -99 -96 -95 -102 -103 -86 -90 # -129 -129 -129 -129 -129 -129 -129 -129 -129 -129 -1229 -129 -129 -129 -129 -129 
 -129 -129 -129 -129 -129 
9 -129 -129 -129 -129 -129 
CPU side received count (scaleup: 3): -95 -98 -94 -111 -106 -105 -86 -95 # -129 -129 -129 -129 -129 -129 -129 -129 -129 -129 -12CPU side received count (scaleup: 2): -95 -99 -108 -85 -104 -97 -108 -92 # -129 -129 -129 -129 -129 -129 -129 -129 -129 -129 -12CPU side received count (scaleup: 5): -107 -88 -101 -98 -102 -88 -94 -92 # -129 -129 -129 -129 -129 -129 -129 -129 -129 -129 -12CPU side received count (scaleup: 1): -91 -99 -100 -99 -98 -97 -96 -92 # -129 -129 -129 -129 -129 -129 -129 -129 -129 -129 -129 29 -129 -129 -129 -129 -129 
9 -129 -129 -129 -129 -129 
9 -129 -129 -129 -129 -129 
9 -129 -129 -129 -129 -129 
-129 -129 -129 -129 -129 
Elastic buffer uses 4 channels per SM
Elastic buffer uses 4 channels per SM
Elastic buffer uses 4 channels per SM
Elastic buffer uses 4 channels per SM
Elastic buffer uses 4 channels per SM
Elastic buffer uses 4 channels per SM
Elastic buffer uses 4 channels per SM
Elastic buffer uses 4 channels per SM
CPU side received count (scaleup: 3): -95 -98 -94 -111 -106 -105 -86 -95 # -129 -129 -129 -129 -129 -129 -129 -129 -129 -129 -12CPU side received count (scaleup: 2): -95 -99 -108 -85 -104 -97 -108 -92 # -129 -129 -129 -129 -129 -129 -129 -129 -129 -129 -12CPU side received count (scaleup: 1): -91 -99 -100 -99 -98 -97 -96 -92 # -129 -129 -129 -129 -129 -129 -129 -129 -129 -129 -129 9 -129 -129 -129 -129 -129 
9 -129 -129 -129 -129 -129 
-129 -129 -129 -129 -129 
CPU side received count (scaleup: 4): -89 -100 -91 -99 -91 -92 -105 -92 # -129 -129 -129 -129 -129 -129 -129 -129 -129 -129 -129CPU side received count (scaleup: 7): -111 -100 -104 -103 -99 -98 -87 -99 # -129 -129 -129 -129 -129 -129 -129 -129 -129 -129 -1CPU side received count (scaleup: 6): -102 -101 -104 -89 -110 -98 -99 -98 # -129 -129 -129 -129 -129 -129 -129 -129 -129 -129 -1CPU side received count (scaleup: 5): -107 -88 -101 -98 -102 -88 -94 -92 # -129 -129 -129 -129 -129 -129 -129 -129 -129 -129 -1229 -129 -129 -129 -129 -129 
CPU side received count (scaleup: 0): -105 -99 -96 -95 -102 -103 -86 -90 # -129 -129 -129 -129 -129 -129 -129 -129 -129 -129 -12 -129 -129 -129 -129 -129 
29 -129 -129 -129 -129 -129 
9 -129 -129 -129 -129 -129 
9 -129 -129 -129 -129 -129 
Elastic buffer uses 4 channels per SM
Elastic buffer uses 4 channels per SM
Elastic buffer uses 4 channels per SM
Elastic buffer uses 4 channels per SM
Elastic buffer uses 4 channels per SM
Elastic buffer uses 4 channels per SM
Elastic buffer uses 4 channels per SM
Elastic buffer uses 4 channels per SM
CPU side received count (scaleup: 3): -95 -98 -94 -111 -106 -105 -86 -95 # -129 -129 -129 -129 -129 -129 -129 -129 -129 -129 -12CPU side received count (scaleup: 4): -89 -100 -91 -99 -91 -92 -105 -92 # -129 -129 -129 -129 -129 -129 -129 -129 -129 -129 -129CPU side received count (scaleup: 0): -105 -99 -96 -95 -102 -103 -86 -90 # -129 -129 -129 -129 -129 -129 -129 -129 -129 -129 -12CPU side received count (scaleup: 2): -95 -99 -108 -85 -104 -97 -108 -92 # -129 -129 -129 -129 -129 -129 -129 -129 -129 -129 -12CPU side received count (scaleup: 7): -111 -100 -104 -103 -99 -98 -87 -99 # -129 -129 -129 -129 -129 -129 -129 -129 -129 -129 -19 -129 -129 -129 -129 -129 
CPU side received count (scaleup: 1): -91 -99 -100 -99 -98 -97 -96 -92 # -129 -129 -129 -129 -129 -129 -129 -129 -129 -129 -129 29 -129 -129 -129 -129 -129 
CPU side received count (scaleup: 5): -107 -88 -101 -98 -102 -88 -94 -92 # -129 -129 -129 -129 -129 -129 -129 -129 -129 -129 -12-129 -129 -129 -129 -129 
CPU side received count (scaleup: 6): -102 -101 -104 -89 -110 -98 -99 -98 # -129 -129 -129 -129 -129 -129 -129 -129 -129 -129 -19 -129 -129 -129 -129 -129 
9 -129 -129 -129 -129 -129 
29 -129 -129 -129 -129 -129 
 -129 -129 -129 -129 -129 
9 -129 -129 -129 -129 -129 
Elastic buffer uses 4 channels per SM
Elastic buffer uses 4 channels per SM
Elastic buffer uses 4 channels per SM
Elastic buffer uses 4 channels per SM
Elastic buffer uses 4 channels per SM
Elastic buffer uses 4 channels per SM
Elastic buffer uses 4 channels per SM
Elastic buffer uses 4 channels per SM
CPU side received count (scaleup: 2): -95 -99 -108 -85 -104 -97 -108 -92 # -129 -129 -129 -129 -129 -129 -129 -129 -129 -129 -12CPU side received count (scaleup: 0): -105 -99 -96 -95 -102 -103 -86 -90 # -129 -129 -129 -129 -129 -129 -129 -129 -129 -129 -12CPU side received count (scaleup: 5): -107 -88 -101 -98 -102 -88 -94 -92 # -129 -129 -129 -129 -129 -129 -129 -129 -129 -129 -12CPU side received count (scaleup: 7): -111 -100 -104 -103 -99 -98 -87 -99 # -129 -129 -129 -129 -129 -129 -129 -129 -129 -129 -1CPU side received count (scaleup: 3): -95 -98 -94 -111 -106 -105 -86 -95 # -129 -129 -129 -129 -129 -129 -129 -129 -129 -129 -12CPU side received count (scaleup: 1): -91 -99 -100 -99 -98 -97 -96 -92 # -129 -129 -129 -129 -129 -129 -129 -129 -129 -129 -129 CPU side received count (scaleup: 6): -102 -101 -104 -89 -110 -98 -99 -98 # -129 -129 -129 -129 -129 -129 -129 -129 -129 -129 -1CPU side received count (scaleup: 4): -89 -100 -91 -99 -91 -92 -105 -92 # -129 -129 -129 -129 -129 -129 -129 -129 -129 -129 -1299 -129 -129 -129 -129 -129 
9 -129 -129 -129 -129 -129 
-129 -129 -129 -129 -129 
9 -129 -129 -129 -129 -129 
9 -129 -129 -129 -129 -129 
29 -129 -129 -129 -129 -129 
29 -129 -129 -129 -129 -129 
 -129 -129 -129 -129 -129 
Elastic buffer uses 4 channels per SM
Elastic buffer uses 4 channels per SM
Elastic buffer uses 4 channels per SM
Elastic buffer uses 4 channels per SM
Elastic buffer uses 4 channels per SM
Elastic buffer uses 4 channels per SM
Elastic buffer uses 4 channels per SM
Elastic buffer uses 4 channels per SM
CPU side received count (scaleup: 3): -95 -98 -94 -111 -106 -105 -86 -95 # -129 -129 -129 -129 -129 -129 -129 -129 -129 -129 -12CPU side received count (scaleup: 5): -107 -88 -101 -98 -102 -88 -94 -92 # -129 -129 -129 -129 -129 -129 -129 -129 -129 -129 -12CPU side received count (scaleup: 7): -111 -100 -104 -103 -99 -98 -87 -99 # -129 -129 -129 -129 -129 -129 -129 -129 -129 -129 -1CPU side received count (scaleup: 0): -105 -99 -96 -95 -102 -103 -86 -90 # -129 -129 -129 -129 -129 -129 -129 -129 -129 -129 -12CPU side received count (scaleup: 4): -89 -100 -91 -99 -91 -92 -105 -92 # -129 -129 -129 -129 -129 -129 -129 -129 -129 -129 -1299 -129 -129 -129 -129 -129 
9 -129 -129 -129 -129 -129 
CPU side received count (scaleup: 1): -91 -99 -100 -99 -98 -97 -96 -92 # -129 -129 -129 -129 -129 -129 -129 -129 -129 -129 -129 9 -129 -129 -129 -129 -129 
 -129 -129 -129 -129 -129 
CPU side received count (scaleup: 6): -102 -101 -104 -89 -110 -98 -99 -98 # -129 -129 -129 -129 -129 -129 -129 -129 -129 -129 -1CPU side received count (scaleup: 2): -95 -99 -108 -85 -104 -97 -108 -92 # -129 -129 -129 -129 -129 -129 -129 -129 -129 -129 -1229 -129 -129 -129 -129 -129 
-129 -129 -129 -129 -129 
29 -129 -129 -129 -129 -129 
9 -129 -129 -129 -129 -129 
Elastic buffer uses 4 channels per SM
Elastic buffer uses 4 channels per SM
Elastic buffer uses 4 channels per SM
Elastic buffer uses 4 channels per SM
Elastic buffer uses 4 channels per SM
Elastic buffer uses 4 channels per SM
Elastic buffer uses 4 channels per SM
Elastic buffer uses 4 channels per SM
CPU side received count (scaleup: 4): -89 -100 -91 -99 -91 -92 -105 -92 # -129 -129 -129 -129 -129 -129 -129 -129 -129 -129 -129CPU side received count (scaleup: 0): -105 -99 -96 -95 -102 -103 -86 -90 # -129 -129 -129 -129 -129 -129 -129 -129 -129 -129 -12CPU side received count (scaleup: 7): -111 -100 -104 -103 -99 -98 -87 -99 # -129 -129 -129 -129 -129 -129 -129 -129 -129 -129 -1CPU side received count (scaleup: 2): -95 -99 -108 -85 -104 -97 -108 -92 # -129 -129 -129 -129 -129 -129 -129 -129 -129 -129 -12CPU side received count (scaleup: 6): -102 -101 -104 -89 -110 -98 -99 -98 # -129 -129 -129 -129 -129 -129 -129 -129 -129 -129 -129 -129 -129 -129 -129 -129 
29 -129 -129 -129 -129 -129 
CPU side received count (scaleup: 5): -107 -88 -101 -98 -102 -88 -94 -92 # -129 -129 -129 -129 -129 -129 -129 -129 -129 -129 -12CPU side received count (scaleup: 1): -91 -99 -100 -99 -98 -97 -96 -92 # -129 -129 -129 -129 -129 -129 -129 -129 -129 -129 -129 CPU side received count (scaleup: 3): -95 -98 -94 -111 -106 -105 -86 -95 # -129 -129 -129 -129 -129 -129 -129 -129 -129 -129 -12 -129 -129 -129 -129 -129 
9 -129 -129 -129 -129 -129 
9 -129 -129 -129 -129 -129 
9 -129 -129 -129 -129 -129 
-129 -129 -129 -129 -129 
9 -129 -129 -129 -129 -129 
Elastic buffer uses 4 channels per SM
Elastic buffer uses 4 channels per SM
Elastic buffer uses 4 channels per SM
Elastic buffer uses 4 channels per SM
Elastic buffer uses 4 channels per SM
Elastic buffer uses 4 channels per SM
Elastic buffer uses 4 channels per SM
Elastic buffer uses 4 channels per SM
USDT:2026-08-25 02:32:55 440:440 SyncActivityProfilerHandler.cpp:52] profiler_startUSDT:2026-08-25 02:32:55 442:442 SyncActivityProfilerHandler.cpp:52] profiler_start
USDT:2026-08-25 02:32:55 439:439 SyncActivityProfilerHandler.cpp:52] profiler_startUSDT:2026-08-25 02:32:55 436:436 SyncActivityProfilerHandler.cpp:52] profiler_startUSDT:2026-08-25 02:32:55 438:438 SyncActivityProfilerHandler.cpp:52] profiler_startUSDT:2026-08-25 02:32:55 435:435 SyncActivityProfilerHandler.cpp:52] profiler_start


USDT:2026-08-25 02:32:55 441:441 SyncActivityProfilerHandler.cpp:52] profiler_startUSDT:2026-08-25 02:32:55 437:437 SyncActivityProfilerHandler.cpp:52] profiler_start



CPU side received count (scaleup: 4): -89 -100 -91 -99 -91 -92 -105 -92 # -129 -129 -129 -129 -129 -129 -129 -129 -129 -129 -129CPU side received count (scaleup: 0): -105 -99 -96 -95 -102 -103 -86 -90 # -129 -129 -129 -129 -129 -129 -129 -129 -129 -129 -12CPU side received count (scaleup: 1): -91 -99 -100 -99 -98 -97 -96 -92 # -129 -129 -129 -129 -129 -129 -129 -129 -129 -129 -129 CPU side received count (scaleup: 6): -102 -101 -104 -89 -110 -98 -99 -98 # -129 -129 -129 -129 -129 -129 -129 -129 -129 -129 -1CPU side received count (scaleup: 7): -111 -100 -104 -103 -99 -98 -87 -99 # -129 -129 -129 -129 -129 -129 -129 -129 -129 -129 -1CPU side received count (scaleup: 5): -107 -88 -101 -98 -102 -88 -94 -92 # -129 -129 -129 -129 -129 -129 -129 -129 -129 -129 -12CPU side received count (scaleup: 2): -95 -99 -108 -85 -104 -97 -108 -92 # -129 -129 -129 -129 -129 -129 -129 -129 -129 -129 -12CPU side received count (scaleup: 3): -95 -98 -94 -111 -106 -105 -86 -95 # -129 -129 -129 -129 -129 -129 -129 -129 -129 -129 -12 -129 -129 -129 -129 -129 
-129 -129 -129 -129 -129 
9 -129 -129 -129 -129 -129 
9 -129 -129 -129 -129 -129 
9 -129 -129 -129 -129 -129 
29 -129 -129 -129 -129 -129 
9 -129 -129 -129 -129 -129 
29 -129 -129 -129 -129 -129 
Elastic buffer uses 4 channels per SM
Elastic buffer uses 4 channels per SM
Elastic buffer uses 4 channels per SM
Elastic buffer uses 4 channels per SM
Elastic buffer uses 4 channels per SM
Elastic buffer uses 4 channels per SM
Elastic buffer uses 4 channels per SM
Elastic buffer uses 4 channels per SM
CPU side received count (scaleup: 3): -95 -98 -94 -111 -106 -105 -86 -95 # -129 -129 -129 -129 -129 -129 -129 -129 -129 -129 -12CPU side received count (scaleup: 4): -89 -100 -91 -99 -91 -92 -105 -92 # -129 -129 -129 -129 -129 -129 -129 -129 -129 -129 -129CPU side received count (scaleup: 1): -91 -99 -100 -99 -98 -97 -96 -92 # -129 -129 -129 -129 -129 -129 -129 -129 -129 -129 -129 9 -129 -129 -129 -129 -129 
CPU side received count (scaleup: 6): -102 -101 -104 -89 -110 -98 -99 -98 # -129 -129 -129 -129 -129 -129 -129 -129 -129 -129 -1CPU side received count (scaleup: 5): -107 -88 -101 -98 -102 -88 -94 -92 # -129 -129 -129 -129 -129 -129 -129 -129 -129 -129 -1229 -129 -129 -129 -129 -129 
CPU side received count (scaleup: 0): -105 -99 -96 -95 -102 -103 -86 -90 # -129 -129 -129 -129 -129 -129 -129 -129 -129 -129 -12CPU side received count (scaleup: 2): -95 -99 -108 -85 -104 -97 -108 -92 # -129 -129 -129 -129 -129 -129 -129 -129 -129 -129 -129 -129 -129 -129 -129 -129 
CPU side received count (scaleup: 7): -111 -100 -104 -103 -99 -98 -87 -99 # -129 -129 -129 -129 -129 -129 -129 -129 -129 -129 -129 -129 -129 -129 -129 -129 
 -129 -129 -129 -129 -129 
-129 -129 -129 -129 -129 
9 -129 -129 -129 -129 -129 
9 -129 -129 -129 -129 -129 
Elastic buffer uses 4 channels per SM
Elastic buffer uses 4 channels per SM
Elastic buffer uses 4 channels per SM
Elastic buffer uses 4 channels per SM
Elastic buffer uses 4 channels per SM
Elastic buffer uses 4 channels per SM
Elastic buffer uses 4 channels per SM
Elastic buffer uses 4 channels per SM
CPU side received count (scaleup: 6): -102 -101 -104 -89 -110 -98 -99 -98 # -129 -129 -129 -129 -129 -129 -129 -129 -129 -129 -1CPU side received count (scaleup: 0): -105 -99 -96 -95 -102 -103 -86 -90 # -129 -129 -129 -129 -129 -129 -129 -129 -129 -129 -12CPU side received count (scaleup: 4): -89 -100 -91 -99 -91 -92 -105 -92 # -129 -129 -129 -129 -129 -129 -129 -129 -129 -129 -129CPU side received count (scaleup: 7): -111 -100 -104 -103 -99 -98 -87 -99 # -129 -129 -129 -129 -129 -129 -129 -129 -129 -129 -1CPU side received count (scaleup: 3): -95 -98 -94 -111 -106 -105 -86 -95 # -129 -129 -129 -129 -129 -129 -129 -129 -129 -129 -12 -129 -129 -129 -129 -129 
CPU side received count (scaleup: 2): -95 -99 -108 -85 -104 -97 -108 -92 # -129 -129 -129 -129 -129 -129 -129 -129 -129 -129 -12CPU side received count (scaleup: 5): -107 -88 -101 -98 -102 -88 -94 -92 # -129 -129 -129 -129 -129 -129 -129 -129 -129 -129 -129 -129 -129 -129 -129 -129 
CPU side received count (scaleup: 1): -91 -99 -100 -99 -98 -97 -96 -92 # -129 -129 -129 -129 -129 -129 -129 -129 -129 -129 -129 29 -129 -129 -129 -129 -129 
9 -129 -129 -129 -129 -129 
29 -129 -129 -129 -129 -129 
9 -129 -129 -129 -129 -129 
9 -129 -129 -129 -129 -129 
-129 -129 -129 -129 -129 
Elastic buffer uses 4 channels per SM
Elastic buffer uses 4 channels per SM
Elastic buffer uses 4 channels per SM
Elastic buffer uses 4 channels per SM
Elastic buffer uses 4 channels per SM
Elastic buffer uses 4 channels per SM
Elastic buffer uses 4 channels per SM
Elastic buffer uses 4 channels per SM
CPU side received count (scaleup: 0): -105 -99 -96 -95 -102 -103 -86 -90 # -129 -129 -129 -129 -129 -129 -129 -129 -129 -129 -12CPU side received count (scaleup: 1): -91 -99 -100 -99 -98 -97 -96 -92 # -129 -129 -129 -129 -129 -129 -129 -129 -129 -129 -129 CPU side received count (scaleup: 2): -95 -99 -108 -85 -104 -97 -108 -92 # -129 -129 -129 -129 -129 -129 -129 -129 -129 -129 -12CPU side received count (scaleup: 7): -111 -100 -104 -103 -99 -98 -87 -99 # -129 -129 -129 -129 -129 -129 -129 -129 -129 -129 -1CPU side received count (scaleup: 3): -95 -98 -94 -111 -106 -105 -86 -95 # -129 -129 -129 -129 -129 -129 -129 -129 -129 -129 -12CPU side received count (scaleup: 6): -102 -101 -104 -89 -110 -98 -99 -98 # -129 -129 -129 -129 -129 -129 -129 -129 -129 -129 -129 -129 -129 -129 -129 -129 
CPU side received count (scaleup: 5): -107 -88 -101 -98 -102 -88 -94 -92 # -129 -129 -129 -129 -129 -129 -129 -129 -129 -129 -12CPU side received count (scaleup: 4): -89 -100 -91 -99 -91 -92 -105 -92 # -129 -129 -129 -129 -129 -129 -129 -129 -129 -129 -1299 -129 -129 -129 -129 -129 
 -129 -129 -129 -129 -129 
-129 -129 -129 -129 -129 
9 -129 -129 -129 -129 -129 
9 -129 -129 -129 -129 -129 
29 -129 -129 -129 -129 -129 
9 -129 -129 -129 -129 -129 
Elastic buffer uses 4 channels per SM
Elastic buffer uses 4 channels per SM
Elastic buffer uses 4 channels per SM
Elastic buffer uses 4 channels per SM
Elastic buffer uses 4 channels per SM
Elastic buffer uses 4 channels per SM
Elastic buffer uses 4 channels per SM
Elastic buffer uses 4 channels per SM
CPU side received count (scaleup: 4): -89 -100 -91 -99 -91 -92 -105 -92 # -129 -129 -129 -129 -129 -129 -129 -129 -129 -129 -129CPU side received count (scaleup: 5): -107 -88 -101 -98 -102 -88 -94 -92 # -129 -129 -129 -129 -129 -129 -129 -129 -129 -129 -12CPU side received count (scaleup: 3): -95 -98 -94 -111 -106 -105 -86 -95 # -129 -129 -129 -129 -129 -129 -129 -129 -129 -129 -12CPU side received count (scaleup: 6): -102 -101 -104 -89 -110 -98 -99 -98 # -129 -129 -129 -129 -129 -129 -129 -129 -129 -129 -1CPU side received count (scaleup: 2): -95 -99 -108 -85 -104 -97 -108 -92 # -129 -129 -129 -129 -129 -129 -129 -129 -129 -129 -12CPU side received count (scaleup: 1): -91 -99 -100 -99 -98 -97 -96 -92 # -129 -129 -129 -129 -129 -129 -129 -129 -129 -129 -129 CPU side received count (scaleup: 7): -111 -100 -104 -103 -99 -98 -87 -99 # -129 -129 -129 -129 -129 -129 -129 -129 -129 -129 -1CPU side received count (scaleup: 0): -105 -99 -96 -95 -102 -103 -86 -90 # -129 -129 -129 -129 -129 -129 -129 -129 -129 -129 -1229 -129 -129 -129 -129 -129 
9 -129 -129 -129 -129 -129 
 -129 -129 -129 -129 -129 
9 -129 -129 -129 -129 -129 
9 -129 -129 -129 -129 -129 
-129 -129 -129 -129 -129 
29 -129 -129 -129 -129 -129 
9 -129 -129 -129 -129 -129 
Elastic buffer uses 4 channels per SM
Elastic buffer uses 4 channels per SM
Elastic buffer uses 4 channels per SM
Elastic buffer uses 4 channels per SM
Elastic buffer uses 4 channels per SM
Elastic buffer uses 4 channels per SM
Elastic buffer uses 4 channels per SM
Elastic buffer uses 4 channels per SM
CPU side received count (scaleup: 3): -95 -98 -94 -111 -106 -105 -86 -95 # -129 -129 -129 -129 -129 -129 -129 -129 -129 -129 -12CPU side received count (scaleup: 0): -105 -99 -96 -95 -102 -103 -86 -90 # -129 -129 -129 -129 -129 -129 -129 -129 -129 -129 -12CPU side received count (scaleup: 2): -95 -99 -108 -85 -104 -97 -108 -92 # -129 -129 -129 -129 -129 -129 -129 -129 -129 -129 -12CPU side received count (scaleup: 4): -89 -100 -91 -99 -91 -92 -105 -92 # -129 -129 -129 -129 -129 -129 -129 -129 -129 -129 -129CPU side received count (scaleup: 5): -107 -88 -101 -98 -102 -88 -94 -92 # -129 -129 -129 -129 -129 -129 -129 -129 -129 -129 -129 -129 -129 -129 -129 -129 
CPU side received count (scaleup: 1): -91 -99 -100 -99 -98 -97 -96 -92 # -129 -129 -129 -129 -129 -129 -129 -129 -129 -129 -129 CPU side received count (scaleup: 7): -111 -100 -104 -103 -99 -98 -87 -99 # -129 -129 -129 -129 -129 -129 -129 -129 -129 -129 -1CPU side received count (scaleup: 6): -102 -101 -104 -89 -110 -98 -99 -98 # -129 -129 -129 -129 -129 -129 -129 -129 -129 -129 -19 -129 -129 -129 -129 -129 
9 -129 -129 -129 -129 -129 
 -129 -129 -129 -129 -129 
9 -129 -129 -129 -129 -129 
29 -129 -129 -129 -129 -129 
-129 -129 -129 -129 -129 
29 -129 -129 -129 -129 -129 
Elastic buffer uses 4 channels per SM
Elastic buffer uses 4 channels per SM
Elastic buffer uses 4 channels per SM
Elastic buffer uses 4 channels per SM
Elastic buffer uses 4 channels per SM
Elastic buffer uses 4 channels per SM
Elastic buffer uses 4 channels per SM
Elastic buffer uses 4 channels per SM
CPU side received count (scaleup: 7): -111 -100 -104 -103 -99 -98 -87 -99 # -129 -129 -129 -129 -129 -129 -129 -129 -129 -129 -1CPU side received count (scaleup: 2): -95 -99 -108 -85 -104 -97 -108 -92 # -129 -129 -129 -129 -129 -129 -129 -129 -129 -129 -12CPU side received count (scaleup: 4): -89 -100 -91 -99 -91 -92 -105 -92 # -129 -129 -129 -129 -129 -129 -129 -129 -129 -129 -129CPU side received count (scaleup: 6): -102 -101 -104 -89 -110 -98 -99 -98 # -129 -129 -129 -129 -129 -129 -129 -129 -129 -129 -1CPU side received count (scaleup: 3): -95 -98 -94 -111 -106 -105 -86 -95 # -129 -129 -129 -129 -129 -129 -129 -129 -129 -129 -12CPU side received count (scaleup: 0): -105 -99 -96 -95 -102 -103 -86 -90 # -129 -129 -129 -129 -129 -129 -129 -129 -129 -129 -12CPU side received count (scaleup: 1): -91 -99 -100 -99 -98 -97 -96 -92 # -129 -129 -129 -129 -129 -129 -129 -129 -129 -129 -129 29 -129 -129 -129 -129 -129 
CPU side received count (scaleup: 5): -107 -88 -101 -98 -102 -88 -94 -92 # -129 -129 -129 -129 -129 -129 -129 -129 -129 -129 -1229 -129 -129 -129 -129 -129 
9 -129 -129 -129 -129 -129 
 -129 -129 -129 -129 -129 
9 -129 -129 -129 -129 -129 
9 -129 -129 -129 -129 -129 
-129 -129 -129 -129 -129 
9 -129 -129 -129 -129 -129 
Elastic buffer uses 4 channels per SM
Elastic buffer uses 4 channels per SM
Elastic buffer uses 4 channels per SM
Elastic buffer uses 4 channels per SM
Elastic buffer uses 4 channels per SM
Elastic buffer uses 4 channels per SM
Elastic buffer uses 4 channels per SM
Elastic buffer uses 4 channels per SM
CPU side received count (scaleup: 3): -95 -98 -94 -111 -106 -105 -86 -95 # -129 -129 -129 -129 -129 -129 -129 -129 -129 -129 -12CPU side received count (scaleup: 4): -89 -100 -91 -99 -91 -92 -105 -92 # -129 -129 -129 -129 -129 -129 -129 -129 -129 -129 -129CPU side received count (scaleup: 7): -111 -100 -104 -103 -99 -98 -87 -99 # -129 -129 -129 -129 -129 -129 -129 -129 -129 -129 -1CPU side received count (scaleup: 0): -105 -99 -96 -95 -102 -103 -86 -90 # -129 -129 -129 -129 -129 -129 -129 -129 -129 -129 -12CPU side received count (scaleup: 6): -102 -101 -104 -89 -110 -98 -99 -98 # -129 -129 -129 -129 -129 -129 -129 -129 -129 -129 -1CPU side received count (scaleup: 5): -107 -88 -101 -98 -102 -88 -94 -92 # -129 -129 -129 -129 -129 -129 -129 -129 -129 -129 -12CPU side received count (scaleup: 1): -91 -99 -100 -99 -98 -97 -96 -92 # -129 -129 -129 -129 -129 -129 -129 -129 -129 -129 -129 CPU side received count (scaleup: 2): -95 -99 -108 -85 -104 -97 -108 -92 # -129 -129 -129 -129 -129 -129 -129 -129 -129 -129 -129 -129 -129 -129 -129 -129 
 -129 -129 -129 -129 -129 
29 -129 -129 -129 -129 -129 
9 -129 -129 -129 -129 -129 
9 -129 -129 -129 -129 -129 
29 -129 -129 -129 -129 -129 
9 -129 -129 -129 -129 -129 
-129 -129 -129 -129 -129 
Elastic buffer uses 4 channels per SM
Elastic buffer uses 4 channels per SM
Elastic buffer uses 4 channels per SM
Elastic buffer uses 4 channels per SM
Elastic buffer uses 4 channels per SM
Elastic buffer uses 4 channels per SM
Elastic buffer uses 4 channels per SM
Elastic buffer uses 4 channels per SM
CPU side received count (scaleup: 0): -105 -99 -96 -95 -102 -103 -86 -90 # -129 -129 -129 -129 -129 -129 -129 -129 -129 -129 -12CPU side received count (scaleup: 6): -102 -101 -104 -89 -110 -98 -99 -98 # -129 -129 -129 -129 -129 -129 -129 -129 -129 -129 -1CPU side received count (scaleup: 4): -89 -100 -91 -99 -91 -92 -105 -92 # -129 -129 -129 -129 -129 -129 -129 -129 -129 -129 -129CPU side received count (scaleup: 2): -95 -99 -108 -85 -104 -97 -108 -92 # -129 -129 -129 -129 -129 -129 -129 -129 -129 -129 -12CPU side received count (scaleup: 3): -95 -98 -94 -111 -106 -105 -86 -95 # -129 -129 -129 -129 -129 -129 -129 -129 -129 -129 -12CPU side received count (scaleup: 7): -111 -100 -104 -103 -99 -98 -87 -99 # -129 -129 -129 -129 -129 -129 -129 -129 -129 -129 -1CPU side received count (scaleup: 1): -91 -99 -100 -99 -98 -97 -96 -92 # -129 -129 -129 -129 -129 -129 -129 -129 -129 -129 -129 CPU side received count (scaleup: 5): -107 -88 -101 -98 -102 -88 -94 -92 # -129 -129 -129 -129 -129 -129 -129 -129 -129 -129 -129 -129 -129 -129 -129 -129 
9 -129 -129 -129 -129 -129 
29 -129 -129 -129 -129 -129 
 -129 -129 -129 -129 -129 
9 -129 -129 -129 -129 -129 
29 -129 -129 -129 -129 -129 
-129 -129 -129 -129 -129 
9 -129 -129 -129 -129 -129 
Elastic buffer uses 4 channels per SM
Elastic buffer uses 4 channels per SM
Elastic buffer uses 4 channels per SM
Elastic buffer uses 4 channels per SM
Elastic buffer uses 4 channels per SM
Elastic buffer uses 4 channels per SM
Elastic buffer uses 4 channels per SM
Elastic buffer uses 4 channels per SM
CPU side received count (scaleup: 3): -95 -98 -94 -111 -106 -105 -86 -95 # -129 -129 -129 -129 -129 -129 -129 -129 -129 -129 -12CPU side received count (scaleup: 5): -107 -88 -101 -98 -102 -88 -94 -92 # -129 -129 -129 -129 -129 -129 -129 -129 -129 -129 -12CPU side received count (scaleup: 4): -89 -100 -91 -99 -91 -92 -105 -92 # -129 -129 -129 -129 -129 -129 -129 -129 -129 -129 -129CPU side received count (scaleup: 2): -95 -99 -108 -85 -104 -97 -108 -92 # -129 -129 -129 -129 -129 -129 -129 -129 -129 -129 -12CPU side received count (scaleup: 0): -105 -99 -96 -95 -102 -103 -86 -90 # -129 -129 -129 -129 -129 -129 -129 -129 -129 -129 -12CPU side received count (scaleup: 7): -111 -100 -104 -103 -99 -98 -87 -99 # -129 -129 -129 -129 -129 -129 -129 -129 -129 -129 -1CPU side received count (scaleup: 6): -102 -101 -104 -89 -110 -98 -99 -98 # -129 -129 -129 -129 -129 -129 -129 -129 -129 -129 -19 -129 -129 -129 -129 -129 
CPU side received count (scaleup: 1): -91 -99 -100 -99 -98 -97 -96 -92 # -129 -129 -129 -129 -129 -129 -129 -129 -129 -129 -129 9 -129 -129 -129 -129 -129 
9 -129 -129 -129 -129 -129 
 -129 -129 -129 -129 -129 
9 -129 -129 -129 -129 -129 
-129 -129 -129 -129 -129 
29 -129 -129 -129 -129 -129 
29 -129 -129 -129 -129 -129 
Elastic buffer uses 4 channels per SM
Elastic buffer uses 4 channels per SM
Elastic buffer uses 4 channels per SM
Elastic buffer uses 4 channels per SM
Elastic buffer uses 4 channels per SM
Elastic buffer uses 4 channels per SM
Elastic buffer uses 4 channels per SM
Elastic buffer uses 4 channels per SM
CPU side received count (scaleup: 1): -91 -99 -100 -99 -98 -97 -96 -92 # -129 -129 -129 -129 -129 -129 -129 -129 -129 -129 -129 CPU side received count (scaleup: 0): -105 -99 -96 -95 -102 -103 -86 -90 # -129 -129 -129 -129 -129 -129 -129 -129 -129 -129 -12CPU side received count (scaleup: 3): -95 -98 -94 -111 -106 -105 -86 -95 # -129 -129 -129 -129 -129 -129 -129 -129 -129 -129 -12CPU side received count (scaleup: 2): -95 -99 -108 -85 -104 -97 -108 -92 # -129 -129 -129 -129 -129 -129 -129 -129 -129 -129 -129 -129 -129 -129 -129 -129 
CPU side received count (scaleup: 4): -89 -100 -91 -99 -91 -92 -105 -92 # -129 -129 -129 -129 -129 -129 -129 -129 -129 -129 -129CPU side received count (scaleup: 7): -111 -100 -104 -103 -99 -98 -87 -99 # -129 -129 -129 -129 -129 -129 -129 -129 -129 -129 -1CPU side received count (scaleup: 5): -107 -88 -101 -98 -102 -88 -94 -92 # -129 -129 -129 -129 -129 -129 -129 -129 -129 -129 -12CPU side received count (scaleup: 6): -102 -101 -104 -89 -110 -98 -99 -98 # -129 -129 -129 -129 -129 -129 -129 -129 -129 -129 -1-129 -129 -129 -129 -129 
9 -129 -129 -129 -129 -129 
9 -129 -129 -129 -129 -129 
29 -129 -129 -129 -129 -129 
9 -129 -129 -129 -129 -129 
 -129 -129 -129 -129 -129 
29 -129 -129 -129 -129 -129 
Elastic buffer uses 4 channels per SM
Elastic buffer uses 4 channels per SM
Elastic buffer uses 4 channels per SM
Elastic buffer uses 4 channels per SM
Elastic buffer uses 4 channels per SM
Elastic buffer uses 4 channels per SM
Elastic buffer uses 4 channels per SM
Elastic buffer uses 4 channels per SM
CPU side received count (scaleup: 4): -89 -100 -91 -99 -91 -92 -105 -92 # -129 -129 -129 -129 -129 -129 -129 -129 -129 -129 -129CPU side received count (scaleup: 1): -91 -99 -100 -99 -98 -97 -96 -92 # -129 -129 -129 -129 -129 -129 -129 -129 -129 -129 -129 CPU side received count (scaleup: 2): -95 -99 -108 -85 -104 -97 -108 -92 # -129 -129 -129 -129 -129 -129 -129 -129 -129 -129 -12-129 -129 -129 -129 -129 
CPU side received count (scaleup: 3): -95 -98 -94 -111 -106 -105 -86 -95 # -129 -129 -129 -129 -129 -129 -129 -129 -129 -129 -12CPU side received count (scaleup: 5): -107 -88 -101 -98 -102 -88 -94 -92 # -129 -129 -129 -129 -129 -129 -129 -129 -129 -129 -12CPU side received count (scaleup: 7): -111 -100 -104 -103 -99 -98 -87 -99 # -129 -129 -129 -129 -129 -129 -129 -129 -129 -129 -1CPU side received count (scaleup: 6): -102 -101 -104 -89 -110 -98 -99 -98 # -129 -129 -129 -129 -129 -129 -129 -129 -129 -129 -1CPU side received count (scaleup: 0): -105 -99 -96 -95 -102 -103 -86 -90 # -129 -129 -129 -129 -129 -129 -129 -129 -129 -129 -1229 -129 -129 -129 -129 -129 
29 -129 -129 -129 -129 -129 
9 -129 -129 -129 -129 -129 
 -129 -129 -129 -129 -129 
9 -129 -129 -129 -129 -129 
9 -129 -129 -129 -129 -129 
9 -129 -129 -129 -129 -129 
Elastic buffer uses 4 channels per SM
Elastic buffer uses 4 channels per SM
Elastic buffer uses 4 channels per SM
Elastic buffer uses 4 channels per SM
Elastic buffer uses 4 channels per SM
Elastic buffer uses 4 channels per SM
Elastic buffer uses 4 channels per SM
Elastic buffer uses 4 channels per SM
CPU side received count (scaleup: 7): -111 -100 -104 -103 -99 -98 -87 -99 # -129 -129 -129 -129 -129 -129 -129 -129 -129 -129 -1CPU side received count (scaleup: 5): -107 -88 -101 -98 -102 -88 -94 -92 # -129 -129 -129 -129 -129 -129 -129 -129 -129 -129 -12CPU side received count (scaleup: 6): -102 -101 -104 -89 -110 -98 -99 -98 # -129 -129 -129 -129 -129 -129 -129 -129 -129 -129 -1CPU side received count (scaleup: 2): -95 -99 -108 -85 -104 -97 -108 -92 # -129 -129 -129 -129 -129 -129 -129 -129 -129 -129 -12CPU side received count (scaleup: 4): -89 -100 -91 -99 -91 -92 -105 -92 # -129 -129 -129 -129 -129 -129 -129 -129 -129 -129 -12929 -129 -129 -129 -129 -129 
CPU side received count (scaleup: 3): -95 -98 -94 -111 -106 -105 -86 -95 # -129 -129 -129 -129 -129 -129 -129 -129 -129 -129 -12CPU side received count (scaleup: 0): -105 -99 -96 -95 -102 -103 -86 -90 # -129 -129 -129 -129 -129 -129 -129 -129 -129 -129 -12CPU side received count (scaleup: 1): -91 -99 -100 -99 -98 -97 -96 -92 # -129 -129 -129 -129 -129 -129 -129 -129 -129 -129 -129 29 -129 -129 -129 -129 -129 
9 -129 -129 -129 -129 -129 
9 -129 -129 -129 -129 -129 
 -129 -129 -129 -129 -129 
9 -129 -129 -129 -129 -129 
-129 -129 -129 -129 -129 
9 -129 -129 -129 -129 -129 
Elastic buffer uses 4 channels per SM
Elastic buffer uses 4 channels per SM
Elastic buffer uses 4 channels per SM
Elastic buffer uses 4 channels per SM
Elastic buffer uses 4 channels per SM
Elastic buffer uses 4 channels per SM
Elastic buffer uses 4 channels per SM
Elastic buffer uses 4 channels per SM
CPU side received count (scaleup: 7): -111 -100 -104 -103 -99 -98 -87 -99 # -129 -129 -129 -129 -129 -129 -129 -129 -129 -129 -1CPU side received count (scaleup: 2): -95 -99 -108 -85 -104 -97 -108 -92 # -129 -129 -129 -129 -129 -129 -129 -129 -129 -129 -12CPU side received count (scaleup: 5): -107 -88 -101 -98 -102 -88 -94 -92 # -129 -129 -129 -129 -129 -129 -129 -129 -129 -129 -12CPU side received count (scaleup: 1): -91 -99 -100 -99 -98 -97 -96 -92 # -129 -129 -129 -129 -129 -129 -129 -129 -129 -129 -129 CPU side received count (scaleup: 6): -102 -101 -104 -89 -110 -98 -99 -98 # -129 -129 -129 -129 -129 -129 -129 -129 -129 -129 -1CPU side received count (scaleup: 3): -95 -98 -94 -111 -106 -105 -86 -95 # -129 -129 -129 -129 -129 -129 -129 -129 -129 -129 -129 -129 -129 -129 -129 -129 
29 -129 -129 -129 -129 -129 
CPU side received count (scaleup: 4): -89 -100 -91 -99 -91 -92 -105 -92 # -129 -129 -129 -129 -129 -129 -129 -129 -129 -129 -129CPU side received count (scaleup: 0): -105 -99 -96 -95 -102 -103 -86 -90 # -129 -129 -129 -129 -129 -129 -129 -129 -129 -129 -1229 -129 -129 -129 -129 -129 
9 -129 -129 -129 -129 -129 
9 -129 -129 -129 -129 -129 
-129 -129 -129 -129 -129 
9 -129 -129 -129 -129 -129 
 -129 -129 -129 -129 -129 
Elastic buffer uses 4 channels per SM
Elastic buffer uses 4 channels per SM
Elastic buffer uses 4 channels per SM
Elastic buffer uses 4 channels per SM
Elastic buffer uses 4 channels per SM
Elastic buffer uses 4 channels per SM
Elastic buffer uses 4 channels per SM
Elastic buffer uses 4 channels per SM
CPU side received count (scaleup: 3): -95 -98 -94 -111 -106 -105 -86 -95 # -129 -129 -129 -129 -129 -129 -129 -129 -129 -129 -12CPU side received count (scaleup: 1): -91 -99 -100 -99 -98 -97 -96 -92 # -129 -129 -129 -129 -129 -129 -129 -129 -129 -129 -129 CPU side received count (scaleup: 4): -89 -100 -91 -99 -91 -92 -105 -92 # -129 -129 -129 -129 -129 -129 -129 -129 -129 -129 -129CPU side received count (scaleup: 0): -105 -99 -96 -95 -102 -103 -86 -90 # -129 -129 -129 -129 -129 -129 -129 -129 -129 -129 -129 -129 -129 -129 -129 -129 
CPU side received count (scaleup: 7): -111 -100 -104 -103 -99 -98 -87 -99 # -129 -129 -129 -129 -129 -129 -129 -129 -129 -129 -1CPU side received count (scaleup: 6): -102 -101 -104 -89 -110 -98 -99 -98 # -129 -129 -129 -129 -129 -129 -129 -129 -129 -129 -1CPU side received count (scaleup: 5): -107 -88 -101 -98 -102 -88 -94 -92 # -129 -129 -129 -129 -129 -129 -129 -129 -129 -129 -12CPU side received count (scaleup: 2): -95 -99 -108 -85 -104 -97 -108 -92 # -129 -129 -129 -129 -129 -129 -129 -129 -129 -129 -129 -129 -129 -129 -129 -129 
 -129 -129 -129 -129 -129 
9 -129 -129 -129 -129 -129 
-129 -129 -129 -129 -129 
29 -129 -129 -129 -129 -129 
29 -129 -129 -129 -129 -129 
9 -129 -129 -129 -129 -129 
Elastic buffer uses 4 channels per SM
Elastic buffer uses 4 channels per SM
Elastic buffer uses 4 channels per SM
Elastic buffer uses 4 channels per SM
Elastic buffer uses 4 channels per SM
Elastic buffer uses 4 channels per SM
Elastic buffer uses 4 channels per SM
Elastic buffer uses 4 channels per SM
CPU side received count (scaleup: 0): -105 -99 -96 -95 -102 -103 -86 -90 # -129 -129 -129 -129 -129 -129 -129 -129 -129 -129 -12CPU side received count (scaleup: 4): -89 -100 -91 -99 -91 -92 -105 -92 # -129 -129 -129 -129 -129 -129 -129 -129 -129 -129 -129CPU side received count (scaleup: 1): -91 -99 -100 -99 -98 -97 -96 -92 # -129 -129 -129 -129 -129 -129 -129 -129 -129 -129 -129 CPU side received count (scaleup: 3): -95 -98 -94 -111 -106 -105 -86 -95 # -129 -129 -129 -129 -129 -129 -129 -129 -129 -129 -12CPU side received count (scaleup: 5): -107 -88 -101 -98 -102 -88 -94 -92 # -129 -129 -129 -129 -129 -129 -129 -129 -129 -129 -12CPU side received count (scaleup: 6): -102 -101 -104 -89 -110 -98 -99 -98 # -129 -129 -129 -129 -129 -129 -129 -129 -129 -129 -1CPU side received count (scaleup: 7): -111 -100 -104 -103 -99 -98 -87 -99 # -129 -129 -129 -129 -129 -129 -129 -129 -129 -129 -1CPU side received count (scaleup: 2): -95 -99 -108 -85 -104 -97 -108 -92 # -129 -129 -129 -129 -129 -129 -129 -129 -129 -129 -129 -129 -129 -129 -129 -129 
 -129 -129 -129 -129 -129 
-129 -129 -129 -129 -129 
9 -129 -129 -129 -129 -129 
29 -129 -129 -129 -129 -129 
9 -129 -129 -129 -129 -129 
9 -129 -129 -129 -129 -129 
29 -129 -129 -129 -129 -129 
Elastic buffer uses 4 channels per SM
Elastic buffer uses 4 channels per SM
Elastic buffer uses 4 channels per SM
Elastic buffer uses 4 channels per SM
Elastic buffer uses 4 channels per SM
Elastic buffer uses 4 channels per SM
Elastic buffer uses 4 channels per SM
Elastic buffer uses 4 channels per SM
CPU side received count (scaleup: 4): -89 -100 -91 -99 -91 -92 -105 -92 # -129 -129 -129 -129 -129 -129 -129 -129 -129 -129 -129CPU side received count (scaleup: 2): -95 -99 -108 -85 -104 -97 -108 -92 # -129 -129 -129 -129 -129 -129 -129 -129 -129 -129 -12CPU side received count (scaleup: 3): -95 -98 -94 -111 -106 -105 -86 -95 # -129 -129 -129 -129 -129 -129 -129 -129 -129 -129 -12 -129 -129 -129 -129 -129 
CPU side received count (scaleup: 7): -111 -100 -104 -103 -99 -98 -87 -99 # -129 -129 -129 -129 -129 -129 -129 -129 -129 -129 -1CPU side received count (scaleup: 1): -91 -99 -100 -99 -98 -97 -96 -92 # -129 -129 -129 -129 -129 -129 -129 -129 -129 -129 -129 CPU side received count (scaleup: 6): -102 -101 -104 -89 -110 -98 -99 -98 # -129 -129 -129 -129 -129 -129 -129 -129 -129 -129 -19 -129 -129 -129 -129 -129 
CPU side received count (scaleup: 0): -105 -99 -96 -95 -102 -103 -86 -90 # -129 -129 -129 -129 -129 -129 -129 -129 -129 -129 -1229 -129 -129 -129 -129 -129 
CPU side received count (scaleup: 5): -107 -88 -101 -98 -102 -88 -94 -92 # -129 -129 -129 -129 -129 -129 -129 -129 -129 -129 -1229 -129 -129 -129 -129 -129 
9 -129 -129 -129 -129 -129 
9 -129 -129 -129 -129 -129 
-129 -129 -129 -129 -129 
9 -129 -129 -129 -129 -129 
Elastic buffer uses 4 channels per SM
Elastic buffer uses 4 channels per SM
Elastic buffer uses 4 channels per SM
Elastic buffer uses 4 channels per SM
Elastic buffer uses 4 channels per SM
Elastic buffer uses 4 channels per SM
Elastic buffer uses 4 channels per SM
Elastic buffer uses 4 channels per SM
CPU side received count (scaleup: 4): -89 -100 -91 -99 -91 -92 -105 -92 # -129 -129 -129 -129 -129 -129 -129 -129 -129 -129 -129CPU side received count (scaleup: 5): -107 -88 -101 -98 -102 -88 -94 -92 # -129 -129 -129 -129 -129 -129 -129 -129 -129 -129 -12CPU side received count (scaleup: 0): -105 -99 -96 -95 -102 -103 -86 -90 # -129 -129 -129 -129 -129 -129 -129 -129 -129 -129 -12CPU side received count (scaleup: 7): -111 -100 -104 -103 -99 -98 -87 -99 # -129 -129 -129 -129 -129 -129 -129 -129 -129 -129 -1CPU side received count (scaleup: 1): -91 -99 -100 -99 -98 -97 -96 -92 # -129 -129 -129 -129 -129 -129 -129 -129 -129 -129 -129 9 -129 -129 -129 -129 -129 
29 -129 -129 -129 -129 -129 
CPU side received count (scaleup: 2): -95 -99 -108 -85 -104 -97 -108 -92 # -129 -129 -129 -129 -129 -129 -129 -129 -129 -129 -12CPU side received count (scaleup: 6): -102 -101 -104 -89 -110 -98 -99 -98 # -129 -129 -129 -129 -129 -129 -129 -129 -129 -129 -1CPU side received count (scaleup: 3): -95 -98 -94 -111 -106 -105 -86 -95 # -129 -129 -129 -129 -129 -129 -129 -129 -129 -129 -1229 -129 -129 -129 -129 -129 
 -129 -129 -129 -129 -129 
9 -129 -129 -129 -129 -129 
-129 -129 -129 -129 -129 
9 -129 -129 -129 -129 -129 
9 -129 -129 -129 -129 -129 
Elastic buffer uses 4 channels per SM
Elastic buffer uses 4 channels per SM
Elastic buffer uses 4 channels per SM
Elastic buffer uses 4 channels per SM
Elastic buffer uses 4 channels per SM
Elastic buffer uses 4 channels per SM
Elastic buffer uses 4 channels per SM
Elastic buffer uses 4 channels per SM
CPU side received count (scaleup: 4): -89 -100 -91 -99 -91 -92 -105 -92 # -129 -129 -129 -129 -129 -129 -129 -129 -129 -129 -129CPU side received count (scaleup: 5): -107 -88 -101 -98 -102 -88 -94 -92 # -129 -129 -129 -129 -129 -129 -129 -129 -129 -129 -12CPU side received count (scaleup: 2): -95 -99 -108 -85 -104 -97 -108 -92 # -129 -129 -129 -129 -129 -129 -129 -129 -129 -129 -12CPU side received count (scaleup: 0): -105 -99 -96 -95 -102 -103 -86 -90 # -129 -129 -129 -129 -129 -129 -129 -129 -129 -129 -12 -129 -129 -129 -129 -129 
CPU side received count (scaleup: 3): -95 -98 -94 -111 -106 -105 -86 -95 # -129 -129 -129 -129 -129 -129 -129 -129 -129 -129 -12CPU side received count (scaleup: 7): -111 -100 -104 -103 -99 -98 -87 -99 # -129 -129 -129 -129 -129 -129 -129 -129 -129 -129 -1CPU side received count (scaleup: 6): -102 -101 -104 -89 -110 -98 -99 -98 # -129 -129 -129 -129 -129 -129 -129 -129 -129 -129 -1CPU side received count (scaleup: 1): -91 -99 -100 -99 -98 -97 -96 -92 # -129 -129 -129 -129 -129 -129 -129 -129 -129 -129 -129 9 -129 -129 -129 -129 -129 
29 -129 -129 -129 -129 -129 
9 -129 -129 -129 -129 -129 
9 -129 -129 -129 -129 -129 
9 -129 -129 -129 -129 -129 
29 -129 -129 -129 -129 -129 
-129 -129 -129 -129 -129 
Elastic buffer uses 4 channels per SM
Elastic buffer uses 4 channels per SM
Elastic buffer uses 4 channels per SM
Elastic buffer uses 4 channels per SM
Elastic buffer uses 4 channels per SM
Elastic buffer uses 4 channels per SM
Elastic buffer uses 4 channels per SM
Elastic buffer uses 4 channels per SM
CPU side received count (scaleup: 0): -105 -99 -96 -95 -102 -103 -86 -90 # -129 -129 -129 -129 -129 -129 -129 -129 -129 -129 -12CPU side received count (scaleup: 1): -91 -99 -100 -99 -98 -97 -96 -92 # -129 -129 -129 -129 -129 -129 -129 -129 -129 -129 -129 CPU side received count (scaleup: 4): -89 -100 -91 -99 -91 -92 -105 -92 # -129 -129 -129 -129 -129 -129 -129 -129 -129 -129 -129CPU side received count (scaleup: 6): -102 -101 -104 -89 -110 -98 -99 -98 # -129 -129 -129 -129 -129 -129 -129 -129 -129 -129 -1-129 -129 -129 -129 -129 
CPU side received count (scaleup: 7): -111 -100 -104 -103 -99 -98 -87 -99 # -129 -129 -129 -129 -129 -129 -129 -129 -129 -129 -1CPU side received count (scaleup: 2): -95 -99 -108 -85 -104 -97 -108 -92 # -129 -129 -129 -129 -129 -129 -129 -129 -129 -129 -12CPU side received count (scaleup: 5): -107 -88 -101 -98 -102 -88 -94 -92 # -129 -129 -129 -129 -129 -129 -129 -129 -129 -129 -12CPU side received count (scaleup: 3): -95 -98 -94 -111 -106 -105 -86 -95 # -129 -129 -129 -129 -129 -129 -129 -129 -129 -129 -129 -129 -129 -129 -129 -129 
9 -129 -129 -129 -129 -129 
 -129 -129 -129 -129 -129 
29 -129 -129 -129 -129 -129 
29 -129 -129 -129 -129 -129 
9 -129 -129 -129 -129 -129 
9 -129 -129 -129 -129 -129 
Elastic buffer uses 4 channels per SM
Elastic buffer uses 4 channels per SM
Elastic buffer uses 4 channels per SM
Elastic buffer uses 4 channels per SM
Elastic buffer uses 4 channels per SM
Elastic buffer uses 4 channels per SM
Elastic buffer uses 4 channels per SM
Elastic buffer uses 4 channels per SM
CPU side received count (scaleup: 7): -111 -100 -104 -103 -99 -98 -87 -99 # -129 -129 -129 -129 -129 -129 -129 -129 -129 -129 -1CPU side received count (scaleup: 3): -95 -98 -94 -111 -106 -105 -86 -95 # -129 -129 -129 -129 -129 -129 -129 -129 -129 -129 -12CPU side received count (scaleup: 1): -91 -99 -100 -99 -98 -97 -96 -92 # -129 -129 -129 -129 -129 -129 -129 -129 -129 -129 -129 CPU side received count (scaleup: 6): -102 -101 -104 -89 -110 -98 -99 -98 # -129 -129 -129 -129 -129 -129 -129 -129 -129 -129 -1CPU side received count (scaleup: 2): -95 -99 -108 -85 -104 -97 -108 -92 # -129 -129 -129 -129 -129 -129 -129 -129 -129 -129 -12CPU side received count (scaleup: 0): -105 -99 -96 -95 -102 -103 -86 -90 # -129 -129 -129 -129 -129 -129 -129 -129 -129 -129 -12CPU side received count (scaleup: 5): -107 -88 -101 -98 -102 -88 -94 -92 # -129 -129 -129 -129 -129 -129 -129 -129 -129 -129 -129 -129 -129 -129 -129 -129 
CPU side received count (scaleup: 4): -89 -100 -91 -99 -91 -92 -105 -92 # -129 -129 -129 -129 -129 -129 -129 -129 -129 -129 -12929 -129 -129 -129 -129 -129 
 -129 -129 -129 -129 -129 
9 -129 -129 -129 -129 -129 
-129 -129 -129 -129 -129 
29 -129 -129 -129 -129 -129 
9 -129 -129 -129 -129 -129 
9 -129 -129 -129 -129 -129 
Elastic buffer uses 4 channels per SM
Elastic buffer uses 4 channels per SM
Elastic buffer uses 4 channels per SM
Elastic buffer uses 4 channels per SM
Elastic buffer uses 4 channels per SM
Elastic buffer uses 4 channels per SM
Elastic buffer uses 4 channels per SM
Elastic buffer uses 4 channels per SM
CPU side received count (scaleup: 4): -89 -100 -91 -99 -91 -92 -105 -92 # -129 -129 -129 -129 -129 -129 -129 -129 -129 -129 -129CPU side received count (scaleup: 3): -95 -98 -94 -111 -106 -105 -86 -95 # -129 -129 -129 -129 -129 -129 -129 -129 -129 -129 -12CPU side received count (scaleup: 7): -111 -100 -104 -103 -99 -98 -87 -99 # -129 -129 -129 -129 -129 -129 -129 -129 -129 -129 -1CPU side received count (scaleup: 6): -102 -101 -104 -89 -110 -98 -99 -98 # -129 -129 -129 -129 -129 -129 -129 -129 -129 -129 -19 -129 -129 -129 -129 -129 
CPU side received count (scaleup: 0): -105 -99 -96 -95 -102 -103 -86 -90 # -129 -129 -129 -129 -129 -129 -129 -129 -129 -129 -1229 -129 -129 -129 -129 -129 
CPU side received count (scaleup: 5): -107 -88 -101 -98 -102 -88 -94 -92 # -129 -129 -129 -129 -129 -129 -129 -129 -129 -129 -12CPU side received count (scaleup: 2): -95 -99 -108 -85 -104 -97 -108 -92 # -129 -129 -129 -129 -129 -129 -129 -129 -129 -129 -12CPU side received count (scaleup: 1): -91 -99 -100 -99 -98 -97 -96 -92 # -129 -129 -129 -129 -129 -129 -129 -129 -129 -129 -129  -129 -129 -129 -129 -129 
29 -129 -129 -129 -129 -129 
-129 -129 -129 -129 -129 
9 -129 -129 -129 -129 -129 
9 -129 -129 -129 -129 -129 
9 -129 -129 -129 -129 -129 
Elastic buffer uses 4 channels per SM
Elastic buffer uses 4 channels per SM
Elastic buffer uses 4 channels per SM
Elastic buffer uses 4 channels per SM
Elastic buffer uses 4 channels per SM
Elastic buffer uses 4 channels per SM
Elastic buffer uses 4 channels per SM
Elastic buffer uses 4 channels per SM
CPU side received count (scaleup: 3): -95 -98 -94 -111 -106 -105 -86 -95 # -129 -129 -129 -129 -129 -129 -129 -129 -129 -129 -12CPU side received count (scaleup: 2): -95 -99 -108 -85 -104 -97 -108 -92 # -129 -129 -129 -129 -129 -129 -129 -129 -129 -129 -12CPU side received count (scaleup: 0): -105 -99 -96 -95 -102 -103 -86 -90 # -129 -129 -129 -129 -129 -129 -129 -129 -129 -129 -129 -129 -129 -129 -129 -129 
9 -129 -129 -129 -129 -129 
9 -129 -129 -129 -129 -129 
CPU side received count (scaleup: 5): -107 -88 -101 -98 -102 -88 -94 -92 # -129 -129 -129 -129 -129 -129 -129 -129 -129 -129 -12CPU side received count (scaleup: 6): -102 -101 -104 -89 -110 -98 -99 -98 # -129 -129 -129 -129 -129 -129 -129 -129 -129 -129 -1CPU side received count (scaleup: 4): -89 -100 -91 -99 -91 -92 -105 -92 # -129 -129 -129 -129 -129 -129 -129 -129 -129 -129 -129CPU side received count (scaleup: 7): -111 -100 -104 -103 -99 -98 -87 -99 # -129 -129 -129 -129 -129 -129 -129 -129 -129 -129 -1 -129 -129 -129 -129 -129 
CPU side received count (scaleup: 1): -91 -99 -100 -99 -98 -97 -96 -92 # -129 -129 -129 -129 -129 -129 -129 -129 -129 -129 -129 9 -129 -129 -129 -129 -129 
29 -129 -129 -129 -129 -129 
29 -129 -129 -129 -129 -129 
-129 -129 -129 -129 -129 
Elastic buffer uses 4 channels per SM
Elastic buffer uses 4 channels per SM
Elastic buffer uses 4 channels per SM
Elastic buffer uses 4 channels per SM
Elastic buffer uses 4 channels per SM
Elastic buffer uses 4 channels per SM
Elastic buffer uses 4 channels per SM
Elastic buffer uses 4 channels per SM
CPU side received count (scaleup: 3): -95 -98 -94 -111 -106 -105 -86 -95 # -129 -129 -129 -129 -129 -129 -129 -129 -129 -129 -12CPU side received count (scaleup: 4): -89 -100 -91 -99 -91 -92 -105 -92 # -129 -129 -129 -129 -129 -129 -129 -129 -129 -129 -129CPU side received count (scaleup: 7): -111 -100 -104 -103 -99 -98 -87 -99 # -129 -129 -129 -129 -129 -129 -129 -129 -129 -129 -1 -129 -129 -129 -129 -129 
CPU side received count (scaleup: 2): -95 -99 -108 -85 -104 -97 -108 -92 # -129 -129 -129 -129 -129 -129 -129 -129 -129 -129 -12CPU side received count (scaleup: 5): -107 -88 -101 -98 -102 -88 -94 -92 # -129 -129 -129 -129 -129 -129 -129 -129 -129 -129 -12CPU side received count (scaleup: 0): -105 -99 -96 -95 -102 -103 -86 -90 # -129 -129 -129 -129 -129 -129 -129 -129 -129 -129 -12CPU side received count (scaleup: 6): -102 -101 -104 -89 -110 -98 -99 -98 # -129 -129 -129 -129 -129 -129 -129 -129 -129 -129 -1CPU side received count (scaleup: 1): -91 -99 -100 -99 -98 -97 -96 -92 # -129 -129 -129 -129 -129 -129 -129 -129 -129 -129 -129 9 -129 -129 -129 -129 -129 
29 -129 -129 -129 -129 -129 
9 -129 -129 -129 -129 -129 
9 -129 -129 -129 -129 -129 
9 -129 -129 -129 -129 -129 
29 -129 -129 -129 -129 -129 
-129 -129 -129 -129 -129 
Elastic buffer uses 4 channels per SM
Elastic buffer uses 4 channels per SM
Elastic buffer uses 4 channels per SM
Elastic buffer uses 4 channels per SM
Elastic buffer uses 4 channels per SM
Elastic buffer uses 4 channels per SM
Elastic buffer uses 4 channels per SM
Elastic buffer uses 4 channels per SM
CPU side received count (scaleup: 4): -89 -100 -91 -99 -91 -92 -105 -92 # -129 -129 -129 -129 -129 -129 -129 -129 -129 -129 -129CPU side received count (scaleup: 3): -95 -98 -94 -111 -106 -105 -86 -95 # -129 -129 -129 -129 -129 -129 -129 -129 -129 -129 -12CPU side received count (scaleup: 1): -91 -99 -100 -99 -98 -97 -96 -92 # -129 -129 -129 -129 -129 -129 -129 -129 -129 -129 -129 CPU side received count (scaleup: 7): -111 -100 -104 -103 -99 -98 -87 -99 # -129 -129 -129 -129 -129 -129 -129 -129 -129 -129 -1CPU side received count (scaleup: 2): -95 -99 -108 -85 -104 -97 -108 -92 # -129 -129 -129 -129 -129 -129 -129 -129 -129 -129 -12CPU side received count (scaleup: 5): -107 -88 -101 -98 -102 -88 -94 -92 # -129 -129 -129 -129 -129 -129 -129 -129 -129 -129 -12-129 -129 -129 -129 -129 
CPU side received count (scaleup: 6): -102 -101 -104 -89 -110 -98 -99 -98 # -129 -129 -129 -129 -129 -129 -129 -129 -129 -129 -1CPU side received count (scaleup: 0): -105 -99 -96 -95 -102 -103 -86 -90 # -129 -129 -129 -129 -129 -129 -129 -129 -129 -129 -12 -129 -129 -129 -129 -129 
9 -129 -129 -129 -129 -129 
9 -129 -129 -129 -129 -129 
29 -129 -129 -129 -129 -129 
9 -129 -129 -129 -129 -129 
9 -129 -129 -129 -129 -129 
29 -129 -129 -129 -129 -129 
Elastic buffer uses 4 channels per SM
Elastic buffer uses 4 channels per SM
Elastic buffer uses 4 channels per SM
Elastic buffer uses 4 channels per SM
Elastic buffer uses 4 channels per SM
Elastic buffer uses 4 channels per SM
Elastic buffer uses 4 channels per SM
Elastic buffer uses 4 channels per SM
CPU side received count (scaleup: 4): -89 -100 -91 -99 -91 -92 -105 -92 # -129 -129 -129 -129 -129 -129 -129 -129 -129 -129 -129CPU side received count (scaleup: 6): -102 -101 -104 -89 -110 -98 -99 -98 # -129 -129 -129 -129 -129 -129 -129 -129 -129 -129 -1CPU side received count (scaleup: 2): -95 -99 -108 -85 -104 -97 -108 -92 # -129 -129 -129 -129 -129 -129 -129 -129 -129 -129 -12CPU side received count (scaleup: 7): -111 -100 -104 -103 -99 -98 -87 -99 # -129 -129 -129 -129 -129 -129 -129 -129 -129 -129 -1CPU side received count (scaleup: 0): -105 -99 -96 -95 -102 -103 -86 -90 # -129 -129 -129 -129 -129 -129 -129 -129 -129 -129 -12CPU side received count (scaleup: 1): -91 -99 -100 -99 -98 -97 -96 -92 # -129 -129 -129 -129 -129 -129 -129 -129 -129 -129 -129 CPU side received count (scaleup: 3): -95 -98 -94 -111 -106 -105 -86 -95 # -129 -129 -129 -129 -129 -129 -129 -129 -129 -129 -12CPU side received count (scaleup: 5): -107 -88 -101 -98 -102 -88 -94 -92 # -129 -129 -129 -129 -129 -129 -129 -129 -129 -129 -12 -129 -129 -129 -129 -129 
29 -129 -129 -129 -129 -129 
9 -129 -129 -129 -129 -129 
29 -129 -129 -129 -129 -129 
9 -129 -129 -129 -129 -129 
-129 -129 -129 -129 -129 
9 -129 -129 -129 -129 -129 
9 -129 -129 -129 -129 -129 
Elastic buffer uses 4 channels per SM
Elastic buffer uses 4 channels per SM
Elastic buffer uses 4 channels per SM
Elastic buffer uses 4 channels per SM
Elastic buffer uses 4 channels per SM
Elastic buffer uses 4 channels per SM
Elastic buffer uses 4 channels per SM
Elastic buffer uses 4 channels per SM
CPU side received count (scaleup: 4): -89 -100 -91 -99 -91 -92 -105 -92 # -129 -129 -129 -129 -129 -129 -129 -129 -129 -129 -129CPU side received count (scaleup: 0): -105 -99 -96 -95 -102 -103 -86 -90 # -129 -129 -129 -129 -129 -129 -129 -129 -129 -129 -12CPU side received count (scaleup: 5): -107 -88 -101 -98 -102 -88 -94 -92 # -129 -129 -129 -129 -129 -129 -129 -129 -129 -129 -129 -129 -129 -129 -129 -129 
CPU side received count (scaleup: 1): -91 -99 -100 -99 -98 -97 -96 -92 # -129 -129 -129 -129 -129 -129 -129 -129 -129 -129 -129 CPU side received count (scaleup: 2): -95 -99 -108 -85 -104 -97 -108 -92 # -129 -129 -129 -129 -129 -129 -129 -129 -129 -129 -12CPU side received count (scaleup: 3): -95 -98 -94 -111 -106 -105 -86 -95 # -129 -129 -129 -129 -129 -129 -129 -129 -129 -129 -12CPU side received count (scaleup: 7): -111 -100 -104 -103 -99 -98 -87 -99 # -129 -129 -129 -129 -129 -129 -129 -129 -129 -129 -1CPU side received count (scaleup: 6): -102 -101 -104 -89 -110 -98 -99 -98 # -129 -129 -129 -129 -129 -129 -129 -129 -129 -129 -1 -129 -129 -129 -129 -129 
9 -129 -129 -129 -129 -129 
29 -129 -129 -129 -129 -129 
29 -129 -129 -129 -129 -129 
-129 -129 -129 -129 -129 
9 -129 -129 -129 -129 -129 
9 -129 -129 -129 -129 -129 
Elastic buffer uses 4 channels per SM
Elastic buffer uses 4 channels per SM
Elastic buffer uses 4 channels per SM
Elastic buffer uses 4 channels per SM
Elastic buffer uses 4 channels per SM
Elastic buffer uses 4 channels per SM
Elastic buffer uses 4 channels per SM
Elastic buffer uses 4 channels per SM
CPU side received count (scaleup: 3): -95 -98 -94 -111 -106 -105 -86 -95 # -129 -129 -129 -129 -129 -129 -129 -129 -129 -129 -12CPU side received count (scaleup: 7): -111 -100 -104 -103 -99 -98 -87 -99 # -129 -129 -129 -129 -129 -129 -129 -129 -129 -129 -1CPU side received count (scaleup: 0): -105 -99 -96 -95 -102 -103 -86 -90 # -129 -129 -129 -129 -129 -129 -129 -129 -129 -129 -12CPU side received count (scaleup: 2): -95 -99 -108 -85 -104 -97 -108 -92 # -129 -129 -129 -129 -129 -129 -129 -129 -129 -129 -12CPU side received count (scaleup: 4): -89 -100 -91 -99 -91 -92 -105 -92 # -129 -129 -129 -129 -129 -129 -129 -129 -129 -129 -129CPU side received count (scaleup: 5): -107 -88 -101 -98 -102 -88 -94 -92 # -129 -129 -129 -129 -129 -129 -129 -129 -129 -129 -12CPU side received count (scaleup: 6): -102 -101 -104 -89 -110 -98 -99 -98 # -129 -129 -129 -129 -129 -129 -129 -129 -129 -129 -19 -129 -129 -129 -129 -129 
CPU side received count (scaleup: 1): -91 -99 -100 -99 -98 -97 -96 -92 # -129 -129 -129 -129 -129 -129 -129 -129 -129 -129 -129 29 -129 -129 -129 -129 -129 
9 -129 -129 -129 -129 -129 
9 -129 -129 -129 -129 -129 
 -129 -129 -129 -129 -129 
9 -129 -129 -129 -129 -129 
29 -129 -129 -129 -129 -129 
-129 -129 -129 -129 -129 
Elastic buffer uses 4 channels per SM
Elastic buffer uses 4 channels per SM
Elastic buffer uses 4 channels per SM
Elastic buffer uses 4 channels per SM
Elastic buffer uses 4 channels per SM
Elastic buffer uses 4 channels per SM
Elastic buffer uses 4 channels per SM
Elastic buffer uses 4 channels per SM
CPU side received count (scaleup: 4): -89 -100 -91 -99 -91 -92 -105 -92 # -129 -129 -129 -129 -129 -129 -129 -129 -129 -129 -129CPU side received count (scaleup: 3): -95 -98 -94 -111 -106 -105 -86 -95 # -129 -129 -129 -129 -129 -129 -129 -129 -129 -129 -12CPU side received count (scaleup: 7): -111 -100 -104 -103 -99 -98 -87 -99 # -129 -129 -129 -129 -129 -129 -129 -129 -129 -129 -1CPU side received count (scaleup: 0): -105 -99 -96 -95 -102 -103 -86 -90 # -129 -129 -129 -129 -129 -129 -129 -129 -129 -129 -12 -129 -129 -129 -129 -129 
CPU side received count (scaleup: 5): -107 -88 -101 -98 -102 -88 -94 -92 # -129 -129 -129 -129 -129 -129 -129 -129 -129 -129 -1229 -129 -129 -129 -129 -129 
CPU side received count (scaleup: 2): -95 -99 -108 -85 -104 -97 -108 -92 # -129 -129 -129 -129 -129 -129 -129 -129 -129 -129 -12CPU side received count (scaleup: 6): -102 -101 -104 -89 -110 -98 -99 -98 # -129 -129 -129 -129 -129 -129 -129 -129 -129 -129 -1CPU side received count (scaleup: 1): -91 -99 -100 -99 -98 -97 -96 -92 # -129 -129 -129 -129 -129 -129 -129 -129 -129 -129 -129 9 -129 -129 -129 -129 -129 
9 -129 -129 -129 -129 -129 
29 -129 -129 -129 -129 -129 
9 -129 -129 -129 -129 -129 
9 -129 -129 -129 -129 -129 
-129 -129 -129 -129 -129 
Elastic buffer uses 4 channels per SM
Elastic buffer uses 4 channels per SM
Elastic buffer uses 4 channels per SM
Elastic buffer uses 4 channels per SM
Elastic buffer uses 4 channels per SM
Elastic buffer uses 4 channels per SM
Elastic buffer uses 4 channels per SM
Elastic buffer uses 4 channels per SM
CPU side received count (scaleup: 7): -111 -100 -104 -103 -99 -98 -87 -99 # -129 -129 -129 -129 -129 -129 -129 -129 -129 -129 -1CPU side received count (scaleup: 2): -95 -99 -108 -85 -104 -97 -108 -92 # -129 -129 -129 -129 -129 -129 -129 -129 -129 -129 -12CPU side received count (scaleup: 3): -95 -98 -94 -111 -106 -105 -86 -95 # -129 -129 -129 -129 -129 -129 -129 -129 -129 -129 -12CPU side received count (scaleup: 6): -102 -101 -104 -89 -110 -98 -99 -98 # -129 -129 -129 -129 -129 -129 -129 -129 -129 -129 -129 -129 -129 -129 -129 -129 
CPU side received count (scaleup: 1): -91 -99 -100 -99 -98 -97 -96 -92 # -129 -129 -129 -129 -129 -129 -129 -129 -129 -129 -129 9 -129 -129 -129 -129 -129 
29 -129 -129 -129 -129 -129 
CPU side received count (scaleup: 4): -89 -100 -91 -99 -91 -92 -105 -92 # -129 -129 -129 -129 -129 -129 -129 -129 -129 -129 -129CPU side received count (scaleup: 5): -107 -88 -101 -98 -102 -88 -94 -92 # -129 -129 -129 -129 -129 -129 -129 -129 -129 -129 -12CPU side received count (scaleup: 0): -105 -99 -96 -95 -102 -103 -86 -90 # -129 -129 -129 -129 -129 -129 -129 -129 -129 -129 -129 -129 -129 -129 -129 -129 
-129 -129 -129 -129 -129 
 -129 -129 -129 -129 -129 
9 -129 -129 -129 -129 -129 
9 -129 -129 -129 -129 -129 
USDT:2026-08-25 02:32:55 442:442 SyncActivityProfilerHandler.cpp:59] profiler_stopUSDT:2026-08-25 02:32:55 439:439 SyncActivityProfilerHandler.cpp:59] profiler_stopUSDT:2026-08-25 02:32:55 440:440 SyncActivityProfilerHandler.cpp:59] profiler_stopUSDT:2026-08-25 02:32:55 436:436 SyncActivityProfilerHandler.cpp:59] profiler_stopUSDT:2026-08-25 02:32:55 438:438 SyncActivityProfilerHandler.cpp:59] profiler_stop
USDT:2026-08-25 02:32:55 441:441 SyncActivityProfilerHandler.cpp:59] profiler_stop

USDT:2026-08-25 02:32:55 435:435 SyncActivityProfilerHandler.cpp:59] profiler_stopUSDT:2026-08-25 02:32:55 437:437 SyncActivityProfilerHandler.cpp:59] profiler_stop




   - EP:   5/16 | expanded dispatch: 5 GB/s (SO), 15 GB/s (SU), 371.466 us, 5705856 bytes | copy: 184 GB/s, 111.389 us
   - EP:   4/16 | expanded dispatch: 5 GB/s (SO), 15 GB/s (SU), 371.461 us, 5623488 bytes | copy: 1817 GB/s, 11.257 us
   - EP:   0/16 | expanded dispatch: 5 GB/s (SO), 15 GB/s (SU), 371.420 us, 5750784 bytes | copy: 1242 GB/s, 16.573 us   - EP:   6/16 | expanded dispatch: 5 GB/s (SO), 16 GB/s (SU), 371.647 us, 5937984 bytes | copy: 890 GB/s, 23.416 us

   - EP:   3/16 | expanded dispatch: 5 GB/s (SO), 16 GB/s (SU), 371.737 us, 5855616 bytes | copy: 176 GB/s, 117.316 us
   - EP:   7/16 | expanded dispatch: 5 GB/s (SO), 16 GB/s (SU), 371.574 us, 5937984 bytes | copy: 892 GB/s, 23.219 us
   - EP:   1/16 | expanded dispatch: 5 GB/s (SO), 15 GB/s (SU), 371.420 us, 5720832 bytes | copy: 1212 GB/s, 16.928 us
   - EP:   2/16 | expanded dispatch: 5 GB/s (SO), 16 GB/s (SU), 371.606 us, 5840640 bytes | copy: 185 GB/s, 111.889 us
Elastic buffer uses 4 channels per SM
Elastic buffer uses 4 channels per SM
Elastic buffer uses 4 channels per SM
Elastic buffer uses 4 channels per SM
Elastic buffer uses 4 channels per SM
Elastic buffer uses 4 channels per SM
Elastic buffer uses 4 channels per SM
Elastic buffer uses 4 channels per SM
Elastic buffer uses 4 channels per SM
Elastic buffer uses 4 channels per SM
Elastic buffer uses 4 channels per SM
Elastic buffer uses 4 channels per SM
Elastic buffer uses 4 channels per SM
Elastic buffer uses 4 channels per SM
Elastic buffer uses 4 channels per SM
Elastic buffer uses 4 channels per SM
Elastic buffer uses 4 channels per SM
Elastic buffer uses 4 channels per SM
Elastic buffer uses 4 channels per SM
Elastic buffer uses 4 channels per SM
Elastic buffer uses 4 channels per SM
Elastic buffer uses 4 channels per SM
Elastic buffer uses 4 channels per SM
Elastic buffer uses 4 channels per SM
Elastic buffer uses 4 channels per SM
Elastic buffer uses 4 channels per SM
Elastic buffer uses 4 channels per SM
Elastic buffer uses 4 channels per SM
Elastic buffer uses 4 channels per SM
Elastic buffer uses 4 channels per SM
Elastic buffer uses 4 channels per SM
Elastic buffer uses 4 channels per SM
Elastic buffer uses 4 channels per SM
Elastic buffer uses 4 channels per SM
Elastic buffer uses 4 channels per SM
Elastic buffer uses 4 channels per SM
Elastic buffer uses 4 channels per SM
Elastic buffer uses 4 channels per SM
Elastic buffer uses 4 channels per SM
Elastic buffer uses 4 channels per SM
Elastic buffer uses 4 channels per SM
Elastic buffer uses 4 channels per SM
Elastic buffer uses 4 channels per SM
Elastic buffer uses 4 channels per SM
Elastic buffer uses 4 channels per SM
Elastic buffer uses 4 channels per SM
Elastic buffer uses 4 channels per SM
Elastic buffer uses 4 channels per SM
Elastic buffer uses 4 channels per SM
Elastic buffer uses 4 channels per SM
Elastic buffer uses 4 channels per SM
Elastic buffer uses 4 channels per SM
Elastic buffer uses 4 channels per SM
Elastic buffer uses 4 channels per SM
Elastic buffer uses 4 channels per SM
Elastic buffer uses 4 channels per SM
Elastic buffer uses 4 channels per SM
Elastic buffer uses 4 channels per SM
Elastic buffer uses 4 channels per SM
Elastic buffer uses 4 channels per SM
Elastic buffer uses 4 channels per SM
Elastic buffer uses 4 channels per SM
Elastic buffer uses 4 channels per SM
Elastic buffer uses 4 channels per SM
Elastic buffer uses 4 channels per SM
Elastic buffer uses 4 channels per SM
Elastic buffer uses 4 channels per SM
Elastic buffer uses 4 channels per SM
Elastic buffer uses 4 channels per SM
Elastic buffer uses 4 channels per SM
Elastic buffer uses 4 channels per SM
Elastic buffer uses 4 channels per SM
Elastic buffer uses 4 channels per SM
Elastic buffer uses 4 channels per SM
Elastic buffer uses 4 channels per SM
Elastic buffer uses 4 channels per SM
Elastic buffer uses 4 channels per SM
Elastic buffer uses 4 channels per SM
Elastic buffer uses 4 channels per SM
Elastic buffer uses 4 channels per SM
Elastic buffer uses 4 channels per SM
Elastic buffer uses 4 channels per SM
Elastic buffer uses 4 channels per SM
Elastic buffer uses 4 channels per SM
Elastic buffer uses 4 channels per SM
Elastic buffer uses 4 channels per SM
Elastic buffer uses 4 channels per SM
Elastic buffer uses 4 channels per SM
Elastic buffer uses 4 channels per SM
Elastic buffer uses 4 channels per SM
Elastic buffer uses 4 channels per SM
Elastic buffer uses 4 channels per SM
Elastic buffer uses 4 channels per SM
Elastic buffer uses 4 channels per SM
Elastic buffer uses 4 channels per SM
Elastic buffer uses 4 channels per SM
Elastic buffer uses 4 channels per SM
Elastic buffer uses 4 channels per SM
Elastic buffer uses 4 channels per SM
Elastic buffer uses 4 channels per SM
Elastic buffer uses 4 channels per SM
Elastic buffer uses 4 channels per SM
Elastic buffer uses 4 channels per SM
Elastic buffer uses 4 channels per SM
Elastic buffer uses 4 channels per SM
Elastic buffer uses 4 channels per SM
Elastic buffer uses 4 channels per SM
Elastic buffer uses 4 channels per SM
Elastic buffer uses 4 channels per SM
Elastic buffer uses 4 channels per SM
Elastic buffer uses 4 channels per SM
Elastic buffer uses 4 channels per SM
Elastic buffer uses 4 channels per SM
Elastic buffer uses 4 channels per SM
Elastic buffer uses 4 channels per SM
Elastic buffer uses 4 channels per SM
Elastic buffer uses 4 channels per SM
Elastic buffer uses 4 channels per SM
Elastic buffer uses 4 channels per SM
Elastic buffer uses 4 channels per SM
Elastic buffer uses 4 channels per SM
Elastic buffer uses 4 channels per SM
Elastic buffer uses 4 channels per SM
Elastic buffer uses 4 channels per SM
Elastic buffer uses 4 channels per SM
Elastic buffer uses 4 channels per SM
Elastic buffer uses 4 channels per SM
Elastic buffer uses 4 channels per SM
Elastic buffer uses 4 channels per SM
Elastic buffer uses 4 channels per SM
Elastic buffer uses 4 channels per SM
Elastic buffer uses 4 channels per SM
Elastic buffer uses 4 channels per SM
Elastic buffer uses 4 channels per SM
Elastic buffer uses 4 channels per SM
Elastic buffer uses 4 channels per SM
Elastic buffer uses 4 channels per SM
Elastic buffer uses 4 channels per SM
Elastic buffer uses 4 channels per SM
Elastic buffer uses 4 channels per SM
Elastic buffer uses 4 channels per SM
Elastic buffer uses 4 channels per SM
Elastic buffer uses 4 channels per SM
Elastic buffer uses 4 channels per SM
Elastic buffer uses 4 channels per SM
Elastic buffer uses 4 channels per SM
Elastic buffer uses 4 channels per SM
Elastic buffer uses 4 channels per SM
Elastic buffer uses 4 channels per SM
Elastic buffer uses 4 channels per SM
Elastic buffer uses 4 channels per SM
Elastic buffer uses 4 channels per SM
Elastic buffer uses 4 channels per SM
Elastic buffer uses 4 channels per SM
Elastic buffer uses 4 channels per SM
Elastic buffer uses 4 channels per SM
Elastic buffer uses 4 channels per SM
Elastic buffer uses 4 channels per SM
Elastic buffer uses 4 channels per SM
Elastic buffer uses 4 channels per SM
Elastic buffer uses 4 channels per SM
Elastic buffer uses 4 channels per SM
Elastic buffer uses 4 channels per SM
Elastic buffer uses 4 channels per SM
Elastic buffer uses 4 channels per SM
Elastic buffer uses 4 channels per SM
Elastic buffer uses 4 channels per SM
Elastic buffer uses 4 channels per SM
Elastic buffer uses 4 channels per SM
Elastic buffer uses 4 channels per SM
Elastic buffer uses 4 channels per SM
Elastic buffer uses 4 channels per SM
Elastic buffer uses 4 channels per SM
Elastic buffer uses 4 channels per SM
Elastic buffer uses 4 channels per SM
Elastic buffer uses 4 channels per SM
Elastic buffer uses 4 channels per SM
Elastic buffer uses 4 channels per SM
Elastic buffer uses 4 channels per SM
Elastic buffer uses 4 channels per SM
Elastic buffer uses 4 channels per SM
Elastic buffer uses 4 channels per SM
Elastic buffer uses 4 channels per SM
Elastic buffer uses 4 channels per SM
Elastic buffer uses 4 channels per SM
Elastic buffer uses 4 channels per SM
Elastic buffer uses 4 channels per SM
Elastic buffer uses 4 channels per SM
Elastic buffer uses 4 channels per SM
Elastic buffer uses 4 channels per SM
Elastic buffer uses 4 channels per SM
Elastic buffer uses 4 channels per SM
Elastic buffer uses 4 channels per SM
Elastic buffer uses 4 channels per SM
Elastic buffer uses 4 channels per SM
Elastic buffer uses 4 channels per SM
Elastic buffer uses 4 channels per SM
Elastic buffer uses 4 channels per SM
Elastic buffer uses 4 channels per SM
Elastic buffer uses 4 channels per SM
Elastic buffer uses 4 channels per SM
Elastic buffer uses 4 channels per SM
Elastic buffer uses 4 channels per SM
Elastic buffer uses 4 channels per SM
Elastic buffer uses 4 channels per SM
Elastic buffer uses 4 channels per SM
Elastic buffer uses 4 channels per SM
Elastic buffer uses 4 channels per SM
Elastic buffer uses 4 channels per SM
Elastic buffer uses 4 channels per SM
Elastic buffer uses 4 channels per SM
Elastic buffer uses 4 channels per SM
Elastic buffer uses 4 channels per SM
Elastic buffer uses 4 channels per SM
Elastic buffer uses 4 channels per SM
Elastic buffer uses 4 channels per SM
Elastic buffer uses 4 channels per SM
Elastic buffer uses 4 channels per SM
Elastic buffer uses 4 channels per SM
Elastic buffer uses 4 channels per SM
Elastic buffer uses 4 channels per SM
Elastic buffer uses 4 channels per SM
Elastic buffer uses 4 channels per SM
Elastic buffer uses 4 channels per SM
Elastic buffer uses 4 channels per SM
Elastic buffer uses 4 channels per SM
Elastic buffer uses 4 channels per SM
Elastic buffer uses 4 channels per SM
Elastic buffer uses 4 channels per SM
Elastic buffer uses 4 channels per SM
Elastic buffer uses 4 channels per SM
Elastic buffer uses 4 channels per SM
Elastic buffer uses 4 channels per SM
Elastic buffer uses 4 channels per SM
Elastic buffer uses 4 channels per SM
Elastic buffer uses 4 channels per SM
Elastic buffer uses 4 channels per SM
Elastic buffer uses 4 channels per SM
Elastic buffer uses 4 channels per SM
Elastic buffer uses 4 channels per SM
Elastic buffer uses 4 channels per SM
Elastic buffer uses 4 channels per SM
Elastic buffer uses 4 channels per SM
Elastic buffer uses 4 channels per SM
Elastic buffer uses 4 channels per SM
Elastic buffer uses 4 channels per SM
Elastic buffer uses 4 channels per SM
Elastic buffer uses 4 channels per SM
USDT:2026-08-25 02:32:56 440:440 SyncActivityProfilerHandler.cpp:52] profiler_startUSDT:2026-08-25 02:32:56 438:438 SyncActivityProfilerHandler.cpp:52] profiler_startUSDT:2026-08-25 02:32:56 437:437 SyncActivityProfilerHandler.cpp:52] profiler_start
USDT:2026-08-25 02:32:56 439:439 SyncActivityProfilerHandler.cpp:52] profiler_start
USDT:2026-08-25 02:32:56 442:442 SyncActivityProfilerHandler.cpp:52] profiler_startUSDT:2026-08-25 02:32:56 436:436 SyncActivityProfilerHandler.cpp:52] profiler_start
USDT:2026-08-25 02:32:56 441:441 SyncActivityProfilerHandler.cpp:52] profiler_start



USDT:2026-08-25 02:32:56 435:435 SyncActivityProfilerHandler.cpp:52] profiler_start
Elastic buffer uses 4 channels per SM
Elastic buffer uses 4 channels per SM
Elastic buffer uses 4 channels per SM
Elastic buffer uses 4 channels per SM
Elastic buffer uses 4 channels per SM
Elastic buffer uses 4 channels per SM
Elastic buffer uses 4 channels per SM
Elastic buffer uses 4 channels per SM
Elastic buffer uses 4 channels per SM
Elastic buffer uses 4 channels per SM
Elastic buffer uses 4 channels per SM
Elastic buffer uses 4 channels per SM
Elastic buffer uses 4 channels per SM
Elastic buffer uses 4 channels per SM
Elastic buffer uses 4 channels per SM
Elastic buffer uses 4 channels per SM
Elastic buffer uses 4 channels per SM
Elastic buffer uses 4 channels per SM
Elastic buffer uses 4 channels per SM
Elastic buffer uses 4 channels per SM
Elastic buffer uses 4 channels per SM
Elastic buffer uses 4 channels per SM
Elastic buffer uses 4 channels per SM
Elastic buffer uses 4 channels per SM
Elastic buffer uses 4 channels per SM
Elastic buffer uses 4 channels per SM
Elastic buffer uses 4 channels per SM
Elastic buffer uses 4 channels per SM
Elastic buffer uses 4 channels per SM
Elastic buffer uses 4 channels per SM
Elastic buffer uses 4 channels per SM
Elastic buffer uses 4 channels per SM
Elastic buffer uses 4 channels per SM
Elastic buffer uses 4 channels per SM
Elastic buffer uses 4 channels per SM
Elastic buffer uses 4 channels per SM
Elastic buffer uses 4 channels per SM
Elastic buffer uses 4 channels per SM
Elastic buffer uses 4 channels per SM
Elastic buffer uses 4 channels per SM
Elastic buffer uses 4 channels per SM
Elastic buffer uses 4 channels per SM
Elastic buffer uses 4 channels per SM
Elastic buffer uses 4 channels per SM
Elastic buffer uses 4 channels per SM
Elastic buffer uses 4 channels per SM
Elastic buffer uses 4 channels per SM
Elastic buffer uses 4 channels per SM
Elastic buffer uses 4 channels per SM
Elastic buffer uses 4 channels per SM
Elastic buffer uses 4 channels per SM
Elastic buffer uses 4 channels per SM
Elastic buffer uses 4 channels per SM
Elastic buffer uses 4 channels per SM
Elastic buffer uses 4 channels per SM
Elastic buffer uses 4 channels per SM
Elastic buffer uses 4 channels per SM
Elastic buffer uses 4 channels per SM
Elastic buffer uses 4 channels per SM
Elastic buffer uses 4 channels per SM
Elastic buffer uses 4 channels per SM
Elastic buffer uses 4 channels per SM
Elastic buffer uses 4 channels per SM
Elastic buffer uses 4 channels per SM
Elastic buffer uses 4 channels per SM
Elastic buffer uses 4 channels per SM
Elastic buffer uses 4 channels per SM
Elastic buffer uses 4 channels per SM
Elastic buffer uses 4 channels per SM
Elastic buffer uses 4 channels per SM
Elastic buffer uses 4 channels per SM
Elastic buffer uses 4 channels per SM
Elastic buffer uses 4 channels per SM
Elastic buffer uses 4 channels per SM
Elastic buffer uses 4 channels per SM
Elastic buffer uses 4 channels per SM
Elastic buffer uses 4 channels per SM
Elastic buffer uses 4 channels per SM
Elastic buffer uses 4 channels per SM
Elastic buffer uses 4 channels per SM
Elastic buffer uses 4 channels per SM
Elastic buffer uses 4 channels per SM
Elastic buffer uses 4 channels per SM
Elastic buffer uses 4 channels per SM
Elastic buffer uses 4 channels per SM
Elastic buffer uses 4 channels per SM
Elastic buffer uses 4 channels per SM
Elastic buffer uses 4 channels per SM
Elastic buffer uses 4 channels per SM
Elastic buffer uses 4 channels per SM
Elastic buffer uses 4 channels per SM
Elastic buffer uses 4 channels per SM
Elastic buffer uses 4 channels per SM
Elastic buffer uses 4 channels per SM
Elastic buffer uses 4 channels per SM
Elastic buffer uses 4 channels per SM
Elastic buffer uses 4 channels per SM
Elastic buffer uses 4 channels per SM
Elastic buffer uses 4 channels per SM
Elastic buffer uses 4 channels per SM
Elastic buffer uses 4 channels per SM
Elastic buffer uses 4 channels per SM
Elastic buffer uses 4 channels per SM
Elastic buffer uses 4 channels per SM
Elastic buffer uses 4 channels per SM
Elastic buffer uses 4 channels per SM
Elastic buffer uses 4 channels per SM
Elastic buffer uses 4 channels per SM
Elastic buffer uses 4 channels per SM
Elastic buffer uses 4 channels per SM
Elastic buffer uses 4 channels per SM
Elastic buffer uses 4 channels per SM
Elastic buffer uses 4 channels per SM
Elastic buffer uses 4 channels per SM
Elastic buffer uses 4 channels per SM
Elastic buffer uses 4 channels per SM
Elastic buffer uses 4 channels per SM
Elastic buffer uses 4 channels per SM
Elastic buffer uses 4 channels per SM
Elastic buffer uses 4 channels per SM
Elastic buffer uses 4 channels per SM
Elastic buffer uses 4 channels per SM
Elastic buffer uses 4 channels per SM
Elastic buffer uses 4 channels per SM
Elastic buffer uses 4 channels per SM
Elastic buffer uses 4 channels per SM
Elastic buffer uses 4 channels per SM
Elastic buffer uses 4 channels per SM
Elastic buffer uses 4 channels per SM
Elastic buffer uses 4 channels per SM
Elastic buffer uses 4 channels per SM
Elastic buffer uses 4 channels per SM
Elastic buffer uses 4 channels per SM
Elastic buffer uses 4 channels per SM
Elastic buffer uses 4 channels per SM
Elastic buffer uses 4 channels per SM
Elastic buffer uses 4 channels per SM
Elastic buffer uses 4 channels per SM
Elastic buffer uses 4 channels per SM
Elastic buffer uses 4 channels per SM
Elastic buffer uses 4 channels per SM
Elastic buffer uses 4 channels per SM
Elastic buffer uses 4 channels per SM
Elastic buffer uses 4 channels per SM
Elastic buffer uses 4 channels per SM
Elastic buffer uses 4 channels per SM
Elastic buffer uses 4 channels per SM
Elastic buffer uses 4 channels per SM
Elastic buffer uses 4 channels per SM
Elastic buffer uses 4 channels per SM
Elastic buffer uses 4 channels per SM
Elastic buffer uses 4 channels per SM
Elastic buffer uses 4 channels per SM
Elastic buffer uses 4 channels per SM
Elastic buffer uses 4 channels per SM
Elastic buffer uses 4 channels per SM
Elastic buffer uses 4 channels per SM
Elastic buffer uses 4 channels per SM
Elastic buffer uses 4 channels per SM
Elastic buffer uses 4 channels per SM
Elastic buffer uses 4 channels per SM
Elastic buffer uses 4 channels per SM
Elastic buffer uses 4 channels per SM
Elastic buffer uses 4 channels per SM
Elastic buffer uses 4 channels per SM
Elastic buffer uses 4 channels per SM
Elastic buffer uses 4 channels per SM
Elastic buffer uses 4 channels per SM
Elastic buffer uses 4 channels per SM
Elastic buffer uses 4 channels per SM
Elastic buffer uses 4 channels per SM
Elastic buffer uses 4 channels per SM
Elastic buffer uses 4 channels per SM
Elastic buffer uses 4 channels per SM
Elastic buffer uses 4 channels per SM
Elastic buffer uses 4 channels per SM
Elastic buffer uses 4 channels per SM
Elastic buffer uses 4 channels per SM
Elastic buffer uses 4 channels per SM
Elastic buffer uses 4 channels per SM
Elastic buffer uses 4 channels per SM
Elastic buffer uses 4 channels per SM
Elastic buffer uses 4 channels per SM
Elastic buffer uses 4 channels per SM
Elastic buffer uses 4 channels per SM
Elastic buffer uses 4 channels per SM
Elastic buffer uses 4 channels per SM
Elastic buffer uses 4 channels per SM
Elastic buffer uses 4 channels per SM
Elastic buffer uses 4 channels per SM
Elastic buffer uses 4 channels per SM
Elastic buffer uses 4 channels per SM
Elastic buffer uses 4 channels per SM
Elastic buffer uses 4 channels per SM
Elastic buffer uses 4 channels per SM
Elastic buffer uses 4 channels per SM
Elastic buffer uses 4 channels per SM
Elastic buffer uses 4 channels per SM
Elastic buffer uses 4 channels per SM
Elastic buffer uses 4 channels per SM
Elastic buffer uses 4 channels per SM
Elastic buffer uses 4 channels per SM
Elastic buffer uses 4 channels per SM
Elastic buffer uses 4 channels per SM
Elastic buffer uses 4 channels per SM
Elastic buffer uses 4 channels per SM
Elastic buffer uses 4 channels per SM
Elastic buffer uses 4 channels per SM
Elastic buffer uses 4 channels per SM
Elastic buffer uses 4 channels per SM
Elastic buffer uses 4 channels per SM
Elastic buffer uses 4 channels per SM
Elastic buffer uses 4 channels per SM
Elastic buffer uses 4 channels per SM
Elastic buffer uses 4 channels per SM
Elastic buffer uses 4 channels per SM
Elastic buffer uses 4 channels per SM
Elastic buffer uses 4 channels per SM
Elastic buffer uses 4 channels per SM
Elastic buffer uses 4 channels per SM
Elastic buffer uses 4 channels per SM
Elastic buffer uses 4 channels per SM
Elastic buffer uses 4 channels per SM
Elastic buffer uses 4 channels per SM
Elastic buffer uses 4 channels per SM
Elastic buffer uses 4 channels per SM
Elastic buffer uses 4 channels per SM
Elastic buffer uses 4 channels per SM
Elastic buffer uses 4 channels per SM
Elastic buffer uses 4 channels per SM
Elastic buffer uses 4 channels per SM
Elastic buffer uses 4 channels per SM
Elastic buffer uses 4 channels per SM
Elastic buffer uses 4 channels per SM
Elastic buffer uses 4 channels per SM
Elastic buffer uses 4 channels per SM
Elastic buffer uses 4 channels per SM
Elastic buffer uses 4 channels per SM
Elastic buffer uses 4 channels per SM
Elastic buffer uses 4 channels per SM
USDT:2026-08-25 02:32:56 436:436 SyncActivityProfilerHandler.cpp:59] profiler_stop
USDT:2026-08-25 02:32:56 440:440 SyncActivityProfilerHandler.cpp:59] profiler_stopUSDT:2026-08-25 02:32:56 438:438 SyncActivityProfilerHandler.cpp:59] profiler_stop
USDT:2026-08-25 02:32:56 437:437 SyncActivityProfilerHandler.cpp:59] profiler_stop

USDT:2026-08-25 02:32:56 439:439 SyncActivityProfilerHandler.cpp:59] profiler_stopUSDT:2026-08-25 02:32:56 435:435 SyncActivityProfilerHandler.cpp:59] profiler_stopUSDT:2026-08-25 02:32:56 442:442 SyncActivityProfilerHandler.cpp:59] profiler_stop


USDT:2026-08-25 02:32:56 441:441 SyncActivityProfilerHandler.cpp:59] profiler_stop
   # EP:   1/16 | cached dispatch: 5 GB/s (SO), 16 GB/s (SU), 365.712 us, 5720832 bytes | copy: 777 GB/s, 14.730 us
   # EP:   2/16 | cached dispatch: 5 GB/s (SO), 16 GB/s (SU), 365.883 us, 5840640 bytes | copy: 105 GB/s, 111.236 us
   # EP:   5/16 | cached dispatch: 5 GB/s (SO), 16 GB/s (SU), 365.761 us, 5705856 bytes | copy: 104 GB/s, 109.974 us
   # EP:   3/16 | cached dispatch: 5 GB/s (SO), 16 GB/s (SU), 365.888 us, 5855616 bytes | copy: 103 GB/s, 113.652 us   # EP:   0/16 | cached dispatch: 5 GB/s (SO), 16 GB/s (SU), 365.641 us, 5750784 bytes | copy: 751 GB/s, 15.306 us

   # EP:   7/16 | cached dispatch: 5 GB/s (SO), 16 GB/s (SU), 365.909 us, 5937984 bytes | copy: 451 GB/s, 26.325 us
   # EP:   6/16 | cached dispatch: 5 GB/s (SO), 16 GB/s (SU), 365.811 us, 5937984 bytes | copy: 672 GB/s, 17.667 us
   # EP:   4/16 | cached dispatch: 5 GB/s (SO), 15 GB/s (SU), 365.726 us, 5623488 bytes | copy: 929 GB/s, 12.101 us
USDT:2026-08-25 02:32:56 440:440 SyncActivityProfilerHandler.cpp:52] profiler_start
USDT:2026-08-25 02:32:56 437:437 SyncActivityProfilerHandler.cpp:52] profiler_start
USDT:2026-08-25 02:32:56 438:438 SyncActivityProfilerHandler.cpp:52] profiler_start
USDT:2026-08-25 02:32:56 441:441 SyncActivityProfilerHandler.cpp:52] profiler_startUSDT:2026-08-25 02:32:56 435:435 SyncActivityProfilerHandler.cpp:52] profiler_start
USDT:2026-08-25 02:32:56 442:442 SyncActivityProfilerHandler.cpp:52] profiler_startUSDT:2026-08-25 02:32:56 436:436 SyncActivityProfilerHandler.cpp:52] profiler_start


USDT:2026-08-25 02:32:56 439:439 SyncActivityProfilerHandler.cpp:52] profiler_start
USDT:2026-08-25 02:32:57 440:440 SyncActivityProfilerHandler.cpp:59] profiler_stopUSDT:2026-08-25 02:32:57 438:438 SyncActivityProfilerHandler.cpp:59] profiler_stop

USDT:2026-08-25 02:32:57 437:437 SyncActivityProfilerHandler.cpp:59] profiler_stop
USDT:2026-08-25 02:32:57 439:439 SyncActivityProfilerHandler.cpp:59] profiler_stopUSDT:2026-08-25 02:32:57 436:436 SyncActivityProfilerHandler.cpp:59] profiler_stop

USDT:2026-08-25 02:32:57 441:441 SyncActivityProfilerHandler.cpp:59] profiler_stopUSDT:2026-08-25 02:32:57 442:442 SyncActivityProfilerHandler.cpp:59] profiler_stop

USDT:2026-08-25 02:32:57 435:435 SyncActivityProfilerHandler.cpp:59] profiler_stop
   @ EP:   5/16 | combine: 21 GB/s (SO), 65 GB/s (SU), 169.294 us, 10948416 bytes | reduce: 1039 GB/s, 5.087 us
   @ EP:   4/16 | combine: 19 GB/s (SO), 58 GB/s (SU), 186.393 us, 10790368 bytes | reduce: 997 GB/s, 5.332 us
   @ EP:   1/16 | combine: 20 GB/s (SO), 59 GB/s (SU), 186.305 us, 10977152 bytes | reduce: 1029 GB/s, 5.318 us
   @ EP:   3/16 | combine: 21 GB/s (SO), 65 GB/s (SU), 173.982 us, 11235776 bytes | reduce: 1062 GB/s, 5.075 us
   @ EP:   2/16 | combine: 21 GB/s (SO), 64 GB/s (SU), 176.400 us, 11207040 bytes | reduce: 1052 GB/s, 5.162 us
   @ EP:   6/16 | combine: 18 GB/s (SO), 61 GB/s (SU), 187.944 us, 11393824 bytes | reduce: 1034 GB/s, 5.046 us
   @ EP:   7/16 | combine: 19 GB/s (SO), 61 GB/s (SU), 186.417 us, 11393824 bytes | reduce: 1106 GB/s, 4.716 us   @ EP:   0/16 | combine: 20 GB/s (SO), 59 GB/s (SU), 186.088 us, 11034624 bytes | reduce: 1082 GB/s, 5.085 us

USDT:2026-08-25 02:32:57 440:440 SyncActivityProfilerHandler.cpp:52] profiler_start
USDT:2026-08-25 02:32:57 439:439 SyncActivityProfilerHandler.cpp:52] profiler_startUSDT:2026-08-25 02:32:57 436:436 SyncActivityProfilerHandler.cpp:52] profiler_start
USDT:2026-08-25 02:32:57 438:438 SyncActivityProfilerHandler.cpp:52] profiler_startUSDT:2026-08-25 02:32:57 435:435 SyncActivityProfilerHandler.cpp:52] profiler_start


USDT:2026-08-25 02:32:57 441:441 SyncActivityProfilerHandler.cpp:52] profiler_startUSDT:2026-08-25 02:32:57 437:437 SyncActivityProfilerHandler.cpp:52] profiler_start
USDT:2026-08-25 02:32:57 442:442 SyncActivityProfilerHandler.cpp:52] profiler_start

USDT:2026-08-25 02:32:57 440:440 SyncActivityProfilerHandler.cpp:59] profiler_stop
USDT:2026-08-25 02:32:57 437:437 SyncActivityProfilerHandler.cpp:59] profiler_stopUSDT:2026-08-25 02:32:57 438:438 SyncActivityProfilerHandler.cpp:59] profiler_stopUSDT:2026-08-25 02:32:57 436:436 SyncActivityProfilerHandler.cpp:59] profiler_stopUSDT:2026-08-25 02:32:57 441:441 SyncActivityProfilerHandler.cpp:59] profiler_stopUSDT:2026-08-25 02:32:57 439:439 SyncActivityProfilerHandler.cpp:59] profiler_stop




USDT:2026-08-25 02:32:57 435:435 SyncActivityProfilerHandler.cpp:59] profiler_stop
USDT:2026-08-25 02:32:57 442:442 SyncActivityProfilerHandler.cpp:59] profiler_stop
   + EP:   5/16 | reduced combine: 19 GB/s (SO), 59 GB/s (SU), 186.492 us, 10948416 bytes | reduce: 922 GB/s, 5.732 us
   + EP:   6/16 | reduced combine: 17 GB/s (SO), 56 GB/s (SU), 203.194 us, 11393824 bytes | reduce: 961 GB/s, 5.427 us   + EP:   2/16 | reduced combine: 19 GB/s (SO), 57 GB/s (SU), 195.340 us, 11207040 bytes | reduce: 991 GB/s, 5.480 us

   + EP:   1/16 | reduced combine: 18 GB/s (SO), 54 GB/s (SU), 204.739 us, 10977152 bytes | reduce: 942 GB/s, 5.811 us
   + EP:   3/16 | reduced combine: 19 GB/s (SO), 58 GB/s (SU), 193.393 us, 11235776 bytes | reduce: 982 GB/s, 5.485 us
   + EP:   4/16 | reduced combine: 17 GB/s (SO), 53 GB/s (SU), 203.082 us, 10790368 bytes | reduce: 930 GB/s, 5.715 us
   + EP:   7/16 | reduced combine: 17 GB/s (SO), 56 GB/s (SU), 202.803 us, 11393824 bytes | reduce: 915 GB/s, 5.698 us
   + EP:   0/16 | reduced combine: 18 GB/s (SO), 54 GB/s (SU), 203.973 us, 11034624 bytes | reduce: 1047 GB/s, 5.256 us

Elastic buffer uses 4 channels per SM
Elastic buffer uses 4 channels per SM
Elastic buffer uses 4 channels per SM
Elastic buffer uses 4 channels per SM
Elastic buffer uses 4 channels per SM
Elastic buffer uses 4 channels per SM
Elastic buffer uses 4 channels per SM
Elastic buffer uses 4 channels per SM
CPU side received count (scaleup: 7): -111 -100 -104 -103 -99 -98 -87 -99 # -129 -129 -129 -129 -129 -129 -129 -129 -129 -129 -1CPU side received count (scaleup: 1): -91 -99 -100 -99 -98 -97 -96 -92 # -129 -129 -129 -129 -129 -129 -129 -129 -129 -129 -129 CPU side received count (scaleup: 2): -95 -99 -108 -85 -104 -97 -108 -92 # -129 -129 -129 -129 -129 -129 -129 -129 -129 -129 -12CPU side received count (scaleup: 6): -102 -101 -104 -89 -110 -98 -99 -98 # -129 -129 -129 -129 -129 -129 -129 -129 -129 -129 -1CPU side received count (scaleup: 4): -89 -100 -91 -99 -91 -92 -105 -92 # -129 -129 -129 -129 -129 -129 -129 -129 -129 -129 -1299 -129 -129 -129 -129 -129 
CPU side received count (scaleup: 5): -107 -88 -101 -98 -102 -88 -94 -92 # -129 -129 -129 -129 -129 -129 -129 -129 -129 -129 -12CPU side received count (scaleup: 0): -105 -99 -96 -95 -102 -103 -86 -90 # -129 -129 -129 -129 -129 -129 -129 -129 -129 -129 -12CPU side received count (scaleup: 3): -95 -98 -94 -111 -106 -105 -86 -95 # -129 -129 -129 -129 -129 -129 -129 -129 -129 -129 -129 -129 -129 -129 -129 -129 
29 -129 -129 -129 -129 -129 
-129 -129 -129 -129 -129 
 -129 -129 -129 -129 -129 
29 -129 -129 -129 -129 -129 
9 -129 -129 -129 -129 -129 
9 -129 -129 -129 -129 -129 

