=== EP_NIC_NAME=rdmap110s0 (auto, 200 Gb/s) ===
+ docker run --rm --gpus all --privileged --network=host --ipc=host --ulimit memlock=-1 --ulimit stack=67108864 --device=/dev/infiniband --device=/dev/gdrdrv -v /sys/class/infiniband:/sys/class/infiniband:ro -e MASTER_ADDR=172.31.20.74 -e MASTER_PORT=29572 -e WORLD_SIZE=4 -e RANK=0 -e NCCL_DEBUG=WARN -e EP_NIC_NAME=rdmap110s0 -e EP_BUFFER_DEBUG=1 -e PYTHONUNBUFFERED=1 -e PYTHONFAULTHANDLER=1 deepep-v2-efa-official:dev bash -lc 'timeout -s ABRT --kill-after=60 1500     python3 -u /opt/DeepEP/tests/elastic/test_ep.py     --num-processes=8 --num-tokens=128     --hidden=7168 --num-topk=8 --num-experts=256     --num-sms=12 --allow-hybrid-mode=1     --prefer-overlap-with-compute=0 --test-first-only      '

==========
== CUDA ==
==========

CUDA Version 13.0.2

Container image Copyright (c) 2016-2023, NVIDIA CORPORATION & AFFILIATES. All rights reserved.

This container image and its contents are governed by the NVIDIA Deep Learning Container License.
By pulling and using the container, you accept the terms and conditions of this license:
https://developer.nvidia.com/ngc/nvidia-deep-learning-container-license

A copy of this license is made available in this container at /NGC-DL-CONTAINER-LICENSE for your convenience.

NCCL version 2.31.2+cuda13.3
DeepEP hybrid kernel selection: unordered
DeepEP hybrid kernel selection: unordered
DeepEP hybrid kernel selection: unordered
Initializing EP elastic buffer with 681574400 bytes (cpu: 0) at rank EP 4/32Initializing EP elastic buffer with 681574400 bytes (cpu: 0) at rank EP 6/32Initializing EP elastic buffer with 681574400 bytes (cpu: 0) at rank EP 7/32


DeepEP hybrid kernel selection: unordered
DeepEP hybrid kernel selection: unordered
Initializing EP elastic buffer with 681574400 bytes (cpu: 0) at rank EP 0/32Initializing EP elastic buffer with 681574400 bytes (cpu: 0) at rank EP 1/32

DeepEP hybrid kernel selection: unordered
DeepEP hybrid kernel selection: unordered
Initializing EP elastic buffer with 681574400 bytes (cpu: 0) at rank EP 2/32
Initializing EP elastic buffer with 681574400 bytes (cpu: 0) at rank EP 3/32DeepEP initialized with NCCL version: 2.31.2 (loaded library)
DeepEP initialized with NCCL version: 2.31.2 (loaded library)
DeepEP initialized with NCCL version: 2.31.2 (loaded library)
EP NCCL device communicator has 0 allocated QPs
EP NCCL device communicator has 0 allocated QPs
EP NCCL device communicator has 0 allocated QPs

DeepEP hybrid kernel selection: unordered
DeepEP hybrid kernel selection: unordered
DeepEP hybrid kernel selection: unordered
GIN layout: gin_context_cnt=11, gin_indexed_signals_cnt=21, num_qp=11
GIN layout: gin_context_cnt=11, gin_indexed_signals_cnt=21, num_qp=11
GIN layout: gin_context_cnt=11, gin_indexed_signals_cnt=21, num_qp=11
DeepEP initialized with NCCL version: 2.31.2 (loaded library)
EP NCCL device communicator has 0 allocated QPs
DeepEP hybrid kernel selection: unordered
DeepEP initialized with NCCL version: 2.31.2 (loaded library)
GIN layout: gin_context_cnt=11, gin_indexed_signals_cnt=21, num_qp=11
EP NCCL device communicator has 0 allocated QPs
DeepEP hybrid kernel selection: unordered
DeepEP hybrid kernel selection: unordered
GIN layout: gin_context_cnt=11, gin_indexed_signals_cnt=21, num_qp=11
Initializing EP elastic buffer with 681574400 bytes (cpu: 0) at rank EP 5/32
DeepEP initialized with NCCL version: 2.31.2 (loaded library)
EP NCCL device communicator has 0 allocated QPs
DeepEP hybrid kernel selection: unordered
GIN layout: gin_context_cnt=11, gin_indexed_signals_cnt=21, num_qp=11
DeepEP initialized with NCCL version: 2.31.2 (loaded library)
EP NCCL device communicator has 0 allocated QPs
DeepEP initialized with NCCL version: 2.31.2 (loaded library)
EP NCCL device communicator has 0 allocated QPs
DeepEP hybrid kernel selection: unordered
DeepEP hybrid kernel selection: unordered
GIN layout: gin_context_cnt=11, gin_indexed_signals_cnt=21, num_qp=11
GIN layout: gin_context_cnt=11, gin_indexed_signals_cnt=21, num_qp=11
Config:
 > Ranks: 4 x 8
 > Experts: 8/256
 > Tokens: 128 (max: 128), hidden: 7168
 > #SM: 12, #QPs: 11/11

Running all test cases:
 > Testing with do_handle_copy=1, expert_alignment=128, use_fp8_dispatch=1, num_bias=0, with_previous_event=0, async_with_compute_stream=0, allocate_on_comm_stream=0 ...
Elastic buffer uses 4 channels per SM
Elastic buffer uses 4 channels per SM
Elastic buffer uses 4 channels per SM
Elastic buffer uses 4 channels per SM
Elastic buffer uses 4 channels per SM
Elastic buffer uses 4 channels per SM
Elastic buffer uses 4 channels per SM
Elastic buffer uses 4 channels per SM
CPU side received count (scaleup: 7): -103 -110 -98 -104 -89 -113 -83 -83 # -129 -129 -129 -129 -129 -129 -129 -129 
CPU side received count (scaleup: 6): -108 -97 -104 -110 -95 -96 -94 -108 # -129 -129 -129 -129 -129 -129 -129 -129 
CPU side received count (scaleup: 5): -111 -98 -102 -101 -108 -105 -110 -101 # -129 -129 -129 -129 -257 -129 -129 -129 
CPU side received count (scaleup: 0): -102 -99 -111 -101 -102 -102 -84 -90 # -129 -129 -129 -129 -129 -129 -129 -129 
CPU side received count (scaleup: 4): -110 -108 -92 -111 -101 -111 -97 -113 # -129 -129 -129 -129 -129 -257 -129 -129 
CPU side received count (scaleup: 2): -106 -95 -101 -98 -100 -111 -96 -96 # -129 -129 -129 -129 -129 -129 -129 -129 
CPU side received count (scaleup: 1): -96 -92 -93 -115 -120 -99 -97 -103 # -129 -129 -129 -129 -129 -129 -129 -129 
CPU side received count (scaleup: 3): -111 -112 -102 -87 -114 -95 -107 -109 # -129 -129 -129 -129 -129 -129 -129 -257 
Elastic buffer uses 4 channels per SM
Elastic buffer uses 4 channels per SM
Elastic buffer uses 4 channels per SM
Elastic buffer uses 4 channels per SM
Elastic buffer uses 4 channels per SM
Elastic buffer uses 4 channels per SM
Elastic buffer uses 4 channels per SM
Elastic buffer uses 4 channels per SM
CPU side received count (scaleup: 6): -108 -97 -104 -110 -95 -96 -94 -108 # -129 -129 -129 -129 -129 -129 -129 -129 
CPU side received count (scaleup: 7): -103 -110 -98 -104 -89 -113 -83 -83 # -129 -129 -129 -129 -129 -129 -129 -129 
CPU side received count (scaleup: 2): -106 -95 -101 -98 -100 -111 -96 -96 # -129 -129 -129 -129 -129 -129 -129 -129 
CPU side received count (scaleup: 4): -110 -108 -92 -111 -101 -111 -97 -113 # -129 -129 -129 -129 -129 -257 -129 -129 
CPU side received count (scaleup: 1): -96 -92 -93 -115 -120 -99 -97 -103 # -129 -129 -129 -129 -129 -129 -129 -129 
CPU side received count (scaleup: 0): -102 -99 -111 -101 -102 -102 -84 -90 # -129 -129 -129 -129 -129 -129 -129 -129 
CPU side received count (scaleup: 5): -111 -98 -102 -101 -108 -105 -110 -101 # -129 -129 -129 -129 -257 -129 -129 -129 
CPU side received count (scaleup: 3): -111 -112 -102 -87 -114 -95 -107 -109 # -129 -129 -129 -129 -129 -129 -129 -257 
Elastic buffer uses 4 channels per SM
Elastic buffer uses 4 channels per SM
Elastic buffer uses 4 channels per SM
Elastic buffer uses 4 channels per SM
Elastic buffer uses 4 channels per SM
Elastic buffer uses 4 channels per SM
Elastic buffer uses 4 channels per SM
Elastic buffer uses 4 channels per SM
Elastic buffer uses 4 channels per SM
Elastic buffer uses 4 channels per SM
Elastic buffer uses 4 channels per SM
Elastic buffer uses 4 channels per SM
Elastic buffer uses 4 channels per SM
Elastic buffer uses 4 channels per SM
Elastic buffer uses 4 channels per SM
Elastic buffer uses 4 channels per SM
Elastic buffer uses 4 channels per SM
Elastic buffer uses 4 channels per SM
Elastic buffer uses 4 channels per SM
Elastic buffer uses 4 channels per SM
Elastic buffer uses 4 channels per SM
Elastic buffer uses 4 channels per SM
Elastic buffer uses 4 channels per SM
Elastic buffer uses 4 channels per SM
CPU side received count (scaleup: 2): -106 -95 -101 -98 -100 -111 -96 -96 # -129 -129 -129 -129 -129 -129 -129 -129 
CPU side received count (scaleup: 7): -103 -110 -98 -104 -89 -113 -83 -83 # -129 -129 -129 -129 -129 -129 -129 -129 
CPU side received count (scaleup: 6): -108 -97 -104 -110 -95 -96 -94 -108 # -129 -129 -129 -129 -129 -129 -129 -129 
CPU side received count (scaleup: 4): -110 -108 -92 -111 -101 -111 -97 -113 # -129 -129 -129 -129 -129 -257 -129 -129 
CPU side received count (scaleup: 1): -96 -92 -93 -115 -120 -99 -97 -103 # -129 -129 -129 -129 -129 -129 -129 -129 
CPU side received count (scaleup: 3): -111 -112 -102 -87 -114 -95 -107 -109 # -129 -129 -129 -129 -129 -129 -129 -257 
CPU side received count (scaleup: 0): -102 -99 -111 -101 -102 -102 -84 -90 # -129 -129 -129 -129 -129 -129 -129 -129 
CPU side received count (scaleup: 5): -111 -98 -102 -101 -108 -105 -110 -101 # -129 -129 -129 -129 -257 -129 -129 -129 
Elastic buffer uses 4 channels per SM
Elastic buffer uses 4 channels per SM
Elastic buffer uses 4 channels per SM
Elastic buffer uses 4 channels per SM
Elastic buffer uses 4 channels per SM
Elastic buffer uses 4 channels per SM
Elastic buffer uses 4 channels per SM
Elastic buffer uses 4 channels per SM
CPU side received count (scaleup: 5): -111 -98 -102 -101 -108 -105 -110 -101 # -129 -129 -129 -129 -257 -129 -129 -129 
CPU side received count (scaleup: 2): -106 -95 -101 -98 -100 -111 -96 -96 # -129 -129 -129 -129 -129 -129 -129 -129 
CPU side received count (scaleup: 6): -108 -97 -104 -110 -95 -96 -94 -108 # -129 -129 -129 -129 -129 -129 -129 -129 
CPU side received count (scaleup: 4): -110 -108 -92 -111 -101 -111 -97 -113 # -129 -129 -129 -129 -129 -257 -129 -129 
CPU side received count (scaleup: 7): -103 -110 -98 -104 -89 -113 -83 -83 # -129 -129 -129 -129 -129 -129 -129 -129 
CPU side received count (scaleup: 1): -96 -92 -93 -115 -120 -99 -97 -103 # -129 -129 -129 -129 -129 -129 -129 -129 
CPU side received count (scaleup: 0): -102 -99 -111 -101 -102 -102 -84 -90 # -129 -129 -129 -129 -129 -129 -129 -129 
CPU side received count (scaleup: 3): -111 -112 -102 -87 -114 -95 -107 -109 # -129 -129 -129 -129 -129 -129 -129 -257 
Elastic buffer uses 4 channels per SM
Elastic buffer uses 4 channels per SM
Elastic buffer uses 4 channels per SM
Elastic buffer uses 4 channels per SM
Elastic buffer uses 4 channels per SM
Elastic buffer uses 4 channels per SM
Elastic buffer uses 4 channels per SM
Elastic buffer uses 4 channels per SM
CPU side received count (scaleup: 4): -110 -108 -92 -111 -101 -111 -97 -113 # -129 -129 -129 -129 -129 -257 -129 -129 
CPU side received count (scaleup: 7): -103 -110 -98 -104 -89 -113 -83 -83 # -129 -129 -129 -129 -129 -129 -129 -129 
CPU side received count (scaleup: 6): -108 -97 -104 -110 -95 -96 -94 -108 # -129 -129 -129 -129 -129 -129 -129 -129 
CPU side received count (scaleup: 2): -106 -95 -101 -98 -100 -111 -96 -96 # -129 -129 -129 -129 -129 -129 -129 -129 
CPU side received count (scaleup: 0): -102 -99 -111 -101 -102 -102 -84 -90 # -129 -129 -129 -129 -129 -129 -129 -129 
CPU side received count (scaleup: 1): -96 -92 -93 -115 -120 -99 -97 -103 # -129 -129 -129 -129 -129 -129 -129 -129 
CPU side received count (scaleup: 5): -111 -98 -102 -101 -108 -105 -110 -101 # -129 -129 -129 -129 -257 -129 -129 -129 
CPU side received count (scaleup: 3): -111 -112 -102 -87 -114 -95 -107 -109 # -129 -129 -129 -129 -129 -129 -129 -257 
Elastic buffer uses 4 channels per SM
Elastic buffer uses 4 channels per SM
Elastic buffer uses 4 channels per SM
Elastic buffer uses 4 channels per SM
Elastic buffer uses 4 channels per SM
Elastic buffer uses 4 channels per SM
Elastic buffer uses 4 channels per SM
Elastic buffer uses 4 channels per SM
CPU side received count (scaleup: 7): -103 -110 -98 -104 -89 -113 -83 -83 # -129 -129 -129 -129 -129 -129 -129 -129 
CPU side received count (scaleup: 4): -110 -108 -92 -111 -101 -111 -97 -113 # -129 -129 -129 -129 -129 -257 -129 -129 
CPU side received count (scaleup: 6): -108 -97 -104 -110 -95 -96 -94 -108 # -129 -129 -129 -129 -129 -129 -129 -129 
CPU side received count (scaleup: 2): -106 -95 -101 -98 -100 -111 -96 -96 # -129 -129 -129 -129 -129 -129 -129 -129 
CPU side received count (scaleup: 0): -102 -99 -111 -101 -102 -102 -84 -90 # -129 -129 -129 -129 -129 -129 -129 -129 
CPU side received count (scaleup: 1): -96 -92 -93 -115 -120 -99 -97 -103 # -129 -129 -129 -129 -129 -129 -129 -129 
CPU side received count (scaleup: 5): -111 -98 -102 -101 -108 -105 -110 -101 # -129 -129 -129 -129 -257 -129 -129 -129 
CPU side received count (scaleup: 3): -111 -112 -102 -87 -114 -95 -107 -109 # -129 -129 -129 -129 -129 -129 -129 -257 
Elastic buffer uses 4 channels per SM
Elastic buffer uses 4 channels per SM
Elastic buffer uses 4 channels per SM
Elastic buffer uses 4 channels per SM
Elastic buffer uses 4 channels per SM
Elastic buffer uses 4 channels per SM
Elastic buffer uses 4 channels per SM
Elastic buffer uses 4 channels per SM
CPU side received count (scaleup: 6): -108 -97 -104 -110 -95 -96 -94 -108 # -129 -129 -129 -129 -129 -129 -129 -129 
CPU side received count (scaleup: 4): -110 -108 -92 -111 -101 -111 -97 -113 # -129 -129 -129 -129 -129 -257 -129 -129 
CPU side received count (scaleup: 7): -103 -110 -98 -104 -89 -113 -83 -83 # -129 -129 -129 -129 -129 -129 -129 -129 
CPU side received count (scaleup: 2): -106 -95 -101 -98 -100 -111 -96 -96 # -129 -129 -129 -129 -129 -129 -129 -129 
CPU side received count (scaleup: 0): -102 -99 -111 -101 -102 -102 -84 -90 # -129 -129 -129 -129 -129 -129 -129 -129 
CPU side received count (scaleup: 1): -96 -92 -93 -115 -120 -99 -97 -103 # -129 -129 -129 -129 -129 -129 -129 -129 
CPU side received count (scaleup: 5): -111 -98 -102 -101 -108 -105 -110 -101 # -129 -129 -129 -129 -257 -129 -129 -129 
CPU side received count (scaleup: 3): -111 -112 -102 -87 -114 -95 -107 -109 # -129 -129 -129 -129 -129 -129 -129 -257 
Elastic buffer uses 4 channels per SM
Elastic buffer uses 4 channels per SM
Elastic buffer uses 4 channels per SM
Elastic buffer uses 4 channels per SM
Elastic buffer uses 4 channels per SM
Elastic buffer uses 4 channels per SM
Elastic buffer uses 4 channels per SM
Elastic buffer uses 4 channels per SM
CPU side received count (scaleup: 6): -108 -97 -104 -110 -95 -96 -94 -108 # -129 -129 -129 -129 -129 -129 -129 -129 
CPU side received count (scaleup: 7): -103 -110 -98 -104 -89 -113 -83 -83 # -129 -129 -129 -129 -129 -129 -129 -129 
CPU side received count (scaleup: 4): -110 -108 -92 -111 -101 -111 -97 -113 # -129 -129 -129 -129 -129 -257 -129 -129 
CPU side received count (scaleup: 2): -106 -95 -101 -98 -100 -111 -96 -96 # -129 -129 -129 -129 -129 -129 -129 -129 
CPU side received count (scaleup: 0): -102 -99 -111 -101 -102 -102 -84 -90 # -129 -129 -129 -129 -129 -129 -129 -129 
CPU side received count (scaleup: 5): -111 -98 -102 -101 -108 -105 -110 -101 # -129 -129 -129 -129 -257 -129 -129 -129 
CPU side received count (scaleup: 1): -96 -92 -93 -115 -120 -99 -97 -103 # -129 -129 -129 -129 -129 -129 -129 -129 
CPU side received count (scaleup: 3): -111 -112 -102 -87 -114 -95 -107 -109 # -129 -129 -129 -129 -129 -129 -129 -257 
Elastic buffer uses 4 channels per SM
Elastic buffer uses 4 channels per SM
Elastic buffer uses 4 channels per SM
Elastic buffer uses 4 channels per SM
Elastic buffer uses 4 channels per SM
Elastic buffer uses 4 channels per SM
Elastic buffer uses 4 channels per SM
Elastic buffer uses 4 channels per SM
CPU side received count (scaleup: 6): -108 -97 -104 -110 -95 -96 -94 -108 # -129 -129 -129 -129 -129 -129 -129 -129 
CPU side received count (scaleup: 4): -110 -108 -92 -111 -101 -111 -97 -113 # -129 -129 -129 -129 -129 -257 -129 -129 
CPU side received count (scaleup: 2): -106 -95 -101 -98 -100 -111 -96 -96 # -129 -129 -129 -129 -129 -129 -129 -129 
CPU side received count (scaleup: 0): -102 -99 -111 -101 -102 -102 -84 -90 # -129 -129 -129 -129 -129 -129 -129 -129 
CPU side received count (scaleup: 7): -103 -110 -98 -104 -89 -113 -83 -83 # -129 -129 -129 -129 -129 -129 -129 -129 
CPU side received count (scaleup: 1): -96 -92 -93 -115 -120 -99 -97 -103 # -129 -129 -129 -129 -129 -129 -129 -129 
CPU side received count (scaleup: 5): -111 -98 -102 -101 -108 -105 -110 -101 # -129 -129 -129 -129 -257 -129 -129 -129 
CPU side received count (scaleup: 3): -111 -112 -102 -87 -114 -95 -107 -109 # -129 -129 -129 -129 -129 -129 -129 -257 
Elastic buffer uses 4 channels per SM
Elastic buffer uses 4 channels per SM
Elastic buffer uses 4 channels per SM
Elastic buffer uses 4 channels per SM
Elastic buffer uses 4 channels per SM
Elastic buffer uses 4 channels per SM
Elastic buffer uses 4 channels per SM
Elastic buffer uses 4 channels per SM
CPU side received count (scaleup: 6): -108 -97 -104 -110 -95 -96 -94 -108 # -129 -129 -129 -129 -129 -129 -129 -129 
CPU side received count (scaleup: 4): -110 -108 -92 -111 -101 -111 -97 -113 # -129 -129 -129 -129 -129 -257 -129 -129 
CPU side received count (scaleup: 7): -103 -110 -98 -104 -89 -113 -83 -83 # -129 -129 -129 -129 -129 -129 -129 -129 
CPU side received count (scaleup: 0): -102 -99 -111 -101 -102 -102 -84 -90 # -129 -129 -129 -129 -129 -129 -129 -129 
CPU side received count (scaleup: 2): -106 -95 -101 -98 -100 -111 -96 -96 # -129 -129 -129 -129 -129 -129 -129 -129 
CPU side received count (scaleup: 1): -96 -92 -93 -115 -120 -99 -97 -103 # -129 -129 -129 -129 -129 -129 -129 -129 
CPU side received count (scaleup: 5): -111 -98 -102 -101 -108 -105 -110 -101 # -129 -129 -129 -129 -257 -129 -129 -129 
CPU side received count (scaleup: 3): -111 -112 -102 -87 -114 -95 -107 -109 # -129 -129 -129 -129 -129 -129 -129 -257 
Elastic buffer uses 4 channels per SM
Elastic buffer uses 4 channels per SM
Elastic buffer uses 4 channels per SM
Elastic buffer uses 4 channels per SM
Elastic buffer uses 4 channels per SM
Elastic buffer uses 4 channels per SM
Elastic buffer uses 4 channels per SM
Elastic buffer uses 4 channels per SM
CPU side received count (scaleup: 6): -108 -97 -104 -110 -95 -96 -94 -108 # -129 -129 -129 -129 -129 -129 -129 -129 
CPU side received count (scaleup: 4): -110 -108 -92 -111 -101 -111 -97 -113 # -129 -129 -129 -129 -129 -257 -129 -129 
CPU side received count (scaleup: 7): -103 -110 -98 -104 -89 -113 -83 -83 # -129 -129 -129 -129 -129 -129 -129 -129 
CPU side received count (scaleup: 2): -106 -95 -101 -98 -100 -111 -96 -96 # -129 -129 -129 -129 -129 -129 -129 -129 
CPU side received count (scaleup: 0): -102 -99 -111 -101 -102 -102 -84 -90 # -129 -129 -129 -129 -129 -129 -129 -129 
CPU side received count (scaleup: 1): -96 -92 -93 -115 -120 -99 -97 -103 # -129 -129 -129 -129 -129 -129 -129 -129 
CPU side received count (scaleup: 5): -111 -98 -102 -101 -108 -105 -110 -101 # -129 -129 -129 -129 -257 -129 -129 -129 
CPU side received count (scaleup: 3): -111 -112 -102 -87 -114 -95 -107 -109 # -129 -129 -129 -129 -129 -129 -129 -257 
Elastic buffer uses 4 channels per SM
Elastic buffer uses 4 channels per SM
Elastic buffer uses 4 channels per SM
Elastic buffer uses 4 channels per SM
Elastic buffer uses 4 channels per SM
Elastic buffer uses 4 channels per SM
Elastic buffer uses 4 channels per SM
Elastic buffer uses 4 channels per SM
CPU side received count (scaleup: 6): -108 -97 -104 -110 -95 -96 -94 -108 # -129 -129 -129 -129 -129 -129 -129 -129 
CPU side received count (scaleup: 7): -103 -110 -98 -104 -89 -113 -83 -83 # -129 -129 -129 -129 -129 -129 -129 -129 
CPU side received count (scaleup: 4): -110 -108 -92 -111 -101 -111 -97 -113 # -129 -129 -129 -129 -129 -257 -129 -129 
CPU side received count (scaleup: 2): -106 -95 -101 -98 -100 -111 -96 -96 # -129 -129 -129 -129 -129 -129 -129 -129 
CPU side received count (scaleup: 0): -102 -99 -111 -101 -102 -102 -84 -90 # -129 -129 -129 -129 -129 -129 -129 -129 
CPU side received count (scaleup: 1): -96 -92 -93 -115 -120 -99 -97 -103 # -129 -129 -129 -129 -129 -129 -129 -129 
CPU side received count (scaleup: 5): -111 -98 -102 -101 -108 -105 -110 -101 # -129 -129 -129 -129 -257 -129 -129 -129 
CPU side received count (scaleup: 3): -111 -112 -102 -87 -114 -95 -107 -109 # -129 -129 -129 -129 -129 -129 -129 -257 
Elastic buffer uses 4 channels per SM
Elastic buffer uses 4 channels per SM
Elastic buffer uses 4 channels per SM
Elastic buffer uses 4 channels per SM
Elastic buffer uses 4 channels per SM
Elastic buffer uses 4 channels per SM
Elastic buffer uses 4 channels per SM
Elastic buffer uses 4 channels per SM
CPU side received count (scaleup: 7): -103 -110 -98 -104 -89 -113 -83 -83 # -129 -129 -129 -129 -129 -129 -129 -129 
CPU side received count (scaleup: 6): -108 -97 -104 -110 -95 -96 -94 -108 # -129 -129 -129 -129 -129 -129 -129 -129 
CPU side received count (scaleup: 4): -110 -108 -92 -111 -101 -111 -97 -113 # -129 -129 -129 -129 -129 -257 -129 -129 
CPU side received count (scaleup: 2): -106 -95 -101 -98 -100 -111 -96 -96 # -129 -129 -129 -129 -129 -129 -129 -129 
CPU side received count (scaleup: 0): -102 -99 -111 -101 -102 -102 -84 -90 # -129 -129 -129 -129 -129 -129 -129 -129 
CPU side received count (scaleup: 5): -111 -98 -102 -101 -108 -105 -110 -101 # -129 -129 -129 -129 -257 -129 -129 -129 
CPU side received count (scaleup: 1): -96 -92 -93 -115 -120 -99 -97 -103 # -129 -129 -129 -129 -129 -129 -129 -129 
CPU side received count (scaleup: 3): -111 -112 -102 -87 -114 -95 -107 -109 # -129 -129 -129 -129 -129 -129 -129 -257 
Elastic buffer uses 4 channels per SM
Elastic buffer uses 4 channels per SM
Elastic buffer uses 4 channels per SM
Elastic buffer uses 4 channels per SM
Elastic buffer uses 4 channels per SM
Elastic buffer uses 4 channels per SM
Elastic buffer uses 4 channels per SM
Elastic buffer uses 4 channels per SM
CPU side received count (scaleup: 6): -108 -97 -104 -110 -95 -96 -94 -108 # -129 -129 -129 -129 -129 -129 -129 -129 
CPU side received count (scaleup: 4): -110 -108 -92 -111 -101 -111 -97 -113 # -129 -129 -129 -129 -129 -257 -129 -129 
CPU side received count (scaleup: 7): -103 -110 -98 -104 -89 -113 -83 -83 # -129 -129 -129 -129 -129 -129 -129 -129 
CPU side received count (scaleup: 2): -106 -95 -101 -98 -100 -111 -96 -96 # -129 -129 -129 -129 -129 -129 -129 -129 
CPU side received count (scaleup: 1): -96 -92 -93 -115 -120 -99 -97 -103 # -129 -129 -129 -129 -129 -129 -129 -129 
CPU side received count (scaleup: 5): -111 -98 -102 -101 -108 -105 -110 -101 # -129 -129 -129 -129 -257 -129 -129 -129 
CPU side received count (scaleup: 0): -102 -99 -111 -101 -102 -102 -84 -90 # -129 -129 -129 -129 -129 -129 -129 -129 
CPU side received count (scaleup: 3): -111 -112 -102 -87 -114 -95 -107 -109 # -129 -129 -129 -129 -129 -129 -129 -257 
Elastic buffer uses 4 channels per SM
Elastic buffer uses 4 channels per SM
Elastic buffer uses 4 channels per SM
Elastic buffer uses 4 channels per SM
Elastic buffer uses 4 channels per SM
Elastic buffer uses 4 channels per SM
Elastic buffer uses 4 channels per SM
Elastic buffer uses 4 channels per SM
CPU side received count (scaleup: 6): -108 -97 -104 -110 -95 -96 -94 -108 # -129 -129 -129 -129 -129 -129 -129 -129 
CPU side received count (scaleup: 4): -110 -108 -92 -111 -101 -111 -97 -113 # -129 -129 -129 -129 -129 -257 -129 -129 
CPU side received count (scaleup: 7): -103 -110 -98 -104 -89 -113 -83 -83 # -129 -129 -129 -129 -129 -129 -129 -129 
CPU side received count (scaleup: 2): -106 -95 -101 -98 -100 -111 -96 -96 # -129 -129 -129 -129 -129 -129 -129 -129 
CPU side received count (scaleup: 0): -102 -99 -111 -101 -102 -102 -84 -90 # -129 -129 -129 -129 -129 -129 -129 -129 
CPU side received count (scaleup: 1): -96 -92 -93 -115 -120 -99 -97 -103 # -129 -129 -129 -129 -129 -129 -129 -129 
CPU side received count (scaleup: 5): -111 -98 -102 -101 -108 -105 -110 -101 # -129 -129 -129 -129 -257 -129 -129 -129 
CPU side received count (scaleup: 3): -111 -112 -102 -87 -114 -95 -107 -109 # -129 -129 -129 -129 -129 -129 -129 -257 
Elastic buffer uses 4 channels per SM
Elastic buffer uses 4 channels per SM
Elastic buffer uses 4 channels per SM
Elastic buffer uses 4 channels per SM
Elastic buffer uses 4 channels per SM
Elastic buffer uses 4 channels per SM
Elastic buffer uses 4 channels per SM
Elastic buffer uses 4 channels per SM
CPU side received count (scaleup: 2): -106 -95 -101 -98 -100 -111 -96 -96 # -129 -129 -129 -129 -129 -129 -129 -129 
CPU side received count (scaleup: 6): -108 -97 -104 -110 -95 -96 -94 -108 # -129 -129 -129 -129 -129 -129 -129 -129 
CPU side received count (scaleup: 7): -103 -110 -98 -104 -89 -113 -83 -83 # -129 -129 -129 -129 -129 -129 -129 -129 
CPU side received count (scaleup: 4): -110 -108 -92 -111 -101 -111 -97 -113 # -129 -129 -129 -129 -129 -257 -129 -129 
CPU side received count (scaleup: 0): -102 -99 -111 -101 -102 -102 -84 -90 # -129 -129 -129 -129 -129 -129 -129 -129 
CPU side received count (scaleup: 1): -96 -92 -93 -115 -120 -99 -97 -103 # -129 -129 -129 -129 -129 -129 -129 -129 
CPU side received count (scaleup: 5): -111 -98 -102 -101 -108 -105 -110 -101 # -129 -129 -129 -129 -257 -129 -129 -129 
CPU side received count (scaleup: 3): -111 -112 -102 -87 -114 -95 -107 -109 # -129 -129 -129 -129 -129 -129 -129 -257 
Elastic buffer uses 4 channels per SM
Elastic buffer uses 4 channels per SM
Elastic buffer uses 4 channels per SM
Elastic buffer uses 4 channels per SM
Elastic buffer uses 4 channels per SM
Elastic buffer uses 4 channels per SM
Elastic buffer uses 4 channels per SM
Elastic buffer uses 4 channels per SM
CPU side received count (scaleup: 6): -108 -97 -104 -110 -95 -96 -94 -108 # -129 -129 -129 -129 -129 -129 -129 -129 
CPU side received count (scaleup: 4): -110 -108 -92 -111 -101 -111 -97 -113 # -129 -129 -129 -129 -129 -257 -129 -129 
CPU side received count (scaleup: 7): -103 -110 -98 -104 -89 -113 -83 -83 # -129 -129 -129 -129 -129 -129 -129 -129 
CPU side received count (scaleup: 2): -106 -95 -101 -98 -100 -111 -96 -96 # -129 -129 -129 -129 -129 -129 -129 -129 
CPU side received count (scaleup: 0): -102 -99 -111 -101 -102 -102 -84 -90 # -129 -129 -129 -129 -129 -129 -129 -129 
CPU side received count (scaleup: 1): -96 -92 -93 -115 -120 -99 -97 -103 # -129 -129 -129 -129 -129 -129 -129 -129 
CPU side received count (scaleup: 5): -111 -98 -102 -101 -108 -105 -110 -101 # -129 -129 -129 -129 -257 -129 -129 -129 
CPU side received count (scaleup: 3): -111 -112 -102 -87 -114 -95 -107 -109 # -129 -129 -129 -129 -129 -129 -129 -257 
Elastic buffer uses 4 channels per SM
Elastic buffer uses 4 channels per SM
Elastic buffer uses 4 channels per SM
Elastic buffer uses 4 channels per SM
Elastic buffer uses 4 channels per SM
Elastic buffer uses 4 channels per SM
Elastic buffer uses 4 channels per SM
Elastic buffer uses 4 channels per SM
CPU side received count (scaleup: 2): -106 -95 -101 -98 -100 -111 -96 -96 # -129 -129 -129 -129 -129 -129 -129 -129 
CPU side received count (scaleup: 6): -108 -97 -104 -110 -95 -96 -94 -108 # -129 -129 -129 -129 -129 -129 -129 -129 
CPU side received count (scaleup: 4): -110 -108 -92 -111 -101 -111 -97 -113 # -129 -129 -129 -129 -129 -257 -129 -129 
CPU side received count (scaleup: 7): -103 -110 -98 -104 -89 -113 -83 -83 # -129 -129 -129 -129 -129 -129 -129 -129 
CPU side received count (scaleup: 0): -102 -99 -111 -101 -102 -102 -84 -90 # -129 -129 -129 -129 -129 -129 -129 -129 
CPU side received count (scaleup: 1): -96 -92 -93 -115 -120 -99 -97 -103 # -129 -129 -129 -129 -129 -129 -129 -129 
CPU side received count (scaleup: 5): -111 -98 -102 -101 -108 -105 -110 -101 # -129 -129 -129 -129 -257 -129 -129 -129 
CPU side received count (scaleup: 3): -111 -112 -102 -87 -114 -95 -107 -109 # -129 -129 -129 -129 -129 -129 -129 -257 
Elastic buffer uses 4 channels per SM
Elastic buffer uses 4 channels per SM
Elastic buffer uses 4 channels per SM
Elastic buffer uses 4 channels per SM
Elastic buffer uses 4 channels per SM
Elastic buffer uses 4 channels per SM
Elastic buffer uses 4 channels per SM
Elastic buffer uses 4 channels per SM
CPU side received count (scaleup: 2): -106 -95 -101 -98 -100 -111 -96 -96 # -129 -129 -129 -129 -129 -129 -129 -129 
CPU side received count (scaleup: 0): -102 -99 -111 -101 -102 -102 -84 -90 # -129 -129 -129 -129 -129 -129 -129 -129 
CPU side received count (scaleup: 1): -96 -92 -93 -115 -120 -99 -97 -103 # -129 -129 -129 -129 -129 -129 -129 -129 
CPU side received count (scaleup: 4): -110 -108 -92 -111 -101 -111 -97 -113 # -129 -129 -129 -129 -129 -257 -129 -129 
CPU side received count (scaleup: 7): -103 -110 -98 -104 -89 -113 -83 -83 # -129 -129 -129 -129 -129 -129 -129 -129 
CPU side received count (scaleup: 6): -108 -97 -104 -110 -95 -96 -94 -108 # -129 -129 -129 -129 -129 -129 -129 -129 
CPU side received count (scaleup: 5): -111 -98 -102 -101 -108 -105 -110 -101 # -129 -129 -129 -129 -257 -129 -129 -129 
CPU side received count (scaleup: 3): -111 -112 -102 -87 -114 -95 -107 -109 # -129 -129 -129 -129 -129 -129 -129 -257 
Elastic buffer uses 4 channels per SM
Elastic buffer uses 4 channels per SM
Elastic buffer uses 4 channels per SM
Elastic buffer uses 4 channels per SM
Elastic buffer uses 4 channels per SM
Elastic buffer uses 4 channels per SM
Elastic buffer uses 4 channels per SM
Elastic buffer uses 4 channels per SM
CPU side received count (scaleup: 6): -108 -97 -104 -110 -95 -96 -94 -108 # -129 -129 -129 -129 -129 -129 -129 -129 
CPU side received count (scaleup: 4): -110 -108 -92 -111 -101 -111 -97 -113 # -129 -129 -129 -129 -129 -257 -129 -129 
CPU side received count (scaleup: 2): -106 -95 -101 -98 -100 -111 -96 -96 # -129 -129 -129 -129 -129 -129 -129 -129 
CPU side received count (scaleup: 0): -102 -99 -111 -101 -102 -102 -84 -90 # -129 -129 -129 -129 -129 -129 -129 -129 
CPU side received count (scaleup: 1): -96 -92 -93 -115 -120 -99 -97 -103 # -129 -129 -129 -129 -129 -129 -129 -129 
CPU side received count (scaleup: 7): -103 -110 -98 -104 -89 -113 -83 -83 # -129 -129 -129 -129 -129 -129 -129 -129 
CPU side received count (scaleup: 5): -111 -98 -102 -101 -108 -105 -110 -101 # -129 -129 -129 -129 -257 -129 -129 -129 
CPU side received count (scaleup: 3): -111 -112 -102 -87 -114 -95 -107 -109 # -129 -129 -129 -129 -129 -129 -129 -257 
Elastic buffer uses 4 channels per SM
Elastic buffer uses 4 channels per SM
Elastic buffer uses 4 channels per SM
Elastic buffer uses 4 channels per SM
Elastic buffer uses 4 channels per SM
Elastic buffer uses 4 channels per SM
Elastic buffer uses 4 channels per SM
Elastic buffer uses 4 channels per SM
CPU side received count (scaleup: 0): -102 -99 -111 -101 -102 -102 -84 -90 # -129 -129 -129 -129 -129 -129 -129 -129 
CPU side received count (scaleup: 2): -106 -95 -101 -98 -100 -111 -96 -96 # -129 -129 -129 -129 -129 -129 -129 -129 
CPU side received count (scaleup: 1): -96 -92 -93 -115 -120 -99 -97 -103 # -129 -129 -129 -129 -129 -129 -129 -129 
CPU side received count (scaleup: 4): -110 -108 -92 -111 -101 -111 -97 -113 # -129 -129 -129 -129 -129 -257 -129 -129 
CPU side received count (scaleup: 7): -103 -110 -98 -104 -89 -113 -83 -83 # -129 -129 -129 -129 -129 -129 -129 -129 
CPU side received count (scaleup: 6): -108 -97 -104 -110 -95 -96 -94 -108 # -129 -129 -129 -129 -129 -129 -129 -129 
CPU side received count (scaleup: 3): -111 -112 -102 -87 -114 -95 -107 -109 # -129 -129 -129 -129 -129 -129 -129 -257 
CPU side received count (scaleup: 5): -111 -98 -102 -101 -108 -105 -110 -101 # -129 -129 -129 -129 -257 -129 -129 -129 
Elastic buffer uses 4 channels per SM
Elastic buffer uses 4 channels per SM
Elastic buffer uses 4 channels per SM
Elastic buffer uses 4 channels per SM
Elastic buffer uses 4 channels per SM
Elastic buffer uses 4 channels per SM
Elastic buffer uses 4 channels per SM
Elastic buffer uses 4 channels per SM
CPU side received count (scaleup: 6): -108 -97 -104 -110 -95 -96 -94 -108 # -129 -129 -129 -129 -129 -129 -129 -129 
CPU side received count (scaleup: 4): -110 -108 -92 -111 -101 -111 -97 -113 # -129 -129 -129 -129 -129 -257 -129 -129 
CPU side received count (scaleup: 7): -103 -110 -98 -104 -89 -113 -83 -83 # -129 -129 -129 -129 -129 -129 -129 -129 
CPU side received count (scaleup: 2): -106 -95 -101 -98 -100 -111 -96 -96 # -129 -129 -129 -129 -129 -129 -129 -129 
CPU side received count (scaleup: 5): -111 -98 -102 -101 -108 -105 -110 -101 # -129 -129 -129 -129 -257 -129 -129 -129 
CPU side received count (scaleup: 1): -96 -92 -93 -115 -120 -99 -97 -103 # -129 -129 -129 -129 -129 -129 -129 -129 
CPU side received count (scaleup: 0): -102 -99 -111 -101 -102 -102 -84 -90 # -129 -129 -129 -129 -129 -129 -129 -129 
CPU side received count (scaleup: 3): -111 -112 -102 -87 -114 -95 -107 -109 # -129 -129 -129 -129 -129 -129 -129 -257 
Elastic buffer uses 4 channels per SM
Elastic buffer uses 4 channels per SM
Elastic buffer uses 4 channels per SM
Elastic buffer uses 4 channels per SM
Elastic buffer uses 4 channels per SM
Elastic buffer uses 4 channels per SM
Elastic buffer uses 4 channels per SM
Elastic buffer uses 4 channels per SM
CPU side received count (scaleup: 2): -106 -95 -101 -98 -100 -111 -96 -96 # -129 -129 -129 -129 -129 -129 -129 -129 
CPU side received count (scaleup: 6): -108 -97 -104 -110 -95 -96 -94 -108 # -129 -129 -129 -129 -129 -129 -129 -129 
CPU side received count (scaleup: 7): -103 -110 -98 -104 -89 -113 -83 -83 # -129 -129 -129 -129 -129 -129 -129 -129 
CPU side received count (scaleup: 4): -110 -108 -92 -111 -101 -111 -97 -113 # -129 -129 -129 -129 -129 -257 -129 -129 
CPU side received count (scaleup: 3): -111 -112 -102 -87 -114 -95 -107 -109 # -129 -129 -129 -129 -129 -129 -129 -257 
CPU side received count (scaleup: 1): -96 -92 -93 -115 -120 -99 -97 -103 # -129 -129 -129 -129 -129 -129 -129 -129 
CPU side received count (scaleup: 5): -111 -98 -102 -101 -108 -105 -110 -101 # -129 -129 -129 -129 -257 -129 -129 -129 
CPU side received count (scaleup: 0): -102 -99 -111 -101 -102 -102 -84 -90 # -129 -129 -129 -129 -129 -129 -129 -129 
Elastic buffer uses 4 channels per SM
Elastic buffer uses 4 channels per SM
Elastic buffer uses 4 channels per SM
Elastic buffer uses 4 channels per SM
Elastic buffer uses 4 channels per SM
Elastic buffer uses 4 channels per SM
Elastic buffer uses 4 channels per SM
Elastic buffer uses 4 channels per SM
CPU side received count (scaleup: 2): -106 -95 -101 -98 -100 -111 -96 -96 # -129 -129 -129 -129 -129 -129 -129 -129 
CPU side received count (scaleup: 0): -102 -99 -111 -101 -102 -102 -84 -90 # -129 -129 -129 -129 -129 -129 -129 -129 
CPU side received count (scaleup: 3): -111 -112 -102 -87 -114 -95 -107 -109 # -129 -129 -129 -129 -129 -129 -129 -257 
CPU side received count (scaleup: 4): -110 -108 -92 -111 -101 -111 -97 -113 # -129 -129 -129 -129 -129 -257 -129 -129 
CPU side received count (scaleup: 1): -96 -92 -93 -115 -120 -99 -97 -103 # -129 -129 -129 -129 -129 -129 -129 -129 
CPU side received count (scaleup: 6): -108 -97 -104 -110 -95 -96 -94 -108 # -129 -129 -129 -129 -129 -129 -129 -129 
CPU side received count (scaleup: 7): -103 -110 -98 -104 -89 -113 -83 -83 # -129 -129 -129 -129 -129 -129 -129 -129 
CPU side received count (scaleup: 5): -111 -98 -102 -101 -108 -105 -110 -101 # -129 -129 -129 -129 -257 -129 -129 -129 
Elastic buffer uses 4 channels per SM
Elastic buffer uses 4 channels per SM
Elastic buffer uses 4 channels per SM
Elastic buffer uses 4 channels per SM
Elastic buffer uses 4 channels per SM
Elastic buffer uses 4 channels per SM
Elastic buffer uses 4 channels per SM
Elastic buffer uses 4 channels per SM
CPU side received count (scaleup: 1): -96 -92 -93 -115 -120 -99 -97 -103 # -129 -129 -129 -129 -129 -129 -129 -129 
CPU side received count (scaleup: 0): -102 -99 -111 -101 -102 -102 -84 -90 # -129 -129 -129 -129 -129 -129 -129 -129 
CPU side received count (scaleup: 5): -111 -98 -102 -101 -108 -105 -110 -101 # -129 -129 -129 -129 -257 -129 -129 -129 
CPU side received count (scaleup: 3): -111 -112 -102 -87 -114 -95 -107 -109 # -129 -129 -129 -129 -129 -129 -129 -257 
CPU side received count (scaleup: 7): -103 -110 -98 -104 -89 -113 -83 -83 # -129 -129 -129 -129 -129 -129 -129 -129 
CPU side received count (scaleup: 2): -106 -95 -101 -98 -100 -111 -96 -96 # -129 -129 -129 -129 -129 -129 -129 -129 
CPU side received count (scaleup: 4): -110 -108 -92 -111 -101 -111 -97 -113 # -129 -129 -129 -129 -129 -257 -129 -129 
CPU side received count (scaleup: 6): -108 -97 -104 -110 -95 -96 -94 -108 # -129 -129 -129 -129 -129 -129 -129 -129 
Elastic buffer uses 4 channels per SM
Elastic buffer uses 4 channels per SM
Elastic buffer uses 4 channels per SM
Elastic buffer uses 4 channels per SM
Elastic buffer uses 4 channels per SM
Elastic buffer uses 4 channels per SM
Elastic buffer uses 4 channels per SM
Elastic buffer uses 4 channels per SM
CPU side received count (scaleup: 0): -102 -99 -111 -101 -102 -102 -84 -90 # -129 -129 -129 -129 -129 -129 -129 -129 
CPU side received count (scaleup: 3): -111 -112 -102 -87 -114 -95 -107 -109 # -129 -129 -129 -129 -129 -129 -129 -257 
CPU side received count (scaleup: 1): -96 -92 -93 -115 -120 -99 -97 -103 # -129 -129 -129 -129 -129 -129 -129 -129 
CPU side received count (scaleup: 5): -111 -98 -102 -101 -108 -105 -110 -101 # -129 -129 -129 -129 -257 -129 -129 -129 
CPU side received count (scaleup: 4): -110 -108 -92 -111 -101 -111 -97 -113 # -129 -129 -129 -129 -129 -257 -129 -129 
CPU side received count (scaleup: 7): -103 -110 -98 -104 -89 -113 -83 -83 # -129 -129 -129 -129 -129 -129 -129 -129 
CPU side received count (scaleup: 2): -106 -95 -101 -98 -100 -111 -96 -96 # -129 -129 -129 -129 -129 -129 -129 -129 
CPU side received count (scaleup: 6): -108 -97 -104 -110 -95 -96 -94 -108 # -129 -129 -129 -129 -129 -129 -129 -129 
Elastic buffer uses 4 channels per SM
Elastic buffer uses 4 channels per SM
Elastic buffer uses 4 channels per SM
Elastic buffer uses 4 channels per SM
Elastic buffer uses 4 channels per SM
Elastic buffer uses 4 channels per SM
Elastic buffer uses 4 channels per SM
Elastic buffer uses 4 channels per SM
CPU side received count (scaleup: 6): -108 -97 -104 -110 -95 -96 -94 -108 # -129 -129 -129 -129 -129 -129 -129 -129 
CPU side received count (scaleup: 4): -110 -108 -92 -111 -101 -111 -97 -113 # -129 -129 -129 -129 -129 -257 -129 -129 
CPU side received count (scaleup: 7): -103 -110 -98 -104 -89 -113 -83 -83 # -129 -129 -129 -129 -129 -129 -129 -129 
CPU side received count (scaleup: 2): -106 -95 -101 -98 -100 -111 -96 -96 # -129 -129 -129 -129 -129 -129 -129 -129 
CPU side received count (scaleup: 1): -96 -92 -93 -115 -120 -99 -97 -103 # -129 -129 -129 -129 -129 -129 -129 -129 
CPU side received count (scaleup: 0): -102 -99 -111 -101 -102 -102 -84 -90 # -129 -129 -129 -129 -129 -129 -129 -129 
CPU side received count (scaleup: 5): -111 -98 -102 -101 -108 -105 -110 -101 # -129 -129 -129 -129 -257 -129 -129 -129 
CPU side received count (scaleup: 3): -111 -112 -102 -87 -114 -95 -107 -109 # -129 -129 -129 -129 -129 -129 -129 -257 
Elastic buffer uses 4 channels per SM
Elastic buffer uses 4 channels per SM
Elastic buffer uses 4 channels per SM
Elastic buffer uses 4 channels per SM
Elastic buffer uses 4 channels per SM
Elastic buffer uses 4 channels per SM
Elastic buffer uses 4 channels per SM
Elastic buffer uses 4 channels per SM
CPU side received count (scaleup: 6): -108 -97 -104 -110 -95 -96 -94 -108 # -129 -129 -129 -129 -129 -129 -129 -129 
CPU side received count (scaleup: 4): -110 -108 -92 -111 -101 -111 -97 -113 # -129 -129 -129 -129 -129 -257 -129 -129 
CPU side received count (scaleup: 7): -103 -110 -98 -104 -89 -113 -83 -83 # -129 -129 -129 -129 -129 -129 -129 -129 
CPU side received count (scaleup: 2): -106 -95 -101 -98 -100 -111 -96 -96 # -129 -129 -129 -129 -129 -129 -129 -129 
CPU side received count (scaleup: 1): -96 -92 -93 -115 -120 -99 -97 -103 # -129 -129 -129 -129 -129 -129 -129 -129 
CPU side received count (scaleup: 3): -111 -112 -102 -87 -114 -95 -107 -109 # -129 -129 -129 -129 -129 -129 -129 -257 
CPU side received count (scaleup: 0): -102 -99 -111 -101 -102 -102 -84 -90 # -129 -129 -129 -129 -129 -129 -129 -129 
CPU side received count (scaleup: 5): -111 -98 -102 -101 -108 -105 -110 -101 # -129 -129 -129 -129 -257 -129 -129 -129 
Elastic buffer uses 4 channels per SM
Elastic buffer uses 4 channels per SM
Elastic buffer uses 4 channels per SM
Elastic buffer uses 4 channels per SM
Elastic buffer uses 4 channels per SM
Elastic buffer uses 4 channels per SM
Elastic buffer uses 4 channels per SM
Elastic buffer uses 4 channels per SM
CPU side received count (scaleup: 4): -110 -108 -92 -111 -101 -111 -97 -113 # -129 -129 -129 -129 -129 -257 -129 -129 
CPU side received count (scaleup: 2): -106 -95 -101 -98 -100 -111 -96 -96 # -129 -129 -129 -129 -129 -129 -129 -129 
CPU side received count (scaleup: 7): -103 -110 -98 -104 -89 -113 -83 -83 # -129 -129 -129 -129 -129 -129 -129 -129 
CPU side received count (scaleup: 6): -108 -97 -104 -110 -95 -96 -94 -108 # -129 -129 -129 -129 -129 -129 -129 -129 
CPU side received count (scaleup: 0): -102 -99 -111 -101 -102 -102 -84 -90 # -129 -129 -129 -129 -129 -129 -129 -129 
CPU side received count (scaleup: 3): -111 -112 -102 -87 -114 -95 -107 -109 # -129 -129 -129 -129 -129 -129 -129 -257 
CPU side received count (scaleup: 1): -96 -92 -93 -115 -120 -99 -97 -103 # -129 -129 -129 -129 -129 -129 -129 -129 
CPU side received count (scaleup: 5): -111 -98 -102 -101 -108 -105 -110 -101 # -129 -129 -129 -129 -257 -129 -129 -129 
Elastic buffer uses 4 channels per SM
Elastic buffer uses 4 channels per SM
Elastic buffer uses 4 channels per SM
Elastic buffer uses 4 channels per SM
Elastic buffer uses 4 channels per SM
Elastic buffer uses 4 channels per SM
Elastic buffer uses 4 channels per SM
Elastic buffer uses 4 channels per SM
CPU side received count (scaleup: 2): -106 -95 -101 -98 -100 -111 -96 -96 # -129 -129 -129 -129 -129 -129 -129 -129 
CPU side received count (scaleup: 7): -103 -110 -98 -104 -89 -113 -83 -83 # -129 -129 -129 -129 -129 -129 -129 -129 
CPU side received count (scaleup: 4): -110 -108 -92 -111 -101 -111 -97 -113 # -129 -129 -129 -129 -129 -257 -129 -129 
CPU side received count (scaleup: 6): -108 -97 -104 -110 -95 -96 -94 -108 # -129 -129 -129 -129 -129 -129 -129 -129 
CPU side received count (scaleup: 1): -96 -92 -93 -115 -120 -99 -97 -103 # -129 -129 -129 -129 -129 -129 -129 -129 
CPU side received count (scaleup: 3): -111 -112 -102 -87 -114 -95 -107 -109 # -129 -129 -129 -129 -129 -129 -129 -257 
CPU side received count (scaleup: 5): -111 -98 -102 -101 -108 -105 -110 -101 # -129 -129 -129 -129 -257 -129 -129 -129 
CPU side received count (scaleup: 0): -102 -99 -111 -101 -102 -102 -84 -90 # -129 -129 -129 -129 -129 -129 -129 -129 
Elastic buffer uses 4 channels per SM
Elastic buffer uses 4 channels per SM
Elastic buffer uses 4 channels per SM
Elastic buffer uses 4 channels per SM
Elastic buffer uses 4 channels per SM
Elastic buffer uses 4 channels per SM
Elastic buffer uses 4 channels per SM
Elastic buffer uses 4 channels per SM
CPU side received count (scaleup: 6): -108 -97 -104 -110 -95 -96 -94 -108 # -129 -129 -129 -129 -129 -129 -129 -129 
CPU side received count (scaleup: 7): -103 -110 -98 -104 -89 -113 -83 -83 # -129 -129 -129 -129 -129 -129 -129 -129 
CPU side received count (scaleup: 4): -110 -108 -92 -111 -101 -111 -97 -113 # -129 -129 -129 -129 -129 -257 -129 -129 
CPU side received count (scaleup: 2): -106 -95 -101 -98 -100 -111 -96 -96 # -129 -129 -129 -129 -129 -129 -129 -129 
CPU side received count (scaleup: 0): -102 -99 -111 -101 -102 -102 -84 -90 # -129 -129 -129 -129 -129 -129 -129 -129 
CPU side received count (scaleup: 3): -111 -112 -102 -87 -114 -95 -107 -109 # -129 -129 -129 -129 -129 -129 -129 -257 
CPU side received count (scaleup: 5): -111 -98 -102 -101 -108 -105 -110 -101 # -129 -129 -129 -129 -257 -129 -129 -129 
CPU side received count (scaleup: 1): -96 -92 -93 -115 -120 -99 -97 -103 # -129 -129 -129 -129 -129 -129 -129 -129 
Elastic buffer uses 4 channels per SM
Elastic buffer uses 4 channels per SM
Elastic buffer uses 4 channels per SM
Elastic buffer uses 4 channels per SM
Elastic buffer uses 4 channels per SM
Elastic buffer uses 4 channels per SM
Elastic buffer uses 4 channels per SM
Elastic buffer uses 4 channels per SM
CPU side received count (scaleup: 6): -108 -97 -104 -110 -95 -96 -94 -108 # -129 -129 -129 -129 -129 -129 -129 -129 
CPU side received count (scaleup: 7): -103 -110 -98 -104 -89 -113 -83 -83 # -129 -129 -129 -129 -129 -129 -129 -129 
CPU side received count (scaleup: 4): -110 -108 -92 -111 -101 -111 -97 -113 # -129 -129 -129 -129 -129 -257 -129 -129 
CPU side received count (scaleup: 2): -106 -95 -101 -98 -100 -111 -96 -96 # -129 -129 -129 -129 -129 -129 -129 -129 
CPU side received count (scaleup: 0): -102 -99 -111 -101 -102 -102 -84 -90 # -129 -129 -129 -129 -129 -129 -129 -129 
CPU side received count (scaleup: 1): -96 -92 -93 -115 -120 -99 -97 -103 # -129 -129 -129 -129 -129 -129 -129 -129 
CPU side received count (scaleup: 5): -111 -98 -102 -101 -108 -105 -110 -101 # -129 -129 -129 -129 -257 -129 -129 -129 
CPU side received count (scaleup: 3): -111 -112 -102 -87 -114 -95 -107 -109 # -129 -129 -129 -129 -129 -129 -129 -257 
Elastic buffer uses 4 channels per SM
Elastic buffer uses 4 channels per SM
Elastic buffer uses 4 channels per SM
Elastic buffer uses 4 channels per SM
Elastic buffer uses 4 channels per SM
Elastic buffer uses 4 channels per SM
Elastic buffer uses 4 channels per SM
Elastic buffer uses 4 channels per SM
CPU side received count (scaleup: 6): -108 -97 -104 -110 -95 -96 -94 -108 # -129 -129 -129 -129 -129 -129 -129 -129 
CPU side received count (scaleup: 2): -106 -95 -101 -98 -100 -111 -96 -96 # -129 -129 -129 -129 -129 -129 -129 -129 
CPU side received count (scaleup: 7): -103 -110 -98 -104 -89 -113 -83 -83 # -129 -129 -129 -129 -129 -129 -129 -129 
CPU side received count (scaleup: 4): -110 -108 -92 -111 -101 -111 -97 -113 # -129 -129 -129 -129 -129 -257 -129 -129 
CPU side received count (scaleup: 0): -102 -99 -111 -101 -102 -102 -84 -90 # -129 -129 -129 -129 -129 -129 -129 -129 
CPU side received count (scaleup: 1): -96 -92 -93 -115 -120 -99 -97 -103 # -129 -129 -129 -129 -129 -129 -129 -129 
CPU side received count (scaleup: 3): -111 -112 -102 -87 -114 -95 -107 -109 # -129 -129 -129 -129 -129 -129 -129 -257 
CPU side received count (scaleup: 5): -111 -98 -102 -101 -108 -105 -110 -101 # -129 -129 -129 -129 -257 -129 -129 -129 
Elastic buffer uses 4 channels per SM
Elastic buffer uses 4 channels per SM
Elastic buffer uses 4 channels per SM
Elastic buffer uses 4 channels per SM
Elastic buffer uses 4 channels per SM
Elastic buffer uses 4 channels per SM
Elastic buffer uses 4 channels per SM
Elastic buffer uses 4 channels per SM
CPU side received count (scaleup: 6): -108 -97 -104 -110 -95 -96 -94 -108 # -129 -129 -129 -129 -129 -129 -129 -129 
CPU side received count (scaleup: 4): -110 -108 -92 -111 -101 -111 -97 -113 # -129 -129 -129 -129 -129 -257 -129 -129 
CPU side received count (scaleup: 2): -106 -95 -101 -98 -100 -111 -96 -96 # -129 -129 -129 -129 -129 -129 -129 -129 
CPU side received count (scaleup: 7): -103 -110 -98 -104 -89 -113 -83 -83 # -129 -129 -129 -129 -129 -129 -129 -129 
CPU side received count (scaleup: 1): -96 -92 -93 -115 -120 -99 -97 -103 # -129 -129 -129 -129 -129 -129 -129 -129 
CPU side received count (scaleup: 3): -111 -112 -102 -87 -114 -95 -107 -109 # -129 -129 -129 -129 -129 -129 -129 -257 
CPU side received count (scaleup: 5): -111 -98 -102 -101 -108 -105 -110 -101 # -129 -129 -129 -129 -257 -129 -129 -129 
CPU side received count (scaleup: 0): -102 -99 -111 -101 -102 -102 -84 -90 # -129 -129 -129 -129 -129 -129 -129 -129 
Elastic buffer uses 4 channels per SM
Elastic buffer uses 4 channels per SM
Elastic buffer uses 4 channels per SM
Elastic buffer uses 4 channels per SM
Elastic buffer uses 4 channels per SM
Elastic buffer uses 4 channels per SM
Elastic buffer uses 4 channels per SM
Elastic buffer uses 4 channels per SM
USDT:2026-08-25 02:40:59 437:437 SyncActivityProfilerHandler.cpp:52] profiler_startUSDT:2026-08-25 02:40:59 434:434 SyncActivityProfilerHandler.cpp:52] profiler_startUSDT:2026-08-25 02:40:59 432:432 SyncActivityProfilerHandler.cpp:52] profiler_startUSDT:2026-08-25 02:40:59 436:436 SyncActivityProfilerHandler.cpp:52] profiler_start



USDT:2026-08-25 02:40:59 433:433 SyncActivityProfilerHandler.cpp:52] profiler_startUSDT:2026-08-25 02:40:59 431:431 SyncActivityProfilerHandler.cpp:52] profiler_start

USDT:2026-08-25 02:40:59 430:430 SyncActivityProfilerHandler.cpp:52] profiler_start
USDT:2026-08-25 02:40:59 435:435 SyncActivityProfilerHandler.cpp:52] profiler_start
CPU side received count (scaleup: 2): -106 -95 -101 -98 -100 -111 -96 -96 # -129 -129 -129 -129 -129 -129 -129 -129 
CPU side received count (scaleup: 6): -108 -97 -104 -110 -95 -96 -94 -108 # -129 -129 -129 -129 -129 -129 -129 -129 
CPU side received count (scaleup: 7): -103 -110 -98 -104 -89 -113 -83 -83 # -129 -129 -129 -129 -129 -129 -129 -129 
CPU side received count (scaleup: 4): -110 -108 -92 -111 -101 -111 -97 -113 # -129 -129 -129 -129 -129 -257 -129 -129 
CPU side received count (scaleup: 0): -102 -99 -111 -101 -102 -102 -84 -90 # -129 -129 -129 -129 -129 -129 -129 -129 
CPU side received count (scaleup: 1): -96 -92 -93 -115 -120 -99 -97 -103 # -129 -129 -129 -129 -129 -129 -129 -129 
CPU side received count (scaleup: 3): -111 -112 -102 -87 -114 -95 -107 -109 # -129 -129 -129 -129 -129 -129 -129 -257 
CPU side received count (scaleup: 5): -111 -98 -102 -101 -108 -105 -110 -101 # -129 -129 -129 -129 -257 -129 -129 -129 
Elastic buffer uses 4 channels per SM
Elastic buffer uses 4 channels per SM
Elastic buffer uses 4 channels per SM
Elastic buffer uses 4 channels per SM
Elastic buffer uses 4 channels per SM
Elastic buffer uses 4 channels per SM
Elastic buffer uses 4 channels per SM
Elastic buffer uses 4 channels per SM
CPU side received count (scaleup: 2): -106 -95 -101 -98 -100 -111 -96 -96 # -129 -129 -129 -129 -129 -129 -129 -129 
CPU side received count (scaleup: 4): -110 -108 -92 -111 -101 -111 -97 -113 # -129 -129 -129 -129 -129 -257 -129 -129 
CPU side received count (scaleup: 6): -108 -97 -104 -110 -95 -96 -94 -108 # -129 -129 -129 -129 -129 -129 -129 -129 
CPU side received count (scaleup: 7): -103 -110 -98 -104 -89 -113 -83 -83 # -129 -129 -129 -129 -129 -129 -129 -129 
CPU side received count (scaleup: 0): -102 -99 -111 -101 -102 -102 -84 -90 # -129 -129 -129 -129 -129 -129 -129 -129 
CPU side received count (scaleup: 1): -96 -92 -93 -115 -120 -99 -97 -103 # -129 -129 -129 -129 -129 -129 -129 -129 
CPU side received count (scaleup: 3): -111 -112 -102 -87 -114 -95 -107 -109 # -129 -129 -129 -129 -129 -129 -129 -257 
CPU side received count (scaleup: 5): -111 -98 -102 -101 -108 -105 -110 -101 # -129 -129 -129 -129 -257 -129 -129 -129 
Elastic buffer uses 4 channels per SM
Elastic buffer uses 4 channels per SM
Elastic buffer uses 4 channels per SM
Elastic buffer uses 4 channels per SM
Elastic buffer uses 4 channels per SM
Elastic buffer uses 4 channels per SM
Elastic buffer uses 4 channels per SM
Elastic buffer uses 4 channels per SM
CPU side received count (scaleup: 4): -110 -108 -92 -111 -101 -111 -97 -113 # -129 -129 -129 -129 -129 -257 -129 -129 
CPU side received count (scaleup: 7): -103 -110 -98 -104 -89 -113 -83 -83 # -129 -129 -129 -129 -129 -129 -129 -129 
CPU side received count (scaleup: 6): -108 -97 -104 -110 -95 -96 -94 -108 # -129 -129 -129 -129 -129 -129 -129 -129 
CPU side received count (scaleup: 2): -106 -95 -101 -98 -100 -111 -96 -96 # -129 -129 -129 -129 -129 -129 -129 -129 
CPU side received count (scaleup: 1): -96 -92 -93 -115 -120 -99 -97 -103 # -129 -129 -129 -129 -129 -129 -129 -129 
CPU side received count (scaleup: 5): -111 -98 -102 -101 -108 -105 -110 -101 # -129 -129 -129 -129 -257 -129 -129 -129 
CPU side received count (scaleup: 3): -111 -112 -102 -87 -114 -95 -107 -109 # -129 -129 -129 -129 -129 -129 -129 -257 
CPU side received count (scaleup: 0): -102 -99 -111 -101 -102 -102 -84 -90 # -129 -129 -129 -129 -129 -129 -129 -129 
Elastic buffer uses 4 channels per SM
Elastic buffer uses 4 channels per SM
Elastic buffer uses 4 channels per SM
Elastic buffer uses 4 channels per SM
Elastic buffer uses 4 channels per SM
Elastic buffer uses 4 channels per SM
Elastic buffer uses 4 channels per SM
Elastic buffer uses 4 channels per SM
CPU side received count (scaleup: 7): -103 -110 -98 -104 -89 -113 -83 -83 # -129 -129 -129 -129 -129 -129 -129 -129 
CPU side received count (scaleup: 6): -108 -97 -104 -110 -95 -96 -94 -108 # -129 -129 -129 -129 -129 -129 -129 -129 
CPU side received count (scaleup: 4): -110 -108 -92 -111 -101 -111 -97 -113 # -129 -129 -129 -129 -129 -257 -129 -129 
CPU side received count (scaleup: 2): -106 -95 -101 -98 -100 -111 -96 -96 # -129 -129 -129 -129 -129 -129 -129 -129 
CPU side received count (scaleup: 1): -96 -92 -93 -115 -120 -99 -97 -103 # -129 -129 -129 -129 -129 -129 -129 -129 
CPU side received count (scaleup: 3): -111 -112 -102 -87 -114 -95 -107 -109 # -129 -129 -129 -129 -129 -129 -129 -257 
CPU side received count (scaleup: 5): -111 -98 -102 -101 -108 -105 -110 -101 # -129 -129 -129 -129 -257 -129 -129 -129 
CPU side received count (scaleup: 0): -102 -99 -111 -101 -102 -102 -84 -90 # -129 -129 -129 -129 -129 -129 -129 -129 
Elastic buffer uses 4 channels per SM
Elastic buffer uses 4 channels per SM
Elastic buffer uses 4 channels per SM
Elastic buffer uses 4 channels per SM
Elastic buffer uses 4 channels per SM
Elastic buffer uses 4 channels per SM
Elastic buffer uses 4 channels per SM
Elastic buffer uses 4 channels per SM
CPU side received count (scaleup: 6): -108 -97 -104 -110 -95 -96 -94 -108 # -129 -129 -129 -129 -129 -129 -129 -129 
CPU side received count (scaleup: 7): -103 -110 -98 -104 -89 -113 -83 -83 # -129 -129 -129 -129 -129 -129 -129 -129 
CPU side received count (scaleup: 4): -110 -108 -92 -111 -101 -111 -97 -113 # -129 -129 -129 -129 -129 -257 -129 -129 
CPU side received count (scaleup: 2): -106 -95 -101 -98 -100 -111 -96 -96 # -129 -129 -129 -129 -129 -129 -129 -129 
CPU side received count (scaleup: 5): -111 -98 -102 -101 -108 -105 -110 -101 # -129 -129 -129 -129 -257 -129 -129 -129 
CPU side received count (scaleup: 1): -96 -92 -93 -115 -120 -99 -97 -103 # -129 -129 -129 -129 -129 -129 -129 -129 
CPU side received count (scaleup: 0): -102 -99 -111 -101 -102 -102 -84 -90 # -129 -129 -129 -129 -129 -129 -129 -129 
CPU side received count (scaleup: 3): -111 -112 -102 -87 -114 -95 -107 -109 # -129 -129 -129 -129 -129 -129 -129 -257 
Elastic buffer uses 4 channels per SM
Elastic buffer uses 4 channels per SM
Elastic buffer uses 4 channels per SM
Elastic buffer uses 4 channels per SM
Elastic buffer uses 4 channels per SM
Elastic buffer uses 4 channels per SM
Elastic buffer uses 4 channels per SM
Elastic buffer uses 4 channels per SM
CPU side received count (scaleup: 2): -106 -95 -101 -98 -100 -111 -96 -96 # -129 -129 -129 -129 -129 -129 -129 -129 
CPU side received count (scaleup: 6): -108 -97 -104 -110 -95 -96 -94 -108 # -129 -129 -129 -129 -129 -129 -129 -129 
CPU side received count (scaleup: 7): -103 -110 -98 -104 -89 -113 -83 -83 # -129 -129 -129 -129 -129 -129 -129 -129 
CPU side received count (scaleup: 4): -110 -108 -92 -111 -101 -111 -97 -113 # -129 -129 -129 -129 -129 -257 -129 -129 
CPU side received count (scaleup: 5): -111 -98 -102 -101 -108 -105 -110 -101 # -129 -129 -129 -129 -257 -129 -129 -129 
CPU side received count (scaleup: 0): -102 -99 -111 -101 -102 -102 -84 -90 # -129 -129 -129 -129 -129 -129 -129 -129 
CPU side received count (scaleup: 3): -111 -112 -102 -87 -114 -95 -107 -109 # -129 -129 -129 -129 -129 -129 -129 -257 
CPU side received count (scaleup: 1): -96 -92 -93 -115 -120 -99 -97 -103 # -129 -129 -129 -129 -129 -129 -129 -129 
Elastic buffer uses 4 channels per SM
Elastic buffer uses 4 channels per SM
Elastic buffer uses 4 channels per SM
Elastic buffer uses 4 channels per SM
Elastic buffer uses 4 channels per SM
Elastic buffer uses 4 channels per SM
Elastic buffer uses 4 channels per SM
Elastic buffer uses 4 channels per SM
CPU side received count (scaleup: 4): -110 -108 -92 -111 -101 -111 -97 -113 # -129 -129 -129 -129 -129 -257 -129 -129 
CPU side received count (scaleup: 6): -108 -97 -104 -110 -95 -96 -94 -108 # -129 -129 -129 -129 -129 -129 -129 -129 
CPU side received count (scaleup: 0): -102 -99 -111 -101 -102 -102 -84 -90 # -129 -129 -129 -129 -129 -129 -129 -129 
CPU side received count (scaleup: 7): -103 -110 -98 -104 -89 -113 -83 -83 # -129 -129 -129 -129 -129 -129 -129 -129 
CPU side received count (scaleup: 1): -96 -92 -93 -115 -120 -99 -97 -103 # -129 -129 -129 -129 -129 -129 -129 -129 
CPU side received count (scaleup: 5): -111 -98 -102 -101 -108 -105 -110 -101 # -129 -129 -129 -129 -257 -129 -129 -129 
CPU side received count (scaleup: 2): -106 -95 -101 -98 -100 -111 -96 -96 # -129 -129 -129 -129 -129 -129 -129 -129 
CPU side received count (scaleup: 3): -111 -112 -102 -87 -114 -95 -107 -109 # -129 -129 -129 -129 -129 -129 -129 -257 
Elastic buffer uses 4 channels per SM
Elastic buffer uses 4 channels per SM
Elastic buffer uses 4 channels per SM
Elastic buffer uses 4 channels per SM
Elastic buffer uses 4 channels per SM
Elastic buffer uses 4 channels per SM
Elastic buffer uses 4 channels per SM
Elastic buffer uses 4 channels per SM
CPU side received count (scaleup: 2): -106 -95 -101 -98 -100 -111 -96 -96 # -129 -129 -129 -129 -129 -129 -129 -129 
CPU side received count (scaleup: 6): -108 -97 -104 -110 -95 -96 -94 -108 # -129 -129 -129 -129 -129 -129 -129 -129 
CPU side received count (scaleup: 5): -111 -98 -102 -101 -108 -105 -110 -101 # -129 -129 -129 -129 -257 -129 -129 -129 
CPU side received count (scaleup: 7): -103 -110 -98 -104 -89 -113 -83 -83 # -129 -129 -129 -129 -129 -129 -129 -129 
CPU side received count (scaleup: 4): -110 -108 -92 -111 -101 -111 -97 -113 # -129 -129 -129 -129 -129 -257 -129 -129 
CPU side received count (scaleup: 0): -102 -99 -111 -101 -102 -102 -84 -90 # -129 -129 -129 -129 -129 -129 -129 -129 
CPU side received count (scaleup: 1): -96 -92 -93 -115 -120 -99 -97 -103 # -129 -129 -129 -129 -129 -129 -129 -129 
CPU side received count (scaleup: 3): -111 -112 -102 -87 -114 -95 -107 -109 # -129 -129 -129 -129 -129 -129 -129 -257 
Elastic buffer uses 4 channels per SM
Elastic buffer uses 4 channels per SM
Elastic buffer uses 4 channels per SM
Elastic buffer uses 4 channels per SM
Elastic buffer uses 4 channels per SM
Elastic buffer uses 4 channels per SM
Elastic buffer uses 4 channels per SM
Elastic buffer uses 4 channels per SM
CPU side received count (scaleup: 6): -108 -97 -104 -110 -95 -96 -94 -108 # -129 -129 -129 -129 -129 -129 -129 -129 
CPU side received count (scaleup: 4): -110 -108 -92 -111 -101 -111 -97 -113 # -129 -129 -129 -129 -129 -257 -129 -129 
CPU side received count (scaleup: 7): -103 -110 -98 -104 -89 -113 -83 -83 # -129 -129 -129 -129 -129 -129 -129 -129 
CPU side received count (scaleup: 2): -106 -95 -101 -98 -100 -111 -96 -96 # -129 -129 -129 -129 -129 -129 -129 -129 
CPU side received count (scaleup: 5): -111 -98 -102 -101 -108 -105 -110 -101 # -129 -129 -129 -129 -257 -129 -129 -129 
CPU side received count (scaleup: 0): -102 -99 -111 -101 -102 -102 -84 -90 # -129 -129 -129 -129 -129 -129 -129 -129 
CPU side received count (scaleup: 1): -96 -92 -93 -115 -120 -99 -97 -103 # -129 -129 -129 -129 -129 -129 -129 -129 
CPU side received count (scaleup: 3): -111 -112 -102 -87 -114 -95 -107 -109 # -129 -129 -129 -129 -129 -129 -129 -257 
Elastic buffer uses 4 channels per SM
Elastic buffer uses 4 channels per SM
Elastic buffer uses 4 channels per SM
Elastic buffer uses 4 channels per SM
Elastic buffer uses 4 channels per SM
Elastic buffer uses 4 channels per SM
Elastic buffer uses 4 channels per SM
Elastic buffer uses 4 channels per SM
CPU side received count (scaleup: 2): -106 -95 -101 -98 -100 -111 -96 -96 # -129 -129 -129 -129 -129 -129 -129 -129 
CPU side received count (scaleup: 6): -108 -97 -104 -110 -95 -96 -94 -108 # -129 -129 -129 -129 -129 -129 -129 -129 
CPU side received count (scaleup: 4): -110 -108 -92 -111 -101 -111 -97 -113 # -129 -129 -129 -129 -129 -257 -129 -129 
CPU side received count (scaleup: 7): -103 -110 -98 -104 -89 -113 -83 -83 # -129 -129 -129 -129 -129 -129 -129 -129 
CPU side received count (scaleup: 5): -111 -98 -102 -101 -108 -105 -110 -101 # -129 -129 -129 -129 -257 -129 -129 -129 
CPU side received count (scaleup: 0): -102 -99 -111 -101 -102 -102 -84 -90 # -129 -129 -129 -129 -129 -129 -129 -129 
CPU side received count (scaleup: 1): -96 -92 -93 -115 -120 -99 -97 -103 # -129 -129 -129 -129 -129 -129 -129 -129 
CPU side received count (scaleup: 3): -111 -112 -102 -87 -114 -95 -107 -109 # -129 -129 -129 -129 -129 -129 -129 -257 
Elastic buffer uses 4 channels per SM
Elastic buffer uses 4 channels per SM
Elastic buffer uses 4 channels per SM
Elastic buffer uses 4 channels per SM
Elastic buffer uses 4 channels per SM
Elastic buffer uses 4 channels per SM
Elastic buffer uses 4 channels per SM
Elastic buffer uses 4 channels per SM
CPU side received count (scaleup: 6): -108 -97 -104 -110 -95 -96 -94 -108 # -129 -129 -129 -129 -129 -129 -129 -129 
CPU side received count (scaleup: 4): -110 -108 -92 -111 -101 -111 -97 -113 # -129 -129 -129 -129 -129 -257 -129 -129 
CPU side received count (scaleup: 7): -103 -110 -98 -104 -89 -113 -83 -83 # -129 -129 -129 -129 -129 -129 -129 -129 
CPU side received count (scaleup: 2): -106 -95 -101 -98 -100 -111 -96 -96 # -129 -129 -129 -129 -129 -129 -129 -129 
CPU side received count (scaleup: 5): -111 -98 -102 -101 -108 -105 -110 -101 # -129 -129 -129 -129 -257 -129 -129 -129 
CPU side received count (scaleup: 1): -96 -92 -93 -115 -120 -99 -97 -103 # -129 -129 -129 -129 -129 -129 -129 -129 
CPU side received count (scaleup: 0): -102 -99 -111 -101 -102 -102 -84 -90 # -129 -129 -129 -129 -129 -129 -129 -129 
CPU side received count (scaleup: 3): -111 -112 -102 -87 -114 -95 -107 -109 # -129 -129 -129 -129 -129 -129 -129 -257 
Elastic buffer uses 4 channels per SM
Elastic buffer uses 4 channels per SM
Elastic buffer uses 4 channels per SM
Elastic buffer uses 4 channels per SM
Elastic buffer uses 4 channels per SM
Elastic buffer uses 4 channels per SM
Elastic buffer uses 4 channels per SM
Elastic buffer uses 4 channels per SM
CPU side received count (scaleup: 6): -108 -97 -104 -110 -95 -96 -94 -108 # -129 -129 -129 -129 -129 -129 -129 -129 
CPU side received count (scaleup: 7): -103 -110 -98 -104 -89 -113 -83 -83 # -129 -129 -129 -129 -129 -129 -129 -129 
CPU side received count (scaleup: 4): -110 -108 -92 -111 -101 -111 -97 -113 # -129 -129 -129 -129 -129 -257 -129 -129 
CPU side received count (scaleup: 2): -106 -95 -101 -98 -100 -111 -96 -96 # -129 -129 -129 -129 -129 -129 -129 -129 
CPU side received count (scaleup: 1): -96 -92 -93 -115 -120 -99 -97 -103 # -129 -129 -129 -129 -129 -129 -129 -129 
CPU side received count (scaleup: 0): -102 -99 -111 -101 -102 -102 -84 -90 # -129 -129 -129 -129 -129 -129 -129 -129 
CPU side received count (scaleup: 3): -111 -112 -102 -87 -114 -95 -107 -109 # -129 -129 -129 -129 -129 -129 -129 -257 
CPU side received count (scaleup: 5): -111 -98 -102 -101 -108 -105 -110 -101 # -129 -129 -129 -129 -257 -129 -129 -129 
Elastic buffer uses 4 channels per SM
Elastic buffer uses 4 channels per SM
Elastic buffer uses 4 channels per SM
Elastic buffer uses 4 channels per SM
Elastic buffer uses 4 channels per SM
Elastic buffer uses 4 channels per SM
Elastic buffer uses 4 channels per SM
Elastic buffer uses 4 channels per SM
CPU side received count (scaleup: 2): -106 -95 -101 -98 -100 -111 -96 -96 # -129 -129 -129 -129 -129 -129 -129 -129 
CPU side received count (scaleup: 4): -110 -108 -92 -111 -101 -111 -97 -113 # -129 -129 -129 -129 -129 -257 -129 -129 
CPU side received count (scaleup: 6): -108 -97 -104 -110 -95 -96 -94 -108 # -129 -129 -129 -129 -129 -129 -129 -129 
CPU side received count (scaleup: 7): -103 -110 -98 -104 -89 -113 -83 -83 # -129 -129 -129 -129 -129 -129 -129 -129 
CPU side received count (scaleup: 0): -102 -99 -111 -101 -102 -102 -84 -90 # -129 -129 -129 -129 -129 -129 -129 -129 
CPU side received count (scaleup: 1): -96 -92 -93 -115 -120 -99 -97 -103 # -129 -129 -129 -129 -129 -129 -129 -129 
CPU side received count (scaleup: 3): -111 -112 -102 -87 -114 -95 -107 -109 # -129 -129 -129 -129 -129 -129 -129 -257 
CPU side received count (scaleup: 5): -111 -98 -102 -101 -108 -105 -110 -101 # -129 -129 -129 -129 -257 -129 -129 -129 
Elastic buffer uses 4 channels per SM
Elastic buffer uses 4 channels per SM
Elastic buffer uses 4 channels per SM
Elastic buffer uses 4 channels per SM
Elastic buffer uses 4 channels per SM
Elastic buffer uses 4 channels per SM
Elastic buffer uses 4 channels per SM
Elastic buffer uses 4 channels per SM
CPU side received count (scaleup: 6): -108 -97 -104 -110 -95 -96 -94 -108 # -129 -129 -129 -129 -129 -129 -129 -129 
CPU side received count (scaleup: 7): -103 -110 -98 -104 -89 -113 -83 -83 # -129 -129 -129 -129 -129 -129 -129 -129 
CPU side received count (scaleup: 2): -106 -95 -101 -98 -100 -111 -96 -96 # -129 -129 -129 -129 -129 -129 -129 -129 
CPU side received count (scaleup: 5): -111 -98 -102 -101 -108 -105 -110 -101 # -129 -129 -129 -129 -257 -129 -129 -129 
CPU side received count (scaleup: 3): -111 -112 -102 -87 -114 -95 -107 -109 # -129 -129 -129 -129 -129 -129 -129 -257 
CPU side received count (scaleup: 4): -110 -108 -92 -111 -101 -111 -97 -113 # -129 -129 -129 -129 -129 -257 -129 -129 
CPU side received count (scaleup: 1): -96 -92 -93 -115 -120 -99 -97 -103 # -129 -129 -129 -129 -129 -129 -129 -129 
CPU side received count (scaleup: 0): -102 -99 -111 -101 -102 -102 -84 -90 # -129 -129 -129 -129 -129 -129 -129 -129 
Elastic buffer uses 4 channels per SM
Elastic buffer uses 4 channels per SM
Elastic buffer uses 4 channels per SM
Elastic buffer uses 4 channels per SM
Elastic buffer uses 4 channels per SM
Elastic buffer uses 4 channels per SM
Elastic buffer uses 4 channels per SM
Elastic buffer uses 4 channels per SM
CPU side received count (scaleup: 4): -110 -108 -92 -111 -101 -111 -97 -113 # -129 -129 -129 -129 -129 -257 -129 -129 
CPU side received count (scaleup: 7): -103 -110 -98 -104 -89 -113 -83 -83 # -129 -129 -129 -129 -129 -129 -129 -129 
CPU side received count (scaleup: 6): -108 -97 -104 -110 -95 -96 -94 -108 # -129 -129 -129 -129 -129 -129 -129 -129 
CPU side received count (scaleup: 0): -102 -99 -111 -101 -102 -102 -84 -90 # -129 -129 -129 -129 -129 -129 -129 -129 
CPU side received count (scaleup: 3): -111 -112 -102 -87 -114 -95 -107 -109 # -129 -129 -129 -129 -129 -129 -129 -257 
CPU side received count (scaleup: 2): -106 -95 -101 -98 -100 -111 -96 -96 # -129 -129 -129 -129 -129 -129 -129 -129 
CPU side received count (scaleup: 1): -96 -92 -93 -115 -120 -99 -97 -103 # -129 -129 -129 -129 -129 -129 -129 -129 
CPU side received count (scaleup: 5): -111 -98 -102 -101 -108 -105 -110 -101 # -129 -129 -129 -129 -257 -129 -129 -129 
Elastic buffer uses 4 channels per SM
Elastic buffer uses 4 channels per SM
Elastic buffer uses 4 channels per SM
Elastic buffer uses 4 channels per SM
Elastic buffer uses 4 channels per SM
Elastic buffer uses 4 channels per SM
Elastic buffer uses 4 channels per SM
Elastic buffer uses 4 channels per SM
CPU side received count (scaleup: 2): -106 -95 -101 -98 -100 -111 -96 -96 # -129 -129 -129 -129 -129 -129 -129 -129 
CPU side received count (scaleup: 6): -108 -97 -104 -110 -95 -96 -94 -108 # -129 -129 -129 -129 -129 -129 -129 -129 
CPU side received count (scaleup: 7): -103 -110 -98 -104 -89 -113 -83 -83 # -129 -129 -129 -129 -129 -129 -129 -129 
CPU side received count (scaleup: 4): -110 -108 -92 -111 -101 -111 -97 -113 # -129 -129 -129 -129 -129 -257 -129 -129 
CPU side received count (scaleup: 0): -102 -99 -111 -101 -102 -102 -84 -90 # -129 -129 -129 -129 -129 -129 -129 -129 
CPU side received count (scaleup: 1): -96 -92 -93 -115 -120 -99 -97 -103 # -129 -129 -129 -129 -129 -129 -129 -129 
CPU side received count (scaleup: 3): -111 -112 -102 -87 -114 -95 -107 -109 # -129 -129 -129 -129 -129 -129 -129 -257 
CPU side received count (scaleup: 5): -111 -98 -102 -101 -108 -105 -110 -101 # -129 -129 -129 -129 -257 -129 -129 -129 
Elastic buffer uses 4 channels per SM
Elastic buffer uses 4 channels per SM
Elastic buffer uses 4 channels per SM
Elastic buffer uses 4 channels per SM
Elastic buffer uses 4 channels per SM
Elastic buffer uses 4 channels per SM
Elastic buffer uses 4 channels per SM
Elastic buffer uses 4 channels per SM
CPU side received count (scaleup: 2): -106 -95 -101 -98 -100 -111 -96 -96 # -129 -129 -129 -129 -129 -129 -129 -129 
CPU side received count (scaleup: 6): -108 -97 -104 -110 -95 -96 -94 -108 # -129 -129 -129 -129 -129 -129 -129 -129 
CPU side received count (scaleup: 4): -110 -108 -92 -111 -101 -111 -97 -113 # -129 -129 -129 -129 -129 -257 -129 -129 
CPU side received count (scaleup: 7): -103 -110 -98 -104 -89 -113 -83 -83 # -129 -129 -129 -129 -129 -129 -129 -129 
CPU side received count (scaleup: 0): -102 -99 -111 -101 -102 -102 -84 -90 # -129 -129 -129 -129 -129 -129 -129 -129 
CPU side received count (scaleup: 1): -96 -92 -93 -115 -120 -99 -97 -103 # -129 -129 -129 -129 -129 -129 -129 -129 
CPU side received count (scaleup: 3): -111 -112 -102 -87 -114 -95 -107 -109 # -129 -129 -129 -129 -129 -129 -129 -257 
CPU side received count (scaleup: 5): -111 -98 -102 -101 -108 -105 -110 -101 # -129 -129 -129 -129 -257 -129 -129 -129 
Elastic buffer uses 4 channels per SM
Elastic buffer uses 4 channels per SM
Elastic buffer uses 4 channels per SM
Elastic buffer uses 4 channels per SM
Elastic buffer uses 4 channels per SM
Elastic buffer uses 4 channels per SM
Elastic buffer uses 4 channels per SM
Elastic buffer uses 4 channels per SM
CPU side received count (scaleup: 6): -108 -97 -104 -110 -95 -96 -94 -108 # -129 -129 -129 -129 -129 -129 -129 -129 
CPU side received count (scaleup: 4): -110 -108 -92 -111 -101 -111 -97 -113 # -129 -129 -129 -129 -129 -257 -129 -129 
CPU side received count (scaleup: 2): -106 -95 -101 -98 -100 -111 -96 -96 # -129 -129 -129 -129 -129 -129 -129 -129 
CPU side received count (scaleup: 7): -103 -110 -98 -104 -89 -113 -83 -83 # -129 -129 -129 -129 -129 -129 -129 -129 
CPU side received count (scaleup: 5): -111 -98 -102 -101 -108 -105 -110 -101 # -129 -129 -129 -129 -257 -129 -129 -129 
CPU side received count (scaleup: 0): -102 -99 -111 -101 -102 -102 -84 -90 # -129 -129 -129 -129 -129 -129 -129 -129 
CPU side received count (scaleup: 1): -96 -92 -93 -115 -120 -99 -97 -103 # -129 -129 -129 -129 -129 -129 -129 -129 
CPU side received count (scaleup: 3): -111 -112 -102 -87 -114 -95 -107 -109 # -129 -129 -129 -129 -129 -129 -129 -257 
Elastic buffer uses 4 channels per SM
Elastic buffer uses 4 channels per SM
Elastic buffer uses 4 channels per SM
Elastic buffer uses 4 channels per SM
Elastic buffer uses 4 channels per SM
Elastic buffer uses 4 channels per SM
Elastic buffer uses 4 channels per SM
Elastic buffer uses 4 channels per SM
CPU side received count (scaleup: 6): -108 -97 -104 -110 -95 -96 -94 -108 # -129 -129 -129 -129 -129 -129 -129 -129 
CPU side received count (scaleup: 4): -110 -108 -92 -111 -101 -111 -97 -113 # -129 -129 -129 -129 -129 -257 -129 -129 
CPU side received count (scaleup: 2): -106 -95 -101 -98 -100 -111 -96 -96 # -129 -129 -129 -129 -129 -129 -129 -129 
CPU side received count (scaleup: 7): -103 -110 -98 -104 -89 -113 -83 -83 # -129 -129 -129 -129 -129 -129 -129 -129 
CPU side received count (scaleup: 0): -102 -99 -111 -101 -102 -102 -84 -90 # -129 -129 -129 -129 -129 -129 -129 -129 
CPU side received count (scaleup: 3): -111 -112 -102 -87 -114 -95 -107 -109 # -129 -129 -129 -129 -129 -129 -129 -257 
CPU side received count (scaleup: 1): -96 -92 -93 -115 -120 -99 -97 -103 # -129 -129 -129 -129 -129 -129 -129 -129 
CPU side received count (scaleup: 5): -111 -98 -102 -101 -108 -105 -110 -101 # -129 -129 -129 -129 -257 -129 -129 -129 
Elastic buffer uses 4 channels per SM
Elastic buffer uses 4 channels per SM
Elastic buffer uses 4 channels per SM
Elastic buffer uses 4 channels per SM
Elastic buffer uses 4 channels per SM
Elastic buffer uses 4 channels per SM
Elastic buffer uses 4 channels per SM
Elastic buffer uses 4 channels per SM
CPU side received count (scaleup: 2): -106 -95 -101 -98 -100 -111 -96 -96 # -129 -129 -129 -129 -129 -129 -129 -129 
CPU side received count (scaleup: 4): -110 -108 -92 -111 -101 -111 -97 -113 # -129 -129 -129 -129 -129 -257 -129 -129 
CPU side received count (scaleup: 6): -108 -97 -104 -110 -95 -96 -94 -108 # -129 -129 -129 -129 -129 -129 -129 -129 
CPU side received count (scaleup: 7): -103 -110 -98 -104 -89 -113 -83 -83 # -129 -129 -129 -129 -129 -129 -129 -129 
CPU side received count (scaleup: 1): -96 -92 -93 -115 -120 -99 -97 -103 # -129 -129 -129 -129 -129 -129 -129 -129 
CPU side received count (scaleup: 3): -111 -112 -102 -87 -114 -95 -107 -109 # -129 -129 -129 -129 -129 -129 -129 -257 
CPU side received count (scaleup: 5): -111 -98 -102 -101 -108 -105 -110 -101 # -129 -129 -129 -129 -257 -129 -129 -129 
CPU side received count (scaleup: 0): -102 -99 -111 -101 -102 -102 -84 -90 # -129 -129 -129 -129 -129 -129 -129 -129 
Elastic buffer uses 4 channels per SM
Elastic buffer uses 4 channels per SM
Elastic buffer uses 4 channels per SM
Elastic buffer uses 4 channels per SM
Elastic buffer uses 4 channels per SM
Elastic buffer uses 4 channels per SM
Elastic buffer uses 4 channels per SM
Elastic buffer uses 4 channels per SM
CPU side received count (scaleup: 6): -108 -97 -104 -110 -95 -96 -94 -108 # -129 -129 -129 -129 -129 -129 -129 -129 
CPU side received count (scaleup: 4): -110 -108 -92 -111 -101 -111 -97 -113 # -129 -129 -129 -129 -129 -257 -129 -129 
CPU side received count (scaleup: 7): -103 -110 -98 -104 -89 -113 -83 -83 # -129 -129 -129 -129 -129 -129 -129 -129 
CPU side received count (scaleup: 2): -106 -95 -101 -98 -100 -111 -96 -96 # -129 -129 -129 -129 -129 -129 -129 -129 
CPU side received count (scaleup: 0): -102 -99 -111 -101 -102 -102 -84 -90 # -129 -129 -129 -129 -129 -129 -129 -129 
CPU side received count (scaleup: 5): -111 -98 -102 -101 -108 -105 -110 -101 # -129 -129 -129 -129 -257 -129 -129 -129 
CPU side received count (scaleup: 3): -111 -112 -102 -87 -114 -95 -107 -109 # -129 -129 -129 -129 -129 -129 -129 -257 
CPU side received count (scaleup: 1): -96 -92 -93 -115 -120 -99 -97 -103 # -129 -129 -129 -129 -129 -129 -129 -129 
Elastic buffer uses 4 channels per SM
Elastic buffer uses 4 channels per SM
Elastic buffer uses 4 channels per SM
Elastic buffer uses 4 channels per SM
Elastic buffer uses 4 channels per SM
Elastic buffer uses 4 channels per SM
Elastic buffer uses 4 channels per SM
Elastic buffer uses 4 channels per SM
CPU side received count (scaleup: 2): -106 -95 -101 -98 -100 -111 -96 -96 # -129 -129 -129 -129 -129 -129 -129 -129 
CPU side received count (scaleup: 6): -108 -97 -104 -110 -95 -96 -94 -108 # -129 -129 -129 -129 -129 -129 -129 -129 
CPU side received count (scaleup: 4): -110 -108 -92 -111 -101 -111 -97 -113 # -129 -129 -129 -129 -129 -257 -129 -129 
CPU side received count (scaleup: 7): -103 -110 -98 -104 -89 -113 -83 -83 # -129 -129 -129 -129 -129 -129 -129 -129 
CPU side received count (scaleup: 0): -102 -99 -111 -101 -102 -102 -84 -90 # -129 -129 -129 -129 -129 -129 -129 -129 
CPU side received count (scaleup: 5): -111 -98 -102 -101 -108 -105 -110 -101 # -129 -129 -129 -129 -257 -129 -129 -129 
CPU side received count (scaleup: 1): -96 -92 -93 -115 -120 -99 -97 -103 # -129 -129 -129 -129 -129 -129 -129 -129 
CPU side received count (scaleup: 3): -111 -112 -102 -87 -114 -95 -107 -109 # -129 -129 -129 -129 -129 -129 -129 -257 
Elastic buffer uses 4 channels per SM
Elastic buffer uses 4 channels per SM
Elastic buffer uses 4 channels per SM
Elastic buffer uses 4 channels per SM
Elastic buffer uses 4 channels per SM
Elastic buffer uses 4 channels per SM
Elastic buffer uses 4 channels per SM
Elastic buffer uses 4 channels per SM
CPU side received count (scaleup: 4): -110 -108 -92 -111 -101 -111 -97 -113 # -129 -129 -129 -129 -129 -257 -129 -129 
CPU side received count (scaleup: 7): -103 -110 -98 -104 -89 -113 -83 -83 # -129 -129 -129 -129 -129 -129 -129 -129 
CPU side received count (scaleup: 6): -108 -97 -104 -110 -95 -96 -94 -108 # -129 -129 -129 -129 -129 -129 -129 -129 
CPU side received count (scaleup: 2): -106 -95 -101 -98 -100 -111 -96 -96 # -129 -129 -129 -129 -129 -129 -129 -129 
CPU side received count (scaleup: 3): -111 -112 -102 -87 -114 -95 -107 -109 # -129 -129 -129 -129 -129 -129 -129 -257 
CPU side received count (scaleup: 1): -96 -92 -93 -115 -120 -99 -97 -103 # -129 -129 -129 -129 -129 -129 -129 -129 
CPU side received count (scaleup: 5): -111 -98 -102 -101 -108 -105 -110 -101 # -129 -129 -129 -129 -257 -129 -129 -129 
CPU side received count (scaleup: 0): -102 -99 -111 -101 -102 -102 -84 -90 # -129 -129 -129 -129 -129 -129 -129 -129 
Elastic buffer uses 4 channels per SM
Elastic buffer uses 4 channels per SM
Elastic buffer uses 4 channels per SM
Elastic buffer uses 4 channels per SM
Elastic buffer uses 4 channels per SM
Elastic buffer uses 4 channels per SM
Elastic buffer uses 4 channels per SM
Elastic buffer uses 4 channels per SM
CPU side received count (scaleup: 2): -106 -95 -101 -98 -100 -111 -96 -96 # -129 -129 -129 -129 -129 -129 -129 -129 
CPU side received count (scaleup: 6): -108 -97 -104 -110 -95 -96 -94 -108 # -129 -129 -129 -129 -129 -129 -129 -129 
CPU side received count (scaleup: 4): -110 -108 -92 -111 -101 -111 -97 -113 # -129 -129 -129 -129 -129 -257 -129 -129 
CPU side received count (scaleup: 7): -103 -110 -98 -104 -89 -113 -83 -83 # -129 -129 -129 -129 -129 -129 -129 -129 
CPU side received count (scaleup: 0): -102 -99 -111 -101 -102 -102 -84 -90 # -129 -129 -129 -129 -129 -129 -129 -129 
CPU side received count (scaleup: 1): -96 -92 -93 -115 -120 -99 -97 -103 # -129 -129 -129 -129 -129 -129 -129 -129 
CPU side received count (scaleup: 3): -111 -112 -102 -87 -114 -95 -107 -109 # -129 -129 -129 -129 -129 -129 -129 -257 
CPU side received count (scaleup: 5): -111 -98 -102 -101 -108 -105 -110 -101 # -129 -129 -129 -129 -257 -129 -129 -129 
Elastic buffer uses 4 channels per SM
Elastic buffer uses 4 channels per SM
Elastic buffer uses 4 channels per SM
Elastic buffer uses 4 channels per SM
Elastic buffer uses 4 channels per SM
Elastic buffer uses 4 channels per SM
Elastic buffer uses 4 channels per SM
Elastic buffer uses 4 channels per SM
CPU side received count (scaleup: 2): -106 -95 -101 -98 -100 -111 -96 -96 # -129 -129 -129 -129 -129 -129 -129 -129 
CPU side received count (scaleup: 6): -108 -97 -104 -110 -95 -96 -94 -108 # -129 -129 -129 -129 -129 -129 -129 -129 
CPU side received count (scaleup: 4): -110 -108 -92 -111 -101 -111 -97 -113 # -129 -129 -129 -129 -129 -257 -129 -129 
CPU side received count (scaleup: 7): -103 -110 -98 -104 -89 -113 -83 -83 # -129 -129 -129 -129 -129 -129 -129 -129 
CPU side received count (scaleup: 0): -102 -99 -111 -101 -102 -102 -84 -90 # -129 -129 -129 -129 -129 -129 -129 -129 
CPU side received count (scaleup: 3): -111 -112 -102 -87 -114 -95 -107 -109 # -129 -129 -129 -129 -129 -129 -129 -257 
CPU side received count (scaleup: 5): -111 -98 -102 -101 -108 -105 -110 -101 # -129 -129 -129 -129 -257 -129 -129 -129 
CPU side received count (scaleup: 1): -96 -92 -93 -115 -120 -99 -97 -103 # -129 -129 -129 -129 -129 -129 -129 -129 
Elastic buffer uses 4 channels per SM
Elastic buffer uses 4 channels per SM
Elastic buffer uses 4 channels per SM
Elastic buffer uses 4 channels per SM
Elastic buffer uses 4 channels per SM
Elastic buffer uses 4 channels per SM
Elastic buffer uses 4 channels per SM
Elastic buffer uses 4 channels per SM
CPU side received count (scaleup: 4): -110 -108 -92 -111 -101 -111 -97 -113 # -129 -129 -129 -129 -129 -257 -129 -129 
CPU side received count (scaleup: 6): -108 -97 -104 -110 -95 -96 -94 -108 # -129 -129 -129 -129 -129 -129 -129 -129 
CPU side received count (scaleup: 7): -103 -110 -98 -104 -89 -113 -83 -83 # -129 -129 -129 -129 -129 -129 -129 -129 
CPU side received count (scaleup: 2): -106 -95 -101 -98 -100 -111 -96 -96 # -129 -129 -129 -129 -129 -129 -129 -129 
CPU side received count (scaleup: 0): -102 -99 -111 -101 -102 -102 -84 -90 # -129 -129 -129 -129 -129 -129 -129 -129 
CPU side received count (scaleup: 3): -111 -112 -102 -87 -114 -95 -107 -109 # -129 -129 -129 -129 -129 -129 -129 -257 
CPU side received count (scaleup: 5): -111 -98 -102 -101 -108 -105 -110 -101 # -129 -129 -129 -129 -257 -129 -129 -129 
CPU side received count (scaleup: 1): -96 -92 -93 -115 -120 -99 -97 -103 # -129 -129 -129 -129 -129 -129 -129 -129 
Elastic buffer uses 4 channels per SM
Elastic buffer uses 4 channels per SM
Elastic buffer uses 4 channels per SM
Elastic buffer uses 4 channels per SM
Elastic buffer uses 4 channels per SM
Elastic buffer uses 4 channels per SM
Elastic buffer uses 4 channels per SM
Elastic buffer uses 4 channels per SM
CPU side received count (scaleup: 2): -106 -95 -101 -98 -100 -111 -96 -96 # -129 -129 -129 -129 -129 -129 -129 -129 
CPU side received count (scaleup: 4): -110 -108 -92 -111 -101 -111 -97 -113 # -129 -129 -129 -129 -129 -257 -129 -129 
CPU side received count (scaleup: 6): -108 -97 -104 -110 -95 -96 -94 -108 # -129 -129 -129 -129 -129 -129 -129 -129 
CPU side received count (scaleup: 7): -103 -110 -98 -104 -89 -113 -83 -83 # -129 -129 -129 -129 -129 -129 -129 -129 
CPU side received count (scaleup: 0): -102 -99 -111 -101 -102 -102 -84 -90 # -129 -129 -129 -129 -129 -129 -129 -129 
CPU side received count (scaleup: 1): -96 -92 -93 -115 -120 -99 -97 -103 # -129 -129 -129 -129 -129 -129 -129 -129 
CPU side received count (scaleup: 5): -111 -98 -102 -101 -108 -105 -110 -101 # -129 -129 -129 -129 -257 -129 -129 -129 
CPU side received count (scaleup: 3): -111 -112 -102 -87 -114 -95 -107 -109 # -129 -129 -129 -129 -129 -129 -129 -257 
Elastic buffer uses 4 channels per SM
Elastic buffer uses 4 channels per SM
Elastic buffer uses 4 channels per SM
Elastic buffer uses 4 channels per SM
Elastic buffer uses 4 channels per SM
Elastic buffer uses 4 channels per SM
Elastic buffer uses 4 channels per SM
Elastic buffer uses 4 channels per SM
CPU side received count (scaleup: 4): -110 -108 -92 -111 -101 -111 -97 -113 # -129 -129 -129 -129 -129 -257 -129 -129 
CPU side received count (scaleup: 6): -108 -97 -104 -110 -95 -96 -94 -108 # -129 -129 -129 -129 -129 -129 -129 -129 
CPU side received count (scaleup: 7): -103 -110 -98 -104 -89 -113 -83 -83 # -129 -129 -129 -129 -129 -129 -129 -129 
CPU side received count (scaleup: 2): -106 -95 -101 -98 -100 -111 -96 -96 # -129 -129 -129 -129 -129 -129 -129 -129 
CPU side received count (scaleup: 0): -102 -99 -111 -101 -102 -102 -84 -90 # -129 -129 -129 -129 -129 -129 -129 -129 
CPU side received count (scaleup: 5): -111 -98 -102 -101 -108 -105 -110 -101 # -129 -129 -129 -129 -257 -129 -129 -129 
CPU side received count (scaleup: 1): -96 -92 -93 -115 -120 -99 -97 -103 # -129 -129 -129 -129 -129 -129 -129 -129 
CPU side received count (scaleup: 3): -111 -112 -102 -87 -114 -95 -107 -109 # -129 -129 -129 -129 -129 -129 -129 -257 
Elastic buffer uses 4 channels per SM
Elastic buffer uses 4 channels per SM
Elastic buffer uses 4 channels per SM
Elastic buffer uses 4 channels per SM
Elastic buffer uses 4 channels per SM
Elastic buffer uses 4 channels per SM
Elastic buffer uses 4 channels per SM
Elastic buffer uses 4 channels per SM
CPU side received count (scaleup: 6): -108 -97 -104 -110 -95 -96 -94 -108 # -129 -129 -129 -129 -129 -129 -129 -129 
CPU side received count (scaleup: 7): -103 -110 -98 -104 -89 -113 -83 -83 # -129 -129 -129 -129 -129 -129 -129 -129 
CPU side received count (scaleup: 4): -110 -108 -92 -111 -101 -111 -97 -113 # -129 -129 -129 -129 -129 -257 -129 -129 
CPU side received count (scaleup: 2): -106 -95 -101 -98 -100 -111 -96 -96 # -129 -129 -129 -129 -129 -129 -129 -129 
CPU side received count (scaleup: 1): -96 -92 -93 -115 -120 -99 -97 -103 # -129 -129 -129 -129 -129 -129 -129 -129 
CPU side received count (scaleup: 0): -102 -99 -111 -101 -102 -102 -84 -90 # -129 -129 -129 -129 -129 -129 -129 -129 
CPU side received count (scaleup: 5): -111 -98 -102 -101 -108 -105 -110 -101 # -129 -129 -129 -129 -257 -129 -129 -129 
CPU side received count (scaleup: 3): -111 -112 -102 -87 -114 -95 -107 -109 # -129 -129 -129 -129 -129 -129 -129 -257 
USDT:2026-08-25 02:40:59 436:436 SyncActivityProfilerHandler.cpp:59] profiler_stopUSDT:2026-08-25 02:40:59 434:434 SyncActivityProfilerHandler.cpp:59] profiler_stopUSDT:2026-08-25 02:40:59 437:437 SyncActivityProfilerHandler.cpp:59] profiler_stopUSDT:2026-08-25 02:40:59 432:432 SyncActivityProfilerHandler.cpp:59] profiler_stop



USDT:2026-08-25 02:40:59 431:431 SyncActivityProfilerHandler.cpp:59] profiler_stopUSDT:2026-08-25 02:40:59 435:435 SyncActivityProfilerHandler.cpp:59] profiler_stopUSDT:2026-08-25 02:40:59 430:430 SyncActivityProfilerHandler.cpp:59] profiler_stop


USDT:2026-08-25 02:40:59 433:433 SyncActivityProfilerHandler.cpp:59] profiler_stop
   * EP:   2/32 | dispatch: 3 GB/s (SO), 5 GB/s (SU), 1114.000 us, 5952960 bytes | copy: 267 GB/s, 44.537 us
   * EP:   6/32 | dispatch: 3 GB/s (SO), 5 GB/s (SU), 1114.000 us, 6020352 bytes | copy: 33 GB/s, 367.277 us
   * EP:   4/32 | dispatch: 3 GB/s (SO), 6 GB/s (SU), 1114.000 us, 6252480 bytes | copy: 35 GB/s, 361.211 us
   * EP:   7/32 | dispatch: 3 GB/s (SO), 5 GB/s (SU), 1114.000 us, 5803200 bytes | copy: 30 GB/s, 389.330 us
   * EP:   1/32 | dispatch: 3 GB/s (SO), 5 GB/s (SU), 1114.000 us, 6042816 bytes | copy: 39 GB/s, 307.657 us
   * EP:   0/32 | dispatch: 3 GB/s (SO), 5 GB/s (SU), 1114.000 us, 5863104 bytes | copy: 40 GB/s, 291.317 us
   * EP:   3/32 | dispatch: 3 GB/s (SO), 6 GB/s (SU), 1114.000 us, 6207552 bytes | copy: 946 GB/s, 13.119 us
   * EP:   5/32 | dispatch: 3 GB/s (SO), 6 GB/s (SU), 1114.000 us, 6200064 bytes | copy: 81 GB/s, 154.017 us
Elastic buffer uses 4 channels per SM
Elastic buffer uses 4 channels per SM
Elastic buffer uses 4 channels per SM
Elastic buffer uses 4 channels per SM
Elastic buffer uses 4 channels per SM
Elastic buffer uses 4 channels per SM
Elastic buffer uses 4 channels per SM
Elastic buffer uses 4 channels per SM
CPU side received count (scaleup: 6): -108 -97 -104 -110 -95 -96 -94 -108 # -129 -129 -129 -129 -129 -129 -129 -129 
CPU side received count (scaleup: 7): -103 -110 -98 -104 -89 -113 -83 -83 # -129 -129 -129 -129 -129 -129 -129 -129 
CPU side received count (scaleup: 5): -111 -98 -102 -101 -108 -105 -110 -101 # -129 -129 -129 -129 -257 -129 -129 -129 
CPU side received count (scaleup: 4): -110 -108 -92 -111 -101 -111 -97 -113 # -129 -129 -129 -129 -129 -257 -129 -129 
CPU side received count (scaleup: 2): -106 -95 -101 -98 -100 -111 -96 -96 # -129 -129 -129 -129 -129 -129 -129 -129 
CPU side received count (scaleup: 0): -102 -99 -111 -101 -102 -102 -84 -90 # -129 -129 -129 -129 -129 -129 -129 -129 
CPU side received count (scaleup: 1): -96 -92 -93 -115 -120 -99 -97 -103 # -129 -129 -129 -129 -129 -129 -129 -129 
CPU side received count (scaleup: 3): -111 -112 -102 -87 -114 -95 -107 -109 # -129 -129 -129 -129 -129 -129 -129 -257 
Elastic buffer uses 4 channels per SM
Elastic buffer uses 4 channels per SM
Elastic buffer uses 4 channels per SM
Elastic buffer uses 4 channels per SM
Elastic buffer uses 4 channels per SM
Elastic buffer uses 4 channels per SM
Elastic buffer uses 4 channels per SM
Elastic buffer uses 4 channels per SM
CPU side received count (scaleup: 6): -108 -97 -104 -110 -95 -96 -94 -108 # -129 -129 -129 -129 -129 -129 -129 -129 
CPU side received count (scaleup: 2): -106 -95 -101 -98 -100 -111 -96 -96 # -129 -129 -129 -129 -129 -129 -129 -129 
CPU side received count (scaleup: 4): -110 -108 -92 -111 -101 -111 -97 -113 # -129 -129 -129 -129 -129 -257 -129 -129 
CPU side received count (scaleup: 7): -103 -110 -98 -104 -89 -113 -83 -83 # -129 -129 -129 -129 -129 -129 -129 -129 
CPU side received count (scaleup: 1): -96 -92 -93 -115 -120 -99 -97 -103 # -129 -129 -129 -129 -129 -129 -129 -129 
CPU side received count (scaleup: 0): -102 -99 -111 -101 -102 -102 -84 -90 # -129 -129 -129 -129 -129 -129 -129 -129 
CPU side received count (scaleup: 5): -111 -98 -102 -101 -108 -105 -110 -101 # -129 -129 -129 -129 -257 -129 -129 -129 
CPU side received count (scaleup: 3): -111 -112 -102 -87 -114 -95 -107 -109 # -129 -129 -129 -129 -129 -129 -129 -257 
Elastic buffer uses 4 channels per SM
Elastic buffer uses 4 channels per SM
Elastic buffer uses 4 channels per SM
Elastic buffer uses 4 channels per SM
Elastic buffer uses 4 channels per SM
Elastic buffer uses 4 channels per SM
Elastic buffer uses 4 channels per SM
Elastic buffer uses 4 channels per SM
CPU side received count (scaleup: 2): -106 -95 -101 -98 -100 -111 -96 -96 # -129 -129 -129 -129 -129 -129 -129 -129 
CPU side received count (scaleup: 6): -108 -97 -104 -110 -95 -96 -94 -108 # -129 -129 -129 -129 -129 -129 -129 -129 
CPU side received count (scaleup: 5): -111 -98 -102 -101 -108 -105 -110 -101 # -129 -129 -129 -129 -257 -129 -129 -129 
CPU side received count (scaleup: 1): -96 -92 -93 -115 -120 -99 -97 -103 # -129 -129 -129 -129 -129 -129 -129 -129 
CPU side received count (scaleup: 0): -102 -99 -111 -101 -102 -102 -84 -90 # -129 -129 -129 -129 -129 -129 -129 -129 
CPU side received count (scaleup: 7): -103 -110 -98 -104 -89 -113 -83 -83 # -129 -129 -129 -129 -129 -129 -129 -129 
CPU side received count (scaleup: 4): -110 -108 -92 -111 -101 -111 -97 -113 # -129 -129 -129 -129 -129 -257 -129 -129 
CPU side received count (scaleup: 3): -111 -112 -102 -87 -114 -95 -107 -109 # -129 -129 -129 -129 -129 -129 -129 -257 
Elastic buffer uses 4 channels per SM
Elastic buffer uses 4 channels per SM
Elastic buffer uses 4 channels per SM
Elastic buffer uses 4 channels per SM
Elastic buffer uses 4 channels per SM
Elastic buffer uses 4 channels per SM
Elastic buffer uses 4 channels per SM
Elastic buffer uses 4 channels per SM
CPU side received count (scaleup: 2): -106 -95 -101 -98 -100 -111 -96 -96 # -129 -129 -129 -129 -129 -129 -129 -129 
CPU side received count (scaleup: 0): -102 -99 -111 -101 -102 -102 -84 -90 # -129 -129 -129 -129 -129 -129 -129 -129 
CPU side received count (scaleup: 6): -108 -97 -104 -110 -95 -96 -94 -108 # -129 -129 -129 -129 -129 -129 -129 -129 
CPU side received count (scaleup: 7): -103 -110 -98 -104 -89 -113 -83 -83 # -129 -129 -129 -129 -129 -129 -129 -129 
CPU side received count (scaleup: 1): -96 -92 -93 -115 -120 -99 -97 -103 # -129 -129 -129 -129 -129 -129 -129 -129 
CPU side received count (scaleup: 4): -110 -108 -92 -111 -101 -111 -97 -113 # -129 -129 -129 -129 -129 -257 -129 -129 
CPU side received count (scaleup: 3): -111 -112 -102 -87 -114 -95 -107 -109 # -129 -129 -129 -129 -129 -129 -129 -257 
CPU side received count (scaleup: 5): -111 -98 -102 -101 -108 -105 -110 -101 # -129 -129 -129 -129 -257 -129 -129 -129 
Elastic buffer uses 4 channels per SM
Elastic buffer uses 4 channels per SM
Elastic buffer uses 4 channels per SM
Elastic buffer uses 4 channels per SM
Elastic buffer uses 4 channels per SM
Elastic buffer uses 4 channels per SM
Elastic buffer uses 4 channels per SM
Elastic buffer uses 4 channels per SM
CPU side received count (scaleup: 6): -108 -97 -104 -110 -95 -96 -94 -108 # -129 -129 -129 -129 -129 -129 -129 -129 
CPU side received count (scaleup: 4): -110 -108 -92 -111 -101 -111 -97 -113 # -129 -129 -129 -129 -129 -257 -129 -129 
CPU side received count (scaleup: 7): -103 -110 -98 -104 -89 -113 -83 -83 # -129 -129 -129 -129 -129 -129 -129 -129 
CPU side received count (scaleup: 0): -102 -99 -111 -101 -102 -102 -84 -90 # -129 -129 -129 -129 -129 -129 -129 -129 
CPU side received count (scaleup: 1): -96 -92 -93 -115 -120 -99 -97 -103 # -129 -129 -129 -129 -129 -129 -129 -129 
CPU side received count (scaleup: 5): -111 -98 -102 -101 -108 -105 -110 -101 # -129 -129 -129 -129 -257 -129 -129 -129 
CPU side received count (scaleup: 2): -106 -95 -101 -98 -100 -111 -96 -96 # -129 -129 -129 -129 -129 -129 -129 -129 
CPU side received count (scaleup: 3): -111 -112 -102 -87 -114 -95 -107 -109 # -129 -129 -129 -129 -129 -129 -129 -257 
Elastic buffer uses 4 channels per SM
Elastic buffer uses 4 channels per SM
Elastic buffer uses 4 channels per SM
Elastic buffer uses 4 channels per SM
Elastic buffer uses 4 channels per SM
Elastic buffer uses 4 channels per SM
Elastic buffer uses 4 channels per SM
Elastic buffer uses 4 channels per SM
CPU side received count (scaleup: 4): -110 -108 -92 -111 -101 -111 -97 -113 # -129 -129 -129 -129 -129 -257 -129 -129 
CPU side received count (scaleup: 6): -108 -97 -104 -110 -95 -96 -94 -108 # -129 -129 -129 -129 -129 -129 -129 -129 
CPU side received count (scaleup: 7): -103 -110 -98 -104 -89 -113 -83 -83 # -129 -129 -129 -129 -129 -129 -129 -129 
CPU side received count (scaleup: 0): -102 -99 -111 -101 -102 -102 -84 -90 # -129 -129 -129 -129 -129 -129 -129 -129 
CPU side received count (scaleup: 5): -111 -98 -102 -101 -108 -105 -110 -101 # -129 -129 -129 -129 -257 -129 -129 -129 
CPU side received count (scaleup: 2): -106 -95 -101 -98 -100 -111 -96 -96 # -129 -129 -129 -129 -129 -129 -129 -129 
CPU side received count (scaleup: 1): -96 -92 -93 -115 -120 -99 -97 -103 # -129 -129 -129 -129 -129 -129 -129 -129 
CPU side received count (scaleup: 3): -111 -112 -102 -87 -114 -95 -107 -109 # -129 -129 -129 -129 -129 -129 -129 -257 
Elastic buffer uses 4 channels per SM
Elastic buffer uses 4 channels per SM
Elastic buffer uses 4 channels per SM
Elastic buffer uses 4 channels per SM
Elastic buffer uses 4 channels per SM
Elastic buffer uses 4 channels per SM
Elastic buffer uses 4 channels per SM
Elastic buffer uses 4 channels per SM
CPU side received count (scaleup: 6): -108 -97 -104 -110 -95 -96 -94 -108 # -129 -129 -129 -129 -129 -129 -129 -129 
CPU side received count (scaleup: 4): -110 -108 -92 -111 -101 -111 -97 -113 # -129 -129 -129 -129 -129 -257 -129 -129 
CPU side received count (scaleup: 2): -106 -95 -101 -98 -100 -111 -96 -96 # -129 -129 -129 -129 -129 -129 -129 -129 
CPU side received count (scaleup: 7): -103 -110 -98 -104 -89 -113 -83 -83 # -129 -129 -129 -129 -129 -129 -129 -129 
CPU side received count (scaleup: 1): -96 -92 -93 -115 -120 -99 -97 -103 # -129 -129 -129 -129 -129 -129 -129 -129 
CPU side received count (scaleup: 5): -111 -98 -102 -101 -108 -105 -110 -101 # -129 -129 -129 -129 -257 -129 -129 -129 
CPU side received count (scaleup: 0): -102 -99 -111 -101 -102 -102 -84 -90 # -129 -129 -129 -129 -129 -129 -129 -129 
CPU side received count (scaleup: 3): -111 -112 -102 -87 -114 -95 -107 -109 # -129 -129 -129 -129 -129 -129 -129 -257 
Elastic buffer uses 4 channels per SM
Elastic buffer uses 4 channels per SM
Elastic buffer uses 4 channels per SM
Elastic buffer uses 4 channels per SM
Elastic buffer uses 4 channels per SM
Elastic buffer uses 4 channels per SM
Elastic buffer uses 4 channels per SM
Elastic buffer uses 4 channels per SM
CPU side received count (scaleup: 6): -108 -97 -104 -110 -95 -96 -94 -108 # -129 -129 -129 -129 -129 -129 -129 -129 
CPU side received count (scaleup: 7): -103 -110 -98 -104 -89 -113 -83 -83 # -129 -129 -129 -129 -129 -129 -129 -129 
CPU side received count (scaleup: 4): -110 -108 -92 -111 -101 -111 -97 -113 # -129 -129 -129 -129 -129 -257 -129 -129 
CPU side received count (scaleup: 2): -106 -95 -101 -98 -100 -111 -96 -96 # -129 -129 -129 -129 -129 -129 -129 -129 
CPU side received count (scaleup: 0): -102 -99 -111 -101 -102 -102 -84 -90 # -129 -129 -129 -129 -129 -129 -129 -129 
CPU side received count (scaleup: 1): -96 -92 -93 -115 -120 -99 -97 -103 # -129 -129 -129 -129 -129 -129 -129 -129 
CPU side received count (scaleup: 5): -111 -98 -102 -101 -108 -105 -110 -101 # -129 -129 -129 -129 -257 -129 -129 -129 
CPU side received count (scaleup: 3): -111 -112 -102 -87 -114 -95 -107 -109 # -129 -129 -129 -129 -129 -129 -129 -257 
Elastic buffer uses 4 channels per SM
Elastic buffer uses 4 channels per SM
Elastic buffer uses 4 channels per SM
Elastic buffer uses 4 channels per SM
Elastic buffer uses 4 channels per SM
Elastic buffer uses 4 channels per SM
Elastic buffer uses 4 channels per SM
Elastic buffer uses 4 channels per SM
CPU side received count (scaleup: 2): -106 -95 -101 -98 -100 -111 -96 -96 # -129 -129 -129 -129 -129 -129 -129 -129 
CPU side received count (scaleup: 6): -108 -97 -104 -110 -95 -96 -94 -108 # -129 -129 -129 -129 -129 -129 -129 -129 
CPU side received count (scaleup: 4): -110 -108 -92 -111 -101 -111 -97 -113 # -129 -129 -129 -129 -129 -257 -129 -129 
CPU side received count (scaleup: 7): -103 -110 -98 -104 -89 -113 -83 -83 # -129 -129 -129 -129 -129 -129 -129 -129 
CPU side received count (scaleup: 5): -111 -98 -102 -101 -108 -105 -110 -101 # -129 -129 -129 -129 -257 -129 -129 -129 
CPU side received count (scaleup: 0): -102 -99 -111 -101 -102 -102 -84 -90 # -129 -129 -129 -129 -129 -129 -129 -129 
CPU side received count (scaleup: 1): -96 -92 -93 -115 -120 -99 -97 -103 # -129 -129 -129 -129 -129 -129 -129 -129 
CPU side received count (scaleup: 3): -111 -112 -102 -87 -114 -95 -107 -109 # -129 -129 -129 -129 -129 -129 -129 -257 
Elastic buffer uses 4 channels per SM
Elastic buffer uses 4 channels per SM
Elastic buffer uses 4 channels per SM
Elastic buffer uses 4 channels per SM
Elastic buffer uses 4 channels per SM
Elastic buffer uses 4 channels per SM
Elastic buffer uses 4 channels per SM
Elastic buffer uses 4 channels per SM
CPU side received count (scaleup: 6): -108 -97 -104 -110 -95 -96 -94 -108 # -129 -129 -129 -129 -129 -129 -129 -129 
CPU side received count (scaleup: 4): -110 -108 -92 -111 -101 -111 -97 -113 # -129 -129 -129 -129 -129 -257 -129 -129 
CPU side received count (scaleup: 2): -106 -95 -101 -98 -100 -111 -96 -96 # -129 -129 -129 -129 -129 -129 -129 -129 
CPU side received count (scaleup: 7): -103 -110 -98 -104 -89 -113 -83 -83 # -129 -129 -129 -129 -129 -129 -129 -129 
CPU side received count (scaleup: 1): -96 -92 -93 -115 -120 -99 -97 -103 # -129 -129 -129 -129 -129 -129 -129 -129 
CPU side received count (scaleup: 0): -102 -99 -111 -101 -102 -102 -84 -90 # -129 -129 -129 -129 -129 -129 -129 -129 
CPU side received count (scaleup: 5): -111 -98 -102 -101 -108 -105 -110 -101 # -129 -129 -129 -129 -257 -129 -129 -129 
CPU side received count (scaleup: 3): -111 -112 -102 -87 -114 -95 -107 -109 # -129 -129 -129 -129 -129 -129 -129 -257 
Elastic buffer uses 4 channels per SM
Elastic buffer uses 4 channels per SM
Elastic buffer uses 4 channels per SM
Elastic buffer uses 4 channels per SM
Elastic buffer uses 4 channels per SM
Elastic buffer uses 4 channels per SM
Elastic buffer uses 4 channels per SM
Elastic buffer uses 4 channels per SM
CPU side received count (scaleup: 2): -106 -95 -101 -98 -100 -111 -96 -96 # -129 -129 -129 -129 -129 -129 -129 -129 
CPU side received count (scaleup: 6): -108 -97 -104 -110 -95 -96 -94 -108 # -129 -129 -129 -129 -129 -129 -129 -129 
CPU side received count (scaleup: 7): -103 -110 -98 -104 -89 -113 -83 -83 # -129 -129 -129 -129 -129 -129 -129 -129 
CPU side received count (scaleup: 4): -110 -108 -92 -111 -101 -111 -97 -113 # -129 -129 -129 -129 -129 -257 -129 -129 
CPU side received count (scaleup: 0): -102 -99 -111 -101 -102 -102 -84 -90 # -129 -129 -129 -129 -129 -129 -129 -129 
CPU side received count (scaleup: 3): -111 -112 -102 -87 -114 -95 -107 -109 # -129 -129 -129 -129 -129 -129 -129 -257 
CPU side received count (scaleup: 1): -96 -92 -93 -115 -120 -99 -97 -103 # -129 -129 -129 -129 -129 -129 -129 -129 
CPU side received count (scaleup: 5): -111 -98 -102 -101 -108 -105 -110 -101 # -129 -129 -129 -129 -257 -129 -129 -129 
Elastic buffer uses 4 channels per SM
Elastic buffer uses 4 channels per SM
Elastic buffer uses 4 channels per SM
Elastic buffer uses 4 channels per SM
Elastic buffer uses 4 channels per SM
Elastic buffer uses 4 channels per SM
Elastic buffer uses 4 channels per SM
Elastic buffer uses 4 channels per SM
CPU side received count (scaleup: 4): -110 -108 -92 -111 -101 -111 -97 -113 # -129 -129 -129 -129 -129 -257 -129 -129 
CPU side received count (scaleup: 7): -103 -110 -98 -104 -89 -113 -83 -83 # -129 -129 -129 -129 -129 -129 -129 -129 
CPU side received count (scaleup: 2): -106 -95 -101 -98 -100 -111 -96 -96 # -129 -129 -129 -129 -129 -129 -129 -129 
CPU side received count (scaleup: 6): -108 -97 -104 -110 -95 -96 -94 -108 # -129 -129 -129 -129 -129 -129 -129 -129 
CPU side received count (scaleup: 0): -102 -99 -111 -101 -102 -102 -84 -90 # -129 -129 -129 -129 -129 -129 -129 -129 
CPU side received count (scaleup: 5): -111 -98 -102 -101 -108 -105 -110 -101 # -129 -129 -129 -129 -257 -129 -129 -129 
CPU side received count (scaleup: 1): -96 -92 -93 -115 -120 -99 -97 -103 # -129 -129 -129 -129 -129 -129 -129 -129 
CPU side received count (scaleup: 3): -111 -112 -102 -87 -114 -95 -107 -109 # -129 -129 -129 -129 -129 -129 -129 -257 
Elastic buffer uses 4 channels per SM
Elastic buffer uses 4 channels per SM
Elastic buffer uses 4 channels per SM
Elastic buffer uses 4 channels per SM
Elastic buffer uses 4 channels per SM
Elastic buffer uses 4 channels per SM
Elastic buffer uses 4 channels per SM
Elastic buffer uses 4 channels per SM
CPU side received count (scaleup: 6): -108 -97 -104 -110 -95 -96 -94 -108 # -129 -129 -129 -129 -129 -129 -129 -129 
CPU side received count (scaleup: 4): -110 -108 -92 -111 -101 -111 -97 -113 # -129 -129 -129 -129 -129 -257 -129 -129 
CPU side received count (scaleup: 7): -103 -110 -98 -104 -89 -113 -83 -83 # -129 -129 -129 -129 -129 -129 -129 -129 
CPU side received count (scaleup: 2): -106 -95 -101 -98 -100 -111 -96 -96 # -129 -129 -129 -129 -129 -129 -129 -129 
CPU side received count (scaleup: 0): -102 -99 -111 -101 -102 -102 -84 -90 # -129 -129 -129 -129 -129 -129 -129 -129 
CPU side received count (scaleup: 1): -96 -92 -93 -115 -120 -99 -97 -103 # -129 -129 -129 -129 -129 -129 -129 -129 
CPU side received count (scaleup: 5): -111 -98 -102 -101 -108 -105 -110 -101 # -129 -129 -129 -129 -257 -129 -129 -129 
CPU side received count (scaleup: 3): -111 -112 -102 -87 -114 -95 -107 -109 # -129 -129 -129 -129 -129 -129 -129 -257 
Elastic buffer uses 4 channels per SM
Elastic buffer uses 4 channels per SM
Elastic buffer uses 4 channels per SM
Elastic buffer uses 4 channels per SM
Elastic buffer uses 4 channels per SM
Elastic buffer uses 4 channels per SM
Elastic buffer uses 4 channels per SM
Elastic buffer uses 4 channels per SM
CPU side received count (scaleup: 6): -108 -97 -104 -110 -95 -96 -94 -108 # -129 -129 -129 -129 -129 -129 -129 -129 
CPU side received count (scaleup: 4): -110 -108 -92 -111 -101 -111 -97 -113 # -129 -129 -129 -129 -129 -257 -129 -129 
CPU side received count (scaleup: 7): -103 -110 -98 -104 -89 -113 -83 -83 # -129 -129 -129 -129 -129 -129 -129 -129 
CPU side received count (scaleup: 2): -106 -95 -101 -98 -100 -111 -96 -96 # -129 -129 -129 -129 -129 -129 -129 -129 
CPU side received count (scaleup: 0): -102 -99 -111 -101 -102 -102 -84 -90 # -129 -129 -129 -129 -129 -129 -129 -129 
CPU side received count (scaleup: 1): -96 -92 -93 -115 -120 -99 -97 -103 # -129 -129 -129 -129 -129 -129 -129 -129 
CPU side received count (scaleup: 3): -111 -112 -102 -87 -114 -95 -107 -109 # -129 -129 -129 -129 -129 -129 -129 -257 
CPU side received count (scaleup: 5): -111 -98 -102 -101 -108 -105 -110 -101 # -129 -129 -129 -129 -257 -129 -129 -129 
Elastic buffer uses 4 channels per SM
Elastic buffer uses 4 channels per SM
Elastic buffer uses 4 channels per SM
Elastic buffer uses 4 channels per SM
Elastic buffer uses 4 channels per SM
Elastic buffer uses 4 channels per SM
Elastic buffer uses 4 channels per SM
Elastic buffer uses 4 channels per SM
CPU side received count (scaleup: 2): -106 -95 -101 -98 -100 -111 -96 -96 # -129 -129 -129 -129 -129 -129 -129 -129 
CPU side received count (scaleup: 6): -108 -97 -104 -110 -95 -96 -94 -108 # -129 -129 -129 -129 -129 -129 -129 -129 
CPU side received count (scaleup: 7): -103 -110 -98 -104 -89 -113 -83 -83 # -129 -129 -129 -129 -129 -129 -129 -129 
CPU side received count (scaleup: 4): -110 -108 -92 -111 -101 -111 -97 -113 # -129 -129 -129 -129 -129 -257 -129 -129 
CPU side received count (scaleup: 0): -102 -99 -111 -101 -102 -102 -84 -90 # -129 -129 -129 -129 -129 -129 -129 -129 
CPU side received count (scaleup: 1): -96 -92 -93 -115 -120 -99 -97 -103 # -129 -129 -129 -129 -129 -129 -129 -129 
CPU side received count (scaleup: 3): -111 -112 -102 -87 -114 -95 -107 -109 # -129 -129 -129 -129 -129 -129 -129 -257 
CPU side received count (scaleup: 5): -111 -98 -102 -101 -108 -105 -110 -101 # -129 -129 -129 -129 -257 -129 -129 -129 
Elastic buffer uses 4 channels per SM
Elastic buffer uses 4 channels per SM
Elastic buffer uses 4 channels per SM
Elastic buffer uses 4 channels per SM
Elastic buffer uses 4 channels per SM
Elastic buffer uses 4 channels per SM
Elastic buffer uses 4 channels per SM
Elastic buffer uses 4 channels per SM
CPU side received count (scaleup: 4): -110 -108 -92 -111 -101 -111 -97 -113 # -129 -129 -129 -129 -129 -257 -129 -129 
CPU side received count (scaleup: 7): -103 -110 -98 -104 -89 -113 -83 -83 # -129 -129 -129 -129 -129 -129 -129 -129 
CPU side received count (scaleup: 2): -106 -95 -101 -98 -100 -111 -96 -96 # -129 -129 -129 -129 -129 -129 -129 -129 
CPU side received count (scaleup: 6): -108 -97 -104 -110 -95 -96 -94 -108 # -129 -129 -129 -129 -129 -129 -129 -129 
CPU side received count (scaleup: 0): -102 -99 -111 -101 -102 -102 -84 -90 # -129 -129 -129 -129 -129 -129 -129 -129 
CPU side received count (scaleup: 1): -96 -92 -93 -115 -120 -99 -97 -103 # -129 -129 -129 -129 -129 -129 -129 -129 
CPU side received count (scaleup: 5): -111 -98 -102 -101 -108 -105 -110 -101 # -129 -129 -129 -129 -257 -129 -129 -129 
CPU side received count (scaleup: 3): -111 -112 -102 -87 -114 -95 -107 -109 # -129 -129 -129 -129 -129 -129 -129 -257 
Elastic buffer uses 4 channels per SM
Elastic buffer uses 4 channels per SM
Elastic buffer uses 4 channels per SM
Elastic buffer uses 4 channels per SM
Elastic buffer uses 4 channels per SM
Elastic buffer uses 4 channels per SM
Elastic buffer uses 4 channels per SM
Elastic buffer uses 4 channels per SM
CPU side received count (scaleup: 2): -106 -95 -101 -98 -100 -111 -96 -96 # -129 -129 -129 -129 -129 -129 -129 -129 
CPU side received count (scaleup: 7): -103 -110 -98 -104 -89 -113 -83 -83 # -129 -129 -129 -129 -129 -129 -129 -129 
CPU side received count (scaleup: 4): -110 -108 -92 -111 -101 -111 -97 -113 # -129 -129 -129 -129 -129 -257 -129 -129 
CPU side received count (scaleup: 6): -108 -97 -104 -110 -95 -96 -94 -108 # -129 -129 -129 -129 -129 -129 -129 -129 
CPU side received count (scaleup: 0): -102 -99 -111 -101 -102 -102 -84 -90 # -129 -129 -129 -129 -129 -129 -129 -129 
CPU side received count (scaleup: 1): -96 -92 -93 -115 -120 -99 -97 -103 # -129 -129 -129 -129 -129 -129 -129 -129 
CPU side received count (scaleup: 5): -111 -98 -102 -101 -108 -105 -110 -101 # -129 -129 -129 -129 -257 -129 -129 -129 
CPU side received count (scaleup: 3): -111 -112 -102 -87 -114 -95 -107 -109 # -129 -129 -129 -129 -129 -129 -129 -257 
Elastic buffer uses 4 channels per SM
Elastic buffer uses 4 channels per SM
Elastic buffer uses 4 channels per SM
Elastic buffer uses 4 channels per SM
Elastic buffer uses 4 channels per SM
Elastic buffer uses 4 channels per SM
Elastic buffer uses 4 channels per SM
Elastic buffer uses 4 channels per SM
CPU side received count (scaleup: 6): -108 -97 -104 -110 -95 -96 -94 -108 # -129 -129 -129 -129 -129 -129 -129 -129 
CPU side received count (scaleup: 4): -110 -108 -92 -111 -101 -111 -97 -113 # -129 -129 -129 -129 -129 -257 -129 -129 
CPU side received count (scaleup: 7): -103 -110 -98 -104 -89 -113 -83 -83 # -129 -129 -129 -129 -129 -129 -129 -129 
CPU side received count (scaleup: 2): -106 -95 -101 -98 -100 -111 -96 -96 # -129 -129 -129 -129 -129 -129 -129 -129 
CPU side received count (scaleup: 0): -102 -99 -111 -101 -102 -102 -84 -90 # -129 -129 -129 -129 -129 -129 -129 -129 
CPU side received count (scaleup: 3): -111 -112 -102 -87 -114 -95 -107 -109 # -129 -129 -129 -129 -129 -129 -129 -257 
CPU side received count (scaleup: 1): -96 -92 -93 -115 -120 -99 -97 -103 # -129 -129 -129 -129 -129 -129 -129 -129 
CPU side received count (scaleup: 5): -111 -98 -102 -101 -108 -105 -110 -101 # -129 -129 -129 -129 -257 -129 -129 -129 
Elastic buffer uses 4 channels per SM
Elastic buffer uses 4 channels per SM
Elastic buffer uses 4 channels per SM
Elastic buffer uses 4 channels per SM
Elastic buffer uses 4 channels per SM
Elastic buffer uses 4 channels per SM
Elastic buffer uses 4 channels per SM
Elastic buffer uses 4 channels per SM
CPU side received count (scaleup: 6): -108 -97 -104 -110 -95 -96 -94 -108 # -129 -129 -129 -129 -129 -129 -129 -129 
CPU side received count (scaleup: 4): -110 -108 -92 -111 -101 -111 -97 -113 # -129 -129 -129 -129 -129 -257 -129 -129 
CPU side received count (scaleup: 2): -106 -95 -101 -98 -100 -111 -96 -96 # -129 -129 -129 -129 -129 -129 -129 -129 
CPU side received count (scaleup: 7): -103 -110 -98 -104 -89 -113 -83 -83 # -129 -129 -129 -129 -129 -129 -129 -129 
CPU side received count (scaleup: 5): -111 -98 -102 -101 -108 -105 -110 -101 # -129 -129 -129 -129 -257 -129 -129 -129 
CPU side received count (scaleup: 1): -96 -92 -93 -115 -120 -99 -97 -103 # -129 -129 -129 -129 -129 -129 -129 -129 
CPU side received count (scaleup: 0): -102 -99 -111 -101 -102 -102 -84 -90 # -129 -129 -129 -129 -129 -129 -129 -129 
CPU side received count (scaleup: 3): -111 -112 -102 -87 -114 -95 -107 -109 # -129 -129 -129 -129 -129 -129 -129 -257 
Elastic buffer uses 4 channels per SM
Elastic buffer uses 4 channels per SM
Elastic buffer uses 4 channels per SM
Elastic buffer uses 4 channels per SM
Elastic buffer uses 4 channels per SM
Elastic buffer uses 4 channels per SM
Elastic buffer uses 4 channels per SM
Elastic buffer uses 4 channels per SM
CPU side received count (scaleup: 6): -108 -97 -104 -110 -95 -96 -94 -108 # -129 -129 -129 -129 -129 -129 -129 -129 
CPU side received count (scaleup: 4): -110 -108 -92 -111 -101 -111 -97 -113 # -129 -129 -129 -129 -129 -257 -129 -129 
CPU side received count (scaleup: 7): -103 -110 -98 -104 -89 -113 -83 -83 # -129 -129 -129 -129 -129 -129 -129 -129 
CPU side received count (scaleup: 2): -106 -95 -101 -98 -100 -111 -96 -96 # -129 -129 -129 -129 -129 -129 -129 -129 
CPU side received count (scaleup: 1): -96 -92 -93 -115 -120 -99 -97 -103 # -129 -129 -129 -129 -129 -129 -129 -129 
CPU side received count (scaleup: 3): -111 -112 -102 -87 -114 -95 -107 -109 # -129 -129 -129 -129 -129 -129 -129 -257 
CPU side received count (scaleup: 5): -111 -98 -102 -101 -108 -105 -110 -101 # -129 -129 -129 -129 -257 -129 -129 -129 
CPU side received count (scaleup: 0): -102 -99 -111 -101 -102 -102 -84 -90 # -129 -129 -129 -129 -129 -129 -129 -129 
Elastic buffer uses 4 channels per SM
Elastic buffer uses 4 channels per SM
Elastic buffer uses 4 channels per SM
Elastic buffer uses 4 channels per SM
Elastic buffer uses 4 channels per SM
Elastic buffer uses 4 channels per SM
Elastic buffer uses 4 channels per SM
Elastic buffer uses 4 channels per SM
CPU side received count (scaleup: 2): -106 -95 -101 -98 -100 -111 -96 -96 # -129 -129 -129 -129 -129 -129 -129 -129 
CPU side received count (scaleup: 6): -108 -97 -104 -110 -95 -96 -94 -108 # -129 -129 -129 -129 -129 -129 -129 -129 
CPU side received count (scaleup: 4): -110 -108 -92 -111 -101 -111 -97 -113 # -129 -129 -129 -129 -129 -257 -129 -129 
CPU side received count (scaleup: 7): -103 -110 -98 -104 -89 -113 -83 -83 # -129 -129 -129 -129 -129 -129 -129 -129 
CPU side received count (scaleup: 1): -96 -92 -93 -115 -120 -99 -97 -103 # -129 -129 -129 -129 -129 -129 -129 -129 
CPU side received count (scaleup: 0): -102 -99 -111 -101 -102 -102 -84 -90 # -129 -129 -129 -129 -129 -129 -129 -129 
CPU side received count (scaleup: 3): -111 -112 -102 -87 -114 -95 -107 -109 # -129 -129 -129 -129 -129 -129 -129 -257 
CPU side received count (scaleup: 5): -111 -98 -102 -101 -108 -105 -110 -101 # -129 -129 -129 -129 -257 -129 -129 -129 
Elastic buffer uses 4 channels per SM
Elastic buffer uses 4 channels per SM
Elastic buffer uses 4 channels per SM
Elastic buffer uses 4 channels per SM
Elastic buffer uses 4 channels per SM
Elastic buffer uses 4 channels per SM
Elastic buffer uses 4 channels per SM
Elastic buffer uses 4 channels per SM
CPU side received count (scaleup: 6): -108 -97 -104 -110 -95 -96 -94 -108 # -129 -129 -129 -129 -129 -129 -129 -129 
CPU side received count (scaleup: 7): -103 -110 -98 -104 -89 -113 -83 -83 # -129 -129 -129 -129 -129 -129 -129 -129 
CPU side received count (scaleup: 2): -106 -95 -101 -98 -100 -111 -96 -96 # -129 -129 -129 -129 -129 -129 -129 -129 
CPU side received count (scaleup: 4): -110 -108 -92 -111 -101 -111 -97 -113 # -129 -129 -129 -129 -129 -257 -129 -129 
CPU side received count (scaleup: 5): -111 -98 -102 -101 -108 -105 -110 -101 # -129 -129 -129 -129 -257 -129 -129 -129 
CPU side received count (scaleup: 1): -96 -92 -93 -115 -120 -99 -97 -103 # -129 -129 -129 -129 -129 -129 -129 -129 
CPU side received count (scaleup: 0): -102 -99 -111 -101 -102 -102 -84 -90 # -129 -129 -129 -129 -129 -129 -129 -129 
CPU side received count (scaleup: 3): -111 -112 -102 -87 -114 -95 -107 -109 # -129 -129 -129 -129 -129 -129 -129 -257 
Elastic buffer uses 4 channels per SM
Elastic buffer uses 4 channels per SM
Elastic buffer uses 4 channels per SM
Elastic buffer uses 4 channels per SM
Elastic buffer uses 4 channels per SM
Elastic buffer uses 4 channels per SM
Elastic buffer uses 4 channels per SM
Elastic buffer uses 4 channels per SM
CPU side received count (scaleup: 7): -103 -110 -98 -104 -89 -113 -83 -83 # -129 -129 -129 -129 -129 -129 -129 -129 
CPU side received count (scaleup: 4): -110 -108 -92 -111 -101 -111 -97 -113 # -129 -129 -129 -129 -129 -257 -129 -129 
CPU side received count (scaleup: 2): -106 -95 -101 -98 -100 -111 -96 -96 # -129 -129 -129 -129 -129 -129 -129 -129 
CPU side received count (scaleup: 6): -108 -97 -104 -110 -95 -96 -94 -108 # -129 -129 -129 -129 -129 -129 -129 -129 
CPU side received count (scaleup: 1): -96 -92 -93 -115 -120 -99 -97 -103 # -129 -129 -129 -129 -129 -129 -129 -129 
CPU side received count (scaleup: 5): -111 -98 -102 -101 -108 -105 -110 -101 # -129 -129 -129 -129 -257 -129 -129 -129 
CPU side received count (scaleup: 0): -102 -99 -111 -101 -102 -102 -84 -90 # -129 -129 -129 -129 -129 -129 -129 -129 
CPU side received count (scaleup: 3): -111 -112 -102 -87 -114 -95 -107 -109 # -129 -129 -129 -129 -129 -129 -129 -257 
Elastic buffer uses 4 channels per SM
Elastic buffer uses 4 channels per SM
Elastic buffer uses 4 channels per SM
Elastic buffer uses 4 channels per SM
Elastic buffer uses 4 channels per SM
Elastic buffer uses 4 channels per SM
Elastic buffer uses 4 channels per SM
Elastic buffer uses 4 channels per SM
CPU side received count (scaleup: 6): -108 -97 -104 -110 -95 -96 -94 -108 # -129 -129 -129 -129 -129 -129 -129 -129 
CPU side received count (scaleup: 4): -110 -108 -92 -111 -101 -111 -97 -113 # -129 -129 -129 -129 -129 -257 -129 -129 
CPU side received count (scaleup: 2): -106 -95 -101 -98 -100 -111 -96 -96 # -129 -129 -129 -129 -129 -129 -129 -129 
CPU side received count (scaleup: 7): -103 -110 -98 -104 -89 -113 -83 -83 # -129 -129 -129 -129 -129 -129 -129 -129 
CPU side received count (scaleup: 5): -111 -98 -102 -101 -108 -105 -110 -101 # -129 -129 -129 -129 -257 -129 -129 -129 
CPU side received count (scaleup: 1): -96 -92 -93 -115 -120 -99 -97 -103 # -129 -129 -129 -129 -129 -129 -129 -129 
CPU side received count (scaleup: 0): -102 -99 -111 -101 -102 -102 -84 -90 # -129 -129 -129 -129 -129 -129 -129 -129 
CPU side received count (scaleup: 3): -111 -112 -102 -87 -114 -95 -107 -109 # -129 -129 -129 -129 -129 -129 -129 -257 
Elastic buffer uses 4 channels per SM
Elastic buffer uses 4 channels per SM
Elastic buffer uses 4 channels per SM
Elastic buffer uses 4 channels per SM
Elastic buffer uses 4 channels per SM
Elastic buffer uses 4 channels per SM
Elastic buffer uses 4 channels per SM
Elastic buffer uses 4 channels per SM
CPU side received count (scaleup: 6): -108 -97 -104 -110 -95 -96 -94 -108 # -129 -129 -129 -129 -129 -129 -129 -129 
CPU side received count (scaleup: 4): -110 -108 -92 -111 -101 -111 -97 -113 # -129 -129 -129 -129 -129 -257 -129 -129 
CPU side received count (scaleup: 7): -103 -110 -98 -104 -89 -113 -83 -83 # -129 -129 -129 -129 -129 -129 -129 -129 
CPU side received count (scaleup: 2): -106 -95 -101 -98 -100 -111 -96 -96 # -129 -129 -129 -129 -129 -129 -129 -129 
CPU side received count (scaleup: 0): -102 -99 -111 -101 -102 -102 -84 -90 # -129 -129 -129 -129 -129 -129 -129 -129 
CPU side received count (scaleup: 5): -111 -98 -102 -101 -108 -105 -110 -101 # -129 -129 -129 -129 -257 -129 -129 -129 
CPU side received count (scaleup: 1): -96 -92 -93 -115 -120 -99 -97 -103 # -129 -129 -129 -129 -129 -129 -129 -129 
CPU side received count (scaleup: 3): -111 -112 -102 -87 -114 -95 -107 -109 # -129 -129 -129 -129 -129 -129 -129 -257 
Elastic buffer uses 4 channels per SM
Elastic buffer uses 4 channels per SM
Elastic buffer uses 4 channels per SM
Elastic buffer uses 4 channels per SM
Elastic buffer uses 4 channels per SM
Elastic buffer uses 4 channels per SM
Elastic buffer uses 4 channels per SM
Elastic buffer uses 4 channels per SM
CPU side received count (scaleup: 6): -108 -97 -104 -110 -95 -96 -94 -108 # -129 -129 -129 -129 -129 -129 -129 -129 
CPU side received count (scaleup: 4): -110 -108 -92 -111 -101 -111 -97 -113 # -129 -129 -129 -129 -129 -257 -129 -129 
CPU side received count (scaleup: 7): -103 -110 -98 -104 -89 -113 -83 -83 # -129 -129 -129 -129 -129 -129 -129 -129 
CPU side received count (scaleup: 2): -106 -95 -101 -98 -100 -111 -96 -96 # -129 -129 -129 -129 -129 -129 -129 -129 
CPU side received count (scaleup: 5): -111 -98 -102 -101 -108 -105 -110 -101 # -129 -129 -129 -129 -257 -129 -129 -129 
CPU side received count (scaleup: 3): -111 -112 -102 -87 -114 -95 -107 -109 # -129 -129 -129 -129 -129 -129 -129 -257 
CPU side received count (scaleup: 0): -102 -99 -111 -101 -102 -102 -84 -90 # -129 -129 -129 -129 -129 -129 -129 -129 
CPU side received count (scaleup: 1): -96 -92 -93 -115 -120 -99 -97 -103 # -129 -129 -129 -129 -129 -129 -129 -129 
Elastic buffer uses 4 channels per SM
Elastic buffer uses 4 channels per SM
Elastic buffer uses 4 channels per SM
Elastic buffer uses 4 channels per SM
Elastic buffer uses 4 channels per SM
Elastic buffer uses 4 channels per SM
Elastic buffer uses 4 channels per SM
Elastic buffer uses 4 channels per SM
CPU side received count (scaleup: 6): -108 -97 -104 -110 -95 -96 -94 -108 # -129 -129 -129 -129 -129 -129 -129 -129 
CPU side received count (scaleup: 4): -110 -108 -92 -111 -101 -111 -97 -113 # -129 -129 -129 -129 -129 -257 -129 -129 
CPU side received count (scaleup: 7): -103 -110 -98 -104 -89 -113 -83 -83 # -129 -129 -129 -129 -129 -129 -129 -129 
CPU side received count (scaleup: 2): -106 -95 -101 -98 -100 -111 -96 -96 # -129 -129 -129 -129 -129 -129 -129 -129 
CPU side received count (scaleup: 5): -111 -98 -102 -101 -108 -105 -110 -101 # -129 -129 -129 -129 -257 -129 -129 -129 
CPU side received count (scaleup: 3): -111 -112 -102 -87 -114 -95 -107 -109 # -129 -129 -129 -129 -129 -129 -129 -257 
CPU side received count (scaleup: 1): -96 -92 -93 -115 -120 -99 -97 -103 # -129 -129 -129 -129 -129 -129 -129 -129 
CPU side received count (scaleup: 0): -102 -99 -111 -101 -102 -102 -84 -90 # -129 -129 -129 -129 -129 -129 -129 -129 
Elastic buffer uses 4 channels per SM
Elastic buffer uses 4 channels per SM
Elastic buffer uses 4 channels per SM
Elastic buffer uses 4 channels per SM
Elastic buffer uses 4 channels per SM
Elastic buffer uses 4 channels per SM
Elastic buffer uses 4 channels per SM
Elastic buffer uses 4 channels per SM
CPU side received count (scaleup: 2): -106 -95 -101 -98 -100 -111 -96 -96 # -129 -129 -129 -129 -129 -129 -129 -129 
CPU side received count (scaleup: 6): -108 -97 -104 -110 -95 -96 -94 -108 # -129 -129 -129 -129 -129 -129 -129 -129 
CPU side received count (scaleup: 7): -103 -110 -98 -104 -89 -113 -83 -83 # -129 -129 -129 -129 -129 -129 -129 -129 
CPU side received count (scaleup: 4): -110 -108 -92 -111 -101 -111 -97 -113 # -129 -129 -129 -129 -129 -257 -129 -129 
CPU side received count (scaleup: 1): -96 -92 -93 -115 -120 -99 -97 -103 # -129 -129 -129 -129 -129 -129 -129 -129 
CPU side received count (scaleup: 0): -102 -99 -111 -101 -102 -102 -84 -90 # -129 -129 -129 -129 -129 -129 -129 -129 
CPU side received count (scaleup: 3): -111 -112 -102 -87 -114 -95 -107 -109 # -129 -129 -129 -129 -129 -129 -129 -257 
CPU side received count (scaleup: 5): -111 -98 -102 -101 -108 -105 -110 -101 # -129 -129 -129 -129 -257 -129 -129 -129 
Elastic buffer uses 4 channels per SM
Elastic buffer uses 4 channels per SM
Elastic buffer uses 4 channels per SM
Elastic buffer uses 4 channels per SM
Elastic buffer uses 4 channels per SM
Elastic buffer uses 4 channels per SM
Elastic buffer uses 4 channels per SM
Elastic buffer uses 4 channels per SM
CPU side received count (scaleup: 4): -110 -108 -92 -111 -101 -111 -97 -113 # -129 -129 -129 -129 -129 -257 -129 -129 
CPU side received count (scaleup: 7): -103 -110 -98 -104 -89 -113 -83 -83 # -129 -129 -129 -129 -129 -129 -129 -129 
CPU side received count (scaleup: 6): -108 -97 -104 -110 -95 -96 -94 -108 # -129 -129 -129 -129 -129 -129 -129 -129 
CPU side received count (scaleup: 2): -106 -95 -101 -98 -100 -111 -96 -96 # -129 -129 -129 -129 -129 -129 -129 -129 
CPU side received count (scaleup: 0): -102 -99 -111 -101 -102 -102 -84 -90 # -129 -129 -129 -129 -129 -129 -129 -129 
CPU side received count (scaleup: 1): -96 -92 -93 -115 -120 -99 -97 -103 # -129 -129 -129 -129 -129 -129 -129 -129 
CPU side received count (scaleup: 5): -111 -98 -102 -101 -108 -105 -110 -101 # -129 -129 -129 -129 -257 -129 -129 -129 
CPU side received count (scaleup: 3): -111 -112 -102 -87 -114 -95 -107 -109 # -129 -129 -129 -129 -129 -129 -129 -257 
Elastic buffer uses 4 channels per SM
Elastic buffer uses 4 channels per SM
Elastic buffer uses 4 channels per SM
Elastic buffer uses 4 channels per SM
Elastic buffer uses 4 channels per SM
Elastic buffer uses 4 channels per SM
Elastic buffer uses 4 channels per SM
Elastic buffer uses 4 channels per SM
CPU side received count (scaleup: 2): -106 -95 -101 -98 -100 -111 -96 -96 # -129 -129 -129 -129 -129 -129 -129 -129 
CPU side received count (scaleup: 6): -108 -97 -104 -110 -95 -96 -94 -108 # -129 -129 -129 -129 -129 -129 -129 -129 
CPU side received count (scaleup: 4): -110 -108 -92 -111 -101 -111 -97 -113 # -129 -129 -129 -129 -129 -257 -129 -129 
CPU side received count (scaleup: 7): -103 -110 -98 -104 -89 -113 -83 -83 # -129 -129 -129 -129 -129 -129 -129 -129 
CPU side received count (scaleup: 1): -96 -92 -93 -115 -120 -99 -97 -103 # -129 -129 -129 -129 -129 -129 -129 -129 
CPU side received count (scaleup: 3): -111 -112 -102 -87 -114 -95 -107 -109 # -129 -129 -129 -129 -129 -129 -129 -257 
CPU side received count (scaleup: 0): -102 -99 -111 -101 -102 -102 -84 -90 # -129 -129 -129 -129 -129 -129 -129 -129 
CPU side received count (scaleup: 5): -111 -98 -102 -101 -108 -105 -110 -101 # -129 -129 -129 -129 -257 -129 -129 -129 
Elastic buffer uses 4 channels per SM
Elastic buffer uses 4 channels per SM
Elastic buffer uses 4 channels per SM
Elastic buffer uses 4 channels per SM
Elastic buffer uses 4 channels per SM
Elastic buffer uses 4 channels per SM
Elastic buffer uses 4 channels per SM
Elastic buffer uses 4 channels per SM
CPU side received count (scaleup: 6): -108 -97 -104 -110 -95 -96 -94 -108 # -129 -129 -129 -129 -129 -129 -129 -129 
CPU side received count (scaleup: 4): -110 -108 -92 -111 -101 -111 -97 -113 # -129 -129 -129 -129 -129 -257 -129 -129 
CPU side received count (scaleup: 7): -103 -110 -98 -104 -89 -113 -83 -83 # -129 -129 -129 -129 -129 -129 -129 -129 
CPU side received count (scaleup: 2): -106 -95 -101 -98 -100 -111 -96 -96 # -129 -129 -129 -129 -129 -129 -129 -129 
CPU side received count (scaleup: 0): -102 -99 -111 -101 -102 -102 -84 -90 # -129 -129 -129 -129 -129 -129 -129 -129 
CPU side received count (scaleup: 1): -96 -92 -93 -115 -120 -99 -97 -103 # -129 -129 -129 -129 -129 -129 -129 -129 
CPU side received count (scaleup: 5): -111 -98 -102 -101 -108 -105 -110 -101 # -129 -129 -129 -129 -257 -129 -129 -129 
CPU side received count (scaleup: 3): -111 -112 -102 -87 -114 -95 -107 -109 # -129 -129 -129 -129 -129 -129 -129 -257 
Elastic buffer uses 4 channels per SM
Elastic buffer uses 4 channels per SM
Elastic buffer uses 4 channels per SM
Elastic buffer uses 4 channels per SM
Elastic buffer uses 4 channels per SM
Elastic buffer uses 4 channels per SM
Elastic buffer uses 4 channels per SM
USDT:2026-08-25 02:40:59 436:436 SyncActivityProfilerHandler.cpp:52] profiler_startUSDT:2026-08-25 02:40:59 432:432 SyncActivityProfilerHandler.cpp:52] profiler_startUSDT:2026-08-25 02:40:59 437:437 SyncActivityProfilerHandler.cpp:52] profiler_startUSDT:2026-08-25 02:40:59 434:434 SyncActivityProfilerHandler.cpp:52] profiler_start



USDT:2026-08-25 02:40:59 433:433 SyncActivityProfilerHandler.cpp:52] profiler_startUSDT:2026-08-25 02:40:59 431:431 SyncActivityProfilerHandler.cpp:52] profiler_startUSDT:2026-08-25 02:40:59 430:430 SyncActivityProfilerHandler.cpp:52] profiler_start


USDT:2026-08-25 02:40:59 435:435 SyncActivityProfilerHandler.cpp:52] profiler_start
Elastic buffer uses 4 channels per SM
CPU side received count (scaleup: 7): -103 -110 -98 -104 -89 -113 -83 -83 # -129 -129 -129 -129 -129 -129 -129 -129 
CPU side received count (scaleup: 6): -108 -97 -104 -110 -95 -96 -94 -108 # -129 -129 -129 -129 -129 -129 -129 -129 
CPU side received count (scaleup: 4): -110 -108 -92 -111 -101 -111 -97 -113 # -129 -129 -129 -129 -129 -257 -129 -129 
CPU side received count (scaleup: 2): -106 -95 -101 -98 -100 -111 -96 -96 # -129 -129 -129 -129 -129 -129 -129 -129 
CPU side received count (scaleup: 1): -96 -92 -93 -115 -120 -99 -97 -103 # -129 -129 -129 -129 -129 -129 -129 -129 
CPU side received count (scaleup: 5): -111 -98 -102 -101 -108 -105 -110 -101 # -129 -129 -129 -129 -257 -129 -129 -129 
CPU side received count (scaleup: 0): -102 -99 -111 -101 -102 -102 -84 -90 # -129 -129 -129 -129 -129 -129 -129 -129 
CPU side received count (scaleup: 3): -111 -112 -102 -87 -114 -95 -107 -109 # -129 -129 -129 -129 -129 -129 -129 -257 
Elastic buffer uses 4 channels per SM
Elastic buffer uses 4 channels per SM
Elastic buffer uses 4 channels per SM
Elastic buffer uses 4 channels per SM
Elastic buffer uses 4 channels per SM
Elastic buffer uses 4 channels per SM
Elastic buffer uses 4 channels per SM
Elastic buffer uses 4 channels per SM
CPU side received count (scaleup: 7): -103 -110 -98 -104 -89 -113 -83 -83 # -129 -129 -129 -129 -129 -129 -129 -129 
CPU side received count (scaleup: 6): -108 -97 -104 -110 -95 -96 -94 -108 # -129 -129 -129 -129 -129 -129 -129 -129 
CPU side received count (scaleup: 4): -110 -108 -92 -111 -101 -111 -97 -113 # -129 -129 -129 -129 -129 -257 -129 -129 
CPU side received count (scaleup: 2): -106 -95 -101 -98 -100 -111 -96 -96 # -129 -129 -129 -129 -129 -129 -129 -129 
CPU side received count (scaleup: 0): -102 -99 -111 -101 -102 -102 -84 -90 # -129 -129 -129 -129 -129 -129 -129 -129 
CPU side received count (scaleup: 1): -96 -92 -93 -115 -120 -99 -97 -103 # -129 -129 -129 -129 -129 -129 -129 -129 
CPU side received count (scaleup: 5): -111 -98 -102 -101 -108 -105 -110 -101 # -129 -129 -129 -129 -257 -129 -129 -129 
CPU side received count (scaleup: 3): -111 -112 -102 -87 -114 -95 -107 -109 # -129 -129 -129 -129 -129 -129 -129 -257 
Elastic buffer uses 4 channels per SM
Elastic buffer uses 4 channels per SM
Elastic buffer uses 4 channels per SM
Elastic buffer uses 4 channels per SM
Elastic buffer uses 4 channels per SM
Elastic buffer uses 4 channels per SM
Elastic buffer uses 4 channels per SM
Elastic buffer uses 4 channels per SM
CPU side received count (scaleup: 2): -106 -95 -101 -98 -100 -111 -96 -96 # -129 -129 -129 -129 -129 -129 -129 -129 
CPU side received count (scaleup: 6): -108 -97 -104 -110 -95 -96 -94 -108 # -129 -129 -129 -129 -129 -129 -129 -129 
CPU side received count (scaleup: 0): -102 -99 -111 -101 -102 -102 -84 -90 # -129 -129 -129 -129 -129 -129 -129 -129 
CPU side received count (scaleup: 1): -96 -92 -93 -115 -120 -99 -97 -103 # -129 -129 -129 -129 -129 -129 -129 -129 
CPU side received count (scaleup: 4): -110 -108 -92 -111 -101 -111 -97 -113 # -129 -129 -129 -129 -129 -257 -129 -129 
CPU side received count (scaleup: 7): -103 -110 -98 -104 -89 -113 -83 -83 # -129 -129 -129 -129 -129 -129 -129 -129 
CPU side received count (scaleup: 5): -111 -98 -102 -101 -108 -105 -110 -101 # -129 -129 -129 -129 -257 -129 -129 -129 
CPU side received count (scaleup: 3): -111 -112 -102 -87 -114 -95 -107 -109 # -129 -129 -129 -129 -129 -129 -129 -257 
Elastic buffer uses 4 channels per SM
Elastic buffer uses 4 channels per SM
Elastic buffer uses 4 channels per SM
Elastic buffer uses 4 channels per SM
Elastic buffer uses 4 channels per SM
Elastic buffer uses 4 channels per SM
Elastic buffer uses 4 channels per SM
Elastic buffer uses 4 channels per SM
CPU side received count (scaleup: 6): -108 -97 -104 -110 -95 -96 -94 -108 # -129 -129 -129 -129 -129 -129 -129 -129 
CPU side received count (scaleup: 4): -110 -108 -92 -111 -101 -111 -97 -113 # -129 -129 -129 -129 -129 -257 -129 -129 
CPU side received count (scaleup: 7): -103 -110 -98 -104 -89 -113 -83 -83 # -129 -129 -129 -129 -129 -129 -129 -129 
CPU side received count (scaleup: 5): -111 -98 -102 -101 -108 -105 -110 -101 # -129 -129 -129 -129 -257 -129 -129 -129 
CPU side received count (scaleup: 1): -96 -92 -93 -115 -120 -99 -97 -103 # -129 -129 -129 -129 -129 -129 -129 -129 
CPU side received count (scaleup: 0): -102 -99 -111 -101 -102 -102 -84 -90 # -129 -129 -129 -129 -129 -129 -129 -129 
CPU side received count (scaleup: 2): -106 -95 -101 -98 -100 -111 -96 -96 # -129 -129 -129 -129 -129 -129 -129 -129 
CPU side received count (scaleup: 3): -111 -112 -102 -87 -114 -95 -107 -109 # -129 -129 -129 -129 -129 -129 -129 -257 
Elastic buffer uses 4 channels per SM
Elastic buffer uses 4 channels per SM
Elastic buffer uses 4 channels per SM
Elastic buffer uses 4 channels per SM
Elastic buffer uses 4 channels per SM
Elastic buffer uses 4 channels per SM
Elastic buffer uses 4 channels per SM
Elastic buffer uses 4 channels per SM
CPU side received count (scaleup: 6): -108 -97 -104 -110 -95 -96 -94 -108 # -129 -129 -129 -129 -129 -129 -129 -129 
CPU side received count (scaleup: 4): -110 -108 -92 -111 -101 -111 -97 -113 # -129 -129 -129 -129 -129 -257 -129 -129 
CPU side received count (scaleup: 7): -103 -110 -98 -104 -89 -113 -83 -83 # -129 -129 -129 -129 -129 -129 -129 -129 
CPU side received count (scaleup: 2): -106 -95 -101 -98 -100 -111 -96 -96 # -129 -129 -129 -129 -129 -129 -129 -129 
CPU side received count (scaleup: 0): -102 -99 -111 -101 -102 -102 -84 -90 # -129 -129 -129 -129 -129 -129 -129 -129 
CPU side received count (scaleup: 5): -111 -98 -102 -101 -108 -105 -110 -101 # -129 -129 -129 -129 -257 -129 -129 -129 
CPU side received count (scaleup: 1): -96 -92 -93 -115 -120 -99 -97 -103 # -129 -129 -129 -129 -129 -129 -129 -129 
CPU side received count (scaleup: 3): -111 -112 -102 -87 -114 -95 -107 -109 # -129 -129 -129 -129 -129 -129 -129 -257 
Elastic buffer uses 4 channels per SM
Elastic buffer uses 4 channels per SM
Elastic buffer uses 4 channels per SM
Elastic buffer uses 4 channels per SM
Elastic buffer uses 4 channels per SM
Elastic buffer uses 4 channels per SM
Elastic buffer uses 4 channels per SM
Elastic buffer uses 4 channels per SM
CPU side received count (scaleup: 6): -108 -97 -104 -110 -95 -96 -94 -108 # -129 -129 -129 -129 -129 -129 -129 -129 
CPU side received count (scaleup: 4): -110 -108 -92 -111 -101 -111 -97 -113 # -129 -129 -129 -129 -129 -257 -129 -129 
CPU side received count (scaleup: 5): -111 -98 -102 -101 -108 -105 -110 -101 # -129 -129 -129 -129 -257 -129 -129 -129 
CPU side received count (scaleup: 0): -102 -99 -111 -101 -102 -102 -84 -90 # -129 -129 -129 -129 -129 -129 -129 -129 
CPU side received count (scaleup: 7): -103 -110 -98 -104 -89 -113 -83 -83 # -129 -129 -129 -129 -129 -129 -129 -129 
CPU side received count (scaleup: 1): -96 -92 -93 -115 -120 -99 -97 -103 # -129 -129 -129 -129 -129 -129 -129 -129 
CPU side received count (scaleup: 2): -106 -95 -101 -98 -100 -111 -96 -96 # -129 -129 -129 -129 -129 -129 -129 -129 
CPU side received count (scaleup: 3): -111 -112 -102 -87 -114 -95 -107 -109 # -129 -129 -129 -129 -129 -129 -129 -257 
Elastic buffer uses 4 channels per SM
Elastic buffer uses 4 channels per SM
Elastic buffer uses 4 channels per SM
Elastic buffer uses 4 channels per SM
Elastic buffer uses 4 channels per SM
Elastic buffer uses 4 channels per SM
Elastic buffer uses 4 channels per SM
Elastic buffer uses 4 channels per SM
CPU side received count (scaleup: 0): -102 -99 -111 -101 -102 -102 -84 -90 # -129 -129 -129 -129 -129 -129 -129 -129 
CPU side received count (scaleup: 2): -106 -95 -101 -98 -100 -111 -96 -96 # -129 -129 -129 -129 -129 -129 -129 -129 
CPU side received count (scaleup: 6): -108 -97 -104 -110 -95 -96 -94 -108 # -129 -129 -129 -129 -129 -129 -129 -129 
CPU side received count (scaleup: 7): -103 -110 -98 -104 -89 -113 -83 -83 # -129 -129 -129 -129 -129 -129 -129 -129 
CPU side received count (scaleup: 1): -96 -92 -93 -115 -120 -99 -97 -103 # -129 -129 -129 -129 -129 -129 -129 -129 
CPU side received count (scaleup: 4): -110 -108 -92 -111 -101 -111 -97 -113 # -129 -129 -129 -129 -129 -257 -129 -129 
CPU side received count (scaleup: 5): -111 -98 -102 -101 -108 -105 -110 -101 # -129 -129 -129 -129 -257 -129 -129 -129 
CPU side received count (scaleup: 3): -111 -112 -102 -87 -114 -95 -107 -109 # -129 -129 -129 -129 -129 -129 -129 -257 
Elastic buffer uses 4 channels per SM
Elastic buffer uses 4 channels per SM
Elastic buffer uses 4 channels per SM
Elastic buffer uses 4 channels per SM
Elastic buffer uses 4 channels per SM
Elastic buffer uses 4 channels per SM
Elastic buffer uses 4 channels per SM
Elastic buffer uses 4 channels per SM
CPU side received count (scaleup: 6): -108 -97 -104 -110 -95 -96 -94 -108 # -129 -129 -129 -129 -129 -129 -129 -129 
CPU side received count (scaleup: 4): -110 -108 -92 -111 -101 -111 -97 -113 # -129 -129 -129 -129 -129 -257 -129 -129 
CPU side received count (scaleup: 7): -103 -110 -98 -104 -89 -113 -83 -83 # -129 -129 -129 -129 -129 -129 -129 -129 
CPU side received count (scaleup: 0): -102 -99 -111 -101 -102 -102 -84 -90 # -129 -129 -129 -129 -129 -129 -129 -129 
CPU side received count (scaleup: 2): -106 -95 -101 -98 -100 -111 -96 -96 # -129 -129 -129 -129 -129 -129 -129 -129 
CPU side received count (scaleup: 1): -96 -92 -93 -115 -120 -99 -97 -103 # -129 -129 -129 -129 -129 -129 -129 -129 
CPU side received count (scaleup: 5): -111 -98 -102 -101 -108 -105 -110 -101 # -129 -129 -129 -129 -257 -129 -129 -129 
CPU side received count (scaleup: 3): -111 -112 -102 -87 -114 -95 -107 -109 # -129 -129 -129 -129 -129 -129 -129 -257 
Elastic buffer uses 4 channels per SM
Elastic buffer uses 4 channels per SM
Elastic buffer uses 4 channels per SM
Elastic buffer uses 4 channels per SM
Elastic buffer uses 4 channels per SM
Elastic buffer uses 4 channels per SM
Elastic buffer uses 4 channels per SM
Elastic buffer uses 4 channels per SM
CPU side received count (scaleup: 6): -108 -97 -104 -110 -95 -96 -94 -108 # -129 -129 -129 -129 -129 -129 -129 -129 
CPU side received count (scaleup: 7): -103 -110 -98 -104 -89 -113 -83 -83 # -129 -129 -129 -129 -129 -129 -129 -129 
CPU side received count (scaleup: 2): -106 -95 -101 -98 -100 -111 -96 -96 # -129 -129 -129 -129 -129 -129 -129 -129 
CPU side received count (scaleup: 4): -110 -108 -92 -111 -101 -111 -97 -113 # -129 -129 -129 -129 -129 -257 -129 -129 
CPU side received count (scaleup: 5): -111 -98 -102 -101 -108 -105 -110 -101 # -129 -129 -129 -129 -257 -129 -129 -129 
CPU side received count (scaleup: 1): -96 -92 -93 -115 -120 -99 -97 -103 # -129 -129 -129 -129 -129 -129 -129 -129 
CPU side received count (scaleup: 0): -102 -99 -111 -101 -102 -102 -84 -90 # -129 -129 -129 -129 -129 -129 -129 -129 
CPU side received count (scaleup: 3): -111 -112 -102 -87 -114 -95 -107 -109 # -129 -129 -129 -129 -129 -129 -129 -257 
Elastic buffer uses 4 channels per SM
Elastic buffer uses 4 channels per SM
Elastic buffer uses 4 channels per SM
Elastic buffer uses 4 channels per SM
Elastic buffer uses 4 channels per SM
Elastic buffer uses 4 channels per SM
Elastic buffer uses 4 channels per SM
Elastic buffer uses 4 channels per SM
CPU side received count (scaleup: 6): -108 -97 -104 -110 -95 -96 -94 -108 # -129 -129 -129 -129 -129 -129 -129 -129 
CPU side received count (scaleup: 4): -110 -108 -92 -111 -101 -111 -97 -113 # -129 -129 -129 -129 -129 -257 -129 -129 
CPU side received count (scaleup: 7): -103 -110 -98 -104 -89 -113 -83 -83 # -129 -129 -129 -129 -129 -129 -129 -129 
CPU side received count (scaleup: 2): -106 -95 -101 -98 -100 -111 -96 -96 # -129 -129 -129 -129 -129 -129 -129 -129 
CPU side received count (scaleup: 5): -111 -98 -102 -101 -108 -105 -110 -101 # -129 -129 -129 -129 -257 -129 -129 -129 
CPU side received count (scaleup: 1): -96 -92 -93 -115 -120 -99 -97 -103 # -129 -129 -129 -129 -129 -129 -129 -129 
CPU side received count (scaleup: 0): -102 -99 -111 -101 -102 -102 -84 -90 # -129 -129 -129 -129 -129 -129 -129 -129 
CPU side received count (scaleup: 3): -111 -112 -102 -87 -114 -95 -107 -109 # -129 -129 -129 -129 -129 -129 -129 -257 
Elastic buffer uses 4 channels per SM
Elastic buffer uses 4 channels per SM
Elastic buffer uses 4 channels per SM
Elastic buffer uses 4 channels per SM
Elastic buffer uses 4 channels per SM
Elastic buffer uses 4 channels per SM
Elastic buffer uses 4 channels per SM
Elastic buffer uses 4 channels per SM
CPU side received count (scaleup: 6): -108 -97 -104 -110 -95 -96 -94 -108 # -129 -129 -129 -129 -129 -129 -129 -129 
CPU side received count (scaleup: 7): -103 -110 -98 -104 -89 -113 -83 -83 # -129 -129 -129 -129 -129 -129 -129 -129 
CPU side received count (scaleup: 4): -110 -108 -92 -111 -101 -111 -97 -113 # -129 -129 -129 -129 -129 -257 -129 -129 
CPU side received count (scaleup: 1): -96 -92 -93 -115 -120 -99 -97 -103 # -129 -129 -129 -129 -129 -129 -129 -129 
CPU side received count (scaleup: 2): -106 -95 -101 -98 -100 -111 -96 -96 # -129 -129 -129 -129 -129 -129 -129 -129 
CPU side received count (scaleup: 0): -102 -99 -111 -101 -102 -102 -84 -90 # -129 -129 -129 -129 -129 -129 -129 -129 
CPU side received count (scaleup: 5): -111 -98 -102 -101 -108 -105 -110 -101 # -129 -129 -129 -129 -257 -129 -129 -129 
CPU side received count (scaleup: 3): -111 -112 -102 -87 -114 -95 -107 -109 # -129 -129 -129 -129 -129 -129 -129 -257 
Elastic buffer uses 4 channels per SM
Elastic buffer uses 4 channels per SM
Elastic buffer uses 4 channels per SM
Elastic buffer uses 4 channels per SM
Elastic buffer uses 4 channels per SM
Elastic buffer uses 4 channels per SM
Elastic buffer uses 4 channels per SM
Elastic buffer uses 4 channels per SM
CPU side received count (scaleup: 2): -106 -95 -101 -98 -100 -111 -96 -96 # -129 -129 -129 -129 -129 -129 -129 -129 
CPU side received count (scaleup: 6): -108 -97 -104 -110 -95 -96 -94 -108 # -129 -129 -129 -129 -129 -129 -129 -129 
CPU side received count (scaleup: 7): -103 -110 -98 -104 -89 -113 -83 -83 # -129 -129 -129 -129 -129 -129 -129 -129 
CPU side received count (scaleup: 5): -111 -98 -102 -101 -108 -105 -110 -101 # -129 -129 -129 -129 -257 -129 -129 -129 
CPU side received count (scaleup: 1): -96 -92 -93 -115 -120 -99 -97 -103 # -129 -129 -129 -129 -129 -129 -129 -129 
CPU side received count (scaleup: 4): -110 -108 -92 -111 -101 -111 -97 -113 # -129 -129 -129 -129 -129 -257 -129 -129 
CPU side received count (scaleup: 0): -102 -99 -111 -101 -102 -102 -84 -90 # -129 -129 -129 -129 -129 -129 -129 -129 
CPU side received count (scaleup: 3): -111 -112 -102 -87 -114 -95 -107 -109 # -129 -129 -129 -129 -129 -129 -129 -257 
Elastic buffer uses 4 channels per SM
Elastic buffer uses 4 channels per SM
Elastic buffer uses 4 channels per SM
Elastic buffer uses 4 channels per SM
Elastic buffer uses 4 channels per SM
Elastic buffer uses 4 channels per SM
Elastic buffer uses 4 channels per SM
Elastic buffer uses 4 channels per SM
CPU side received count (scaleup: 4): -110 -108 -92 -111 -101 -111 -97 -113 # -129 -129 -129 -129 -129 -257 -129 -129 
CPU side received count (scaleup: 7): -103 -110 -98 -104 -89 -113 -83 -83 # -129 -129 -129 -129 -129 -129 -129 -129 
CPU side received count (scaleup: 6): -108 -97 -104 -110 -95 -96 -94 -108 # -129 -129 -129 -129 -129 -129 -129 -129 
CPU side received count (scaleup: 0): -102 -99 -111 -101 -102 -102 -84 -90 # -129 -129 -129 -129 -129 -129 -129 -129 
CPU side received count (scaleup: 5): -111 -98 -102 -101 -108 -105 -110 -101 # -129 -129 -129 -129 -257 -129 -129 -129 
CPU side received count (scaleup: 2): -106 -95 -101 -98 -100 -111 -96 -96 # -129 -129 -129 -129 -129 -129 -129 -129 
CPU side received count (scaleup: 1): -96 -92 -93 -115 -120 -99 -97 -103 # -129 -129 -129 -129 -129 -129 -129 -129 
CPU side received count (scaleup: 3): -111 -112 -102 -87 -114 -95 -107 -109 # -129 -129 -129 -129 -129 -129 -129 -257 
Elastic buffer uses 4 channels per SM
Elastic buffer uses 4 channels per SM
Elastic buffer uses 4 channels per SM
Elastic buffer uses 4 channels per SM
Elastic buffer uses 4 channels per SM
Elastic buffer uses 4 channels per SM
Elastic buffer uses 4 channels per SM
Elastic buffer uses 4 channels per SM
CPU side received count (scaleup: 2): -106 -95 -101 -98 -100 -111 -96 -96 # -129 -129 -129 -129 -129 -129 -129 -129 
CPU side received count (scaleup: 1): -96 -92 -93 -115 -120 -99 -97 -103 # -129 -129 -129 -129 -129 -129 -129 -129 
CPU side received count (scaleup: 5): -111 -98 -102 -101 -108 -105 -110 -101 # -129 -129 -129 -129 -257 -129 -129 -129 
CPU side received count (scaleup: 0): -102 -99 -111 -101 -102 -102 -84 -90 # -129 -129 -129 -129 -129 -129 -129 -129 
CPU side received count (scaleup: 6): -108 -97 -104 -110 -95 -96 -94 -108 # -129 -129 -129 -129 -129 -129 -129 -129 
CPU side received count (scaleup: 4): -110 -108 -92 -111 -101 -111 -97 -113 # -129 -129 -129 -129 -129 -257 -129 -129 
CPU side received count (scaleup: 7): -103 -110 -98 -104 -89 -113 -83 -83 # -129 -129 -129 -129 -129 -129 -129 -129 
CPU side received count (scaleup: 3): -111 -112 -102 -87 -114 -95 -107 -109 # -129 -129 -129 -129 -129 -129 -129 -257 
Elastic buffer uses 4 channels per SM
Elastic buffer uses 4 channels per SM
Elastic buffer uses 4 channels per SM
Elastic buffer uses 4 channels per SM
Elastic buffer uses 4 channels per SM
Elastic buffer uses 4 channels per SM
Elastic buffer uses 4 channels per SM
Elastic buffer uses 4 channels per SM
CPU side received count (scaleup: 1): -96 -92 -93 -115 -120 -99 -97 -103 # -129 -129 -129 -129 -129 -129 -129 -129 
CPU side received count (scaleup: 6): -108 -97 -104 -110 -95 -96 -94 -108 # -129 -129 -129 -129 -129 -129 -129 -129 
CPU side received count (scaleup: 5): -111 -98 -102 -101 -108 -105 -110 -101 # -129 -129 -129 -129 -257 -129 -129 -129 
CPU side received count (scaleup: 2): -106 -95 -101 -98 -100 -111 -96 -96 # -129 -129 -129 -129 -129 -129 -129 -129 
CPU side received count (scaleup: 7): -103 -110 -98 -104 -89 -113 -83 -83 # -129 -129 -129 -129 -129 -129 -129 -129 
CPU side received count (scaleup: 4): -110 -108 -92 -111 -101 -111 -97 -113 # -129 -129 -129 -129 -129 -257 -129 -129 
CPU side received count (scaleup: 0): -102 -99 -111 -101 -102 -102 -84 -90 # -129 -129 -129 -129 -129 -129 -129 -129 
CPU side received count (scaleup: 3): -111 -112 -102 -87 -114 -95 -107 -109 # -129 -129 -129 -129 -129 -129 -129 -257 
Elastic buffer uses 4 channels per SM
Elastic buffer uses 4 channels per SM
Elastic buffer uses 4 channels per SM
Elastic buffer uses 4 channels per SM
Elastic buffer uses 4 channels per SM
Elastic buffer uses 4 channels per SM
Elastic buffer uses 4 channels per SM
Elastic buffer uses 4 channels per SM
CPU side received count (scaleup: 6): -108 -97 -104 -110 -95 -96 -94 -108 # -129 -129 -129 -129 -129 -129 -129 -129 
CPU side received count (scaleup: 7): -103 -110 -98 -104 -89 -113 -83 -83 # -129 -129 -129 -129 -129 -129 -129 -129 
CPU side received count (scaleup: 4): -110 -108 -92 -111 -101 -111 -97 -113 # -129 -129 -129 -129 -129 -257 -129 -129 
CPU side received count (scaleup: 5): -111 -98 -102 -101 -108 -105 -110 -101 # -129 -129 -129 -129 -257 -129 -129 -129 
CPU side received count (scaleup: 0): -102 -99 -111 -101 -102 -102 -84 -90 # -129 -129 -129 -129 -129 -129 -129 -129 
CPU side received count (scaleup: 1): -96 -92 -93 -115 -120 -99 -97 -103 # -129 -129 -129 -129 -129 -129 -129 -129 
CPU side received count (scaleup: 2): -106 -95 -101 -98 -100 -111 -96 -96 # -129 -129 -129 -129 -129 -129 -129 -129 
CPU side received count (scaleup: 3): -111 -112 -102 -87 -114 -95 -107 -109 # -129 -129 -129 -129 -129 -129 -129 -257 
Elastic buffer uses 4 channels per SM
Elastic buffer uses 4 channels per SM
Elastic buffer uses 4 channels per SM
Elastic buffer uses 4 channels per SM
Elastic buffer uses 4 channels per SM
Elastic buffer uses 4 channels per SM
Elastic buffer uses 4 channels per SM
Elastic buffer uses 4 channels per SM
CPU side received count (scaleup: 6): -108 -97 -104 -110 -95 -96 -94 -108 # -129 -129 -129 -129 -129 -129 -129 -129 
CPU side received count (scaleup: 7): -103 -110 -98 -104 -89 -113 -83 -83 # -129 -129 -129 -129 -129 -129 -129 -129 
CPU side received count (scaleup: 4): -110 -108 -92 -111 -101 -111 -97 -113 # -129 -129 -129 -129 -129 -257 -129 -129 
CPU side received count (scaleup: 1): -96 -92 -93 -115 -120 -99 -97 -103 # -129 -129 -129 -129 -129 -129 -129 -129 
CPU side received count (scaleup: 2): -106 -95 -101 -98 -100 -111 -96 -96 # -129 -129 -129 -129 -129 -129 -129 -129 
CPU side received count (scaleup: 0): -102 -99 -111 -101 -102 -102 -84 -90 # -129 -129 -129 -129 -129 -129 -129 -129 
CPU side received count (scaleup: 5): -111 -98 -102 -101 -108 -105 -110 -101 # -129 -129 -129 -129 -257 -129 -129 -129 
CPU side received count (scaleup: 3): -111 -112 -102 -87 -114 -95 -107 -109 # -129 -129 -129 -129 -129 -129 -129 -257 
Elastic buffer uses 4 channels per SM
Elastic buffer uses 4 channels per SM
Elastic buffer uses 4 channels per SM
Elastic buffer uses 4 channels per SM
Elastic buffer uses 4 channels per SM
Elastic buffer uses 4 channels per SM
Elastic buffer uses 4 channels per SM
Elastic buffer uses 4 channels per SM
CPU side received count (scaleup: 7): -103 -110 -98 -104 -89 -113 -83 -83 # -129 -129 -129 -129 -129 -129 -129 -129 
CPU side received count (scaleup: 6): -108 -97 -104 -110 -95 -96 -94 -108 # -129 -129 -129 -129 -129 -129 -129 -129 
CPU side received count (scaleup: 4): -110 -108 -92 -111 -101 -111 -97 -113 # -129 -129 -129 -129 -129 -257 -129 -129 
CPU side received count (scaleup: 0): -102 -99 -111 -101 -102 -102 -84 -90 # -129 -129 -129 -129 -129 -129 -129 -129 
CPU side received count (scaleup: 1): -96 -92 -93 -115 -120 -99 -97 -103 # -129 -129 -129 -129 -129 -129 -129 -129 
CPU side received count (scaleup: 5): -111 -98 -102 -101 -108 -105 -110 -101 # -129 -129 -129 -129 -257 -129 -129 -129 
CPU side received count (scaleup: 2): -106 -95 -101 -98 -100 -111 -96 -96 # -129 -129 -129 -129 -129 -129 -129 -129 
CPU side received count (scaleup: 3): -111 -112 -102 -87 -114 -95 -107 -109 # -129 -129 -129 -129 -129 -129 -129 -257 
Elastic buffer uses 4 channels per SM
Elastic buffer uses 4 channels per SM
Elastic buffer uses 4 channels per SM
Elastic buffer uses 4 channels per SM
Elastic buffer uses 4 channels per SM
Elastic buffer uses 4 channels per SM
Elastic buffer uses 4 channels per SM
Elastic buffer uses 4 channels per SM
CPU side received count (scaleup: 4): -110 -108 -92 -111 -101 -111 -97 -113 # -129 -129 -129 -129 -129 -257 -129 -129 
CPU side received count (scaleup: 7): -103 -110 -98 -104 -89 -113 -83 -83 # -129 -129 -129 -129 -129 -129 -129 -129 
CPU side received count (scaleup: 6): -108 -97 -104 -110 -95 -96 -94 -108 # -129 -129 -129 -129 -129 -129 -129 -129 
CPU side received count (scaleup: 2): -106 -95 -101 -98 -100 -111 -96 -96 # -129 -129 -129 -129 -129 -129 -129 -129 
CPU side received count (scaleup: 5): -111 -98 -102 -101 -108 -105 -110 -101 # -129 -129 -129 -129 -257 -129 -129 -129 
CPU side received count (scaleup: 1): -96 -92 -93 -115 -120 -99 -97 -103 # -129 -129 -129 -129 -129 -129 -129 -129 
CPU side received count (scaleup: 3): -111 -112 -102 -87 -114 -95 -107 -109 # -129 -129 -129 -129 -129 -129 -129 -257 
CPU side received count (scaleup: 0): -102 -99 -111 -101 -102 -102 -84 -90 # -129 -129 -129 -129 -129 -129 -129 -129 
Elastic buffer uses 4 channels per SM
Elastic buffer uses 4 channels per SM
Elastic buffer uses 4 channels per SM
Elastic buffer uses 4 channels per SM
Elastic buffer uses 4 channels per SM
Elastic buffer uses 4 channels per SM
Elastic buffer uses 4 channels per SM
Elastic buffer uses 4 channels per SM
CPU side received count (scaleup: 2): -106 -95 -101 -98 -100 -111 -96 -96 # -129 -129 -129 -129 -129 -129 -129 -129 
CPU side received count (scaleup: 1): -96 -92 -93 -115 -120 -99 -97 -103 # -129 -129 -129 -129 -129 -129 -129 -129 
CPU side received count (scaleup: 5): -111 -98 -102 -101 -108 -105 -110 -101 # -129 -129 -129 -129 -257 -129 -129 -129 
CPU side received count (scaleup: 4): -110 -108 -92 -111 -101 -111 -97 -113 # -129 -129 -129 -129 -129 -257 -129 -129 
CPU side received count (scaleup: 6): -108 -97 -104 -110 -95 -96 -94 -108 # -129 -129 -129 -129 -129 -129 -129 -129 
CPU side received count (scaleup: 0): -102 -99 -111 -101 -102 -102 -84 -90 # -129 -129 -129 -129 -129 -129 -129 -129 
CPU side received count (scaleup: 7): -103 -110 -98 -104 -89 -113 -83 -83 # -129 -129 -129 -129 -129 -129 -129 -129 
CPU side received count (scaleup: 3): -111 -112 -102 -87 -114 -95 -107 -109 # -129 -129 -129 -129 -129 -129 -129 -257 
Elastic buffer uses 4 channels per SM
Elastic buffer uses 4 channels per SM
Elastic buffer uses 4 channels per SM
Elastic buffer uses 4 channels per SM
Elastic buffer uses 4 channels per SM
Elastic buffer uses 4 channels per SM
Elastic buffer uses 4 channels per SM
Elastic buffer uses 4 channels per SM
CPU side received count (scaleup: 4): -110 -108 -92 -111 -101 -111 -97 -113 # -129 -129 -129 -129 -129 -257 -129 -129 
CPU side received count (scaleup: 6): -108 -97 -104 -110 -95 -96 -94 -108 # -129 -129 -129 -129 -129 -129 -129 -129 
CPU side received count (scaleup: 5): -111 -98 -102 -101 -108 -105 -110 -101 # -129 -129 -129 -129 -257 -129 -129 -129 
CPU side received count (scaleup: 7): -103 -110 -98 -104 -89 -113 -83 -83 # -129 -129 -129 -129 -129 -129 -129 -129 
CPU side received count (scaleup: 2): -106 -95 -101 -98 -100 -111 -96 -96 # -129 -129 -129 -129 -129 -129 -129 -129 
CPU side received count (scaleup: 1): -96 -92 -93 -115 -120 -99 -97 -103 # -129 -129 -129 -129 -129 -129 -129 -129 
CPU side received count (scaleup: 0): -102 -99 -111 -101 -102 -102 -84 -90 # -129 -129 -129 -129 -129 -129 -129 -129 
CPU side received count (scaleup: 3): -111 -112 -102 -87 -114 -95 -107 -109 # -129 -129 -129 -129 -129 -129 -129 -257 
Elastic buffer uses 4 channels per SM
Elastic buffer uses 4 channels per SM
Elastic buffer uses 4 channels per SM
Elastic buffer uses 4 channels per SM
Elastic buffer uses 4 channels per SM
Elastic buffer uses 4 channels per SM
Elastic buffer uses 4 channels per SM
Elastic buffer uses 4 channels per SM
CPU side received count (scaleup: 6): -108 -97 -104 -110 -95 -96 -94 -108 # -129 -129 -129 -129 -129 -129 -129 -129 
CPU side received count (scaleup: 4): -110 -108 -92 -111 -101 -111 -97 -113 # -129 -129 -129 -129 -129 -257 -129 -129 
CPU side received count (scaleup: 7): -103 -110 -98 -104 -89 -113 -83 -83 # -129 -129 -129 -129 -129 -129 -129 -129 
CPU side received count (scaleup: 5): -111 -98 -102 -101 -108 -105 -110 -101 # -129 -129 -129 -129 -257 -129 -129 -129 
CPU side received count (scaleup: 2): -106 -95 -101 -98 -100 -111 -96 -96 # -129 -129 -129 -129 -129 -129 -129 -129 
CPU side received count (scaleup: 1): -96 -92 -93 -115 -120 -99 -97 -103 # -129 -129 -129 -129 -129 -129 -129 -129 
CPU side received count (scaleup: 0): -102 -99 -111 -101 -102 -102 -84 -90 # -129 -129 -129 -129 -129 -129 -129 -129 
CPU side received count (scaleup: 3): -111 -112 -102 -87 -114 -95 -107 -109 # -129 -129 -129 -129 -129 -129 -129 -257 
Elastic buffer uses 4 channels per SM
Elastic buffer uses 4 channels per SM
Elastic buffer uses 4 channels per SM
Elastic buffer uses 4 channels per SM
Elastic buffer uses 4 channels per SM
Elastic buffer uses 4 channels per SM
Elastic buffer uses 4 channels per SM
Elastic buffer uses 4 channels per SM
CPU side received count (scaleup: 4): -110 -108 -92 -111 -101 -111 -97 -113 # -129 -129 -129 -129 -129 -257 -129 -129 
CPU side received count (scaleup: 2): -106 -95 -101 -98 -100 -111 -96 -96 # -129 -129 -129 -129 -129 -129 -129 -129 
CPU side received count (scaleup: 6): -108 -97 -104 -110 -95 -96 -94 -108 # -129 -129 -129 -129 -129 -129 -129 -129 
CPU side received count (scaleup: 7): -103 -110 -98 -104 -89 -113 -83 -83 # -129 -129 -129 -129 -129 -129 -129 -129 
CPU side received count (scaleup: 0): -102 -99 -111 -101 -102 -102 -84 -90 # -129 -129 -129 -129 -129 -129 -129 -129 
CPU side received count (scaleup: 5): -111 -98 -102 -101 -108 -105 -110 -101 # -129 -129 -129 -129 -257 -129 -129 -129 
CPU side received count (scaleup: 1): -96 -92 -93 -115 -120 -99 -97 -103 # -129 -129 -129 -129 -129 -129 -129 -129 
CPU side received count (scaleup: 3): -111 -112 -102 -87 -114 -95 -107 -109 # -129 -129 -129 -129 -129 -129 -129 -257 
Elastic buffer uses 4 channels per SM
Elastic buffer uses 4 channels per SM
Elastic buffer uses 4 channels per SM
Elastic buffer uses 4 channels per SM
Elastic buffer uses 4 channels per SM
Elastic buffer uses 4 channels per SM
Elastic buffer uses 4 channels per SM
Elastic buffer uses 4 channels per SM
CPU side received count (scaleup: 4): -110 -108 -92 -111 -101 -111 -97 -113 # -129 -129 -129 -129 -129 -257 -129 -129 
CPU side received count (scaleup: 6): -108 -97 -104 -110 -95 -96 -94 -108 # -129 -129 -129 -129 -129 -129 -129 -129 
CPU side received count (scaleup: 7): -103 -110 -98 -104 -89 -113 -83 -83 # -129 -129 -129 -129 -129 -129 -129 -129 
CPU side received count (scaleup: 2): -106 -95 -101 -98 -100 -111 -96 -96 # -129 -129 -129 -129 -129 -129 -129 -129 
CPU side received count (scaleup: 0): -102 -99 -111 -101 -102 -102 -84 -90 # -129 -129 -129 -129 -129 -129 -129 -129 
CPU side received count (scaleup: 1): -96 -92 -93 -115 -120 -99 -97 -103 # -129 -129 -129 -129 -129 -129 -129 -129 
CPU side received count (scaleup: 5): -111 -98 -102 -101 -108 -105 -110 -101 # -129 -129 -129 -129 -257 -129 -129 -129 
CPU side received count (scaleup: 3): -111 -112 -102 -87 -114 -95 -107 -109 # -129 -129 -129 -129 -129 -129 -129 -257 
Elastic buffer uses 4 channels per SM
Elastic buffer uses 4 channels per SM
Elastic buffer uses 4 channels per SM
Elastic buffer uses 4 channels per SM
Elastic buffer uses 4 channels per SM
Elastic buffer uses 4 channels per SM
Elastic buffer uses 4 channels per SM
Elastic buffer uses 4 channels per SM
CPU side received count (scaleup: 6): -108 -97 -104 -110 -95 -96 -94 -108 # -129 -129 -129 -129 -129 -129 -129 -129 
CPU side received count (scaleup: 7): -103 -110 -98 -104 -89 -113 -83 -83 # -129 -129 -129 -129 -129 -129 -129 -129 
CPU side received count (scaleup: 4): -110 -108 -92 -111 -101 -111 -97 -113 # -129 -129 -129 -129 -129 -257 -129 -129 
CPU side received count (scaleup: 2): -106 -95 -101 -98 -100 -111 -96 -96 # -129 -129 -129 -129 -129 -129 -129 -129 
CPU side received count (scaleup: 0): -102 -99 -111 -101 -102 -102 -84 -90 # -129 -129 -129 -129 -129 -129 -129 -129 
CPU side received count (scaleup: 1): -96 -92 -93 -115 -120 -99 -97 -103 # -129 -129 -129 -129 -129 -129 -129 -129 
CPU side received count (scaleup: 5): -111 -98 -102 -101 -108 -105 -110 -101 # -129 -129 -129 -129 -257 -129 -129 -129 
CPU side received count (scaleup: 3): -111 -112 -102 -87 -114 -95 -107 -109 # -129 -129 -129 -129 -129 -129 -129 -257 
Elastic buffer uses 4 channels per SM
Elastic buffer uses 4 channels per SM
Elastic buffer uses 4 channels per SM
Elastic buffer uses 4 channels per SM
Elastic buffer uses 4 channels per SM
Elastic buffer uses 4 channels per SM
Elastic buffer uses 4 channels per SM
Elastic buffer uses 4 channels per SM
CPU side received count (scaleup: 4): -110 -108 -92 -111 -101 -111 -97 -113 # -129 -129 -129 -129 -129 -257 -129 -129 
CPU side received count (scaleup: 6): -108 -97 -104 -110 -95 -96 -94 -108 # -129 -129 -129 -129 -129 -129 -129 -129 
CPU side received count (scaleup: 7): -103 -110 -98 -104 -89 -113 -83 -83 # -129 -129 -129 -129 -129 -129 -129 -129 
CPU side received count (scaleup: 2): -106 -95 -101 -98 -100 -111 -96 -96 # -129 -129 -129 -129 -129 -129 -129 -129 
CPU side received count (scaleup: 1): -96 -92 -93 -115 -120 -99 -97 -103 # -129 -129 -129 -129 -129 -129 -129 -129 
CPU side received count (scaleup: 0): -102 -99 -111 -101 -102 -102 -84 -90 # -129 -129 -129 -129 -129 -129 -129 -129 
CPU side received count (scaleup: 5): -111 -98 -102 -101 -108 -105 -110 -101 # -129 -129 -129 -129 -257 -129 -129 -129 
CPU side received count (scaleup: 3): -111 -112 -102 -87 -114 -95 -107 -109 # -129 -129 -129 -129 -129 -129 -129 -257 
Elastic buffer uses 4 channels per SM
Elastic buffer uses 4 channels per SM
Elastic buffer uses 4 channels per SM
Elastic buffer uses 4 channels per SM
Elastic buffer uses 4 channels per SM
Elastic buffer uses 4 channels per SM
Elastic buffer uses 4 channels per SM
Elastic buffer uses 4 channels per SM
CPU side received count (scaleup: 4): -110 -108 -92 -111 -101 -111 -97 -113 # -129 -129 -129 -129 -129 -257 -129 -129 
CPU side received count (scaleup: 7): -103 -110 -98 -104 -89 -113 -83 -83 # -129 -129 -129 -129 -129 -129 -129 -129 
CPU side received count (scaleup: 2): -106 -95 -101 -98 -100 -111 -96 -96 # -129 -129 -129 -129 -129 -129 -129 -129 
CPU side received count (scaleup: 6): -108 -97 -104 -110 -95 -96 -94 -108 # -129 -129 -129 -129 -129 -129 -129 -129 
CPU side received count (scaleup: 5): -111 -98 -102 -101 -108 -105 -110 -101 # -129 -129 -129 -129 -257 -129 -129 -129 
CPU side received count (scaleup: 0): -102 -99 -111 -101 -102 -102 -84 -90 # -129 -129 -129 -129 -129 -129 -129 -129 
CPU side received count (scaleup: 1): -96 -92 -93 -115 -120 -99 -97 -103 # -129 -129 -129 -129 -129 -129 -129 -129 
CPU side received count (scaleup: 3): -111 -112 -102 -87 -114 -95 -107 -109 # -129 -129 -129 -129 -129 -129 -129 -257 
Elastic buffer uses 4 channels per SM
Elastic buffer uses 4 channels per SM
Elastic buffer uses 4 channels per SM
Elastic buffer uses 4 channels per SM
Elastic buffer uses 4 channels per SM
Elastic buffer uses 4 channels per SM
Elastic buffer uses 4 channels per SM
Elastic buffer uses 4 channels per SM
CPU side received count (scaleup: 2): -106 -95 -101 -98 -100 -111 -96 -96 # -129 -129 -129 -129 -129 -129 -129 -129 
CPU side received count (scaleup: 6): -108 -97 -104 -110 -95 -96 -94 -108 # -129 -129 -129 -129 -129 -129 -129 -129 
CPU side received count (scaleup: 4): -110 -108 -92 -111 -101 -111 -97 -113 # -129 -129 -129 -129 -129 -257 -129 -129 
CPU side received count (scaleup: 7): -103 -110 -98 -104 -89 -113 -83 -83 # -129 -129 -129 -129 -129 -129 -129 -129 
CPU side received count (scaleup: 1): -96 -92 -93 -115 -120 -99 -97 -103 # -129 -129 -129 -129 -129 -129 -129 -129 
CPU side received count (scaleup: 5): -111 -98 -102 -101 -108 -105 -110 -101 # -129 -129 -129 -129 -257 -129 -129 -129 
CPU side received count (scaleup: 3): -111 -112 -102 -87 -114 -95 -107 -109 # -129 -129 -129 -129 -129 -129 -129 -257 
CPU side received count (scaleup: 0): -102 -99 -111 -101 -102 -102 -84 -90 # -129 -129 -129 -129 -129 -129 -129 -129 
Elastic buffer uses 4 channels per SM
Elastic buffer uses 4 channels per SM
Elastic buffer uses 4 channels per SM
Elastic buffer uses 4 channels per SM
Elastic buffer uses 4 channels per SM
Elastic buffer uses 4 channels per SM
Elastic buffer uses 4 channels per SM
Elastic buffer uses 4 channels per SM
CPU side received count (scaleup: 6): -108 -97 -104 -110 -95 -96 -94 -108 # -129 -129 -129 -129 -129 -129 -129 -129 
CPU side received count (scaleup: 7): -103 -110 -98 -104 -89 -113 -83 -83 # -129 -129 -129 -129 -129 -129 -129 -129 
CPU side received count (scaleup: 2): -106 -95 -101 -98 -100 -111 -96 -96 # -129 -129 -129 -129 -129 -129 -129 -129 
CPU side received count (scaleup: 4): -110 -108 -92 -111 -101 -111 -97 -113 # -129 -129 -129 -129 -129 -257 -129 -129 
CPU side received count (scaleup: 0): -102 -99 -111 -101 -102 -102 -84 -90 # -129 -129 -129 -129 -129 -129 -129 -129 
CPU side received count (scaleup: 1): -96 -92 -93 -115 -120 -99 -97 -103 # -129 -129 -129 -129 -129 -129 -129 -129 
CPU side received count (scaleup: 5): -111 -98 -102 -101 -108 -105 -110 -101 # -129 -129 -129 -129 -257 -129 -129 -129 
CPU side received count (scaleup: 3): -111 -112 -102 -87 -114 -95 -107 -109 # -129 -129 -129 -129 -129 -129 -129 -257 
Elastic buffer uses 4 channels per SM
Elastic buffer uses 4 channels per SM
Elastic buffer uses 4 channels per SM
Elastic buffer uses 4 channels per SM
Elastic buffer uses 4 channels per SM
Elastic buffer uses 4 channels per SM
Elastic buffer uses 4 channels per SM
Elastic buffer uses 4 channels per SM
CPU side received count (scaleup: 2): -106 -95 -101 -98 -100 -111 -96 -96 # -129 -129 -129 -129 -129 -129 -129 -129 
CPU side received count (scaleup: 1): -96 -92 -93 -115 -120 -99 -97 -103 # -129 -129 -129 -129 -129 -129 -129 -129 
CPU side received count (scaleup: 7): -103 -110 -98 -104 -89 -113 -83 -83 # -129 -129 -129 -129 -129 -129 -129 -129 
CPU side received count (scaleup: 6): -108 -97 -104 -110 -95 -96 -94 -108 # -129 -129 -129 -129 -129 -129 -129 -129 
CPU side received count (scaleup: 3): -111 -112 -102 -87 -114 -95 -107 -109 # -129 -129 -129 -129 -129 -129 -129 -257 
CPU side received count (scaleup: 4): -110 -108 -92 -111 -101 -111 -97 -113 # -129 -129 -129 -129 -129 -257 -129 -129 
CPU side received count (scaleup: 0): -102 -99 -111 -101 -102 -102 -84 -90 # -129 -129 -129 -129 -129 -129 -129 -129 
CPU side received count (scaleup: 5): -111 -98 -102 -101 -108 -105 -110 -101 # -129 -129 -129 -129 -257 -129 -129 -129 
USDT:2026-08-25 02:41:00 437:437 SyncActivityProfilerHandler.cpp:59] profiler_stopUSDT:2026-08-25 02:41:00 434:434 SyncActivityProfilerHandler.cpp:59] profiler_stopUSDT:2026-08-25 02:41:00 436:436 SyncActivityProfilerHandler.cpp:59] profiler_stopUSDT:2026-08-25 02:41:00 432:432 SyncActivityProfilerHandler.cpp:59] profiler_stop



USDT:2026-08-25 02:41:00 430:430 SyncActivityProfilerHandler.cpp:59] profiler_stopUSDT:2026-08-25 02:41:00 431:431 SyncActivityProfilerHandler.cpp:59] profiler_stop

USDT:2026-08-25 02:41:00 433:433 SyncActivityProfilerHandler.cpp:59] profiler_stop
USDT:2026-08-25 02:41:00 435:435 SyncActivityProfilerHandler.cpp:59] profiler_stop
   - EP:   6/32 | expanded dispatch: 3 GB/s (SO), 5 GB/s (SU), 1102.000 us, 6020352 bytes | copy: 37 GB/s, 364.198 us
   - EP:   4/32 | expanded dispatch: 3 GB/s (SO), 6 GB/s (SU), 1103.000 us, 6252480 bytes | copy: 42 GB/s, 355.309 us
   - EP:   2/32 | expanded dispatch: 3 GB/s (SO), 5 GB/s (SU), 1102.000 us, 5952960 bytes | copy: 454 GB/s, 29.634 us
   - EP:   7/32 | expanded dispatch: 3 GB/s (SO), 5 GB/s (SU), 1103.000 us, 5803200 bytes | copy: 34 GB/s, 384.365 us
   - EP:   1/32 | expanded dispatch: 3 GB/s (SO), 5 GB/s (SU), 1103.000 us, 6042816 bytes | copy: 42 GB/s, 324.876 us
   - EP:   0/32 | expanded dispatch: 3 GB/s (SO), 5 GB/s (SU), 1103.000 us, 5863104 bytes | copy: 47 GB/s, 286.338 us
   - EP:   5/32 | expanded dispatch: 3 GB/s (SO), 6 GB/s (SU), 1103.000 us, 6200064 bytes | copy: 83 GB/s, 176.145 us
   - EP:   3/32 | expanded dispatch: 3 GB/s (SO), 6 GB/s (SU), 1102.000 us, 6207552 bytes | copy: 624 GB/s, 22.316 us
Elastic buffer uses 4 channels per SM
Elastic buffer uses 4 channels per SM
Elastic buffer uses 4 channels per SM
Elastic buffer uses 4 channels per SM
Elastic buffer uses 4 channels per SM
Elastic buffer uses 4 channels per SM
Elastic buffer uses 4 channels per SM
Elastic buffer uses 4 channels per SM
Elastic buffer uses 4 channels per SM
Elastic buffer uses 4 channels per SM
Elastic buffer uses 4 channels per SM
Elastic buffer uses 4 channels per SM
Elastic buffer uses 4 channels per SM
Elastic buffer uses 4 channels per SM
Elastic buffer uses 4 channels per SM
Elastic buffer uses 4 channels per SM
Elastic buffer uses 4 channels per SM
Elastic buffer uses 4 channels per SM
Elastic buffer uses 4 channels per SM
Elastic buffer uses 4 channels per SM
Elastic buffer uses 4 channels per SM
Elastic buffer uses 4 channels per SM
Elastic buffer uses 4 channels per SM
Elastic buffer uses 4 channels per SM
Elastic buffer uses 4 channels per SM
Elastic buffer uses 4 channels per SM
Elastic buffer uses 4 channels per SM
Elastic buffer uses 4 channels per SM
Elastic buffer uses 4 channels per SM
Elastic buffer uses 4 channels per SM
Elastic buffer uses 4 channels per SM
Elastic buffer uses 4 channels per SM
Elastic buffer uses 4 channels per SM
Elastic buffer uses 4 channels per SM
Elastic buffer uses 4 channels per SM
Elastic buffer uses 4 channels per SM
Elastic buffer uses 4 channels per SM
Elastic buffer uses 4 channels per SM
Elastic buffer uses 4 channels per SM
Elastic buffer uses 4 channels per SM
Elastic buffer uses 4 channels per SM
Elastic buffer uses 4 channels per SM
Elastic buffer uses 4 channels per SM
Elastic buffer uses 4 channels per SM
Elastic buffer uses 4 channels per SM
Elastic buffer uses 4 channels per SM
Elastic buffer uses 4 channels per SM
Elastic buffer uses 4 channels per SM
Elastic buffer uses 4 channels per SM
Elastic buffer uses 4 channels per SM
Elastic buffer uses 4 channels per SM
Elastic buffer uses 4 channels per SM
Elastic buffer uses 4 channels per SM
Elastic buffer uses 4 channels per SM
Elastic buffer uses 4 channels per SM
Elastic buffer uses 4 channels per SM
Elastic buffer uses 4 channels per SM
Elastic buffer uses 4 channels per SM
Elastic buffer uses 4 channels per SM
Elastic buffer uses 4 channels per SM
Elastic buffer uses 4 channels per SM
Elastic buffer uses 4 channels per SM
Elastic buffer uses 4 channels per SM
Elastic buffer uses 4 channels per SM
Elastic buffer uses 4 channels per SM
Elastic buffer uses 4 channels per SM
Elastic buffer uses 4 channels per SM
Elastic buffer uses 4 channels per SM
Elastic buffer uses 4 channels per SM
Elastic buffer uses 4 channels per SM
Elastic buffer uses 4 channels per SM
Elastic buffer uses 4 channels per SM
Elastic buffer uses 4 channels per SM
Elastic buffer uses 4 channels per SM
Elastic buffer uses 4 channels per SM
Elastic buffer uses 4 channels per SM
Elastic buffer uses 4 channels per SM
Elastic buffer uses 4 channels per SM
Elastic buffer uses 4 channels per SM
Elastic buffer uses 4 channels per SM
Elastic buffer uses 4 channels per SM
Elastic buffer uses 4 channels per SM
Elastic buffer uses 4 channels per SM
Elastic buffer uses 4 channels per SM
Elastic buffer uses 4 channels per SM
Elastic buffer uses 4 channels per SM
Elastic buffer uses 4 channels per SM
Elastic buffer uses 4 channels per SM
Elastic buffer uses 4 channels per SM
Elastic buffer uses 4 channels per SM
Elastic buffer uses 4 channels per SM
Elastic buffer uses 4 channels per SM
Elastic buffer uses 4 channels per SM
Elastic buffer uses 4 channels per SM
Elastic buffer uses 4 channels per SM
Elastic buffer uses 4 channels per SM
Elastic buffer uses 4 channels per SM
Elastic buffer uses 4 channels per SM
Elastic buffer uses 4 channels per SM
Elastic buffer uses 4 channels per SM
Elastic buffer uses 4 channels per SM
Elastic buffer uses 4 channels per SM
Elastic buffer uses 4 channels per SM
Elastic buffer uses 4 channels per SM
Elastic buffer uses 4 channels per SM
Elastic buffer uses 4 channels per SM
Elastic buffer uses 4 channels per SM
Elastic buffer uses 4 channels per SM
Elastic buffer uses 4 channels per SM
Elastic buffer uses 4 channels per SM
Elastic buffer uses 4 channels per SM
Elastic buffer uses 4 channels per SM
Elastic buffer uses 4 channels per SM
Elastic buffer uses 4 channels per SM
Elastic buffer uses 4 channels per SM
Elastic buffer uses 4 channels per SM
Elastic buffer uses 4 channels per SM
Elastic buffer uses 4 channels per SM
Elastic buffer uses 4 channels per SM
Elastic buffer uses 4 channels per SM
Elastic buffer uses 4 channels per SM
Elastic buffer uses 4 channels per SM
Elastic buffer uses 4 channels per SM
Elastic buffer uses 4 channels per SM
Elastic buffer uses 4 channels per SM
Elastic buffer uses 4 channels per SM
Elastic buffer uses 4 channels per SM
Elastic buffer uses 4 channels per SM
Elastic buffer uses 4 channels per SM
Elastic buffer uses 4 channels per SM
Elastic buffer uses 4 channels per SM
Elastic buffer uses 4 channels per SM
Elastic buffer uses 4 channels per SM
Elastic buffer uses 4 channels per SM
Elastic buffer uses 4 channels per SM
Elastic buffer uses 4 channels per SM
Elastic buffer uses 4 channels per SM
Elastic buffer uses 4 channels per SM
Elastic buffer uses 4 channels per SM
Elastic buffer uses 4 channels per SM
Elastic buffer uses 4 channels per SM
Elastic buffer uses 4 channels per SM
Elastic buffer uses 4 channels per SM
Elastic buffer uses 4 channels per SM
Elastic buffer uses 4 channels per SM
Elastic buffer uses 4 channels per SM
Elastic buffer uses 4 channels per SM
Elastic buffer uses 4 channels per SM
Elastic buffer uses 4 channels per SM
Elastic buffer uses 4 channels per SM
Elastic buffer uses 4 channels per SM
Elastic buffer uses 4 channels per SM
Elastic buffer uses 4 channels per SM
Elastic buffer uses 4 channels per SM
Elastic buffer uses 4 channels per SM
Elastic buffer uses 4 channels per SM
Elastic buffer uses 4 channels per SM
Elastic buffer uses 4 channels per SM
Elastic buffer uses 4 channels per SM
Elastic buffer uses 4 channels per SM
Elastic buffer uses 4 channels per SM
Elastic buffer uses 4 channels per SM
Elastic buffer uses 4 channels per SM
Elastic buffer uses 4 channels per SM
Elastic buffer uses 4 channels per SM
Elastic buffer uses 4 channels per SM
Elastic buffer uses 4 channels per SM
Elastic buffer uses 4 channels per SM
Elastic buffer uses 4 channels per SM
Elastic buffer uses 4 channels per SM
Elastic buffer uses 4 channels per SM
Elastic buffer uses 4 channels per SM
Elastic buffer uses 4 channels per SM
Elastic buffer uses 4 channels per SM
Elastic buffer uses 4 channels per SM
Elastic buffer uses 4 channels per SM
Elastic buffer uses 4 channels per SM
Elastic buffer uses 4 channels per SM
Elastic buffer uses 4 channels per SM
Elastic buffer uses 4 channels per SM
Elastic buffer uses 4 channels per SM
Elastic buffer uses 4 channels per SM
Elastic buffer uses 4 channels per SM
Elastic buffer uses 4 channels per SM
Elastic buffer uses 4 channels per SM
Elastic buffer uses 4 channels per SM
Elastic buffer uses 4 channels per SM
Elastic buffer uses 4 channels per SM
Elastic buffer uses 4 channels per SM
Elastic buffer uses 4 channels per SM
Elastic buffer uses 4 channels per SM
Elastic buffer uses 4 channels per SM
Elastic buffer uses 4 channels per SM
Elastic buffer uses 4 channels per SM
Elastic buffer uses 4 channels per SM
Elastic buffer uses 4 channels per SM
Elastic buffer uses 4 channels per SM
Elastic buffer uses 4 channels per SM
Elastic buffer uses 4 channels per SM
Elastic buffer uses 4 channels per SM
Elastic buffer uses 4 channels per SM
Elastic buffer uses 4 channels per SM
Elastic buffer uses 4 channels per SM
Elastic buffer uses 4 channels per SM
Elastic buffer uses 4 channels per SM
Elastic buffer uses 4 channels per SM
Elastic buffer uses 4 channels per SM
Elastic buffer uses 4 channels per SM
Elastic buffer uses 4 channels per SM
Elastic buffer uses 4 channels per SM
Elastic buffer uses 4 channels per SM
Elastic buffer uses 4 channels per SM
Elastic buffer uses 4 channels per SM
Elastic buffer uses 4 channels per SM
Elastic buffer uses 4 channels per SM
Elastic buffer uses 4 channels per SM
Elastic buffer uses 4 channels per SM
Elastic buffer uses 4 channels per SM
Elastic buffer uses 4 channels per SM
Elastic buffer uses 4 channels per SM
Elastic buffer uses 4 channels per SM
Elastic buffer uses 4 channels per SM
Elastic buffer uses 4 channels per SM
Elastic buffer uses 4 channels per SM
Elastic buffer uses 4 channels per SM
Elastic buffer uses 4 channels per SM
Elastic buffer uses 4 channels per SM
Elastic buffer uses 4 channels per SM
Elastic buffer uses 4 channels per SM
Elastic buffer uses 4 channels per SM
Elastic buffer uses 4 channels per SM
Elastic buffer uses 4 channels per SM
Elastic buffer uses 4 channels per SM
Elastic buffer uses 4 channels per SM
Elastic buffer uses 4 channels per SM
Elastic buffer uses 4 channels per SM
Elastic buffer uses 4 channels per SM
Elastic buffer uses 4 channels per SM
Elastic buffer uses 4 channels per SM
Elastic buffer uses 4 channels per SM
Elastic buffer uses 4 channels per SM
Elastic buffer uses 4 channels per SM
Elastic buffer uses 4 channels per SM
Elastic buffer uses 4 channels per SM
Elastic buffer uses 4 channels per SM
Elastic buffer uses 4 channels per SM
Elastic buffer uses 4 channels per SM
Elastic buffer uses 4 channels per SM
USDT:2026-08-25 02:41:00 432:432 SyncActivityProfilerHandler.cpp:52] profiler_startUSDT:2026-08-25 02:41:00 436:436 SyncActivityProfilerHandler.cpp:52] profiler_startUSDT:2026-08-25 02:41:00 437:437 SyncActivityProfilerHandler.cpp:52] profiler_startUSDT:2026-08-25 02:41:00 434:434 SyncActivityProfilerHandler.cpp:52] profiler_start



USDT:2026-08-25 02:41:00 430:430 SyncActivityProfilerHandler.cpp:52] profiler_startUSDT:2026-08-25 02:41:00 431:431 SyncActivityProfilerHandler.cpp:52] profiler_start

USDT:2026-08-25 02:41:00 433:433 SyncActivityProfilerHandler.cpp:52] profiler_startUSDT:2026-08-25 02:41:00 435:435 SyncActivityProfilerHandler.cpp:52] profiler_start

Elastic buffer uses 4 channels per SM
Elastic buffer uses 4 channels per SM
Elastic buffer uses 4 channels per SM
Elastic buffer uses 4 channels per SM
Elastic buffer uses 4 channels per SM
Elastic buffer uses 4 channels per SM
Elastic buffer uses 4 channels per SM
Elastic buffer uses 4 channels per SM
Elastic buffer uses 4 channels per SM
Elastic buffer uses 4 channels per SM
Elastic buffer uses 4 channels per SM
Elastic buffer uses 4 channels per SM
Elastic buffer uses 4 channels per SM
Elastic buffer uses 4 channels per SM
Elastic buffer uses 4 channels per SM
Elastic buffer uses 4 channels per SM
Elastic buffer uses 4 channels per SM
Elastic buffer uses 4 channels per SM
Elastic buffer uses 4 channels per SM
Elastic buffer uses 4 channels per SM
Elastic buffer uses 4 channels per SM
Elastic buffer uses 4 channels per SM
Elastic buffer uses 4 channels per SM
Elastic buffer uses 4 channels per SM
Elastic buffer uses 4 channels per SM
Elastic buffer uses 4 channels per SM
Elastic buffer uses 4 channels per SM
Elastic buffer uses 4 channels per SM
Elastic buffer uses 4 channels per SM
Elastic buffer uses 4 channels per SM
Elastic buffer uses 4 channels per SM
Elastic buffer uses 4 channels per SM
Elastic buffer uses 4 channels per SM
Elastic buffer uses 4 channels per SM
Elastic buffer uses 4 channels per SM
Elastic buffer uses 4 channels per SM
Elastic buffer uses 4 channels per SM
Elastic buffer uses 4 channels per SM
Elastic buffer uses 4 channels per SM
Elastic buffer uses 4 channels per SM
Elastic buffer uses 4 channels per SM
Elastic buffer uses 4 channels per SM
Elastic buffer uses 4 channels per SM
Elastic buffer uses 4 channels per SM
Elastic buffer uses 4 channels per SM
Elastic buffer uses 4 channels per SM
Elastic buffer uses 4 channels per SM
Elastic buffer uses 4 channels per SM
Elastic buffer uses 4 channels per SM
Elastic buffer uses 4 channels per SM
Elastic buffer uses 4 channels per SM
Elastic buffer uses 4 channels per SM
Elastic buffer uses 4 channels per SM
Elastic buffer uses 4 channels per SM
Elastic buffer uses 4 channels per SM
Elastic buffer uses 4 channels per SM
Elastic buffer uses 4 channels per SM
Elastic buffer uses 4 channels per SM
Elastic buffer uses 4 channels per SM
Elastic buffer uses 4 channels per SM
Elastic buffer uses 4 channels per SM
Elastic buffer uses 4 channels per SM
Elastic buffer uses 4 channels per SM
Elastic buffer uses 4 channels per SM
Elastic buffer uses 4 channels per SM
Elastic buffer uses 4 channels per SM
Elastic buffer uses 4 channels per SM
Elastic buffer uses 4 channels per SM
Elastic buffer uses 4 channels per SM
Elastic buffer uses 4 channels per SM
Elastic buffer uses 4 channels per SM
Elastic buffer uses 4 channels per SM
Elastic buffer uses 4 channels per SM
Elastic buffer uses 4 channels per SM
Elastic buffer uses 4 channels per SM
Elastic buffer uses 4 channels per SM
Elastic buffer uses 4 channels per SM
Elastic buffer uses 4 channels per SM
Elastic buffer uses 4 channels per SM
Elastic buffer uses 4 channels per SM
Elastic buffer uses 4 channels per SM
Elastic buffer uses 4 channels per SM
Elastic buffer uses 4 channels per SM
Elastic buffer uses 4 channels per SM
Elastic buffer uses 4 channels per SM
Elastic buffer uses 4 channels per SM
Elastic buffer uses 4 channels per SM
Elastic buffer uses 4 channels per SM
Elastic buffer uses 4 channels per SM
Elastic buffer uses 4 channels per SM
Elastic buffer uses 4 channels per SM
Elastic buffer uses 4 channels per SM
Elastic buffer uses 4 channels per SM
Elastic buffer uses 4 channels per SM
Elastic buffer uses 4 channels per SM
Elastic buffer uses 4 channels per SM
Elastic buffer uses 4 channels per SM
Elastic buffer uses 4 channels per SM
Elastic buffer uses 4 channels per SM
Elastic buffer uses 4 channels per SM
Elastic buffer uses 4 channels per SM
Elastic buffer uses 4 channels per SM
Elastic buffer uses 4 channels per SM
Elastic buffer uses 4 channels per SM
Elastic buffer uses 4 channels per SM
Elastic buffer uses 4 channels per SM
Elastic buffer uses 4 channels per SM
Elastic buffer uses 4 channels per SM
Elastic buffer uses 4 channels per SM
Elastic buffer uses 4 channels per SM
Elastic buffer uses 4 channels per SM
Elastic buffer uses 4 channels per SM
Elastic buffer uses 4 channels per SM
Elastic buffer uses 4 channels per SM
Elastic buffer uses 4 channels per SM
Elastic buffer uses 4 channels per SM
Elastic buffer uses 4 channels per SM
Elastic buffer uses 4 channels per SM
Elastic buffer uses 4 channels per SM
Elastic buffer uses 4 channels per SM
Elastic buffer uses 4 channels per SM
Elastic buffer uses 4 channels per SM
Elastic buffer uses 4 channels per SM
Elastic buffer uses 4 channels per SM
Elastic buffer uses 4 channels per SM
Elastic buffer uses 4 channels per SM
Elastic buffer uses 4 channels per SM
Elastic buffer uses 4 channels per SM
Elastic buffer uses 4 channels per SM
Elastic buffer uses 4 channels per SM
Elastic buffer uses 4 channels per SM
Elastic buffer uses 4 channels per SM
Elastic buffer uses 4 channels per SM
Elastic buffer uses 4 channels per SM
Elastic buffer uses 4 channels per SM
Elastic buffer uses 4 channels per SM
Elastic buffer uses 4 channels per SM
Elastic buffer uses 4 channels per SM
Elastic buffer uses 4 channels per SM
Elastic buffer uses 4 channels per SM
Elastic buffer uses 4 channels per SM
Elastic buffer uses 4 channels per SM
Elastic buffer uses 4 channels per SM
Elastic buffer uses 4 channels per SM
Elastic buffer uses 4 channels per SM
Elastic buffer uses 4 channels per SM
Elastic buffer uses 4 channels per SM
Elastic buffer uses 4 channels per SM
Elastic buffer uses 4 channels per SM
Elastic buffer uses 4 channels per SM
Elastic buffer uses 4 channels per SM
Elastic buffer uses 4 channels per SM
Elastic buffer uses 4 channels per SM
Elastic buffer uses 4 channels per SM
Elastic buffer uses 4 channels per SM
Elastic buffer uses 4 channels per SM
Elastic buffer uses 4 channels per SM
Elastic buffer uses 4 channels per SM
Elastic buffer uses 4 channels per SM
Elastic buffer uses 4 channels per SM
Elastic buffer uses 4 channels per SM
Elastic buffer uses 4 channels per SM
Elastic buffer uses 4 channels per SM
Elastic buffer uses 4 channels per SM
Elastic buffer uses 4 channels per SM
Elastic buffer uses 4 channels per SM
Elastic buffer uses 4 channels per SM
Elastic buffer uses 4 channels per SM
Elastic buffer uses 4 channels per SM
Elastic buffer uses 4 channels per SM
Elastic buffer uses 4 channels per SM
Elastic buffer uses 4 channels per SM
Elastic buffer uses 4 channels per SM
Elastic buffer uses 4 channels per SM
Elastic buffer uses 4 channels per SM
Elastic buffer uses 4 channels per SM
Elastic buffer uses 4 channels per SM
Elastic buffer uses 4 channels per SM
Elastic buffer uses 4 channels per SM
Elastic buffer uses 4 channels per SM
Elastic buffer uses 4 channels per SM
Elastic buffer uses 4 channels per SM
Elastic buffer uses 4 channels per SM
Elastic buffer uses 4 channels per SM
Elastic buffer uses 4 channels per SM
Elastic buffer uses 4 channels per SM
Elastic buffer uses 4 channels per SM
Elastic buffer uses 4 channels per SM
Elastic buffer uses 4 channels per SM
Elastic buffer uses 4 channels per SM
Elastic buffer uses 4 channels per SM
Elastic buffer uses 4 channels per SM
Elastic buffer uses 4 channels per SM
Elastic buffer uses 4 channels per SM
Elastic buffer uses 4 channels per SM
Elastic buffer uses 4 channels per SM
Elastic buffer uses 4 channels per SM
Elastic buffer uses 4 channels per SM
Elastic buffer uses 4 channels per SM
Elastic buffer uses 4 channels per SM
Elastic buffer uses 4 channels per SM
Elastic buffer uses 4 channels per SM
Elastic buffer uses 4 channels per SM
Elastic buffer uses 4 channels per SM
Elastic buffer uses 4 channels per SM
Elastic buffer uses 4 channels per SM
Elastic buffer uses 4 channels per SM
Elastic buffer uses 4 channels per SM
Elastic buffer uses 4 channels per SM
Elastic buffer uses 4 channels per SM
Elastic buffer uses 4 channels per SM
Elastic buffer uses 4 channels per SM
Elastic buffer uses 4 channels per SM
Elastic buffer uses 4 channels per SM
Elastic buffer uses 4 channels per SM
Elastic buffer uses 4 channels per SM
Elastic buffer uses 4 channels per SM
Elastic buffer uses 4 channels per SM
Elastic buffer uses 4 channels per SM
Elastic buffer uses 4 channels per SM
Elastic buffer uses 4 channels per SM
Elastic buffer uses 4 channels per SM
Elastic buffer uses 4 channels per SM
Elastic buffer uses 4 channels per SM
Elastic buffer uses 4 channels per SM
Elastic buffer uses 4 channels per SM
Elastic buffer uses 4 channels per SM
Elastic buffer uses 4 channels per SM
Elastic buffer uses 4 channels per SM
Elastic buffer uses 4 channels per SM
Elastic buffer uses 4 channels per SM
Elastic buffer uses 4 channels per SM
Elastic buffer uses 4 channels per SM
Elastic buffer uses 4 channels per SM
Elastic buffer uses 4 channels per SM
Elastic buffer uses 4 channels per SM
Elastic buffer uses 4 channels per SM
Elastic buffer uses 4 channels per SM
Elastic buffer uses 4 channels per SM
Elastic buffer uses 4 channels per SM
USDT:2026-08-25 02:41:01 436:436 SyncActivityProfilerHandler.cpp:59] profiler_stopUSDT:2026-08-25 02:41:01 432:432 SyncActivityProfilerHandler.cpp:59] profiler_stopUSDT:2026-08-25 02:41:01 437:437 SyncActivityProfilerHandler.cpp:59] profiler_stopUSDT:2026-08-25 02:41:01 434:434 SyncActivityProfilerHandler.cpp:59] profiler_stop



USDT:2026-08-25 02:41:01 430:430 SyncActivityProfilerHandler.cpp:59] profiler_stopUSDT:2026-08-25 02:41:01 431:431 SyncActivityProfilerHandler.cpp:59] profiler_stop

USDT:2026-08-25 02:41:01 433:433 SyncActivityProfilerHandler.cpp:59] profiler_stop
USDT:2026-08-25 02:41:01 435:435 SyncActivityProfilerHandler.cpp:59] profiler_stop
   # EP:   7/32 | cached dispatch: 3 GB/s (SO), 6 GB/s (SU), 1051.000 us, 5803200 bytes | copy: 34 GB/s, 344.920 us
   # EP:   6/32 | cached dispatch: 3 GB/s (SO), 6 GB/s (SU), 1051.000 us, 6020352 bytes | copy: 38 GB/s, 320.390 us
   # EP:   4/32 | cached dispatch: 3 GB/s (SO), 6 GB/s (SU), 1051.000 us, 6252480 bytes | copy: 41 GB/s, 307.491 us
   # EP:   2/32 | cached dispatch: 3 GB/s (SO), 6 GB/s (SU), 1051.000 us, 5952960 bytes | copy: 303 GB/s, 39.296 us
   # EP:   0/32 | cached dispatch: 3 GB/s (SO), 6 GB/s (SU), 1051.000 us, 5863104 bytes | copy: 45 GB/s, 259.927 us
   # EP:   1/32 | cached dispatch: 3 GB/s (SO), 6 GB/s (SU), 1051.000 us, 6042816 bytes | copy: 56 GB/s, 214.705 us
   # EP:   3/32 | cached dispatch: 3 GB/s (SO), 6 GB/s (SU), 1051.000 us, 6207552 bytes | copy: 921 GB/s, 13.481 us
   # EP:   5/32 | cached dispatch: 3 GB/s (SO), 6 GB/s (SU), 1051.000 us, 6200064 bytes | copy: 98 GB/s, 126.344 us
USDT:2026-08-25 02:41:01 434:434 SyncActivityProfilerHandler.cpp:52] profiler_startUSDT:2026-08-25 02:41:01 437:437 SyncActivityProfilerHandler.cpp:52] profiler_start

USDT:2026-08-25 02:41:01 436:436 SyncActivityProfilerHandler.cpp:52] profiler_start
USDT:2026-08-25 02:41:01 432:432 SyncActivityProfilerHandler.cpp:52] profiler_start
USDT:2026-08-25 02:41:01 430:430 SyncActivityProfilerHandler.cpp:52] profiler_startUSDT:2026-08-25 02:41:01 431:431 SyncActivityProfilerHandler.cpp:52] profiler_start

USDT:2026-08-25 02:41:01 435:435 SyncActivityProfilerHandler.cpp:52] profiler_start
USDT:2026-08-25 02:41:01 433:433 SyncActivityProfilerHandler.cpp:52] profiler_start
USDT:2026-08-25 02:41:02 436:436 SyncActivityProfilerHandler.cpp:59] profiler_stop
USDT:2026-08-25 02:41:02 437:437 SyncActivityProfilerHandler.cpp:59] profiler_stop
USDT:2026-08-25 02:41:02 434:434 SyncActivityProfilerHandler.cpp:59] profiler_stop
USDT:2026-08-25 02:41:02 432:432 SyncActivityProfilerHandler.cpp:59] profiler_stop
USDT:2026-08-25 02:41:02 430:430 SyncActivityProfilerHandler.cpp:59] profiler_stopUSDT:2026-08-25 02:41:02 431:431 SyncActivityProfilerHandler.cpp:59] profiler_stop

USDT:2026-08-25 02:41:02 435:435 SyncActivityProfilerHandler.cpp:59] profiler_stop
USDT:2026-08-25 02:41:02 433:433 SyncActivityProfilerHandler.cpp:59] profiler_stop
   @ EP:   6/32 | combine: 20 GB/s (SO), 37 GB/s (SU), 314.380 us, 11551872 bytes | reduce: 1092 GB/s, 7.450 us
   @ EP:   7/32 | combine: 21 GB/s (SO), 36 GB/s (SU), 305.792 us, 11135200 bytes | reduce: 1149 GB/s, 7.040 us
   @ EP:   2/32 | combine: 16 GB/s (SO), 28 GB/s (SU), 413.830 us, 11422560 bytes | reduce: 1148 GB/s, 7.398 us
   @ EP:   4/32 | combine: 21 GB/s (SO), 38 GB/s (SU), 312.759 us, 11997280 bytes | reduce: 1111 GB/s, 7.465 us
   @ EP:   1/32 | combine: 20 GB/s (SO), 35 GB/s (SU), 334.993 us, 11594976 bytes | reduce: 1198 GB/s, 7.031 us
   @ EP:   0/32 | combine: 21 GB/s (SO), 35 GB/s (SU), 326.029 us, 11250144 bytes | reduce: 1125 GB/s, 7.628 us
   @ EP:   5/32 | combine: 17 GB/s (SO), 32 GB/s (SU), 373.772 us, 11896704 bytes | reduce: 1123 GB/s, 7.281 us
   @ EP:   3/32 | combine: 16 GB/s (SO), 29 GB/s (SU), 415.505 us, 11911072 bytes | reduce: 1077 GB/s, 7.655 us
USDT:2026-08-25 02:41:02 434:434 SyncActivityProfilerHandler.cpp:52] profiler_startUSDT:2026-08-25 02:41:02 437:437 SyncActivityProfilerHandler.cpp:52] profiler_start

USDT:2026-08-25 02:41:02 436:436 SyncActivityProfilerHandler.cpp:52] profiler_start
USDT:2026-08-25 02:41:02 432:432 SyncActivityProfilerHandler.cpp:52] profiler_start
USDT:2026-08-25 02:41:02 431:431 SyncActivityProfilerHandler.cpp:52] profiler_startUSDT:2026-08-25 02:41:02 430:430 SyncActivityProfilerHandler.cpp:52] profiler_start

USDT:2026-08-25 02:41:02 435:435 SyncActivityProfilerHandler.cpp:52] profiler_start
USDT:2026-08-25 02:41:02 433:433 SyncActivityProfilerHandler.cpp:52] profiler_start
USDT:2026-08-25 02:41:02 436:436 SyncActivityProfilerHandler.cpp:59] profiler_stopUSDT:2026-08-25 02:41:02 434:434 SyncActivityProfilerHandler.cpp:59] profiler_stop

USDT:2026-08-25 02:41:02 437:437 SyncActivityProfilerHandler.cpp:59] profiler_stop
USDT:2026-08-25 02:41:02 432:432 SyncActivityProfilerHandler.cpp:59] profiler_stop
USDT:2026-08-25 02:41:02 430:430 SyncActivityProfilerHandler.cpp:59] profiler_stopUSDT:2026-08-25 02:41:02 431:431 SyncActivityProfilerHandler.cpp:59] profiler_stop

USDT:2026-08-25 02:41:02 435:435 SyncActivityProfilerHandler.cpp:59] profiler_stop
USDT:2026-08-25 02:41:02 433:433 SyncActivityProfilerHandler.cpp:59] profiler_stop
   + EP:   7/32 | reduced combine: 20 GB/s (SO), 35 GB/s (SU), 317.783 us, 11135200 bytes | reduce: 1054 GB/s, 7.675 us
   + EP:   6/32 | reduced combine: 20 GB/s (SO), 35 GB/s (SU), 326.316 us, 11551872 bytes | reduce: 1079 GB/s, 7.540 us
   + EP:   2/32 | reduced combine: 16 GB/s (SO), 27 GB/s (SU), 416.525 us, 11422560 bytes | reduce: 1155 GB/s, 7.350 us
   + EP:   4/32 | reduced combine: 20 GB/s (SO), 37 GB/s (SU), 324.167 us, 11997280 bytes | reduce: 1089 GB/s, 7.612 us
   + EP:   1/32 | reduced combine: 19 GB/s (SO), 34 GB/s (SU), 338.738 us, 11594976 bytes | reduce: 1186 GB/s, 7.100 us
   + EP:   0/32 | reduced combine: 20 GB/s (SO), 34 GB/s (SU), 333.324 us, 11250144 bytes | reduce: 1101 GB/s, 7.789 us
   + EP:   3/32 | reduced combine: 15 GB/s (SO), 28 GB/s (SU), 429.585 us, 11911072 bytes | reduce: 1071 GB/s, 7.701 us
   + EP:   5/32 | reduced combine: 17 GB/s (SO), 31 GB/s (SU), 381.215 us, 11896704 bytes | reduce: 1108 GB/s, 7.378 us

Elastic buffer uses 4 channels per SM
Elastic buffer uses 4 channels per SM
Elastic buffer uses 4 channels per SM
Elastic buffer uses 4 channels per SM
Elastic buffer uses 4 channels per SM
Elastic buffer uses 4 channels per SM
Elastic buffer uses 4 channels per SM
Elastic buffer uses 4 channels per SM
CPU side received count (scaleup: 6): -108 -97 -104 -110 -95 -96 -94 -108 # -129 -129 -129 -129 -129 -129 -129 -129 
CPU side received count (scaleup: 7): -103 -110 -98 -104 -89 -113 -83 -83 # -129 -129 -129 -129 -129 -129 -129 -129 
CPU side received count (scaleup: 4): -110 -108 -92 -111 -101 -111 -97 -113 # -129 -129 -129 -129 -129 -257 -129 -129 
CPU side received count (scaleup: 2): -106 -95 -101 -98 -100 -111 -96 -96 # -129 -129 -129 -129 -129 -129 -129 -129 
CPU side received count (scaleup: 1): -96 -92 -93 -115 -120 -99 -97 -103 # -129 -129 -129 -129 -129 -129 -129 -129 
CPU side received count (scaleup: 0): -102 -99 -111 -101 -102 -102 -84 -90 # -129 -129 -129 -129 -129 -129 -129 -129 
CPU side received count (scaleup: 3): -111 -112 -102 -87 -114 -95 -107 -109 # -129 -129 -129 -129 -129 -129 -129 -257 
CPU side received count (scaleup: 5): -111 -98 -102 -101 -108 -105 -110 -101 # -129 -129 -129 -129 -257 -129 -129 -129 

