=== EP_NIC_NAME=rdmap110s0 (auto, 200 Gb/s) ===
+ docker run --rm --gpus all --privileged --network=host --ipc=host --ulimit memlock=-1 --ulimit stack=67108864 --device=/dev/infiniband --device=/dev/gdrdrv -v /sys/class/infiniband:/sys/class/infiniband:ro -e MASTER_ADDR=172.31.20.74 -e MASTER_PORT=29584 -e WORLD_SIZE=4 -e RANK=1 -e NCCL_DEBUG=WARN -e EP_NIC_NAME=rdmap110s0 -e EP_BUFFER_DEBUG=1 -e PYTHONUNBUFFERED=1 -e PYTHONFAULTHANDLER=1 deepep-v2-efa-official:dev bash -lc 'timeout -s ABRT --kill-after=60 1500     python3 -u /opt/DeepEP/tests/elastic/test_ep.py     --num-processes=8 --num-tokens=128     --hidden=7168 --num-topk=8 --num-experts=256     --num-sms=12 --allow-hybrid-mode=1     --prefer-overlap-with-compute=0 --test-first-only      '

==========
== CUDA ==
==========

CUDA Version 13.0.2

Container image Copyright (c) 2016-2023, NVIDIA CORPORATION & AFFILIATES. All rights reserved.

This container image and its contents are governed by the NVIDIA Deep Learning Container License.
By pulling and using the container, you accept the terms and conditions of this license:
https://developer.nvidia.com/ngc/nvidia-deep-learning-container-license

A copy of this license is made available in this container at /NGC-DL-CONTAINER-LICENSE for your convenience.

DeepEP hybrid kernel selection: unordered
DeepEP hybrid kernel selection: unordered
DeepEP hybrid kernel selection: unordered
DeepEP hybrid kernel selection: unordered
DeepEP hybrid kernel selection: unordered
DeepEP hybrid kernel selection: unordered
DeepEP hybrid kernel selection: unordered
DeepEP hybrid kernel selection: unordered
Initializing EP elastic buffer with 681574400 bytes (cpu: 0) at rank EP 13/32
Initializing EP elastic buffer with 681574400 bytes (cpu: 0) at rank EP 14/32Initializing EP elastic buffer with 681574400 bytes (cpu: 0) at rank EP 15/32Initializing EP elastic buffer with 681574400 bytes (cpu: 0) at rank EP 12/32Initializing EP elastic buffer with 681574400 bytes (cpu: 0) at rank EP 10/32Initializing EP elastic buffer with 681574400 bytes (cpu: 0) at rank EP 11/32
Initializing EP elastic buffer with 681574400 bytes (cpu: 0) at rank EP 9/32

Initializing EP elastic buffer with 681574400 bytes (cpu: 0) at rank EP 8/32



DeepEP initialized with NCCL version: 2.31.2 (loaded library)
EP NCCL device communicator has 0 allocated QPs
DeepEP hybrid kernel selection: unordered
DeepEP initialized with NCCL version: 2.31.2 (loaded library)
GIN layout: gin_context_cnt=11, gin_indexed_signals_cnt=21, num_qp=11
EP NCCL device communicator has 0 allocated QPs
DeepEP hybrid kernel selection: unordered
GIN layout: gin_context_cnt=11, gin_indexed_signals_cnt=21, num_qp=11
DeepEP initialized with NCCL version: 2.31.2 (loaded library)
EP NCCL device communicator has 0 allocated QPs
DeepEP hybrid kernel selection: unordered
GIN layout: gin_context_cnt=11, gin_indexed_signals_cnt=21, num_qp=11
DeepEP initialized with NCCL version: 2.31.2 (loaded library)
DeepEP initialized with NCCL version: 2.31.2 (loaded library)
DeepEP initialized with NCCL version: 2.31.2 (loaded library)
DeepEP initialized with NCCL version: 2.31.2 (loaded library)
DeepEP initialized with NCCL version: 2.31.2 (loaded library)
EP NCCL device communicator has 0 allocated QPs
EP NCCL device communicator has 0 allocated QPs
EP NCCL device communicator has 0 allocated QPs
EP NCCL device communicator has 0 allocated QPs
EP NCCL device communicator has 0 allocated QPs
DeepEP hybrid kernel selection: unordered
DeepEP hybrid kernel selection: unordered
DeepEP hybrid kernel selection: unordered
DeepEP hybrid kernel selection: unordered
GIN layout: gin_context_cnt=11, gin_indexed_signals_cnt=21, num_qp=11
GIN layout: gin_context_cnt=11, gin_indexed_signals_cnt=21, num_qp=11
DeepEP hybrid kernel selection: unordered
GIN layout: gin_context_cnt=11, gin_indexed_signals_cnt=21, num_qp=11
GIN layout: gin_context_cnt=11, gin_indexed_signals_cnt=21, num_qp=11
GIN layout: gin_context_cnt=11, gin_indexed_signals_cnt=21, num_qp=11
Config:
 > Ranks: 4 x 8
 > Experts: 8/256
 > Tokens: 120 (max: 128), hidden: 7168
 > #SM: 12, #QPs: 11/11

Running all test cases:
 > Testing with do_handle_copy=1, expert_alignment=128, use_fp8_dispatch=1, num_bias=0, with_previous_event=0, async_with_compute_stream=0, allocate_on_comm_stream=0 ...
Elastic buffer uses 4 channels per SM
Elastic buffer uses 4 channels per SM
Elastic buffer uses 4 channels per SM
Elastic buffer uses 4 channels per SM
Elastic buffer uses 4 channels per SM
Elastic buffer uses 4 channels per SM
Elastic buffer uses 4 channels per SM
Elastic buffer uses 4 channels per SM
CPU side received count (scaleup: 5): -108 -114 -112 -103 -98 -104 -102 -97 # -257 -129 -129 -129 -129 -129 -129 -129 
CPU side received count (scaleup: 2): -108 -104 -115 -107 -97 -76 -107 -109 # -129 -129 -129 -129 -129 -129 -129 -129 
CPU side received count (scaleup: 1): -109 -107 -116 -109 -97 -111 -93 -94 # -129 -129 -129 -129 -129 -129 -257 -129 
CPU side received count (scaleup: 0): -110 -105 -102 -106 -108 -105 -101 -102 # -129 -129 -129 -129 -129 -129 -129 -129 
CPU side received count (scaleup: 4): -95 -97 -102 -92 -95 -107 -94 -98 # -129 -129 -129 -129 -129 -129 -129 -129 
CPU side received count (scaleup: 6): -120 -114 -99 -100 -98 -78 -102 -100 # -129 -129 -129 -129 -129 -129 -129 -129 
CPU side received count (scaleup: 7): -102 -107 -103 -107 -101 -104 -111 -94 # -129 -129 -129 -129 -129 -129 -129 -129 
CPU side received count (scaleup: 3): -115 -109 -89 -120 -111 -109 -114 -87 # -129 -129 -129 -129 -129 -129 -129 -129 
Elastic buffer uses 4 channels per SM
Elastic buffer uses 4 channels per SM
Elastic buffer uses 4 channels per SM
Elastic buffer uses 4 channels per SM
Elastic buffer uses 4 channels per SM
Elastic buffer uses 4 channels per SM
Elastic buffer uses 4 channels per SM
Elastic buffer uses 4 channels per SM
CPU side received count (scaleup: 5): -108 -114 -112 -103 -98 -104 -102 -97 # -257 -129 -129 -129 -129 -129 -129 -129 
CPU side received count (scaleup: 0): -110 -105 -102 -106 -108 -105 -101 -102 # -129 -129 -129 -129 -129 -129 -129 -129 
CPU side received count (scaleup: 3): -115 -109 -89 -120 -111 -109 -114 -87 # -129 -129 -129 -129 -129 -129 -129 -129 
CPU side received count (scaleup: 1): -109 -107 -116 -109 -97 -111 -93 -94 # -129 -129 -129 -129 -129 -129 -257 -129 
CPU side received count (scaleup: 6): -120 -114 -99 -100 -98 -78 -102 -100 # -129 -129 -129 -129 -129 -129 -129 -129 
CPU side received count (scaleup: 7): -102 -107 -103 -107 -101 -104 -111 -94 # -129 -129 -129 -129 -129 -129 -129 -129 
CPU side received count (scaleup: 2): -108 -104 -115 -107 -97 -76 -107 -109 # -129 -129 -129 -129 -129 -129 -129 -129 
CPU side received count (scaleup: 4): -95 -97 -102 -92 -95 -107 -94 -98 # -129 -129 -129 -129 -129 -129 -129 -129 
Elastic buffer uses 4 channels per SM
Elastic buffer uses 4 channels per SM
Elastic buffer uses 4 channels per SM
Elastic buffer uses 4 channels per SM
Elastic buffer uses 4 channels per SM
Elastic buffer uses 4 channels per SM
Elastic buffer uses 4 channels per SM
Elastic buffer uses 4 channels per SM
Elastic buffer uses 4 channels per SM
Elastic buffer uses 4 channels per SM
Elastic buffer uses 4 channels per SM
Elastic buffer uses 4 channels per SM
Elastic buffer uses 4 channels per SM
Elastic buffer uses 4 channels per SM
Elastic buffer uses 4 channels per SM
Elastic buffer uses 4 channels per SM
Elastic buffer uses 4 channels per SM
Elastic buffer uses 4 channels per SM
Elastic buffer uses 4 channels per SM
Elastic buffer uses 4 channels per SM
Elastic buffer uses 4 channels per SM
Elastic buffer uses 4 channels per SM
Elastic buffer uses 4 channels per SM
Elastic buffer uses 4 channels per SM
CPU side received count (scaleup: 3): -115 -109 -89 -120 -111 -109 -114 -87 # -129 -129 -129 -129 -129 -129 -129 -129 
CPU side received count (scaleup: 5): -108 -114 -112 -103 -98 -104 -102 -97 # -257 -129 -129 -129 -129 -129 -129 -129 
CPU side received count (scaleup: 0): -110 -105 -102 -106 -108 -105 -101 -102 # -129 -129 -129 -129 -129 -129 -129 -129 
CPU side received count (scaleup: 6): -120 -114 -99 -100 -98 -78 -102 -100 # -129 -129 -129 -129 -129 -129 -129 -129 
CPU side received count (scaleup: 7): -102 -107 -103 -107 -101 -104 -111 -94 # -129 -129 -129 -129 -129 -129 -129 -129 
CPU side received count (scaleup: 1): -109 -107 -116 -109 -97 -111 -93 -94 # -129 -129 -129 -129 -129 -129 -257 -129 
CPU side received count (scaleup: 2): -108 -104 -115 -107 -97 -76 -107 -109 # -129 -129 -129 -129 -129 -129 -129 -129 
CPU side received count (scaleup: 4): -95 -97 -102 -92 -95 -107 -94 -98 # -129 -129 -129 -129 -129 -129 -129 -129 
Elastic buffer uses 4 channels per SM
Elastic buffer uses 4 channels per SM
Elastic buffer uses 4 channels per SM
Elastic buffer uses 4 channels per SM
Elastic buffer uses 4 channels per SM
Elastic buffer uses 4 channels per SM
Elastic buffer uses 4 channels per SM
Elastic buffer uses 4 channels per SM
CPU side received count (scaleup: 3): -115 -109 -89 -120 -111 -109 -114 -87 # -129 -129 -129 -129 -129 -129 -129 -129 
CPU side received count (scaleup: 5): -108 -114 -112 -103 -98 -104 -102 -97 # -257 -129 -129 -129 -129 -129 -129 -129 
CPU side received count (scaleup: 6): -120 -114 -99 -100 -98 -78 -102 -100 # -129 -129 -129 -129 -129 -129 -129 -129 
CPU side received count (scaleup: 1): -109 -107 -116 -109 -97 -111 -93 -94 # -129 -129 -129 -129 -129 -129 -257 -129 
CPU side received count (scaleup: 7): -102 -107 -103 -107 -101 -104 -111 -94 # -129 -129 -129 -129 -129 -129 -129 -129 
CPU side received count (scaleup: 2): -108 -104 -115 -107 -97 -76 -107 -109 # -129 -129 -129 -129 -129 -129 -129 -129 
CPU side received count (scaleup: 4): -95 -97 -102 -92 -95 -107 -94 -98 # -129 -129 -129 -129 -129 -129 -129 -129 
CPU side received count (scaleup: 0): -110 -105 -102 -106 -108 -105 -101 -102 # -129 -129 -129 -129 -129 -129 -129 -129 
Elastic buffer uses 4 channels per SM
Elastic buffer uses 4 channels per SM
Elastic buffer uses 4 channels per SM
Elastic buffer uses 4 channels per SM
Elastic buffer uses 4 channels per SM
Elastic buffer uses 4 channels per SM
Elastic buffer uses 4 channels per SM
Elastic buffer uses 4 channels per SM
CPU side received count (scaleup: 6): -120 -114 -99 -100 -98 -78 -102 -100 # -129 -129 -129 -129 -129 -129 -129 -129 
CPU side received count (scaleup: 5): -108 -114 -112 -103 -98 -104 -102 -97 # -257 -129 -129 -129 -129 -129 -129 -129 
CPU side received count (scaleup: 0): -110 -105 -102 -106 -108 -105 -101 -102 # -129 -129 -129 -129 -129 -129 -129 -129 
CPU side received count (scaleup: 3): -115 -109 -89 -120 -111 -109 -114 -87 # -129 -129 -129 -129 -129 -129 -129 -129 
CPU side received count (scaleup: 1): -109 -107 -116 -109 -97 -111 -93 -94 # -129 -129 -129 -129 -129 -129 -257 -129 
CPU side received count (scaleup: 4): -95 -97 -102 -92 -95 -107 -94 -98 # -129 -129 -129 -129 -129 -129 -129 -129 
CPU side received count (scaleup: 2): -108 -104 -115 -107 -97 -76 -107 -109 # -129 -129 -129 -129 -129 -129 -129 -129 
CPU side received count (scaleup: 7): -102 -107 -103 -107 -101 -104 -111 -94 # -129 -129 -129 -129 -129 -129 -129 -129 
Elastic buffer uses 4 channels per SM
Elastic buffer uses 4 channels per SM
Elastic buffer uses 4 channels per SM
Elastic buffer uses 4 channels per SM
Elastic buffer uses 4 channels per SM
Elastic buffer uses 4 channels per SM
Elastic buffer uses 4 channels per SM
Elastic buffer uses 4 channels per SM
CPU side received count (scaleup: 5): -108 -114 -112 -103 -98 -104 -102 -97 # -257 -129 -129 -129 -129 -129 -129 -129 
CPU side received count (scaleup: 6): -120 -114 -99 -100 -98 -78 -102 -100 # -129 -129 -129 -129 -129 -129 -129 -129 
CPU side received count (scaleup: 1): -109 -107 -116 -109 -97 -111 -93 -94 # -129 -129 -129 -129 -129 -129 -257 -129 
CPU side received count (scaleup: 0): -110 -105 -102 -106 -108 -105 -101 -102 # -129 -129 -129 -129 -129 -129 -129 -129 
CPU side received count (scaleup: 3): -115 -109 -89 -120 -111 -109 -114 -87 # -129 -129 -129 -129 -129 -129 -129 -129 
CPU side received count (scaleup: 2): -108 -104 -115 -107 -97 -76 -107 -109 # -129 -129 -129 -129 -129 -129 -129 -129 
CPU side received count (scaleup: 4): -95 -97 -102 -92 -95 -107 -94 -98 # -129 -129 -129 -129 -129 -129 -129 -129 
CPU side received count (scaleup: 7): -102 -107 -103 -107 -101 -104 -111 -94 # -129 -129 -129 -129 -129 -129 -129 -129 
Elastic buffer uses 4 channels per SM
Elastic buffer uses 4 channels per SM
Elastic buffer uses 4 channels per SM
Elastic buffer uses 4 channels per SM
Elastic buffer uses 4 channels per SM
Elastic buffer uses 4 channels per SM
Elastic buffer uses 4 channels per SM
Elastic buffer uses 4 channels per SM
CPU side received count (scaleup: 5): -108 -114 -112 -103 -98 -104 -102 -97 # -257 -129 -129 -129 -129 -129 -129 -129 
CPU side received count (scaleup: 6): -120 -114 -99 -100 -98 -78 -102 -100 # -129 -129 -129 -129 -129 -129 -129 -129 
CPU side received count (scaleup: 4): -95 -97 -102 -92 -95 -107 -94 -98 # -129 -129 -129 -129 -129 -129 -129 -129 
CPU side received count (scaleup: 1): -109 -107 -116 -109 -97 -111 -93 -94 # -129 -129 -129 -129 -129 -129 -257 -129 
CPU side received count (scaleup: 3): -115 -109 -89 -120 -111 -109 -114 -87 # -129 -129 -129 -129 -129 -129 -129 -129 
CPU side received count (scaleup: 0): -110 -105 -102 -106 -108 -105 -101 -102 # -129 -129 -129 -129 -129 -129 -129 -129 
CPU side received count (scaleup: 2): -108 -104 -115 -107 -97 -76 -107 -109 # -129 -129 -129 -129 -129 -129 -129 -129 
CPU side received count (scaleup: 7): -102 -107 -103 -107 -101 -104 -111 -94 # -129 -129 -129 -129 -129 -129 -129 -129 
Elastic buffer uses 4 channels per SM
Elastic buffer uses 4 channels per SM
Elastic buffer uses 4 channels per SM
Elastic buffer uses 4 channels per SM
Elastic buffer uses 4 channels per SM
Elastic buffer uses 4 channels per SM
Elastic buffer uses 4 channels per SM
Elastic buffer uses 4 channels per SM
CPU side received count (scaleup: 0): -110 -105 -102 -106 -108 -105 -101 -102 # -129 -129 -129 -129 -129 -129 -129 -129 
CPU side received count (scaleup: 1): -109 -107 -116 -109 -97 -111 -93 -94 # -129 -129 -129 -129 -129 -129 -257 -129 
CPU side received count (scaleup: 3): -115 -109 -89 -120 -111 -109 -114 -87 # -129 -129 -129 -129 -129 -129 -129 -129 
CPU side received count (scaleup: 5): -108 -114 -112 -103 -98 -104 -102 -97 # -257 -129 -129 -129 -129 -129 -129 -129 
CPU side received count (scaleup: 6): -120 -114 -99 -100 -98 -78 -102 -100 # -129 -129 -129 -129 -129 -129 -129 -129 
CPU side received count (scaleup: 2): -108 -104 -115 -107 -97 -76 -107 -109 # -129 -129 -129 -129 -129 -129 -129 -129 
CPU side received count (scaleup: 7): -102 -107 -103 -107 -101 -104 -111 -94 # -129 -129 -129 -129 -129 -129 -129 -129 
CPU side received count (scaleup: 4): -95 -97 -102 -92 -95 -107 -94 -98 # -129 -129 -129 -129 -129 -129 -129 -129 
Elastic buffer uses 4 channels per SM
Elastic buffer uses 4 channels per SM
Elastic buffer uses 4 channels per SM
Elastic buffer uses 4 channels per SM
Elastic buffer uses 4 channels per SM
Elastic buffer uses 4 channels per SM
Elastic buffer uses 4 channels per SM
Elastic buffer uses 4 channels per SM
CPU side received count (scaleup: 6): -120 -114 -99 -100 -98 -78 -102 -100 # -129 -129 -129 -129 -129 -129 -129 -129 
CPU side received count (scaleup: 5): -108 -114 -112 -103 -98 -104 -102 -97 # -257 -129 -129 -129 -129 -129 -129 -129 
CPU side received count (scaleup: 0): -110 -105 -102 -106 -108 -105 -101 -102 # -129 -129 -129 -129 -129 -129 -129 -129 
CPU side received count (scaleup: 3): -115 -109 -89 -120 -111 -109 -114 -87 # -129 -129 -129 -129 -129 -129 -129 -129 
CPU side received count (scaleup: 4): -95 -97 -102 -92 -95 -107 -94 -98 # -129 -129 -129 -129 -129 -129 -129 -129 
CPU side received count (scaleup: 2): -108 -104 -115 -107 -97 -76 -107 -109 # -129 -129 -129 -129 -129 -129 -129 -129 
CPU side received count (scaleup: 7): -102 -107 -103 -107 -101 -104 -111 -94 # -129 -129 -129 -129 -129 -129 -129 -129 
CPU side received count (scaleup: 1): -109 -107 -116 -109 -97 -111 -93 -94 # -129 -129 -129 -129 -129 -129 -257 -129 
Elastic buffer uses 4 channels per SM
Elastic buffer uses 4 channels per SM
Elastic buffer uses 4 channels per SM
Elastic buffer uses 4 channels per SM
Elastic buffer uses 4 channels per SM
Elastic buffer uses 4 channels per SM
Elastic buffer uses 4 channels per SM
Elastic buffer uses 4 channels per SM
CPU side received count (scaleup: 5): -108 -114 -112 -103 -98 -104 -102 -97 # -257 -129 -129 -129 -129 -129 -129 -129 
CPU side received count (scaleup: 6): -120 -114 -99 -100 -98 -78 -102 -100 # -129 -129 -129 -129 -129 -129 -129 -129 
CPU side received count (scaleup: 3): -115 -109 -89 -120 -111 -109 -114 -87 # -129 -129 -129 -129 -129 -129 -129 -129 
CPU side received count (scaleup: 0): -110 -105 -102 -106 -108 -105 -101 -102 # -129 -129 -129 -129 -129 -129 -129 -129 
CPU side received count (scaleup: 4): -95 -97 -102 -92 -95 -107 -94 -98 # -129 -129 -129 -129 -129 -129 -129 -129 
CPU side received count (scaleup: 1): -109 -107 -116 -109 -97 -111 -93 -94 # -129 -129 -129 -129 -129 -129 -257 -129 
CPU side received count (scaleup: 2): -108 -104 -115 -107 -97 -76 -107 -109 # -129 -129 -129 -129 -129 -129 -129 -129 
CPU side received count (scaleup: 7): -102 -107 -103 -107 -101 -104 -111 -94 # -129 -129 -129 -129 -129 -129 -129 -129 
Elastic buffer uses 4 channels per SM
Elastic buffer uses 4 channels per SM
Elastic buffer uses 4 channels per SM
Elastic buffer uses 4 channels per SM
Elastic buffer uses 4 channels per SM
Elastic buffer uses 4 channels per SM
Elastic buffer uses 4 channels per SM
Elastic buffer uses 4 channels per SM
CPU side received count (scaleup: 6): -120 -114 -99 -100 -98 -78 -102 -100 # -129 -129 -129 -129 -129 -129 -129 -129 
CPU side received count (scaleup: 5): -108 -114 -112 -103 -98 -104 -102 -97 # -257 -129 -129 -129 -129 -129 -129 -129 
CPU side received count (scaleup: 0): -110 -105 -102 -106 -108 -105 -101 -102 # -129 -129 -129 -129 -129 -129 -129 -129 
CPU side received count (scaleup: 3): -115 -109 -89 -120 -111 -109 -114 -87 # -129 -129 -129 -129 -129 -129 -129 -129 
CPU side received count (scaleup: 7): -102 -107 -103 -107 -101 -104 -111 -94 # -129 -129 -129 -129 -129 -129 -129 -129 
CPU side received count (scaleup: 1): -109 -107 -116 -109 -97 -111 -93 -94 # -129 -129 -129 -129 -129 -129 -257 -129 
CPU side received count (scaleup: 4): -95 -97 -102 -92 -95 -107 -94 -98 # -129 -129 -129 -129 -129 -129 -129 -129 
CPU side received count (scaleup: 2): -108 -104 -115 -107 -97 -76 -107 -109 # -129 -129 -129 -129 -129 -129 -129 -129 
Elastic buffer uses 4 channels per SM
Elastic buffer uses 4 channels per SM
Elastic buffer uses 4 channels per SM
Elastic buffer uses 4 channels per SM
Elastic buffer uses 4 channels per SM
Elastic buffer uses 4 channels per SM
Elastic buffer uses 4 channels per SM
Elastic buffer uses 4 channels per SM
CPU side received count (scaleup: 3): -115 -109 -89 -120 -111 -109 -114 -87 # -129 -129 -129 -129 -129 -129 -129 -129 
CPU side received count (scaleup: 5): -108 -114 -112 -103 -98 -104 -102 -97 # -257 -129 -129 -129 -129 -129 -129 -129 
CPU side received count (scaleup: 0): -110 -105 -102 -106 -108 -105 -101 -102 # -129 -129 -129 -129 -129 -129 -129 -129 
CPU side received count (scaleup: 6): -120 -114 -99 -100 -98 -78 -102 -100 # -129 -129 -129 -129 -129 -129 -129 -129 
CPU side received count (scaleup: 7): -102 -107 -103 -107 -101 -104 -111 -94 # -129 -129 -129 -129 -129 -129 -129 -129 
CPU side received count (scaleup: 1): -109 -107 -116 -109 -97 -111 -93 -94 # -129 -129 -129 -129 -129 -129 -257 -129 
CPU side received count (scaleup: 4): -95 -97 -102 -92 -95 -107 -94 -98 # -129 -129 -129 -129 -129 -129 -129 -129 
CPU side received count (scaleup: 2): -108 -104 -115 -107 -97 -76 -107 -109 # -129 -129 -129 -129 -129 -129 -129 -129 
Elastic buffer uses 4 channels per SM
Elastic buffer uses 4 channels per SM
Elastic buffer uses 4 channels per SM
Elastic buffer uses 4 channels per SM
Elastic buffer uses 4 channels per SM
Elastic buffer uses 4 channels per SM
Elastic buffer uses 4 channels per SM
Elastic buffer uses 4 channels per SM
CPU side received count (scaleup: 0): -110 -105 -102 -106 -108 -105 -101 -102 # -129 -129 -129 -129 -129 -129 -129 -129 
CPU side received count (scaleup: 6): -120 -114 -99 -100 -98 -78 -102 -100 # -129 -129 -129 -129 -129 -129 -129 -129 
CPU side received count (scaleup: 3): -115 -109 -89 -120 -111 -109 -114 -87 # -129 -129 -129 -129 -129 -129 -129 -129 
CPU side received count (scaleup: 1): -109 -107 -116 -109 -97 -111 -93 -94 # -129 -129 -129 -129 -129 -129 -257 -129 
CPU side received count (scaleup: 4): -95 -97 -102 -92 -95 -107 -94 -98 # -129 -129 -129 -129 -129 -129 -129 -129 
CPU side received count (scaleup: 2): -108 -104 -115 -107 -97 -76 -107 -109 # -129 -129 -129 -129 -129 -129 -129 -129 
CPU side received count (scaleup: 5): -108 -114 -112 -103 -98 -104 -102 -97 # -257 -129 -129 -129 -129 -129 -129 -129 
CPU side received count (scaleup: 7): -102 -107 -103 -107 -101 -104 -111 -94 # -129 -129 -129 -129 -129 -129 -129 -129 
Elastic buffer uses 4 channels per SM
Elastic buffer uses 4 channels per SM
Elastic buffer uses 4 channels per SM
Elastic buffer uses 4 channels per SM
Elastic buffer uses 4 channels per SM
Elastic buffer uses 4 channels per SM
Elastic buffer uses 4 channels per SM
Elastic buffer uses 4 channels per SM
CPU side received count (scaleup: 6): -120 -114 -99 -100 -98 -78 -102 -100 # -129 -129 -129 -129 -129 -129 -129 -129 
CPU side received count (scaleup: 5): -108 -114 -112 -103 -98 -104 -102 -97 # -257 -129 -129 -129 -129 -129 -129 -129 
CPU side received count (scaleup: 0): -110 -105 -102 -106 -108 -105 -101 -102 # -129 -129 -129 -129 -129 -129 -129 -129 
CPU side received count (scaleup: 4): -95 -97 -102 -92 -95 -107 -94 -98 # -129 -129 -129 -129 -129 -129 -129 -129 
CPU side received count (scaleup: 7): -102 -107 -103 -107 -101 -104 -111 -94 # -129 -129 -129 -129 -129 -129 -129 -129 
CPU side received count (scaleup: 3): -115 -109 -89 -120 -111 -109 -114 -87 # -129 -129 -129 -129 -129 -129 -129 -129 
CPU side received count (scaleup: 1): -109 -107 -116 -109 -97 -111 -93 -94 # -129 -129 -129 -129 -129 -129 -257 -129 
CPU side received count (scaleup: 2): -108 -104 -115 -107 -97 -76 -107 -109 # -129 -129 -129 -129 -129 -129 -129 -129 
Elastic buffer uses 4 channels per SM
Elastic buffer uses 4 channels per SM
Elastic buffer uses 4 channels per SM
Elastic buffer uses 4 channels per SM
Elastic buffer uses 4 channels per SM
Elastic buffer uses 4 channels per SM
Elastic buffer uses 4 channels per SM
Elastic buffer uses 4 channels per SM
CPU side received count (scaleup: 6): -120 -114 -99 -100 -98 -78 -102 -100 # -129 -129 -129 -129 -129 -129 -129 -129 
CPU side received count (scaleup: 5): -108 -114 -112 -103 -98 -104 -102 -97 # -257 -129 -129 -129 -129 -129 -129 -129 
CPU side received count (scaleup: 0): -110 -105 -102 -106 -108 -105 -101 -102 # -129 -129 -129 -129 -129 -129 -129 -129 
CPU side received count (scaleup: 3): -115 -109 -89 -120 -111 -109 -114 -87 # -129 -129 -129 -129 -129 -129 -129 -129 
CPU side received count (scaleup: 7): -102 -107 -103 -107 -101 -104 -111 -94 # -129 -129 -129 -129 -129 -129 -129 -129 
CPU side received count (scaleup: 2): -108 -104 -115 -107 -97 -76 -107 -109 # -129 -129 -129 -129 -129 -129 -129 -129 
CPU side received count (scaleup: 1): -109 -107 -116 -109 -97 -111 -93 -94 # -129 -129 -129 -129 -129 -129 -257 -129 
CPU side received count (scaleup: 4): -95 -97 -102 -92 -95 -107 -94 -98 # -129 -129 -129 -129 -129 -129 -129 -129 
Elastic buffer uses 4 channels per SM
Elastic buffer uses 4 channels per SM
Elastic buffer uses 4 channels per SM
Elastic buffer uses 4 channels per SM
Elastic buffer uses 4 channels per SM
Elastic buffer uses 4 channels per SM
Elastic buffer uses 4 channels per SM
Elastic buffer uses 4 channels per SM
CPU side received count (scaleup: 6): -120 -114 -99 -100 -98 -78 -102 -100 # -129 -129 -129 -129 -129 -129 -129 -129 
CPU side received count (scaleup: 5): -108 -114 -112 -103 -98 -104 -102 -97 # -257 -129 -129 -129 -129 -129 -129 -129 
CPU side received count (scaleup: 3): -115 -109 -89 -120 -111 -109 -114 -87 # -129 -129 -129 -129 -129 -129 -129 -129 
CPU side received count (scaleup: 0): -110 -105 -102 -106 -108 -105 -101 -102 # -129 -129 -129 -129 -129 -129 -129 -129 
CPU side received count (scaleup: 7): -102 -107 -103 -107 -101 -104 -111 -94 # -129 -129 -129 -129 -129 -129 -129 -129 
CPU side received count (scaleup: 4): -95 -97 -102 -92 -95 -107 -94 -98 # -129 -129 -129 -129 -129 -129 -129 -129 
CPU side received count (scaleup: 1): -109 -107 -116 -109 -97 -111 -93 -94 # -129 -129 -129 -129 -129 -129 -257 -129 
CPU side received count (scaleup: 2): -108 -104 -115 -107 -97 -76 -107 -109 # -129 -129 -129 -129 -129 -129 -129 -129 
Elastic buffer uses 4 channels per SM
Elastic buffer uses 4 channels per SM
Elastic buffer uses 4 channels per SM
Elastic buffer uses 4 channels per SM
Elastic buffer uses 4 channels per SM
Elastic buffer uses 4 channels per SM
Elastic buffer uses 4 channels per SM
Elastic buffer uses 4 channels per SM
CPU side received count (scaleup: 3): -115 -109 -89 -120 -111 -109 -114 -87 # -129 -129 -129 -129 -129 -129 -129 -129 
CPU side received count (scaleup: 5): -108 -114 -112 -103 -98 -104 -102 -97 # -257 -129 -129 -129 -129 -129 -129 -129 
CPU side received count (scaleup: 0): -110 -105 -102 -106 -108 -105 -101 -102 # -129 -129 -129 -129 -129 -129 -129 -129 
CPU side received count (scaleup: 6): -120 -114 -99 -100 -98 -78 -102 -100 # -129 -129 -129 -129 -129 -129 -129 -129 
CPU side received count (scaleup: 1): -109 -107 -116 -109 -97 -111 -93 -94 # -129 -129 -129 -129 -129 -129 -257 -129 
CPU side received count (scaleup: 4): -95 -97 -102 -92 -95 -107 -94 -98 # -129 -129 -129 -129 -129 -129 -129 -129 
CPU side received count (scaleup: 2): -108 -104 -115 -107 -97 -76 -107 -109 # -129 -129 -129 -129 -129 -129 -129 -129 
CPU side received count (scaleup: 7): -102 -107 -103 -107 -101 -104 -111 -94 # -129 -129 -129 -129 -129 -129 -129 -129 
Elastic buffer uses 4 channels per SM
Elastic buffer uses 4 channels per SM
Elastic buffer uses 4 channels per SM
Elastic buffer uses 4 channels per SM
Elastic buffer uses 4 channels per SM
Elastic buffer uses 4 channels per SM
Elastic buffer uses 4 channels per SM
Elastic buffer uses 4 channels per SM
CPU side received count (scaleup: 5): -108 -114 -112 -103 -98 -104 -102 -97 # -257 -129 -129 -129 -129 -129 -129 -129 
CPU side received count (scaleup: 6): -120 -114 -99 -100 -98 -78 -102 -100 # -129 -129 -129 -129 -129 -129 -129 -129 
CPU side received count (scaleup: 3): -115 -109 -89 -120 -111 -109 -114 -87 # -129 -129 -129 -129 -129 -129 -129 -129 
CPU side received count (scaleup: 0): -110 -105 -102 -106 -108 -105 -101 -102 # -129 -129 -129 -129 -129 -129 -129 -129 
CPU side received count (scaleup: 7): -102 -107 -103 -107 -101 -104 -111 -94 # -129 -129 -129 -129 -129 -129 -129 -129 
CPU side received count (scaleup: 1): -109 -107 -116 -109 -97 -111 -93 -94 # -129 -129 -129 -129 -129 -129 -257 -129 
CPU side received count (scaleup: 4): -95 -97 -102 -92 -95 -107 -94 -98 # -129 -129 -129 -129 -129 -129 -129 -129 
CPU side received count (scaleup: 2): -108 -104 -115 -107 -97 -76 -107 -109 # -129 -129 -129 -129 -129 -129 -129 -129 
Elastic buffer uses 4 channels per SM
Elastic buffer uses 4 channels per SM
Elastic buffer uses 4 channels per SM
Elastic buffer uses 4 channels per SM
Elastic buffer uses 4 channels per SM
Elastic buffer uses 4 channels per SM
Elastic buffer uses 4 channels per SM
Elastic buffer uses 4 channels per SM
CPU side received count (scaleup: 5): -108 -114 -112 -103 -98 -104 -102 -97 # -257 -129 -129 -129 -129 -129 -129 -129 
CPU side received count (scaleup: 6): -120 -114 -99 -100 -98 -78 -102 -100 # -129 -129 -129 -129 -129 -129 -129 -129 
CPU side received count (scaleup: 0): -110 -105 -102 -106 -108 -105 -101 -102 # -129 -129 -129 -129 -129 -129 -129 -129 
CPU side received count (scaleup: 3): -115 -109 -89 -120 -111 -109 -114 -87 # -129 -129 -129 -129 -129 -129 -129 -129 
CPU side received count (scaleup: 1): -109 -107 -116 -109 -97 -111 -93 -94 # -129 -129 -129 -129 -129 -129 -257 -129 
CPU side received count (scaleup: 4): -95 -97 -102 -92 -95 -107 -94 -98 # -129 -129 -129 -129 -129 -129 -129 -129 
CPU side received count (scaleup: 2): -108 -104 -115 -107 -97 -76 -107 -109 # -129 -129 -129 -129 -129 -129 -129 -129 
CPU side received count (scaleup: 7): -102 -107 -103 -107 -101 -104 -111 -94 # -129 -129 -129 -129 -129 -129 -129 -129 
Elastic buffer uses 4 channels per SM
Elastic buffer uses 4 channels per SM
Elastic buffer uses 4 channels per SM
Elastic buffer uses 4 channels per SM
Elastic buffer uses 4 channels per SM
Elastic buffer uses 4 channels per SM
Elastic buffer uses 4 channels per SM
Elastic buffer uses 4 channels per SM
CPU side received count (scaleup: 5): -108 -114 -112 -103 -98 -104 -102 -97 # -257 -129 -129 -129 -129 -129 -129 -129 
CPU side received count (scaleup: 6): -120 -114 -99 -100 -98 -78 -102 -100 # -129 -129 -129 -129 -129 -129 -129 -129 
CPU side received count (scaleup: 0): -110 -105 -102 -106 -108 -105 -101 -102 # -129 -129 -129 -129 -129 -129 -129 -129 
CPU side received count (scaleup: 3): -115 -109 -89 -120 -111 -109 -114 -87 # -129 -129 -129 -129 -129 -129 -129 -129 
CPU side received count (scaleup: 4): -95 -97 -102 -92 -95 -107 -94 -98 # -129 -129 -129 -129 -129 -129 -129 -129 
CPU side received count (scaleup: 1): -109 -107 -116 -109 -97 -111 -93 -94 # -129 -129 -129 -129 -129 -129 -257 -129 
CPU side received count (scaleup: 2): -108 -104 -115 -107 -97 -76 -107 -109 # -129 -129 -129 -129 -129 -129 -129 -129 
CPU side received count (scaleup: 7): -102 -107 -103 -107 -101 -104 -111 -94 # -129 -129 -129 -129 -129 -129 -129 -129 
Elastic buffer uses 4 channels per SM
Elastic buffer uses 4 channels per SM
Elastic buffer uses 4 channels per SM
Elastic buffer uses 4 channels per SM
Elastic buffer uses 4 channels per SM
Elastic buffer uses 4 channels per SM
Elastic buffer uses 4 channels per SM
Elastic buffer uses 4 channels per SM
CPU side received count (scaleup: 5): -108 -114 -112 -103 -98 -104 -102 -97 # -257 -129 -129 -129 -129 -129 -129 -129 
CPU side received count (scaleup: 4): -95 -97 -102 -92 -95 -107 -94 -98 # -129 -129 -129 -129 -129 -129 -129 -129 
CPU side received count (scaleup: 6): -120 -114 -99 -100 -98 -78 -102 -100 # -129 -129 -129 -129 -129 -129 -129 -129 
CPU side received count (scaleup: 1): -109 -107 -116 -109 -97 -111 -93 -94 # -129 -129 -129 -129 -129 -129 -257 -129 
CPU side received count (scaleup: 0): -110 -105 -102 -106 -108 -105 -101 -102 # -129 -129 -129 -129 -129 -129 -129 -129 
CPU side received count (scaleup: 2): -108 -104 -115 -107 -97 -76 -107 -109 # -129 -129 -129 -129 -129 -129 -129 -129 
CPU side received count (scaleup: 3): -115 -109 -89 -120 -111 -109 -114 -87 # -129 -129 -129 -129 -129 -129 -129 -129 
CPU side received count (scaleup: 7): -102 -107 -103 -107 -101 -104 -111 -94 # -129 -129 -129 -129 -129 -129 -129 -129 
Elastic buffer uses 4 channels per SM
Elastic buffer uses 4 channels per SM
Elastic buffer uses 4 channels per SM
Elastic buffer uses 4 channels per SM
Elastic buffer uses 4 channels per SM
Elastic buffer uses 4 channels per SM
Elastic buffer uses 4 channels per SM
Elastic buffer uses 4 channels per SM
CPU side received count (scaleup: 5): -108 -114 -112 -103 -98 -104 -102 -97 # -257 -129 -129 -129 -129 -129 -129 -129 
CPU side received count (scaleup: 6): -120 -114 -99 -100 -98 -78 -102 -100 # -129 -129 -129 -129 -129 -129 -129 -129 
CPU side received count (scaleup: 4): -95 -97 -102 -92 -95 -107 -94 -98 # -129 -129 -129 -129 -129 -129 -129 -129 
CPU side received count (scaleup: 1): -109 -107 -116 -109 -97 -111 -93 -94 # -129 -129 -129 -129 -129 -129 -257 -129 
CPU side received count (scaleup: 3): -115 -109 -89 -120 -111 -109 -114 -87 # -129 -129 -129 -129 -129 -129 -129 -129 
CPU side received count (scaleup: 0): -110 -105 -102 -106 -108 -105 -101 -102 # -129 -129 -129 -129 -129 -129 -129 -129 
CPU side received count (scaleup: 2): -108 -104 -115 -107 -97 -76 -107 -109 # -129 -129 -129 -129 -129 -129 -129 -129 
CPU side received count (scaleup: 7): -102 -107 -103 -107 -101 -104 -111 -94 # -129 -129 -129 -129 -129 -129 -129 -129 
Elastic buffer uses 4 channels per SM
Elastic buffer uses 4 channels per SM
Elastic buffer uses 4 channels per SM
Elastic buffer uses 4 channels per SM
Elastic buffer uses 4 channels per SM
Elastic buffer uses 4 channels per SM
Elastic buffer uses 4 channels per SM
Elastic buffer uses 4 channels per SM
CPU side received count (scaleup: 5): -108 -114 -112 -103 -98 -104 -102 -97 # -257 -129 -129 -129 -129 -129 -129 -129 
CPU side received count (scaleup: 6): -120 -114 -99 -100 -98 -78 -102 -100 # -129 -129 -129 -129 -129 -129 -129 -129 
CPU side received count (scaleup: 4): -95 -97 -102 -92 -95 -107 -94 -98 # -129 -129 -129 -129 -129 -129 -129 -129 
CPU side received count (scaleup: 1): -109 -107 -116 -109 -97 -111 -93 -94 # -129 -129 -129 -129 -129 -129 -257 -129 
CPU side received count (scaleup: 0): -110 -105 -102 -106 -108 -105 -101 -102 # -129 -129 -129 -129 -129 -129 -129 -129 
CPU side received count (scaleup: 3): -115 -109 -89 -120 -111 -109 -114 -87 # -129 -129 -129 -129 -129 -129 -129 -129 
CPU side received count (scaleup: 2): -108 -104 -115 -107 -97 -76 -107 -109 # -129 -129 -129 -129 -129 -129 -129 -129 
CPU side received count (scaleup: 7): -102 -107 -103 -107 -101 -104 -111 -94 # -129 -129 -129 -129 -129 -129 -129 -129 
Elastic buffer uses 4 channels per SM
Elastic buffer uses 4 channels per SM
Elastic buffer uses 4 channels per SM
Elastic buffer uses 4 channels per SM
Elastic buffer uses 4 channels per SM
Elastic buffer uses 4 channels per SM
Elastic buffer uses 4 channels per SM
Elastic buffer uses 4 channels per SM
CPU side received count (scaleup: 1): -109 -107 -116 -109 -97 -111 -93 -94 # -129 -129 -129 -129 -129 -129 -257 -129 
CPU side received count (scaleup: 0): -110 -105 -102 -106 -108 -105 -101 -102 # -129 -129 -129 -129 -129 -129 -129 -129 
CPU side received count (scaleup: 5): -108 -114 -112 -103 -98 -104 -102 -97 # -257 -129 -129 -129 -129 -129 -129 -129 
CPU side received count (scaleup: 3): -115 -109 -89 -120 -111 -109 -114 -87 # -129 -129 -129 -129 -129 -129 -129 -129 
CPU side received count (scaleup: 6): -120 -114 -99 -100 -98 -78 -102 -100 # -129 -129 -129 -129 -129 -129 -129 -129 
CPU side received count (scaleup: 4): -95 -97 -102 -92 -95 -107 -94 -98 # -129 -129 -129 -129 -129 -129 -129 -129 
CPU side received count (scaleup: 2): -108 -104 -115 -107 -97 -76 -107 -109 # -129 -129 -129 -129 -129 -129 -129 -129 
CPU side received count (scaleup: 7): -102 -107 -103 -107 -101 -104 -111 -94 # -129 -129 -129 -129 -129 -129 -129 -129 
Elastic buffer uses 4 channels per SM
Elastic buffer uses 4 channels per SM
Elastic buffer uses 4 channels per SM
Elastic buffer uses 4 channels per SM
Elastic buffer uses 4 channels per SM
Elastic buffer uses 4 channels per SM
Elastic buffer uses 4 channels per SM
Elastic buffer uses 4 channels per SM
CPU side received count (scaleup: 0): -110 -105 -102 -106 -108 -105 -101 -102 # -129 -129 -129 -129 -129 -129 -129 -129 
CPU side received count (scaleup: 3): -115 -109 -89 -120 -111 -109 -114 -87 # -129 -129 -129 -129 -129 -129 -129 -129 
CPU side received count (scaleup: 6): -120 -114 -99 -100 -98 -78 -102 -100 # -129 -129 -129 -129 -129 -129 -129 -129 
CPU side received count (scaleup: 1): -109 -107 -116 -109 -97 -111 -93 -94 # -129 -129 -129 -129 -129 -129 -257 -129 
CPU side received count (scaleup: 2): -108 -104 -115 -107 -97 -76 -107 -109 # -129 -129 -129 -129 -129 -129 -129 -129 
CPU side received count (scaleup: 5): -108 -114 -112 -103 -98 -104 -102 -97 # -257 -129 -129 -129 -129 -129 -129 -129 
CPU side received count (scaleup: 4): -95 -97 -102 -92 -95 -107 -94 -98 # -129 -129 -129 -129 -129 -129 -129 -129 
CPU side received count (scaleup: 7): -102 -107 -103 -107 -101 -104 -111 -94 # -129 -129 -129 -129 -129 -129 -129 -129 
Elastic buffer uses 4 channels per SM
Elastic buffer uses 4 channels per SM
Elastic buffer uses 4 channels per SM
Elastic buffer uses 4 channels per SM
Elastic buffer uses 4 channels per SM
Elastic buffer uses 4 channels per SM
Elastic buffer uses 4 channels per SM
Elastic buffer uses 4 channels per SM
CPU side received count (scaleup: 5): -108 -114 -112 -103 -98 -104 -102 -97 # -257 -129 -129 -129 -129 -129 -129 -129 
CPU side received count (scaleup: 6): -120 -114 -99 -100 -98 -78 -102 -100 # -129 -129 -129 -129 -129 -129 -129 -129 
CPU side received count (scaleup: 0): -110 -105 -102 -106 -108 -105 -101 -102 # -129 -129 -129 -129 -129 -129 -129 -129 
CPU side received count (scaleup: 3): -115 -109 -89 -120 -111 -109 -114 -87 # -129 -129 -129 -129 -129 -129 -129 -129 
CPU side received count (scaleup: 1): -109 -107 -116 -109 -97 -111 -93 -94 # -129 -129 -129 -129 -129 -129 -257 -129 
CPU side received count (scaleup: 2): -108 -104 -115 -107 -97 -76 -107 -109 # -129 -129 -129 -129 -129 -129 -129 -129 
CPU side received count (scaleup: 4): -95 -97 -102 -92 -95 -107 -94 -98 # -129 -129 -129 -129 -129 -129 -129 -129 
CPU side received count (scaleup: 7): -102 -107 -103 -107 -101 -104 -111 -94 # -129 -129 -129 -129 -129 -129 -129 -129 
Elastic buffer uses 4 channels per SM
Elastic buffer uses 4 channels per SM
Elastic buffer uses 4 channels per SM
Elastic buffer uses 4 channels per SM
Elastic buffer uses 4 channels per SM
Elastic buffer uses 4 channels per SM
Elastic buffer uses 4 channels per SM
Elastic buffer uses 4 channels per SM
CPU side received count (scaleup: 5): -108 -114 -112 -103 -98 -104 -102 -97 # -257 -129 -129 -129 -129 -129 -129 -129 
CPU side received count (scaleup: 6): -120 -114 -99 -100 -98 -78 -102 -100 # -129 -129 -129 -129 -129 -129 -129 -129 
CPU side received count (scaleup: 0): -110 -105 -102 -106 -108 -105 -101 -102 # -129 -129 -129 -129 -129 -129 -129 -129 
CPU side received count (scaleup: 3): -115 -109 -89 -120 -111 -109 -114 -87 # -129 -129 -129 -129 -129 -129 -129 -129 
CPU side received count (scaleup: 4): -95 -97 -102 -92 -95 -107 -94 -98 # -129 -129 -129 -129 -129 -129 -129 -129 
CPU side received count (scaleup: 1): -109 -107 -116 -109 -97 -111 -93 -94 # -129 -129 -129 -129 -129 -129 -257 -129 
CPU side received count (scaleup: 2): -108 -104 -115 -107 -97 -76 -107 -109 # -129 -129 -129 -129 -129 -129 -129 -129 
CPU side received count (scaleup: 7): -102 -107 -103 -107 -101 -104 -111 -94 # -129 -129 -129 -129 -129 -129 -129 -129 
Elastic buffer uses 4 channels per SM
Elastic buffer uses 4 channels per SM
Elastic buffer uses 4 channels per SM
Elastic buffer uses 4 channels per SM
Elastic buffer uses 4 channels per SM
Elastic buffer uses 4 channels per SM
Elastic buffer uses 4 channels per SM
Elastic buffer uses 4 channels per SM
CPU side received count (scaleup: 5): -108 -114 -112 -103 -98 -104 -102 -97 # -257 -129 -129 -129 -129 -129 -129 -129 
CPU side received count (scaleup: 6): -120 -114 -99 -100 -98 -78 -102 -100 # -129 -129 -129 -129 -129 -129 -129 -129 
CPU side received count (scaleup: 4): -95 -97 -102 -92 -95 -107 -94 -98 # -129 -129 -129 -129 -129 -129 -129 -129 
CPU side received count (scaleup: 0): -110 -105 -102 -106 -108 -105 -101 -102 # -129 -129 -129 -129 -129 -129 -129 -129 
CPU side received count (scaleup: 2): -108 -104 -115 -107 -97 -76 -107 -109 # -129 -129 -129 -129 -129 -129 -129 -129 
CPU side received count (scaleup: 1): -109 -107 -116 -109 -97 -111 -93 -94 # -129 -129 -129 -129 -129 -129 -257 -129 
CPU side received count (scaleup: 3): -115 -109 -89 -120 -111 -109 -114 -87 # -129 -129 -129 -129 -129 -129 -129 -129 
CPU side received count (scaleup: 7): -102 -107 -103 -107 -101 -104 -111 -94 # -129 -129 -129 -129 -129 -129 -129 -129 
Elastic buffer uses 4 channels per SM
Elastic buffer uses 4 channels per SM
Elastic buffer uses 4 channels per SM
Elastic buffer uses 4 channels per SM
Elastic buffer uses 4 channels per SM
Elastic buffer uses 4 channels per SM
Elastic buffer uses 4 channels per SM
Elastic buffer uses 4 channels per SM
CPU side received count (scaleup: 0): -110 -105 -102 -106 -108 -105 -101 -102 # -129 -129 -129 -129 -129 -129 -129 -129 
CPU side received count (scaleup: 3): -115 -109 -89 -120 -111 -109 -114 -87 # -129 -129 -129 -129 -129 -129 -129 -129 
CPU side received count (scaleup: 6): -120 -114 -99 -100 -98 -78 -102 -100 # -129 -129 -129 -129 -129 -129 -129 -129 
CPU side received count (scaleup: 5): -108 -114 -112 -103 -98 -104 -102 -97 # -257 -129 -129 -129 -129 -129 -129 -129 
CPU side received count (scaleup: 4): -95 -97 -102 -92 -95 -107 -94 -98 # -129 -129 -129 -129 -129 -129 -129 -129 
CPU side received count (scaleup: 1): -109 -107 -116 -109 -97 -111 -93 -94 # -129 -129 -129 -129 -129 -129 -257 -129 
CPU side received count (scaleup: 2): -108 -104 -115 -107 -97 -76 -107 -109 # -129 -129 -129 -129 -129 -129 -129 -129 
CPU side received count (scaleup: 7): -102 -107 -103 -107 -101 -104 -111 -94 # -129 -129 -129 -129 -129 -129 -129 -129 
Elastic buffer uses 4 channels per SM
Elastic buffer uses 4 channels per SM
Elastic buffer uses 4 channels per SM
Elastic buffer uses 4 channels per SM
Elastic buffer uses 4 channels per SM
Elastic buffer uses 4 channels per SM
Elastic buffer uses 4 channels per SM
Elastic buffer uses 4 channels per SM
CPU side received count (scaleup: 0): -110 -105 -102 -106 -108 -105 -101 -102 # -129 -129 -129 -129 -129 -129 -129 -129 
CPU side received count (scaleup: 6): -120 -114 -99 -100 -98 -78 -102 -100 # -129 -129 -129 -129 -129 -129 -129 -129 
CPU side received count (scaleup: 3): -115 -109 -89 -120 -111 -109 -114 -87 # -129 -129 -129 -129 -129 -129 -129 -129 
CPU side received count (scaleup: 5): -108 -114 -112 -103 -98 -104 -102 -97 # -257 -129 -129 -129 -129 -129 -129 -129 
CPU side received count (scaleup: 2): -108 -104 -115 -107 -97 -76 -107 -109 # -129 -129 -129 -129 -129 -129 -129 -129 
CPU side received count (scaleup: 1): -109 -107 -116 -109 -97 -111 -93 -94 # -129 -129 -129 -129 -129 -129 -257 -129 
CPU side received count (scaleup: 4): -95 -97 -102 -92 -95 -107 -94 -98 # -129 -129 -129 -129 -129 -129 -129 -129 
CPU side received count (scaleup: 7): -102 -107 -103 -107 -101 -104 -111 -94 # -129 -129 -129 -129 -129 -129 -129 -129 
Elastic buffer uses 4 channels per SM
Elastic buffer uses 4 channels per SM
Elastic buffer uses 4 channels per SM
Elastic buffer uses 4 channels per SM
Elastic buffer uses 4 channels per SM
Elastic buffer uses 4 channels per SM
Elastic buffer uses 4 channels per SM
Elastic buffer uses 4 channels per SM
CPU side received count (scaleup: 5): -108 -114 -112 -103 -98 -104 -102 -97 # -257 -129 -129 -129 -129 -129 -129 -129 
CPU side received count (scaleup: 6): -120 -114 -99 -100 -98 -78 -102 -100 # -129 -129 -129 -129 -129 -129 -129 -129 
CPU side received count (scaleup: 0): -110 -105 -102 -106 -108 -105 -101 -102 # -129 -129 -129 -129 -129 -129 -129 -129 
CPU side received count (scaleup: 3): -115 -109 -89 -120 -111 -109 -114 -87 # -129 -129 -129 -129 -129 -129 -129 -129 
CPU side received count (scaleup: 2): -108 -104 -115 -107 -97 -76 -107 -109 # -129 -129 -129 -129 -129 -129 -129 -129 
CPU side received count (scaleup: 1): -109 -107 -116 -109 -97 -111 -93 -94 # -129 -129 -129 -129 -129 -129 -257 -129 
CPU side received count (scaleup: 4): -95 -97 -102 -92 -95 -107 -94 -98 # -129 -129 -129 -129 -129 -129 -129 -129 
CPU side received count (scaleup: 7): -102 -107 -103 -107 -101 -104 -111 -94 # -129 -129 -129 -129 -129 -129 -129 -129 
Elastic buffer uses 4 channels per SM
Elastic buffer uses 4 channels per SM
Elastic buffer uses 4 channels per SM
Elastic buffer uses 4 channels per SM
Elastic buffer uses 4 channels per SM
Elastic buffer uses 4 channels per SM
Elastic buffer uses 4 channels per SM
Elastic buffer uses 4 channels per SM
CPU side received count (scaleup: 5): -108 -114 -112 -103 -98 -104 -102 -97 # -257 -129 -129 -129 -129 -129 -129 -129 
CPU side received count (scaleup: 6): -120 -114 -99 -100 -98 -78 -102 -100 # -129 -129 -129 -129 -129 -129 -129 -129 
CPU side received count (scaleup: 0): -110 -105 -102 -106 -108 -105 -101 -102 # -129 -129 -129 -129 -129 -129 -129 -129 
CPU side received count (scaleup: 3): -115 -109 -89 -120 -111 -109 -114 -87 # -129 -129 -129 -129 -129 -129 -129 -129 
CPU side received count (scaleup: 1): -109 -107 -116 -109 -97 -111 -93 -94 # -129 -129 -129 -129 -129 -129 -257 -129 
CPU side received count (scaleup: 4): -95 -97 -102 -92 -95 -107 -94 -98 # -129 -129 -129 -129 -129 -129 -129 -129 
CPU side received count (scaleup: 2): -108 -104 -115 -107 -97 -76 -107 -109 # -129 -129 -129 -129 -129 -129 -129 -129 
CPU side received count (scaleup: 7): -102 -107 -103 -107 -101 -104 -111 -94 # -129 -129 -129 -129 -129 -129 -129 -129 
Elastic buffer uses 4 channels per SM
Elastic buffer uses 4 channels per SM
Elastic buffer uses 4 channels per SM
Elastic buffer uses 4 channels per SM
Elastic buffer uses 4 channels per SM
Elastic buffer uses 4 channels per SM
Elastic buffer uses 4 channels per SM
Elastic buffer uses 4 channels per SM
CPU side received count (scaleup: 5): -108 -114 -112 -103 -98 -104 -102 -97 # -257 -129 -129 -129 -129 -129 -129 -129 
CPU side received count (scaleup: 4): -95 -97 -102 -92 -95 -107 -94 -98 # -129 -129 -129 -129 -129 -129 -129 -129 
CPU side received count (scaleup: 0): -110 -105 -102 -106 -108 -105 -101 -102 # -129 -129 -129 -129 -129 -129 -129 -129 
CPU side received count (scaleup: 3): -115 -109 -89 -120 -111 -109 -114 -87 # -129 -129 -129 -129 -129 -129 -129 -129 
CPU side received count (scaleup: 6): -120 -114 -99 -100 -98 -78 -102 -100 # -129 -129 -129 -129 -129 -129 -129 -129 
CPU side received count (scaleup: 2): -108 -104 -115 -107 -97 -76 -107 -109 # -129 -129 -129 -129 -129 -129 -129 -129 
CPU side received count (scaleup: 1): -109 -107 -116 -109 -97 -111 -93 -94 # -129 -129 -129 -129 -129 -129 -257 -129 
CPU side received count (scaleup: 7): -102 -107 -103 -107 -101 -104 -111 -94 # -129 -129 -129 -129 -129 -129 -129 -129 
Elastic buffer uses 4 channels per SM
Elastic buffer uses 4 channels per SM
Elastic buffer uses 4 channels per SM
Elastic buffer uses 4 channels per SM
Elastic buffer uses 4 channels per SM
Elastic buffer uses 4 channels per SM
Elastic buffer uses 4 channels per SM
Elastic buffer uses 4 channels per SM
CPU side received count (scaleup: 3): -115 -109 -89 -120 -111 -109 -114 -87 # -129 -129 -129 -129 -129 -129 -129 -129 
CPU side received count (scaleup: 0): -110 -105 -102 -106 -108 -105 -101 -102 # -129 -129 -129 -129 -129 -129 -129 -129 
CPU side received count (scaleup: 6): -120 -114 -99 -100 -98 -78 -102 -100 # -129 -129 -129 -129 -129 -129 -129 -129 
CPU side received count (scaleup: 5): -108 -114 -112 -103 -98 -104 -102 -97 # -257 -129 -129 -129 -129 -129 -129 -129 
CPU side received count (scaleup: 2): -108 -104 -115 -107 -97 -76 -107 -109 # -129 -129 -129 -129 -129 -129 -129 -129 
CPU side received count (scaleup: 1): -109 -107 -116 -109 -97 -111 -93 -94 # -129 -129 -129 -129 -129 -129 -257 -129 
CPU side received count (scaleup: 4): -95 -97 -102 -92 -95 -107 -94 -98 # -129 -129 -129 -129 -129 -129 -129 -129 
CPU side received count (scaleup: 7): -102 -107 -103 -107 -101 -104 -111 -94 # -129 -129 -129 -129 -129 -129 -129 -129 
USDT:2026-08-25 02:49:23 436:436 SyncActivityProfilerHandler.cpp:52] profiler_startUSDT:2026-08-25 02:49:23 438:438 SyncActivityProfilerHandler.cpp:52] profiler_startUSDT:2026-08-25 02:49:23 439:439 SyncActivityProfilerHandler.cpp:52] profiler_startUSDT:2026-08-25 02:49:23 437:437 SyncActivityProfilerHandler.cpp:52] profiler_startUSDT:2026-08-25 02:49:23 435:435 SyncActivityProfilerHandler.cpp:52] profiler_start
USDT:2026-08-25 02:49:23 434:434 SyncActivityProfilerHandler.cpp:52] profiler_start



USDT:2026-08-25 02:49:23 440:440 SyncActivityProfilerHandler.cpp:52] profiler_start

USDT:2026-08-25 02:49:23 433:433 SyncActivityProfilerHandler.cpp:52] profiler_start
Elastic buffer uses 4 channels per SM
Elastic buffer uses 4 channels per SM
Elastic buffer uses 4 channels per SM
Elastic buffer uses 4 channels per SM
Elastic buffer uses 4 channels per SM
Elastic buffer uses 4 channels per SM
Elastic buffer uses 4 channels per SM
Elastic buffer uses 4 channels per SM
CPU side received count (scaleup: 5): -108 -114 -112 -103 -98 -104 -102 -97 # -257 -129 -129 -129 -129 -129 -129 -129 
CPU side received count (scaleup: 6): -120 -114 -99 -100 -98 -78 -102 -100 # -129 -129 -129 -129 -129 -129 -129 -129 
CPU side received count (scaleup: 0): -110 -105 -102 -106 -108 -105 -101 -102 # -129 -129 -129 -129 -129 -129 -129 -129 
CPU side received count (scaleup: 3): -115 -109 -89 -120 -111 -109 -114 -87 # -129 -129 -129 -129 -129 -129 -129 -129 
CPU side received count (scaleup: 4): -95 -97 -102 -92 -95 -107 -94 -98 # -129 -129 -129 -129 -129 -129 -129 -129 
CPU side received count (scaleup: 1): -109 -107 -116 -109 -97 -111 -93 -94 # -129 -129 -129 -129 -129 -129 -257 -129 
CPU side received count (scaleup: 2): -108 -104 -115 -107 -97 -76 -107 -109 # -129 -129 -129 -129 -129 -129 -129 -129 
CPU side received count (scaleup: 7): -102 -107 -103 -107 -101 -104 -111 -94 # -129 -129 -129 -129 -129 -129 -129 -129 
Elastic buffer uses 4 channels per SM
Elastic buffer uses 4 channels per SM
Elastic buffer uses 4 channels per SM
Elastic buffer uses 4 channels per SM
Elastic buffer uses 4 channels per SM
Elastic buffer uses 4 channels per SM
Elastic buffer uses 4 channels per SM
Elastic buffer uses 4 channels per SM
CPU side received count (scaleup: 1): -109 -107 -116 -109 -97 -111 -93 -94 # -129 -129 -129 -129 -129 -129 -257 -129 
CPU side received count (scaleup: 4): -95 -97 -102 -92 -95 -107 -94 -98 # -129 -129 -129 -129 -129 -129 -129 -129 
CPU side received count (scaleup: 3): -115 -109 -89 -120 -111 -109 -114 -87 # -129 -129 -129 -129 -129 -129 -129 -129 
CPU side received count (scaleup: 0): -110 -105 -102 -106 -108 -105 -101 -102 # -129 -129 -129 -129 -129 -129 -129 -129 
CPU side received count (scaleup: 6): -120 -114 -99 -100 -98 -78 -102 -100 # -129 -129 -129 -129 -129 -129 -129 -129 
CPU side received count (scaleup: 5): -108 -114 -112 -103 -98 -104 -102 -97 # -257 -129 -129 -129 -129 -129 -129 -129 
CPU side received count (scaleup: 2): -108 -104 -115 -107 -97 -76 -107 -109 # -129 -129 -129 -129 -129 -129 -129 -129 
CPU side received count (scaleup: 7): -102 -107 -103 -107 -101 -104 -111 -94 # -129 -129 -129 -129 -129 -129 -129 -129 
Elastic buffer uses 4 channels per SM
Elastic buffer uses 4 channels per SM
Elastic buffer uses 4 channels per SM
Elastic buffer uses 4 channels per SM
Elastic buffer uses 4 channels per SM
Elastic buffer uses 4 channels per SM
Elastic buffer uses 4 channels per SM
Elastic buffer uses 4 channels per SM
CPU side received count (scaleup: 6): -120 -114 -99 -100 -98 -78 -102 -100 # -129 -129 -129 -129 -129 -129 -129 -129 
CPU side received count (scaleup: 4): -95 -97 -102 -92 -95 -107 -94 -98 # -129 -129 -129 -129 -129 -129 -129 -129 
CPU side received count (scaleup: 7): -102 -107 -103 -107 -101 -104 -111 -94 # -129 -129 -129 -129 -129 -129 -129 -129 
CPU side received count (scaleup: 5): -108 -114 -112 -103 -98 -104 -102 -97 # -257 -129 -129 -129 -129 -129 -129 -129 
CPU side received count (scaleup: 2): -108 -104 -115 -107 -97 -76 -107 -109 # -129 -129 -129 -129 -129 -129 -129 -129 
CPU side received count (scaleup: 0): -110 -105 -102 -106 -108 -105 -101 -102 # -129 -129 -129 -129 -129 -129 -129 -129 
CPU side received count (scaleup: 1): -109 -107 -116 -109 -97 -111 -93 -94 # -129 -129 -129 -129 -129 -129 -257 -129 
CPU side received count (scaleup: 3): -115 -109 -89 -120 -111 -109 -114 -87 # -129 -129 -129 -129 -129 -129 -129 -129 
Elastic buffer uses 4 channels per SM
Elastic buffer uses 4 channels per SM
Elastic buffer uses 4 channels per SM
Elastic buffer uses 4 channels per SM
Elastic buffer uses 4 channels per SM
Elastic buffer uses 4 channels per SM
Elastic buffer uses 4 channels per SM
Elastic buffer uses 4 channels per SM
CPU side received count (scaleup: 6): -120 -114 -99 -100 -98 -78 -102 -100 # -129 -129 -129 -129 -129 -129 -129 -129 
CPU side received count (scaleup: 5): -108 -114 -112 -103 -98 -104 -102 -97 # -257 -129 -129 -129 -129 -129 -129 -129 
CPU side received count (scaleup: 0): -110 -105 -102 -106 -108 -105 -101 -102 # -129 -129 -129 -129 -129 -129 -129 -129 
CPU side received count (scaleup: 3): -115 -109 -89 -120 -111 -109 -114 -87 # -129 -129 -129 -129 -129 -129 -129 -129 
CPU side received count (scaleup: 1): -109 -107 -116 -109 -97 -111 -93 -94 # -129 -129 -129 -129 -129 -129 -257 -129 
CPU side received count (scaleup: 2): -108 -104 -115 -107 -97 -76 -107 -109 # -129 -129 -129 -129 -129 -129 -129 -129 
CPU side received count (scaleup: 4): -95 -97 -102 -92 -95 -107 -94 -98 # -129 -129 -129 -129 -129 -129 -129 -129 
CPU side received count (scaleup: 7): -102 -107 -103 -107 -101 -104 -111 -94 # -129 -129 -129 -129 -129 -129 -129 -129 
Elastic buffer uses 4 channels per SM
Elastic buffer uses 4 channels per SM
Elastic buffer uses 4 channels per SM
Elastic buffer uses 4 channels per SM
Elastic buffer uses 4 channels per SM
Elastic buffer uses 4 channels per SM
Elastic buffer uses 4 channels per SM
Elastic buffer uses 4 channels per SM
CPU side received count (scaleup: 6): -120 -114 -99 -100 -98 -78 -102 -100 # -129 -129 -129 -129 -129 -129 -129 -129 
CPU side received count (scaleup: 5): -108 -114 -112 -103 -98 -104 -102 -97 # -257 -129 -129 -129 -129 -129 -129 -129 
CPU side received count (scaleup: 1): -109 -107 -116 -109 -97 -111 -93 -94 # -129 -129 -129 -129 -129 -129 -257 -129 
CPU side received count (scaleup: 0): -110 -105 -102 -106 -108 -105 -101 -102 # -129 -129 -129 -129 -129 -129 -129 -129 
CPU side received count (scaleup: 4): -95 -97 -102 -92 -95 -107 -94 -98 # -129 -129 -129 -129 -129 -129 -129 -129 
CPU side received count (scaleup: 2): -108 -104 -115 -107 -97 -76 -107 -109 # -129 -129 -129 -129 -129 -129 -129 -129 
CPU side received count (scaleup: 3): -115 -109 -89 -120 -111 -109 -114 -87 # -129 -129 -129 -129 -129 -129 -129 -129 
CPU side received count (scaleup: 7): -102 -107 -103 -107 -101 -104 -111 -94 # -129 -129 -129 -129 -129 -129 -129 -129 
Elastic buffer uses 4 channels per SM
Elastic buffer uses 4 channels per SM
Elastic buffer uses 4 channels per SM
Elastic buffer uses 4 channels per SM
Elastic buffer uses 4 channels per SM
Elastic buffer uses 4 channels per SM
Elastic buffer uses 4 channels per SM
Elastic buffer uses 4 channels per SM
CPU side received count (scaleup: 1): -109 -107 -116 -109 -97 -111 -93 -94 # -129 -129 -129 -129 -129 -129 -257 -129 
CPU side received count (scaleup: 3): -115 -109 -89 -120 -111 -109 -114 -87 # -129 -129 -129 -129 -129 -129 -129 -129 
CPU side received count (scaleup: 2): -108 -104 -115 -107 -97 -76 -107 -109 # -129 -129 -129 -129 -129 -129 -129 -129 
CPU side received count (scaleup: 6): -120 -114 -99 -100 -98 -78 -102 -100 # -129 -129 -129 -129 -129 -129 -129 -129 
CPU side received count (scaleup: 0): -110 -105 -102 -106 -108 -105 -101 -102 # -129 -129 -129 -129 -129 -129 -129 -129 
CPU side received count (scaleup: 5): -108 -114 -112 -103 -98 -104 -102 -97 # -257 -129 -129 -129 -129 -129 -129 -129 
CPU side received count (scaleup: 4): -95 -97 -102 -92 -95 -107 -94 -98 # -129 -129 -129 -129 -129 -129 -129 -129 
CPU side received count (scaleup: 7): -102 -107 -103 -107 -101 -104 -111 -94 # -129 -129 -129 -129 -129 -129 -129 -129 
Elastic buffer uses 4 channels per SM
Elastic buffer uses 4 channels per SM
Elastic buffer uses 4 channels per SM
Elastic buffer uses 4 channels per SM
Elastic buffer uses 4 channels per SM
Elastic buffer uses 4 channels per SM
Elastic buffer uses 4 channels per SM
Elastic buffer uses 4 channels per SM
CPU side received count (scaleup: 3): -115 -109 -89 -120 -111 -109 -114 -87 # -129 -129 -129 -129 -129 -129 -129 -129 
CPU side received count (scaleup: 5): -108 -114 -112 -103 -98 -104 -102 -97 # -257 -129 -129 -129 -129 -129 -129 -129 
CPU side received count (scaleup: 4): -95 -97 -102 -92 -95 -107 -94 -98 # -129 -129 -129 -129 -129 -129 -129 -129 
CPU side received count (scaleup: 0): -110 -105 -102 -106 -108 -105 -101 -102 # -129 -129 -129 -129 -129 -129 -129 -129 
CPU side received count (scaleup: 1): -109 -107 -116 -109 -97 -111 -93 -94 # -129 -129 -129 -129 -129 -129 -257 -129 
CPU side received count (scaleup: 6): -120 -114 -99 -100 -98 -78 -102 -100 # -129 -129 -129 -129 -129 -129 -129 -129 
CPU side received count (scaleup: 2): -108 -104 -115 -107 -97 -76 -107 -109 # -129 -129 -129 -129 -129 -129 -129 -129 
CPU side received count (scaleup: 7): -102 -107 -103 -107 -101 -104 -111 -94 # -129 -129 -129 -129 -129 -129 -129 -129 
Elastic buffer uses 4 channels per SM
Elastic buffer uses 4 channels per SM
Elastic buffer uses 4 channels per SM
Elastic buffer uses 4 channels per SM
Elastic buffer uses 4 channels per SM
Elastic buffer uses 4 channels per SM
Elastic buffer uses 4 channels per SM
Elastic buffer uses 4 channels per SM
CPU side received count (scaleup: 5): -108 -114 -112 -103 -98 -104 -102 -97 # -257 -129 -129 -129 -129 -129 -129 -129 
CPU side received count (scaleup: 6): -120 -114 -99 -100 -98 -78 -102 -100 # -129 -129 -129 -129 -129 -129 -129 -129 
CPU side received count (scaleup: 0): -110 -105 -102 -106 -108 -105 -101 -102 # -129 -129 -129 -129 -129 -129 -129 -129 
CPU side received count (scaleup: 3): -115 -109 -89 -120 -111 -109 -114 -87 # -129 -129 -129 -129 -129 -129 -129 -129 
CPU side received count (scaleup: 1): -109 -107 -116 -109 -97 -111 -93 -94 # -129 -129 -129 -129 -129 -129 -257 -129 
CPU side received count (scaleup: 4): -95 -97 -102 -92 -95 -107 -94 -98 # -129 -129 -129 -129 -129 -129 -129 -129 
CPU side received count (scaleup: 2): -108 -104 -115 -107 -97 -76 -107 -109 # -129 -129 -129 -129 -129 -129 -129 -129 
CPU side received count (scaleup: 7): -102 -107 -103 -107 -101 -104 -111 -94 # -129 -129 -129 -129 -129 -129 -129 -129 
Elastic buffer uses 4 channels per SM
Elastic buffer uses 4 channels per SM
Elastic buffer uses 4 channels per SM
Elastic buffer uses 4 channels per SM
Elastic buffer uses 4 channels per SM
Elastic buffer uses 4 channels per SM
Elastic buffer uses 4 channels per SM
Elastic buffer uses 4 channels per SM
CPU side received count (scaleup: 6): -120 -114 -99 -100 -98 -78 -102 -100 # -129 -129 -129 -129 -129 -129 -129 -129 
CPU side received count (scaleup: 5): -108 -114 -112 -103 -98 -104 -102 -97 # -257 -129 -129 -129 -129 -129 -129 -129 
CPU side received count (scaleup: 0): -110 -105 -102 -106 -108 -105 -101 -102 # -129 -129 -129 -129 -129 -129 -129 -129 
CPU side received count (scaleup: 3): -115 -109 -89 -120 -111 -109 -114 -87 # -129 -129 -129 -129 -129 -129 -129 -129 
CPU side received count (scaleup: 4): -95 -97 -102 -92 -95 -107 -94 -98 # -129 -129 -129 -129 -129 -129 -129 -129 
CPU side received count (scaleup: 1): -109 -107 -116 -109 -97 -111 -93 -94 # -129 -129 -129 -129 -129 -129 -257 -129 
CPU side received count (scaleup: 2): -108 -104 -115 -107 -97 -76 -107 -109 # -129 -129 -129 -129 -129 -129 -129 -129 
CPU side received count (scaleup: 7): -102 -107 -103 -107 -101 -104 -111 -94 # -129 -129 -129 -129 -129 -129 -129 -129 
Elastic buffer uses 4 channels per SM
Elastic buffer uses 4 channels per SM
Elastic buffer uses 4 channels per SM
Elastic buffer uses 4 channels per SM
Elastic buffer uses 4 channels per SM
Elastic buffer uses 4 channels per SM
Elastic buffer uses 4 channels per SM
Elastic buffer uses 4 channels per SM
CPU side received count (scaleup: 5): -108 -114 -112 -103 -98 -104 -102 -97 # -257 -129 -129 -129 -129 -129 -129 -129 
CPU side received count (scaleup: 6): -120 -114 -99 -100 -98 -78 -102 -100 # -129 -129 -129 -129 -129 -129 -129 -129 
CPU side received count (scaleup: 0): -110 -105 -102 -106 -108 -105 -101 -102 # -129 -129 -129 -129 -129 -129 -129 -129 
CPU side received count (scaleup: 3): -115 -109 -89 -120 -111 -109 -114 -87 # -129 -129 -129 -129 -129 -129 -129 -129 
CPU side received count (scaleup: 1): -109 -107 -116 -109 -97 -111 -93 -94 # -129 -129 -129 -129 -129 -129 -257 -129 
CPU side received count (scaleup: 2): -108 -104 -115 -107 -97 -76 -107 -109 # -129 -129 -129 -129 -129 -129 -129 -129 
CPU side received count (scaleup: 4): -95 -97 -102 -92 -95 -107 -94 -98 # -129 -129 -129 -129 -129 -129 -129 -129 
CPU side received count (scaleup: 7): -102 -107 -103 -107 -101 -104 -111 -94 # -129 -129 -129 -129 -129 -129 -129 -129 
Elastic buffer uses 4 channels per SM
Elastic buffer uses 4 channels per SM
Elastic buffer uses 4 channels per SM
Elastic buffer uses 4 channels per SM
Elastic buffer uses 4 channels per SM
Elastic buffer uses 4 channels per SM
Elastic buffer uses 4 channels per SM
Elastic buffer uses 4 channels per SM
CPU side received count (scaleup: 5): -108 -114 -112 -103 -98 -104 -102 -97 # -257 -129 -129 -129 -129 -129 -129 -129 
CPU side received count (scaleup: 6): -120 -114 -99 -100 -98 -78 -102 -100 # -129 -129 -129 -129 -129 -129 -129 -129 
CPU side received count (scaleup: 0): -110 -105 -102 -106 -108 -105 -101 -102 # -129 -129 -129 -129 -129 -129 -129 -129 
CPU side received count (scaleup: 3): -115 -109 -89 -120 -111 -109 -114 -87 # -129 -129 -129 -129 -129 -129 -129 -129 
CPU side received count (scaleup: 4): -95 -97 -102 -92 -95 -107 -94 -98 # -129 -129 -129 -129 -129 -129 -129 -129 
CPU side received count (scaleup: 1): -109 -107 -116 -109 -97 -111 -93 -94 # -129 -129 -129 -129 -129 -129 -257 -129 
CPU side received count (scaleup: 2): -108 -104 -115 -107 -97 -76 -107 -109 # -129 -129 -129 -129 -129 -129 -129 -129 
CPU side received count (scaleup: 7): -102 -107 -103 -107 -101 -104 -111 -94 # -129 -129 -129 -129 -129 -129 -129 -129 
Elastic buffer uses 4 channels per SM
Elastic buffer uses 4 channels per SM
Elastic buffer uses 4 channels per SM
Elastic buffer uses 4 channels per SM
Elastic buffer uses 4 channels per SM
Elastic buffer uses 4 channels per SM
Elastic buffer uses 4 channels per SM
Elastic buffer uses 4 channels per SM
CPU side received count (scaleup: 5): -108 -114 -112 -103 -98 -104 -102 -97 # -257 -129 -129 -129 -129 -129 -129 -129 
CPU side received count (scaleup: 6): -120 -114 -99 -100 -98 -78 -102 -100 # -129 -129 -129 -129 -129 -129 -129 -129 
CPU side received count (scaleup: 0): -110 -105 -102 -106 -108 -105 -101 -102 # -129 -129 -129 -129 -129 -129 -129 -129 
CPU side received count (scaleup: 3): -115 -109 -89 -120 -111 -109 -114 -87 # -129 -129 -129 -129 -129 -129 -129 -129 
CPU side received count (scaleup: 1): -109 -107 -116 -109 -97 -111 -93 -94 # -129 -129 -129 -129 -129 -129 -257 -129 
CPU side received count (scaleup: 2): -108 -104 -115 -107 -97 -76 -107 -109 # -129 -129 -129 -129 -129 -129 -129 -129 
CPU side received count (scaleup: 4): -95 -97 -102 -92 -95 -107 -94 -98 # -129 -129 -129 -129 -129 -129 -129 -129 
CPU side received count (scaleup: 7): -102 -107 -103 -107 -101 -104 -111 -94 # -129 -129 -129 -129 -129 -129 -129 -129 
Elastic buffer uses 4 channels per SM
Elastic buffer uses 4 channels per SM
Elastic buffer uses 4 channels per SM
Elastic buffer uses 4 channels per SM
Elastic buffer uses 4 channels per SM
Elastic buffer uses 4 channels per SM
Elastic buffer uses 4 channels per SM
Elastic buffer uses 4 channels per SM
CPU side received count (scaleup: 0): -110 -105 -102 -106 -108 -105 -101 -102 # -129 -129 -129 -129 -129 -129 -129 -129 
CPU side received count (scaleup: 3): -115 -109 -89 -120 -111 -109 -114 -87 # -129 -129 -129 -129 -129 -129 -129 -129 
CPU side received count (scaleup: 6): -120 -114 -99 -100 -98 -78 -102 -100 # -129 -129 -129 -129 -129 -129 -129 -129 
CPU side received count (scaleup: 5): -108 -114 -112 -103 -98 -104 -102 -97 # -257 -129 -129 -129 -129 -129 -129 -129 
CPU side received count (scaleup: 1): -109 -107 -116 -109 -97 -111 -93 -94 # -129 -129 -129 -129 -129 -129 -257 -129 
CPU side received count (scaleup: 4): -95 -97 -102 -92 -95 -107 -94 -98 # -129 -129 -129 -129 -129 -129 -129 -129 
CPU side received count (scaleup: 2): -108 -104 -115 -107 -97 -76 -107 -109 # -129 -129 -129 -129 -129 -129 -129 -129 
CPU side received count (scaleup: 7): -102 -107 -103 -107 -101 -104 -111 -94 # -129 -129 -129 -129 -129 -129 -129 -129 
Elastic buffer uses 4 channels per SM
Elastic buffer uses 4 channels per SM
Elastic buffer uses 4 channels per SM
Elastic buffer uses 4 channels per SM
Elastic buffer uses 4 channels per SM
Elastic buffer uses 4 channels per SM
Elastic buffer uses 4 channels per SM
Elastic buffer uses 4 channels per SM
CPU side received count (scaleup: 1): -109 -107 -116 -109 -97 -111 -93 -94 # -129 -129 -129 -129 -129 -129 -257 -129 
CPU side received count (scaleup: 2): -108 -104 -115 -107 -97 -76 -107 -109 # -129 -129 -129 -129 -129 -129 -129 -129 
CPU side received count (scaleup: 0): -110 -105 -102 -106 -108 -105 -101 -102 # -129 -129 -129 -129 -129 -129 -129 -129 
CPU side received count (scaleup: 4): -95 -97 -102 -92 -95 -107 -94 -98 # -129 -129 -129 -129 -129 -129 -129 -129 
CPU side received count (scaleup: 3): -115 -109 -89 -120 -111 -109 -114 -87 # -129 -129 -129 -129 -129 -129 -129 -129 
CPU side received count (scaleup: 6): -120 -114 -99 -100 -98 -78 -102 -100 # -129 -129 -129 -129 -129 -129 -129 -129 
CPU side received count (scaleup: 5): -108 -114 -112 -103 -98 -104 -102 -97 # -257 -129 -129 -129 -129 -129 -129 -129 
CPU side received count (scaleup: 7): -102 -107 -103 -107 -101 -104 -111 -94 # -129 -129 -129 -129 -129 -129 -129 -129 
Elastic buffer uses 4 channels per SM
Elastic buffer uses 4 channels per SM
Elastic buffer uses 4 channels per SM
Elastic buffer uses 4 channels per SM
Elastic buffer uses 4 channels per SM
Elastic buffer uses 4 channels per SM
Elastic buffer uses 4 channels per SM
Elastic buffer uses 4 channels per SM
CPU side received count (scaleup: 0): -110 -105 -102 -106 -108 -105 -101 -102 # -129 -129 -129 -129 -129 -129 -129 -129 
CPU side received count (scaleup: 5): -108 -114 -112 -103 -98 -104 -102 -97 # -257 -129 -129 -129 -129 -129 -129 -129 
CPU side received count (scaleup: 6): -120 -114 -99 -100 -98 -78 -102 -100 # -129 -129 -129 -129 -129 -129 -129 -129 
CPU side received count (scaleup: 3): -115 -109 -89 -120 -111 -109 -114 -87 # -129 -129 -129 -129 -129 -129 -129 -129 
CPU side received count (scaleup: 4): -95 -97 -102 -92 -95 -107 -94 -98 # -129 -129 -129 -129 -129 -129 -129 -129 
CPU side received count (scaleup: 2): -108 -104 -115 -107 -97 -76 -107 -109 # -129 -129 -129 -129 -129 -129 -129 -129 
CPU side received count (scaleup: 7): -102 -107 -103 -107 -101 -104 -111 -94 # -129 -129 -129 -129 -129 -129 -129 -129 
CPU side received count (scaleup: 1): -109 -107 -116 -109 -97 -111 -93 -94 # -129 -129 -129 -129 -129 -129 -257 -129 
Elastic buffer uses 4 channels per SM
Elastic buffer uses 4 channels per SM
Elastic buffer uses 4 channels per SM
Elastic buffer uses 4 channels per SM
Elastic buffer uses 4 channels per SM
Elastic buffer uses 4 channels per SM
Elastic buffer uses 4 channels per SM
Elastic buffer uses 4 channels per SM
CPU side received count (scaleup: 1): -109 -107 -116 -109 -97 -111 -93 -94 # -129 -129 -129 -129 -129 -129 -257 -129 
CPU side received count (scaleup: 2): -108 -104 -115 -107 -97 -76 -107 -109 # -129 -129 -129 -129 -129 -129 -129 -129 
CPU side received count (scaleup: 4): -95 -97 -102 -92 -95 -107 -94 -98 # -129 -129 -129 -129 -129 -129 -129 -129 
CPU side received count (scaleup: 5): -108 -114 -112 -103 -98 -104 -102 -97 # -257 -129 -129 -129 -129 -129 -129 -129 
CPU side received count (scaleup: 0): -110 -105 -102 -106 -108 -105 -101 -102 # -129 -129 -129 -129 -129 -129 -129 -129 
CPU side received count (scaleup: 3): -115 -109 -89 -120 -111 -109 -114 -87 # -129 -129 -129 -129 -129 -129 -129 -129 
CPU side received count (scaleup: 6): -120 -114 -99 -100 -98 -78 -102 -100 # -129 -129 -129 -129 -129 -129 -129 -129 
CPU side received count (scaleup: 7): -102 -107 -103 -107 -101 -104 -111 -94 # -129 -129 -129 -129 -129 -129 -129 -129 
Elastic buffer uses 4 channels per SM
Elastic buffer uses 4 channels per SM
Elastic buffer uses 4 channels per SM
Elastic buffer uses 4 channels per SM
Elastic buffer uses 4 channels per SM
Elastic buffer uses 4 channels per SM
Elastic buffer uses 4 channels per SM
Elastic buffer uses 4 channels per SM
CPU side received count (scaleup: 1): -109 -107 -116 -109 -97 -111 -93 -94 # -129 -129 -129 -129 -129 -129 -257 -129 
CPU side received count (scaleup: 2): -108 -104 -115 -107 -97 -76 -107 -109 # -129 -129 -129 -129 -129 -129 -129 -129 
CPU side received count (scaleup: 4): -95 -97 -102 -92 -95 -107 -94 -98 # -129 -129 -129 -129 -129 -129 -129 -129 
CPU side received count (scaleup: 6): -120 -114 -99 -100 -98 -78 -102 -100 # -129 -129 -129 -129 -129 -129 -129 -129 
CPU side received count (scaleup: 3): -115 -109 -89 -120 -111 -109 -114 -87 # -129 -129 -129 -129 -129 -129 -129 -129 
CPU side received count (scaleup: 5): -108 -114 -112 -103 -98 -104 -102 -97 # -257 -129 -129 -129 -129 -129 -129 -129 
CPU side received count (scaleup: 0): -110 -105 -102 -106 -108 -105 -101 -102 # -129 -129 -129 -129 -129 -129 -129 -129 
CPU side received count (scaleup: 7): -102 -107 -103 -107 -101 -104 -111 -94 # -129 -129 -129 -129 -129 -129 -129 -129 
Elastic buffer uses 4 channels per SM
Elastic buffer uses 4 channels per SM
Elastic buffer uses 4 channels per SM
Elastic buffer uses 4 channels per SM
Elastic buffer uses 4 channels per SM
Elastic buffer uses 4 channels per SM
Elastic buffer uses 4 channels per SM
Elastic buffer uses 4 channels per SM
CPU side received count (scaleup: 0): -110 -105 -102 -106 -108 -105 -101 -102 # -129 -129 -129 -129 -129 -129 -129 -129 
CPU side received count (scaleup: 6): -120 -114 -99 -100 -98 -78 -102 -100 # -129 -129 -129 -129 -129 -129 -129 -129 
CPU side received count (scaleup: 3): -115 -109 -89 -120 -111 -109 -114 -87 # -129 -129 -129 -129 -129 -129 -129 -129 
CPU side received count (scaleup: 5): -108 -114 -112 -103 -98 -104 -102 -97 # -257 -129 -129 -129 -129 -129 -129 -129 
CPU side received count (scaleup: 1): -109 -107 -116 -109 -97 -111 -93 -94 # -129 -129 -129 -129 -129 -129 -257 -129 
CPU side received count (scaleup: 4): -95 -97 -102 -92 -95 -107 -94 -98 # -129 -129 -129 -129 -129 -129 -129 -129 
CPU side received count (scaleup: 2): -108 -104 -115 -107 -97 -76 -107 -109 # -129 -129 -129 -129 -129 -129 -129 -129 
CPU side received count (scaleup: 7): -102 -107 -103 -107 -101 -104 -111 -94 # -129 -129 -129 -129 -129 -129 -129 -129 
Elastic buffer uses 4 channels per SM
Elastic buffer uses 4 channels per SM
Elastic buffer uses 4 channels per SM
Elastic buffer uses 4 channels per SM
Elastic buffer uses 4 channels per SM
Elastic buffer uses 4 channels per SM
Elastic buffer uses 4 channels per SM
Elastic buffer uses 4 channels per SM
CPU side received count (scaleup: 5): -108 -114 -112 -103 -98 -104 -102 -97 # -257 -129 -129 -129 -129 -129 -129 -129 
CPU side received count (scaleup: 6): -120 -114 -99 -100 -98 -78 -102 -100 # -129 -129 -129 -129 -129 -129 -129 -129 
CPU side received count (scaleup: 3): -115 -109 -89 -120 -111 -109 -114 -87 # -129 -129 -129 -129 -129 -129 -129 -129 
CPU side received count (scaleup: 0): -110 -105 -102 -106 -108 -105 -101 -102 # -129 -129 -129 -129 -129 -129 -129 -129 
CPU side received count (scaleup: 1): -109 -107 -116 -109 -97 -111 -93 -94 # -129 -129 -129 -129 -129 -129 -257 -129 
CPU side received count (scaleup: 2): -108 -104 -115 -107 -97 -76 -107 -109 # -129 -129 -129 -129 -129 -129 -129 -129 
CPU side received count (scaleup: 4): -95 -97 -102 -92 -95 -107 -94 -98 # -129 -129 -129 -129 -129 -129 -129 -129 
CPU side received count (scaleup: 7): -102 -107 -103 -107 -101 -104 -111 -94 # -129 -129 -129 -129 -129 -129 -129 -129 
Elastic buffer uses 4 channels per SM
Elastic buffer uses 4 channels per SM
Elastic buffer uses 4 channels per SM
Elastic buffer uses 4 channels per SM
Elastic buffer uses 4 channels per SM
Elastic buffer uses 4 channels per SM
Elastic buffer uses 4 channels per SM
Elastic buffer uses 4 channels per SM
CPU side received count (scaleup: 3): -115 -109 -89 -120 -111 -109 -114 -87 # -129 -129 -129 -129 -129 -129 -129 -129 
CPU side received count (scaleup: 6): -120 -114 -99 -100 -98 -78 -102 -100 # -129 -129 -129 -129 -129 -129 -129 -129 
CPU side received count (scaleup: 0): -110 -105 -102 -106 -108 -105 -101 -102 # -129 -129 -129 -129 -129 -129 -129 -129 
CPU side received count (scaleup: 5): -108 -114 -112 -103 -98 -104 -102 -97 # -257 -129 -129 -129 -129 -129 -129 -129 
CPU side received count (scaleup: 1): -109 -107 -116 -109 -97 -111 -93 -94 # -129 -129 -129 -129 -129 -129 -257 -129 
CPU side received count (scaleup: 2): -108 -104 -115 -107 -97 -76 -107 -109 # -129 -129 -129 -129 -129 -129 -129 -129 
CPU side received count (scaleup: 4): -95 -97 -102 -92 -95 -107 -94 -98 # -129 -129 -129 -129 -129 -129 -129 -129 
CPU side received count (scaleup: 7): -102 -107 -103 -107 -101 -104 -111 -94 # -129 -129 -129 -129 -129 -129 -129 -129 
Elastic buffer uses 4 channels per SM
Elastic buffer uses 4 channels per SM
Elastic buffer uses 4 channels per SM
Elastic buffer uses 4 channels per SM
Elastic buffer uses 4 channels per SM
Elastic buffer uses 4 channels per SM
Elastic buffer uses 4 channels per SM
Elastic buffer uses 4 channels per SM
CPU side received count (scaleup: 6): -120 -114 -99 -100 -98 -78 -102 -100 # -129 -129 -129 -129 -129 -129 -129 -129 
CPU side received count (scaleup: 5): -108 -114 -112 -103 -98 -104 -102 -97 # -257 -129 -129 -129 -129 -129 -129 -129 
CPU side received count (scaleup: 3): -115 -109 -89 -120 -111 -109 -114 -87 # -129 -129 -129 -129 -129 -129 -129 -129 
CPU side received count (scaleup: 0): -110 -105 -102 -106 -108 -105 -101 -102 # -129 -129 -129 -129 -129 -129 -129 -129 
CPU side received count (scaleup: 4): -95 -97 -102 -92 -95 -107 -94 -98 # -129 -129 -129 -129 -129 -129 -129 -129 
CPU side received count (scaleup: 1): -109 -107 -116 -109 -97 -111 -93 -94 # -129 -129 -129 -129 -129 -129 -257 -129 
CPU side received count (scaleup: 2): -108 -104 -115 -107 -97 -76 -107 -109 # -129 -129 -129 -129 -129 -129 -129 -129 
CPU side received count (scaleup: 7): -102 -107 -103 -107 -101 -104 -111 -94 # -129 -129 -129 -129 -129 -129 -129 -129 
Elastic buffer uses 4 channels per SM
Elastic buffer uses 4 channels per SM
Elastic buffer uses 4 channels per SM
Elastic buffer uses 4 channels per SM
Elastic buffer uses 4 channels per SM
Elastic buffer uses 4 channels per SM
Elastic buffer uses 4 channels per SM
Elastic buffer uses 4 channels per SM
CPU side received count (scaleup: 6): -120 -114 -99 -100 -98 -78 -102 -100 # -129 -129 -129 -129 -129 -129 -129 -129 
CPU side received count (scaleup: 5): -108 -114 -112 -103 -98 -104 -102 -97 # -257 -129 -129 -129 -129 -129 -129 -129 
CPU side received count (scaleup: 3): -115 -109 -89 -120 -111 -109 -114 -87 # -129 -129 -129 -129 -129 -129 -129 -129 
CPU side received count (scaleup: 0): -110 -105 -102 -106 -108 -105 -101 -102 # -129 -129 -129 -129 -129 -129 -129 -129 
CPU side received count (scaleup: 4): -95 -97 -102 -92 -95 -107 -94 -98 # -129 -129 -129 -129 -129 -129 -129 -129 
CPU side received count (scaleup: 1): -109 -107 -116 -109 -97 -111 -93 -94 # -129 -129 -129 -129 -129 -129 -257 -129 
CPU side received count (scaleup: 2): -108 -104 -115 -107 -97 -76 -107 -109 # -129 -129 -129 -129 -129 -129 -129 -129 
CPU side received count (scaleup: 7): -102 -107 -103 -107 -101 -104 -111 -94 # -129 -129 -129 -129 -129 -129 -129 -129 
Elastic buffer uses 4 channels per SM
Elastic buffer uses 4 channels per SM
Elastic buffer uses 4 channels per SM
Elastic buffer uses 4 channels per SM
Elastic buffer uses 4 channels per SM
Elastic buffer uses 4 channels per SM
Elastic buffer uses 4 channels per SM
Elastic buffer uses 4 channels per SM
CPU side received count (scaleup: 0): -110 -105 -102 -106 -108 -105 -101 -102 # -129 -129 -129 -129 -129 -129 -129 -129 
CPU side received count (scaleup: 6): -120 -114 -99 -100 -98 -78 -102 -100 # -129 -129 -129 -129 -129 -129 -129 -129 
CPU side received count (scaleup: 3): -115 -109 -89 -120 -111 -109 -114 -87 # -129 -129 -129 -129 -129 -129 -129 -129 
CPU side received count (scaleup: 5): -108 -114 -112 -103 -98 -104 -102 -97 # -257 -129 -129 -129 -129 -129 -129 -129 
CPU side received count (scaleup: 4): -95 -97 -102 -92 -95 -107 -94 -98 # -129 -129 -129 -129 -129 -129 -129 -129 
CPU side received count (scaleup: 2): -108 -104 -115 -107 -97 -76 -107 -109 # -129 -129 -129 -129 -129 -129 -129 -129 
CPU side received count (scaleup: 1): -109 -107 -116 -109 -97 -111 -93 -94 # -129 -129 -129 -129 -129 -129 -257 -129 
CPU side received count (scaleup: 7): -102 -107 -103 -107 -101 -104 -111 -94 # -129 -129 -129 -129 -129 -129 -129 -129 
Elastic buffer uses 4 channels per SM
Elastic buffer uses 4 channels per SM
Elastic buffer uses 4 channels per SM
Elastic buffer uses 4 channels per SM
Elastic buffer uses 4 channels per SM
Elastic buffer uses 4 channels per SM
Elastic buffer uses 4 channels per SM
Elastic buffer uses 4 channels per SM
CPU side received count (scaleup: 0): -110 -105 -102 -106 -108 -105 -101 -102 # -129 -129 -129 -129 -129 -129 -129 -129 
CPU side received count (scaleup: 3): -115 -109 -89 -120 -111 -109 -114 -87 # -129 -129 -129 -129 -129 -129 -129 -129 
CPU side received count (scaleup: 5): -108 -114 -112 -103 -98 -104 -102 -97 # -257 -129 -129 -129 -129 -129 -129 -129 
CPU side received count (scaleup: 1): -109 -107 -116 -109 -97 -111 -93 -94 # -129 -129 -129 -129 -129 -129 -257 -129 
CPU side received count (scaleup: 2): -108 -104 -115 -107 -97 -76 -107 -109 # -129 -129 -129 -129 -129 -129 -129 -129 
CPU side received count (scaleup: 6): -120 -114 -99 -100 -98 -78 -102 -100 # -129 -129 -129 -129 -129 -129 -129 -129 
CPU side received count (scaleup: 4): -95 -97 -102 -92 -95 -107 -94 -98 # -129 -129 -129 -129 -129 -129 -129 -129 
CPU side received count (scaleup: 7): -102 -107 -103 -107 -101 -104 -111 -94 # -129 -129 -129 -129 -129 -129 -129 -129 
Elastic buffer uses 4 channels per SM
Elastic buffer uses 4 channels per SM
Elastic buffer uses 4 channels per SM
Elastic buffer uses 4 channels per SM
Elastic buffer uses 4 channels per SM
Elastic buffer uses 4 channels per SM
Elastic buffer uses 4 channels per SM
Elastic buffer uses 4 channels per SM
CPU side received count (scaleup: 5): -108 -114 -112 -103 -98 -104 -102 -97 # -257 -129 -129 -129 -129 -129 -129 -129 
CPU side received count (scaleup: 6): -120 -114 -99 -100 -98 -78 -102 -100 # -129 -129 -129 -129 -129 -129 -129 -129 
CPU side received count (scaleup: 0): -110 -105 -102 -106 -108 -105 -101 -102 # -129 -129 -129 -129 -129 -129 -129 -129 
CPU side received count (scaleup: 3): -115 -109 -89 -120 -111 -109 -114 -87 # -129 -129 -129 -129 -129 -129 -129 -129 
CPU side received count (scaleup: 2): -108 -104 -115 -107 -97 -76 -107 -109 # -129 -129 -129 -129 -129 -129 -129 -129 
CPU side received count (scaleup: 4): -95 -97 -102 -92 -95 -107 -94 -98 # -129 -129 -129 -129 -129 -129 -129 -129 
CPU side received count (scaleup: 1): -109 -107 -116 -109 -97 -111 -93 -94 # -129 -129 -129 -129 -129 -129 -257 -129 
CPU side received count (scaleup: 7): -102 -107 -103 -107 -101 -104 -111 -94 # -129 -129 -129 -129 -129 -129 -129 -129 
Elastic buffer uses 4 channels per SM
Elastic buffer uses 4 channels per SM
Elastic buffer uses 4 channels per SM
Elastic buffer uses 4 channels per SM
Elastic buffer uses 4 channels per SM
Elastic buffer uses 4 channels per SM
Elastic buffer uses 4 channels per SM
Elastic buffer uses 4 channels per SM
CPU side received count (scaleup: 1): -109 -107 -116 -109 -97 -111 -93 -94 # -129 -129 -129 -129 -129 -129 -257 -129 
CPU side received count (scaleup: 4): -95 -97 -102 -92 -95 -107 -94 -98 # -129 -129 -129 -129 -129 -129 -129 -129 
CPU side received count (scaleup: 2): -108 -104 -115 -107 -97 -76 -107 -109 # -129 -129 -129 -129 -129 -129 -129 -129 
CPU side received count (scaleup: 6): -120 -114 -99 -100 -98 -78 -102 -100 # -129 -129 -129 -129 -129 -129 -129 -129 
CPU side received count (scaleup: 5): -108 -114 -112 -103 -98 -104 -102 -97 # -257 -129 -129 -129 -129 -129 -129 -129 
CPU side received count (scaleup: 3): -115 -109 -89 -120 -111 -109 -114 -87 # -129 -129 -129 -129 -129 -129 -129 -129 
CPU side received count (scaleup: 0): -110 -105 -102 -106 -108 -105 -101 -102 # -129 -129 -129 -129 -129 -129 -129 -129 
CPU side received count (scaleup: 7): -102 -107 -103 -107 -101 -104 -111 -94 # -129 -129 -129 -129 -129 -129 -129 -129 
Elastic buffer uses 4 channels per SM
Elastic buffer uses 4 channels per SM
Elastic buffer uses 4 channels per SM
Elastic buffer uses 4 channels per SM
Elastic buffer uses 4 channels per SM
Elastic buffer uses 4 channels per SM
Elastic buffer uses 4 channels per SM
Elastic buffer uses 4 channels per SM
CPU side received count (scaleup: 4): -95 -97 -102 -92 -95 -107 -94 -98 # -129 -129 -129 -129 -129 -129 -129 -129 
CPU side received count (scaleup: 1): -109 -107 -116 -109 -97 -111 -93 -94 # -129 -129 -129 -129 -129 -129 -257 -129 
CPU side received count (scaleup: 2): -108 -104 -115 -107 -97 -76 -107 -109 # -129 -129 -129 -129 -129 -129 -129 -129 
CPU side received count (scaleup: 3): -115 -109 -89 -120 -111 -109 -114 -87 # -129 -129 -129 -129 -129 -129 -129 -129 
CPU side received count (scaleup: 5): -108 -114 -112 -103 -98 -104 -102 -97 # -257 -129 -129 -129 -129 -129 -129 -129 
CPU side received count (scaleup: 0): -110 -105 -102 -106 -108 -105 -101 -102 # -129 -129 -129 -129 -129 -129 -129 -129 
CPU side received count (scaleup: 6): -120 -114 -99 -100 -98 -78 -102 -100 # -129 -129 -129 -129 -129 -129 -129 -129 
CPU side received count (scaleup: 7): -102 -107 -103 -107 -101 -104 -111 -94 # -129 -129 -129 -129 -129 -129 -129 -129 
Elastic buffer uses 4 channels per SM
Elastic buffer uses 4 channels per SM
Elastic buffer uses 4 channels per SM
Elastic buffer uses 4 channels per SM
Elastic buffer uses 4 channels per SM
Elastic buffer uses 4 channels per SM
Elastic buffer uses 4 channels per SM
Elastic buffer uses 4 channels per SM
CPU side received count (scaleup: 5): -108 -114 -112 -103 -98 -104 -102 -97 # -257 -129 -129 -129 -129 -129 -129 -129 
CPU side received count (scaleup: 1): -109 -107 -116 -109 -97 -111 -93 -94 # -129 -129 -129 -129 -129 -129 -257 -129 
CPU side received count (scaleup: 6): -120 -114 -99 -100 -98 -78 -102 -100 # -129 -129 -129 -129 -129 -129 -129 -129 
CPU side received count (scaleup: 0): -110 -105 -102 -106 -108 -105 -101 -102 # -129 -129 -129 -129 -129 -129 -129 -129 
CPU side received count (scaleup: 3): -115 -109 -89 -120 -111 -109 -114 -87 # -129 -129 -129 -129 -129 -129 -129 -129 
CPU side received count (scaleup: 2): -108 -104 -115 -107 -97 -76 -107 -109 # -129 -129 -129 -129 -129 -129 -129 -129 
CPU side received count (scaleup: 7): -102 -107 -103 -107 -101 -104 -111 -94 # -129 -129 -129 -129 -129 -129 -129 -129 
CPU side received count (scaleup: 4): -95 -97 -102 -92 -95 -107 -94 -98 # -129 -129 -129 -129 -129 -129 -129 -129 
Elastic buffer uses 4 channels per SM
Elastic buffer uses 4 channels per SM
Elastic buffer uses 4 channels per SM
Elastic buffer uses 4 channels per SM
Elastic buffer uses 4 channels per SM
Elastic buffer uses 4 channels per SM
Elastic buffer uses 4 channels per SM
Elastic buffer uses 4 channels per SM
CPU side received count (scaleup: 6): -120 -114 -99 -100 -98 -78 -102 -100 # -129 -129 -129 -129 -129 -129 -129 -129 
CPU side received count (scaleup: 5): -108 -114 -112 -103 -98 -104 -102 -97 # -257 -129 -129 -129 -129 -129 -129 -129 
CPU side received count (scaleup: 3): -115 -109 -89 -120 -111 -109 -114 -87 # -129 -129 -129 -129 -129 -129 -129 -129 
CPU side received count (scaleup: 0): -110 -105 -102 -106 -108 -105 -101 -102 # -129 -129 -129 -129 -129 -129 -129 -129 
CPU side received count (scaleup: 1): -109 -107 -116 -109 -97 -111 -93 -94 # -129 -129 -129 -129 -129 -129 -257 -129 
CPU side received count (scaleup: 2): -108 -104 -115 -107 -97 -76 -107 -109 # -129 -129 -129 -129 -129 -129 -129 -129 
CPU side received count (scaleup: 7): -102 -107 -103 -107 -101 -104 -111 -94 # -129 -129 -129 -129 -129 -129 -129 -129 
CPU side received count (scaleup: 4): -95 -97 -102 -92 -95 -107 -94 -98 # -129 -129 -129 -129 -129 -129 -129 -129 
USDT:2026-08-25 02:49:23 438:438 SyncActivityProfilerHandler.cpp:59] profiler_stopUSDT:2026-08-25 02:49:23 439:439 SyncActivityProfilerHandler.cpp:59] profiler_stopUSDT:2026-08-25 02:49:23 436:436 SyncActivityProfilerHandler.cpp:59] profiler_stop


USDT:2026-08-25 02:49:23 434:434 SyncActivityProfilerHandler.cpp:59] profiler_stopUSDT:2026-08-25 02:49:23 433:433 SyncActivityProfilerHandler.cpp:59] profiler_stopUSDT:2026-08-25 02:49:23 435:435 SyncActivityProfilerHandler.cpp:59] profiler_stop


USDT:2026-08-25 02:49:23 440:440 SyncActivityProfilerHandler.cpp:59] profiler_stop
USDT:2026-08-25 02:49:23 437:437 SyncActivityProfilerHandler.cpp:59] profiler_stop
   * EP:  11/32 | dispatch: 3 GB/s (SO), 5 GB/s (SU), 1194.000 us, 6334848 bytes | copy: 38 GB/s, 331.718 us
   * EP:  13/32 | dispatch: 3 GB/s (SO), 5 GB/s (SU), 1194.000 us, 6215040 bytes | copy: 28 GB/s, 450.973 us
   * EP:  10/32 | dispatch: 3 GB/s (SO), 5 GB/s (SU), 1194.000 us, 6102720 bytes | copy: 162 GB/s, 75.482 us
   * EP:  14/32 | dispatch: 3 GB/s (SO), 5 GB/s (SU), 1194.000 us, 6012864 bytes | copy: 26 GB/s, 459.411 us
   * EP:   9/32 | dispatch: 3 GB/s (SO), 5 GB/s (SU), 1193.000 us, 6200064 bytes | copy: 888 GB/s, 13.961 us
   * EP:   8/32 | dispatch: 3 GB/s (SO), 5 GB/s (SU), 1194.000 us, 6222528 bytes | copy: 27 GB/s, 463.869 us
   * EP:  15/32 | dispatch: 2 GB/s (SO), 5 GB/s (SU), 1194.000 us, 6147648 bytes | copy: 59 GB/s, 207.580 us
   * EP:  12/32 | dispatch: 3 GB/s (SO), 5 GB/s (SU), 1194.000 us, 5780736 bytes | copy: 25 GB/s, 467.030 us
Elastic buffer uses 4 channels per SM
Elastic buffer uses 4 channels per SM
Elastic buffer uses 4 channels per SM
Elastic buffer uses 4 channels per SM
Elastic buffer uses 4 channels per SM
Elastic buffer uses 4 channels per SM
Elastic buffer uses 4 channels per SM
Elastic buffer uses 4 channels per SM
CPU side received count (scaleup: 5): -108 -114 -112 -103 -98 -104 -102 -97 # -257 -129 -129 -129 -129 -129 -129 -129 
CPU side received count (scaleup: 6): -120 -114 -99 -100 -98 -78 -102 -100 # -129 -129 -129 -129 -129 -129 -129 -129 
CPU side received count (scaleup: 0): -110 -105 -102 -106 -108 -105 -101 -102 # -129 -129 -129 -129 -129 -129 -129 -129 
CPU side received count (scaleup: 2): -108 -104 -115 -107 -97 -76 -107 -109 # -129 -129 -129 -129 -129 -129 -129 -129 
CPU side received count (scaleup: 4): -95 -97 -102 -92 -95 -107 -94 -98 # -129 -129 -129 -129 -129 -129 -129 -129 
CPU side received count (scaleup: 3): -115 -109 -89 -120 -111 -109 -114 -87 # -129 -129 -129 -129 -129 -129 -129 -129 
CPU side received count (scaleup: 1): -109 -107 -116 -109 -97 -111 -93 -94 # -129 -129 -129 -129 -129 -129 -257 -129 
CPU side received count (scaleup: 7): -102 -107 -103 -107 -101 -104 -111 -94 # -129 -129 -129 -129 -129 -129 -129 -129 
Elastic buffer uses 4 channels per SM
Elastic buffer uses 4 channels per SM
Elastic buffer uses 4 channels per SM
Elastic buffer uses 4 channels per SM
Elastic buffer uses 4 channels per SM
Elastic buffer uses 4 channels per SM
Elastic buffer uses 4 channels per SM
Elastic buffer uses 4 channels per SM
CPU side received count (scaleup: 5): -108 -114 -112 -103 -98 -104 -102 -97 # -257 -129 -129 -129 -129 -129 -129 -129 
CPU side received count (scaleup: 6): -120 -114 -99 -100 -98 -78 -102 -100 # -129 -129 -129 -129 -129 -129 -129 -129 
CPU side received count (scaleup: 0): -110 -105 -102 -106 -108 -105 -101 -102 # -129 -129 -129 -129 -129 -129 -129 -129 
CPU side received count (scaleup: 3): -115 -109 -89 -120 -111 -109 -114 -87 # -129 -129 -129 -129 -129 -129 -129 -129 
CPU side received count (scaleup: 1): -109 -107 -116 -109 -97 -111 -93 -94 # -129 -129 -129 -129 -129 -129 -257 -129 
CPU side received count (scaleup: 2): -108 -104 -115 -107 -97 -76 -107 -109 # -129 -129 -129 -129 -129 -129 -129 -129 
CPU side received count (scaleup: 7): -102 -107 -103 -107 -101 -104 -111 -94 # -129 -129 -129 -129 -129 -129 -129 -129 
CPU side received count (scaleup: 4): -95 -97 -102 -92 -95 -107 -94 -98 # -129 -129 -129 -129 -129 -129 -129 -129 
Elastic buffer uses 4 channels per SM
Elastic buffer uses 4 channels per SM
Elastic buffer uses 4 channels per SM
Elastic buffer uses 4 channels per SM
Elastic buffer uses 4 channels per SM
Elastic buffer uses 4 channels per SM
Elastic buffer uses 4 channels per SM
Elastic buffer uses 4 channels per SM
CPU side received count (scaleup: 5): -108 -114 -112 -103 -98 -104 -102 -97 # -257 -129 -129 -129 -129 -129 -129 -129 
CPU side received count (scaleup: 6): -120 -114 -99 -100 -98 -78 -102 -100 # -129 -129 -129 -129 -129 -129 -129 -129 
CPU side received count (scaleup: 0): -110 -105 -102 -106 -108 -105 -101 -102 # -129 -129 -129 -129 -129 -129 -129 -129 
CPU side received count (scaleup: 1): -109 -107 -116 -109 -97 -111 -93 -94 # -129 -129 -129 -129 -129 -129 -257 -129 
CPU side received count (scaleup: 2): -108 -104 -115 -107 -97 -76 -107 -109 # -129 -129 -129 -129 -129 -129 -129 -129 
CPU side received count (scaleup: 3): -115 -109 -89 -120 -111 -109 -114 -87 # -129 -129 -129 -129 -129 -129 -129 -129 
CPU side received count (scaleup: 4): -95 -97 -102 -92 -95 -107 -94 -98 # -129 -129 -129 -129 -129 -129 -129 -129 
CPU side received count (scaleup: 7): -102 -107 -103 -107 -101 -104 -111 -94 # -129 -129 -129 -129 -129 -129 -129 -129 
Elastic buffer uses 4 channels per SM
Elastic buffer uses 4 channels per SM
Elastic buffer uses 4 channels per SM
Elastic buffer uses 4 channels per SM
Elastic buffer uses 4 channels per SM
Elastic buffer uses 4 channels per SM
Elastic buffer uses 4 channels per SM
Elastic buffer uses 4 channels per SM
CPU side received count (scaleup: 5): -108 -114 -112 -103 -98 -104 -102 -97 # -257 -129 -129 -129 -129 -129 -129 -129 
CPU side received count (scaleup: 6): -120 -114 -99 -100 -98 -78 -102 -100 # -129 -129 -129 -129 -129 -129 -129 -129 
CPU side received count (scaleup: 1): -109 -107 -116 -109 -97 -111 -93 -94 # -129 -129 -129 -129 -129 -129 -257 -129 
CPU side received count (scaleup: 4): -95 -97 -102 -92 -95 -107 -94 -98 # -129 -129 -129 -129 -129 -129 -129 -129 
CPU side received count (scaleup: 0): -110 -105 -102 -106 -108 -105 -101 -102 # -129 -129 -129 -129 -129 -129 -129 -129 
CPU side received count (scaleup: 3): -115 -109 -89 -120 -111 -109 -114 -87 # -129 -129 -129 -129 -129 -129 -129 -129 
CPU side received count (scaleup: 2): -108 -104 -115 -107 -97 -76 -107 -109 # -129 -129 -129 -129 -129 -129 -129 -129 
CPU side received count (scaleup: 7): -102 -107 -103 -107 -101 -104 -111 -94 # -129 -129 -129 -129 -129 -129 -129 -129 
Elastic buffer uses 4 channels per SM
Elastic buffer uses 4 channels per SM
Elastic buffer uses 4 channels per SM
Elastic buffer uses 4 channels per SM
Elastic buffer uses 4 channels per SM
Elastic buffer uses 4 channels per SM
Elastic buffer uses 4 channels per SM
Elastic buffer uses 4 channels per SM
CPU side received count (scaleup: 0): -110 -105 -102 -106 -108 -105 -101 -102 # -129 -129 -129 -129 -129 -129 -129 -129 
CPU side received count (scaleup: 3): -115 -109 -89 -120 -111 -109 -114 -87 # -129 -129 -129 -129 -129 -129 -129 -129 
CPU side received count (scaleup: 1): -109 -107 -116 -109 -97 -111 -93 -94 # -129 -129 -129 -129 -129 -129 -257 -129 
CPU side received count (scaleup: 4): -95 -97 -102 -92 -95 -107 -94 -98 # -129 -129 -129 -129 -129 -129 -129 -129 
CPU side received count (scaleup: 6): -120 -114 -99 -100 -98 -78 -102 -100 # -129 -129 -129 -129 -129 -129 -129 -129 
CPU side received count (scaleup: 5): -108 -114 -112 -103 -98 -104 -102 -97 # -257 -129 -129 -129 -129 -129 -129 -129 
CPU side received count (scaleup: 2): -108 -104 -115 -107 -97 -76 -107 -109 # -129 -129 -129 -129 -129 -129 -129 -129 
CPU side received count (scaleup: 7): -102 -107 -103 -107 -101 -104 -111 -94 # -129 -129 -129 -129 -129 -129 -129 -129 
Elastic buffer uses 4 channels per SM
Elastic buffer uses 4 channels per SM
Elastic buffer uses 4 channels per SM
Elastic buffer uses 4 channels per SM
Elastic buffer uses 4 channels per SM
Elastic buffer uses 4 channels per SM
Elastic buffer uses 4 channels per SM
Elastic buffer uses 4 channels per SM
CPU side received count (scaleup: 6): -120 -114 -99 -100 -98 -78 -102 -100 # -129 -129 -129 -129 -129 -129 -129 -129 
CPU side received count (scaleup: 5): -108 -114 -112 -103 -98 -104 -102 -97 # -257 -129 -129 -129 -129 -129 -129 -129 
CPU side received count (scaleup: 0): -110 -105 -102 -106 -108 -105 -101 -102 # -129 -129 -129 -129 -129 -129 -129 -129 
CPU side received count (scaleup: 1): -109 -107 -116 -109 -97 -111 -93 -94 # -129 -129 -129 -129 -129 -129 -257 -129 
CPU side received count (scaleup: 3): -115 -109 -89 -120 -111 -109 -114 -87 # -129 -129 -129 -129 -129 -129 -129 -129 
CPU side received count (scaleup: 2): -108 -104 -115 -107 -97 -76 -107 -109 # -129 -129 -129 -129 -129 -129 -129 -129 
CPU side received count (scaleup: 7): -102 -107 -103 -107 -101 -104 -111 -94 # -129 -129 -129 -129 -129 -129 -129 -129 
CPU side received count (scaleup: 4): -95 -97 -102 -92 -95 -107 -94 -98 # -129 -129 -129 -129 -129 -129 -129 -129 
Elastic buffer uses 4 channels per SM
Elastic buffer uses 4 channels per SM
Elastic buffer uses 4 channels per SM
Elastic buffer uses 4 channels per SM
Elastic buffer uses 4 channels per SM
Elastic buffer uses 4 channels per SM
Elastic buffer uses 4 channels per SM
Elastic buffer uses 4 channels per SM
CPU side received count (scaleup: 6): -120 -114 -99 -100 -98 -78 -102 -100 # -129 -129 -129 -129 -129 -129 -129 -129 
CPU side received count (scaleup: 5): -108 -114 -112 -103 -98 -104 -102 -97 # -257 -129 -129 -129 -129 -129 -129 -129 
CPU side received count (scaleup: 3): -115 -109 -89 -120 -111 -109 -114 -87 # -129 -129 -129 -129 -129 -129 -129 -129 
CPU side received count (scaleup: 0): -110 -105 -102 -106 -108 -105 -101 -102 # -129 -129 -129 -129 -129 -129 -129 -129 
CPU side received count (scaleup: 4): -95 -97 -102 -92 -95 -107 -94 -98 # -129 -129 -129 -129 -129 -129 -129 -129 
CPU side received count (scaleup: 2): -108 -104 -115 -107 -97 -76 -107 -109 # -129 -129 -129 -129 -129 -129 -129 -129 
CPU side received count (scaleup: 7): -102 -107 -103 -107 -101 -104 -111 -94 # -129 -129 -129 -129 -129 -129 -129 -129 
CPU side received count (scaleup: 1): -109 -107 -116 -109 -97 -111 -93 -94 # -129 -129 -129 -129 -129 -129 -257 -129 
Elastic buffer uses 4 channels per SM
Elastic buffer uses 4 channels per SM
Elastic buffer uses 4 channels per SM
Elastic buffer uses 4 channels per SM
Elastic buffer uses 4 channels per SM
Elastic buffer uses 4 channels per SM
Elastic buffer uses 4 channels per SM
Elastic buffer uses 4 channels per SM
CPU side received count (scaleup: 0): -110 -105 -102 -106 -108 -105 -101 -102 # -129 -129 -129 -129 -129 -129 -129 -129 
CPU side received count (scaleup: 3): -115 -109 -89 -120 -111 -109 -114 -87 # -129 -129 -129 -129 -129 -129 -129 -129 
CPU side received count (scaleup: 1): -109 -107 -116 -109 -97 -111 -93 -94 # -129 -129 -129 -129 -129 -129 -257 -129 
CPU side received count (scaleup: 5): -108 -114 -112 -103 -98 -104 -102 -97 # -257 -129 -129 -129 -129 -129 -129 -129 
CPU side received count (scaleup: 2): -108 -104 -115 -107 -97 -76 -107 -109 # -129 -129 -129 -129 -129 -129 -129 -129 
CPU side received count (scaleup: 6): -120 -114 -99 -100 -98 -78 -102 -100 # -129 -129 -129 -129 -129 -129 -129 -129 
CPU side received count (scaleup: 4): -95 -97 -102 -92 -95 -107 -94 -98 # -129 -129 -129 -129 -129 -129 -129 -129 
CPU side received count (scaleup: 7): -102 -107 -103 -107 -101 -104 -111 -94 # -129 -129 -129 -129 -129 -129 -129 -129 
Elastic buffer uses 4 channels per SM
Elastic buffer uses 4 channels per SM
Elastic buffer uses 4 channels per SM
Elastic buffer uses 4 channels per SM
Elastic buffer uses 4 channels per SM
Elastic buffer uses 4 channels per SM
Elastic buffer uses 4 channels per SM
Elastic buffer uses 4 channels per SM
CPU side received count (scaleup: 0): -110 -105 -102 -106 -108 -105 -101 -102 # -129 -129 -129 -129 -129 -129 -129 -129 
CPU side received count (scaleup: 3): -115 -109 -89 -120 -111 -109 -114 -87 # -129 -129 -129 -129 -129 -129 -129 -129 
CPU side received count (scaleup: 6): -120 -114 -99 -100 -98 -78 -102 -100 # -129 -129 -129 -129 -129 -129 -129 -129 
CPU side received count (scaleup: 5): -108 -114 -112 -103 -98 -104 -102 -97 # -257 -129 -129 -129 -129 -129 -129 -129 
CPU side received count (scaleup: 1): -109 -107 -116 -109 -97 -111 -93 -94 # -129 -129 -129 -129 -129 -129 -257 -129 
CPU side received count (scaleup: 7): -102 -107 -103 -107 -101 -104 -111 -94 # -129 -129 -129 -129 -129 -129 -129 -129 
CPU side received count (scaleup: 2): -108 -104 -115 -107 -97 -76 -107 -109 # -129 -129 -129 -129 -129 -129 -129 -129 
CPU side received count (scaleup: 4): -95 -97 -102 -92 -95 -107 -94 -98 # -129 -129 -129 -129 -129 -129 -129 -129 
Elastic buffer uses 4 channels per SM
Elastic buffer uses 4 channels per SM
Elastic buffer uses 4 channels per SM
Elastic buffer uses 4 channels per SM
Elastic buffer uses 4 channels per SM
Elastic buffer uses 4 channels per SM
Elastic buffer uses 4 channels per SM
Elastic buffer uses 4 channels per SM
CPU side received count (scaleup: 6): -120 -114 -99 -100 -98 -78 -102 -100 # -129 -129 -129 -129 -129 -129 -129 -129 
CPU side received count (scaleup: 5): -108 -114 -112 -103 -98 -104 -102 -97 # -257 -129 -129 -129 -129 -129 -129 -129 
CPU side received count (scaleup: 0): -110 -105 -102 -106 -108 -105 -101 -102 # -129 -129 -129 -129 -129 -129 -129 -129 
CPU side received count (scaleup: 3): -115 -109 -89 -120 -111 -109 -114 -87 # -129 -129 -129 -129 -129 -129 -129 -129 
CPU side received count (scaleup: 1): -109 -107 -116 -109 -97 -111 -93 -94 # -129 -129 -129 -129 -129 -129 -257 -129 
CPU side received count (scaleup: 4): -95 -97 -102 -92 -95 -107 -94 -98 # -129 -129 -129 -129 -129 -129 -129 -129 
CPU side received count (scaleup: 2): -108 -104 -115 -107 -97 -76 -107 -109 # -129 -129 -129 -129 -129 -129 -129 -129 
CPU side received count (scaleup: 7): -102 -107 -103 -107 -101 -104 -111 -94 # -129 -129 -129 -129 -129 -129 -129 -129 
Elastic buffer uses 4 channels per SM
Elastic buffer uses 4 channels per SM
Elastic buffer uses 4 channels per SM
Elastic buffer uses 4 channels per SM
Elastic buffer uses 4 channels per SM
Elastic buffer uses 4 channels per SM
Elastic buffer uses 4 channels per SM
Elastic buffer uses 4 channels per SM
CPU side received count (scaleup: 5): -108 -114 -112 -103 -98 -104 -102 -97 # -257 -129 -129 -129 -129 -129 -129 -129 
CPU side received count (scaleup: 6): -120 -114 -99 -100 -98 -78 -102 -100 # -129 -129 -129 -129 -129 -129 -129 -129 
CPU side received count (scaleup: 4): -95 -97 -102 -92 -95 -107 -94 -98 # -129 -129 -129 -129 -129 -129 -129 -129 
CPU side received count (scaleup: 1): -109 -107 -116 -109 -97 -111 -93 -94 # -129 -129 -129 -129 -129 -129 -257 -129 
CPU side received count (scaleup: 2): -108 -104 -115 -107 -97 -76 -107 -109 # -129 -129 -129 -129 -129 -129 -129 -129 
CPU side received count (scaleup: 7): -102 -107 -103 -107 -101 -104 -111 -94 # -129 -129 -129 -129 -129 -129 -129 -129 
CPU side received count (scaleup: 0): -110 -105 -102 -106 -108 -105 -101 -102 # -129 -129 -129 -129 -129 -129 -129 -129 
CPU side received count (scaleup: 3): -115 -109 -89 -120 -111 -109 -114 -87 # -129 -129 -129 -129 -129 -129 -129 -129 
Elastic buffer uses 4 channels per SM
Elastic buffer uses 4 channels per SM
Elastic buffer uses 4 channels per SM
Elastic buffer uses 4 channels per SM
Elastic buffer uses 4 channels per SM
Elastic buffer uses 4 channels per SM
Elastic buffer uses 4 channels per SM
Elastic buffer uses 4 channels per SM
CPU side received count (scaleup: 5): -108 -114 -112 -103 -98 -104 -102 -97 # -257 -129 -129 -129 -129 -129 -129 -129 
CPU side received count (scaleup: 6): -120 -114 -99 -100 -98 -78 -102 -100 # -129 -129 -129 -129 -129 -129 -129 -129 
CPU side received count (scaleup: 0): -110 -105 -102 -106 -108 -105 -101 -102 # -129 -129 -129 -129 -129 -129 -129 -129 
CPU side received count (scaleup: 3): -115 -109 -89 -120 -111 -109 -114 -87 # -129 -129 -129 -129 -129 -129 -129 -129 
CPU side received count (scaleup: 1): -109 -107 -116 -109 -97 -111 -93 -94 # -129 -129 -129 -129 -129 -129 -257 -129 
CPU side received count (scaleup: 4): -95 -97 -102 -92 -95 -107 -94 -98 # -129 -129 -129 -129 -129 -129 -129 -129 
CPU side received count (scaleup: 7): -102 -107 -103 -107 -101 -104 -111 -94 # -129 -129 -129 -129 -129 -129 -129 -129 
CPU side received count (scaleup: 2): -108 -104 -115 -107 -97 -76 -107 -109 # -129 -129 -129 -129 -129 -129 -129 -129 
Elastic buffer uses 4 channels per SM
Elastic buffer uses 4 channels per SM
Elastic buffer uses 4 channels per SM
Elastic buffer uses 4 channels per SM
Elastic buffer uses 4 channels per SM
Elastic buffer uses 4 channels per SM
Elastic buffer uses 4 channels per SM
Elastic buffer uses 4 channels per SM
CPU side received count (scaleup: 0): -110 -105 -102 -106 -108 -105 -101 -102 # -129 -129 -129 -129 -129 -129 -129 -129 
CPU side received count (scaleup: 6): -120 -114 -99 -100 -98 -78 -102 -100 # -129 -129 -129 -129 -129 -129 -129 -129 
CPU side received count (scaleup: 5): -108 -114 -112 -103 -98 -104 -102 -97 # -257 -129 -129 -129 -129 -129 -129 -129 
CPU side received count (scaleup: 3): -115 -109 -89 -120 -111 -109 -114 -87 # -129 -129 -129 -129 -129 -129 -129 -129 
CPU side received count (scaleup: 1): -109 -107 -116 -109 -97 -111 -93 -94 # -129 -129 -129 -129 -129 -129 -257 -129 
CPU side received count (scaleup: 4): -95 -97 -102 -92 -95 -107 -94 -98 # -129 -129 -129 -129 -129 -129 -129 -129 
CPU side received count (scaleup: 2): -108 -104 -115 -107 -97 -76 -107 -109 # -129 -129 -129 -129 -129 -129 -129 -129 
CPU side received count (scaleup: 7): -102 -107 -103 -107 -101 -104 -111 -94 # -129 -129 -129 -129 -129 -129 -129 -129 
Elastic buffer uses 4 channels per SM
Elastic buffer uses 4 channels per SM
Elastic buffer uses 4 channels per SM
Elastic buffer uses 4 channels per SM
Elastic buffer uses 4 channels per SM
Elastic buffer uses 4 channels per SM
Elastic buffer uses 4 channels per SM
Elastic buffer uses 4 channels per SM
CPU side received count (scaleup: 3): -115 -109 -89 -120 -111 -109 -114 -87 # -129 -129 -129 -129 -129 -129 -129 -129 
CPU side received count (scaleup: 5): -108 -114 -112 -103 -98 -104 -102 -97 # -257 -129 -129 -129 -129 -129 -129 -129 
CPU side received count (scaleup: 0): -110 -105 -102 -106 -108 -105 -101 -102 # -129 -129 -129 -129 -129 -129 -129 -129 
CPU side received count (scaleup: 6): -120 -114 -99 -100 -98 -78 -102 -100 # -129 -129 -129 -129 -129 -129 -129 -129 
CPU side received count (scaleup: 1): -109 -107 -116 -109 -97 -111 -93 -94 # -129 -129 -129 -129 -129 -129 -257 -129 
CPU side received count (scaleup: 4): -95 -97 -102 -92 -95 -107 -94 -98 # -129 -129 -129 -129 -129 -129 -129 -129 
CPU side received count (scaleup: 2): -108 -104 -115 -107 -97 -76 -107 -109 # -129 -129 -129 -129 -129 -129 -129 -129 
CPU side received count (scaleup: 7): -102 -107 -103 -107 -101 -104 -111 -94 # -129 -129 -129 -129 -129 -129 -129 -129 
Elastic buffer uses 4 channels per SM
Elastic buffer uses 4 channels per SM
Elastic buffer uses 4 channels per SM
Elastic buffer uses 4 channels per SM
Elastic buffer uses 4 channels per SM
Elastic buffer uses 4 channels per SM
Elastic buffer uses 4 channels per SM
Elastic buffer uses 4 channels per SM
CPU side received count (scaleup: 3): -115 -109 -89 -120 -111 -109 -114 -87 # -129 -129 -129 -129 -129 -129 -129 -129 
CPU side received count (scaleup: 0): -110 -105 -102 -106 -108 -105 -101 -102 # -129 -129 -129 -129 -129 -129 -129 -129 
CPU side received count (scaleup: 5): -108 -114 -112 -103 -98 -104 -102 -97 # -257 -129 -129 -129 -129 -129 -129 -129 
CPU side received count (scaleup: 1): -109 -107 -116 -109 -97 -111 -93 -94 # -129 -129 -129 -129 -129 -129 -257 -129 
CPU side received count (scaleup: 6): -120 -114 -99 -100 -98 -78 -102 -100 # -129 -129 -129 -129 -129 -129 -129 -129 
CPU side received count (scaleup: 4): -95 -97 -102 -92 -95 -107 -94 -98 # -129 -129 -129 -129 -129 -129 -129 -129 
CPU side received count (scaleup: 2): -108 -104 -115 -107 -97 -76 -107 -109 # -129 -129 -129 -129 -129 -129 -129 -129 
CPU side received count (scaleup: 7): -102 -107 -103 -107 -101 -104 -111 -94 # -129 -129 -129 -129 -129 -129 -129 -129 
Elastic buffer uses 4 channels per SM
Elastic buffer uses 4 channels per SM
Elastic buffer uses 4 channels per SM
Elastic buffer uses 4 channels per SM
Elastic buffer uses 4 channels per SM
Elastic buffer uses 4 channels per SM
Elastic buffer uses 4 channels per SM
Elastic buffer uses 4 channels per SM
CPU side received count (scaleup: 5): -108 -114 -112 -103 -98 -104 -102 -97 # -257 -129 -129 -129 -129 -129 -129 -129 
CPU side received count (scaleup: 6): -120 -114 -99 -100 -98 -78 -102 -100 # -129 -129 -129 -129 -129 -129 -129 -129 
CPU side received count (scaleup: 0): -110 -105 -102 -106 -108 -105 -101 -102 # -129 -129 -129 -129 -129 -129 -129 -129 
CPU side received count (scaleup: 3): -115 -109 -89 -120 -111 -109 -114 -87 # -129 -129 -129 -129 -129 -129 -129 -129 
CPU side received count (scaleup: 1): -109 -107 -116 -109 -97 -111 -93 -94 # -129 -129 -129 -129 -129 -129 -257 -129 
CPU side received count (scaleup: 7): -102 -107 -103 -107 -101 -104 -111 -94 # -129 -129 -129 -129 -129 -129 -129 -129 
CPU side received count (scaleup: 4): -95 -97 -102 -92 -95 -107 -94 -98 # -129 -129 -129 -129 -129 -129 -129 -129 
CPU side received count (scaleup: 2): -108 -104 -115 -107 -97 -76 -107 -109 # -129 -129 -129 -129 -129 -129 -129 -129 
Elastic buffer uses 4 channels per SM
Elastic buffer uses 4 channels per SM
Elastic buffer uses 4 channels per SM
Elastic buffer uses 4 channels per SM
Elastic buffer uses 4 channels per SM
Elastic buffer uses 4 channels per SM
Elastic buffer uses 4 channels per SM
Elastic buffer uses 4 channels per SM
CPU side received count (scaleup: 6): -120 -114 -99 -100 -98 -78 -102 -100 # -129 -129 -129 -129 -129 -129 -129 -129 
CPU side received count (scaleup: 5): -108 -114 -112 -103 -98 -104 -102 -97 # -257 -129 -129 -129 -129 -129 -129 -129 
CPU side received count (scaleup: 0): -110 -105 -102 -106 -108 -105 -101 -102 # -129 -129 -129 -129 -129 -129 -129 -129 
CPU side received count (scaleup: 3): -115 -109 -89 -120 -111 -109 -114 -87 # -129 -129 -129 -129 -129 -129 -129 -129 
CPU side received count (scaleup: 1): -109 -107 -116 -109 -97 -111 -93 -94 # -129 -129 -129 -129 -129 -129 -257 -129 
CPU side received count (scaleup: 2): -108 -104 -115 -107 -97 -76 -107 -109 # -129 -129 -129 -129 -129 -129 -129 -129 
CPU side received count (scaleup: 4): -95 -97 -102 -92 -95 -107 -94 -98 # -129 -129 -129 -129 -129 -129 -129 -129 
CPU side received count (scaleup: 7): -102 -107 -103 -107 -101 -104 -111 -94 # -129 -129 -129 -129 -129 -129 -129 -129 
Elastic buffer uses 4 channels per SM
Elastic buffer uses 4 channels per SM
Elastic buffer uses 4 channels per SM
Elastic buffer uses 4 channels per SM
Elastic buffer uses 4 channels per SM
Elastic buffer uses 4 channels per SM
Elastic buffer uses 4 channels per SM
Elastic buffer uses 4 channels per SM
CPU side received count (scaleup: 6): -120 -114 -99 -100 -98 -78 -102 -100 # -129 -129 -129 -129 -129 -129 -129 -129 
CPU side received count (scaleup: 5): -108 -114 -112 -103 -98 -104 -102 -97 # -257 -129 -129 -129 -129 -129 -129 -129 
CPU side received count (scaleup: 0): -110 -105 -102 -106 -108 -105 -101 -102 # -129 -129 -129 -129 -129 -129 -129 -129 
CPU side received count (scaleup: 3): -115 -109 -89 -120 -111 -109 -114 -87 # -129 -129 -129 -129 -129 -129 -129 -129 
CPU side received count (scaleup: 1): -109 -107 -116 -109 -97 -111 -93 -94 # -129 -129 -129 -129 -129 -129 -257 -129 
CPU side received count (scaleup: 2): -108 -104 -115 -107 -97 -76 -107 -109 # -129 -129 -129 -129 -129 -129 -129 -129 
CPU side received count (scaleup: 4): -95 -97 -102 -92 -95 -107 -94 -98 # -129 -129 -129 -129 -129 -129 -129 -129 
CPU side received count (scaleup: 7): -102 -107 -103 -107 -101 -104 -111 -94 # -129 -129 -129 -129 -129 -129 -129 -129 
Elastic buffer uses 4 channels per SM
Elastic buffer uses 4 channels per SM
Elastic buffer uses 4 channels per SM
Elastic buffer uses 4 channels per SM
Elastic buffer uses 4 channels per SM
Elastic buffer uses 4 channels per SM
Elastic buffer uses 4 channels per SM
Elastic buffer uses 4 channels per SM
CPU side received count (scaleup: 5): -108 -114 -112 -103 -98 -104 -102 -97 # -257 -129 -129 -129 -129 -129 -129 -129 
CPU side received count (scaleup: 6): -120 -114 -99 -100 -98 -78 -102 -100 # -129 -129 -129 -129 -129 -129 -129 -129 
CPU side received count (scaleup: 0): -110 -105 -102 -106 -108 -105 -101 -102 # -129 -129 -129 -129 -129 -129 -129 -129 
CPU side received count (scaleup: 3): -115 -109 -89 -120 -111 -109 -114 -87 # -129 -129 -129 -129 -129 -129 -129 -129 
CPU side received count (scaleup: 1): -109 -107 -116 -109 -97 -111 -93 -94 # -129 -129 -129 -129 -129 -129 -257 -129 
CPU side received count (scaleup: 4): -95 -97 -102 -92 -95 -107 -94 -98 # -129 -129 -129 -129 -129 -129 -129 -129 
CPU side received count (scaleup: 2): -108 -104 -115 -107 -97 -76 -107 -109 # -129 -129 -129 -129 -129 -129 -129 -129 
CPU side received count (scaleup: 7): -102 -107 -103 -107 -101 -104 -111 -94 # -129 -129 -129 -129 -129 -129 -129 -129 
Elastic buffer uses 4 channels per SM
Elastic buffer uses 4 channels per SM
Elastic buffer uses 4 channels per SM
Elastic buffer uses 4 channels per SM
Elastic buffer uses 4 channels per SM
Elastic buffer uses 4 channels per SM
Elastic buffer uses 4 channels per SM
Elastic buffer uses 4 channels per SM
CPU side received count (scaleup: 0): -110 -105 -102 -106 -108 -105 -101 -102 # -129 -129 -129 -129 -129 -129 -129 -129 
CPU side received count (scaleup: 3): -115 -109 -89 -120 -111 -109 -114 -87 # -129 -129 -129 -129 -129 -129 -129 -129 
CPU side received count (scaleup: 5): -108 -114 -112 -103 -98 -104 -102 -97 # -257 -129 -129 -129 -129 -129 -129 -129 
CPU side received count (scaleup: 6): -120 -114 -99 -100 -98 -78 -102 -100 # -129 -129 -129 -129 -129 -129 -129 -129 
CPU side received count (scaleup: 1): -109 -107 -116 -109 -97 -111 -93 -94 # -129 -129 -129 -129 -129 -129 -257 -129 
CPU side received count (scaleup: 2): -108 -104 -115 -107 -97 -76 -107 -109 # -129 -129 -129 -129 -129 -129 -129 -129 
CPU side received count (scaleup: 7): -102 -107 -103 -107 -101 -104 -111 -94 # -129 -129 -129 -129 -129 -129 -129 -129 
CPU side received count (scaleup: 4): -95 -97 -102 -92 -95 -107 -94 -98 # -129 -129 -129 -129 -129 -129 -129 -129 
Elastic buffer uses 4 channels per SM
Elastic buffer uses 4 channels per SM
Elastic buffer uses 4 channels per SM
Elastic buffer uses 4 channels per SM
Elastic buffer uses 4 channels per SM
Elastic buffer uses 4 channels per SM
Elastic buffer uses 4 channels per SM
Elastic buffer uses 4 channels per SM
CPU side received count (scaleup: 5): -108 -114 -112 -103 -98 -104 -102 -97 # -257 -129 -129 -129 -129 -129 -129 -129 
CPU side received count (scaleup: 6): -120 -114 -99 -100 -98 -78 -102 -100 # -129 -129 -129 -129 -129 -129 -129 -129 
CPU side received count (scaleup: 0): -110 -105 -102 -106 -108 -105 -101 -102 # -129 -129 -129 -129 -129 -129 -129 -129 
CPU side received count (scaleup: 1): -109 -107 -116 -109 -97 -111 -93 -94 # -129 -129 -129 -129 -129 -129 -257 -129 
CPU side received count (scaleup: 2): -108 -104 -115 -107 -97 -76 -107 -109 # -129 -129 -129 -129 -129 -129 -129 -129 
CPU side received count (scaleup: 4): -95 -97 -102 -92 -95 -107 -94 -98 # -129 -129 -129 -129 -129 -129 -129 -129 
CPU side received count (scaleup: 3): -115 -109 -89 -120 -111 -109 -114 -87 # -129 -129 -129 -129 -129 -129 -129 -129 
CPU side received count (scaleup: 7): -102 -107 -103 -107 -101 -104 -111 -94 # -129 -129 -129 -129 -129 -129 -129 -129 
Elastic buffer uses 4 channels per SM
Elastic buffer uses 4 channels per SM
Elastic buffer uses 4 channels per SM
Elastic buffer uses 4 channels per SM
Elastic buffer uses 4 channels per SM
Elastic buffer uses 4 channels per SM
Elastic buffer uses 4 channels per SM
Elastic buffer uses 4 channels per SM
CPU side received count (scaleup: 3): -115 -109 -89 -120 -111 -109 -114 -87 # -129 -129 -129 -129 -129 -129 -129 -129 
CPU side received count (scaleup: 0): -110 -105 -102 -106 -108 -105 -101 -102 # -129 -129 -129 -129 -129 -129 -129 -129 
CPU side received count (scaleup: 5): -108 -114 -112 -103 -98 -104 -102 -97 # -257 -129 -129 -129 -129 -129 -129 -129 
CPU side received count (scaleup: 6): -120 -114 -99 -100 -98 -78 -102 -100 # -129 -129 -129 -129 -129 -129 -129 -129 
CPU side received count (scaleup: 1): -109 -107 -116 -109 -97 -111 -93 -94 # -129 -129 -129 -129 -129 -129 -257 -129 
CPU side received count (scaleup: 2): -108 -104 -115 -107 -97 -76 -107 -109 # -129 -129 -129 -129 -129 -129 -129 -129 
CPU side received count (scaleup: 4): -95 -97 -102 -92 -95 -107 -94 -98 # -129 -129 -129 -129 -129 -129 -129 -129 
CPU side received count (scaleup: 7): -102 -107 -103 -107 -101 -104 -111 -94 # -129 -129 -129 -129 -129 -129 -129 -129 
Elastic buffer uses 4 channels per SM
Elastic buffer uses 4 channels per SM
Elastic buffer uses 4 channels per SM
Elastic buffer uses 4 channels per SM
Elastic buffer uses 4 channels per SM
Elastic buffer uses 4 channels per SM
Elastic buffer uses 4 channels per SM
Elastic buffer uses 4 channels per SM
CPU side received count (scaleup: 6): -120 -114 -99 -100 -98 -78 -102 -100 # -129 -129 -129 -129 -129 -129 -129 -129 
CPU side received count (scaleup: 5): -108 -114 -112 -103 -98 -104 -102 -97 # -257 -129 -129 -129 -129 -129 -129 -129 
CPU side received count (scaleup: 0): -110 -105 -102 -106 -108 -105 -101 -102 # -129 -129 -129 -129 -129 -129 -129 -129 
CPU side received count (scaleup: 3): -115 -109 -89 -120 -111 -109 -114 -87 # -129 -129 -129 -129 -129 -129 -129 -129 
CPU side received count (scaleup: 1): -109 -107 -116 -109 -97 -111 -93 -94 # -129 -129 -129 -129 -129 -129 -257 -129 
CPU side received count (scaleup: 4): -95 -97 -102 -92 -95 -107 -94 -98 # -129 -129 -129 -129 -129 -129 -129 -129 
CPU side received count (scaleup: 2): -108 -104 -115 -107 -97 -76 -107 -109 # -129 -129 -129 -129 -129 -129 -129 -129 
CPU side received count (scaleup: 7): -102 -107 -103 -107 -101 -104 -111 -94 # -129 -129 -129 -129 -129 -129 -129 -129 
Elastic buffer uses 4 channels per SM
Elastic buffer uses 4 channels per SM
Elastic buffer uses 4 channels per SM
Elastic buffer uses 4 channels per SM
Elastic buffer uses 4 channels per SM
Elastic buffer uses 4 channels per SM
Elastic buffer uses 4 channels per SM
Elastic buffer uses 4 channels per SM
CPU side received count (scaleup: 3): -115 -109 -89 -120 -111 -109 -114 -87 # -129 -129 -129 -129 -129 -129 -129 -129 
CPU side received count (scaleup: 0): -110 -105 -102 -106 -108 -105 -101 -102 # -129 -129 -129 -129 -129 -129 -129 -129 
CPU side received count (scaleup: 6): -120 -114 -99 -100 -98 -78 -102 -100 # -129 -129 -129 -129 -129 -129 -129 -129 
CPU side received count (scaleup: 5): -108 -114 -112 -103 -98 -104 -102 -97 # -257 -129 -129 -129 -129 -129 -129 -129 
CPU side received count (scaleup: 1): -109 -107 -116 -109 -97 -111 -93 -94 # -129 -129 -129 -129 -129 -129 -257 -129 
CPU side received count (scaleup: 4): -95 -97 -102 -92 -95 -107 -94 -98 # -129 -129 -129 -129 -129 -129 -129 -129 
CPU side received count (scaleup: 2): -108 -104 -115 -107 -97 -76 -107 -109 # -129 -129 -129 -129 -129 -129 -129 -129 
CPU side received count (scaleup: 7): -102 -107 -103 -107 -101 -104 -111 -94 # -129 -129 -129 -129 -129 -129 -129 -129 
Elastic buffer uses 4 channels per SM
Elastic buffer uses 4 channels per SM
Elastic buffer uses 4 channels per SM
Elastic buffer uses 4 channels per SM
Elastic buffer uses 4 channels per SM
Elastic buffer uses 4 channels per SM
Elastic buffer uses 4 channels per SM
Elastic buffer uses 4 channels per SM
CPU side received count (scaleup: 3): -115 -109 -89 -120 -111 -109 -114 -87 # -129 -129 -129 -129 -129 -129 -129 -129 
CPU side received count (scaleup: 0): -110 -105 -102 -106 -108 -105 -101 -102 # -129 -129 -129 -129 -129 -129 -129 -129 
CPU side received count (scaleup: 5): -108 -114 -112 -103 -98 -104 -102 -97 # -257 -129 -129 -129 -129 -129 -129 -129 
CPU side received count (scaleup: 6): -120 -114 -99 -100 -98 -78 -102 -100 # -129 -129 -129 -129 -129 -129 -129 -129 
CPU side received count (scaleup: 1): -109 -107 -116 -109 -97 -111 -93 -94 # -129 -129 -129 -129 -129 -129 -257 -129 
CPU side received count (scaleup: 2): -108 -104 -115 -107 -97 -76 -107 -109 # -129 -129 -129 -129 -129 -129 -129 -129 
CPU side received count (scaleup: 4): -95 -97 -102 -92 -95 -107 -94 -98 # -129 -129 -129 -129 -129 -129 -129 -129 
CPU side received count (scaleup: 7): -102 -107 -103 -107 -101 -104 -111 -94 # -129 -129 -129 -129 -129 -129 -129 -129 
Elastic buffer uses 4 channels per SM
Elastic buffer uses 4 channels per SM
Elastic buffer uses 4 channels per SM
Elastic buffer uses 4 channels per SM
Elastic buffer uses 4 channels per SM
Elastic buffer uses 4 channels per SM
Elastic buffer uses 4 channels per SM
Elastic buffer uses 4 channels per SM
CPU side received count (scaleup: 5): -108 -114 -112 -103 -98 -104 -102 -97 # -257 -129 -129 -129 -129 -129 -129 -129 
CPU side received count (scaleup: 6): -120 -114 -99 -100 -98 -78 -102 -100 # -129 -129 -129 -129 -129 -129 -129 -129 
CPU side received count (scaleup: 0): -110 -105 -102 -106 -108 -105 -101 -102 # -129 -129 -129 -129 -129 -129 -129 -129 
CPU side received count (scaleup: 3): -115 -109 -89 -120 -111 -109 -114 -87 # -129 -129 -129 -129 -129 -129 -129 -129 
CPU side received count (scaleup: 1): -109 -107 -116 -109 -97 -111 -93 -94 # -129 -129 -129 -129 -129 -129 -257 -129 
CPU side received count (scaleup: 4): -95 -97 -102 -92 -95 -107 -94 -98 # -129 -129 -129 -129 -129 -129 -129 -129 
CPU side received count (scaleup: 2): -108 -104 -115 -107 -97 -76 -107 -109 # -129 -129 -129 -129 -129 -129 -129 -129 
CPU side received count (scaleup: 7): -102 -107 -103 -107 -101 -104 -111 -94 # -129 -129 -129 -129 -129 -129 -129 -129 
Elastic buffer uses 4 channels per SM
Elastic buffer uses 4 channels per SM
Elastic buffer uses 4 channels per SM
Elastic buffer uses 4 channels per SM
Elastic buffer uses 4 channels per SM
Elastic buffer uses 4 channels per SM
Elastic buffer uses 4 channels per SM
Elastic buffer uses 4 channels per SM
CPU side received count (scaleup: 3): -115 -109 -89 -120 -111 -109 -114 -87 # -129 -129 -129 -129 -129 -129 -129 -129 
CPU side received count (scaleup: 0): -110 -105 -102 -106 -108 -105 -101 -102 # -129 -129 -129 -129 -129 -129 -129 -129 
CPU side received count (scaleup: 5): -108 -114 -112 -103 -98 -104 -102 -97 # -257 -129 -129 -129 -129 -129 -129 -129 
CPU side received count (scaleup: 6): -120 -114 -99 -100 -98 -78 -102 -100 # -129 -129 -129 -129 -129 -129 -129 -129 
CPU side received count (scaleup: 1): -109 -107 -116 -109 -97 -111 -93 -94 # -129 -129 -129 -129 -129 -129 -257 -129 
CPU side received count (scaleup: 2): -108 -104 -115 -107 -97 -76 -107 -109 # -129 -129 -129 -129 -129 -129 -129 -129 
CPU side received count (scaleup: 7): -102 -107 -103 -107 -101 -104 -111 -94 # -129 -129 -129 -129 -129 -129 -129 -129 
CPU side received count (scaleup: 4): -95 -97 -102 -92 -95 -107 -94 -98 # -129 -129 -129 -129 -129 -129 -129 -129 
Elastic buffer uses 4 channels per SM
Elastic buffer uses 4 channels per SM
Elastic buffer uses 4 channels per SM
Elastic buffer uses 4 channels per SM
Elastic buffer uses 4 channels per SM
Elastic buffer uses 4 channels per SM
Elastic buffer uses 4 channels per SM
Elastic buffer uses 4 channels per SM
CPU side received count (scaleup: 3): -115 -109 -89 -120 -111 -109 -114 -87 # -129 -129 -129 -129 -129 -129 -129 -129 
CPU side received count (scaleup: 0): -110 -105 -102 -106 -108 -105 -101 -102 # -129 -129 -129 -129 -129 -129 -129 -129 
CPU side received count (scaleup: 6): -120 -114 -99 -100 -98 -78 -102 -100 # -129 -129 -129 -129 -129 -129 -129 -129 
CPU side received count (scaleup: 5): -108 -114 -112 -103 -98 -104 -102 -97 # -257 -129 -129 -129 -129 -129 -129 -129 
CPU side received count (scaleup: 1): -109 -107 -116 -109 -97 -111 -93 -94 # -129 -129 -129 -129 -129 -129 -257 -129 
CPU side received count (scaleup: 4): -95 -97 -102 -92 -95 -107 -94 -98 # -129 -129 -129 -129 -129 -129 -129 -129 
CPU side received count (scaleup: 2): -108 -104 -115 -107 -97 -76 -107 -109 # -129 -129 -129 -129 -129 -129 -129 -129 
CPU side received count (scaleup: 7): -102 -107 -103 -107 -101 -104 -111 -94 # -129 -129 -129 -129 -129 -129 -129 -129 
Elastic buffer uses 4 channels per SM
Elastic buffer uses 4 channels per SM
Elastic buffer uses 4 channels per SM
Elastic buffer uses 4 channels per SM
Elastic buffer uses 4 channels per SM
Elastic buffer uses 4 channels per SM
Elastic buffer uses 4 channels per SM
Elastic buffer uses 4 channels per SM
CPU side received count (scaleup: 3): -115 -109 -89 -120 -111 -109 -114 -87 # -129 -129 -129 -129 -129 -129 -129 -129 
CPU side received count (scaleup: 0): -110 -105 -102 -106 -108 -105 -101 -102 # -129 -129 -129 -129 -129 -129 -129 -129 
CPU side received count (scaleup: 6): -120 -114 -99 -100 -98 -78 -102 -100 # -129 -129 -129 -129 -129 -129 -129 -129 
CPU side received count (scaleup: 5): -108 -114 -112 -103 -98 -104 -102 -97 # -257 -129 -129 -129 -129 -129 -129 -129 
CPU side received count (scaleup: 1): -109 -107 -116 -109 -97 -111 -93 -94 # -129 -129 -129 -129 -129 -129 -257 -129 
CPU side received count (scaleup: 2): -108 -104 -115 -107 -97 -76 -107 -109 # -129 -129 -129 -129 -129 -129 -129 -129 
CPU side received count (scaleup: 4): -95 -97 -102 -92 -95 -107 -94 -98 # -129 -129 -129 -129 -129 -129 -129 -129 
CPU side received count (scaleup: 7): -102 -107 -103 -107 -101 -104 -111 -94 # -129 -129 -129 -129 -129 -129 -129 -129 
Elastic buffer uses 4 channels per SM
Elastic buffer uses 4 channels per SM
Elastic buffer uses 4 channels per SM
Elastic buffer uses 4 channels per SM
Elastic buffer uses 4 channels per SM
Elastic buffer uses 4 channels per SM
Elastic buffer uses 4 channels per SM
Elastic buffer uses 4 channels per SM
CPU side received count (scaleup: 3): -115 -109 -89 -120 -111 -109 -114 -87 # -129 -129 -129 -129 -129 -129 -129 -129 
CPU side received count (scaleup: 0): -110 -105 -102 -106 -108 -105 -101 -102 # -129 -129 -129 -129 -129 -129 -129 -129 
CPU side received count (scaleup: 5): -108 -114 -112 -103 -98 -104 -102 -97 # -257 -129 -129 -129 -129 -129 -129 -129 
CPU side received count (scaleup: 6): -120 -114 -99 -100 -98 -78 -102 -100 # -129 -129 -129 -129 -129 -129 -129 -129 
CPU side received count (scaleup: 1): -109 -107 -116 -109 -97 -111 -93 -94 # -129 -129 -129 -129 -129 -129 -257 -129 
CPU side received count (scaleup: 2): -108 -104 -115 -107 -97 -76 -107 -109 # -129 -129 -129 -129 -129 -129 -129 -129 
CPU side received count (scaleup: 7): -102 -107 -103 -107 -101 -104 -111 -94 # -129 -129 -129 -129 -129 -129 -129 -129 
CPU side received count (scaleup: 4): -95 -97 -102 -92 -95 -107 -94 -98 # -129 -129 -129 -129 -129 -129 -129 -129 
Elastic buffer uses 4 channels per SM
Elastic buffer uses 4 channels per SM
Elastic buffer uses 4 channels per SM
Elastic buffer uses 4 channels per SM
Elastic buffer uses 4 channels per SM
Elastic buffer uses 4 channels per SM
Elastic buffer uses 4 channels per SM
Elastic buffer uses 4 channels per SM
CPU side received count (scaleup: 5): -108 -114 -112 -103 -98 -104 -102 -97 # -257 -129 -129 -129 -129 -129 -129 -129 
CPU side received count (scaleup: 6): -120 -114 -99 -100 -98 -78 -102 -100 # -129 -129 -129 -129 -129 -129 -129 -129 
CPU side received count (scaleup: 0): -110 -105 -102 -106 -108 -105 -101 -102 # -129 -129 -129 -129 -129 -129 -129 -129 
CPU side received count (scaleup: 3): -115 -109 -89 -120 -111 -109 -114 -87 # -129 -129 -129 -129 -129 -129 -129 -129 
CPU side received count (scaleup: 2): -108 -104 -115 -107 -97 -76 -107 -109 # -129 -129 -129 -129 -129 -129 -129 -129 
CPU side received count (scaleup: 4): -95 -97 -102 -92 -95 -107 -94 -98 # -129 -129 -129 -129 -129 -129 -129 -129 
CPU side received count (scaleup: 1): -109 -107 -116 -109 -97 -111 -93 -94 # -129 -129 -129 -129 -129 -129 -257 -129 
CPU side received count (scaleup: 7): -102 -107 -103 -107 -101 -104 -111 -94 # -129 -129 -129 -129 -129 -129 -129 -129 
USDT:2026-08-25 02:49:24 438:438 SyncActivityProfilerHandler.cpp:52] profiler_startUSDT:2026-08-25 02:49:24 436:436 SyncActivityProfilerHandler.cpp:52] profiler_startUSDT:2026-08-25 02:49:24 439:439 SyncActivityProfilerHandler.cpp:52] profiler_start


USDT:2026-08-25 02:49:24 433:433 SyncActivityProfilerHandler.cpp:52] profiler_start
USDT:2026-08-25 02:49:24 434:434 SyncActivityProfilerHandler.cpp:52] profiler_startUSDT:2026-08-25 02:49:24 437:437 SyncActivityProfilerHandler.cpp:52] profiler_startUSDT:2026-08-25 02:49:24 435:435 SyncActivityProfilerHandler.cpp:52] profiler_startUSDT:2026-08-25 02:49:24 440:440 SyncActivityProfilerHandler.cpp:52] profiler_start



Elastic buffer uses 4 channels per SM
Elastic buffer uses 4 channels per SM
Elastic buffer uses 4 channels per SM
Elastic buffer uses 4 channels per SM
Elastic buffer uses 4 channels per SM
Elastic buffer uses 4 channels per SM
Elastic buffer uses 4 channels per SM
Elastic buffer uses 4 channels per SM
CPU side received count (scaleup: 5): -108 -114 -112 -103 -98 -104 -102 -97 # -257 -129 -129 -129 -129 -129 -129 -129 
CPU side received count (scaleup: 6): -120 -114 -99 -100 -98 -78 -102 -100 # -129 -129 -129 -129 -129 -129 -129 -129 
CPU side received count (scaleup: 3): -115 -109 -89 -120 -111 -109 -114 -87 # -129 -129 -129 -129 -129 -129 -129 -129 
CPU side received count (scaleup: 0): -110 -105 -102 -106 -108 -105 -101 -102 # -129 -129 -129 -129 -129 -129 -129 -129 
CPU side received count (scaleup: 4): -95 -97 -102 -92 -95 -107 -94 -98 # -129 -129 -129 -129 -129 -129 -129 -129 
CPU side received count (scaleup: 2): -108 -104 -115 -107 -97 -76 -107 -109 # -129 -129 -129 -129 -129 -129 -129 -129 
CPU side received count (scaleup: 1): -109 -107 -116 -109 -97 -111 -93 -94 # -129 -129 -129 -129 -129 -129 -257 -129 
CPU side received count (scaleup: 7): -102 -107 -103 -107 -101 -104 -111 -94 # -129 -129 -129 -129 -129 -129 -129 -129 
Elastic buffer uses 4 channels per SM
Elastic buffer uses 4 channels per SM
Elastic buffer uses 4 channels per SM
Elastic buffer uses 4 channels per SM
Elastic buffer uses 4 channels per SM
Elastic buffer uses 4 channels per SM
Elastic buffer uses 4 channels per SM
Elastic buffer uses 4 channels per SM
CPU side received count (scaleup: 3): -115 -109 -89 -120 -111 -109 -114 -87 # -129 -129 -129 -129 -129 -129 -129 -129 
CPU side received count (scaleup: 0): -110 -105 -102 -106 -108 -105 -101 -102 # -129 -129 -129 -129 -129 -129 -129 -129 
CPU side received count (scaleup: 6): -120 -114 -99 -100 -98 -78 -102 -100 # -129 -129 -129 -129 -129 -129 -129 -129 
CPU side received count (scaleup: 5): -108 -114 -112 -103 -98 -104 -102 -97 # -257 -129 -129 -129 -129 -129 -129 -129 
CPU side received count (scaleup: 2): -108 -104 -115 -107 -97 -76 -107 -109 # -129 -129 -129 -129 -129 -129 -129 -129 
CPU side received count (scaleup: 4): -95 -97 -102 -92 -95 -107 -94 -98 # -129 -129 -129 -129 -129 -129 -129 -129 
CPU side received count (scaleup: 1): -109 -107 -116 -109 -97 -111 -93 -94 # -129 -129 -129 -129 -129 -129 -257 -129 
CPU side received count (scaleup: 7): -102 -107 -103 -107 -101 -104 -111 -94 # -129 -129 -129 -129 -129 -129 -129 -129 
Elastic buffer uses 4 channels per SM
Elastic buffer uses 4 channels per SM
Elastic buffer uses 4 channels per SM
Elastic buffer uses 4 channels per SM
Elastic buffer uses 4 channels per SM
Elastic buffer uses 4 channels per SM
Elastic buffer uses 4 channels per SM
Elastic buffer uses 4 channels per SM
CPU side received count (scaleup: 6): -120 -114 -99 -100 -98 -78 -102 -100 # -129 -129 -129 -129 -129 -129 -129 -129 
CPU side received count (scaleup: 5): -108 -114 -112 -103 -98 -104 -102 -97 # -257 -129 -129 -129 -129 -129 -129 -129 
CPU side received count (scaleup: 3): -115 -109 -89 -120 -111 -109 -114 -87 # -129 -129 -129 -129 -129 -129 -129 -129 
CPU side received count (scaleup: 0): -110 -105 -102 -106 -108 -105 -101 -102 # -129 -129 -129 -129 -129 -129 -129 -129 
CPU side received count (scaleup: 4): -95 -97 -102 -92 -95 -107 -94 -98 # -129 -129 -129 -129 -129 -129 -129 -129 
CPU side received count (scaleup: 1): -109 -107 -116 -109 -97 -111 -93 -94 # -129 -129 -129 -129 -129 -129 -257 -129 
CPU side received count (scaleup: 2): -108 -104 -115 -107 -97 -76 -107 -109 # -129 -129 -129 -129 -129 -129 -129 -129 
CPU side received count (scaleup: 7): -102 -107 -103 -107 -101 -104 -111 -94 # -129 -129 -129 -129 -129 -129 -129 -129 
Elastic buffer uses 4 channels per SM
Elastic buffer uses 4 channels per SM
Elastic buffer uses 4 channels per SM
Elastic buffer uses 4 channels per SM
Elastic buffer uses 4 channels per SM
Elastic buffer uses 4 channels per SM
Elastic buffer uses 4 channels per SM
Elastic buffer uses 4 channels per SM
CPU side received count (scaleup: 5): -108 -114 -112 -103 -98 -104 -102 -97 # -257 -129 -129 -129 -129 -129 -129 -129 
CPU side received count (scaleup: 6): -120 -114 -99 -100 -98 -78 -102 -100 # -129 -129 -129 -129 -129 -129 -129 -129 
CPU side received count (scaleup: 0): -110 -105 -102 -106 -108 -105 -101 -102 # -129 -129 -129 -129 -129 -129 -129 -129 
CPU side received count (scaleup: 3): -115 -109 -89 -120 -111 -109 -114 -87 # -129 -129 -129 -129 -129 -129 -129 -129 
CPU side received count (scaleup: 1): -109 -107 -116 -109 -97 -111 -93 -94 # -129 -129 -129 -129 -129 -129 -257 -129 
CPU side received count (scaleup: 4): -95 -97 -102 -92 -95 -107 -94 -98 # -129 -129 -129 -129 -129 -129 -129 -129 
CPU side received count (scaleup: 7): -102 -107 -103 -107 -101 -104 -111 -94 # -129 -129 -129 -129 -129 -129 -129 -129 
CPU side received count (scaleup: 2): -108 -104 -115 -107 -97 -76 -107 -109 # -129 -129 -129 -129 -129 -129 -129 -129 
Elastic buffer uses 4 channels per SM
Elastic buffer uses 4 channels per SM
Elastic buffer uses 4 channels per SM
Elastic buffer uses 4 channels per SM
Elastic buffer uses 4 channels per SM
Elastic buffer uses 4 channels per SM
Elastic buffer uses 4 channels per SM
Elastic buffer uses 4 channels per SM
CPU side received count (scaleup: 5): -108 -114 -112 -103 -98 -104 -102 -97 # -257 -129 -129 -129 -129 -129 -129 -129 
CPU side received count (scaleup: 6): -120 -114 -99 -100 -98 -78 -102 -100 # -129 -129 -129 -129 -129 -129 -129 -129 
CPU side received count (scaleup: 3): -115 -109 -89 -120 -111 -109 -114 -87 # -129 -129 -129 -129 -129 -129 -129 -129 
CPU side received count (scaleup: 0): -110 -105 -102 -106 -108 -105 -101 -102 # -129 -129 -129 -129 -129 -129 -129 -129 
CPU side received count (scaleup: 4): -95 -97 -102 -92 -95 -107 -94 -98 # -129 -129 -129 -129 -129 -129 -129 -129 
CPU side received count (scaleup: 2): -108 -104 -115 -107 -97 -76 -107 -109 # -129 -129 -129 -129 -129 -129 -129 -129 
CPU side received count (scaleup: 1): -109 -107 -116 -109 -97 -111 -93 -94 # -129 -129 -129 -129 -129 -129 -257 -129 
CPU side received count (scaleup: 7): -102 -107 -103 -107 -101 -104 -111 -94 # -129 -129 -129 -129 -129 -129 -129 -129 
Elastic buffer uses 4 channels per SM
Elastic buffer uses 4 channels per SM
Elastic buffer uses 4 channels per SM
Elastic buffer uses 4 channels per SM
Elastic buffer uses 4 channels per SM
Elastic buffer uses 4 channels per SM
Elastic buffer uses 4 channels per SM
Elastic buffer uses 4 channels per SM
CPU side received count (scaleup: 3): -115 -109 -89 -120 -111 -109 -114 -87 # -129 -129 -129 -129 -129 -129 -129 -129 
CPU side received count (scaleup: 0): -110 -105 -102 -106 -108 -105 -101 -102 # -129 -129 -129 -129 -129 -129 -129 -129 
CPU side received count (scaleup: 6): -120 -114 -99 -100 -98 -78 -102 -100 # -129 -129 -129 -129 -129 -129 -129 -129 
CPU side received count (scaleup: 5): -108 -114 -112 -103 -98 -104 -102 -97 # -257 -129 -129 -129 -129 -129 -129 -129 
CPU side received count (scaleup: 1): -109 -107 -116 -109 -97 -111 -93 -94 # -129 -129 -129 -129 -129 -129 -257 -129 
CPU side received count (scaleup: 7): -102 -107 -103 -107 -101 -104 -111 -94 # -129 -129 -129 -129 -129 -129 -129 -129 
CPU side received count (scaleup: 2): -108 -104 -115 -107 -97 -76 -107 -109 # -129 -129 -129 -129 -129 -129 -129 -129 
CPU side received count (scaleup: 4): -95 -97 -102 -92 -95 -107 -94 -98 # -129 -129 -129 -129 -129 -129 -129 -129 
Elastic buffer uses 4 channels per SM
Elastic buffer uses 4 channels per SM
Elastic buffer uses 4 channels per SM
Elastic buffer uses 4 channels per SM
Elastic buffer uses 4 channels per SM
Elastic buffer uses 4 channels per SM
Elastic buffer uses 4 channels per SM
Elastic buffer uses 4 channels per SM
CPU side received count (scaleup: 3): -115 -109 -89 -120 -111 -109 -114 -87 # -129 -129 -129 -129 -129 -129 -129 -129 
CPU side received count (scaleup: 0): -110 -105 -102 -106 -108 -105 -101 -102 # -129 -129 -129 -129 -129 -129 -129 -129 
CPU side received count (scaleup: 6): -120 -114 -99 -100 -98 -78 -102 -100 # -129 -129 -129 -129 -129 -129 -129 -129 
CPU side received count (scaleup: 5): -108 -114 -112 -103 -98 -104 -102 -97 # -257 -129 -129 -129 -129 -129 -129 -129 
CPU side received count (scaleup: 1): -109 -107 -116 -109 -97 -111 -93 -94 # -129 -129 -129 -129 -129 -129 -257 -129 
CPU side received count (scaleup: 4): -95 -97 -102 -92 -95 -107 -94 -98 # -129 -129 -129 -129 -129 -129 -129 -129 
CPU side received count (scaleup: 2): -108 -104 -115 -107 -97 -76 -107 -109 # -129 -129 -129 -129 -129 -129 -129 -129 
CPU side received count (scaleup: 7): -102 -107 -103 -107 -101 -104 -111 -94 # -129 -129 -129 -129 -129 -129 -129 -129 
Elastic buffer uses 4 channels per SM
Elastic buffer uses 4 channels per SM
Elastic buffer uses 4 channels per SM
Elastic buffer uses 4 channels per SM
Elastic buffer uses 4 channels per SM
Elastic buffer uses 4 channels per SM
Elastic buffer uses 4 channels per SM
Elastic buffer uses 4 channels per SM
CPU side received count (scaleup: 0): -110 -105 -102 -106 -108 -105 -101 -102 # -129 -129 -129 -129 -129 -129 -129 -129 
CPU side received count (scaleup: 5): -108 -114 -112 -103 -98 -104 -102 -97 # -257 -129 -129 -129 -129 -129 -129 -129 
CPU side received count (scaleup: 6): -120 -114 -99 -100 -98 -78 -102 -100 # -129 -129 -129 -129 -129 -129 -129 -129 
CPU side received count (scaleup: 4): -95 -97 -102 -92 -95 -107 -94 -98 # -129 -129 -129 -129 -129 -129 -129 -129 
CPU side received count (scaleup: 3): -115 -109 -89 -120 -111 -109 -114 -87 # -129 -129 -129 -129 -129 -129 -129 -129 
CPU side received count (scaleup: 7): -102 -107 -103 -107 -101 -104 -111 -94 # -129 -129 -129 -129 -129 -129 -129 -129 
CPU side received count (scaleup: 1): -109 -107 -116 -109 -97 -111 -93 -94 # -129 -129 -129 -129 -129 -129 -257 -129 
CPU side received count (scaleup: 2): -108 -104 -115 -107 -97 -76 -107 -109 # -129 -129 -129 -129 -129 -129 -129 -129 
Elastic buffer uses 4 channels per SM
Elastic buffer uses 4 channels per SM
Elastic buffer uses 4 channels per SM
Elastic buffer uses 4 channels per SM
Elastic buffer uses 4 channels per SM
Elastic buffer uses 4 channels per SM
Elastic buffer uses 4 channels per SM
Elastic buffer uses 4 channels per SM
CPU side received count (scaleup: 0): -110 -105 -102 -106 -108 -105 -101 -102 # -129 -129 -129 -129 -129 -129 -129 -129 
CPU side received count (scaleup: 3): -115 -109 -89 -120 -111 -109 -114 -87 # -129 -129 -129 -129 -129 -129 -129 -129 
CPU side received count (scaleup: 6): -120 -114 -99 -100 -98 -78 -102 -100 # -129 -129 -129 -129 -129 -129 -129 -129 
CPU side received count (scaleup: 5): -108 -114 -112 -103 -98 -104 -102 -97 # -257 -129 -129 -129 -129 -129 -129 -129 
CPU side received count (scaleup: 1): -109 -107 -116 -109 -97 -111 -93 -94 # -129 -129 -129 -129 -129 -129 -257 -129 
CPU side received count (scaleup: 2): -108 -104 -115 -107 -97 -76 -107 -109 # -129 -129 -129 -129 -129 -129 -129 -129 
CPU side received count (scaleup: 4): -95 -97 -102 -92 -95 -107 -94 -98 # -129 -129 -129 -129 -129 -129 -129 -129 
CPU side received count (scaleup: 7): -102 -107 -103 -107 -101 -104 -111 -94 # -129 -129 -129 -129 -129 -129 -129 -129 
Elastic buffer uses 4 channels per SM
Elastic buffer uses 4 channels per SM
Elastic buffer uses 4 channels per SM
Elastic buffer uses 4 channels per SM
Elastic buffer uses 4 channels per SM
Elastic buffer uses 4 channels per SM
Elastic buffer uses 4 channels per SM
Elastic buffer uses 4 channels per SM
CPU side received count (scaleup: 5): -108 -114 -112 -103 -98 -104 -102 -97 # -257 -129 -129 -129 -129 -129 -129 -129 
CPU side received count (scaleup: 6): -120 -114 -99 -100 -98 -78 -102 -100 # -129 -129 -129 -129 -129 -129 -129 -129 
CPU side received count (scaleup: 3): -115 -109 -89 -120 -111 -109 -114 -87 # -129 -129 -129 -129 -129 -129 -129 -129 
CPU side received count (scaleup: 0): -110 -105 -102 -106 -108 -105 -101 -102 # -129 -129 -129 -129 -129 -129 -129 -129 
CPU side received count (scaleup: 1): -109 -107 -116 -109 -97 -111 -93 -94 # -129 -129 -129 -129 -129 -129 -257 -129 
CPU side received count (scaleup: 2): -108 -104 -115 -107 -97 -76 -107 -109 # -129 -129 -129 -129 -129 -129 -129 -129 
CPU side received count (scaleup: 4): -95 -97 -102 -92 -95 -107 -94 -98 # -129 -129 -129 -129 -129 -129 -129 -129 
CPU side received count (scaleup: 7): -102 -107 -103 -107 -101 -104 -111 -94 # -129 -129 -129 -129 -129 -129 -129 -129 
Elastic buffer uses 4 channels per SM
Elastic buffer uses 4 channels per SM
Elastic buffer uses 4 channels per SM
Elastic buffer uses 4 channels per SM
Elastic buffer uses 4 channels per SM
Elastic buffer uses 4 channels per SM
Elastic buffer uses 4 channels per SM
Elastic buffer uses 4 channels per SM
CPU side received count (scaleup: 6): -120 -114 -99 -100 -98 -78 -102 -100 # -129 -129 -129 -129 -129 -129 -129 -129 
CPU side received count (scaleup: 5): -108 -114 -112 -103 -98 -104 -102 -97 # -257 -129 -129 -129 -129 -129 -129 -129 
CPU side received count (scaleup: 0): -110 -105 -102 -106 -108 -105 -101 -102 # -129 -129 -129 -129 -129 -129 -129 -129 
CPU side received count (scaleup: 4): -95 -97 -102 -92 -95 -107 -94 -98 # -129 -129 -129 -129 -129 -129 -129 -129 
CPU side received count (scaleup: 3): -115 -109 -89 -120 -111 -109 -114 -87 # -129 -129 -129 -129 -129 -129 -129 -129 
CPU side received count (scaleup: 7): -102 -107 -103 -107 -101 -104 -111 -94 # -129 -129 -129 -129 -129 -129 -129 -129 
CPU side received count (scaleup: 1): -109 -107 -116 -109 -97 -111 -93 -94 # -129 -129 -129 -129 -129 -129 -257 -129 
CPU side received count (scaleup: 2): -108 -104 -115 -107 -97 -76 -107 -109 # -129 -129 -129 -129 -129 -129 -129 -129 
Elastic buffer uses 4 channels per SM
Elastic buffer uses 4 channels per SM
Elastic buffer uses 4 channels per SM
Elastic buffer uses 4 channels per SM
Elastic buffer uses 4 channels per SM
Elastic buffer uses 4 channels per SM
Elastic buffer uses 4 channels per SM
Elastic buffer uses 4 channels per SM
CPU side received count (scaleup: 3): -115 -109 -89 -120 -111 -109 -114 -87 # -129 -129 -129 -129 -129 -129 -129 -129 
CPU side received count (scaleup: 0): -110 -105 -102 -106 -108 -105 -101 -102 # -129 -129 -129 -129 -129 -129 -129 -129 
CPU side received count (scaleup: 5): -108 -114 -112 -103 -98 -104 -102 -97 # -257 -129 -129 -129 -129 -129 -129 -129 
CPU side received count (scaleup: 6): -120 -114 -99 -100 -98 -78 -102 -100 # -129 -129 -129 -129 -129 -129 -129 -129 
CPU side received count (scaleup: 1): -109 -107 -116 -109 -97 -111 -93 -94 # -129 -129 -129 -129 -129 -129 -257 -129 
CPU side received count (scaleup: 4): -95 -97 -102 -92 -95 -107 -94 -98 # -129 -129 -129 -129 -129 -129 -129 -129 
CPU side received count (scaleup: 2): -108 -104 -115 -107 -97 -76 -107 -109 # -129 -129 -129 -129 -129 -129 -129 -129 
CPU side received count (scaleup: 7): -102 -107 -103 -107 -101 -104 -111 -94 # -129 -129 -129 -129 -129 -129 -129 -129 
Elastic buffer uses 4 channels per SM
Elastic buffer uses 4 channels per SM
Elastic buffer uses 4 channels per SM
Elastic buffer uses 4 channels per SM
Elastic buffer uses 4 channels per SM
Elastic buffer uses 4 channels per SM
Elastic buffer uses 4 channels per SM
Elastic buffer uses 4 channels per SM
CPU side received count (scaleup: 0): -110 -105 -102 -106 -108 -105 -101 -102 # -129 -129 -129 -129 -129 -129 -129 -129 
CPU side received count (scaleup: 5): -108 -114 -112 -103 -98 -104 -102 -97 # -257 -129 -129 -129 -129 -129 -129 -129 
CPU side received count (scaleup: 3): -115 -109 -89 -120 -111 -109 -114 -87 # -129 -129 -129 -129 -129 -129 -129 -129 
CPU side received count (scaleup: 6): -120 -114 -99 -100 -98 -78 -102 -100 # -129 -129 -129 -129 -129 -129 -129 -129 
CPU side received count (scaleup: 1): -109 -107 -116 -109 -97 -111 -93 -94 # -129 -129 -129 -129 -129 -129 -257 -129 
CPU side received count (scaleup: 4): -95 -97 -102 -92 -95 -107 -94 -98 # -129 -129 -129 -129 -129 -129 -129 -129 
CPU side received count (scaleup: 2): -108 -104 -115 -107 -97 -76 -107 -109 # -129 -129 -129 -129 -129 -129 -129 -129 
CPU side received count (scaleup: 7): -102 -107 -103 -107 -101 -104 -111 -94 # -129 -129 -129 -129 -129 -129 -129 -129 
Elastic buffer uses 4 channels per SM
Elastic buffer uses 4 channels per SM
Elastic buffer uses 4 channels per SM
Elastic buffer uses 4 channels per SM
Elastic buffer uses 4 channels per SM
Elastic buffer uses 4 channels per SM
Elastic buffer uses 4 channels per SM
Elastic buffer uses 4 channels per SM
CPU side received count (scaleup: 0): -110 -105 -102 -106 -108 -105 -101 -102 # -129 -129 -129 -129 -129 -129 -129 -129 
CPU side received count (scaleup: 5): -108 -114 -112 -103 -98 -104 -102 -97 # -257 -129 -129 -129 -129 -129 -129 -129 
CPU side received count (scaleup: 6): -120 -114 -99 -100 -98 -78 -102 -100 # -129 -129 -129 -129 -129 -129 -129 -129 
CPU side received count (scaleup: 3): -115 -109 -89 -120 -111 -109 -114 -87 # -129 -129 -129 -129 -129 -129 -129 -129 
CPU side received count (scaleup: 4): -95 -97 -102 -92 -95 -107 -94 -98 # -129 -129 -129 -129 -129 -129 -129 -129 
CPU side received count (scaleup: 7): -102 -107 -103 -107 -101 -104 -111 -94 # -129 -129 -129 -129 -129 -129 -129 -129 
CPU side received count (scaleup: 2): -108 -104 -115 -107 -97 -76 -107 -109 # -129 -129 -129 -129 -129 -129 -129 -129 
CPU side received count (scaleup: 1): -109 -107 -116 -109 -97 -111 -93 -94 # -129 -129 -129 -129 -129 -129 -257 -129 
Elastic buffer uses 4 channels per SM
Elastic buffer uses 4 channels per SM
Elastic buffer uses 4 channels per SM
Elastic buffer uses 4 channels per SM
Elastic buffer uses 4 channels per SM
Elastic buffer uses 4 channels per SM
Elastic buffer uses 4 channels per SM
Elastic buffer uses 4 channels per SM
CPU side received count (scaleup: 6): -120 -114 -99 -100 -98 -78 -102 -100 # -129 -129 -129 -129 -129 -129 -129 -129 
CPU side received count (scaleup: 5): -108 -114 -112 -103 -98 -104 -102 -97 # -257 -129 -129 -129 -129 -129 -129 -129 
CPU side received count (scaleup: 7): -102 -107 -103 -107 -101 -104 -111 -94 # -129 -129 -129 -129 -129 -129 -129 -129 
CPU side received count (scaleup: 4): -95 -97 -102 -92 -95 -107 -94 -98 # -129 -129 -129 -129 -129 -129 -129 -129 
CPU side received count (scaleup: 2): -108 -104 -115 -107 -97 -76 -107 -109 # -129 -129 -129 -129 -129 -129 -129 -129 
CPU side received count (scaleup: 3): -115 -109 -89 -120 -111 -109 -114 -87 # -129 -129 -129 -129 -129 -129 -129 -129 
CPU side received count (scaleup: 1): -109 -107 -116 -109 -97 -111 -93 -94 # -129 -129 -129 -129 -129 -129 -257 -129 
CPU side received count (scaleup: 0): -110 -105 -102 -106 -108 -105 -101 -102 # -129 -129 -129 -129 -129 -129 -129 -129 
Elastic buffer uses 4 channels per SM
Elastic buffer uses 4 channels per SM
Elastic buffer uses 4 channels per SM
Elastic buffer uses 4 channels per SM
Elastic buffer uses 4 channels per SM
Elastic buffer uses 4 channels per SM
Elastic buffer uses 4 channels per SM
Elastic buffer uses 4 channels per SM
CPU side received count (scaleup: 6): -120 -114 -99 -100 -98 -78 -102 -100 # -129 -129 -129 -129 -129 -129 -129 -129 
CPU side received count (scaleup: 4): -95 -97 -102 -92 -95 -107 -94 -98 # -129 -129 -129 -129 -129 -129 -129 -129 
CPU side received count (scaleup: 7): -102 -107 -103 -107 -101 -104 -111 -94 # -129 -129 -129 -129 -129 -129 -129 -129 
CPU side received count (scaleup: 5): -108 -114 -112 -103 -98 -104 -102 -97 # -257 -129 -129 -129 -129 -129 -129 -129 
CPU side received count (scaleup: 3): -115 -109 -89 -120 -111 -109 -114 -87 # -129 -129 -129 -129 -129 -129 -129 -129 
CPU side received count (scaleup: 0): -110 -105 -102 -106 -108 -105 -101 -102 # -129 -129 -129 -129 -129 -129 -129 -129 
CPU side received count (scaleup: 1): -109 -107 -116 -109 -97 -111 -93 -94 # -129 -129 -129 -129 -129 -129 -257 -129 
CPU side received count (scaleup: 2): -108 -104 -115 -107 -97 -76 -107 -109 # -129 -129 -129 -129 -129 -129 -129 -129 
Elastic buffer uses 4 channels per SM
Elastic buffer uses 4 channels per SM
Elastic buffer uses 4 channels per SM
Elastic buffer uses 4 channels per SM
Elastic buffer uses 4 channels per SM
Elastic buffer uses 4 channels per SM
Elastic buffer uses 4 channels per SM
Elastic buffer uses 4 channels per SM
CPU side received count (scaleup: 5): -108 -114 -112 -103 -98 -104 -102 -97 # -257 -129 -129 -129 -129 -129 -129 -129 
CPU side received count (scaleup: 6): -120 -114 -99 -100 -98 -78 -102 -100 # -129 -129 -129 -129 -129 -129 -129 -129 
CPU side received count (scaleup: 3): -115 -109 -89 -120 -111 -109 -114 -87 # -129 -129 -129 -129 -129 -129 -129 -129 
CPU side received count (scaleup: 4): -95 -97 -102 -92 -95 -107 -94 -98 # -129 -129 -129 -129 -129 -129 -129 -129 
CPU side received count (scaleup: 7): -102 -107 -103 -107 -101 -104 -111 -94 # -129 -129 -129 -129 -129 -129 -129 -129 
CPU side received count (scaleup: 0): -110 -105 -102 -106 -108 -105 -101 -102 # -129 -129 -129 -129 -129 -129 -129 -129 
CPU side received count (scaleup: 1): -109 -107 -116 -109 -97 -111 -93 -94 # -129 -129 -129 -129 -129 -129 -257 -129 
CPU side received count (scaleup: 2): -108 -104 -115 -107 -97 -76 -107 -109 # -129 -129 -129 -129 -129 -129 -129 -129 
Elastic buffer uses 4 channels per SM
Elastic buffer uses 4 channels per SM
Elastic buffer uses 4 channels per SM
Elastic buffer uses 4 channels per SM
Elastic buffer uses 4 channels per SM
Elastic buffer uses 4 channels per SM
Elastic buffer uses 4 channels per SM
Elastic buffer uses 4 channels per SM
CPU side received count (scaleup: 3): -115 -109 -89 -120 -111 -109 -114 -87 # -129 -129 -129 -129 -129 -129 -129 -129 
CPU side received count (scaleup: 0): -110 -105 -102 -106 -108 -105 -101 -102 # -129 -129 -129 -129 -129 -129 -129 -129 
CPU side received count (scaleup: 5): -108 -114 -112 -103 -98 -104 -102 -97 # -257 -129 -129 -129 -129 -129 -129 -129 
CPU side received count (scaleup: 6): -120 -114 -99 -100 -98 -78 -102 -100 # -129 -129 -129 -129 -129 -129 -129 -129 
CPU side received count (scaleup: 7): -102 -107 -103 -107 -101 -104 -111 -94 # -129 -129 -129 -129 -129 -129 -129 -129 
CPU side received count (scaleup: 4): -95 -97 -102 -92 -95 -107 -94 -98 # -129 -129 -129 -129 -129 -129 -129 -129 
CPU side received count (scaleup: 1): -109 -107 -116 -109 -97 -111 -93 -94 # -129 -129 -129 -129 -129 -129 -257 -129 
CPU side received count (scaleup: 2): -108 -104 -115 -107 -97 -76 -107 -109 # -129 -129 -129 -129 -129 -129 -129 -129 
Elastic buffer uses 4 channels per SM
Elastic buffer uses 4 channels per SM
Elastic buffer uses 4 channels per SM
Elastic buffer uses 4 channels per SM
Elastic buffer uses 4 channels per SM
Elastic buffer uses 4 channels per SM
Elastic buffer uses 4 channels per SM
Elastic buffer uses 4 channels per SM
CPU side received count (scaleup: 3): -115 -109 -89 -120 -111 -109 -114 -87 # -129 -129 -129 -129 -129 -129 -129 -129 
CPU side received count (scaleup: 0): -110 -105 -102 -106 -108 -105 -101 -102 # -129 -129 -129 -129 -129 -129 -129 -129 
CPU side received count (scaleup: 5): -108 -114 -112 -103 -98 -104 -102 -97 # -257 -129 -129 -129 -129 -129 -129 -129 
CPU side received count (scaleup: 6): -120 -114 -99 -100 -98 -78 -102 -100 # -129 -129 -129 -129 -129 -129 -129 -129 
CPU side received count (scaleup: 4): -95 -97 -102 -92 -95 -107 -94 -98 # -129 -129 -129 -129 -129 -129 -129 -129 
CPU side received count (scaleup: 2): -108 -104 -115 -107 -97 -76 -107 -109 # -129 -129 -129 -129 -129 -129 -129 -129 
CPU side received count (scaleup: 1): -109 -107 -116 -109 -97 -111 -93 -94 # -129 -129 -129 -129 -129 -129 -257 -129 
CPU side received count (scaleup: 7): -102 -107 -103 -107 -101 -104 -111 -94 # -129 -129 -129 -129 -129 -129 -129 -129 
Elastic buffer uses 4 channels per SM
Elastic buffer uses 4 channels per SM
Elastic buffer uses 4 channels per SM
Elastic buffer uses 4 channels per SM
Elastic buffer uses 4 channels per SM
Elastic buffer uses 4 channels per SM
Elastic buffer uses 4 channels per SM
Elastic buffer uses 4 channels per SM
CPU side received count (scaleup: 5): -108 -114 -112 -103 -98 -104 -102 -97 # -257 -129 -129 -129 -129 -129 -129 -129 
CPU side received count (scaleup: 6): -120 -114 -99 -100 -98 -78 -102 -100 # -129 -129 -129 -129 -129 -129 -129 -129 
CPU side received count (scaleup: 3): -115 -109 -89 -120 -111 -109 -114 -87 # -129 -129 -129 -129 -129 -129 -129 -129 
CPU side received count (scaleup: 0): -110 -105 -102 -106 -108 -105 -101 -102 # -129 -129 -129 -129 -129 -129 -129 -129 
CPU side received count (scaleup: 4): -95 -97 -102 -92 -95 -107 -94 -98 # -129 -129 -129 -129 -129 -129 -129 -129 
CPU side received count (scaleup: 7): -102 -107 -103 -107 -101 -104 -111 -94 # -129 -129 -129 -129 -129 -129 -129 -129 
CPU side received count (scaleup: 2): -108 -104 -115 -107 -97 -76 -107 -109 # -129 -129 -129 -129 -129 -129 -129 -129 
CPU side received count (scaleup: 1): -109 -107 -116 -109 -97 -111 -93 -94 # -129 -129 -129 -129 -129 -129 -257 -129 
Elastic buffer uses 4 channels per SM
Elastic buffer uses 4 channels per SM
Elastic buffer uses 4 channels per SM
Elastic buffer uses 4 channels per SM
Elastic buffer uses 4 channels per SM
Elastic buffer uses 4 channels per SM
Elastic buffer uses 4 channels per SM
Elastic buffer uses 4 channels per SM
CPU side received count (scaleup: 5): -108 -114 -112 -103 -98 -104 -102 -97 # -257 -129 -129 -129 -129 -129 -129 -129 
CPU side received count (scaleup: 6): -120 -114 -99 -100 -98 -78 -102 -100 # -129 -129 -129 -129 -129 -129 -129 -129 
CPU side received count (scaleup: 0): -110 -105 -102 -106 -108 -105 -101 -102 # -129 -129 -129 -129 -129 -129 -129 -129 
CPU side received count (scaleup: 3): -115 -109 -89 -120 -111 -109 -114 -87 # -129 -129 -129 -129 -129 -129 -129 -129 
CPU side received count (scaleup: 4): -95 -97 -102 -92 -95 -107 -94 -98 # -129 -129 -129 -129 -129 -129 -129 -129 
CPU side received count (scaleup: 7): -102 -107 -103 -107 -101 -104 -111 -94 # -129 -129 -129 -129 -129 -129 -129 -129 
CPU side received count (scaleup: 2): -108 -104 -115 -107 -97 -76 -107 -109 # -129 -129 -129 -129 -129 -129 -129 -129 
CPU side received count (scaleup: 1): -109 -107 -116 -109 -97 -111 -93 -94 # -129 -129 -129 -129 -129 -129 -257 -129 
Elastic buffer uses 4 channels per SM
Elastic buffer uses 4 channels per SM
Elastic buffer uses 4 channels per SM
Elastic buffer uses 4 channels per SM
Elastic buffer uses 4 channels per SM
Elastic buffer uses 4 channels per SM
Elastic buffer uses 4 channels per SM
Elastic buffer uses 4 channels per SM
CPU side received count (scaleup: 5): -108 -114 -112 -103 -98 -104 -102 -97 # -257 -129 -129 -129 -129 -129 -129 -129 
CPU side received count (scaleup: 6): -120 -114 -99 -100 -98 -78 -102 -100 # -129 -129 -129 -129 -129 -129 -129 -129 
CPU side received count (scaleup: 3): -115 -109 -89 -120 -111 -109 -114 -87 # -129 -129 -129 -129 -129 -129 -129 -129 
CPU side received count (scaleup: 0): -110 -105 -102 -106 -108 -105 -101 -102 # -129 -129 -129 -129 -129 -129 -129 -129 
CPU side received count (scaleup: 1): -109 -107 -116 -109 -97 -111 -93 -94 # -129 -129 -129 -129 -129 -129 -257 -129 
CPU side received count (scaleup: 2): -108 -104 -115 -107 -97 -76 -107 -109 # -129 -129 -129 -129 -129 -129 -129 -129 
CPU side received count (scaleup: 7): -102 -107 -103 -107 -101 -104 -111 -94 # -129 -129 -129 -129 -129 -129 -129 -129 
CPU side received count (scaleup: 4): -95 -97 -102 -92 -95 -107 -94 -98 # -129 -129 -129 -129 -129 -129 -129 -129 
Elastic buffer uses 4 channels per SM
Elastic buffer uses 4 channels per SM
Elastic buffer uses 4 channels per SM
Elastic buffer uses 4 channels per SM
Elastic buffer uses 4 channels per SM
Elastic buffer uses 4 channels per SM
Elastic buffer uses 4 channels per SM
Elastic buffer uses 4 channels per SM
CPU side received count (scaleup: 5): -108 -114 -112 -103 -98 -104 -102 -97 # -257 -129 -129 -129 -129 -129 -129 -129 
CPU side received count (scaleup: 6): -120 -114 -99 -100 -98 -78 -102 -100 # -129 -129 -129 -129 -129 -129 -129 -129 
CPU side received count (scaleup: 3): -115 -109 -89 -120 -111 -109 -114 -87 # -129 -129 -129 -129 -129 -129 -129 -129 
CPU side received count (scaleup: 0): -110 -105 -102 -106 -108 -105 -101 -102 # -129 -129 -129 -129 -129 -129 -129 -129 
CPU side received count (scaleup: 1): -109 -107 -116 -109 -97 -111 -93 -94 # -129 -129 -129 -129 -129 -129 -257 -129 
CPU side received count (scaleup: 7): -102 -107 -103 -107 -101 -104 -111 -94 # -129 -129 -129 -129 -129 -129 -129 -129 
CPU side received count (scaleup: 2): -108 -104 -115 -107 -97 -76 -107 -109 # -129 -129 -129 -129 -129 -129 -129 -129 
CPU side received count (scaleup: 4): -95 -97 -102 -92 -95 -107 -94 -98 # -129 -129 -129 -129 -129 -129 -129 -129 
Elastic buffer uses 4 channels per SM
Elastic buffer uses 4 channels per SM
Elastic buffer uses 4 channels per SM
Elastic buffer uses 4 channels per SM
Elastic buffer uses 4 channels per SM
Elastic buffer uses 4 channels per SM
Elastic buffer uses 4 channels per SM
Elastic buffer uses 4 channels per SM
CPU side received count (scaleup: 6): -120 -114 -99 -100 -98 -78 -102 -100 # -129 -129 -129 -129 -129 -129 -129 -129 
CPU side received count (scaleup: 5): -108 -114 -112 -103 -98 -104 -102 -97 # -257 -129 -129 -129 -129 -129 -129 -129 
CPU side received count (scaleup: 0): -110 -105 -102 -106 -108 -105 -101 -102 # -129 -129 -129 -129 -129 -129 -129 -129 
CPU side received count (scaleup: 3): -115 -109 -89 -120 -111 -109 -114 -87 # -129 -129 -129 -129 -129 -129 -129 -129 
CPU side received count (scaleup: 1): -109 -107 -116 -109 -97 -111 -93 -94 # -129 -129 -129 -129 -129 -129 -257 -129 
CPU side received count (scaleup: 2): -108 -104 -115 -107 -97 -76 -107 -109 # -129 -129 -129 -129 -129 -129 -129 -129 
CPU side received count (scaleup: 7): -102 -107 -103 -107 -101 -104 -111 -94 # -129 -129 -129 -129 -129 -129 -129 -129 
CPU side received count (scaleup: 4): -95 -97 -102 -92 -95 -107 -94 -98 # -129 -129 -129 -129 -129 -129 -129 -129 
Elastic buffer uses 4 channels per SM
Elastic buffer uses 4 channels per SM
Elastic buffer uses 4 channels per SM
Elastic buffer uses 4 channels per SM
Elastic buffer uses 4 channels per SM
Elastic buffer uses 4 channels per SM
Elastic buffer uses 4 channels per SM
Elastic buffer uses 4 channels per SM
CPU side received count (scaleup: 6): -120 -114 -99 -100 -98 -78 -102 -100 # -129 -129 -129 -129 -129 -129 -129 -129 
CPU side received count (scaleup: 5): -108 -114 -112 -103 -98 -104 -102 -97 # -257 -129 -129 -129 -129 -129 -129 -129 
CPU side received count (scaleup: 0): -110 -105 -102 -106 -108 -105 -101 -102 # -129 -129 -129 -129 -129 -129 -129 -129 
CPU side received count (scaleup: 3): -115 -109 -89 -120 -111 -109 -114 -87 # -129 -129 -129 -129 -129 -129 -129 -129 
CPU side received count (scaleup: 2): -108 -104 -115 -107 -97 -76 -107 -109 # -129 -129 -129 -129 -129 -129 -129 -129 
CPU side received count (scaleup: 1): -109 -107 -116 -109 -97 -111 -93 -94 # -129 -129 -129 -129 -129 -129 -257 -129 
CPU side received count (scaleup: 7): -102 -107 -103 -107 -101 -104 -111 -94 # -129 -129 -129 -129 -129 -129 -129 -129 
CPU side received count (scaleup: 4): -95 -97 -102 -92 -95 -107 -94 -98 # -129 -129 -129 -129 -129 -129 -129 -129 
Elastic buffer uses 4 channels per SM
Elastic buffer uses 4 channels per SM
Elastic buffer uses 4 channels per SM
Elastic buffer uses 4 channels per SM
Elastic buffer uses 4 channels per SM
Elastic buffer uses 4 channels per SM
Elastic buffer uses 4 channels per SM
Elastic buffer uses 4 channels per SM
CPU side received count (scaleup: 3): -115 -109 -89 -120 -111 -109 -114 -87 # -129 -129 -129 -129 -129 -129 -129 -129 
CPU side received count (scaleup: 0): -110 -105 -102 -106 -108 -105 -101 -102 # -129 -129 -129 -129 -129 -129 -129 -129 
CPU side received count (scaleup: 5): -108 -114 -112 -103 -98 -104 -102 -97 # -257 -129 -129 -129 -129 -129 -129 -129 
CPU side received count (scaleup: 1): -109 -107 -116 -109 -97 -111 -93 -94 # -129 -129 -129 -129 -129 -129 -257 -129 
CPU side received count (scaleup: 6): -120 -114 -99 -100 -98 -78 -102 -100 # -129 -129 -129 -129 -129 -129 -129 -129 
CPU side received count (scaleup: 2): -108 -104 -115 -107 -97 -76 -107 -109 # -129 -129 -129 -129 -129 -129 -129 -129 
CPU side received count (scaleup: 7): -102 -107 -103 -107 -101 -104 -111 -94 # -129 -129 -129 -129 -129 -129 -129 -129 
CPU side received count (scaleup: 4): -95 -97 -102 -92 -95 -107 -94 -98 # -129 -129 -129 -129 -129 -129 -129 -129 
Elastic buffer uses 4 channels per SM
Elastic buffer uses 4 channels per SM
Elastic buffer uses 4 channels per SM
Elastic buffer uses 4 channels per SM
Elastic buffer uses 4 channels per SM
Elastic buffer uses 4 channels per SM
Elastic buffer uses 4 channels per SM
Elastic buffer uses 4 channels per SM
CPU side received count (scaleup: 6): -120 -114 -99 -100 -98 -78 -102 -100 # -129 -129 -129 -129 -129 -129 -129 -129 
CPU side received count (scaleup: 5): -108 -114 -112 -103 -98 -104 -102 -97 # -257 -129 -129 -129 -129 -129 -129 -129 
CPU side received count (scaleup: 3): -115 -109 -89 -120 -111 -109 -114 -87 # -129 -129 -129 -129 -129 -129 -129 -129 
CPU side received count (scaleup: 1): -109 -107 -116 -109 -97 -111 -93 -94 # -129 -129 -129 -129 -129 -129 -257 -129 
CPU side received count (scaleup: 2): -108 -104 -115 -107 -97 -76 -107 -109 # -129 -129 -129 -129 -129 -129 -129 -129 
CPU side received count (scaleup: 0): -110 -105 -102 -106 -108 -105 -101 -102 # -129 -129 -129 -129 -129 -129 -129 -129 
CPU side received count (scaleup: 7): -102 -107 -103 -107 -101 -104 -111 -94 # -129 -129 -129 -129 -129 -129 -129 -129 
CPU side received count (scaleup: 4): -95 -97 -102 -92 -95 -107 -94 -98 # -129 -129 -129 -129 -129 -129 -129 -129 
Elastic buffer uses 4 channels per SM
Elastic buffer uses 4 channels per SM
Elastic buffer uses 4 channels per SM
Elastic buffer uses 4 channels per SM
Elastic buffer uses 4 channels per SM
Elastic buffer uses 4 channels per SM
Elastic buffer uses 4 channels per SM
Elastic buffer uses 4 channels per SM
CPU side received count (scaleup: 6): -120 -114 -99 -100 -98 -78 -102 -100 # -129 -129 -129 -129 -129 -129 -129 -129 
CPU side received count (scaleup: 5): -108 -114 -112 -103 -98 -104 -102 -97 # -257 -129 -129 -129 -129 -129 -129 -129 
CPU side received count (scaleup: 0): -110 -105 -102 -106 -108 -105 -101 -102 # -129 -129 -129 -129 -129 -129 -129 -129 
CPU side received count (scaleup: 1): -109 -107 -116 -109 -97 -111 -93 -94 # -129 -129 -129 -129 -129 -129 -257 -129 
CPU side received count (scaleup: 7): -102 -107 -103 -107 -101 -104 -111 -94 # -129 -129 -129 -129 -129 -129 -129 -129 
CPU side received count (scaleup: 2): -108 -104 -115 -107 -97 -76 -107 -109 # -129 -129 -129 -129 -129 -129 -129 -129 
CPU side received count (scaleup: 3): -115 -109 -89 -120 -111 -109 -114 -87 # -129 -129 -129 -129 -129 -129 -129 -129 
CPU side received count (scaleup: 4): -95 -97 -102 -92 -95 -107 -94 -98 # -129 -129 -129 -129 -129 -129 -129 -129 
Elastic buffer uses 4 channels per SM
Elastic buffer uses 4 channels per SM
Elastic buffer uses 4 channels per SM
Elastic buffer uses 4 channels per SM
Elastic buffer uses 4 channels per SM
Elastic buffer uses 4 channels per SM
Elastic buffer uses 4 channels per SM
Elastic buffer uses 4 channels per SM
CPU side received count (scaleup: 0): -110 -105 -102 -106 -108 -105 -101 -102 # -129 -129 -129 -129 -129 -129 -129 -129 
CPU side received count (scaleup: 3): -115 -109 -89 -120 -111 -109 -114 -87 # -129 -129 -129 -129 -129 -129 -129 -129 
CPU side received count (scaleup: 6): -120 -114 -99 -100 -98 -78 -102 -100 # -129 -129 -129 -129 -129 -129 -129 -129 
CPU side received count (scaleup: 5): -108 -114 -112 -103 -98 -104 -102 -97 # -257 -129 -129 -129 -129 -129 -129 -129 
CPU side received count (scaleup: 1): -109 -107 -116 -109 -97 -111 -93 -94 # -129 -129 -129 -129 -129 -129 -257 -129 
CPU side received count (scaleup: 2): -108 -104 -115 -107 -97 -76 -107 -109 # -129 -129 -129 -129 -129 -129 -129 -129 
CPU side received count (scaleup: 7): -102 -107 -103 -107 -101 -104 -111 -94 # -129 -129 -129 -129 -129 -129 -129 -129 
CPU side received count (scaleup: 4): -95 -97 -102 -92 -95 -107 -94 -98 # -129 -129 -129 -129 -129 -129 -129 -129 
Elastic buffer uses 4 channels per SM
Elastic buffer uses 4 channels per SM
Elastic buffer uses 4 channels per SM
Elastic buffer uses 4 channels per SM
Elastic buffer uses 4 channels per SM
Elastic buffer uses 4 channels per SM
Elastic buffer uses 4 channels per SM
Elastic buffer uses 4 channels per SM
CPU side received count (scaleup: 5): -108 -114 -112 -103 -98 -104 -102 -97 # -257 -129 -129 -129 -129 -129 -129 -129 
CPU side received count (scaleup: 0): -110 -105 -102 -106 -108 -105 -101 -102 # -129 -129 -129 -129 -129 -129 -129 -129 
CPU side received count (scaleup: 3): -115 -109 -89 -120 -111 -109 -114 -87 # -129 -129 -129 -129 -129 -129 -129 -129 
CPU side received count (scaleup: 1): -109 -107 -116 -109 -97 -111 -93 -94 # -129 -129 -129 -129 -129 -129 -257 -129 
CPU side received count (scaleup: 6): -120 -114 -99 -100 -98 -78 -102 -100 # -129 -129 -129 -129 -129 -129 -129 -129 
CPU side received count (scaleup: 7): -102 -107 -103 -107 -101 -104 -111 -94 # -129 -129 -129 -129 -129 -129 -129 -129 
CPU side received count (scaleup: 2): -108 -104 -115 -107 -97 -76 -107 -109 # -129 -129 -129 -129 -129 -129 -129 -129 
CPU side received count (scaleup: 4): -95 -97 -102 -92 -95 -107 -94 -98 # -129 -129 -129 -129 -129 -129 -129 -129 
USDT:2026-08-25 02:49:24 436:436 SyncActivityProfilerHandler.cpp:59] profiler_stopUSDT:2026-08-25 02:49:24 433:433 SyncActivityProfilerHandler.cpp:59] profiler_stopUSDT:2026-08-25 02:49:24 439:439 SyncActivityProfilerHandler.cpp:59] profiler_stopUSDT:2026-08-25 02:49:24 438:438 SyncActivityProfilerHandler.cpp:59] profiler_stop



USDT:2026-08-25 02:49:24 434:434 SyncActivityProfilerHandler.cpp:59] profiler_stopUSDT:2026-08-25 02:49:24 440:440 SyncActivityProfilerHandler.cpp:59] profiler_stopUSDT:2026-08-25 02:49:24 435:435 SyncActivityProfilerHandler.cpp:59] profiler_stop


USDT:2026-08-25 02:49:24 437:437 SyncActivityProfilerHandler.cpp:59] profiler_stop
   - EP:  14/32 | expanded dispatch: 3 GB/s (SO), 5 GB/s (SU), 1105.000 us, 6012864 bytes | copy: 37 GB/s, 373.342 us
   - EP:  13/32 | expanded dispatch: 3 GB/s (SO), 6 GB/s (SU), 1105.000 us, 6215040 bytes | copy: 40 GB/s, 366.539 us
   - EP:  11/32 | expanded dispatch: 3 GB/s (SO), 6 GB/s (SU), 1105.000 us, 6334848 bytes | copy: 49 GB/s, 283.460 us
   - EP:  10/32 | expanded dispatch: 3 GB/s (SO), 6 GB/s (SU), 1105.000 us, 6102720 bytes | copy: 154 GB/s, 88.906 us
   - EP:   9/32 | expanded dispatch: 3 GB/s (SO), 6 GB/s (SU), 1105.000 us, 6200064 bytes | copy: 2706 GB/s, 5.467 us
   - EP:   8/32 | expanded dispatch: 3 GB/s (SO), 6 GB/s (SU), 1105.000 us, 6222528 bytes | copy: 36 GB/s, 383.383 us
   - EP:  15/32 | expanded dispatch: 3 GB/s (SO), 6 GB/s (SU), 1105.000 us, 6147648 bytes | copy: 106 GB/s, 129.571 us
   - EP:  12/32 | expanded dispatch: 3 GB/s (SO), 5 GB/s (SU), 1105.000 us, 5780736 bytes | copy: 35 GB/s, 383.205 us
Elastic buffer uses 4 channels per SM
Elastic buffer uses 4 channels per SM
Elastic buffer uses 4 channels per SM
Elastic buffer uses 4 channels per SM
Elastic buffer uses 4 channels per SM
Elastic buffer uses 4 channels per SM
Elastic buffer uses 4 channels per SM
Elastic buffer uses 4 channels per SM
Elastic buffer uses 4 channels per SM
Elastic buffer uses 4 channels per SM
Elastic buffer uses 4 channels per SM
Elastic buffer uses 4 channels per SM
Elastic buffer uses 4 channels per SM
Elastic buffer uses 4 channels per SM
Elastic buffer uses 4 channels per SM
Elastic buffer uses 4 channels per SM
Elastic buffer uses 4 channels per SM
Elastic buffer uses 4 channels per SM
Elastic buffer uses 4 channels per SM
Elastic buffer uses 4 channels per SM
Elastic buffer uses 4 channels per SM
Elastic buffer uses 4 channels per SM
Elastic buffer uses 4 channels per SM
Elastic buffer uses 4 channels per SM
Elastic buffer uses 4 channels per SM
Elastic buffer uses 4 channels per SM
Elastic buffer uses 4 channels per SM
Elastic buffer uses 4 channels per SM
Elastic buffer uses 4 channels per SM
Elastic buffer uses 4 channels per SM
Elastic buffer uses 4 channels per SM
Elastic buffer uses 4 channels per SM
Elastic buffer uses 4 channels per SM
Elastic buffer uses 4 channels per SM
Elastic buffer uses 4 channels per SM
Elastic buffer uses 4 channels per SM
Elastic buffer uses 4 channels per SM
Elastic buffer uses 4 channels per SM
Elastic buffer uses 4 channels per SM
Elastic buffer uses 4 channels per SM
Elastic buffer uses 4 channels per SM
Elastic buffer uses 4 channels per SM
Elastic buffer uses 4 channels per SM
Elastic buffer uses 4 channels per SM
Elastic buffer uses 4 channels per SM
Elastic buffer uses 4 channels per SM
Elastic buffer uses 4 channels per SM
Elastic buffer uses 4 channels per SM
Elastic buffer uses 4 channels per SM
Elastic buffer uses 4 channels per SM
Elastic buffer uses 4 channels per SM
Elastic buffer uses 4 channels per SM
Elastic buffer uses 4 channels per SM
Elastic buffer uses 4 channels per SM
Elastic buffer uses 4 channels per SM
Elastic buffer uses 4 channels per SM
Elastic buffer uses 4 channels per SM
Elastic buffer uses 4 channels per SM
Elastic buffer uses 4 channels per SM
Elastic buffer uses 4 channels per SM
Elastic buffer uses 4 channels per SM
Elastic buffer uses 4 channels per SM
Elastic buffer uses 4 channels per SM
Elastic buffer uses 4 channels per SM
Elastic buffer uses 4 channels per SM
Elastic buffer uses 4 channels per SM
Elastic buffer uses 4 channels per SM
Elastic buffer uses 4 channels per SM
Elastic buffer uses 4 channels per SM
Elastic buffer uses 4 channels per SM
Elastic buffer uses 4 channels per SM
Elastic buffer uses 4 channels per SM
Elastic buffer uses 4 channels per SM
Elastic buffer uses 4 channels per SM
Elastic buffer uses 4 channels per SM
Elastic buffer uses 4 channels per SM
Elastic buffer uses 4 channels per SM
Elastic buffer uses 4 channels per SM
Elastic buffer uses 4 channels per SM
Elastic buffer uses 4 channels per SM
Elastic buffer uses 4 channels per SM
Elastic buffer uses 4 channels per SM
Elastic buffer uses 4 channels per SM
Elastic buffer uses 4 channels per SM
Elastic buffer uses 4 channels per SM
Elastic buffer uses 4 channels per SM
Elastic buffer uses 4 channels per SM
Elastic buffer uses 4 channels per SM
Elastic buffer uses 4 channels per SM
Elastic buffer uses 4 channels per SM
Elastic buffer uses 4 channels per SM
Elastic buffer uses 4 channels per SM
Elastic buffer uses 4 channels per SM
Elastic buffer uses 4 channels per SM
Elastic buffer uses 4 channels per SM
Elastic buffer uses 4 channels per SM
Elastic buffer uses 4 channels per SM
Elastic buffer uses 4 channels per SM
Elastic buffer uses 4 channels per SM
Elastic buffer uses 4 channels per SM
Elastic buffer uses 4 channels per SM
Elastic buffer uses 4 channels per SM
Elastic buffer uses 4 channels per SM
Elastic buffer uses 4 channels per SM
Elastic buffer uses 4 channels per SM
Elastic buffer uses 4 channels per SM
Elastic buffer uses 4 channels per SM
Elastic buffer uses 4 channels per SM
Elastic buffer uses 4 channels per SM
Elastic buffer uses 4 channels per SM
Elastic buffer uses 4 channels per SM
Elastic buffer uses 4 channels per SM
Elastic buffer uses 4 channels per SM
Elastic buffer uses 4 channels per SM
Elastic buffer uses 4 channels per SM
Elastic buffer uses 4 channels per SM
Elastic buffer uses 4 channels per SM
Elastic buffer uses 4 channels per SM
Elastic buffer uses 4 channels per SM
Elastic buffer uses 4 channels per SM
Elastic buffer uses 4 channels per SM
Elastic buffer uses 4 channels per SM
Elastic buffer uses 4 channels per SM
Elastic buffer uses 4 channels per SM
Elastic buffer uses 4 channels per SM
Elastic buffer uses 4 channels per SM
Elastic buffer uses 4 channels per SM
Elastic buffer uses 4 channels per SM
Elastic buffer uses 4 channels per SM
Elastic buffer uses 4 channels per SM
Elastic buffer uses 4 channels per SM
Elastic buffer uses 4 channels per SM
Elastic buffer uses 4 channels per SM
Elastic buffer uses 4 channels per SM
Elastic buffer uses 4 channels per SM
Elastic buffer uses 4 channels per SM
Elastic buffer uses 4 channels per SM
Elastic buffer uses 4 channels per SM
Elastic buffer uses 4 channels per SM
Elastic buffer uses 4 channels per SM
Elastic buffer uses 4 channels per SM
Elastic buffer uses 4 channels per SM
Elastic buffer uses 4 channels per SM
Elastic buffer uses 4 channels per SM
Elastic buffer uses 4 channels per SM
Elastic buffer uses 4 channels per SM
Elastic buffer uses 4 channels per SM
Elastic buffer uses 4 channels per SM
Elastic buffer uses 4 channels per SM
Elastic buffer uses 4 channels per SM
Elastic buffer uses 4 channels per SM
Elastic buffer uses 4 channels per SM
Elastic buffer uses 4 channels per SM
Elastic buffer uses 4 channels per SM
Elastic buffer uses 4 channels per SM
Elastic buffer uses 4 channels per SM
Elastic buffer uses 4 channels per SM
Elastic buffer uses 4 channels per SM
Elastic buffer uses 4 channels per SM
Elastic buffer uses 4 channels per SM
Elastic buffer uses 4 channels per SM
Elastic buffer uses 4 channels per SM
Elastic buffer uses 4 channels per SM
Elastic buffer uses 4 channels per SM
Elastic buffer uses 4 channels per SM
Elastic buffer uses 4 channels per SM
Elastic buffer uses 4 channels per SM
Elastic buffer uses 4 channels per SM
Elastic buffer uses 4 channels per SM
Elastic buffer uses 4 channels per SM
Elastic buffer uses 4 channels per SM
Elastic buffer uses 4 channels per SM
Elastic buffer uses 4 channels per SM
Elastic buffer uses 4 channels per SM
Elastic buffer uses 4 channels per SM
Elastic buffer uses 4 channels per SM
Elastic buffer uses 4 channels per SM
Elastic buffer uses 4 channels per SM
Elastic buffer uses 4 channels per SM
Elastic buffer uses 4 channels per SM
Elastic buffer uses 4 channels per SM
Elastic buffer uses 4 channels per SM
Elastic buffer uses 4 channels per SM
Elastic buffer uses 4 channels per SM
Elastic buffer uses 4 channels per SM
Elastic buffer uses 4 channels per SM
Elastic buffer uses 4 channels per SM
Elastic buffer uses 4 channels per SM
Elastic buffer uses 4 channels per SM
Elastic buffer uses 4 channels per SM
Elastic buffer uses 4 channels per SM
Elastic buffer uses 4 channels per SM
Elastic buffer uses 4 channels per SM
Elastic buffer uses 4 channels per SM
Elastic buffer uses 4 channels per SM
Elastic buffer uses 4 channels per SM
Elastic buffer uses 4 channels per SM
Elastic buffer uses 4 channels per SM
Elastic buffer uses 4 channels per SM
Elastic buffer uses 4 channels per SM
Elastic buffer uses 4 channels per SM
Elastic buffer uses 4 channels per SM
Elastic buffer uses 4 channels per SM
Elastic buffer uses 4 channels per SM
Elastic buffer uses 4 channels per SM
Elastic buffer uses 4 channels per SM
Elastic buffer uses 4 channels per SM
Elastic buffer uses 4 channels per SM
Elastic buffer uses 4 channels per SM
Elastic buffer uses 4 channels per SM
Elastic buffer uses 4 channels per SM
Elastic buffer uses 4 channels per SM
Elastic buffer uses 4 channels per SM
Elastic buffer uses 4 channels per SM
Elastic buffer uses 4 channels per SM
Elastic buffer uses 4 channels per SM
Elastic buffer uses 4 channels per SM
Elastic buffer uses 4 channels per SM
Elastic buffer uses 4 channels per SM
Elastic buffer uses 4 channels per SM
Elastic buffer uses 4 channels per SM
Elastic buffer uses 4 channels per SM
Elastic buffer uses 4 channels per SM
Elastic buffer uses 4 channels per SM
Elastic buffer uses 4 channels per SM
Elastic buffer uses 4 channels per SM
Elastic buffer uses 4 channels per SM
Elastic buffer uses 4 channels per SM
Elastic buffer uses 4 channels per SM
Elastic buffer uses 4 channels per SM
Elastic buffer uses 4 channels per SM
Elastic buffer uses 4 channels per SM
Elastic buffer uses 4 channels per SM
Elastic buffer uses 4 channels per SM
Elastic buffer uses 4 channels per SM
Elastic buffer uses 4 channels per SM
Elastic buffer uses 4 channels per SM
Elastic buffer uses 4 channels per SM
Elastic buffer uses 4 channels per SM
Elastic buffer uses 4 channels per SM
Elastic buffer uses 4 channels per SM
Elastic buffer uses 4 channels per SM
Elastic buffer uses 4 channels per SM
Elastic buffer uses 4 channels per SM
Elastic buffer uses 4 channels per SM
Elastic buffer uses 4 channels per SM
Elastic buffer uses 4 channels per SM
Elastic buffer uses 4 channels per SM
Elastic buffer uses 4 channels per SM
Elastic buffer uses 4 channels per SM
Elastic buffer uses 4 channels per SM
Elastic buffer uses 4 channels per SM
Elastic buffer uses 4 channels per SM
Elastic buffer uses 4 channels per SM
Elastic buffer uses 4 channels per SM
Elastic buffer uses 4 channels per SM
USDT:2026-08-25 02:49:25 439:439 SyncActivityProfilerHandler.cpp:52] profiler_startUSDT:2026-08-25 02:49:25 436:436 SyncActivityProfilerHandler.cpp:52] profiler_startUSDT:2026-08-25 02:49:25 433:433 SyncActivityProfilerHandler.cpp:52] profiler_startUSDT:2026-08-25 02:49:25 438:438 SyncActivityProfilerHandler.cpp:52] profiler_start



USDT:2026-08-25 02:49:25 434:434 SyncActivityProfilerHandler.cpp:52] profiler_start
USDT:2026-08-25 02:49:25 435:435 SyncActivityProfilerHandler.cpp:52] profiler_start
USDT:2026-08-25 02:49:25 437:437 SyncActivityProfilerHandler.cpp:52] profiler_start
USDT:2026-08-25 02:49:25 440:440 SyncActivityProfilerHandler.cpp:52] profiler_start
Elastic buffer uses 4 channels per SM
Elastic buffer uses 4 channels per SM
Elastic buffer uses 4 channels per SM
Elastic buffer uses 4 channels per SM
Elastic buffer uses 4 channels per SM
Elastic buffer uses 4 channels per SM
Elastic buffer uses 4 channels per SM
Elastic buffer uses 4 channels per SM
Elastic buffer uses 4 channels per SM
Elastic buffer uses 4 channels per SM
Elastic buffer uses 4 channels per SM
Elastic buffer uses 4 channels per SM
Elastic buffer uses 4 channels per SM
Elastic buffer uses 4 channels per SM
Elastic buffer uses 4 channels per SM
Elastic buffer uses 4 channels per SM
Elastic buffer uses 4 channels per SM
Elastic buffer uses 4 channels per SM
Elastic buffer uses 4 channels per SM
Elastic buffer uses 4 channels per SM
Elastic buffer uses 4 channels per SM
Elastic buffer uses 4 channels per SM
Elastic buffer uses 4 channels per SM
Elastic buffer uses 4 channels per SM
Elastic buffer uses 4 channels per SM
Elastic buffer uses 4 channels per SM
Elastic buffer uses 4 channels per SM
Elastic buffer uses 4 channels per SM
Elastic buffer uses 4 channels per SM
Elastic buffer uses 4 channels per SM
Elastic buffer uses 4 channels per SM
Elastic buffer uses 4 channels per SM
Elastic buffer uses 4 channels per SM
Elastic buffer uses 4 channels per SM
Elastic buffer uses 4 channels per SM
Elastic buffer uses 4 channels per SM
Elastic buffer uses 4 channels per SM
Elastic buffer uses 4 channels per SM
Elastic buffer uses 4 channels per SM
Elastic buffer uses 4 channels per SM
Elastic buffer uses 4 channels per SM
Elastic buffer uses 4 channels per SM
Elastic buffer uses 4 channels per SM
Elastic buffer uses 4 channels per SM
Elastic buffer uses 4 channels per SM
Elastic buffer uses 4 channels per SM
Elastic buffer uses 4 channels per SM
Elastic buffer uses 4 channels per SM
Elastic buffer uses 4 channels per SM
Elastic buffer uses 4 channels per SM
Elastic buffer uses 4 channels per SM
Elastic buffer uses 4 channels per SM
Elastic buffer uses 4 channels per SM
Elastic buffer uses 4 channels per SM
Elastic buffer uses 4 channels per SM
Elastic buffer uses 4 channels per SM
Elastic buffer uses 4 channels per SM
Elastic buffer uses 4 channels per SM
Elastic buffer uses 4 channels per SM
Elastic buffer uses 4 channels per SM
Elastic buffer uses 4 channels per SM
Elastic buffer uses 4 channels per SM
Elastic buffer uses 4 channels per SM
Elastic buffer uses 4 channels per SM
Elastic buffer uses 4 channels per SM
Elastic buffer uses 4 channels per SM
Elastic buffer uses 4 channels per SM
Elastic buffer uses 4 channels per SM
Elastic buffer uses 4 channels per SM
Elastic buffer uses 4 channels per SM
Elastic buffer uses 4 channels per SM
Elastic buffer uses 4 channels per SM
Elastic buffer uses 4 channels per SM
Elastic buffer uses 4 channels per SM
Elastic buffer uses 4 channels per SM
Elastic buffer uses 4 channels per SM
Elastic buffer uses 4 channels per SM
Elastic buffer uses 4 channels per SM
Elastic buffer uses 4 channels per SM
Elastic buffer uses 4 channels per SM
Elastic buffer uses 4 channels per SM
Elastic buffer uses 4 channels per SM
Elastic buffer uses 4 channels per SM
Elastic buffer uses 4 channels per SM
Elastic buffer uses 4 channels per SM
Elastic buffer uses 4 channels per SM
Elastic buffer uses 4 channels per SM
Elastic buffer uses 4 channels per SM
Elastic buffer uses 4 channels per SM
Elastic buffer uses 4 channels per SM
Elastic buffer uses 4 channels per SM
Elastic buffer uses 4 channels per SM
Elastic buffer uses 4 channels per SM
Elastic buffer uses 4 channels per SM
Elastic buffer uses 4 channels per SM
Elastic buffer uses 4 channels per SM
Elastic buffer uses 4 channels per SM
Elastic buffer uses 4 channels per SM
Elastic buffer uses 4 channels per SM
Elastic buffer uses 4 channels per SM
Elastic buffer uses 4 channels per SM
Elastic buffer uses 4 channels per SM
Elastic buffer uses 4 channels per SM
Elastic buffer uses 4 channels per SM
Elastic buffer uses 4 channels per SM
Elastic buffer uses 4 channels per SM
Elastic buffer uses 4 channels per SM
Elastic buffer uses 4 channels per SM
Elastic buffer uses 4 channels per SM
Elastic buffer uses 4 channels per SM
Elastic buffer uses 4 channels per SM
Elastic buffer uses 4 channels per SM
Elastic buffer uses 4 channels per SM
Elastic buffer uses 4 channels per SM
Elastic buffer uses 4 channels per SM
Elastic buffer uses 4 channels per SM
Elastic buffer uses 4 channels per SM
Elastic buffer uses 4 channels per SM
Elastic buffer uses 4 channels per SM
Elastic buffer uses 4 channels per SM
Elastic buffer uses 4 channels per SM
Elastic buffer uses 4 channels per SM
Elastic buffer uses 4 channels per SM
Elastic buffer uses 4 channels per SM
Elastic buffer uses 4 channels per SM
Elastic buffer uses 4 channels per SM
Elastic buffer uses 4 channels per SM
Elastic buffer uses 4 channels per SM
Elastic buffer uses 4 channels per SM
Elastic buffer uses 4 channels per SM
Elastic buffer uses 4 channels per SM
Elastic buffer uses 4 channels per SM
Elastic buffer uses 4 channels per SM
Elastic buffer uses 4 channels per SM
Elastic buffer uses 4 channels per SM
Elastic buffer uses 4 channels per SM
Elastic buffer uses 4 channels per SM
Elastic buffer uses 4 channels per SM
Elastic buffer uses 4 channels per SM
Elastic buffer uses 4 channels per SM
Elastic buffer uses 4 channels per SM
Elastic buffer uses 4 channels per SM
Elastic buffer uses 4 channels per SM
Elastic buffer uses 4 channels per SM
Elastic buffer uses 4 channels per SM
Elastic buffer uses 4 channels per SM
Elastic buffer uses 4 channels per SM
Elastic buffer uses 4 channels per SM
Elastic buffer uses 4 channels per SM
Elastic buffer uses 4 channels per SM
Elastic buffer uses 4 channels per SM
Elastic buffer uses 4 channels per SM
Elastic buffer uses 4 channels per SM
Elastic buffer uses 4 channels per SM
Elastic buffer uses 4 channels per SM
Elastic buffer uses 4 channels per SM
Elastic buffer uses 4 channels per SM
Elastic buffer uses 4 channels per SM
Elastic buffer uses 4 channels per SM
Elastic buffer uses 4 channels per SM
Elastic buffer uses 4 channels per SM
Elastic buffer uses 4 channels per SM
Elastic buffer uses 4 channels per SM
Elastic buffer uses 4 channels per SM
Elastic buffer uses 4 channels per SM
Elastic buffer uses 4 channels per SM
Elastic buffer uses 4 channels per SM
Elastic buffer uses 4 channels per SM
Elastic buffer uses 4 channels per SM
Elastic buffer uses 4 channels per SM
Elastic buffer uses 4 channels per SM
Elastic buffer uses 4 channels per SM
Elastic buffer uses 4 channels per SM
Elastic buffer uses 4 channels per SM
Elastic buffer uses 4 channels per SM
Elastic buffer uses 4 channels per SM
Elastic buffer uses 4 channels per SM
Elastic buffer uses 4 channels per SM
Elastic buffer uses 4 channels per SM
Elastic buffer uses 4 channels per SM
Elastic buffer uses 4 channels per SM
Elastic buffer uses 4 channels per SM
Elastic buffer uses 4 channels per SM
Elastic buffer uses 4 channels per SM
Elastic buffer uses 4 channels per SM
Elastic buffer uses 4 channels per SM
Elastic buffer uses 4 channels per SM
Elastic buffer uses 4 channels per SM
Elastic buffer uses 4 channels per SM
Elastic buffer uses 4 channels per SM
Elastic buffer uses 4 channels per SM
Elastic buffer uses 4 channels per SM
Elastic buffer uses 4 channels per SM
Elastic buffer uses 4 channels per SM
Elastic buffer uses 4 channels per SM
Elastic buffer uses 4 channels per SM
Elastic buffer uses 4 channels per SM
Elastic buffer uses 4 channels per SM
Elastic buffer uses 4 channels per SM
Elastic buffer uses 4 channels per SM
Elastic buffer uses 4 channels per SM
Elastic buffer uses 4 channels per SM
Elastic buffer uses 4 channels per SM
Elastic buffer uses 4 channels per SM
Elastic buffer uses 4 channels per SM
Elastic buffer uses 4 channels per SM
Elastic buffer uses 4 channels per SM
Elastic buffer uses 4 channels per SM
Elastic buffer uses 4 channels per SM
Elastic buffer uses 4 channels per SM
Elastic buffer uses 4 channels per SM
Elastic buffer uses 4 channels per SM
Elastic buffer uses 4 channels per SM
Elastic buffer uses 4 channels per SM
Elastic buffer uses 4 channels per SM
Elastic buffer uses 4 channels per SM
Elastic buffer uses 4 channels per SM
Elastic buffer uses 4 channels per SM
Elastic buffer uses 4 channels per SM
Elastic buffer uses 4 channels per SM
Elastic buffer uses 4 channels per SM
Elastic buffer uses 4 channels per SM
Elastic buffer uses 4 channels per SM
Elastic buffer uses 4 channels per SM
Elastic buffer uses 4 channels per SM
Elastic buffer uses 4 channels per SM
Elastic buffer uses 4 channels per SM
Elastic buffer uses 4 channels per SM
Elastic buffer uses 4 channels per SM
Elastic buffer uses 4 channels per SM
Elastic buffer uses 4 channels per SM
Elastic buffer uses 4 channels per SM
USDT:2026-08-25 02:49:25 436:436 SyncActivityProfilerHandler.cpp:59] profiler_stopUSDT:2026-08-25 02:49:25 438:438 SyncActivityProfilerHandler.cpp:59] profiler_stopUSDT:2026-08-25 02:49:25 439:439 SyncActivityProfilerHandler.cpp:59] profiler_stopUSDT:2026-08-25 02:49:25 433:433 SyncActivityProfilerHandler.cpp:59] profiler_stop



USDT:2026-08-25 02:49:25 434:434 SyncActivityProfilerHandler.cpp:59] profiler_stop
USDT:2026-08-25 02:49:25 435:435 SyncActivityProfilerHandler.cpp:59] profiler_stopUSDT:2026-08-25 02:49:25 440:440 SyncActivityProfilerHandler.cpp:59] profiler_stop
USDT:2026-08-25 02:49:25 437:437 SyncActivityProfilerHandler.cpp:59] profiler_stop

   # EP:   8/32 | cached dispatch: 3 GB/s (SO), 5 GB/s (SU), 1173.000 us, 6222528 bytes | copy: 28 GB/s, 448.698 us
   # EP:  11/32 | cached dispatch: 3 GB/s (SO), 5 GB/s (SU), 1173.000 us, 6334848 bytes | copy: 32 GB/s, 391.282 us
   # EP:  13/32 | cached dispatch: 3 GB/s (SO), 5 GB/s (SU), 1172.000 us, 6215040 bytes | copy: 28 GB/s, 436.706 us
   # EP:  14/32 | cached dispatch: 3 GB/s (SO), 5 GB/s (SU), 1173.000 us, 6012864 bytes | copy: 27 GB/s, 443.032 us
   # EP:   9/32 | cached dispatch: 3 GB/s (SO), 5 GB/s (SU), 1172.000 us, 6200064 bytes | copy: 134 GB/s, 92.251 us
   # EP:  10/32 | cached dispatch: 3 GB/s (SO), 5 GB/s (SU), 1172.000 us, 6102720 bytes | copy: 619 GB/s, 19.711 us
   # EP:  15/32 | cached dispatch: 3 GB/s (SO), 5 GB/s (SU), 1173.000 us, 6147648 bytes | copy: 64 GB/s, 192.233 us
   # EP:  12/32 | cached dispatch: 3 GB/s (SO), 5 GB/s (SU), 1173.000 us, 5780736 bytes | copy: 26 GB/s, 450.002 us
USDT:2026-08-25 02:49:25 439:439 SyncActivityProfilerHandler.cpp:52] profiler_startUSDT:2026-08-25 02:49:25 438:438 SyncActivityProfilerHandler.cpp:52] profiler_startUSDT:2026-08-25 02:49:25 433:433 SyncActivityProfilerHandler.cpp:52] profiler_start


USDT:2026-08-25 02:49:25 436:436 SyncActivityProfilerHandler.cpp:52] profiler_start
USDT:2026-08-25 02:49:25 437:437 SyncActivityProfilerHandler.cpp:52] profiler_start
USDT:2026-08-25 02:49:25 434:434 SyncActivityProfilerHandler.cpp:52] profiler_startUSDT:2026-08-25 02:49:25 435:435 SyncActivityProfilerHandler.cpp:52] profiler_startUSDT:2026-08-25 02:49:25 440:440 SyncActivityProfilerHandler.cpp:52] profiler_start


USDT:2026-08-25 02:49:26 439:439 SyncActivityProfilerHandler.cpp:59] profiler_stopUSDT:2026-08-25 02:49:26 438:438 SyncActivityProfilerHandler.cpp:59] profiler_stop

USDT:2026-08-25 02:49:26 436:436 SyncActivityProfilerHandler.cpp:59] profiler_stop
USDT:2026-08-25 02:49:26 433:433 SyncActivityProfilerHandler.cpp:59] profiler_stop
USDT:2026-08-25 02:49:26 434:434 SyncActivityProfilerHandler.cpp:59] profiler_stop
USDT:2026-08-25 02:49:26 437:437 SyncActivityProfilerHandler.cpp:59] profiler_stopUSDT:2026-08-25 02:49:26 435:435 SyncActivityProfilerHandler.cpp:59] profiler_stopUSDT:2026-08-25 02:49:26 440:440 SyncActivityProfilerHandler.cpp:59] profiler_stop


   @ EP:  11/32 | combine: 17 GB/s (SO), 34 GB/s (SU), 356.433 us, 12155328 bytes | reduce: 1110 GB/s, 7.039 us
   @ EP:  13/32 | combine: 18 GB/s (SO), 37 GB/s (SU), 324.454 us, 11925440 bytes | reduce: 1074 GB/s, 7.077 us
   @ EP:  14/32 | combine: 18 GB/s (SO), 36 GB/s (SU), 319.976 us, 11537504 bytes | reduce: 1093 GB/s, 6.865 us
   @ EP:   8/32 | combine: 20 GB/s (SO), 38 GB/s (SU), 314.057 us, 11939808 bytes | reduce: 1081 GB/s, 7.441 us
   @ EP:   9/32 | combine: 14 GB/s (SO), 26 GB/s (SU), 452.323 us, 11896704 bytes | reduce: 1085 GB/s, 7.309 us
   @ EP:  15/32 | combine: 14 GB/s (SO), 29 GB/s (SU), 403.918 us, 11796128 bytes | reduce: 1084 GB/s, 6.758 us
   @ EP:  10/32 | combine: 15 GB/s (SO), 28 GB/s (SU), 416.231 us, 11709920 bytes | reduce: 1089 GB/s, 7.138 us
   @ EP:  12/32 | combine: 19 GB/s (SO), 35 GB/s (SU), 318.016 us, 11092096 bytes | reduce: 1125 GB/s, 6.908 us
USDT:2026-08-25 02:49:26 439:439 SyncActivityProfilerHandler.cpp:52] profiler_startUSDT:2026-08-25 02:49:26 433:433 SyncActivityProfilerHandler.cpp:52] profiler_start

USDT:2026-08-25 02:49:26 438:438 SyncActivityProfilerHandler.cpp:52] profiler_start
USDT:2026-08-25 02:49:26 436:436 SyncActivityProfilerHandler.cpp:52] profiler_start
USDT:2026-08-25 02:49:26 437:437 SyncActivityProfilerHandler.cpp:52] profiler_startUSDT:2026-08-25 02:49:26 434:434 SyncActivityProfilerHandler.cpp:52] profiler_start

USDT:2026-08-25 02:49:26 440:440 SyncActivityProfilerHandler.cpp:52] profiler_start
USDT:2026-08-25 02:49:26 435:435 SyncActivityProfilerHandler.cpp:52] profiler_start
USDT:2026-08-25 02:49:26 438:438 SyncActivityProfilerHandler.cpp:59] profiler_stopUSDT:2026-08-25 02:49:26 439:439 SyncActivityProfilerHandler.cpp:59] profiler_stopUSDT:2026-08-25 02:49:26 433:433 SyncActivityProfilerHandler.cpp:59] profiler_stop


USDT:2026-08-25 02:49:26 436:436 SyncActivityProfilerHandler.cpp:59] profiler_stop
USDT:2026-08-25 02:49:26 434:434 SyncActivityProfilerHandler.cpp:59] profiler_stop
USDT:2026-08-25 02:49:26 440:440 SyncActivityProfilerHandler.cpp:59] profiler_stopUSDT:2026-08-25 02:49:26 437:437 SyncActivityProfilerHandler.cpp:59] profiler_stop

USDT:2026-08-25 02:49:26 435:435 SyncActivityProfilerHandler.cpp:59] profiler_stop
   + EP:   8/32 | reduced combine: 19 GB/s (SO), 36 GB/s (SU), 330.265 us, 11939808 bytes | reduce: 1070 GB/s, 7.517 us
   + EP:  11/32 | reduced combine: 15 GB/s (SO), 30 GB/s (SU), 399.497 us, 12155328 bytes | reduce: 1059 GB/s, 7.379 us
   + EP:  13/32 | reduced combine: 17 GB/s (SO), 35 GB/s (SU), 342.005 us, 11925440 bytes | reduce: 1128 GB/s, 6.741 us
   + EP:  14/32 | reduced combine: 17 GB/s (SO), 34 GB/s (SU), 338.548 us, 11537504 bytes | reduce: 1060 GB/s, 7.074 us
   + EP:   9/32 | reduced combine: 13 GB/s (SO), 24 GB/s (SU), 492.694 us, 11896704 bytes | reduce: 1057 GB/s, 7.505 us
   + EP:  10/32 | reduced combine: 11 GB/s (SO), 21 GB/s (SU), 555.453 us, 11709920 bytes | reduce: 1076 GB/s, 7.226 us
   + EP:  15/32 | reduced combine: 13 GB/s (SO), 28 GB/s (SU), 425.488 us, 11796128 bytes | reduce: 1075 GB/s, 6.817 us
   + EP:  12/32 | reduced combine: 18 GB/s (SO), 33 GB/s (SU), 336.379 us, 11092096 bytes | reduce: 1066 GB/s, 7.294 us

Elastic buffer uses 4 channels per SM
Elastic buffer uses 4 channels per SM
Elastic buffer uses 4 channels per SM
Elastic buffer uses 4 channels per SM
Elastic buffer uses 4 channels per SM
Elastic buffer uses 4 channels per SM
Elastic buffer uses 4 channels per SM
Elastic buffer uses 4 channels per SM
CPU side received count (scaleup: 6): -120 -114 -99 -100 -98 -78 -102 -100 # -129 -129 -129 -129 -129 -129 -129 -129 
CPU side received count (scaleup: 3): -115 -109 -89 -120 -111 -109 -114 -87 # -129 -129 -129 -129 -129 -129 -129 -129 
CPU side received count (scaleup: 0): -110 -105 -102 -106 -108 -105 -101 -102 # -129 -129 -129 -129 -129 -129 -129 -129 
CPU side received count (scaleup: 5): -108 -114 -112 -103 -98 -104 -102 -97 # -257 -129 -129 -129 -129 -129 -129 -129 
CPU side received count (scaleup: 7): -102 -107 -103 -107 -101 -104 -111 -94 # -129 -129 -129 -129 -129 -129 -129 -129 
CPU side received count (scaleup: 1): -109 -107 -116 -109 -97 -111 -93 -94 # -129 -129 -129 -129 -129 -129 -257 -129 
CPU side received count (scaleup: 4): -95 -97 -102 -92 -95 -107 -94 -98 # -129 -129 -129 -129 -129 -129 -129 -129 
CPU side received count (scaleup: 2): -108 -104 -115 -107 -97 -76 -107 -109 # -129 -129 -129 -129 -129 -129 -129 -129 

