=== EP_NIC_NAME=rdmap110s0 (auto, 200 Gb/s) ===
+ docker run --rm --gpus all --privileged --network=host --ipc=host --ulimit memlock=-1 --ulimit stack=67108864 --device=/dev/infiniband --device=/dev/gdrdrv -v /sys/class/infiniband:/sys/class/infiniband:ro -e MASTER_ADDR=172.31.20.74 -e MASTER_PORT=29542 -e WORLD_SIZE=4 -e RANK=1 -e NCCL_DEBUG=WARN -e EP_NIC_NAME=rdmap110s0 -e EP_BUFFER_DEBUG=1 -e PYTHONUNBUFFERED=1 -e PYTHONFAULTHANDLER=1 deepep-v2-efa-official:dev bash -lc 'timeout -s ABRT --kill-after=60 1500     python3 -u /opt/DeepEP/tests/elastic/test_ep.py     --num-processes=8 --num-tokens=8192     --hidden=7168 --num-topk=8 --num-experts=256     --num-sms=12 --allow-hybrid-mode=1     --prefer-overlap-with-compute=0 --test-first-only      '

==========
== CUDA ==
==========

CUDA Version 13.0.2

Container image Copyright (c) 2016-2023, NVIDIA CORPORATION & AFFILIATES. All rights reserved.

This container image and its contents are governed by the NVIDIA Deep Learning Container License.
By pulling and using the container, you accept the terms and conditions of this license:
https://developer.nvidia.com/ngc/nvidia-deep-learning-container-license

A copy of this license is made available in this container at /NGC-DL-CONTAINER-LICENSE for your convenience.

DeepEP hybrid kernel selection: unordered
DeepEP hybrid kernel selection: unordered
DeepEP hybrid kernel selection: unordered
DeepEP hybrid kernel selection: unordered
Initializing EP elastic buffer with 5440012288 bytes (cpu: 0) at rank EP 14/32Initializing EP elastic buffer with 5440012288 bytes (cpu: 0) at rank EP 12/32

Initializing EP elastic buffer with 5440012288 bytes (cpu: 0) at rank EP 13/32DeepEP hybrid kernel selection: unordered

Initializing EP elastic buffer with 5440012288 bytes (cpu: 0) at rank EP 8/32DeepEP hybrid kernel selection: unordered

Initializing EP elastic buffer with 5440012288 bytes (cpu: 0) at rank EP 11/32
Initializing EP elastic buffer with 5440012288 bytes (cpu: 0) at rank EP 9/32
DeepEP initialized with NCCL version: 2.31.2 (loaded library)
DeepEP initialized with NCCL version: 2.31.2 (loaded library)
DeepEP initialized with NCCL version: 2.31.2 (loaded library)
EP NCCL device communicator has 0 allocated QPs
EP NCCL device communicator has 0 allocated QPs
EP NCCL device communicator has 0 allocated QPs
DeepEP hybrid kernel selection: unordered
DeepEP hybrid kernel selection: unordered
DeepEP hybrid kernel selection: unordered
GIN layout: gin_context_cnt=11, gin_indexed_signals_cnt=21, num_qp=11
GIN layout: gin_context_cnt=11, gin_indexed_signals_cnt=21, num_qp=11
GIN layout: gin_context_cnt=11, gin_indexed_signals_cnt=21, num_qp=11
DeepEP initialized with NCCL version: 2.31.2 (loaded library)
EP NCCL device communicator has 0 allocated QPs
DeepEP hybrid kernel selection: unordered
GIN layout: gin_context_cnt=11, gin_indexed_signals_cnt=21, num_qp=11
DeepEP initialized with NCCL version: 2.31.2 (loaded library)
DeepEP initialized with NCCL version: 2.31.2 (loaded library)
EP NCCL device communicator has 0 allocated QPs
EP NCCL device communicator has 0 allocated QPs
DeepEP hybrid kernel selection: unordered
GIN layout: gin_context_cnt=11, gin_indexed_signals_cnt=21, num_qp=11
DeepEP hybrid kernel selection: unordered
GIN layout: gin_context_cnt=11, gin_indexed_signals_cnt=21, num_qp=11
DeepEP hybrid kernel selection: unordered
Initializing EP elastic buffer with 5440012288 bytes (cpu: 0) at rank EP 15/32
DeepEP hybrid kernel selection: unordered
Initializing EP elastic buffer with 5440012288 bytes (cpu: 0) at rank EP 10/32
DeepEP initialized with NCCL version: 2.31.2 (loaded library)
EP NCCL device communicator has 0 allocated QPs
DeepEP hybrid kernel selection: unordered
GIN layout: gin_context_cnt=11, gin_indexed_signals_cnt=21, num_qp=11
DeepEP initialized with NCCL version: 2.31.2 (loaded library)
EP NCCL device communicator has 0 allocated QPs
DeepEP hybrid kernel selection: unordered
GIN layout: gin_context_cnt=11, gin_indexed_signals_cnt=21, num_qp=11
Config:
 > Ranks: 4 x 8
 > Experts: 8/256
 > Tokens: 8184 (max: 8192), hidden: 7168
 > #SM: 12, #QPs: 11/11

Running all test cases:
 > Testing with do_handle_copy=1, expert_alignment=128, use_fp8_dispatch=1, num_bias=0, with_previous_event=0, async_with_compute_stream=0, allocate_on_comm_stream=0 ...
Elastic buffer uses 4 channels per SM
Elastic buffer uses 4 channels per SM
Elastic buffer uses 4 channels per SM
Elastic buffer uses 4 channels per SM
Elastic buffer uses 4 channels per SM
Elastic buffer uses 4 channels per SM
Elastic buffer uses 4 channels per SM
Elastic buffer uses 4 channels per SM
CPU side received count (scaleup: 4): -7424 -7385 -7365 -7453 -7412 -7404 -7545 -7571 # -8193 -8193 -8193 -8321 -8321 -8193 -832CPU side received count (scaleup: 5): -7537 -7457 -7391 -7431 -7485 -7464 -7338 -7402 # -8321 -8321 -8193 -8193 -8449 -8193 -819CPU side received count (scaleup: 6): -7501 -7389 -7443 -7421 -7361 -7494 -7356 -7372 # -8321 -8193 -8321 -8193 -8193 -8193 -806CPU side received count (scaleup: 3): -7454 -7440 -7514 -7479 -7503 -7395 -7371 -7429 # -8321 -8321 -8321 -8321 -8193 -8065 -819CPU side received count (scaleup: 2): -7393 -7496 -7417 -7376 -7342 -7447 -7376 -7426 # -8321 -8193 -8193 -8065 -8321 -8193 -819CPU side received count (scaleup: 0): -7435 -7455 -7460 -7396 -7248 -7191 -7463 -7477 # -8193 -8065 -8193 -8321 -8065 -8321 -832CPU side received count (scaleup: 7): -7456 -7483 -7363 -7412 -7349 -7497 -7518 -7309 # -8193 -8193 -8193 -8193 -8321 -8193 -8323 -8193 
CPU side received count (scaleup: 1): -7464 -7506 -7387 -7493 -7462 -7400 -7266 -7346 # -8193 -8321 -8065 -8321 -8321 -8193 -8191 -8193 
5 -8321 
3 -8193 
1 -8193 
3 -8193 
1 -8321 
3 -8193 
Elastic buffer uses 4 channels per SM
Elastic buffer uses 4 channels per SM
Elastic buffer uses 4 channels per SM
Elastic buffer uses 4 channels per SM
Elastic buffer uses 4 channels per SM
Elastic buffer uses 4 channels per SM
Elastic buffer uses 4 channels per SM
Elastic buffer uses 4 channels per SM
CPU side received count (scaleup: 4): -7424 -7385 -7365 -7453 -7412 -7404 -7545 -7571 # -8193 -8193 -8193 -8321 -8321 -8193 -832CPU side received count (scaleup: 7): -7456 -7483 -7363 -7412 -7349 -7497 -7518 -7309 # -8193 -8193 -8193 -8193 -8321 -8193 -832CPU side received count (scaleup: 6): -7501 -7389 -7443 -7421 -7361 -7494 -7356 -7372 # -8321 -8193 -8321 -8193 -8193 -8193 -806CPU side received count (scaleup: 5): -7537 -7457 -7391 -7431 -7485 -7464 -7338 -7402 # -8321 -8321 -8193 -8193 -8449 -8193 -819CPU side received count (scaleup: 2): -7393 -7496 -7417 -7376 -7342 -7447 -7376 -7426 # -8321 -8193 -8193 -8065 -8321 -8193 -819CPU side received count (scaleup: 0): -7435 -7455 -7460 -7396 -7248 -7191 -7463 -7477 # -8193 -8065 -8193 -8321 -8065 -8321 -8321 -8193 
CPU side received count (scaleup: 1): -7464 -7506 -7387 -7493 -7462 -7400 -7266 -7346 # -8193 -8321 -8065 -8321 -8321 -8193 -819CPU side received count (scaleup: 3): -7454 -7440 -7514 -7479 -7503 -7395 -7371 -7429 # -8321 -8321 -8321 -8321 -8193 -8065 -8191 -8321 
5 -8321 
3 -8193 
3 -8193 
1 -8193 
3 -8193 
3 -8193 
Elastic buffer uses 4 channels per SM
Elastic buffer uses 4 channels per SM
Elastic buffer uses 4 channels per SM
Elastic buffer uses 4 channels per SM
Elastic buffer uses 4 channels per SM
Elastic buffer uses 4 channels per SM
Elastic buffer uses 4 channels per SM
Elastic buffer uses 4 channels per SM
Elastic buffer uses 4 channels per SM
Elastic buffer uses 4 channels per SM
Elastic buffer uses 4 channels per SM
Elastic buffer uses 4 channels per SM
Elastic buffer uses 4 channels per SM
Elastic buffer uses 4 channels per SM
Elastic buffer uses 4 channels per SM
Elastic buffer uses 4 channels per SM
Elastic buffer uses 4 channels per SM
Elastic buffer uses 4 channels per SM
Elastic buffer uses 4 channels per SM
Elastic buffer uses 4 channels per SM
Elastic buffer uses 4 channels per SM
Elastic buffer uses 4 channels per SM
Elastic buffer uses 4 channels per SM
Elastic buffer uses 4 channels per SM
CPU side received count (scaleup: 6): -7501 -7389 -7443 -7421 -7361 -7494 -7356 -7372 # -8321 -8193 -8321 -8193 -8193 -8193 -806CPU side received count (scaleup: 1): -7464 -7506 -7387 -7493 -7462 -7400 -7266 -7346 # -8193 -8321 -8065 -8321 -8321 -8193 -819CPU side received count (scaleup: 5): -7537 -7457 -7391 -7431 -7485 -7464 -7338 -7402 # -8321 -8321 -8193 -8193 -8449 -8193 -819CPU side received count (scaleup: 2): -7393 -7496 -7417 -7376 -7342 -7447 -7376 -7426 # -8321 -8193 -8193 -8065 -8321 -8193 -819CPU side received count (scaleup: 4): -7424 -7385 -7365 -7453 -7412 -7404 -7545 -7571 # -8193 -8193 -8193 -8321 -8321 -8193 -8323 -8193 
3 -8193 
CPU side received count (scaleup: 3): -7454 -7440 -7514 -7479 -7503 -7395 -7371 -7429 # -8321 -8321 -8321 -8321 -8193 -8065 -8193 -8193 
5 -8321 
CPU side received count (scaleup: 0): -7435 -7455 -7460 -7396 -7248 -7191 -7463 -7477 # -8193 -8065 -8193 -8321 -8065 -8321 -832CPU side received count (scaleup: 7): -7456 -7483 -7363 -7412 -7349 -7497 -7518 -7309 # -8193 -8193 -8193 -8193 -8321 -8193 -8321 -8193 
3 -8193 
1 -8193 
1 -8321 
Elastic buffer uses 4 channels per SM
Elastic buffer uses 4 channels per SM
Elastic buffer uses 4 channels per SM
Elastic buffer uses 4 channels per SM
Elastic buffer uses 4 channels per SM
Elastic buffer uses 4 channels per SM
Elastic buffer uses 4 channels per SM
Elastic buffer uses 4 channels per SM
CPU side received count (scaleup: 6): -7501 -7389 -7443 -7421 -7361 -7494 -7356 -7372 # -8321 -8193 -8321 -8193 -8193 -8193 -806CPU side received count (scaleup: 4): -7424 -7385 -7365 -7453 -7412 -7404 -7545 -7571 # -8193 -8193 -8193 -8321 -8321 -8193 -832CPU side received count (scaleup: 7): -7456 -7483 -7363 -7412 -7349 -7497 -7518 -7309 # -8193 -8193 -8193 -8193 -8321 -8193 -8325 -8321 
CPU side received count (scaleup: 5): -7537 -7457 -7391 -7431 -7485 -7464 -7338 -7402 # -8321 -8321 -8193 -8193 -8449 -8193 -8191 -8193 
CPU side received count (scaleup: 1): -7464 -7506 -7387 -7493 -7462 -7400 -7266 -7346 # -8193 -8321 -8065 -8321 -8321 -8193 -8191 -8321 
3 -8193 
CPU side received count (scaleup: 2): -7393 -7496 -7417 -7376 -7342 -7447 -7376 -7426 # -8321 -8193 -8193 -8065 -8321 -8193 -819CPU side received count (scaleup: 3): -7454 -7440 -7514 -7479 -7503 -7395 -7371 -7429 # -8321 -8321 -8321 -8321 -8193 -8065 -819CPU side received count (scaleup: 0): -7435 -7455 -7460 -7396 -7248 -7191 -7463 -7477 # -8193 -8065 -8193 -8321 -8065 -8321 -8323 -8193 
3 -8193 
1 -8193 
3 -8193 
Elastic buffer uses 4 channels per SM
Elastic buffer uses 4 channels per SM
Elastic buffer uses 4 channels per SM
Elastic buffer uses 4 channels per SM
Elastic buffer uses 4 channels per SM
Elastic buffer uses 4 channels per SM
Elastic buffer uses 4 channels per SM
Elastic buffer uses 4 channels per SM
CPU side received count (scaleup: 6): -7501 -7389 -7443 -7421 -7361 -7494 -7356 -7372 # -8321 -8193 -8321 -8193 -8193 -8193 -806CPU side received count (scaleup: 7): -7456 -7483 -7363 -7412 -7349 -7497 -7518 -7309 # -8193 -8193 -8193 -8193 -8321 -8193 -832CPU side received count (scaleup: 4): -7424 -7385 -7365 -7453 -7412 -7404 -7545 -7571 # -8193 -8193 -8193 -8321 -8321 -8193 -832CPU side received count (scaleup: 5): -7537 -7457 -7391 -7431 -7485 -7464 -7338 -7402 # -8321 -8321 -8193 -8193 -8449 -8193 -8195 -8321 
1 -8321 
1 -8193 
3 -8193 
CPU side received count (scaleup: 2): -7393 -7496 -7417 -7376 -7342 -7447 -7376 -7426 # -8321 -8193 -8193 -8065 -8321 -8193 -819CPU side received count (scaleup: 0): -7435 -7455 -7460 -7396 -7248 -7191 -7463 -7477 # -8193 -8065 -8193 -8321 -8065 -8321 -8323 -8193 
1 -8193 
CPU side received count (scaleup: 1): -7464 -7506 -7387 -7493 -7462 -7400 -7266 -7346 # -8193 -8321 -8065 -8321 -8321 -8193 -819CPU side received count (scaleup: 3): -7454 -7440 -7514 -7479 -7503 -7395 -7371 -7429 # -8321 -8321 -8321 -8321 -8193 -8065 -8193 -8193 
3 -8193 
Elastic buffer uses 4 channels per SM
Elastic buffer uses 4 channels per SM
Elastic buffer uses 4 channels per SM
Elastic buffer uses 4 channels per SM
Elastic buffer uses 4 channels per SM
Elastic buffer uses 4 channels per SM
Elastic buffer uses 4 channels per SM
Elastic buffer uses 4 channels per SM
CPU side received count (scaleup: 3): -7454 -7440 -7514 -7479 -7503 -7395 -7371 -7429 # -8321 -8321 -8321 -8321 -8193 -8065 -819CPU side received count (scaleup: 0): -7435 -7455 -7460 -7396 -7248 -7191 -7463 -7477 # -8193 -8065 -8193 -8321 -8065 -8321 -832CPU side received count (scaleup: 2): -7393 -7496 -7417 -7376 -7342 -7447 -7376 -7426 # -8321 -8193 -8193 -8065 -8321 -8193 -819CPU side received count (scaleup: 1): -7464 -7506 -7387 -7493 -7462 -7400 -7266 -7346 # -8193 -8321 -8065 -8321 -8321 -8193 -8193 -8193 
1 -8193 
CPU side received count (scaleup: 5): -7537 -7457 -7391 -7431 -7485 -7464 -7338 -7402 # -8321 -8321 -8193 -8193 -8449 -8193 -8193 -8193 
CPU side received count (scaleup: 7): -7456 -7483 -7363 -7412 -7349 -7497 -7518 -7309 # -8193 -8193 -8193 -8193 -8321 -8193 -832CPU side received count (scaleup: 4): -7424 -7385 -7365 -7453 -7412 -7404 -7545 -7571 # -8193 -8193 -8193 -8321 -8321 -8193 -832CPU side received count (scaleup: 6): -7501 -7389 -7443 -7421 -7361 -7494 -7356 -7372 # -8321 -8193 -8321 -8193 -8193 -8193 -8063 -8193 
3 -8193 
1 -8193 
1 -8321 
5 -8321 
Elastic buffer uses 4 channels per SM
Elastic buffer uses 4 channels per SM
Elastic buffer uses 4 channels per SM
Elastic buffer uses 4 channels per SM
Elastic buffer uses 4 channels per SM
Elastic buffer uses 4 channels per SM
Elastic buffer uses 4 channels per SM
Elastic buffer uses 4 channels per SM
CPU side received count (scaleup: 6): -7501 -7389 -7443 -7421 -7361 -7494 -7356 -7372 # -8321 -8193 -8321 -8193 -8193 -8193 -806CPU side received count (scaleup: 5): -7537 -7457 -7391 -7431 -7485 -7464 -7338 -7402 # -8321 -8321 -8193 -8193 -8449 -8193 -819CPU side received count (scaleup: 4): -7424 -7385 -7365 -7453 -7412 -7404 -7545 -7571 # -8193 -8193 -8193 -8321 -8321 -8193 -832CPU side received count (scaleup: 7): -7456 -7483 -7363 -7412 -7349 -7497 -7518 -7309 # -8193 -8193 -8193 -8193 -8321 -8193 -8323 -8193 
5 -8321 
1 -8321 
CPU side received count (scaleup: 3): -7454 -7440 -7514 -7479 -7503 -7395 -7371 -7429 # -8321 -8321 -8321 -8321 -8193 -8065 -8191 -8193 
CPU side received count (scaleup: 2): -7393 -7496 -7417 -7376 -7342 -7447 -7376 -7426 # -8321 -8193 -8193 -8065 -8321 -8193 -819CPU side received count (scaleup: 0): -7435 -7455 -7460 -7396 -7248 -7191 -7463 -7477 # -8193 -8065 -8193 -8321 -8065 -8321 -832CPU side received count (scaleup: 1): -7464 -7506 -7387 -7493 -7462 -7400 -7266 -7346 # -8193 -8321 -8065 -8321 -8321 -8193 -8193 -8193 
3 -8193 
1 -8193 
3 -8193 
Elastic buffer uses 4 channels per SM
Elastic buffer uses 4 channels per SM
Elastic buffer uses 4 channels per SM
Elastic buffer uses 4 channels per SM
Elastic buffer uses 4 channels per SM
Elastic buffer uses 4 channels per SM
Elastic buffer uses 4 channels per SM
Elastic buffer uses 4 channels per SM
CPU side received count (scaleup: 3): -7454 -7440 -7514 -7479 -7503 -7395 -7371 -7429 # -8321 -8321 -8321 -8321 -8193 -8065 -819CPU side received count (scaleup: 0): -7435 -7455 -7460 -7396 -7248 -7191 -7463 -7477 # -8193 -8065 -8193 -8321 -8065 -8321 -832CPU side received count (scaleup: 1): -7464 -7506 -7387 -7493 -7462 -7400 -7266 -7346 # -8193 -8321 -8065 -8321 -8321 -8193 -819CPU side received count (scaleup: 2): -7393 -7496 -7417 -7376 -7342 -7447 -7376 -7426 # -8321 -8193 -8193 -8065 -8321 -8193 -8193 -8193 
1 -8193 
CPU side received count (scaleup: 6): -7501 -7389 -7443 -7421 -7361 -7494 -7356 -7372 # -8321 -8193 -8321 -8193 -8193 -8193 -806CPU side received count (scaleup: 5): -7537 -7457 -7391 -7431 -7485 -7464 -7338 -7402 # -8321 -8321 -8193 -8193 -8449 -8193 -8193 -8193 
3 -8193 
CPU side received count (scaleup: 4): -7424 -7385 -7365 -7453 -7412 -7404 -7545 -7571 # -8193 -8193 -8193 -8321 -8321 -8193 -832CPU side received count (scaleup: 7): -7456 -7483 -7363 -7412 -7349 -7497 -7518 -7309 # -8193 -8193 -8193 -8193 -8321 -8193 -8325 -8321 
1 -8193 
3 -8193 
1 -8321 
Elastic buffer uses 4 channels per SM
Elastic buffer uses 4 channels per SM
Elastic buffer uses 4 channels per SM
Elastic buffer uses 4 channels per SM
Elastic buffer uses 4 channels per SM
Elastic buffer uses 4 channels per SM
Elastic buffer uses 4 channels per SM
Elastic buffer uses 4 channels per SM
CPU side received count (scaleup: 6): -7501 -7389 -7443 -7421 -7361 -7494 -7356 -7372 # -8321 -8193 -8321 -8193 -8193 -8193 -806CPU side received count (scaleup: 4): -7424 -7385 -7365 -7453 -7412 -7404 -7545 -7571 # -8193 -8193 -8193 -8321 -8321 -8193 -832CPU side received count (scaleup: 5): -7537 -7457 -7391 -7431 -7485 -7464 -7338 -7402 # -8321 -8321 -8193 -8193 -8449 -8193 -819CPU side received count (scaleup: 7): -7456 -7483 -7363 -7412 -7349 -7497 -7518 -7309 # -8193 -8193 -8193 -8193 -8321 -8193 -8325 -8321 
1 -8193 
CPU side received count (scaleup: 2): -7393 -7496 -7417 -7376 -7342 -7447 -7376 -7426 # -8321 -8193 -8193 -8065 -8321 -8193 -819CPU side received count (scaleup: 3): -7454 -7440 -7514 -7479 -7503 -7395 -7371 -7429 # -8321 -8321 -8321 -8321 -8193 -8065 -8191 -8321 
3 -8193 
CPU side received count (scaleup: 0): -7435 -7455 -7460 -7396 -7248 -7191 -7463 -7477 # -8193 -8065 -8193 -8321 -8065 -8321 -832CPU side received count (scaleup: 1): -7464 -7506 -7387 -7493 -7462 -7400 -7266 -7346 # -8193 -8321 -8065 -8321 -8321 -8193 -8193 -8193 
3 -8193 
1 -8193 
3 -8193 
Elastic buffer uses 4 channels per SM
Elastic buffer uses 4 channels per SM
Elastic buffer uses 4 channels per SM
Elastic buffer uses 4 channels per SM
Elastic buffer uses 4 channels per SM
Elastic buffer uses 4 channels per SM
Elastic buffer uses 4 channels per SM
Elastic buffer uses 4 channels per SM
CPU side received count (scaleup: 5): -7537 -7457 -7391 -7431 -7485 -7464 -7338 -7402 # -8321 -8321 -8193 -8193 -8449 -8193 -819CPU side received count (scaleup: 6): -7501 -7389 -7443 -7421 -7361 -7494 -7356 -7372 # -8321 -8193 -8321 -8193 -8193 -8193 -806CPU side received count (scaleup: 4): -7424 -7385 -7365 -7453 -7412 -7404 -7545 -7571 # -8193 -8193 -8193 -8321 -8321 -8193 -832CPU side received count (scaleup: 7): -7456 -7483 -7363 -7412 -7349 -7497 -7518 -7309 # -8193 -8193 -8193 -8193 -8321 -8193 -8323 -8193 
5 -8321 
1 -8193 
1 -8321 
CPU side received count (scaleup: 0): -7435 -7455 -7460 -7396 -7248 -7191 -7463 -7477 # -8193 -8065 -8193 -8321 -8065 -8321 -832CPU side received count (scaleup: 2): -7393 -7496 -7417 -7376 -7342 -7447 -7376 -7426 # -8321 -8193 -8193 -8065 -8321 -8193 -8191 -8193 
3 -8193 
CPU side received count (scaleup: 1): -7464 -7506 -7387 -7493 -7462 -7400 -7266 -7346 # -8193 -8321 -8065 -8321 -8321 -8193 -8193 -8193 
CPU side received count (scaleup: 3): -7454 -7440 -7514 -7479 -7503 -7395 -7371 -7429 # -8321 -8321 -8321 -8321 -8193 -8065 -8193 -8193 
Elastic buffer uses 4 channels per SM
Elastic buffer uses 4 channels per SM
Elastic buffer uses 4 channels per SM
Elastic buffer uses 4 channels per SM
Elastic buffer uses 4 channels per SM
Elastic buffer uses 4 channels per SM
Elastic buffer uses 4 channels per SM
Elastic buffer uses 4 channels per SM
CPU side received count (scaleup: 3): -7454 -7440 -7514 -7479 -7503 -7395 -7371 -7429 # -8321 -8321 -8321 -8321 -8193 -8065 -819CPU side received count (scaleup: 0): -7435 -7455 -7460 -7396 -7248 -7191 -7463 -7477 # -8193 -8065 -8193 -8321 -8065 -8321 -832CPU side received count (scaleup: 2): -7393 -7496 -7417 -7376 -7342 -7447 -7376 -7426 # -8321 -8193 -8193 -8065 -8321 -8193 -8191 -8193 
CPU side received count (scaleup: 1): -7464 -7506 -7387 -7493 -7462 -7400 -7266 -7346 # -8193 -8321 -8065 -8321 -8321 -8193 -8193 -8193 
3 -8193 
3 -8193 
CPU side received count (scaleup: 4): -7424 -7385 -7365 -7453 -7412 -7404 -7545 -7571 # -8193 -8193 -8193 -8321 -8321 -8193 -832CPU side received count (scaleup: 5): -7537 -7457 -7391 -7431 -7485 -7464 -7338 -7402 # -8321 -8321 -8193 -8193 -8449 -8193 -8191 -8193 
3 -8193 
CPU side received count (scaleup: 6): -7501 -7389 -7443 -7421 -7361 -7494 -7356 -7372 # -8321 -8193 -8321 -8193 -8193 -8193 -8065 -8321 
CPU side received count (scaleup: 7): -7456 -7483 -7363 -7412 -7349 -7497 -7518 -7309 # -8193 -8193 -8193 -8193 -8321 -8193 -8321 -8321 
Elastic buffer uses 4 channels per SM
Elastic buffer uses 4 channels per SM
Elastic buffer uses 4 channels per SM
Elastic buffer uses 4 channels per SM
Elastic buffer uses 4 channels per SM
Elastic buffer uses 4 channels per SM
Elastic buffer uses 4 channels per SM
Elastic buffer uses 4 channels per SM
CPU side received count (scaleup: 4): -7424 -7385 -7365 -7453 -7412 -7404 -7545 -7571 # -8193 -8193 -8193 -8321 -8321 -8193 -832CPU side received count (scaleup: 6): -7501 -7389 -7443 -7421 -7361 -7494 -7356 -7372 # -8321 -8193 -8321 -8193 -8193 -8193 -806CPU side received count (scaleup: 5): -7537 -7457 -7391 -7431 -7485 -7464 -7338 -7402 # -8321 -8321 -8193 -8193 -8449 -8193 -8191 -8193 
5 -8321 
3 -8193 
CPU side received count (scaleup: 0): -7435 -7455 -7460 -7396 -7248 -7191 -7463 -7477 # -8193 -8065 -8193 -8321 -8065 -8321 -832CPU side received count (scaleup: 3): -7454 -7440 -7514 -7479 -7503 -7395 -7371 -7429 # -8321 -8321 -8321 -8321 -8193 -8065 -8191 -8193 
CPU side received count (scaleup: 2): -7393 -7496 -7417 -7376 -7342 -7447 -7376 -7426 # -8321 -8193 -8193 -8065 -8321 -8193 -819CPU side received count (scaleup: 7): -7456 -7483 -7363 -7412 -7349 -7497 -7518 -7309 # -8193 -8193 -8193 -8193 -8321 -8193 -832CPU side received count (scaleup: 1): -7464 -7506 -7387 -7493 -7462 -7400 -7266 -7346 # -8193 -8321 -8065 -8321 -8321 -8193 -8193 -8193 
3 -8193 
1 -8321 
3 -8193 
Elastic buffer uses 4 channels per SM
Elastic buffer uses 4 channels per SM
Elastic buffer uses 4 channels per SM
Elastic buffer uses 4 channels per SM
Elastic buffer uses 4 channels per SM
Elastic buffer uses 4 channels per SM
Elastic buffer uses 4 channels per SM
Elastic buffer uses 4 channels per SM
CPU side received count (scaleup: 3): -7454 -7440 -7514 -7479 -7503 -7395 -7371 -7429 # -8321 -8321 -8321 -8321 -8193 -8065 -819CPU side received count (scaleup: 0): -7435 -7455 -7460 -7396 -7248 -7191 -7463 -7477 # -8193 -8065 -8193 -8321 -8065 -8321 -832CPU side received count (scaleup: 2): -7393 -7496 -7417 -7376 -7342 -7447 -7376 -7426 # -8321 -8193 -8193 -8065 -8321 -8193 -8193 -8193 
1 -8193 
CPU side received count (scaleup: 1): -7464 -7506 -7387 -7493 -7462 -7400 -7266 -7346 # -8193 -8321 -8065 -8321 -8321 -8193 -8193 -8193 
CPU side received count (scaleup: 6): -7501 -7389 -7443 -7421 -7361 -7494 -7356 -7372 # -8321 -8193 -8321 -8193 -8193 -8193 -806CPU side received count (scaleup: 7): -7456 -7483 -7363 -7412 -7349 -7497 -7518 -7309 # -8193 -8193 -8193 -8193 -8321 -8193 -832CPU side received count (scaleup: 5): -7537 -7457 -7391 -7431 -7485 -7464 -7338 -7402 # -8321 -8321 -8193 -8193 -8449 -8193 -8193 -8193 
1 -8321 
CPU side received count (scaleup: 4): -7424 -7385 -7365 -7453 -7412 -7404 -7545 -7571 # -8193 -8193 -8193 -8321 -8321 -8193 -8325 -8321 
3 -8193 
1 -8193 
Elastic buffer uses 4 channels per SM
Elastic buffer uses 4 channels per SM
Elastic buffer uses 4 channels per SM
Elastic buffer uses 4 channels per SM
Elastic buffer uses 4 channels per SM
Elastic buffer uses 4 channels per SM
Elastic buffer uses 4 channels per SM
Elastic buffer uses 4 channels per SM
CPU side received count (scaleup: 4): -7424 -7385 -7365 -7453 -7412 -7404 -7545 -7571 # -8193 -8193 -8193 -8321 -8321 -8193 -832CPU side received count (scaleup: 6): -7501 -7389 -7443 -7421 -7361 -7494 -7356 -7372 # -8321 -8193 -8321 -8193 -8193 -8193 -806CPU side received count (scaleup: 5): -7537 -7457 -7391 -7431 -7485 -7464 -7338 -7402 # -8321 -8321 -8193 -8193 -8449 -8193 -819CPU side received count (scaleup: 7): -7456 -7483 -7363 -7412 -7349 -7497 -7518 -7309 # -8193 -8193 -8193 -8193 -8321 -8193 -8321 -8193 
5 -8321 
CPU side received count (scaleup: 3): -7454 -7440 -7514 -7479 -7503 -7395 -7371 -7429 # -8321 -8321 -8321 -8321 -8193 -8065 -8193 -8193 
CPU side received count (scaleup: 2): -7393 -7496 -7417 -7376 -7342 -7447 -7376 -7426 # -8321 -8193 -8193 -8065 -8321 -8193 -819CPU side received count (scaleup: 0): -7435 -7455 -7460 -7396 -7248 -7191 -7463 -7477 # -8193 -8065 -8193 -8321 -8065 -8321 -832CPU side received count (scaleup: 1): -7464 -7506 -7387 -7493 -7462 -7400 -7266 -7346 # -8193 -8321 -8065 -8321 -8321 -8193 -8191 -8321 
3 -8193 
3 -8193 
3 -8193 
1 -8193 
Elastic buffer uses 4 channels per SM
Elastic buffer uses 4 channels per SM
Elastic buffer uses 4 channels per SM
Elastic buffer uses 4 channels per SM
Elastic buffer uses 4 channels per SM
Elastic buffer uses 4 channels per SM
Elastic buffer uses 4 channels per SM
Elastic buffer uses 4 channels per SM
CPU side received count (scaleup: 3): -7454 -7440 -7514 -7479 -7503 -7395 -7371 -7429 # -8321 -8321 -8321 -8321 -8193 -8065 -819CPU side received count (scaleup: 2): -7393 -7496 -7417 -7376 -7342 -7447 -7376 -7426 # -8321 -8193 -8193 -8065 -8321 -8193 -819CPU side received count (scaleup: 0): -7435 -7455 -7460 -7396 -7248 -7191 -7463 -7477 # -8193 -8065 -8193 -8321 -8065 -8321 -8323 -8193 
3 -8193 
CPU side received count (scaleup: 1): -7464 -7506 -7387 -7493 -7462 -7400 -7266 -7346 # -8193 -8321 -8065 -8321 -8321 -8193 -8191 -8193 
3 -8193 
CPU side received count (scaleup: 5): -7537 -7457 -7391 -7431 -7485 -7464 -7338 -7402 # -8321 -8321 -8193 -8193 -8449 -8193 -819CPU side received count (scaleup: 4): -7424 -7385 -7365 -7453 -7412 -7404 -7545 -7571 # -8193 -8193 -8193 -8321 -8321 -8193 -832CPU side received count (scaleup: 6): -7501 -7389 -7443 -7421 -7361 -7494 -7356 -7372 # -8321 -8193 -8321 -8193 -8193 -8193 -8063 -8193 
1 -8193 
5 -8321 
CPU side received count (scaleup: 7): -7456 -7483 -7363 -7412 -7349 -7497 -7518 -7309 # -8193 -8193 -8193 -8193 -8321 -8193 -8321 -8321 
Elastic buffer uses 4 channels per SM
Elastic buffer uses 4 channels per SM
Elastic buffer uses 4 channels per SM
Elastic buffer uses 4 channels per SM
Elastic buffer uses 4 channels per SM
Elastic buffer uses 4 channels per SM
Elastic buffer uses 4 channels per SM
Elastic buffer uses 4 channels per SM
CPU side received count (scaleup: 6): -7501 -7389 -7443 -7421 -7361 -7494 -7356 -7372 # -8321 -8193 -8321 -8193 -8193 -8193 -806CPU side received count (scaleup: 4): -7424 -7385 -7365 -7453 -7412 -7404 -7545 -7571 # -8193 -8193 -8193 -8321 -8321 -8193 -832CPU side received count (scaleup: 7): -7456 -7483 -7363 -7412 -7349 -7497 -7518 -7309 # -8193 -8193 -8193 -8193 -8321 -8193 -832CPU side received count (scaleup: 5): -7537 -7457 -7391 -7431 -7485 -7464 -7338 -7402 # -8321 -8321 -8193 -8193 -8449 -8193 -8195 -8321 
1 -8193 
1 -8321 
3 -8193 
CPU side received count (scaleup: 3): -7454 -7440 -7514 -7479 -7503 -7395 -7371 -7429 # -8321 -8321 -8321 -8321 -8193 -8065 -819CPU side received count (scaleup: 0): -7435 -7455 -7460 -7396 -7248 -7191 -7463 -7477 # -8193 -8065 -8193 -8321 -8065 -8321 -832CPU side received count (scaleup: 2): -7393 -7496 -7417 -7376 -7342 -7447 -7376 -7426 # -8321 -8193 -8193 -8065 -8321 -8193 -819CPU side received count (scaleup: 1): -7464 -7506 -7387 -7493 -7462 -7400 -7266 -7346 # -8193 -8321 -8065 -8321 -8321 -8193 -8193 -8193 
1 -8193 
3 -8193 
3 -8193 
Elastic buffer uses 4 channels per SM
Elastic buffer uses 4 channels per SM
Elastic buffer uses 4 channels per SM
Elastic buffer uses 4 channels per SM
Elastic buffer uses 4 channels per SM
Elastic buffer uses 4 channels per SM
Elastic buffer uses 4 channels per SM
Elastic buffer uses 4 channels per SM
CPU side received count (scaleup: 6): -7501 -7389 -7443 -7421 -7361 -7494 -7356 -7372 # -8321 -8193 -8321 -8193 -8193 -8193 -806CPU side received count (scaleup: 5): -7537 -7457 -7391 -7431 -7485 -7464 -7338 -7402 # -8321 -8321 -8193 -8193 -8449 -8193 -819CPU side received count (scaleup: 4): -7424 -7385 -7365 -7453 -7412 -7404 -7545 -7571 # -8193 -8193 -8193 -8321 -8321 -8193 -832CPU side received count (scaleup: 7): -7456 -7483 -7363 -7412 -7349 -7497 -7518 -7309 # -8193 -8193 -8193 -8193 -8321 -8193 -8325 -8321 
3 -8193 
1 -8193 
1 -8321 
CPU side received count (scaleup: 2): -7393 -7496 -7417 -7376 -7342 -7447 -7376 -7426 # -8321 -8193 -8193 -8065 -8321 -8193 -819CPU side received count (scaleup: 3): -7454 -7440 -7514 -7479 -7503 -7395 -7371 -7429 # -8321 -8321 -8321 -8321 -8193 -8065 -8193 -8193 
CPU side received count (scaleup: 0): -7435 -7455 -7460 -7396 -7248 -7191 -7463 -7477 # -8193 -8065 -8193 -8321 -8065 -8321 -8323 -8193 
CPU side received count (scaleup: 1): -7464 -7506 -7387 -7493 -7462 -7400 -7266 -7346 # -8193 -8321 -8065 -8321 -8321 -8193 -8191 -8193 
3 -8193 
Elastic buffer uses 4 channels per SM
Elastic buffer uses 4 channels per SM
Elastic buffer uses 4 channels per SM
Elastic buffer uses 4 channels per SM
Elastic buffer uses 4 channels per SM
Elastic buffer uses 4 channels per SM
Elastic buffer uses 4 channels per SM
Elastic buffer uses 4 channels per SM
CPU side received count (scaleup: 6): -7501 -7389 -7443 -7421 -7361 -7494 -7356 -7372 # -8321 -8193 -8321 -8193 -8193 -8193 -806CPU side received count (scaleup: 7): -7456 -7483 -7363 -7412 -7349 -7497 -7518 -7309 # -8193 -8193 -8193 -8193 -8321 -8193 -832CPU side received count (scaleup: 4): -7424 -7385 -7365 -7453 -7412 -7404 -7545 -7571 # -8193 -8193 -8193 -8321 -8321 -8193 -832CPU side received count (scaleup: 5): -7537 -7457 -7391 -7431 -7485 -7464 -7338 -7402 # -8321 -8321 -8193 -8193 -8449 -8193 -8195 -8321 
1 -8321 
CPU side received count (scaleup: 3): -7454 -7440 -7514 -7479 -7503 -7395 -7371 -7429 # -8321 -8321 -8321 -8321 -8193 -8065 -8191 -8193 
CPU side received count (scaleup: 0): -7435 -7455 -7460 -7396 -7248 -7191 -7463 -7477 # -8193 -8065 -8193 -8321 -8065 -8321 -832CPU side received count (scaleup: 1): -7464 -7506 -7387 -7493 -7462 -7400 -7266 -7346 # -8193 -8321 -8065 -8321 -8321 -8193 -819CPU side received count (scaleup: 2): -7393 -7496 -7417 -7376 -7342 -7447 -7376 -7426 # -8321 -8193 -8193 -8065 -8321 -8193 -8193 -8193 
3 -8193 
1 -8193 
3 -8193 
3 -8193 
Elastic buffer uses 4 channels per SM
Elastic buffer uses 4 channels per SM
Elastic buffer uses 4 channels per SM
Elastic buffer uses 4 channels per SM
Elastic buffer uses 4 channels per SM
Elastic buffer uses 4 channels per SM
Elastic buffer uses 4 channels per SM
Elastic buffer uses 4 channels per SM
CPU side received count (scaleup: 4): -7424 -7385 -7365 -7453 -7412 -7404 -7545 -7571 # -8193 -8193 -8193 -8321 -8321 -8193 -832CPU side received count (scaleup: 6): -7501 -7389 -7443 -7421 -7361 -7494 -7356 -7372 # -8321 -8193 -8321 -8193 -8193 -8193 -806CPU side received count (scaleup: 7): -7456 -7483 -7363 -7412 -7349 -7497 -7518 -7309 # -8193 -8193 -8193 -8193 -8321 -8193 -8321 -8193 
CPU side received count (scaleup: 5): -7537 -7457 -7391 -7431 -7485 -7464 -7338 -7402 # -8321 -8321 -8193 -8193 -8449 -8193 -8195 -8321 
1 -8321 
3 -8193 
CPU side received count (scaleup: 3): -7454 -7440 -7514 -7479 -7503 -7395 -7371 -7429 # -8321 -8321 -8321 -8321 -8193 -8065 -819CPU side received count (scaleup: 0): -7435 -7455 -7460 -7396 -7248 -7191 -7463 -7477 # -8193 -8065 -8193 -8321 -8065 -8321 -832CPU side received count (scaleup: 2): -7393 -7496 -7417 -7376 -7342 -7447 -7376 -7426 # -8321 -8193 -8193 -8065 -8321 -8193 -819CPU side received count (scaleup: 1): -7464 -7506 -7387 -7493 -7462 -7400 -7266 -7346 # -8193 -8321 -8065 -8321 -8321 -8193 -8193 -8193 
1 -8193 
3 -8193 
3 -8193 
Elastic buffer uses 4 channels per SM
Elastic buffer uses 4 channels per SM
Elastic buffer uses 4 channels per SM
Elastic buffer uses 4 channels per SM
Elastic buffer uses 4 channels per SM
Elastic buffer uses 4 channels per SM
Elastic buffer uses 4 channels per SM
Elastic buffer uses 4 channels per SM
CPU side received count (scaleup: 4): -7424 -7385 -7365 -7453 -7412 -7404 -7545 -7571 # -8193 -8193 -8193 -8321 -8321 -8193 -832CPU side received count (scaleup: 7): -7456 -7483 -7363 -7412 -7349 -7497 -7518 -7309 # -8193 -8193 -8193 -8193 -8321 -8193 -832CPU side received count (scaleup: 6): -7501 -7389 -7443 -7421 -7361 -7494 -7356 -7372 # -8321 -8193 -8321 -8193 -8193 -8193 -806CPU side received count (scaleup: 5): -7537 -7457 -7391 -7431 -7485 -7464 -7338 -7402 # -8321 -8321 -8193 -8193 -8449 -8193 -8191 -8193 
1 -8321 
CPU side received count (scaleup: 3): -7454 -7440 -7514 -7479 -7503 -7395 -7371 -7429 # -8321 -8321 -8321 -8321 -8193 -8065 -819CPU side received count (scaleup: 2): -7393 -7496 -7417 -7376 -7342 -7447 -7376 -7426 # -8321 -8193 -8193 -8065 -8321 -8193 -8193 -8193 
5 -8321 
CPU side received count (scaleup: 1): -7464 -7506 -7387 -7493 -7462 -7400 -7266 -7346 # -8193 -8321 -8065 -8321 -8321 -8193 -819CPU side received count (scaleup: 0): -7435 -7455 -7460 -7396 -7248 -7191 -7463 -7477 # -8193 -8065 -8193 -8321 -8065 -8321 -8323 -8193 
3 -8193 
3 -8193 
1 -8193 
Elastic buffer uses 4 channels per SM
Elastic buffer uses 4 channels per SM
Elastic buffer uses 4 channels per SM
Elastic buffer uses 4 channels per SM
Elastic buffer uses 4 channels per SM
Elastic buffer uses 4 channels per SM
Elastic buffer uses 4 channels per SM
Elastic buffer uses 4 channels per SM
CPU side received count (scaleup: 6): -7501 -7389 -7443 -7421 -7361 -7494 -7356 -7372 # -8321 -8193 -8321 -8193 -8193 -8193 -806CPU side received count (scaleup: 4): -7424 -7385 -7365 -7453 -7412 -7404 -7545 -7571 # -8193 -8193 -8193 -8321 -8321 -8193 -832CPU side received count (scaleup: 7): -7456 -7483 -7363 -7412 -7349 -7497 -7518 -7309 # -8193 -8193 -8193 -8193 -8321 -8193 -832CPU side received count (scaleup: 5): -7537 -7457 -7391 -7431 -7485 -7464 -7338 -7402 # -8321 -8321 -8193 -8193 -8449 -8193 -8195 -8321 
1 -8193 
1 -8321 
3 -8193 
CPU side received count (scaleup: 3): -7454 -7440 -7514 -7479 -7503 -7395 -7371 -7429 # -8321 -8321 -8321 -8321 -8193 -8065 -819CPU side received count (scaleup: 0): -7435 -7455 -7460 -7396 -7248 -7191 -7463 -7477 # -8193 -8065 -8193 -8321 -8065 -8321 -832CPU side received count (scaleup: 2): -7393 -7496 -7417 -7376 -7342 -7447 -7376 -7426 # -8321 -8193 -8193 -8065 -8321 -8193 -819CPU side received count (scaleup: 1): -7464 -7506 -7387 -7493 -7462 -7400 -7266 -7346 # -8193 -8321 -8065 -8321 -8321 -8193 -8193 -8193 
1 -8193 
3 -8193 
3 -8193 
Elastic buffer uses 4 channels per SM
Elastic buffer uses 4 channels per SM
Elastic buffer uses 4 channels per SM
Elastic buffer uses 4 channels per SM
Elastic buffer uses 4 channels per SM
Elastic buffer uses 4 channels per SM
Elastic buffer uses 4 channels per SM
Elastic buffer uses 4 channels per SM
CPU side received count (scaleup: 4): -7424 -7385 -7365 -7453 -7412 -7404 -7545 -7571 # -8193 -8193 -8193 -8321 -8321 -8193 -832CPU side received count (scaleup: 7): -7456 -7483 -7363 -7412 -7349 -7497 -7518 -7309 # -8193 -8193 -8193 -8193 -8321 -8193 -832CPU side received count (scaleup: 6): -7501 -7389 -7443 -7421 -7361 -7494 -7356 -7372 # -8321 -8193 -8321 -8193 -8193 -8193 -806CPU side received count (scaleup: 5): -7537 -7457 -7391 -7431 -7485 -7464 -7338 -7402 # -8321 -8321 -8193 -8193 -8449 -8193 -8191 -8193 
1 -8321 
5 -8321 
3 -8193 
CPU side received count (scaleup: 3): -7454 -7440 -7514 -7479 -7503 -7395 -7371 -7429 # -8321 -8321 -8321 -8321 -8193 -8065 -819CPU side received count (scaleup: 2): -7393 -7496 -7417 -7376 -7342 -7447 -7376 -7426 # -8321 -8193 -8193 -8065 -8321 -8193 -819CPU side received count (scaleup: 0): -7435 -7455 -7460 -7396 -7248 -7191 -7463 -7477 # -8193 -8065 -8193 -8321 -8065 -8321 -8323 -8193 
CPU side received count (scaleup: 1): -7464 -7506 -7387 -7493 -7462 -7400 -7266 -7346 # -8193 -8321 -8065 -8321 -8321 -8193 -8193 -8193 
1 -8193 
3 -8193 
Elastic buffer uses 4 channels per SM
Elastic buffer uses 4 channels per SM
Elastic buffer uses 4 channels per SM
Elastic buffer uses 4 channels per SM
Elastic buffer uses 4 channels per SM
Elastic buffer uses 4 channels per SM
Elastic buffer uses 4 channels per SM
Elastic buffer uses 4 channels per SM
CPU side received count (scaleup: 4): -7424 -7385 -7365 -7453 -7412 -7404 -7545 -7571 # -8193 -8193 -8193 -8321 -8321 -8193 -832CPU side received count (scaleup: 7): -7456 -7483 -7363 -7412 -7349 -7497 -7518 -7309 # -8193 -8193 -8193 -8193 -8321 -8193 -832CPU side received count (scaleup: 5): -7537 -7457 -7391 -7431 -7485 -7464 -7338 -7402 # -8321 -8321 -8193 -8193 -8449 -8193 -8191 -8193 
1 -8321 
3 -8193 
CPU side received count (scaleup: 2): -7393 -7496 -7417 -7376 -7342 -7447 -7376 -7426 # -8321 -8193 -8193 -8065 -8321 -8193 -819CPU side received count (scaleup: 3): -7454 -7440 -7514 -7479 -7503 -7395 -7371 -7429 # -8321 -8321 -8321 -8321 -8193 -8065 -819CPU side received count (scaleup: 0): -7435 -7455 -7460 -7396 -7248 -7191 -7463 -7477 # -8193 -8065 -8193 -8321 -8065 -8321 -8323 -8193 
CPU side received count (scaleup: 6): -7501 -7389 -7443 -7421 -7361 -7494 -7356 -7372 # -8321 -8193 -8321 -8193 -8193 -8193 -8063 -8193 
CPU side received count (scaleup: 1): -7464 -7506 -7387 -7493 -7462 -7400 -7266 -7346 # -8193 -8321 -8065 -8321 -8321 -8193 -8191 -8193 
5 -8321 
3 -8193 
Elastic buffer uses 4 channels per SM
Elastic buffer uses 4 channels per SM
Elastic buffer uses 4 channels per SM
Elastic buffer uses 4 channels per SM
Elastic buffer uses 4 channels per SM
Elastic buffer uses 4 channels per SM
Elastic buffer uses 4 channels per SM
Elastic buffer uses 4 channels per SM
CPU side received count (scaleup: 6): -7501 -7389 -7443 -7421 -7361 -7494 -7356 -7372 # -8321 -8193 -8321 -8193 -8193 -8193 -806CPU side received count (scaleup: 7): -7456 -7483 -7363 -7412 -7349 -7497 -7518 -7309 # -8193 -8193 -8193 -8193 -8321 -8193 -832CPU side received count (scaleup: 5): -7537 -7457 -7391 -7431 -7485 -7464 -7338 -7402 # -8321 -8321 -8193 -8193 -8449 -8193 -8191 -8321 
5 -8321 
3 -8193 
CPU side received count (scaleup: 0): -7435 -7455 -7460 -7396 -7248 -7191 -7463 -7477 # -8193 -8065 -8193 -8321 -8065 -8321 -832CPU side received count (scaleup: 1): -7464 -7506 -7387 -7493 -7462 -7400 -7266 -7346 # -8193 -8321 -8065 -8321 -8321 -8193 -819CPU side received count (scaleup: 2): -7393 -7496 -7417 -7376 -7342 -7447 -7376 -7426 # -8321 -8193 -8193 -8065 -8321 -8193 -819CPU side received count (scaleup: 4): -7424 -7385 -7365 -7453 -7412 -7404 -7545 -7571 # -8193 -8193 -8193 -8321 -8321 -8193 -832CPU side received count (scaleup: 3): -7454 -7440 -7514 -7479 -7503 -7395 -7371 -7429 # -8321 -8321 -8321 -8321 -8193 -8065 -8191 -8193 
3 -8193 
3 -8193 
1 -8193 
3 -8193 
Elastic buffer uses 4 channels per SM
Elastic buffer uses 4 channels per SM
Elastic buffer uses 4 channels per SM
Elastic buffer uses 4 channels per SM
Elastic buffer uses 4 channels per SM
Elastic buffer uses 4 channels per SM
Elastic buffer uses 4 channels per SM
Elastic buffer uses 4 channels per SM
CPU side received count (scaleup: 4): -7424 -7385 -7365 -7453 -7412 -7404 -7545 -7571 # -8193 -8193 -8193 -8321 -8321 -8193 -832CPU side received count (scaleup: 7): -7456 -7483 -7363 -7412 -7349 -7497 -7518 -7309 # -8193 -8193 -8193 -8193 -8321 -8193 -832CPU side received count (scaleup: 5): -7537 -7457 -7391 -7431 -7485 -7464 -7338 -7402 # -8321 -8321 -8193 -8193 -8449 -8193 -8191 -8193 
1 -8321 
3 -8193 
CPU side received count (scaleup: 2): -7393 -7496 -7417 -7376 -7342 -7447 -7376 -7426 # -8321 -8193 -8193 -8065 -8321 -8193 -819CPU side received count (scaleup: 6): -7501 -7389 -7443 -7421 -7361 -7494 -7356 -7372 # -8321 -8193 -8321 -8193 -8193 -8193 -806CPU side received count (scaleup: 0): -7435 -7455 -7460 -7396 -7248 -7191 -7463 -7477 # -8193 -8065 -8193 -8321 -8065 -8321 -832CPU side received count (scaleup: 3): -7454 -7440 -7514 -7479 -7503 -7395 -7371 -7429 # -8321 -8321 -8321 -8321 -8193 -8065 -8191 -8193 
3 -8193 
CPU side received count (scaleup: 1): -7464 -7506 -7387 -7493 -7462 -7400 -7266 -7346 # -8193 -8321 -8065 -8321 -8321 -8193 -8195 -8321 
3 -8193 
3 -8193 
Elastic buffer uses 4 channels per SM
Elastic buffer uses 4 channels per SM
Elastic buffer uses 4 channels per SM
Elastic buffer uses 4 channels per SM
Elastic buffer uses 4 channels per SM
Elastic buffer uses 4 channels per SM
Elastic buffer uses 4 channels per SM
Elastic buffer uses 4 channels per SM
CPU side received count (scaleup: 3): -7454 -7440 -7514 -7479 -7503 -7395 -7371 -7429 # -8321 -8321 -8321 -8321 -8193 -8065 -819CPU side received count (scaleup: 7): -7456 -7483 -7363 -7412 -7349 -7497 -7518 -7309 # -8193 -8193 -8193 -8193 -8321 -8193 -832CPU side received count (scaleup: 6): -7501 -7389 -7443 -7421 -7361 -7494 -7356 -7372 # -8321 -8193 -8321 -8193 -8193 -8193 -806CPU side received count (scaleup: 0): -7435 -7455 -7460 -7396 -7248 -7191 -7463 -7477 # -8193 -8065 -8193 -8321 -8065 -8321 -8323 -8193 
CPU side received count (scaleup: 4): -7424 -7385 -7365 -7453 -7412 -7404 -7545 -7571 # -8193 -8193 -8193 -8321 -8321 -8193 -832CPU side received count (scaleup: 2): -7393 -7496 -7417 -7376 -7342 -7447 -7376 -7426 # -8321 -8193 -8193 -8065 -8321 -8193 -8195 -8321 
CPU side received count (scaleup: 1): -7464 -7506 -7387 -7493 -7462 -7400 -7266 -7346 # -8193 -8321 -8065 -8321 -8321 -8193 -819CPU side received count (scaleup: 5): -7537 -7457 -7391 -7431 -7485 -7464 -7338 -7402 # -8321 -8321 -8193 -8193 -8449 -8193 -8191 -8321 
1 -8193 
1 -8193 
3 -8193 
3 -8193 
3 -8193 
Elastic buffer uses 4 channels per SM
Elastic buffer uses 4 channels per SM
Elastic buffer uses 4 channels per SM
Elastic buffer uses 4 channels per SM
Elastic buffer uses 4 channels per SM
Elastic buffer uses 4 channels per SM
Elastic buffer uses 4 channels per SM
Elastic buffer uses 4 channels per SM
CPU side received count (scaleup: 4): -7424 -7385 -7365 -7453 -7412 -7404 -7545 -7571 # -8193 -8193 -8193 -8321 -8321 -8193 -832CPU side received count (scaleup: 6): -7501 -7389 -7443 -7421 -7361 -7494 -7356 -7372 # -8321 -8193 -8321 -8193 -8193 -8193 -8061 -8193 
5 -8321 
CPU side received count (scaleup: 5): -7537 -7457 -7391 -7431 -7485 -7464 -7338 -7402 # -8321 -8321 -8193 -8193 -8449 -8193 -8193 -8193 
CPU side received count (scaleup: 3): -7454 -7440 -7514 -7479 -7503 -7395 -7371 -7429 # -8321 -8321 -8321 -8321 -8193 -8065 -819CPU side received count (scaleup: 2): -7393 -7496 -7417 -7376 -7342 -7447 -7376 -7426 # -8321 -8193 -8193 -8065 -8321 -8193 -819CPU side received count (scaleup: 0): -7435 -7455 -7460 -7396 -7248 -7191 -7463 -7477 # -8193 -8065 -8193 -8321 -8065 -8321 -8323 -8193 
3 -8193 
CPU side received count (scaleup: 7): -7456 -7483 -7363 -7412 -7349 -7497 -7518 -7309 # -8193 -8193 -8193 -8193 -8321 -8193 -832CPU side received count (scaleup: 1): -7464 -7506 -7387 -7493 -7462 -7400 -7266 -7346 # -8193 -8321 -8065 -8321 -8321 -8193 -8191 -8193 
3 -8193 
1 -8321 
Elastic buffer uses 4 channels per SM
Elastic buffer uses 4 channels per SM
Elastic buffer uses 4 channels per SM
Elastic buffer uses 4 channels per SM
Elastic buffer uses 4 channels per SM
Elastic buffer uses 4 channels per SM
Elastic buffer uses 4 channels per SM
Elastic buffer uses 4 channels per SM
CPU side received count (scaleup: 4): -7424 -7385 -7365 -7453 -7412 -7404 -7545 -7571 # -8193 -8193 -8193 -8321 -8321 -8193 -832CPU side received count (scaleup: 5): -7537 -7457 -7391 -7431 -7485 -7464 -7338 -7402 # -8321 -8321 -8193 -8193 -8449 -8193 -819CPU side received count (scaleup: 7): -7456 -7483 -7363 -7412 -7349 -7497 -7518 -7309 # -8193 -8193 -8193 -8193 -8321 -8193 -832CPU side received count (scaleup: 6): -7501 -7389 -7443 -7421 -7361 -7494 -7356 -7372 # -8321 -8193 -8321 -8193 -8193 -8193 -8061 -8193 
CPU side received count (scaleup: 2): -7393 -7496 -7417 -7376 -7342 -7447 -7376 -7426 # -8321 -8193 -8193 -8065 -8321 -8193 -8191 -8321 
CPU side received count (scaleup: 0): -7435 -7455 -7460 -7396 -7248 -7191 -7463 -7477 # -8193 -8065 -8193 -8321 -8065 -8321 -8323 -8193 
3 -8193 
5 -8321 
CPU side received count (scaleup: 1): -7464 -7506 -7387 -7493 -7462 -7400 -7266 -7346 # -8193 -8321 -8065 -8321 -8321 -8193 -819CPU side received count (scaleup: 3): -7454 -7440 -7514 -7479 -7503 -7395 -7371 -7429 # -8321 -8321 -8321 -8321 -8193 -8065 -8191 -8193 
3 -8193 
3 -8193 
Elastic buffer uses 4 channels per SM
Elastic buffer uses 4 channels per SM
Elastic buffer uses 4 channels per SM
Elastic buffer uses 4 channels per SM
Elastic buffer uses 4 channels per SM
Elastic buffer uses 4 channels per SM
Elastic buffer uses 4 channels per SM
Elastic buffer uses 4 channels per SM
CPU side received count (scaleup: 3): -7454 -7440 -7514 -7479 -7503 -7395 -7371 -7429 # -8321 -8321 -8321 -8321 -8193 -8065 -819CPU side received count (scaleup: 2): -7393 -7496 -7417 -7376 -7342 -7447 -7376 -7426 # -8321 -8193 -8193 -8065 -8321 -8193 -8193 -8193 
CPU side received count (scaleup: 0): -7435 -7455 -7460 -7396 -7248 -7191 -7463 -7477 # -8193 -8065 -8193 -8321 -8065 -8321 -832CPU side received count (scaleup: 1): -7464 -7506 -7387 -7493 -7462 -7400 -7266 -7346 # -8193 -8321 -8065 -8321 -8321 -8193 -8193 -8193 
3 -8193 
1 -8193 
CPU side received count (scaleup: 4): -7424 -7385 -7365 -7453 -7412 -7404 -7545 -7571 # -8193 -8193 -8193 -8321 -8321 -8193 -832CPU side received count (scaleup: 6): -7501 -7389 -7443 -7421 -7361 -7494 -7356 -7372 # -8321 -8193 -8321 -8193 -8193 -8193 -8065 -8321 
CPU side received count (scaleup: 5): -7537 -7457 -7391 -7431 -7485 -7464 -7338 -7402 # -8321 -8321 -8193 -8193 -8449 -8193 -8191 -8193 
CPU side received count (scaleup: 7): -7456 -7483 -7363 -7412 -7349 -7497 -7518 -7309 # -8193 -8193 -8193 -8193 -8321 -8193 -8323 -8193 
1 -8321 
Elastic buffer uses 4 channels per SM
Elastic buffer uses 4 channels per SM
Elastic buffer uses 4 channels per SM
Elastic buffer uses 4 channels per SM
Elastic buffer uses 4 channels per SM
Elastic buffer uses 4 channels per SM
Elastic buffer uses 4 channels per SM
Elastic buffer uses 4 channels per SM
CPU side received count (scaleup: 3): -7454 -7440 -7514 -7479 -7503 -7395 -7371 -7429 # -8321 -8321 -8321 -8321 -8193 -8065 -819CPU side received count (scaleup: 0): -7435 -7455 -7460 -7396 -7248 -7191 -7463 -7477 # -8193 -8065 -8193 -8321 -8065 -8321 -832CPU side received count (scaleup: 1): -7464 -7506 -7387 -7493 -7462 -7400 -7266 -7346 # -8193 -8321 -8065 -8321 -8321 -8193 -819CPU side received count (scaleup: 2): -7393 -7496 -7417 -7376 -7342 -7447 -7376 -7426 # -8321 -8193 -8193 -8065 -8321 -8193 -8193 -8193 
1 -8193 
CPU side received count (scaleup: 6): -7501 -7389 -7443 -7421 -7361 -7494 -7356 -7372 # -8321 -8193 -8321 -8193 -8193 -8193 -806CPU side received count (scaleup: 7): -7456 -7483 -7363 -7412 -7349 -7497 -7518 -7309 # -8193 -8193 -8193 -8193 -8321 -8193 -832CPU side received count (scaleup: 5): -7537 -7457 -7391 -7431 -7485 -7464 -7338 -7402 # -8321 -8321 -8193 -8193 -8449 -8193 -8195 -8321 
3 -8193 
3 -8193 
CPU side received count (scaleup: 4): -7424 -7385 -7365 -7453 -7412 -7404 -7545 -7571 # -8193 -8193 -8193 -8321 -8321 -8193 -8321 -8321 
3 -8193 
1 -8193 
Elastic buffer uses 4 channels per SM
Elastic buffer uses 4 channels per SM
Elastic buffer uses 4 channels per SM
Elastic buffer uses 4 channels per SM
Elastic buffer uses 4 channels per SM
Elastic buffer uses 4 channels per SM
Elastic buffer uses 4 channels per SM
Elastic buffer uses 4 channels per SM
CPU side received count (scaleup: 4): -7424 -7385 -7365 -7453 -7412 -7404 -7545 -7571 # -8193 -8193 -8193 -8321 -8321 -8193 -832CPU side received count (scaleup: 6): -7501 -7389 -7443 -7421 -7361 -7494 -7356 -7372 # -8321 -8193 -8321 -8193 -8193 -8193 -806CPU side received count (scaleup: 5): -7537 -7457 -7391 -7431 -7485 -7464 -7338 -7402 # -8321 -8321 -8193 -8193 -8449 -8193 -819CPU side received count (scaleup: 7): -7456 -7483 -7363 -7412 -7349 -7497 -7518 -7309 # -8193 -8193 -8193 -8193 -8321 -8193 -8321 -8193 
5 -8321 
3 -8193 
1 -8321 
CPU side received count (scaleup: 0): -7435 -7455 -7460 -7396 -7248 -7191 -7463 -7477 # -8193 -8065 -8193 -8321 -8065 -8321 -832CPU side received count (scaleup: 3): -7454 -7440 -7514 -7479 -7503 -7395 -7371 -7429 # -8321 -8321 -8321 -8321 -8193 -8065 -819CPU side received count (scaleup: 2): -7393 -7496 -7417 -7376 -7342 -7447 -7376 -7426 # -8321 -8193 -8193 -8065 -8321 -8193 -8191 -8193 
3 -8193 
3 -8193 
CPU side received count (scaleup: 1): -7464 -7506 -7387 -7493 -7462 -7400 -7266 -7346 # -8193 -8321 -8065 -8321 -8321 -8193 -8193 -8193 
Elastic buffer uses 4 channels per SM
Elastic buffer uses 4 channels per SM
Elastic buffer uses 4 channels per SM
Elastic buffer uses 4 channels per SM
Elastic buffer uses 4 channels per SM
Elastic buffer uses 4 channels per SM
Elastic buffer uses 4 channels per SM
Elastic buffer uses 4 channels per SM
CPU side received count (scaleup: 3): -7454 -7440 -7514 -7479 -7503 -7395 -7371 -7429 # -8321 -8321 -8321 -8321 -8193 -8065 -819CPU side received count (scaleup: 0): -7435 -7455 -7460 -7396 -7248 -7191 -7463 -7477 # -8193 -8065 -8193 -8321 -8065 -8321 -832CPU side received count (scaleup: 1): -7464 -7506 -7387 -7493 -7462 -7400 -7266 -7346 # -8193 -8321 -8065 -8321 -8321 -8193 -819CPU side received count (scaleup: 2): -7393 -7496 -7417 -7376 -7342 -7447 -7376 -7426 # -8321 -8193 -8193 -8065 -8321 -8193 -819CPU side received count (scaleup: 5): -7537 -7457 -7391 -7431 -7485 -7464 -7338 -7402 # -8321 -8321 -8193 -8193 -8449 -8193 -8193 -8193 
3 -8193 
CPU side received count (scaleup: 7): -7456 -7483 -7363 -7412 -7349 -7497 -7518 -7309 # -8193 -8193 -8193 -8193 -8321 -8193 -832CPU side received count (scaleup: 6): -7501 -7389 -7443 -7421 -7361 -7494 -7356 -7372 # -8321 -8193 -8321 -8193 -8193 -8193 -8063 -8193 
CPU side received count (scaleup: 4): -7424 -7385 -7365 -7453 -7412 -7404 -7545 -7571 # -8193 -8193 -8193 -8321 -8321 -8193 -8321 -8193 
3 -8193 
1 -8321 
5 -8321 
1 -8193 
Elastic buffer uses 4 channels per SM
Elastic buffer uses 4 channels per SM
Elastic buffer uses 4 channels per SM
Elastic buffer uses 4 channels per SM
Elastic buffer uses 4 channels per SM
Elastic buffer uses 4 channels per SM
Elastic buffer uses 4 channels per SM
Elastic buffer uses 4 channels per SM
CPU side received count (scaleup: 0): -7435 -7455 -7460 -7396 -7248 -7191 -7463 -7477 # -8193 -8065 -8193 -8321 -8065 -8321 -832CPU side received count (scaleup: 2): -7393 -7496 -7417 -7376 -7342 -7447 -7376 -7426 # -8321 -8193 -8193 -8065 -8321 -8193 -819CPU side received count (scaleup: 3): -7454 -7440 -7514 -7479 -7503 -7395 -7371 -7429 # -8321 -8321 -8321 -8321 -8193 -8065 -819CPU side received count (scaleup: 1): -7464 -7506 -7387 -7493 -7462 -7400 -7266 -7346 # -8193 -8321 -8065 -8321 -8321 -8193 -8193 -8193 
CPU side received count (scaleup: 4): -7424 -7385 -7365 -7453 -7412 -7404 -7545 -7571 # -8193 -8193 -8193 -8321 -8321 -8193 -832CPU side received count (scaleup: 6): -7501 -7389 -7443 -7421 -7361 -7494 -7356 -7372 # -8321 -8193 -8321 -8193 -8193 -8193 -8061 -8193 
1 -8193 
5 -8321 
CPU side received count (scaleup: 7): -7456 -7483 -7363 -7412 -7349 -7497 -7518 -7309 # -8193 -8193 -8193 -8193 -8321 -8193 -832CPU side received count (scaleup: 5): -7537 -7457 -7391 -7431 -7485 -7464 -7338 -7402 # -8321 -8321 -8193 -8193 -8449 -8193 -8193 -8193 
3 -8193 
3 -8193 
1 -8321 
Elastic buffer uses 4 channels per SM
Elastic buffer uses 4 channels per SM
Elastic buffer uses 4 channels per SM
Elastic buffer uses 4 channels per SM
Elastic buffer uses 4 channels per SM
Elastic buffer uses 4 channels per SM
USDT:2026-08-25 02:22:39 437:437 SyncActivityProfilerHandler.cpp:52] profiler_startUSDT:2026-08-25 02:22:39 436:436 SyncActivityProfilerHandler.cpp:52] profiler_startUSDT:2026-08-25 02:22:39 440:440 SyncActivityProfilerHandler.cpp:52] profiler_startUSDT:2026-08-25 02:22:39 438:438 SyncActivityProfilerHandler.cpp:52] profiler_startUSDT:2026-08-25 02:22:39 434:434 SyncActivityProfilerHandler.cpp:52] profiler_startUSDT:2026-08-25 02:22:39 435:435 SyncActivityProfilerHandler.cpp:52] profiler_start





USDT:2026-08-25 02:22:39 441:441 SyncActivityProfilerHandler.cpp:52] profiler_start
USDT:2026-08-25 02:22:39 439:439 SyncActivityProfilerHandler.cpp:52] profiler_start
Elastic buffer uses 4 channels per SM
Elastic buffer uses 4 channels per SM
CPU side received count (scaleup: 4): -7424 -7385 -7365 -7453 -7412 -7404 -7545 -7571 # -8193 -8193 -8193 -8321 -8321 -8193 -832CPU side received count (scaleup: 6): -7501 -7389 -7443 -7421 -7361 -7494 -7356 -7372 # -8321 -8193 -8321 -8193 -8193 -8193 -806CPU side received count (scaleup: 7): -7456 -7483 -7363 -7412 -7349 -7497 -7518 -7309 # -8193 -8193 -8193 -8193 -8321 -8193 -832CPU side received count (scaleup: 5): -7537 -7457 -7391 -7431 -7485 -7464 -7338 -7402 # -8321 -8321 -8193 -8193 -8449 -8193 -8191 -8193 
5 -8321 
1 -8321 
3 -8193 
CPU side received count (scaleup: 3): -7454 -7440 -7514 -7479 -7503 -7395 -7371 -7429 # -8321 -8321 -8321 -8321 -8193 -8065 -819CPU side received count (scaleup: 0): -7435 -7455 -7460 -7396 -7248 -7191 -7463 -7477 # -8193 -8065 -8193 -8321 -8065 -8321 -832CPU side received count (scaleup: 2): -7393 -7496 -7417 -7376 -7342 -7447 -7376 -7426 # -8321 -8193 -8193 -8065 -8321 -8193 -819CPU side received count (scaleup: 1): -7464 -7506 -7387 -7493 -7462 -7400 -7266 -7346 # -8193 -8321 -8065 -8321 -8321 -8193 -8193 -8193 
1 -8193 
3 -8193 
3 -8193 
Elastic buffer uses 4 channels per SM
Elastic buffer uses 4 channels per SM
Elastic buffer uses 4 channels per SM
Elastic buffer uses 4 channels per SM
Elastic buffer uses 4 channels per SM
Elastic buffer uses 4 channels per SM
Elastic buffer uses 4 channels per SM
Elastic buffer uses 4 channels per SM
CPU side received count (scaleup: 6): -7501 -7389 -7443 -7421 -7361 -7494 -7356 -7372 # -8321 -8193 -8321 -8193 -8193 -8193 -806CPU side received count (scaleup: 4): -7424 -7385 -7365 -7453 -7412 -7404 -7545 -7571 # -8193 -8193 -8193 -8321 -8321 -8193 -832CPU side received count (scaleup: 7): -7456 -7483 -7363 -7412 -7349 -7497 -7518 -7309 # -8193 -8193 -8193 -8193 -8321 -8193 -8325 -8321 
CPU side received count (scaleup: 5): -7537 -7457 -7391 -7431 -7485 -7464 -7338 -7402 # -8321 -8321 -8193 -8193 -8449 -8193 -8191 -8193 
1 -8321 
3 -8193 
CPU side received count (scaleup: 3): -7454 -7440 -7514 -7479 -7503 -7395 -7371 -7429 # -8321 -8321 -8321 -8321 -8193 -8065 -819CPU side received count (scaleup: 0): -7435 -7455 -7460 -7396 -7248 -7191 -7463 -7477 # -8193 -8065 -8193 -8321 -8065 -8321 -832CPU side received count (scaleup: 2): -7393 -7496 -7417 -7376 -7342 -7447 -7376 -7426 # -8321 -8193 -8193 -8065 -8321 -8193 -819CPU side received count (scaleup: 1): -7464 -7506 -7387 -7493 -7462 -7400 -7266 -7346 # -8193 -8321 -8065 -8321 -8321 -8193 -8191 -8193 
3 -8193 
3 -8193 
3 -8193 
Elastic buffer uses 4 channels per SM
Elastic buffer uses 4 channels per SM
Elastic buffer uses 4 channels per SM
Elastic buffer uses 4 channels per SM
Elastic buffer uses 4 channels per SM
Elastic buffer uses 4 channels per SM
Elastic buffer uses 4 channels per SM
Elastic buffer uses 4 channels per SM
CPU side received count (scaleup: 3): -7454 -7440 -7514 -7479 -7503 -7395 -7371 -7429 # -8321 -8321 -8321 -8321 -8193 -8065 -819CPU side received count (scaleup: 2): -7393 -7496 -7417 -7376 -7342 -7447 -7376 -7426 # -8321 -8193 -8193 -8065 -8321 -8193 -819CPU side received count (scaleup: 0): -7435 -7455 -7460 -7396 -7248 -7191 -7463 -7477 # -8193 -8065 -8193 -8321 -8065 -8321 -8323 -8193 
3 -8193 
CPU side received count (scaleup: 1): -7464 -7506 -7387 -7493 -7462 -7400 -7266 -7346 # -8193 -8321 -8065 -8321 -8321 -8193 -819CPU side received count (scaleup: 4): -7424 -7385 -7365 -7453 -7412 -7404 -7545 -7571 # -8193 -8193 -8193 -8321 -8321 -8193 -8321 -8193 
3 -8193 
1 -8193 
CPU side received count (scaleup: 7): -7456 -7483 -7363 -7412 -7349 -7497 -7518 -7309 # -8193 -8193 -8193 -8193 -8321 -8193 -832CPU side received count (scaleup: 6): -7501 -7389 -7443 -7421 -7361 -7494 -7356 -7372 # -8321 -8193 -8321 -8193 -8193 -8193 -806CPU side received count (scaleup: 5): -7537 -7457 -7391 -7431 -7485 -7464 -7338 -7402 # -8321 -8321 -8193 -8193 -8449 -8193 -8195 -8321 
1 -8321 
3 -8193 
Elastic buffer uses 4 channels per SM
Elastic buffer uses 4 channels per SM
Elastic buffer uses 4 channels per SM
Elastic buffer uses 4 channels per SM
Elastic buffer uses 4 channels per SM
Elastic buffer uses 4 channels per SM
Elastic buffer uses 4 channels per SM
Elastic buffer uses 4 channels per SM
CPU side received count (scaleup: 6): -7501 -7389 -7443 -7421 -7361 -7494 -7356 -7372 # -8321 -8193 -8321 -8193 -8193 -8193 -806CPU side received count (scaleup: 4): -7424 -7385 -7365 -7453 -7412 -7404 -7545 -7571 # -8193 -8193 -8193 -8321 -8321 -8193 -832CPU side received count (scaleup: 7): -7456 -7483 -7363 -7412 -7349 -7497 -7518 -7309 # -8193 -8193 -8193 -8193 -8321 -8193 -832CPU side received count (scaleup: 5): -7537 -7457 -7391 -7431 -7485 -7464 -7338 -7402 # -8321 -8321 -8193 -8193 -8449 -8193 -8195 -8321 
1 -8193 
1 -8321 
3 -8193 
CPU side received count (scaleup: 3): -7454 -7440 -7514 -7479 -7503 -7395 -7371 -7429 # -8321 -8321 -8321 -8321 -8193 -8065 -819CPU side received count (scaleup: 2): -7393 -7496 -7417 -7376 -7342 -7447 -7376 -7426 # -8321 -8193 -8193 -8065 -8321 -8193 -8193 -8193 
CPU side received count (scaleup: 0): -7435 -7455 -7460 -7396 -7248 -7191 -7463 -7477 # -8193 -8065 -8193 -8321 -8065 -8321 -832CPU side received count (scaleup: 1): -7464 -7506 -7387 -7493 -7462 -7400 -7266 -7346 # -8193 -8321 -8065 -8321 -8321 -8193 -8193 -8193 
1 -8193 
3 -8193 
Elastic buffer uses 4 channels per SM
Elastic buffer uses 4 channels per SM
Elastic buffer uses 4 channels per SM
Elastic buffer uses 4 channels per SM
Elastic buffer uses 4 channels per SM
Elastic buffer uses 4 channels per SM
Elastic buffer uses 4 channels per SM
Elastic buffer uses 4 channels per SM
CPU side received count (scaleup: 6): -7501 -7389 -7443 -7421 -7361 -7494 -7356 -7372 # -8321 -8193 -8321 -8193 -8193 -8193 -806CPU side received count (scaleup: 4): -7424 -7385 -7365 -7453 -7412 -7404 -7545 -7571 # -8193 -8193 -8193 -8321 -8321 -8193 -832CPU side received count (scaleup: 7): -7456 -7483 -7363 -7412 -7349 -7497 -7518 -7309 # -8193 -8193 -8193 -8193 -8321 -8193 -832CPU side received count (scaleup: 5): -7537 -7457 -7391 -7431 -7485 -7464 -7338 -7402 # -8321 -8321 -8193 -8193 -8449 -8193 -8195 -8321 
1 -8193 
1 -8321 
3 -8193 
CPU side received count (scaleup: 0): -7435 -7455 -7460 -7396 -7248 -7191 -7463 -7477 # -8193 -8065 -8193 -8321 -8065 -8321 -832CPU side received count (scaleup: 3): -7454 -7440 -7514 -7479 -7503 -7395 -7371 -7429 # -8321 -8321 -8321 -8321 -8193 -8065 -819CPU side received count (scaleup: 2): -7393 -7496 -7417 -7376 -7342 -7447 -7376 -7426 # -8321 -8193 -8193 -8065 -8321 -8193 -8191 -8193 
3 -8193 
CPU side received count (scaleup: 1): -7464 -7506 -7387 -7493 -7462 -7400 -7266 -7346 # -8193 -8321 -8065 -8321 -8321 -8193 -8193 -8193 
3 -8193 
Elastic buffer uses 4 channels per SM
Elastic buffer uses 4 channels per SM
Elastic buffer uses 4 channels per SM
Elastic buffer uses 4 channels per SM
Elastic buffer uses 4 channels per SM
Elastic buffer uses 4 channels per SM
Elastic buffer uses 4 channels per SM
Elastic buffer uses 4 channels per SM
CPU side received count (scaleup: 6): -7501 -7389 -7443 -7421 -7361 -7494 -7356 -7372 # -8321 -8193 -8321 -8193 -8193 -8193 -806CPU side received count (scaleup: 4): -7424 -7385 -7365 -7453 -7412 -7404 -7545 -7571 # -8193 -8193 -8193 -8321 -8321 -8193 -832CPU side received count (scaleup: 7): -7456 -7483 -7363 -7412 -7349 -7497 -7518 -7309 # -8193 -8193 -8193 -8193 -8321 -8193 -832CPU side received count (scaleup: 5): -7537 -7457 -7391 -7431 -7485 -7464 -7338 -7402 # -8321 -8321 -8193 -8193 -8449 -8193 -8195 -8321 
CPU side received count (scaleup: 3): -7454 -7440 -7514 -7479 -7503 -7395 -7371 -7429 # -8321 -8321 -8321 -8321 -8193 -8065 -8191 -8193 
CPU side received count (scaleup: 1): -7464 -7506 -7387 -7493 -7462 -7400 -7266 -7346 # -8193 -8321 -8065 -8321 -8321 -8193 -819CPU side received count (scaleup: 0): -7435 -7455 -7460 -7396 -7248 -7191 -7463 -7477 # -8193 -8065 -8193 -8321 -8065 -8321 -832CPU side received count (scaleup: 2): -7393 -7496 -7417 -7376 -7342 -7447 -7376 -7426 # -8321 -8193 -8193 -8065 -8321 -8193 -8193 -8193 
1 -8321 
3 -8193 
3 -8193 
1 -8193 
3 -8193 
Elastic buffer uses 4 channels per SM
Elastic buffer uses 4 channels per SM
Elastic buffer uses 4 channels per SM
Elastic buffer uses 4 channels per SM
Elastic buffer uses 4 channels per SM
Elastic buffer uses 4 channels per SM
Elastic buffer uses 4 channels per SM
Elastic buffer uses 4 channels per SM
CPU side received count (scaleup: 0): -7435 -7455 -7460 -7396 -7248 -7191 -7463 -7477 # -8193 -8065 -8193 -8321 -8065 -8321 -832CPU side received count (scaleup: 2): -7393 -7496 -7417 -7376 -7342 -7447 -7376 -7426 # -8321 -8193 -8193 -8065 -8321 -8193 -819CPU side received count (scaleup: 1): -7464 -7506 -7387 -7493 -7462 -7400 -7266 -7346 # -8193 -8321 -8065 -8321 -8321 -8193 -8191 -8193 
CPU side received count (scaleup: 6): -7501 -7389 -7443 -7421 -7361 -7494 -7356 -7372 # -8321 -8193 -8321 -8193 -8193 -8193 -806CPU side received count (scaleup: 5): -7537 -7457 -7391 -7431 -7485 -7464 -7338 -7402 # -8321 -8321 -8193 -8193 -8449 -8193 -819CPU side received count (scaleup: 3): -7454 -7440 -7514 -7479 -7503 -7395 -7371 -7429 # -8321 -8321 -8321 -8321 -8193 -8065 -819CPU side received count (scaleup: 7): -7456 -7483 -7363 -7412 -7349 -7497 -7518 -7309 # -8193 -8193 -8193 -8193 -8321 -8193 -8323 -8193 
CPU side received count (scaleup: 4): -7424 -7385 -7365 -7453 -7412 -7404 -7545 -7571 # -8193 -8193 -8193 -8321 -8321 -8193 -8323 -8193 
1 -8193 
3 -8193 
3 -8193 
5 -8321 
1 -8321 
Elastic buffer uses 4 channels per SM
Elastic buffer uses 4 channels per SM
Elastic buffer uses 4 channels per SM
Elastic buffer uses 4 channels per SM
Elastic buffer uses 4 channels per SM
Elastic buffer uses 4 channels per SM
Elastic buffer uses 4 channels per SM
Elastic buffer uses 4 channels per SM
CPU side received count (scaleup: 6): -7501 -7389 -7443 -7421 -7361 -7494 -7356 -7372 # -8321 -8193 -8321 -8193 -8193 -8193 -806CPU side received count (scaleup: 4): -7424 -7385 -7365 -7453 -7412 -7404 -7545 -7571 # -8193 -8193 -8193 -8321 -8321 -8193 -832CPU side received count (scaleup: 7): -7456 -7483 -7363 -7412 -7349 -7497 -7518 -7309 # -8193 -8193 -8193 -8193 -8321 -8193 -832CPU side received count (scaleup: 5): -7537 -7457 -7391 -7431 -7485 -7464 -7338 -7402 # -8321 -8321 -8193 -8193 -8449 -8193 -8195 -8321 
CPU side received count (scaleup: 0): -7435 -7455 -7460 -7396 -7248 -7191 -7463 -7477 # -8193 -8065 -8193 -8321 -8065 -8321 -832CPU side received count (scaleup: 2): -7393 -7496 -7417 -7376 -7342 -7447 -7376 -7426 # -8321 -8193 -8193 -8065 -8321 -8193 -819CPU side received count (scaleup: 3): -7454 -7440 -7514 -7479 -7503 -7395 -7371 -7429 # -8321 -8321 -8321 -8321 -8193 -8065 -819CPU side received count (scaleup: 1): -7464 -7506 -7387 -7493 -7462 -7400 -7266 -7346 # -8193 -8321 -8065 -8321 -8321 -8193 -8193 -8193 
1 -8193 
1 -8193 
1 -8321 
3 -8193 
3 -8193 
3 -8193 
Elastic buffer uses 4 channels per SM
Elastic buffer uses 4 channels per SM
Elastic buffer uses 4 channels per SM
Elastic buffer uses 4 channels per SM
Elastic buffer uses 4 channels per SM
Elastic buffer uses 4 channels per SM
Elastic buffer uses 4 channels per SM
Elastic buffer uses 4 channels per SM
CPU side received count (scaleup: 4): -7424 -7385 -7365 -7453 -7412 -7404 -7545 -7571 # -8193 -8193 -8193 -8321 -8321 -8193 -832CPU side received count (scaleup: 6): -7501 -7389 -7443 -7421 -7361 -7494 -7356 -7372 # -8321 -8193 -8321 -8193 -8193 -8193 -806CPU side received count (scaleup: 7): -7456 -7483 -7363 -7412 -7349 -7497 -7518 -7309 # -8193 -8193 -8193 -8193 -8321 -8193 -832CPU side received count (scaleup: 5): -7537 -7457 -7391 -7431 -7485 -7464 -7338 -7402 # -8321 -8321 -8193 -8193 -8449 -8193 -8191 -8193 
5 -8321 
1 -8321 
3 -8193 
CPU side received count (scaleup: 2): -7393 -7496 -7417 -7376 -7342 -7447 -7376 -7426 # -8321 -8193 -8193 -8065 -8321 -8193 -819CPU side received count (scaleup: 1): -7464 -7506 -7387 -7493 -7462 -7400 -7266 -7346 # -8193 -8321 -8065 -8321 -8321 -8193 -819CPU side received count (scaleup: 3): -7454 -7440 -7514 -7479 -7503 -7395 -7371 -7429 # -8321 -8321 -8321 -8321 -8193 -8065 -819CPU side received count (scaleup: 0): -7435 -7455 -7460 -7396 -7248 -7191 -7463 -7477 # -8193 -8065 -8193 -8321 -8065 -8321 -8323 -8193 
3 -8193 
3 -8193 
1 -8193 
Elastic buffer uses 4 channels per SM
Elastic buffer uses 4 channels per SM
Elastic buffer uses 4 channels per SM
Elastic buffer uses 4 channels per SM
Elastic buffer uses 4 channels per SM
Elastic buffer uses 4 channels per SM
Elastic buffer uses 4 channels per SM
Elastic buffer uses 4 channels per SM
CPU side received count (scaleup: 5): -7537 -7457 -7391 -7431 -7485 -7464 -7338 -7402 # -8321 -8321 -8193 -8193 -8449 -8193 -819CPU side received count (scaleup: 7): -7456 -7483 -7363 -7412 -7349 -7497 -7518 -7309 # -8193 -8193 -8193 -8193 -8321 -8193 -832CPU side received count (scaleup: 4): -7424 -7385 -7365 -7453 -7412 -7404 -7545 -7571 # -8193 -8193 -8193 -8321 -8321 -8193 -832CPU side received count (scaleup: 6): -7501 -7389 -7443 -7421 -7361 -7494 -7356 -7372 # -8321 -8193 -8321 -8193 -8193 -8193 -8063 -8193 
1 -8321 
1 -8193 
5 -8321 
CPU side received count (scaleup: 3): -7454 -7440 -7514 -7479 -7503 -7395 -7371 -7429 # -8321 -8321 -8321 -8321 -8193 -8065 -819CPU side received count (scaleup: 2): -7393 -7496 -7417 -7376 -7342 -7447 -7376 -7426 # -8321 -8193 -8193 -8065 -8321 -8193 -8193 -8193 
CPU side received count (scaleup: 0): -7435 -7455 -7460 -7396 -7248 -7191 -7463 -7477 # -8193 -8065 -8193 -8321 -8065 -8321 -832CPU side received count (scaleup: 1): -7464 -7506 -7387 -7493 -7462 -7400 -7266 -7346 # -8193 -8321 -8065 -8321 -8321 -8193 -8193 -8193 
1 -8193 
3 -8193 
Elastic buffer uses 4 channels per SM
Elastic buffer uses 4 channels per SM
Elastic buffer uses 4 channels per SM
Elastic buffer uses 4 channels per SM
Elastic buffer uses 4 channels per SM
Elastic buffer uses 4 channels per SM
Elastic buffer uses 4 channels per SM
Elastic buffer uses 4 channels per SM
CPU side received count (scaleup: 4): -7424 -7385 -7365 -7453 -7412 -7404 -7545 -7571 # -8193 -8193 -8193 -8321 -8321 -8193 -832CPU side received count (scaleup: 6): -7501 -7389 -7443 -7421 -7361 -7494 -7356 -7372 # -8321 -8193 -8321 -8193 -8193 -8193 -806CPU side received count (scaleup: 5): -7537 -7457 -7391 -7431 -7485 -7464 -7338 -7402 # -8321 -8321 -8193 -8193 -8449 -8193 -819CPU side received count (scaleup: 7): -7456 -7483 -7363 -7412 -7349 -7497 -7518 -7309 # -8193 -8193 -8193 -8193 -8321 -8193 -8321 -8193 
5 -8321 
3 -8193 
1 -8321 
CPU side received count (scaleup: 3): -7454 -7440 -7514 -7479 -7503 -7395 -7371 -7429 # -8321 -8321 -8321 -8321 -8193 -8065 -819CPU side received count (scaleup: 2): -7393 -7496 -7417 -7376 -7342 -7447 -7376 -7426 # -8321 -8193 -8193 -8065 -8321 -8193 -819CPU side received count (scaleup: 0): -7435 -7455 -7460 -7396 -7248 -7191 -7463 -7477 # -8193 -8065 -8193 -8321 -8065 -8321 -832CPU side received count (scaleup: 1): -7464 -7506 -7387 -7493 -7462 -7400 -7266 -7346 # -8193 -8321 -8065 -8321 -8321 -8193 -8193 -8193 
3 -8193 
1 -8193 
3 -8193 
Elastic buffer uses 4 channels per SM
Elastic buffer uses 4 channels per SM
Elastic buffer uses 4 channels per SM
Elastic buffer uses 4 channels per SM
Elastic buffer uses 4 channels per SM
Elastic buffer uses 4 channels per SM
Elastic buffer uses 4 channels per SM
Elastic buffer uses 4 channels per SM
CPU side received count (scaleup: 4): -7424 -7385 -7365 -7453 -7412 -7404 -7545 -7571 # -8193 -8193 -8193 -8321 -8321 -8193 -832CPU side received count (scaleup: 5): -7537 -7457 -7391 -7431 -7485 -7464 -7338 -7402 # -8321 -8321 -8193 -8193 -8449 -8193 -819CPU side received count (scaleup: 6): -7501 -7389 -7443 -7421 -7361 -7494 -7356 -7372 # -8321 -8193 -8321 -8193 -8193 -8193 -806CPU side received count (scaleup: 7): -7456 -7483 -7363 -7412 -7349 -7497 -7518 -7309 # -8193 -8193 -8193 -8193 -8321 -8193 -8321 -8193 
3 -8193 
5 -8321 
CPU side received count (scaleup: 0): -7435 -7455 -7460 -7396 -7248 -7191 -7463 -7477 # -8193 -8065 -8193 -8321 -8065 -8321 -832CPU side received count (scaleup: 3): -7454 -7440 -7514 -7479 -7503 -7395 -7371 -7429 # -8321 -8321 -8321 -8321 -8193 -8065 -819CPU side received count (scaleup: 1): -7464 -7506 -7387 -7493 -7462 -7400 -7266 -7346 # -8193 -8321 -8065 -8321 -8321 -8193 -819CPU side received count (scaleup: 2): -7393 -7496 -7417 -7376 -7342 -7447 -7376 -7426 # -8321 -8193 -8193 -8065 -8321 -8193 -8191 -8193 
1 -8321 
3 -8193 
3 -8193 
3 -8193 
Elastic buffer uses 4 channels per SM
Elastic buffer uses 4 channels per SM
Elastic buffer uses 4 channels per SM
Elastic buffer uses 4 channels per SM
Elastic buffer uses 4 channels per SM
Elastic buffer uses 4 channels per SM
Elastic buffer uses 4 channels per SM
Elastic buffer uses 4 channels per SM
CPU side received count (scaleup: 3): -7454 -7440 -7514 -7479 -7503 -7395 -7371 -7429 # -8321 -8321 -8321 -8321 -8193 -8065 -819CPU side received count (scaleup: 2): -7393 -7496 -7417 -7376 -7342 -7447 -7376 -7426 # -8321 -8193 -8193 -8065 -8321 -8193 -819CPU side received count (scaleup: 1): -7464 -7506 -7387 -7493 -7462 -7400 -7266 -7346 # -8193 -8321 -8065 -8321 -8321 -8193 -819CPU side received count (scaleup: 0): -7435 -7455 -7460 -7396 -7248 -7191 -7463 -7477 # -8193 -8065 -8193 -8321 -8065 -8321 -8323 -8193 
3 -8193 
1 -8193 
3 -8193 
CPU side received count (scaleup: 4): -7424 -7385 -7365 -7453 -7412 -7404 -7545 -7571 # -8193 -8193 -8193 -8321 -8321 -8193 -832CPU side received count (scaleup: 6): -7501 -7389 -7443 -7421 -7361 -7494 -7356 -7372 # -8321 -8193 -8321 -8193 -8193 -8193 -806CPU side received count (scaleup: 5): -7537 -7457 -7391 -7431 -7485 -7464 -7338 -7402 # -8321 -8321 -8193 -8193 -8449 -8193 -8191 -8193 
5 -8321 
3 -8193 
CPU side received count (scaleup: 7): -7456 -7483 -7363 -7412 -7349 -7497 -7518 -7309 # -8193 -8193 -8193 -8193 -8321 -8193 -8321 -8321 
Elastic buffer uses 4 channels per SM
Elastic buffer uses 4 channels per SM
Elastic buffer uses 4 channels per SM
Elastic buffer uses 4 channels per SM
Elastic buffer uses 4 channels per SM
Elastic buffer uses 4 channels per SM
Elastic buffer uses 4 channels per SM
Elastic buffer uses 4 channels per SM
CPU side received count (scaleup: 3): -7454 -7440 -7514 -7479 -7503 -7395 -7371 -7429 # -8321 -8321 -8321 -8321 -8193 -8065 -819CPU side received count (scaleup: 2): -7393 -7496 -7417 -7376 -7342 -7447 -7376 -7426 # -8321 -8193 -8193 -8065 -8321 -8193 -819CPU side received count (scaleup: 1): -7464 -7506 -7387 -7493 -7462 -7400 -7266 -7346 # -8193 -8321 -8065 -8321 -8321 -8193 -819CPU side received count (scaleup: 0): -7435 -7455 -7460 -7396 -7248 -7191 -7463 -7477 # -8193 -8065 -8193 -8321 -8065 -8321 -8323 -8193 
3 -8193 
3 -8193 
1 -8193 
CPU side received count (scaleup: 4): -7424 -7385 -7365 -7453 -7412 -7404 -7545 -7571 # -8193 -8193 -8193 -8321 -8321 -8193 -832CPU side received count (scaleup: 6): -7501 -7389 -7443 -7421 -7361 -7494 -7356 -7372 # -8321 -8193 -8321 -8193 -8193 -8193 -8061 -8193 
5 -8321 
CPU side received count (scaleup: 7): -7456 -7483 -7363 -7412 -7349 -7497 -7518 -7309 # -8193 -8193 -8193 -8193 -8321 -8193 -832CPU side received count (scaleup: 5): -7537 -7457 -7391 -7431 -7485 -7464 -7338 -7402 # -8321 -8321 -8193 -8193 -8449 -8193 -8191 -8321 
3 -8193 
Elastic buffer uses 4 channels per SM
Elastic buffer uses 4 channels per SM
Elastic buffer uses 4 channels per SM
Elastic buffer uses 4 channels per SM
Elastic buffer uses 4 channels per SM
Elastic buffer uses 4 channels per SM
Elastic buffer uses 4 channels per SM
Elastic buffer uses 4 channels per SM
CPU side received count (scaleup: 4): -7424 -7385 -7365 -7453 -7412 -7404 -7545 -7571 # -8193 -8193 -8193 -8321 -8321 -8193 -832CPU side received count (scaleup: 6): -7501 -7389 -7443 -7421 -7361 -7494 -7356 -7372 # -8321 -8193 -8321 -8193 -8193 -8193 -806CPU side received count (scaleup: 7): -7456 -7483 -7363 -7412 -7349 -7497 -7518 -7309 # -8193 -8193 -8193 -8193 -8321 -8193 -832CPU side received count (scaleup: 5): -7537 -7457 -7391 -7431 -7485 -7464 -7338 -7402 # -8321 -8321 -8193 -8193 -8449 -8193 -8191 -8193 
5 -8321 
1 -8321 
3 -8193 
CPU side received count (scaleup: 2): -7393 -7496 -7417 -7376 -7342 -7447 -7376 -7426 # -8321 -8193 -8193 -8065 -8321 -8193 -819CPU side received count (scaleup: 0): -7435 -7455 -7460 -7396 -7248 -7191 -7463 -7477 # -8193 -8065 -8193 -8321 -8065 -8321 -832CPU side received count (scaleup: 3): -7454 -7440 -7514 -7479 -7503 -7395 -7371 -7429 # -8321 -8321 -8321 -8321 -8193 -8065 -8193 -8193 
1 -8193 
3 -8193 
CPU side received count (scaleup: 1): -7464 -7506 -7387 -7493 -7462 -7400 -7266 -7346 # -8193 -8321 -8065 -8321 -8321 -8193 -8193 -8193 
Elastic buffer uses 4 channels per SM
Elastic buffer uses 4 channels per SM
Elastic buffer uses 4 channels per SM
Elastic buffer uses 4 channels per SM
Elastic buffer uses 4 channels per SM
Elastic buffer uses 4 channels per SM
Elastic buffer uses 4 channels per SM
Elastic buffer uses 4 channels per SM
CPU side received count (scaleup: 4): -7424 -7385 -7365 -7453 -7412 -7404 -7545 -7571 # -8193 -8193 -8193 -8321 -8321 -8193 -832CPU side received count (scaleup: 6): -7501 -7389 -7443 -7421 -7361 -7494 -7356 -7372 # -8321 -8193 -8321 -8193 -8193 -8193 -806CPU side received count (scaleup: 5): -7537 -7457 -7391 -7431 -7485 -7464 -7338 -7402 # -8321 -8321 -8193 -8193 -8449 -8193 -819CPU side received count (scaleup: 7): -7456 -7483 -7363 -7412 -7349 -7497 -7518 -7309 # -8193 -8193 -8193 -8193 -8321 -8193 -8321 -8193 
5 -8321 
3 -8193 
CPU side received count (scaleup: 3): -7454 -7440 -7514 -7479 -7503 -7395 -7371 -7429 # -8321 -8321 -8321 -8321 -8193 -8065 -819CPU side received count (scaleup: 1): -7464 -7506 -7387 -7493 -7462 -7400 -7266 -7346 # -8193 -8321 -8065 -8321 -8321 -8193 -819CPU side received count (scaleup: 2): -7393 -7496 -7417 -7376 -7342 -7447 -7376 -7426 # -8321 -8193 -8193 -8065 -8321 -8193 -819CPU side received count (scaleup: 0): -7435 -7455 -7460 -7396 -7248 -7191 -7463 -7477 # -8193 -8065 -8193 -8321 -8065 -8321 -8321 -8321 
3 -8193 
3 -8193 
3 -8193 
1 -8193 
Elastic buffer uses 4 channels per SM
Elastic buffer uses 4 channels per SM
Elastic buffer uses 4 channels per SM
Elastic buffer uses 4 channels per SM
Elastic buffer uses 4 channels per SM
Elastic buffer uses 4 channels per SM
Elastic buffer uses 4 channels per SM
Elastic buffer uses 4 channels per SM
CPU side received count (scaleup: 3): -7454 -7440 -7514 -7479 -7503 -7395 -7371 -7429 # -8321 -8321 -8321 -8321 -8193 -8065 -819CPU side received count (scaleup: 2): -7393 -7496 -7417 -7376 -7342 -7447 -7376 -7426 # -8321 -8193 -8193 -8065 -8321 -8193 -819CPU side received count (scaleup: 0): -7435 -7455 -7460 -7396 -7248 -7191 -7463 -7477 # -8193 -8065 -8193 -8321 -8065 -8321 -832CPU side received count (scaleup: 1): -7464 -7506 -7387 -7493 -7462 -7400 -7266 -7346 # -8193 -8321 -8065 -8321 -8321 -8193 -8193 -8193 
3 -8193 
1 -8193 
3 -8193 
CPU side received count (scaleup: 7): -7456 -7483 -7363 -7412 -7349 -7497 -7518 -7309 # -8193 -8193 -8193 -8193 -8321 -8193 -832CPU side received count (scaleup: 5): -7537 -7457 -7391 -7431 -7485 -7464 -7338 -7402 # -8321 -8321 -8193 -8193 -8449 -8193 -819CPU side received count (scaleup: 6): -7501 -7389 -7443 -7421 -7361 -7494 -7356 -7372 # -8321 -8193 -8321 -8193 -8193 -8193 -806CPU side received count (scaleup: 4): -7424 -7385 -7365 -7453 -7412 -7404 -7545 -7571 # -8193 -8193 -8193 -8321 -8321 -8193 -8323 -8193 
1 -8321 
5 -8321 
1 -8193 
Elastic buffer uses 4 channels per SM
Elastic buffer uses 4 channels per SM
Elastic buffer uses 4 channels per SM
Elastic buffer uses 4 channels per SM
Elastic buffer uses 4 channels per SM
Elastic buffer uses 4 channels per SM
Elastic buffer uses 4 channels per SM
Elastic buffer uses 4 channels per SM
CPU side received count (scaleup: 6): -7501 -7389 -7443 -7421 -7361 -7494 -7356 -7372 # -8321 -8193 -8321 -8193 -8193 -8193 -806CPU side received count (scaleup: 4): -7424 -7385 -7365 -7453 -7412 -7404 -7545 -7571 # -8193 -8193 -8193 -8321 -8321 -8193 -832CPU side received count (scaleup: 7): -7456 -7483 -7363 -7412 -7349 -7497 -7518 -7309 # -8193 -8193 -8193 -8193 -8321 -8193 -832CPU side received count (scaleup: 5): -7537 -7457 -7391 -7431 -7485 -7464 -7338 -7402 # -8321 -8321 -8193 -8193 -8449 -8193 -8195 -8321 
1 -8193 
1 -8321 
CPU side received count (scaleup: 0): -7435 -7455 -7460 -7396 -7248 -7191 -7463 -7477 # -8193 -8065 -8193 -8321 -8065 -8321 -832CPU side received count (scaleup: 3): -7454 -7440 -7514 -7479 -7503 -7395 -7371 -7429 # -8321 -8321 -8321 -8321 -8193 -8065 -8193 -8193 
CPU side received count (scaleup: 2): -7393 -7496 -7417 -7376 -7342 -7447 -7376 -7426 # -8321 -8193 -8193 -8065 -8321 -8193 -819CPU side received count (scaleup: 1): -7464 -7506 -7387 -7493 -7462 -7400 -7266 -7346 # -8193 -8321 -8065 -8321 -8321 -8193 -8191 -8193 
3 -8193 
3 -8193 
3 -8193 
Elastic buffer uses 4 channels per SM
Elastic buffer uses 4 channels per SM
Elastic buffer uses 4 channels per SM
Elastic buffer uses 4 channels per SM
Elastic buffer uses 4 channels per SM
Elastic buffer uses 4 channels per SM
Elastic buffer uses 4 channels per SM
Elastic buffer uses 4 channels per SM
CPU side received count (scaleup: 3): -7454 -7440 -7514 -7479 -7503 -7395 -7371 -7429 # -8321 -8321 -8321 -8321 -8193 -8065 -819CPU side received count (scaleup: 2): -7393 -7496 -7417 -7376 -7342 -7447 -7376 -7426 # -8321 -8193 -8193 -8065 -8321 -8193 -8193 -8193 
CPU side received count (scaleup: 1): -7464 -7506 -7387 -7493 -7462 -7400 -7266 -7346 # -8193 -8321 -8065 -8321 -8321 -8193 -819CPU side received count (scaleup: 0): -7435 -7455 -7460 -7396 -7248 -7191 -7463 -7477 # -8193 -8065 -8193 -8321 -8065 -8321 -8323 -8193 
3 -8193 
1 -8193 
CPU side received count (scaleup: 6): -7501 -7389 -7443 -7421 -7361 -7494 -7356 -7372 # -8321 -8193 -8321 -8193 -8193 -8193 -806CPU side received count (scaleup: 7): -7456 -7483 -7363 -7412 -7349 -7497 -7518 -7309 # -8193 -8193 -8193 -8193 -8321 -8193 -832CPU side received count (scaleup: 5): -7537 -7457 -7391 -7431 -7485 -7464 -7338 -7402 # -8321 -8321 -8193 -8193 -8449 -8193 -819CPU side received count (scaleup: 4): -7424 -7385 -7365 -7453 -7412 -7404 -7545 -7571 # -8193 -8193 -8193 -8321 -8321 -8193 -8325 -8321 
1 -8321 
3 -8193 
1 -8193 
Elastic buffer uses 4 channels per SM
Elastic buffer uses 4 channels per SM
Elastic buffer uses 4 channels per SM
Elastic buffer uses 4 channels per SM
Elastic buffer uses 4 channels per SM
Elastic buffer uses 4 channels per SM
Elastic buffer uses 4 channels per SM
Elastic buffer uses 4 channels per SM
CPU side received count (scaleup: 4): -7424 -7385 -7365 -7453 -7412 -7404 -7545 -7571 # -8193 -8193 -8193 -8321 -8321 -8193 -832CPU side received count (scaleup: 7): -7456 -7483 -7363 -7412 -7349 -7497 -7518 -7309 # -8193 -8193 -8193 -8193 -8321 -8193 -832CPU side received count (scaleup: 6): -7501 -7389 -7443 -7421 -7361 -7494 -7356 -7372 # -8321 -8193 -8321 -8193 -8193 -8193 -806CPU side received count (scaleup: 5): -7537 -7457 -7391 -7431 -7485 -7464 -7338 -7402 # -8321 -8321 -8193 -8193 -8449 -8193 -8191 -8193 
1 -8321 
5 -8321 
3 -8193 
CPU side received count (scaleup: 3): -7454 -7440 -7514 -7479 -7503 -7395 -7371 -7429 # -8321 -8321 -8321 -8321 -8193 -8065 -819CPU side received count (scaleup: 2): -7393 -7496 -7417 -7376 -7342 -7447 -7376 -7426 # -8321 -8193 -8193 -8065 -8321 -8193 -819CPU side received count (scaleup: 0): -7435 -7455 -7460 -7396 -7248 -7191 -7463 -7477 # -8193 -8065 -8193 -8321 -8065 -8321 -8323 -8193 
CPU side received count (scaleup: 1): -7464 -7506 -7387 -7493 -7462 -7400 -7266 -7346 # -8193 -8321 -8065 -8321 -8321 -8193 -8193 -8193 
1 -8193 
3 -8193 
Elastic buffer uses 4 channels per SM
Elastic buffer uses 4 channels per SM
Elastic buffer uses 4 channels per SM
Elastic buffer uses 4 channels per SM
Elastic buffer uses 4 channels per SM
Elastic buffer uses 4 channels per SM
Elastic buffer uses 4 channels per SM
Elastic buffer uses 4 channels per SM
CPU side received count (scaleup: 2): -7393 -7496 -7417 -7376 -7342 -7447 -7376 -7426 # -8321 -8193 -8193 -8065 -8321 -8193 -819CPU side received count (scaleup: 0): -7435 -7455 -7460 -7396 -7248 -7191 -7463 -7477 # -8193 -8065 -8193 -8321 -8065 -8321 -832CPU side received count (scaleup: 3): -7454 -7440 -7514 -7479 -7503 -7395 -7371 -7429 # -8321 -8321 -8321 -8321 -8193 -8065 -819CPU side received count (scaleup: 1): -7464 -7506 -7387 -7493 -7462 -7400 -7266 -7346 # -8193 -8321 -8065 -8321 -8321 -8193 -819CPU side received count (scaleup: 5): -7537 -7457 -7391 -7431 -7485 -7464 -7338 -7402 # -8321 -8321 -8193 -8193 -8449 -8193 -819CPU side received count (scaleup: 6): -7501 -7389 -7443 -7421 -7361 -7494 -7356 -7372 # -8321 -8193 -8321 -8193 -8193 -8193 -806CPU side received count (scaleup: 4): -7424 -7385 -7365 -7453 -7412 -7404 -7545 -7571 # -8193 -8193 -8193 -8321 -8321 -8193 -8323 -8193 
1 -8193 
CPU side received count (scaleup: 7): -7456 -7483 -7363 -7412 -7349 -7497 -7518 -7309 # -8193 -8193 -8193 -8193 -8321 -8193 -8323 -8193 
3 -8193 
3 -8193 
5 -8321 
1 -8193 
1 -8321 
Elastic buffer uses 4 channels per SM
Elastic buffer uses 4 channels per SM
Elastic buffer uses 4 channels per SM
Elastic buffer uses 4 channels per SM
Elastic buffer uses 4 channels per SM
Elastic buffer uses 4 channels per SM
Elastic buffer uses 4 channels per SM
Elastic buffer uses 4 channels per SM
CPU side received count (scaleup: 6): -7501 -7389 -7443 -7421 -7361 -7494 -7356 -7372 # -8321 -8193 -8321 -8193 -8193 -8193 -806CPU side received count (scaleup: 4): -7424 -7385 -7365 -7453 -7412 -7404 -7545 -7571 # -8193 -8193 -8193 -8321 -8321 -8193 -832CPU side received count (scaleup: 7): -7456 -7483 -7363 -7412 -7349 -7497 -7518 -7309 # -8193 -8193 -8193 -8193 -8321 -8193 -832CPU side received count (scaleup: 5): -7537 -7457 -7391 -7431 -7485 -7464 -7338 -7402 # -8321 -8321 -8193 -8193 -8449 -8193 -8195 -8321 
1 -8193 
1 -8321 
3 -8193 
CPU side received count (scaleup: 3): -7454 -7440 -7514 -7479 -7503 -7395 -7371 -7429 # -8321 -8321 -8321 -8321 -8193 -8065 -819CPU side received count (scaleup: 0): -7435 -7455 -7460 -7396 -7248 -7191 -7463 -7477 # -8193 -8065 -8193 -8321 -8065 -8321 -832CPU side received count (scaleup: 1): -7464 -7506 -7387 -7493 -7462 -7400 -7266 -7346 # -8193 -8321 -8065 -8321 -8321 -8193 -8193 -8193 
1 -8193 
3 -8193 
CPU side received count (scaleup: 2): -7393 -7496 -7417 -7376 -7342 -7447 -7376 -7426 # -8321 -8193 -8193 -8065 -8321 -8193 -8193 -8193 
Elastic buffer uses 4 channels per SM
Elastic buffer uses 4 channels per SM
Elastic buffer uses 4 channels per SM
Elastic buffer uses 4 channels per SM
Elastic buffer uses 4 channels per SM
Elastic buffer uses 4 channels per SM
Elastic buffer uses 4 channels per SM
Elastic buffer uses 4 channels per SM
CPU side received count (scaleup: 6): -7501 -7389 -7443 -7421 -7361 -7494 -7356 -7372 # -8321 -8193 -8321 -8193 -8193 -8193 -806CPU side received count (scaleup: 7): -7456 -7483 -7363 -7412 -7349 -7497 -7518 -7309 # -8193 -8193 -8193 -8193 -8321 -8193 -832CPU side received count (scaleup: 4): -7424 -7385 -7365 -7453 -7412 -7404 -7545 -7571 # -8193 -8193 -8193 -8321 -8321 -8193 -832CPU side received count (scaleup: 5): -7537 -7457 -7391 -7431 -7485 -7464 -7338 -7402 # -8321 -8321 -8193 -8193 -8449 -8193 -8195 -8321 
1 -8321 
1 -8193 
3 -8193 
CPU side received count (scaleup: 3): -7454 -7440 -7514 -7479 -7503 -7395 -7371 -7429 # -8321 -8321 -8321 -8321 -8193 -8065 -819CPU side received count (scaleup: 2): -7393 -7496 -7417 -7376 -7342 -7447 -7376 -7426 # -8321 -8193 -8193 -8065 -8321 -8193 -819CPU side received count (scaleup: 0): -7435 -7455 -7460 -7396 -7248 -7191 -7463 -7477 # -8193 -8065 -8193 -8321 -8065 -8321 -8323 -8193 
3 -8193 
1 -8193 
CPU side received count (scaleup: 1): -7464 -7506 -7387 -7493 -7462 -7400 -7266 -7346 # -8193 -8321 -8065 -8321 -8321 -8193 -8193 -8193 
Elastic buffer uses 4 channels per SM
Elastic buffer uses 4 channels per SM
Elastic buffer uses 4 channels per SM
Elastic buffer uses 4 channels per SM
Elastic buffer uses 4 channels per SM
Elastic buffer uses 4 channels per SM
Elastic buffer uses 4 channels per SM
Elastic buffer uses 4 channels per SM
CPU side received count (scaleup: 3): -7454 -7440 -7514 -7479 -7503 -7395 -7371 -7429 # -8321 -8321 -8321 -8321 -8193 -8065 -819CPU side received count (scaleup: 0): -7435 -7455 -7460 -7396 -7248 -7191 -7463 -7477 # -8193 -8065 -8193 -8321 -8065 -8321 -832CPU side received count (scaleup: 2): -7393 -7496 -7417 -7376 -7342 -7447 -7376 -7426 # -8321 -8193 -8193 -8065 -8321 -8193 -8193 -8193 
CPU side received count (scaleup: 1): -7464 -7506 -7387 -7493 -7462 -7400 -7266 -7346 # -8193 -8321 -8065 -8321 -8321 -8193 -8193 -8193 
1 -8193 
3 -8193 
CPU side received count (scaleup: 4): -7424 -7385 -7365 -7453 -7412 -7404 -7545 -7571 # -8193 -8193 -8193 -8321 -8321 -8193 -832CPU side received count (scaleup: 6): -7501 -7389 -7443 -7421 -7361 -7494 -7356 -7372 # -8321 -8193 -8321 -8193 -8193 -8193 -806CPU side received count (scaleup: 7): -7456 -7483 -7363 -7412 -7349 -7497 -7518 -7309 # -8193 -8193 -8193 -8193 -8321 -8193 -832CPU side received count (scaleup: 5): -7537 -7457 -7391 -7431 -7485 -7464 -7338 -7402 # -8321 -8321 -8193 -8193 -8449 -8193 -8191 -8193 
3 -8193 
5 -8321 
1 -8321 
Elastic buffer uses 4 channels per SM
Elastic buffer uses 4 channels per SM
Elastic buffer uses 4 channels per SM
Elastic buffer uses 4 channels per SM
Elastic buffer uses 4 channels per SM
Elastic buffer uses 4 channels per SM
Elastic buffer uses 4 channels per SM
Elastic buffer uses 4 channels per SM
CPU side received count (scaleup: 6): -7501 -7389 -7443 -7421 -7361 -7494 -7356 -7372 # -8321 -8193 -8321 -8193 -8193 -8193 -806CPU side received count (scaleup: 7): -7456 -7483 -7363 -7412 -7349 -7497 -7518 -7309 # -8193 -8193 -8193 -8193 -8321 -8193 -832CPU side received count (scaleup: 4): -7424 -7385 -7365 -7453 -7412 -7404 -7545 -7571 # -8193 -8193 -8193 -8321 -8321 -8193 -8325 -8321 
1 -8321 
1 -8193 
CPU side received count (scaleup: 5): -7537 -7457 -7391 -7431 -7485 -7464 -7338 -7402 # -8321 -8321 -8193 -8193 -8449 -8193 -8193 -8193 
CPU side received count (scaleup: 3): -7454 -7440 -7514 -7479 -7503 -7395 -7371 -7429 # -8321 -8321 -8321 -8321 -8193 -8065 -819CPU side received count (scaleup: 2): -7393 -7496 -7417 -7376 -7342 -7447 -7376 -7426 # -8321 -8193 -8193 -8065 -8321 -8193 -819CPU side received count (scaleup: 0): -7435 -7455 -7460 -7396 -7248 -7191 -7463 -7477 # -8193 -8065 -8193 -8321 -8065 -8321 -832CPU side received count (scaleup: 1): -7464 -7506 -7387 -7493 -7462 -7400 -7266 -7346 # -8193 -8321 -8065 -8321 -8321 -8193 -8193 -8193 
3 -8193 
1 -8193 
3 -8193 
Elastic buffer uses 4 channels per SM
Elastic buffer uses 4 channels per SM
Elastic buffer uses 4 channels per SM
Elastic buffer uses 4 channels per SM
Elastic buffer uses 4 channels per SM
Elastic buffer uses 4 channels per SM
Elastic buffer uses 4 channels per SM
Elastic buffer uses 4 channels per SM
CPU side received count (scaleup: 6): -7501 -7389 -7443 -7421 -7361 -7494 -7356 -7372 # -8321 -8193 -8321 -8193 -8193 -8193 -806CPU side received count (scaleup: 4): -7424 -7385 -7365 -7453 -7412 -7404 -7545 -7571 # -8193 -8193 -8193 -8321 -8321 -8193 -832CPU side received count (scaleup: 5): -7537 -7457 -7391 -7431 -7485 -7464 -7338 -7402 # -8321 -8321 -8193 -8193 -8449 -8193 -819CPU side received count (scaleup: 7): -7456 -7483 -7363 -7412 -7349 -7497 -7518 -7309 # -8193 -8193 -8193 -8193 -8321 -8193 -8323 -8193 
5 -8321 
1 -8193 
1 -8321 
CPU side received count (scaleup: 2): -7393 -7496 -7417 -7376 -7342 -7447 -7376 -7426 # -8321 -8193 -8193 -8065 -8321 -8193 -819CPU side received count (scaleup: 0): -7435 -7455 -7460 -7396 -7248 -7191 -7463 -7477 # -8193 -8065 -8193 -8321 -8065 -8321 -832CPU side received count (scaleup: 3): -7454 -7440 -7514 -7479 -7503 -7395 -7371 -7429 # -8321 -8321 -8321 -8321 -8193 -8065 -8193 -8193 
3 -8193 
1 -8193 
CPU side received count (scaleup: 1): -7464 -7506 -7387 -7493 -7462 -7400 -7266 -7346 # -8193 -8321 -8065 -8321 -8321 -8193 -8193 -8193 
Elastic buffer uses 4 channels per SM
Elastic buffer uses 4 channels per SM
Elastic buffer uses 4 channels per SM
Elastic buffer uses 4 channels per SM
Elastic buffer uses 4 channels per SM
Elastic buffer uses 4 channels per SM
Elastic buffer uses 4 channels per SM
Elastic buffer uses 4 channels per SM
CPU side received count (scaleup: 0): -7435 -7455 -7460 -7396 -7248 -7191 -7463 -7477 # -8193 -8065 -8193 -8321 -8065 -8321 -832CPU side received count (scaleup: 2): -7393 -7496 -7417 -7376 -7342 -7447 -7376 -7426 # -8321 -8193 -8193 -8065 -8321 -8193 -819CPU side received count (scaleup: 3): -7454 -7440 -7514 -7479 -7503 -7395 -7371 -7429 # -8321 -8321 -8321 -8321 -8193 -8065 -8191 -8193 
CPU side received count (scaleup: 1): -7464 -7506 -7387 -7493 -7462 -7400 -7266 -7346 # -8193 -8321 -8065 -8321 -8321 -8193 -8193 -8193 
3 -8193 
3 -8193 
CPU side received count (scaleup: 5): -7537 -7457 -7391 -7431 -7485 -7464 -7338 -7402 # -8321 -8321 -8193 -8193 -8449 -8193 -819CPU side received count (scaleup: 4): -7424 -7385 -7365 -7453 -7412 -7404 -7545 -7571 # -8193 -8193 -8193 -8321 -8321 -8193 -8321 -8193 
CPU side received count (scaleup: 6): -7501 -7389 -7443 -7421 -7361 -7494 -7356 -7372 # -8321 -8193 -8321 -8193 -8193 -8193 -806CPU side received count (scaleup: 7): -7456 -7483 -7363 -7412 -7349 -7497 -7518 -7309 # -8193 -8193 -8193 -8193 -8321 -8193 -8323 -8193 
5 -8321 
1 -8321 
Elastic buffer uses 4 channels per SM
Elastic buffer uses 4 channels per SM
Elastic buffer uses 4 channels per SM
Elastic buffer uses 4 channels per SM
Elastic buffer uses 4 channels per SM
Elastic buffer uses 4 channels per SM
Elastic buffer uses 4 channels per SM
Elastic buffer uses 4 channels per SM
CPU side received count (scaleup: 4): -7424 -7385 -7365 -7453 -7412 -7404 -7545 -7571 # -8193 -8193 -8193 -8321 -8321 -8193 -832CPU side received count (scaleup: 6): -7501 -7389 -7443 -7421 -7361 -7494 -7356 -7372 # -8321 -8193 -8321 -8193 -8193 -8193 -806CPU side received count (scaleup: 7): -7456 -7483 -7363 -7412 -7349 -7497 -7518 -7309 # -8193 -8193 -8193 -8193 -8321 -8193 -832CPU side received count (scaleup: 5): -7537 -7457 -7391 -7431 -7485 -7464 -7338 -7402 # -8321 -8321 -8193 -8193 -8449 -8193 -8191 -8193 
5 -8321 
1 -8321 
3 -8193 
CPU side received count (scaleup: 0): -7435 -7455 -7460 -7396 -7248 -7191 -7463 -7477 # -8193 -8065 -8193 -8321 -8065 -8321 -832CPU side received count (scaleup: 2): -7393 -7496 -7417 -7376 -7342 -7447 -7376 -7426 # -8321 -8193 -8193 -8065 -8321 -8193 -819CPU side received count (scaleup: 3): -7454 -7440 -7514 -7479 -7503 -7395 -7371 -7429 # -8321 -8321 -8321 -8321 -8193 -8065 -8193 -8193 
CPU side received count (scaleup: 1): -7464 -7506 -7387 -7493 -7462 -7400 -7266 -7346 # -8193 -8321 -8065 -8321 -8321 -8193 -8191 -8193 
3 -8193 
3 -8193 
Elastic buffer uses 4 channels per SM
Elastic buffer uses 4 channels per SM
Elastic buffer uses 4 channels per SM
Elastic buffer uses 4 channels per SM
Elastic buffer uses 4 channels per SM
Elastic buffer uses 4 channels per SM
Elastic buffer uses 4 channels per SM
Elastic buffer uses 4 channels per SM
CPU side received count (scaleup: 3): -7454 -7440 -7514 -7479 -7503 -7395 -7371 -7429 # -8321 -8321 -8321 -8321 -8193 -8065 -819CPU side received count (scaleup: 2): -7393 -7496 -7417 -7376 -7342 -7447 -7376 -7426 # -8321 -8193 -8193 -8065 -8321 -8193 -819CPU side received count (scaleup: 0): -7435 -7455 -7460 -7396 -7248 -7191 -7463 -7477 # -8193 -8065 -8193 -8321 -8065 -8321 -832CPU side received count (scaleup: 1): -7464 -7506 -7387 -7493 -7462 -7400 -7266 -7346 # -8193 -8321 -8065 -8321 -8321 -8193 -8193 -8193 
3 -8193 
1 -8193 
CPU side received count (scaleup: 4): -7424 -7385 -7365 -7453 -7412 -7404 -7545 -7571 # -8193 -8193 -8193 -8321 -8321 -8193 -8323 -8193 
CPU side received count (scaleup: 6): -7501 -7389 -7443 -7421 -7361 -7494 -7356 -7372 # -8321 -8193 -8321 -8193 -8193 -8193 -806CPU side received count (scaleup: 5): -7537 -7457 -7391 -7431 -7485 -7464 -7338 -7402 # -8321 -8321 -8193 -8193 -8449 -8193 -819CPU side received count (scaleup: 7): -7456 -7483 -7363 -7412 -7349 -7497 -7518 -7309 # -8193 -8193 -8193 -8193 -8321 -8193 -8321 -8193 
5 -8321 
3 -8193 
1 -8321 
Elastic buffer uses 4 channels per SM
Elastic buffer uses 4 channels per SM
Elastic buffer uses 4 channels per SM
Elastic buffer uses 4 channels per SM
Elastic buffer uses 4 channels per SM
Elastic buffer uses 4 channels per SM
Elastic buffer uses 4 channels per SM
Elastic buffer uses 4 channels per SM
CPU side received count (scaleup: 3): -7454 -7440 -7514 -7479 -7503 -7395 -7371 -7429 # -8321 -8321 -8321 -8321 -8193 -8065 -819CPU side received count (scaleup: 2): -7393 -7496 -7417 -7376 -7342 -7447 -7376 -7426 # -8321 -8193 -8193 -8065 -8321 -8193 -819CPU side received count (scaleup: 0): -7435 -7455 -7460 -7396 -7248 -7191 -7463 -7477 # -8193 -8065 -8193 -8321 -8065 -8321 -8323 -8193 
CPU side received count (scaleup: 1): -7464 -7506 -7387 -7493 -7462 -7400 -7266 -7346 # -8193 -8321 -8065 -8321 -8321 -8193 -8193 -8193 
1 -8193 
CPU side received count (scaleup: 5): -7537 -7457 -7391 -7431 -7485 -7464 -7338 -7402 # -8321 -8321 -8193 -8193 -8449 -8193 -8193 -8193 
CPU side received count (scaleup: 6): -7501 -7389 -7443 -7421 -7361 -7494 -7356 -7372 # -8321 -8193 -8321 -8193 -8193 -8193 -806CPU side received count (scaleup: 4): -7424 -7385 -7365 -7453 -7412 -7404 -7545 -7571 # -8193 -8193 -8193 -8321 -8321 -8193 -832CPU side received count (scaleup: 7): -7456 -7483 -7363 -7412 -7349 -7497 -7518 -7309 # -8193 -8193 -8193 -8193 -8321 -8193 -8323 -8193 
5 -8321 
1 -8193 
1 -8321 
USDT:2026-08-25 02:22:39 440:440 SyncActivityProfilerHandler.cpp:59] profiler_stopUSDT:2026-08-25 02:22:39 436:436 SyncActivityProfilerHandler.cpp:59] profiler_stopUSDT:2026-08-25 02:22:39 435:435 SyncActivityProfilerHandler.cpp:59] profiler_stop
USDT:2026-08-25 02:22:39 438:438 SyncActivityProfilerHandler.cpp:59] profiler_stop

USDT:2026-08-25 02:22:39 439:439 SyncActivityProfilerHandler.cpp:59] profiler_stop

USDT:2026-08-25 02:22:39 437:437 SyncActivityProfilerHandler.cpp:59] profiler_stopUSDT:2026-08-25 02:22:39 434:434 SyncActivityProfilerHandler.cpp:59] profiler_stop
USDT:2026-08-25 02:22:39 441:441 SyncActivityProfilerHandler.cpp:59] profiler_stop

   * EP:  11/32 | dispatch: 51 GB/s (SO), 103 GB/s (SU), 4343.000 us, 446112576 bytes | copy: 2408 GB/s, 370.566 us
   * EP:  10/32 | dispatch: 51 GB/s (SO), 102 GB/s (SU), 4343.000 us, 443776320 bytes | copy: 2250 GB/s, 394.537 us
   * EP:  12/32 | dispatch: 51 GB/s (SO), 103 GB/s (SU), 4343.000 us, 445917888 bytes | copy: 2245 GB/s, 397.254 us
   * EP:   9/32 | dispatch: 51 GB/s (SO), 102 GB/s (SU), 4343.000 us, 444158208 bytes | copy: 2539 GB/s, 349.833 us
   * EP:  15/32 | dispatch: 51 GB/s (SO), 102 GB/s (SU), 4343.000 us, 444629952 bytes | copy: 2512 GB/s, 353.944 us
   * EP:   8/32 | dispatch: 51 GB/s (SO), 102 GB/s (SU), 4343.000 us, 442668096 bytes | copy: 2328 GB/s, 380.336 us
   * EP:  14/32 | dispatch: 51 GB/s (SO), 102 GB/s (SU), 4343.000 us, 444255552 bytes | copy: 2046 GB/s, 434.178 us
   * EP:  13/32 | dispatch: 51 GB/s (SO), 103 GB/s (SU), 4343.000 us, 445513536 bytes | copy: 2229 GB/s, 399.781 us
Elastic buffer uses 4 channels per SM
Elastic buffer uses 4 channels per SM
Elastic buffer uses 4 channels per SM
Elastic buffer uses 4 channels per SM
Elastic buffer uses 4 channels per SM
Elastic buffer uses 4 channels per SM
Elastic buffer uses 4 channels per SM
Elastic buffer uses 4 channels per SM
CPU side received count (scaleup: 0): -7435 -7455 -7460 -7396 -7248 -7191 -7463 -7477 # -8193 -8065 -8193 -8321 -8065 -8321 -832CPU side received count (scaleup: 3): -7454 -7440 -7514 -7479 -7503 -7395 -7371 -7429 # -8321 -8321 -8321 -8321 -8193 -8065 -819CPU side received count (scaleup: 1): -7464 -7506 -7387 -7493 -7462 -7400 -7266 -7346 # -8193 -8321 -8065 -8321 -8321 -8193 -819CPU side received count (scaleup: 2): -7393 -7496 -7417 -7376 -7342 -7447 -7376 -7426 # -8321 -8193 -8193 -8065 -8321 -8193 -8191 -8193 
CPU side received count (scaleup: 4): -7424 -7385 -7365 -7453 -7412 -7404 -7545 -7571 # -8193 -8193 -8193 -8321 -8321 -8193 -832CPU side received count (scaleup: 5): -7537 -7457 -7391 -7431 -7485 -7464 -7338 -7402 # -8321 -8321 -8193 -8193 -8449 -8193 -8193 -8193 
CPU side received count (scaleup: 7): -7456 -7483 -7363 -7412 -7349 -7497 -7518 -7309 # -8193 -8193 -8193 -8193 -8321 -8193 -8323 -8193 
3 -8193 
3 -8193 
CPU side received count (scaleup: 6): -7501 -7389 -7443 -7421 -7361 -7494 -7356 -7372 # -8321 -8193 -8321 -8193 -8193 -8193 -8061 -8193 
1 -8321 
5 -8321 
Elastic buffer uses 4 channels per SM
Elastic buffer uses 4 channels per SM
Elastic buffer uses 4 channels per SM
Elastic buffer uses 4 channels per SM
Elastic buffer uses 4 channels per SM
Elastic buffer uses 4 channels per SM
Elastic buffer uses 4 channels per SM
Elastic buffer uses 4 channels per SM
CPU side received count (scaleup: 6): -7501 -7389 -7443 -7421 -7361 -7494 -7356 -7372 # -8321 -8193 -8321 -8193 -8193 -8193 -806CPU side received count (scaleup: 7): -7456 -7483 -7363 -7412 -7349 -7497 -7518 -7309 # -8193 -8193 -8193 -8193 -8321 -8193 -832CPU side received count (scaleup: 4): -7424 -7385 -7365 -7453 -7412 -7404 -7545 -7571 # -8193 -8193 -8193 -8321 -8321 -8193 -832CPU side received count (scaleup: 5): -7537 -7457 -7391 -7431 -7485 -7464 -7338 -7402 # -8321 -8321 -8193 -8193 -8449 -8193 -8195 -8321 
1 -8321 
CPU side received count (scaleup: 0): -7435 -7455 -7460 -7396 -7248 -7191 -7463 -7477 # -8193 -8065 -8193 -8321 -8065 -8321 -832CPU side received count (scaleup: 1): -7464 -7506 -7387 -7493 -7462 -7400 -7266 -7346 # -8193 -8321 -8065 -8321 -8321 -8193 -819CPU side received count (scaleup: 2): -7393 -7496 -7417 -7376 -7342 -7447 -7376 -7426 # -8321 -8193 -8193 -8065 -8321 -8193 -8191 -8193 
CPU side received count (scaleup: 3): -7454 -7440 -7514 -7479 -7503 -7395 -7371 -7429 # -8321 -8321 -8321 -8321 -8193 -8065 -8191 -8193 
3 -8193 
3 -8193 
3 -8193 
3 -8193 
Elastic buffer uses 4 channels per SM
Elastic buffer uses 4 channels per SM
Elastic buffer uses 4 channels per SM
Elastic buffer uses 4 channels per SM
Elastic buffer uses 4 channels per SM
Elastic buffer uses 4 channels per SM
Elastic buffer uses 4 channels per SM
Elastic buffer uses 4 channels per SM
CPU side received count (scaleup: 3): -7454 -7440 -7514 -7479 -7503 -7395 -7371 -7429 # -8321 -8321 -8321 -8321 -8193 -8065 -819CPU side received count (scaleup: 2): -7393 -7496 -7417 -7376 -7342 -7447 -7376 -7426 # -8321 -8193 -8193 -8065 -8321 -8193 -819CPU side received count (scaleup: 0): -7435 -7455 -7460 -7396 -7248 -7191 -7463 -7477 # -8193 -8065 -8193 -8321 -8065 -8321 -8323 -8193 
3 -8193 
1 -8193 
CPU side received count (scaleup: 1): -7464 -7506 -7387 -7493 -7462 -7400 -7266 -7346 # -8193 -8321 -8065 -8321 -8321 -8193 -819CPU side received count (scaleup: 4): -7424 -7385 -7365 -7453 -7412 -7404 -7545 -7571 # -8193 -8193 -8193 -8321 -8321 -8193 -832CPU side received count (scaleup: 7): -7456 -7483 -7363 -7412 -7349 -7497 -7518 -7309 # -8193 -8193 -8193 -8193 -8321 -8193 -832CPU side received count (scaleup: 5): -7537 -7457 -7391 -7431 -7485 -7464 -7338 -7402 # -8321 -8321 -8193 -8193 -8449 -8193 -8193 -8193 
1 -8321 
3 -8193 
CPU side received count (scaleup: 6): -7501 -7389 -7443 -7421 -7361 -7494 -7356 -7372 # -8321 -8193 -8321 -8193 -8193 -8193 -8061 -8193 
5 -8321 
Elastic buffer uses 4 channels per SM
Elastic buffer uses 4 channels per SM
Elastic buffer uses 4 channels per SM
Elastic buffer uses 4 channels per SM
Elastic buffer uses 4 channels per SM
Elastic buffer uses 4 channels per SM
Elastic buffer uses 4 channels per SM
Elastic buffer uses 4 channels per SM
CPU side received count (scaleup: 4): -7424 -7385 -7365 -7453 -7412 -7404 -7545 -7571 # -8193 -8193 -8193 -8321 -8321 -8193 -832CPU side received count (scaleup: 6): -7501 -7389 -7443 -7421 -7361 -7494 -7356 -7372 # -8321 -8193 -8321 -8193 -8193 -8193 -806CPU side received count (scaleup: 5): -7537 -7457 -7391 -7431 -7485 -7464 -7338 -7402 # -8321 -8321 -8193 -8193 -8449 -8193 -8191 -8193 
5 -8321 
3 -8193 
CPU side received count (scaleup: 3): -7454 -7440 -7514 -7479 -7503 -7395 -7371 -7429 # -8321 -8321 -8321 -8321 -8193 -8065 -819CPU side received count (scaleup: 2): -7393 -7496 -7417 -7376 -7342 -7447 -7376 -7426 # -8321 -8193 -8193 -8065 -8321 -8193 -819CPU side received count (scaleup: 0): -7435 -7455 -7460 -7396 -7248 -7191 -7463 -7477 # -8193 -8065 -8193 -8321 -8065 -8321 -832CPU side received count (scaleup: 1): -7464 -7506 -7387 -7493 -7462 -7400 -7266 -7346 # -8193 -8321 -8065 -8321 -8321 -8193 -8191 -8193 
CPU side received count (scaleup: 7): -7456 -7483 -7363 -7412 -7349 -7497 -7518 -7309 # -8193 -8193 -8193 -8193 -8321 -8193 -8323 -8193 
3 -8193 
3 -8193 
1 -8321 
Elastic buffer uses 4 channels per SM
Elastic buffer uses 4 channels per SM
Elastic buffer uses 4 channels per SM
Elastic buffer uses 4 channels per SM
Elastic buffer uses 4 channels per SM
Elastic buffer uses 4 channels per SM
Elastic buffer uses 4 channels per SM
Elastic buffer uses 4 channels per SM
CPU side received count (scaleup: 3): -7454 -7440 -7514 -7479 -7503 -7395 -7371 -7429 # -8321 -8321 -8321 -8321 -8193 -8065 -819CPU side received count (scaleup: 2): -7393 -7496 -7417 -7376 -7342 -7447 -7376 -7426 # -8321 -8193 -8193 -8065 -8321 -8193 -819CPU side received count (scaleup: 0): -7435 -7455 -7460 -7396 -7248 -7191 -7463 -7477 # -8193 -8065 -8193 -8321 -8065 -8321 -8323 -8193 
CPU side received count (scaleup: 1): -7464 -7506 -7387 -7493 -7462 -7400 -7266 -7346 # -8193 -8321 -8065 -8321 -8321 -8193 -819CPU side received count (scaleup: 4): -7424 -7385 -7365 -7453 -7412 -7404 -7545 -7571 # -8193 -8193 -8193 -8321 -8321 -8193 -8323 -8193 
1 -8193 
CPU side received count (scaleup: 6): -7501 -7389 -7443 -7421 -7361 -7494 -7356 -7372 # -8321 -8193 -8321 -8193 -8193 -8193 -8061 -8193 
CPU side received count (scaleup: 7): -7456 -7483 -7363 -7412 -7349 -7497 -7518 -7309 # -8193 -8193 -8193 -8193 -8321 -8193 -8323 -8193 
CPU side received count (scaleup: 5): -7537 -7457 -7391 -7431 -7485 -7464 -7338 -7402 # -8321 -8321 -8193 -8193 -8449 -8193 -8191 -8321 
3 -8193 
5 -8321 
Elastic buffer uses 4 channels per SM
Elastic buffer uses 4 channels per SM
Elastic buffer uses 4 channels per SM
Elastic buffer uses 4 channels per SM
Elastic buffer uses 4 channels per SM
Elastic buffer uses 4 channels per SM
Elastic buffer uses 4 channels per SM
Elastic buffer uses 4 channels per SM
CPU side received count (scaleup: 4): -7424 -7385 -7365 -7453 -7412 -7404 -7545 -7571 # -8193 -8193 -8193 -8321 -8321 -8193 -832CPU side received count (scaleup: 6): -7501 -7389 -7443 -7421 -7361 -7494 -7356 -7372 # -8321 -8193 -8321 -8193 -8193 -8193 -806CPU side received count (scaleup: 5): -7537 -7457 -7391 -7431 -7485 -7464 -7338 -7402 # -8321 -8321 -8193 -8193 -8449 -8193 -8195 -8321 
CPU side received count (scaleup: 7): -7456 -7483 -7363 -7412 -7349 -7497 -7518 -7309 # -8193 -8193 -8193 -8193 -8321 -8193 -8321 -8193 
3 -8193 
1 -8321 
CPU side received count (scaleup: 0): -7435 -7455 -7460 -7396 -7248 -7191 -7463 -7477 # -8193 -8065 -8193 -8321 -8065 -8321 -832CPU side received count (scaleup: 3): -7454 -7440 -7514 -7479 -7503 -7395 -7371 -7429 # -8321 -8321 -8321 -8321 -8193 -8065 -819CPU side received count (scaleup: 2): -7393 -7496 -7417 -7376 -7342 -7447 -7376 -7426 # -8321 -8193 -8193 -8065 -8321 -8193 -8191 -8193 
3 -8193 
CPU side received count (scaleup: 1): -7464 -7506 -7387 -7493 -7462 -7400 -7266 -7346 # -8193 -8321 -8065 -8321 -8321 -8193 -8193 -8193 
3 -8193 
Elastic buffer uses 4 channels per SM
Elastic buffer uses 4 channels per SM
Elastic buffer uses 4 channels per SM
Elastic buffer uses 4 channels per SM
Elastic buffer uses 4 channels per SM
Elastic buffer uses 4 channels per SM
Elastic buffer uses 4 channels per SM
Elastic buffer uses 4 channels per SM
CPU side received count (scaleup: 6): -7501 -7389 -7443 -7421 -7361 -7494 -7356 -7372 # -8321 -8193 -8321 -8193 -8193 -8193 -806CPU side received count (scaleup: 4): -7424 -7385 -7365 -7453 -7412 -7404 -7545 -7571 # -8193 -8193 -8193 -8321 -8321 -8193 -832CPU side received count (scaleup: 7): -7456 -7483 -7363 -7412 -7349 -7497 -7518 -7309 # -8193 -8193 -8193 -8193 -8321 -8193 -832CPU side received count (scaleup: 2): -7393 -7496 -7417 -7376 -7342 -7447 -7376 -7426 # -8321 -8193 -8193 -8065 -8321 -8193 -819CPU side received count (scaleup: 0): -7435 -7455 -7460 -7396 -7248 -7191 -7463 -7477 # -8193 -8065 -8193 -8321 -8065 -8321 -8325 -8321 
1 -8321 
CPU side received count (scaleup: 5): -7537 -7457 -7391 -7431 -7485 -7464 -7338 -7402 # -8321 -8321 -8193 -8193 -8449 -8193 -819CPU side received count (scaleup: 1): -7464 -7506 -7387 -7493 -7462 -7400 -7266 -7346 # -8193 -8321 -8065 -8321 -8321 -8193 -819CPU side received count (scaleup: 3): -7454 -7440 -7514 -7479 -7503 -7395 -7371 -7429 # -8321 -8321 -8321 -8321 -8193 -8065 -8191 -8193 
3 -8193 
1 -8193 
3 -8193 
3 -8193 
3 -8193 
Elastic buffer uses 4 channels per SM
Elastic buffer uses 4 channels per SM
Elastic buffer uses 4 channels per SM
Elastic buffer uses 4 channels per SM
Elastic buffer uses 4 channels per SM
Elastic buffer uses 4 channels per SM
Elastic buffer uses 4 channels per SM
Elastic buffer uses 4 channels per SM
CPU side received count (scaleup: 3): -7454 -7440 -7514 -7479 -7503 -7395 -7371 -7429 # -8321 -8321 -8321 -8321 -8193 -8065 -819CPU side received count (scaleup: 0): -7435 -7455 -7460 -7396 -7248 -7191 -7463 -7477 # -8193 -8065 -8193 -8321 -8065 -8321 -832CPU side received count (scaleup: 2): -7393 -7496 -7417 -7376 -7342 -7447 -7376 -7426 # -8321 -8193 -8193 -8065 -8321 -8193 -8193 -8193 
1 -8193 
CPU side received count (scaleup: 1): -7464 -7506 -7387 -7493 -7462 -7400 -7266 -7346 # -8193 -8321 -8065 -8321 -8321 -8193 -8193 -8193 
3 -8193 
CPU side received count (scaleup: 6): -7501 -7389 -7443 -7421 -7361 -7494 -7356 -7372 # -8321 -8193 -8321 -8193 -8193 -8193 -806CPU side received count (scaleup: 4): -7424 -7385 -7365 -7453 -7412 -7404 -7545 -7571 # -8193 -8193 -8193 -8321 -8321 -8193 -8325 -8321 
CPU side received count (scaleup: 7): -7456 -7483 -7363 -7412 -7349 -7497 -7518 -7309 # -8193 -8193 -8193 -8193 -8321 -8193 -8321 -8193 
CPU side received count (scaleup: 5): -7537 -7457 -7391 -7431 -7485 -7464 -7338 -7402 # -8321 -8321 -8193 -8193 -8449 -8193 -8191 -8321 
3 -8193 
Elastic buffer uses 4 channels per SM
Elastic buffer uses 4 channels per SM
Elastic buffer uses 4 channels per SM
Elastic buffer uses 4 channels per SM
Elastic buffer uses 4 channels per SM
Elastic buffer uses 4 channels per SM
Elastic buffer uses 4 channels per SM
Elastic buffer uses 4 channels per SM
CPU side received count (scaleup: 4): -7424 -7385 -7365 -7453 -7412 -7404 -7545 -7571 # -8193 -8193 -8193 -8321 -8321 -8193 -832CPU side received count (scaleup: 6): -7501 -7389 -7443 -7421 -7361 -7494 -7356 -7372 # -8321 -8193 -8321 -8193 -8193 -8193 -806CPU side received count (scaleup: 7): -7456 -7483 -7363 -7412 -7349 -7497 -7518 -7309 # -8193 -8193 -8193 -8193 -8321 -8193 -832CPU side received count (scaleup: 5): -7537 -7457 -7391 -7431 -7485 -7464 -7338 -7402 # -8321 -8321 -8193 -8193 -8449 -8193 -819CPU side received count (scaleup: 3): -7454 -7440 -7514 -7479 -7503 -7395 -7371 -7429 # -8321 -8321 -8321 -8321 -8193 -8065 -8195 -8321 
1 -8193 
1 -8321 
CPU side received count (scaleup: 2): -7393 -7496 -7417 -7376 -7342 -7447 -7376 -7426 # -8321 -8193 -8193 -8065 -8321 -8193 -819CPU side received count (scaleup: 0): -7435 -7455 -7460 -7396 -7248 -7191 -7463 -7477 # -8193 -8065 -8193 -8321 -8065 -8321 -832CPU side received count (scaleup: 1): -7464 -7506 -7387 -7493 -7462 -7400 -7266 -7346 # -8193 -8321 -8065 -8321 -8321 -8193 -8193 -8193 
3 -8193 
3 -8193 
1 -8193 
3 -8193 
Elastic buffer uses 4 channels per SM
Elastic buffer uses 4 channels per SM
Elastic buffer uses 4 channels per SM
Elastic buffer uses 4 channels per SM
Elastic buffer uses 4 channels per SM
Elastic buffer uses 4 channels per SM
Elastic buffer uses 4 channels per SM
Elastic buffer uses 4 channels per SM
CPU side received count (scaleup: 3): -7454 -7440 -7514 -7479 -7503 -7395 -7371 -7429 # -8321 -8321 -8321 -8321 -8193 -8065 -819CPU side received count (scaleup: 0): -7435 -7455 -7460 -7396 -7248 -7191 -7463 -7477 # -8193 -8065 -8193 -8321 -8065 -8321 -832CPU side received count (scaleup: 2): -7393 -7496 -7417 -7376 -7342 -7447 -7376 -7426 # -8321 -8193 -8193 -8065 -8321 -8193 -8193 -8193 
1 -8193 
3 -8193 
CPU side received count (scaleup: 1): -7464 -7506 -7387 -7493 -7462 -7400 -7266 -7346 # -8193 -8321 -8065 -8321 -8321 -8193 -819CPU side received count (scaleup: 4): -7424 -7385 -7365 -7453 -7412 -7404 -7545 -7571 # -8193 -8193 -8193 -8321 -8321 -8193 -8323 -8193 
CPU side received count (scaleup: 7): -7456 -7483 -7363 -7412 -7349 -7497 -7518 -7309 # -8193 -8193 -8193 -8193 -8321 -8193 -8321 -8193 
CPU side received count (scaleup: 6): -7501 -7389 -7443 -7421 -7361 -7494 -7356 -7372 # -8321 -8193 -8321 -8193 -8193 -8193 -806CPU side received count (scaleup: 5): -7537 -7457 -7391 -7431 -7485 -7464 -7338 -7402 # -8321 -8321 -8193 -8193 -8449 -8193 -8195 -8321 
1 -8321 
3 -8193 
Elastic buffer uses 4 channels per SM
Elastic buffer uses 4 channels per SM
Elastic buffer uses 4 channels per SM
Elastic buffer uses 4 channels per SM
Elastic buffer uses 4 channels per SM
Elastic buffer uses 4 channels per SM
Elastic buffer uses 4 channels per SM
Elastic buffer uses 4 channels per SM
CPU side received count (scaleup: 3): -7454 -7440 -7514 -7479 -7503 -7395 -7371 -7429 # -8321 -8321 -8321 -8321 -8193 -8065 -819CPU side received count (scaleup: 0): -7435 -7455 -7460 -7396 -7248 -7191 -7463 -7477 # -8193 -8065 -8193 -8321 -8065 -8321 -8323 -8193 
1 -8193 
CPU side received count (scaleup: 1): -7464 -7506 -7387 -7493 -7462 -7400 -7266 -7346 # -8193 -8321 -8065 -8321 -8321 -8193 -819CPU side received count (scaleup: 2): -7393 -7496 -7417 -7376 -7342 -7447 -7376 -7426 # -8321 -8193 -8193 -8065 -8321 -8193 -8193 -8193 
3 -8193 
CPU side received count (scaleup: 4): -7424 -7385 -7365 -7453 -7412 -7404 -7545 -7571 # -8193 -8193 -8193 -8321 -8321 -8193 -832CPU side received count (scaleup: 7): -7456 -7483 -7363 -7412 -7349 -7497 -7518 -7309 # -8193 -8193 -8193 -8193 -8321 -8193 -8321 -8193 
1 -8321 
CPU side received count (scaleup: 6): -7501 -7389 -7443 -7421 -7361 -7494 -7356 -7372 # -8321 -8193 -8321 -8193 -8193 -8193 -806CPU side received count (scaleup: 5): -7537 -7457 -7391 -7431 -7485 -7464 -7338 -7402 # -8321 -8321 -8193 -8193 -8449 -8193 -8195 -8321 
3 -8193 
Elastic buffer uses 4 channels per SM
Elastic buffer uses 4 channels per SM
Elastic buffer uses 4 channels per SM
Elastic buffer uses 4 channels per SM
Elastic buffer uses 4 channels per SM
Elastic buffer uses 4 channels per SM
Elastic buffer uses 4 channels per SM
Elastic buffer uses 4 channels per SM
CPU side received count (scaleup: 3): -7454 -7440 -7514 -7479 -7503 -7395 -7371 -7429 # -8321 -8321 -8321 -8321 -8193 -8065 -819CPU side received count (scaleup: 1): -7464 -7506 -7387 -7493 -7462 -7400 -7266 -7346 # -8193 -8321 -8065 -8321 -8321 -8193 -819CPU side received count (scaleup: 2): -7393 -7496 -7417 -7376 -7342 -7447 -7376 -7426 # -8321 -8193 -8193 -8065 -8321 -8193 -819CPU side received count (scaleup: 0): -7435 -7455 -7460 -7396 -7248 -7191 -7463 -7477 # -8193 -8065 -8193 -8321 -8065 -8321 -8323 -8193 
3 -8193 
CPU side received count (scaleup: 4): -7424 -7385 -7365 -7453 -7412 -7404 -7545 -7571 # -8193 -8193 -8193 -8321 -8321 -8193 -832CPU side received count (scaleup: 5): -7537 -7457 -7391 -7431 -7485 -7464 -7338 -7402 # -8321 -8321 -8193 -8193 -8449 -8193 -8193 -8193 
3 -8193 
CPU side received count (scaleup: 7): -7456 -7483 -7363 -7412 -7349 -7497 -7518 -7309 # -8193 -8193 -8193 -8193 -8321 -8193 -832CPU side received count (scaleup: 6): -7501 -7389 -7443 -7421 -7361 -7494 -7356 -7372 # -8321 -8193 -8321 -8193 -8193 -8193 -8061 -8321 
1 -8193 
1 -8193 
5 -8321 
Elastic buffer uses 4 channels per SM
Elastic buffer uses 4 channels per SM
Elastic buffer uses 4 channels per SM
Elastic buffer uses 4 channels per SM
Elastic buffer uses 4 channels per SM
Elastic buffer uses 4 channels per SM
Elastic buffer uses 4 channels per SM
Elastic buffer uses 4 channels per SM
CPU side received count (scaleup: 6): -7501 -7389 -7443 -7421 -7361 -7494 -7356 -7372 # -8321 -8193 -8321 -8193 -8193 -8193 -806CPU side received count (scaleup: 4): -7424 -7385 -7365 -7453 -7412 -7404 -7545 -7571 # -8193 -8193 -8193 -8321 -8321 -8193 -8325 -8321 
1 -8193 
CPU side received count (scaleup: 3): -7454 -7440 -7514 -7479 -7503 -7395 -7371 -7429 # -8321 -8321 -8321 -8321 -8193 -8065 -819CPU side received count (scaleup: 2): -7393 -7496 -7417 -7376 -7342 -7447 -7376 -7426 # -8321 -8193 -8193 -8065 -8321 -8193 -819CPU side received count (scaleup: 0): -7435 -7455 -7460 -7396 -7248 -7191 -7463 -7477 # -8193 -8065 -8193 -8321 -8065 -8321 -8323 -8193 
3 -8193 
1 -8193 
CPU side received count (scaleup: 1): -7464 -7506 -7387 -7493 -7462 -7400 -7266 -7346 # -8193 -8321 -8065 -8321 -8321 -8193 -819CPU side received count (scaleup: 7): -7456 -7483 -7363 -7412 -7349 -7497 -7518 -7309 # -8193 -8193 -8193 -8193 -8321 -8193 -832CPU side received count (scaleup: 5): -7537 -7457 -7391 -7431 -7485 -7464 -7338 -7402 # -8321 -8321 -8193 -8193 -8449 -8193 -8193 -8193 
1 -8321 
3 -8193 
Elastic buffer uses 4 channels per SM
Elastic buffer uses 4 channels per SM
Elastic buffer uses 4 channels per SM
Elastic buffer uses 4 channels per SM
Elastic buffer uses 4 channels per SM
Elastic buffer uses 4 channels per SM
Elastic buffer uses 4 channels per SM
Elastic buffer uses 4 channels per SM
CPU side received count (scaleup: 3): -7454 -7440 -7514 -7479 -7503 -7395 -7371 -7429 # -8321 -8321 -8321 -8321 -8193 -8065 -819CPU side received count (scaleup: 0): -7435 -7455 -7460 -7396 -7248 -7191 -7463 -7477 # -8193 -8065 -8193 -8321 -8065 -8321 -832CPU side received count (scaleup: 2): -7393 -7496 -7417 -7376 -7342 -7447 -7376 -7426 # -8321 -8193 -8193 -8065 -8321 -8193 -8193 -8193 
1 -8193 
CPU side received count (scaleup: 1): -7464 -7506 -7387 -7493 -7462 -7400 -7266 -7346 # -8193 -8321 -8065 -8321 -8321 -8193 -8193 -8193 
CPU side received count (scaleup: 6): -7501 -7389 -7443 -7421 -7361 -7494 -7356 -7372 # -8321 -8193 -8321 -8193 -8193 -8193 -806CPU side received count (scaleup: 4): -7424 -7385 -7365 -7453 -7412 -7404 -7545 -7571 # -8193 -8193 -8193 -8321 -8321 -8193 -8323 -8193 
CPU side received count (scaleup: 7): -7456 -7483 -7363 -7412 -7349 -7497 -7518 -7309 # -8193 -8193 -8193 -8193 -8321 -8193 -832CPU side received count (scaleup: 5): -7537 -7457 -7391 -7431 -7485 -7464 -7338 -7402 # -8321 -8321 -8193 -8193 -8449 -8193 -8191 -8193 
5 -8321 
1 -8321 
3 -8193 
Elastic buffer uses 4 channels per SM
Elastic buffer uses 4 channels per SM
Elastic buffer uses 4 channels per SM
Elastic buffer uses 4 channels per SM
Elastic buffer uses 4 channels per SM
Elastic buffer uses 4 channels per SM
Elastic buffer uses 4 channels per SM
Elastic buffer uses 4 channels per SM
CPU side received count (scaleup: 4): -7424 -7385 -7365 -7453 -7412 -7404 -7545 -7571 # -8193 -8193 -8193 -8321 -8321 -8193 -832CPU side received count (scaleup: 7): -7456 -7483 -7363 -7412 -7349 -7497 -7518 -7309 # -8193 -8193 -8193 -8193 -8321 -8193 -832CPU side received count (scaleup: 6): -7501 -7389 -7443 -7421 -7361 -7494 -7356 -7372 # -8321 -8193 -8321 -8193 -8193 -8193 -806CPU side received count (scaleup: 5): -7537 -7457 -7391 -7431 -7485 -7464 -7338 -7402 # -8321 -8321 -8193 -8193 -8449 -8193 -8191 -8193 
1 -8321 
5 -8321 
CPU side received count (scaleup: 0): -7435 -7455 -7460 -7396 -7248 -7191 -7463 -7477 # -8193 -8065 -8193 -8321 -8065 -8321 -832CPU side received count (scaleup: 3): -7454 -7440 -7514 -7479 -7503 -7395 -7371 -7429 # -8321 -8321 -8321 -8321 -8193 -8065 -819CPU side received count (scaleup: 2): -7393 -7496 -7417 -7376 -7342 -7447 -7376 -7426 # -8321 -8193 -8193 -8065 -8321 -8193 -8193 -8193 
CPU side received count (scaleup: 1): -7464 -7506 -7387 -7493 -7462 -7400 -7266 -7346 # -8193 -8321 -8065 -8321 -8321 -8193 -8193 -8193 
1 -8193 
3 -8193 
3 -8193 
Elastic buffer uses 4 channels per SM
Elastic buffer uses 4 channels per SM
Elastic buffer uses 4 channels per SM
Elastic buffer uses 4 channels per SM
Elastic buffer uses 4 channels per SM
Elastic buffer uses 4 channels per SM
Elastic buffer uses 4 channels per SM
Elastic buffer uses 4 channels per SM
CPU side received count (scaleup: 3): -7454 -7440 -7514 -7479 -7503 -7395 -7371 -7429 # -8321 -8321 -8321 -8321 -8193 -8065 -819CPU side received count (scaleup: 2): -7393 -7496 -7417 -7376 -7342 -7447 -7376 -7426 # -8321 -8193 -8193 -8065 -8321 -8193 -819CPU side received count (scaleup: 0): -7435 -7455 -7460 -7396 -7248 -7191 -7463 -7477 # -8193 -8065 -8193 -8321 -8065 -8321 -832CPU side received count (scaleup: 1): -7464 -7506 -7387 -7493 -7462 -7400 -7266 -7346 # -8193 -8321 -8065 -8321 -8321 -8193 -8193 -8193 
CPU side received count (scaleup: 7): -7456 -7483 -7363 -7412 -7349 -7497 -7518 -7309 # -8193 -8193 -8193 -8193 -8321 -8193 -8321 -8193 
CPU side received count (scaleup: 4): -7424 -7385 -7365 -7453 -7412 -7404 -7545 -7571 # -8193 -8193 -8193 -8321 -8321 -8193 -832CPU side received count (scaleup: 6): -7501 -7389 -7443 -7421 -7361 -7494 -7356 -7372 # -8321 -8193 -8321 -8193 -8193 -8193 -8063 -8193 
CPU side received count (scaleup: 5): -7537 -7457 -7391 -7431 -7485 -7464 -7338 -7402 # -8321 -8321 -8193 -8193 -8449 -8193 -8193 -8193 
3 -8193 
1 -8321 
1 -8193 
5 -8321 
Elastic buffer uses 4 channels per SM
Elastic buffer uses 4 channels per SM
Elastic buffer uses 4 channels per SM
Elastic buffer uses 4 channels per SM
Elastic buffer uses 4 channels per SM
Elastic buffer uses 4 channels per SM
Elastic buffer uses 4 channels per SM
Elastic buffer uses 4 channels per SM
CPU side received count (scaleup: 3): -7454 -7440 -7514 -7479 -7503 -7395 -7371 -7429 # -8321 -8321 -8321 -8321 -8193 -8065 -819CPU side received count (scaleup: 2): -7393 -7496 -7417 -7376 -7342 -7447 -7376 -7426 # -8321 -8193 -8193 -8065 -8321 -8193 -819CPU side received count (scaleup: 0): -7435 -7455 -7460 -7396 -7248 -7191 -7463 -7477 # -8193 -8065 -8193 -8321 -8065 -8321 -832CPU side received count (scaleup: 1): -7464 -7506 -7387 -7493 -7462 -7400 -7266 -7346 # -8193 -8321 -8065 -8321 -8321 -8193 -8193 -8193 
CPU side received count (scaleup: 7): -7456 -7483 -7363 -7412 -7349 -7497 -7518 -7309 # -8193 -8193 -8193 -8193 -8321 -8193 -832CPU side received count (scaleup: 5): -7537 -7457 -7391 -7431 -7485 -7464 -7338 -7402 # -8321 -8321 -8193 -8193 -8449 -8193 -8193 -8193 
CPU side received count (scaleup: 6): -7501 -7389 -7443 -7421 -7361 -7494 -7356 -7372 # -8321 -8193 -8321 -8193 -8193 -8193 -806CPU side received count (scaleup: 4): -7424 -7385 -7365 -7453 -7412 -7404 -7545 -7571 # -8193 -8193 -8193 -8321 -8321 -8193 -8321 -8193 
3 -8193 
1 -8321 
3 -8193 
5 -8321 
1 -8193 
Elastic buffer uses 4 channels per SM
Elastic buffer uses 4 channels per SM
Elastic buffer uses 4 channels per SM
Elastic buffer uses 4 channels per SM
Elastic buffer uses 4 channels per SM
Elastic buffer uses 4 channels per SM
Elastic buffer uses 4 channels per SM
Elastic buffer uses 4 channels per SM
CPU side received count (scaleup: 4): -7424 -7385 -7365 -7453 -7412 -7404 -7545 -7571 # -8193 -8193 -8193 -8321 -8321 -8193 -832CPU side received count (scaleup: 5): -7537 -7457 -7391 -7431 -7485 -7464 -7338 -7402 # -8321 -8321 -8193 -8193 -8449 -8193 -819CPU side received count (scaleup: 7): -7456 -7483 -7363 -7412 -7349 -7497 -7518 -7309 # -8193 -8193 -8193 -8193 -8321 -8193 -832CPU side received count (scaleup: 3): -7454 -7440 -7514 -7479 -7503 -7395 -7371 -7429 # -8321 -8321 -8321 -8321 -8193 -8065 -8193 -8193 
1 -8193 
1 -8321 
CPU side received count (scaleup: 0): -7435 -7455 -7460 -7396 -7248 -7191 -7463 -7477 # -8193 -8065 -8193 -8321 -8065 -8321 -8323 -8193 
CPU side received count (scaleup: 6): -7501 -7389 -7443 -7421 -7361 -7494 -7356 -7372 # -8321 -8193 -8321 -8193 -8193 -8193 -806CPU side received count (scaleup: 1): -7464 -7506 -7387 -7493 -7462 -7400 -7266 -7346 # -8193 -8321 -8065 -8321 -8321 -8193 -819CPU side received count (scaleup: 2): -7393 -7496 -7417 -7376 -7342 -7447 -7376 -7426 # -8321 -8193 -8193 -8065 -8321 -8193 -8191 -8193 
3 -8193 
3 -8193 
5 -8321 
Elastic buffer uses 4 channels per SM
Elastic buffer uses 4 channels per SM
Elastic buffer uses 4 channels per SM
Elastic buffer uses 4 channels per SM
Elastic buffer uses 4 channels per SM
Elastic buffer uses 4 channels per SM
Elastic buffer uses 4 channels per SM
Elastic buffer uses 4 channels per SM
CPU side received count (scaleup: 6): -7501 -7389 -7443 -7421 -7361 -7494 -7356 -7372 # -8321 -8193 -8321 -8193 -8193 -8193 -806CPU side received count (scaleup: 0): -7435 -7455 -7460 -7396 -7248 -7191 -7463 -7477 # -8193 -8065 -8193 -8321 -8065 -8321 -832CPU side received count (scaleup: 5): -7537 -7457 -7391 -7431 -7485 -7464 -7338 -7402 # -8321 -8321 -8193 -8193 -8449 -8193 -819CPU side received count (scaleup: 7): -7456 -7483 -7363 -7412 -7349 -7497 -7518 -7309 # -8193 -8193 -8193 -8193 -8321 -8193 -832CPU side received count (scaleup: 4): -7424 -7385 -7365 -7453 -7412 -7404 -7545 -7571 # -8193 -8193 -8193 -8321 -8321 -8193 -832CPU side received count (scaleup: 3): -7454 -7440 -7514 -7479 -7503 -7395 -7371 -7429 # -8321 -8321 -8321 -8321 -8193 -8065 -819CPU side received count (scaleup: 2): -7393 -7496 -7417 -7376 -7342 -7447 -7376 -7426 # -8321 -8193 -8193 -8065 -8321 -8193 -8193 -8193 
CPU side received count (scaleup: 1): -7464 -7506 -7387 -7493 -7462 -7400 -7266 -7346 # -8193 -8321 -8065 -8321 -8321 -8193 -8195 -8321 
1 -8193 
1 -8193 
1 -8321 
3 -8193 
3 -8193 
3 -8193 
Elastic buffer uses 4 channels per SM
Elastic buffer uses 4 channels per SM
Elastic buffer uses 4 channels per SM
Elastic buffer uses 4 channels per SM
Elastic buffer uses 4 channels per SM
Elastic buffer uses 4 channels per SM
Elastic buffer uses 4 channels per SM
Elastic buffer uses 4 channels per SM
CPU side received count (scaleup: 6): -7501 -7389 -7443 -7421 -7361 -7494 -7356 -7372 # -8321 -8193 -8321 -8193 -8193 -8193 -806CPU side received count (scaleup: 7): -7456 -7483 -7363 -7412 -7349 -7497 -7518 -7309 # -8193 -8193 -8193 -8193 -8321 -8193 -832CPU side received count (scaleup: 4): -7424 -7385 -7365 -7453 -7412 -7404 -7545 -7571 # -8193 -8193 -8193 -8321 -8321 -8193 -832CPU side received count (scaleup: 5): -7537 -7457 -7391 -7431 -7485 -7464 -7338 -7402 # -8321 -8321 -8193 -8193 -8449 -8193 -8195 -8321 
1 -8321 
1 -8193 
3 -8193 
CPU side received count (scaleup: 0): -7435 -7455 -7460 -7396 -7248 -7191 -7463 -7477 # -8193 -8065 -8193 -8321 -8065 -8321 -832CPU side received count (scaleup: 1): -7464 -7506 -7387 -7493 -7462 -7400 -7266 -7346 # -8193 -8321 -8065 -8321 -8321 -8193 -8191 -8193 
3 -8193 
CPU side received count (scaleup: 3): -7454 -7440 -7514 -7479 -7503 -7395 -7371 -7429 # -8321 -8321 -8321 -8321 -8193 -8065 -819CPU side received count (scaleup: 2): -7393 -7496 -7417 -7376 -7342 -7447 -7376 -7426 # -8321 -8193 -8193 -8065 -8321 -8193 -8193 -8193 
3 -8193 
Elastic buffer uses 4 channels per SM
Elastic buffer uses 4 channels per SM
Elastic buffer uses 4 channels per SM
Elastic buffer uses 4 channels per SM
Elastic buffer uses 4 channels per SM
Elastic buffer uses 4 channels per SM
Elastic buffer uses 4 channels per SM
Elastic buffer uses 4 channels per SM
CPU side received count (scaleup: 3): -7454 -7440 -7514 -7479 -7503 -7395 -7371 -7429 # -8321 -8321 -8321 -8321 -8193 -8065 -819CPU side received count (scaleup: 2): -7393 -7496 -7417 -7376 -7342 -7447 -7376 -7426 # -8321 -8193 -8193 -8065 -8321 -8193 -819CPU side received count (scaleup: 0): -7435 -7455 -7460 -7396 -7248 -7191 -7463 -7477 # -8193 -8065 -8193 -8321 -8065 -8321 -8323 -8193 
3 -8193 
CPU side received count (scaleup: 1): -7464 -7506 -7387 -7493 -7462 -7400 -7266 -7346 # -8193 -8321 -8065 -8321 -8321 -8193 -8191 -8193 
3 -8193 
CPU side received count (scaleup: 4): -7424 -7385 -7365 -7453 -7412 -7404 -7545 -7571 # -8193 -8193 -8193 -8321 -8321 -8193 -832CPU side received count (scaleup: 6): -7501 -7389 -7443 -7421 -7361 -7494 -7356 -7372 # -8321 -8193 -8321 -8193 -8193 -8193 -806CPU side received count (scaleup: 7): -7456 -7483 -7363 -7412 -7349 -7497 -7518 -7309 # -8193 -8193 -8193 -8193 -8321 -8193 -832CPU side received count (scaleup: 5): -7537 -7457 -7391 -7431 -7485 -7464 -7338 -7402 # -8321 -8321 -8193 -8193 -8449 -8193 -8195 -8321 
1 -8193 
3 -8193 
1 -8321 
Elastic buffer uses 4 channels per SM
Elastic buffer uses 4 channels per SM
Elastic buffer uses 4 channels per SM
Elastic buffer uses 4 channels per SM
Elastic buffer uses 4 channels per SM
Elastic buffer uses 4 channels per SM
Elastic buffer uses 4 channels per SM
Elastic buffer uses 4 channels per SM
CPU side received count (scaleup: 4): -7424 -7385 -7365 -7453 -7412 -7404 -7545 -7571 # -8193 -8193 -8193 -8321 -8321 -8193 -832CPU side received count (scaleup: 6): -7501 -7389 -7443 -7421 -7361 -7494 -7356 -7372 # -8321 -8193 -8321 -8193 -8193 -8193 -806CPU side received count (scaleup: 7): -7456 -7483 -7363 -7412 -7349 -7497 -7518 -7309 # -8193 -8193 -8193 -8193 -8321 -8193 -832CPU side received count (scaleup: 5): -7537 -7457 -7391 -7431 -7485 -7464 -7338 -7402 # -8321 -8321 -8193 -8193 -8449 -8193 -8191 -8193 
5 -8321 
1 -8321 
3 -8193 
CPU side received count (scaleup: 2): -7393 -7496 -7417 -7376 -7342 -7447 -7376 -7426 # -8321 -8193 -8193 -8065 -8321 -8193 -819CPU side received count (scaleup: 0): -7435 -7455 -7460 -7396 -7248 -7191 -7463 -7477 # -8193 -8065 -8193 -8321 -8065 -8321 -832CPU side received count (scaleup: 3): -7454 -7440 -7514 -7479 -7503 -7395 -7371 -7429 # -8321 -8321 -8321 -8321 -8193 -8065 -8193 -8193 
1 -8193 
CPU side received count (scaleup: 1): -7464 -7506 -7387 -7493 -7462 -7400 -7266 -7346 # -8193 -8321 -8065 -8321 -8321 -8193 -8193 -8193 
3 -8193 
Elastic buffer uses 4 channels per SM
Elastic buffer uses 4 channels per SM
Elastic buffer uses 4 channels per SM
Elastic buffer uses 4 channels per SM
Elastic buffer uses 4 channels per SM
Elastic buffer uses 4 channels per SM
Elastic buffer uses 4 channels per SM
Elastic buffer uses 4 channels per SM
CPU side received count (scaleup: 2): -7393 -7496 -7417 -7376 -7342 -7447 -7376 -7426 # -8321 -8193 -8193 -8065 -8321 -8193 -819CPU side received count (scaleup: 0): -7435 -7455 -7460 -7396 -7248 -7191 -7463 -7477 # -8193 -8065 -8193 -8321 -8065 -8321 -832CPU side received count (scaleup: 1): -7464 -7506 -7387 -7493 -7462 -7400 -7266 -7346 # -8193 -8321 -8065 -8321 -8321 -8193 -8191 -8193 
3 -8193 
CPU side received count (scaleup: 3): -7454 -7440 -7514 -7479 -7503 -7395 -7371 -7429 # -8321 -8321 -8321 -8321 -8193 -8065 -8193 -8193 
CPU side received count (scaleup: 4): -7424 -7385 -7365 -7453 -7412 -7404 -7545 -7571 # -8193 -8193 -8193 -8321 -8321 -8193 -832CPU side received count (scaleup: 6): -7501 -7389 -7443 -7421 -7361 -7494 -7356 -7372 # -8321 -8193 -8321 -8193 -8193 -8193 -806CPU side received count (scaleup: 5): -7537 -7457 -7391 -7431 -7485 -7464 -7338 -7402 # -8321 -8321 -8193 -8193 -8449 -8193 -819CPU side received count (scaleup: 7): -7456 -7483 -7363 -7412 -7349 -7497 -7518 -7309 # -8193 -8193 -8193 -8193 -8321 -8193 -8323 -8193 
5 -8321 
1 -8193 
3 -8193 
1 -8321 
Elastic buffer uses 4 channels per SM
Elastic buffer uses 4 channels per SM
Elastic buffer uses 4 channels per SM
Elastic buffer uses 4 channels per SM
Elastic buffer uses 4 channels per SM
Elastic buffer uses 4 channels per SM
Elastic buffer uses 4 channels per SM
Elastic buffer uses 4 channels per SM
CPU side received count (scaleup: 4): -7424 -7385 -7365 -7453 -7412 -7404 -7545 -7571 # -8193 -8193 -8193 -8321 -8321 -8193 -832CPU side received count (scaleup: 6): -7501 -7389 -7443 -7421 -7361 -7494 -7356 -7372 # -8321 -8193 -8321 -8193 -8193 -8193 -806CPU side received count (scaleup: 5): -7537 -7457 -7391 -7431 -7485 -7464 -7338 -7402 # -8321 -8321 -8193 -8193 -8449 -8193 -8191 -8193 
5 -8321 
3 -8193 
CPU side received count (scaleup: 0): -7435 -7455 -7460 -7396 -7248 -7191 -7463 -7477 # -8193 -8065 -8193 -8321 -8065 -8321 -832CPU side received count (scaleup: 7): -7456 -7483 -7363 -7412 -7349 -7497 -7518 -7309 # -8193 -8193 -8193 -8193 -8321 -8193 -832CPU side received count (scaleup: 3): -7454 -7440 -7514 -7479 -7503 -7395 -7371 -7429 # -8321 -8321 -8321 -8321 -8193 -8065 -819CPU side received count (scaleup: 2): -7393 -7496 -7417 -7376 -7342 -7447 -7376 -7426 # -8321 -8193 -8193 -8065 -8321 -8193 -8191 -8193 
1 -8321 
3 -8193 
3 -8193 
CPU side received count (scaleup: 1): -7464 -7506 -7387 -7493 -7462 -7400 -7266 -7346 # -8193 -8321 -8065 -8321 -8321 -8193 -8193 -8193 
Elastic buffer uses 4 channels per SM
Elastic buffer uses 4 channels per SM
Elastic buffer uses 4 channels per SM
Elastic buffer uses 4 channels per SM
Elastic buffer uses 4 channels per SM
Elastic buffer uses 4 channels per SM
Elastic buffer uses 4 channels per SM
Elastic buffer uses 4 channels per SM
CPU side received count (scaleup: 6): -7501 -7389 -7443 -7421 -7361 -7494 -7356 -7372 # -8321 -8193 -8321 -8193 -8193 -8193 -806CPU side received count (scaleup: 4): -7424 -7385 -7365 -7453 -7412 -7404 -7545 -7571 # -8193 -8193 -8193 -8321 -8321 -8193 -832CPU side received count (scaleup: 7): -7456 -7483 -7363 -7412 -7349 -7497 -7518 -7309 # -8193 -8193 -8193 -8193 -8321 -8193 -8325 -8321 
1 -8193 
1 -8321 
CPU side received count (scaleup: 0): -7435 -7455 -7460 -7396 -7248 -7191 -7463 -7477 # -8193 -8065 -8193 -8321 -8065 -8321 -832CPU side received count (scaleup: 3): -7454 -7440 -7514 -7479 -7503 -7395 -7371 -7429 # -8321 -8321 -8321 -8321 -8193 -8065 -819CPU side received count (scaleup: 1): -7464 -7506 -7387 -7493 -7462 -7400 -7266 -7346 # -8193 -8321 -8065 -8321 -8321 -8193 -819CPU side received count (scaleup: 2): -7393 -7496 -7417 -7376 -7342 -7447 -7376 -7426 # -8321 -8193 -8193 -8065 -8321 -8193 -8191 -8193 
3 -8193 
CPU side received count (scaleup: 5): -7537 -7457 -7391 -7431 -7485 -7464 -7338 -7402 # -8321 -8321 -8193 -8193 -8449 -8193 -8193 -8193 
3 -8193 
3 -8193 
Elastic buffer uses 4 channels per SM
Elastic buffer uses 4 channels per SM
Elastic buffer uses 4 channels per SM
Elastic buffer uses 4 channels per SM
Elastic buffer uses 4 channels per SM
Elastic buffer uses 4 channels per SM
Elastic buffer uses 4 channels per SM
Elastic buffer uses 4 channels per SM
CPU side received count (scaleup: 2): -7393 -7496 -7417 -7376 -7342 -7447 -7376 -7426 # -8321 -8193 -8193 -8065 -8321 -8193 -819CPU side received count (scaleup: 0): -7435 -7455 -7460 -7396 -7248 -7191 -7463 -7477 # -8193 -8065 -8193 -8321 -8065 -8321 -832CPU side received count (scaleup: 1): -7464 -7506 -7387 -7493 -7462 -7400 -7266 -7346 # -8193 -8321 -8065 -8321 -8321 -8193 -8193 -8193 
1 -8193 
3 -8193 
CPU side received count (scaleup: 3): -7454 -7440 -7514 -7479 -7503 -7395 -7371 -7429 # -8321 -8321 -8321 -8321 -8193 -8065 -8193 -8193 
CPU side received count (scaleup: 6): -7501 -7389 -7443 -7421 -7361 -7494 -7356 -7372 # -8321 -8193 -8321 -8193 -8193 -8193 -806CPU side received count (scaleup: 7): -7456 -7483 -7363 -7412 -7349 -7497 -7518 -7309 # -8193 -8193 -8193 -8193 -8321 -8193 -832CPU side received count (scaleup: 4): -7424 -7385 -7365 -7453 -7412 -7404 -7545 -7571 # -8193 -8193 -8193 -8321 -8321 -8193 -832CPU side received count (scaleup: 5): -7537 -7457 -7391 -7431 -7485 -7464 -7338 -7402 # -8321 -8321 -8193 -8193 -8449 -8193 -8195 -8321 
1 -8321 
1 -8193 
3 -8193 
Elastic buffer uses 4 channels per SM
Elastic buffer uses 4 channels per SM
Elastic buffer uses 4 channels per SM
Elastic buffer uses 4 channels per SM
Elastic buffer uses 4 channels per SM
Elastic buffer uses 4 channels per SM
Elastic buffer uses 4 channels per SM
Elastic buffer uses 4 channels per SM
CPU side received count (scaleup: 3): -7454 -7440 -7514 -7479 -7503 -7395 -7371 -7429 # -8321 -8321 -8321 -8321 -8193 -8065 -819CPU side received count (scaleup: 2): -7393 -7496 -7417 -7376 -7342 -7447 -7376 -7426 # -8321 -8193 -8193 -8065 -8321 -8193 -819CPU side received count (scaleup: 0): -7435 -7455 -7460 -7396 -7248 -7191 -7463 -7477 # -8193 -8065 -8193 -8321 -8065 -8321 -832CPU side received count (scaleup: 1): -7464 -7506 -7387 -7493 -7462 -7400 -7266 -7346 # -8193 -8321 -8065 -8321 -8321 -8193 -8193 -8193 
3 -8193 
CPU side received count (scaleup: 6): -7501 -7389 -7443 -7421 -7361 -7494 -7356 -7372 # -8321 -8193 -8321 -8193 -8193 -8193 -806CPU side received count (scaleup: 5): -7537 -7457 -7391 -7431 -7485 -7464 -7338 -7402 # -8321 -8321 -8193 -8193 -8449 -8193 -819CPU side received count (scaleup: 4): -7424 -7385 -7365 -7453 -7412 -7404 -7545 -7571 # -8193 -8193 -8193 -8321 -8321 -8193 -832CPU side received count (scaleup: 7): -7456 -7483 -7363 -7412 -7349 -7497 -7518 -7309 # -8193 -8193 -8193 -8193 -8321 -8193 -8323 -8193 
1 -8193 
1 -8193 
3 -8193 
5 -8321 
1 -8321 
Elastic buffer uses 4 channels per SM
Elastic buffer uses 4 channels per SM
Elastic buffer uses 4 channels per SM
Elastic buffer uses 4 channels per SM
Elastic buffer uses 4 channels per SM
Elastic buffer uses 4 channels per SM
Elastic buffer uses 4 channels per SM
Elastic buffer uses 4 channels per SM
CPU side received count (scaleup: 5): -7537 -7457 -7391 -7431 -7485 -7464 -7338 -7402 # -8321 -8321 -8193 -8193 -8449 -8193 -819CPU side received count (scaleup: 4): -7424 -7385 -7365 -7453 -7412 -7404 -7545 -7571 # -8193 -8193 -8193 -8321 -8321 -8193 -832CPU side received count (scaleup: 6): -7501 -7389 -7443 -7421 -7361 -7494 -7356 -7372 # -8321 -8193 -8321 -8193 -8193 -8193 -806CPU side received count (scaleup: 7): -7456 -7483 -7363 -7412 -7349 -7497 -7518 -7309 # -8193 -8193 -8193 -8193 -8321 -8193 -8323 -8193 
CPU side received count (scaleup: 3): -7454 -7440 -7514 -7479 -7503 -7395 -7371 -7429 # -8321 -8321 -8321 -8321 -8193 -8065 -8191 -8193 
CPU side received count (scaleup: 1): -7464 -7506 -7387 -7493 -7462 -7400 -7266 -7346 # -8193 -8321 -8065 -8321 -8321 -8193 -819CPU side received count (scaleup: 0): -7435 -7455 -7460 -7396 -7248 -7191 -7463 -7477 # -8193 -8065 -8193 -8321 -8065 -8321 -8325 -8321 
CPU side received count (scaleup: 2): -7393 -7496 -7417 -7376 -7342 -7447 -7376 -7426 # -8321 -8193 -8193 -8065 -8321 -8193 -8191 -8321 
3 -8193 
3 -8193 
1 -8193 
3 -8193 
Elastic buffer uses 4 channels per SM
Elastic buffer uses 4 channels per SM
Elastic buffer uses 4 channels per SM
Elastic buffer uses 4 channels per SM
Elastic buffer uses 4 channels per SM
Elastic buffer uses 4 channels per SM
Elastic buffer uses 4 channels per SM
Elastic buffer uses 4 channels per SM
CPU side received count (scaleup: 4): -7424 -7385 -7365 -7453 -7412 -7404 -7545 -7571 # -8193 -8193 -8193 -8321 -8321 -8193 -832CPU side received count (scaleup: 7): -7456 -7483 -7363 -7412 -7349 -7497 -7518 -7309 # -8193 -8193 -8193 -8193 -8321 -8193 -832CPU side received count (scaleup: 6): -7501 -7389 -7443 -7421 -7361 -7494 -7356 -7372 # -8321 -8193 -8321 -8193 -8193 -8193 -806CPU side received count (scaleup: 5): -7537 -7457 -7391 -7431 -7485 -7464 -7338 -7402 # -8321 -8321 -8193 -8193 -8449 -8193 -8191 -8193 
1 -8321 
3 -8193 
5 -8321 
CPU side received count (scaleup: 2): -7393 -7496 -7417 -7376 -7342 -7447 -7376 -7426 # -8321 -8193 -8193 -8065 -8321 -8193 -819CPU side received count (scaleup: 0): -7435 -7455 -7460 -7396 -7248 -7191 -7463 -7477 # -8193 -8065 -8193 -8321 -8065 -8321 -8323 -8193 
1 -8193 
CPU side received count (scaleup: 3): -7454 -7440 -7514 -7479 -7503 -7395 -7371 -7429 # -8321 -8321 -8321 -8321 -8193 -8065 -819CPU side received count (scaleup: 1): -7464 -7506 -7387 -7493 -7462 -7400 -7266 -7346 # -8193 -8321 -8065 -8321 -8321 -8193 -8193 -8193 
3 -8193 
Elastic buffer uses 4 channels per SM
Elastic buffer uses 4 channels per SM
Elastic buffer uses 4 channels per SM
Elastic buffer uses 4 channels per SM
Elastic buffer uses 4 channels per SM
Elastic buffer uses 4 channels per SM
Elastic buffer uses 4 channels per SM
Elastic buffer uses 4 channels per SM
CPU side received count (scaleup: 3): -7454 -7440 -7514 -7479 -7503 -7395 -7371 -7429 # -8321 -8321 -8321 -8321 -8193 -8065 -819CPU side received count (scaleup: 2): -7393 -7496 -7417 -7376 -7342 -7447 -7376 -7426 # -8321 -8193 -8193 -8065 -8321 -8193 -819CPU side received count (scaleup: 0): -7435 -7455 -7460 -7396 -7248 -7191 -7463 -7477 # -8193 -8065 -8193 -8321 -8065 -8321 -832CPU side received count (scaleup: 1): -7464 -7506 -7387 -7493 -7462 -7400 -7266 -7346 # -8193 -8321 -8065 -8321 -8321 -8193 -8193 -8193 
3 -8193 
1 -8193 
3 -8193 
CPU side received count (scaleup: 7): -7456 -7483 -7363 -7412 -7349 -7497 -7518 -7309 # -8193 -8193 -8193 -8193 -8321 -8193 -832CPU side received count (scaleup: 5): -7537 -7457 -7391 -7431 -7485 -7464 -7338 -7402 # -8321 -8321 -8193 -8193 -8449 -8193 -819CPU side received count (scaleup: 6): -7501 -7389 -7443 -7421 -7361 -7494 -7356 -7372 # -8321 -8193 -8321 -8193 -8193 -8193 -806CPU side received count (scaleup: 4): -7424 -7385 -7365 -7453 -7412 -7404 -7545 -7571 # -8193 -8193 -8193 -8321 -8321 -8193 -8321 -8321 
1 -8193 
3 -8193 
5 -8321 
Elastic buffer uses 4 channels per SM
Elastic buffer uses 4 channels per SM
Elastic buffer uses 4 channels per SM
Elastic buffer uses 4 channels per SM
Elastic buffer uses 4 channels per SM
Elastic buffer uses 4 channels per SM
Elastic buffer uses 4 channels per SM
Elastic buffer uses 4 channels per SM
CPU side received count (scaleup: 6): -7501 -7389 -7443 -7421 -7361 -7494 -7356 -7372 # -8321 -8193 -8321 -8193 -8193 -8193 -806CPU side received count (scaleup: 4): -7424 -7385 -7365 -7453 -7412 -7404 -7545 -7571 # -8193 -8193 -8193 -8321 -8321 -8193 -832CPU side received count (scaleup: 7): -7456 -7483 -7363 -7412 -7349 -7497 -7518 -7309 # -8193 -8193 -8193 -8193 -8321 -8193 -832CPU side received count (scaleup: 5): -7537 -7457 -7391 -7431 -7485 -7464 -7338 -7402 # -8321 -8321 -8193 -8193 -8449 -8193 -819CPU side received count (scaleup: 0): -7435 -7455 -7460 -7396 -7248 -7191 -7463 -7477 # -8193 -8065 -8193 -8321 -8065 -8321 -832CPU side received count (scaleup: 3): -7454 -7440 -7514 -7479 -7503 -7395 -7371 -7429 # -8321 -8321 -8321 -8321 -8193 -8065 -819CPU side received count (scaleup: 2): -7393 -7496 -7417 -7376 -7342 -7447 -7376 -7426 # -8321 -8193 -8193 -8065 -8321 -8193 -819CPU side received count (scaleup: 1): -7464 -7506 -7387 -7493 -7462 -7400 -7266 -7346 # -8193 -8321 -8065 -8321 -8321 -8193 -8193 -8193 
5 -8321 
3 -8193 
1 -8193 
1 -8321 
3 -8193 
1 -8193 
3 -8193 
Elastic buffer uses 4 channels per SM
Elastic buffer uses 4 channels per SM
Elastic buffer uses 4 channels per SM
Elastic buffer uses 4 channels per SM
Elastic buffer uses 4 channels per SM
Elastic buffer uses 4 channels per SM
Elastic buffer uses 4 channels per SM
Elastic buffer uses 4 channels per SM
USDT:2026-08-25 02:22:40 441:441 SyncActivityProfilerHandler.cpp:52] profiler_startUSDT:2026-08-25 02:22:40 437:437 SyncActivityProfilerHandler.cpp:52] profiler_startUSDT:2026-08-25 02:22:40 436:436 SyncActivityProfilerHandler.cpp:52] profiler_startUSDT:2026-08-25 02:22:40 438:438 SyncActivityProfilerHandler.cpp:52] profiler_start



USDT:2026-08-25 02:22:40 440:440 SyncActivityProfilerHandler.cpp:52] profiler_startUSDT:2026-08-25 02:22:40 435:435 SyncActivityProfilerHandler.cpp:52] profiler_start
USDT:2026-08-25 02:22:40 434:434 SyncActivityProfilerHandler.cpp:52] profiler_startUSDT:2026-08-25 02:22:40 439:439 SyncActivityProfilerHandler.cpp:52] profiler_start


CPU side received count (scaleup: 3): -7454 -7440 -7514 -7479 -7503 -7395 -7371 -7429 # -8321 -8321 -8321 -8321 -8193 -8065 -819CPU side received count (scaleup: 2): -7393 -7496 -7417 -7376 -7342 -7447 -7376 -7426 # -8321 -8193 -8193 -8065 -8321 -8193 -819CPU side received count (scaleup: 0): -7435 -7455 -7460 -7396 -7248 -7191 -7463 -7477 # -8193 -8065 -8193 -8321 -8065 -8321 -832CPU side received count (scaleup: 1): -7464 -7506 -7387 -7493 -7462 -7400 -7266 -7346 # -8193 -8321 -8065 -8321 -8321 -8193 -8193 -8193 
3 -8193 
3 -8193 
1 -8193 
CPU side received count (scaleup: 4): -7424 -7385 -7365 -7453 -7412 -7404 -7545 -7571 # -8193 -8193 -8193 -8321 -8321 -8193 -832CPU side received count (scaleup: 6): -7501 -7389 -7443 -7421 -7361 -7494 -7356 -7372 # -8321 -8193 -8321 -8193 -8193 -8193 -806CPU side received count (scaleup: 7): -7456 -7483 -7363 -7412 -7349 -7497 -7518 -7309 # -8193 -8193 -8193 -8193 -8321 -8193 -8321 -8193 
CPU side received count (scaleup: 5): -7537 -7457 -7391 -7431 -7485 -7464 -7338 -7402 # -8321 -8321 -8193 -8193 -8449 -8193 -8195 -8321 
1 -8321 
3 -8193 
Elastic buffer uses 4 channels per SM
Elastic buffer uses 4 channels per SM
Elastic buffer uses 4 channels per SM
Elastic buffer uses 4 channels per SM
Elastic buffer uses 4 channels per SM
Elastic buffer uses 4 channels per SM
Elastic buffer uses 4 channels per SM
Elastic buffer uses 4 channels per SM
CPU side received count (scaleup: 6): -7501 -7389 -7443 -7421 -7361 -7494 -7356 -7372 # -8321 -8193 -8321 -8193 -8193 -8193 -806CPU side received count (scaleup: 4): -7424 -7385 -7365 -7453 -7412 -7404 -7545 -7571 # -8193 -8193 -8193 -8321 -8321 -8193 -832CPU side received count (scaleup: 5): -7537 -7457 -7391 -7431 -7485 -7464 -7338 -7402 # -8321 -8321 -8193 -8193 -8449 -8193 -8195 -8321 
CPU side received count (scaleup: 7): -7456 -7483 -7363 -7412 -7349 -7497 -7518 -7309 # -8193 -8193 -8193 -8193 -8321 -8193 -8321 -8193 
3 -8193 
1 -8321 
CPU side received count (scaleup: 0): -7435 -7455 -7460 -7396 -7248 -7191 -7463 -7477 # -8193 -8065 -8193 -8321 -8065 -8321 -832CPU side received count (scaleup: 3): -7454 -7440 -7514 -7479 -7503 -7395 -7371 -7429 # -8321 -8321 -8321 -8321 -8193 -8065 -819CPU side received count (scaleup: 2): -7393 -7496 -7417 -7376 -7342 -7447 -7376 -7426 # -8321 -8193 -8193 -8065 -8321 -8193 -819CPU side received count (scaleup: 1): -7464 -7506 -7387 -7493 -7462 -7400 -7266 -7346 # -8193 -8321 -8065 -8321 -8321 -8193 -8191 -8193 
3 -8193 
3 -8193 
3 -8193 
Elastic buffer uses 4 channels per SM
Elastic buffer uses 4 channels per SM
Elastic buffer uses 4 channels per SM
Elastic buffer uses 4 channels per SM
Elastic buffer uses 4 channels per SM
Elastic buffer uses 4 channels per SM
Elastic buffer uses 4 channels per SM
Elastic buffer uses 4 channels per SM
CPU side received count (scaleup: 5): -7537 -7457 -7391 -7431 -7485 -7464 -7338 -7402 # -8321 -8321 -8193 -8193 -8449 -8193 -819CPU side received count (scaleup: 7): -7456 -7483 -7363 -7412 -7349 -7497 -7518 -7309 # -8193 -8193 -8193 -8193 -8321 -8193 -832CPU side received count (scaleup: 6): -7501 -7389 -7443 -7421 -7361 -7494 -7356 -7372 # -8321 -8193 -8321 -8193 -8193 -8193 -806CPU side received count (scaleup: 4): -7424 -7385 -7365 -7453 -7412 -7404 -7545 -7571 # -8193 -8193 -8193 -8321 -8321 -8193 -8323 -8193 
1 -8321 
5 -8321 
1 -8193 
CPU side received count (scaleup: 0): -7435 -7455 -7460 -7396 -7248 -7191 -7463 -7477 # -8193 -8065 -8193 -8321 -8065 -8321 -832CPU side received count (scaleup: 2): -7393 -7496 -7417 -7376 -7342 -7447 -7376 -7426 # -8321 -8193 -8193 -8065 -8321 -8193 -819CPU side received count (scaleup: 3): -7454 -7440 -7514 -7479 -7503 -7395 -7371 -7429 # -8321 -8321 -8321 -8321 -8193 -8065 -8191 -8193 
3 -8193 
CPU side received count (scaleup: 1): -7464 -7506 -7387 -7493 -7462 -7400 -7266 -7346 # -8193 -8321 -8065 -8321 -8321 -8193 -8193 -8193 
3 -8193 
Elastic buffer uses 4 channels per SM
Elastic buffer uses 4 channels per SM
Elastic buffer uses 4 channels per SM
Elastic buffer uses 4 channels per SM
Elastic buffer uses 4 channels per SM
Elastic buffer uses 4 channels per SM
Elastic buffer uses 4 channels per SM
Elastic buffer uses 4 channels per SM
CPU side received count (scaleup: 5): -7537 -7457 -7391 -7431 -7485 -7464 -7338 -7402 # -8321 -8321 -8193 -8193 -8449 -8193 -819CPU side received count (scaleup: 7): -7456 -7483 -7363 -7412 -7349 -7497 -7518 -7309 # -8193 -8193 -8193 -8193 -8321 -8193 -832CPU side received count (scaleup: 4): -7424 -7385 -7365 -7453 -7412 -7404 -7545 -7571 # -8193 -8193 -8193 -8321 -8321 -8193 -8323 -8193 
1 -8321 
1 -8193 
CPU side received count (scaleup: 6): -7501 -7389 -7443 -7421 -7361 -7494 -7356 -7372 # -8321 -8193 -8321 -8193 -8193 -8193 -8065 -8321 
CPU side received count (scaleup: 3): -7454 -7440 -7514 -7479 -7503 -7395 -7371 -7429 # -8321 -8321 -8321 -8321 -8193 -8065 -819CPU side received count (scaleup: 0): -7435 -7455 -7460 -7396 -7248 -7191 -7463 -7477 # -8193 -8065 -8193 -8321 -8065 -8321 -832CPU side received count (scaleup: 2): -7393 -7496 -7417 -7376 -7342 -7447 -7376 -7426 # -8321 -8193 -8193 -8065 -8321 -8193 -819CPU side received count (scaleup: 1): -7464 -7506 -7387 -7493 -7462 -7400 -7266 -7346 # -8193 -8321 -8065 -8321 -8321 -8193 -8191 -8193 
3 -8193 
3 -8193 
3 -8193 
Elastic buffer uses 4 channels per SM
Elastic buffer uses 4 channels per SM
Elastic buffer uses 4 channels per SM
Elastic buffer uses 4 channels per SM
Elastic buffer uses 4 channels per SM
Elastic buffer uses 4 channels per SM
Elastic buffer uses 4 channels per SM
Elastic buffer uses 4 channels per SM
CPU side received count (scaleup: 4): -7424 -7385 -7365 -7453 -7412 -7404 -7545 -7571 # -8193 -8193 -8193 -8321 -8321 -8193 -832CPU side received count (scaleup: 6): -7501 -7389 -7443 -7421 -7361 -7494 -7356 -7372 # -8321 -8193 -8321 -8193 -8193 -8193 -806CPU side received count (scaleup: 7): -7456 -7483 -7363 -7412 -7349 -7497 -7518 -7309 # -8193 -8193 -8193 -8193 -8321 -8193 -8321 -8193 
CPU side received count (scaleup: 5): -7537 -7457 -7391 -7431 -7485 -7464 -7338 -7402 # -8321 -8321 -8193 -8193 -8449 -8193 -8195 -8321 
1 -8321 
3 -8193 
CPU side received count (scaleup: 2): -7393 -7496 -7417 -7376 -7342 -7447 -7376 -7426 # -8321 -8193 -8193 -8065 -8321 -8193 -819CPU side received count (scaleup: 0): -7435 -7455 -7460 -7396 -7248 -7191 -7463 -7477 # -8193 -8065 -8193 -8321 -8065 -8321 -832CPU side received count (scaleup: 1): -7464 -7506 -7387 -7493 -7462 -7400 -7266 -7346 # -8193 -8321 -8065 -8321 -8321 -8193 -819CPU side received count (scaleup: 3): -7454 -7440 -7514 -7479 -7503 -7395 -7371 -7429 # -8321 -8321 -8321 -8321 -8193 -8065 -8193 -8193 
3 -8193 
1 -8193 
3 -8193 
Elastic buffer uses 4 channels per SM
Elastic buffer uses 4 channels per SM
Elastic buffer uses 4 channels per SM
Elastic buffer uses 4 channels per SM
Elastic buffer uses 4 channels per SM
Elastic buffer uses 4 channels per SM
Elastic buffer uses 4 channels per SM
Elastic buffer uses 4 channels per SM
CPU side received count (scaleup: 4): -7424 -7385 -7365 -7453 -7412 -7404 -7545 -7571 # -8193 -8193 -8193 -8321 -8321 -8193 -832CPU side received count (scaleup: 6): -7501 -7389 -7443 -7421 -7361 -7494 -7356 -7372 # -8321 -8193 -8321 -8193 -8193 -8193 -8061 -8193 
5 -8321 
CPU side received count (scaleup: 7): -7456 -7483 -7363 -7412 -7349 -7497 -7518 -7309 # -8193 -8193 -8193 -8193 -8321 -8193 -832CPU side received count (scaleup: 5): -7537 -7457 -7391 -7431 -7485 -7464 -7338 -7402 # -8321 -8321 -8193 -8193 -8449 -8193 -8191 -8321 
3 -8193 
CPU side received count (scaleup: 0): -7435 -7455 -7460 -7396 -7248 -7191 -7463 -7477 # -8193 -8065 -8193 -8321 -8065 -8321 -832CPU side received count (scaleup: 1): -7464 -7506 -7387 -7493 -7462 -7400 -7266 -7346 # -8193 -8321 -8065 -8321 -8321 -8193 -819CPU side received count (scaleup: 2): -7393 -7496 -7417 -7376 -7342 -7447 -7376 -7426 # -8321 -8193 -8193 -8065 -8321 -8193 -8191 -8193 
3 -8193 
CPU side received count (scaleup: 3): -7454 -7440 -7514 -7479 -7503 -7395 -7371 -7429 # -8321 -8321 -8321 -8321 -8193 -8065 -8193 -8193 
3 -8193 
Elastic buffer uses 4 channels per SM
Elastic buffer uses 4 channels per SM
Elastic buffer uses 4 channels per SM
Elastic buffer uses 4 channels per SM
Elastic buffer uses 4 channels per SM
Elastic buffer uses 4 channels per SM
Elastic buffer uses 4 channels per SM
Elastic buffer uses 4 channels per SM
CPU side received count (scaleup: 4): -7424 -7385 -7365 -7453 -7412 -7404 -7545 -7571 # -8193 -8193 -8193 -8321 -8321 -8193 -832CPU side received count (scaleup: 6): -7501 -7389 -7443 -7421 -7361 -7494 -7356 -7372 # -8321 -8193 -8321 -8193 -8193 -8193 -806CPU side received count (scaleup: 5): -7537 -7457 -7391 -7431 -7485 -7464 -7338 -7402 # -8321 -8321 -8193 -8193 -8449 -8193 -819CPU side received count (scaleup: 7): -7456 -7483 -7363 -7412 -7349 -7497 -7518 -7309 # -8193 -8193 -8193 -8193 -8321 -8193 -8321 -8193 
5 -8321 
CPU side received count (scaleup: 3): -7454 -7440 -7514 -7479 -7503 -7395 -7371 -7429 # -8321 -8321 -8321 -8321 -8193 -8065 -819CPU side received count (scaleup: 0): -7435 -7455 -7460 -7396 -7248 -7191 -7463 -7477 # -8193 -8065 -8193 -8321 -8065 -8321 -8321 -8321 
3 -8193 
3 -8193 
CPU side received count (scaleup: 2): -7393 -7496 -7417 -7376 -7342 -7447 -7376 -7426 # -8321 -8193 -8193 -8065 -8321 -8193 -819CPU side received count (scaleup: 1): -7464 -7506 -7387 -7493 -7462 -7400 -7266 -7346 # -8193 -8321 -8065 -8321 -8321 -8193 -8191 -8193 
3 -8193 
3 -8193 
Elastic buffer uses 4 channels per SM
Elastic buffer uses 4 channels per SM
Elastic buffer uses 4 channels per SM
Elastic buffer uses 4 channels per SM
Elastic buffer uses 4 channels per SM
Elastic buffer uses 4 channels per SM
Elastic buffer uses 4 channels per SM
Elastic buffer uses 4 channels per SM
CPU side received count (scaleup: 5): -7537 -7457 -7391 -7431 -7485 -7464 -7338 -7402 # -8321 -8321 -8193 -8193 -8449 -8193 -819CPU side received count (scaleup: 7): -7456 -7483 -7363 -7412 -7349 -7497 -7518 -7309 # -8193 -8193 -8193 -8193 -8321 -8193 -832CPU side received count (scaleup: 6): -7501 -7389 -7443 -7421 -7361 -7494 -7356 -7372 # -8321 -8193 -8321 -8193 -8193 -8193 -806CPU side received count (scaleup: 4): -7424 -7385 -7365 -7453 -7412 -7404 -7545 -7571 # -8193 -8193 -8193 -8321 -8321 -8193 -8323 -8193 
CPU side received count (scaleup: 3): -7454 -7440 -7514 -7479 -7503 -7395 -7371 -7429 # -8321 -8321 -8321 -8321 -8193 -8065 -8195 -8321 
1 -8193 
CPU side received count (scaleup: 1): -7464 -7506 -7387 -7493 -7462 -7400 -7266 -7346 # -8193 -8321 -8065 -8321 -8321 -8193 -819CPU side received count (scaleup: 2): -7393 -7496 -7417 -7376 -7342 -7447 -7376 -7426 # -8321 -8193 -8193 -8065 -8321 -8193 -819CPU side received count (scaleup: 0): -7435 -7455 -7460 -7396 -7248 -7191 -7463 -7477 # -8193 -8065 -8193 -8321 -8065 -8321 -8321 -8321 
3 -8193 
3 -8193 
3 -8193 
1 -8193 
Elastic buffer uses 4 channels per SM
Elastic buffer uses 4 channels per SM
Elastic buffer uses 4 channels per SM
Elastic buffer uses 4 channels per SM
Elastic buffer uses 4 channels per SM
Elastic buffer uses 4 channels per SM
Elastic buffer uses 4 channels per SM
Elastic buffer uses 4 channels per SM
CPU side received count (scaleup: 6): -7501 -7389 -7443 -7421 -7361 -7494 -7356 -7372 # -8321 -8193 -8321 -8193 -8193 -8193 -806CPU side received count (scaleup: 4): -7424 -7385 -7365 -7453 -7412 -7404 -7545 -7571 # -8193 -8193 -8193 -8321 -8321 -8193 -832CPU side received count (scaleup: 7): -7456 -7483 -7363 -7412 -7349 -7497 -7518 -7309 # -8193 -8193 -8193 -8193 -8321 -8193 -832CPU side received count (scaleup: 5): -7537 -7457 -7391 -7431 -7485 -7464 -7338 -7402 # -8321 -8321 -8193 -8193 -8449 -8193 -819CPU side received count (scaleup: 3): -7454 -7440 -7514 -7479 -7503 -7395 -7371 -7429 # -8321 -8321 -8321 -8321 -8193 -8065 -819CPU side received count (scaleup: 0): -7435 -7455 -7460 -7396 -7248 -7191 -7463 -7477 # -8193 -8065 -8193 -8321 -8065 -8321 -8321 -8193 
1 -8321 
CPU side received count (scaleup: 2): -7393 -7496 -7417 -7376 -7342 -7447 -7376 -7426 # -8321 -8193 -8193 -8065 -8321 -8193 -8195 -8321 
CPU side received count (scaleup: 1): -7464 -7506 -7387 -7493 -7462 -7400 -7266 -7346 # -8193 -8321 -8065 -8321 -8321 -8193 -8193 -8193 
3 -8193 
1 -8193 
3 -8193 
3 -8193 
Elastic buffer uses 4 channels per SM
Elastic buffer uses 4 channels per SM
Elastic buffer uses 4 channels per SM
Elastic buffer uses 4 channels per SM
Elastic buffer uses 4 channels per SM
Elastic buffer uses 4 channels per SM
Elastic buffer uses 4 channels per SM
Elastic buffer uses 4 channels per SM
CPU side received count (scaleup: 3): -7454 -7440 -7514 -7479 -7503 -7395 -7371 -7429 # -8321 -8321 -8321 -8321 -8193 -8065 -819CPU side received count (scaleup: 0): -7435 -7455 -7460 -7396 -7248 -7191 -7463 -7477 # -8193 -8065 -8193 -8321 -8065 -8321 -832CPU side received count (scaleup: 2): -7393 -7496 -7417 -7376 -7342 -7447 -7376 -7426 # -8321 -8193 -8193 -8065 -8321 -8193 -8193 -8193 
1 -8193 
3 -8193 
CPU side received count (scaleup: 1): -7464 -7506 -7387 -7493 -7462 -7400 -7266 -7346 # -8193 -8321 -8065 -8321 -8321 -8193 -8193 -8193 
CPU side received count (scaleup: 4): -7424 -7385 -7365 -7453 -7412 -7404 -7545 -7571 # -8193 -8193 -8193 -8321 -8321 -8193 -832CPU side received count (scaleup: 5): -7537 -7457 -7391 -7431 -7485 -7464 -7338 -7402 # -8321 -8321 -8193 -8193 -8449 -8193 -8193 -8193 
CPU side received count (scaleup: 6): -7501 -7389 -7443 -7421 -7361 -7494 -7356 -7372 # -8321 -8193 -8321 -8193 -8193 -8193 -8061 -8193 
CPU side received count (scaleup: 7): -7456 -7483 -7363 -7412 -7349 -7497 -7518 -7309 # -8193 -8193 -8193 -8193 -8321 -8193 -8325 -8321 
1 -8321 
Elastic buffer uses 4 channels per SM
Elastic buffer uses 4 channels per SM
Elastic buffer uses 4 channels per SM
Elastic buffer uses 4 channels per SM
Elastic buffer uses 4 channels per SM
Elastic buffer uses 4 channels per SM
Elastic buffer uses 4 channels per SM
Elastic buffer uses 4 channels per SM
CPU side received count (scaleup: 6): -7501 -7389 -7443 -7421 -7361 -7494 -7356 -7372 # -8321 -8193 -8321 -8193 -8193 -8193 -806CPU side received count (scaleup: 4): -7424 -7385 -7365 -7453 -7412 -7404 -7545 -7571 # -8193 -8193 -8193 -8321 -8321 -8193 -832CPU side received count (scaleup: 5): -7537 -7457 -7391 -7431 -7485 -7464 -7338 -7402 # -8321 -8321 -8193 -8193 -8449 -8193 -819CPU side received count (scaleup: 7): -7456 -7483 -7363 -7412 -7349 -7497 -7518 -7309 # -8193 -8193 -8193 -8193 -8321 -8193 -8325 -8321 
CPU side received count (scaleup: 2): -7393 -7496 -7417 -7376 -7342 -7447 -7376 -7426 # -8321 -8193 -8193 -8065 -8321 -8193 -819CPU side received count (scaleup: 0): -7435 -7455 -7460 -7396 -7248 -7191 -7463 -7477 # -8193 -8065 -8193 -8321 -8065 -8321 -832CPU side received count (scaleup: 3): -7454 -7440 -7514 -7479 -7503 -7395 -7371 -7429 # -8321 -8321 -8321 -8321 -8193 -8065 -819CPU side received count (scaleup: 1): -7464 -7506 -7387 -7493 -7462 -7400 -7266 -7346 # -8193 -8321 -8065 -8321 -8321 -8193 -8193 -8193 
1 -8193 
1 -8193 
3 -8193 
1 -8321 
3 -8193 
3 -8193 
Elastic buffer uses 4 channels per SM
Elastic buffer uses 4 channels per SM
Elastic buffer uses 4 channels per SM
Elastic buffer uses 4 channels per SM
Elastic buffer uses 4 channels per SM
Elastic buffer uses 4 channels per SM
Elastic buffer uses 4 channels per SM
Elastic buffer uses 4 channels per SM
CPU side received count (scaleup: 6): -7501 -7389 -7443 -7421 -7361 -7494 -7356 -7372 # -8321 -8193 -8321 -8193 -8193 -8193 -806CPU side received count (scaleup: 7): -7456 -7483 -7363 -7412 -7349 -7497 -7518 -7309 # -8193 -8193 -8193 -8193 -8321 -8193 -832CPU side received count (scaleup: 5): -7537 -7457 -7391 -7431 -7485 -7464 -7338 -7402 # -8321 -8321 -8193 -8193 -8449 -8193 -8195 -8321 
1 -8321 
CPU side received count (scaleup: 3): -7454 -7440 -7514 -7479 -7503 -7395 -7371 -7429 # -8321 -8321 -8321 -8321 -8193 -8065 -819CPU side received count (scaleup: 2): -7393 -7496 -7417 -7376 -7342 -7447 -7376 -7426 # -8321 -8193 -8193 -8065 -8321 -8193 -8193 -8193 
CPU side received count (scaleup: 1): -7464 -7506 -7387 -7493 -7462 -7400 -7266 -7346 # -8193 -8321 -8065 -8321 -8321 -8193 -8193 -8193 
CPU side received count (scaleup: 4): -7424 -7385 -7365 -7453 -7412 -7404 -7545 -7571 # -8193 -8193 -8193 -8321 -8321 -8193 -832CPU side received count (scaleup: 0): -7435 -7455 -7460 -7396 -7248 -7191 -7463 -7477 # -8193 -8065 -8193 -8321 -8065 -8321 -8323 -8193 
1 -8193 
3 -8193 
1 -8193 
Elastic buffer uses 4 channels per SM
Elastic buffer uses 4 channels per SM
Elastic buffer uses 4 channels per SM
Elastic buffer uses 4 channels per SM
Elastic buffer uses 4 channels per SM
Elastic buffer uses 4 channels per SM
Elastic buffer uses 4 channels per SM
Elastic buffer uses 4 channels per SM
CPU side received count (scaleup: 4): -7424 -7385 -7365 -7453 -7412 -7404 -7545 -7571 # -8193 -8193 -8193 -8321 -8321 -8193 -832CPU side received count (scaleup: 5): -7537 -7457 -7391 -7431 -7485 -7464 -7338 -7402 # -8321 -8321 -8193 -8193 -8449 -8193 -819CPU side received count (scaleup: 6): -7501 -7389 -7443 -7421 -7361 -7494 -7356 -7372 # -8321 -8193 -8321 -8193 -8193 -8193 -806CPU side received count (scaleup: 7): -7456 -7483 -7363 -7412 -7349 -7497 -7518 -7309 # -8193 -8193 -8193 -8193 -8321 -8193 -8321 -8193 
3 -8193 
5 -8321 
CPU side received count (scaleup: 0): -7435 -7455 -7460 -7396 -7248 -7191 -7463 -7477 # -8193 -8065 -8193 -8321 -8065 -8321 -832CPU side received count (scaleup: 2): -7393 -7496 -7417 -7376 -7342 -7447 -7376 -7426 # -8321 -8193 -8193 -8065 -8321 -8193 -819CPU side received count (scaleup: 1): -7464 -7506 -7387 -7493 -7462 -7400 -7266 -7346 # -8193 -8321 -8065 -8321 -8321 -8193 -819CPU side received count (scaleup: 3): -7454 -7440 -7514 -7479 -7503 -7395 -7371 -7429 # -8321 -8321 -8321 -8321 -8193 -8065 -8191 -8321 
3 -8193 
1 -8193 
3 -8193 
3 -8193 
Elastic buffer uses 4 channels per SM
Elastic buffer uses 4 channels per SM
Elastic buffer uses 4 channels per SM
Elastic buffer uses 4 channels per SM
Elastic buffer uses 4 channels per SM
Elastic buffer uses 4 channels per SM
Elastic buffer uses 4 channels per SM
Elastic buffer uses 4 channels per SM
CPU side received count (scaleup: 6): -7501 -7389 -7443 -7421 -7361 -7494 -7356 -7372 # -8321 -8193 -8321 -8193 -8193 -8193 -806CPU side received count (scaleup: 7): -7456 -7483 -7363 -7412 -7349 -7497 -7518 -7309 # -8193 -8193 -8193 -8193 -8321 -8193 -832CPU side received count (scaleup: 5): -7537 -7457 -7391 -7431 -7485 -7464 -7338 -7402 # -8321 -8321 -8193 -8193 -8449 -8193 -819CPU side received count (scaleup: 3): -7454 -7440 -7514 -7479 -7503 -7395 -7371 -7429 # -8321 -8321 -8321 -8321 -8193 -8065 -8195 -8321 
CPU side received count (scaleup: 2): -7393 -7496 -7417 -7376 -7342 -7447 -7376 -7426 # -8321 -8193 -8193 -8065 -8321 -8193 -819CPU side received count (scaleup: 4): -7424 -7385 -7365 -7453 -7412 -7404 -7545 -7571 # -8193 -8193 -8193 -8321 -8321 -8193 -8321 -8321 
CPU side received count (scaleup: 0): -7435 -7455 -7460 -7396 -7248 -7191 -7463 -7477 # -8193 -8065 -8193 -8321 -8065 -8321 -832CPU side received count (scaleup: 1): -7464 -7506 -7387 -7493 -7462 -7400 -7266 -7346 # -8193 -8321 -8065 -8321 -8321 -8193 -8193 -8193 
3 -8193 
3 -8193 
1 -8193 
1 -8193 
3 -8193 
Elastic buffer uses 4 channels per SM
Elastic buffer uses 4 channels per SM
Elastic buffer uses 4 channels per SM
Elastic buffer uses 4 channels per SM
Elastic buffer uses 4 channels per SM
Elastic buffer uses 4 channels per SM
Elastic buffer uses 4 channels per SM
Elastic buffer uses 4 channels per SM
CPU side received count (scaleup: 0): -7435 -7455 -7460 -7396 -7248 -7191 -7463 -7477 # -8193 -8065 -8193 -8321 -8065 -8321 -832CPU side received count (scaleup: 3): -7454 -7440 -7514 -7479 -7503 -7395 -7371 -7429 # -8321 -8321 -8321 -8321 -8193 -8065 -819CPU side received count (scaleup: 2): -7393 -7496 -7417 -7376 -7342 -7447 -7376 -7426 # -8321 -8193 -8193 -8065 -8321 -8193 -819CPU side received count (scaleup: 1): -7464 -7506 -7387 -7493 -7462 -7400 -7266 -7346 # -8193 -8321 -8065 -8321 -8321 -8193 -8191 -8193 
CPU side received count (scaleup: 6): -7501 -7389 -7443 -7421 -7361 -7494 -7356 -7372 # -8321 -8193 -8321 -8193 -8193 -8193 -806CPU side received count (scaleup: 4): -7424 -7385 -7365 -7453 -7412 -7404 -7545 -7571 # -8193 -8193 -8193 -8321 -8321 -8193 -832CPU side received count (scaleup: 5): -7537 -7457 -7391 -7431 -7485 -7464 -7338 -7402 # -8321 -8321 -8193 -8193 -8449 -8193 -8193 -8193 
3 -8193 
CPU side received count (scaleup: 7): -7456 -7483 -7363 -7412 -7349 -7497 -7518 -7309 # -8193 -8193 -8193 -8193 -8321 -8193 -8323 -8193 
1 -8193 
5 -8321 
3 -8193 
1 -8321 
Elastic buffer uses 4 channels per SM
Elastic buffer uses 4 channels per SM
Elastic buffer uses 4 channels per SM
Elastic buffer uses 4 channels per SM
Elastic buffer uses 4 channels per SM
Elastic buffer uses 4 channels per SM
Elastic buffer uses 4 channels per SM
Elastic buffer uses 4 channels per SM
CPU side received count (scaleup: 6): -7501 -7389 -7443 -7421 -7361 -7494 -7356 -7372 # -8321 -8193 -8321 -8193 -8193 -8193 -806CPU side received count (scaleup: 4): -7424 -7385 -7365 -7453 -7412 -7404 -7545 -7571 # -8193 -8193 -8193 -8321 -8321 -8193 -832CPU side received count (scaleup: 7): -7456 -7483 -7363 -7412 -7349 -7497 -7518 -7309 # -8193 -8193 -8193 -8193 -8321 -8193 -832CPU side received count (scaleup: 5): -7537 -7457 -7391 -7431 -7485 -7464 -7338 -7402 # -8321 -8321 -8193 -8193 -8449 -8193 -8191 -8193 
5 -8321 
1 -8321 
3 -8193 
CPU side received count (scaleup: 3): -7454 -7440 -7514 -7479 -7503 -7395 -7371 -7429 # -8321 -8321 -8321 -8321 -8193 -8065 -819CPU side received count (scaleup: 2): -7393 -7496 -7417 -7376 -7342 -7447 -7376 -7426 # -8321 -8193 -8193 -8065 -8321 -8193 -8193 -8193 
CPU side received count (scaleup: 0): -7435 -7455 -7460 -7396 -7248 -7191 -7463 -7477 # -8193 -8065 -8193 -8321 -8065 -8321 -832CPU side received count (scaleup: 1): -7464 -7506 -7387 -7493 -7462 -7400 -7266 -7346 # -8193 -8321 -8065 -8321 -8321 -8193 -8193 -8193 
1 -8193 
3 -8193 
Elastic buffer uses 4 channels per SM
Elastic buffer uses 4 channels per SM
Elastic buffer uses 4 channels per SM
Elastic buffer uses 4 channels per SM
Elastic buffer uses 4 channels per SM
Elastic buffer uses 4 channels per SM
Elastic buffer uses 4 channels per SM
Elastic buffer uses 4 channels per SM
CPU side received count (scaleup: 3): -7454 -7440 -7514 -7479 -7503 -7395 -7371 -7429 # -8321 -8321 -8321 -8321 -8193 -8065 -819CPU side received count (scaleup: 2): -7393 -7496 -7417 -7376 -7342 -7447 -7376 -7426 # -8321 -8193 -8193 -8065 -8321 -8193 -819CPU side received count (scaleup: 0): -7435 -7455 -7460 -7396 -7248 -7191 -7463 -7477 # -8193 -8065 -8193 -8321 -8065 -8321 -832CPU side received count (scaleup: 1): -7464 -7506 -7387 -7493 -7462 -7400 -7266 -7346 # -8193 -8321 -8065 -8321 -8321 -8193 -819CPU side received count (scaleup: 6): -7501 -7389 -7443 -7421 -7361 -7494 -7356 -7372 # -8321 -8193 -8321 -8193 -8193 -8193 -806CPU side received count (scaleup: 7): -7456 -7483 -7363 -7412 -7349 -7497 -7518 -7309 # -8193 -8193 -8193 -8193 -8321 -8193 -8323 -8193 
3 -8193 
CPU side received count (scaleup: 4): -7424 -7385 -7365 -7453 -7412 -7404 -7545 -7571 # -8193 -8193 -8193 -8321 -8321 -8193 -8323 -8193 
1 -8321 
CPU side received count (scaleup: 5): -7537 -7457 -7391 -7431 -7485 -7464 -7338 -7402 # -8321 -8321 -8193 -8193 -8449 -8193 -8191 -8193 
5 -8321 
1 -8193 
3 -8193 
Elastic buffer uses 4 channels per SM
Elastic buffer uses 4 channels per SM
Elastic buffer uses 4 channels per SM
Elastic buffer uses 4 channels per SM
Elastic buffer uses 4 channels per SM
Elastic buffer uses 4 channels per SM
Elastic buffer uses 4 channels per SM
Elastic buffer uses 4 channels per SM
CPU side received count (scaleup: 3): -7454 -7440 -7514 -7479 -7503 -7395 -7371 -7429 # -8321 -8321 -8321 -8321 -8193 -8065 -819CPU side received count (scaleup: 0): -7435 -7455 -7460 -7396 -7248 -7191 -7463 -7477 # -8193 -8065 -8193 -8321 -8065 -8321 -832CPU side received count (scaleup: 1): -7464 -7506 -7387 -7493 -7462 -7400 -7266 -7346 # -8193 -8321 -8065 -8321 -8321 -8193 -819CPU side received count (scaleup: 2): -7393 -7496 -7417 -7376 -7342 -7447 -7376 -7426 # -8321 -8193 -8193 -8065 -8321 -8193 -8191 -8193 
3 -8193 
3 -8193 
3 -8193 
CPU side received count (scaleup: 6): -7501 -7389 -7443 -7421 -7361 -7494 -7356 -7372 # -8321 -8193 -8321 -8193 -8193 -8193 -806CPU side received count (scaleup: 4): -7424 -7385 -7365 -7453 -7412 -7404 -7545 -7571 # -8193 -8193 -8193 -8321 -8321 -8193 -832CPU side received count (scaleup: 7): -7456 -7483 -7363 -7412 -7349 -7497 -7518 -7309 # -8193 -8193 -8193 -8193 -8321 -8193 -8325 -8321 
1 -8193 
CPU side received count (scaleup: 5): -7537 -7457 -7391 -7431 -7485 -7464 -7338 -7402 # -8321 -8321 -8193 -8193 -8449 -8193 -8191 -8321 
3 -8193 
Elastic buffer uses 4 channels per SM
Elastic buffer uses 4 channels per SM
Elastic buffer uses 4 channels per SM
Elastic buffer uses 4 channels per SM
Elastic buffer uses 4 channels per SM
Elastic buffer uses 4 channels per SM
Elastic buffer uses 4 channels per SM
Elastic buffer uses 4 channels per SM
CPU side received count (scaleup: 6): -7501 -7389 -7443 -7421 -7361 -7494 -7356 -7372 # -8321 -8193 -8321 -8193 -8193 -8193 -806CPU side received count (scaleup: 4): -7424 -7385 -7365 -7453 -7412 -7404 -7545 -7571 # -8193 -8193 -8193 -8321 -8321 -8193 -832CPU side received count (scaleup: 5): -7537 -7457 -7391 -7431 -7485 -7464 -7338 -7402 # -8321 -8321 -8193 -8193 -8449 -8193 -819CPU side received count (scaleup: 7): -7456 -7483 -7363 -7412 -7349 -7497 -7518 -7309 # -8193 -8193 -8193 -8193 -8321 -8193 -8325 -8321 
1 -8193 
3 -8193 
1 -8321 
CPU side received count (scaleup: 1): -7464 -7506 -7387 -7493 -7462 -7400 -7266 -7346 # -8193 -8321 -8065 -8321 -8321 -8193 -819CPU side received count (scaleup: 0): -7435 -7455 -7460 -7396 -7248 -7191 -7463 -7477 # -8193 -8065 -8193 -8321 -8065 -8321 -832CPU side received count (scaleup: 2): -7393 -7496 -7417 -7376 -7342 -7447 -7376 -7426 # -8321 -8193 -8193 -8065 -8321 -8193 -8193 -8193 
CPU side received count (scaleup: 3): -7454 -7440 -7514 -7479 -7503 -7395 -7371 -7429 # -8321 -8321 -8321 -8321 -8193 -8065 -8191 -8193 
3 -8193 
3 -8193 
Elastic buffer uses 4 channels per SM
Elastic buffer uses 4 channels per SM
Elastic buffer uses 4 channels per SM
Elastic buffer uses 4 channels per SM
Elastic buffer uses 4 channels per SM
Elastic buffer uses 4 channels per SM
Elastic buffer uses 4 channels per SM
Elastic buffer uses 4 channels per SM
CPU side received count (scaleup: 5): -7537 -7457 -7391 -7431 -7485 -7464 -7338 -7402 # -8321 -8321 -8193 -8193 -8449 -8193 -819CPU side received count (scaleup: 7): -7456 -7483 -7363 -7412 -7349 -7497 -7518 -7309 # -8193 -8193 -8193 -8193 -8321 -8193 -832CPU side received count (scaleup: 6): -7501 -7389 -7443 -7421 -7361 -7494 -7356 -7372 # -8321 -8193 -8321 -8193 -8193 -8193 -8063 -8193 
1 -8321 
5 -8321 
CPU side received count (scaleup: 2): -7393 -7496 -7417 -7376 -7342 -7447 -7376 -7426 # -8321 -8193 -8193 -8065 -8321 -8193 -819CPU side received count (scaleup: 0): -7435 -7455 -7460 -7396 -7248 -7191 -7463 -7477 # -8193 -8065 -8193 -8321 -8065 -8321 -832CPU side received count (scaleup: 3): -7454 -7440 -7514 -7479 -7503 -7395 -7371 -7429 # -8321 -8321 -8321 -8321 -8193 -8065 -819CPU side received count (scaleup: 1): -7464 -7506 -7387 -7493 -7462 -7400 -7266 -7346 # -8193 -8321 -8065 -8321 -8321 -8193 -819CPU side received count (scaleup: 4): -7424 -7385 -7365 -7453 -7412 -7404 -7545 -7571 # -8193 -8193 -8193 -8321 -8321 -8193 -8323 -8193 
3 -8193 
1 -8193 
3 -8193 
1 -8193 
Elastic buffer uses 4 channels per SM
Elastic buffer uses 4 channels per SM
Elastic buffer uses 4 channels per SM
Elastic buffer uses 4 channels per SM
Elastic buffer uses 4 channels per SM
Elastic buffer uses 4 channels per SM
Elastic buffer uses 4 channels per SM
Elastic buffer uses 4 channels per SM
CPU side received count (scaleup: 3): -7454 -7440 -7514 -7479 -7503 -7395 -7371 -7429 # -8321 -8321 -8321 -8321 -8193 -8065 -819CPU side received count (scaleup: 2): -7393 -7496 -7417 -7376 -7342 -7447 -7376 -7426 # -8321 -8193 -8193 -8065 -8321 -8193 -819CPU side received count (scaleup: 0): -7435 -7455 -7460 -7396 -7248 -7191 -7463 -7477 # -8193 -8065 -8193 -8321 -8065 -8321 -832CPU side received count (scaleup: 1): -7464 -7506 -7387 -7493 -7462 -7400 -7266 -7346 # -8193 -8321 -8065 -8321 -8321 -8193 -8193 -8193 
1 -8193 
3 -8193 
CPU side received count (scaleup: 4): -7424 -7385 -7365 -7453 -7412 -7404 -7545 -7571 # -8193 -8193 -8193 -8321 -8321 -8193 -8323 -8193 
CPU side received count (scaleup: 5): -7537 -7457 -7391 -7431 -7485 -7464 -7338 -7402 # -8321 -8321 -8193 -8193 -8449 -8193 -819CPU side received count (scaleup: 6): -7501 -7389 -7443 -7421 -7361 -7494 -7356 -7372 # -8321 -8193 -8321 -8193 -8193 -8193 -806CPU side received count (scaleup: 7): -7456 -7483 -7363 -7412 -7349 -7497 -7518 -7309 # -8193 -8193 -8193 -8193 -8321 -8193 -8323 -8193 
1 -8193 
5 -8321 
1 -8321 
Elastic buffer uses 4 channels per SM
Elastic buffer uses 4 channels per SM
Elastic buffer uses 4 channels per SM
Elastic buffer uses 4 channels per SM
Elastic buffer uses 4 channels per SM
Elastic buffer uses 4 channels per SM
Elastic buffer uses 4 channels per SM
Elastic buffer uses 4 channels per SM
CPU side received count (scaleup: 6): -7501 -7389 -7443 -7421 -7361 -7494 -7356 -7372 # -8321 -8193 -8321 -8193 -8193 -8193 -806CPU side received count (scaleup: 7): -7456 -7483 -7363 -7412 -7349 -7497 -7518 -7309 # -8193 -8193 -8193 -8193 -8321 -8193 -832CPU side received count (scaleup: 4): -7424 -7385 -7365 -7453 -7412 -7404 -7545 -7571 # -8193 -8193 -8193 -8321 -8321 -8193 -832CPU side received count (scaleup: 5): -7537 -7457 -7391 -7431 -7485 -7464 -7338 -7402 # -8321 -8321 -8193 -8193 -8449 -8193 -8195 -8321 
1 -8321 
1 -8193 
3 -8193 
CPU side received count (scaleup: 0): -7435 -7455 -7460 -7396 -7248 -7191 -7463 -7477 # -8193 -8065 -8193 -8321 -8065 -8321 -832CPU side received count (scaleup: 1): -7464 -7506 -7387 -7493 -7462 -7400 -7266 -7346 # -8193 -8321 -8065 -8321 -8321 -8193 -819CPU side received count (scaleup: 2): -7393 -7496 -7417 -7376 -7342 -7447 -7376 -7426 # -8321 -8193 -8193 -8065 -8321 -8193 -8193 -8193 
CPU side received count (scaleup: 3): -7454 -7440 -7514 -7479 -7503 -7395 -7371 -7429 # -8321 -8321 -8321 -8321 -8193 -8065 -8191 -8193 
3 -8193 
3 -8193 
Elastic buffer uses 4 channels per SM
Elastic buffer uses 4 channels per SM
Elastic buffer uses 4 channels per SM
Elastic buffer uses 4 channels per SM
Elastic buffer uses 4 channels per SM
Elastic buffer uses 4 channels per SM
Elastic buffer uses 4 channels per SM
Elastic buffer uses 4 channels per SM
CPU side received count (scaleup: 6): -7501 -7389 -7443 -7421 -7361 -7494 -7356 -7372 # -8321 -8193 -8321 -8193 -8193 -8193 -806CPU side received count (scaleup: 4): -7424 -7385 -7365 -7453 -7412 -7404 -7545 -7571 # -8193 -8193 -8193 -8321 -8321 -8193 -832CPU side received count (scaleup: 7): -7456 -7483 -7363 -7412 -7349 -7497 -7518 -7309 # -8193 -8193 -8193 -8193 -8321 -8193 -8325 -8321 
1 -8193 
1 -8321 
CPU side received count (scaleup: 5): -7537 -7457 -7391 -7431 -7485 -7464 -7338 -7402 # -8321 -8321 -8193 -8193 -8449 -8193 -8193 -8193 
CPU side received count (scaleup: 3): -7454 -7440 -7514 -7479 -7503 -7395 -7371 -7429 # -8321 -8321 -8321 -8321 -8193 -8065 -819CPU side received count (scaleup: 0): -7435 -7455 -7460 -7396 -7248 -7191 -7463 -7477 # -8193 -8065 -8193 -8321 -8065 -8321 -832CPU side received count (scaleup: 2): -7393 -7496 -7417 -7376 -7342 -7447 -7376 -7426 # -8321 -8193 -8193 -8065 -8321 -8193 -819CPU side received count (scaleup: 1): -7464 -7506 -7387 -7493 -7462 -7400 -7266 -7346 # -8193 -8321 -8065 -8321 -8321 -8193 -8193 -8193 
1 -8193 
3 -8193 
3 -8193 
Elastic buffer uses 4 channels per SM
Elastic buffer uses 4 channels per SM
Elastic buffer uses 4 channels per SM
Elastic buffer uses 4 channels per SM
Elastic buffer uses 4 channels per SM
Elastic buffer uses 4 channels per SM
Elastic buffer uses 4 channels per SM
Elastic buffer uses 4 channels per SM
CPU side received count (scaleup: 3): -7454 -7440 -7514 -7479 -7503 -7395 -7371 -7429 # -8321 -8321 -8321 -8321 -8193 -8065 -819CPU side received count (scaleup: 0): -7435 -7455 -7460 -7396 -7248 -7191 -7463 -7477 # -8193 -8065 -8193 -8321 -8065 -8321 -832CPU side received count (scaleup: 2): -7393 -7496 -7417 -7376 -7342 -7447 -7376 -7426 # -8321 -8193 -8193 -8065 -8321 -8193 -8193 -8193 
1 -8193 
CPU side received count (scaleup: 1): -7464 -7506 -7387 -7493 -7462 -7400 -7266 -7346 # -8193 -8321 -8065 -8321 -8321 -8193 -8193 -8193 
3 -8193 
CPU side received count (scaleup: 4): -7424 -7385 -7365 -7453 -7412 -7404 -7545 -7571 # -8193 -8193 -8193 -8321 -8321 -8193 -832CPU side received count (scaleup: 6): -7501 -7389 -7443 -7421 -7361 -7494 -7356 -7372 # -8321 -8193 -8321 -8193 -8193 -8193 -8065 -8321 
1 -8193 
CPU side received count (scaleup: 5): -7537 -7457 -7391 -7431 -7485 -7464 -7338 -7402 # -8321 -8321 -8193 -8193 -8449 -8193 -819CPU side received count (scaleup: 7): -7456 -7483 -7363 -7412 -7349 -7497 -7518 -7309 # -8193 -8193 -8193 -8193 -8321 -8193 -8323 -8193 
1 -8321 
Elastic buffer uses 4 channels per SM
Elastic buffer uses 4 channels per SM
Elastic buffer uses 4 channels per SM
Elastic buffer uses 4 channels per SM
Elastic buffer uses 4 channels per SM
Elastic buffer uses 4 channels per SM
Elastic buffer uses 4 channels per SM
Elastic buffer uses 4 channels per SM
CPU side received count (scaleup: 3): -7454 -7440 -7514 -7479 -7503 -7395 -7371 -7429 # -8321 -8321 -8321 -8321 -8193 -8065 -819CPU side received count (scaleup: 0): -7435 -7455 -7460 -7396 -7248 -7191 -7463 -7477 # -8193 -8065 -8193 -8321 -8065 -8321 -832CPU side received count (scaleup: 2): -7393 -7496 -7417 -7376 -7342 -7447 -7376 -7426 # -8321 -8193 -8193 -8065 -8321 -8193 -819CPU side received count (scaleup: 1): -7464 -7506 -7387 -7493 -7462 -7400 -7266 -7346 # -8193 -8321 -8065 -8321 -8321 -8193 -8193 -8193 
1 -8193 
3 -8193 
3 -8193 
CPU side received count (scaleup: 6): -7501 -7389 -7443 -7421 -7361 -7494 -7356 -7372 # -8321 -8193 -8321 -8193 -8193 -8193 -806CPU side received count (scaleup: 7): -7456 -7483 -7363 -7412 -7349 -7497 -7518 -7309 # -8193 -8193 -8193 -8193 -8321 -8193 -832CPU side received count (scaleup: 4): -7424 -7385 -7365 -7453 -7412 -7404 -7545 -7571 # -8193 -8193 -8193 -8321 -8321 -8193 -832CPU side received count (scaleup: 5): -7537 -7457 -7391 -7431 -7485 -7464 -7338 -7402 # -8321 -8321 -8193 -8193 -8449 -8193 -8195 -8321 
1 -8321 
1 -8193 
3 -8193 
Elastic buffer uses 4 channels per SM
Elastic buffer uses 4 channels per SM
Elastic buffer uses 4 channels per SM
Elastic buffer uses 4 channels per SM
Elastic buffer uses 4 channels per SM
Elastic buffer uses 4 channels per SM
Elastic buffer uses 4 channels per SM
Elastic buffer uses 4 channels per SM
CPU side received count (scaleup: 6): -7501 -7389 -7443 -7421 -7361 -7494 -7356 -7372 # -8321 -8193 -8321 -8193 -8193 -8193 -806CPU side received count (scaleup: 7): -7456 -7483 -7363 -7412 -7349 -7497 -7518 -7309 # -8193 -8193 -8193 -8193 -8321 -8193 -832CPU side received count (scaleup: 5): -7537 -7457 -7391 -7431 -7485 -7464 -7338 -7402 # -8321 -8321 -8193 -8193 -8449 -8193 -8195 -8321 
1 -8321 
3 -8193 
CPU side received count (scaleup: 3): -7454 -7440 -7514 -7479 -7503 -7395 -7371 -7429 # -8321 -8321 -8321 -8321 -8193 -8065 -819CPU side received count (scaleup: 4): -7424 -7385 -7365 -7453 -7412 -7404 -7545 -7571 # -8193 -8193 -8193 -8321 -8321 -8193 -832CPU side received count (scaleup: 1): -7464 -7506 -7387 -7493 -7462 -7400 -7266 -7346 # -8193 -8321 -8065 -8321 -8321 -8193 -8193 -8193 
CPU side received count (scaleup: 2): -7393 -7496 -7417 -7376 -7342 -7447 -7376 -7426 # -8321 -8193 -8193 -8065 -8321 -8193 -819CPU side received count (scaleup: 0): -7435 -7455 -7460 -7396 -7248 -7191 -7463 -7477 # -8193 -8065 -8193 -8321 -8065 -8321 -8321 -8193 
3 -8193 
3 -8193 
1 -8193 
Elastic buffer uses 4 channels per SM
Elastic buffer uses 4 channels per SM
Elastic buffer uses 4 channels per SM
Elastic buffer uses 4 channels per SM
Elastic buffer uses 4 channels per SM
Elastic buffer uses 4 channels per SM
Elastic buffer uses 4 channels per SM
Elastic buffer uses 4 channels per SM
CPU side received count (scaleup: 4): -7424 -7385 -7365 -7453 -7412 -7404 -7545 -7571 # -8193 -8193 -8193 -8321 -8321 -8193 -832CPU side received count (scaleup: 6): -7501 -7389 -7443 -7421 -7361 -7494 -7356 -7372 # -8321 -8193 -8321 -8193 -8193 -8193 -806CPU side received count (scaleup: 5): -7537 -7457 -7391 -7431 -7485 -7464 -7338 -7402 # -8321 -8321 -8193 -8193 -8449 -8193 -819CPU side received count (scaleup: 7): -7456 -7483 -7363 -7412 -7349 -7497 -7518 -7309 # -8193 -8193 -8193 -8193 -8321 -8193 -8321 -8193 
5 -8321 
3 -8193 
1 -8321 
CPU side received count (scaleup: 0): -7435 -7455 -7460 -7396 -7248 -7191 -7463 -7477 # -8193 -8065 -8193 -8321 -8065 -8321 -832CPU side received count (scaleup: 3): -7454 -7440 -7514 -7479 -7503 -7395 -7371 -7429 # -8321 -8321 -8321 -8321 -8193 -8065 -819CPU side received count (scaleup: 2): -7393 -7496 -7417 -7376 -7342 -7447 -7376 -7426 # -8321 -8193 -8193 -8065 -8321 -8193 -8191 -8193 
3 -8193 
CPU side received count (scaleup: 1): -7464 -7506 -7387 -7493 -7462 -7400 -7266 -7346 # -8193 -8321 -8065 -8321 -8321 -8193 -8193 -8193 
3 -8193 
Elastic buffer uses 4 channels per SM
Elastic buffer uses 4 channels per SM
Elastic buffer uses 4 channels per SM
Elastic buffer uses 4 channels per SM
Elastic buffer uses 4 channels per SM
Elastic buffer uses 4 channels per SM
Elastic buffer uses 4 channels per SM
Elastic buffer uses 4 channels per SM
CPU side received count (scaleup: 6): -7501 -7389 -7443 -7421 -7361 -7494 -7356 -7372 # -8321 -8193 -8321 -8193 -8193 -8193 -806CPU side received count (scaleup: 4): -7424 -7385 -7365 -7453 -7412 -7404 -7545 -7571 # -8193 -8193 -8193 -8321 -8321 -8193 -832CPU side received count (scaleup: 7): -7456 -7483 -7363 -7412 -7349 -7497 -7518 -7309 # -8193 -8193 -8193 -8193 -8321 -8193 -832CPU side received count (scaleup: 5): -7537 -7457 -7391 -7431 -7485 -7464 -7338 -7402 # -8321 -8321 -8193 -8193 -8449 -8193 -8195 -8321 
1 -8321 
1 -8193 
3 -8193 
CPU side received count (scaleup: 3): -7454 -7440 -7514 -7479 -7503 -7395 -7371 -7429 # -8321 -8321 -8321 -8321 -8193 -8065 -819CPU side received count (scaleup: 1): -7464 -7506 -7387 -7493 -7462 -7400 -7266 -7346 # -8193 -8321 -8065 -8321 -8321 -8193 -819CPU side received count (scaleup: 0): -7435 -7455 -7460 -7396 -7248 -7191 -7463 -7477 # -8193 -8065 -8193 -8321 -8065 -8321 -8323 -8193 
CPU side received count (scaleup: 2): -7393 -7496 -7417 -7376 -7342 -7447 -7376 -7426 # -8321 -8193 -8193 -8065 -8321 -8193 -8193 -8193 
1 -8193 
3 -8193 
Elastic buffer uses 4 channels per SM
Elastic buffer uses 4 channels per SM
Elastic buffer uses 4 channels per SM
Elastic buffer uses 4 channels per SM
Elastic buffer uses 4 channels per SM
Elastic buffer uses 4 channels per SM
Elastic buffer uses 4 channels per SM
Elastic buffer uses 4 channels per SM
CPU side received count (scaleup: 6): -7501 -7389 -7443 -7421 -7361 -7494 -7356 -7372 # -8321 -8193 -8321 -8193 -8193 -8193 -806CPU side received count (scaleup: 5): -7537 -7457 -7391 -7431 -7485 -7464 -7338 -7402 # -8321 -8321 -8193 -8193 -8449 -8193 -819CPU side received count (scaleup: 4): -7424 -7385 -7365 -7453 -7412 -7404 -7545 -7571 # -8193 -8193 -8193 -8321 -8321 -8193 -832CPU side received count (scaleup: 7): -7456 -7483 -7363 -7412 -7349 -7497 -7518 -7309 # -8193 -8193 -8193 -8193 -8321 -8193 -8325 -8321 
3 -8193 
1 -8193 
1 -8321 
CPU side received count (scaleup: 2): -7393 -7496 -7417 -7376 -7342 -7447 -7376 -7426 # -8321 -8193 -8193 -8065 -8321 -8193 -819CPU side received count (scaleup: 3): -7454 -7440 -7514 -7479 -7503 -7395 -7371 -7429 # -8321 -8321 -8321 -8321 -8193 -8065 -819CPU side received count (scaleup: 0): -7435 -7455 -7460 -7396 -7248 -7191 -7463 -7477 # -8193 -8065 -8193 -8321 -8065 -8321 -8323 -8193 
CPU side received count (scaleup: 1): -7464 -7506 -7387 -7493 -7462 -7400 -7266 -7346 # -8193 -8321 -8065 -8321 -8321 -8193 -8193 -8193 
1 -8193 
3 -8193 
Elastic buffer uses 4 channels per SM
Elastic buffer uses 4 channels per SM
Elastic buffer uses 4 channels per SM
Elastic buffer uses 4 channels per SM
Elastic buffer uses 4 channels per SM
Elastic buffer uses 4 channels per SM
Elastic buffer uses 4 channels per SM
Elastic buffer uses 4 channels per SM
CPU side received count (scaleup: 3): -7454 -7440 -7514 -7479 -7503 -7395 -7371 -7429 # -8321 -8321 -8321 -8321 -8193 -8065 -819CPU side received count (scaleup: 2): -7393 -7496 -7417 -7376 -7342 -7447 -7376 -7426 # -8321 -8193 -8193 -8065 -8321 -8193 -819CPU side received count (scaleup: 0): -7435 -7455 -7460 -7396 -7248 -7191 -7463 -7477 # -8193 -8065 -8193 -8321 -8065 -8321 -832CPU side received count (scaleup: 1): -7464 -7506 -7387 -7493 -7462 -7400 -7266 -7346 # -8193 -8321 -8065 -8321 -8321 -8193 -8193 -8193 
3 -8193 
1 -8193 
3 -8193 
CPU side received count (scaleup: 4): -7424 -7385 -7365 -7453 -7412 -7404 -7545 -7571 # -8193 -8193 -8193 -8321 -8321 -8193 -832CPU side received count (scaleup: 6): -7501 -7389 -7443 -7421 -7361 -7494 -7356 -7372 # -8321 -8193 -8321 -8193 -8193 -8193 -8061 -8193 
CPU side received count (scaleup: 7): -7456 -7483 -7363 -7412 -7349 -7497 -7518 -7309 # -8193 -8193 -8193 -8193 -8321 -8193 -8325 -8321 
CPU side received count (scaleup: 5): -7537 -7457 -7391 -7431 -7485 -7464 -7338 -7402 # -8321 -8321 -8193 -8193 -8449 -8193 -8191 -8321 
3 -8193 
USDT:2026-08-25 02:22:40 439:439 SyncActivityProfilerHandler.cpp:59] profiler_stopUSDT:2026-08-25 02:22:40 436:436 SyncActivityProfilerHandler.cpp:59] profiler_stop
USDT:2026-08-25 02:22:40 438:438 SyncActivityProfilerHandler.cpp:59] profiler_stop
USDT:2026-08-25 02:22:40 440:440 SyncActivityProfilerHandler.cpp:59] profiler_stopUSDT:2026-08-25 02:22:40 435:435 SyncActivityProfilerHandler.cpp:59] profiler_stopUSDT:2026-08-25 02:22:40 437:437 SyncActivityProfilerHandler.cpp:59] profiler_stop



USDT:2026-08-25 02:22:40 434:434 SyncActivityProfilerHandler.cpp:59] profiler_stop
USDT:2026-08-25 02:22:40 441:441 SyncActivityProfilerHandler.cpp:59] profiler_stop
   - EP:  11/32 | expanded dispatch: 51 GB/s (SO), 103 GB/s (SU), 4345.000 us, 446112576 bytes | copy: 2206 GB/s, 426.857 us
   - EP:  10/32 | expanded dispatch: 51 GB/s (SO), 102 GB/s (SU), 4345.000 us, 443776320 bytes | copy: 2009 GB/s, 466.663 us
   - EP:  12/32 | expanded dispatch: 51 GB/s (SO), 103 GB/s (SU), 4345.000 us, 445917888 bytes | copy: 2091 GB/s, 450.309 us
   - EP:  14/32 | expanded dispatch: 51 GB/s (SO), 102 GB/s (SU), 4345.000 us, 444255552 bytes | copy: 2127 GB/s, 441.346 us
   - EP:  15/32 | expanded dispatch: 51 GB/s (SO), 102 GB/s (SU), 4345.000 us, 444629952 bytes | copy: 2055 GB/s, 457.592 us
   - EP:   8/32 | expanded dispatch: 51 GB/s (SO), 102 GB/s (SU), 4345.000 us, 442668096 bytes | copy: 2152 GB/s, 435.184 us
   - EP:   9/32 | expanded dispatch: 51 GB/s (SO), 102 GB/s (SU), 4345.000 us, 444158208 bytes | copy: 2181 GB/s, 430.538 us
   - EP:  13/32 | expanded dispatch: 51 GB/s (SO), 103 GB/s (SU), 4345.000 us, 445513536 bytes | copy: 2170 GB/s, 434.132 us
Elastic buffer uses 4 channels per SM
Elastic buffer uses 4 channels per SM
Elastic buffer uses 4 channels per SM
Elastic buffer uses 4 channels per SM
Elastic buffer uses 4 channels per SM
Elastic buffer uses 4 channels per SM
Elastic buffer uses 4 channels per SM
Elastic buffer uses 4 channels per SM
Elastic buffer uses 4 channels per SM
Elastic buffer uses 4 channels per SM
Elastic buffer uses 4 channels per SM
Elastic buffer uses 4 channels per SM
Elastic buffer uses 4 channels per SM
Elastic buffer uses 4 channels per SM
Elastic buffer uses 4 channels per SM
Elastic buffer uses 4 channels per SM
Elastic buffer uses 4 channels per SM
Elastic buffer uses 4 channels per SM
Elastic buffer uses 4 channels per SM
Elastic buffer uses 4 channels per SM
Elastic buffer uses 4 channels per SM
Elastic buffer uses 4 channels per SM
Elastic buffer uses 4 channels per SM
Elastic buffer uses 4 channels per SM
Elastic buffer uses 4 channels per SM
Elastic buffer uses 4 channels per SM
Elastic buffer uses 4 channels per SM
Elastic buffer uses 4 channels per SM
Elastic buffer uses 4 channels per SM
Elastic buffer uses 4 channels per SM
Elastic buffer uses 4 channels per SM
Elastic buffer uses 4 channels per SM
Elastic buffer uses 4 channels per SM
Elastic buffer uses 4 channels per SM
Elastic buffer uses 4 channels per SM
Elastic buffer uses 4 channels per SM
Elastic buffer uses 4 channels per SM
Elastic buffer uses 4 channels per SM
Elastic buffer uses 4 channels per SM
Elastic buffer uses 4 channels per SM
Elastic buffer uses 4 channels per SM
Elastic buffer uses 4 channels per SM
Elastic buffer uses 4 channels per SM
Elastic buffer uses 4 channels per SM
Elastic buffer uses 4 channels per SM
Elastic buffer uses 4 channels per SM
Elastic buffer uses 4 channels per SM
Elastic buffer uses 4 channels per SM
Elastic buffer uses 4 channels per SM
Elastic buffer uses 4 channels per SM
Elastic buffer uses 4 channels per SM
Elastic buffer uses 4 channels per SM
Elastic buffer uses 4 channels per SM
Elastic buffer uses 4 channels per SM
Elastic buffer uses 4 channels per SM
Elastic buffer uses 4 channels per SM
Elastic buffer uses 4 channels per SM
Elastic buffer uses 4 channels per SM
Elastic buffer uses 4 channels per SM
Elastic buffer uses 4 channels per SM
Elastic buffer uses 4 channels per SM
Elastic buffer uses 4 channels per SM
Elastic buffer uses 4 channels per SM
Elastic buffer uses 4 channels per SM
Elastic buffer uses 4 channels per SM
Elastic buffer uses 4 channels per SM
Elastic buffer uses 4 channels per SM
Elastic buffer uses 4 channels per SM
Elastic buffer uses 4 channels per SM
Elastic buffer uses 4 channels per SM
Elastic buffer uses 4 channels per SM
Elastic buffer uses 4 channels per SM
Elastic buffer uses 4 channels per SM
Elastic buffer uses 4 channels per SM
Elastic buffer uses 4 channels per SM
Elastic buffer uses 4 channels per SM
Elastic buffer uses 4 channels per SM
Elastic buffer uses 4 channels per SM
Elastic buffer uses 4 channels per SM
Elastic buffer uses 4 channels per SM
Elastic buffer uses 4 channels per SM
Elastic buffer uses 4 channels per SM
Elastic buffer uses 4 channels per SM
Elastic buffer uses 4 channels per SM
Elastic buffer uses 4 channels per SM
Elastic buffer uses 4 channels per SM
Elastic buffer uses 4 channels per SM
Elastic buffer uses 4 channels per SM
Elastic buffer uses 4 channels per SM
Elastic buffer uses 4 channels per SM
Elastic buffer uses 4 channels per SM
Elastic buffer uses 4 channels per SM
Elastic buffer uses 4 channels per SM
Elastic buffer uses 4 channels per SM
Elastic buffer uses 4 channels per SM
Elastic buffer uses 4 channels per SM
Elastic buffer uses 4 channels per SM
Elastic buffer uses 4 channels per SM
Elastic buffer uses 4 channels per SM
Elastic buffer uses 4 channels per SM
Elastic buffer uses 4 channels per SM
Elastic buffer uses 4 channels per SM
Elastic buffer uses 4 channels per SM
Elastic buffer uses 4 channels per SM
Elastic buffer uses 4 channels per SM
Elastic buffer uses 4 channels per SM
Elastic buffer uses 4 channels per SM
Elastic buffer uses 4 channels per SM
Elastic buffer uses 4 channels per SM
Elastic buffer uses 4 channels per SM
Elastic buffer uses 4 channels per SM
Elastic buffer uses 4 channels per SM
Elastic buffer uses 4 channels per SM
Elastic buffer uses 4 channels per SM
Elastic buffer uses 4 channels per SM
Elastic buffer uses 4 channels per SM
Elastic buffer uses 4 channels per SM
Elastic buffer uses 4 channels per SM
Elastic buffer uses 4 channels per SM
Elastic buffer uses 4 channels per SM
Elastic buffer uses 4 channels per SM
Elastic buffer uses 4 channels per SM
Elastic buffer uses 4 channels per SM
Elastic buffer uses 4 channels per SM
Elastic buffer uses 4 channels per SM
Elastic buffer uses 4 channels per SM
Elastic buffer uses 4 channels per SM
Elastic buffer uses 4 channels per SM
Elastic buffer uses 4 channels per SM
Elastic buffer uses 4 channels per SM
Elastic buffer uses 4 channels per SM
Elastic buffer uses 4 channels per SM
Elastic buffer uses 4 channels per SM
Elastic buffer uses 4 channels per SM
Elastic buffer uses 4 channels per SM
Elastic buffer uses 4 channels per SM
Elastic buffer uses 4 channels per SM
Elastic buffer uses 4 channels per SM
Elastic buffer uses 4 channels per SM
Elastic buffer uses 4 channels per SM
Elastic buffer uses 4 channels per SM
Elastic buffer uses 4 channels per SM
Elastic buffer uses 4 channels per SM
Elastic buffer uses 4 channels per SM
Elastic buffer uses 4 channels per SM
Elastic buffer uses 4 channels per SM
Elastic buffer uses 4 channels per SM
Elastic buffer uses 4 channels per SM
Elastic buffer uses 4 channels per SM
Elastic buffer uses 4 channels per SM
Elastic buffer uses 4 channels per SM
Elastic buffer uses 4 channels per SM
Elastic buffer uses 4 channels per SM
Elastic buffer uses 4 channels per SM
Elastic buffer uses 4 channels per SM
Elastic buffer uses 4 channels per SM
Elastic buffer uses 4 channels per SM
Elastic buffer uses 4 channels per SM
Elastic buffer uses 4 channels per SM
Elastic buffer uses 4 channels per SM
Elastic buffer uses 4 channels per SM
Elastic buffer uses 4 channels per SM
Elastic buffer uses 4 channels per SM
Elastic buffer uses 4 channels per SM
Elastic buffer uses 4 channels per SM
Elastic buffer uses 4 channels per SM
Elastic buffer uses 4 channels per SM
Elastic buffer uses 4 channels per SM
Elastic buffer uses 4 channels per SM
Elastic buffer uses 4 channels per SM
Elastic buffer uses 4 channels per SM
Elastic buffer uses 4 channels per SM
Elastic buffer uses 4 channels per SM
Elastic buffer uses 4 channels per SM
Elastic buffer uses 4 channels per SM
Elastic buffer uses 4 channels per SM
Elastic buffer uses 4 channels per SM
Elastic buffer uses 4 channels per SM
Elastic buffer uses 4 channels per SM
Elastic buffer uses 4 channels per SM
Elastic buffer uses 4 channels per SM
Elastic buffer uses 4 channels per SM
Elastic buffer uses 4 channels per SM
Elastic buffer uses 4 channels per SM
Elastic buffer uses 4 channels per SM
Elastic buffer uses 4 channels per SM
Elastic buffer uses 4 channels per SM
Elastic buffer uses 4 channels per SM
Elastic buffer uses 4 channels per SM
Elastic buffer uses 4 channels per SM
Elastic buffer uses 4 channels per SM
Elastic buffer uses 4 channels per SM
Elastic buffer uses 4 channels per SM
Elastic buffer uses 4 channels per SM
Elastic buffer uses 4 channels per SM
Elastic buffer uses 4 channels per SM
Elastic buffer uses 4 channels per SM
Elastic buffer uses 4 channels per SM
Elastic buffer uses 4 channels per SM
Elastic buffer uses 4 channels per SM
Elastic buffer uses 4 channels per SM
Elastic buffer uses 4 channels per SM
Elastic buffer uses 4 channels per SM
Elastic buffer uses 4 channels per SM
Elastic buffer uses 4 channels per SM
Elastic buffer uses 4 channels per SM
Elastic buffer uses 4 channels per SM
Elastic buffer uses 4 channels per SM
Elastic buffer uses 4 channels per SM
Elastic buffer uses 4 channels per SM
Elastic buffer uses 4 channels per SM
Elastic buffer uses 4 channels per SM
Elastic buffer uses 4 channels per SM
Elastic buffer uses 4 channels per SM
Elastic buffer uses 4 channels per SM
Elastic buffer uses 4 channels per SM
Elastic buffer uses 4 channels per SM
Elastic buffer uses 4 channels per SM
Elastic buffer uses 4 channels per SM
Elastic buffer uses 4 channels per SM
Elastic buffer uses 4 channels per SM
Elastic buffer uses 4 channels per SM
Elastic buffer uses 4 channels per SM
Elastic buffer uses 4 channels per SM
Elastic buffer uses 4 channels per SM
Elastic buffer uses 4 channels per SM
Elastic buffer uses 4 channels per SM
Elastic buffer uses 4 channels per SM
Elastic buffer uses 4 channels per SM
Elastic buffer uses 4 channels per SM
Elastic buffer uses 4 channels per SM
Elastic buffer uses 4 channels per SM
Elastic buffer uses 4 channels per SM
Elastic buffer uses 4 channels per SM
Elastic buffer uses 4 channels per SM
Elastic buffer uses 4 channels per SM
Elastic buffer uses 4 channels per SM
Elastic buffer uses 4 channels per SM
Elastic buffer uses 4 channels per SM
Elastic buffer uses 4 channels per SM
Elastic buffer uses 4 channels per SM
Elastic buffer uses 4 channels per SM
Elastic buffer uses 4 channels per SM
Elastic buffer uses 4 channels per SM
Elastic buffer uses 4 channels per SM
Elastic buffer uses 4 channels per SM
Elastic buffer uses 4 channels per SM
Elastic buffer uses 4 channels per SM
Elastic buffer uses 4 channels per SM
Elastic buffer uses 4 channels per SM
Elastic buffer uses 4 channels per SM
Elastic buffer uses 4 channels per SM
Elastic buffer uses 4 channels per SM
Elastic buffer uses 4 channels per SM
Elastic buffer uses 4 channels per SM
Elastic buffer uses 4 channels per SM
Elastic buffer uses 4 channels per SM
Elastic buffer uses 4 channels per SM
Elastic buffer uses 4 channels per SM
Elastic buffer uses 4 channels per SM
Elastic buffer uses 4 channels per SM
Elastic buffer uses 4 channels per SM
Elastic buffer uses 4 channels per SM
Elastic buffer uses 4 channels per SM
USDT:2026-08-25 02:22:41 435:435 SyncActivityProfilerHandler.cpp:52] profiler_startUSDT:2026-08-25 02:22:41 440:440 SyncActivityProfilerHandler.cpp:52] profiler_startUSDT:2026-08-25 02:22:41 438:438 SyncActivityProfilerHandler.cpp:52] profiler_startUSDT:2026-08-25 02:22:41 436:436 SyncActivityProfilerHandler.cpp:52] profiler_startUSDT:2026-08-25 02:22:41 441:441 SyncActivityProfilerHandler.cpp:52] profiler_startUSDT:2026-08-25 02:22:41 437:437 SyncActivityProfilerHandler.cpp:52] profiler_start

USDT:2026-08-25 02:22:41 439:439 SyncActivityProfilerHandler.cpp:52] profiler_startUSDT:2026-08-25 02:22:41 434:434 SyncActivityProfilerHandler.cpp:52] profiler_start





Elastic buffer uses 4 channels per SM
Elastic buffer uses 4 channels per SM
Elastic buffer uses 4 channels per SM
Elastic buffer uses 4 channels per SM
Elastic buffer uses 4 channels per SM
Elastic buffer uses 4 channels per SM
Elastic buffer uses 4 channels per SM
Elastic buffer uses 4 channels per SM
Elastic buffer uses 4 channels per SM
Elastic buffer uses 4 channels per SM
Elastic buffer uses 4 channels per SM
Elastic buffer uses 4 channels per SM
Elastic buffer uses 4 channels per SM
Elastic buffer uses 4 channels per SM
Elastic buffer uses 4 channels per SM
Elastic buffer uses 4 channels per SM
Elastic buffer uses 4 channels per SM
Elastic buffer uses 4 channels per SM
Elastic buffer uses 4 channels per SM
Elastic buffer uses 4 channels per SM
Elastic buffer uses 4 channels per SM
Elastic buffer uses 4 channels per SM
Elastic buffer uses 4 channels per SM
Elastic buffer uses 4 channels per SM
Elastic buffer uses 4 channels per SM
Elastic buffer uses 4 channels per SM
Elastic buffer uses 4 channels per SM
Elastic buffer uses 4 channels per SM
Elastic buffer uses 4 channels per SM
Elastic buffer uses 4 channels per SM
Elastic buffer uses 4 channels per SM
Elastic buffer uses 4 channels per SM
Elastic buffer uses 4 channels per SM
Elastic buffer uses 4 channels per SM
Elastic buffer uses 4 channels per SM
Elastic buffer uses 4 channels per SM
Elastic buffer uses 4 channels per SM
Elastic buffer uses 4 channels per SM
Elastic buffer uses 4 channels per SM
Elastic buffer uses 4 channels per SM
Elastic buffer uses 4 channels per SM
Elastic buffer uses 4 channels per SM
Elastic buffer uses 4 channels per SM
Elastic buffer uses 4 channels per SM
Elastic buffer uses 4 channels per SM
Elastic buffer uses 4 channels per SM
Elastic buffer uses 4 channels per SM
Elastic buffer uses 4 channels per SM
Elastic buffer uses 4 channels per SM
Elastic buffer uses 4 channels per SM
Elastic buffer uses 4 channels per SM
Elastic buffer uses 4 channels per SM
Elastic buffer uses 4 channels per SM
Elastic buffer uses 4 channels per SM
Elastic buffer uses 4 channels per SM
Elastic buffer uses 4 channels per SM
Elastic buffer uses 4 channels per SM
Elastic buffer uses 4 channels per SM
Elastic buffer uses 4 channels per SM
Elastic buffer uses 4 channels per SM
Elastic buffer uses 4 channels per SM
Elastic buffer uses 4 channels per SM
Elastic buffer uses 4 channels per SM
Elastic buffer uses 4 channels per SM
Elastic buffer uses 4 channels per SM
Elastic buffer uses 4 channels per SM
Elastic buffer uses 4 channels per SM
Elastic buffer uses 4 channels per SM
Elastic buffer uses 4 channels per SM
Elastic buffer uses 4 channels per SM
Elastic buffer uses 4 channels per SM
Elastic buffer uses 4 channels per SM
Elastic buffer uses 4 channels per SM
Elastic buffer uses 4 channels per SM
Elastic buffer uses 4 channels per SM
Elastic buffer uses 4 channels per SM
Elastic buffer uses 4 channels per SM
Elastic buffer uses 4 channels per SM
Elastic buffer uses 4 channels per SM
Elastic buffer uses 4 channels per SM
Elastic buffer uses 4 channels per SM
Elastic buffer uses 4 channels per SM
Elastic buffer uses 4 channels per SM
Elastic buffer uses 4 channels per SM
Elastic buffer uses 4 channels per SM
Elastic buffer uses 4 channels per SM
Elastic buffer uses 4 channels per SM
Elastic buffer uses 4 channels per SM
Elastic buffer uses 4 channels per SM
Elastic buffer uses 4 channels per SM
Elastic buffer uses 4 channels per SM
Elastic buffer uses 4 channels per SM
Elastic buffer uses 4 channels per SM
Elastic buffer uses 4 channels per SM
Elastic buffer uses 4 channels per SM
Elastic buffer uses 4 channels per SM
Elastic buffer uses 4 channels per SM
Elastic buffer uses 4 channels per SM
Elastic buffer uses 4 channels per SM
Elastic buffer uses 4 channels per SM
Elastic buffer uses 4 channels per SM
Elastic buffer uses 4 channels per SM
Elastic buffer uses 4 channels per SM
Elastic buffer uses 4 channels per SM
Elastic buffer uses 4 channels per SM
Elastic buffer uses 4 channels per SM
Elastic buffer uses 4 channels per SM
Elastic buffer uses 4 channels per SM
Elastic buffer uses 4 channels per SM
Elastic buffer uses 4 channels per SM
Elastic buffer uses 4 channels per SM
Elastic buffer uses 4 channels per SM
Elastic buffer uses 4 channels per SM
Elastic buffer uses 4 channels per SM
Elastic buffer uses 4 channels per SM
Elastic buffer uses 4 channels per SM
Elastic buffer uses 4 channels per SM
Elastic buffer uses 4 channels per SM
Elastic buffer uses 4 channels per SM
Elastic buffer uses 4 channels per SM
Elastic buffer uses 4 channels per SM
Elastic buffer uses 4 channels per SM
Elastic buffer uses 4 channels per SM
Elastic buffer uses 4 channels per SM
Elastic buffer uses 4 channels per SM
Elastic buffer uses 4 channels per SM
Elastic buffer uses 4 channels per SM
Elastic buffer uses 4 channels per SM
Elastic buffer uses 4 channels per SM
Elastic buffer uses 4 channels per SM
Elastic buffer uses 4 channels per SM
Elastic buffer uses 4 channels per SM
Elastic buffer uses 4 channels per SM
Elastic buffer uses 4 channels per SM
Elastic buffer uses 4 channels per SM
Elastic buffer uses 4 channels per SM
Elastic buffer uses 4 channels per SM
Elastic buffer uses 4 channels per SM
Elastic buffer uses 4 channels per SM
Elastic buffer uses 4 channels per SM
Elastic buffer uses 4 channels per SM
Elastic buffer uses 4 channels per SM
Elastic buffer uses 4 channels per SM
Elastic buffer uses 4 channels per SM
Elastic buffer uses 4 channels per SM
Elastic buffer uses 4 channels per SM
Elastic buffer uses 4 channels per SM
Elastic buffer uses 4 channels per SM
Elastic buffer uses 4 channels per SM
Elastic buffer uses 4 channels per SM
Elastic buffer uses 4 channels per SM
Elastic buffer uses 4 channels per SM
Elastic buffer uses 4 channels per SM
Elastic buffer uses 4 channels per SM
Elastic buffer uses 4 channels per SM
Elastic buffer uses 4 channels per SM
Elastic buffer uses 4 channels per SM
Elastic buffer uses 4 channels per SM
Elastic buffer uses 4 channels per SM
Elastic buffer uses 4 channels per SM
Elastic buffer uses 4 channels per SM
Elastic buffer uses 4 channels per SM
Elastic buffer uses 4 channels per SM
Elastic buffer uses 4 channels per SM
Elastic buffer uses 4 channels per SM
Elastic buffer uses 4 channels per SM
Elastic buffer uses 4 channels per SM
Elastic buffer uses 4 channels per SM
Elastic buffer uses 4 channels per SM
Elastic buffer uses 4 channels per SM
Elastic buffer uses 4 channels per SM
Elastic buffer uses 4 channels per SM
Elastic buffer uses 4 channels per SM
Elastic buffer uses 4 channels per SM
Elastic buffer uses 4 channels per SM
Elastic buffer uses 4 channels per SM
Elastic buffer uses 4 channels per SM
Elastic buffer uses 4 channels per SM
Elastic buffer uses 4 channels per SM
Elastic buffer uses 4 channels per SM
Elastic buffer uses 4 channels per SM
Elastic buffer uses 4 channels per SM
Elastic buffer uses 4 channels per SM
Elastic buffer uses 4 channels per SM
Elastic buffer uses 4 channels per SM
Elastic buffer uses 4 channels per SM
Elastic buffer uses 4 channels per SM
Elastic buffer uses 4 channels per SM
Elastic buffer uses 4 channels per SM
Elastic buffer uses 4 channels per SM
Elastic buffer uses 4 channels per SM
Elastic buffer uses 4 channels per SM
Elastic buffer uses 4 channels per SM
Elastic buffer uses 4 channels per SM
Elastic buffer uses 4 channels per SM
Elastic buffer uses 4 channels per SM
Elastic buffer uses 4 channels per SM
Elastic buffer uses 4 channels per SM
Elastic buffer uses 4 channels per SM
Elastic buffer uses 4 channels per SM
Elastic buffer uses 4 channels per SM
Elastic buffer uses 4 channels per SM
Elastic buffer uses 4 channels per SM
Elastic buffer uses 4 channels per SM
Elastic buffer uses 4 channels per SM
Elastic buffer uses 4 channels per SM
Elastic buffer uses 4 channels per SM
Elastic buffer uses 4 channels per SM
Elastic buffer uses 4 channels per SM
Elastic buffer uses 4 channels per SM
Elastic buffer uses 4 channels per SM
Elastic buffer uses 4 channels per SM
Elastic buffer uses 4 channels per SM
Elastic buffer uses 4 channels per SM
Elastic buffer uses 4 channels per SM
Elastic buffer uses 4 channels per SM
Elastic buffer uses 4 channels per SM
Elastic buffer uses 4 channels per SM
Elastic buffer uses 4 channels per SM
Elastic buffer uses 4 channels per SM
Elastic buffer uses 4 channels per SM
Elastic buffer uses 4 channels per SM
Elastic buffer uses 4 channels per SM
Elastic buffer uses 4 channels per SM
USDT:2026-08-25 02:22:41 437:437 SyncActivityProfilerHandler.cpp:59] profiler_stopUSDT:2026-08-25 02:22:41 436:436 SyncActivityProfilerHandler.cpp:59] profiler_stopUSDT:2026-08-25 02:22:41 440:440 SyncActivityProfilerHandler.cpp:59] profiler_stopUSDT:2026-08-25 02:22:41 438:438 SyncActivityProfilerHandler.cpp:59] profiler_stop



USDT:2026-08-25 02:22:41 435:435 SyncActivityProfilerHandler.cpp:59] profiler_stop
USDT:2026-08-25 02:22:41 439:439 SyncActivityProfilerHandler.cpp:59] profiler_stop
USDT:2026-08-25 02:22:41 434:434 SyncActivityProfilerHandler.cpp:59] profiler_stop
USDT:2026-08-25 02:22:41 441:441 SyncActivityProfilerHandler.cpp:59] profiler_stop
   # EP:  11/32 | cached dispatch: 51 GB/s (SO), 102 GB/s (SU), 4360.000 us, 446112576 bytes | copy: 2491 GB/s, 358.161 us
   # EP:  15/32 | cached dispatch: 51 GB/s (SO), 102 GB/s (SU), 4361.000 us, 444629952 bytes | copy: 2405 GB/s, 369.686 us
   # EP:   8/32 | cached dispatch: 51 GB/s (SO), 102 GB/s (SU), 4361.000 us, 442668096 bytes | copy: 2412 GB/s, 367.081 us
   # EP:  12/32 | cached dispatch: 51 GB/s (SO), 102 GB/s (SU), 4361.000 us, 445917888 bytes | copy: 2219 GB/s, 401.948 us
   # EP:  10/32 | cached dispatch: 51 GB/s (SO), 102 GB/s (SU), 4361.000 us, 443776320 bytes | copy: 2282 GB/s, 388.996 us
   # EP:   9/32 | cached dispatch: 51 GB/s (SO), 102 GB/s (SU), 4361.000 us, 444158208 bytes | copy: 2285 GB/s, 388.715 us
   # EP:  14/32 | cached dispatch: 51 GB/s (SO), 102 GB/s (SU), 4360.000 us, 444255552 bytes | copy: 2256 GB/s, 393.763 us
   # EP:  13/32 | cached dispatch: 51 GB/s (SO), 102 GB/s (SU), 4361.000 us, 445513536 bytes | copy: 2418 GB/s, 368.494 us
USDT:2026-08-25 02:22:42 437:437 SyncActivityProfilerHandler.cpp:52] profiler_startUSDT:2026-08-25 02:22:42 434:434 SyncActivityProfilerHandler.cpp:52] profiler_start

USDT:2026-08-25 02:22:42 435:435 SyncActivityProfilerHandler.cpp:52] profiler_start
USDT:2026-08-25 02:22:42 438:438 SyncActivityProfilerHandler.cpp:52] profiler_start
USDT:2026-08-25 02:22:42 440:440 SyncActivityProfilerHandler.cpp:52] profiler_start
USDT:2026-08-25 02:22:42 436:436 SyncActivityProfilerHandler.cpp:52] profiler_start
USDT:2026-08-25 02:22:42 439:439 SyncActivityProfilerHandler.cpp:52] profiler_start
USDT:2026-08-25 02:22:42 441:441 SyncActivityProfilerHandler.cpp:52] profiler_start
USDT:2026-08-25 02:22:43 434:434 SyncActivityProfilerHandler.cpp:59] profiler_stop
USDT:2026-08-25 02:22:43 440:440 SyncActivityProfilerHandler.cpp:59] profiler_stopUSDT:2026-08-25 02:22:43 437:437 SyncActivityProfilerHandler.cpp:59] profiler_stop

USDT:2026-08-25 02:22:43 438:438 SyncActivityProfilerHandler.cpp:59] profiler_stop
USDT:2026-08-25 02:22:43 435:435 SyncActivityProfilerHandler.cpp:59] profiler_stop
USDT:2026-08-25 02:22:43 436:436 SyncActivityProfilerHandler.cpp:59] profiler_stop
USDT:2026-08-25 02:22:43 439:439 SyncActivityProfilerHandler.cpp:59] profiler_stop
USDT:2026-08-25 02:22:43 441:441 SyncActivityProfilerHandler.cpp:59] profiler_stop
   @ EP:   8/32 | combine: 55 GB/s (SO), 109 GB/s (SU), 7797.000 us, 849393056 bytes | reduce: 3589 GB/s, 151.281 us
   @ EP:  14/32 | combine: 54 GB/s (SO), 108 GB/s (SU), 7875.000 us, 852439072 bytes | reduce: 3590 GB/s, 151.217 us
   @ EP:  11/32 | combine: 54 GB/s (SO), 109 GB/s (SU), 7828.000 us, 856002336 bytes | reduce: 3574 GB/s, 151.575 us
   @ EP:   9/32 | combine: 55 GB/s (SO), 110 GB/s (SU), 7768.000 us, 852252288 bytes | reduce: 3606 GB/s, 150.468 us
   @ EP:  15/32 | combine: 53 GB/s (SO), 107 GB/s (SU), 7947.000 us, 853157472 bytes | reduce: 3592 GB/s, 150.657 us
   @ EP:  10/32 | combine: 53 GB/s (SO), 106 GB/s (SU), 8043.000 us, 851519520 bytes | reduce: 3581 GB/s, 151.415 us
   @ EP:  12/32 | combine: 54 GB/s (SO), 109 GB/s (SU), 7868.000 us, 855628768 bytes | reduce: 3595 GB/s, 151.126 us
   @ EP:  13/32 | combine: 54 GB/s (SO), 108 GB/s (SU), 7947.000 us, 854852896 bytes | reduce: 3601 GB/s, 150.985 us
USDT:2026-08-25 02:22:43 438:438 SyncActivityProfilerHandler.cpp:52] profiler_start
USDT:2026-08-25 02:22:43 437:437 SyncActivityProfilerHandler.cpp:52] profiler_start
USDT:2026-08-25 02:22:43 441:441 SyncActivityProfilerHandler.cpp:52] profiler_start
USDT:2026-08-25 02:22:43 440:440 SyncActivityProfilerHandler.cpp:52] profiler_startUSDT:2026-08-25 02:22:43 436:436 SyncActivityProfilerHandler.cpp:52] profiler_start

USDT:2026-08-25 02:22:43 434:434 SyncActivityProfilerHandler.cpp:52] profiler_start
USDT:2026-08-25 02:22:43 439:439 SyncActivityProfilerHandler.cpp:52] profiler_start
USDT:2026-08-25 02:22:43 435:435 SyncActivityProfilerHandler.cpp:52] profiler_start
USDT:2026-08-25 02:22:44 438:438 SyncActivityProfilerHandler.cpp:59] profiler_stop
USDT:2026-08-25 02:22:44 440:440 SyncActivityProfilerHandler.cpp:59] profiler_stop
USDT:2026-08-25 02:22:44 441:441 SyncActivityProfilerHandler.cpp:59] profiler_stopUSDT:2026-08-25 02:22:44 437:437 SyncActivityProfilerHandler.cpp:59] profiler_stop

USDT:2026-08-25 02:22:44 434:434 SyncActivityProfilerHandler.cpp:59] profiler_stop
USDT:2026-08-25 02:22:44 436:436 SyncActivityProfilerHandler.cpp:59] profiler_stop
USDT:2026-08-25 02:22:44 435:435 SyncActivityProfilerHandler.cpp:59] profiler_stop
USDT:2026-08-25 02:22:44 439:439 SyncActivityProfilerHandler.cpp:59] profiler_stop
   + EP:  12/32 | reduced combine: 55 GB/s (SO), 111 GB/s (SU), 7720.000 us, 855628768 bytes | reduce: 3592 GB/s, 151.237 us
   + EP:  14/32 | reduced combine: 47 GB/s (SO), 94 GB/s (SU), 9054.000 us, 852439072 bytes | reduce: 3583 GB/s, 151.511 us
   + EP:  15/32 | reduced combine: 47 GB/s (SO), 94 GB/s (SU), 9093.000 us, 853157472 bytes | reduce: 3580 GB/s, 151.177 us
   + EP:  10/32 | reduced combine: 46 GB/s (SO), 93 GB/s (SU), 9179.000 us, 851519520 bytes | reduce: 3581 GB/s, 151.389 us
   + EP:  11/32 | reduced combine: 47 GB/s (SO), 94 GB/s (SU), 9117.000 us, 856002336 bytes | reduce: 3571 GB/s, 151.694 us
   + EP:   8/32 | reduced combine: 47 GB/s (SO), 93 GB/s (SU), 9095.000 us, 849393056 bytes | reduce: 3584 GB/s, 151.480 us
   + EP:   9/32 | reduced combine: 46 GB/s (SO), 93 GB/s (SU), 9183.000 us, 852252288 bytes | reduce: 3598 GB/s, 150.805 us
   + EP:  13/32 | reduced combine: 46 GB/s (SO), 93 GB/s (SU), 9202.000 us, 854852896 bytes | reduce: 3589 GB/s, 151.499 us

Elastic buffer uses 4 channels per SM
Elastic buffer uses 4 channels per SM
Elastic buffer uses 4 channels per SM
Elastic buffer uses 4 channels per SM
Elastic buffer uses 4 channels per SM
Elastic buffer uses 4 channels per SM
Elastic buffer uses 4 channels per SM
Elastic buffer uses 4 channels per SM
CPU side received count (scaleup: 6): -7501 -7389 -7443 -7421 -7361 -7494 -7356 -7372 # -8321 -8193 -8321 -8193 -8193 -8193 -806CPU side received count (scaleup: 1): -7464 -7506 -7387 -7493 -7462 -7400 -7266 -7346 # -8193 -8321 -8065 -8321 -8321 -8193 -819CPU side received count (scaleup: 2): -7393 -7496 -7417 -7376 -7342 -7447 -7376 -7426 # -8321 -8193 -8193 -8065 -8321 -8193 -819CPU side received count (scaleup: 4): -7424 -7385 -7365 -7453 -7412 -7404 -7545 -7571 # -8193 -8193 -8193 -8321 -8321 -8193 -8325 -8321 
CPU side received count (scaleup: 5): -7537 -7457 -7391 -7431 -7485 -7464 -7338 -7402 # -8321 -8321 -8193 -8193 -8449 -8193 -8193 -8193 
1 -8193 
CPU side received count (scaleup: 3): -7454 -7440 -7514 -7479 -7503 -7395 -7371 -7429 # -8321 -8321 -8321 -8321 -8193 -8065 -819CPU side received count (scaleup: 0): -7435 -7455 -7460 -7396 -7248 -7191 -7463 -7477 # -8193 -8065 -8193 -8321 -8065 -8321 -832CPU side received count (scaleup: 7): -7456 -7483 -7363 -7412 -7349 -7497 -7518 -7309 # -8193 -8193 -8193 -8193 -8321 -8193 -8323 -8193 
3 -8193 
3 -8193 
1 -8193 
1 -8321 

