=== EP_NIC_NAME=rdmap110s0 (auto, 200 Gb/s) ===
+ docker run --rm --gpus all --privileged --network=host --ipc=host --ulimit memlock=-1 --ulimit stack=67108864 --device=/dev/infiniband --device=/dev/gdrdrv -v /sys/class/infiniband:/sys/class/infiniband:ro -e MASTER_ADDR=172.31.20.74 -e MASTER_PORT=29541 -e WORLD_SIZE=4 -e RANK=3 -e NCCL_DEBUG=WARN -e EP_NIC_NAME=rdmap110s0 -e EP_BUFFER_DEBUG=1 -e PYTHONUNBUFFERED=1 -e PYTHONFAULTHANDLER=1 deepep-v2-efa-official:dev bash -lc 'timeout -s ABRT --kill-after=60 1500     python3 -u /opt/DeepEP/tests/elastic/test_ep.py     --num-processes=8 --num-tokens=8192     --hidden=7168 --num-topk=8 --num-experts=256     --num-sms=6 --allow-hybrid-mode=1     --prefer-overlap-with-compute=0 --test-first-only      '

==========
== CUDA ==
==========

CUDA Version 13.0.2

Container image Copyright (c) 2016-2023, NVIDIA CORPORATION & AFFILIATES. All rights reserved.

This container image and its contents are governed by the NVIDIA Deep Learning Container License.
By pulling and using the container, you accept the terms and conditions of this license:
https://developer.nvidia.com/ngc/nvidia-deep-learning-container-license

A copy of this license is made available in this container at /NGC-DL-CONTAINER-LICENSE for your convenience.

DeepEP hybrid kernel selection: unordered
DeepEP hybrid kernel selection: unordered
DeepEP hybrid kernel selection: unordered
Initializing EP elastic buffer with 5440012288 bytes (cpu: 0) at rank EP 27/32
Initializing EP elastic buffer with 5440012288 bytes (cpu: 0) at rank EP 30/32
Initializing EP elastic buffer with 5440012288 bytes (cpu: 0) at rank EP 31/32
DeepEP hybrid kernel selection: unordered
DeepEP hybrid kernel selection: unordered
DeepEP hybrid kernel selection: unordered
Initializing EP elastic buffer with 5440012288 bytes (cpu: 0) at rank EP 29/32
DeepEP hybrid kernel selection: unordered
DeepEP hybrid kernel selection: unordered
DeepEP initialized with NCCL version: 2.31.2 (loaded library)
EP NCCL device communicator has 0 allocated QPs
DeepEP initialized with NCCL version: 2.31.2 (loaded library)
Initializing EP elastic buffer with 5440012288 bytes (cpu: 0) at rank EP 25/32EP NCCL device communicator has 0 allocated QPs
DeepEP hybrid kernel selection: unordered

Initializing EP elastic buffer with 5440012288 bytes (cpu: 0) at rank EP 24/32GIN layout: gin_context_cnt=11, gin_indexed_signals_cnt=21, num_qp=11
Initializing EP elastic buffer with 5440012288 bytes (cpu: 0) at rank EP 28/32

DeepEP hybrid kernel selection: unordered
GIN layout: gin_context_cnt=11, gin_indexed_signals_cnt=21, num_qp=11
Initializing EP elastic buffer with 5440012288 bytes (cpu: 0) at rank EP 26/32
DeepEP initialized with NCCL version: 2.31.2 (loaded library)
EP NCCL device communicator has 0 allocated QPs
DeepEP hybrid kernel selection: unordered
GIN layout: gin_context_cnt=11, gin_indexed_signals_cnt=21, num_qp=11
DeepEP initialized with NCCL version: 2.31.2 (loaded library)
EP NCCL device communicator has 0 allocated QPs
DeepEP initialized with NCCL version: 2.31.2 (loaded library)
EP NCCL device communicator has 0 allocated QPs
DeepEP hybrid kernel selection: unordered
GIN layout: gin_context_cnt=11, gin_indexed_signals_cnt=21, num_qp=11
DeepEP hybrid kernel selection: unordered
GIN layout: gin_context_cnt=11, gin_indexed_signals_cnt=21, num_qp=11
DeepEP initialized with NCCL version: 2.31.2 (loaded library)
DeepEP initialized with NCCL version: 2.31.2 (loaded library)
EP NCCL device communicator has 0 allocated QPs
EP NCCL device communicator has 0 allocated QPs
DeepEP hybrid kernel selection: unordered
DeepEP initialized with NCCL version: 2.31.2 (loaded library)
GIN layout: gin_context_cnt=11, gin_indexed_signals_cnt=21, num_qp=11
EP NCCL device communicator has 0 allocated QPs
DeepEP hybrid kernel selection: unordered
GIN layout: gin_context_cnt=11, gin_indexed_signals_cnt=21, num_qp=11
DeepEP hybrid kernel selection: unordered
GIN layout: gin_context_cnt=11, gin_indexed_signals_cnt=21, num_qp=11
Config:
 > Ranks: 4 x 8
 > Experts: 8/256
 > Tokens: 8168 (max: 8192), hidden: 7168
 > #SM: 6, #QPs: 11/11

Running all test cases:
 > Testing with do_handle_copy=1, expert_alignment=128, use_fp8_dispatch=1, num_bias=0, with_previous_event=0, async_with_compute_stream=0, allocate_on_comm_stream=0 ...
Elastic buffer uses 4 channels per SM
Elastic buffer uses 4 channels per SM
Elastic buffer uses 4 channels per SM
Elastic buffer uses 4 channels per SM
Elastic buffer uses 4 channels per SM
Elastic buffer uses 4 channels per SM
Elastic buffer uses 4 channels per SM
Elastic buffer uses 4 channels per SM
CPU side received count (scaleup: 4): -7415 -7468 -7405 -7458 -7389 -7432 -7474 -7344 # -8449 -8321 -8193 -8193 -8193 -8193 -806CPU side received count (scaleup: 7): -7446 -7490 -7393 -7465 -7420 -7392 -7374 -7414 # -8321 -8193 -8321 -8193 -8321 -8193 -819CPU side received count (scaleup: 0): -7526 -7289 -7400 -7430 -7537 -7573 -7518 -7434 # -8065 -8193 -8321 -8449 -8193 -8321 -832CPU side received count (scaleup: 6): -7457 -7402 -7321 -7552 -7493 -7487 -7371 -7472 # -8193 -8449 -8321 -8193 -8193 -8065 -832CPU side received count (scaleup: 1): -7507 -7396 -7530 -7593 -7610 -7335 -7335 -7382 # -8321 -8321 -8193 -8321 -8321 -8065 -832CPU side received count (scaleup: 3): -7400 -7549 -7426 -7398 -7355 -7397 -7474 -7321 # -8193 -8193 -8193 -8193 -8193 -8193 -8195 -8321 
CPU side received count (scaleup: 2): -7426 -7298 -7457 -7460 -7461 -7413 -7479 -7433 # -8065 -8193 -8193 -8321 -8321 -8321 -819CPU side received count (scaleup: 5): -7399 -7487 -7399 -7279 -7411 -7420 -7505 -7329 # -8193 -8065 -8193 -8321 -8321 -8193 -8191 -8321 
3 -8193 
1 -8193 
1 -8321 
3 -8193 
3 -8193 
3 -8321 
Elastic buffer uses 4 channels per SM
Elastic buffer uses 4 channels per SM
Elastic buffer uses 4 channels per SM
Elastic buffer uses 4 channels per SM
Elastic buffer uses 4 channels per SM
Elastic buffer uses 4 channels per SM
Elastic buffer uses 4 channels per SM
Elastic buffer uses 4 channels per SM
CPU side received count (scaleup: 6): -7457 -7402 -7321 -7552 -7493 -7487 -7371 -7472 # -8193 -8449 -8321 -8193 -8193 -8065 -832CPU side received count (scaleup: 7): -7446 -7490 -7393 -7465 -7420 -7392 -7374 -7414 # -8321 -8193 -8321 -8193 -8321 -8193 -819CPU side received count (scaleup: 4): -7415 -7468 -7405 -7458 -7389 -7432 -7474 -7344 # -8449 -8321 -8193 -8193 -8193 -8193 -806CPU side received count (scaleup: 3): -7400 -7549 -7426 -7398 -7355 -7397 -7474 -7321 # -8193 -8193 -8193 -8193 -8193 -8193 -819CPU side received count (scaleup: 0): -7526 -7289 -7400 -7430 -7537 -7573 -7518 -7434 # -8065 -8193 -8321 -8449 -8193 -8321 -832CPU side received count (scaleup: 5): -7399 -7487 -7399 -7279 -7411 -7420 -7505 -7329 # -8193 -8065 -8193 -8321 -8321 -8193 -819CPU side received count (scaleup: 2): -7426 -7298 -7457 -7460 -7461 -7413 -7479 -7433 # -8065 -8193 -8193 -8321 -8321 -8321 -819CPU side received count (scaleup: 1): -7507 -7396 -7530 -7593 -7610 -7335 -7335 -7382 # -8321 -8321 -8193 -8321 -8321 -8065 -8321 -8193 
3 -8193 
5 -8321 
3 -8193 
1 -8321 
3 -8321 
3 -8193 
1 -8321 
Elastic buffer uses 4 channels per SM
Elastic buffer uses 4 channels per SM
Elastic buffer uses 4 channels per SM
Elastic buffer uses 4 channels per SM
Elastic buffer uses 4 channels per SM
Elastic buffer uses 4 channels per SM
Elastic buffer uses 4 channels per SM
Elastic buffer uses 4 channels per SM
Elastic buffer uses 4 channels per SM
Elastic buffer uses 4 channels per SM
Elastic buffer uses 4 channels per SM
Elastic buffer uses 4 channels per SM
Elastic buffer uses 4 channels per SM
Elastic buffer uses 4 channels per SM
Elastic buffer uses 4 channels per SM
Elastic buffer uses 4 channels per SM
Elastic buffer uses 4 channels per SM
Elastic buffer uses 4 channels per SM
Elastic buffer uses 4 channels per SM
Elastic buffer uses 4 channels per SM
Elastic buffer uses 4 channels per SM
Elastic buffer uses 4 channels per SM
Elastic buffer uses 4 channels per SM
Elastic buffer uses 4 channels per SM
CPU side received count (scaleup: 6): -7457 -7402 -7321 -7552 -7493 -7487 -7371 -7472 # -8193 -8449 -8321 -8193 -8193 -8065 -8321 -8193 
CPU side received count (scaleup: 7): -7446 -7490 -7393 -7465 -7420 -7392 -7374 -7414 # -8321 -8193 -8321 -8193 -8321 -8193 -819CPU side received count (scaleup: 0): -7526 -7289 -7400 -7430 -7537 -7573 -7518 -7434 # -8065 -8193 -8321 -8449 -8193 -8321 -832CPU side received count (scaleup: 4): -7415 -7468 -7405 -7458 -7389 -7432 -7474 -7344 # -8449 -8321 -8193 -8193 -8193 -8193 -8063 -8193 
1 -8321 
CPU side received count (scaleup: 3): -7400 -7549 -7426 -7398 -7355 -7397 -7474 -7321 # -8193 -8193 -8193 -8193 -8193 -8193 -8193 -8193 
CPU side received count (scaleup: 5): -7399 -7487 -7399 -7279 -7411 -7420 -7505 -7329 # -8193 -8065 -8193 -8321 -8321 -8193 -8195 -8321 
CPU side received count (scaleup: 2): -7426 -7298 -7457 -7460 -7461 -7413 -7479 -7433 # -8065 -8193 -8193 -8321 -8321 -8321 -819CPU side received count (scaleup: 1): -7507 -7396 -7530 -7593 -7610 -7335 -7335 -7382 # -8321 -8321 -8193 -8321 -8321 -8065 -8323 -8321 
3 -8193 
1 -8321 
Elastic buffer uses 4 channels per SM
Elastic buffer uses 4 channels per SM
Elastic buffer uses 4 channels per SM
Elastic buffer uses 4 channels per SM
Elastic buffer uses 4 channels per SM
Elastic buffer uses 4 channels per SM
Elastic buffer uses 4 channels per SM
Elastic buffer uses 4 channels per SM
CPU side received count (scaleup: 7): -7446 -7490 -7393 -7465 -7420 -7392 -7374 -7414 # -8321 -8193 -8321 -8193 -8321 -8193 -819CPU side received count (scaleup: 0): -7526 -7289 -7400 -7430 -7537 -7573 -7518 -7434 # -8065 -8193 -8321 -8449 -8193 -8321 -832CPU side received count (scaleup: 2): -7426 -7298 -7457 -7460 -7461 -7413 -7479 -7433 # -8065 -8193 -8193 -8321 -8321 -8321 -819CPU side received count (scaleup: 6): -7457 -7402 -7321 -7552 -7493 -7487 -7371 -7472 # -8193 -8449 -8321 -8193 -8193 -8065 -832CPU side received count (scaleup: 4): -7415 -7468 -7405 -7458 -7389 -7432 -7474 -7344 # -8449 -8321 -8193 -8193 -8193 -8193 -8061 -8321 
CPU side received count (scaleup: 1): -7507 -7396 -7530 -7593 -7610 -7335 -7335 -7382 # -8321 -8321 -8193 -8321 -8321 -8065 -8321 -8193 
CPU side received count (scaleup: 3): -7400 -7549 -7426 -7398 -7355 -7397 -7474 -7321 # -8193 -8193 -8193 -8193 -8193 -8193 -8195 -8321 
CPU side received count (scaleup: 5): -7399 -7487 -7399 -7279 -7411 -7420 -7505 -7329 # -8193 -8065 -8193 -8321 -8321 -8193 -8193 -8193 
3 -8193 
1 -8321 
3 -8193 
3 -8321 
Elastic buffer uses 4 channels per SM
Elastic buffer uses 4 channels per SM
Elastic buffer uses 4 channels per SM
Elastic buffer uses 4 channels per SM
Elastic buffer uses 4 channels per SM
Elastic buffer uses 4 channels per SM
Elastic buffer uses 4 channels per SM
Elastic buffer uses 4 channels per SM
CPU side received count (scaleup: 0): -7526 -7289 -7400 -7430 -7537 -7573 -7518 -7434 # -8065 -8193 -8321 -8449 -8193 -8321 -832CPU side received count (scaleup: 2): -7426 -7298 -7457 -7460 -7461 -7413 -7479 -7433 # -8065 -8193 -8193 -8321 -8321 -8321 -819CPU side received count (scaleup: 5): -7399 -7487 -7399 -7279 -7411 -7420 -7505 -7329 # -8193 -8065 -8193 -8321 -8321 -8193 -819CPU side received count (scaleup: 4): -7415 -7468 -7405 -7458 -7389 -7432 -7474 -7344 # -8449 -8321 -8193 -8193 -8193 -8193 -806CPU side received count (scaleup: 1): -7507 -7396 -7530 -7593 -7610 -7335 -7335 -7382 # -8321 -8321 -8193 -8321 -8321 -8065 -8323 -8321 
5 -8321 
CPU side received count (scaleup: 7): -7446 -7490 -7393 -7465 -7420 -7392 -7374 -7414 # -8321 -8193 -8321 -8193 -8321 -8193 -8191 -8321 
CPU side received count (scaleup: 3): -7400 -7549 -7426 -7398 -7355 -7397 -7474 -7321 # -8193 -8193 -8193 -8193 -8193 -8193 -819CPU side received count (scaleup: 6): -7457 -7402 -7321 -7552 -7493 -7487 -7371 -7472 # -8193 -8449 -8321 -8193 -8193 -8065 -8321 -8321 
1 -8193 
3 -8193 
3 -8193 
3 -8193 
Elastic buffer uses 4 channels per SM
Elastic buffer uses 4 channels per SM
Elastic buffer uses 4 channels per SM
Elastic buffer uses 4 channels per SM
Elastic buffer uses 4 channels per SM
Elastic buffer uses 4 channels per SM
Elastic buffer uses 4 channels per SM
Elastic buffer uses 4 channels per SM
CPU side received count (scaleup: 7): -7446 -7490 -7393 -7465 -7420 -7392 -7374 -7414 # -8321 -8193 -8321 -8193 -8321 -8193 -819CPU side received count (scaleup: 6): -7457 -7402 -7321 -7552 -7493 -7487 -7371 -7472 # -8193 -8449 -8321 -8193 -8193 -8065 -832CPU side received count (scaleup: 4): -7415 -7468 -7405 -7458 -7389 -7432 -7474 -7344 # -8449 -8321 -8193 -8193 -8193 -8193 -8063 -8193 
CPU side received count (scaleup: 5): -7399 -7487 -7399 -7279 -7411 -7420 -7505 -7329 # -8193 -8065 -8193 -8321 -8321 -8193 -8191 -8193 
CPU side received count (scaleup: 0): -7526 -7289 -7400 -7430 -7537 -7573 -7518 -7434 # -8065 -8193 -8321 -8449 -8193 -8321 -832CPU side received count (scaleup: 2): -7426 -7298 -7457 -7460 -7461 -7413 -7479 -7433 # -8065 -8193 -8193 -8321 -8321 -8321 -819CPU side received count (scaleup: 3): -7400 -7549 -7426 -7398 -7355 -7397 -7474 -7321 # -8193 -8193 -8193 -8193 -8193 -8193 -8195 -8321 
CPU side received count (scaleup: 1): -7507 -7396 -7530 -7593 -7610 -7335 -7335 -7382 # -8321 -8321 -8193 -8321 -8321 -8065 -8323 -8193 
3 -8321 
1 -8321 
1 -8321 
3 -8193 
Elastic buffer uses 4 channels per SM
Elastic buffer uses 4 channels per SM
Elastic buffer uses 4 channels per SM
Elastic buffer uses 4 channels per SM
Elastic buffer uses 4 channels per SM
Elastic buffer uses 4 channels per SM
Elastic buffer uses 4 channels per SM
Elastic buffer uses 4 channels per SM
CPU side received count (scaleup: 7): -7446 -7490 -7393 -7465 -7420 -7392 -7374 -7414 # -8321 -8193 -8321 -8193 -8321 -8193 -819CPU side received count (scaleup: 6): -7457 -7402 -7321 -7552 -7493 -7487 -7371 -7472 # -8193 -8449 -8321 -8193 -8193 -8065 -832CPU side received count (scaleup: 4): -7415 -7468 -7405 -7458 -7389 -7432 -7474 -7344 # -8449 -8321 -8193 -8193 -8193 -8193 -806CPU side received count (scaleup: 5): -7399 -7487 -7399 -7279 -7411 -7420 -7505 -7329 # -8193 -8065 -8193 -8321 -8321 -8193 -8193 -8193 
CPU side received count (scaleup: 3): -7400 -7549 -7426 -7398 -7355 -7397 -7474 -7321 # -8193 -8193 -8193 -8193 -8193 -8193 -819CPU side received count (scaleup: 1): -7507 -7396 -7530 -7593 -7610 -7335 -7335 -7382 # -8321 -8321 -8193 -8321 -8321 -8065 -8321 -8193 
CPU side received count (scaleup: 0): -7526 -7289 -7400 -7430 -7537 -7573 -7518 -7434 # -8065 -8193 -8321 -8449 -8193 -8321 -832CPU side received count (scaleup: 2): -7426 -7298 -7457 -7460 -7461 -7413 -7479 -7433 # -8065 -8193 -8193 -8321 -8321 -8321 -8193 -8321 
5 -8321 
1 -8321 
3 -8193 
1 -8321 
3 -8193 
Elastic buffer uses 4 channels per SM
Elastic buffer uses 4 channels per SM
Elastic buffer uses 4 channels per SM
Elastic buffer uses 4 channels per SM
Elastic buffer uses 4 channels per SM
Elastic buffer uses 4 channels per SM
Elastic buffer uses 4 channels per SM
Elastic buffer uses 4 channels per SM
CPU side received count (scaleup: 6): -7457 -7402 -7321 -7552 -7493 -7487 -7371 -7472 # -8193 -8449 -8321 -8193 -8193 -8065 -832CPU side received count (scaleup: 5): -7399 -7487 -7399 -7279 -7411 -7420 -7505 -7329 # -8193 -8065 -8193 -8321 -8321 -8193 -819CPU side received count (scaleup: 4): -7415 -7468 -7405 -7458 -7389 -7432 -7474 -7344 # -8449 -8321 -8193 -8193 -8193 -8193 -8061 -8193 
3 -8321 
5 -8321 
CPU side received count (scaleup: 7): -7446 -7490 -7393 -7465 -7420 -7392 -7374 -7414 # -8321 -8193 -8321 -8193 -8321 -8193 -819CPU side received count (scaleup: 1): -7507 -7396 -7530 -7593 -7610 -7335 -7335 -7382 # -8321 -8321 -8193 -8321 -8321 -8065 -832CPU side received count (scaleup: 3): -7400 -7549 -7426 -7398 -7355 -7397 -7474 -7321 # -8193 -8193 -8193 -8193 -8193 -8193 -8193 -8193 
CPU side received count (scaleup: 2): -7426 -7298 -7457 -7460 -7461 -7413 -7479 -7433 # -8065 -8193 -8193 -8321 -8321 -8321 -819CPU side received count (scaleup: 0): -7526 -7289 -7400 -7430 -7537 -7573 -7518 -7434 # -8065 -8193 -8321 -8449 -8193 -8321 -8321 -8321 
3 -8193 
3 -8193 
1 -8321 
Elastic buffer uses 4 channels per SM
Elastic buffer uses 4 channels per SM
Elastic buffer uses 4 channels per SM
Elastic buffer uses 4 channels per SM
Elastic buffer uses 4 channels per SM
Elastic buffer uses 4 channels per SM
Elastic buffer uses 4 channels per SM
Elastic buffer uses 4 channels per SM
CPU side received count (scaleup: 6): -7457 -7402 -7321 -7552 -7493 -7487 -7371 -7472 # -8193 -8449 -8321 -8193 -8193 -8065 -832CPU side received count (scaleup: 7): -7446 -7490 -7393 -7465 -7420 -7392 -7374 -7414 # -8321 -8193 -8321 -8193 -8321 -8193 -819CPU side received count (scaleup: 4): -7415 -7468 -7405 -7458 -7389 -7432 -7474 -7344 # -8449 -8321 -8193 -8193 -8193 -8193 -8061 -8193 
3 -8193 
CPU side received count (scaleup: 3): -7400 -7549 -7426 -7398 -7355 -7397 -7474 -7321 # -8193 -8193 -8193 -8193 -8193 -8193 -8195 -8321 
CPU side received count (scaleup: 0): -7526 -7289 -7400 -7430 -7537 -7573 -7518 -7434 # -8065 -8193 -8321 -8449 -8193 -8321 -832CPU side received count (scaleup: 5): -7399 -7487 -7399 -7279 -7411 -7420 -7505 -7329 # -8193 -8065 -8193 -8321 -8321 -8193 -819CPU side received count (scaleup: 1): -7507 -7396 -7530 -7593 -7610 -7335 -7335 -7382 # -8321 -8321 -8193 -8321 -8321 -8065 -8323 -8321 
CPU side received count (scaleup: 2): -7426 -7298 -7457 -7460 -7461 -7413 -7479 -7433 # -8065 -8193 -8193 -8321 -8321 -8321 -8193 -8193 
1 -8321 
1 -8321 
3 -8193 
Elastic buffer uses 4 channels per SM
Elastic buffer uses 4 channels per SM
Elastic buffer uses 4 channels per SM
Elastic buffer uses 4 channels per SM
Elastic buffer uses 4 channels per SM
Elastic buffer uses 4 channels per SM
Elastic buffer uses 4 channels per SM
Elastic buffer uses 4 channels per SM
CPU side received count (scaleup: 7): -7446 -7490 -7393 -7465 -7420 -7392 -7374 -7414 # -8321 -8193 -8321 -8193 -8321 -8193 -819CPU side received count (scaleup: 5): -7399 -7487 -7399 -7279 -7411 -7420 -7505 -7329 # -8193 -8065 -8193 -8321 -8321 -8193 -819CPU side received count (scaleup: 6): -7457 -7402 -7321 -7552 -7493 -7487 -7371 -7472 # -8193 -8449 -8321 -8193 -8193 -8065 -832CPU side received count (scaleup: 3): -7400 -7549 -7426 -7398 -7355 -7397 -7474 -7321 # -8193 -8193 -8193 -8193 -8193 -8193 -8193 -8193 
CPU side received count (scaleup: 4): -7415 -7468 -7405 -7458 -7389 -7432 -7474 -7344 # -8449 -8321 -8193 -8193 -8193 -8193 -8063 -8321 
1 -8193 
3 -8193 
CPU side received count (scaleup: 0): -7526 -7289 -7400 -7430 -7537 -7573 -7518 -7434 # -8065 -8193 -8321 -8449 -8193 -8321 -832CPU side received count (scaleup: 2): -7426 -7298 -7457 -7460 -7461 -7413 -7479 -7433 # -8065 -8193 -8193 -8321 -8321 -8321 -819CPU side received count (scaleup: 1): -7507 -7396 -7530 -7593 -7610 -7335 -7335 -7382 # -8321 -8321 -8193 -8321 -8321 -8065 -8325 -8321 
1 -8321 
3 -8193 
1 -8321 
Elastic buffer uses 4 channels per SM
Elastic buffer uses 4 channels per SM
Elastic buffer uses 4 channels per SM
Elastic buffer uses 4 channels per SM
Elastic buffer uses 4 channels per SM
Elastic buffer uses 4 channels per SM
Elastic buffer uses 4 channels per SM
Elastic buffer uses 4 channels per SM
CPU side received count (scaleup: 5): -7399 -7487 -7399 -7279 -7411 -7420 -7505 -7329 # -8193 -8065 -8193 -8321 -8321 -8193 -819CPU side received count (scaleup: 7): -7446 -7490 -7393 -7465 -7420 -7392 -7374 -7414 # -8321 -8193 -8321 -8193 -8321 -8193 -819CPU side received count (scaleup: 4): -7415 -7468 -7405 -7458 -7389 -7432 -7474 -7344 # -8449 -8321 -8193 -8193 -8193 -8193 -806CPU side received count (scaleup: 0): -7526 -7289 -7400 -7430 -7537 -7573 -7518 -7434 # -8065 -8193 -8321 -8449 -8193 -8321 -832CPU side received count (scaleup: 1): -7507 -7396 -7530 -7593 -7610 -7335 -7335 -7382 # -8321 -8321 -8193 -8321 -8321 -8065 -832CPU side received count (scaleup: 6): -7457 -7402 -7321 -7552 -7493 -7487 -7371 -7472 # -8193 -8449 -8321 -8193 -8193 -8065 -8323 -8321 
1 -8193 
CPU side received count (scaleup: 2): -7426 -7298 -7457 -7460 -7461 -7413 -7479 -7433 # -8065 -8193 -8193 -8321 -8321 -8321 -819CPU side received count (scaleup: 3): -7400 -7549 -7426 -7398 -7355 -7397 -7474 -7321 # -8193 -8193 -8193 -8193 -8193 -8193 -8193 -8193 
5 -8321 
3 -8193 
1 -8321 
3 -8193 
1 -8321 
Elastic buffer uses 4 channels per SM
Elastic buffer uses 4 channels per SM
Elastic buffer uses 4 channels per SM
Elastic buffer uses 4 channels per SM
Elastic buffer uses 4 channels per SM
Elastic buffer uses 4 channels per SM
Elastic buffer uses 4 channels per SM
Elastic buffer uses 4 channels per SM
CPU side received count (scaleup: 7): -7446 -7490 -7393 -7465 -7420 -7392 -7374 -7414 # -8321 -8193 -8321 -8193 -8321 -8193 -819CPU side received count (scaleup: 4): -7415 -7468 -7405 -7458 -7389 -7432 -7474 -7344 # -8449 -8321 -8193 -8193 -8193 -8193 -806CPU side received count (scaleup: 5): -7399 -7487 -7399 -7279 -7411 -7420 -7505 -7329 # -8193 -8065 -8193 -8321 -8321 -8193 -8193 -8193 
CPU side received count (scaleup: 6): -7457 -7402 -7321 -7552 -7493 -7487 -7371 -7472 # -8193 -8449 -8321 -8193 -8193 -8065 -8325 -8321 
CPU side received count (scaleup: 1): -7507 -7396 -7530 -7593 -7610 -7335 -7335 -7382 # -8321 -8321 -8193 -8321 -8321 -8065 -8321 -8193 
CPU side received count (scaleup: 2): -7426 -7298 -7457 -7460 -7461 -7413 -7479 -7433 # -8065 -8193 -8193 -8321 -8321 -8321 -8193 -8321 
CPU side received count (scaleup: 3): -7400 -7549 -7426 -7398 -7355 -7397 -7474 -7321 # -8193 -8193 -8193 -8193 -8193 -8193 -819CPU side received count (scaleup: 0): -7526 -7289 -7400 -7430 -7537 -7573 -7518 -7434 # -8065 -8193 -8321 -8449 -8193 -8321 -8321 -8321 
3 -8193 
3 -8193 
1 -8321 
Elastic buffer uses 4 channels per SM
Elastic buffer uses 4 channels per SM
Elastic buffer uses 4 channels per SM
Elastic buffer uses 4 channels per SM
Elastic buffer uses 4 channels per SM
Elastic buffer uses 4 channels per SM
Elastic buffer uses 4 channels per SM
Elastic buffer uses 4 channels per SM
CPU side received count (scaleup: 7): -7446 -7490 -7393 -7465 -7420 -7392 -7374 -7414 # -8321 -8193 -8321 -8193 -8321 -8193 -819CPU side received count (scaleup: 5): -7399 -7487 -7399 -7279 -7411 -7420 -7505 -7329 # -8193 -8065 -8193 -8321 -8321 -8193 -819CPU side received count (scaleup: 6): -7457 -7402 -7321 -7552 -7493 -7487 -7371 -7472 # -8193 -8449 -8321 -8193 -8193 -8065 -832CPU side received count (scaleup: 0): -7526 -7289 -7400 -7430 -7537 -7573 -7518 -7434 # -8065 -8193 -8321 -8449 -8193 -8321 -832CPU side received count (scaleup: 2): -7426 -7298 -7457 -7460 -7461 -7413 -7479 -7433 # -8065 -8193 -8193 -8321 -8321 -8321 -8193 -8193 
CPU side received count (scaleup: 4): -7415 -7468 -7405 -7458 -7389 -7432 -7474 -7344 # -8449 -8321 -8193 -8193 -8193 -8193 -806CPU side received count (scaleup: 1): -7507 -7396 -7530 -7593 -7610 -7335 -7335 -7382 # -8321 -8321 -8193 -8321 -8321 -8065 -832CPU side received count (scaleup: 3): -7400 -7549 -7426 -7398 -7355 -7397 -7474 -7321 # -8193 -8193 -8193 -8193 -8193 -8193 -8193 -8321 
1 -8321 
1 -8193 
3 -8193 
5 -8321 
1 -8321 
3 -8193 
Elastic buffer uses 4 channels per SM
Elastic buffer uses 4 channels per SM
Elastic buffer uses 4 channels per SM
Elastic buffer uses 4 channels per SM
Elastic buffer uses 4 channels per SM
Elastic buffer uses 4 channels per SM
Elastic buffer uses 4 channels per SM
Elastic buffer uses 4 channels per SM
CPU side received count (scaleup: 7): -7446 -7490 -7393 -7465 -7420 -7392 -7374 -7414 # -8321 -8193 -8321 -8193 -8321 -8193 -819CPU side received count (scaleup: 4): -7415 -7468 -7405 -7458 -7389 -7432 -7474 -7344 # -8449 -8321 -8193 -8193 -8193 -8193 -806CPU side received count (scaleup: 5): -7399 -7487 -7399 -7279 -7411 -7420 -7505 -7329 # -8193 -8065 -8193 -8321 -8321 -8193 -8193 -8193 
5 -8321 
CPU side received count (scaleup: 3): -7400 -7549 -7426 -7398 -7355 -7397 -7474 -7321 # -8193 -8193 -8193 -8193 -8193 -8193 -8193 -8321 
CPU side received count (scaleup: 6): -7457 -7402 -7321 -7552 -7493 -7487 -7371 -7472 # -8193 -8449 -8321 -8193 -8193 -8065 -8323 -8193 
CPU side received count (scaleup: 0): -7526 -7289 -7400 -7430 -7537 -7573 -7518 -7434 # -8065 -8193 -8321 -8449 -8193 -8321 -832CPU side received count (scaleup: 2): -7426 -7298 -7457 -7460 -7461 -7413 -7479 -7433 # -8065 -8193 -8193 -8321 -8321 -8321 -819CPU side received count (scaleup: 1): -7507 -7396 -7530 -7593 -7610 -7335 -7335 -7382 # -8321 -8321 -8193 -8321 -8321 -8065 -8321 -8321 
3 -8193 
1 -8193 
1 -8321 
Elastic buffer uses 4 channels per SM
Elastic buffer uses 4 channels per SM
Elastic buffer uses 4 channels per SM
Elastic buffer uses 4 channels per SM
Elastic buffer uses 4 channels per SM
Elastic buffer uses 4 channels per SM
Elastic buffer uses 4 channels per SM
Elastic buffer uses 4 channels per SM
CPU side received count (scaleup: 6): -7457 -7402 -7321 -7552 -7493 -7487 -7371 -7472 # -8193 -8449 -8321 -8193 -8193 -8065 -832CPU side received count (scaleup: 5): -7399 -7487 -7399 -7279 -7411 -7420 -7505 -7329 # -8193 -8065 -8193 -8321 -8321 -8193 -819CPU side received count (scaleup: 7): -7446 -7490 -7393 -7465 -7420 -7392 -7374 -7414 # -8321 -8193 -8321 -8193 -8321 -8193 -819CPU side received count (scaleup: 4): -7415 -7468 -7405 -7458 -7389 -7432 -7474 -7344 # -8449 -8321 -8193 -8193 -8193 -8193 -8061 -8193 
3 -8321 
CPU side received count (scaleup: 2): -7426 -7298 -7457 -7460 -7461 -7413 -7479 -7433 # -8065 -8193 -8193 -8321 -8321 -8321 -819CPU side received count (scaleup: 3): -7400 -7549 -7426 -7398 -7355 -7397 -7474 -7321 # -8193 -8193 -8193 -8193 -8193 -8193 -819CPU side received count (scaleup: 1): -7507 -7396 -7530 -7593 -7610 -7335 -7335 -7382 # -8321 -8321 -8193 -8321 -8321 -8065 -832CPU side received count (scaleup: 0): -7526 -7289 -7400 -7430 -7537 -7573 -7518 -7434 # -8065 -8193 -8321 -8449 -8193 -8321 -8323 -8193 
1 -8321 
5 -8321 
3 -8193 
3 -8193 
1 -8321 
Elastic buffer uses 4 channels per SM
Elastic buffer uses 4 channels per SM
Elastic buffer uses 4 channels per SM
Elastic buffer uses 4 channels per SM
Elastic buffer uses 4 channels per SM
Elastic buffer uses 4 channels per SM
Elastic buffer uses 4 channels per SM
Elastic buffer uses 4 channels per SM
CPU side received count (scaleup: 7): -7446 -7490 -7393 -7465 -7420 -7392 -7374 -7414 # -8321 -8193 -8321 -8193 -8321 -8193 -819CPU side received count (scaleup: 6): -7457 -7402 -7321 -7552 -7493 -7487 -7371 -7472 # -8193 -8449 -8321 -8193 -8193 -8065 -832CPU side received count (scaleup: 4): -7415 -7468 -7405 -7458 -7389 -7432 -7474 -7344 # -8449 -8321 -8193 -8193 -8193 -8193 -806CPU side received count (scaleup: 5): -7399 -7487 -7399 -7279 -7411 -7420 -7505 -7329 # -8193 -8065 -8193 -8321 -8321 -8193 -819CPU side received count (scaleup: 3): -7400 -7549 -7426 -7398 -7355 -7397 -7474 -7321 # -8193 -8193 -8193 -8193 -8193 -8193 -819CPU side received count (scaleup: 0): -7526 -7289 -7400 -7430 -7537 -7573 -7518 -7434 # -8065 -8193 -8321 -8449 -8193 -8321 -832CPU side received count (scaleup: 2): -7426 -7298 -7457 -7460 -7461 -7413 -7479 -7433 # -8065 -8193 -8193 -8321 -8321 -8321 -819CPU side received count (scaleup: 1): -7507 -7396 -7530 -7593 -7610 -7335 -7335 -7382 # -8321 -8321 -8193 -8321 -8321 -8065 -8325 -8321 
3 -8321 
3 -8193 
3 -8193 
3 -8193 
1 -8193 
1 -8321 
1 -8321 
Elastic buffer uses 4 channels per SM
Elastic buffer uses 4 channels per SM
Elastic buffer uses 4 channels per SM
Elastic buffer uses 4 channels per SM
Elastic buffer uses 4 channels per SM
Elastic buffer uses 4 channels per SM
Elastic buffer uses 4 channels per SM
Elastic buffer uses 4 channels per SM
CPU side received count (scaleup: 0): -7526 -7289 -7400 -7430 -7537 -7573 -7518 -7434 # -8065 -8193 -8321 -8449 -8193 -8321 -832CPU side received count (scaleup: 1): -7507 -7396 -7530 -7593 -7610 -7335 -7335 -7382 # -8321 -8321 -8193 -8321 -8321 -8065 -832CPU side received count (scaleup: 2): -7426 -7298 -7457 -7460 -7461 -7413 -7479 -7433 # -8065 -8193 -8193 -8321 -8321 -8321 -819CPU side received count (scaleup: 3): -7400 -7549 -7426 -7398 -7355 -7397 -7474 -7321 # -8193 -8193 -8193 -8193 -8193 -8193 -819CPU side received count (scaleup: 5): -7399 -7487 -7399 -7279 -7411 -7420 -7505 -7329 # -8193 -8065 -8193 -8321 -8321 -8193 -8191 -8321 
3 -8193 
CPU side received count (scaleup: 4): -7415 -7468 -7405 -7458 -7389 -7432 -7474 -7344 # -8449 -8321 -8193 -8193 -8193 -8193 -806CPU side received count (scaleup: 6): -7457 -7402 -7321 -7552 -7493 -7487 -7371 -7472 # -8193 -8449 -8321 -8193 -8193 -8065 -8323 -8193 
CPU side received count (scaleup: 7): -7446 -7490 -7393 -7465 -7420 -7392 -7374 -7414 # -8321 -8193 -8321 -8193 -8321 -8193 -8191 -8321 
3 -8321 
5 -8321 
3 -8193 
1 -8193 
Elastic buffer uses 4 channels per SM
Elastic buffer uses 4 channels per SM
Elastic buffer uses 4 channels per SM
Elastic buffer uses 4 channels per SM
Elastic buffer uses 4 channels per SM
Elastic buffer uses 4 channels per SM
Elastic buffer uses 4 channels per SM
Elastic buffer uses 4 channels per SM
CPU side received count (scaleup: 6): -7457 -7402 -7321 -7552 -7493 -7487 -7371 -7472 # -8193 -8449 -8321 -8193 -8193 -8065 -832CPU side received count (scaleup: 5): -7399 -7487 -7399 -7279 -7411 -7420 -7505 -7329 # -8193 -8065 -8193 -8321 -8321 -8193 -819CPU side received count (scaleup: 7): -7446 -7490 -7393 -7465 -7420 -7392 -7374 -7414 # -8321 -8193 -8321 -8193 -8321 -8193 -8191 -8193 
3 -8193 
3 -8321 
CPU side received count (scaleup: 3): -7400 -7549 -7426 -7398 -7355 -7397 -7474 -7321 # -8193 -8193 -8193 -8193 -8193 -8193 -819CPU side received count (scaleup: 2): -7426 -7298 -7457 -7460 -7461 -7413 -7479 -7433 # -8065 -8193 -8193 -8321 -8321 -8321 -819CPU side received count (scaleup: 0): -7526 -7289 -7400 -7430 -7537 -7573 -7518 -7434 # -8065 -8193 -8321 -8449 -8193 -8321 -8323 -8193 
3 -8193 
CPU side received count (scaleup: 1): -7507 -7396 -7530 -7593 -7610 -7335 -7335 -7382 # -8321 -8321 -8193 -8321 -8321 -8065 -832CPU side received count (scaleup: 4): -7415 -7468 -7405 -7458 -7389 -7432 -7474 -7344 # -8449 -8321 -8193 -8193 -8193 -8193 -8061 -8321 
1 -8321 
5 -8321 
Elastic buffer uses 4 channels per SM
Elastic buffer uses 4 channels per SM
Elastic buffer uses 4 channels per SM
Elastic buffer uses 4 channels per SM
Elastic buffer uses 4 channels per SM
Elastic buffer uses 4 channels per SM
Elastic buffer uses 4 channels per SM
Elastic buffer uses 4 channels per SM
CPU side received count (scaleup: 7): -7446 -7490 -7393 -7465 -7420 -7392 -7374 -7414 # -8321 -8193 -8321 -8193 -8321 -8193 -819CPU side received count (scaleup: 4): -7415 -7468 -7405 -7458 -7389 -7432 -7474 -7344 # -8449 -8321 -8193 -8193 -8193 -8193 -806CPU side received count (scaleup: 6): -7457 -7402 -7321 -7552 -7493 -7487 -7371 -7472 # -8193 -8449 -8321 -8193 -8193 -8065 -832CPU side received count (scaleup: 0): -7526 -7289 -7400 -7430 -7537 -7573 -7518 -7434 # -8065 -8193 -8321 -8449 -8193 -8321 -832CPU side received count (scaleup: 5): -7399 -7487 -7399 -7279 -7411 -7420 -7505 -7329 # -8193 -8065 -8193 -8321 -8321 -8193 -819CPU side received count (scaleup: 1): -7507 -7396 -7530 -7593 -7610 -7335 -7335 -7382 # -8321 -8321 -8193 -8321 -8321 -8065 -832CPU side received count (scaleup: 2): -7426 -7298 -7457 -7460 -7461 -7413 -7479 -7433 # -8065 -8193 -8193 -8321 -8321 -8321 -8193 -8321 
1 -8321 
3 -8193 
CPU side received count (scaleup: 3): -7400 -7549 -7426 -7398 -7355 -7397 -7474 -7321 # -8193 -8193 -8193 -8193 -8193 -8193 -8193 -8193 
5 -8321 
1 -8193 
1 -8321 
3 -8193 
Elastic buffer uses 4 channels per SM
Elastic buffer uses 4 channels per SM
Elastic buffer uses 4 channels per SM
Elastic buffer uses 4 channels per SM
Elastic buffer uses 4 channels per SM
Elastic buffer uses 4 channels per SM
Elastic buffer uses 4 channels per SM
Elastic buffer uses 4 channels per SM
CPU side received count (scaleup: 7): -7446 -7490 -7393 -7465 -7420 -7392 -7374 -7414 # -8321 -8193 -8321 -8193 -8321 -8193 -819CPU side received count (scaleup: 6): -7457 -7402 -7321 -7552 -7493 -7487 -7371 -7472 # -8193 -8449 -8321 -8193 -8193 -8065 -832CPU side received count (scaleup: 5): -7399 -7487 -7399 -7279 -7411 -7420 -7505 -7329 # -8193 -8065 -8193 -8321 -8321 -8193 -8193 -8193 
CPU side received count (scaleup: 4): -7415 -7468 -7405 -7458 -7389 -7432 -7474 -7344 # -8449 -8321 -8193 -8193 -8193 -8193 -8063 -8321 
1 -8193 
CPU side received count (scaleup: 3): -7400 -7549 -7426 -7398 -7355 -7397 -7474 -7321 # -8193 -8193 -8193 -8193 -8193 -8193 -819CPU side received count (scaleup: 1): -7507 -7396 -7530 -7593 -7610 -7335 -7335 -7382 # -8321 -8321 -8193 -8321 -8321 -8065 -8323 -8193 
CPU side received count (scaleup: 2): -7426 -7298 -7457 -7460 -7461 -7413 -7479 -7433 # -8065 -8193 -8193 -8321 -8321 -8321 -819CPU side received count (scaleup: 0): -7526 -7289 -7400 -7430 -7537 -7573 -7518 -7434 # -8065 -8193 -8321 -8449 -8193 -8321 -8325 -8321 
1 -8321 
1 -8321 
3 -8193 
Elastic buffer uses 4 channels per SM
Elastic buffer uses 4 channels per SM
Elastic buffer uses 4 channels per SM
Elastic buffer uses 4 channels per SM
Elastic buffer uses 4 channels per SM
Elastic buffer uses 4 channels per SM
Elastic buffer uses 4 channels per SM
Elastic buffer uses 4 channels per SM
CPU side received count (scaleup: 7): -7446 -7490 -7393 -7465 -7420 -7392 -7374 -7414 # -8321 -8193 -8321 -8193 -8321 -8193 -819CPU side received count (scaleup: 5): -7399 -7487 -7399 -7279 -7411 -7420 -7505 -7329 # -8193 -8065 -8193 -8321 -8321 -8193 -819CPU side received count (scaleup: 6): -7457 -7402 -7321 -7552 -7493 -7487 -7371 -7472 # -8193 -8449 -8321 -8193 -8193 -8065 -832CPU side received count (scaleup: 4): -7415 -7468 -7405 -7458 -7389 -7432 -7474 -7344 # -8449 -8321 -8193 -8193 -8193 -8193 -8063 -8193 
CPU side received count (scaleup: 0): -7526 -7289 -7400 -7430 -7537 -7573 -7518 -7434 # -8065 -8193 -8321 -8449 -8193 -8321 -832CPU side received count (scaleup: 3): -7400 -7549 -7426 -7398 -7355 -7397 -7474 -7321 # -8193 -8193 -8193 -8193 -8193 -8193 -8193 -8321 
CPU side received count (scaleup: 2): -7426 -7298 -7457 -7460 -7461 -7413 -7479 -7433 # -8065 -8193 -8193 -8321 -8321 -8321 -819CPU side received count (scaleup: 1): -7507 -7396 -7530 -7593 -7610 -7335 -7335 -7382 # -8321 -8321 -8193 -8321 -8321 -8065 -8321 -8193 
5 -8321 
1 -8321 
3 -8193 
3 -8193 
1 -8321 
Elastic buffer uses 4 channels per SM
Elastic buffer uses 4 channels per SM
Elastic buffer uses 4 channels per SM
Elastic buffer uses 4 channels per SM
Elastic buffer uses 4 channels per SM
Elastic buffer uses 4 channels per SM
Elastic buffer uses 4 channels per SM
Elastic buffer uses 4 channels per SM
CPU side received count (scaleup: 0): -7526 -7289 -7400 -7430 -7537 -7573 -7518 -7434 # -8065 -8193 -8321 -8449 -8193 -8321 -832CPU side received count (scaleup: 1): -7507 -7396 -7530 -7593 -7610 -7335 -7335 -7382 # -8321 -8321 -8193 -8321 -8321 -8065 -832CPU side received count (scaleup: 3): -7400 -7549 -7426 -7398 -7355 -7397 -7474 -7321 # -8193 -8193 -8193 -8193 -8193 -8193 -819CPU side received count (scaleup: 5): -7399 -7487 -7399 -7279 -7411 -7420 -7505 -7329 # -8193 -8065 -8193 -8321 -8321 -8193 -8191 -8321 
1 -8321 
3 -8193 
CPU side received count (scaleup: 2): -7426 -7298 -7457 -7460 -7461 -7413 -7479 -7433 # -8065 -8193 -8193 -8321 -8321 -8321 -819CPU side received count (scaleup: 6): -7457 -7402 -7321 -7552 -7493 -7487 -7371 -7472 # -8193 -8449 -8321 -8193 -8193 -8065 -832CPU side received count (scaleup: 7): -7446 -7490 -7393 -7465 -7420 -7392 -7374 -7414 # -8321 -8193 -8321 -8193 -8321 -8193 -819CPU side received count (scaleup: 4): -7415 -7468 -7405 -7458 -7389 -7432 -7474 -7344 # -8449 -8321 -8193 -8193 -8193 -8193 -8063 -8321 
3 -8193 
1 -8193 
3 -8193 
5 -8321 
Elastic buffer uses 4 channels per SM
Elastic buffer uses 4 channels per SM
Elastic buffer uses 4 channels per SM
Elastic buffer uses 4 channels per SM
Elastic buffer uses 4 channels per SM
Elastic buffer uses 4 channels per SM
Elastic buffer uses 4 channels per SM
Elastic buffer uses 4 channels per SM
CPU side received count (scaleup: 6): -7457 -7402 -7321 -7552 -7493 -7487 -7371 -7472 # -8193 -8449 -8321 -8193 -8193 -8065 -832CPU side received count (scaleup: 7): -7446 -7490 -7393 -7465 -7420 -7392 -7374 -7414 # -8321 -8193 -8321 -8193 -8321 -8193 -8191 -8193 
CPU side received count (scaleup: 4): -7415 -7468 -7405 -7458 -7389 -7432 -7474 -7344 # -8449 -8321 -8193 -8193 -8193 -8193 -806CPU side received count (scaleup: 3): -7400 -7549 -7426 -7398 -7355 -7397 -7474 -7321 # -8193 -8193 -8193 -8193 -8193 -8193 -819CPU side received count (scaleup: 5): -7399 -7487 -7399 -7279 -7411 -7420 -7505 -7329 # -8193 -8065 -8193 -8321 -8321 -8193 -8193 -8193 
CPU side received count (scaleup: 0): -7526 -7289 -7400 -7430 -7537 -7573 -7518 -7434 # -8065 -8193 -8321 -8449 -8193 -8321 -832CPU side received count (scaleup: 2): -7426 -7298 -7457 -7460 -7461 -7413 -7479 -7433 # -8065 -8193 -8193 -8321 -8321 -8321 -819CPU side received count (scaleup: 1): -7507 -7396 -7530 -7593 -7610 -7335 -7335 -7382 # -8321 -8321 -8193 -8321 -8321 -8065 -8325 -8321 
1 -8321 
1 -8321 
3 -8193 
3 -8321 
3 -8193 
Elastic buffer uses 4 channels per SM
Elastic buffer uses 4 channels per SM
Elastic buffer uses 4 channels per SM
Elastic buffer uses 4 channels per SM
Elastic buffer uses 4 channels per SM
Elastic buffer uses 4 channels per SM
Elastic buffer uses 4 channels per SM
Elastic buffer uses 4 channels per SM
CPU side received count (scaleup: 7): -7446 -7490 -7393 -7465 -7420 -7392 -7374 -7414 # -8321 -8193 -8321 -8193 -8321 -8193 -819CPU side received count (scaleup: 6): -7457 -7402 -7321 -7552 -7493 -7487 -7371 -7472 # -8193 -8449 -8321 -8193 -8193 -8065 -832CPU side received count (scaleup: 4): -7415 -7468 -7405 -7458 -7389 -7432 -7474 -7344 # -8449 -8321 -8193 -8193 -8193 -8193 -806CPU side received count (scaleup: 1): -7507 -7396 -7530 -7593 -7610 -7335 -7335 -7382 # -8321 -8321 -8193 -8321 -8321 -8065 -8323 -8193 
1 -8193 
CPU side received count (scaleup: 5): -7399 -7487 -7399 -7279 -7411 -7420 -7505 -7329 # -8193 -8065 -8193 -8321 -8321 -8193 -8195 -8321 
CPU side received count (scaleup: 2): -7426 -7298 -7457 -7460 -7461 -7413 -7479 -7433 # -8065 -8193 -8193 -8321 -8321 -8321 -819CPU side received count (scaleup: 3): -7400 -7549 -7426 -7398 -7355 -7397 -7474 -7321 # -8193 -8193 -8193 -8193 -8193 -8193 -819CPU side received count (scaleup: 0): -7526 -7289 -7400 -7430 -7537 -7573 -7518 -7434 # -8065 -8193 -8321 -8449 -8193 -8321 -8321 -8321 
3 -8321 
3 -8193 
3 -8193 
1 -8321 
Elastic buffer uses 4 channels per SM
Elastic buffer uses 4 channels per SM
Elastic buffer uses 4 channels per SM
Elastic buffer uses 4 channels per SM
Elastic buffer uses 4 channels per SM
Elastic buffer uses 4 channels per SM
Elastic buffer uses 4 channels per SM
Elastic buffer uses 4 channels per SM
CPU side received count (scaleup: 7): -7446 -7490 -7393 -7465 -7420 -7392 -7374 -7414 # -8321 -8193 -8321 -8193 -8321 -8193 -819CPU side received count (scaleup: 5): -7399 -7487 -7399 -7279 -7411 -7420 -7505 -7329 # -8193 -8065 -8193 -8321 -8321 -8193 -819CPU side received count (scaleup: 6): -7457 -7402 -7321 -7552 -7493 -7487 -7371 -7472 # -8193 -8449 -8321 -8193 -8193 -8065 -832CPU side received count (scaleup: 4): -7415 -7468 -7405 -7458 -7389 -7432 -7474 -7344 # -8449 -8321 -8193 -8193 -8193 -8193 -8063 -8193 
CPU side received count (scaleup: 0): -7526 -7289 -7400 -7430 -7537 -7573 -7518 -7434 # -8065 -8193 -8321 -8449 -8193 -8321 -8323 -8321 
CPU side received count (scaleup: 2): -7426 -7298 -7457 -7460 -7461 -7413 -7479 -7433 # -8065 -8193 -8193 -8321 -8321 -8321 -819CPU side received count (scaleup: 1): -7507 -7396 -7530 -7593 -7610 -7335 -7335 -7382 # -8321 -8321 -8193 -8321 -8321 -8065 -8325 -8321 
CPU side received count (scaleup: 3): -7400 -7549 -7426 -7398 -7355 -7397 -7474 -7321 # -8193 -8193 -8193 -8193 -8193 -8193 -8191 -8193 
1 -8321 
3 -8193 
1 -8321 
3 -8193 
Elastic buffer uses 4 channels per SM
Elastic buffer uses 4 channels per SM
Elastic buffer uses 4 channels per SM
Elastic buffer uses 4 channels per SM
Elastic buffer uses 4 channels per SM
Elastic buffer uses 4 channels per SM
Elastic buffer uses 4 channels per SM
Elastic buffer uses 4 channels per SM
CPU side received count (scaleup: 7): -7446 -7490 -7393 -7465 -7420 -7392 -7374 -7414 # -8321 -8193 -8321 -8193 -8321 -8193 -819CPU side received count (scaleup: 6): -7457 -7402 -7321 -7552 -7493 -7487 -7371 -7472 # -8193 -8449 -8321 -8193 -8193 -8065 -832CPU side received count (scaleup: 5): -7399 -7487 -7399 -7279 -7411 -7420 -7505 -7329 # -8193 -8065 -8193 -8321 -8321 -8193 -8193 -8193 
1 -8193 
3 -8321 
CPU side received count (scaleup: 0): -7526 -7289 -7400 -7430 -7537 -7573 -7518 -7434 # -8065 -8193 -8321 -8449 -8193 -8321 -832CPU side received count (scaleup: 3): -7400 -7549 -7426 -7398 -7355 -7397 -7474 -7321 # -8193 -8193 -8193 -8193 -8193 -8193 -819CPU side received count (scaleup: 4): -7415 -7468 -7405 -7458 -7389 -7432 -7474 -7344 # -8449 -8321 -8193 -8193 -8193 -8193 -806CPU side received count (scaleup: 1): -7507 -7396 -7530 -7593 -7610 -7335 -7335 -7382 # -8321 -8321 -8193 -8321 -8321 -8065 -832CPU side received count (scaleup: 2): -7426 -7298 -7457 -7460 -7461 -7413 -7479 -7433 # -8065 -8193 -8193 -8321 -8321 -8321 -8191 -8321 
3 -8193 
5 -8321 
1 -8321 
3 -8193 
Elastic buffer uses 4 channels per SM
Elastic buffer uses 4 channels per SM
Elastic buffer uses 4 channels per SM
Elastic buffer uses 4 channels per SM
Elastic buffer uses 4 channels per SM
Elastic buffer uses 4 channels per SM
Elastic buffer uses 4 channels per SM
Elastic buffer uses 4 channels per SM
CPU side received count (scaleup: 0): -7526 -7289 -7400 -7430 -7537 -7573 -7518 -7434 # -8065 -8193 -8321 -8449 -8193 -8321 -832CPU side received count (scaleup: 2): -7426 -7298 -7457 -7460 -7461 -7413 -7479 -7433 # -8065 -8193 -8193 -8321 -8321 -8321 -819CPU side received count (scaleup: 1): -7507 -7396 -7530 -7593 -7610 -7335 -7335 -7382 # -8321 -8321 -8193 -8321 -8321 -8065 -832CPU side received count (scaleup: 3): -7400 -7549 -7426 -7398 -7355 -7397 -7474 -7321 # -8193 -8193 -8193 -8193 -8193 -8193 -819CPU side received count (scaleup: 5): -7399 -7487 -7399 -7279 -7411 -7420 -7505 -7329 # -8193 -8065 -8193 -8321 -8321 -8193 -8191 -8321 
CPU side received count (scaleup: 6): -7457 -7402 -7321 -7552 -7493 -7487 -7371 -7472 # -8193 -8449 -8321 -8193 -8193 -8065 -8323 -8193 
CPU side received count (scaleup: 4): -7415 -7468 -7405 -7458 -7389 -7432 -7474 -7344 # -8449 -8321 -8193 -8193 -8193 -8193 -8063 -8321 
CPU side received count (scaleup: 7): -7446 -7490 -7393 -7465 -7420 -7392 -7374 -7414 # -8321 -8193 -8321 -8193 -8321 -8193 -8191 -8321 
3 -8193 
1 -8193 
5 -8321 
3 -8193 
Elastic buffer uses 4 channels per SM
Elastic buffer uses 4 channels per SM
Elastic buffer uses 4 channels per SM
Elastic buffer uses 4 channels per SM
Elastic buffer uses 4 channels per SM
Elastic buffer uses 4 channels per SM
Elastic buffer uses 4 channels per SM
Elastic buffer uses 4 channels per SM
CPU side received count (scaleup: 4): -7415 -7468 -7405 -7458 -7389 -7432 -7474 -7344 # -8449 -8321 -8193 -8193 -8193 -8193 -806CPU side received count (scaleup: 5): -7399 -7487 -7399 -7279 -7411 -7420 -7505 -7329 # -8193 -8065 -8193 -8321 -8321 -8193 -819CPU side received count (scaleup: 6): -7457 -7402 -7321 -7552 -7493 -7487 -7371 -7472 # -8193 -8449 -8321 -8193 -8193 -8065 -832CPU side received count (scaleup: 7): -7446 -7490 -7393 -7465 -7420 -7392 -7374 -7414 # -8321 -8193 -8321 -8193 -8321 -8193 -819CPU side received count (scaleup: 1): -7507 -7396 -7530 -7593 -7610 -7335 -7335 -7382 # -8321 -8321 -8193 -8321 -8321 -8065 -832CPU side received count (scaleup: 2): -7426 -7298 -7457 -7460 -7461 -7413 -7479 -7433 # -8065 -8193 -8193 -8321 -8321 -8321 -819CPU side received count (scaleup: 3): -7400 -7549 -7426 -7398 -7355 -7397 -7474 -7321 # -8193 -8193 -8193 -8193 -8193 -8193 -8195 -8321 
1 -8321 
CPU side received count (scaleup: 0): -7526 -7289 -7400 -7430 -7537 -7573 -7518 -7434 # -8065 -8193 -8321 -8449 -8193 -8321 -8323 -8321 
1 -8193 
3 -8193 
3 -8193 
3 -8193 
1 -8321 
Elastic buffer uses 4 channels per SM
Elastic buffer uses 4 channels per SM
Elastic buffer uses 4 channels per SM
Elastic buffer uses 4 channels per SM
Elastic buffer uses 4 channels per SM
Elastic buffer uses 4 channels per SM
Elastic buffer uses 4 channels per SM
Elastic buffer uses 4 channels per SM
CPU side received count (scaleup: 0): -7526 -7289 -7400 -7430 -7537 -7573 -7518 -7434 # -8065 -8193 -8321 -8449 -8193 -8321 -832CPU side received count (scaleup: 1): -7507 -7396 -7530 -7593 -7610 -7335 -7335 -7382 # -8321 -8321 -8193 -8321 -8321 -8065 -832CPU side received count (scaleup: 4): -7415 -7468 -7405 -7458 -7389 -7432 -7474 -7344 # -8449 -8321 -8193 -8193 -8193 -8193 -806CPU side received count (scaleup: 2): -7426 -7298 -7457 -7460 -7461 -7413 -7479 -7433 # -8065 -8193 -8193 -8321 -8321 -8321 -819CPU side received count (scaleup: 3): -7400 -7549 -7426 -7398 -7355 -7397 -7474 -7321 # -8193 -8193 -8193 -8193 -8193 -8193 -819CPU side received count (scaleup: 6): -7457 -7402 -7321 -7552 -7493 -7487 -7371 -7472 # -8193 -8449 -8321 -8193 -8193 -8065 -832CPU side received count (scaleup: 7): -7446 -7490 -7393 -7465 -7420 -7392 -7374 -7414 # -8321 -8193 -8321 -8193 -8321 -8193 -8191 -8321 
3 -8193 
CPU side received count (scaleup: 5): -7399 -7487 -7399 -7279 -7411 -7420 -7505 -7329 # -8193 -8065 -8193 -8321 -8321 -8193 -8191 -8321 
5 -8321 
3 -8193 
3 -8193 
1 -8193 
3 -8321 
Elastic buffer uses 4 channels per SM
Elastic buffer uses 4 channels per SM
Elastic buffer uses 4 channels per SM
Elastic buffer uses 4 channels per SM
Elastic buffer uses 4 channels per SM
Elastic buffer uses 4 channels per SM
Elastic buffer uses 4 channels per SM
Elastic buffer uses 4 channels per SM
CPU side received count (scaleup: 6): -7457 -7402 -7321 -7552 -7493 -7487 -7371 -7472 # -8193 -8449 -8321 -8193 -8193 -8065 -832CPU side received count (scaleup: 5): -7399 -7487 -7399 -7279 -7411 -7420 -7505 -7329 # -8193 -8065 -8193 -8321 -8321 -8193 -819CPU side received count (scaleup: 4): -7415 -7468 -7405 -7458 -7389 -7432 -7474 -7344 # -8449 -8321 -8193 -8193 -8193 -8193 -806CPU side received count (scaleup: 7): -7446 -7490 -7393 -7465 -7420 -7392 -7374 -7414 # -8321 -8193 -8321 -8193 -8321 -8193 -819CPU side received count (scaleup: 0): -7526 -7289 -7400 -7430 -7537 -7573 -7518 -7434 # -8065 -8193 -8321 -8449 -8193 -8321 -8321 -8193 
CPU side received count (scaleup: 3): -7400 -7549 -7426 -7398 -7355 -7397 -7474 -7321 # -8193 -8193 -8193 -8193 -8193 -8193 -8191 -8321 
CPU side received count (scaleup: 1): -7507 -7396 -7530 -7593 -7610 -7335 -7335 -7382 # -8321 -8321 -8193 -8321 -8321 -8065 -8323 -8193 
3 -8321 
CPU side received count (scaleup: 2): -7426 -7298 -7457 -7460 -7461 -7413 -7479 -7433 # -8065 -8193 -8193 -8321 -8321 -8321 -8195 -8321 
3 -8193 
3 -8193 
1 -8321 
Elastic buffer uses 4 channels per SM
Elastic buffer uses 4 channels per SM
Elastic buffer uses 4 channels per SM
Elastic buffer uses 4 channels per SM
Elastic buffer uses 4 channels per SM
Elastic buffer uses 4 channels per SM
Elastic buffer uses 4 channels per SM
Elastic buffer uses 4 channels per SM
CPU side received count (scaleup: 6): -7457 -7402 -7321 -7552 -7493 -7487 -7371 -7472 # -8193 -8449 -8321 -8193 -8193 -8065 -832CPU side received count (scaleup: 7): -7446 -7490 -7393 -7465 -7420 -7392 -7374 -7414 # -8321 -8193 -8321 -8193 -8321 -8193 -819CPU side received count (scaleup: 5): -7399 -7487 -7399 -7279 -7411 -7420 -7505 -7329 # -8193 -8065 -8193 -8321 -8321 -8193 -819CPU side received count (scaleup: 2): -7426 -7298 -7457 -7460 -7461 -7413 -7479 -7433 # -8065 -8193 -8193 -8321 -8321 -8321 -819CPU side received count (scaleup: 4): -7415 -7468 -7405 -7458 -7389 -7432 -7474 -7344 # -8449 -8321 -8193 -8193 -8193 -8193 -8063 -8193 
CPU side received count (scaleup: 3): -7400 -7549 -7426 -7398 -7355 -7397 -7474 -7321 # -8193 -8193 -8193 -8193 -8193 -8193 -819CPU side received count (scaleup: 1): -7507 -7396 -7530 -7593 -7610 -7335 -7335 -7382 # -8321 -8321 -8193 -8321 -8321 -8065 -832CPU side received count (scaleup: 0): -7526 -7289 -7400 -7430 -7537 -7573 -7518 -7434 # -8065 -8193 -8321 -8449 -8193 -8321 -8321 -8193 
5 -8321 
3 -8321 
3 -8193 
3 -8193 
1 -8321 
1 -8321 
Elastic buffer uses 4 channels per SM
Elastic buffer uses 4 channels per SM
Elastic buffer uses 4 channels per SM
Elastic buffer uses 4 channels per SM
Elastic buffer uses 4 channels per SM
Elastic buffer uses 4 channels per SM
Elastic buffer uses 4 channels per SM
Elastic buffer uses 4 channels per SM
CPU side received count (scaleup: 7): -7446 -7490 -7393 -7465 -7420 -7392 -7374 -7414 # -8321 -8193 -8321 -8193 -8321 -8193 -819CPU side received count (scaleup: 4): -7415 -7468 -7405 -7458 -7389 -7432 -7474 -7344 # -8449 -8321 -8193 -8193 -8193 -8193 -806CPU side received count (scaleup: 5): -7399 -7487 -7399 -7279 -7411 -7420 -7505 -7329 # -8193 -8065 -8193 -8321 -8321 -8193 -8193 -8193 
5 -8321 
CPU side received count (scaleup: 6): -7457 -7402 -7321 -7552 -7493 -7487 -7371 -7472 # -8193 -8449 -8321 -8193 -8193 -8065 -8323 -8321 
CPU side received count (scaleup: 0): -7526 -7289 -7400 -7430 -7537 -7573 -7518 -7434 # -8065 -8193 -8321 -8449 -8193 -8321 -832CPU side received count (scaleup: 3): -7400 -7549 -7426 -7398 -7355 -7397 -7474 -7321 # -8193 -8193 -8193 -8193 -8193 -8193 -819CPU side received count (scaleup: 2): -7426 -7298 -7457 -7460 -7461 -7413 -7479 -7433 # -8065 -8193 -8193 -8321 -8321 -8321 -819CPU side received count (scaleup: 1): -7507 -7396 -7530 -7593 -7610 -7335 -7335 -7382 # -8321 -8321 -8193 -8321 -8321 -8065 -8321 -8193 
3 -8193 
1 -8321 
3 -8193 
1 -8321 
Elastic buffer uses 4 channels per SM
Elastic buffer uses 4 channels per SM
Elastic buffer uses 4 channels per SM
Elastic buffer uses 4 channels per SM
Elastic buffer uses 4 channels per SM
Elastic buffer uses 4 channels per SM
Elastic buffer uses 4 channels per SM
Elastic buffer uses 4 channels per SM
CPU side received count (scaleup: 7): -7446 -7490 -7393 -7465 -7420 -7392 -7374 -7414 # -8321 -8193 -8321 -8193 -8321 -8193 -819CPU side received count (scaleup: 6): -7457 -7402 -7321 -7552 -7493 -7487 -7371 -7472 # -8193 -8449 -8321 -8193 -8193 -8065 -832CPU side received count (scaleup: 0): -7526 -7289 -7400 -7430 -7537 -7573 -7518 -7434 # -8065 -8193 -8321 -8449 -8193 -8321 -832CPU side received count (scaleup: 3): -7400 -7549 -7426 -7398 -7355 -7397 -7474 -7321 # -8193 -8193 -8193 -8193 -8193 -8193 -819CPU side received count (scaleup: 5): -7399 -7487 -7399 -7279 -7411 -7420 -7505 -7329 # -8193 -8065 -8193 -8321 -8321 -8193 -819CPU side received count (scaleup: 4): -7415 -7468 -7405 -7458 -7389 -7432 -7474 -7344 # -8449 -8321 -8193 -8193 -8193 -8193 -806CPU side received count (scaleup: 1): -7507 -7396 -7530 -7593 -7610 -7335 -7335 -7382 # -8321 -8321 -8193 -8321 -8321 -8065 -832CPU side received count (scaleup: 2): -7426 -7298 -7457 -7460 -7461 -7413 -7479 -7433 # -8065 -8193 -8193 -8321 -8321 -8321 -8191 -8321 
3 -8193 
1 -8193 
3 -8193 
3 -8321 
5 -8321 
1 -8321 
3 -8193 
Elastic buffer uses 4 channels per SM
Elastic buffer uses 4 channels per SM
Elastic buffer uses 4 channels per SM
Elastic buffer uses 4 channels per SM
USDT:2026-08-25 02:20:48 440:440 SyncActivityProfilerHandler.cpp:52] profiler_startUSDT:2026-08-25 02:20:48 436:436 SyncActivityProfilerHandler.cpp:52] profiler_startUSDT:2026-08-25 02:20:48 434:434 SyncActivityProfilerHandler.cpp:52] profiler_startUSDT:2026-08-25 02:20:48 435:435 SyncActivityProfilerHandler.cpp:52] profiler_startUSDT:2026-08-25 02:20:48 439:439 SyncActivityProfilerHandler.cpp:52] profiler_startUSDT:2026-08-25 02:20:48 438:438 SyncActivityProfilerHandler.cpp:52] profiler_start



USDT:2026-08-25 02:20:48 441:441 SyncActivityProfilerHandler.cpp:52] profiler_start


USDT:2026-08-25 02:20:48 437:437 SyncActivityProfilerHandler.cpp:52] profiler_start
Elastic buffer uses 4 channels per SM
Elastic buffer uses 4 channels per SM
Elastic buffer uses 4 channels per SM
Elastic buffer uses 4 channels per SM
CPU side received count (scaleup: 6): -7457 -7402 -7321 -7552 -7493 -7487 -7371 -7472 # -8193 -8449 -8321 -8193 -8193 -8065 -832CPU side received count (scaleup: 7): -7446 -7490 -7393 -7465 -7420 -7392 -7374 -7414 # -8321 -8193 -8321 -8193 -8321 -8193 -819CPU side received count (scaleup: 4): -7415 -7468 -7405 -7458 -7389 -7432 -7474 -7344 # -8449 -8321 -8193 -8193 -8193 -8193 -8061 -8193 
CPU side received count (scaleup: 0): -7526 -7289 -7400 -7430 -7537 -7573 -7518 -7434 # -8065 -8193 -8321 -8449 -8193 -8321 -832CPU side received count (scaleup: 5): -7399 -7487 -7399 -7279 -7411 -7420 -7505 -7329 # -8193 -8065 -8193 -8321 -8321 -8193 -8195 -8321 
CPU side received count (scaleup: 2): -7426 -7298 -7457 -7460 -7461 -7413 -7479 -7433 # -8065 -8193 -8193 -8321 -8321 -8321 -8193 -8193 
3 -8321 
3 -8193 
CPU side received count (scaleup: 3): -7400 -7549 -7426 -7398 -7355 -7397 -7474 -7321 # -8193 -8193 -8193 -8193 -8193 -8193 -819CPU side received count (scaleup: 1): -7507 -7396 -7530 -7593 -7610 -7335 -7335 -7382 # -8321 -8321 -8193 -8321 -8321 -8065 -8323 -8193 
1 -8321 
1 -8321 
Elastic buffer uses 4 channels per SM
Elastic buffer uses 4 channels per SM
Elastic buffer uses 4 channels per SM
Elastic buffer uses 4 channels per SM
Elastic buffer uses 4 channels per SM
Elastic buffer uses 4 channels per SM
Elastic buffer uses 4 channels per SM
Elastic buffer uses 4 channels per SM
CPU side received count (scaleup: 7): -7446 -7490 -7393 -7465 -7420 -7392 -7374 -7414 # -8321 -8193 -8321 -8193 -8321 -8193 -819CPU side received count (scaleup: 4): -7415 -7468 -7405 -7458 -7389 -7432 -7474 -7344 # -8449 -8321 -8193 -8193 -8193 -8193 -806CPU side received count (scaleup: 6): -7457 -7402 -7321 -7552 -7493 -7487 -7371 -7472 # -8193 -8449 -8321 -8193 -8193 -8065 -832CPU side received count (scaleup: 5): -7399 -7487 -7399 -7279 -7411 -7420 -7505 -7329 # -8193 -8065 -8193 -8321 -8321 -8193 -8193 -8321 
CPU side received count (scaleup: 0): -7526 -7289 -7400 -7430 -7537 -7573 -7518 -7434 # -8065 -8193 -8321 -8449 -8193 -8321 -8321 -8193 
5 -8321 
CPU side received count (scaleup: 3): -7400 -7549 -7426 -7398 -7355 -7397 -7474 -7321 # -8193 -8193 -8193 -8193 -8193 -8193 -819CPU side received count (scaleup: 2): -7426 -7298 -7457 -7460 -7461 -7413 -7479 -7433 # -8065 -8193 -8193 -8321 -8321 -8321 -819CPU side received count (scaleup: 1): -7507 -7396 -7530 -7593 -7610 -7335 -7335 -7382 # -8321 -8321 -8193 -8321 -8321 -8065 -8323 -8193 
3 -8193 
1 -8321 
3 -8193 
1 -8321 
Elastic buffer uses 4 channels per SM
Elastic buffer uses 4 channels per SM
Elastic buffer uses 4 channels per SM
Elastic buffer uses 4 channels per SM
Elastic buffer uses 4 channels per SM
Elastic buffer uses 4 channels per SM
Elastic buffer uses 4 channels per SM
Elastic buffer uses 4 channels per SM
CPU side received count (scaleup: 0): -7526 -7289 -7400 -7430 -7537 -7573 -7518 -7434 # -8065 -8193 -8321 -8449 -8193 -8321 -832CPU side received count (scaleup: 3): -7400 -7549 -7426 -7398 -7355 -7397 -7474 -7321 # -8193 -8193 -8193 -8193 -8193 -8193 -819CPU side received count (scaleup: 1): -7507 -7396 -7530 -7593 -7610 -7335 -7335 -7382 # -8321 -8321 -8193 -8321 -8321 -8065 -832CPU side received count (scaleup: 2): -7426 -7298 -7457 -7460 -7461 -7413 -7479 -7433 # -8065 -8193 -8193 -8321 -8321 -8321 -8191 -8321 
3 -8193 
CPU side received count (scaleup: 6): -7457 -7402 -7321 -7552 -7493 -7487 -7371 -7472 # -8193 -8449 -8321 -8193 -8193 -8065 -832CPU side received count (scaleup: 5): -7399 -7487 -7399 -7279 -7411 -7420 -7505 -7329 # -8193 -8065 -8193 -8321 -8321 -8193 -819CPU side received count (scaleup: 7): -7446 -7490 -7393 -7465 -7420 -7392 -7374 -7414 # -8321 -8193 -8321 -8193 -8321 -8193 -8191 -8321 
CPU side received count (scaleup: 4): -7415 -7468 -7405 -7458 -7389 -7432 -7474 -7344 # -8449 -8321 -8193 -8193 -8193 -8193 -8061 -8193 
3 -8193 
3 -8193 
3 -8321 
5 -8321 
Elastic buffer uses 4 channels per SM
Elastic buffer uses 4 channels per SM
Elastic buffer uses 4 channels per SM
Elastic buffer uses 4 channels per SM
Elastic buffer uses 4 channels per SM
Elastic buffer uses 4 channels per SM
Elastic buffer uses 4 channels per SM
Elastic buffer uses 4 channels per SM
CPU side received count (scaleup: 2): -7426 -7298 -7457 -7460 -7461 -7413 -7479 -7433 # -8065 -8193 -8193 -8321 -8321 -8321 -819CPU side received count (scaleup: 1): -7507 -7396 -7530 -7593 -7610 -7335 -7335 -7382 # -8321 -8321 -8193 -8321 -8321 -8065 -832CPU side received count (scaleup: 5): -7399 -7487 -7399 -7279 -7411 -7420 -7505 -7329 # -8193 -8065 -8193 -8321 -8321 -8193 -819CPU side received count (scaleup: 4): -7415 -7468 -7405 -7458 -7389 -7432 -7474 -7344 # -8449 -8321 -8193 -8193 -8193 -8193 -806CPU side received count (scaleup: 3): -7400 -7549 -7426 -7398 -7355 -7397 -7474 -7321 # -8193 -8193 -8193 -8193 -8193 -8193 -8193 -8321 
CPU side received count (scaleup: 0): -7526 -7289 -7400 -7430 -7537 -7573 -7518 -7434 # -8065 -8193 -8321 -8449 -8193 -8321 -832CPU side received count (scaleup: 7): -7446 -7490 -7393 -7465 -7420 -7392 -7374 -7414 # -8321 -8193 -8321 -8193 -8321 -8193 -819CPU side received count (scaleup: 6): -7457 -7402 -7321 -7552 -7493 -7487 -7371 -7472 # -8193 -8449 -8321 -8193 -8193 -8065 -8321 -8321 
3 -8193 
1 -8193 
5 -8321 
3 -8193 
1 -8321 
3 -8193 
Elastic buffer uses 4 channels per SM
Elastic buffer uses 4 channels per SM
Elastic buffer uses 4 channels per SM
Elastic buffer uses 4 channels per SM
Elastic buffer uses 4 channels per SM
Elastic buffer uses 4 channels per SM
Elastic buffer uses 4 channels per SM
Elastic buffer uses 4 channels per SM
CPU side received count (scaleup: 0): -7526 -7289 -7400 -7430 -7537 -7573 -7518 -7434 # -8065 -8193 -8321 -8449 -8193 -8321 -832CPU side received count (scaleup: 3): -7400 -7549 -7426 -7398 -7355 -7397 -7474 -7321 # -8193 -8193 -8193 -8193 -8193 -8193 -819CPU side received count (scaleup: 1): -7507 -7396 -7530 -7593 -7610 -7335 -7335 -7382 # -8321 -8321 -8193 -8321 -8321 -8065 -832CPU side received count (scaleup: 2): -7426 -7298 -7457 -7460 -7461 -7413 -7479 -7433 # -8065 -8193 -8193 -8321 -8321 -8321 -819CPU side received count (scaleup: 5): -7399 -7487 -7399 -7279 -7411 -7420 -7505 -7329 # -8193 -8065 -8193 -8321 -8321 -8193 -819CPU side received count (scaleup: 6): -7457 -7402 -7321 -7552 -7493 -7487 -7371 -7472 # -8193 -8449 -8321 -8193 -8193 -8065 -8321 -8321 
CPU side received count (scaleup: 7): -7446 -7490 -7393 -7465 -7420 -7392 -7374 -7414 # -8321 -8193 -8321 -8193 -8321 -8193 -8191 -8321 
3 -8193 
3 -8193 
3 -8193 
3 -8321 
1 -8193 
CPU side received count (scaleup: 4): -7415 -7468 -7405 -7458 -7389 -7432 -7474 -7344 # -8449 -8321 -8193 -8193 -8193 -8193 -8065 -8321 
Elastic buffer uses 4 channels per SM
Elastic buffer uses 4 channels per SM
Elastic buffer uses 4 channels per SM
Elastic buffer uses 4 channels per SM
Elastic buffer uses 4 channels per SM
Elastic buffer uses 4 channels per SM
Elastic buffer uses 4 channels per SM
Elastic buffer uses 4 channels per SM
CPU side received count (scaleup: 0): -7526 -7289 -7400 -7430 -7537 -7573 -7518 -7434 # -8065 -8193 -8321 -8449 -8193 -8321 -832CPU side received count (scaleup: 3): -7400 -7549 -7426 -7398 -7355 -7397 -7474 -7321 # -8193 -8193 -8193 -8193 -8193 -8193 -819CPU side received count (scaleup: 5): -7399 -7487 -7399 -7279 -7411 -7420 -7505 -7329 # -8193 -8065 -8193 -8321 -8321 -8193 -819CPU side received count (scaleup: 1): -7507 -7396 -7530 -7593 -7610 -7335 -7335 -7382 # -8321 -8321 -8193 -8321 -8321 -8065 -8321 -8321 
3 -8193 
CPU side received count (scaleup: 2): -7426 -7298 -7457 -7460 -7461 -7413 -7479 -7433 # -8065 -8193 -8193 -8321 -8321 -8321 -819CPU side received count (scaleup: 6): -7457 -7402 -7321 -7552 -7493 -7487 -7371 -7472 # -8193 -8449 -8321 -8193 -8193 -8065 -8323 -8321 
CPU side received count (scaleup: 7): -7446 -7490 -7393 -7465 -7420 -7392 -7374 -7414 # -8321 -8193 -8321 -8193 -8321 -8193 -8193 -8193 
CPU side received count (scaleup: 4): -7415 -7468 -7405 -7458 -7389 -7432 -7474 -7344 # -8449 -8321 -8193 -8193 -8193 -8193 -8061 -8193 
1 -8321 
3 -8193 
5 -8321 
Elastic buffer uses 4 channels per SM
Elastic buffer uses 4 channels per SM
Elastic buffer uses 4 channels per SM
Elastic buffer uses 4 channels per SM
Elastic buffer uses 4 channels per SM
Elastic buffer uses 4 channels per SM
Elastic buffer uses 4 channels per SM
Elastic buffer uses 4 channels per SM
CPU side received count (scaleup: 6): -7457 -7402 -7321 -7552 -7493 -7487 -7371 -7472 # -8193 -8449 -8321 -8193 -8193 -8065 -832CPU side received count (scaleup: 5): -7399 -7487 -7399 -7279 -7411 -7420 -7505 -7329 # -8193 -8065 -8193 -8321 -8321 -8193 -819CPU side received count (scaleup: 4): -7415 -7468 -7405 -7458 -7389 -7432 -7474 -7344 # -8449 -8321 -8193 -8193 -8193 -8193 -8061 -8193 
3 -8321 
5 -8321 
CPU side received count (scaleup: 7): -7446 -7490 -7393 -7465 -7420 -7392 -7374 -7414 # -8321 -8193 -8321 -8193 -8321 -8193 -819CPU side received count (scaleup: 0): -7526 -7289 -7400 -7430 -7537 -7573 -7518 -7434 # -8065 -8193 -8321 -8449 -8193 -8321 -832CPU side received count (scaleup: 1): -7507 -7396 -7530 -7593 -7610 -7335 -7335 -7382 # -8321 -8321 -8193 -8321 -8321 -8065 -832CPU side received count (scaleup: 2): -7426 -7298 -7457 -7460 -7461 -7413 -7479 -7433 # -8065 -8193 -8193 -8321 -8321 -8321 -8191 -8321 
CPU side received count (scaleup: 3): -7400 -7549 -7426 -7398 -7355 -7397 -7474 -7321 # -8193 -8193 -8193 -8193 -8193 -8193 -8193 -8193 
3 -8193 
3 -8193 
1 -8321 
Elastic buffer uses 4 channels per SM
Elastic buffer uses 4 channels per SM
Elastic buffer uses 4 channels per SM
Elastic buffer uses 4 channels per SM
Elastic buffer uses 4 channels per SM
Elastic buffer uses 4 channels per SM
Elastic buffer uses 4 channels per SM
Elastic buffer uses 4 channels per SM
CPU side received count (scaleup: 0): -7526 -7289 -7400 -7430 -7537 -7573 -7518 -7434 # -8065 -8193 -8321 -8449 -8193 -8321 -832CPU side received count (scaleup: 1): -7507 -7396 -7530 -7593 -7610 -7335 -7335 -7382 # -8321 -8321 -8193 -8321 -8321 -8065 -832CPU side received count (scaleup: 7): -7446 -7490 -7393 -7465 -7420 -7392 -7374 -7414 # -8321 -8193 -8321 -8193 -8321 -8193 -819CPU side received count (scaleup: 3): -7400 -7549 -7426 -7398 -7355 -7397 -7474 -7321 # -8193 -8193 -8193 -8193 -8193 -8193 -8191 -8321 
CPU side received count (scaleup: 2): -7426 -7298 -7457 -7460 -7461 -7413 -7479 -7433 # -8065 -8193 -8193 -8321 -8321 -8321 -819CPU side received count (scaleup: 6): -7457 -7402 -7321 -7552 -7493 -7487 -7371 -7472 # -8193 -8449 -8321 -8193 -8193 -8065 -832CPU side received count (scaleup: 4): -7415 -7468 -7405 -7458 -7389 -7432 -7474 -7344 # -8449 -8321 -8193 -8193 -8193 -8193 -806CPU side received count (scaleup: 5): -7399 -7487 -7399 -7279 -7411 -7420 -7505 -7329 # -8193 -8065 -8193 -8321 -8321 -8193 -8191 -8321 
3 -8193 
3 -8193 
3 -8193 
1 -8193 
5 -8321 
3 -8321 
Elastic buffer uses 4 channels per SM
Elastic buffer uses 4 channels per SM
Elastic buffer uses 4 channels per SM
Elastic buffer uses 4 channels per SM
Elastic buffer uses 4 channels per SM
Elastic buffer uses 4 channels per SM
Elastic buffer uses 4 channels per SM
Elastic buffer uses 4 channels per SM
CPU side received count (scaleup: 7): -7446 -7490 -7393 -7465 -7420 -7392 -7374 -7414 # -8321 -8193 -8321 -8193 -8321 -8193 -819CPU side received count (scaleup: 5): -7399 -7487 -7399 -7279 -7411 -7420 -7505 -7329 # -8193 -8065 -8193 -8321 -8321 -8193 -819CPU side received count (scaleup: 6): -7457 -7402 -7321 -7552 -7493 -7487 -7371 -7472 # -8193 -8449 -8321 -8193 -8193 -8065 -832CPU side received count (scaleup: 4): -7415 -7468 -7405 -7458 -7389 -7432 -7474 -7344 # -8449 -8321 -8193 -8193 -8193 -8193 -8063 -8321 
3 -8193 
CPU side received count (scaleup: 3): -7400 -7549 -7426 -7398 -7355 -7397 -7474 -7321 # -8193 -8193 -8193 -8193 -8193 -8193 -819CPU side received count (scaleup: 2): -7426 -7298 -7457 -7460 -7461 -7413 -7479 -7433 # -8065 -8193 -8193 -8321 -8321 -8321 -8191 -8193 
CPU side received count (scaleup: 0): -7526 -7289 -7400 -7430 -7537 -7573 -7518 -7434 # -8065 -8193 -8321 -8449 -8193 -8321 -8325 -8321 
3 -8193 
CPU side received count (scaleup: 1): -7507 -7396 -7530 -7593 -7610 -7335 -7335 -7382 # -8321 -8321 -8193 -8321 -8321 -8065 -8323 -8193 
1 -8321 
1 -8321 
Elastic buffer uses 4 channels per SM
Elastic buffer uses 4 channels per SM
Elastic buffer uses 4 channels per SM
Elastic buffer uses 4 channels per SM
Elastic buffer uses 4 channels per SM
Elastic buffer uses 4 channels per SM
Elastic buffer uses 4 channels per SM
Elastic buffer uses 4 channels per SM
CPU side received count (scaleup: 0): -7526 -7289 -7400 -7430 -7537 -7573 -7518 -7434 # -8065 -8193 -8321 -8449 -8193 -8321 -832CPU side received count (scaleup: 2): -7426 -7298 -7457 -7460 -7461 -7413 -7479 -7433 # -8065 -8193 -8193 -8321 -8321 -8321 -819CPU side received count (scaleup: 3): -7400 -7549 -7426 -7398 -7355 -7397 -7474 -7321 # -8193 -8193 -8193 -8193 -8193 -8193 -819CPU side received count (scaleup: 1): -7507 -7396 -7530 -7593 -7610 -7335 -7335 -7382 # -8321 -8321 -8193 -8321 -8321 -8065 -832CPU side received count (scaleup: 5): -7399 -7487 -7399 -7279 -7411 -7420 -7505 -7329 # -8193 -8065 -8193 -8321 -8321 -8193 -819CPU side received count (scaleup: 4): -7415 -7468 -7405 -7458 -7389 -7432 -7474 -7344 # -8449 -8321 -8193 -8193 -8193 -8193 -8061 -8321 
CPU side received count (scaleup: 6): -7457 -7402 -7321 -7552 -7493 -7487 -7371 -7472 # -8193 -8449 -8321 -8193 -8193 -8065 -8325 -8321 
CPU side received count (scaleup: 7): -7446 -7490 -7393 -7465 -7420 -7392 -7374 -7414 # -8321 -8193 -8321 -8193 -8321 -8193 -8193 -8193 
3 -8193 
3 -8193 
1 -8321 
3 -8321 
1 -8193 
Elastic buffer uses 4 channels per SM
Elastic buffer uses 4 channels per SM
Elastic buffer uses 4 channels per SM
Elastic buffer uses 4 channels per SM
Elastic buffer uses 4 channels per SM
Elastic buffer uses 4 channels per SM
Elastic buffer uses 4 channels per SM
Elastic buffer uses 4 channels per SM
CPU side received count (scaleup: 7): -7446 -7490 -7393 -7465 -7420 -7392 -7374 -7414 # -8321 -8193 -8321 -8193 -8321 -8193 -819CPU side received count (scaleup: 6): -7457 -7402 -7321 -7552 -7493 -7487 -7371 -7472 # -8193 -8449 -8321 -8193 -8193 -8065 -832CPU side received count (scaleup: 4): -7415 -7468 -7405 -7458 -7389 -7432 -7474 -7344 # -8449 -8321 -8193 -8193 -8193 -8193 -806CPU side received count (scaleup: 5): -7399 -7487 -7399 -7279 -7411 -7420 -7505 -7329 # -8193 -8065 -8193 -8321 -8321 -8193 -8191 -8193 
3 -8193 
5 -8321 
3 -8321 
CPU side received count (scaleup: 2): -7426 -7298 -7457 -7460 -7461 -7413 -7479 -7433 # -8065 -8193 -8193 -8321 -8321 -8321 -819CPU side received count (scaleup: 0): -7526 -7289 -7400 -7430 -7537 -7573 -7518 -7434 # -8065 -8193 -8321 -8449 -8193 -8321 -832CPU side received count (scaleup: 3): -7400 -7549 -7426 -7398 -7355 -7397 -7474 -7321 # -8193 -8193 -8193 -8193 -8193 -8193 -819CPU side received count (scaleup: 1): -7507 -7396 -7530 -7593 -7610 -7335 -7335 -7382 # -8321 -8321 -8193 -8321 -8321 -8065 -8323 -8193 
1 -8321 
3 -8193 
1 -8321 
Elastic buffer uses 4 channels per SM
Elastic buffer uses 4 channels per SM
Elastic buffer uses 4 channels per SM
Elastic buffer uses 4 channels per SM
Elastic buffer uses 4 channels per SM
Elastic buffer uses 4 channels per SM
Elastic buffer uses 4 channels per SM
Elastic buffer uses 4 channels per SM
CPU side received count (scaleup: 6): -7457 -7402 -7321 -7552 -7493 -7487 -7371 -7472 # -8193 -8449 -8321 -8193 -8193 -8065 -832CPU side received count (scaleup: 5): -7399 -7487 -7399 -7279 -7411 -7420 -7505 -7329 # -8193 -8065 -8193 -8321 -8321 -8193 -819CPU side received count (scaleup: 4): -7415 -7468 -7405 -7458 -7389 -7432 -7474 -7344 # -8449 -8321 -8193 -8193 -8193 -8193 -806CPU side received count (scaleup: 7): -7446 -7490 -7393 -7465 -7420 -7392 -7374 -7414 # -8321 -8193 -8321 -8193 -8321 -8193 -819CPU side received count (scaleup: 3): -7400 -7549 -7426 -7398 -7355 -7397 -7474 -7321 # -8193 -8193 -8193 -8193 -8193 -8193 -819CPU side received count (scaleup: 1): -7507 -7396 -7530 -7593 -7610 -7335 -7335 -7382 # -8321 -8321 -8193 -8321 -8321 -8065 -8323 -8193 
CPU side received count (scaleup: 2): -7426 -7298 -7457 -7460 -7461 -7413 -7479 -7433 # -8065 -8193 -8193 -8321 -8321 -8321 -819CPU side received count (scaleup: 0): -7526 -7289 -7400 -7430 -7537 -7573 -7518 -7434 # -8065 -8193 -8321 -8449 -8193 -8321 -8321 -8193 
3 -8321 
5 -8321 
1 -8321 
3 -8193 
1 -8321 
3 -8193 
Elastic buffer uses 4 channels per SM
Elastic buffer uses 4 channels per SM
Elastic buffer uses 4 channels per SM
Elastic buffer uses 4 channels per SM
Elastic buffer uses 4 channels per SM
Elastic buffer uses 4 channels per SM
Elastic buffer uses 4 channels per SM
Elastic buffer uses 4 channels per SM
CPU side received count (scaleup: 7): -7446 -7490 -7393 -7465 -7420 -7392 -7374 -7414 # -8321 -8193 -8321 -8193 -8321 -8193 -819CPU side received count (scaleup: 6): -7457 -7402 -7321 -7552 -7493 -7487 -7371 -7472 # -8193 -8449 -8321 -8193 -8193 -8065 -832CPU side received count (scaleup: 4): -7415 -7468 -7405 -7458 -7389 -7432 -7474 -7344 # -8449 -8321 -8193 -8193 -8193 -8193 -806CPU side received count (scaleup: 0): -7526 -7289 -7400 -7430 -7537 -7573 -7518 -7434 # -8065 -8193 -8321 -8449 -8193 -8321 -832CPU side received count (scaleup: 2): -7426 -7298 -7457 -7460 -7461 -7413 -7479 -7433 # -8065 -8193 -8193 -8321 -8321 -8321 -819CPU side received count (scaleup: 5): -7399 -7487 -7399 -7279 -7411 -7420 -7505 -7329 # -8193 -8065 -8193 -8321 -8321 -8193 -8195 -8321 
3 -8193 
3 -8193 
3 -8321 
CPU side received count (scaleup: 3): -7400 -7549 -7426 -7398 -7355 -7397 -7474 -7321 # -8193 -8193 -8193 -8193 -8193 -8193 -8191 -8193 
CPU side received count (scaleup: 1): -7507 -7396 -7530 -7593 -7610 -7335 -7335 -7382 # -8321 -8321 -8193 -8321 -8321 -8065 -8321 -8321 
3 -8193 
1 -8321 
Elastic buffer uses 4 channels per SM
Elastic buffer uses 4 channels per SM
Elastic buffer uses 4 channels per SM
Elastic buffer uses 4 channels per SM
Elastic buffer uses 4 channels per SM
Elastic buffer uses 4 channels per SM
Elastic buffer uses 4 channels per SM
Elastic buffer uses 4 channels per SM
CPU side received count (scaleup: 7): -7446 -7490 -7393 -7465 -7420 -7392 -7374 -7414 # -8321 -8193 -8321 -8193 -8321 -8193 -819CPU side received count (scaleup: 6): -7457 -7402 -7321 -7552 -7493 -7487 -7371 -7472 # -8193 -8449 -8321 -8193 -8193 -8065 -832CPU side received count (scaleup: 5): -7399 -7487 -7399 -7279 -7411 -7420 -7505 -7329 # -8193 -8065 -8193 -8321 -8321 -8193 -819CPU side received count (scaleup: 4): -7415 -7468 -7405 -7458 -7389 -7432 -7474 -7344 # -8449 -8321 -8193 -8193 -8193 -8193 -806CPU side received count (scaleup: 3): -7400 -7549 -7426 -7398 -7355 -7397 -7474 -7321 # -8193 -8193 -8193 -8193 -8193 -8193 -819CPU side received count (scaleup: 0): -7526 -7289 -7400 -7430 -7537 -7573 -7518 -7434 # -8065 -8193 -8321 -8449 -8193 -8321 -8321 -8193 
CPU side received count (scaleup: 1): -7507 -7396 -7530 -7593 -7610 -7335 -7335 -7382 # -8321 -8321 -8193 -8321 -8321 -8065 -832CPU side received count (scaleup: 2): -7426 -7298 -7457 -7460 -7461 -7413 -7479 -7433 # -8065 -8193 -8193 -8321 -8321 -8321 -8193 -8193 
3 -8321 
5 -8321 
1 -8321 
1 -8321 
3 -8193 
3 -8193 
Elastic buffer uses 4 channels per SM
Elastic buffer uses 4 channels per SM
Elastic buffer uses 4 channels per SM
Elastic buffer uses 4 channels per SM
Elastic buffer uses 4 channels per SM
Elastic buffer uses 4 channels per SM
Elastic buffer uses 4 channels per SM
Elastic buffer uses 4 channels per SM
CPU side received count (scaleup: 5): -7399 -7487 -7399 -7279 -7411 -7420 -7505 -7329 # -8193 -8065 -8193 -8321 -8321 -8193 -819CPU side received count (scaleup: 6): -7457 -7402 -7321 -7552 -7493 -7487 -7371 -7472 # -8193 -8449 -8321 -8193 -8193 -8065 -832CPU side received count (scaleup: 0): -7526 -7289 -7400 -7430 -7537 -7573 -7518 -7434 # -8065 -8193 -8321 -8449 -8193 -8321 -832CPU side received count (scaleup: 7): -7446 -7490 -7393 -7465 -7420 -7392 -7374 -7414 # -8321 -8193 -8321 -8193 -8321 -8193 -819CPU side received count (scaleup: 4): -7415 -7468 -7405 -7458 -7389 -7432 -7474 -7344 # -8449 -8321 -8193 -8193 -8193 -8193 -806CPU side received count (scaleup: 3): -7400 -7549 -7426 -7398 -7355 -7397 -7474 -7321 # -8193 -8193 -8193 -8193 -8193 -8193 -819CPU side received count (scaleup: 2): -7426 -7298 -7457 -7460 -7461 -7413 -7479 -7433 # -8065 -8193 -8193 -8321 -8321 -8321 -819CPU side received count (scaleup: 1): -7507 -7396 -7530 -7593 -7610 -7335 -7335 -7382 # -8321 -8321 -8193 -8321 -8321 -8065 -8321 -8321 
3 -8321 
1 -8193 
3 -8193 
1 -8321 
3 -8193 
5 -8321 
3 -8193 
Elastic buffer uses 4 channels per SM
Elastic buffer uses 4 channels per SM
Elastic buffer uses 4 channels per SM
Elastic buffer uses 4 channels per SM
Elastic buffer uses 4 channels per SM
Elastic buffer uses 4 channels per SM
Elastic buffer uses 4 channels per SM
Elastic buffer uses 4 channels per SM
CPU side received count (scaleup: 6): -7457 -7402 -7321 -7552 -7493 -7487 -7371 -7472 # -8193 -8449 -8321 -8193 -8193 -8065 -832CPU side received count (scaleup: 4): -7415 -7468 -7405 -7458 -7389 -7432 -7474 -7344 # -8449 -8321 -8193 -8193 -8193 -8193 -806CPU side received count (scaleup: 7): -7446 -7490 -7393 -7465 -7420 -7392 -7374 -7414 # -8321 -8193 -8321 -8193 -8321 -8193 -819CPU side received count (scaleup: 5): -7399 -7487 -7399 -7279 -7411 -7420 -7505 -7329 # -8193 -8065 -8193 -8321 -8321 -8193 -8191 -8193 
5 -8321 
CPU side received count (scaleup: 0): -7526 -7289 -7400 -7430 -7537 -7573 -7518 -7434 # -8065 -8193 -8321 -8449 -8193 -8321 -8323 -8321 
3 -8193 
CPU side received count (scaleup: 3): -7400 -7549 -7426 -7398 -7355 -7397 -7474 -7321 # -8193 -8193 -8193 -8193 -8193 -8193 -819CPU side received count (scaleup: 1): -7507 -7396 -7530 -7593 -7610 -7335 -7335 -7382 # -8321 -8321 -8193 -8321 -8321 -8065 -832CPU side received count (scaleup: 2): -7426 -7298 -7457 -7460 -7461 -7413 -7479 -7433 # -8065 -8193 -8193 -8321 -8321 -8321 -8191 -8321 
3 -8193 
1 -8321 
3 -8193 
Elastic buffer uses 4 channels per SM
Elastic buffer uses 4 channels per SM
Elastic buffer uses 4 channels per SM
Elastic buffer uses 4 channels per SM
Elastic buffer uses 4 channels per SM
Elastic buffer uses 4 channels per SM
Elastic buffer uses 4 channels per SM
Elastic buffer uses 4 channels per SM
CPU side received count (scaleup: 0): -7526 -7289 -7400 -7430 -7537 -7573 -7518 -7434 # -8065 -8193 -8321 -8449 -8193 -8321 -832CPU side received count (scaleup: 3): -7400 -7549 -7426 -7398 -7355 -7397 -7474 -7321 # -8193 -8193 -8193 -8193 -8193 -8193 -819CPU side received count (scaleup: 1): -7507 -7396 -7530 -7593 -7610 -7335 -7335 -7382 # -8321 -8321 -8193 -8321 -8321 -8065 -832CPU side received count (scaleup: 2): -7426 -7298 -7457 -7460 -7461 -7413 -7479 -7433 # -8065 -8193 -8193 -8321 -8321 -8321 -819CPU side received count (scaleup: 7): -7446 -7490 -7393 -7465 -7420 -7392 -7374 -7414 # -8321 -8193 -8321 -8193 -8321 -8193 -819CPU side received count (scaleup: 6): -7457 -7402 -7321 -7552 -7493 -7487 -7371 -7472 # -8193 -8449 -8321 -8193 -8193 -8065 -8321 -8321 
1 -8321 
3 -8193 
1 -8193 
CPU side received count (scaleup: 5): -7399 -7487 -7399 -7279 -7411 -7420 -7505 -7329 # -8193 -8065 -8193 -8321 -8321 -8193 -819CPU side received count (scaleup: 4): -7415 -7468 -7405 -7458 -7389 -7432 -7474 -7344 # -8449 -8321 -8193 -8193 -8193 -8193 -8063 -8193 
3 -8193 
3 -8321 
5 -8321 
Elastic buffer uses 4 channels per SM
Elastic buffer uses 4 channels per SM
Elastic buffer uses 4 channels per SM
Elastic buffer uses 4 channels per SM
Elastic buffer uses 4 channels per SM
Elastic buffer uses 4 channels per SM
Elastic buffer uses 4 channels per SM
Elastic buffer uses 4 channels per SM
CPU side received count (scaleup: 6): -7457 -7402 -7321 -7552 -7493 -7487 -7371 -7472 # -8193 -8449 -8321 -8193 -8193 -8065 -832CPU side received count (scaleup: 4): -7415 -7468 -7405 -7458 -7389 -7432 -7474 -7344 # -8449 -8321 -8193 -8193 -8193 -8193 -806CPU side received count (scaleup: 7): -7446 -7490 -7393 -7465 -7420 -7392 -7374 -7414 # -8321 -8193 -8321 -8193 -8321 -8193 -819CPU side received count (scaleup: 5): -7399 -7487 -7399 -7279 -7411 -7420 -7505 -7329 # -8193 -8065 -8193 -8321 -8321 -8193 -819CPU side received count (scaleup: 2): -7426 -7298 -7457 -7460 -7461 -7413 -7479 -7433 # -8065 -8193 -8193 -8321 -8321 -8321 -8193 -8321 
CPU side received count (scaleup: 1): -7507 -7396 -7530 -7593 -7610 -7335 -7335 -7382 # -8321 -8321 -8193 -8321 -8321 -8065 -832CPU side received count (scaleup: 3): -7400 -7549 -7426 -7398 -7355 -7397 -7474 -7321 # -8193 -8193 -8193 -8193 -8193 -8193 -8191 -8321 
3 -8193 
1 -8193 
CPU side received count (scaleup: 0): -7526 -7289 -7400 -7430 -7537 -7573 -7518 -7434 # -8065 -8193 -8321 -8449 -8193 -8321 -8325 -8321 
3 -8193 
3 -8193 
1 -8321 
Elastic buffer uses 4 channels per SM
Elastic buffer uses 4 channels per SM
Elastic buffer uses 4 channels per SM
Elastic buffer uses 4 channels per SM
Elastic buffer uses 4 channels per SM
Elastic buffer uses 4 channels per SM
Elastic buffer uses 4 channels per SM
Elastic buffer uses 4 channels per SM
CPU side received count (scaleup: 7): -7446 -7490 -7393 -7465 -7420 -7392 -7374 -7414 # -8321 -8193 -8321 -8193 -8321 -8193 -819CPU side received count (scaleup: 6): -7457 -7402 -7321 -7552 -7493 -7487 -7371 -7472 # -8193 -8449 -8321 -8193 -8193 -8065 -832CPU side received count (scaleup: 4): -7415 -7468 -7405 -7458 -7389 -7432 -7474 -7344 # -8449 -8321 -8193 -8193 -8193 -8193 -8063 -8193 
1 -8193 
CPU side received count (scaleup: 1): -7507 -7396 -7530 -7593 -7610 -7335 -7335 -7382 # -8321 -8321 -8193 -8321 -8321 -8065 -832CPU side received count (scaleup: 3): -7400 -7549 -7426 -7398 -7355 -7397 -7474 -7321 # -8193 -8193 -8193 -8193 -8193 -8193 -819CPU side received count (scaleup: 2): -7426 -7298 -7457 -7460 -7461 -7413 -7479 -7433 # -8065 -8193 -8193 -8321 -8321 -8321 -819CPU side received count (scaleup: 0): -7526 -7289 -7400 -7430 -7537 -7573 -7518 -7434 # -8065 -8193 -8321 -8449 -8193 -8321 -8325 -8321 
CPU side received count (scaleup: 5): -7399 -7487 -7399 -7279 -7411 -7420 -7505 -7329 # -8193 -8065 -8193 -8321 -8321 -8193 -8191 -8321 
1 -8321 
3 -8193 
3 -8193 
3 -8321 
Elastic buffer uses 4 channels per SM
Elastic buffer uses 4 channels per SM
Elastic buffer uses 4 channels per SM
Elastic buffer uses 4 channels per SM
Elastic buffer uses 4 channels per SM
Elastic buffer uses 4 channels per SM
Elastic buffer uses 4 channels per SM
Elastic buffer uses 4 channels per SM
CPU side received count (scaleup: 7): -7446 -7490 -7393 -7465 -7420 -7392 -7374 -7414 # -8321 -8193 -8321 -8193 -8321 -8193 -819CPU side received count (scaleup: 5): -7399 -7487 -7399 -7279 -7411 -7420 -7505 -7329 # -8193 -8065 -8193 -8321 -8321 -8193 -819CPU side received count (scaleup: 3): -7400 -7549 -7426 -7398 -7355 -7397 -7474 -7321 # -8193 -8193 -8193 -8193 -8193 -8193 -819CPU side received count (scaleup: 6): -7457 -7402 -7321 -7552 -7493 -7487 -7371 -7472 # -8193 -8449 -8321 -8193 -8193 -8065 -832CPU side received count (scaleup: 4): -7415 -7468 -7405 -7458 -7389 -7432 -7474 -7344 # -8449 -8321 -8193 -8193 -8193 -8193 -8063 -8321 
CPU side received count (scaleup: 0): -7526 -7289 -7400 -7430 -7537 -7573 -7518 -7434 # -8065 -8193 -8321 -8449 -8193 -8321 -832CPU side received count (scaleup: 1): -7507 -7396 -7530 -7593 -7610 -7335 -7335 -7382 # -8321 -8321 -8193 -8321 -8321 -8065 -832CPU side received count (scaleup: 2): -7426 -7298 -7457 -7460 -7461 -7413 -7479 -7433 # -8065 -8193 -8193 -8321 -8321 -8321 -8193 -8193 
3 -8193 
1 -8193 
5 -8321 
3 -8193 
1 -8321 
1 -8321 
Elastic buffer uses 4 channels per SM
Elastic buffer uses 4 channels per SM
Elastic buffer uses 4 channels per SM
Elastic buffer uses 4 channels per SM
Elastic buffer uses 4 channels per SM
Elastic buffer uses 4 channels per SM
Elastic buffer uses 4 channels per SM
Elastic buffer uses 4 channels per SM
CPU side received count (scaleup: 0): -7526 -7289 -7400 -7430 -7537 -7573 -7518 -7434 # -8065 -8193 -8321 -8449 -8193 -8321 -832CPU side received count (scaleup: 1): -7507 -7396 -7530 -7593 -7610 -7335 -7335 -7382 # -8321 -8321 -8193 -8321 -8321 -8065 -832CPU side received count (scaleup: 3): -7400 -7549 -7426 -7398 -7355 -7397 -7474 -7321 # -8193 -8193 -8193 -8193 -8193 -8193 -819CPU side received count (scaleup: 2): -7426 -7298 -7457 -7460 -7461 -7413 -7479 -7433 # -8065 -8193 -8193 -8321 -8321 -8321 -8191 -8321 
CPU side received count (scaleup: 7): -7446 -7490 -7393 -7465 -7420 -7392 -7374 -7414 # -8321 -8193 -8321 -8193 -8321 -8193 -819CPU side received count (scaleup: 4): -7415 -7468 -7405 -7458 -7389 -7432 -7474 -7344 # -8449 -8321 -8193 -8193 -8193 -8193 -806CPU side received count (scaleup: 5): -7399 -7487 -7399 -7279 -7411 -7420 -7505 -7329 # -8193 -8065 -8193 -8321 -8321 -8193 -8193 -8193 
CPU side received count (scaleup: 6): -7457 -7402 -7321 -7552 -7493 -7487 -7371 -7472 # -8193 -8449 -8321 -8193 -8193 -8065 -8325 -8321 
3 -8321 
1 -8321 
3 -8193 
3 -8193 
1 -8193 
Elastic buffer uses 4 channels per SM
Elastic buffer uses 4 channels per SM
Elastic buffer uses 4 channels per SM
Elastic buffer uses 4 channels per SM
Elastic buffer uses 4 channels per SM
Elastic buffer uses 4 channels per SM
Elastic buffer uses 4 channels per SM
Elastic buffer uses 4 channels per SM
CPU side received count (scaleup: 6): -7457 -7402 -7321 -7552 -7493 -7487 -7371 -7472 # -8193 -8449 -8321 -8193 -8193 -8065 -832CPU side received count (scaleup: 4): -7415 -7468 -7405 -7458 -7389 -7432 -7474 -7344 # -8449 -8321 -8193 -8193 -8193 -8193 -806CPU side received count (scaleup: 7): -7446 -7490 -7393 -7465 -7420 -7392 -7374 -7414 # -8321 -8193 -8321 -8193 -8321 -8193 -819CPU side received count (scaleup: 2): -7426 -7298 -7457 -7460 -7461 -7413 -7479 -7433 # -8065 -8193 -8193 -8321 -8321 -8321 -819CPU side received count (scaleup: 5): -7399 -7487 -7399 -7279 -7411 -7420 -7505 -7329 # -8193 -8065 -8193 -8321 -8321 -8193 -8191 -8193 
CPU side received count (scaleup: 0): -7526 -7289 -7400 -7430 -7537 -7573 -7518 -7434 # -8065 -8193 -8321 -8449 -8193 -8321 -8323 -8321 
CPU side received count (scaleup: 3): -7400 -7549 -7426 -7398 -7355 -7397 -7474 -7321 # -8193 -8193 -8193 -8193 -8193 -8193 -819CPU side received count (scaleup: 1): -7507 -7396 -7530 -7593 -7610 -7335 -7335 -7382 # -8321 -8321 -8193 -8321 -8321 -8065 -8325 -8321 
1 -8321 
3 -8193 
3 -8193 
1 -8321 
3 -8193 
Elastic buffer uses 4 channels per SM
Elastic buffer uses 4 channels per SM
Elastic buffer uses 4 channels per SM
Elastic buffer uses 4 channels per SM
Elastic buffer uses 4 channels per SM
Elastic buffer uses 4 channels per SM
Elastic buffer uses 4 channels per SM
Elastic buffer uses 4 channels per SM
CPU side received count (scaleup: 6): -7457 -7402 -7321 -7552 -7493 -7487 -7371 -7472 # -8193 -8449 -8321 -8193 -8193 -8065 -832CPU side received count (scaleup: 4): -7415 -7468 -7405 -7458 -7389 -7432 -7474 -7344 # -8449 -8321 -8193 -8193 -8193 -8193 -806CPU side received count (scaleup: 7): -7446 -7490 -7393 -7465 -7420 -7392 -7374 -7414 # -8321 -8193 -8321 -8193 -8321 -8193 -819CPU side received count (scaleup: 5): -7399 -7487 -7399 -7279 -7411 -7420 -7505 -7329 # -8193 -8065 -8193 -8321 -8321 -8193 -8195 -8321 
CPU side received count (scaleup: 0): -7526 -7289 -7400 -7430 -7537 -7573 -7518 -7434 # -8065 -8193 -8321 -8449 -8193 -8321 -8323 -8193 
1 -8193 
CPU side received count (scaleup: 3): -7400 -7549 -7426 -7398 -7355 -7397 -7474 -7321 # -8193 -8193 -8193 -8193 -8193 -8193 -819CPU side received count (scaleup: 2): -7426 -7298 -7457 -7460 -7461 -7413 -7479 -7433 # -8065 -8193 -8193 -8321 -8321 -8321 -819CPU side received count (scaleup: 1): -7507 -7396 -7530 -7593 -7610 -7335 -7335 -7382 # -8321 -8321 -8193 -8321 -8321 -8065 -8323 -8321 
1 -8321 
3 -8193 
3 -8193 
1 -8321 
Elastic buffer uses 4 channels per SM
Elastic buffer uses 4 channels per SM
Elastic buffer uses 4 channels per SM
Elastic buffer uses 4 channels per SM
Elastic buffer uses 4 channels per SM
Elastic buffer uses 4 channels per SM
Elastic buffer uses 4 channels per SM
Elastic buffer uses 4 channels per SM
CPU side received count (scaleup: 7): -7446 -7490 -7393 -7465 -7420 -7392 -7374 -7414 # -8321 -8193 -8321 -8193 -8321 -8193 -819CPU side received count (scaleup: 6): -7457 -7402 -7321 -7552 -7493 -7487 -7371 -7472 # -8193 -8449 -8321 -8193 -8193 -8065 -832CPU side received count (scaleup: 5): -7399 -7487 -7399 -7279 -7411 -7420 -7505 -7329 # -8193 -8065 -8193 -8321 -8321 -8193 -8193 -8193 
1 -8193 
3 -8321 
CPU side received count (scaleup: 4): -7415 -7468 -7405 -7458 -7389 -7432 -7474 -7344 # -8449 -8321 -8193 -8193 -8193 -8193 -806CPU side received count (scaleup: 3): -7400 -7549 -7426 -7398 -7355 -7397 -7474 -7321 # -8193 -8193 -8193 -8193 -8193 -8193 -819CPU side received count (scaleup: 0): -7526 -7289 -7400 -7430 -7537 -7573 -7518 -7434 # -8065 -8193 -8321 -8449 -8193 -8321 -832CPU side received count (scaleup: 1): -7507 -7396 -7530 -7593 -7610 -7335 -7335 -7382 # -8321 -8321 -8193 -8321 -8321 -8065 -832CPU side received count (scaleup: 2): -7426 -7298 -7457 -7460 -7461 -7413 -7479 -7433 # -8065 -8193 -8193 -8321 -8321 -8321 -8191 -8321 
5 -8321 
3 -8193 
1 -8321 
3 -8193 
Elastic buffer uses 4 channels per SM
Elastic buffer uses 4 channels per SM
Elastic buffer uses 4 channels per SM
Elastic buffer uses 4 channels per SM
Elastic buffer uses 4 channels per SM
Elastic buffer uses 4 channels per SM
Elastic buffer uses 4 channels per SM
Elastic buffer uses 4 channels per SM
CPU side received count (scaleup: 6): -7457 -7402 -7321 -7552 -7493 -7487 -7371 -7472 # -8193 -8449 -8321 -8193 -8193 -8065 -832CPU side received count (scaleup: 7): -7446 -7490 -7393 -7465 -7420 -7392 -7374 -7414 # -8321 -8193 -8321 -8193 -8321 -8193 -819CPU side received count (scaleup: 3): -7400 -7549 -7426 -7398 -7355 -7397 -7474 -7321 # -8193 -8193 -8193 -8193 -8193 -8193 -819CPU side received count (scaleup: 5): -7399 -7487 -7399 -7279 -7411 -7420 -7505 -7329 # -8193 -8065 -8193 -8321 -8321 -8193 -819CPU side received count (scaleup: 4): -7415 -7468 -7405 -7458 -7389 -7432 -7474 -7344 # -8449 -8321 -8193 -8193 -8193 -8193 -806CPU side received count (scaleup: 0): -7526 -7289 -7400 -7430 -7537 -7573 -7518 -7434 # -8065 -8193 -8321 -8449 -8193 -8321 -832CPU side received count (scaleup: 2): -7426 -7298 -7457 -7460 -7461 -7413 -7479 -7433 # -8065 -8193 -8193 -8321 -8321 -8321 -819CPU side received count (scaleup: 1): -7507 -7396 -7530 -7593 -7610 -7335 -7335 -7382 # -8321 -8321 -8193 -8321 -8321 -8065 -8323 -8321 
1 -8193 
3 -8193 
3 -8193 
3 -8193 
5 -8321 
1 -8321 
1 -8321 
Elastic buffer uses 4 channels per SM
Elastic buffer uses 4 channels per SM
Elastic buffer uses 4 channels per SM
Elastic buffer uses 4 channels per SM
Elastic buffer uses 4 channels per SM
Elastic buffer uses 4 channels per SM
Elastic buffer uses 4 channels per SM
Elastic buffer uses 4 channels per SM
CPU side received count (scaleup: 6): -7457 -7402 -7321 -7552 -7493 -7487 -7371 -7472 # -8193 -8449 -8321 -8193 -8193 -8065 -832CPU side received count (scaleup: 7): -7446 -7490 -7393 -7465 -7420 -7392 -7374 -7414 # -8321 -8193 -8321 -8193 -8321 -8193 -819CPU side received count (scaleup: 4): -7415 -7468 -7405 -7458 -7389 -7432 -7474 -7344 # -8449 -8321 -8193 -8193 -8193 -8193 -806CPU side received count (scaleup: 3): -7400 -7549 -7426 -7398 -7355 -7397 -7474 -7321 # -8193 -8193 -8193 -8193 -8193 -8193 -8191 -8193 
CPU side received count (scaleup: 5): -7399 -7487 -7399 -7279 -7411 -7420 -7505 -7329 # -8193 -8065 -8193 -8321 -8321 -8193 -8193 -8193 
CPU side received count (scaleup: 0): -7526 -7289 -7400 -7430 -7537 -7573 -7518 -7434 # -8065 -8193 -8321 -8449 -8193 -8321 -832CPU side received count (scaleup: 1): -7507 -7396 -7530 -7593 -7610 -7335 -7335 -7382 # -8321 -8321 -8193 -8321 -8321 -8065 -832CPU side received count (scaleup: 2): -7426 -7298 -7457 -7460 -7461 -7413 -7479 -7433 # -8065 -8193 -8193 -8321 -8321 -8321 -8191 -8321 
1 -8321 
3 -8193 
3 -8193 
5 -8321 
3 -8321 
Elastic buffer uses 4 channels per SM
Elastic buffer uses 4 channels per SM
Elastic buffer uses 4 channels per SM
Elastic buffer uses 4 channels per SM
Elastic buffer uses 4 channels per SM
Elastic buffer uses 4 channels per SM
Elastic buffer uses 4 channels per SM
Elastic buffer uses 4 channels per SM
CPU side received count (scaleup: 6): -7457 -7402 -7321 -7552 -7493 -7487 -7371 -7472 # -8193 -8449 -8321 -8193 -8193 -8065 -832CPU side received count (scaleup: 5): -7399 -7487 -7399 -7279 -7411 -7420 -7505 -7329 # -8193 -8065 -8193 -8321 -8321 -8193 -819CPU side received count (scaleup: 7): -7446 -7490 -7393 -7465 -7420 -7392 -7374 -7414 # -8321 -8193 -8321 -8193 -8321 -8193 -819CPU side received count (scaleup: 4): -7415 -7468 -7405 -7458 -7389 -7432 -7474 -7344 # -8449 -8321 -8193 -8193 -8193 -8193 -806CPU side received count (scaleup: 0): -7526 -7289 -7400 -7430 -7537 -7573 -7518 -7434 # -8065 -8193 -8321 -8449 -8193 -8321 -8321 -8193 
3 -8321 
CPU side received count (scaleup: 1): -7507 -7396 -7530 -7593 -7610 -7335 -7335 -7382 # -8321 -8321 -8193 -8321 -8321 -8065 -8325 -8321 
3 -8193 
CPU side received count (scaleup: 3): -7400 -7549 -7426 -7398 -7355 -7397 -7474 -7321 # -8193 -8193 -8193 -8193 -8193 -8193 -819CPU side received count (scaleup: 2): -7426 -7298 -7457 -7460 -7461 -7413 -7479 -7433 # -8065 -8193 -8193 -8321 -8321 -8321 -8191 -8321 
1 -8321 
3 -8193 
3 -8193 
Elastic buffer uses 4 channels per SM
Elastic buffer uses 4 channels per SM
Elastic buffer uses 4 channels per SM
Elastic buffer uses 4 channels per SM
Elastic buffer uses 4 channels per SM
Elastic buffer uses 4 channels per SM
Elastic buffer uses 4 channels per SM
Elastic buffer uses 4 channels per SM
CPU side received count (scaleup: 6): -7457 -7402 -7321 -7552 -7493 -7487 -7371 -7472 # -8193 -8449 -8321 -8193 -8193 -8065 -832CPU side received count (scaleup: 7): -7446 -7490 -7393 -7465 -7420 -7392 -7374 -7414 # -8321 -8193 -8321 -8193 -8321 -8193 -819CPU side received count (scaleup: 5): -7399 -7487 -7399 -7279 -7411 -7420 -7505 -7329 # -8193 -8065 -8193 -8321 -8321 -8193 -819CPU side received count (scaleup: 4): -7415 -7468 -7405 -7458 -7389 -7432 -7474 -7344 # -8449 -8321 -8193 -8193 -8193 -8193 -8061 -8193 
CPU side received count (scaleup: 0): -7526 -7289 -7400 -7430 -7537 -7573 -7518 -7434 # -8065 -8193 -8321 -8449 -8193 -8321 -832CPU side received count (scaleup: 3): -7400 -7549 -7426 -7398 -7355 -7397 -7474 -7321 # -8193 -8193 -8193 -8193 -8193 -8193 -819CPU side received count (scaleup: 1): -7507 -7396 -7530 -7593 -7610 -7335 -7335 -7382 # -8321 -8321 -8193 -8321 -8321 -8065 -8323 -8193 
3 -8321 
CPU side received count (scaleup: 2): -7426 -7298 -7457 -7460 -7461 -7413 -7479 -7433 # -8065 -8193 -8193 -8321 -8321 -8321 -8195 -8321 
3 -8193 
1 -8321 
1 -8321 
3 -8193 
Elastic buffer uses 4 channels per SM
Elastic buffer uses 4 channels per SM
Elastic buffer uses 4 channels per SM
Elastic buffer uses 4 channels per SM
Elastic buffer uses 4 channels per SM
Elastic buffer uses 4 channels per SM
Elastic buffer uses 4 channels per SM
Elastic buffer uses 4 channels per SM
CPU side received count (scaleup: 7): -7446 -7490 -7393 -7465 -7420 -7392 -7374 -7414 # -8321 -8193 -8321 -8193 -8321 -8193 -819CPU side received count (scaleup: 4): -7415 -7468 -7405 -7458 -7389 -7432 -7474 -7344 # -8449 -8321 -8193 -8193 -8193 -8193 -806CPU side received count (scaleup: 6): -7457 -7402 -7321 -7552 -7493 -7487 -7371 -7472 # -8193 -8449 -8321 -8193 -8193 -8065 -832CPU side received count (scaleup: 5): -7399 -7487 -7399 -7279 -7411 -7420 -7505 -7329 # -8193 -8065 -8193 -8321 -8321 -8193 -8191 -8193 
3 -8193 
3 -8321 
CPU side received count (scaleup: 3): -7400 -7549 -7426 -7398 -7355 -7397 -7474 -7321 # -8193 -8193 -8193 -8193 -8193 -8193 -819CPU side received count (scaleup: 2): -7426 -7298 -7457 -7460 -7461 -7413 -7479 -7433 # -8065 -8193 -8193 -8321 -8321 -8321 -8195 -8321 
CPU side received count (scaleup: 1): -7507 -7396 -7530 -7593 -7610 -7335 -7335 -7382 # -8321 -8321 -8193 -8321 -8321 -8065 -832CPU side received count (scaleup: 0): -7526 -7289 -7400 -7430 -7537 -7573 -7518 -7434 # -8065 -8193 -8321 -8449 -8193 -8321 -8323 -8193 
3 -8193 
1 -8321 
1 -8321 
Elastic buffer uses 4 channels per SM
Elastic buffer uses 4 channels per SM
Elastic buffer uses 4 channels per SM
Elastic buffer uses 4 channels per SM
Elastic buffer uses 4 channels per SM
Elastic buffer uses 4 channels per SM
Elastic buffer uses 4 channels per SM
Elastic buffer uses 4 channels per SM
CPU side received count (scaleup: 7): -7446 -7490 -7393 -7465 -7420 -7392 -7374 -7414 # -8321 -8193 -8321 -8193 -8321 -8193 -819CPU side received count (scaleup: 5): -7399 -7487 -7399 -7279 -7411 -7420 -7505 -7329 # -8193 -8065 -8193 -8321 -8321 -8193 -819CPU side received count (scaleup: 6): -7457 -7402 -7321 -7552 -7493 -7487 -7371 -7472 # -8193 -8449 -8321 -8193 -8193 -8065 -832CPU side received count (scaleup: 4): -7415 -7468 -7405 -7458 -7389 -7432 -7474 -7344 # -8449 -8321 -8193 -8193 -8193 -8193 -806CPU side received count (scaleup: 0): -7526 -7289 -7400 -7430 -7537 -7573 -7518 -7434 # -8065 -8193 -8321 -8449 -8193 -8321 -832CPU side received count (scaleup: 1): -7507 -7396 -7530 -7593 -7610 -7335 -7335 -7382 # -8321 -8321 -8193 -8321 -8321 -8065 -832CPU side received count (scaleup: 3): -7400 -7549 -7426 -7398 -7355 -7397 -7474 -7321 # -8193 -8193 -8193 -8193 -8193 -8193 -819CPU side received count (scaleup: 2): -7426 -7298 -7457 -7460 -7461 -7413 -7479 -7433 # -8065 -8193 -8193 -8321 -8321 -8321 -8193 -8193 
1 -8321 
3 -8321 
3 -8193 
1 -8193 
5 -8321 
1 -8321 
3 -8193 
USDT:2026-08-25 02:20:49 439:439 SyncActivityProfilerHandler.cpp:59] profiler_stopUSDT:2026-08-25 02:20:49 438:438 SyncActivityProfilerHandler.cpp:59] profiler_stopUSDT:2026-08-25 02:20:49 436:436 SyncActivityProfilerHandler.cpp:59] profiler_stopUSDT:2026-08-25 02:20:49 435:435 SyncActivityProfilerHandler.cpp:59] profiler_stop
USDT:2026-08-25 02:20:49 441:441 SyncActivityProfilerHandler.cpp:59] profiler_stopUSDT:2026-08-25 02:20:49 440:440 SyncActivityProfilerHandler.cpp:59] profiler_stop




USDT:2026-08-25 02:20:49 434:434 SyncActivityProfilerHandler.cpp:59] profiler_stop
USDT:2026-08-25 02:20:49 437:437 SyncActivityProfilerHandler.cpp:59] profiler_stop
   * EP:  28/32 | dispatch: 49 GB/s (SO), 98 GB/s (SU), 4525.000 us, 444614976 bytes | copy: 1400 GB/s, 635.248 us
   * EP:  30/32 | dispatch: 49 GB/s (SO), 99 GB/s (SU), 4525.000 us, 445887936 bytes | copy: 2511 GB/s, 355.165 us
   * EP:  25/32 | dispatch: 49 GB/s (SO), 99 GB/s (SU), 4525.000 us, 446883840 bytes | copy: 1437 GB/s, 621.855 us
   * EP:  26/32 | dispatch: 49 GB/s (SO), 98 GB/s (SU), 4525.000 us, 444929472 bytes | copy: 1462 GB/s, 608.812 us
   * EP:  24/32 | dispatch: 49 GB/s (SO), 99 GB/s (SU), 4525.000 us, 447026112 bytes | copy: 1409 GB/s, 634.397 us
   * EP:  31/32 | dispatch: 49 GB/s (SO), 98 GB/s (SU), 4525.000 us, 444682368 bytes | copy: 1356 GB/s, 655.915 us
   * EP:  29/32 | dispatch: 49 GB/s (SO), 98 GB/s (SU), 4525.000 us, 443446848 bytes | copy: 1410 GB/s, 628.867 us
   * EP:  27/32 | dispatch: 49 GB/s (SO), 98 GB/s (SU), 4525.000 us, 444128256 bytes | copy: 1407 GB/s, 631.457 us
Elastic buffer uses 4 channels per SM
Elastic buffer uses 4 channels per SM
Elastic buffer uses 4 channels per SM
Elastic buffer uses 4 channels per SM
Elastic buffer uses 4 channels per SM
Elastic buffer uses 4 channels per SM
Elastic buffer uses 4 channels per SM
Elastic buffer uses 4 channels per SM
CPU side received count (scaleup: 6): -7457 -7402 -7321 -7552 -7493 -7487 -7371 -7472 # -8193 -8449 -8321 -8193 -8193 -8065 -832CPU side received count (scaleup: 7): -7446 -7490 -7393 -7465 -7420 -7392 -7374 -7414 # -8321 -8193 -8321 -8193 -8321 -8193 -819CPU side received count (scaleup: 5): -7399 -7487 -7399 -7279 -7411 -7420 -7505 -7329 # -8193 -8065 -8193 -8321 -8321 -8193 -8191 -8193 
CPU side received count (scaleup: 3): -7400 -7549 -7426 -7398 -7355 -7397 -7474 -7321 # -8193 -8193 -8193 -8193 -8193 -8193 -8193 -8193 
CPU side received count (scaleup: 4): -7415 -7468 -7405 -7458 -7389 -7432 -7474 -7344 # -8449 -8321 -8193 -8193 -8193 -8193 -806CPU side received count (scaleup: 0): -7526 -7289 -7400 -7430 -7537 -7573 -7518 -7434 # -8065 -8193 -8321 -8449 -8193 -8321 -832CPU side received count (scaleup: 1): -7507 -7396 -7530 -7593 -7610 -7335 -7335 -7382 # -8321 -8321 -8193 -8321 -8321 -8065 -8323 -8193 
CPU side received count (scaleup: 2): -7426 -7298 -7457 -7460 -7461 -7413 -7479 -7433 # -8065 -8193 -8193 -8321 -8321 -8321 -8193 -8321 
5 -8321 
1 -8321 
1 -8321 
3 -8193 
Elastic buffer uses 4 channels per SM
Elastic buffer uses 4 channels per SM
Elastic buffer uses 4 channels per SM
Elastic buffer uses 4 channels per SM
Elastic buffer uses 4 channels per SM
Elastic buffer uses 4 channels per SM
Elastic buffer uses 4 channels per SM
Elastic buffer uses 4 channels per SM
CPU side received count (scaleup: 3): -7400 -7549 -7426 -7398 -7355 -7397 -7474 -7321 # -8193 -8193 -8193 -8193 -8193 -8193 -819CPU side received count (scaleup: 2): -7426 -7298 -7457 -7460 -7461 -7413 -7479 -7433 # -8065 -8193 -8193 -8321 -8321 -8321 -819CPU side received count (scaleup: 1): -7507 -7396 -7530 -7593 -7610 -7335 -7335 -7382 # -8321 -8321 -8193 -8321 -8321 -8065 -832CPU side received count (scaleup: 6): -7457 -7402 -7321 -7552 -7493 -7487 -7371 -7472 # -8193 -8449 -8321 -8193 -8193 -8065 -832CPU side received count (scaleup: 7): -7446 -7490 -7393 -7465 -7420 -7392 -7374 -7414 # -8321 -8193 -8321 -8193 -8321 -8193 -819CPU side received count (scaleup: 0): -7526 -7289 -7400 -7430 -7537 -7573 -7518 -7434 # -8065 -8193 -8321 -8449 -8193 -8321 -832CPU side received count (scaleup: 4): -7415 -7468 -7405 -7458 -7389 -7432 -7474 -7344 # -8449 -8321 -8193 -8193 -8193 -8193 -806CPU side received count (scaleup: 5): -7399 -7487 -7399 -7279 -7411 -7420 -7505 -7329 # -8193 -8065 -8193 -8321 -8321 -8193 -8191 -8193 
3 -8193 
3 -8193 
3 -8193 
1 -8321 
3 -8321 
1 -8321 
5 -8321 
Elastic buffer uses 4 channels per SM
Elastic buffer uses 4 channels per SM
Elastic buffer uses 4 channels per SM
Elastic buffer uses 4 channels per SM
Elastic buffer uses 4 channels per SM
Elastic buffer uses 4 channels per SM
Elastic buffer uses 4 channels per SM
Elastic buffer uses 4 channels per SM
CPU side received count (scaleup: 0): -7526 -7289 -7400 -7430 -7537 -7573 -7518 -7434 # -8065 -8193 -8321 -8449 -8193 -8321 -832CPU side received count (scaleup: 3): -7400 -7549 -7426 -7398 -7355 -7397 -7474 -7321 # -8193 -8193 -8193 -8193 -8193 -8193 -819CPU side received count (scaleup: 1): -7507 -7396 -7530 -7593 -7610 -7335 -7335 -7382 # -8321 -8321 -8193 -8321 -8321 -8065 -832CPU side received count (scaleup: 4): -7415 -7468 -7405 -7458 -7389 -7432 -7474 -7344 # -8449 -8321 -8193 -8193 -8193 -8193 -806CPU side received count (scaleup: 7): -7446 -7490 -7393 -7465 -7420 -7392 -7374 -7414 # -8321 -8193 -8321 -8193 -8321 -8193 -8191 -8321 
CPU side received count (scaleup: 2): -7426 -7298 -7457 -7460 -7461 -7413 -7479 -7433 # -8065 -8193 -8193 -8321 -8321 -8321 -819CPU side received count (scaleup: 6): -7457 -7402 -7321 -7552 -7493 -7487 -7371 -7472 # -8193 -8449 -8321 -8193 -8193 -8065 -832CPU side received count (scaleup: 5): -7399 -7487 -7399 -7279 -7411 -7420 -7505 -7329 # -8193 -8065 -8193 -8321 -8321 -8193 -8193 -8193 
1 -8193 
1 -8321 
3 -8193 
3 -8193 
5 -8321 
3 -8321 
Elastic buffer uses 4 channels per SM
Elastic buffer uses 4 channels per SM
Elastic buffer uses 4 channels per SM
Elastic buffer uses 4 channels per SM
Elastic buffer uses 4 channels per SM
Elastic buffer uses 4 channels per SM
Elastic buffer uses 4 channels per SM
Elastic buffer uses 4 channels per SM
CPU side received count (scaleup: 0): -7526 -7289 -7400 -7430 -7537 -7573 -7518 -7434 # -8065 -8193 -8321 -8449 -8193 -8321 -832CPU side received count (scaleup: 3): -7400 -7549 -7426 -7398 -7355 -7397 -7474 -7321 # -8193 -8193 -8193 -8193 -8193 -8193 -819CPU side received count (scaleup: 7): -7446 -7490 -7393 -7465 -7420 -7392 -7374 -7414 # -8321 -8193 -8321 -8193 -8321 -8193 -8191 -8321 
CPU side received count (scaleup: 1): -7507 -7396 -7530 -7593 -7610 -7335 -7335 -7382 # -8321 -8321 -8193 -8321 -8321 -8065 -8323 -8193 
CPU side received count (scaleup: 2): -7426 -7298 -7457 -7460 -7461 -7413 -7479 -7433 # -8065 -8193 -8193 -8321 -8321 -8321 -819CPU side received count (scaleup: 5): -7399 -7487 -7399 -7279 -7411 -7420 -7505 -7329 # -8193 -8065 -8193 -8321 -8321 -8193 -819CPU side received count (scaleup: 6): -7457 -7402 -7321 -7552 -7493 -7487 -7371 -7472 # -8193 -8449 -8321 -8193 -8193 -8065 -832CPU side received count (scaleup: 4): -7415 -7468 -7405 -7458 -7389 -7432 -7474 -7344 # -8449 -8321 -8193 -8193 -8193 -8193 -8063 -8193 
1 -8321 
3 -8193 
3 -8321 
1 -8193 
5 -8321 
Elastic buffer uses 4 channels per SM
Elastic buffer uses 4 channels per SM
Elastic buffer uses 4 channels per SM
Elastic buffer uses 4 channels per SM
Elastic buffer uses 4 channels per SM
Elastic buffer uses 4 channels per SM
Elastic buffer uses 4 channels per SM
Elastic buffer uses 4 channels per SM
CPU side received count (scaleup: 7): -7446 -7490 -7393 -7465 -7420 -7392 -7374 -7414 # -8321 -8193 -8321 -8193 -8321 -8193 -819CPU side received count (scaleup: 6): -7457 -7402 -7321 -7552 -7493 -7487 -7371 -7472 # -8193 -8449 -8321 -8193 -8193 -8065 -832CPU side received count (scaleup: 3): -7400 -7549 -7426 -7398 -7355 -7397 -7474 -7321 # -8193 -8193 -8193 -8193 -8193 -8193 -819CPU side received count (scaleup: 2): -7426 -7298 -7457 -7460 -7461 -7413 -7479 -7433 # -8065 -8193 -8193 -8321 -8321 -8321 -8191 -8193 
3 -8193 
CPU side received count (scaleup: 4): -7415 -7468 -7405 -7458 -7389 -7432 -7474 -7344 # -8449 -8321 -8193 -8193 -8193 -8193 -806CPU side received count (scaleup: 5): -7399 -7487 -7399 -7279 -7411 -7420 -7505 -7329 # -8193 -8065 -8193 -8321 -8321 -8193 -819CPU side received count (scaleup: 1): -7507 -7396 -7530 -7593 -7610 -7335 -7335 -7382 # -8321 -8321 -8193 -8321 -8321 -8065 -8323 -8321 
CPU side received count (scaleup: 0): -7526 -7289 -7400 -7430 -7537 -7573 -7518 -7434 # -8065 -8193 -8321 -8449 -8193 -8321 -8323 -8193 
3 -8193 
5 -8321 
1 -8321 
1 -8321 
Elastic buffer uses 4 channels per SM
Elastic buffer uses 4 channels per SM
Elastic buffer uses 4 channels per SM
Elastic buffer uses 4 channels per SM
Elastic buffer uses 4 channels per SM
Elastic buffer uses 4 channels per SM
Elastic buffer uses 4 channels per SM
Elastic buffer uses 4 channels per SM
CPU side received count (scaleup: 6): -7457 -7402 -7321 -7552 -7493 -7487 -7371 -7472 # -8193 -8449 -8321 -8193 -8193 -8065 -832CPU side received count (scaleup: 5): -7399 -7487 -7399 -7279 -7411 -7420 -7505 -7329 # -8193 -8065 -8193 -8321 -8321 -8193 -819CPU side received count (scaleup: 7): -7446 -7490 -7393 -7465 -7420 -7392 -7374 -7414 # -8321 -8193 -8321 -8193 -8321 -8193 -819CPU side received count (scaleup: 4): -7415 -7468 -7405 -7458 -7389 -7432 -7474 -7344 # -8449 -8321 -8193 -8193 -8193 -8193 -8061 -8193 
CPU side received count (scaleup: 3): -7400 -7549 -7426 -7398 -7355 -7397 -7474 -7321 # -8193 -8193 -8193 -8193 -8193 -8193 -819CPU side received count (scaleup: 0): -7526 -7289 -7400 -7430 -7537 -7573 -7518 -7434 # -8065 -8193 -8321 -8449 -8193 -8321 -832CPU side received count (scaleup: 1): -7507 -7396 -7530 -7593 -7610 -7335 -7335 -7382 # -8321 -8321 -8193 -8321 -8321 -8065 -8323 -8193 
3 -8321 
CPU side received count (scaleup: 2): -7426 -7298 -7457 -7460 -7461 -7413 -7479 -7433 # -8065 -8193 -8193 -8321 -8321 -8321 -8195 -8321 
3 -8193 
1 -8321 
1 -8321 
3 -8193 
Elastic buffer uses 4 channels per SM
Elastic buffer uses 4 channels per SM
Elastic buffer uses 4 channels per SM
Elastic buffer uses 4 channels per SM
Elastic buffer uses 4 channels per SM
Elastic buffer uses 4 channels per SM
Elastic buffer uses 4 channels per SM
Elastic buffer uses 4 channels per SM
CPU side received count (scaleup: 0): -7526 -7289 -7400 -7430 -7537 -7573 -7518 -7434 # -8065 -8193 -8321 -8449 -8193 -8321 -832CPU side received count (scaleup: 1): -7507 -7396 -7530 -7593 -7610 -7335 -7335 -7382 # -8321 -8321 -8193 -8321 -8321 -8065 -832CPU side received count (scaleup: 6): -7457 -7402 -7321 -7552 -7493 -7487 -7371 -7472 # -8193 -8449 -8321 -8193 -8193 -8065 -832CPU side received count (scaleup: 4): -7415 -7468 -7405 -7458 -7389 -7432 -7474 -7344 # -8449 -8321 -8193 -8193 -8193 -8193 -8061 -8321 
CPU side received count (scaleup: 3): -7400 -7549 -7426 -7398 -7355 -7397 -7474 -7321 # -8193 -8193 -8193 -8193 -8193 -8193 -819CPU side received count (scaleup: 2): -7426 -7298 -7457 -7460 -7461 -7413 -7479 -7433 # -8065 -8193 -8193 -8321 -8321 -8321 -8195 -8321 
CPU side received count (scaleup: 7): -7446 -7490 -7393 -7465 -7420 -7392 -7374 -7414 # -8321 -8193 -8321 -8193 -8321 -8193 -8191 -8321 
CPU side received count (scaleup: 5): -7399 -7487 -7399 -7279 -7411 -7420 -7505 -7329 # -8193 -8065 -8193 -8321 -8321 -8193 -8193 -8193 
1 -8193 
3 -8193 
3 -8321 
3 -8193 
Elastic buffer uses 4 channels per SM
Elastic buffer uses 4 channels per SM
Elastic buffer uses 4 channels per SM
Elastic buffer uses 4 channels per SM
Elastic buffer uses 4 channels per SM
Elastic buffer uses 4 channels per SM
Elastic buffer uses 4 channels per SM
Elastic buffer uses 4 channels per SM
CPU side received count (scaleup: 7): -7446 -7490 -7393 -7465 -7420 -7392 -7374 -7414 # -8321 -8193 -8321 -8193 -8321 -8193 -819CPU side received count (scaleup: 5): -7399 -7487 -7399 -7279 -7411 -7420 -7505 -7329 # -8193 -8065 -8193 -8321 -8321 -8193 -819CPU side received count (scaleup: 6): -7457 -7402 -7321 -7552 -7493 -7487 -7371 -7472 # -8193 -8449 -8321 -8193 -8193 -8065 -832CPU side received count (scaleup: 4): -7415 -7468 -7405 -7458 -7389 -7432 -7474 -7344 # -8449 -8321 -8193 -8193 -8193 -8193 -8061 -8193 
5 -8321 
CPU side received count (scaleup: 3): -7400 -7549 -7426 -7398 -7355 -7397 -7474 -7321 # -8193 -8193 -8193 -8193 -8193 -8193 -8193 -8193 
3 -8321 
CPU side received count (scaleup: 2): -7426 -7298 -7457 -7460 -7461 -7413 -7479 -7433 # -8065 -8193 -8193 -8321 -8321 -8321 -819CPU side received count (scaleup: 1): -7507 -7396 -7530 -7593 -7610 -7335 -7335 -7382 # -8321 -8321 -8193 -8321 -8321 -8065 -8323 -8193 
CPU side received count (scaleup: 0): -7526 -7289 -7400 -7430 -7537 -7573 -7518 -7434 # -8065 -8193 -8321 -8449 -8193 -8321 -8323 -8193 
1 -8321 
1 -8321 
Elastic buffer uses 4 channels per SM
Elastic buffer uses 4 channels per SM
Elastic buffer uses 4 channels per SM
Elastic buffer uses 4 channels per SM
Elastic buffer uses 4 channels per SM
Elastic buffer uses 4 channels per SM
Elastic buffer uses 4 channels per SM
Elastic buffer uses 4 channels per SM
CPU side received count (scaleup: 0): -7526 -7289 -7400 -7430 -7537 -7573 -7518 -7434 # -8065 -8193 -8321 -8449 -8193 -8321 -832CPU side received count (scaleup: 1): -7507 -7396 -7530 -7593 -7610 -7335 -7335 -7382 # -8321 -8321 -8193 -8321 -8321 -8065 -832CPU side received count (scaleup: 2): -7426 -7298 -7457 -7460 -7461 -7413 -7479 -7433 # -8065 -8193 -8193 -8321 -8321 -8321 -819CPU side received count (scaleup: 3): -7400 -7549 -7426 -7398 -7355 -7397 -7474 -7321 # -8193 -8193 -8193 -8193 -8193 -8193 -819CPU side received count (scaleup: 6): -7457 -7402 -7321 -7552 -7493 -7487 -7371 -7472 # -8193 -8449 -8321 -8193 -8193 -8065 -8323 -8193 
3 -8193 
1 -8193 
CPU side received count (scaleup: 7): -7446 -7490 -7393 -7465 -7420 -7392 -7374 -7414 # -8321 -8193 -8321 -8193 -8321 -8193 -819CPU side received count (scaleup: 5): -7399 -7487 -7399 -7279 -7411 -7420 -7505 -7329 # -8193 -8065 -8193 -8321 -8321 -8193 -819CPU side received count (scaleup: 4): -7415 -7468 -7405 -7458 -7389 -7432 -7474 -7344 # -8449 -8321 -8193 -8193 -8193 -8193 -8061 -8321 
5 -8321 
1 -8321 
3 -8193 
3 -8321 
Elastic buffer uses 4 channels per SM
Elastic buffer uses 4 channels per SM
Elastic buffer uses 4 channels per SM
Elastic buffer uses 4 channels per SM
Elastic buffer uses 4 channels per SM
Elastic buffer uses 4 channels per SM
Elastic buffer uses 4 channels per SM
Elastic buffer uses 4 channels per SM
CPU side received count (scaleup: 7): -7446 -7490 -7393 -7465 -7420 -7392 -7374 -7414 # -8321 -8193 -8321 -8193 -8321 -8193 -819CPU side received count (scaleup: 5): -7399 -7487 -7399 -7279 -7411 -7420 -7505 -7329 # -8193 -8065 -8193 -8321 -8321 -8193 -819CPU side received count (scaleup: 4): -7415 -7468 -7405 -7458 -7389 -7432 -7474 -7344 # -8449 -8321 -8193 -8193 -8193 -8193 -806CPU side received count (scaleup: 6): -7457 -7402 -7321 -7552 -7493 -7487 -7371 -7472 # -8193 -8449 -8321 -8193 -8193 -8065 -832CPU side received count (scaleup: 3): -7400 -7549 -7426 -7398 -7355 -7397 -7474 -7321 # -8193 -8193 -8193 -8193 -8193 -8193 -8193 -8193 
5 -8321 
CPU side received count (scaleup: 2): -7426 -7298 -7457 -7460 -7461 -7413 -7479 -7433 # -8065 -8193 -8193 -8321 -8321 -8321 -819CPU side received count (scaleup: 1): -7507 -7396 -7530 -7593 -7610 -7335 -7335 -7382 # -8321 -8321 -8193 -8321 -8321 -8065 -832CPU side received count (scaleup: 0): -7526 -7289 -7400 -7430 -7537 -7573 -7518 -7434 # -8065 -8193 -8321 -8449 -8193 -8321 -8323 -8321 
1 -8193 
3 -8193 
3 -8193 
1 -8321 
1 -8321 
Elastic buffer uses 4 channels per SM
Elastic buffer uses 4 channels per SM
Elastic buffer uses 4 channels per SM
Elastic buffer uses 4 channels per SM
Elastic buffer uses 4 channels per SM
Elastic buffer uses 4 channels per SM
Elastic buffer uses 4 channels per SM
Elastic buffer uses 4 channels per SM
CPU side received count (scaleup: 6): -7457 -7402 -7321 -7552 -7493 -7487 -7371 -7472 # -8193 -8449 -8321 -8193 -8193 -8065 -832CPU side received count (scaleup: 5): -7399 -7487 -7399 -7279 -7411 -7420 -7505 -7329 # -8193 -8065 -8193 -8321 -8321 -8193 -819CPU side received count (scaleup: 4): -7415 -7468 -7405 -7458 -7389 -7432 -7474 -7344 # -8449 -8321 -8193 -8193 -8193 -8193 -806CPU side received count (scaleup: 7): -7446 -7490 -7393 -7465 -7420 -7392 -7374 -7414 # -8321 -8193 -8321 -8193 -8321 -8193 -819CPU side received count (scaleup: 2): -7426 -7298 -7457 -7460 -7461 -7413 -7479 -7433 # -8065 -8193 -8193 -8321 -8321 -8321 -819CPU side received count (scaleup: 3): -7400 -7549 -7426 -7398 -7355 -7397 -7474 -7321 # -8193 -8193 -8193 -8193 -8193 -8193 -819CPU side received count (scaleup: 0): -7526 -7289 -7400 -7430 -7537 -7573 -7518 -7434 # -8065 -8193 -8321 -8449 -8193 -8321 -8325 -8321 
3 -8193 
1 -8193 
3 -8193 
CPU side received count (scaleup: 1): -7507 -7396 -7530 -7593 -7610 -7335 -7335 -7382 # -8321 -8321 -8193 -8321 -8321 -8065 -8323 -8321 
3 -8193 
1 -8321 
1 -8321 
Elastic buffer uses 4 channels per SM
Elastic buffer uses 4 channels per SM
Elastic buffer uses 4 channels per SM
Elastic buffer uses 4 channels per SM
Elastic buffer uses 4 channels per SM
Elastic buffer uses 4 channels per SM
Elastic buffer uses 4 channels per SM
Elastic buffer uses 4 channels per SM
CPU side received count (scaleup: 0): -7526 -7289 -7400 -7430 -7537 -7573 -7518 -7434 # -8065 -8193 -8321 -8449 -8193 -8321 -832CPU side received count (scaleup: 1): -7507 -7396 -7530 -7593 -7610 -7335 -7335 -7382 # -8321 -8321 -8193 -8321 -8321 -8065 -832CPU side received count (scaleup: 3): -7400 -7549 -7426 -7398 -7355 -7397 -7474 -7321 # -8193 -8193 -8193 -8193 -8193 -8193 -819CPU side received count (scaleup: 2): -7426 -7298 -7457 -7460 -7461 -7413 -7479 -7433 # -8065 -8193 -8193 -8321 -8321 -8321 -8193 -8193 
1 -8321 
3 -8193 
CPU side received count (scaleup: 4): -7415 -7468 -7405 -7458 -7389 -7432 -7474 -7344 # -8449 -8321 -8193 -8193 -8193 -8193 -806CPU side received count (scaleup: 6): -7457 -7402 -7321 -7552 -7493 -7487 -7371 -7472 # -8193 -8449 -8321 -8193 -8193 -8065 -8325 -8321 
1 -8193 
CPU side received count (scaleup: 7): -7446 -7490 -7393 -7465 -7420 -7392 -7374 -7414 # -8321 -8193 -8321 -8193 -8321 -8193 -819CPU side received count (scaleup: 5): -7399 -7487 -7399 -7279 -7411 -7420 -7505 -7329 # -8193 -8065 -8193 -8321 -8321 -8193 -8191 -8321 
3 -8193 
3 -8321 
Elastic buffer uses 4 channels per SM
Elastic buffer uses 4 channels per SM
Elastic buffer uses 4 channels per SM
Elastic buffer uses 4 channels per SM
Elastic buffer uses 4 channels per SM
Elastic buffer uses 4 channels per SM
Elastic buffer uses 4 channels per SM
Elastic buffer uses 4 channels per SM
CPU side received count (scaleup: 7): -7446 -7490 -7393 -7465 -7420 -7392 -7374 -7414 # -8321 -8193 -8321 -8193 -8321 -8193 -819CPU side received count (scaleup: 6): -7457 -7402 -7321 -7552 -7493 -7487 -7371 -7472 # -8193 -8449 -8321 -8193 -8193 -8065 -832CPU side received count (scaleup: 4): -7415 -7468 -7405 -7458 -7389 -7432 -7474 -7344 # -8449 -8321 -8193 -8193 -8193 -8193 -806CPU side received count (scaleup: 5): -7399 -7487 -7399 -7279 -7411 -7420 -7505 -7329 # -8193 -8065 -8193 -8321 -8321 -8193 -8193 -8193 
CPU side received count (scaleup: 1): -7507 -7396 -7530 -7593 -7610 -7335 -7335 -7382 # -8321 -8321 -8193 -8321 -8321 -8065 -8321 -8193 
3 -8321 
1 -8321 
CPU side received count (scaleup: 0): -7526 -7289 -7400 -7430 -7537 -7573 -7518 -7434 # -8065 -8193 -8321 -8449 -8193 -8321 -832CPU side received count (scaleup: 2): -7426 -7298 -7457 -7460 -7461 -7413 -7479 -7433 # -8065 -8193 -8193 -8321 -8321 -8321 -819CPU side received count (scaleup: 3): -7400 -7549 -7426 -7398 -7355 -7397 -7474 -7321 # -8193 -8193 -8193 -8193 -8193 -8193 -8195 -8321 
1 -8321 
3 -8193 
3 -8193 
Elastic buffer uses 4 channels per SM
Elastic buffer uses 4 channels per SM
Elastic buffer uses 4 channels per SM
Elastic buffer uses 4 channels per SM
Elastic buffer uses 4 channels per SM
Elastic buffer uses 4 channels per SM
Elastic buffer uses 4 channels per SM
Elastic buffer uses 4 channels per SM
CPU side received count (scaleup: 7): -7446 -7490 -7393 -7465 -7420 -7392 -7374 -7414 # -8321 -8193 -8321 -8193 -8321 -8193 -819CPU side received count (scaleup: 6): -7457 -7402 -7321 -7552 -7493 -7487 -7371 -7472 # -8193 -8449 -8321 -8193 -8193 -8065 -832CPU side received count (scaleup: 5): -7399 -7487 -7399 -7279 -7411 -7420 -7505 -7329 # -8193 -8065 -8193 -8321 -8321 -8193 -819CPU side received count (scaleup: 1): -7507 -7396 -7530 -7593 -7610 -7335 -7335 -7382 # -8321 -8321 -8193 -8321 -8321 -8065 -8323 -8193 
1 -8321 
3 -8321 
CPU side received count (scaleup: 4): -7415 -7468 -7405 -7458 -7389 -7432 -7474 -7344 # -8449 -8321 -8193 -8193 -8193 -8193 -806CPU side received count (scaleup: 2): -7426 -7298 -7457 -7460 -7461 -7413 -7479 -7433 # -8065 -8193 -8193 -8321 -8321 -8321 -819CPU side received count (scaleup: 0): -7526 -7289 -7400 -7430 -7537 -7573 -7518 -7434 # -8065 -8193 -8321 -8449 -8193 -8321 -8321 -8193 
CPU side received count (scaleup: 3): -7400 -7549 -7426 -7398 -7355 -7397 -7474 -7321 # -8193 -8193 -8193 -8193 -8193 -8193 -8195 -8321 
3 -8193 
1 -8321 
3 -8193 
Elastic buffer uses 4 channels per SM
Elastic buffer uses 4 channels per SM
Elastic buffer uses 4 channels per SM
Elastic buffer uses 4 channels per SM
Elastic buffer uses 4 channels per SM
Elastic buffer uses 4 channels per SM
Elastic buffer uses 4 channels per SM
Elastic buffer uses 4 channels per SM
CPU side received count (scaleup: 6): -7457 -7402 -7321 -7552 -7493 -7487 -7371 -7472 # -8193 -8449 -8321 -8193 -8193 -8065 -832CPU side received count (scaleup: 7): -7446 -7490 -7393 -7465 -7420 -7392 -7374 -7414 # -8321 -8193 -8321 -8193 -8321 -8193 -819CPU side received count (scaleup: 3): -7400 -7549 -7426 -7398 -7355 -7397 -7474 -7321 # -8193 -8193 -8193 -8193 -8193 -8193 -819CPU side received count (scaleup: 5): -7399 -7487 -7399 -7279 -7411 -7420 -7505 -7329 # -8193 -8065 -8193 -8321 -8321 -8193 -819CPU side received count (scaleup: 4): -7415 -7468 -7405 -7458 -7389 -7432 -7474 -7344 # -8449 -8321 -8193 -8193 -8193 -8193 -806CPU side received count (scaleup: 2): -7426 -7298 -7457 -7460 -7461 -7413 -7479 -7433 # -8065 -8193 -8193 -8321 -8321 -8321 -819CPU side received count (scaleup: 1): -7507 -7396 -7530 -7593 -7610 -7335 -7335 -7382 # -8321 -8321 -8193 -8321 -8321 -8065 -832CPU side received count (scaleup: 0): -7526 -7289 -7400 -7430 -7537 -7573 -7518 -7434 # -8065 -8193 -8321 -8449 -8193 -8321 -8321 -8193 
3 -8193 
1 -8321 
3 -8193 
3 -8321 
5 -8321 
3 -8193 
1 -8321 
Elastic buffer uses 4 channels per SM
Elastic buffer uses 4 channels per SM
Elastic buffer uses 4 channels per SM
Elastic buffer uses 4 channels per SM
Elastic buffer uses 4 channels per SM
Elastic buffer uses 4 channels per SM
Elastic buffer uses 4 channels per SM
Elastic buffer uses 4 channels per SM
CPU side received count (scaleup: 7): -7446 -7490 -7393 -7465 -7420 -7392 -7374 -7414 # -8321 -8193 -8321 -8193 -8321 -8193 -819CPU side received count (scaleup: 4): -7415 -7468 -7405 -7458 -7389 -7432 -7474 -7344 # -8449 -8321 -8193 -8193 -8193 -8193 -806CPU side received count (scaleup: 6): -7457 -7402 -7321 -7552 -7493 -7487 -7371 -7472 # -8193 -8449 -8321 -8193 -8193 -8065 -832CPU side received count (scaleup: 5): -7399 -7487 -7399 -7279 -7411 -7420 -7505 -7329 # -8193 -8065 -8193 -8321 -8321 -8193 -8193 -8193 
CPU side received count (scaleup: 1): -7507 -7396 -7530 -7593 -7610 -7335 -7335 -7382 # -8321 -8321 -8193 -8321 -8321 -8065 -832CPU side received count (scaleup: 0): -7526 -7289 -7400 -7430 -7537 -7573 -7518 -7434 # -8065 -8193 -8321 -8449 -8193 -8321 -832CPU side received count (scaleup: 3): -7400 -7549 -7426 -7398 -7355 -7397 -7474 -7321 # -8193 -8193 -8193 -8193 -8193 -8193 -819CPU side received count (scaleup: 2): -7426 -7298 -7457 -7460 -7461 -7413 -7479 -7433 # -8065 -8193 -8193 -8321 -8321 -8321 -8195 -8321 
1 -8193 
3 -8321 
1 -8321 
1 -8321 
3 -8193 
3 -8193 
Elastic buffer uses 4 channels per SM
Elastic buffer uses 4 channels per SM
Elastic buffer uses 4 channels per SM
Elastic buffer uses 4 channels per SM
Elastic buffer uses 4 channels per SM
Elastic buffer uses 4 channels per SM
Elastic buffer uses 4 channels per SM
Elastic buffer uses 4 channels per SM
CPU side received count (scaleup: 6): -7457 -7402 -7321 -7552 -7493 -7487 -7371 -7472 # -8193 -8449 -8321 -8193 -8193 -8065 -832CPU side received count (scaleup: 7): -7446 -7490 -7393 -7465 -7420 -7392 -7374 -7414 # -8321 -8193 -8321 -8193 -8321 -8193 -819CPU side received count (scaleup: 4): -7415 -7468 -7405 -7458 -7389 -7432 -7474 -7344 # -8449 -8321 -8193 -8193 -8193 -8193 -806CPU side received count (scaleup: 5): -7399 -7487 -7399 -7279 -7411 -7420 -7505 -7329 # -8193 -8065 -8193 -8321 -8321 -8193 -8191 -8193 
CPU side received count (scaleup: 2): -7426 -7298 -7457 -7460 -7461 -7413 -7479 -7433 # -8065 -8193 -8193 -8321 -8321 -8321 -819CPU side received count (scaleup: 3): -7400 -7549 -7426 -7398 -7355 -7397 -7474 -7321 # -8193 -8193 -8193 -8193 -8193 -8193 -819CPU side received count (scaleup: 1): -7507 -7396 -7530 -7593 -7610 -7335 -7335 -7382 # -8321 -8321 -8193 -8321 -8321 -8065 -832CPU side received count (scaleup: 0): -7526 -7289 -7400 -7430 -7537 -7573 -7518 -7434 # -8065 -8193 -8321 -8449 -8193 -8321 -8323 -8193 
3 -8193 
5 -8321 
3 -8321 
3 -8193 
1 -8321 
1 -8321 
Elastic buffer uses 4 channels per SM
Elastic buffer uses 4 channels per SM
Elastic buffer uses 4 channels per SM
Elastic buffer uses 4 channels per SM
Elastic buffer uses 4 channels per SM
Elastic buffer uses 4 channels per SM
Elastic buffer uses 4 channels per SM
Elastic buffer uses 4 channels per SM
CPU side received count (scaleup: 7): -7446 -7490 -7393 -7465 -7420 -7392 -7374 -7414 # -8321 -8193 -8321 -8193 -8321 -8193 -819CPU side received count (scaleup: 6): -7457 -7402 -7321 -7552 -7493 -7487 -7371 -7472 # -8193 -8449 -8321 -8193 -8193 -8065 -832CPU side received count (scaleup: 5): -7399 -7487 -7399 -7279 -7411 -7420 -7505 -7329 # -8193 -8065 -8193 -8321 -8321 -8193 -819CPU side received count (scaleup: 0): -7526 -7289 -7400 -7430 -7537 -7573 -7518 -7434 # -8065 -8193 -8321 -8449 -8193 -8321 -832CPU side received count (scaleup: 3): -7400 -7549 -7426 -7398 -7355 -7397 -7474 -7321 # -8193 -8193 -8193 -8193 -8193 -8193 -819CPU side received count (scaleup: 4): -7415 -7468 -7405 -7458 -7389 -7432 -7474 -7344 # -8449 -8321 -8193 -8193 -8193 -8193 -806CPU side received count (scaleup: 1): -7507 -7396 -7530 -7593 -7610 -7335 -7335 -7382 # -8321 -8321 -8193 -8321 -8321 -8065 -832CPU side received count (scaleup: 2): -7426 -7298 -7457 -7460 -7461 -7413 -7479 -7433 # -8065 -8193 -8193 -8321 -8321 -8321 -8193 -8193 
1 -8193 
1 -8321 
3 -8321 
5 -8321 
3 -8193 
1 -8321 
3 -8193 
Elastic buffer uses 4 channels per SM
Elastic buffer uses 4 channels per SM
Elastic buffer uses 4 channels per SM
Elastic buffer uses 4 channels per SM
Elastic buffer uses 4 channels per SM
Elastic buffer uses 4 channels per SM
Elastic buffer uses 4 channels per SM
Elastic buffer uses 4 channels per SM
CPU side received count (scaleup: 0): -7526 -7289 -7400 -7430 -7537 -7573 -7518 -7434 # -8065 -8193 -8321 -8449 -8193 -8321 -832CPU side received count (scaleup: 3): -7400 -7549 -7426 -7398 -7355 -7397 -7474 -7321 # -8193 -8193 -8193 -8193 -8193 -8193 -819CPU side received count (scaleup: 1): -7507 -7396 -7530 -7593 -7610 -7335 -7335 -7382 # -8321 -8321 -8193 -8321 -8321 -8065 -832CPU side received count (scaleup: 7): -7446 -7490 -7393 -7465 -7420 -7392 -7374 -7414 # -8321 -8193 -8321 -8193 -8321 -8193 -8193 -8193 
1 -8321 
CPU side received count (scaleup: 5): -7399 -7487 -7399 -7279 -7411 -7420 -7505 -7329 # -8193 -8065 -8193 -8321 -8321 -8193 -819CPU side received count (scaleup: 2): -7426 -7298 -7457 -7460 -7461 -7413 -7479 -7433 # -8065 -8193 -8193 -8321 -8321 -8321 -819CPU side received count (scaleup: 6): -7457 -7402 -7321 -7552 -7493 -7487 -7371 -7472 # -8193 -8449 -8321 -8193 -8193 -8065 -832CPU side received count (scaleup: 4): -7415 -7468 -7405 -7458 -7389 -7432 -7474 -7344 # -8449 -8321 -8193 -8193 -8193 -8193 -8061 -8321 
3 -8193 
3 -8321 
3 -8193 
1 -8193 
5 -8321 
Elastic buffer uses 4 channels per SM
Elastic buffer uses 4 channels per SM
Elastic buffer uses 4 channels per SM
Elastic buffer uses 4 channels per SM
Elastic buffer uses 4 channels per SM
Elastic buffer uses 4 channels per SM
Elastic buffer uses 4 channels per SM
Elastic buffer uses 4 channels per SM
CPU side received count (scaleup: 7): -7446 -7490 -7393 -7465 -7420 -7392 -7374 -7414 # -8321 -8193 -8321 -8193 -8321 -8193 -819CPU side received count (scaleup: 6): -7457 -7402 -7321 -7552 -7493 -7487 -7371 -7472 # -8193 -8449 -8321 -8193 -8193 -8065 -832CPU side received count (scaleup: 2): -7426 -7298 -7457 -7460 -7461 -7413 -7479 -7433 # -8065 -8193 -8193 -8321 -8321 -8321 -819CPU side received count (scaleup: 5): -7399 -7487 -7399 -7279 -7411 -7420 -7505 -7329 # -8193 -8065 -8193 -8321 -8321 -8193 -8193 -8193 
CPU side received count (scaleup: 4): -7415 -7468 -7405 -7458 -7389 -7432 -7474 -7344 # -8449 -8321 -8193 -8193 -8193 -8193 -806CPU side received count (scaleup: 0): -7526 -7289 -7400 -7430 -7537 -7573 -7518 -7434 # -8065 -8193 -8321 -8449 -8193 -8321 -832CPU side received count (scaleup: 1): -7507 -7396 -7530 -7593 -7610 -7335 -7335 -7382 # -8321 -8321 -8193 -8321 -8321 -8065 -8323 -8321 
CPU side received count (scaleup: 3): -7400 -7549 -7426 -7398 -7355 -7397 -7474 -7321 # -8193 -8193 -8193 -8193 -8193 -8193 -8191 -8193 
3 -8193 
5 -8321 
1 -8321 
1 -8321 
3 -8193 
Elastic buffer uses 4 channels per SM
Elastic buffer uses 4 channels per SM
Elastic buffer uses 4 channels per SM
Elastic buffer uses 4 channels per SM
Elastic buffer uses 4 channels per SM
Elastic buffer uses 4 channels per SM
Elastic buffer uses 4 channels per SM
Elastic buffer uses 4 channels per SM
CPU side received count (scaleup: 7): -7446 -7490 -7393 -7465 -7420 -7392 -7374 -7414 # -8321 -8193 -8321 -8193 -8321 -8193 -819CPU side received count (scaleup: 6): -7457 -7402 -7321 -7552 -7493 -7487 -7371 -7472 # -8193 -8449 -8321 -8193 -8193 -8065 -832CPU side received count (scaleup: 5): -7399 -7487 -7399 -7279 -7411 -7420 -7505 -7329 # -8193 -8065 -8193 -8321 -8321 -8193 -819CPU side received count (scaleup: 4): -7415 -7468 -7405 -7458 -7389 -7432 -7474 -7344 # -8449 -8321 -8193 -8193 -8193 -8193 -8063 -8193 
CPU side received count (scaleup: 0): -7526 -7289 -7400 -7430 -7537 -7573 -7518 -7434 # -8065 -8193 -8321 -8449 -8193 -8321 -832CPU side received count (scaleup: 1): -7507 -7396 -7530 -7593 -7610 -7335 -7335 -7382 # -8321 -8321 -8193 -8321 -8321 -8065 -8323 -8321 
5 -8321 
1 -8193 
1 -8321 
CPU side received count (scaleup: 3): -7400 -7549 -7426 -7398 -7355 -7397 -7474 -7321 # -8193 -8193 -8193 -8193 -8193 -8193 -819CPU side received count (scaleup: 2): -7426 -7298 -7457 -7460 -7461 -7413 -7479 -7433 # -8065 -8193 -8193 -8321 -8321 -8321 -8191 -8321 
3 -8193 
3 -8193 
Elastic buffer uses 4 channels per SM
Elastic buffer uses 4 channels per SM
Elastic buffer uses 4 channels per SM
Elastic buffer uses 4 channels per SM
Elastic buffer uses 4 channels per SM
Elastic buffer uses 4 channels per SM
Elastic buffer uses 4 channels per SM
Elastic buffer uses 4 channels per SM
CPU side received count (scaleup: 0): -7526 -7289 -7400 -7430 -7537 -7573 -7518 -7434 # -8065 -8193 -8321 -8449 -8193 -8321 -832CPU side received count (scaleup: 3): -7400 -7549 -7426 -7398 -7355 -7397 -7474 -7321 # -8193 -8193 -8193 -8193 -8193 -8193 -819CPU side received count (scaleup: 2): -7426 -7298 -7457 -7460 -7461 -7413 -7479 -7433 # -8065 -8193 -8193 -8321 -8321 -8321 -819CPU side received count (scaleup: 1): -7507 -7396 -7530 -7593 -7610 -7335 -7335 -7382 # -8321 -8321 -8193 -8321 -8321 -8065 -832CPU side received count (scaleup: 7): -7446 -7490 -7393 -7465 -7420 -7392 -7374 -7414 # -8321 -8193 -8321 -8193 -8321 -8193 -819CPU side received count (scaleup: 6): -7457 -7402 -7321 -7552 -7493 -7487 -7371 -7472 # -8193 -8449 -8321 -8193 -8193 -8065 -8323 -8193 
1 -8321 
CPU side received count (scaleup: 5): -7399 -7487 -7399 -7279 -7411 -7420 -7505 -7329 # -8193 -8065 -8193 -8321 -8321 -8193 -819CPU side received count (scaleup: 4): -7415 -7468 -7405 -7458 -7389 -7432 -7474 -7344 # -8449 -8321 -8193 -8193 -8193 -8193 -8061 -8193 
1 -8321 
3 -8193 
3 -8193 
3 -8321 
5 -8321 
Elastic buffer uses 4 channels per SM
Elastic buffer uses 4 channels per SM
Elastic buffer uses 4 channels per SM
Elastic buffer uses 4 channels per SM
Elastic buffer uses 4 channels per SM
Elastic buffer uses 4 channels per SM
Elastic buffer uses 4 channels per SM
Elastic buffer uses 4 channels per SM
CPU side received count (scaleup: 6): -7457 -7402 -7321 -7552 -7493 -7487 -7371 -7472 # -8193 -8449 -8321 -8193 -8193 -8065 -832CPU side received count (scaleup: 5): -7399 -7487 -7399 -7279 -7411 -7420 -7505 -7329 # -8193 -8065 -8193 -8321 -8321 -8193 -819CPU side received count (scaleup: 7): -7446 -7490 -7393 -7465 -7420 -7392 -7374 -7414 # -8321 -8193 -8321 -8193 -8321 -8193 -8191 -8193 
CPU side received count (scaleup: 3): -7400 -7549 -7426 -7398 -7355 -7397 -7474 -7321 # -8193 -8193 -8193 -8193 -8193 -8193 -819CPU side received count (scaleup: 4): -7415 -7468 -7405 -7458 -7389 -7432 -7474 -7344 # -8449 -8321 -8193 -8193 -8193 -8193 -806CPU side received count (scaleup: 0): -7526 -7289 -7400 -7430 -7537 -7573 -7518 -7434 # -8065 -8193 -8321 -8449 -8193 -8321 -832CPU side received count (scaleup: 1): -7507 -7396 -7530 -7593 -7610 -7335 -7335 -7382 # -8321 -8321 -8193 -8321 -8321 -8065 -832CPU side received count (scaleup: 2): -7426 -7298 -7457 -7460 -7461 -7413 -7479 -7433 # -8065 -8193 -8193 -8321 -8321 -8321 -8193 -8321 
3 -8193 
1 -8321 
1 -8321 
3 -8193 
3 -8193 
5 -8321 
Elastic buffer uses 4 channels per SM
Elastic buffer uses 4 channels per SM
Elastic buffer uses 4 channels per SM
Elastic buffer uses 4 channels per SM
Elastic buffer uses 4 channels per SM
Elastic buffer uses 4 channels per SM
Elastic buffer uses 4 channels per SM
Elastic buffer uses 4 channels per SM
CPU side received count (scaleup: 7): -7446 -7490 -7393 -7465 -7420 -7392 -7374 -7414 # -8321 -8193 -8321 -8193 -8321 -8193 -819CPU side received count (scaleup: 6): -7457 -7402 -7321 -7552 -7493 -7487 -7371 -7472 # -8193 -8449 -8321 -8193 -8193 -8065 -832CPU side received count (scaleup: 5): -7399 -7487 -7399 -7279 -7411 -7420 -7505 -7329 # -8193 -8065 -8193 -8321 -8321 -8193 -8193 -8193 
1 -8193 
CPU side received count (scaleup: 2): -7426 -7298 -7457 -7460 -7461 -7413 -7479 -7433 # -8065 -8193 -8193 -8321 -8321 -8321 -819CPU side received count (scaleup: 4): -7415 -7468 -7405 -7458 -7389 -7432 -7474 -7344 # -8449 -8321 -8193 -8193 -8193 -8193 -806CPU side received count (scaleup: 3): -7400 -7549 -7426 -7398 -7355 -7397 -7474 -7321 # -8193 -8193 -8193 -8193 -8193 -8193 -819CPU side received count (scaleup: 1): -7507 -7396 -7530 -7593 -7610 -7335 -7335 -7382 # -8321 -8321 -8193 -8321 -8321 -8065 -8325 -8321 
CPU side received count (scaleup: 0): -7526 -7289 -7400 -7430 -7537 -7573 -7518 -7434 # -8065 -8193 -8321 -8449 -8193 -8321 -8323 -8321 
3 -8193 
3 -8193 
1 -8321 
1 -8321 
Elastic buffer uses 4 channels per SM
Elastic buffer uses 4 channels per SM
Elastic buffer uses 4 channels per SM
Elastic buffer uses 4 channels per SM
Elastic buffer uses 4 channels per SM
Elastic buffer uses 4 channels per SM
Elastic buffer uses 4 channels per SM
Elastic buffer uses 4 channels per SM
CPU side received count (scaleup: 7): -7446 -7490 -7393 -7465 -7420 -7392 -7374 -7414 # -8321 -8193 -8321 -8193 -8321 -8193 -819CPU side received count (scaleup: 6): -7457 -7402 -7321 -7552 -7493 -7487 -7371 -7472 # -8193 -8449 -8321 -8193 -8193 -8065 -832CPU side received count (scaleup: 5): -7399 -7487 -7399 -7279 -7411 -7420 -7505 -7329 # -8193 -8065 -8193 -8321 -8321 -8193 -819CPU side received count (scaleup: 1): -7507 -7396 -7530 -7593 -7610 -7335 -7335 -7382 # -8321 -8321 -8193 -8321 -8321 -8065 -832CPU side received count (scaleup: 4): -7415 -7468 -7405 -7458 -7389 -7432 -7474 -7344 # -8449 -8321 -8193 -8193 -8193 -8193 -8063 -8321 
CPU side received count (scaleup: 0): -7526 -7289 -7400 -7430 -7537 -7573 -7518 -7434 # -8065 -8193 -8321 -8449 -8193 -8321 -832CPU side received count (scaleup: 3): -7400 -7549 -7426 -7398 -7355 -7397 -7474 -7321 # -8193 -8193 -8193 -8193 -8193 -8193 -8191 -8321 
CPU side received count (scaleup: 2): -7426 -7298 -7457 -7460 -7461 -7413 -7479 -7433 # -8065 -8193 -8193 -8321 -8321 -8321 -8193 -8193 
1 -8193 
1 -8321 
5 -8321 
3 -8193 
3 -8193 
Elastic buffer uses 4 channels per SM
Elastic buffer uses 4 channels per SM
Elastic buffer uses 4 channels per SM
Elastic buffer uses 4 channels per SM
Elastic buffer uses 4 channels per SM
Elastic buffer uses 4 channels per SM
Elastic buffer uses 4 channels per SM
Elastic buffer uses 4 channels per SM
CPU side received count (scaleup: 5): -7399 -7487 -7399 -7279 -7411 -7420 -7505 -7329 # -8193 -8065 -8193 -8321 -8321 -8193 -819CPU side received count (scaleup: 6): -7457 -7402 -7321 -7552 -7493 -7487 -7371 -7472 # -8193 -8449 -8321 -8193 -8193 -8065 -832CPU side received count (scaleup: 7): -7446 -7490 -7393 -7465 -7420 -7392 -7374 -7414 # -8321 -8193 -8321 -8193 -8321 -8193 -819CPU side received count (scaleup: 4): -7415 -7468 -7405 -7458 -7389 -7432 -7474 -7344 # -8449 -8321 -8193 -8193 -8193 -8193 -8063 -8321 
CPU side received count (scaleup: 1): -7507 -7396 -7530 -7593 -7610 -7335 -7335 -7382 # -8321 -8321 -8193 -8321 -8321 -8065 -8323 -8193 
CPU side received count (scaleup: 2): -7426 -7298 -7457 -7460 -7461 -7413 -7479 -7433 # -8065 -8193 -8193 -8321 -8321 -8321 -819CPU side received count (scaleup: 3): -7400 -7549 -7426 -7398 -7355 -7397 -7474 -7321 # -8193 -8193 -8193 -8193 -8193 -8193 -819CPU side received count (scaleup: 0): -7526 -7289 -7400 -7430 -7537 -7573 -7518 -7434 # -8065 -8193 -8321 -8449 -8193 -8321 -8321 -8193 
1 -8321 
3 -8193 
3 -8193 
5 -8321 
1 -8321 
Elastic buffer uses 4 channels per SM
Elastic buffer uses 4 channels per SM
Elastic buffer uses 4 channels per SM
Elastic buffer uses 4 channels per SM
Elastic buffer uses 4 channels per SM
Elastic buffer uses 4 channels per SM
Elastic buffer uses 4 channels per SM
Elastic buffer uses 4 channels per SM
CPU side received count (scaleup: 6): -7457 -7402 -7321 -7552 -7493 -7487 -7371 -7472 # -8193 -8449 -8321 -8193 -8193 -8065 -832CPU side received count (scaleup: 5): -7399 -7487 -7399 -7279 -7411 -7420 -7505 -7329 # -8193 -8065 -8193 -8321 -8321 -8193 -819CPU side received count (scaleup: 7): -7446 -7490 -7393 -7465 -7420 -7392 -7374 -7414 # -8321 -8193 -8321 -8193 -8321 -8193 -819CPU side received count (scaleup: 0): -7526 -7289 -7400 -7430 -7537 -7573 -7518 -7434 # -8065 -8193 -8321 -8449 -8193 -8321 -832CPU side received count (scaleup: 4): -7415 -7468 -7405 -7458 -7389 -7432 -7474 -7344 # -8449 -8321 -8193 -8193 -8193 -8193 -8061 -8193 
CPU side received count (scaleup: 2): -7426 -7298 -7457 -7460 -7461 -7413 -7479 -7433 # -8065 -8193 -8193 -8321 -8321 -8321 -8195 -8321 
CPU side received count (scaleup: 1): -7507 -7396 -7530 -7593 -7610 -7335 -7335 -7382 # -8321 -8321 -8193 -8321 -8321 -8065 -832CPU side received count (scaleup: 3): -7400 -7549 -7426 -7398 -7355 -7397 -7474 -7321 # -8193 -8193 -8193 -8193 -8193 -8193 -8193 -8321 
3 -8193 
1 -8321 
3 -8193 
1 -8321 
3 -8193 
Elastic buffer uses 4 channels per SM
Elastic buffer uses 4 channels per SM
Elastic buffer uses 4 channels per SM
Elastic buffer uses 4 channels per SM
Elastic buffer uses 4 channels per SM
Elastic buffer uses 4 channels per SM
Elastic buffer uses 4 channels per SM
Elastic buffer uses 4 channels per SM
CPU side received count (scaleup: 0): -7526 -7289 -7400 -7430 -7537 -7573 -7518 -7434 # -8065 -8193 -8321 -8449 -8193 -8321 -832CPU side received count (scaleup: 2): -7426 -7298 -7457 -7460 -7461 -7413 -7479 -7433 # -8065 -8193 -8193 -8321 -8321 -8321 -819CPU side received count (scaleup: 6): -7457 -7402 -7321 -7552 -7493 -7487 -7371 -7472 # -8193 -8449 -8321 -8193 -8193 -8065 -832CPU side received count (scaleup: 4): -7415 -7468 -7405 -7458 -7389 -7432 -7474 -7344 # -8449 -8321 -8193 -8193 -8193 -8193 -806CPU side received count (scaleup: 1): -7507 -7396 -7530 -7593 -7610 -7335 -7335 -7382 # -8321 -8321 -8193 -8321 -8321 -8065 -832CPU side received count (scaleup: 3): -7400 -7549 -7426 -7398 -7355 -7397 -7474 -7321 # -8193 -8193 -8193 -8193 -8193 -8193 -8193 -8193 
CPU side received count (scaleup: 7): -7446 -7490 -7393 -7465 -7420 -7392 -7374 -7414 # -8321 -8193 -8321 -8193 -8321 -8193 -8191 -8193 
CPU side received count (scaleup: 5): -7399 -7487 -7399 -7279 -7411 -7420 -7505 -7329 # -8193 -8065 -8193 -8321 -8321 -8193 -8191 -8321 
1 -8321 
5 -8321 
3 -8193 
3 -8193 
3 -8321 
Elastic buffer uses 4 channels per SM
Elastic buffer uses 4 channels per SM
Elastic buffer uses 4 channels per SM
Elastic buffer uses 4 channels per SM
Elastic buffer uses 4 channels per SM
Elastic buffer uses 4 channels per SM
Elastic buffer uses 4 channels per SM
Elastic buffer uses 4 channels per SM
CPU side received count (scaleup: 7): -7446 -7490 -7393 -7465 -7420 -7392 -7374 -7414 # -8321 -8193 -8321 -8193 -8321 -8193 -819CPU side received count (scaleup: 6): -7457 -7402 -7321 -7552 -7493 -7487 -7371 -7472 # -8193 -8449 -8321 -8193 -8193 -8065 -832CPU side received count (scaleup: 4): -7415 -7468 -7405 -7458 -7389 -7432 -7474 -7344 # -8449 -8321 -8193 -8193 -8193 -8193 -8063 -8193 
1 -8193 
CPU side received count (scaleup: 3): -7400 -7549 -7426 -7398 -7355 -7397 -7474 -7321 # -8193 -8193 -8193 -8193 -8193 -8193 -819CPU side received count (scaleup: 1): -7507 -7396 -7530 -7593 -7610 -7335 -7335 -7382 # -8321 -8321 -8193 -8321 -8321 -8065 -832CPU side received count (scaleup: 5): -7399 -7487 -7399 -7279 -7411 -7420 -7505 -7329 # -8193 -8065 -8193 -8321 -8321 -8193 -8195 -8321 
CPU side received count (scaleup: 0): -7526 -7289 -7400 -7430 -7537 -7573 -7518 -7434 # -8065 -8193 -8321 -8449 -8193 -8321 -832CPU side received count (scaleup: 2): -7426 -7298 -7457 -7460 -7461 -7413 -7479 -7433 # -8065 -8193 -8193 -8321 -8321 -8321 -8193 -8193 
1 -8321 
1 -8321 
3 -8321 
3 -8193 
Elastic buffer uses 4 channels per SM
Elastic buffer uses 4 channels per SM
Elastic buffer uses 4 channels per SM
Elastic buffer uses 4 channels per SM
Elastic buffer uses 4 channels per SM
Elastic buffer uses 4 channels per SM
Elastic buffer uses 4 channels per SM
Elastic buffer uses 4 channels per SM
CPU side received count (scaleup: 6): -7457 -7402 -7321 -7552 -7493 -7487 -7371 -7472 # -8193 -8449 -8321 -8193 -8193 -8065 -832CPU side received count (scaleup: 7): -7446 -7490 -7393 -7465 -7420 -7392 -7374 -7414 # -8321 -8193 -8321 -8193 -8321 -8193 -819CPU side received count (scaleup: 4): -7415 -7468 -7405 -7458 -7389 -7432 -7474 -7344 # -8449 -8321 -8193 -8193 -8193 -8193 -8061 -8193 
3 -8193 
5 -8321 
CPU side received count (scaleup: 0): -7526 -7289 -7400 -7430 -7537 -7573 -7518 -7434 # -8065 -8193 -8321 -8449 -8193 -8321 -832CPU side received count (scaleup: 5): -7399 -7487 -7399 -7279 -7411 -7420 -7505 -7329 # -8193 -8065 -8193 -8321 -8321 -8193 -819CPU side received count (scaleup: 2): -7426 -7298 -7457 -7460 -7461 -7413 -7479 -7433 # -8065 -8193 -8193 -8321 -8321 -8321 -819CPU side received count (scaleup: 1): -7507 -7396 -7530 -7593 -7610 -7335 -7335 -7382 # -8321 -8321 -8193 -8321 -8321 -8065 -832CPU side received count (scaleup: 3): -7400 -7549 -7426 -7398 -7355 -7397 -7474 -7321 # -8193 -8193 -8193 -8193 -8193 -8193 -8191 -8321 
3 -8193 
1 -8321 
3 -8321 
3 -8193 
Elastic buffer uses 4 channels per SM
Elastic buffer uses 4 channels per SM
Elastic buffer uses 4 channels per SM
Elastic buffer uses 4 channels per SM
Elastic buffer uses 4 channels per SM
Elastic buffer uses 4 channels per SM
Elastic buffer uses 4 channels per SM
Elastic buffer uses 4 channels per SM
CPU side received count (scaleup: 0): -7526 -7289 -7400 -7430 -7537 -7573 -7518 -7434 # -8065 -8193 -8321 -8449 -8193 -8321 -832CPU side received count (scaleup: 1): -7507 -7396 -7530 -7593 -7610 -7335 -7335 -7382 # -8321 -8321 -8193 -8321 -8321 -8065 -832CPU side received count (scaleup: 3): -7400 -7549 -7426 -7398 -7355 -7397 -7474 -7321 # -8193 -8193 -8193 -8193 -8193 -8193 -819CPU side received count (scaleup: 7): -7446 -7490 -7393 -7465 -7420 -7392 -7374 -7414 # -8321 -8193 -8321 -8193 -8321 -8193 -819CPU side received count (scaleup: 2): -7426 -7298 -7457 -7460 -7461 -7413 -7479 -7433 # -8065 -8193 -8193 -8321 -8321 -8321 -8191 -8321 
CPU side received count (scaleup: 4): -7415 -7468 -7405 -7458 -7389 -7432 -7474 -7344 # -8449 -8321 -8193 -8193 -8193 -8193 -806CPU side received count (scaleup: 5): -7399 -7487 -7399 -7279 -7411 -7420 -7505 -7329 # -8193 -8065 -8193 -8321 -8321 -8193 -819CPU side received count (scaleup: 6): -7457 -7402 -7321 -7552 -7493 -7487 -7371 -7472 # -8193 -8449 -8321 -8193 -8193 -8065 -8321 -8321 
5 -8321 
1 -8193 
3 -8193 
3 -8193 
3 -8193 
3 -8321 
Elastic buffer uses 4 channels per SM
Elastic buffer uses 4 channels per SM
Elastic buffer uses 4 channels per SM
Elastic buffer uses 4 channels per SM
Elastic buffer uses 4 channels per SM
Elastic buffer uses 4 channels per SM
Elastic buffer uses 4 channels per SM
Elastic buffer uses 4 channels per SM
USDT:2026-08-25 02:20:49 436:436 SyncActivityProfilerHandler.cpp:52] profiler_startUSDT:2026-08-25 02:20:49 437:437 SyncActivityProfilerHandler.cpp:52] profiler_startUSDT:2026-08-25 02:20:49 438:438 SyncActivityProfilerHandler.cpp:52] profiler_start
USDT:2026-08-25 02:20:49 439:439 SyncActivityProfilerHandler.cpp:52] profiler_start
USDT:2026-08-25 02:20:49 434:434 SyncActivityProfilerHandler.cpp:52] profiler_startUSDT:2026-08-25 02:20:49 441:441 SyncActivityProfilerHandler.cpp:52] profiler_start
USDT:2026-08-25 02:20:49 440:440 SyncActivityProfilerHandler.cpp:52] profiler_start

USDT:2026-08-25 02:20:49 435:435 SyncActivityProfilerHandler.cpp:52] profiler_start


CPU side received count (scaleup: 5): -7399 -7487 -7399 -7279 -7411 -7420 -7505 -7329 # -8193 -8065 -8193 -8321 -8321 -8193 -819CPU side received count (scaleup: 4): -7415 -7468 -7405 -7458 -7389 -7432 -7474 -7344 # -8449 -8321 -8193 -8193 -8193 -8193 -806CPU side received count (scaleup: 7): -7446 -7490 -7393 -7465 -7420 -7392 -7374 -7414 # -8321 -8193 -8321 -8193 -8321 -8193 -819CPU side received count (scaleup: 2): -7426 -7298 -7457 -7460 -7461 -7413 -7479 -7433 # -8065 -8193 -8193 -8321 -8321 -8321 -8195 -8321 
CPU side received count (scaleup: 1): -7507 -7396 -7530 -7593 -7610 -7335 -7335 -7382 # -8321 -8321 -8193 -8321 -8321 -8065 -8323 -8321 
CPU side received count (scaleup: 0): -7526 -7289 -7400 -7430 -7537 -7573 -7518 -7434 # -8065 -8193 -8321 -8449 -8193 -8321 -832CPU side received count (scaleup: 6): -7457 -7402 -7321 -7552 -7493 -7487 -7371 -7472 # -8193 -8449 -8321 -8193 -8193 -8065 -832CPU side received count (scaleup: 3): -7400 -7549 -7426 -7398 -7355 -7397 -7474 -7321 # -8193 -8193 -8193 -8193 -8193 -8193 -8193 -8193 
1 -8321 
3 -8193 
1 -8321 
1 -8193 
3 -8193 
Elastic buffer uses 4 channels per SM
Elastic buffer uses 4 channels per SM
Elastic buffer uses 4 channels per SM
Elastic buffer uses 4 channels per SM
Elastic buffer uses 4 channels per SM
Elastic buffer uses 4 channels per SM
Elastic buffer uses 4 channels per SM
Elastic buffer uses 4 channels per SM
CPU side received count (scaleup: 0): -7526 -7289 -7400 -7430 -7537 -7573 -7518 -7434 # -8065 -8193 -8321 -8449 -8193 -8321 -832CPU side received count (scaleup: 3): -7400 -7549 -7426 -7398 -7355 -7397 -7474 -7321 # -8193 -8193 -8193 -8193 -8193 -8193 -819CPU side received count (scaleup: 2): -7426 -7298 -7457 -7460 -7461 -7413 -7479 -7433 # -8065 -8193 -8193 -8321 -8321 -8321 -819CPU side received count (scaleup: 1): -7507 -7396 -7530 -7593 -7610 -7335 -7335 -7382 # -8321 -8321 -8193 -8321 -8321 -8065 -832CPU side received count (scaleup: 6): -7457 -7402 -7321 -7552 -7493 -7487 -7371 -7472 # -8193 -8449 -8321 -8193 -8193 -8065 -8321 -8321 
CPU side received count (scaleup: 4): -7415 -7468 -7405 -7458 -7389 -7432 -7474 -7344 # -8449 -8321 -8193 -8193 -8193 -8193 -8063 -8193 
1 -8193 
CPU side received count (scaleup: 5): -7399 -7487 -7399 -7279 -7411 -7420 -7505 -7329 # -8193 -8065 -8193 -8321 -8321 -8193 -819CPU side received count (scaleup: 7): -7446 -7490 -7393 -7465 -7420 -7392 -7374 -7414 # -8321 -8193 -8321 -8193 -8321 -8193 -8193 -8193 
1 -8321 
5 -8321 
3 -8321 
3 -8193 
Elastic buffer uses 4 channels per SM
Elastic buffer uses 4 channels per SM
Elastic buffer uses 4 channels per SM
Elastic buffer uses 4 channels per SM
Elastic buffer uses 4 channels per SM
Elastic buffer uses 4 channels per SM
Elastic buffer uses 4 channels per SM
Elastic buffer uses 4 channels per SM
CPU side received count (scaleup: 7): -7446 -7490 -7393 -7465 -7420 -7392 -7374 -7414 # -8321 -8193 -8321 -8193 -8321 -8193 -819CPU side received count (scaleup: 6): -7457 -7402 -7321 -7552 -7493 -7487 -7371 -7472 # -8193 -8449 -8321 -8193 -8193 -8065 -832CPU side received count (scaleup: 1): -7507 -7396 -7530 -7593 -7610 -7335 -7335 -7382 # -8321 -8321 -8193 -8321 -8321 -8065 -8323 -8193 
CPU side received count (scaleup: 5): -7399 -7487 -7399 -7279 -7411 -7420 -7505 -7329 # -8193 -8065 -8193 -8321 -8321 -8193 -8191 -8321 
CPU side received count (scaleup: 4): -7415 -7468 -7405 -7458 -7389 -7432 -7474 -7344 # -8449 -8321 -8193 -8193 -8193 -8193 -806CPU side received count (scaleup: 2): -7426 -7298 -7457 -7460 -7461 -7413 -7479 -7433 # -8065 -8193 -8193 -8321 -8321 -8321 -819CPU side received count (scaleup: 0): -7526 -7289 -7400 -7430 -7537 -7573 -7518 -7434 # -8065 -8193 -8321 -8449 -8193 -8321 -832CPU side received count (scaleup: 3): -7400 -7549 -7426 -7398 -7355 -7397 -7474 -7321 # -8193 -8193 -8193 -8193 -8193 -8193 -8191 -8321 
1 -8193 
3 -8321 
5 -8321 
3 -8193 
3 -8193 
Elastic buffer uses 4 channels per SM
Elastic buffer uses 4 channels per SM
Elastic buffer uses 4 channels per SM
Elastic buffer uses 4 channels per SM
Elastic buffer uses 4 channels per SM
Elastic buffer uses 4 channels per SM
Elastic buffer uses 4 channels per SM
Elastic buffer uses 4 channels per SM
CPU side received count (scaleup: 6): -7457 -7402 -7321 -7552 -7493 -7487 -7371 -7472 # -8193 -8449 -8321 -8193 -8193 -8065 -832CPU side received count (scaleup: 7): -7446 -7490 -7393 -7465 -7420 -7392 -7374 -7414 # -8321 -8193 -8321 -8193 -8321 -8193 -819CPU side received count (scaleup: 4): -7415 -7468 -7405 -7458 -7389 -7432 -7474 -7344 # -8449 -8321 -8193 -8193 -8193 -8193 -8061 -8193 
3 -8193 
5 -8321 
CPU side received count (scaleup: 1): -7507 -7396 -7530 -7593 -7610 -7335 -7335 -7382 # -8321 -8321 -8193 -8321 -8321 -8065 -832CPU side received count (scaleup: 3): -7400 -7549 -7426 -7398 -7355 -7397 -7474 -7321 # -8193 -8193 -8193 -8193 -8193 -8193 -819CPU side received count (scaleup: 2): -7426 -7298 -7457 -7460 -7461 -7413 -7479 -7433 # -8065 -8193 -8193 -8321 -8321 -8321 -8191 -8321 
3 -8193 
CPU side received count (scaleup: 5): -7399 -7487 -7399 -7279 -7411 -7420 -7505 -7329 # -8193 -8065 -8193 -8321 -8321 -8193 -8193 -8193 
CPU side received count (scaleup: 0): -7526 -7289 -7400 -7430 -7537 -7573 -7518 -7434 # -8065 -8193 -8321 -8449 -8193 -8321 -8323 -8321 
1 -8321 
Elastic buffer uses 4 channels per SM
Elastic buffer uses 4 channels per SM
Elastic buffer uses 4 channels per SM
Elastic buffer uses 4 channels per SM
Elastic buffer uses 4 channels per SM
Elastic buffer uses 4 channels per SM
Elastic buffer uses 4 channels per SM
Elastic buffer uses 4 channels per SM
CPU side received count (scaleup: 0): -7526 -7289 -7400 -7430 -7537 -7573 -7518 -7434 # -8065 -8193 -8321 -8449 -8193 -8321 -832CPU side received count (scaleup: 3): -7400 -7549 -7426 -7398 -7355 -7397 -7474 -7321 # -8193 -8193 -8193 -8193 -8193 -8193 -819CPU side received count (scaleup: 1): -7507 -7396 -7530 -7593 -7610 -7335 -7335 -7382 # -8321 -8321 -8193 -8321 -8321 -8065 -832CPU side received count (scaleup: 2): -7426 -7298 -7457 -7460 -7461 -7413 -7479 -7433 # -8065 -8193 -8193 -8321 -8321 -8321 -819CPU side received count (scaleup: 7): -7446 -7490 -7393 -7465 -7420 -7392 -7374 -7414 # -8321 -8193 -8321 -8193 -8321 -8193 -8191 -8321 
CPU side received count (scaleup: 5): -7399 -7487 -7399 -7279 -7411 -7420 -7505 -7329 # -8193 -8065 -8193 -8321 -8321 -8193 -8193 -8193 
1 -8321 
CPU side received count (scaleup: 6): -7457 -7402 -7321 -7552 -7493 -7487 -7371 -7472 # -8193 -8449 -8321 -8193 -8193 -8065 -832CPU side received count (scaleup: 4): -7415 -7468 -7405 -7458 -7389 -7432 -7474 -7344 # -8449 -8321 -8193 -8193 -8193 -8193 -8063 -8193 
3 -8193 
3 -8321 
1 -8193 
5 -8321 
Elastic buffer uses 4 channels per SM
Elastic buffer uses 4 channels per SM
Elastic buffer uses 4 channels per SM
Elastic buffer uses 4 channels per SM
Elastic buffer uses 4 channels per SM
Elastic buffer uses 4 channels per SM
Elastic buffer uses 4 channels per SM
Elastic buffer uses 4 channels per SM
CPU side received count (scaleup: 7): -7446 -7490 -7393 -7465 -7420 -7392 -7374 -7414 # -8321 -8193 -8321 -8193 -8321 -8193 -819CPU side received count (scaleup: 5): -7399 -7487 -7399 -7279 -7411 -7420 -7505 -7329 # -8193 -8065 -8193 -8321 -8321 -8193 -819CPU side received count (scaleup: 3): -7400 -7549 -7426 -7398 -7355 -7397 -7474 -7321 # -8193 -8193 -8193 -8193 -8193 -8193 -819CPU side received count (scaleup: 6): -7457 -7402 -7321 -7552 -7493 -7487 -7371 -7472 # -8193 -8449 -8321 -8193 -8193 -8065 -832CPU side received count (scaleup: 4): -7415 -7468 -7405 -7458 -7389 -7432 -7474 -7344 # -8449 -8321 -8193 -8193 -8193 -8193 -806CPU side received count (scaleup: 1): -7507 -7396 -7530 -7593 -7610 -7335 -7335 -7382 # -8321 -8321 -8193 -8321 -8321 -8065 -8321 -8193 
CPU side received count (scaleup: 0): -7526 -7289 -7400 -7430 -7537 -7573 -7518 -7434 # -8065 -8193 -8321 -8449 -8193 -8321 -8325 -8321 
1 -8321 
CPU side received count (scaleup: 2): -7426 -7298 -7457 -7460 -7461 -7413 -7479 -7433 # -8065 -8193 -8193 -8321 -8321 -8321 -8193 -8193 
3 -8321 
3 -8193 
1 -8321 
3 -8193 
Elastic buffer uses 4 channels per SM
Elastic buffer uses 4 channels per SM
Elastic buffer uses 4 channels per SM
Elastic buffer uses 4 channels per SM
Elastic buffer uses 4 channels per SM
Elastic buffer uses 4 channels per SM
Elastic buffer uses 4 channels per SM
Elastic buffer uses 4 channels per SM
CPU side received count (scaleup: 5): -7399 -7487 -7399 -7279 -7411 -7420 -7505 -7329 # -8193 -8065 -8193 -8321 -8321 -8193 -819CPU side received count (scaleup: 0): -7526 -7289 -7400 -7430 -7537 -7573 -7518 -7434 # -8065 -8193 -8321 -8449 -8193 -8321 -832CPU side received count (scaleup: 4): -7415 -7468 -7405 -7458 -7389 -7432 -7474 -7344 # -8449 -8321 -8193 -8193 -8193 -8193 -806CPU side received count (scaleup: 2): -7426 -7298 -7457 -7460 -7461 -7413 -7479 -7433 # -8065 -8193 -8193 -8321 -8321 -8321 -819CPU side received count (scaleup: 7): -7446 -7490 -7393 -7465 -7420 -7392 -7374 -7414 # -8321 -8193 -8321 -8193 -8321 -8193 -819CPU side received count (scaleup: 1): -7507 -7396 -7530 -7593 -7610 -7335 -7335 -7382 # -8321 -8321 -8193 -8321 -8321 -8065 -832CPU side received count (scaleup: 6): -7457 -7402 -7321 -7552 -7493 -7487 -7371 -7472 # -8193 -8449 -8321 -8193 -8193 -8065 -832CPU side received count (scaleup: 3): -7400 -7549 -7426 -7398 -7355 -7397 -7474 -7321 # -8193 -8193 -8193 -8193 -8193 -8193 -8193 -8321 
1 -8321 
3 -8193 
5 -8321 
3 -8193 
3 -8193 
1 -8321 
1 -8193 
Elastic buffer uses 4 channels per SM
Elastic buffer uses 4 channels per SM
Elastic buffer uses 4 channels per SM
Elastic buffer uses 4 channels per SM
Elastic buffer uses 4 channels per SM
Elastic buffer uses 4 channels per SM
Elastic buffer uses 4 channels per SM
Elastic buffer uses 4 channels per SM
CPU side received count (scaleup: 0): -7526 -7289 -7400 -7430 -7537 -7573 -7518 -7434 # -8065 -8193 -8321 -8449 -8193 -8321 -832CPU side received count (scaleup: 3): -7400 -7549 -7426 -7398 -7355 -7397 -7474 -7321 # -8193 -8193 -8193 -8193 -8193 -8193 -819CPU side received count (scaleup: 2): -7426 -7298 -7457 -7460 -7461 -7413 -7479 -7433 # -8065 -8193 -8193 -8321 -8321 -8321 -819CPU side received count (scaleup: 1): -7507 -7396 -7530 -7593 -7610 -7335 -7335 -7382 # -8321 -8321 -8193 -8321 -8321 -8065 -832CPU side received count (scaleup: 7): -7446 -7490 -7393 -7465 -7420 -7392 -7374 -7414 # -8321 -8193 -8321 -8193 -8321 -8193 -819CPU side received count (scaleup: 4): -7415 -7468 -7405 -7458 -7389 -7432 -7474 -7344 # -8449 -8321 -8193 -8193 -8193 -8193 -8063 -8193 
1 -8321 
3 -8193 
1 -8321 
CPU side received count (scaleup: 6): -7457 -7402 -7321 -7552 -7493 -7487 -7371 -7472 # -8193 -8449 -8321 -8193 -8193 -8065 -8323 -8193 
CPU side received count (scaleup: 5): -7399 -7487 -7399 -7279 -7411 -7420 -7505 -7329 # -8193 -8065 -8193 -8321 -8321 -8193 -8195 -8321 
1 -8193 
3 -8321 
Elastic buffer uses 4 channels per SM
Elastic buffer uses 4 channels per SM
Elastic buffer uses 4 channels per SM
Elastic buffer uses 4 channels per SM
Elastic buffer uses 4 channels per SM
Elastic buffer uses 4 channels per SM
Elastic buffer uses 4 channels per SM
Elastic buffer uses 4 channels per SM
CPU side received count (scaleup: 7): -7446 -7490 -7393 -7465 -7420 -7392 -7374 -7414 # -8321 -8193 -8321 -8193 -8321 -8193 -819CPU side received count (scaleup: 4): -7415 -7468 -7405 -7458 -7389 -7432 -7474 -7344 # -8449 -8321 -8193 -8193 -8193 -8193 -806CPU side received count (scaleup: 5): -7399 -7487 -7399 -7279 -7411 -7420 -7505 -7329 # -8193 -8065 -8193 -8321 -8321 -8193 -819CPU side received count (scaleup: 0): -7526 -7289 -7400 -7430 -7537 -7573 -7518 -7434 # -8065 -8193 -8321 -8449 -8193 -8321 -8323 -8193 
CPU side received count (scaleup: 6): -7457 -7402 -7321 -7552 -7493 -7487 -7371 -7472 # -8193 -8449 -8321 -8193 -8193 -8065 -832CPU side received count (scaleup: 1): -7507 -7396 -7530 -7593 -7610 -7335 -7335 -7382 # -8321 -8321 -8193 -8321 -8321 -8065 -8321 -8193 
CPU side received count (scaleup: 2): -7426 -7298 -7457 -7460 -7461 -7413 -7479 -7433 # -8065 -8193 -8193 -8321 -8321 -8321 -8191 -8321 
CPU side received count (scaleup: 3): -7400 -7549 -7426 -7398 -7355 -7397 -7474 -7321 # -8193 -8193 -8193 -8193 -8193 -8193 -8195 -8321 
3 -8321 
1 -8321 
3 -8193 
3 -8193 
Elastic buffer uses 4 channels per SM
Elastic buffer uses 4 channels per SM
Elastic buffer uses 4 channels per SM
Elastic buffer uses 4 channels per SM
Elastic buffer uses 4 channels per SM
Elastic buffer uses 4 channels per SM
Elastic buffer uses 4 channels per SM
Elastic buffer uses 4 channels per SM
CPU side received count (scaleup: 1): -7507 -7396 -7530 -7593 -7610 -7335 -7335 -7382 # -8321 -8321 -8193 -8321 -8321 -8065 -832CPU side received count (scaleup: 0): -7526 -7289 -7400 -7430 -7537 -7573 -7518 -7434 # -8065 -8193 -8321 -8449 -8193 -8321 -832CPU side received count (scaleup: 2): -7426 -7298 -7457 -7460 -7461 -7413 -7479 -7433 # -8065 -8193 -8193 -8321 -8321 -8321 -819CPU side received count (scaleup: 7): -7446 -7490 -7393 -7465 -7420 -7392 -7374 -7414 # -8321 -8193 -8321 -8193 -8321 -8193 -819CPU side received count (scaleup: 6): -7457 -7402 -7321 -7552 -7493 -7487 -7371 -7472 # -8193 -8449 -8321 -8193 -8193 -8065 -832CPU side received count (scaleup: 5): -7399 -7487 -7399 -7279 -7411 -7420 -7505 -7329 # -8193 -8065 -8193 -8321 -8321 -8193 -819CPU side received count (scaleup: 3): -7400 -7549 -7426 -7398 -7355 -7397 -7474 -7321 # -8193 -8193 -8193 -8193 -8193 -8193 -819CPU side received count (scaleup: 4): -7415 -7468 -7405 -7458 -7389 -7432 -7474 -7344 # -8449 -8321 -8193 -8193 -8193 -8193 -8061 -8321 
1 -8321 
3 -8321 
3 -8193 
1 -8193 
3 -8193 
3 -8193 
5 -8321 
Elastic buffer uses 4 channels per SM
Elastic buffer uses 4 channels per SM
Elastic buffer uses 4 channels per SM
Elastic buffer uses 4 channels per SM
Elastic buffer uses 4 channels per SM
Elastic buffer uses 4 channels per SM
Elastic buffer uses 4 channels per SM
Elastic buffer uses 4 channels per SM
CPU side received count (scaleup: 7): -7446 -7490 -7393 -7465 -7420 -7392 -7374 -7414 # -8321 -8193 -8321 -8193 -8321 -8193 -819CPU side received count (scaleup: 0): -7526 -7289 -7400 -7430 -7537 -7573 -7518 -7434 # -8065 -8193 -8321 -8449 -8193 -8321 -832CPU side received count (scaleup: 1): -7507 -7396 -7530 -7593 -7610 -7335 -7335 -7382 # -8321 -8321 -8193 -8321 -8321 -8065 -832CPU side received count (scaleup: 2): -7426 -7298 -7457 -7460 -7461 -7413 -7479 -7433 # -8065 -8193 -8193 -8321 -8321 -8321 -819CPU side received count (scaleup: 3): -7400 -7549 -7426 -7398 -7355 -7397 -7474 -7321 # -8193 -8193 -8193 -8193 -8193 -8193 -8193 -8193 
3 -8193 
CPU side received count (scaleup: 5): -7399 -7487 -7399 -7279 -7411 -7420 -7505 -7329 # -8193 -8065 -8193 -8321 -8321 -8193 -819CPU side received count (scaleup: 6): -7457 -7402 -7321 -7552 -7493 -7487 -7371 -7472 # -8193 -8449 -8321 -8193 -8193 -8065 -8323 -8321 
CPU side received count (scaleup: 4): -7415 -7468 -7405 -7458 -7389 -7432 -7474 -7344 # -8449 -8321 -8193 -8193 -8193 -8193 -8063 -8193 
1 -8321 
1 -8321 
1 -8193 
5 -8321 
Elastic buffer uses 4 channels per SM
Elastic buffer uses 4 channels per SM
Elastic buffer uses 4 channels per SM
Elastic buffer uses 4 channels per SM
Elastic buffer uses 4 channels per SM
Elastic buffer uses 4 channels per SM
Elastic buffer uses 4 channels per SM
Elastic buffer uses 4 channels per SM
CPU side received count (scaleup: 7): -7446 -7490 -7393 -7465 -7420 -7392 -7374 -7414 # -8321 -8193 -8321 -8193 -8321 -8193 -819CPU side received count (scaleup: 5): -7399 -7487 -7399 -7279 -7411 -7420 -7505 -7329 # -8193 -8065 -8193 -8321 -8321 -8193 -819CPU side received count (scaleup: 6): -7457 -7402 -7321 -7552 -7493 -7487 -7371 -7472 # -8193 -8449 -8321 -8193 -8193 -8065 -832CPU side received count (scaleup: 4): -7415 -7468 -7405 -7458 -7389 -7432 -7474 -7344 # -8449 -8321 -8193 -8193 -8193 -8193 -8063 -8193 
CPU side received count (scaleup: 2): -7426 -7298 -7457 -7460 -7461 -7413 -7479 -7433 # -8065 -8193 -8193 -8321 -8321 -8321 -819CPU side received count (scaleup: 1): -7507 -7396 -7530 -7593 -7610 -7335 -7335 -7382 # -8321 -8321 -8193 -8321 -8321 -8065 -8321 -8193 
3 -8321 
CPU side received count (scaleup: 0): -7526 -7289 -7400 -7430 -7537 -7573 -7518 -7434 # -8065 -8193 -8321 -8449 -8193 -8321 -832CPU side received count (scaleup: 3): -7400 -7549 -7426 -7398 -7355 -7397 -7474 -7321 # -8193 -8193 -8193 -8193 -8193 -8193 -8191 -8321 
5 -8321 
3 -8193 
1 -8321 
3 -8193 
Elastic buffer uses 4 channels per SM
Elastic buffer uses 4 channels per SM
Elastic buffer uses 4 channels per SM
Elastic buffer uses 4 channels per SM
Elastic buffer uses 4 channels per SM
Elastic buffer uses 4 channels per SM
Elastic buffer uses 4 channels per SM
Elastic buffer uses 4 channels per SM
CPU side received count (scaleup: 7): -7446 -7490 -7393 -7465 -7420 -7392 -7374 -7414 # -8321 -8193 -8321 -8193 -8321 -8193 -819CPU side received count (scaleup: 5): -7399 -7487 -7399 -7279 -7411 -7420 -7505 -7329 # -8193 -8065 -8193 -8321 -8321 -8193 -819CPU side received count (scaleup: 6): -7457 -7402 -7321 -7552 -7493 -7487 -7371 -7472 # -8193 -8449 -8321 -8193 -8193 -8065 -8323 -8193 
CPU side received count (scaleup: 0): -7526 -7289 -7400 -7430 -7537 -7573 -7518 -7434 # -8065 -8193 -8321 -8449 -8193 -8321 -832CPU side received count (scaleup: 1): -7507 -7396 -7530 -7593 -7610 -7335 -7335 -7382 # -8321 -8321 -8193 -8321 -8321 -8065 -832CPU side received count (scaleup: 4): -7415 -7468 -7405 -7458 -7389 -7432 -7474 -7344 # -8449 -8321 -8193 -8193 -8193 -8193 -806CPU side received count (scaleup: 3): -7400 -7549 -7426 -7398 -7355 -7397 -7474 -7321 # -8193 -8193 -8193 -8193 -8193 -8193 -819CPU side received count (scaleup: 2): -7426 -7298 -7457 -7460 -7461 -7413 -7479 -7433 # -8065 -8193 -8193 -8321 -8321 -8321 -8193 -8321 
1 -8193 
1 -8321 
1 -8321 
5 -8321 
3 -8193 
3 -8193 
Elastic buffer uses 4 channels per SM
Elastic buffer uses 4 channels per SM
Elastic buffer uses 4 channels per SM
Elastic buffer uses 4 channels per SM
Elastic buffer uses 4 channels per SM
Elastic buffer uses 4 channels per SM
Elastic buffer uses 4 channels per SM
Elastic buffer uses 4 channels per SM
CPU side received count (scaleup: 3): -7400 -7549 -7426 -7398 -7355 -7397 -7474 -7321 # -8193 -8193 -8193 -8193 -8193 -8193 -819CPU side received count (scaleup: 2): -7426 -7298 -7457 -7460 -7461 -7413 -7479 -7433 # -8065 -8193 -8193 -8321 -8321 -8321 -819CPU side received count (scaleup: 5): -7399 -7487 -7399 -7279 -7411 -7420 -7505 -7329 # -8193 -8065 -8193 -8321 -8321 -8193 -819CPU side received count (scaleup: 0): -7526 -7289 -7400 -7430 -7537 -7573 -7518 -7434 # -8065 -8193 -8321 -8449 -8193 -8321 -832CPU side received count (scaleup: 1): -7507 -7396 -7530 -7593 -7610 -7335 -7335 -7382 # -8321 -8321 -8193 -8321 -8321 -8065 -832CPU side received count (scaleup: 6): -7457 -7402 -7321 -7552 -7493 -7487 -7371 -7472 # -8193 -8449 -8321 -8193 -8193 -8065 -8323 -8321 
1 -8321 
CPU side received count (scaleup: 7): -7446 -7490 -7393 -7465 -7420 -7392 -7374 -7414 # -8321 -8193 -8321 -8193 -8321 -8193 -819CPU side received count (scaleup: 4): -7415 -7468 -7405 -7458 -7389 -7432 -7474 -7344 # -8449 -8321 -8193 -8193 -8193 -8193 -8063 -8193 
3 -8193 
5 -8321 
3 -8193 
1 -8321 
1 -8193 
Elastic buffer uses 4 channels per SM
Elastic buffer uses 4 channels per SM
Elastic buffer uses 4 channels per SM
Elastic buffer uses 4 channels per SM
Elastic buffer uses 4 channels per SM
Elastic buffer uses 4 channels per SM
Elastic buffer uses 4 channels per SM
Elastic buffer uses 4 channels per SM
CPU side received count (scaleup: 7): -7446 -7490 -7393 -7465 -7420 -7392 -7374 -7414 # -8321 -8193 -8321 -8193 -8321 -8193 -819CPU side received count (scaleup: 5): -7399 -7487 -7399 -7279 -7411 -7420 -7505 -7329 # -8193 -8065 -8193 -8321 -8321 -8193 -819CPU side received count (scaleup: 6): -7457 -7402 -7321 -7552 -7493 -7487 -7371 -7472 # -8193 -8449 -8321 -8193 -8193 -8065 -832CPU side received count (scaleup: 4): -7415 -7468 -7405 -7458 -7389 -7432 -7474 -7344 # -8449 -8321 -8193 -8193 -8193 -8193 -806CPU side received count (scaleup: 2): -7426 -7298 -7457 -7460 -7461 -7413 -7479 -7433 # -8065 -8193 -8193 -8321 -8321 -8321 -819CPU side received count (scaleup: 0): -7526 -7289 -7400 -7430 -7537 -7573 -7518 -7434 # -8065 -8193 -8321 -8449 -8193 -8321 -832CPU side received count (scaleup: 1): -7507 -7396 -7530 -7593 -7610 -7335 -7335 -7382 # -8321 -8321 -8193 -8321 -8321 -8065 -832CPU side received count (scaleup: 3): -7400 -7549 -7426 -7398 -7355 -7397 -7474 -7321 # -8193 -8193 -8193 -8193 -8193 -8193 -8195 -8321 
3 -8193 
3 -8321 
1 -8193 
3 -8193 
1 -8321 
1 -8321 
3 -8193 
Elastic buffer uses 4 channels per SM
Elastic buffer uses 4 channels per SM
Elastic buffer uses 4 channels per SM
Elastic buffer uses 4 channels per SM
Elastic buffer uses 4 channels per SM
Elastic buffer uses 4 channels per SM
Elastic buffer uses 4 channels per SM
Elastic buffer uses 4 channels per SM
CPU side received count (scaleup: 7): -7446 -7490 -7393 -7465 -7420 -7392 -7374 -7414 # -8321 -8193 -8321 -8193 -8321 -8193 -819CPU side received count (scaleup: 6): -7457 -7402 -7321 -7552 -7493 -7487 -7371 -7472 # -8193 -8449 -8321 -8193 -8193 -8065 -832CPU side received count (scaleup: 4): -7415 -7468 -7405 -7458 -7389 -7432 -7474 -7344 # -8449 -8321 -8193 -8193 -8193 -8193 -806CPU side received count (scaleup: 5): -7399 -7487 -7399 -7279 -7411 -7420 -7505 -7329 # -8193 -8065 -8193 -8321 -8321 -8193 -819CPU side received count (scaleup: 1): -7507 -7396 -7530 -7593 -7610 -7335 -7335 -7382 # -8321 -8321 -8193 -8321 -8321 -8065 -832CPU side received count (scaleup: 3): -7400 -7549 -7426 -7398 -7355 -7397 -7474 -7321 # -8193 -8193 -8193 -8193 -8193 -8193 -819CPU side received count (scaleup: 0): -7526 -7289 -7400 -7430 -7537 -7573 -7518 -7434 # -8065 -8193 -8321 -8449 -8193 -8321 -832CPU side received count (scaleup: 2): -7426 -7298 -7457 -7460 -7461 -7413 -7479 -7433 # -8065 -8193 -8193 -8321 -8321 -8321 -8193 -8193 
1 -8193 
5 -8321 
3 -8193 
1 -8321 
3 -8193 
3 -8321 
1 -8321 
Elastic buffer uses 4 channels per SM
Elastic buffer uses 4 channels per SM
Elastic buffer uses 4 channels per SM
Elastic buffer uses 4 channels per SM
Elastic buffer uses 4 channels per SM
Elastic buffer uses 4 channels per SM
Elastic buffer uses 4 channels per SM
Elastic buffer uses 4 channels per SM
CPU side received count (scaleup: 6): -7457 -7402 -7321 -7552 -7493 -7487 -7371 -7472 # -8193 -8449 -8321 -8193 -8193 -8065 -832CPU side received count (scaleup: 5): -7399 -7487 -7399 -7279 -7411 -7420 -7505 -7329 # -8193 -8065 -8193 -8321 -8321 -8193 -819CPU side received count (scaleup: 7): -7446 -7490 -7393 -7465 -7420 -7392 -7374 -7414 # -8321 -8193 -8321 -8193 -8321 -8193 -8191 -8193 
CPU side received count (scaleup: 3): -7400 -7549 -7426 -7398 -7355 -7397 -7474 -7321 # -8193 -8193 -8193 -8193 -8193 -8193 -819CPU side received count (scaleup: 2): -7426 -7298 -7457 -7460 -7461 -7413 -7479 -7433 # -8065 -8193 -8193 -8321 -8321 -8321 -819CPU side received count (scaleup: 1): -7507 -7396 -7530 -7593 -7610 -7335 -7335 -7382 # -8321 -8321 -8193 -8321 -8321 -8065 -8323 -8193 
1 -8321 
CPU side received count (scaleup: 0): -7526 -7289 -7400 -7430 -7537 -7573 -7518 -7434 # -8065 -8193 -8321 -8449 -8193 -8321 -8323 -8193 
3 -8321 
CPU side received count (scaleup: 4): -7415 -7468 -7405 -7458 -7389 -7432 -7474 -7344 # -8449 -8321 -8193 -8193 -8193 -8193 -8063 -8193 
1 -8321 
5 -8321 
Elastic buffer uses 4 channels per SM
Elastic buffer uses 4 channels per SM
Elastic buffer uses 4 channels per SM
Elastic buffer uses 4 channels per SM
Elastic buffer uses 4 channels per SM
Elastic buffer uses 4 channels per SM
Elastic buffer uses 4 channels per SM
Elastic buffer uses 4 channels per SM
CPU side received count (scaleup: 6): -7457 -7402 -7321 -7552 -7493 -7487 -7371 -7472 # -8193 -8449 -8321 -8193 -8193 -8065 -832CPU side received count (scaleup: 3): -7400 -7549 -7426 -7398 -7355 -7397 -7474 -7321 # -8193 -8193 -8193 -8193 -8193 -8193 -819CPU side received count (scaleup: 2): -7426 -7298 -7457 -7460 -7461 -7413 -7479 -7433 # -8065 -8193 -8193 -8321 -8321 -8321 -819CPU side received count (scaleup: 7): -7446 -7490 -7393 -7465 -7420 -7392 -7374 -7414 # -8321 -8193 -8321 -8193 -8321 -8193 -819CPU side received count (scaleup: 5): -7399 -7487 -7399 -7279 -7411 -7420 -7505 -7329 # -8193 -8065 -8193 -8321 -8321 -8193 -819CPU side received count (scaleup: 4): -7415 -7468 -7405 -7458 -7389 -7432 -7474 -7344 # -8449 -8321 -8193 -8193 -8193 -8193 -806CPU side received count (scaleup: 1): -7507 -7396 -7530 -7593 -7610 -7335 -7335 -7382 # -8321 -8321 -8193 -8321 -8321 -8065 -832CPU side received count (scaleup: 0): -7526 -7289 -7400 -7430 -7537 -7573 -7518 -7434 # -8065 -8193 -8321 -8449 -8193 -8321 -8323 -8193 
1 -8193 
3 -8193 
3 -8193 
3 -8321 
5 -8321 
1 -8321 
1 -8321 
Elastic buffer uses 4 channels per SM
Elastic buffer uses 4 channels per SM
Elastic buffer uses 4 channels per SM
Elastic buffer uses 4 channels per SM
Elastic buffer uses 4 channels per SM
Elastic buffer uses 4 channels per SM
Elastic buffer uses 4 channels per SM
Elastic buffer uses 4 channels per SM
CPU side received count (scaleup: 0): -7526 -7289 -7400 -7430 -7537 -7573 -7518 -7434 # -8065 -8193 -8321 -8449 -8193 -8321 -832CPU side received count (scaleup: 1): -7507 -7396 -7530 -7593 -7610 -7335 -7335 -7382 # -8321 -8321 -8193 -8321 -8321 -8065 -832CPU side received count (scaleup: 7): -7446 -7490 -7393 -7465 -7420 -7392 -7374 -7414 # -8321 -8193 -8321 -8193 -8321 -8193 -819CPU side received count (scaleup: 3): -7400 -7549 -7426 -7398 -7355 -7397 -7474 -7321 # -8193 -8193 -8193 -8193 -8193 -8193 -8191 -8321 
CPU side received count (scaleup: 2): -7426 -7298 -7457 -7460 -7461 -7413 -7479 -7433 # -8065 -8193 -8193 -8321 -8321 -8321 -819CPU side received count (scaleup: 6): -7457 -7402 -7321 -7552 -7493 -7487 -7371 -7472 # -8193 -8449 -8321 -8193 -8193 -8065 -832CPU side received count (scaleup: 5): -7399 -7487 -7399 -7279 -7411 -7420 -7505 -7329 # -8193 -8065 -8193 -8321 -8321 -8193 -819CPU side received count (scaleup: 4): -7415 -7468 -7405 -7458 -7389 -7432 -7474 -7344 # -8449 -8321 -8193 -8193 -8193 -8193 -8061 -8321 
3 -8193 
3 -8193 
3 -8193 
1 -8193 
3 -8321 
5 -8321 
Elastic buffer uses 4 channels per SM
Elastic buffer uses 4 channels per SM
Elastic buffer uses 4 channels per SM
Elastic buffer uses 4 channels per SM
Elastic buffer uses 4 channels per SM
Elastic buffer uses 4 channels per SM
Elastic buffer uses 4 channels per SM
Elastic buffer uses 4 channels per SM
CPU side received count (scaleup: 0): -7526 -7289 -7400 -7430 -7537 -7573 -7518 -7434 # -8065 -8193 -8321 -8449 -8193 -8321 -832CPU side received count (scaleup: 3): -7400 -7549 -7426 -7398 -7355 -7397 -7474 -7321 # -8193 -8193 -8193 -8193 -8193 -8193 -819CPU side received count (scaleup: 6): -7457 -7402 -7321 -7552 -7493 -7487 -7371 -7472 # -8193 -8449 -8321 -8193 -8193 -8065 -832CPU side received count (scaleup: 7): -7446 -7490 -7393 -7465 -7420 -7392 -7374 -7414 # -8321 -8193 -8321 -8193 -8321 -8193 -819CPU side received count (scaleup: 4): -7415 -7468 -7405 -7458 -7389 -7432 -7474 -7344 # -8449 -8321 -8193 -8193 -8193 -8193 -806CPU side received count (scaleup: 5): -7399 -7487 -7399 -7279 -7411 -7420 -7505 -7329 # -8193 -8065 -8193 -8321 -8321 -8193 -819CPU side received count (scaleup: 1): -7507 -7396 -7530 -7593 -7610 -7335 -7335 -7382 # -8321 -8321 -8193 -8321 -8321 -8065 -832CPU side received count (scaleup: 2): -7426 -7298 -7457 -7460 -7461 -7413 -7479 -7433 # -8065 -8193 -8193 -8321 -8321 -8321 -8191 -8321 
5 -8321 
3 -8193 
1 -8193 
3 -8193 
3 -8321 
1 -8321 
3 -8193 
Elastic buffer uses 4 channels per SM
Elastic buffer uses 4 channels per SM
Elastic buffer uses 4 channels per SM
Elastic buffer uses 4 channels per SM
Elastic buffer uses 4 channels per SM
Elastic buffer uses 4 channels per SM
Elastic buffer uses 4 channels per SM
Elastic buffer uses 4 channels per SM
CPU side received count (scaleup: 0): -7526 -7289 -7400 -7430 -7537 -7573 -7518 -7434 # -8065 -8193 -8321 -8449 -8193 -8321 -832CPU side received count (scaleup: 1): -7507 -7396 -7530 -7593 -7610 -7335 -7335 -7382 # -8321 -8321 -8193 -8321 -8321 -8065 -832CPU side received count (scaleup: 3): -7400 -7549 -7426 -7398 -7355 -7397 -7474 -7321 # -8193 -8193 -8193 -8193 -8193 -8193 -819CPU side received count (scaleup: 2): -7426 -7298 -7457 -7460 -7461 -7413 -7479 -7433 # -8065 -8193 -8193 -8321 -8321 -8321 -8191 -8321 
1 -8321 
CPU side received count (scaleup: 5): -7399 -7487 -7399 -7279 -7411 -7420 -7505 -7329 # -8193 -8065 -8193 -8321 -8321 -8193 -819CPU side received count (scaleup: 7): -7446 -7490 -7393 -7465 -7420 -7392 -7374 -7414 # -8321 -8193 -8321 -8193 -8321 -8193 -8193 -8193 
CPU side received count (scaleup: 6): -7457 -7402 -7321 -7552 -7493 -7487 -7371 -7472 # -8193 -8449 -8321 -8193 -8193 -8065 -832CPU side received count (scaleup: 4): -7415 -7468 -7405 -7458 -7389 -7432 -7474 -7344 # -8449 -8321 -8193 -8193 -8193 -8193 -8063 -8193 
3 -8321 
3 -8193 
1 -8193 
5 -8321 
Elastic buffer uses 4 channels per SM
Elastic buffer uses 4 channels per SM
Elastic buffer uses 4 channels per SM
Elastic buffer uses 4 channels per SM
Elastic buffer uses 4 channels per SM
Elastic buffer uses 4 channels per SM
Elastic buffer uses 4 channels per SM
Elastic buffer uses 4 channels per SM
CPU side received count (scaleup: 7): -7446 -7490 -7393 -7465 -7420 -7392 -7374 -7414 # -8321 -8193 -8321 -8193 -8321 -8193 -819CPU side received count (scaleup: 6): -7457 -7402 -7321 -7552 -7493 -7487 -7371 -7472 # -8193 -8449 -8321 -8193 -8193 -8065 -832CPU side received count (scaleup: 4): -7415 -7468 -7405 -7458 -7389 -7432 -7474 -7344 # -8449 -8321 -8193 -8193 -8193 -8193 -8063 -8193 
CPU side received count (scaleup: 0): -7526 -7289 -7400 -7430 -7537 -7573 -7518 -7434 # -8065 -8193 -8321 -8449 -8193 -8321 -8325 -8321 
1 -8193 
1 -8321 
CPU side received count (scaleup: 3): -7400 -7549 -7426 -7398 -7355 -7397 -7474 -7321 # -8193 -8193 -8193 -8193 -8193 -8193 -819CPU side received count (scaleup: 1): -7507 -7396 -7530 -7593 -7610 -7335 -7335 -7382 # -8321 -8321 -8193 -8321 -8321 -8065 -832CPU side received count (scaleup: 2): -7426 -7298 -7457 -7460 -7461 -7413 -7479 -7433 # -8065 -8193 -8193 -8321 -8321 -8321 -8193 -8193 
CPU side received count (scaleup: 5): -7399 -7487 -7399 -7279 -7411 -7420 -7505 -7329 # -8193 -8065 -8193 -8321 -8321 -8193 -8191 -8321 
3 -8193 
3 -8321 
Elastic buffer uses 4 channels per SM
Elastic buffer uses 4 channels per SM
Elastic buffer uses 4 channels per SM
Elastic buffer uses 4 channels per SM
Elastic buffer uses 4 channels per SM
Elastic buffer uses 4 channels per SM
Elastic buffer uses 4 channels per SM
Elastic buffer uses 4 channels per SM
CPU side received count (scaleup: 3): -7400 -7549 -7426 -7398 -7355 -7397 -7474 -7321 # -8193 -8193 -8193 -8193 -8193 -8193 -819CPU side received count (scaleup: 7): -7446 -7490 -7393 -7465 -7420 -7392 -7374 -7414 # -8321 -8193 -8321 -8193 -8321 -8193 -819CPU side received count (scaleup: 2): -7426 -7298 -7457 -7460 -7461 -7413 -7479 -7433 # -8065 -8193 -8193 -8321 -8321 -8321 -819CPU side received count (scaleup: 1): -7507 -7396 -7530 -7593 -7610 -7335 -7335 -7382 # -8321 -8321 -8193 -8321 -8321 -8065 -832CPU side received count (scaleup: 6): -7457 -7402 -7321 -7552 -7493 -7487 -7371 -7472 # -8193 -8449 -8321 -8193 -8193 -8065 -8323 -8193 
3 -8193 
CPU side received count (scaleup: 5): -7399 -7487 -7399 -7279 -7411 -7420 -7505 -7329 # -8193 -8065 -8193 -8321 -8321 -8193 -8191 -8321 
CPU side received count (scaleup: 4): -7415 -7468 -7405 -7458 -7389 -7432 -7474 -7344 # -8449 -8321 -8193 -8193 -8193 -8193 -806CPU side received count (scaleup: 0): -7526 -7289 -7400 -7430 -7537 -7573 -7518 -7434 # -8065 -8193 -8321 -8449 -8193 -8321 -8323 -8193 
1 -8193 
3 -8321 
5 -8321 
1 -8321 
Elastic buffer uses 4 channels per SM
Elastic buffer uses 4 channels per SM
Elastic buffer uses 4 channels per SM
Elastic buffer uses 4 channels per SM
Elastic buffer uses 4 channels per SM
Elastic buffer uses 4 channels per SM
Elastic buffer uses 4 channels per SM
Elastic buffer uses 4 channels per SM
CPU side received count (scaleup: 0): -7526 -7289 -7400 -7430 -7537 -7573 -7518 -7434 # -8065 -8193 -8321 -8449 -8193 -8321 -832CPU side received count (scaleup: 1): -7507 -7396 -7530 -7593 -7610 -7335 -7335 -7382 # -8321 -8321 -8193 -8321 -8321 -8065 -8321 -8321 
CPU side received count (scaleup: 3): -7400 -7549 -7426 -7398 -7355 -7397 -7474 -7321 # -8193 -8193 -8193 -8193 -8193 -8193 -819CPU side received count (scaleup: 2): -7426 -7298 -7457 -7460 -7461 -7413 -7479 -7433 # -8065 -8193 -8193 -8321 -8321 -8321 -8191 -8321 
CPU side received count (scaleup: 6): -7457 -7402 -7321 -7552 -7493 -7487 -7371 -7472 # -8193 -8449 -8321 -8193 -8193 -8065 -832CPU side received count (scaleup: 7): -7446 -7490 -7393 -7465 -7420 -7392 -7374 -7414 # -8321 -8193 -8321 -8193 -8321 -8193 -8193 -8193 
3 -8193 
CPU side received count (scaleup: 5): -7399 -7487 -7399 -7279 -7411 -7420 -7505 -7329 # -8193 -8065 -8193 -8321 -8321 -8193 -819CPU side received count (scaleup: 4): -7415 -7468 -7405 -7458 -7389 -7432 -7474 -7344 # -8449 -8321 -8193 -8193 -8193 -8193 -8063 -8193 
1 -8193 
3 -8321 
5 -8321 
Elastic buffer uses 4 channels per SM
Elastic buffer uses 4 channels per SM
Elastic buffer uses 4 channels per SM
Elastic buffer uses 4 channels per SM
Elastic buffer uses 4 channels per SM
Elastic buffer uses 4 channels per SM
Elastic buffer uses 4 channels per SM
Elastic buffer uses 4 channels per SM
CPU side received count (scaleup: 7): -7446 -7490 -7393 -7465 -7420 -7392 -7374 -7414 # -8321 -8193 -8321 -8193 -8321 -8193 -819CPU side received count (scaleup: 4): -7415 -7468 -7405 -7458 -7389 -7432 -7474 -7344 # -8449 -8321 -8193 -8193 -8193 -8193 -806CPU side received count (scaleup: 0): -7526 -7289 -7400 -7430 -7537 -7573 -7518 -7434 # -8065 -8193 -8321 -8449 -8193 -8321 -8323 -8193 
CPU side received count (scaleup: 5): -7399 -7487 -7399 -7279 -7411 -7420 -7505 -7329 # -8193 -8065 -8193 -8321 -8321 -8193 -819CPU side received count (scaleup: 6): -7457 -7402 -7321 -7552 -7493 -7487 -7371 -7472 # -8193 -8449 -8321 -8193 -8193 -8065 -832CPU side received count (scaleup: 3): -7400 -7549 -7426 -7398 -7355 -7397 -7474 -7321 # -8193 -8193 -8193 -8193 -8193 -8193 -819CPU side received count (scaleup: 2): -7426 -7298 -7457 -7460 -7461 -7413 -7479 -7433 # -8065 -8193 -8193 -8321 -8321 -8321 -819CPU side received count (scaleup: 1): -7507 -7396 -7530 -7593 -7610 -7335 -7335 -7382 # -8321 -8321 -8193 -8321 -8321 -8065 -8325 -8321 
1 -8321 
3 -8321 
1 -8193 
3 -8193 
3 -8193 
1 -8321 
Elastic buffer uses 4 channels per SM
Elastic buffer uses 4 channels per SM
Elastic buffer uses 4 channels per SM
Elastic buffer uses 4 channels per SM
Elastic buffer uses 4 channels per SM
Elastic buffer uses 4 channels per SM
Elastic buffer uses 4 channels per SM
Elastic buffer uses 4 channels per SM
CPU side received count (scaleup: 7): -7446 -7490 -7393 -7465 -7420 -7392 -7374 -7414 # -8321 -8193 -8321 -8193 -8321 -8193 -819CPU side received count (scaleup: 6): -7457 -7402 -7321 -7552 -7493 -7487 -7371 -7472 # -8193 -8449 -8321 -8193 -8193 -8065 -832CPU side received count (scaleup: 4): -7415 -7468 -7405 -7458 -7389 -7432 -7474 -7344 # -8449 -8321 -8193 -8193 -8193 -8193 -8063 -8193 
CPU side received count (scaleup: 3): -7400 -7549 -7426 -7398 -7355 -7397 -7474 -7321 # -8193 -8193 -8193 -8193 -8193 -8193 -819CPU side received count (scaleup: 1): -7507 -7396 -7530 -7593 -7610 -7335 -7335 -7382 # -8321 -8321 -8193 -8321 -8321 -8065 -8321 -8193 
5 -8321 
CPU side received count (scaleup: 2): -7426 -7298 -7457 -7460 -7461 -7413 -7479 -7433 # -8065 -8193 -8193 -8321 -8321 -8321 -819CPU side received count (scaleup: 5): -7399 -7487 -7399 -7279 -7411 -7420 -7505 -7329 # -8193 -8065 -8193 -8321 -8321 -8193 -8191 -8321 
CPU side received count (scaleup: 0): -7526 -7289 -7400 -7430 -7537 -7573 -7518 -7434 # -8065 -8193 -8321 -8449 -8193 -8321 -8323 -8193 
3 -8193 
3 -8321 
1 -8321 
Elastic buffer uses 4 channels per SM
Elastic buffer uses 4 channels per SM
Elastic buffer uses 4 channels per SM
Elastic buffer uses 4 channels per SM
Elastic buffer uses 4 channels per SM
Elastic buffer uses 4 channels per SM
Elastic buffer uses 4 channels per SM
Elastic buffer uses 4 channels per SM
CPU side received count (scaleup: 5): -7399 -7487 -7399 -7279 -7411 -7420 -7505 -7329 # -8193 -8065 -8193 -8321 -8321 -8193 -819CPU side received count (scaleup: 6): -7457 -7402 -7321 -7552 -7493 -7487 -7371 -7472 # -8193 -8449 -8321 -8193 -8193 -8065 -832CPU side received count (scaleup: 4): -7415 -7468 -7405 -7458 -7389 -7432 -7474 -7344 # -8449 -8321 -8193 -8193 -8193 -8193 -8063 -8321 
1 -8193 
5 -8321 
CPU side received count (scaleup: 1): -7507 -7396 -7530 -7593 -7610 -7335 -7335 -7382 # -8321 -8321 -8193 -8321 -8321 -8065 -832CPU side received count (scaleup: 7): -7446 -7490 -7393 -7465 -7420 -7392 -7374 -7414 # -8321 -8193 -8321 -8193 -8321 -8193 -819CPU side received count (scaleup: 3): -7400 -7549 -7426 -7398 -7355 -7397 -7474 -7321 # -8193 -8193 -8193 -8193 -8193 -8193 -819CPU side received count (scaleup: 2): -7426 -7298 -7457 -7460 -7461 -7413 -7479 -7433 # -8065 -8193 -8193 -8321 -8321 -8321 -819CPU side received count (scaleup: 0): -7526 -7289 -7400 -7430 -7537 -7573 -7518 -7434 # -8065 -8193 -8321 -8449 -8193 -8321 -8321 -8321 
1 -8321 
3 -8193 
3 -8193 
3 -8193 
Elastic buffer uses 4 channels per SM
Elastic buffer uses 4 channels per SM
Elastic buffer uses 4 channels per SM
Elastic buffer uses 4 channels per SM
Elastic buffer uses 4 channels per SM
Elastic buffer uses 4 channels per SM
Elastic buffer uses 4 channels per SM
Elastic buffer uses 4 channels per SM
CPU side received count (scaleup: 0): -7526 -7289 -7400 -7430 -7537 -7573 -7518 -7434 # -8065 -8193 -8321 -8449 -8193 -8321 -832CPU side received count (scaleup: 2): -7426 -7298 -7457 -7460 -7461 -7413 -7479 -7433 # -8065 -8193 -8193 -8321 -8321 -8321 -819CPU side received count (scaleup: 3): -7400 -7549 -7426 -7398 -7355 -7397 -7474 -7321 # -8193 -8193 -8193 -8193 -8193 -8193 -819CPU side received count (scaleup: 1): -7507 -7396 -7530 -7593 -7610 -7335 -7335 -7382 # -8321 -8321 -8193 -8321 -8321 -8065 -832CPU side received count (scaleup: 7): -7446 -7490 -7393 -7465 -7420 -7392 -7374 -7414 # -8321 -8193 -8321 -8193 -8321 -8193 -819CPU side received count (scaleup: 6): -7457 -7402 -7321 -7552 -7493 -7487 -7371 -7472 # -8193 -8449 -8321 -8193 -8193 -8065 -8323 -8193 
CPU side received count (scaleup: 5): -7399 -7487 -7399 -7279 -7411 -7420 -7505 -7329 # -8193 -8065 -8193 -8321 -8321 -8193 -8191 -8321 
3 -8193 
1 -8321 
3 -8193 
CPU side received count (scaleup: 4): -7415 -7468 -7405 -7458 -7389 -7432 -7474 -7344 # -8449 -8321 -8193 -8193 -8193 -8193 -8061 -8193 
3 -8321 
5 -8321 
Elastic buffer uses 4 channels per SM
Elastic buffer uses 4 channels per SM
Elastic buffer uses 4 channels per SM
Elastic buffer uses 4 channels per SM
Elastic buffer uses 4 channels per SM
Elastic buffer uses 4 channels per SM
Elastic buffer uses 4 channels per SM
Elastic buffer uses 4 channels per SM
CPU side received count (scaleup: 7): -7446 -7490 -7393 -7465 -7420 -7392 -7374 -7414 # -8321 -8193 -8321 -8193 -8321 -8193 -819CPU side received count (scaleup: 4): -7415 -7468 -7405 -7458 -7389 -7432 -7474 -7344 # -8449 -8321 -8193 -8193 -8193 -8193 -806CPU side received count (scaleup: 5): -7399 -7487 -7399 -7279 -7411 -7420 -7505 -7329 # -8193 -8065 -8193 -8321 -8321 -8193 -8193 -8193 
5 -8321 
3 -8321 
CPU side received count (scaleup: 6): -7457 -7402 -7321 -7552 -7493 -7487 -7371 -7472 # -8193 -8449 -8321 -8193 -8193 -8065 -832CPU side received count (scaleup: 0): -7526 -7289 -7400 -7430 -7537 -7573 -7518 -7434 # -8065 -8193 -8321 -8449 -8193 -8321 -832CPU side received count (scaleup: 1): -7507 -7396 -7530 -7593 -7610 -7335 -7335 -7382 # -8321 -8321 -8193 -8321 -8321 -8065 -8321 -8321 
CPU side received count (scaleup: 3): -7400 -7549 -7426 -7398 -7355 -7397 -7474 -7321 # -8193 -8193 -8193 -8193 -8193 -8193 -819CPU side received count (scaleup: 2): -7426 -7298 -7457 -7460 -7461 -7413 -7479 -7433 # -8065 -8193 -8193 -8321 -8321 -8321 -8191 -8193 
1 -8321 
3 -8193 
3 -8193 
Elastic buffer uses 4 channels per SM
Elastic buffer uses 4 channels per SM
Elastic buffer uses 4 channels per SM
Elastic buffer uses 4 channels per SM
Elastic buffer uses 4 channels per SM
Elastic buffer uses 4 channels per SM
Elastic buffer uses 4 channels per SM
Elastic buffer uses 4 channels per SM
CPU side received count (scaleup: 7): -7446 -7490 -7393 -7465 -7420 -7392 -7374 -7414 # -8321 -8193 -8321 -8193 -8321 -8193 -819CPU side received count (scaleup: 6): -7457 -7402 -7321 -7552 -7493 -7487 -7371 -7472 # -8193 -8449 -8321 -8193 -8193 -8065 -832CPU side received count (scaleup: 5): -7399 -7487 -7399 -7279 -7411 -7420 -7505 -7329 # -8193 -8065 -8193 -8321 -8321 -8193 -8193 -8193 
CPU side received count (scaleup: 4): -7415 -7468 -7405 -7458 -7389 -7432 -7474 -7344 # -8449 -8321 -8193 -8193 -8193 -8193 -8061 -8193 
CPU side received count (scaleup: 1): -7507 -7396 -7530 -7593 -7610 -7335 -7335 -7382 # -8321 -8321 -8193 -8321 -8321 -8065 -832CPU side received count (scaleup: 2): -7426 -7298 -7457 -7460 -7461 -7413 -7479 -7433 # -8065 -8193 -8193 -8321 -8321 -8321 -8195 -8321 
1 -8321 
3 -8321 
CPU side received count (scaleup: 0): -7526 -7289 -7400 -7430 -7537 -7573 -7518 -7434 # -8065 -8193 -8321 -8449 -8193 -8321 -832CPU side received count (scaleup: 3): -7400 -7549 -7426 -7398 -7355 -7397 -7474 -7321 # -8193 -8193 -8193 -8193 -8193 -8193 -8193 -8193 
1 -8321 
3 -8193 
USDT:2026-08-25 02:20:50 436:436 SyncActivityProfilerHandler.cpp:59] profiler_stopUSDT:2026-08-25 02:20:50 438:438 SyncActivityProfilerHandler.cpp:59] profiler_stopUSDT:2026-08-25 02:20:50 440:440 SyncActivityProfilerHandler.cpp:59] profiler_stop


USDT:2026-08-25 02:20:50 437:437 SyncActivityProfilerHandler.cpp:59] profiler_stopUSDT:2026-08-25 02:20:50 434:434 SyncActivityProfilerHandler.cpp:59] profiler_stopUSDT:2026-08-25 02:20:50 439:439 SyncActivityProfilerHandler.cpp:59] profiler_stopUSDT:2026-08-25 02:20:50 441:441 SyncActivityProfilerHandler.cpp:59] profiler_stopUSDT:2026-08-25 02:20:50 435:435 SyncActivityProfilerHandler.cpp:59] profiler_stop




   - EP:  28/32 | expanded dispatch: 51 GB/s (SO), 103 GB/s (SU), 4302.000 us, 444614976 bytes | copy: 2229 GB/s, 421.795 us
   - EP:  25/32 | expanded dispatch: 51 GB/s (SO), 104 GB/s (SU), 4302.000 us, 446883840 bytes | copy: 1938 GB/s, 487.068 us   - EP:  26/32 | expanded dispatch: 51 GB/s (SO), 103 GB/s (SU), 4302.000 us, 444929472 bytes | copy: 2147 GB/s, 437.547 us

   - EP:  24/32 | expanded dispatch: 51 GB/s (SO), 104 GB/s (SU), 4302.000 us, 447026112 bytes | copy: 2151 GB/s, 439.077 us   - EP:  30/32 | expanded dispatch: 51 GB/s (SO), 104 GB/s (SU), 4302.000 us, 445887936 bytes | copy: 2167 GB/s, 434.695 us

   - EP:  31/32 | expanded dispatch: 51 GB/s (SO), 103 GB/s (SU), 4302.000 us, 444682368 bytes | copy: 1982 GB/s, 474.384 us
   - EP:  29/32 | expanded dispatch: 51 GB/s (SO), 103 GB/s (SU), 4302.000 us, 443446848 bytes | copy: 2079 GB/s, 451.061 us
   - EP:  27/32 | expanded dispatch: 51 GB/s (SO), 103 GB/s (SU), 4302.000 us, 444128256 bytes | copy: 2192 GB/s, 427.433 us
Elastic buffer uses 4 channels per SM
Elastic buffer uses 4 channels per SM
Elastic buffer uses 4 channels per SM
Elastic buffer uses 4 channels per SM
Elastic buffer uses 4 channels per SM
Elastic buffer uses 4 channels per SM
Elastic buffer uses 4 channels per SM
Elastic buffer uses 4 channels per SM
Elastic buffer uses 4 channels per SM
Elastic buffer uses 4 channels per SM
Elastic buffer uses 4 channels per SM
Elastic buffer uses 4 channels per SM
Elastic buffer uses 4 channels per SM
Elastic buffer uses 4 channels per SM
Elastic buffer uses 4 channels per SM
Elastic buffer uses 4 channels per SM
Elastic buffer uses 4 channels per SM
Elastic buffer uses 4 channels per SM
Elastic buffer uses 4 channels per SM
Elastic buffer uses 4 channels per SM
Elastic buffer uses 4 channels per SM
Elastic buffer uses 4 channels per SM
Elastic buffer uses 4 channels per SM
Elastic buffer uses 4 channels per SM
Elastic buffer uses 4 channels per SM
Elastic buffer uses 4 channels per SM
Elastic buffer uses 4 channels per SM
Elastic buffer uses 4 channels per SM
Elastic buffer uses 4 channels per SM
Elastic buffer uses 4 channels per SM
Elastic buffer uses 4 channels per SM
Elastic buffer uses 4 channels per SM
Elastic buffer uses 4 channels per SM
Elastic buffer uses 4 channels per SM
Elastic buffer uses 4 channels per SM
Elastic buffer uses 4 channels per SM
Elastic buffer uses 4 channels per SM
Elastic buffer uses 4 channels per SM
Elastic buffer uses 4 channels per SM
Elastic buffer uses 4 channels per SM
Elastic buffer uses 4 channels per SM
Elastic buffer uses 4 channels per SM
Elastic buffer uses 4 channels per SM
Elastic buffer uses 4 channels per SM
Elastic buffer uses 4 channels per SM
Elastic buffer uses 4 channels per SM
Elastic buffer uses 4 channels per SM
Elastic buffer uses 4 channels per SM
Elastic buffer uses 4 channels per SM
Elastic buffer uses 4 channels per SM
Elastic buffer uses 4 channels per SM
Elastic buffer uses 4 channels per SM
Elastic buffer uses 4 channels per SM
Elastic buffer uses 4 channels per SM
Elastic buffer uses 4 channels per SM
Elastic buffer uses 4 channels per SM
Elastic buffer uses 4 channels per SM
Elastic buffer uses 4 channels per SM
Elastic buffer uses 4 channels per SM
Elastic buffer uses 4 channels per SM
Elastic buffer uses 4 channels per SM
Elastic buffer uses 4 channels per SM
Elastic buffer uses 4 channels per SM
Elastic buffer uses 4 channels per SM
Elastic buffer uses 4 channels per SM
Elastic buffer uses 4 channels per SM
Elastic buffer uses 4 channels per SM
Elastic buffer uses 4 channels per SM
Elastic buffer uses 4 channels per SM
Elastic buffer uses 4 channels per SM
Elastic buffer uses 4 channels per SM
Elastic buffer uses 4 channels per SM
Elastic buffer uses 4 channels per SM
Elastic buffer uses 4 channels per SM
Elastic buffer uses 4 channels per SM
Elastic buffer uses 4 channels per SM
Elastic buffer uses 4 channels per SM
Elastic buffer uses 4 channels per SM
Elastic buffer uses 4 channels per SM
Elastic buffer uses 4 channels per SM
Elastic buffer uses 4 channels per SM
Elastic buffer uses 4 channels per SM
Elastic buffer uses 4 channels per SM
Elastic buffer uses 4 channels per SM
Elastic buffer uses 4 channels per SM
Elastic buffer uses 4 channels per SM
Elastic buffer uses 4 channels per SM
Elastic buffer uses 4 channels per SM
Elastic buffer uses 4 channels per SM
Elastic buffer uses 4 channels per SM
Elastic buffer uses 4 channels per SM
Elastic buffer uses 4 channels per SM
Elastic buffer uses 4 channels per SM
Elastic buffer uses 4 channels per SM
Elastic buffer uses 4 channels per SM
Elastic buffer uses 4 channels per SM
Elastic buffer uses 4 channels per SM
Elastic buffer uses 4 channels per SM
Elastic buffer uses 4 channels per SM
Elastic buffer uses 4 channels per SM
Elastic buffer uses 4 channels per SM
Elastic buffer uses 4 channels per SM
Elastic buffer uses 4 channels per SM
Elastic buffer uses 4 channels per SM
Elastic buffer uses 4 channels per SM
Elastic buffer uses 4 channels per SM
Elastic buffer uses 4 channels per SM
Elastic buffer uses 4 channels per SM
Elastic buffer uses 4 channels per SM
Elastic buffer uses 4 channels per SM
Elastic buffer uses 4 channels per SM
Elastic buffer uses 4 channels per SM
Elastic buffer uses 4 channels per SM
Elastic buffer uses 4 channels per SM
Elastic buffer uses 4 channels per SM
Elastic buffer uses 4 channels per SM
Elastic buffer uses 4 channels per SM
Elastic buffer uses 4 channels per SM
Elastic buffer uses 4 channels per SM
Elastic buffer uses 4 channels per SM
Elastic buffer uses 4 channels per SM
Elastic buffer uses 4 channels per SM
Elastic buffer uses 4 channels per SM
Elastic buffer uses 4 channels per SM
Elastic buffer uses 4 channels per SM
Elastic buffer uses 4 channels per SM
Elastic buffer uses 4 channels per SM
Elastic buffer uses 4 channels per SM
Elastic buffer uses 4 channels per SM
Elastic buffer uses 4 channels per SM
Elastic buffer uses 4 channels per SM
Elastic buffer uses 4 channels per SM
Elastic buffer uses 4 channels per SM
Elastic buffer uses 4 channels per SM
Elastic buffer uses 4 channels per SM
Elastic buffer uses 4 channels per SM
Elastic buffer uses 4 channels per SM
Elastic buffer uses 4 channels per SM
Elastic buffer uses 4 channels per SM
Elastic buffer uses 4 channels per SM
Elastic buffer uses 4 channels per SM
Elastic buffer uses 4 channels per SM
Elastic buffer uses 4 channels per SM
Elastic buffer uses 4 channels per SM
Elastic buffer uses 4 channels per SM
Elastic buffer uses 4 channels per SM
Elastic buffer uses 4 channels per SM
Elastic buffer uses 4 channels per SM
Elastic buffer uses 4 channels per SM
Elastic buffer uses 4 channels per SM
Elastic buffer uses 4 channels per SM
Elastic buffer uses 4 channels per SM
Elastic buffer uses 4 channels per SM
Elastic buffer uses 4 channels per SM
Elastic buffer uses 4 channels per SM
Elastic buffer uses 4 channels per SM
Elastic buffer uses 4 channels per SM
Elastic buffer uses 4 channels per SM
Elastic buffer uses 4 channels per SM
Elastic buffer uses 4 channels per SM
Elastic buffer uses 4 channels per SM
Elastic buffer uses 4 channels per SM
Elastic buffer uses 4 channels per SM
Elastic buffer uses 4 channels per SM
Elastic buffer uses 4 channels per SM
Elastic buffer uses 4 channels per SM
Elastic buffer uses 4 channels per SM
Elastic buffer uses 4 channels per SM
Elastic buffer uses 4 channels per SM
Elastic buffer uses 4 channels per SM
Elastic buffer uses 4 channels per SM
Elastic buffer uses 4 channels per SM
Elastic buffer uses 4 channels per SM
Elastic buffer uses 4 channels per SM
Elastic buffer uses 4 channels per SM
Elastic buffer uses 4 channels per SM
Elastic buffer uses 4 channels per SM
Elastic buffer uses 4 channels per SM
Elastic buffer uses 4 channels per SM
Elastic buffer uses 4 channels per SM
Elastic buffer uses 4 channels per SM
Elastic buffer uses 4 channels per SM
Elastic buffer uses 4 channels per SM
Elastic buffer uses 4 channels per SM
Elastic buffer uses 4 channels per SM
Elastic buffer uses 4 channels per SM
Elastic buffer uses 4 channels per SM
Elastic buffer uses 4 channels per SM
Elastic buffer uses 4 channels per SM
Elastic buffer uses 4 channels per SM
Elastic buffer uses 4 channels per SM
Elastic buffer uses 4 channels per SM
Elastic buffer uses 4 channels per SM
Elastic buffer uses 4 channels per SM
Elastic buffer uses 4 channels per SM
Elastic buffer uses 4 channels per SM
Elastic buffer uses 4 channels per SM
Elastic buffer uses 4 channels per SM
Elastic buffer uses 4 channels per SM
Elastic buffer uses 4 channels per SM
Elastic buffer uses 4 channels per SM
Elastic buffer uses 4 channels per SM
Elastic buffer uses 4 channels per SM
Elastic buffer uses 4 channels per SM
Elastic buffer uses 4 channels per SM
Elastic buffer uses 4 channels per SM
Elastic buffer uses 4 channels per SM
Elastic buffer uses 4 channels per SM
Elastic buffer uses 4 channels per SM
Elastic buffer uses 4 channels per SM
Elastic buffer uses 4 channels per SM
Elastic buffer uses 4 channels per SM
Elastic buffer uses 4 channels per SM
Elastic buffer uses 4 channels per SM
Elastic buffer uses 4 channels per SM
Elastic buffer uses 4 channels per SM
Elastic buffer uses 4 channels per SM
Elastic buffer uses 4 channels per SM
Elastic buffer uses 4 channels per SM
Elastic buffer uses 4 channels per SM
Elastic buffer uses 4 channels per SM
Elastic buffer uses 4 channels per SM
Elastic buffer uses 4 channels per SM
Elastic buffer uses 4 channels per SM
Elastic buffer uses 4 channels per SM
Elastic buffer uses 4 channels per SM
Elastic buffer uses 4 channels per SM
Elastic buffer uses 4 channels per SM
Elastic buffer uses 4 channels per SM
Elastic buffer uses 4 channels per SM
Elastic buffer uses 4 channels per SM
Elastic buffer uses 4 channels per SM
Elastic buffer uses 4 channels per SM
Elastic buffer uses 4 channels per SM
Elastic buffer uses 4 channels per SM
Elastic buffer uses 4 channels per SM
Elastic buffer uses 4 channels per SM
Elastic buffer uses 4 channels per SM
Elastic buffer uses 4 channels per SM
Elastic buffer uses 4 channels per SM
Elastic buffer uses 4 channels per SM
Elastic buffer uses 4 channels per SM
Elastic buffer uses 4 channels per SM
Elastic buffer uses 4 channels per SM
Elastic buffer uses 4 channels per SM
Elastic buffer uses 4 channels per SM
Elastic buffer uses 4 channels per SM
Elastic buffer uses 4 channels per SM
USDT:2026-08-25 02:20:50 435:435 SyncActivityProfilerHandler.cpp:52] profiler_startUSDT:2026-08-25 02:20:50 441:441 SyncActivityProfilerHandler.cpp:52] profiler_startUSDT:2026-08-25 02:20:50 437:437 SyncActivityProfilerHandler.cpp:52] profiler_startUSDT:2026-08-25 02:20:50 438:438 SyncActivityProfilerHandler.cpp:52] profiler_startUSDT:2026-08-25 02:20:50 440:440 SyncActivityProfilerHandler.cpp:52] profiler_start

USDT:2026-08-25 02:20:50 439:439 SyncActivityProfilerHandler.cpp:52] profiler_start


USDT:2026-08-25 02:20:50 434:434 SyncActivityProfilerHandler.cpp:52] profiler_startUSDT:2026-08-25 02:20:50 436:436 SyncActivityProfilerHandler.cpp:52] profiler_start


Elastic buffer uses 4 channels per SM
Elastic buffer uses 4 channels per SM
Elastic buffer uses 4 channels per SM
Elastic buffer uses 4 channels per SM
Elastic buffer uses 4 channels per SM
Elastic buffer uses 4 channels per SM
Elastic buffer uses 4 channels per SM
Elastic buffer uses 4 channels per SM
Elastic buffer uses 4 channels per SM
Elastic buffer uses 4 channels per SM
Elastic buffer uses 4 channels per SM
Elastic buffer uses 4 channels per SM
Elastic buffer uses 4 channels per SM
Elastic buffer uses 4 channels per SM
Elastic buffer uses 4 channels per SM
Elastic buffer uses 4 channels per SM
Elastic buffer uses 4 channels per SM
Elastic buffer uses 4 channels per SM
Elastic buffer uses 4 channels per SM
Elastic buffer uses 4 channels per SM
Elastic buffer uses 4 channels per SM
Elastic buffer uses 4 channels per SM
Elastic buffer uses 4 channels per SM
Elastic buffer uses 4 channels per SM
Elastic buffer uses 4 channels per SM
Elastic buffer uses 4 channels per SM
Elastic buffer uses 4 channels per SM
Elastic buffer uses 4 channels per SM
Elastic buffer uses 4 channels per SM
Elastic buffer uses 4 channels per SM
Elastic buffer uses 4 channels per SM
Elastic buffer uses 4 channels per SM
Elastic buffer uses 4 channels per SM
Elastic buffer uses 4 channels per SM
Elastic buffer uses 4 channels per SM
Elastic buffer uses 4 channels per SM
Elastic buffer uses 4 channels per SM
Elastic buffer uses 4 channels per SM
Elastic buffer uses 4 channels per SM
Elastic buffer uses 4 channels per SM
Elastic buffer uses 4 channels per SM
Elastic buffer uses 4 channels per SM
Elastic buffer uses 4 channels per SM
Elastic buffer uses 4 channels per SM
Elastic buffer uses 4 channels per SM
Elastic buffer uses 4 channels per SM
Elastic buffer uses 4 channels per SM
Elastic buffer uses 4 channels per SM
Elastic buffer uses 4 channels per SM
Elastic buffer uses 4 channels per SM
Elastic buffer uses 4 channels per SM
Elastic buffer uses 4 channels per SM
Elastic buffer uses 4 channels per SM
Elastic buffer uses 4 channels per SM
Elastic buffer uses 4 channels per SM
Elastic buffer uses 4 channels per SM
Elastic buffer uses 4 channels per SM
Elastic buffer uses 4 channels per SM
Elastic buffer uses 4 channels per SM
Elastic buffer uses 4 channels per SM
Elastic buffer uses 4 channels per SM
Elastic buffer uses 4 channels per SM
Elastic buffer uses 4 channels per SM
Elastic buffer uses 4 channels per SM
Elastic buffer uses 4 channels per SM
Elastic buffer uses 4 channels per SM
Elastic buffer uses 4 channels per SM
Elastic buffer uses 4 channels per SM
Elastic buffer uses 4 channels per SM
Elastic buffer uses 4 channels per SM
Elastic buffer uses 4 channels per SM
Elastic buffer uses 4 channels per SM
Elastic buffer uses 4 channels per SM
Elastic buffer uses 4 channels per SM
Elastic buffer uses 4 channels per SM
Elastic buffer uses 4 channels per SM
Elastic buffer uses 4 channels per SM
Elastic buffer uses 4 channels per SM
Elastic buffer uses 4 channels per SM
Elastic buffer uses 4 channels per SM
Elastic buffer uses 4 channels per SM
Elastic buffer uses 4 channels per SM
Elastic buffer uses 4 channels per SM
Elastic buffer uses 4 channels per SM
Elastic buffer uses 4 channels per SM
Elastic buffer uses 4 channels per SM
Elastic buffer uses 4 channels per SM
Elastic buffer uses 4 channels per SM
Elastic buffer uses 4 channels per SM
Elastic buffer uses 4 channels per SM
Elastic buffer uses 4 channels per SM
Elastic buffer uses 4 channels per SM
Elastic buffer uses 4 channels per SM
Elastic buffer uses 4 channels per SM
Elastic buffer uses 4 channels per SM
Elastic buffer uses 4 channels per SM
Elastic buffer uses 4 channels per SM
Elastic buffer uses 4 channels per SM
Elastic buffer uses 4 channels per SM
Elastic buffer uses 4 channels per SM
Elastic buffer uses 4 channels per SM
Elastic buffer uses 4 channels per SM
Elastic buffer uses 4 channels per SM
Elastic buffer uses 4 channels per SM
Elastic buffer uses 4 channels per SM
Elastic buffer uses 4 channels per SM
Elastic buffer uses 4 channels per SM
Elastic buffer uses 4 channels per SM
Elastic buffer uses 4 channels per SM
Elastic buffer uses 4 channels per SM
Elastic buffer uses 4 channels per SM
Elastic buffer uses 4 channels per SM
Elastic buffer uses 4 channels per SM
Elastic buffer uses 4 channels per SM
Elastic buffer uses 4 channels per SM
Elastic buffer uses 4 channels per SM
Elastic buffer uses 4 channels per SM
Elastic buffer uses 4 channels per SM
Elastic buffer uses 4 channels per SM
Elastic buffer uses 4 channels per SM
Elastic buffer uses 4 channels per SM
Elastic buffer uses 4 channels per SM
Elastic buffer uses 4 channels per SM
Elastic buffer uses 4 channels per SM
Elastic buffer uses 4 channels per SM
Elastic buffer uses 4 channels per SM
Elastic buffer uses 4 channels per SM
Elastic buffer uses 4 channels per SM
Elastic buffer uses 4 channels per SM
Elastic buffer uses 4 channels per SM
Elastic buffer uses 4 channels per SM
Elastic buffer uses 4 channels per SM
Elastic buffer uses 4 channels per SM
Elastic buffer uses 4 channels per SM
Elastic buffer uses 4 channels per SM
Elastic buffer uses 4 channels per SM
Elastic buffer uses 4 channels per SM
Elastic buffer uses 4 channels per SM
Elastic buffer uses 4 channels per SM
Elastic buffer uses 4 channels per SM
Elastic buffer uses 4 channels per SM
Elastic buffer uses 4 channels per SM
Elastic buffer uses 4 channels per SM
Elastic buffer uses 4 channels per SM
Elastic buffer uses 4 channels per SM
Elastic buffer uses 4 channels per SM
Elastic buffer uses 4 channels per SM
Elastic buffer uses 4 channels per SM
Elastic buffer uses 4 channels per SM
Elastic buffer uses 4 channels per SM
Elastic buffer uses 4 channels per SM
Elastic buffer uses 4 channels per SM
Elastic buffer uses 4 channels per SM
Elastic buffer uses 4 channels per SM
Elastic buffer uses 4 channels per SM
Elastic buffer uses 4 channels per SM
Elastic buffer uses 4 channels per SM
Elastic buffer uses 4 channels per SM
Elastic buffer uses 4 channels per SM
Elastic buffer uses 4 channels per SM
Elastic buffer uses 4 channels per SM
Elastic buffer uses 4 channels per SM
Elastic buffer uses 4 channels per SM
Elastic buffer uses 4 channels per SM
Elastic buffer uses 4 channels per SM
Elastic buffer uses 4 channels per SM
Elastic buffer uses 4 channels per SM
Elastic buffer uses 4 channels per SM
Elastic buffer uses 4 channels per SM
Elastic buffer uses 4 channels per SM
Elastic buffer uses 4 channels per SM
Elastic buffer uses 4 channels per SM
Elastic buffer uses 4 channels per SM
Elastic buffer uses 4 channels per SM
Elastic buffer uses 4 channels per SM
Elastic buffer uses 4 channels per SM
Elastic buffer uses 4 channels per SM
Elastic buffer uses 4 channels per SM
Elastic buffer uses 4 channels per SM
Elastic buffer uses 4 channels per SM
Elastic buffer uses 4 channels per SM
Elastic buffer uses 4 channels per SM
Elastic buffer uses 4 channels per SM
Elastic buffer uses 4 channels per SM
Elastic buffer uses 4 channels per SM
Elastic buffer uses 4 channels per SM
Elastic buffer uses 4 channels per SM
Elastic buffer uses 4 channels per SM
Elastic buffer uses 4 channels per SM
Elastic buffer uses 4 channels per SM
Elastic buffer uses 4 channels per SM
Elastic buffer uses 4 channels per SM
Elastic buffer uses 4 channels per SM
Elastic buffer uses 4 channels per SM
Elastic buffer uses 4 channels per SM
Elastic buffer uses 4 channels per SM
Elastic buffer uses 4 channels per SM
Elastic buffer uses 4 channels per SM
Elastic buffer uses 4 channels per SM
Elastic buffer uses 4 channels per SM
Elastic buffer uses 4 channels per SM
Elastic buffer uses 4 channels per SM
Elastic buffer uses 4 channels per SM
Elastic buffer uses 4 channels per SM
Elastic buffer uses 4 channels per SM
Elastic buffer uses 4 channels per SM
Elastic buffer uses 4 channels per SM
Elastic buffer uses 4 channels per SM
Elastic buffer uses 4 channels per SM
Elastic buffer uses 4 channels per SM
Elastic buffer uses 4 channels per SM
Elastic buffer uses 4 channels per SM
Elastic buffer uses 4 channels per SM
Elastic buffer uses 4 channels per SM
Elastic buffer uses 4 channels per SM
Elastic buffer uses 4 channels per SM
Elastic buffer uses 4 channels per SM
Elastic buffer uses 4 channels per SM
Elastic buffer uses 4 channels per SM
Elastic buffer uses 4 channels per SM
Elastic buffer uses 4 channels per SM
Elastic buffer uses 4 channels per SM
Elastic buffer uses 4 channels per SM
Elastic buffer uses 4 channels per SM
Elastic buffer uses 4 channels per SM
Elastic buffer uses 4 channels per SM
Elastic buffer uses 4 channels per SM
Elastic buffer uses 4 channels per SM
Elastic buffer uses 4 channels per SM
Elastic buffer uses 4 channels per SM
Elastic buffer uses 4 channels per SM
Elastic buffer uses 4 channels per SM
Elastic buffer uses 4 channels per SM
Elastic buffer uses 4 channels per SM
Elastic buffer uses 4 channels per SM
Elastic buffer uses 4 channels per SM
Elastic buffer uses 4 channels per SM
Elastic buffer uses 4 channels per SM
Elastic buffer uses 4 channels per SM
Elastic buffer uses 4 channels per SM
USDT:2026-08-25 02:20:51 437:437 SyncActivityProfilerHandler.cpp:59] profiler_stop
USDT:2026-08-25 02:20:51 435:435 SyncActivityProfilerHandler.cpp:59] profiler_stopUSDT:2026-08-25 02:20:51 439:439 SyncActivityProfilerHandler.cpp:59] profiler_stopUSDT:2026-08-25 02:20:51 441:441 SyncActivityProfilerHandler.cpp:59] profiler_stop
USDT:2026-08-25 02:20:51 440:440 SyncActivityProfilerHandler.cpp:59] profiler_stopUSDT:2026-08-25 02:20:51 436:436 SyncActivityProfilerHandler.cpp:59] profiler_stop



USDT:2026-08-25 02:20:51 434:434 SyncActivityProfilerHandler.cpp:59] profiler_stop
USDT:2026-08-25 02:20:51 438:438 SyncActivityProfilerHandler.cpp:59] profiler_stop
   # EP:  28/32 | cached dispatch: 52 GB/s (SO), 105 GB/s (SU), 4240.000 us, 444614976 bytes | copy: 2545 GB/s, 349.375 us
   # EP:  24/32 | cached dispatch: 52 GB/s (SO), 105 GB/s (SU), 4240.000 us, 447026112 bytes | copy: 2597 GB/s, 344.234 us
   # EP:  26/32 | cached dispatch: 52 GB/s (SO), 105 GB/s (SU), 4240.000 us, 444929472 bytes | copy: 2673 GB/s, 332.920 us
   # EP:  29/32 | cached dispatch: 52 GB/s (SO), 105 GB/s (SU), 4240.000 us, 443446848 bytes | copy: 2419 GB/s, 366.609 us
   # EP:  30/32 | cached dispatch: 52 GB/s (SO), 105 GB/s (SU), 4240.000 us, 445887936 bytes | copy: 2608 GB/s, 341.939 us
   # EP:  25/32 | cached dispatch: 52 GB/s (SO), 105 GB/s (SU), 4240.000 us, 446883840 bytes | copy: 2464 GB/s, 362.740 us
   # EP:  31/32 | cached dispatch: 52 GB/s (SO), 105 GB/s (SU), 4240.000 us, 444682368 bytes | copy: 2384 GB/s, 373.072 us
   # EP:  27/32 | cached dispatch: 52 GB/s (SO), 105 GB/s (SU), 4240.000 us, 444128256 bytes | copy: 2659 GB/s, 334.026 us
USDT:2026-08-25 02:20:52 437:437 SyncActivityProfilerHandler.cpp:52] profiler_start
USDT:2026-08-25 02:20:52 439:439 SyncActivityProfilerHandler.cpp:52] profiler_start
USDT:2026-08-25 02:20:52 441:441 SyncActivityProfilerHandler.cpp:52] profiler_startUSDT:2026-08-25 02:20:52 436:436 SyncActivityProfilerHandler.cpp:52] profiler_start

USDT:2026-08-25 02:20:52 435:435 SyncActivityProfilerHandler.cpp:52] profiler_start
USDT:2026-08-25 02:20:52 438:438 SyncActivityProfilerHandler.cpp:52] profiler_start
USDT:2026-08-25 02:20:52 440:440 SyncActivityProfilerHandler.cpp:52] profiler_start
USDT:2026-08-25 02:20:52 434:434 SyncActivityProfilerHandler.cpp:52] profiler_start
USDT:2026-08-25 02:20:52 437:437 SyncActivityProfilerHandler.cpp:59] profiler_stop
USDT:2026-08-25 02:20:52 439:439 SyncActivityProfilerHandler.cpp:59] profiler_stop
USDT:2026-08-25 02:20:52 438:438 SyncActivityProfilerHandler.cpp:59] profiler_stop
USDT:2026-08-25 02:20:52 441:441 SyncActivityProfilerHandler.cpp:59] profiler_stop
USDT:2026-08-25 02:20:52 435:435 SyncActivityProfilerHandler.cpp:59] profiler_stop
USDT:2026-08-25 02:20:52 436:436 SyncActivityProfilerHandler.cpp:59] profiler_stop
USDT:2026-08-25 02:20:52 434:434 SyncActivityProfilerHandler.cpp:59] profiler_stop
USDT:2026-08-25 02:20:52 440:440 SyncActivityProfilerHandler.cpp:59] profiler_stop
   @ EP:  27/32 | combine: 51 GB/s (SO), 103 GB/s (SU), 8256.000 us, 852194816 bytes | reduce: 3621 GB/s, 149.536 us
   @ EP:  29/32 | combine: 46 GB/s (SO), 93 GB/s (SU), 9183.000 us, 850887328 bytes | reduce: 3606 GB/s, 150.361 us
   @ EP:  28/32 | combine: 44 GB/s (SO), 88 GB/s (SU), 9719.000 us, 853128736 bytes | reduce: 3593 GB/s, 150.476 us
   @ EP:  24/32 | combine: 43 GB/s (SO), 87 GB/s (SU), 9832.000 us, 857755232 bytes | reduce: 3606 GB/s, 150.022 us
   @ EP:  26/32 | combine: 44 GB/s (SO), 88 GB/s (SU), 9668.000 us, 853732192 bytes | reduce: 3614 GB/s, 149.756 us
   @ EP:  30/32 | combine: 43 GB/s (SO), 86 GB/s (SU), 9975.000 us, 855571296 bytes | reduce: 3600 GB/s, 150.450 us
   @ EP:  31/32 | combine: 44 GB/s (SO), 88 GB/s (SU), 9692.000 us, 853258048 bytes | reduce: 3605 GB/s, 150.413 us
   @ EP:  25/32 | combine: 44 GB/s (SO), 88 GB/s (SU), 9729.000 us, 857482240 bytes | reduce: 3592 GB/s, 150.924 us
USDT:2026-08-25 02:20:53 436:436 SyncActivityProfilerHandler.cpp:52] profiler_start
USDT:2026-08-25 02:20:53 438:438 SyncActivityProfilerHandler.cpp:52] profiler_start
USDT:2026-08-25 02:20:53 441:441 SyncActivityProfilerHandler.cpp:52] profiler_start
USDT:2026-08-25 02:20:53 439:439 SyncActivityProfilerHandler.cpp:52] profiler_start
USDT:2026-08-25 02:20:53 440:440 SyncActivityProfilerHandler.cpp:52] profiler_start
USDT:2026-08-25 02:20:53 437:437 SyncActivityProfilerHandler.cpp:52] profiler_start
USDT:2026-08-25 02:20:53 435:435 SyncActivityProfilerHandler.cpp:52] profiler_start
USDT:2026-08-25 02:20:53 434:434 SyncActivityProfilerHandler.cpp:52] profiler_start
USDT:2026-08-25 02:20:54 436:436 SyncActivityProfilerHandler.cpp:59] profiler_stop
USDT:2026-08-25 02:20:54 438:438 SyncActivityProfilerHandler.cpp:59] profiler_stop
USDT:2026-08-25 02:20:54 440:440 SyncActivityProfilerHandler.cpp:59] profiler_stop
USDT:2026-08-25 02:20:54 435:435 SyncActivityProfilerHandler.cpp:59] profiler_stop
USDT:2026-08-25 02:20:54 441:441 SyncActivityProfilerHandler.cpp:59] profiler_stop
USDT:2026-08-25 02:20:54 437:437 SyncActivityProfilerHandler.cpp:59] profiler_stop
USDT:2026-08-25 02:20:54 439:439 SyncActivityProfilerHandler.cpp:59] profiler_stop
USDT:2026-08-25 02:20:54 434:434 SyncActivityProfilerHandler.cpp:59] profiler_stop
   + EP:  28/32 | reduced combine: 46 GB/s (SO), 92 GB/s (SU), 9303.000 us, 853128736 bytes | reduce: 3617 GB/s, 149.483 us
   + EP:  26/32 | reduced combine: 47 GB/s (SO), 95 GB/s (SU), 8985.000 us, 853732192 bytes | reduce: 3629 GB/s, 149.139 us
   + EP:  30/32 | reduced combine: 45 GB/s (SO), 90 GB/s (SU), 9521.000 us, 855571296 bytes | reduce: 3623 GB/s, 149.495 us
   + EP:  25/32 | reduced combine: 44 GB/s (SO), 88 GB/s (SU), 9696.000 us, 857482240 bytes | reduce: 3610 GB/s, 150.173 us
   + EP:  29/32 | reduced combine: 44 GB/s (SO), 89 GB/s (SU), 9605.000 us, 850887328 bytes | reduce: 3626 GB/s, 149.519 us
   + EP:  31/32 | reduced combine: 44 GB/s (SO), 89 GB/s (SU), 9555.000 us, 853258048 bytes | reduce: 3621 GB/s, 149.757 us
   + EP:  27/32 | reduced combine: 44 GB/s (SO), 89 GB/s (SU), 9603.000 us, 852194816 bytes | reduce: 3637 GB/s, 148.897 us
   + EP:  24/32 | reduced combine: 42 GB/s (SO), 86 GB/s (SU), 9993.000 us, 857755232 bytes | reduce: 3629 GB/s, 149.066 us

Elastic buffer uses 4 channels per SM
Elastic buffer uses 4 channels per SM
Elastic buffer uses 4 channels per SM
Elastic buffer uses 4 channels per SM
Elastic buffer uses 4 channels per SM
Elastic buffer uses 4 channels per SM
Elastic buffer uses 4 channels per SM
Elastic buffer uses 4 channels per SM
CPU side received count (scaleup: 6): -7457 -7402 -7321 -7552 -7493 -7487 -7371 -7472 # -8193 -8449 -8321 -8193 -8193 -8065 -832CPU side received count (scaleup: 4): -7415 -7468 -7405 -7458 -7389 -7432 -7474 -7344 # -8449 -8321 -8193 -8193 -8193 -8193 -806CPU side received count (scaleup: 7): -7446 -7490 -7393 -7465 -7420 -7392 -7374 -7414 # -8321 -8193 -8321 -8193 -8321 -8193 -819CPU side received count (scaleup: 3): -7400 -7549 -7426 -7398 -7355 -7397 -7474 -7321 # -8193 -8193 -8193 -8193 -8193 -8193 -819CPU side received count (scaleup: 2): -7426 -7298 -7457 -7460 -7461 -7413 -7479 -7433 # -8065 -8193 -8193 -8321 -8321 -8321 -819CPU side received count (scaleup: 0): -7526 -7289 -7400 -7430 -7537 -7573 -7518 -7434 # -8065 -8193 -8321 -8449 -8193 -8321 -8325 -8321 
1 -8193 
CPU side received count (scaleup: 5): -7399 -7487 -7399 -7279 -7411 -7420 -7505 -7329 # -8193 -8065 -8193 -8321 -8321 -8193 -8193 -8193 
CPU side received count (scaleup: 1): -7507 -7396 -7530 -7593 -7610 -7335 -7335 -7382 # -8321 -8321 -8193 -8321 -8321 -8065 -8323 -8193 
3 -8193 
1 -8321 
3 -8321 
1 -8321 

