=== EP_NIC_NAME=rdmap110s0 (auto, 200 Gb/s) ===
+ docker run --rm --gpus all --privileged --network=host --ipc=host --ulimit memlock=-1 --ulimit stack=67108864 --device=/dev/infiniband --device=/dev/gdrdrv -v /sys/class/infiniband:/sys/class/infiniband:ro -e MASTER_ADDR=172.31.20.74 -e MASTER_PORT=29522 -e WORLD_SIZE=2 -e RANK=0 -e NCCL_DEBUG=WARN -e EP_NIC_NAME=rdmap110s0 -e EP_BUFFER_DEBUG=1 -e PYTHONUNBUFFERED=1 -e PYTHONFAULTHANDLER=1 deepep-v2-efa-official:dev bash -lc 'timeout -s ABRT --kill-after=60 1500     python3 -u /opt/DeepEP/tests/elastic/test_ep.py     --num-processes=8 --num-tokens=8192     --hidden=7168 --num-topk=8 --num-experts=256     --num-sms=12 --allow-hybrid-mode=1     --prefer-overlap-with-compute=0 --test-first-only      --num-allocated-qps 5'

==========
== CUDA ==
==========

CUDA Version 13.0.2

Container image Copyright (c) 2016-2023, NVIDIA CORPORATION & AFFILIATES. All rights reserved.

This container image and its contents are governed by the NVIDIA Deep Learning Container License.
By pulling and using the container, you accept the terms and conditions of this license:
https://developer.nvidia.com/ngc/nvidia-deep-learning-container-license

A copy of this license is made available in this container at /NGC-DL-CONTAINER-LICENSE for your convenience.

NCCL version 2.31.2+cuda13.3
DeepEP hybrid kernel selection: unordered
Initializing EP elastic buffer with 2720006144 bytes (cpu: 0) at rank EP 1/16
DeepEP hybrid kernel selection: unordered
DeepEP hybrid kernel selection: unordered
DeepEP hybrid kernel selection: unordered
Initializing EP elastic buffer with 2720006144 bytes (cpu: 0) at rank EP 6/16Initializing EP elastic buffer with 2720006144 bytes (cpu: 0) at rank EP 4/16Initializing EP elastic buffer with 2720006144 bytes (cpu: 0) at rank EP 7/16DeepEP hybrid kernel selection: unordered



DeepEP hybrid kernel selection: unordered
Initializing EP elastic buffer with 2720006144 bytes (cpu: 0) at rank EP 3/16DeepEP hybrid kernel selection: unordered

Initializing EP elastic buffer with 2720006144 bytes (cpu: 0) at rank EP 5/16
Initializing EP elastic buffer with 2720006144 bytes (cpu: 0) at rank EP 2/16
DeepEP initialized with NCCL version: 2.31.2 (loaded library)
EP NCCL device communicator has 5 allocated QPs
DeepEP hybrid kernel selection: unordered
GIN layout: gin_context_cnt=5, gin_indexed_signals_cnt=49, num_qp=5
DeepEP initialized with NCCL version: 2.31.2 (loaded library)
DeepEP initialized with NCCL version: 2.31.2 (loaded library)
EP NCCL device communicator has 5 allocated QPs
EP NCCL device communicator has 5 allocated QPs
DeepEP initialized with NCCL version: 2.31.2 (loaded library)
DeepEP hybrid kernel selection: unordered
EP NCCL device communicator has 5 allocated QPs
DeepEP hybrid kernel selection: unordered
GIN layout: gin_context_cnt=5, gin_indexed_signals_cnt=49, num_qp=5
GIN layout: gin_context_cnt=5, gin_indexed_signals_cnt=49, num_qp=5
DeepEP hybrid kernel selection: unordered
DeepEP hybrid kernel selection: unordered
GIN layout: gin_context_cnt=5, gin_indexed_signals_cnt=49, num_qp=5
Initializing EP elastic buffer with 2720006144 bytes (cpu: 0) at rank EP 0/16
DeepEP initialized with NCCL version: 2.31.2 (loaded library)
EP NCCL device communicator has 5 allocated QPs
DeepEP hybrid kernel selection: unordered
GIN layout: gin_context_cnt=5, gin_indexed_signals_cnt=49, num_qp=5
DeepEP initialized with NCCL version: 2.31.2 (loaded library)
EP NCCL device communicator has 5 allocated QPs
DeepEP hybrid kernel selection: unordered
GIN layout: gin_context_cnt=5, gin_indexed_signals_cnt=49, num_qp=5
DeepEP initialized with NCCL version: 2.31.2 (loaded library)
EP NCCL device communicator has 5 allocated QPs
DeepEP hybrid kernel selection: unordered
GIN layout: gin_context_cnt=5, gin_indexed_signals_cnt=49, num_qp=5
DeepEP initialized with NCCL version: 2.31.2 (loaded library)
EP NCCL device communicator has 5 allocated QPs
DeepEP hybrid kernel selection: unordered
GIN layout: gin_context_cnt=5, gin_indexed_signals_cnt=49, num_qp=5
Config:
 > Ranks: 2 x 8
 > Experts: 8/256
 > Tokens: 8192 (max: 8192), hidden: 7168
 > #SM: 12, #QPs: 5/5

Running all test cases:
 > Testing with do_handle_copy=1, expert_alignment=128, use_fp8_dispatch=1, num_bias=0, with_previous_event=0, async_with_compute_stream=0, allocate_on_comm_stream=0 ...
Elastic buffer uses 4 channels per SM
Elastic buffer uses 4 channels per SM
Elastic buffer uses 4 channels per SM
Elastic buffer uses 4 channels per SM
Elastic buffer uses 4 channels per SM
Elastic buffer uses 4 channels per SM
Elastic buffer uses 4 channels per SM
Elastic buffer uses 4 channels per SM
CPU side received count (scaleup: 7): -6661 -6802 -6652 -6656 -6633 -6581 -6568 -6774 # -4097 -4097 -4097 -4097 -3969 -4097 -422CPU side received count (scaleup: 0): -6562 -6632 -6627 -6567 -6605 -6607 -6666 -6619 # -4097 -4097 -4097 -4097 -3969 -4097 -409CPU side received count (scaleup: 3): -6625 -6632 -6674 -6619 -6669 -6691 -6642 -6649 # -4097 -4225 -4097 -4097 -4097 -4097 -422CPU side received count (scaleup: 6): -6638 -6671 -6616 -6617 -6695 -6644 -6710 -6521 # -4097 -4097 -4097 -4225 -4225 -4097 -409CPU side received count (scaleup: 4): -6623 -6758 -6552 -6792 -6716 -6778 -6777 -6746 # -4225 -4097 -4225 -4225 -4225 -4225 -422CPU side received count (scaleup: 2): -6725 -6642 -6673 -6681 -6704 -6632 -6658 -6599 # -4097 -4097 -4097 -4225 -4097 -4225 -422CPU side received count (scaleup: 5): -6733 -6579 -6592 -6750 -6722 -6694 -6647 -6686 # -4225 -4097 -4225 -4097 -4225 -4225 -4095 -4097 -4097 -4097 -4097 -4225 -4097 -4097 -4225 -4225 
CPU side received count (scaleup: 1): -6710 -6747 -6621 -6723 -6680 -6778 -6708 -6580 # -4097 -4225 -4097 -4097 -4097 -4097 -4227 -4097 -4225 -3969 -4097 -4097 -4353 -3969 -4097 -4225 
5 -4097 -4097 -4225 -4225 -4225 -4225 -4097 -4225 -4097 
7 -4225 -4097 -4097 -4097 -4225 -4097 -4097 -4097 -4097 
5 -4097 -4097 -4097 -4225 -4225 -4353 -4225 -4097 -4225 
5 -4097 -4225 -4225 -4225 -4225 -4097 -4225 -4097 -4097 
7 -4097 -3969 -4225 -4225 -4097 -4225 -4225 -4225 -4225 
5 -4097 -4097 -4225 -4097 -4097 -4225 -4097 -4225 -4225 
Elastic buffer uses 4 channels per SM
Elastic buffer uses 4 channels per SM
Elastic buffer uses 4 channels per SM
Elastic buffer uses 4 channels per SM
Elastic buffer uses 4 channels per SM
Elastic buffer uses 4 channels per SM
Elastic buffer uses 4 channels per SM
Elastic buffer uses 4 channels per SM
CPU side received count (scaleup: 1): -6710 -6747 -6621 -6723 -6680 -6778 -6708 -6580 # -4097 -4225 -4097 -4097 -4097 -4097 -422CPU side received count (scaleup: 0): -6562 -6632 -6627 -6567 -6605 -6607 -6666 -6619 # -4097 -4097 -4097 -4097 -3969 -4097 -409CPU side received count (scaleup: 3): -6625 -6632 -6674 -6619 -6669 -6691 -6642 -6649 # -4097 -4225 -4097 -4097 -4097 -4097 -422CPU side received count (scaleup: 7): -6661 -6802 -6652 -6656 -6633 -6581 -6568 -6774 # -4097 -4097 -4097 -4097 -3969 -4097 -422CPU side received count (scaleup: 6): -6638 -6671 -6616 -6617 -6695 -6644 -6710 -6521 # -4097 -4097 -4097 -4225 -4225 -4097 -409CPU side received count (scaleup: 5): -6733 -6579 -6592 -6750 -6722 -6694 -6647 -6686 # -4225 -4097 -4225 -4097 -4225 -4225 -4095 -4097 -4097 -4225 -4097 -4097 -4225 -4097 -4225 -4225 
CPU side received count (scaleup: 4): -6623 -6758 -6552 -6792 -6716 -6778 -6777 -6746 # -4225 -4097 -4225 -4225 -4225 -4225 -4227 -4097 -4225 -3969 -4097 -4097 -4353 -3969 -4097 -4225 
CPU side received count (scaleup: 2): -6725 -6642 -6673 -6681 -6704 -6632 -6658 -6599 # -4097 -4097 -4097 -4225 -4097 -4225 -4225 -4097 -4097 -4097 -4097 -4225 -4097 -4097 -4225 -4225 
7 -4225 -4097 -4097 -4097 -4225 -4097 -4097 -4097 -4097 
5 -4097 -4097 -4225 -4225 -4225 -4225 -4097 -4225 -4097 
7 -4097 -3969 -4225 -4225 -4097 -4225 -4225 -4225 -4225 
5 -4097 -4097 -4097 -4225 -4225 -4353 -4225 -4097 -4225 
5 -4097 -4225 -4225 -4225 -4225 -4097 -4225 -4097 -4097 
Elastic buffer uses 4 channels per SM
Elastic buffer uses 4 channels per SM
Elastic buffer uses 4 channels per SM
Elastic buffer uses 4 channels per SM
Elastic buffer uses 4 channels per SM
Elastic buffer uses 4 channels per SM
Elastic buffer uses 4 channels per SM
Elastic buffer uses 4 channels per SM
Elastic buffer uses 4 channels per SM
Elastic buffer uses 4 channels per SM
Elastic buffer uses 4 channels per SM
Elastic buffer uses 4 channels per SM
Elastic buffer uses 4 channels per SM
Elastic buffer uses 4 channels per SM
Elastic buffer uses 4 channels per SM
Elastic buffer uses 4 channels per SM
Elastic buffer uses 4 channels per SM
Elastic buffer uses 4 channels per SM
Elastic buffer uses 4 channels per SM
Elastic buffer uses 4 channels per SM
Elastic buffer uses 4 channels per SM
Elastic buffer uses 4 channels per SM
Elastic buffer uses 4 channels per SM
Elastic buffer uses 4 channels per SM
CPU side received count (scaleup: 6): -6638 -6671 -6616 -6617 -6695 -6644 -6710 -6521 # -4097 -4097 -4097 -4225 -4225 -4097 -409CPU side received count (scaleup: 7): -6661 -6802 -6652 -6656 -6633 -6581 -6568 -6774 # -4097 -4097 -4097 -4097 -3969 -4097 -422CPU side received count (scaleup: 4): -6623 -6758 -6552 -6792 -6716 -6778 -6777 -6746 # -4225 -4097 -4225 -4225 -4225 -4225 -422CPU side received count (scaleup: 2): -6725 -6642 -6673 -6681 -6704 -6632 -6658 -6599 # -4097 -4097 -4097 -4225 -4097 -4225 -422CPU side received count (scaleup: 5): -6733 -6579 -6592 -6750 -6722 -6694 -6647 -6686 # -4225 -4097 -4225 -4097 -4225 -4225 -409CPU side received count (scaleup: 3): -6625 -6632 -6674 -6619 -6669 -6691 -6642 -6649 # -4097 -4225 -4097 -4097 -4097 -4097 -422CPU side received count (scaleup: 1): -6710 -6747 -6621 -6723 -6680 -6778 -6708 -6580 # -4097 -4225 -4097 -4097 -4097 -4097 -4227 -4225 -4097 -4097 -4097 -4225 -4097 -4097 -4097 -4097 
CPU side received count (scaleup: 0): -6562 -6632 -6627 -6567 -6605 -6607 -6666 -6619 # -4097 -4097 -4097 -4097 -3969 -4097 -4095 -4097 -4097 -4097 -4097 -4225 -4097 -4097 -4225 -4225 
5 -4097 -4097 -4097 -4225 -4225 -4353 -4225 -4097 -4225 
5 -4097 -4225 -4225 -4225 -4225 -4097 -4225 -4097 -4097 
7 -4097 -3969 -4225 -4225 -4097 -4225 -4225 -4225 -4225 
5 -4097 -4097 -4225 -4225 -4225 -4225 -4097 -4225 -4097 
5 -4097 -4097 -4225 -4097 -4097 -4225 -4097 -4225 -4225 
7 -4097 -4225 -3969 -4097 -4097 -4353 -3969 -4097 -4225 
Elastic buffer uses 4 channels per SM
Elastic buffer uses 4 channels per SM
Elastic buffer uses 4 channels per SM
Elastic buffer uses 4 channels per SM
Elastic buffer uses 4 channels per SM
Elastic buffer uses 4 channels per SM
Elastic buffer uses 4 channels per SM
Elastic buffer uses 4 channels per SM
CPU side received count (scaleup: 7): -6661 -6802 -6652 -6656 -6633 -6581 -6568 -6774 # -4097 -4097 -4097 -4097 -3969 -4097 -422CPU side received count (scaleup: 4): -6623 -6758 -6552 -6792 -6716 -6778 -6777 -6746 # -4225 -4097 -4225 -4225 -4225 -4225 -422CPU side received count (scaleup: 5): -6733 -6579 -6592 -6750 -6722 -6694 -6647 -6686 # -4225 -4097 -4225 -4097 -4225 -4225 -4095 -4097 -4097 -4097 -4097 -4225 -4097 -4097 -4225 -4225 
5 -4097 -4097 -4097 -4225 -4225 -4353 -4225 -4097 -4225 
7 -4097 -3969 -4225 -4225 -4097 -4225 -4225 -4225 -4225 
CPU side received count (scaleup: 2): -6725 -6642 -6673 -6681 -6704 -6632 -6658 -6599 # -4097 -4097 -4097 -4225 -4097 -4225 -422CPU side received count (scaleup: 0): -6562 -6632 -6627 -6567 -6605 -6607 -6666 -6619 # -4097 -4097 -4097 -4097 -3969 -4097 -409CPU side received count (scaleup: 6): -6638 -6671 -6616 -6617 -6695 -6644 -6710 -6521 # -4097 -4097 -4097 -4225 -4225 -4097 -4097 -4097 -4225 -3969 -4097 -4097 -4353 -3969 -4097 -4225 
7 -4225 -4097 -4097 -4097 -4225 -4097 -4097 -4097 -4097 
CPU side received count (scaleup: 3): -6625 -6632 -6674 -6619 -6669 -6691 -6642 -6649 # -4097 -4225 -4097 -4097 -4097 -4097 -422CPU side received count (scaleup: 1): -6710 -6747 -6621 -6723 -6680 -6778 -6708 -6580 # -4097 -4225 -4097 -4097 -4097 -4097 -4225 -4097 -4225 -4225 -4225 -4225 -4097 -4225 -4097 -4097 
5 -4097 -4097 -4225 -4225 -4225 -4225 -4097 -4225 -4097 
5 -4097 -4097 -4225 -4097 -4097 -4225 -4097 -4225 -4225 
Elastic buffer uses 4 channels per SM
Elastic buffer uses 4 channels per SM
Elastic buffer uses 4 channels per SM
Elastic buffer uses 4 channels per SM
Elastic buffer uses 4 channels per SM
Elastic buffer uses 4 channels per SM
Elastic buffer uses 4 channels per SM
Elastic buffer uses 4 channels per SM
CPU side received count (scaleup: 4): -6623 -6758 -6552 -6792 -6716 -6778 -6777 -6746 # -4225 -4097 -4225 -4225 -4225 -4225 -422CPU side received count (scaleup: 0): -6562 -6632 -6627 -6567 -6605 -6607 -6666 -6619 # -4097 -4097 -4097 -4097 -3969 -4097 -4095 -4097 -4097 -4097 -4225 -4225 -4353 -4225 -4097 -4225 
7 -4097 -4225 -3969 -4097 -4097 -4353 -3969 -4097 -4225 
CPU side received count (scaleup: 5): -6733 -6579 -6592 -6750 -6722 -6694 -6647 -6686 # -4225 -4097 -4225 -4097 -4225 -4225 -4097 -4097 -3969 -4225 -4225 -4097 -4225 -4225 -4225 -4225 
CPU side received count (scaleup: 1): -6710 -6747 -6621 -6723 -6680 -6778 -6708 -6580 # -4097 -4225 -4097 -4097 -4097 -4097 -4225 -4097 -4097 -4225 -4097 -4097 -4225 -4097 -4225 -4225 
CPU side received count (scaleup: 3): -6625 -6632 -6674 -6619 -6669 -6691 -6642 -6649 # -4097 -4225 -4097 -4097 -4097 -4097 -4225 -4097 -4097 -4225 -4225 -4225 -4225 -4097 -4225 -4097 
CPU side received count (scaleup: 2): -6725 -6642 -6673 -6681 -6704 -6632 -6658 -6599 # -4097 -4097 -4097 -4225 -4097 -4225 -4225 -4097 -4225 -4225 -4225 -4225 -4097 -4225 -4097 -4097 
CPU side received count (scaleup: 7): -6661 -6802 -6652 -6656 -6633 -6581 -6568 -6774 # -4097 -4097 -4097 -4097 -3969 -4097 -422CPU side received count (scaleup: 6): -6638 -6671 -6616 -6617 -6695 -6644 -6710 -6521 # -4097 -4097 -4097 -4225 -4225 -4097 -4095 -4097 -4097 -4097 -4097 -4225 -4097 -4097 -4225 -4225 
7 -4225 -4097 -4097 -4097 -4225 -4097 -4097 -4097 -4097 
Elastic buffer uses 4 channels per SM
Elastic buffer uses 4 channels per SM
Elastic buffer uses 4 channels per SM
Elastic buffer uses 4 channels per SM
Elastic buffer uses 4 channels per SM
Elastic buffer uses 4 channels per SM
Elastic buffer uses 4 channels per SM
Elastic buffer uses 4 channels per SM
CPU side received count (scaleup: 4): -6623 -6758 -6552 -6792 -6716 -6778 -6777 -6746 # -4225 -4097 -4225 -4225 -4225 -4225 -422CPU side received count (scaleup: 6): -6638 -6671 -6616 -6617 -6695 -6644 -6710 -6521 # -4097 -4097 -4097 -4225 -4225 -4097 -409CPU side received count (scaleup: 3): -6625 -6632 -6674 -6619 -6669 -6691 -6642 -6649 # -4097 -4225 -4097 -4097 -4097 -4097 -4227 -4225 -4097 -4097 -4097 -4225 -4097 -4097 -4097 -4097 
CPU side received count (scaleup: 1): -6710 -6747 -6621 -6723 -6680 -6778 -6708 -6580 # -4097 -4225 -4097 -4097 -4097 -4097 -422CPU side received count (scaleup: 5): -6733 -6579 -6592 -6750 -6722 -6694 -6647 -6686 # -4225 -4097 -4225 -4097 -4225 -4225 -4095 -4097 -4097 -4097 -4225 -4225 -4353 -4225 -4097 -4225 
5 -4097 -4097 -4225 -4225 -4225 -4225 -4097 -4225 -4097 
CPU side received count (scaleup: 0): -6562 -6632 -6627 -6567 -6605 -6607 -6666 -6619 # -4097 -4097 -4097 -4097 -3969 -4097 -409CPU side received count (scaleup: 2): -6725 -6642 -6673 -6681 -6704 -6632 -6658 -6599 # -4097 -4097 -4097 -4225 -4097 -4225 -4225 -4097 -4097 -4225 -4097 -4097 -4225 -4097 -4225 -4225 
7 -4097 -3969 -4225 -4225 -4097 -4225 -4225 -4225 -4225 
7 -4097 -4225 -3969 -4097 -4097 -4353 -3969 -4097 -4225 
5 -4097 -4225 -4225 -4225 -4225 -4097 -4225 -4097 -4097 
CPU side received count (scaleup: 7): -6661 -6802 -6652 -6656 -6633 -6581 -6568 -6774 # -4097 -4097 -4097 -4097 -3969 -4097 -4225 -4097 -4097 -4097 -4097 -4225 -4097 -4097 -4225 -4225 
Elastic buffer uses 4 channels per SM
Elastic buffer uses 4 channels per SM
Elastic buffer uses 4 channels per SM
Elastic buffer uses 4 channels per SM
Elastic buffer uses 4 channels per SM
Elastic buffer uses 4 channels per SM
Elastic buffer uses 4 channels per SM
Elastic buffer uses 4 channels per SM
CPU side received count (scaleup: 2): -6725 -6642 -6673 -6681 -6704 -6632 -6658 -6599 # -4097 -4097 -4097 -4225 -4097 -4225 -422CPU side received count (scaleup: 6): -6638 -6671 -6616 -6617 -6695 -6644 -6710 -6521 # -4097 -4097 -4097 -4225 -4225 -4097 -409CPU side received count (scaleup: 0): -6562 -6632 -6627 -6567 -6605 -6607 -6666 -6619 # -4097 -4097 -4097 -4097 -3969 -4097 -409CPU side received count (scaleup: 7): -6661 -6802 -6652 -6656 -6633 -6581 -6568 -6774 # -4097 -4097 -4097 -4097 -3969 -4097 -422CPU side received count (scaleup: 3): -6625 -6632 -6674 -6619 -6669 -6691 -6642 -6649 # -4097 -4225 -4097 -4097 -4097 -4097 -4225 -4097 -4097 -4097 -4097 -4225 -4097 -4097 -4225 -4225 
5 -4097 -4097 -4225 -4225 -4225 -4225 -4097 -4225 -4097 
5 -4097 -4225 -4225 -4225 -4225 -4097 -4225 -4097 -4097 
7 -4225 -4097 -4097 -4097 -4225 -4097 -4097 -4097 -4097 
7 -4097 -4225 -3969 -4097 -4097 -4353 -3969 -4097 -4225 
CPU side received count (scaleup: 4): -6623 -6758 -6552 -6792 -6716 -6778 -6777 -6746 # -4225 -4097 -4225 -4225 -4225 -4225 -422CPU side received count (scaleup: 1): -6710 -6747 -6621 -6723 -6680 -6778 -6708 -6580 # -4097 -4225 -4097 -4097 -4097 -4097 -422CPU side received count (scaleup: 5): -6733 -6579 -6592 -6750 -6722 -6694 -6647 -6686 # -4225 -4097 -4225 -4097 -4225 -4225 -4095 -4097 -4097 -4225 -4097 -4097 -4225 -4097 -4225 -4225 
5 -4097 -4097 -4097 -4225 -4225 -4353 -4225 -4097 -4225 
7 -4097 -3969 -4225 -4225 -4097 -4225 -4225 -4225 -4225 
Elastic buffer uses 4 channels per SM
Elastic buffer uses 4 channels per SM
Elastic buffer uses 4 channels per SM
Elastic buffer uses 4 channels per SM
Elastic buffer uses 4 channels per SM
Elastic buffer uses 4 channels per SM
Elastic buffer uses 4 channels per SM
Elastic buffer uses 4 channels per SM
CPU side received count (scaleup: 6): -6638 -6671 -6616 -6617 -6695 -6644 -6710 -6521 # -4097 -4097 -4097 -4225 -4225 -4097 -409CPU side received count (scaleup: 4): -6623 -6758 -6552 -6792 -6716 -6778 -6777 -6746 # -4225 -4097 -4225 -4225 -4225 -4225 -422CPU side received count (scaleup: 7): -6661 -6802 -6652 -6656 -6633 -6581 -6568 -6774 # -4097 -4097 -4097 -4097 -3969 -4097 -422CPU side received count (scaleup: 3): -6625 -6632 -6674 -6619 -6669 -6691 -6642 -6649 # -4097 -4225 -4097 -4097 -4097 -4097 -422CPU side received count (scaleup: 2): -6725 -6642 -6673 -6681 -6704 -6632 -6658 -6599 # -4097 -4097 -4097 -4225 -4097 -4225 -4225 -4097 -4097 -4097 -4225 -4225 -4353 -4225 -4097 -4225 
5 -4097 -4097 -4225 -4225 -4225 -4225 -4097 -4225 -4097 
5 -4097 -4225 -4225 -4225 -4225 -4097 -4225 -4097 -4097 
7 -4225 -4097 -4097 -4097 -4225 -4097 -4097 -4097 -4097 
5 -4097 -4097 -4097 -4097 -4225 -4097 -4097 -4225 -4225 
CPU side received count (scaleup: 0): -6562 -6632 -6627 -6567 -6605 -6607 -6666 -6619 # -4097 -4097 -4097 -4097 -3969 -4097 -409CPU side received count (scaleup: 1): -6710 -6747 -6621 -6723 -6680 -6778 -6708 -6580 # -4097 -4225 -4097 -4097 -4097 -4097 -4227 -4097 -4225 -3969 -4097 -4097 -4353 -3969 -4097 -4225 
5 -4097 -4097 -4225 -4097 -4097 -4225 -4097 -4225 -4225 
CPU side received count (scaleup: 5): -6733 -6579 -6592 -6750 -6722 -6694 -6647 -6686 # -4225 -4097 -4225 -4097 -4225 -4225 -4097 -4097 -3969 -4225 -4225 -4097 -4225 -4225 -4225 -4225 
Elastic buffer uses 4 channels per SM
Elastic buffer uses 4 channels per SM
Elastic buffer uses 4 channels per SM
Elastic buffer uses 4 channels per SM
Elastic buffer uses 4 channels per SM
Elastic buffer uses 4 channels per SM
Elastic buffer uses 4 channels per SM
Elastic buffer uses 4 channels per SM
CPU side received count (scaleup: 7): -6661 -6802 -6652 -6656 -6633 -6581 -6568 -6774 # -4097 -4097 -4097 -4097 -3969 -4097 -422CPU side received count (scaleup: 1): -6710 -6747 -6621 -6723 -6680 -6778 -6708 -6580 # -4097 -4225 -4097 -4097 -4097 -4097 -422CPU side received count (scaleup: 0): -6562 -6632 -6627 -6567 -6605 -6607 -6666 -6619 # -4097 -4097 -4097 -4097 -3969 -4097 -4095 -4097 -4097 -4097 -4097 -4225 -4097 -4097 -4225 -4225 
CPU side received count (scaleup: 4): -6623 -6758 -6552 -6792 -6716 -6778 -6777 -6746 # -4225 -4097 -4225 -4225 -4225 -4225 -4225 -4097 -4097 -4225 -4097 -4097 -4225 -4097 -4225 -4225 
7 -4097 -4225 -3969 -4097 -4097 -4353 -3969 -4097 -4225 
CPU side received count (scaleup: 5): -6733 -6579 -6592 -6750 -6722 -6694 -6647 -6686 # -4225 -4097 -4225 -4097 -4225 -4225 -409CPU side received count (scaleup: 6): -6638 -6671 -6616 -6617 -6695 -6644 -6710 -6521 # -4097 -4097 -4097 -4225 -4225 -4097 -409CPU side received count (scaleup: 3): -6625 -6632 -6674 -6619 -6669 -6691 -6642 -6649 # -4097 -4225 -4097 -4097 -4097 -4097 -4225 -4097 -4097 -4097 -4225 -4225 -4353 -4225 -4097 -4225 
7 -4097 -3969 -4225 -4225 -4097 -4225 -4225 -4225 -4225 
5 -4097 -4097 -4225 -4225 -4225 -4225 -4097 -4225 -4097 
7 -4225 -4097 -4097 -4097 -4225 -4097 -4097 -4097 -4097 
CPU side received count (scaleup: 2): -6725 -6642 -6673 -6681 -6704 -6632 -6658 -6599 # -4097 -4097 -4097 -4225 -4097 -4225 -4225 -4097 -4225 -4225 -4225 -4225 -4097 -4225 -4097 -4097 
Elastic buffer uses 4 channels per SM
Elastic buffer uses 4 channels per SM
Elastic buffer uses 4 channels per SM
Elastic buffer uses 4 channels per SM
Elastic buffer uses 4 channels per SM
Elastic buffer uses 4 channels per SM
Elastic buffer uses 4 channels per SM
Elastic buffer uses 4 channels per SM
CPU side received count (scaleup: 4): -6623 -6758 -6552 -6792 -6716 -6778 -6777 -6746 # -4225 -4097 -4225 -4225 -4225 -4225 -422CPU side received count (scaleup: 6): -6638 -6671 -6616 -6617 -6695 -6644 -6710 -6521 # -4097 -4097 -4097 -4225 -4225 -4097 -409CPU side received count (scaleup: 7): -6661 -6802 -6652 -6656 -6633 -6581 -6568 -6774 # -4097 -4097 -4097 -4097 -3969 -4097 -4225 -4097 -4097 -4097 -4225 -4225 -4353 -4225 -4097 -4225 
7 -4225 -4097 -4097 -4097 -4225 -4097 -4097 -4097 -4097 
5 -4097 -4097 -4097 -4097 -4225 -4097 -4097 -4225 -4225 
CPU side received count (scaleup: 3): -6625 -6632 -6674 -6619 -6669 -6691 -6642 -6649 # -4097 -4225 -4097 -4097 -4097 -4097 -422CPU side received count (scaleup: 1): -6710 -6747 -6621 -6723 -6680 -6778 -6708 -6580 # -4097 -4225 -4097 -4097 -4097 -4097 -422CPU side received count (scaleup: 0): -6562 -6632 -6627 -6567 -6605 -6607 -6666 -6619 # -4097 -4097 -4097 -4097 -3969 -4097 -409CPU side received count (scaleup: 5): -6733 -6579 -6592 -6750 -6722 -6694 -6647 -6686 # -4225 -4097 -4225 -4097 -4225 -4225 -4095 -4097 -4097 -4225 -4097 -4097 -4225 -4097 -4225 -4225 
7 -4097 -4225 -3969 -4097 -4097 -4353 -3969 -4097 -4225 
CPU side received count (scaleup: 2): -6725 -6642 -6673 -6681 -6704 -6632 -6658 -6599 # -4097 -4097 -4097 -4225 -4097 -4225 -4227 -4097 -3969 -4225 -4225 -4097 -4225 -4225 -4225 -4225 
5 -4097 -4097 -4225 -4225 -4225 -4225 -4097 -4225 -4097 
5 -4097 -4225 -4225 -4225 -4225 -4097 -4225 -4097 -4097 
Elastic buffer uses 4 channels per SM
Elastic buffer uses 4 channels per SM
Elastic buffer uses 4 channels per SM
Elastic buffer uses 4 channels per SM
Elastic buffer uses 4 channels per SM
Elastic buffer uses 4 channels per SM
Elastic buffer uses 4 channels per SM
Elastic buffer uses 4 channels per SM
CPU side received count (scaleup: 1): -6710 -6747 -6621 -6723 -6680 -6778 -6708 -6580 # -4097 -4225 -4097 -4097 -4097 -4097 -422CPU side received count (scaleup: 0): -6562 -6632 -6627 -6567 -6605 -6607 -6666 -6619 # -4097 -4097 -4097 -4097 -3969 -4097 -409CPU side received count (scaleup: 3): -6625 -6632 -6674 -6619 -6669 -6691 -6642 -6649 # -4097 -4225 -4097 -4097 -4097 -4097 -4225 -4097 -4097 -4225 -4097 -4097 -4225 -4097 -4225 -4225 
5 -4097 -4097 -4225 -4225 -4225 -4225 -4097 -4225 -4097 
7 -4097 -4225 -3969 -4097 -4097 -4353 -3969 -4097 -4225 
CPU side received count (scaleup: 2): -6725 -6642 -6673 -6681 -6704 -6632 -6658 -6599 # -4097 -4097 -4097 -4225 -4097 -4225 -422CPU side received count (scaleup: 4): -6623 -6758 -6552 -6792 -6716 -6778 -6777 -6746 # -4225 -4097 -4225 -4225 -4225 -4225 -422CPU side received count (scaleup: 7): -6661 -6802 -6652 -6656 -6633 -6581 -6568 -6774 # -4097 -4097 -4097 -4097 -3969 -4097 -4225 -4097 -4225 -4225 -4225 -4225 -4097 -4225 -4097 -4097 
5 -4097 -4097 -4097 -4225 -4225 -4353 -4225 -4097 -4225 
CPU side received count (scaleup: 5): -6733 -6579 -6592 -6750 -6722 -6694 -6647 -6686 # -4225 -4097 -4225 -4097 -4225 -4225 -4095 -4097 -4097 -4097 -4097 -4225 -4097 -4097 -4225 -4225 
7 -4097 -3969 -4225 -4225 -4097 -4225 -4225 -4225 -4225 
CPU side received count (scaleup: 6): -6638 -6671 -6616 -6617 -6695 -6644 -6710 -6521 # -4097 -4097 -4097 -4225 -4225 -4097 -4097 -4225 -4097 -4097 -4097 -4225 -4097 -4097 -4097 -4097 
Elastic buffer uses 4 channels per SM
Elastic buffer uses 4 channels per SM
Elastic buffer uses 4 channels per SM
Elastic buffer uses 4 channels per SM
Elastic buffer uses 4 channels per SM
Elastic buffer uses 4 channels per SM
Elastic buffer uses 4 channels per SM
Elastic buffer uses 4 channels per SM
CPU side received count (scaleup: 4): -6623 -6758 -6552 -6792 -6716 -6778 -6777 -6746 # -4225 -4097 -4225 -4225 -4225 -4225 -422CPU side received count (scaleup: 3): -6625 -6632 -6674 -6619 -6669 -6691 -6642 -6649 # -4097 -4225 -4097 -4097 -4097 -4097 -422CPU side received count (scaleup: 6): -6638 -6671 -6616 -6617 -6695 -6644 -6710 -6521 # -4097 -4097 -4097 -4225 -4225 -4097 -409CPU side received count (scaleup: 2): -6725 -6642 -6673 -6681 -6704 -6632 -6658 -6599 # -4097 -4097 -4097 -4225 -4097 -4225 -422CPU side received count (scaleup: 5): -6733 -6579 -6592 -6750 -6722 -6694 -6647 -6686 # -4225 -4097 -4225 -4097 -4225 -4225 -4095 -4097 -4097 -4097 -4225 -4225 -4353 -4225 -4097 -4225 
CPU side received count (scaleup: 1): -6710 -6747 -6621 -6723 -6680 -6778 -6708 -6580 # -4097 -4225 -4097 -4097 -4097 -4097 -4225 -4097 -4097 -4225 -4225 -4225 -4225 -4097 -4225 -4097 
CPU side received count (scaleup: 0): -6562 -6632 -6627 -6567 -6605 -6607 -6666 -6619 # -4097 -4097 -4097 -4097 -3969 -4097 -4097 -4225 -4097 -4097 -4097 -4225 -4097 -4097 -4097 -4097 
5 -4097 -4225 -4225 -4225 -4225 -4097 -4225 -4097 -4097 
CPU side received count (scaleup: 7): -6661 -6802 -6652 -6656 -6633 -6581 -6568 -6774 # -4097 -4097 -4097 -4097 -3969 -4097 -4227 -4097 -3969 -4225 -4225 -4097 -4225 -4225 -4225 -4225 
5 -4097 -4097 -4225 -4097 -4097 -4225 -4097 -4225 -4225 
7 -4097 -4225 -3969 -4097 -4097 -4353 -3969 -4097 -4225 
5 -4097 -4097 -4097 -4097 -4225 -4097 -4097 -4225 -4225 
Elastic buffer uses 4 channels per SM
Elastic buffer uses 4 channels per SM
Elastic buffer uses 4 channels per SM
Elastic buffer uses 4 channels per SM
Elastic buffer uses 4 channels per SM
Elastic buffer uses 4 channels per SM
Elastic buffer uses 4 channels per SM
Elastic buffer uses 4 channels per SM
CPU side received count (scaleup: 7): -6661 -6802 -6652 -6656 -6633 -6581 -6568 -6774 # -4097 -4097 -4097 -4097 -3969 -4097 -422CPU side received count (scaleup: 4): -6623 -6758 -6552 -6792 -6716 -6778 -6777 -6746 # -4225 -4097 -4225 -4225 -4225 -4225 -422CPU side received count (scaleup: 6): -6638 -6671 -6616 -6617 -6695 -6644 -6710 -6521 # -4097 -4097 -4097 -4225 -4225 -4097 -4095 -4097 -4097 -4097 -4097 -4225 -4097 -4097 -4225 -4225 
5 -4097 -4097 -4097 -4225 -4225 -4353 -4225 -4097 -4225 
CPU side received count (scaleup: 5): -6733 -6579 -6592 -6750 -6722 -6694 -6647 -6686 # -4225 -4097 -4225 -4097 -4225 -4225 -4097 -4225 -4097 -4097 -4097 -4225 -4097 -4097 -4097 -4097 
7 -4097 -3969 -4225 -4225 -4097 -4225 -4225 -4225 -4225 
CPU side received count (scaleup: 3): -6625 -6632 -6674 -6619 -6669 -6691 -6642 -6649 # -4097 -4225 -4097 -4097 -4097 -4097 -4225 -4097 -4097 -4225 -4225 -4225 -4225 -4097 -4225 -4097 
CPU side received count (scaleup: 1): -6710 -6747 -6621 -6723 -6680 -6778 -6708 -6580 # -4097 -4225 -4097 -4097 -4097 -4097 -422CPU side received count (scaleup: 0): -6562 -6632 -6627 -6567 -6605 -6607 -6666 -6619 # -4097 -4097 -4097 -4097 -3969 -4097 -4095 -4097 -4097 -4225 -4097 -4097 -4225 -4097 -4225 -4225 
7 -4097 -4225 -3969 -4097 -4097 -4353 -3969 -4097 -4225 
CPU side received count (scaleup: 2): -6725 -6642 -6673 -6681 -6704 -6632 -6658 -6599 # -4097 -4097 -4097 -4225 -4097 -4225 -4225 -4097 -4225 -4225 -4225 -4225 -4097 -4225 -4097 -4097 
Elastic buffer uses 4 channels per SM
Elastic buffer uses 4 channels per SM
Elastic buffer uses 4 channels per SM
Elastic buffer uses 4 channels per SM
Elastic buffer uses 4 channels per SM
Elastic buffer uses 4 channels per SM
Elastic buffer uses 4 channels per SM
Elastic buffer uses 4 channels per SM
CPU side received count (scaleup: 2): -6725 -6642 -6673 -6681 -6704 -6632 -6658 -6599 # -4097 -4097 -4097 -4225 -4097 -4225 -422CPU side received count (scaleup: 7): -6661 -6802 -6652 -6656 -6633 -6581 -6568 -6774 # -4097 -4097 -4097 -4097 -3969 -4097 -422CPU side received count (scaleup: 6): -6638 -6671 -6616 -6617 -6695 -6644 -6710 -6521 # -4097 -4097 -4097 -4225 -4225 -4097 -409CPU side received count (scaleup: 4): -6623 -6758 -6552 -6792 -6716 -6778 -6777 -6746 # -4225 -4097 -4225 -4225 -4225 -4225 -422CPU side received count (scaleup: 3): -6625 -6632 -6674 -6619 -6669 -6691 -6642 -6649 # -4097 -4225 -4097 -4097 -4097 -4097 -422CPU side received count (scaleup: 5): -6733 -6579 -6592 -6750 -6722 -6694 -6647 -6686 # -4225 -4097 -4225 -4097 -4225 -4225 -4095 -4097 -4225 -4225 -4225 -4225 -4097 -4225 -4097 -4097 
5 -4097 -4097 -4225 -4225 -4225 -4225 -4097 -4225 -4097 
5 -4097 -4097 -4097 -4097 -4225 -4097 -4097 -4225 -4225 
7 -4225 -4097 -4097 -4097 -4225 -4097 -4097 -4097 -4097 
7 -4097 -3969 -4225 -4225 -4097 -4225 -4225 -4225 -4225 
5 -4097 -4097 -4097 -4225 -4225 -4353 -4225 -4097 -4225 
CPU side received count (scaleup: 1): -6710 -6747 -6621 -6723 -6680 -6778 -6708 -6580 # -4097 -4225 -4097 -4097 -4097 -4097 -4225 -4097 -4097 -4225 -4097 -4097 -4225 -4097 -4225 -4225 
CPU side received count (scaleup: 0): -6562 -6632 -6627 -6567 -6605 -6607 -6666 -6619 # -4097 -4097 -4097 -4097 -3969 -4097 -4097 -4097 -4225 -3969 -4097 -4097 -4353 -3969 -4097 -4225 
Elastic buffer uses 4 channels per SM
Elastic buffer uses 4 channels per SM
Elastic buffer uses 4 channels per SM
Elastic buffer uses 4 channels per SM
Elastic buffer uses 4 channels per SM
Elastic buffer uses 4 channels per SM
Elastic buffer uses 4 channels per SM
Elastic buffer uses 4 channels per SM
CPU side received count (scaleup: 1): -6710 -6747 -6621 -6723 -6680 -6778 -6708 -6580 # -4097 -4225 -4097 -4097 -4097 -4097 -422CPU side received count (scaleup: 0): -6562 -6632 -6627 -6567 -6605 -6607 -6666 -6619 # -4097 -4097 -4097 -4097 -3969 -4097 -409CPU side received count (scaleup: 4): -6623 -6758 -6552 -6792 -6716 -6778 -6777 -6746 # -4225 -4097 -4225 -4225 -4225 -4225 -422CPU side received count (scaleup: 5): -6733 -6579 -6592 -6750 -6722 -6694 -6647 -6686 # -4225 -4097 -4225 -4097 -4225 -4225 -4095 -4097 -4097 -4225 -4097 -4097 -4225 -4097 -4225 -4225 
CPU side received count (scaleup: 2): -6725 -6642 -6673 -6681 -6704 -6632 -6658 -6599 # -4097 -4097 -4097 -4225 -4097 -4225 -4227 -4097 -4225 -3969 -4097 -4097 -4353 -3969 -4097 -4225 
CPU side received count (scaleup: 3): -6625 -6632 -6674 -6619 -6669 -6691 -6642 -6649 # -4097 -4225 -4097 -4097 -4097 -4097 -4225 -4097 -4097 -4097 -4225 -4225 -4353 -4225 -4097 -4225 
7 -4097 -3969 -4225 -4225 -4097 -4225 -4225 -4225 -4225 
CPU side received count (scaleup: 7): -6661 -6802 -6652 -6656 -6633 -6581 -6568 -6774 # -4097 -4097 -4097 -4097 -3969 -4097 -4225 -4097 -4097 -4225 -4225 -4225 -4225 -4097 -4225 -4097 
5 -4097 -4225 -4225 -4225 -4225 -4097 -4225 -4097 -4097 
5 -4097 -4097 -4097 -4097 -4225 -4097 -4097 -4225 -4225 
CPU side received count (scaleup: 6): -6638 -6671 -6616 -6617 -6695 -6644 -6710 -6521 # -4097 -4097 -4097 -4225 -4225 -4097 -4097 -4225 -4097 -4097 -4097 -4225 -4097 -4097 -4097 -4097 
Elastic buffer uses 4 channels per SM
Elastic buffer uses 4 channels per SM
Elastic buffer uses 4 channels per SM
Elastic buffer uses 4 channels per SM
Elastic buffer uses 4 channels per SM
Elastic buffer uses 4 channels per SM
Elastic buffer uses 4 channels per SM
Elastic buffer uses 4 channels per SM
CPU side received count (scaleup: 6): -6638 -6671 -6616 -6617 -6695 -6644 -6710 -6521 # -4097 -4097 -4097 -4225 -4225 -4097 -409CPU side received count (scaleup: 2): -6725 -6642 -6673 -6681 -6704 -6632 -6658 -6599 # -4097 -4097 -4097 -4225 -4097 -4225 -422CPU side received count (scaleup: 4): -6623 -6758 -6552 -6792 -6716 -6778 -6777 -6746 # -4225 -4097 -4225 -4225 -4225 -4225 -422CPU side received count (scaleup: 7): -6661 -6802 -6652 -6656 -6633 -6581 -6568 -6774 # -4097 -4097 -4097 -4097 -3969 -4097 -4227 -4225 -4097 -4097 -4097 -4225 -4097 -4097 -4097 -4097 
CPU side received count (scaleup: 1): -6710 -6747 -6621 -6723 -6680 -6778 -6708 -6580 # -4097 -4225 -4097 -4097 -4097 -4097 -422CPU side received count (scaleup: 0): -6562 -6632 -6627 -6567 -6605 -6607 -6666 -6619 # -4097 -4097 -4097 -4097 -3969 -4097 -4095 -4097 -4097 -4097 -4097 -4225 -4097 -4097 -4225 -4225 
5 -4097 -4225 -4225 -4225 -4225 -4097 -4225 -4097 -4097 
5 -4097 -4097 -4097 -4225 -4225 -4353 -4225 -4097 -4225 
7 -4097 -4225 -3969 -4097 -4097 -4353 -3969 -4097 -4225 
5 -4097 -4097 -4225 -4097 -4097 -4225 -4097 -4225 -4225 
CPU side received count (scaleup: 5): -6733 -6579 -6592 -6750 -6722 -6694 -6647 -6686 # -4225 -4097 -4225 -4097 -4225 -4225 -4097 -4097 -3969 -4225 -4225 -4097 -4225 -4225 -4225 -4225 
CPU side received count (scaleup: 3): -6625 -6632 -6674 -6619 -6669 -6691 -6642 -6649 # -4097 -4225 -4097 -4097 -4097 -4097 -4225 -4097 -4097 -4225 -4225 -4225 -4225 -4097 -4225 -4097 
Elastic buffer uses 4 channels per SM
Elastic buffer uses 4 channels per SM
Elastic buffer uses 4 channels per SM
Elastic buffer uses 4 channels per SM
Elastic buffer uses 4 channels per SM
Elastic buffer uses 4 channels per SM
Elastic buffer uses 4 channels per SM
Elastic buffer uses 4 channels per SM
CPU side received count (scaleup: 6): -6638 -6671 -6616 -6617 -6695 -6644 -6710 -6521 # -4097 -4097 -4097 -4225 -4225 -4097 -409CPU side received count (scaleup: 2): -6725 -6642 -6673 -6681 -6704 -6632 -6658 -6599 # -4097 -4097 -4097 -4225 -4097 -4225 -422CPU side received count (scaleup: 3): -6625 -6632 -6674 -6619 -6669 -6691 -6642 -6649 # -4097 -4225 -4097 -4097 -4097 -4097 -4227 -4225 -4097 -4097 -4097 -4225 -4097 -4097 -4097 -4097 
5 -4097 -4225 -4225 -4225 -4225 -4097 -4225 -4097 -4097 
5 -4097 -4097 -4225 -4225 -4225 -4225 -4097 -4225 -4097 
CPU side received count (scaleup: 0): -6562 -6632 -6627 -6567 -6605 -6607 -6666 -6619 # -4097 -4097 -4097 -4097 -3969 -4097 -409CPU side received count (scaleup: 5): -6733 -6579 -6592 -6750 -6722 -6694 -6647 -6686 # -4225 -4097 -4225 -4097 -4225 -4225 -4097 -4097 -4225 -3969 -4097 -4097 -4353 -3969 -4097 -4225 
7 -4097 -3969 -4225 -4225 -4097 -4225 -4225 -4225 -4225 
CPU side received count (scaleup: 7): -6661 -6802 -6652 -6656 -6633 -6581 -6568 -6774 # -4097 -4097 -4097 -4097 -3969 -4097 -422CPU side received count (scaleup: 4): -6623 -6758 -6552 -6792 -6716 -6778 -6777 -6746 # -4225 -4097 -4225 -4225 -4225 -4225 -4225 -4097 -4097 -4097 -4097 -4225 -4097 -4097 -4225 -4225 
5 -4097 -4097 -4097 -4225 -4225 -4353 -4225 -4097 -4225 
CPU side received count (scaleup: 1): -6710 -6747 -6621 -6723 -6680 -6778 -6708 -6580 # -4097 -4225 -4097 -4097 -4097 -4097 -4225 -4097 -4097 -4225 -4097 -4097 -4225 -4097 -4225 -4225 
Elastic buffer uses 4 channels per SM
Elastic buffer uses 4 channels per SM
Elastic buffer uses 4 channels per SM
Elastic buffer uses 4 channels per SM
Elastic buffer uses 4 channels per SM
Elastic buffer uses 4 channels per SM
Elastic buffer uses 4 channels per SM
Elastic buffer uses 4 channels per SM
CPU side received count (scaleup: 0): -6562 -6632 -6627 -6567 -6605 -6607 -6666 -6619 # -4097 -4097 -4097 -4097 -3969 -4097 -409CPU side received count (scaleup: 2): -6725 -6642 -6673 -6681 -6704 -6632 -6658 -6599 # -4097 -4097 -4097 -4225 -4097 -4225 -422CPU side received count (scaleup: 6): -6638 -6671 -6616 -6617 -6695 -6644 -6710 -6521 # -4097 -4097 -4097 -4225 -4225 -4097 -409CPU side received count (scaleup: 4): -6623 -6758 -6552 -6792 -6716 -6778 -6777 -6746 # -4225 -4097 -4225 -4225 -4225 -4225 -4225 -4097 -4225 -4225 -4225 -4225 -4097 -4225 -4097 -4097 
CPU side received count (scaleup: 1): -6710 -6747 -6621 -6723 -6680 -6778 -6708 -6580 # -4097 -4225 -4097 -4097 -4097 -4097 -422CPU side received count (scaleup: 3): -6625 -6632 -6674 -6619 -6669 -6691 -6642 -6649 # -4097 -4225 -4097 -4097 -4097 -4097 -4225 -4097 -4097 -4225 -4097 -4097 -4225 -4097 -4225 -4225 
7 -4097 -4225 -3969 -4097 -4097 -4353 -3969 -4097 -4225 
CPU side received count (scaleup: 7): -6661 -6802 -6652 -6656 -6633 -6581 -6568 -6774 # -4097 -4097 -4097 -4097 -3969 -4097 -4227 -4225 -4097 -4097 -4097 -4225 -4097 -4097 -4097 -4097 
CPU side received count (scaleup: 5): -6733 -6579 -6592 -6750 -6722 -6694 -6647 -6686 # -4225 -4097 -4225 -4097 -4225 -4225 -4095 -4097 -4097 -4097 -4225 -4225 -4353 -4225 -4097 -4225 
5 -4097 -4097 -4225 -4225 -4225 -4225 -4097 -4225 -4097 
5 -4097 -4097 -4097 -4097 -4225 -4097 -4097 -4225 -4225 
7 -4097 -3969 -4225 -4225 -4097 -4225 -4225 -4225 -4225 
Elastic buffer uses 4 channels per SM
Elastic buffer uses 4 channels per SM
Elastic buffer uses 4 channels per SM
Elastic buffer uses 4 channels per SM
Elastic buffer uses 4 channels per SM
Elastic buffer uses 4 channels per SM
Elastic buffer uses 4 channels per SM
Elastic buffer uses 4 channels per SM
CPU side received count (scaleup: 4): -6623 -6758 -6552 -6792 -6716 -6778 -6777 -6746 # -4225 -4097 -4225 -4225 -4225 -4225 -422CPU side received count (scaleup: 6): -6638 -6671 -6616 -6617 -6695 -6644 -6710 -6521 # -4097 -4097 -4097 -4225 -4225 -4097 -409CPU side received count (scaleup: 7): -6661 -6802 -6652 -6656 -6633 -6581 -6568 -6774 # -4097 -4097 -4097 -4097 -3969 -4097 -422CPU side received count (scaleup: 3): -6625 -6632 -6674 -6619 -6669 -6691 -6642 -6649 # -4097 -4225 -4097 -4097 -4097 -4097 -422CPU side received count (scaleup: 5): -6733 -6579 -6592 -6750 -6722 -6694 -6647 -6686 # -4225 -4097 -4225 -4097 -4225 -4225 -4095 -4097 -4097 -4097 -4097 -4225 -4097 -4097 -4225 -4225 
5 -4097 -4097 -4097 -4225 -4225 -4353 -4225 -4097 -4225 
7 -4225 -4097 -4097 -4097 -4225 -4097 -4097 -4097 -4097 
7 -4097 -3969 -4225 -4225 -4097 -4225 -4225 -4225 -4225 
CPU side received count (scaleup: 2): -6725 -6642 -6673 -6681 -6704 -6632 -6658 -6599 # -4097 -4097 -4097 -4225 -4097 -4225 -4225 -4097 -4097 -4225 -4225 -4225 -4225 -4097 -4225 -4097 
5 -4097 -4225 -4225 -4225 -4225 -4097 -4225 -4097 -4097 
CPU side received count (scaleup: 0): -6562 -6632 -6627 -6567 -6605 -6607 -6666 -6619 # -4097 -4097 -4097 -4097 -3969 -4097 -4097 -4097 -4225 -3969 -4097 -4097 -4353 -3969 -4097 -4225 
CPU side received count (scaleup: 1): -6710 -6747 -6621 -6723 -6680 -6778 -6708 -6580 # -4097 -4225 -4097 -4097 -4097 -4097 -4225 -4097 -4097 -4225 -4097 -4097 -4225 -4097 -4225 -4225 
Elastic buffer uses 4 channels per SM
Elastic buffer uses 4 channels per SM
Elastic buffer uses 4 channels per SM
Elastic buffer uses 4 channels per SM
Elastic buffer uses 4 channels per SM
Elastic buffer uses 4 channels per SM
Elastic buffer uses 4 channels per SM
Elastic buffer uses 4 channels per SM
CPU side received count (scaleup: 7): -6661 -6802 -6652 -6656 -6633 -6581 -6568 -6774 # -4097 -4097 -4097 -4097 -3969 -4097 -422CPU side received count (scaleup: 1): -6710 -6747 -6621 -6723 -6680 -6778 -6708 -6580 # -4097 -4225 -4097 -4097 -4097 -4097 -422CPU side received count (scaleup: 4): -6623 -6758 -6552 -6792 -6716 -6778 -6777 -6746 # -4225 -4097 -4225 -4225 -4225 -4225 -422CPU side received count (scaleup: 6): -6638 -6671 -6616 -6617 -6695 -6644 -6710 -6521 # -4097 -4097 -4097 -4225 -4225 -4097 -409CPU side received count (scaleup: 5): -6733 -6579 -6592 -6750 -6722 -6694 -6647 -6686 # -4225 -4097 -4225 -4097 -4225 -4225 -4095 -4097 -4097 -4225 -4097 -4097 -4225 -4097 -4225 -4225 
5 -4097 -4097 -4097 -4225 -4225 -4353 -4225 -4097 -4225 
5 -4097 -4097 -4097 -4097 -4225 -4097 -4097 -4225 -4225 
CPU side received count (scaleup: 3): -6625 -6632 -6674 -6619 -6669 -6691 -6642 -6649 # -4097 -4225 -4097 -4097 -4097 -4097 -422CPU side received count (scaleup: 0): -6562 -6632 -6627 -6567 -6605 -6607 -6666 -6619 # -4097 -4097 -4097 -4097 -3969 -4097 -409CPU side received count (scaleup: 2): -6725 -6642 -6673 -6681 -6704 -6632 -6658 -6599 # -4097 -4097 -4097 -4225 -4097 -4225 -4227 -4225 -4097 -4097 -4097 -4225 -4097 -4097 -4097 -4097 
5 -4097 -4097 -4225 -4225 -4225 -4225 -4097 -4225 -4097 
7 -4097 -3969 -4225 -4225 -4097 -4225 -4225 -4225 -4225 
7 -4097 -4225 -3969 -4097 -4097 -4353 -3969 -4097 -4225 
5 -4097 -4225 -4225 -4225 -4225 -4097 -4225 -4097 -4097 
Elastic buffer uses 4 channels per SM
Elastic buffer uses 4 channels per SM
Elastic buffer uses 4 channels per SM
Elastic buffer uses 4 channels per SM
Elastic buffer uses 4 channels per SM
Elastic buffer uses 4 channels per SM
Elastic buffer uses 4 channels per SM
Elastic buffer uses 4 channels per SM
CPU side received count (scaleup: 6): -6638 -6671 -6616 -6617 -6695 -6644 -6710 -6521 # -4097 -4097 -4097 -4225 -4225 -4097 -409CPU side received count (scaleup: 3): -6625 -6632 -6674 -6619 -6669 -6691 -6642 -6649 # -4097 -4225 -4097 -4097 -4097 -4097 -422CPU side received count (scaleup: 7): -6661 -6802 -6652 -6656 -6633 -6581 -6568 -6774 # -4097 -4097 -4097 -4097 -3969 -4097 -4225 -4097 -4097 -4225 -4225 -4225 -4225 -4097 -4225 -4097 
CPU side received count (scaleup: 5): -6733 -6579 -6592 -6750 -6722 -6694 -6647 -6686 # -4225 -4097 -4225 -4097 -4225 -4225 -409CPU side received count (scaleup: 4): -6623 -6758 -6552 -6792 -6716 -6778 -6777 -6746 # -4225 -4097 -4225 -4225 -4225 -4225 -422CPU side received count (scaleup: 2): -6725 -6642 -6673 -6681 -6704 -6632 -6658 -6599 # -4097 -4097 -4097 -4225 -4097 -4225 -422CPU side received count (scaleup: 0): -6562 -6632 -6627 -6567 -6605 -6607 -6666 -6619 # -4097 -4097 -4097 -4097 -3969 -4097 -409CPU side received count (scaleup: 1): -6710 -6747 -6621 -6723 -6680 -6778 -6708 -6580 # -4097 -4225 -4097 -4097 -4097 -4097 -4227 -4097 -4225 -3969 -4097 -4097 -4353 -3969 -4097 -4225 
7 -4225 -4097 -4097 -4097 -4225 -4097 -4097 -4097 -4097 
5 -4097 -4097 -4097 -4097 -4225 -4097 -4097 -4225 -4225 
7 -4097 -3969 -4225 -4225 -4097 -4225 -4225 -4225 -4225 
5 -4097 -4097 -4097 -4225 -4225 -4353 -4225 -4097 -4225 
5 -4097 -4225 -4225 -4225 -4225 -4097 -4225 -4097 -4097 
5 -4097 -4097 -4225 -4097 -4097 -4225 -4097 -4225 -4225 
Elastic buffer uses 4 channels per SM
Elastic buffer uses 4 channels per SM
Elastic buffer uses 4 channels per SM
Elastic buffer uses 4 channels per SM
Elastic buffer uses 4 channels per SM
Elastic buffer uses 4 channels per SM
Elastic buffer uses 4 channels per SM
Elastic buffer uses 4 channels per SM
CPU side received count (scaleup: 4): -6623 -6758 -6552 -6792 -6716 -6778 -6777 -6746 # -4225 -4097 -4225 -4225 -4225 -4225 -422CPU side received count (scaleup: 6): -6638 -6671 -6616 -6617 -6695 -6644 -6710 -6521 # -4097 -4097 -4097 -4225 -4225 -4097 -409CPU side received count (scaleup: 7): -6661 -6802 -6652 -6656 -6633 -6581 -6568 -6774 # -4097 -4097 -4097 -4097 -3969 -4097 -422CPU side received count (scaleup: 3): -6625 -6632 -6674 -6619 -6669 -6691 -6642 -6649 # -4097 -4225 -4097 -4097 -4097 -4097 -4225 -4097 -4097 -4097 -4225 -4225 -4353 -4225 -4097 -4225 
7 -4225 -4097 -4097 -4097 -4225 -4097 -4097 -4097 -4097 
CPU side received count (scaleup: 5): -6733 -6579 -6592 -6750 -6722 -6694 -6647 -6686 # -4225 -4097 -4225 -4097 -4225 -4225 -4095 -4097 -4097 -4097 -4097 -4225 -4097 -4097 -4225 -4225 
5 -4097 -4097 -4225 -4225 -4225 -4225 -4097 -4225 -4097 
7 -4097 -3969 -4225 -4225 -4097 -4225 -4225 -4225 -4225 
CPU side received count (scaleup: 1): -6710 -6747 -6621 -6723 -6680 -6778 -6708 -6580 # -4097 -4225 -4097 -4097 -4097 -4097 -422CPU side received count (scaleup: 0): -6562 -6632 -6627 -6567 -6605 -6607 -6666 -6619 # -4097 -4097 -4097 -4097 -3969 -4097 -4095 -4097 -4097 -4225 -4097 -4097 -4225 -4097 -4225 -4225 
7 -4097 -4225 -3969 -4097 -4097 -4353 -3969 -4097 -4225 
CPU side received count (scaleup: 2): -6725 -6642 -6673 -6681 -6704 -6632 -6658 -6599 # -4097 -4097 -4097 -4225 -4097 -4225 -4225 -4097 -4225 -4225 -4225 -4225 -4097 -4225 -4097 -4097 
Elastic buffer uses 4 channels per SM
Elastic buffer uses 4 channels per SM
Elastic buffer uses 4 channels per SM
Elastic buffer uses 4 channels per SM
Elastic buffer uses 4 channels per SM
Elastic buffer uses 4 channels per SM
Elastic buffer uses 4 channels per SM
Elastic buffer uses 4 channels per SM
CPU side received count (scaleup: 4): -6623 -6758 -6552 -6792 -6716 -6778 -6777 -6746 # -4225 -4097 -4225 -4225 -4225 -4225 -422CPU side received count (scaleup: 1): -6710 -6747 -6621 -6723 -6680 -6778 -6708 -6580 # -4097 -4225 -4097 -4097 -4097 -4097 -422CPU side received count (scaleup: 5): -6733 -6579 -6592 -6750 -6722 -6694 -6647 -6686 # -4225 -4097 -4225 -4097 -4225 -4225 -4095 -4097 -4097 -4097 -4225 -4225 -4353 -4225 -4097 -4225 
5 -4097 -4097 -4225 -4097 -4097 -4225 -4097 -4225 -4225 
7 -4097 -3969 -4225 -4225 -4097 -4225 -4225 -4225 -4225 
CPU side received count (scaleup: 0): -6562 -6632 -6627 -6567 -6605 -6607 -6666 -6619 # -4097 -4097 -4097 -4097 -3969 -4097 -409CPU side received count (scaleup: 7): -6661 -6802 -6652 -6656 -6633 -6581 -6568 -6774 # -4097 -4097 -4097 -4097 -3969 -4097 -422CPU side received count (scaleup: 3): -6625 -6632 -6674 -6619 -6669 -6691 -6642 -6649 # -4097 -4225 -4097 -4097 -4097 -4097 -422CPU side received count (scaleup: 2): -6725 -6642 -6673 -6681 -6704 -6632 -6658 -6599 # -4097 -4097 -4097 -4225 -4097 -4225 -4225 -4097 -4097 -4097 -4097 -4225 -4097 -4097 -4225 -4225 
5 -4097 -4097 -4225 -4225 -4225 -4225 -4097 -4225 -4097 
7 -4097 -4225 -3969 -4097 -4097 -4353 -3969 -4097 -4225 
5 -4097 -4225 -4225 -4225 -4225 -4097 -4225 -4097 -4097 
CPU side received count (scaleup: 6): -6638 -6671 -6616 -6617 -6695 -6644 -6710 -6521 # -4097 -4097 -4097 -4225 -4225 -4097 -4097 -4225 -4097 -4097 -4097 -4225 -4097 -4097 -4097 -4097 
Elastic buffer uses 4 channels per SM
Elastic buffer uses 4 channels per SM
Elastic buffer uses 4 channels per SM
Elastic buffer uses 4 channels per SM
Elastic buffer uses 4 channels per SM
Elastic buffer uses 4 channels per SM
Elastic buffer uses 4 channels per SM
Elastic buffer uses 4 channels per SM
CPU side received count (scaleup: 7): -6661 -6802 -6652 -6656 -6633 -6581 -6568 -6774 # -4097 -4097 -4097 -4097 -3969 -4097 -422CPU side received count (scaleup: 0): -6562 -6632 -6627 -6567 -6605 -6607 -6666 -6619 # -4097 -4097 -4097 -4097 -3969 -4097 -409CPU side received count (scaleup: 1): -6710 -6747 -6621 -6723 -6680 -6778 -6708 -6580 # -4097 -4225 -4097 -4097 -4097 -4097 -422CPU side received count (scaleup: 6): -6638 -6671 -6616 -6617 -6695 -6644 -6710 -6521 # -4097 -4097 -4097 -4225 -4225 -4097 -409CPU side received count (scaleup: 3): -6625 -6632 -6674 -6619 -6669 -6691 -6642 -6649 # -4097 -4225 -4097 -4097 -4097 -4097 -422CPU side received count (scaleup: 4): -6623 -6758 -6552 -6792 -6716 -6778 -6777 -6746 # -4225 -4097 -4225 -4225 -4225 -4225 -422CPU side received count (scaleup: 5): -6733 -6579 -6592 -6750 -6722 -6694 -6647 -6686 # -4225 -4097 -4225 -4097 -4225 -4225 -4095 -4097 -4097 -4225 -4225 -4225 -4225 -4097 -4225 -4097 
CPU side received count (scaleup: 2): -6725 -6642 -6673 -6681 -6704 -6632 -6658 -6599 # -4097 -4097 -4097 -4225 -4097 -4225 -4225 -4097 -4097 -4097 -4225 -4225 -4353 -4225 -4097 -4225 
5 -4097 -4097 -4097 -4097 -4225 -4097 -4097 -4225 -4225 
7 -4097 -4225 -3969 -4097 -4097 -4353 -3969 -4097 -4225 
7 -4097 -3969 -4225 -4225 -4097 -4225 -4225 -4225 -4225 
5 -4097 -4225 -4225 -4225 -4225 -4097 -4225 -4097 -4097 
7 -4225 -4097 -4097 -4097 -4225 -4097 -4097 -4097 -4097 
5 -4097 -4097 -4225 -4097 -4097 -4225 -4097 -4225 -4225 
Elastic buffer uses 4 channels per SM
Elastic buffer uses 4 channels per SM
Elastic buffer uses 4 channels per SM
Elastic buffer uses 4 channels per SM
Elastic buffer uses 4 channels per SM
Elastic buffer uses 4 channels per SM
Elastic buffer uses 4 channels per SM
Elastic buffer uses 4 channels per SM
CPU side received count (scaleup: 7): -6661 -6802 -6652 -6656 -6633 -6581 -6568 -6774 # -4097 -4097 -4097 -4097 -3969 -4097 -422CPU side received count (scaleup: 4): -6623 -6758 -6552 -6792 -6716 -6778 -6777 -6746 # -4225 -4097 -4225 -4225 -4225 -4225 -422CPU side received count (scaleup: 0): -6562 -6632 -6627 -6567 -6605 -6607 -6666 -6619 # -4097 -4097 -4097 -4097 -3969 -4097 -409CPU side received count (scaleup: 3): -6625 -6632 -6674 -6619 -6669 -6691 -6642 -6649 # -4097 -4225 -4097 -4097 -4097 -4097 -4225 -4097 -4097 -4097 -4225 -4225 -4353 -4225 -4097 -4225 
7 -4097 -4225 -3969 -4097 -4097 -4353 -3969 -4097 -4225 
5 -4097 -4097 -4097 -4097 -4225 -4097 -4097 -4225 -4225 
CPU side received count (scaleup: 1): -6710 -6747 -6621 -6723 -6680 -6778 -6708 -6580 # -4097 -4225 -4097 -4097 -4097 -4097 -4225 -4097 -4097 -4225 -4225 -4225 -4225 -4097 -4225 -4097 
5 -4097 -4097 -4225 -4097 -4097 -4225 -4097 -4225 -4225 
CPU side received count (scaleup: 5): -6733 -6579 -6592 -6750 -6722 -6694 -6647 -6686 # -4225 -4097 -4225 -4097 -4225 -4225 -4097 -4097 -3969 -4225 -4225 -4097 -4225 -4225 -4225 -4225 
CPU side received count (scaleup: 6): -6638 -6671 -6616 -6617 -6695 -6644 -6710 -6521 # -4097 -4097 -4097 -4225 -4225 -4097 -4097 -4225 -4097 -4097 -4097 -4225 -4097 -4097 -4097 -4097 
CPU side received count (scaleup: 2): -6725 -6642 -6673 -6681 -6704 -6632 -6658 -6599 # -4097 -4097 -4097 -4225 -4097 -4225 -4225 -4097 -4225 -4225 -4225 -4225 -4097 -4225 -4097 -4097 
Elastic buffer uses 4 channels per SM
Elastic buffer uses 4 channels per SM
Elastic buffer uses 4 channels per SM
Elastic buffer uses 4 channels per SM
Elastic buffer uses 4 channels per SM
Elastic buffer uses 4 channels per SM
Elastic buffer uses 4 channels per SM
Elastic buffer uses 4 channels per SM
CPU side received count (scaleup: 2): -6725 -6642 -6673 -6681 -6704 -6632 -6658 -6599 # -4097 -4097 -4097 -4225 -4097 -4225 -422CPU side received count (scaleup: 6): -6638 -6671 -6616 -6617 -6695 -6644 -6710 -6521 # -4097 -4097 -4097 -4225 -4225 -4097 -409CPU side received count (scaleup: 0): -6562 -6632 -6627 -6567 -6605 -6607 -6666 -6619 # -4097 -4097 -4097 -4097 -3969 -4097 -409CPU side received count (scaleup: 4): -6623 -6758 -6552 -6792 -6716 -6778 -6777 -6746 # -4225 -4097 -4225 -4225 -4225 -4225 -4225 -4097 -4225 -4225 -4225 -4225 -4097 -4225 -4097 -4097 
CPU side received count (scaleup: 1): -6710 -6747 -6621 -6723 -6680 -6778 -6708 -6580 # -4097 -4225 -4097 -4097 -4097 -4097 -4227 -4097 -4225 -3969 -4097 -4097 -4353 -3969 -4097 -4225 
CPU side received count (scaleup: 3): -6625 -6632 -6674 -6619 -6669 -6691 -6642 -6649 # -4097 -4225 -4097 -4097 -4097 -4097 -422CPU side received count (scaleup: 7): -6661 -6802 -6652 -6656 -6633 -6581 -6568 -6774 # -4097 -4097 -4097 -4097 -3969 -4097 -4227 -4225 -4097 -4097 -4097 -4225 -4097 -4097 -4097 -4097 
5 -4097 -4097 -4097 -4225 -4225 -4353 -4225 -4097 -4225 
5 -4097 -4097 -4225 -4097 -4097 -4225 -4097 -4225 -4225 
5 -4097 -4097 -4225 -4225 -4225 -4225 -4097 -4225 -4097 
5 -4097 -4097 -4097 -4097 -4225 -4097 -4097 -4225 -4225 
CPU side received count (scaleup: 5): -6733 -6579 -6592 -6750 -6722 -6694 -6647 -6686 # -4225 -4097 -4225 -4097 -4225 -4225 -4097 -4097 -3969 -4225 -4225 -4097 -4225 -4225 -4225 -4225 
Elastic buffer uses 4 channels per SM
Elastic buffer uses 4 channels per SM
Elastic buffer uses 4 channels per SM
Elastic buffer uses 4 channels per SM
Elastic buffer uses 4 channels per SM
Elastic buffer uses 4 channels per SM
Elastic buffer uses 4 channels per SM
Elastic buffer uses 4 channels per SM
CPU side received count (scaleup: 2): -6725 -6642 -6673 -6681 -6704 -6632 -6658 -6599 # -4097 -4097 -4097 -4225 -4097 -4225 -422CPU side received count (scaleup: 3): -6625 -6632 -6674 -6619 -6669 -6691 -6642 -6649 # -4097 -4225 -4097 -4097 -4097 -4097 -422CPU side received count (scaleup: 4): -6623 -6758 -6552 -6792 -6716 -6778 -6777 -6746 # -4225 -4097 -4225 -4225 -4225 -4225 -422CPU side received count (scaleup: 7): -6661 -6802 -6652 -6656 -6633 -6581 -6568 -6774 # -4097 -4097 -4097 -4097 -3969 -4097 -4225 -4097 -4225 -4225 -4225 -4225 -4097 -4225 -4097 -4097 
5 -4097 -4097 -4225 -4225 -4225 -4225 -4097 -4225 -4097 
5 -4097 -4097 -4097 -4225 -4225 -4353 -4225 -4097 -4225 
5 -4097 -4097 -4097 -4097 -4225 -4097 -4097 -4225 -4225 
CPU side received count (scaleup: 1): -6710 -6747 -6621 -6723 -6680 -6778 -6708 -6580 # -4097 -4225 -4097 -4097 -4097 -4097 -422CPU side received count (scaleup: 5): -6733 -6579 -6592 -6750 -6722 -6694 -6647 -6686 # -4225 -4097 -4225 -4097 -4225 -4225 -409CPU side received count (scaleup: 0): -6562 -6632 -6627 -6567 -6605 -6607 -6666 -6619 # -4097 -4097 -4097 -4097 -3969 -4097 -4097 -4097 -3969 -4225 -4225 -4097 -4225 -4225 -4225 -4225 
5 -4097 -4097 -4225 -4097 -4097 -4225 -4097 -4225 -4225 
7 -4097 -4225 -3969 -4097 -4097 -4353 -3969 -4097 -4225 
CPU side received count (scaleup: 6): -6638 -6671 -6616 -6617 -6695 -6644 -6710 -6521 # -4097 -4097 -4097 -4225 -4225 -4097 -4097 -4225 -4097 -4097 -4097 -4225 -4097 -4097 -4097 -4097 
Elastic buffer uses 4 channels per SM
Elastic buffer uses 4 channels per SM
Elastic buffer uses 4 channels per SM
Elastic buffer uses 4 channels per SM
Elastic buffer uses 4 channels per SM
Elastic buffer uses 4 channels per SM
Elastic buffer uses 4 channels per SM
Elastic buffer uses 4 channels per SM
CPU side received count (scaleup: 4): -6623 -6758 -6552 -6792 -6716 -6778 -6777 -6746 # -4225 -4097 -4225 -4225 -4225 -4225 -422CPU side received count (scaleup: 3): -6625 -6632 -6674 -6619 -6669 -6691 -6642 -6649 # -4097 -4225 -4097 -4097 -4097 -4097 -422CPU side received count (scaleup: 7): -6661 -6802 -6652 -6656 -6633 -6581 -6568 -6774 # -4097 -4097 -4097 -4097 -3969 -4097 -4225 -4097 -4097 -4097 -4225 -4225 -4353 -4225 -4097 -4225 
5 -4097 -4097 -4225 -4225 -4225 -4225 -4097 -4225 -4097 
5 -4097 -4097 -4097 -4097 -4225 -4097 -4097 -4225 -4225 
CPU side received count (scaleup: 2): -6725 -6642 -6673 -6681 -6704 -6632 -6658 -6599 # -4097 -4097 -4097 -4225 -4097 -4225 -422CPU side received count (scaleup: 6): -6638 -6671 -6616 -6617 -6695 -6644 -6710 -6521 # -4097 -4097 -4097 -4225 -4225 -4097 -4095 -4097 -4225 -4225 -4225 -4225 -4097 -4225 -4097 -4097 
CPU side received count (scaleup: 5): -6733 -6579 -6592 -6750 -6722 -6694 -6647 -6686 # -4225 -4097 -4225 -4097 -4225 -4225 -409CPU side received count (scaleup: 0): -6562 -6632 -6627 -6567 -6605 -6607 -6666 -6619 # -4097 -4097 -4097 -4097 -3969 -4097 -4097 -4225 -4097 -4097 -4097 -4225 -4097 -4097 -4097 -4097 
7 -4097 -3969 -4225 -4225 -4097 -4225 -4225 -4225 -4225 
7 -4097 -4225 -3969 -4097 -4097 -4353 -3969 -4097 -4225 
CPU side received count (scaleup: 1): -6710 -6747 -6621 -6723 -6680 -6778 -6708 -6580 # -4097 -4225 -4097 -4097 -4097 -4097 -4225 -4097 -4097 -4225 -4097 -4097 -4225 -4097 -4225 -4225 
Elastic buffer uses 4 channels per SM
Elastic buffer uses 4 channels per SM
Elastic buffer uses 4 channels per SM
Elastic buffer uses 4 channels per SM
Elastic buffer uses 4 channels per SM
Elastic buffer uses 4 channels per SM
Elastic buffer uses 4 channels per SM
Elastic buffer uses 4 channels per SM
CPU side received count (scaleup: 4): -6623 -6758 -6552 -6792 -6716 -6778 -6777 -6746 # -4225 -4097 -4225 -4225 -4225 -4225 -422CPU side received count (scaleup: 6): -6638 -6671 -6616 -6617 -6695 -6644 -6710 -6521 # -4097 -4097 -4097 -4225 -4225 -4097 -409CPU side received count (scaleup: 2): -6725 -6642 -6673 -6681 -6704 -6632 -6658 -6599 # -4097 -4097 -4097 -4225 -4097 -4225 -422CPU side received count (scaleup: 3): -6625 -6632 -6674 -6619 -6669 -6691 -6642 -6649 # -4097 -4225 -4097 -4097 -4097 -4097 -422CPU side received count (scaleup: 5): -6733 -6579 -6592 -6750 -6722 -6694 -6647 -6686 # -4225 -4097 -4225 -4097 -4225 -4225 -4097 -4225 -4097 -4097 -4097 -4225 -4097 -4097 -4097 -4097 
7 -4097 -3969 -4225 -4225 -4097 -4225 -4225 -4225 -4225 
5 -4097 -4097 -4097 -4225 -4225 -4353 -4225 -4097 -4225 
5 -4097 -4225 -4225 -4225 -4225 -4097 -4225 -4097 -4097 
5 -4097 -4097 -4225 -4225 -4225 -4225 -4097 -4225 -4097 
CPU side received count (scaleup: 1): -6710 -6747 -6621 -6723 -6680 -6778 -6708 -6580 # -4097 -4225 -4097 -4097 -4097 -4097 -422CPU side received count (scaleup: 0): -6562 -6632 -6627 -6567 -6605 -6607 -6666 -6619 # -4097 -4097 -4097 -4097 -3969 -4097 -409CPU side received count (scaleup: 7): -6661 -6802 -6652 -6656 -6633 -6581 -6568 -6774 # -4097 -4097 -4097 -4097 -3969 -4097 -4225 -4097 -4097 -4225 -4097 -4097 -4225 -4097 -4225 -4225 
7 -4097 -4225 -3969 -4097 -4097 -4353 -3969 -4097 -4225 
5 -4097 -4097 -4097 -4097 -4225 -4097 -4097 -4225 -4225 
Elastic buffer uses 4 channels per SM
Elastic buffer uses 4 channels per SM
Elastic buffer uses 4 channels per SM
Elastic buffer uses 4 channels per SM
Elastic buffer uses 4 channels per SM
Elastic buffer uses 4 channels per SM
Elastic buffer uses 4 channels per SM
Elastic buffer uses 4 channels per SM
CPU side received count (scaleup: 7): -6661 -6802 -6652 -6656 -6633 -6581 -6568 -6774 # -4097 -4097 -4097 -4097 -3969 -4097 -422CPU side received count (scaleup: 1): -6710 -6747 -6621 -6723 -6680 -6778 -6708 -6580 # -4097 -4225 -4097 -4097 -4097 -4097 -422CPU side received count (scaleup: 4): -6623 -6758 -6552 -6792 -6716 -6778 -6777 -6746 # -4225 -4097 -4225 -4225 -4225 -4225 -422CPU side received count (scaleup: 0): -6562 -6632 -6627 -6567 -6605 -6607 -6666 -6619 # -4097 -4097 -4097 -4097 -3969 -4097 -4095 -4097 -4097 -4225 -4097 -4097 -4225 -4097 -4225 -4225 
5 -4097 -4097 -4097 -4225 -4225 -4353 -4225 -4097 -4225 
7 -4097 -4225 -3969 -4097 -4097 -4353 -3969 -4097 -4225 
CPU side received count (scaleup: 6): -6638 -6671 -6616 -6617 -6695 -6644 -6710 -6521 # -4097 -4097 -4097 -4225 -4225 -4097 -409CPU side received count (scaleup: 5): -6733 -6579 -6592 -6750 -6722 -6694 -6647 -6686 # -4225 -4097 -4225 -4097 -4225 -4225 -4095 -4097 -4097 -4097 -4097 -4225 -4097 -4097 -4225 -4225 
7 -4225 -4097 -4097 -4097 -4225 -4097 -4097 -4097 -4097 
7 -4097 -3969 -4225 -4225 -4097 -4225 -4225 -4225 -4225 
CPU side received count (scaleup: 2): -6725 -6642 -6673 -6681 -6704 -6632 -6658 -6599 # -4097 -4097 -4097 -4225 -4097 -4225 -4225 -4097 -4225 -4225 -4225 -4225 -4097 -4225 -4097 -4097 
CPU side received count (scaleup: 3): -6625 -6632 -6674 -6619 -6669 -6691 -6642 -6649 # -4097 -4225 -4097 -4097 -4097 -4097 -4225 -4097 -4097 -4225 -4225 -4225 -4225 -4097 -4225 -4097 
Elastic buffer uses 4 channels per SM
Elastic buffer uses 4 channels per SM
Elastic buffer uses 4 channels per SM
Elastic buffer uses 4 channels per SM
Elastic buffer uses 4 channels per SM
Elastic buffer uses 4 channels per SM
Elastic buffer uses 4 channels per SM
Elastic buffer uses 4 channels per SM
CPU side received count (scaleup: 1): -6710 -6747 -6621 -6723 -6680 -6778 -6708 -6580 # -4097 -4225 -4097 -4097 -4097 -4097 -422CPU side received count (scaleup: 7): -6661 -6802 -6652 -6656 -6633 -6581 -6568 -6774 # -4097 -4097 -4097 -4097 -3969 -4097 -422CPU side received count (scaleup: 5): -6733 -6579 -6592 -6750 -6722 -6694 -6647 -6686 # -4225 -4097 -4225 -4097 -4225 -4225 -409CPU side received count (scaleup: 2): -6725 -6642 -6673 -6681 -6704 -6632 -6658 -6599 # -4097 -4097 -4097 -4225 -4097 -4225 -422CPU side received count (scaleup: 6): -6638 -6671 -6616 -6617 -6695 -6644 -6710 -6521 # -4097 -4097 -4097 -4225 -4225 -4097 -4095 -4097 -4097 -4097 -4097 -4225 -4097 -4097 -4225 -4225 
CPU side received count (scaleup: 0): -6562 -6632 -6627 -6567 -6605 -6607 -6666 -6619 # -4097 -4097 -4097 -4097 -3969 -4097 -4095 -4097 -4225 -4225 -4225 -4225 -4097 -4225 -4097 -4097 
7 -4225 -4097 -4097 -4097 -4225 -4097 -4097 -4097 -4097 
CPU side received count (scaleup: 4): -6623 -6758 -6552 -6792 -6716 -6778 -6777 -6746 # -4225 -4097 -4225 -4225 -4225 -4225 -4225 -4097 -4097 -4225 -4097 -4097 -4225 -4097 -4225 -4225 
7 -4097 -3969 -4225 -4225 -4097 -4225 -4225 -4225 -4225 
CPU side received count (scaleup: 3): -6625 -6632 -6674 -6619 -6669 -6691 -6642 -6649 # -4097 -4225 -4097 -4097 -4097 -4097 -4227 -4097 -4225 -3969 -4097 -4097 -4353 -3969 -4097 -4225 
5 -4097 -4097 -4225 -4225 -4225 -4225 -4097 -4225 -4097 
5 -4097 -4097 -4097 -4225 -4225 -4353 -4225 -4097 -4225 
Elastic buffer uses 4 channels per SM
Elastic buffer uses 4 channels per SM
Elastic buffer uses 4 channels per SM
Elastic buffer uses 4 channels per SM
Elastic buffer uses 4 channels per SM
Elastic buffer uses 4 channels per SM
Elastic buffer uses 4 channels per SM
Elastic buffer uses 4 channels per SM
CPU side received count (scaleup: 3): -6625 -6632 -6674 -6619 -6669 -6691 -6642 -6649 # -4097 -4225 -4097 -4097 -4097 -4097 -422CPU side received count (scaleup: 2): -6725 -6642 -6673 -6681 -6704 -6632 -6658 -6599 # -4097 -4097 -4097 -4225 -4097 -4225 -422CPU side received count (scaleup: 6): -6638 -6671 -6616 -6617 -6695 -6644 -6710 -6521 # -4097 -4097 -4097 -4225 -4225 -4097 -4095 -4097 -4097 -4225 -4225 -4225 -4225 -4097 -4225 -4097 
7 -4225 -4097 -4097 -4097 -4225 -4097 -4097 -4097 -4097 
CPU side received count (scaleup: 4): -6623 -6758 -6552 -6792 -6716 -6778 -6777 -6746 # -4225 -4097 -4225 -4225 -4225 -4225 -422CPU side received count (scaleup: 5): -6733 -6579 -6592 -6750 -6722 -6694 -6647 -6686 # -4225 -4097 -4225 -4097 -4225 -4225 -409CPU side received count (scaleup: 7): -6661 -6802 -6652 -6656 -6633 -6581 -6568 -6774 # -4097 -4097 -4097 -4097 -3969 -4097 -4225 -4097 -4225 -4225 -4225 -4225 -4097 -4225 -4097 -4097 
CPU side received count (scaleup: 0): -6562 -6632 -6627 -6567 -6605 -6607 -6666 -6619 # -4097 -4097 -4097 -4097 -3969 -4097 -4095 -4097 -4097 -4097 -4225 -4225 -4353 -4225 -4097 -4225 
7 -4097 -3969 -4225 -4225 -4097 -4225 -4225 -4225 -4225 
5 -4097 -4097 -4097 -4097 -4225 -4097 -4097 -4225 -4225 
7 -4097 -4225 -3969 -4097 -4097 -4353 -3969 -4097 -4225 
CPU side received count (scaleup: 1): -6710 -6747 -6621 -6723 -6680 -6778 -6708 -6580 # -4097 -4225 -4097 -4097 -4097 -4097 -4225 -4097 -4097 -4225 -4097 -4097 -4225 -4097 -4225 -4225 
Elastic buffer uses 4 channels per SM
Elastic buffer uses 4 channels per SM
Elastic buffer uses 4 channels per SM
Elastic buffer uses 4 channels per SM
Elastic buffer uses 4 channels per SM
Elastic buffer uses 4 channels per SM
Elastic buffer uses 4 channels per SM
Elastic buffer uses 4 channels per SM
CPU side received count (scaleup: 4): -6623 -6758 -6552 -6792 -6716 -6778 -6777 -6746 # -4225 -4097 -4225 -4225 -4225 -4225 -422CPU side received count (scaleup: 5): -6733 -6579 -6592 -6750 -6722 -6694 -6647 -6686 # -4225 -4097 -4225 -4097 -4225 -4225 -409CPU side received count (scaleup: 7): -6661 -6802 -6652 -6656 -6633 -6581 -6568 -6774 # -4097 -4097 -4097 -4097 -3969 -4097 -4225 -4097 -4097 -4097 -4225 -4225 -4353 -4225 -4097 -4225 
7 -4097 -3969 -4225 -4225 -4097 -4225 -4225 -4225 -4225 
CPU side received count (scaleup: 0): -6562 -6632 -6627 -6567 -6605 -6607 -6666 -6619 # -4097 -4097 -4097 -4097 -3969 -4097 -4095 -4097 -4097 -4097 -4097 -4225 -4097 -4097 -4225 -4225 
CPU side received count (scaleup: 6): -6638 -6671 -6616 -6617 -6695 -6644 -6710 -6521 # -4097 -4097 -4097 -4225 -4225 -4097 -4097 -4097 -4225 -3969 -4097 -4097 -4353 -3969 -4097 -4225 
CPU side received count (scaleup: 3): -6625 -6632 -6674 -6619 -6669 -6691 -6642 -6649 # -4097 -4225 -4097 -4097 -4097 -4097 -4227 -4225 -4097 -4097 -4097 -4225 -4097 -4097 -4097 -4097 
CPU side received count (scaleup: 2): -6725 -6642 -6673 -6681 -6704 -6632 -6658 -6599 # -4097 -4097 -4097 -4225 -4097 -4225 -422CPU side received count (scaleup: 1): -6710 -6747 -6621 -6723 -6680 -6778 -6708 -6580 # -4097 -4225 -4097 -4097 -4097 -4097 -4225 -4097 -4097 -4225 -4225 -4225 -4225 -4097 -4225 -4097 
5 -4097 -4225 -4225 -4225 -4225 -4097 -4225 -4097 -4097 
5 -4097 -4097 -4225 -4097 -4097 -4225 -4097 -4225 -4225 
Elastic buffer uses 4 channels per SM
Elastic buffer uses 4 channels per SM
Elastic buffer uses 4 channels per SM
Elastic buffer uses 4 channels per SM
Elastic buffer uses 4 channels per SM
Elastic buffer uses 4 channels per SM
Elastic buffer uses 4 channels per SM
Elastic buffer uses 4 channels per SM
USDT:2026-08-25 02:10:30 436:436 SyncActivityProfilerHandler.cpp:52] profiler_startUSDT:2026-08-25 02:10:30 438:438 SyncActivityProfilerHandler.cpp:52] profiler_startUSDT:2026-08-25 02:10:30 439:439 SyncActivityProfilerHandler.cpp:52] profiler_startUSDT:2026-08-25 02:10:30 435:435 SyncActivityProfilerHandler.cpp:52] profiler_startUSDT:2026-08-25 02:10:30 437:437 SyncActivityProfilerHandler.cpp:52] profiler_start

USDT:2026-08-25 02:10:30 434:434 SyncActivityProfilerHandler.cpp:52] profiler_start



USDT:2026-08-25 02:10:30 432:432 SyncActivityProfilerHandler.cpp:52] profiler_start
USDT:2026-08-25 02:10:30 433:433 SyncActivityProfilerHandler.cpp:52] profiler_start
CPU side received count (scaleup: 4): -6623 -6758 -6552 -6792 -6716 -6778 -6777 -6746 # -4225 -4097 -4225 -4225 -4225 -4225 -422CPU side received count (scaleup: 2): -6725 -6642 -6673 -6681 -6704 -6632 -6658 -6599 # -4097 -4097 -4097 -4225 -4097 -4225 -422CPU side received count (scaleup: 5): -6733 -6579 -6592 -6750 -6722 -6694 -6647 -6686 # -4225 -4097 -4225 -4097 -4225 -4225 -409CPU side received count (scaleup: 7): -6661 -6802 -6652 -6656 -6633 -6581 -6568 -6774 # -4097 -4097 -4097 -4097 -3969 -4097 -4225 -4097 -4097 -4097 -4225 -4225 -4353 -4225 -4097 -4225 
5 -4097 -4225 -4225 -4225 -4225 -4097 -4225 -4097 -4097 
CPU side received count (scaleup: 3): -6625 -6632 -6674 -6619 -6669 -6691 -6642 -6649 # -4097 -4225 -4097 -4097 -4097 -4097 -4225 -4097 -4097 -4097 -4097 -4225 -4097 -4097 -4225 -4225 
CPU side received count (scaleup: 0): -6562 -6632 -6627 -6567 -6605 -6607 -6666 -6619 # -4097 -4097 -4097 -4097 -3969 -4097 -4097 -4097 -3969 -4225 -4225 -4097 -4225 -4225 -4225 -4225 
5 -4097 -4097 -4225 -4225 -4225 -4225 -4097 -4225 -4097 
7 -4097 -4225 -3969 -4097 -4097 -4353 -3969 -4097 -4225 
CPU side received count (scaleup: 1): -6710 -6747 -6621 -6723 -6680 -6778 -6708 -6580 # -4097 -4225 -4097 -4097 -4097 -4097 -4225 -4097 -4097 -4225 -4097 -4097 -4225 -4097 -4225 -4225 
CPU side received count (scaleup: 6): -6638 -6671 -6616 -6617 -6695 -6644 -6710 -6521 # -4097 -4097 -4097 -4225 -4225 -4097 -4097 -4225 -4097 -4097 -4097 -4225 -4097 -4097 -4097 -4097 
Elastic buffer uses 4 channels per SM
Elastic buffer uses 4 channels per SM
Elastic buffer uses 4 channels per SM
Elastic buffer uses 4 channels per SM
Elastic buffer uses 4 channels per SM
Elastic buffer uses 4 channels per SM
Elastic buffer uses 4 channels per SM
Elastic buffer uses 4 channels per SM
CPU side received count (scaleup: 7): -6661 -6802 -6652 -6656 -6633 -6581 -6568 -6774 # -4097 -4097 -4097 -4097 -3969 -4097 -422CPU side received count (scaleup: 6): -6638 -6671 -6616 -6617 -6695 -6644 -6710 -6521 # -4097 -4097 -4097 -4225 -4225 -4097 -409CPU side received count (scaleup: 4): -6623 -6758 -6552 -6792 -6716 -6778 -6777 -6746 # -4225 -4097 -4225 -4225 -4225 -4225 -422CPU side received count (scaleup: 3): -6625 -6632 -6674 -6619 -6669 -6691 -6642 -6649 # -4097 -4225 -4097 -4097 -4097 -4097 -422CPU side received count (scaleup: 2): -6725 -6642 -6673 -6681 -6704 -6632 -6658 -6599 # -4097 -4097 -4097 -4225 -4097 -4225 -4225 -4097 -4097 -4097 -4097 -4225 -4097 -4097 -4225 -4225 
7 -4225 -4097 -4097 -4097 -4225 -4097 -4097 -4097 -4097 
5 -4097 -4097 -4097 -4225 -4225 -4353 -4225 -4097 -4225 
5 -4097 -4097 -4225 -4225 -4225 -4225 -4097 -4225 -4097 
CPU side received count (scaleup: 0): -6562 -6632 -6627 -6567 -6605 -6607 -6666 -6619 # -4097 -4097 -4097 -4097 -3969 -4097 -409CPU side received count (scaleup: 1): -6710 -6747 -6621 -6723 -6680 -6778 -6708 -6580 # -4097 -4225 -4097 -4097 -4097 -4097 -4225 -4097 -4225 -4225 -4225 -4225 -4097 -4225 -4097 -4097 
7 -4097 -4225 -3969 -4097 -4097 -4353 -3969 -4097 -4225 
5 -4097 -4097 -4225 -4097 -4097 -4225 -4097 -4225 -4225 
CPU side received count (scaleup: 5): -6733 -6579 -6592 -6750 -6722 -6694 -6647 -6686 # -4225 -4097 -4225 -4097 -4225 -4225 -4097 -4097 -3969 -4225 -4225 -4097 -4225 -4225 -4225 -4225 
Elastic buffer uses 4 channels per SM
Elastic buffer uses 4 channels per SM
Elastic buffer uses 4 channels per SM
Elastic buffer uses 4 channels per SM
Elastic buffer uses 4 channels per SM
Elastic buffer uses 4 channels per SM
Elastic buffer uses 4 channels per SM
Elastic buffer uses 4 channels per SM
CPU side received count (scaleup: 6): -6638 -6671 -6616 -6617 -6695 -6644 -6710 -6521 # -4097 -4097 -4097 -4225 -4225 -4097 -409CPU side received count (scaleup: 2): -6725 -6642 -6673 -6681 -6704 -6632 -6658 -6599 # -4097 -4097 -4097 -4225 -4097 -4225 -4227 -4225 -4097 -4097 -4097 -4225 -4097 -4097 -4097 -4097 
CPU side received count (scaleup: 7): -6661 -6802 -6652 -6656 -6633 -6581 -6568 -6774 # -4097 -4097 -4097 -4097 -3969 -4097 -422CPU side received count (scaleup: 5): -6733 -6579 -6592 -6750 -6722 -6694 -6647 -6686 # -4225 -4097 -4225 -4097 -4225 -4225 -409CPU side received count (scaleup: 0): -6562 -6632 -6627 -6567 -6605 -6607 -6666 -6619 # -4097 -4097 -4097 -4097 -3969 -4097 -4097 -4097 -3969 -4225 -4225 -4097 -4225 -4225 -4225 -4225 
CPU side received count (scaleup: 3): -6625 -6632 -6674 -6619 -6669 -6691 -6642 -6649 # -4097 -4225 -4097 -4097 -4097 -4097 -422CPU side received count (scaleup: 4): -6623 -6758 -6552 -6792 -6716 -6778 -6777 -6746 # -4225 -4097 -4225 -4225 -4225 -4225 -422CPU side received count (scaleup: 1): -6710 -6747 -6621 -6723 -6680 -6778 -6708 -6580 # -4097 -4225 -4097 -4097 -4097 -4097 -4225 -4097 -4225 -4225 -4225 -4225 -4097 -4225 -4097 -4097 
5 -4097 -4097 -4097 -4097 -4225 -4097 -4097 -4225 -4225 
7 -4097 -4225 -3969 -4097 -4097 -4353 -3969 -4097 -4225 
5 -4097 -4097 -4225 -4225 -4225 -4225 -4097 -4225 -4097 
5 -4097 -4097 -4097 -4225 -4225 -4353 -4225 -4097 -4225 
5 -4097 -4097 -4225 -4097 -4097 -4225 -4097 -4225 -4225 
Elastic buffer uses 4 channels per SM
Elastic buffer uses 4 channels per SM
Elastic buffer uses 4 channels per SM
Elastic buffer uses 4 channels per SM
Elastic buffer uses 4 channels per SM
Elastic buffer uses 4 channels per SM
Elastic buffer uses 4 channels per SM
Elastic buffer uses 4 channels per SM
CPU side received count (scaleup: 4): -6623 -6758 -6552 -6792 -6716 -6778 -6777 -6746 # -4225 -4097 -4225 -4225 -4225 -4225 -422CPU side received count (scaleup: 7): -6661 -6802 -6652 -6656 -6633 -6581 -6568 -6774 # -4097 -4097 -4097 -4097 -3969 -4097 -422CPU side received count (scaleup: 0): -6562 -6632 -6627 -6567 -6605 -6607 -6666 -6619 # -4097 -4097 -4097 -4097 -3969 -4097 -409CPU side received count (scaleup: 1): -6710 -6747 -6621 -6723 -6680 -6778 -6708 -6580 # -4097 -4225 -4097 -4097 -4097 -4097 -4225 -4097 -4097 -4097 -4225 -4225 -4353 -4225 -4097 -4225 
7 -4097 -4225 -3969 -4097 -4097 -4353 -3969 -4097 -4225 
5 -4097 -4097 -4097 -4097 -4225 -4097 -4097 -4225 -4225 
CPU side received count (scaleup: 2): -6725 -6642 -6673 -6681 -6704 -6632 -6658 -6599 # -4097 -4097 -4097 -4225 -4097 -4225 -4225 -4097 -4097 -4225 -4097 -4097 -4225 -4097 -4225 -4225 
CPU side received count (scaleup: 5): -6733 -6579 -6592 -6750 -6722 -6694 -6647 -6686 # -4225 -4097 -4225 -4097 -4225 -4225 -4095 -4097 -4225 -4225 -4225 -4225 -4097 -4225 -4097 -4097 
7 -4097 -3969 -4225 -4225 -4097 -4225 -4225 -4225 -4225 
CPU side received count (scaleup: 6): -6638 -6671 -6616 -6617 -6695 -6644 -6710 -6521 # -4097 -4097 -4097 -4225 -4225 -4097 -409CPU side received count (scaleup: 3): -6625 -6632 -6674 -6619 -6669 -6691 -6642 -6649 # -4097 -4225 -4097 -4097 -4097 -4097 -4227 -4225 -4097 -4097 -4097 -4225 -4097 -4097 -4097 -4097 
5 -4097 -4097 -4225 -4225 -4225 -4225 -4097 -4225 -4097 
Elastic buffer uses 4 channels per SM
Elastic buffer uses 4 channels per SM
Elastic buffer uses 4 channels per SM
Elastic buffer uses 4 channels per SM
Elastic buffer uses 4 channels per SM
Elastic buffer uses 4 channels per SM
Elastic buffer uses 4 channels per SM
Elastic buffer uses 4 channels per SM
CPU side received count (scaleup: 7): -6661 -6802 -6652 -6656 -6633 -6581 -6568 -6774 # -4097 -4097 -4097 -4097 -3969 -4097 -422CPU side received count (scaleup: 4): -6623 -6758 -6552 -6792 -6716 -6778 -6777 -6746 # -4225 -4097 -4225 -4225 -4225 -4225 -422CPU side received count (scaleup: 1): -6710 -6747 -6621 -6723 -6680 -6778 -6708 -6580 # -4097 -4225 -4097 -4097 -4097 -4097 -422CPU side received count (scaleup: 2): -6725 -6642 -6673 -6681 -6704 -6632 -6658 -6599 # -4097 -4097 -4097 -4225 -4097 -4225 -422CPU side received count (scaleup: 3): -6625 -6632 -6674 -6619 -6669 -6691 -6642 -6649 # -4097 -4225 -4097 -4097 -4097 -4097 -4225 -4097 -4097 -4097 -4225 -4225 -4353 -4225 -4097 -4225 
5 -4097 -4097 -4225 -4097 -4097 -4225 -4097 -4225 -4225 
CPU side received count (scaleup: 6): -6638 -6671 -6616 -6617 -6695 -6644 -6710 -6521 # -4097 -4097 -4097 -4225 -4225 -4097 -4095 -4097 -4097 -4225 -4225 -4225 -4225 -4097 -4225 -4097 
CPU side received count (scaleup: 5): -6733 -6579 -6592 -6750 -6722 -6694 -6647 -6686 # -4225 -4097 -4225 -4097 -4225 -4225 -409CPU side received count (scaleup: 0): -6562 -6632 -6627 -6567 -6605 -6607 -6666 -6619 # -4097 -4097 -4097 -4097 -3969 -4097 -4095 -4097 -4097 -4097 -4097 -4225 -4097 -4097 -4225 -4225 
7 -4225 -4097 -4097 -4097 -4225 -4097 -4097 -4097 -4097 
5 -4097 -4225 -4225 -4225 -4225 -4097 -4225 -4097 -4097 
7 -4097 -3969 -4225 -4225 -4097 -4225 -4225 -4225 -4225 
7 -4097 -4225 -3969 -4097 -4097 -4353 -3969 -4097 -4225 
Elastic buffer uses 4 channels per SM
Elastic buffer uses 4 channels per SM
Elastic buffer uses 4 channels per SM
Elastic buffer uses 4 channels per SM
Elastic buffer uses 4 channels per SM
Elastic buffer uses 4 channels per SM
Elastic buffer uses 4 channels per SM
Elastic buffer uses 4 channels per SM
CPU side received count (scaleup: 7): -6661 -6802 -6652 -6656 -6633 -6581 -6568 -6774 # -4097 -4097 -4097 -4097 -3969 -4097 -422CPU side received count (scaleup: 4): -6623 -6758 -6552 -6792 -6716 -6778 -6777 -6746 # -4225 -4097 -4225 -4225 -4225 -4225 -422CPU side received count (scaleup: 5): -6733 -6579 -6592 -6750 -6722 -6694 -6647 -6686 # -4225 -4097 -4225 -4097 -4225 -4225 -409CPU side received count (scaleup: 6): -6638 -6671 -6616 -6617 -6695 -6644 -6710 -6521 # -4097 -4097 -4097 -4225 -4225 -4097 -409CPU side received count (scaleup: 3): -6625 -6632 -6674 -6619 -6669 -6691 -6642 -6649 # -4097 -4225 -4097 -4097 -4097 -4097 -4225 -4097 -4097 -4097 -4225 -4225 -4353 -4225 -4097 -4225 
CPU side received count (scaleup: 1): -6710 -6747 -6621 -6723 -6680 -6778 -6708 -6580 # -4097 -4225 -4097 -4097 -4097 -4097 -422CPU side received count (scaleup: 0): -6562 -6632 -6627 -6567 -6605 -6607 -6666 -6619 # -4097 -4097 -4097 -4097 -3969 -4097 -4095 -4097 -4097 -4097 -4097 -4225 -4097 -4097 -4225 -4225 
7 -4225 -4097 -4097 -4097 -4225 -4097 -4097 -4097 -4097 
7 -4097 -3969 -4225 -4225 -4097 -4225 -4225 -4225 -4225 
5 -4097 -4097 -4225 -4225 -4225 -4225 -4097 -4225 -4097 
CPU side received count (scaleup: 2): -6725 -6642 -6673 -6681 -6704 -6632 -6658 -6599 # -4097 -4097 -4097 -4225 -4097 -4225 -4225 -4097 -4097 -4225 -4097 -4097 -4225 -4097 -4225 -4225 
7 -4097 -4225 -3969 -4097 -4097 -4353 -3969 -4097 -4225 
5 -4097 -4225 -4225 -4225 -4225 -4097 -4225 -4097 -4097 
Elastic buffer uses 4 channels per SM
Elastic buffer uses 4 channels per SM
Elastic buffer uses 4 channels per SM
Elastic buffer uses 4 channels per SM
Elastic buffer uses 4 channels per SM
Elastic buffer uses 4 channels per SM
Elastic buffer uses 4 channels per SM
Elastic buffer uses 4 channels per SM
CPU side received count (scaleup: 1): -6710 -6747 -6621 -6723 -6680 -6778 -6708 -6580 # -4097 -4225 -4097 -4097 -4097 -4097 -422CPU side received count (scaleup: 0): -6562 -6632 -6627 -6567 -6605 -6607 -6666 -6619 # -4097 -4097 -4097 -4097 -3969 -4097 -4095 -4097 -4097 -4225 -4097 -4097 -4225 -4097 -4225 -4225 
7 -4097 -4225 -3969 -4097 -4097 -4353 -3969 -4097 -4225 
CPU side received count (scaleup: 7): -6661 -6802 -6652 -6656 -6633 -6581 -6568 -6774 # -4097 -4097 -4097 -4097 -3969 -4097 -422CPU side received count (scaleup: 4): -6623 -6758 -6552 -6792 -6716 -6778 -6777 -6746 # -4225 -4097 -4225 -4225 -4225 -4225 -4225 -4097 -4097 -4097 -4097 -4225 -4097 -4097 -4225 -4225 
5 -4097 -4097 -4097 -4225 -4225 -4353 -4225 -4097 -4225 
CPU side received count (scaleup: 2): -6725 -6642 -6673 -6681 -6704 -6632 -6658 -6599 # -4097 -4097 -4097 -4225 -4097 -4225 -422CPU side received count (scaleup: 5): -6733 -6579 -6592 -6750 -6722 -6694 -6647 -6686 # -4225 -4097 -4225 -4097 -4225 -4225 -409CPU side received count (scaleup: 6): -6638 -6671 -6616 -6617 -6695 -6644 -6710 -6521 # -4097 -4097 -4097 -4225 -4225 -4097 -409CPU side received count (scaleup: 3): -6625 -6632 -6674 -6619 -6669 -6691 -6642 -6649 # -4097 -4225 -4097 -4097 -4097 -4097 -4225 -4097 -4225 -4225 -4225 -4225 -4097 -4225 -4097 -4097 
5 -4097 -4097 -4225 -4225 -4225 -4225 -4097 -4225 -4097 
7 -4097 -3969 -4225 -4225 -4097 -4225 -4225 -4225 -4225 
7 -4225 -4097 -4097 -4097 -4225 -4097 -4097 -4097 -4097 
Elastic buffer uses 4 channels per SM
Elastic buffer uses 4 channels per SM
Elastic buffer uses 4 channels per SM
Elastic buffer uses 4 channels per SM
Elastic buffer uses 4 channels per SM
Elastic buffer uses 4 channels per SM
Elastic buffer uses 4 channels per SM
Elastic buffer uses 4 channels per SM
CPU side received count (scaleup: 7): -6661 -6802 -6652 -6656 -6633 -6581 -6568 -6774 # -4097 -4097 -4097 -4097 -3969 -4097 -422CPU side received count (scaleup: 6): -6638 -6671 -6616 -6617 -6695 -6644 -6710 -6521 # -4097 -4097 -4097 -4225 -4225 -4097 -409CPU side received count (scaleup: 5): -6733 -6579 -6592 -6750 -6722 -6694 -6647 -6686 # -4225 -4097 -4225 -4097 -4225 -4225 -4095 -4097 -4097 -4097 -4097 -4225 -4097 -4097 -4225 -4225 
7 -4225 -4097 -4097 -4097 -4225 -4097 -4097 -4097 -4097 
CPU side received count (scaleup: 4): -6623 -6758 -6552 -6792 -6716 -6778 -6777 -6746 # -4225 -4097 -4225 -4225 -4225 -4225 -4227 -4097 -3969 -4225 -4225 -4097 -4225 -4225 -4225 -4225 
CPU side received count (scaleup: 0): -6562 -6632 -6627 -6567 -6605 -6607 -6666 -6619 # -4097 -4097 -4097 -4097 -3969 -4097 -4095 -4097 -4097 -4097 -4225 -4225 -4353 -4225 -4097 -4225 
CPU side received count (scaleup: 2): -6725 -6642 -6673 -6681 -6704 -6632 -6658 -6599 # -4097 -4097 -4097 -4225 -4097 -4225 -422CPU side received count (scaleup: 3): -6625 -6632 -6674 -6619 -6669 -6691 -6642 -6649 # -4097 -4225 -4097 -4097 -4097 -4097 -4225 -4097 -4225 -4225 -4225 -4225 -4097 -4225 -4097 -4097 
7 -4097 -4225 -3969 -4097 -4097 -4353 -3969 -4097 -4225 
5 -4097 -4097 -4225 -4225 -4225 -4225 -4097 -4225 -4097 
CPU side received count (scaleup: 1): -6710 -6747 -6621 -6723 -6680 -6778 -6708 -6580 # -4097 -4225 -4097 -4097 -4097 -4097 -4225 -4097 -4097 -4225 -4097 -4097 -4225 -4097 -4225 -4225 
Elastic buffer uses 4 channels per SM
Elastic buffer uses 4 channels per SM
Elastic buffer uses 4 channels per SM
Elastic buffer uses 4 channels per SM
Elastic buffer uses 4 channels per SM
Elastic buffer uses 4 channels per SM
Elastic buffer uses 4 channels per SM
Elastic buffer uses 4 channels per SM
CPU side received count (scaleup: 7): -6661 -6802 -6652 -6656 -6633 -6581 -6568 -6774 # -4097 -4097 -4097 -4097 -3969 -4097 -422CPU side received count (scaleup: 4): -6623 -6758 -6552 -6792 -6716 -6778 -6777 -6746 # -4225 -4097 -4225 -4225 -4225 -4225 -422CPU side received count (scaleup: 3): -6625 -6632 -6674 -6619 -6669 -6691 -6642 -6649 # -4097 -4225 -4097 -4097 -4097 -4097 -4225 -4097 -4097 -4097 -4097 -4225 -4097 -4097 -4225 -4225 
5 -4097 -4097 -4097 -4225 -4225 -4353 -4225 -4097 -4225 
5 -4097 -4097 -4225 -4225 -4225 -4225 -4097 -4225 -4097 
CPU side received count (scaleup: 0): -6562 -6632 -6627 -6567 -6605 -6607 -6666 -6619 # -4097 -4097 -4097 -4097 -3969 -4097 -409CPU side received count (scaleup: 1): -6710 -6747 -6621 -6723 -6680 -6778 -6708 -6580 # -4097 -4225 -4097 -4097 -4097 -4097 -422CPU side received count (scaleup: 2): -6725 -6642 -6673 -6681 -6704 -6632 -6658 -6599 # -4097 -4097 -4097 -4225 -4097 -4225 -422CPU side received count (scaleup: 6): -6638 -6671 -6616 -6617 -6695 -6644 -6710 -6521 # -4097 -4097 -4097 -4225 -4225 -4097 -4097 -4097 -4225 -3969 -4097 -4097 -4353 -3969 -4097 -4225 
5 -4097 -4097 -4225 -4097 -4097 -4225 -4097 -4225 -4225 
CPU side received count (scaleup: 5): -6733 -6579 -6592 -6750 -6722 -6694 -6647 -6686 # -4225 -4097 -4225 -4097 -4225 -4225 -4095 -4097 -4225 -4225 -4225 -4225 -4097 -4225 -4097 -4097 
7 -4225 -4097 -4097 -4097 -4225 -4097 -4097 -4097 -4097 
7 -4097 -3969 -4225 -4225 -4097 -4225 -4225 -4225 -4225 
Elastic buffer uses 4 channels per SM
Elastic buffer uses 4 channels per SM
Elastic buffer uses 4 channels per SM
Elastic buffer uses 4 channels per SM
Elastic buffer uses 4 channels per SM
Elastic buffer uses 4 channels per SM
Elastic buffer uses 4 channels per SM
Elastic buffer uses 4 channels per SM
CPU side received count (scaleup: 2): -6725 -6642 -6673 -6681 -6704 -6632 -6658 -6599 # -4097 -4097 -4097 -4225 -4097 -4225 -422CPU side received count (scaleup: 6): -6638 -6671 -6616 -6617 -6695 -6644 -6710 -6521 # -4097 -4097 -4097 -4225 -4225 -4097 -409CPU side received count (scaleup: 5): -6733 -6579 -6592 -6750 -6722 -6694 -6647 -6686 # -4225 -4097 -4225 -4097 -4225 -4225 -409CPU side received count (scaleup: 4): -6623 -6758 -6552 -6792 -6716 -6778 -6777 -6746 # -4225 -4097 -4225 -4225 -4225 -4225 -4225 -4097 -4225 -4225 -4225 -4225 -4097 -4225 -4097 -4097 
CPU side received count (scaleup: 3): -6625 -6632 -6674 -6619 -6669 -6691 -6642 -6649 # -4097 -4225 -4097 -4097 -4097 -4097 -422CPU side received count (scaleup: 0): -6562 -6632 -6627 -6567 -6605 -6607 -6666 -6619 # -4097 -4097 -4097 -4097 -3969 -4097 -4097 -4225 -4097 -4097 -4097 -4225 -4097 -4097 -4097 -4097 
5 -4097 -4097 -4097 -4225 -4225 -4353 -4225 -4097 -4225 
7 -4097 -3969 -4225 -4225 -4097 -4225 -4225 -4225 -4225 
7 -4097 -4225 -3969 -4097 -4097 -4353 -3969 -4097 -4225 
CPU side received count (scaleup: 7): -6661 -6802 -6652 -6656 -6633 -6581 -6568 -6774 # -4097 -4097 -4097 -4097 -3969 -4097 -4225 -4097 -4097 -4225 -4225 -4225 -4225 -4097 -4225 -4097 
5 -4097 -4097 -4097 -4097 -4225 -4097 -4097 -4225 -4225 
CPU side received count (scaleup: 1): -6710 -6747 -6621 -6723 -6680 -6778 -6708 -6580 # -4097 -4225 -4097 -4097 -4097 -4097 -4225 -4097 -4097 -4225 -4097 -4097 -4225 -4097 -4225 -4225 
Elastic buffer uses 4 channels per SM
Elastic buffer uses 4 channels per SM
Elastic buffer uses 4 channels per SM
Elastic buffer uses 4 channels per SM
Elastic buffer uses 4 channels per SM
Elastic buffer uses 4 channels per SM
Elastic buffer uses 4 channels per SM
Elastic buffer uses 4 channels per SM
CPU side received count (scaleup: 7): -6661 -6802 -6652 -6656 -6633 -6581 -6568 -6774 # -4097 -4097 -4097 -4097 -3969 -4097 -422CPU side received count (scaleup: 2): -6725 -6642 -6673 -6681 -6704 -6632 -6658 -6599 # -4097 -4097 -4097 -4225 -4097 -4225 -422CPU side received count (scaleup: 5): -6733 -6579 -6592 -6750 -6722 -6694 -6647 -6686 # -4225 -4097 -4225 -4097 -4225 -4225 -409CPU side received count (scaleup: 4): -6623 -6758 -6552 -6792 -6716 -6778 -6777 -6746 # -4225 -4097 -4225 -4225 -4225 -4225 -422CPU side received count (scaleup: 6): -6638 -6671 -6616 -6617 -6695 -6644 -6710 -6521 # -4097 -4097 -4097 -4225 -4225 -4097 -4095 -4097 -4225 -4225 -4225 -4225 -4097 -4225 -4097 -4097 
CPU side received count (scaleup: 0): -6562 -6632 -6627 -6567 -6605 -6607 -6666 -6619 # -4097 -4097 -4097 -4097 -3969 -4097 -4095 -4097 -4097 -4097 -4225 -4225 -4353 -4225 -4097 -4225 
7 -4225 -4097 -4097 -4097 -4225 -4097 -4097 -4097 -4097 
CPU side received count (scaleup: 1): -6710 -6747 -6621 -6723 -6680 -6778 -6708 -6580 # -4097 -4225 -4097 -4097 -4097 -4097 -4225 -4097 -4097 -4097 -4097 -4225 -4097 -4097 -4225 -4225 
7 -4097 -3969 -4225 -4225 -4097 -4225 -4225 -4225 -4225 
7 -4097 -4225 -3969 -4097 -4097 -4353 -3969 -4097 -4225 
5 -4097 -4097 -4225 -4097 -4097 -4225 -4097 -4225 -4225 
CPU side received count (scaleup: 3): -6625 -6632 -6674 -6619 -6669 -6691 -6642 -6649 # -4097 -4225 -4097 -4097 -4097 -4097 -4225 -4097 -4097 -4225 -4225 -4225 -4225 -4097 -4225 -4097 
Elastic buffer uses 4 channels per SM
Elastic buffer uses 4 channels per SM
Elastic buffer uses 4 channels per SM
Elastic buffer uses 4 channels per SM
Elastic buffer uses 4 channels per SM
Elastic buffer uses 4 channels per SM
Elastic buffer uses 4 channels per SM
Elastic buffer uses 4 channels per SM
CPU side received count (scaleup: 7): -6661 -6802 -6652 -6656 -6633 -6581 -6568 -6774 # -4097 -4097 -4097 -4097 -3969 -4097 -422CPU side received count (scaleup: 6): -6638 -6671 -6616 -6617 -6695 -6644 -6710 -6521 # -4097 -4097 -4097 -4225 -4225 -4097 -409CPU side received count (scaleup: 5): -6733 -6579 -6592 -6750 -6722 -6694 -6647 -6686 # -4225 -4097 -4225 -4097 -4225 -4225 -4095 -4097 -4097 -4097 -4097 -4225 -4097 -4097 -4225 -4225 
7 -4225 -4097 -4097 -4097 -4225 -4097 -4097 -4097 -4097 
CPU side received count (scaleup: 4): -6623 -6758 -6552 -6792 -6716 -6778 -6777 -6746 # -4225 -4097 -4225 -4225 -4225 -4225 -422CPU side received count (scaleup: 3): -6625 -6632 -6674 -6619 -6669 -6691 -6642 -6649 # -4097 -4225 -4097 -4097 -4097 -4097 -4227 -4097 -3969 -4225 -4225 -4097 -4225 -4225 -4225 -4225 
5 -4097 -4097 -4097 -4225 -4225 -4353 -4225 -4097 -4225 
5 -4097 -4097 -4225 -4225 -4225 -4225 -4097 -4225 -4097 
CPU side received count (scaleup: 1): -6710 -6747 -6621 -6723 -6680 -6778 -6708 -6580 # -4097 -4225 -4097 -4097 -4097 -4097 -422CPU side received count (scaleup: 0): -6562 -6632 -6627 -6567 -6605 -6607 -6666 -6619 # -4097 -4097 -4097 -4097 -3969 -4097 -4095 -4097 -4097 -4225 -4097 -4097 -4225 -4097 -4225 -4225 
7 -4097 -4225 -3969 -4097 -4097 -4353 -3969 -4097 -4225 
CPU side received count (scaleup: 2): -6725 -6642 -6673 -6681 -6704 -6632 -6658 -6599 # -4097 -4097 -4097 -4225 -4097 -4225 -4225 -4097 -4225 -4225 -4225 -4225 -4097 -4225 -4097 -4097 
Elastic buffer uses 4 channels per SM
Elastic buffer uses 4 channels per SM
Elastic buffer uses 4 channels per SM
Elastic buffer uses 4 channels per SM
Elastic buffer uses 4 channels per SM
Elastic buffer uses 4 channels per SM
Elastic buffer uses 4 channels per SM
Elastic buffer uses 4 channels per SM
CPU side received count (scaleup: 2): -6725 -6642 -6673 -6681 -6704 -6632 -6658 -6599 # -4097 -4097 -4097 -4225 -4097 -4225 -422CPU side received count (scaleup: 4): -6623 -6758 -6552 -6792 -6716 -6778 -6777 -6746 # -4225 -4097 -4225 -4225 -4225 -4225 -422CPU side received count (scaleup: 6): -6638 -6671 -6616 -6617 -6695 -6644 -6710 -6521 # -4097 -4097 -4097 -4225 -4225 -4097 -409CPU side received count (scaleup: 5): -6733 -6579 -6592 -6750 -6722 -6694 -6647 -6686 # -4225 -4097 -4225 -4097 -4225 -4225 -409CPU side received count (scaleup: 3): -6625 -6632 -6674 -6619 -6669 -6691 -6642 -6649 # -4097 -4225 -4097 -4097 -4097 -4097 -4225 -4097 -4225 -4225 -4225 -4225 -4097 -4225 -4097 -4097 
5 -4097 -4097 -4225 -4225 -4225 -4225 -4097 -4225 -4097 
7 -4225 -4097 -4097 -4097 -4225 -4097 -4097 -4097 -4097 
5 -4097 -4097 -4097 -4225 -4225 -4353 -4225 -4097 -4225 
CPU side received count (scaleup: 1): -6710 -6747 -6621 -6723 -6680 -6778 -6708 -6580 # -4097 -4225 -4097 -4097 -4097 -4097 -4227 -4097 -3969 -4225 -4225 -4097 -4225 -4225 -4225 -4225 
CPU side received count (scaleup: 0): -6562 -6632 -6627 -6567 -6605 -6607 -6666 -6619 # -4097 -4097 -4097 -4097 -3969 -4097 -4095 -4097 -4097 -4225 -4097 -4097 -4225 -4097 -4225 -4225 
7 -4097 -4225 -3969 -4097 -4097 -4353 -3969 -4097 -4225 
CPU side received count (scaleup: 7): -6661 -6802 -6652 -6656 -6633 -6581 -6568 -6774 # -4097 -4097 -4097 -4097 -3969 -4097 -4225 -4097 -4097 -4097 -4097 -4225 -4097 -4097 -4225 -4225 
Elastic buffer uses 4 channels per SM
Elastic buffer uses 4 channels per SM
Elastic buffer uses 4 channels per SM
Elastic buffer uses 4 channels per SM
Elastic buffer uses 4 channels per SM
Elastic buffer uses 4 channels per SM
Elastic buffer uses 4 channels per SM
Elastic buffer uses 4 channels per SM
CPU side received count (scaleup: 4): -6623 -6758 -6552 -6792 -6716 -6778 -6777 -6746 # -4225 -4097 -4225 -4225 -4225 -4225 -422CPU side received count (scaleup: 7): -6661 -6802 -6652 -6656 -6633 -6581 -6568 -6774 # -4097 -4097 -4097 -4097 -3969 -4097 -422CPU side received count (scaleup: 3): -6625 -6632 -6674 -6619 -6669 -6691 -6642 -6649 # -4097 -4225 -4097 -4097 -4097 -4097 -422CPU side received count (scaleup: 5): -6733 -6579 -6592 -6750 -6722 -6694 -6647 -6686 # -4225 -4097 -4225 -4097 -4225 -4225 -409CPU side received count (scaleup: 1): -6710 -6747 -6621 -6723 -6680 -6778 -6708 -6580 # -4097 -4225 -4097 -4097 -4097 -4097 -422CPU side received count (scaleup: 0): -6562 -6632 -6627 -6567 -6605 -6607 -6666 -6619 # -4097 -4097 -4097 -4097 -3969 -4097 -409CPU side received count (scaleup: 2): -6725 -6642 -6673 -6681 -6704 -6632 -6658 -6599 # -4097 -4097 -4097 -4225 -4097 -4225 -4225 -4097 -4097 -4097 -4225 -4225 -4353 -4225 -4097 -4225 
5 -4097 -4097 -4225 -4097 -4097 -4225 -4097 -4225 -4225 
7 -4097 -4225 -3969 -4097 -4097 -4353 -3969 -4097 -4225 
5 -4097 -4097 -4097 -4097 -4225 -4097 -4097 -4225 -4225 
5 -4097 -4097 -4225 -4225 -4225 -4225 -4097 -4225 -4097 
7 -4097 -3969 -4225 -4225 -4097 -4225 -4225 -4225 -4225 
CPU side received count (scaleup: 6): -6638 -6671 -6616 -6617 -6695 -6644 -6710 -6521 # -4097 -4097 -4097 -4225 -4225 -4097 -4095 -4097 -4225 -4225 -4225 -4225 -4097 -4225 -4097 -4097 
7 -4225 -4097 -4097 -4097 -4225 -4097 -4097 -4097 -4097 
Elastic buffer uses 4 channels per SM
Elastic buffer uses 4 channels per SM
Elastic buffer uses 4 channels per SM
Elastic buffer uses 4 channels per SM
Elastic buffer uses 4 channels per SM
Elastic buffer uses 4 channels per SM
Elastic buffer uses 4 channels per SM
Elastic buffer uses 4 channels per SM
CPU side received count (scaleup: 6): -6638 -6671 -6616 -6617 -6695 -6644 -6710 -6521 # -4097 -4097 -4097 -4225 -4225 -4097 -409CPU side received count (scaleup: 4): -6623 -6758 -6552 -6792 -6716 -6778 -6777 -6746 # -4225 -4097 -4225 -4225 -4225 -4225 -422CPU side received count (scaleup: 0): -6562 -6632 -6627 -6567 -6605 -6607 -6666 -6619 # -4097 -4097 -4097 -4097 -3969 -4097 -409CPU side received count (scaleup: 3): -6625 -6632 -6674 -6619 -6669 -6691 -6642 -6649 # -4097 -4225 -4097 -4097 -4097 -4097 -422CPU side received count (scaleup: 7): -6661 -6802 -6652 -6656 -6633 -6581 -6568 -6774 # -4097 -4097 -4097 -4097 -3969 -4097 -4225 -4097 -4097 -4097 -4225 -4225 -4353 -4225 -4097 -4225 
5 -4097 -4097 -4225 -4225 -4225 -4225 -4097 -4225 -4097 
5 -4097 -4097 -4097 -4097 -4225 -4097 -4097 -4225 -4225 
7 -4097 -4225 -3969 -4097 -4097 -4353 -3969 -4097 -4225 
CPU side received count (scaleup: 5): -6733 -6579 -6592 -6750 -6722 -6694 -6647 -6686 # -4225 -4097 -4225 -4097 -4225 -4225 -409CPU side received count (scaleup: 2): -6725 -6642 -6673 -6681 -6704 -6632 -6658 -6599 # -4097 -4097 -4097 -4225 -4097 -4225 -4227 -4097 -3969 -4225 -4225 -4097 -4225 -4225 -4225 -4225 
5 -4097 -4225 -4225 -4225 -4225 -4097 -4225 -4097 -4097 
7 -4225 -4097 -4097 -4097 -4225 -4097 -4097 -4097 -4097 
CPU side received count (scaleup: 1): -6710 -6747 -6621 -6723 -6680 -6778 -6708 -6580 # -4097 -4225 -4097 -4097 -4097 -4097 -4225 -4097 -4097 -4225 -4097 -4097 -4225 -4097 -4225 -4225 
Elastic buffer uses 4 channels per SM
Elastic buffer uses 4 channels per SM
Elastic buffer uses 4 channels per SM
Elastic buffer uses 4 channels per SM
Elastic buffer uses 4 channels per SM
Elastic buffer uses 4 channels per SM
Elastic buffer uses 4 channels per SM
Elastic buffer uses 4 channels per SM
CPU side received count (scaleup: 4): -6623 -6758 -6552 -6792 -6716 -6778 -6777 -6746 # -4225 -4097 -4225 -4225 -4225 -4225 -422CPU side received count (scaleup: 7): -6661 -6802 -6652 -6656 -6633 -6581 -6568 -6774 # -4097 -4097 -4097 -4097 -3969 -4097 -422CPU side received count (scaleup: 0): -6562 -6632 -6627 -6567 -6605 -6607 -6666 -6619 # -4097 -4097 -4097 -4097 -3969 -4097 -409CPU side received count (scaleup: 5): -6733 -6579 -6592 -6750 -6722 -6694 -6647 -6686 # -4225 -4097 -4225 -4097 -4225 -4225 -409CPU side received count (scaleup: 6): -6638 -6671 -6616 -6617 -6695 -6644 -6710 -6521 # -4097 -4097 -4097 -4225 -4225 -4097 -409CPU side received count (scaleup: 3): -6625 -6632 -6674 -6619 -6669 -6691 -6642 -6649 # -4097 -4225 -4097 -4097 -4097 -4097 -422CPU side received count (scaleup: 1): -6710 -6747 -6621 -6723 -6680 -6778 -6708 -6580 # -4097 -4225 -4097 -4097 -4097 -4097 -4225 -4097 -4097 -4097 -4225 -4225 -4353 -4225 -4097 -4225 
5 -4097 -4097 -4097 -4097 -4225 -4097 -4097 -4225 -4225 
7 -4097 -4225 -3969 -4097 -4097 -4353 -3969 -4097 -4225 
7 -4097 -3969 -4225 -4225 -4097 -4225 -4225 -4225 -4225 
7 -4225 -4097 -4097 -4097 -4225 -4097 -4097 -4097 -4097 
5 -4097 -4097 -4225 -4225 -4225 -4225 -4097 -4225 -4097 
5 -4097 -4097 -4225 -4097 -4097 -4225 -4097 -4225 -4225 
CPU side received count (scaleup: 2): -6725 -6642 -6673 -6681 -6704 -6632 -6658 -6599 # -4097 -4097 -4097 -4225 -4097 -4225 -4225 -4097 -4225 -4225 -4225 -4225 -4097 -4225 -4097 -4097 
Elastic buffer uses 4 channels per SM
Elastic buffer uses 4 channels per SM
Elastic buffer uses 4 channels per SM
Elastic buffer uses 4 channels per SM
Elastic buffer uses 4 channels per SM
Elastic buffer uses 4 channels per SM
Elastic buffer uses 4 channels per SM
Elastic buffer uses 4 channels per SM
CPU side received count (scaleup: 7): -6661 -6802 -6652 -6656 -6633 -6581 -6568 -6774 # -4097 -4097 -4097 -4097 -3969 -4097 -422CPU side received count (scaleup: 2): -6725 -6642 -6673 -6681 -6704 -6632 -6658 -6599 # -4097 -4097 -4097 -4225 -4097 -4225 -422CPU side received count (scaleup: 3): -6625 -6632 -6674 -6619 -6669 -6691 -6642 -6649 # -4097 -4225 -4097 -4097 -4097 -4097 -4225 -4097 -4097 -4097 -4097 -4225 -4097 -4097 -4225 -4225 
5 -4097 -4225 -4225 -4225 -4225 -4097 -4225 -4097 -4097 
5 -4097 -4097 -4225 -4225 -4225 -4225 -4097 -4225 -4097 
CPU side received count (scaleup: 0): -6562 -6632 -6627 -6567 -6605 -6607 -6666 -6619 # -4097 -4097 -4097 -4097 -3969 -4097 -409CPU side received count (scaleup: 1): -6710 -6747 -6621 -6723 -6680 -6778 -6708 -6580 # -4097 -4225 -4097 -4097 -4097 -4097 -4227 -4097 -4225 -3969 -4097 -4097 -4353 -3969 -4097 -4225 
CPU side received count (scaleup: 6): -6638 -6671 -6616 -6617 -6695 -6644 -6710 -6521 # -4097 -4097 -4097 -4225 -4225 -4097 -4095 -4097 -4097 -4225 -4097 -4097 -4225 -4097 -4225 -4225 
7 -4225 -4097 -4097 -4097 -4225 -4097 -4097 -4097 -4097 
CPU side received count (scaleup: 5): -6733 -6579 -6592 -6750 -6722 -6694 -6647 -6686 # -4225 -4097 -4225 -4097 -4225 -4225 -4097 -4097 -3969 -4225 -4225 -4097 -4225 -4225 -4225 -4225 
CPU side received count (scaleup: 4): -6623 -6758 -6552 -6792 -6716 -6778 -6777 -6746 # -4225 -4097 -4225 -4225 -4225 -4225 -4225 -4097 -4097 -4097 -4225 -4225 -4353 -4225 -4097 -4225 
Elastic buffer uses 4 channels per SM
Elastic buffer uses 4 channels per SM
Elastic buffer uses 4 channels per SM
Elastic buffer uses 4 channels per SM
Elastic buffer uses 4 channels per SM
Elastic buffer uses 4 channels per SM
Elastic buffer uses 4 channels per SM
Elastic buffer uses 4 channels per SM
CPU side received count (scaleup: 4): -6623 -6758 -6552 -6792 -6716 -6778 -6777 -6746 # -4225 -4097 -4225 -4225 -4225 -4225 -422CPU side received count (scaleup: 7): -6661 -6802 -6652 -6656 -6633 -6581 -6568 -6774 # -4097 -4097 -4097 -4097 -3969 -4097 -422CPU side received count (scaleup: 6): -6638 -6671 -6616 -6617 -6695 -6644 -6710 -6521 # -4097 -4097 -4097 -4225 -4225 -4097 -409CPU side received count (scaleup: 0): -6562 -6632 -6627 -6567 -6605 -6607 -6666 -6619 # -4097 -4097 -4097 -4097 -3969 -4097 -409CPU side received count (scaleup: 5): -6733 -6579 -6592 -6750 -6722 -6694 -6647 -6686 # -4225 -4097 -4225 -4097 -4225 -4225 -409CPU side received count (scaleup: 3): -6625 -6632 -6674 -6619 -6669 -6691 -6642 -6649 # -4097 -4225 -4097 -4097 -4097 -4097 -4225 -4097 -4097 -4097 -4097 -4225 -4097 -4097 -4225 -4225 
7 -4225 -4097 -4097 -4097 -4225 -4097 -4097 -4097 -4097 
5 -4097 -4097 -4097 -4225 -4225 -4353 -4225 -4097 -4225 
CPU side received count (scaleup: 1): -6710 -6747 -6621 -6723 -6680 -6778 -6708 -6580 # -4097 -4225 -4097 -4097 -4097 -4097 -4227 -4097 -4225 -3969 -4097 -4097 -4353 -3969 -4097 -4225 
CPU side received count (scaleup: 2): -6725 -6642 -6673 -6681 -6704 -6632 -6658 -6599 # -4097 -4097 -4097 -4225 -4097 -4225 -4227 -4097 -3969 -4225 -4225 -4097 -4225 -4225 -4225 -4225 
5 -4097 -4097 -4225 -4225 -4225 -4225 -4097 -4225 -4097 
5 -4097 -4097 -4225 -4097 -4097 -4225 -4097 -4225 -4225 
5 -4097 -4225 -4225 -4225 -4225 -4097 -4225 -4097 -4097 
Elastic buffer uses 4 channels per SM
Elastic buffer uses 4 channels per SM
Elastic buffer uses 4 channels per SM
Elastic buffer uses 4 channels per SM
Elastic buffer uses 4 channels per SM
Elastic buffer uses 4 channels per SM
Elastic buffer uses 4 channels per SM
Elastic buffer uses 4 channels per SM
CPU side received count (scaleup: 7): -6661 -6802 -6652 -6656 -6633 -6581 -6568 -6774 # -4097 -4097 -4097 -4097 -3969 -4097 -422CPU side received count (scaleup: 4): -6623 -6758 -6552 -6792 -6716 -6778 -6777 -6746 # -4225 -4097 -4225 -4225 -4225 -4225 -422CPU side received count (scaleup: 2): -6725 -6642 -6673 -6681 -6704 -6632 -6658 -6599 # -4097 -4097 -4097 -4225 -4097 -4225 -422CPU side received count (scaleup: 5): -6733 -6579 -6592 -6750 -6722 -6694 -6647 -6686 # -4225 -4097 -4225 -4097 -4225 -4225 -4095 -4097 -4097 -4097 -4225 -4225 -4353 -4225 -4097 -4225 
CPU side received count (scaleup: 6): -6638 -6671 -6616 -6617 -6695 -6644 -6710 -6521 # -4097 -4097 -4097 -4225 -4225 -4097 -409CPU side received count (scaleup: 0): -6562 -6632 -6627 -6567 -6605 -6607 -6666 -6619 # -4097 -4097 -4097 -4097 -3969 -4097 -409CPU side received count (scaleup: 1): -6710 -6747 -6621 -6723 -6680 -6778 -6708 -6580 # -4097 -4225 -4097 -4097 -4097 -4097 -4225 -4097 -4097 -4097 -4097 -4225 -4097 -4097 -4225 -4225 
5 -4097 -4225 -4225 -4225 -4225 -4097 -4225 -4097 -4097 
5 -4097 -4097 -4225 -4097 -4097 -4225 -4097 -4225 -4225 
7 -4097 -3969 -4225 -4225 -4097 -4225 -4225 -4225 -4225 
7 -4225 -4097 -4097 -4097 -4225 -4097 -4097 -4097 -4097 
CPU side received count (scaleup: 3): -6625 -6632 -6674 -6619 -6669 -6691 -6642 -6649 # -4097 -4225 -4097 -4097 -4097 -4097 -4227 -4097 -4225 -3969 -4097 -4097 -4353 -3969 -4097 -4225 
5 -4097 -4097 -4225 -4225 -4225 -4225 -4097 -4225 -4097 
Elastic buffer uses 4 channels per SM
Elastic buffer uses 4 channels per SM
Elastic buffer uses 4 channels per SM
Elastic buffer uses 4 channels per SM
Elastic buffer uses 4 channels per SM
Elastic buffer uses 4 channels per SM
Elastic buffer uses 4 channels per SM
Elastic buffer uses 4 channels per SM
CPU side received count (scaleup: 4): -6623 -6758 -6552 -6792 -6716 -6778 -6777 -6746 # -4225 -4097 -4225 -4225 -4225 -4225 -422CPU side received count (scaleup: 7): -6661 -6802 -6652 -6656 -6633 -6581 -6568 -6774 # -4097 -4097 -4097 -4097 -3969 -4097 -422CPU side received count (scaleup: 0): -6562 -6632 -6627 -6567 -6605 -6607 -6666 -6619 # -4097 -4097 -4097 -4097 -3969 -4097 -4095 -4097 -4097 -4097 -4225 -4225 -4353 -4225 -4097 -4225 
5 -4097 -4097 -4097 -4097 -4225 -4097 -4097 -4225 -4225 
7 -4097 -4225 -3969 -4097 -4097 -4353 -3969 -4097 -4225 
CPU side received count (scaleup: 5): -6733 -6579 -6592 -6750 -6722 -6694 -6647 -6686 # -4225 -4097 -4225 -4097 -4225 -4225 -4097 -4097 -3969 -4225 -4225 -4097 -4225 -4225 -4225 -4225 
CPU side received count (scaleup: 1): -6710 -6747 -6621 -6723 -6680 -6778 -6708 -6580 # -4097 -4225 -4097 -4097 -4097 -4097 -4225 -4097 -4097 -4225 -4097 -4097 -4225 -4097 -4225 -4225 
CPU side received count (scaleup: 6): -6638 -6671 -6616 -6617 -6695 -6644 -6710 -6521 # -4097 -4097 -4097 -4225 -4225 -4097 -409CPU side received count (scaleup: 3): -6625 -6632 -6674 -6619 -6669 -6691 -6642 -6649 # -4097 -4225 -4097 -4097 -4097 -4097 -4227 -4225 -4097 -4097 -4097 -4225 -4097 -4097 -4097 -4097 
5 -4097 -4097 -4225 -4225 -4225 -4225 -4097 -4225 -4097 
CPU side received count (scaleup: 2): -6725 -6642 -6673 -6681 -6704 -6632 -6658 -6599 # -4097 -4097 -4097 -4225 -4097 -4225 -4225 -4097 -4225 -4225 -4225 -4225 -4097 -4225 -4097 -4097 
Elastic buffer uses 4 channels per SM
Elastic buffer uses 4 channels per SM
Elastic buffer uses 4 channels per SM
Elastic buffer uses 4 channels per SM
Elastic buffer uses 4 channels per SM
Elastic buffer uses 4 channels per SM
Elastic buffer uses 4 channels per SM
Elastic buffer uses 4 channels per SM
CPU side received count (scaleup: 4): -6623 -6758 -6552 -6792 -6716 -6778 -6777 -6746 # -4225 -4097 -4225 -4225 -4225 -4225 -422CPU side received count (scaleup: 6): -6638 -6671 -6616 -6617 -6695 -6644 -6710 -6521 # -4097 -4097 -4097 -4225 -4225 -4097 -409CPU side received count (scaleup: 3): -6625 -6632 -6674 -6619 -6669 -6691 -6642 -6649 # -4097 -4225 -4097 -4097 -4097 -4097 -4225 -4097 -4097 -4097 -4225 -4225 -4353 -4225 -4097 -4225 
7 -4225 -4097 -4097 -4097 -4225 -4097 -4097 -4097 -4097 
CPU side received count (scaleup: 5): -6733 -6579 -6592 -6750 -6722 -6694 -6647 -6686 # -4225 -4097 -4225 -4097 -4225 -4225 -4095 -4097 -4097 -4225 -4225 -4225 -4225 -4097 -4225 -4097 
7 -4097 -3969 -4225 -4225 -4097 -4225 -4225 -4225 -4225 
CPU side received count (scaleup: 2): -6725 -6642 -6673 -6681 -6704 -6632 -6658 -6599 # -4097 -4097 -4097 -4225 -4097 -4225 -4225 -4097 -4225 -4225 -4225 -4225 -4097 -4225 -4097 -4097 
CPU side received count (scaleup: 7): -6661 -6802 -6652 -6656 -6633 -6581 -6568 -6774 # -4097 -4097 -4097 -4097 -3969 -4097 -422CPU side received count (scaleup: 0): -6562 -6632 -6627 -6567 -6605 -6607 -6666 -6619 # -4097 -4097 -4097 -4097 -3969 -4097 -409CPU side received count (scaleup: 1): -6710 -6747 -6621 -6723 -6680 -6778 -6708 -6580 # -4097 -4225 -4097 -4097 -4097 -4097 -4225 -4097 -4097 -4097 -4097 -4225 -4097 -4097 -4225 -4225 
7 -4097 -4225 -3969 -4097 -4097 -4353 -3969 -4097 -4225 
5 -4097 -4097 -4225 -4097 -4097 -4225 -4097 -4225 -4225 
Elastic buffer uses 4 channels per SM
Elastic buffer uses 4 channels per SM
Elastic buffer uses 4 channels per SM
Elastic buffer uses 4 channels per SM
Elastic buffer uses 4 channels per SM
Elastic buffer uses 4 channels per SM
Elastic buffer uses 4 channels per SM
Elastic buffer uses 4 channels per SM
CPU side received count (scaleup: 4): -6623 -6758 -6552 -6792 -6716 -6778 -6777 -6746 # -4225 -4097 -4225 -4225 -4225 -4225 -422CPU side received count (scaleup: 6): -6638 -6671 -6616 -6617 -6695 -6644 -6710 -6521 # -4097 -4097 -4097 -4225 -4225 -4097 -409CPU side received count (scaleup: 1): -6710 -6747 -6621 -6723 -6680 -6778 -6708 -6580 # -4097 -4225 -4097 -4097 -4097 -4097 -422CPU side received count (scaleup: 0): -6562 -6632 -6627 -6567 -6605 -6607 -6666 -6619 # -4097 -4097 -4097 -4097 -3969 -4097 -409CPU side received count (scaleup: 5): -6733 -6579 -6592 -6750 -6722 -6694 -6647 -6686 # -4225 -4097 -4225 -4097 -4225 -4225 -4095 -4097 -4097 -4225 -4097 -4097 -4225 -4097 -4225 -4225 
CPU side received count (scaleup: 2): -6725 -6642 -6673 -6681 -6704 -6632 -6658 -6599 # -4097 -4097 -4097 -4225 -4097 -4225 -422CPU side received count (scaleup: 3): -6625 -6632 -6674 -6619 -6669 -6691 -6642 -6649 # -4097 -4225 -4097 -4097 -4097 -4097 -4225 -4097 -4097 -4097 -4225 -4225 -4353 -4225 -4097 -4225 
5 -4097 -4097 -4225 -4225 -4225 -4225 -4097 -4225 -4097 
7 -4225 -4097 -4097 -4097 -4225 -4097 -4097 -4097 -4097 
7 -4097 -4225 -3969 -4097 -4097 -4353 -3969 -4097 -4225 
CPU side received count (scaleup: 7): -6661 -6802 -6652 -6656 -6633 -6581 -6568 -6774 # -4097 -4097 -4097 -4097 -3969 -4097 -4227 -4097 -3969 -4225 -4225 -4097 -4225 -4225 -4225 -4225 
5 -4097 -4225 -4225 -4225 -4225 -4097 -4225 -4097 -4097 
5 -4097 -4097 -4097 -4097 -4225 -4097 -4097 -4225 -4225 
Elastic buffer uses 4 channels per SM
Elastic buffer uses 4 channels per SM
Elastic buffer uses 4 channels per SM
Elastic buffer uses 4 channels per SM
Elastic buffer uses 4 channels per SM
Elastic buffer uses 4 channels per SM
Elastic buffer uses 4 channels per SM
Elastic buffer uses 4 channels per SM
CPU side received count (scaleup: 4): -6623 -6758 -6552 -6792 -6716 -6778 -6777 -6746 # -4225 -4097 -4225 -4225 -4225 -4225 -422CPU side received count (scaleup: 6): -6638 -6671 -6616 -6617 -6695 -6644 -6710 -6521 # -4097 -4097 -4097 -4225 -4225 -4097 -409CPU side received count (scaleup: 3): -6625 -6632 -6674 -6619 -6669 -6691 -6642 -6649 # -4097 -4225 -4097 -4097 -4097 -4097 -422CPU side received count (scaleup: 5): -6733 -6579 -6592 -6750 -6722 -6694 -6647 -6686 # -4225 -4097 -4225 -4097 -4225 -4225 -4095 -4097 -4097 -4097 -4225 -4225 -4353 -4225 -4097 -4225 
CPU side received count (scaleup: 7): -6661 -6802 -6652 -6656 -6633 -6581 -6568 -6774 # -4097 -4097 -4097 -4097 -3969 -4097 -422CPU side received count (scaleup: 0): -6562 -6632 -6627 -6567 -6605 -6607 -6666 -6619 # -4097 -4097 -4097 -4097 -3969 -4097 -4097 -4225 -4097 -4097 -4097 -4225 -4097 -4097 -4097 -4097 
5 -4097 -4097 -4225 -4225 -4225 -4225 -4097 -4225 -4097 
7 -4097 -3969 -4225 -4225 -4097 -4225 -4225 -4225 -4225 
CPU side received count (scaleup: 2): -6725 -6642 -6673 -6681 -6704 -6632 -6658 -6599 # -4097 -4097 -4097 -4225 -4097 -4225 -4225 -4097 -4097 -4097 -4097 -4225 -4097 -4097 -4225 -4225 
7 -4097 -4225 -3969 -4097 -4097 -4353 -3969 -4097 -4225 
5 -4097 -4225 -4225 -4225 -4225 -4097 -4225 -4097 -4097 
CPU side received count (scaleup: 1): -6710 -6747 -6621 -6723 -6680 -6778 -6708 -6580 # -4097 -4225 -4097 -4097 -4097 -4097 -4225 -4097 -4097 -4225 -4097 -4097 -4225 -4097 -4225 -4225 
Elastic buffer uses 4 channels per SM
Elastic buffer uses 4 channels per SM
Elastic buffer uses 4 channels per SM
Elastic buffer uses 4 channels per SM
Elastic buffer uses 4 channels per SM
Elastic buffer uses 4 channels per SM
Elastic buffer uses 4 channels per SM
Elastic buffer uses 4 channels per SM
CPU side received count (scaleup: 7): -6661 -6802 -6652 -6656 -6633 -6581 -6568 -6774 # -4097 -4097 -4097 -4097 -3969 -4097 -422CPU side received count (scaleup: 0): -6562 -6632 -6627 -6567 -6605 -6607 -6666 -6619 # -4097 -4097 -4097 -4097 -3969 -4097 -409CPU side received count (scaleup: 6): -6638 -6671 -6616 -6617 -6695 -6644 -6710 -6521 # -4097 -4097 -4097 -4225 -4225 -4097 -409CPU side received count (scaleup: 4): -6623 -6758 -6552 -6792 -6716 -6778 -6777 -6746 # -4225 -4097 -4225 -4225 -4225 -4225 -422CPU side received count (scaleup: 5): -6733 -6579 -6592 -6750 -6722 -6694 -6647 -6686 # -4225 -4097 -4225 -4097 -4225 -4225 -409CPU side received count (scaleup: 1): -6710 -6747 -6621 -6723 -6680 -6778 -6708 -6580 # -4097 -4225 -4097 -4097 -4097 -4097 -4227 -4097 -4225 -3969 -4097 -4097 -4353 -3969 -4097 -4225 
7 -4225 -4097 -4097 -4097 -4225 -4097 -4097 -4097 -4097 
5 -4097 -4097 -4097 -4225 -4225 -4353 -4225 -4097 -4225 
7 -4097 -3969 -4225 -4225 -4097 -4225 -4225 -4225 -4225 
5 -4097 -4097 -4097 -4097 -4225 -4097 -4097 -4225 -4225 
5 -4097 -4097 -4225 -4097 -4097 -4225 -4097 -4225 -4225 
CPU side received count (scaleup: 2): -6725 -6642 -6673 -6681 -6704 -6632 -6658 -6599 # -4097 -4097 -4097 -4225 -4097 -4225 -4225 -4097 -4225 -4225 -4225 -4225 -4097 -4225 -4097 -4097 
CPU side received count (scaleup: 3): -6625 -6632 -6674 -6619 -6669 -6691 -6642 -6649 # -4097 -4225 -4097 -4097 -4097 -4097 -4225 -4097 -4097 -4225 -4225 -4225 -4225 -4097 -4225 -4097 
Elastic buffer uses 4 channels per SM
Elastic buffer uses 4 channels per SM
Elastic buffer uses 4 channels per SM
Elastic buffer uses 4 channels per SM
Elastic buffer uses 4 channels per SM
Elastic buffer uses 4 channels per SM
Elastic buffer uses 4 channels per SM
Elastic buffer uses 4 channels per SM
CPU side received count (scaleup: 4): -6623 -6758 -6552 -6792 -6716 -6778 -6777 -6746 # -4225 -4097 -4225 -4225 -4225 -4225 -422CPU side received count (scaleup: 7): -6661 -6802 -6652 -6656 -6633 -6581 -6568 -6774 # -4097 -4097 -4097 -4097 -3969 -4097 -422CPU side received count (scaleup: 6): -6638 -6671 -6616 -6617 -6695 -6644 -6710 -6521 # -4097 -4097 -4097 -4225 -4225 -4097 -409CPU side received count (scaleup: 1): -6710 -6747 -6621 -6723 -6680 -6778 -6708 -6580 # -4097 -4225 -4097 -4097 -4097 -4097 -422CPU side received count (scaleup: 0): -6562 -6632 -6627 -6567 -6605 -6607 -6666 -6619 # -4097 -4097 -4097 -4097 -3969 -4097 -4095 -4097 -4097 -4097 -4225 -4225 -4353 -4225 -4097 -4225 
5 -4097 -4097 -4097 -4097 -4225 -4097 -4097 -4225 -4225 
7 -4225 -4097 -4097 -4097 -4225 -4097 -4097 -4097 -4097 
5 -4097 -4097 -4225 -4097 -4097 -4225 -4097 -4225 -4225 
7 -4097 -4225 -3969 -4097 -4097 -4353 -3969 -4097 -4225 
CPU side received count (scaleup: 2): -6725 -6642 -6673 -6681 -6704 -6632 -6658 -6599 # -4097 -4097 -4097 -4225 -4097 -4225 -422CPU side received count (scaleup: 3): -6625 -6632 -6674 -6619 -6669 -6691 -6642 -6649 # -4097 -4225 -4097 -4097 -4097 -4097 -4225 -4097 -4225 -4225 -4225 -4225 -4097 -4225 -4097 -4097 
5 -4097 -4097 -4225 -4225 -4225 -4225 -4097 -4225 -4097 
CPU side received count (scaleup: 5): -6733 -6579 -6592 -6750 -6722 -6694 -6647 -6686 # -4225 -4097 -4225 -4097 -4225 -4225 -4097 -4097 -3969 -4225 -4225 -4097 -4225 -4225 -4225 -4225 
Elastic buffer uses 4 channels per SM
Elastic buffer uses 4 channels per SM
Elastic buffer uses 4 channels per SM
Elastic buffer uses 4 channels per SM
Elastic buffer uses 4 channels per SM
Elastic buffer uses 4 channels per SM
Elastic buffer uses 4 channels per SM
Elastic buffer uses 4 channels per SM
CPU side received count (scaleup: 6): -6638 -6671 -6616 -6617 -6695 -6644 -6710 -6521 # -4097 -4097 -4097 -4225 -4225 -4097 -409CPU side received count (scaleup: 4): -6623 -6758 -6552 -6792 -6716 -6778 -6777 -6746 # -4225 -4097 -4225 -4225 -4225 -4225 -422CPU side received count (scaleup: 3): -6625 -6632 -6674 -6619 -6669 -6691 -6642 -6649 # -4097 -4225 -4097 -4097 -4097 -4097 -422CPU side received count (scaleup: 2): -6725 -6642 -6673 -6681 -6704 -6632 -6658 -6599 # -4097 -4097 -4097 -4225 -4097 -4225 -422CPU side received count (scaleup: 5): -6733 -6579 -6592 -6750 -6722 -6694 -6647 -6686 # -4225 -4097 -4225 -4097 -4225 -4225 -4097 -4225 -4097 -4097 -4097 -4225 -4097 -4097 -4097 -4097 
CPU side received count (scaleup: 0): -6562 -6632 -6627 -6567 -6605 -6607 -6666 -6619 # -4097 -4097 -4097 -4097 -3969 -4097 -409CPU side received count (scaleup: 7): -6661 -6802 -6652 -6656 -6633 -6581 -6568 -6774 # -4097 -4097 -4097 -4097 -3969 -4097 -4225 -4097 -4097 -4225 -4225 -4225 -4225 -4097 -4225 -4097 
5 -4097 -4225 -4225 -4225 -4225 -4097 -4225 -4097 -4097 
CPU side received count (scaleup: 1): -6710 -6747 -6621 -6723 -6680 -6778 -6708 -6580 # -4097 -4225 -4097 -4097 -4097 -4097 -4227 -4097 -3969 -4225 -4225 -4097 -4225 -4225 -4225 -4225 
5 -4097 -4097 -4097 -4225 -4225 -4353 -4225 -4097 -4225 
7 -4097 -4225 -3969 -4097 -4097 -4353 -3969 -4097 -4225 
5 -4097 -4097 -4097 -4097 -4225 -4097 -4097 -4225 -4225 
5 -4097 -4097 -4225 -4097 -4097 -4225 -4097 -4225 -4225 
Elastic buffer uses 4 channels per SM
Elastic buffer uses 4 channels per SM
Elastic buffer uses 4 channels per SM
Elastic buffer uses 4 channels per SM
Elastic buffer uses 4 channels per SM
Elastic buffer uses 4 channels per SM
Elastic buffer uses 4 channels per SM
Elastic buffer uses 4 channels per SM
CPU side received count (scaleup: 4): -6623 -6758 -6552 -6792 -6716 -6778 -6777 -6746 # -4225 -4097 -4225 -4225 -4225 -4225 -422CPU side received count (scaleup: 0): -6562 -6632 -6627 -6567 -6605 -6607 -6666 -6619 # -4097 -4097 -4097 -4097 -3969 -4097 -409CPU side received count (scaleup: 1): -6710 -6747 -6621 -6723 -6680 -6778 -6708 -6580 # -4097 -4225 -4097 -4097 -4097 -4097 -422CPU side received count (scaleup: 3): -6625 -6632 -6674 -6619 -6669 -6691 -6642 -6649 # -4097 -4225 -4097 -4097 -4097 -4097 -422CPU side received count (scaleup: 2): -6725 -6642 -6673 -6681 -6704 -6632 -6658 -6599 # -4097 -4097 -4097 -4225 -4097 -4225 -422CPU side received count (scaleup: 6): -6638 -6671 -6616 -6617 -6695 -6644 -6710 -6521 # -4097 -4097 -4097 -4225 -4225 -4097 -4095 -4097 -4097 -4097 -4225 -4225 -4353 -4225 -4097 -4225 
7 -4097 -4225 -3969 -4097 -4097 -4353 -3969 -4097 -4225 
5 -4097 -4097 -4225 -4097 -4097 -4225 -4097 -4225 -4225 
CPU side received count (scaleup: 7): -6661 -6802 -6652 -6656 -6633 -6581 -6568 -6774 # -4097 -4097 -4097 -4097 -3969 -4097 -422CPU side received count (scaleup: 5): -6733 -6579 -6592 -6750 -6722 -6694 -6647 -6686 # -4225 -4097 -4225 -4097 -4225 -4225 -4095 -4097 -4097 -4225 -4225 -4225 -4225 -4097 -4225 -4097 
5 -4097 -4225 -4225 -4225 -4225 -4097 -4225 -4097 -4097 
7 -4225 -4097 -4097 -4097 -4225 -4097 -4097 -4097 -4097 
5 -4097 -4097 -4097 -4097 -4225 -4097 -4097 -4225 -4225 
7 -4097 -3969 -4225 -4225 -4097 -4225 -4225 -4225 -4225 
Elastic buffer uses 4 channels per SM
Elastic buffer uses 4 channels per SM
Elastic buffer uses 4 channels per SM
Elastic buffer uses 4 channels per SM
Elastic buffer uses 4 channels per SM
Elastic buffer uses 4 channels per SM
Elastic buffer uses 4 channels per SM
Elastic buffer uses 4 channels per SM
CPU side received count (scaleup: 4): -6623 -6758 -6552 -6792 -6716 -6778 -6777 -6746 # -4225 -4097 -4225 -4225 -4225 -4225 -422CPU side received count (scaleup: 7): -6661 -6802 -6652 -6656 -6633 -6581 -6568 -6774 # -4097 -4097 -4097 -4097 -3969 -4097 -422CPU side received count (scaleup: 3): -6625 -6632 -6674 -6619 -6669 -6691 -6642 -6649 # -4097 -4225 -4097 -4097 -4097 -4097 -422CPU side received count (scaleup: 6): -6638 -6671 -6616 -6617 -6695 -6644 -6710 -6521 # -4097 -4097 -4097 -4225 -4225 -4097 -4095 -4097 -4097 -4225 -4225 -4225 -4225 -4097 -4225 -4097 
CPU side received count (scaleup: 5): -6733 -6579 -6592 -6750 -6722 -6694 -6647 -6686 # -4225 -4097 -4225 -4097 -4225 -4225 -4097 -4225 -4097 -4097 -4097 -4225 -4097 -4097 -4097 -4097 
5 -4097 -4097 -4097 -4225 -4225 -4353 -4225 -4097 -4225 
5 -4097 -4097 -4097 -4097 -4225 -4097 -4097 -4225 -4225 
7 -4097 -3969 -4225 -4225 -4097 -4225 -4225 -4225 -4225 
CPU side received count (scaleup: 2): -6725 -6642 -6673 -6681 -6704 -6632 -6658 -6599 # -4097 -4097 -4097 -4225 -4097 -4225 -422CPU side received count (scaleup: 1): -6710 -6747 -6621 -6723 -6680 -6778 -6708 -6580 # -4097 -4225 -4097 -4097 -4097 -4097 -422CPU side received count (scaleup: 0): -6562 -6632 -6627 -6567 -6605 -6607 -6666 -6619 # -4097 -4097 -4097 -4097 -3969 -4097 -4095 -4097 -4225 -4225 -4225 -4225 -4097 -4225 -4097 -4097 
5 -4097 -4097 -4225 -4097 -4097 -4225 -4097 -4225 -4225 
7 -4097 -4225 -3969 -4097 -4097 -4353 -3969 -4097 -4225 
Elastic buffer uses 4 channels per SM
Elastic buffer uses 4 channels per SM
Elastic buffer uses 4 channels per SM
Elastic buffer uses 4 channels per SM
Elastic buffer uses 4 channels per SM
Elastic buffer uses 4 channels per SM
Elastic buffer uses 4 channels per SM
Elastic buffer uses 4 channels per SM
CPU side received count (scaleup: 7): -6661 -6802 -6652 -6656 -6633 -6581 -6568 -6774 # -4097 -4097 -4097 -4097 -3969 -4097 -422CPU side received count (scaleup: 0): -6562 -6632 -6627 -6567 -6605 -6607 -6666 -6619 # -4097 -4097 -4097 -4097 -3969 -4097 -409CPU side received count (scaleup: 2): -6725 -6642 -6673 -6681 -6704 -6632 -6658 -6599 # -4097 -4097 -4097 -4225 -4097 -4225 -422CPU side received count (scaleup: 4): -6623 -6758 -6552 -6792 -6716 -6778 -6777 -6746 # -4225 -4097 -4225 -4225 -4225 -4225 -422CPU side received count (scaleup: 3): -6625 -6632 -6674 -6619 -6669 -6691 -6642 -6649 # -4097 -4225 -4097 -4097 -4097 -4097 -4225 -4097 -4097 -4097 -4097 -4225 -4097 -4097 -4225 -4225 
CPU side received count (scaleup: 1): -6710 -6747 -6621 -6723 -6680 -6778 -6708 -6580 # -4097 -4225 -4097 -4097 -4097 -4097 -422CPU side received count (scaleup: 5): -6733 -6579 -6592 -6750 -6722 -6694 -6647 -6686 # -4225 -4097 -4225 -4097 -4225 -4225 -4097 -4097 -4225 -3969 -4097 -4097 -4353 -3969 -4097 -4225 
CPU side received count (scaleup: 6): -6638 -6671 -6616 -6617 -6695 -6644 -6710 -6521 # -4097 -4097 -4097 -4225 -4225 -4097 -4095 -4097 -4225 -4225 -4225 -4225 -4097 -4225 -4097 -4097 
7 -4097 -3969 -4225 -4225 -4097 -4225 -4225 -4225 -4225 
5 -4097 -4097 -4097 -4225 -4225 -4353 -4225 -4097 -4225 
7 -4225 -4097 -4097 -4097 -4225 -4097 -4097 -4097 -4097 
5 -4097 -4097 -4225 -4225 -4225 -4225 -4097 -4225 -4097 
5 -4097 -4097 -4225 -4097 -4097 -4225 -4097 -4225 -4225 
Elastic buffer uses 4 channels per SM
Elastic buffer uses 4 channels per SM
Elastic buffer uses 4 channels per SM
Elastic buffer uses 4 channels per SM
Elastic buffer uses 4 channels per SM
Elastic buffer uses 4 channels per SM
Elastic buffer uses 4 channels per SM
Elastic buffer uses 4 channels per SM
CPU side received count (scaleup: 4): -6623 -6758 -6552 -6792 -6716 -6778 -6777 -6746 # -4225 -4097 -4225 -4225 -4225 -4225 -422CPU side received count (scaleup: 0): -6562 -6632 -6627 -6567 -6605 -6607 -6666 -6619 # -4097 -4097 -4097 -4097 -3969 -4097 -409CPU side received count (scaleup: 1): -6710 -6747 -6621 -6723 -6680 -6778 -6708 -6580 # -4097 -4225 -4097 -4097 -4097 -4097 -422CPU side received count (scaleup: 7): -6661 -6802 -6652 -6656 -6633 -6581 -6568 -6774 # -4097 -4097 -4097 -4097 -3969 -4097 -422CPU side received count (scaleup: 3): -6625 -6632 -6674 -6619 -6669 -6691 -6642 -6649 # -4097 -4225 -4097 -4097 -4097 -4097 -4225 -4097 -4097 -4097 -4225 -4225 -4353 -4225 -4097 -4225 
CPU side received count (scaleup: 2): -6725 -6642 -6673 -6681 -6704 -6632 -6658 -6599 # -4097 -4097 -4097 -4225 -4097 -4225 -4227 -4097 -4225 -3969 -4097 -4097 -4353 -3969 -4097 -4225 
CPU side received count (scaleup: 5): -6733 -6579 -6592 -6750 -6722 -6694 -6647 -6686 # -4225 -4097 -4225 -4097 -4225 -4225 -4095 -4097 -4097 -4225 -4097 -4097 -4225 -4097 -4225 -4225 
5 -4097 -4097 -4097 -4097 -4225 -4097 -4097 -4225 -4225 
5 -4097 -4097 -4225 -4225 -4225 -4225 -4097 -4225 -4097 
CPU side received count (scaleup: 6): -6638 -6671 -6616 -6617 -6695 -6644 -6710 -6521 # -4097 -4097 -4097 -4225 -4225 -4097 -4095 -4097 -4225 -4225 -4225 -4225 -4097 -4225 -4097 -4097 
7 -4097 -3969 -4225 -4225 -4097 -4225 -4225 -4225 -4225 
7 -4225 -4097 -4097 -4097 -4225 -4097 -4097 -4097 -4097 
USDT:2026-08-25 02:10:30 436:436 SyncActivityProfilerHandler.cpp:59] profiler_stopUSDT:2026-08-25 02:10:30 439:439 SyncActivityProfilerHandler.cpp:59] profiler_stop

USDT:2026-08-25 02:10:30 438:438 SyncActivityProfilerHandler.cpp:59] profiler_stopUSDT:2026-08-25 02:10:30 434:434 SyncActivityProfilerHandler.cpp:59] profiler_stopUSDT:2026-08-25 02:10:30 437:437 SyncActivityProfilerHandler.cpp:59] profiler_stop

USDT:2026-08-25 02:10:30 432:432 SyncActivityProfilerHandler.cpp:59] profiler_stop
USDT:2026-08-25 02:10:30 435:435 SyncActivityProfilerHandler.cpp:59] profiler_stop

USDT:2026-08-25 02:10:30 433:433 SyncActivityProfilerHandler.cpp:59] profiler_stop
   * EP:   7/16 | dispatch: 75 GB/s (SO), 245 GB/s (SU), 1631.000 us, 399252672 bytes | copy: 3010 GB/s, 265.255 us
   * EP:   3/16 | dispatch: 75 GB/s (SO), 244 GB/s (SU), 1631.000 us, 398309184 bytes | copy: 2950 GB/s, 270.079 us
   * EP:   4/16 | dispatch: 75 GB/s (SO), 247 GB/s (SU), 1631.000 us, 402360192 bytes | copy: 2983 GB/s, 269.798 us
   * EP:   2/16 | dispatch: 75 GB/s (SO), 245 GB/s (SU), 1631.000 us, 399155328 bytes | copy: 2969 GB/s, 268.851 us
   * EP:   1/16 | dispatch: 75 GB/s (SO), 246 GB/s (SU), 1631.000 us, 400900032 bytes | copy: 2805 GB/s, 285.895 us
   * EP:   6/16 | dispatch: 75 GB/s (SO), 244 GB/s (SU), 1631.000 us, 397642752 bytes | copy: 2854 GB/s, 278.689 us
   * EP:   0/16 | dispatch: 75 GB/s (SO), 243 GB/s (SU), 1631.000 us, 395942976 bytes | copy: 2703 GB/s, 292.950 us
   * EP:   5/16 | dispatch: 75 GB/s (SO), 245 GB/s (SU), 1631.000 us, 399821760 bytes | copy: 2893 GB/s, 276.436 us
Elastic buffer uses 4 channels per SM
Elastic buffer uses 4 channels per SM
Elastic buffer uses 4 channels per SM
Elastic buffer uses 4 channels per SM
Elastic buffer uses 4 channels per SM
Elastic buffer uses 4 channels per SM
Elastic buffer uses 4 channels per SM
Elastic buffer uses 4 channels per SM
CPU side received count (scaleup: 2): -6725 -6642 -6673 -6681 -6704 -6632 -6658 -6599 # -4097 -4097 -4097 -4225 -4097 -4225 -422CPU side received count (scaleup: 6): -6638 -6671 -6616 -6617 -6695 -6644 -6710 -6521 # -4097 -4097 -4097 -4225 -4225 -4097 -409CPU side received count (scaleup: 4): -6623 -6758 -6552 -6792 -6716 -6778 -6777 -6746 # -4225 -4097 -4225 -4225 -4225 -4225 -4225 -4097 -4225 -4225 -4225 -4225 -4097 -4225 -4097 -4097 
CPU side received count (scaleup: 7): -6661 -6802 -6652 -6656 -6633 -6581 -6568 -6774 # -4097 -4097 -4097 -4097 -3969 -4097 -422CPU side received count (scaleup: 5): -6733 -6579 -6592 -6750 -6722 -6694 -6647 -6686 # -4225 -4097 -4225 -4097 -4225 -4225 -4095 -4097 -4097 -4097 -4097 -4225 -4097 -4097 -4225 -4225 
CPU side received count (scaleup: 3): -6625 -6632 -6674 -6619 -6669 -6691 -6642 -6649 # -4097 -4225 -4097 -4097 -4097 -4097 -422CPU side received count (scaleup: 1): -6710 -6747 -6621 -6723 -6680 -6778 -6708 -6580 # -4097 -4225 -4097 -4097 -4097 -4097 -4225 -4097 -4097 -4097 -4225 -4225 -4353 -4225 -4097 -4225 
7 -4225 -4097 -4097 -4097 -4225 -4097 -4097 -4097 -4097 
7 -4097 -3969 -4225 -4225 -4097 -4225 -4225 -4225 -4225 
5 -4097 -4097 -4225 -4225 -4225 -4225 -4097 -4225 -4097 
5 -4097 -4097 -4225 -4097 -4097 -4225 -4097 -4225 -4225 
CPU side received count (scaleup: 0): -6562 -6632 -6627 -6567 -6605 -6607 -6666 -6619 # -4097 -4097 -4097 -4097 -3969 -4097 -4097 -4097 -4225 -3969 -4097 -4097 -4353 -3969 -4097 -4225 
Elastic buffer uses 4 channels per SM
Elastic buffer uses 4 channels per SM
Elastic buffer uses 4 channels per SM
Elastic buffer uses 4 channels per SM
Elastic buffer uses 4 channels per SM
Elastic buffer uses 4 channels per SM
Elastic buffer uses 4 channels per SM
Elastic buffer uses 4 channels per SM
CPU side received count (scaleup: 6): -6638 -6671 -6616 -6617 -6695 -6644 -6710 -6521 # -4097 -4097 -4097 -4225 -4225 -4097 -409CPU side received count (scaleup: 0): -6562 -6632 -6627 -6567 -6605 -6607 -6666 -6619 # -4097 -4097 -4097 -4097 -3969 -4097 -409CPU side received count (scaleup: 2): -6725 -6642 -6673 -6681 -6704 -6632 -6658 -6599 # -4097 -4097 -4097 -4225 -4097 -4225 -422CPU side received count (scaleup: 4): -6623 -6758 -6552 -6792 -6716 -6778 -6777 -6746 # -4225 -4097 -4225 -4225 -4225 -4225 -422CPU side received count (scaleup: 7): -6661 -6802 -6652 -6656 -6633 -6581 -6568 -6774 # -4097 -4097 -4097 -4097 -3969 -4097 -4227 -4225 -4097 -4097 -4097 -4225 -4097 -4097 -4097 -4097 
CPU side received count (scaleup: 3): -6625 -6632 -6674 -6619 -6669 -6691 -6642 -6649 # -4097 -4225 -4097 -4097 -4097 -4097 -422CPU side received count (scaleup: 5): -6733 -6579 -6592 -6750 -6722 -6694 -6647 -6686 # -4225 -4097 -4225 -4097 -4225 -4225 -4097 -4097 -4225 -3969 -4097 -4097 -4353 -3969 -4097 -4225 
5 -4097 -4225 -4225 -4225 -4225 -4097 -4225 -4097 -4097 
5 -4097 -4097 -4097 -4225 -4225 -4353 -4225 -4097 -4225 
7 -4097 -3969 -4225 -4225 -4097 -4225 -4225 -4225 -4225 
5 -4097 -4097 -4097 -4097 -4225 -4097 -4097 -4225 -4225 
5 -4097 -4097 -4225 -4225 -4225 -4225 -4097 -4225 -4097 
CPU side received count (scaleup: 1): -6710 -6747 -6621 -6723 -6680 -6778 -6708 -6580 # -4097 -4225 -4097 -4097 -4097 -4097 -4225 -4097 -4097 -4225 -4097 -4097 -4225 -4097 -4225 -4225 
Elastic buffer uses 4 channels per SM
Elastic buffer uses 4 channels per SM
Elastic buffer uses 4 channels per SM
Elastic buffer uses 4 channels per SM
Elastic buffer uses 4 channels per SM
Elastic buffer uses 4 channels per SM
Elastic buffer uses 4 channels per SM
Elastic buffer uses 4 channels per SM
CPU side received count (scaleup: 7): -6661 -6802 -6652 -6656 -6633 -6581 -6568 -6774 # -4097 -4097 -4097 -4097 -3969 -4097 -422CPU side received count (scaleup: 5): -6733 -6579 -6592 -6750 -6722 -6694 -6647 -6686 # -4225 -4097 -4225 -4097 -4225 -4225 -409CPU side received count (scaleup: 3): -6625 -6632 -6674 -6619 -6669 -6691 -6642 -6649 # -4097 -4225 -4097 -4097 -4097 -4097 -422CPU side received count (scaleup: 2): -6725 -6642 -6673 -6681 -6704 -6632 -6658 -6599 # -4097 -4097 -4097 -4225 -4097 -4225 -4225 -4097 -4097 -4097 -4097 -4225 -4097 -4097 -4225 -4225 
7 -4097 -3969 -4225 -4225 -4097 -4225 -4225 -4225 -4225 
5 -4097 -4097 -4225 -4225 -4225 -4225 -4097 -4225 -4097 
5 -4097 -4225 -4225 -4225 -4225 -4097 -4225 -4097 -4097 
CPU side received count (scaleup: 1): -6710 -6747 -6621 -6723 -6680 -6778 -6708 -6580 # -4097 -4225 -4097 -4097 -4097 -4097 -422CPU side received count (scaleup: 0): -6562 -6632 -6627 -6567 -6605 -6607 -6666 -6619 # -4097 -4097 -4097 -4097 -3969 -4097 -409CPU side received count (scaleup: 4): -6623 -6758 -6552 -6792 -6716 -6778 -6777 -6746 # -4225 -4097 -4225 -4225 -4225 -4225 -422CPU side received count (scaleup: 6): -6638 -6671 -6616 -6617 -6695 -6644 -6710 -6521 # -4097 -4097 -4097 -4225 -4225 -4097 -4095 -4097 -4097 -4225 -4097 -4097 -4225 -4097 -4225 -4225 
7 -4097 -4225 -3969 -4097 -4097 -4353 -3969 -4097 -4225 
5 -4097 -4097 -4097 -4225 -4225 -4353 -4225 -4097 -4225 
7 -4225 -4097 -4097 -4097 -4225 -4097 -4097 -4097 -4097 
Elastic buffer uses 4 channels per SM
Elastic buffer uses 4 channels per SM
Elastic buffer uses 4 channels per SM
Elastic buffer uses 4 channels per SM
Elastic buffer uses 4 channels per SM
Elastic buffer uses 4 channels per SM
Elastic buffer uses 4 channels per SM
Elastic buffer uses 4 channels per SM
CPU side received count (scaleup: 7): -6661 -6802 -6652 -6656 -6633 -6581 -6568 -6774 # -4097 -4097 -4097 -4097 -3969 -4097 -422CPU side received count (scaleup: 3): -6625 -6632 -6674 -6619 -6669 -6691 -6642 -6649 # -4097 -4225 -4097 -4097 -4097 -4097 -422CPU side received count (scaleup: 2): -6725 -6642 -6673 -6681 -6704 -6632 -6658 -6599 # -4097 -4097 -4097 -4225 -4097 -4225 -4225 -4097 -4097 -4097 -4097 -4225 -4097 -4097 -4225 -4225 
5 -4097 -4097 -4225 -4225 -4225 -4225 -4097 -4225 -4097 
5 -4097 -4225 -4225 -4225 -4225 -4097 -4225 -4097 -4097 
CPU side received count (scaleup: 5): -6733 -6579 -6592 -6750 -6722 -6694 -6647 -6686 # -4225 -4097 -4225 -4097 -4225 -4225 -4097 -4097 -3969 -4225 -4225 -4097 -4225 -4225 -4225 -4225 
CPU side received count (scaleup: 4): -6623 -6758 -6552 -6792 -6716 -6778 -6777 -6746 # -4225 -4097 -4225 -4225 -4225 -4225 -4225 -4097 -4097 -4097 -4225 -4225 -4353 -4225 -4097 -4225 
CPU side received count (scaleup: 0): -6562 -6632 -6627 -6567 -6605 -6607 -6666 -6619 # -4097 -4097 -4097 -4097 -3969 -4097 -409CPU side received count (scaleup: 1): -6710 -6747 -6621 -6723 -6680 -6778 -6708 -6580 # -4097 -4225 -4097 -4097 -4097 -4097 -4227 -4097 -4225 -3969 -4097 -4097 -4353 -3969 -4097 -4225 
5 -4097 -4097 -4225 -4097 -4097 -4225 -4097 -4225 -4225 
CPU side received count (scaleup: 6): -6638 -6671 -6616 -6617 -6695 -6644 -6710 -6521 # -4097 -4097 -4097 -4225 -4225 -4097 -4097 -4225 -4097 -4097 -4097 -4225 -4097 -4097 -4097 -4097 
Elastic buffer uses 4 channels per SM
Elastic buffer uses 4 channels per SM
Elastic buffer uses 4 channels per SM
Elastic buffer uses 4 channels per SM
Elastic buffer uses 4 channels per SM
Elastic buffer uses 4 channels per SM
Elastic buffer uses 4 channels per SM
Elastic buffer uses 4 channels per SM
CPU side received count (scaleup: 4): -6623 -6758 -6552 -6792 -6716 -6778 -6777 -6746 # -4225 -4097 -4225 -4225 -4225 -4225 -422CPU side received count (scaleup: 2): -6725 -6642 -6673 -6681 -6704 -6632 -6658 -6599 # -4097 -4097 -4097 -4225 -4097 -4225 -422CPU side received count (scaleup: 3): -6625 -6632 -6674 -6619 -6669 -6691 -6642 -6649 # -4097 -4225 -4097 -4097 -4097 -4097 -422CPU side received count (scaleup: 6): -6638 -6671 -6616 -6617 -6695 -6644 -6710 -6521 # -4097 -4097 -4097 -4225 -4225 -4097 -409CPU side received count (scaleup: 1): -6710 -6747 -6621 -6723 -6680 -6778 -6708 -6580 # -4097 -4225 -4097 -4097 -4097 -4097 -4225 -4097 -4225 -4225 -4225 -4225 -4097 -4225 -4097 -4097 
CPU side received count (scaleup: 0): -6562 -6632 -6627 -6567 -6605 -6607 -6666 -6619 # -4097 -4097 -4097 -4097 -3969 -4097 -4095 -4097 -4097 -4225 -4225 -4225 -4225 -4097 -4225 -4097 
5 -4097 -4097 -4097 -4225 -4225 -4353 -4225 -4097 -4225 
7 -4225 -4097 -4097 -4097 -4225 -4097 -4097 -4097 -4097 
CPU side received count (scaleup: 5): -6733 -6579 -6592 -6750 -6722 -6694 -6647 -6686 # -4225 -4097 -4225 -4097 -4225 -4225 -4095 -4097 -4097 -4225 -4097 -4097 -4225 -4097 -4225 -4225 
CPU side received count (scaleup: 7): -6661 -6802 -6652 -6656 -6633 -6581 -6568 -6774 # -4097 -4097 -4097 -4097 -3969 -4097 -4227 -4097 -4225 -3969 -4097 -4097 -4353 -3969 -4097 -4225 
7 -4097 -3969 -4225 -4225 -4097 -4225 -4225 -4225 -4225 
5 -4097 -4097 -4097 -4097 -4225 -4097 -4097 -4225 -4225 
Elastic buffer uses 4 channels per SM
Elastic buffer uses 4 channels per SM
Elastic buffer uses 4 channels per SM
Elastic buffer uses 4 channels per SM
Elastic buffer uses 4 channels per SM
Elastic buffer uses 4 channels per SM
Elastic buffer uses 4 channels per SM
Elastic buffer uses 4 channels per SM
CPU side received count (scaleup: 4): -6623 -6758 -6552 -6792 -6716 -6778 -6777 -6746 # -4225 -4097 -4225 -4225 -4225 -4225 -422CPU side received count (scaleup: 6): -6638 -6671 -6616 -6617 -6695 -6644 -6710 -6521 # -4097 -4097 -4097 -4225 -4225 -4097 -409CPU side received count (scaleup: 7): -6661 -6802 -6652 -6656 -6633 -6581 -6568 -6774 # -4097 -4097 -4097 -4097 -3969 -4097 -422CPU side received count (scaleup: 0): -6562 -6632 -6627 -6567 -6605 -6607 -6666 -6619 # -4097 -4097 -4097 -4097 -3969 -4097 -409CPU side received count (scaleup: 3): -6625 -6632 -6674 -6619 -6669 -6691 -6642 -6649 # -4097 -4225 -4097 -4097 -4097 -4097 -4225 -4097 -4097 -4097 -4225 -4225 -4353 -4225 -4097 -4225 
CPU side received count (scaleup: 2): -6725 -6642 -6673 -6681 -6704 -6632 -6658 -6599 # -4097 -4097 -4097 -4225 -4097 -4225 -4225 -4097 -4097 -4097 -4097 -4225 -4097 -4097 -4225 -4225 
7 -4097 -4225 -3969 -4097 -4097 -4353 -3969 -4097 -4225 
CPU side received count (scaleup: 1): -6710 -6747 -6621 -6723 -6680 -6778 -6708 -6580 # -4097 -4225 -4097 -4097 -4097 -4097 -4227 -4225 -4097 -4097 -4097 -4225 -4097 -4097 -4097 -4097 
5 -4097 -4097 -4225 -4225 -4225 -4225 -4097 -4225 -4097 
5 -4097 -4225 -4225 -4225 -4225 -4097 -4225 -4097 -4097 
5 -4097 -4097 -4225 -4097 -4097 -4225 -4097 -4225 -4225 
CPU side received count (scaleup: 5): -6733 -6579 -6592 -6750 -6722 -6694 -6647 -6686 # -4225 -4097 -4225 -4097 -4225 -4225 -4097 -4097 -3969 -4225 -4225 -4097 -4225 -4225 -4225 -4225 
Elastic buffer uses 4 channels per SM
Elastic buffer uses 4 channels per SM
Elastic buffer uses 4 channels per SM
Elastic buffer uses 4 channels per SM
Elastic buffer uses 4 channels per SM
Elastic buffer uses 4 channels per SM
Elastic buffer uses 4 channels per SM
Elastic buffer uses 4 channels per SM
CPU side received count (scaleup: 2): -6725 -6642 -6673 -6681 -6704 -6632 -6658 -6599 # -4097 -4097 -4097 -4225 -4097 -4225 -422CPU side received count (scaleup: 7): -6661 -6802 -6652 -6656 -6633 -6581 -6568 -6774 # -4097 -4097 -4097 -4097 -3969 -4097 -422CPU side received count (scaleup: 5): -6733 -6579 -6592 -6750 -6722 -6694 -6647 -6686 # -4225 -4097 -4225 -4097 -4225 -4225 -4095 -4097 -4225 -4225 -4225 -4225 -4097 -4225 -4097 -4097 
CPU side received count (scaleup: 6): -6638 -6671 -6616 -6617 -6695 -6644 -6710 -6521 # -4097 -4097 -4097 -4225 -4225 -4097 -4095 -4097 -4097 -4097 -4097 -4225 -4097 -4097 -4225 -4225 
CPU side received count (scaleup: 4): -6623 -6758 -6552 -6792 -6716 -6778 -6777 -6746 # -4225 -4097 -4225 -4225 -4225 -4225 -422CPU side received count (scaleup: 0): -6562 -6632 -6627 -6567 -6605 -6607 -6666 -6619 # -4097 -4097 -4097 -4097 -3969 -4097 -4095 -4097 -4097 -4097 -4225 -4225 -4353 -4225 -4097 -4225 
CPU side received count (scaleup: 3): -6625 -6632 -6674 -6619 -6669 -6691 -6642 -6649 # -4097 -4225 -4097 -4097 -4097 -4097 -4227 -4097 -4225 -3969 -4097 -4097 -4353 -3969 -4097 -4225 
CPU side received count (scaleup: 1): -6710 -6747 -6621 -6723 -6680 -6778 -6708 -6580 # -4097 -4225 -4097 -4097 -4097 -4097 -4227 -4097 -3969 -4225 -4225 -4097 -4225 -4225 -4225 -4225 
7 -4225 -4097 -4097 -4097 -4225 -4097 -4097 -4097 -4097 
5 -4097 -4097 -4225 -4225 -4225 -4225 -4097 -4225 -4097 
5 -4097 -4097 -4225 -4097 -4097 -4225 -4097 -4225 -4225 
Elastic buffer uses 4 channels per SM
Elastic buffer uses 4 channels per SM
Elastic buffer uses 4 channels per SM
Elastic buffer uses 4 channels per SM
Elastic buffer uses 4 channels per SM
Elastic buffer uses 4 channels per SM
Elastic buffer uses 4 channels per SM
Elastic buffer uses 4 channels per SM
CPU side received count (scaleup: 4): -6623 -6758 -6552 -6792 -6716 -6778 -6777 -6746 # -4225 -4097 -4225 -4225 -4225 -4225 -422CPU side received count (scaleup: 7): -6661 -6802 -6652 -6656 -6633 -6581 -6568 -6774 # -4097 -4097 -4097 -4097 -3969 -4097 -4225 -4097 -4097 -4097 -4225 -4225 -4353 -4225 -4097 -4225 
CPU side received count (scaleup: 2): -6725 -6642 -6673 -6681 -6704 -6632 -6658 -6599 # -4097 -4097 -4097 -4225 -4097 -4225 -422CPU side received count (scaleup: 0): -6562 -6632 -6627 -6567 -6605 -6607 -6666 -6619 # -4097 -4097 -4097 -4097 -3969 -4097 -409CPU side received count (scaleup: 6): -6638 -6671 -6616 -6617 -6695 -6644 -6710 -6521 # -4097 -4097 -4097 -4225 -4225 -4097 -4097 -4097 -4225 -3969 -4097 -4097 -4353 -3969 -4097 -4225 
CPU side received count (scaleup: 1): -6710 -6747 -6621 -6723 -6680 -6778 -6708 -6580 # -4097 -4225 -4097 -4097 -4097 -4097 -4225 -4097 -4097 -4097 -4097 -4225 -4097 -4097 -4225 -4225 
CPU side received count (scaleup: 5): -6733 -6579 -6592 -6750 -6722 -6694 -6647 -6686 # -4225 -4097 -4225 -4097 -4225 -4225 -4095 -4097 -4097 -4225 -4097 -4097 -4225 -4097 -4225 -4225 
5 -4097 -4225 -4225 -4225 -4225 -4097 -4225 -4097 -4097 
7 -4225 -4097 -4097 -4097 -4225 -4097 -4097 -4097 -4097 
7 -4097 -3969 -4225 -4225 -4097 -4225 -4225 -4225 -4225 
CPU side received count (scaleup: 3): -6625 -6632 -6674 -6619 -6669 -6691 -6642 -6649 # -4097 -4225 -4097 -4097 -4097 -4097 -4225 -4097 -4097 -4225 -4225 -4225 -4225 -4097 -4225 -4097 
Elastic buffer uses 4 channels per SM
Elastic buffer uses 4 channels per SM
Elastic buffer uses 4 channels per SM
Elastic buffer uses 4 channels per SM
Elastic buffer uses 4 channels per SM
Elastic buffer uses 4 channels per SM
Elastic buffer uses 4 channels per SM
Elastic buffer uses 4 channels per SM
CPU side received count (scaleup: 6): -6638 -6671 -6616 -6617 -6695 -6644 -6710 -6521 # -4097 -4097 -4097 -4225 -4225 -4097 -409CPU side received count (scaleup: 4): -6623 -6758 -6552 -6792 -6716 -6778 -6777 -6746 # -4225 -4097 -4225 -4225 -4225 -4225 -422CPU side received count (scaleup: 7): -6661 -6802 -6652 -6656 -6633 -6581 -6568 -6774 # -4097 -4097 -4097 -4097 -3969 -4097 -422CPU side received count (scaleup: 0): -6562 -6632 -6627 -6567 -6605 -6607 -6666 -6619 # -4097 -4097 -4097 -4097 -3969 -4097 -409CPU side received count (scaleup: 3): -6625 -6632 -6674 -6619 -6669 -6691 -6642 -6649 # -4097 -4225 -4097 -4097 -4097 -4097 -4225 -4097 -4097 -4097 -4225 -4225 -4353 -4225 -4097 -4225 
CPU side received count (scaleup: 5): -6733 -6579 -6592 -6750 -6722 -6694 -6647 -6686 # -4225 -4097 -4225 -4097 -4225 -4225 -4097 -4225 -4097 -4097 -4097 -4225 -4097 -4097 -4097 -4097 
5 -4097 -4097 -4097 -4097 -4225 -4097 -4097 -4225 -4225 
7 -4097 -4225 -3969 -4097 -4097 -4353 -3969 -4097 -4225 
5 -4097 -4097 -4225 -4225 -4225 -4225 -4097 -4225 -4097 
CPU side received count (scaleup: 2): -6725 -6642 -6673 -6681 -6704 -6632 -6658 -6599 # -4097 -4097 -4097 -4225 -4097 -4225 -4227 -4097 -3969 -4225 -4225 -4097 -4225 -4225 -4225 -4225 
5 -4097 -4225 -4225 -4225 -4225 -4097 -4225 -4097 -4097 
CPU side received count (scaleup: 1): -6710 -6747 -6621 -6723 -6680 -6778 -6708 -6580 # -4097 -4225 -4097 -4097 -4097 -4097 -4225 -4097 -4097 -4225 -4097 -4097 -4225 -4097 -4225 -4225 
Elastic buffer uses 4 channels per SM
Elastic buffer uses 4 channels per SM
Elastic buffer uses 4 channels per SM
Elastic buffer uses 4 channels per SM
Elastic buffer uses 4 channels per SM
Elastic buffer uses 4 channels per SM
Elastic buffer uses 4 channels per SM
Elastic buffer uses 4 channels per SM
CPU side received count (scaleup: 0): -6562 -6632 -6627 -6567 -6605 -6607 -6666 -6619 # -4097 -4097 -4097 -4097 -3969 -4097 -409CPU side received count (scaleup: 3): -6625 -6632 -6674 -6619 -6669 -6691 -6642 -6649 # -4097 -4225 -4097 -4097 -4097 -4097 -422CPU side received count (scaleup: 1): -6710 -6747 -6621 -6723 -6680 -6778 -6708 -6580 # -4097 -4225 -4097 -4097 -4097 -4097 -422CPU side received count (scaleup: 4): -6623 -6758 -6552 -6792 -6716 -6778 -6777 -6746 # -4225 -4097 -4225 -4225 -4225 -4225 -422CPU side received count (scaleup: 6): -6638 -6671 -6616 -6617 -6695 -6644 -6710 -6521 # -4097 -4097 -4097 -4225 -4225 -4097 -409CPU side received count (scaleup: 7): -6661 -6802 -6652 -6656 -6633 -6581 -6568 -6774 # -4097 -4097 -4097 -4097 -3969 -4097 -4225 -4097 -4097 -4225 -4097 -4097 -4225 -4097 -4225 -4225 
CPU side received count (scaleup: 2): -6725 -6642 -6673 -6681 -6704 -6632 -6658 -6599 # -4097 -4097 -4097 -4225 -4097 -4225 -4225 -4097 -4097 -4097 -4225 -4225 -4353 -4225 -4097 -4225 
CPU side received count (scaleup: 5): -6733 -6579 -6592 -6750 -6722 -6694 -6647 -6686 # -4225 -4097 -4225 -4097 -4225 -4225 -4097 -4097 -4225 -3969 -4097 -4097 -4353 -3969 -4097 -4225 
5 -4097 -4097 -4225 -4225 -4225 -4225 -4097 -4225 -4097 
7 -4225 -4097 -4097 -4097 -4225 -4097 -4097 -4097 -4097 
5 -4097 -4097 -4097 -4097 -4225 -4097 -4097 -4225 -4225 
5 -4097 -4225 -4225 -4225 -4225 -4097 -4225 -4097 -4097 
7 -4097 -3969 -4225 -4225 -4097 -4225 -4225 -4225 -4225 
Elastic buffer uses 4 channels per SM
Elastic buffer uses 4 channels per SM
Elastic buffer uses 4 channels per SM
Elastic buffer uses 4 channels per SM
Elastic buffer uses 4 channels per SM
Elastic buffer uses 4 channels per SM
Elastic buffer uses 4 channels per SM
Elastic buffer uses 4 channels per SM
CPU side received count (scaleup: 4): -6623 -6758 -6552 -6792 -6716 -6778 -6777 -6746 # -4225 -4097 -4225 -4225 -4225 -4225 -422CPU side received count (scaleup: 5): -6733 -6579 -6592 -6750 -6722 -6694 -6647 -6686 # -4225 -4097 -4225 -4097 -4225 -4225 -4095 -4097 -4097 -4097 -4225 -4225 -4353 -4225 -4097 -4225 
7 -4097 -3969 -4225 -4225 -4097 -4225 -4225 -4225 -4225 
CPU side received count (scaleup: 2): -6725 -6642 -6673 -6681 -6704 -6632 -6658 -6599 # -4097 -4097 -4097 -4225 -4097 -4225 -422CPU side received count (scaleup: 3): -6625 -6632 -6674 -6619 -6669 -6691 -6642 -6649 # -4097 -4225 -4097 -4097 -4097 -4097 -422CPU side received count (scaleup: 6): -6638 -6671 -6616 -6617 -6695 -6644 -6710 -6521 # -4097 -4097 -4097 -4225 -4225 -4097 -4095 -4097 -4225 -4225 -4225 -4225 -4097 -4225 -4097 -4097 
CPU side received count (scaleup: 0): -6562 -6632 -6627 -6567 -6605 -6607 -6666 -6619 # -4097 -4097 -4097 -4097 -3969 -4097 -4095 -4097 -4097 -4225 -4225 -4225 -4225 -4097 -4225 -4097 
CPU side received count (scaleup: 1): -6710 -6747 -6621 -6723 -6680 -6778 -6708 -6580 # -4097 -4225 -4097 -4097 -4097 -4097 -4227 -4225 -4097 -4097 -4097 -4225 -4097 -4097 -4097 -4097 
CPU side received count (scaleup: 7): -6661 -6802 -6652 -6656 -6633 -6581 -6568 -6774 # -4097 -4097 -4097 -4097 -3969 -4097 -4225 -4097 -4097 -4225 -4097 -4097 -4225 -4097 -4225 -4225 
7 -4097 -4225 -3969 -4097 -4097 -4353 -3969 -4097 -4225 
5 -4097 -4097 -4097 -4097 -4225 -4097 -4097 -4225 -4225 
Elastic buffer uses 4 channels per SM
Elastic buffer uses 4 channels per SM
Elastic buffer uses 4 channels per SM
Elastic buffer uses 4 channels per SM
Elastic buffer uses 4 channels per SM
Elastic buffer uses 4 channels per SM
Elastic buffer uses 4 channels per SM
Elastic buffer uses 4 channels per SM
CPU side received count (scaleup: 4): -6623 -6758 -6552 -6792 -6716 -6778 -6777 -6746 # -4225 -4097 -4225 -4225 -4225 -4225 -422CPU side received count (scaleup: 5): -6733 -6579 -6592 -6750 -6722 -6694 -6647 -6686 # -4225 -4097 -4225 -4097 -4225 -4225 -409CPU side received count (scaleup: 1): -6710 -6747 -6621 -6723 -6680 -6778 -6708 -6580 # -4097 -4225 -4097 -4097 -4097 -4097 -422CPU side received count (scaleup: 0): -6562 -6632 -6627 -6567 -6605 -6607 -6666 -6619 # -4097 -4097 -4097 -4097 -3969 -4097 -4095 -4097 -4097 -4097 -4225 -4225 -4353 -4225 -4097 -4225 
CPU side received count (scaleup: 2): -6725 -6642 -6673 -6681 -6704 -6632 -6658 -6599 # -4097 -4097 -4097 -4225 -4097 -4225 -4227 -4097 -3969 -4225 -4225 -4097 -4225 -4225 -4225 -4225 
5 -4097 -4097 -4225 -4097 -4097 -4225 -4097 -4225 -4225 
7 -4097 -4225 -3969 -4097 -4097 -4353 -3969 -4097 -4225 
5 -4097 -4225 -4225 -4225 -4225 -4097 -4225 -4097 -4097 
CPU side received count (scaleup: 7): -6661 -6802 -6652 -6656 -6633 -6581 -6568 -6774 # -4097 -4097 -4097 -4097 -3969 -4097 -422CPU side received count (scaleup: 3): -6625 -6632 -6674 -6619 -6669 -6691 -6642 -6649 # -4097 -4225 -4097 -4097 -4097 -4097 -422CPU side received count (scaleup: 6): -6638 -6671 -6616 -6617 -6695 -6644 -6710 -6521 # -4097 -4097 -4097 -4225 -4225 -4097 -4095 -4097 -4097 -4097 -4097 -4225 -4097 -4097 -4225 -4225 
5 -4097 -4097 -4225 -4225 -4225 -4225 -4097 -4225 -4097 
7 -4225 -4097 -4097 -4097 -4225 -4097 -4097 -4097 -4097 
Elastic buffer uses 4 channels per SM
Elastic buffer uses 4 channels per SM
Elastic buffer uses 4 channels per SM
Elastic buffer uses 4 channels per SM
Elastic buffer uses 4 channels per SM
Elastic buffer uses 4 channels per SM
Elastic buffer uses 4 channels per SM
Elastic buffer uses 4 channels per SM
CPU side received count (scaleup: 6): -6638 -6671 -6616 -6617 -6695 -6644 -6710 -6521 # -4097 -4097 -4097 -4225 -4225 -4097 -409CPU side received count (scaleup: 7): -6661 -6802 -6652 -6656 -6633 -6581 -6568 -6774 # -4097 -4097 -4097 -4097 -3969 -4097 -422CPU side received count (scaleup: 4): -6623 -6758 -6552 -6792 -6716 -6778 -6777 -6746 # -4225 -4097 -4225 -4225 -4225 -4225 -422CPU side received count (scaleup: 5): -6733 -6579 -6592 -6750 -6722 -6694 -6647 -6686 # -4225 -4097 -4225 -4097 -4225 -4225 -409CPU side received count (scaleup: 0): -6562 -6632 -6627 -6567 -6605 -6607 -6666 -6619 # -4097 -4097 -4097 -4097 -3969 -4097 -4097 -4225 -4097 -4097 -4097 -4225 -4097 -4097 -4097 -4097 
5 -4097 -4097 -4097 -4097 -4225 -4097 -4097 -4225 -4225 
CPU side received count (scaleup: 3): -6625 -6632 -6674 -6619 -6669 -6691 -6642 -6649 # -4097 -4225 -4097 -4097 -4097 -4097 -4225 -4097 -4097 -4097 -4225 -4225 -4353 -4225 -4097 -4225 
7 -4097 -3969 -4225 -4225 -4097 -4225 -4225 -4225 -4225 
7 -4097 -4225 -3969 -4097 -4097 -4353 -3969 -4097 -4225 
5 -4097 -4097 -4225 -4225 -4225 -4225 -4097 -4225 -4097 
CPU side received count (scaleup: 2): -6725 -6642 -6673 -6681 -6704 -6632 -6658 -6599 # -4097 -4097 -4097 -4225 -4097 -4225 -4225 -4097 -4225 -4225 -4225 -4225 -4097 -4225 -4097 -4097 
CPU side received count (scaleup: 1): -6710 -6747 -6621 -6723 -6680 -6778 -6708 -6580 # -4097 -4225 -4097 -4097 -4097 -4097 -4225 -4097 -4097 -4225 -4097 -4097 -4225 -4097 -4225 -4225 
Elastic buffer uses 4 channels per SM
Elastic buffer uses 4 channels per SM
Elastic buffer uses 4 channels per SM
Elastic buffer uses 4 channels per SM
Elastic buffer uses 4 channels per SM
Elastic buffer uses 4 channels per SM
Elastic buffer uses 4 channels per SM
Elastic buffer uses 4 channels per SM
CPU side received count (scaleup: 4): -6623 -6758 -6552 -6792 -6716 -6778 -6777 -6746 # -4225 -4097 -4225 -4225 -4225 -4225 -422CPU side received count (scaleup: 7): -6661 -6802 -6652 -6656 -6633 -6581 -6568 -6774 # -4097 -4097 -4097 -4097 -3969 -4097 -422CPU side received count (scaleup: 5): -6733 -6579 -6592 -6750 -6722 -6694 -6647 -6686 # -4225 -4097 -4225 -4097 -4225 -4225 -409CPU side received count (scaleup: 6): -6638 -6671 -6616 -6617 -6695 -6644 -6710 -6521 # -4097 -4097 -4097 -4225 -4225 -4097 -409CPU side received count (scaleup: 0): -6562 -6632 -6627 -6567 -6605 -6607 -6666 -6619 # -4097 -4097 -4097 -4097 -3969 -4097 -4095 -4097 -4097 -4097 -4225 -4225 -4353 -4225 -4097 -4225 
CPU side received count (scaleup: 2): -6725 -6642 -6673 -6681 -6704 -6632 -6658 -6599 # -4097 -4097 -4097 -4225 -4097 -4225 -422CPU side received count (scaleup: 1): -6710 -6747 -6621 -6723 -6680 -6778 -6708 -6580 # -4097 -4225 -4097 -4097 -4097 -4097 -422CPU side received count (scaleup: 3): -6625 -6632 -6674 -6619 -6669 -6691 -6642 -6649 # -4097 -4225 -4097 -4097 -4097 -4097 -4225 -4097 -4097 -4097 -4097 -4225 -4097 -4097 -4225 -4225 
7 -4097 -3969 -4225 -4225 -4097 -4225 -4225 -4225 -4225 
5 -4097 -4097 -4225 -4225 -4225 -4225 -4097 -4225 -4097 
7 -4097 -4225 -3969 -4097 -4097 -4353 -3969 -4097 -4225 
7 -4225 -4097 -4097 -4097 -4225 -4097 -4097 -4097 -4097 
5 -4097 -4225 -4225 -4225 -4225 -4097 -4225 -4097 -4097 
5 -4097 -4097 -4225 -4097 -4097 -4225 -4097 -4225 -4225 
Elastic buffer uses 4 channels per SM
Elastic buffer uses 4 channels per SM
Elastic buffer uses 4 channels per SM
Elastic buffer uses 4 channels per SM
Elastic buffer uses 4 channels per SM
Elastic buffer uses 4 channels per SM
Elastic buffer uses 4 channels per SM
Elastic buffer uses 4 channels per SM
CPU side received count (scaleup: 4): -6623 -6758 -6552 -6792 -6716 -6778 -6777 -6746 # -4225 -4097 -4225 -4225 -4225 -4225 -422CPU side received count (scaleup: 7): -6661 -6802 -6652 -6656 -6633 -6581 -6568 -6774 # -4097 -4097 -4097 -4097 -3969 -4097 -422CPU side received count (scaleup: 0): -6562 -6632 -6627 -6567 -6605 -6607 -6666 -6619 # -4097 -4097 -4097 -4097 -3969 -4097 -409CPU side received count (scaleup: 3): -6625 -6632 -6674 -6619 -6669 -6691 -6642 -6649 # -4097 -4225 -4097 -4097 -4097 -4097 -422CPU side received count (scaleup: 2): -6725 -6642 -6673 -6681 -6704 -6632 -6658 -6599 # -4097 -4097 -4097 -4225 -4097 -4225 -422CPU side received count (scaleup: 1): -6710 -6747 -6621 -6723 -6680 -6778 -6708 -6580 # -4097 -4225 -4097 -4097 -4097 -4097 -4225 -4097 -4097 -4097 -4225 -4225 -4353 -4225 -4097 -4225 
7 -4097 -4225 -3969 -4097 -4097 -4353 -3969 -4097 -4225 
5 -4097 -4225 -4225 -4225 -4225 -4097 -4225 -4097 -4097 
CPU side received count (scaleup: 5): -6733 -6579 -6592 -6750 -6722 -6694 -6647 -6686 # -4225 -4097 -4225 -4097 -4225 -4225 -4095 -4097 -4097 -4225 -4097 -4097 -4225 -4097 -4225 -4225 
5 -4097 -4097 -4097 -4097 -4225 -4097 -4097 -4225 -4225 
5 -4097 -4097 -4225 -4225 -4225 -4225 -4097 -4225 -4097 
CPU side received count (scaleup: 6): -6638 -6671 -6616 -6617 -6695 -6644 -6710 -6521 # -4097 -4097 -4097 -4225 -4225 -4097 -4097 -4097 -3969 -4225 -4225 -4097 -4225 -4225 -4225 -4225 
7 -4225 -4097 -4097 -4097 -4225 -4097 -4097 -4097 -4097 
Elastic buffer uses 4 channels per SM
Elastic buffer uses 4 channels per SM
Elastic buffer uses 4 channels per SM
Elastic buffer uses 4 channels per SM
Elastic buffer uses 4 channels per SM
Elastic buffer uses 4 channels per SM
Elastic buffer uses 4 channels per SM
Elastic buffer uses 4 channels per SM
CPU side received count (scaleup: 7): -6661 -6802 -6652 -6656 -6633 -6581 -6568 -6774 # -4097 -4097 -4097 -4097 -3969 -4097 -422CPU side received count (scaleup: 5): -6733 -6579 -6592 -6750 -6722 -6694 -6647 -6686 # -4225 -4097 -4225 -4097 -4225 -4225 -409CPU side received count (scaleup: 0): -6562 -6632 -6627 -6567 -6605 -6607 -6666 -6619 # -4097 -4097 -4097 -4097 -3969 -4097 -409CPU side received count (scaleup: 4): -6623 -6758 -6552 -6792 -6716 -6778 -6777 -6746 # -4225 -4097 -4225 -4225 -4225 -4225 -4225 -4097 -4097 -4097 -4097 -4225 -4097 -4097 -4225 -4225 
CPU side received count (scaleup: 2): -6725 -6642 -6673 -6681 -6704 -6632 -6658 -6599 # -4097 -4097 -4097 -4225 -4097 -4225 -4227 -4097 -3969 -4225 -4225 -4097 -4225 -4225 -4225 -4225 
CPU side received count (scaleup: 1): -6710 -6747 -6621 -6723 -6680 -6778 -6708 -6580 # -4097 -4225 -4097 -4097 -4097 -4097 -4227 -4097 -4225 -3969 -4097 -4097 -4353 -3969 -4097 -4225 
CPU side received count (scaleup: 6): -6638 -6671 -6616 -6617 -6695 -6644 -6710 -6521 # -4097 -4097 -4097 -4225 -4225 -4097 -4095 -4097 -4097 -4097 -4225 -4225 -4353 -4225 -4097 -4225 
5 -4097 -4225 -4225 -4225 -4225 -4097 -4225 -4097 -4097 
7 -4225 -4097 -4097 -4097 -4225 -4097 -4097 -4097 -4097 
5 -4097 -4097 -4225 -4097 -4097 -4225 -4097 -4225 -4225 
CPU side received count (scaleup: 3): -6625 -6632 -6674 -6619 -6669 -6691 -6642 -6649 # -4097 -4225 -4097 -4097 -4097 -4097 -4225 -4097 -4097 -4225 -4225 -4225 -4225 -4097 -4225 -4097 
Elastic buffer uses 4 channels per SM
Elastic buffer uses 4 channels per SM
Elastic buffer uses 4 channels per SM
Elastic buffer uses 4 channels per SM
Elastic buffer uses 4 channels per SM
Elastic buffer uses 4 channels per SM
Elastic buffer uses 4 channels per SM
Elastic buffer uses 4 channels per SM
CPU side received count (scaleup: 7): -6661 -6802 -6652 -6656 -6633 -6581 -6568 -6774 # -4097 -4097 -4097 -4097 -3969 -4097 -422CPU side received count (scaleup: 1): -6710 -6747 -6621 -6723 -6680 -6778 -6708 -6580 # -4097 -4225 -4097 -4097 -4097 -4097 -422CPU side received count (scaleup: 3): -6625 -6632 -6674 -6619 -6669 -6691 -6642 -6649 # -4097 -4225 -4097 -4097 -4097 -4097 -4225 -4097 -4097 -4097 -4097 -4225 -4097 -4097 -4225 -4225 
CPU side received count (scaleup: 4): -6623 -6758 -6552 -6792 -6716 -6778 -6777 -6746 # -4225 -4097 -4225 -4225 -4225 -4225 -4225 -4097 -4097 -4225 -4225 -4225 -4225 -4097 -4225 -4097 
CPU side received count (scaleup: 0): -6562 -6632 -6627 -6567 -6605 -6607 -6666 -6619 # -4097 -4097 -4097 -4097 -3969 -4097 -409CPU side received count (scaleup: 2): -6725 -6642 -6673 -6681 -6704 -6632 -6658 -6599 # -4097 -4097 -4097 -4225 -4097 -4225 -4225 -4097 -4097 -4225 -4097 -4097 -4225 -4097 -4225 -4225 
5 -4097 -4097 -4097 -4225 -4225 -4353 -4225 -4097 -4225 
7 -4097 -4225 -3969 -4097 -4097 -4353 -3969 -4097 -4225 
5 -4097 -4225 -4225 -4225 -4225 -4097 -4225 -4097 -4097 
CPU side received count (scaleup: 6): -6638 -6671 -6616 -6617 -6695 -6644 -6710 -6521 # -4097 -4097 -4097 -4225 -4225 -4097 -4097 -4225 -4097 -4097 -4097 -4225 -4097 -4097 -4097 -4097 
CPU side received count (scaleup: 5): -6733 -6579 -6592 -6750 -6722 -6694 -6647 -6686 # -4225 -4097 -4225 -4097 -4225 -4225 -4097 -4097 -3969 -4225 -4225 -4097 -4225 -4225 -4225 -4225 
Elastic buffer uses 4 channels per SM
Elastic buffer uses 4 channels per SM
Elastic buffer uses 4 channels per SM
Elastic buffer uses 4 channels per SM
Elastic buffer uses 4 channels per SM
Elastic buffer uses 4 channels per SM
Elastic buffer uses 4 channels per SM
Elastic buffer uses 4 channels per SM
CPU side received count (scaleup: 7): -6661 -6802 -6652 -6656 -6633 -6581 -6568 -6774 # -4097 -4097 -4097 -4097 -3969 -4097 -422CPU side received count (scaleup: 3): -6625 -6632 -6674 -6619 -6669 -6691 -6642 -6649 # -4097 -4225 -4097 -4097 -4097 -4097 -422CPU side received count (scaleup: 6): -6638 -6671 -6616 -6617 -6695 -6644 -6710 -6521 # -4097 -4097 -4097 -4225 -4225 -4097 -4095 -4097 -4097 -4097 -4097 -4225 -4097 -4097 -4225 -4225 
5 -4097 -4097 -4225 -4225 -4225 -4225 -4097 -4225 -4097 
7 -4225 -4097 -4097 -4097 -4225 -4097 -4097 -4097 -4097 
CPU side received count (scaleup: 2): -6725 -6642 -6673 -6681 -6704 -6632 -6658 -6599 # -4097 -4097 -4097 -4225 -4097 -4225 -4225 -4097 -4225 -4225 -4225 -4225 -4097 -4225 -4097 -4097 
CPU side received count (scaleup: 4): -6623 -6758 -6552 -6792 -6716 -6778 -6777 -6746 # -4225 -4097 -4225 -4225 -4225 -4225 -422CPU side received count (scaleup: 5): -6733 -6579 -6592 -6750 -6722 -6694 -6647 -6686 # -4225 -4097 -4225 -4097 -4225 -4225 -4095 -4097 -4097 -4097 -4225 -4225 -4353 -4225 -4097 -4225 
CPU side received count (scaleup: 1): -6710 -6747 -6621 -6723 -6680 -6778 -6708 -6580 # -4097 -4225 -4097 -4097 -4097 -4097 -4227 -4097 -3969 -4225 -4225 -4097 -4225 -4225 -4225 -4225 
5 -4097 -4097 -4225 -4097 -4097 -4225 -4097 -4225 -4225 
CPU side received count (scaleup: 0): -6562 -6632 -6627 -6567 -6605 -6607 -6666 -6619 # -4097 -4097 -4097 -4097 -3969 -4097 -4097 -4097 -4225 -3969 -4097 -4097 -4353 -3969 -4097 -4225 
Elastic buffer uses 4 channels per SM
Elastic buffer uses 4 channels per SM
Elastic buffer uses 4 channels per SM
Elastic buffer uses 4 channels per SM
Elastic buffer uses 4 channels per SM
Elastic buffer uses 4 channels per SM
Elastic buffer uses 4 channels per SM
Elastic buffer uses 4 channels per SM
CPU side received count (scaleup: 4): -6623 -6758 -6552 -6792 -6716 -6778 -6777 -6746 # -4225 -4097 -4225 -4225 -4225 -4225 -422CPU side received count (scaleup: 6): -6638 -6671 -6616 -6617 -6695 -6644 -6710 -6521 # -4097 -4097 -4097 -4225 -4225 -4097 -409CPU side received count (scaleup: 7): -6661 -6802 -6652 -6656 -6633 -6581 -6568 -6774 # -4097 -4097 -4097 -4097 -3969 -4097 -422CPU side received count (scaleup: 5): -6733 -6579 -6592 -6750 -6722 -6694 -6647 -6686 # -4225 -4097 -4225 -4097 -4225 -4225 -409CPU side received count (scaleup: 0): -6562 -6632 -6627 -6567 -6605 -6607 -6666 -6619 # -4097 -4097 -4097 -4097 -3969 -4097 -4095 -4097 -4097 -4097 -4225 -4225 -4353 -4225 -4097 -4225 
7 -4225 -4097 -4097 -4097 -4225 -4097 -4097 -4097 -4097 
5 -4097 -4097 -4097 -4097 -4225 -4097 -4097 -4225 -4225 
7 -4097 -3969 -4225 -4225 -4097 -4225 -4225 -4225 -4225 
7 -4097 -4225 -3969 -4097 -4097 -4353 -3969 -4097 -4225 
CPU side received count (scaleup: 1): -6710 -6747 -6621 -6723 -6680 -6778 -6708 -6580 # -4097 -4225 -4097 -4097 -4097 -4097 -4225 -4097 -4097 -4225 -4097 -4097 -4225 -4097 -4225 -4225 
CPU side received count (scaleup: 3): -6625 -6632 -6674 -6619 -6669 -6691 -6642 -6649 # -4097 -4225 -4097 -4097 -4097 -4097 -422CPU side received count (scaleup: 2): -6725 -6642 -6673 -6681 -6704 -6632 -6658 -6599 # -4097 -4097 -4097 -4225 -4097 -4225 -4225 -4097 -4097 -4225 -4225 -4225 -4225 -4097 -4225 -4097 
5 -4097 -4225 -4225 -4225 -4225 -4097 -4225 -4097 -4097 
Elastic buffer uses 4 channels per SM
Elastic buffer uses 4 channels per SM
Elastic buffer uses 4 channels per SM
Elastic buffer uses 4 channels per SM
Elastic buffer uses 4 channels per SM
Elastic buffer uses 4 channels per SM
Elastic buffer uses 4 channels per SM
Elastic buffer uses 4 channels per SM
CPU side received count (scaleup: 0): -6562 -6632 -6627 -6567 -6605 -6607 -6666 -6619 # -4097 -4097 -4097 -4097 -3969 -4097 -409CPU side received count (scaleup: 3): -6625 -6632 -6674 -6619 -6669 -6691 -6642 -6649 # -4097 -4225 -4097 -4097 -4097 -4097 -422CPU side received count (scaleup: 7): -6661 -6802 -6652 -6656 -6633 -6581 -6568 -6774 # -4097 -4097 -4097 -4097 -3969 -4097 -422CPU side received count (scaleup: 2): -6725 -6642 -6673 -6681 -6704 -6632 -6658 -6599 # -4097 -4097 -4097 -4225 -4097 -4225 -4225 -4097 -4097 -4225 -4225 -4225 -4225 -4097 -4225 -4097 
CPU side received count (scaleup: 1): -6710 -6747 -6621 -6723 -6680 -6778 -6708 -6580 # -4097 -4225 -4097 -4097 -4097 -4097 -422CPU side received count (scaleup: 5): -6733 -6579 -6592 -6750 -6722 -6694 -6647 -6686 # -4225 -4097 -4225 -4097 -4225 -4225 -4095 -4097 -4097 -4225 -4097 -4097 -4225 -4097 -4225 -4225 
CPU side received count (scaleup: 4): -6623 -6758 -6552 -6792 -6716 -6778 -6777 -6746 # -4225 -4097 -4225 -4225 -4225 -4225 -4227 -4097 -4225 -3969 -4097 -4097 -4353 -3969 -4097 -4225 
5 -4097 -4097 -4097 -4097 -4225 -4097 -4097 -4225 -4225 
5 -4097 -4097 -4097 -4225 -4225 -4353 -4225 -4097 -4225 
5 -4097 -4225 -4225 -4225 -4225 -4097 -4225 -4097 -4097 
7 -4097 -3969 -4225 -4225 -4097 -4225 -4225 -4225 -4225 
CPU side received count (scaleup: 6): -6638 -6671 -6616 -6617 -6695 -6644 -6710 -6521 # -4097 -4097 -4097 -4225 -4225 -4097 -4097 -4225 -4097 -4097 -4097 -4225 -4097 -4097 -4097 -4097 
Elastic buffer uses 4 channels per SM
Elastic buffer uses 4 channels per SM
Elastic buffer uses 4 channels per SM
Elastic buffer uses 4 channels per SM
Elastic buffer uses 4 channels per SM
Elastic buffer uses 4 channels per SM
Elastic buffer uses 4 channels per SM
Elastic buffer uses 4 channels per SM
CPU side received count (scaleup: 4): -6623 -6758 -6552 -6792 -6716 -6778 -6777 -6746 # -4225 -4097 -4225 -4225 -4225 -4225 -422CPU side received count (scaleup: 3): -6625 -6632 -6674 -6619 -6669 -6691 -6642 -6649 # -4097 -4225 -4097 -4097 -4097 -4097 -422CPU side received count (scaleup: 6): -6638 -6671 -6616 -6617 -6695 -6644 -6710 -6521 # -4097 -4097 -4097 -4225 -4225 -4097 -409CPU side received count (scaleup: 5): -6733 -6579 -6592 -6750 -6722 -6694 -6647 -6686 # -4225 -4097 -4225 -4097 -4225 -4225 -4095 -4097 -4097 -4225 -4225 -4225 -4225 -4097 -4225 -4097 
7 -4225 -4097 -4097 -4097 -4225 -4097 -4097 -4097 -4097 
5 -4097 -4097 -4097 -4225 -4225 -4353 -4225 -4097 -4225 
7 -4097 -3969 -4225 -4225 -4097 -4225 -4225 -4225 -4225 
CPU side received count (scaleup: 2): -6725 -6642 -6673 -6681 -6704 -6632 -6658 -6599 # -4097 -4097 -4097 -4225 -4097 -4225 -422CPU side received count (scaleup: 0): -6562 -6632 -6627 -6567 -6605 -6607 -6666 -6619 # -4097 -4097 -4097 -4097 -3969 -4097 -4095 -4097 -4225 -4225 -4225 -4225 -4097 -4225 -4097 -4097 
7 -4097 -4225 -3969 -4097 -4097 -4353 -3969 -4097 -4225 
CPU side received count (scaleup: 7): -6661 -6802 -6652 -6656 -6633 -6581 -6568 -6774 # -4097 -4097 -4097 -4097 -3969 -4097 -4225 -4097 -4097 -4097 -4097 -4225 -4097 -4097 -4225 -4225 
CPU side received count (scaleup: 1): -6710 -6747 -6621 -6723 -6680 -6778 -6708 -6580 # -4097 -4225 -4097 -4097 -4097 -4097 -4225 -4097 -4097 -4225 -4097 -4097 -4225 -4097 -4225 -4225 
Elastic buffer uses 4 channels per SM
Elastic buffer uses 4 channels per SM
Elastic buffer uses 4 channels per SM
Elastic buffer uses 4 channels per SM
Elastic buffer uses 4 channels per SM
Elastic buffer uses 4 channels per SM
Elastic buffer uses 4 channels per SM
Elastic buffer uses 4 channels per SM
CPU side received count (scaleup: 6): -6638 -6671 -6616 -6617 -6695 -6644 -6710 -6521 # -4097 -4097 -4097 -4225 -4225 -4097 -409CPU side received count (scaleup: 0): -6562 -6632 -6627 -6567 -6605 -6607 -6666 -6619 # -4097 -4097 -4097 -4097 -3969 -4097 -409CPU side received count (scaleup: 1): -6710 -6747 -6621 -6723 -6680 -6778 -6708 -6580 # -4097 -4225 -4097 -4097 -4097 -4097 -422CPU side received count (scaleup: 7): -6661 -6802 -6652 -6656 -6633 -6581 -6568 -6774 # -4097 -4097 -4097 -4097 -3969 -4097 -4227 -4097 -4225 -3969 -4097 -4097 -4353 -3969 -4097 -4225 
CPU side received count (scaleup: 3): -6625 -6632 -6674 -6619 -6669 -6691 -6642 -6649 # -4097 -4225 -4097 -4097 -4097 -4097 -4225 -4097 -4097 -4097 -4097 -4225 -4097 -4097 -4225 -4225 
CPU side received count (scaleup: 5): -6733 -6579 -6592 -6750 -6722 -6694 -6647 -6686 # -4225 -4097 -4225 -4097 -4225 -4225 -4097 -4225 -4097 -4097 -4097 -4225 -4097 -4097 -4097 -4097 
CPU side received count (scaleup: 2): -6725 -6642 -6673 -6681 -6704 -6632 -6658 -6599 # -4097 -4097 -4097 -4225 -4097 -4225 -4227 -4097 -3969 -4225 -4225 -4097 -4225 -4225 -4225 -4225 
5 -4097 -4097 -4225 -4097 -4097 -4225 -4097 -4225 -4225 
5 -4097 -4097 -4225 -4225 -4225 -4225 -4097 -4225 -4097 
CPU side received count (scaleup: 4): -6623 -6758 -6552 -6792 -6716 -6778 -6777 -6746 # -4225 -4097 -4225 -4225 -4225 -4225 -4225 -4097 -4225 -4225 -4225 -4225 -4097 -4225 -4097 -4097 
5 -4097 -4097 -4097 -4225 -4225 -4353 -4225 -4097 -4225 
Elastic buffer uses 4 channels per SM
Elastic buffer uses 4 channels per SM
Elastic buffer uses 4 channels per SM
Elastic buffer uses 4 channels per SM
Elastic buffer uses 4 channels per SM
Elastic buffer uses 4 channels per SM
Elastic buffer uses 4 channels per SM
Elastic buffer uses 4 channels per SM
CPU side received count (scaleup: 6): -6638 -6671 -6616 -6617 -6695 -6644 -6710 -6521 # -4097 -4097 -4097 -4225 -4225 -4097 -409CPU side received count (scaleup: 5): -6733 -6579 -6592 -6750 -6722 -6694 -6647 -6686 # -4225 -4097 -4225 -4097 -4225 -4225 -409CPU side received count (scaleup: 7): -6661 -6802 -6652 -6656 -6633 -6581 -6568 -6774 # -4097 -4097 -4097 -4097 -3969 -4097 -422CPU side received count (scaleup: 0): -6562 -6632 -6627 -6567 -6605 -6607 -6666 -6619 # -4097 -4097 -4097 -4097 -3969 -4097 -4097 -4225 -4097 -4097 -4097 -4225 -4097 -4097 -4097 -4097 
5 -4097 -4097 -4097 -4097 -4225 -4097 -4097 -4225 -4225 
7 -4097 -4225 -3969 -4097 -4097 -4353 -3969 -4097 -4225 
7 -4097 -3969 -4225 -4225 -4097 -4225 -4225 -4225 -4225 
CPU side received count (scaleup: 4): -6623 -6758 -6552 -6792 -6716 -6778 -6777 -6746 # -4225 -4097 -4225 -4225 -4225 -4225 -4225 -4097 -4097 -4097 -4225 -4225 -4353 -4225 -4097 -4225 
CPU side received count (scaleup: 1): -6710 -6747 -6621 -6723 -6680 -6778 -6708 -6580 # -4097 -4225 -4097 -4097 -4097 -4097 -422CPU side received count (scaleup: 2): -6725 -6642 -6673 -6681 -6704 -6632 -6658 -6599 # -4097 -4097 -4097 -4225 -4097 -4225 -422CPU side received count (scaleup: 3): -6625 -6632 -6674 -6619 -6669 -6691 -6642 -6649 # -4097 -4225 -4097 -4097 -4097 -4097 -4225 -4097 -4097 -4225 -4097 -4097 -4225 -4097 -4225 -4225 
5 -4097 -4225 -4225 -4225 -4225 -4097 -4225 -4097 -4097 
5 -4097 -4097 -4225 -4225 -4225 -4225 -4097 -4225 -4097 
Elastic buffer uses 4 channels per SM
Elastic buffer uses 4 channels per SM
Elastic buffer uses 4 channels per SM
Elastic buffer uses 4 channels per SM
Elastic buffer uses 4 channels per SM
Elastic buffer uses 4 channels per SM
Elastic buffer uses 4 channels per SM
Elastic buffer uses 4 channels per SM
CPU side received count (scaleup: 7): -6661 -6802 -6652 -6656 -6633 -6581 -6568 -6774 # -4097 -4097 -4097 -4097 -3969 -4097 -422CPU side received count (scaleup: 0): -6562 -6632 -6627 -6567 -6605 -6607 -6666 -6619 # -4097 -4097 -4097 -4097 -3969 -4097 -409CPU side received count (scaleup: 4): -6623 -6758 -6552 -6792 -6716 -6778 -6777 -6746 # -4225 -4097 -4225 -4225 -4225 -4225 -4225 -4097 -4097 -4097 -4097 -4225 -4097 -4097 -4225 -4225 
CPU side received count (scaleup: 2): -6725 -6642 -6673 -6681 -6704 -6632 -6658 -6599 # -4097 -4097 -4097 -4225 -4097 -4225 -4225 -4097 -4097 -4097 -4225 -4225 -4353 -4225 -4097 -4225 
CPU side received count (scaleup: 3): -6625 -6632 -6674 -6619 -6669 -6691 -6642 -6649 # -4097 -4225 -4097 -4097 -4097 -4097 -422CPU side received count (scaleup: 6): -6638 -6671 -6616 -6617 -6695 -6644 -6710 -6521 # -4097 -4097 -4097 -4225 -4225 -4097 -409CPU side received count (scaleup: 1): -6710 -6747 -6621 -6723 -6680 -6778 -6708 -6580 # -4097 -4225 -4097 -4097 -4097 -4097 -422CPU side received count (scaleup: 5): -6733 -6579 -6592 -6750 -6722 -6694 -6647 -6686 # -4225 -4097 -4225 -4097 -4225 -4225 -4097 -4097 -4225 -3969 -4097 -4097 -4353 -3969 -4097 -4225 
5 -4097 -4225 -4225 -4225 -4225 -4097 -4225 -4097 -4097 
5 -4097 -4097 -4225 -4225 -4225 -4225 -4097 -4225 -4097 
7 -4225 -4097 -4097 -4097 -4225 -4097 -4097 -4097 -4097 
5 -4097 -4097 -4225 -4097 -4097 -4225 -4097 -4225 -4225 
7 -4097 -3969 -4225 -4225 -4097 -4225 -4225 -4225 -4225 
Elastic buffer uses 4 channels per SM
Elastic buffer uses 4 channels per SM
Elastic buffer uses 4 channels per SM
Elastic buffer uses 4 channels per SM
Elastic buffer uses 4 channels per SM
Elastic buffer uses 4 channels per SM
Elastic buffer uses 4 channels per SM
Elastic buffer uses 4 channels per SM
CPU side received count (scaleup: 7): -6661 -6802 -6652 -6656 -6633 -6581 -6568 -6774 # -4097 -4097 -4097 -4097 -3969 -4097 -422CPU side received count (scaleup: 4): -6623 -6758 -6552 -6792 -6716 -6778 -6777 -6746 # -4225 -4097 -4225 -4225 -4225 -4225 -422CPU side received count (scaleup: 6): -6638 -6671 -6616 -6617 -6695 -6644 -6710 -6521 # -4097 -4097 -4097 -4225 -4225 -4097 -409CPU side received count (scaleup: 0): -6562 -6632 -6627 -6567 -6605 -6607 -6666 -6619 # -4097 -4097 -4097 -4097 -3969 -4097 -409CPU side received count (scaleup: 1): -6710 -6747 -6621 -6723 -6680 -6778 -6708 -6580 # -4097 -4225 -4097 -4097 -4097 -4097 -4225 -4097 -4097 -4097 -4097 -4225 -4097 -4097 -4225 -4225 
5 -4097 -4097 -4097 -4225 -4225 -4353 -4225 -4097 -4225 
CPU side received count (scaleup: 3): -6625 -6632 -6674 -6619 -6669 -6691 -6642 -6649 # -4097 -4225 -4097 -4097 -4097 -4097 -4227 -4225 -4097 -4097 -4097 -4225 -4097 -4097 -4097 -4097 
CPU side received count (scaleup: 5): -6733 -6579 -6592 -6750 -6722 -6694 -6647 -6686 # -4225 -4097 -4225 -4097 -4225 -4225 -4097 -4097 -4225 -3969 -4097 -4097 -4353 -3969 -4097 -4225 
5 -4097 -4097 -4225 -4097 -4097 -4225 -4097 -4225 -4225 
CPU side received count (scaleup: 2): -6725 -6642 -6673 -6681 -6704 -6632 -6658 -6599 # -4097 -4097 -4097 -4225 -4097 -4225 -4225 -4097 -4097 -4225 -4225 -4225 -4225 -4097 -4225 -4097 
7 -4097 -3969 -4225 -4225 -4097 -4225 -4225 -4225 -4225 
5 -4097 -4225 -4225 -4225 -4225 -4097 -4225 -4097 -4097 
Elastic buffer uses 4 channels per SM
Elastic buffer uses 4 channels per SM
Elastic buffer uses 4 channels per SM
Elastic buffer uses 4 channels per SM
Elastic buffer uses 4 channels per SM
Elastic buffer uses 4 channels per SM
Elastic buffer uses 4 channels per SM
Elastic buffer uses 4 channels per SM
CPU side received count (scaleup: 4): -6623 -6758 -6552 -6792 -6716 -6778 -6777 -6746 # -4225 -4097 -4225 -4225 -4225 -4225 -422CPU side received count (scaleup: 2): -6725 -6642 -6673 -6681 -6704 -6632 -6658 -6599 # -4097 -4097 -4097 -4225 -4097 -4225 -422CPU side received count (scaleup: 6): -6638 -6671 -6616 -6617 -6695 -6644 -6710 -6521 # -4097 -4097 -4097 -4225 -4225 -4097 -409CPU side received count (scaleup: 3): -6625 -6632 -6674 -6619 -6669 -6691 -6642 -6649 # -4097 -4225 -4097 -4097 -4097 -4097 -4225 -4097 -4097 -4097 -4225 -4225 -4353 -4225 -4097 -4225 
5 -4097 -4225 -4225 -4225 -4225 -4097 -4225 -4097 -4097 
7 -4225 -4097 -4097 -4097 -4225 -4097 -4097 -4097 -4097 
CPU side received count (scaleup: 5): -6733 -6579 -6592 -6750 -6722 -6694 -6647 -6686 # -4225 -4097 -4225 -4097 -4225 -4225 -4095 -4097 -4097 -4225 -4225 -4225 -4225 -4097 -4225 -4097 
CPU side received count (scaleup: 7): -6661 -6802 -6652 -6656 -6633 -6581 -6568 -6774 # -4097 -4097 -4097 -4097 -3969 -4097 -422CPU side received count (scaleup: 1): -6710 -6747 -6621 -6723 -6680 -6778 -6708 -6580 # -4097 -4225 -4097 -4097 -4097 -4097 -422CPU side received count (scaleup: 0): -6562 -6632 -6627 -6567 -6605 -6607 -6666 -6619 # -4097 -4097 -4097 -4097 -3969 -4097 -4095 -4097 -4097 -4097 -4097 -4225 -4097 -4097 -4225 -4225 
5 -4097 -4097 -4225 -4097 -4097 -4225 -4097 -4225 -4225 
7 -4097 -4225 -3969 -4097 -4097 -4353 -3969 -4097 -4225 
7 -4097 -3969 -4225 -4225 -4097 -4225 -4225 -4225 -4225 
Elastic buffer uses 4 channels per SM
Elastic buffer uses 4 channels per SM
Elastic buffer uses 4 channels per SM
Elastic buffer uses 4 channels per SM
Elastic buffer uses 4 channels per SM
Elastic buffer uses 4 channels per SM
Elastic buffer uses 4 channels per SM
Elastic buffer uses 4 channels per SM
CPU side received count (scaleup: 4): -6623 -6758 -6552 -6792 -6716 -6778 -6777 -6746 # -4225 -4097 -4225 -4225 -4225 -4225 -422CPU side received count (scaleup: 1): -6710 -6747 -6621 -6723 -6680 -6778 -6708 -6580 # -4097 -4225 -4097 -4097 -4097 -4097 -422CPU side received count (scaleup: 6): -6638 -6671 -6616 -6617 -6695 -6644 -6710 -6521 # -4097 -4097 -4097 -4225 -4225 -4097 -409CPU side received count (scaleup: 0): -6562 -6632 -6627 -6567 -6605 -6607 -6666 -6619 # -4097 -4097 -4097 -4097 -3969 -4097 -409CPU side received count (scaleup: 7): -6661 -6802 -6652 -6656 -6633 -6581 -6568 -6774 # -4097 -4097 -4097 -4097 -3969 -4097 -422CPU side received count (scaleup: 5): -6733 -6579 -6592 -6750 -6722 -6694 -6647 -6686 # -4225 -4097 -4225 -4097 -4225 -4225 -4095 -4097 -4097 -4225 -4097 -4097 -4225 -4097 -4225 -4225 
CPU side received count (scaleup: 3): -6625 -6632 -6674 -6619 -6669 -6691 -6642 -6649 # -4097 -4225 -4097 -4097 -4097 -4097 -4225 -4097 -4097 -4097 -4225 -4225 -4353 -4225 -4097 -4225 
7 -4097 -4225 -3969 -4097 -4097 -4353 -3969 -4097 -4225 
7 -4097 -3969 -4225 -4225 -4097 -4225 -4225 -4225 -4225 
CPU side received count (scaleup: 2): -6725 -6642 -6673 -6681 -6704 -6632 -6658 -6599 # -4097 -4097 -4097 -4225 -4097 -4225 -4225 -4097 -4097 -4225 -4225 -4225 -4225 -4097 -4225 -4097 
5 -4097 -4097 -4097 -4097 -4225 -4097 -4097 -4225 -4225 
7 -4225 -4097 -4097 -4097 -4225 -4097 -4097 -4097 -4097 
5 -4097 -4225 -4225 -4225 -4225 -4097 -4225 -4097 -4097 
Elastic buffer uses 4 channels per SM
Elastic buffer uses 4 channels per SM
Elastic buffer uses 4 channels per SM
Elastic buffer uses 4 channels per SM
Elastic buffer uses 4 channels per SM
Elastic buffer uses 4 channels per SM
Elastic buffer uses 4 channels per SM
Elastic buffer uses 4 channels per SM
CPU side received count (scaleup: 6): -6638 -6671 -6616 -6617 -6695 -6644 -6710 -6521 # -4097 -4097 -4097 -4225 -4225 -4097 -409CPU side received count (scaleup: 7): -6661 -6802 -6652 -6656 -6633 -6581 -6568 -6774 # -4097 -4097 -4097 -4097 -3969 -4097 -4227 -4225 -4097 -4097 -4097 -4225 -4097 -4097 -4097 -4097 
5 -4097 -4097 -4097 -4097 -4225 -4097 -4097 -4225 -4225 
CPU side received count (scaleup: 4): -6623 -6758 -6552 -6792 -6716 -6778 -6777 -6746 # -4225 -4097 -4225 -4225 -4225 -4225 -422CPU side received count (scaleup: 5): -6733 -6579 -6592 -6750 -6722 -6694 -6647 -6686 # -4225 -4097 -4225 -4097 -4225 -4225 -409CPU side received count (scaleup: 0): -6562 -6632 -6627 -6567 -6605 -6607 -6666 -6619 # -4097 -4097 -4097 -4097 -3969 -4097 -4097 -4097 -3969 -4225 -4225 -4097 -4225 -4225 -4225 -4225 
CPU side received count (scaleup: 1): -6710 -6747 -6621 -6723 -6680 -6778 -6708 -6580 # -4097 -4225 -4097 -4097 -4097 -4097 -4225 -4097 -4097 -4097 -4225 -4225 -4353 -4225 -4097 -4225 
5 -4097 -4097 -4225 -4097 -4097 -4225 -4097 -4225 -4225 
CPU side received count (scaleup: 3): -6625 -6632 -6674 -6619 -6669 -6691 -6642 -6649 # -4097 -4225 -4097 -4097 -4097 -4097 -422CPU side received count (scaleup: 2): -6725 -6642 -6673 -6681 -6704 -6632 -6658 -6599 # -4097 -4097 -4097 -4225 -4097 -4225 -4225 -4097 -4097 -4225 -4225 -4225 -4225 -4097 -4225 -4097 
7 -4097 -4225 -3969 -4097 -4097 -4353 -3969 -4097 -4225 
5 -4097 -4225 -4225 -4225 -4225 -4097 -4225 -4097 -4097 
Elastic buffer uses 4 channels per SM
Elastic buffer uses 4 channels per SM
Elastic buffer uses 4 channels per SM
Elastic buffer uses 4 channels per SM
Elastic buffer uses 4 channels per SM
Elastic buffer uses 4 channels per SM
Elastic buffer uses 4 channels per SM
Elastic buffer uses 4 channels per SM
CPU side received count (scaleup: 4): -6623 -6758 -6552 -6792 -6716 -6778 -6777 -6746 # -4225 -4097 -4225 -4225 -4225 -4225 -422CPU side received count (scaleup: 2): -6725 -6642 -6673 -6681 -6704 -6632 -6658 -6599 # -4097 -4097 -4097 -4225 -4097 -4225 -422CPU side received count (scaleup: 7): -6661 -6802 -6652 -6656 -6633 -6581 -6568 -6774 # -4097 -4097 -4097 -4097 -3969 -4097 -422CPU side received count (scaleup: 6): -6638 -6671 -6616 -6617 -6695 -6644 -6710 -6521 # -4097 -4097 -4097 -4225 -4225 -4097 -4095 -4097 -4225 -4225 -4225 -4225 -4097 -4225 -4097 -4097 
5 -4097 -4097 -4097 -4097 -4225 -4097 -4097 -4225 -4225 
7 -4225 -4097 -4097 -4097 -4225 -4097 -4097 -4097 -4097 
5 -4097 -4097 -4097 -4225 -4225 -4353 -4225 -4097 -4225 
CPU side received count (scaleup: 5): -6733 -6579 -6592 -6750 -6722 -6694 -6647 -6686 # -4225 -4097 -4225 -4097 -4225 -4225 -4097 -4097 -3969 -4225 -4225 -4097 -4225 -4225 -4225 -4225 
CPU side received count (scaleup: 0): -6562 -6632 -6627 -6567 -6605 -6607 -6666 -6619 # -4097 -4097 -4097 -4097 -3969 -4097 -409CPU side received count (scaleup: 1): -6710 -6747 -6621 -6723 -6680 -6778 -6708 -6580 # -4097 -4225 -4097 -4097 -4097 -4097 -4227 -4097 -4225 -3969 -4097 -4097 -4353 -3969 -4097 -4225 
5 -4097 -4097 -4225 -4097 -4097 -4225 -4097 -4225 -4225 
CPU side received count (scaleup: 3): -6625 -6632 -6674 -6619 -6669 -6691 -6642 -6649 # -4097 -4225 -4097 -4097 -4097 -4097 -4225 -4097 -4097 -4225 -4225 -4225 -4225 -4097 -4225 -4097 
Elastic buffer uses 4 channels per SM
Elastic buffer uses 4 channels per SM
Elastic buffer uses 4 channels per SM
Elastic buffer uses 4 channels per SM
Elastic buffer uses 4 channels per SM
Elastic buffer uses 4 channels per SM
Elastic buffer uses 4 channels per SM
Elastic buffer uses 4 channels per SM
CPU side received count (scaleup: 4): -6623 -6758 -6552 -6792 -6716 -6778 -6777 -6746 # -4225 -4097 -4225 -4225 -4225 -4225 -422CPU side received count (scaleup: 2): -6725 -6642 -6673 -6681 -6704 -6632 -6658 -6599 # -4097 -4097 -4097 -4225 -4097 -4225 -422CPU side received count (scaleup: 7): -6661 -6802 -6652 -6656 -6633 -6581 -6568 -6774 # -4097 -4097 -4097 -4097 -3969 -4097 -422CPU side received count (scaleup: 3): -6625 -6632 -6674 -6619 -6669 -6691 -6642 -6649 # -4097 -4225 -4097 -4097 -4097 -4097 -422CPU side received count (scaleup: 0): -6562 -6632 -6627 -6567 -6605 -6607 -6666 -6619 # -4097 -4097 -4097 -4097 -3969 -4097 -4095 -4097 -4097 -4097 -4097 -4225 -4097 -4097 -4225 -4225 
CPU side received count (scaleup: 5): -6733 -6579 -6592 -6750 -6722 -6694 -6647 -6686 # -4225 -4097 -4225 -4097 -4225 -4225 -409CPU side received count (scaleup: 1): -6710 -6747 -6621 -6723 -6680 -6778 -6708 -6580 # -4097 -4225 -4097 -4097 -4097 -4097 -4225 -4097 -4097 -4097 -4225 -4225 -4353 -4225 -4097 -4225 
5 -4097 -4225 -4225 -4225 -4225 -4097 -4225 -4097 -4097 
5 -4097 -4097 -4225 -4225 -4225 -4225 -4097 -4225 -4097 
7 -4097 -4225 -3969 -4097 -4097 -4353 -3969 -4097 -4225 
7 -4097 -3969 -4225 -4225 -4097 -4225 -4225 -4225 -4225 
5 -4097 -4097 -4225 -4097 -4097 -4225 -4097 -4225 -4225 
CPU side received count (scaleup: 6): -6638 -6671 -6616 -6617 -6695 -6644 -6710 -6521 # -4097 -4097 -4097 -4225 -4225 -4097 -4097 -4225 -4097 -4097 -4097 -4225 -4097 -4097 -4097 -4097 
Elastic buffer uses 4 channels per SM
Elastic buffer uses 4 channels per SM
Elastic buffer uses 4 channels per SM
Elastic buffer uses 4 channels per SM
Elastic buffer uses 4 channels per SM
Elastic buffer uses 4 channels per SM
Elastic buffer uses 4 channels per SM
Elastic buffer uses 4 channels per SM
CPU side received count (scaleup: 4): -6623 -6758 -6552 -6792 -6716 -6778 -6777 -6746 # -4225 -4097 -4225 -4225 -4225 -4225 -422CPU side received count (scaleup: 2): -6725 -6642 -6673 -6681 -6704 -6632 -6658 -6599 # -4097 -4097 -4097 -4225 -4097 -4225 -422CPU side received count (scaleup: 5): -6733 -6579 -6592 -6750 -6722 -6694 -6647 -6686 # -4225 -4097 -4225 -4097 -4225 -4225 -4095 -4097 -4097 -4097 -4225 -4225 -4353 -4225 -4097 -4225 
CPU side received count (scaleup: 7): -6661 -6802 -6652 -6656 -6633 -6581 -6568 -6774 # -4097 -4097 -4097 -4097 -3969 -4097 -422CPU side received count (scaleup: 6): -6638 -6671 -6616 -6617 -6695 -6644 -6710 -6521 # -4097 -4097 -4097 -4225 -4225 -4097 -409CPU side received count (scaleup: 0): -6562 -6632 -6627 -6567 -6605 -6607 -6666 -6619 # -4097 -4097 -4097 -4097 -3969 -4097 -409CPU side received count (scaleup: 1): -6710 -6747 -6621 -6723 -6680 -6778 -6708 -6580 # -4097 -4225 -4097 -4097 -4097 -4097 -4225 -4097 -4225 -4225 -4225 -4225 -4097 -4225 -4097 -4097 
CPU side received count (scaleup: 3): -6625 -6632 -6674 -6619 -6669 -6691 -6642 -6649 # -4097 -4225 -4097 -4097 -4097 -4097 -4225 -4097 -4097 -4097 -4097 -4225 -4097 -4097 -4225 -4225 
7 -4225 -4097 -4097 -4097 -4225 -4097 -4097 -4097 -4097 
7 -4097 -4225 -3969 -4097 -4097 -4353 -3969 -4097 -4225 
7 -4097 -3969 -4225 -4225 -4097 -4225 -4225 -4225 -4225 
5 -4097 -4097 -4225 -4097 -4097 -4225 -4097 -4225 -4225 
5 -4097 -4097 -4225 -4225 -4225 -4225 -4097 -4225 -4097 
Elastic buffer uses 4 channels per SM
Elastic buffer uses 4 channels per SM
Elastic buffer uses 4 channels per SM
Elastic buffer uses 4 channels per SM
Elastic buffer uses 4 channels per SM
Elastic buffer uses 4 channels per SM
Elastic buffer uses 4 channels per SM
USDT:2026-08-25 02:10:31 437:437 SyncActivityProfilerHandler.cpp:52] profiler_startUSDT:2026-08-25 02:10:31 439:439 SyncActivityProfilerHandler.cpp:52] profiler_startUSDT:2026-08-25 02:10:31 432:432 SyncActivityProfilerHandler.cpp:52] profiler_startUSDT:2026-08-25 02:10:31 438:438 SyncActivityProfilerHandler.cpp:52] profiler_startUSDT:2026-08-25 02:10:31 436:436 SyncActivityProfilerHandler.cpp:52] profiler_startUSDT:2026-08-25 02:10:31 435:435 SyncActivityProfilerHandler.cpp:52] profiler_start



USDT:2026-08-25 02:10:31 434:434 SyncActivityProfilerHandler.cpp:52] profiler_start


USDT:2026-08-25 02:10:31 433:433 SyncActivityProfilerHandler.cpp:52] profiler_start
Elastic buffer uses 4 channels per SM
CPU side received count (scaleup: 4): -6623 -6758 -6552 -6792 -6716 -6778 -6777 -6746 # -4225 -4097 -4225 -4225 -4225 -4225 -422CPU side received count (scaleup: 2): -6725 -6642 -6673 -6681 -6704 -6632 -6658 -6599 # -4097 -4097 -4097 -4225 -4097 -4225 -422CPU side received count (scaleup: 6): -6638 -6671 -6616 -6617 -6695 -6644 -6710 -6521 # -4097 -4097 -4097 -4225 -4225 -4097 -409CPU side received count (scaleup: 7): -6661 -6802 -6652 -6656 -6633 -6581 -6568 -6774 # -4097 -4097 -4097 -4097 -3969 -4097 -422CPU side received count (scaleup: 1): -6710 -6747 -6621 -6723 -6680 -6778 -6708 -6580 # -4097 -4225 -4097 -4097 -4097 -4097 -4225 -4097 -4225 -4225 -4225 -4225 -4097 -4225 -4097 -4097 
CPU side received count (scaleup: 3): -6625 -6632 -6674 -6619 -6669 -6691 -6642 -6649 # -4097 -4225 -4097 -4097 -4097 -4097 -422CPU side received count (scaleup: 0): -6562 -6632 -6627 -6567 -6605 -6607 -6666 -6619 # -4097 -4097 -4097 -4097 -3969 -4097 -4095 -4097 -4097 -4097 -4225 -4225 -4353 -4225 -4097 -4225 
7 -4225 -4097 -4097 -4097 -4225 -4097 -4097 -4097 -4097 
5 -4097 -4097 -4097 -4097 -4225 -4097 -4097 -4225 -4225 
5 -4097 -4097 -4225 -4097 -4097 -4225 -4097 -4225 -4225 
5 -4097 -4097 -4225 -4225 -4225 -4225 -4097 -4225 -4097 
7 -4097 -4225 -3969 -4097 -4097 -4353 -3969 -4097 -4225 
CPU side received count (scaleup: 5): -6733 -6579 -6592 -6750 -6722 -6694 -6647 -6686 # -4225 -4097 -4225 -4097 -4225 -4225 -4097 -4097 -3969 -4225 -4225 -4097 -4225 -4225 -4225 -4225 
Elastic buffer uses 4 channels per SM
Elastic buffer uses 4 channels per SM
Elastic buffer uses 4 channels per SM
Elastic buffer uses 4 channels per SM
Elastic buffer uses 4 channels per SM
Elastic buffer uses 4 channels per SM
Elastic buffer uses 4 channels per SM
Elastic buffer uses 4 channels per SM
CPU side received count (scaleup: 4): -6623 -6758 -6552 -6792 -6716 -6778 -6777 -6746 # -4225 -4097 -4225 -4225 -4225 -4225 -422CPU side received count (scaleup: 7): -6661 -6802 -6652 -6656 -6633 -6581 -6568 -6774 # -4097 -4097 -4097 -4097 -3969 -4097 -422CPU side received count (scaleup: 5): -6733 -6579 -6592 -6750 -6722 -6694 -6647 -6686 # -4225 -4097 -4225 -4097 -4225 -4225 -409CPU side received count (scaleup: 3): -6625 -6632 -6674 -6619 -6669 -6691 -6642 -6649 # -4097 -4225 -4097 -4097 -4097 -4097 -422CPU side received count (scaleup: 0): -6562 -6632 -6627 -6567 -6605 -6607 -6666 -6619 # -4097 -4097 -4097 -4097 -3969 -4097 -409CPU side received count (scaleup: 2): -6725 -6642 -6673 -6681 -6704 -6632 -6658 -6599 # -4097 -4097 -4097 -4225 -4097 -4225 -422CPU side received count (scaleup: 6): -6638 -6671 -6616 -6617 -6695 -6644 -6710 -6521 # -4097 -4097 -4097 -4225 -4225 -4097 -409CPU side received count (scaleup: 1): -6710 -6747 -6621 -6723 -6680 -6778 -6708 -6580 # -4097 -4225 -4097 -4097 -4097 -4097 -4225 -4097 -4097 -4097 -4225 -4225 -4353 -4225 -4097 -4225 
5 -4097 -4225 -4225 -4225 -4225 -4097 -4225 -4097 -4097 
5 -4097 -4097 -4097 -4097 -4225 -4097 -4097 -4225 -4225 
5 -4097 -4097 -4225 -4225 -4225 -4225 -4097 -4225 -4097 
5 -4097 -4097 -4225 -4097 -4097 -4225 -4097 -4225 -4225 
7 -4097 -3969 -4225 -4225 -4097 -4225 -4225 -4225 -4225 
7 -4097 -4225 -3969 -4097 -4097 -4353 -3969 -4097 -4225 
7 -4225 -4097 -4097 -4097 -4225 -4097 -4097 -4097 -4097 
Elastic buffer uses 4 channels per SM
Elastic buffer uses 4 channels per SM
Elastic buffer uses 4 channels per SM
Elastic buffer uses 4 channels per SM
Elastic buffer uses 4 channels per SM
Elastic buffer uses 4 channels per SM
Elastic buffer uses 4 channels per SM
Elastic buffer uses 4 channels per SM
CPU side received count (scaleup: 6): -6638 -6671 -6616 -6617 -6695 -6644 -6710 -6521 # -4097 -4097 -4097 -4225 -4225 -4097 -409CPU side received count (scaleup: 5): -6733 -6579 -6592 -6750 -6722 -6694 -6647 -6686 # -4225 -4097 -4225 -4097 -4225 -4225 -409CPU side received count (scaleup: 3): -6625 -6632 -6674 -6619 -6669 -6691 -6642 -6649 # -4097 -4225 -4097 -4097 -4097 -4097 -4227 -4225 -4097 -4097 -4097 -4225 -4097 -4097 -4097 -4097 
7 -4097 -3969 -4225 -4225 -4097 -4225 -4225 -4225 -4225 
5 -4097 -4097 -4225 -4225 -4225 -4225 -4097 -4225 -4097 
CPU side received count (scaleup: 2): -6725 -6642 -6673 -6681 -6704 -6632 -6658 -6599 # -4097 -4097 -4097 -4225 -4097 -4225 -4225 -4097 -4225 -4225 -4225 -4225 -4097 -4225 -4097 -4097 
CPU side received count (scaleup: 0): -6562 -6632 -6627 -6567 -6605 -6607 -6666 -6619 # -4097 -4097 -4097 -4097 -3969 -4097 -409CPU side received count (scaleup: 7): -6661 -6802 -6652 -6656 -6633 -6581 -6568 -6774 # -4097 -4097 -4097 -4097 -3969 -4097 -4227 -4097 -4225 -3969 -4097 -4097 -4353 -3969 -4097 -4225 
5 -4097 -4097 -4097 -4097 -4225 -4097 -4097 -4225 -4225 
CPU side received count (scaleup: 1): -6710 -6747 -6621 -6723 -6680 -6778 -6708 -6580 # -4097 -4225 -4097 -4097 -4097 -4097 -4225 -4097 -4097 -4225 -4097 -4097 -4225 -4097 -4225 -4225 
CPU side received count (scaleup: 4): -6623 -6758 -6552 -6792 -6716 -6778 -6777 -6746 # -4225 -4097 -4225 -4225 -4225 -4225 -4225 -4097 -4097 -4097 -4225 -4225 -4353 -4225 -4097 -4225 
Elastic buffer uses 4 channels per SM
Elastic buffer uses 4 channels per SM
Elastic buffer uses 4 channels per SM
Elastic buffer uses 4 channels per SM
Elastic buffer uses 4 channels per SM
Elastic buffer uses 4 channels per SM
Elastic buffer uses 4 channels per SM
Elastic buffer uses 4 channels per SM
CPU side received count (scaleup: 0): -6562 -6632 -6627 -6567 -6605 -6607 -6666 -6619 # -4097 -4097 -4097 -4097 -3969 -4097 -409CPU side received count (scaleup: 1): -6710 -6747 -6621 -6723 -6680 -6778 -6708 -6580 # -4097 -4225 -4097 -4097 -4097 -4097 -422CPU side received count (scaleup: 7): -6661 -6802 -6652 -6656 -6633 -6581 -6568 -6774 # -4097 -4097 -4097 -4097 -3969 -4097 -422CPU side received count (scaleup: 4): -6623 -6758 -6552 -6792 -6716 -6778 -6777 -6746 # -4225 -4097 -4225 -4225 -4225 -4225 -422CPU side received count (scaleup: 6): -6638 -6671 -6616 -6617 -6695 -6644 -6710 -6521 # -4097 -4097 -4097 -4225 -4225 -4097 -409CPU side received count (scaleup: 3): -6625 -6632 -6674 -6619 -6669 -6691 -6642 -6649 # -4097 -4225 -4097 -4097 -4097 -4097 -4227 -4097 -4225 -3969 -4097 -4097 -4353 -3969 -4097 -4225 
CPU side received count (scaleup: 2): -6725 -6642 -6673 -6681 -6704 -6632 -6658 -6599 # -4097 -4097 -4097 -4225 -4097 -4225 -4225 -4097 -4097 -4225 -4097 -4097 -4225 -4097 -4225 -4225 
7 -4225 -4097 -4097 -4097 -4225 -4097 -4097 -4097 -4097 
5 -4097 -4097 -4097 -4097 -4225 -4097 -4097 -4225 -4225 
5 -4097 -4097 -4097 -4225 -4225 -4353 -4225 -4097 -4225 
5 -4097 -4097 -4225 -4225 -4225 -4225 -4097 -4225 -4097 
5 -4097 -4225 -4225 -4225 -4225 -4097 -4225 -4097 -4097 
CPU side received count (scaleup: 5): -6733 -6579 -6592 -6750 -6722 -6694 -6647 -6686 # -4225 -4097 -4225 -4097 -4225 -4225 -4097 -4097 -3969 -4225 -4225 -4097 -4225 -4225 -4225 -4225 
Elastic buffer uses 4 channels per SM
Elastic buffer uses 4 channels per SM
Elastic buffer uses 4 channels per SM
Elastic buffer uses 4 channels per SM
Elastic buffer uses 4 channels per SM
Elastic buffer uses 4 channels per SM
Elastic buffer uses 4 channels per SM
Elastic buffer uses 4 channels per SM
CPU side received count (scaleup: 4): -6623 -6758 -6552 -6792 -6716 -6778 -6777 -6746 # -4225 -4097 -4225 -4225 -4225 -4225 -422CPU side received count (scaleup: 2): -6725 -6642 -6673 -6681 -6704 -6632 -6658 -6599 # -4097 -4097 -4097 -4225 -4097 -4225 -422CPU side received count (scaleup: 3): -6625 -6632 -6674 -6619 -6669 -6691 -6642 -6649 # -4097 -4225 -4097 -4097 -4097 -4097 -4225 -4097 -4097 -4097 -4225 -4225 -4353 -4225 -4097 -4225 
5 -4097 -4225 -4225 -4225 -4225 -4097 -4225 -4097 -4097 
5 -4097 -4097 -4225 -4225 -4225 -4225 -4097 -4225 -4097 
CPU side received count (scaleup: 5): -6733 -6579 -6592 -6750 -6722 -6694 -6647 -6686 # -4225 -4097 -4225 -4097 -4225 -4225 -4097 -4097 -3969 -4225 -4225 -4097 -4225 -4225 -4225 -4225 
CPU side received count (scaleup: 0): -6562 -6632 -6627 -6567 -6605 -6607 -6666 -6619 # -4097 -4097 -4097 -4097 -3969 -4097 -4097 -4097 -4225 -3969 -4097 -4097 -4353 -3969 -4097 -4225 
CPU side received count (scaleup: 1): -6710 -6747 -6621 -6723 -6680 -6778 -6708 -6580 # -4097 -4225 -4097 -4097 -4097 -4097 -4225 -4097 -4097 -4225 -4097 -4097 -4225 -4097 -4225 -4225 
CPU side received count (scaleup: 7): -6661 -6802 -6652 -6656 -6633 -6581 -6568 -6774 # -4097 -4097 -4097 -4097 -3969 -4097 -4225 -4097 -4097 -4097 -4097 -4225 -4097 -4097 -4225 -4225 
CPU side received count (scaleup: 6): -6638 -6671 -6616 -6617 -6695 -6644 -6710 -6521 # -4097 -4097 -4097 -4225 -4225 -4097 -4097 -4225 -4097 -4097 -4097 -4225 -4097 -4097 -4097 -4097 
Elastic buffer uses 4 channels per SM
Elastic buffer uses 4 channels per SM
Elastic buffer uses 4 channels per SM
Elastic buffer uses 4 channels per SM
Elastic buffer uses 4 channels per SM
Elastic buffer uses 4 channels per SM
Elastic buffer uses 4 channels per SM
Elastic buffer uses 4 channels per SM
CPU side received count (scaleup: 6): -6638 -6671 -6616 -6617 -6695 -6644 -6710 -6521 # -4097 -4097 -4097 -4225 -4225 -4097 -409CPU side received count (scaleup: 5): -6733 -6579 -6592 -6750 -6722 -6694 -6647 -6686 # -4225 -4097 -4225 -4097 -4225 -4225 -409CPU side received count (scaleup: 3): -6625 -6632 -6674 -6619 -6669 -6691 -6642 -6649 # -4097 -4225 -4097 -4097 -4097 -4097 -422CPU side received count (scaleup: 7): -6661 -6802 -6652 -6656 -6633 -6581 -6568 -6774 # -4097 -4097 -4097 -4097 -3969 -4097 -422CPU side received count (scaleup: 2): -6725 -6642 -6673 -6681 -6704 -6632 -6658 -6599 # -4097 -4097 -4097 -4225 -4097 -4225 -4227 -4097 -3969 -4225 -4225 -4097 -4225 -4225 -4225 -4225 
CPU side received count (scaleup: 1): -6710 -6747 -6621 -6723 -6680 -6778 -6708 -6580 # -4097 -4225 -4097 -4097 -4097 -4097 -422CPU side received count (scaleup: 4): -6623 -6758 -6552 -6792 -6716 -6778 -6777 -6746 # -4225 -4097 -4225 -4225 -4225 -4225 -4227 -4225 -4097 -4097 -4097 -4225 -4097 -4097 -4097 -4097 
5 -4097 -4097 -4097 -4225 -4225 -4353 -4225 -4097 -4225 
CPU side received count (scaleup: 0): -6562 -6632 -6627 -6567 -6605 -6607 -6666 -6619 # -4097 -4097 -4097 -4097 -3969 -4097 -4095 -4097 -4097 -4225 -4225 -4225 -4225 -4097 -4225 -4097 
7 -4097 -4225 -3969 -4097 -4097 -4353 -3969 -4097 -4225 
5 -4097 -4097 -4097 -4097 -4225 -4097 -4097 -4225 -4225 
5 -4097 -4225 -4225 -4225 -4225 -4097 -4225 -4097 -4097 
5 -4097 -4097 -4225 -4097 -4097 -4225 -4097 -4225 -4225 
Elastic buffer uses 4 channels per SM
Elastic buffer uses 4 channels per SM
Elastic buffer uses 4 channels per SM
Elastic buffer uses 4 channels per SM
Elastic buffer uses 4 channels per SM
Elastic buffer uses 4 channels per SM
Elastic buffer uses 4 channels per SM
Elastic buffer uses 4 channels per SM
CPU side received count (scaleup: 4): -6623 -6758 -6552 -6792 -6716 -6778 -6777 -6746 # -4225 -4097 -4225 -4225 -4225 -4225 -422CPU side received count (scaleup: 0): -6562 -6632 -6627 -6567 -6605 -6607 -6666 -6619 # -4097 -4097 -4097 -4097 -3969 -4097 -409CPU side received count (scaleup: 3): -6625 -6632 -6674 -6619 -6669 -6691 -6642 -6649 # -4097 -4225 -4097 -4097 -4097 -4097 -422CPU side received count (scaleup: 6): -6638 -6671 -6616 -6617 -6695 -6644 -6710 -6521 # -4097 -4097 -4097 -4225 -4225 -4097 -409CPU side received count (scaleup: 7): -6661 -6802 -6652 -6656 -6633 -6581 -6568 -6774 # -4097 -4097 -4097 -4097 -3969 -4097 -4225 -4097 -4097 -4097 -4225 -4225 -4353 -4225 -4097 -4225 
5 -4097 -4097 -4225 -4225 -4225 -4225 -4097 -4225 -4097 
CPU side received count (scaleup: 1): -6710 -6747 -6621 -6723 -6680 -6778 -6708 -6580 # -4097 -4225 -4097 -4097 -4097 -4097 -4225 -4097 -4097 -4097 -4097 -4225 -4097 -4097 -4225 -4225 
CPU side received count (scaleup: 2): -6725 -6642 -6673 -6681 -6704 -6632 -6658 -6599 # -4097 -4097 -4097 -4225 -4097 -4225 -4227 -4097 -4225 -3969 -4097 -4097 -4353 -3969 -4097 -4225 
7 -4225 -4097 -4097 -4097 -4225 -4097 -4097 -4097 -4097 
5 -4097 -4097 -4225 -4097 -4097 -4225 -4097 -4225 -4225 
5 -4097 -4225 -4225 -4225 -4225 -4097 -4225 -4097 -4097 
CPU side received count (scaleup: 5): -6733 -6579 -6592 -6750 -6722 -6694 -6647 -6686 # -4225 -4097 -4225 -4097 -4225 -4225 -4097 -4097 -3969 -4225 -4225 -4097 -4225 -4225 -4225 -4225 
Elastic buffer uses 4 channels per SM
Elastic buffer uses 4 channels per SM
Elastic buffer uses 4 channels per SM
Elastic buffer uses 4 channels per SM
Elastic buffer uses 4 channels per SM
Elastic buffer uses 4 channels per SM
Elastic buffer uses 4 channels per SM
Elastic buffer uses 4 channels per SM
CPU side received count (scaleup: 7): -6661 -6802 -6652 -6656 -6633 -6581 -6568 -6774 # -4097 -4097 -4097 -4097 -3969 -4097 -422CPU side received count (scaleup: 6): -6638 -6671 -6616 -6617 -6695 -6644 -6710 -6521 # -4097 -4097 -4097 -4225 -4225 -4097 -409CPU side received count (scaleup: 1): -6710 -6747 -6621 -6723 -6680 -6778 -6708 -6580 # -4097 -4225 -4097 -4097 -4097 -4097 -422CPU side received count (scaleup: 5): -6733 -6579 -6592 -6750 -6722 -6694 -6647 -6686 # -4225 -4097 -4225 -4097 -4225 -4225 -4095 -4097 -4097 -4097 -4097 -4225 -4097 -4097 -4225 -4225 
CPU side received count (scaleup: 4): -6623 -6758 -6552 -6792 -6716 -6778 -6777 -6746 # -4225 -4097 -4225 -4225 -4225 -4225 -422CPU side received count (scaleup: 3): -6625 -6632 -6674 -6619 -6669 -6691 -6642 -6649 # -4097 -4225 -4097 -4097 -4097 -4097 -4225 -4097 -4097 -4225 -4097 -4097 -4225 -4097 -4225 -4225 
CPU side received count (scaleup: 2): -6725 -6642 -6673 -6681 -6704 -6632 -6658 -6599 # -4097 -4097 -4097 -4225 -4097 -4225 -4225 -4097 -4097 -4225 -4225 -4225 -4225 -4097 -4225 -4097 
5 -4097 -4097 -4097 -4225 -4225 -4353 -4225 -4097 -4225 
CPU side received count (scaleup: 0): -6562 -6632 -6627 -6567 -6605 -6607 -6666 -6619 # -4097 -4097 -4097 -4097 -3969 -4097 -4097 -4225 -4097 -4097 -4097 -4225 -4097 -4097 -4097 -4097 
7 -4097 -3969 -4225 -4225 -4097 -4225 -4225 -4225 -4225 
5 -4097 -4225 -4225 -4225 -4225 -4097 -4225 -4097 -4097 
7 -4097 -4225 -3969 -4097 -4097 -4353 -3969 -4097 -4225 
Elastic buffer uses 4 channels per SM
Elastic buffer uses 4 channels per SM
Elastic buffer uses 4 channels per SM
Elastic buffer uses 4 channels per SM
Elastic buffer uses 4 channels per SM
Elastic buffer uses 4 channels per SM
Elastic buffer uses 4 channels per SM
Elastic buffer uses 4 channels per SM
CPU side received count (scaleup: 5): -6733 -6579 -6592 -6750 -6722 -6694 -6647 -6686 # -4225 -4097 -4225 -4097 -4225 -4225 -409CPU side received count (scaleup: 7): -6661 -6802 -6652 -6656 -6633 -6581 -6568 -6774 # -4097 -4097 -4097 -4097 -3969 -4097 -422CPU side received count (scaleup: 4): -6623 -6758 -6552 -6792 -6716 -6778 -6777 -6746 # -4225 -4097 -4225 -4225 -4225 -4225 -422CPU side received count (scaleup: 6): -6638 -6671 -6616 -6617 -6695 -6644 -6710 -6521 # -4097 -4097 -4097 -4225 -4225 -4097 -4097 -4097 -3969 -4225 -4225 -4097 -4225 -4225 -4225 -4225 
5 -4097 -4097 -4097 -4097 -4225 -4097 -4097 -4225 -4225 
5 -4097 -4097 -4097 -4225 -4225 -4353 -4225 -4097 -4225 
7 -4225 -4097 -4097 -4097 -4225 -4097 -4097 -4097 -4097 
CPU side received count (scaleup: 0): -6562 -6632 -6627 -6567 -6605 -6607 -6666 -6619 # -4097 -4097 -4097 -4097 -3969 -4097 -4097 -4097 -4225 -3969 -4097 -4097 -4353 -3969 -4097 -4225 
CPU side received count (scaleup: 1): -6710 -6747 -6621 -6723 -6680 -6778 -6708 -6580 # -4097 -4225 -4097 -4097 -4097 -4097 -4225 -4097 -4097 -4225 -4097 -4097 -4225 -4097 -4225 -4225 
CPU side received count (scaleup: 2): -6725 -6642 -6673 -6681 -6704 -6632 -6658 -6599 # -4097 -4097 -4097 -4225 -4097 -4225 -4225 -4097 -4225 -4225 -4225 -4225 -4097 -4225 -4097 -4097 
CPU side received count (scaleup: 3): -6625 -6632 -6674 -6619 -6669 -6691 -6642 -6649 # -4097 -4225 -4097 -4097 -4097 -4097 -4225 -4097 -4097 -4225 -4225 -4225 -4225 -4097 -4225 -4097 
Elastic buffer uses 4 channels per SM
Elastic buffer uses 4 channels per SM
Elastic buffer uses 4 channels per SM
Elastic buffer uses 4 channels per SM
Elastic buffer uses 4 channels per SM
Elastic buffer uses 4 channels per SM
Elastic buffer uses 4 channels per SM
Elastic buffer uses 4 channels per SM
CPU side received count (scaleup: 4): -6623 -6758 -6552 -6792 -6716 -6778 -6777 -6746 # -4225 -4097 -4225 -4225 -4225 -4225 -422CPU side received count (scaleup: 7): -6661 -6802 -6652 -6656 -6633 -6581 -6568 -6774 # -4097 -4097 -4097 -4097 -3969 -4097 -422CPU side received count (scaleup: 3): -6625 -6632 -6674 -6619 -6669 -6691 -6642 -6649 # -4097 -4225 -4097 -4097 -4097 -4097 -422CPU side received count (scaleup: 0): -6562 -6632 -6627 -6567 -6605 -6607 -6666 -6619 # -4097 -4097 -4097 -4097 -3969 -4097 -409CPU side received count (scaleup: 5): -6733 -6579 -6592 -6750 -6722 -6694 -6647 -6686 # -4225 -4097 -4225 -4097 -4225 -4225 -409CPU side received count (scaleup: 1): -6710 -6747 -6621 -6723 -6680 -6778 -6708 -6580 # -4097 -4225 -4097 -4097 -4097 -4097 -422CPU side received count (scaleup: 2): -6725 -6642 -6673 -6681 -6704 -6632 -6658 -6599 # -4097 -4097 -4097 -4225 -4097 -4225 -4227 -4097 -3969 -4225 -4225 -4097 -4225 -4225 -4225 -4225 
5 -4097 -4097 -4097 -4225 -4225 -4353 -4225 -4097 -4225 
5 -4097 -4097 -4097 -4097 -4225 -4097 -4097 -4225 -4225 
5 -4097 -4097 -4225 -4225 -4225 -4225 -4097 -4225 -4097 
7 -4097 -4225 -3969 -4097 -4097 -4353 -3969 -4097 -4225 
5 -4097 -4097 -4225 -4097 -4097 -4225 -4097 -4225 -4225 
5 -4097 -4225 -4225 -4225 -4225 -4097 -4225 -4097 -4097 
CPU side received count (scaleup: 6): -6638 -6671 -6616 -6617 -6695 -6644 -6710 -6521 # -4097 -4097 -4097 -4225 -4225 -4097 -4097 -4225 -4097 -4097 -4097 -4225 -4097 -4097 -4097 -4097 
Elastic buffer uses 4 channels per SM
Elastic buffer uses 4 channels per SM
Elastic buffer uses 4 channels per SM
Elastic buffer uses 4 channels per SM
Elastic buffer uses 4 channels per SM
Elastic buffer uses 4 channels per SM
Elastic buffer uses 4 channels per SM
Elastic buffer uses 4 channels per SM
CPU side received count (scaleup: 7): -6661 -6802 -6652 -6656 -6633 -6581 -6568 -6774 # -4097 -4097 -4097 -4097 -3969 -4097 -422CPU side received count (scaleup: 3): -6625 -6632 -6674 -6619 -6669 -6691 -6642 -6649 # -4097 -4225 -4097 -4097 -4097 -4097 -422CPU side received count (scaleup: 1): -6710 -6747 -6621 -6723 -6680 -6778 -6708 -6580 # -4097 -4225 -4097 -4097 -4097 -4097 -422CPU side received count (scaleup: 4): -6623 -6758 -6552 -6792 -6716 -6778 -6777 -6746 # -4225 -4097 -4225 -4225 -4225 -4225 -422CPU side received count (scaleup: 2): -6725 -6642 -6673 -6681 -6704 -6632 -6658 -6599 # -4097 -4097 -4097 -4225 -4097 -4225 -4225 -4097 -4097 -4225 -4225 -4225 -4225 -4097 -4225 -4097 
CPU side received count (scaleup: 6): -6638 -6671 -6616 -6617 -6695 -6644 -6710 -6521 # -4097 -4097 -4097 -4225 -4225 -4097 -409CPU side received count (scaleup: 0): -6562 -6632 -6627 -6567 -6605 -6607 -6666 -6619 # -4097 -4097 -4097 -4097 -3969 -4097 -4095 -4097 -4097 -4097 -4097 -4225 -4097 -4097 -4225 -4225 
5 -4097 -4097 -4097 -4225 -4225 -4353 -4225 -4097 -4225 
5 -4097 -4097 -4225 -4097 -4097 -4225 -4097 -4225 -4225 
5 -4097 -4225 -4225 -4225 -4225 -4097 -4225 -4097 -4097 
7 -4097 -4225 -3969 -4097 -4097 -4353 -3969 -4097 -4225 
7 -4225 -4097 -4097 -4097 -4225 -4097 -4097 -4097 -4097 
CPU side received count (scaleup: 5): -6733 -6579 -6592 -6750 -6722 -6694 -6647 -6686 # -4225 -4097 -4225 -4097 -4225 -4225 -4097 -4097 -3969 -4225 -4225 -4097 -4225 -4225 -4225 -4225 
Elastic buffer uses 4 channels per SM
Elastic buffer uses 4 channels per SM
Elastic buffer uses 4 channels per SM
Elastic buffer uses 4 channels per SM
Elastic buffer uses 4 channels per SM
Elastic buffer uses 4 channels per SM
Elastic buffer uses 4 channels per SM
Elastic buffer uses 4 channels per SM
CPU side received count (scaleup: 4): -6623 -6758 -6552 -6792 -6716 -6778 -6777 -6746 # -4225 -4097 -4225 -4225 -4225 -4225 -422CPU side received count (scaleup: 6): -6638 -6671 -6616 -6617 -6695 -6644 -6710 -6521 # -4097 -4097 -4097 -4225 -4225 -4097 -409CPU side received count (scaleup: 7): -6661 -6802 -6652 -6656 -6633 -6581 -6568 -6774 # -4097 -4097 -4097 -4097 -3969 -4097 -422CPU side received count (scaleup: 3): -6625 -6632 -6674 -6619 -6669 -6691 -6642 -6649 # -4097 -4225 -4097 -4097 -4097 -4097 -4227 -4225 -4097 -4097 -4097 -4225 -4097 -4097 -4097 -4097 
5 -4097 -4097 -4097 -4225 -4225 -4353 -4225 -4097 -4225 
5 -4097 -4097 -4097 -4097 -4225 -4097 -4097 -4225 -4225 
5 -4097 -4097 -4225 -4225 -4225 -4225 -4097 -4225 -4097 
CPU side received count (scaleup: 2): -6725 -6642 -6673 -6681 -6704 -6632 -6658 -6599 # -4097 -4097 -4097 -4225 -4097 -4225 -4225 -4097 -4225 -4225 -4225 -4225 -4097 -4225 -4097 -4097 
CPU side received count (scaleup: 0): -6562 -6632 -6627 -6567 -6605 -6607 -6666 -6619 # -4097 -4097 -4097 -4097 -3969 -4097 -409CPU side received count (scaleup: 1): -6710 -6747 -6621 -6723 -6680 -6778 -6708 -6580 # -4097 -4225 -4097 -4097 -4097 -4097 -4227 -4097 -4225 -3969 -4097 -4097 -4353 -3969 -4097 -4225 
5 -4097 -4097 -4225 -4097 -4097 -4225 -4097 -4225 -4225 
CPU side received count (scaleup: 5): -6733 -6579 -6592 -6750 -6722 -6694 -6647 -6686 # -4225 -4097 -4225 -4097 -4225 -4225 -4097 -4097 -3969 -4225 -4225 -4097 -4225 -4225 -4225 -4225 
Elastic buffer uses 4 channels per SM
Elastic buffer uses 4 channels per SM
Elastic buffer uses 4 channels per SM
Elastic buffer uses 4 channels per SM
Elastic buffer uses 4 channels per SM
Elastic buffer uses 4 channels per SM
Elastic buffer uses 4 channels per SM
Elastic buffer uses 4 channels per SM
CPU side received count (scaleup: 0): -6562 -6632 -6627 -6567 -6605 -6607 -6666 -6619 # -4097 -4097 -4097 -4097 -3969 -4097 -409CPU side received count (scaleup: 1): -6710 -6747 -6621 -6723 -6680 -6778 -6708 -6580 # -4097 -4225 -4097 -4097 -4097 -4097 -422CPU side received count (scaleup: 7): -6661 -6802 -6652 -6656 -6633 -6581 -6568 -6774 # -4097 -4097 -4097 -4097 -3969 -4097 -422CPU side received count (scaleup: 2): -6725 -6642 -6673 -6681 -6704 -6632 -6658 -6599 # -4097 -4097 -4097 -4225 -4097 -4225 -422CPU side received count (scaleup: 6): -6638 -6671 -6616 -6617 -6695 -6644 -6710 -6521 # -4097 -4097 -4097 -4225 -4225 -4097 -409CPU side received count (scaleup: 3): -6625 -6632 -6674 -6619 -6669 -6691 -6642 -6649 # -4097 -4225 -4097 -4097 -4097 -4097 -422CPU side received count (scaleup: 4): -6623 -6758 -6552 -6792 -6716 -6778 -6777 -6746 # -4225 -4097 -4225 -4225 -4225 -4225 -4225 -4097 -4097 -4225 -4097 -4097 -4225 -4097 -4225 -4225 
7 -4225 -4097 -4097 -4097 -4225 -4097 -4097 -4097 -4097 
CPU side received count (scaleup: 5): -6733 -6579 -6592 -6750 -6722 -6694 -6647 -6686 # -4225 -4097 -4225 -4097 -4225 -4225 -4097 -4097 -4225 -3969 -4097 -4097 -4353 -3969 -4097 -4225 
5 -4097 -4097 -4097 -4097 -4225 -4097 -4097 -4225 -4225 
5 -4097 -4225 -4225 -4225 -4225 -4097 -4225 -4097 -4097 
5 -4097 -4097 -4225 -4225 -4225 -4225 -4097 -4225 -4097 
5 -4097 -4097 -4097 -4225 -4225 -4353 -4225 -4097 -4225 
7 -4097 -3969 -4225 -4225 -4097 -4225 -4225 -4225 -4225 
Elastic buffer uses 4 channels per SM
Elastic buffer uses 4 channels per SM
Elastic buffer uses 4 channels per SM
Elastic buffer uses 4 channels per SM
Elastic buffer uses 4 channels per SM
Elastic buffer uses 4 channels per SM
Elastic buffer uses 4 channels per SM
Elastic buffer uses 4 channels per SM
CPU side received count (scaleup: 6): -6638 -6671 -6616 -6617 -6695 -6644 -6710 -6521 # -4097 -4097 -4097 -4225 -4225 -4097 -409CPU side received count (scaleup: 7): -6661 -6802 -6652 -6656 -6633 -6581 -6568 -6774 # -4097 -4097 -4097 -4097 -3969 -4097 -422CPU side received count (scaleup: 0): -6562 -6632 -6627 -6567 -6605 -6607 -6666 -6619 # -4097 -4097 -4097 -4097 -3969 -4097 -409CPU side received count (scaleup: 4): -6623 -6758 -6552 -6792 -6716 -6778 -6777 -6746 # -4225 -4097 -4225 -4225 -4225 -4225 -4225 -4097 -4097 -4097 -4097 -4225 -4097 -4097 -4225 -4225 
7 -4097 -4225 -3969 -4097 -4097 -4353 -3969 -4097 -4225 
5 -4097 -4097 -4097 -4225 -4225 -4353 -4225 -4097 -4225 
CPU side received count (scaleup: 5): -6733 -6579 -6592 -6750 -6722 -6694 -6647 -6686 # -4225 -4097 -4225 -4097 -4225 -4225 -409CPU side received count (scaleup: 3): -6625 -6632 -6674 -6619 -6669 -6691 -6642 -6649 # -4097 -4225 -4097 -4097 -4097 -4097 -422CPU side received count (scaleup: 2): -6725 -6642 -6673 -6681 -6704 -6632 -6658 -6599 # -4097 -4097 -4097 -4225 -4097 -4225 -4227 -4225 -4097 -4097 -4097 -4225 -4097 -4097 -4097 -4097 
7 -4097 -3969 -4225 -4225 -4097 -4225 -4225 -4225 -4225 
5 -4097 -4097 -4225 -4225 -4225 -4225 -4097 -4225 -4097 
5 -4097 -4225 -4225 -4225 -4225 -4097 -4225 -4097 -4097 
CPU side received count (scaleup: 1): -6710 -6747 -6621 -6723 -6680 -6778 -6708 -6580 # -4097 -4225 -4097 -4097 -4097 -4097 -4225 -4097 -4097 -4225 -4097 -4097 -4225 -4097 -4225 -4225 
Elastic buffer uses 4 channels per SM
Elastic buffer uses 4 channels per SM
Elastic buffer uses 4 channels per SM
Elastic buffer uses 4 channels per SM
Elastic buffer uses 4 channels per SM
Elastic buffer uses 4 channels per SM
Elastic buffer uses 4 channels per SM
Elastic buffer uses 4 channels per SM
CPU side received count (scaleup: 6): -6638 -6671 -6616 -6617 -6695 -6644 -6710 -6521 # -4097 -4097 -4097 -4225 -4225 -4097 -409CPU side received count (scaleup: 2): -6725 -6642 -6673 -6681 -6704 -6632 -6658 -6599 # -4097 -4097 -4097 -4225 -4097 -4225 -422CPU side received count (scaleup: 7): -6661 -6802 -6652 -6656 -6633 -6581 -6568 -6774 # -4097 -4097 -4097 -4097 -3969 -4097 -422CPU side received count (scaleup: 3): -6625 -6632 -6674 -6619 -6669 -6691 -6642 -6649 # -4097 -4225 -4097 -4097 -4097 -4097 -422CPU side received count (scaleup: 5): -6733 -6579 -6592 -6750 -6722 -6694 -6647 -6686 # -4225 -4097 -4225 -4097 -4225 -4225 -409CPU side received count (scaleup: 1): -6710 -6747 -6621 -6723 -6680 -6778 -6708 -6580 # -4097 -4225 -4097 -4097 -4097 -4097 -4227 -4225 -4097 -4097 -4097 -4225 -4097 -4097 -4097 -4097 
5 -4097 -4097 -4225 -4097 -4097 -4225 -4097 -4225 -4225 
5 -4097 -4225 -4225 -4225 -4225 -4097 -4225 -4097 -4097 
5 -4097 -4097 -4097 -4097 -4225 -4097 -4097 -4225 -4225 
CPU side received count (scaleup: 0): -6562 -6632 -6627 -6567 -6605 -6607 -6666 -6619 # -4097 -4097 -4097 -4097 -3969 -4097 -4095 -4097 -4097 -4225 -4225 -4225 -4225 -4097 -4225 -4097 
7 -4097 -3969 -4225 -4225 -4097 -4225 -4225 -4225 -4225 
7 -4097 -4225 -3969 -4097 -4097 -4353 -3969 -4097 -4225 
CPU side received count (scaleup: 4): -6623 -6758 -6552 -6792 -6716 -6778 -6777 -6746 # -4225 -4097 -4225 -4225 -4225 -4225 -4225 -4097 -4097 -4097 -4225 -4225 -4353 -4225 -4097 -4225 
Elastic buffer uses 4 channels per SM
Elastic buffer uses 4 channels per SM
Elastic buffer uses 4 channels per SM
Elastic buffer uses 4 channels per SM
Elastic buffer uses 4 channels per SM
Elastic buffer uses 4 channels per SM
Elastic buffer uses 4 channels per SM
Elastic buffer uses 4 channels per SM
CPU side received count (scaleup: 4): -6623 -6758 -6552 -6792 -6716 -6778 -6777 -6746 # -4225 -4097 -4225 -4225 -4225 -4225 -422CPU side received count (scaleup: 3): -6625 -6632 -6674 -6619 -6669 -6691 -6642 -6649 # -4097 -4225 -4097 -4097 -4097 -4097 -422CPU side received count (scaleup: 1): -6710 -6747 -6621 -6723 -6680 -6778 -6708 -6580 # -4097 -4225 -4097 -4097 -4097 -4097 -4225 -4097 -4097 -4097 -4225 -4225 -4353 -4225 -4097 -4225 
5 -4097 -4097 -4225 -4225 -4225 -4225 -4097 -4225 -4097 
CPU side received count (scaleup: 2): -6725 -6642 -6673 -6681 -6704 -6632 -6658 -6599 # -4097 -4097 -4097 -4225 -4097 -4225 -4225 -4097 -4097 -4225 -4097 -4097 -4225 -4097 -4225 -4225 
CPU side received count (scaleup: 7): -6661 -6802 -6652 -6656 -6633 -6581 -6568 -6774 # -4097 -4097 -4097 -4097 -3969 -4097 -422CPU side received count (scaleup: 0): -6562 -6632 -6627 -6567 -6605 -6607 -6666 -6619 # -4097 -4097 -4097 -4097 -3969 -4097 -409CPU side received count (scaleup: 5): -6733 -6579 -6592 -6750 -6722 -6694 -6647 -6686 # -4225 -4097 -4225 -4097 -4225 -4225 -4095 -4097 -4097 -4097 -4097 -4225 -4097 -4097 -4225 -4225 
7 -4097 -4225 -3969 -4097 -4097 -4353 -3969 -4097 -4225 
5 -4097 -4225 -4225 -4225 -4225 -4097 -4225 -4097 -4097 
7 -4097 -3969 -4225 -4225 -4097 -4225 -4225 -4225 -4225 
CPU side received count (scaleup: 6): -6638 -6671 -6616 -6617 -6695 -6644 -6710 -6521 # -4097 -4097 -4097 -4225 -4225 -4097 -4097 -4225 -4097 -4097 -4097 -4225 -4097 -4097 -4097 -4097 
Elastic buffer uses 4 channels per SM
Elastic buffer uses 4 channels per SM
Elastic buffer uses 4 channels per SM
Elastic buffer uses 4 channels per SM
Elastic buffer uses 4 channels per SM
Elastic buffer uses 4 channels per SM
Elastic buffer uses 4 channels per SM
Elastic buffer uses 4 channels per SM
CPU side received count (scaleup: 7): -6661 -6802 -6652 -6656 -6633 -6581 -6568 -6774 # -4097 -4097 -4097 -4097 -3969 -4097 -422CPU side received count (scaleup: 6): -6638 -6671 -6616 -6617 -6695 -6644 -6710 -6521 # -4097 -4097 -4097 -4225 -4225 -4097 -409CPU side received count (scaleup: 4): -6623 -6758 -6552 -6792 -6716 -6778 -6777 -6746 # -4225 -4097 -4225 -4225 -4225 -4225 -422CPU side received count (scaleup: 0): -6562 -6632 -6627 -6567 -6605 -6607 -6666 -6619 # -4097 -4097 -4097 -4097 -3969 -4097 -409CPU side received count (scaleup: 5): -6733 -6579 -6592 -6750 -6722 -6694 -6647 -6686 # -4225 -4097 -4225 -4097 -4225 -4225 -4097 -4225 -4097 -4097 -4097 -4225 -4097 -4097 -4097 -4097 
5 -4097 -4097 -4097 -4225 -4225 -4353 -4225 -4097 -4225 
7 -4097 -4225 -3969 -4097 -4097 -4353 -3969 -4097 -4225 
5 -4097 -4097 -4097 -4097 -4225 -4097 -4097 -4225 -4225 
CPU side received count (scaleup: 2): -6725 -6642 -6673 -6681 -6704 -6632 -6658 -6599 # -4097 -4097 -4097 -4225 -4097 -4225 -422CPU side received count (scaleup: 1): -6710 -6747 -6621 -6723 -6680 -6778 -6708 -6580 # -4097 -4225 -4097 -4097 -4097 -4097 -4227 -4097 -3969 -4225 -4225 -4097 -4225 -4225 -4225 -4225 
5 -4097 -4225 -4225 -4225 -4225 -4097 -4225 -4097 -4097 
5 -4097 -4097 -4225 -4097 -4097 -4225 -4097 -4225 -4225 
CPU side received count (scaleup: 3): -6625 -6632 -6674 -6619 -6669 -6691 -6642 -6649 # -4097 -4225 -4097 -4097 -4097 -4097 -4225 -4097 -4097 -4225 -4225 -4225 -4225 -4097 -4225 -4097 
Elastic buffer uses 4 channels per SM
Elastic buffer uses 4 channels per SM
Elastic buffer uses 4 channels per SM
Elastic buffer uses 4 channels per SM
Elastic buffer uses 4 channels per SM
Elastic buffer uses 4 channels per SM
Elastic buffer uses 4 channels per SM
Elastic buffer uses 4 channels per SM
CPU side received count (scaleup: 4): -6623 -6758 -6552 -6792 -6716 -6778 -6777 -6746 # -4225 -4097 -4225 -4225 -4225 -4225 -422CPU side received count (scaleup: 7): -6661 -6802 -6652 -6656 -6633 -6581 -6568 -6774 # -4097 -4097 -4097 -4097 -3969 -4097 -422CPU side received count (scaleup: 6): -6638 -6671 -6616 -6617 -6695 -6644 -6710 -6521 # -4097 -4097 -4097 -4225 -4225 -4097 -409CPU side received count (scaleup: 3): -6625 -6632 -6674 -6619 -6669 -6691 -6642 -6649 # -4097 -4225 -4097 -4097 -4097 -4097 -422CPU side received count (scaleup: 2): -6725 -6642 -6673 -6681 -6704 -6632 -6658 -6599 # -4097 -4097 -4097 -4225 -4097 -4225 -4225 -4097 -4097 -4097 -4225 -4225 -4353 -4225 -4097 -4225 
5 -4097 -4097 -4097 -4097 -4225 -4097 -4097 -4225 -4225 
CPU side received count (scaleup: 5): -6733 -6579 -6592 -6750 -6722 -6694 -6647 -6686 # -4225 -4097 -4225 -4097 -4225 -4225 -409CPU side received count (scaleup: 1): -6710 -6747 -6621 -6723 -6680 -6778 -6708 -6580 # -4097 -4225 -4097 -4097 -4097 -4097 -4225 -4097 -4225 -4225 -4225 -4225 -4097 -4225 -4097 -4097 
CPU side received count (scaleup: 0): -6562 -6632 -6627 -6567 -6605 -6607 -6666 -6619 # -4097 -4097 -4097 -4097 -3969 -4097 -4097 -4225 -4097 -4097 -4097 -4225 -4097 -4097 -4097 -4097 
5 -4097 -4097 -4225 -4225 -4225 -4225 -4097 -4225 -4097 
7 -4097 -3969 -4225 -4225 -4097 -4225 -4225 -4225 -4225 
5 -4097 -4097 -4225 -4097 -4097 -4225 -4097 -4225 -4225 
7 -4097 -4225 -3969 -4097 -4097 -4353 -3969 -4097 -4225 
Elastic buffer uses 4 channels per SM
Elastic buffer uses 4 channels per SM
Elastic buffer uses 4 channels per SM
Elastic buffer uses 4 channels per SM
Elastic buffer uses 4 channels per SM
Elastic buffer uses 4 channels per SM
Elastic buffer uses 4 channels per SM
Elastic buffer uses 4 channels per SM
CPU side received count (scaleup: 7): -6661 -6802 -6652 -6656 -6633 -6581 -6568 -6774 # -4097 -4097 -4097 -4097 -3969 -4097 -422CPU side received count (scaleup: 2): -6725 -6642 -6673 -6681 -6704 -6632 -6658 -6599 # -4097 -4097 -4097 -4225 -4097 -4225 -422CPU side received count (scaleup: 6): -6638 -6671 -6616 -6617 -6695 -6644 -6710 -6521 # -4097 -4097 -4097 -4225 -4225 -4097 -4095 -4097 -4097 -4097 -4097 -4225 -4097 -4097 -4225 -4225 
CPU side received count (scaleup: 5): -6733 -6579 -6592 -6750 -6722 -6694 -6647 -6686 # -4225 -4097 -4225 -4097 -4225 -4225 -409CPU side received count (scaleup: 4): -6623 -6758 -6552 -6792 -6716 -6778 -6777 -6746 # -4225 -4097 -4225 -4225 -4225 -4225 -4227 -4097 -3969 -4225 -4225 -4097 -4225 -4225 -4225 -4225 
5 -4097 -4225 -4225 -4225 -4225 -4097 -4225 -4097 -4097 
7 -4225 -4097 -4097 -4097 -4225 -4097 -4097 -4097 -4097 
5 -4097 -4097 -4097 -4225 -4225 -4353 -4225 -4097 -4225 
CPU side received count (scaleup: 0): -6562 -6632 -6627 -6567 -6605 -6607 -6666 -6619 # -4097 -4097 -4097 -4097 -3969 -4097 -409CPU side received count (scaleup: 1): -6710 -6747 -6621 -6723 -6680 -6778 -6708 -6580 # -4097 -4225 -4097 -4097 -4097 -4097 -4227 -4097 -4225 -3969 -4097 -4097 -4353 -3969 -4097 -4225 
5 -4097 -4097 -4225 -4097 -4097 -4225 -4097 -4225 -4225 
CPU side received count (scaleup: 3): -6625 -6632 -6674 -6619 -6669 -6691 -6642 -6649 # -4097 -4225 -4097 -4097 -4097 -4097 -4225 -4097 -4097 -4225 -4225 -4225 -4225 -4097 -4225 -4097 
Elastic buffer uses 4 channels per SM
Elastic buffer uses 4 channels per SM
Elastic buffer uses 4 channels per SM
Elastic buffer uses 4 channels per SM
Elastic buffer uses 4 channels per SM
Elastic buffer uses 4 channels per SM
Elastic buffer uses 4 channels per SM
Elastic buffer uses 4 channels per SM
CPU side received count (scaleup: 4): -6623 -6758 -6552 -6792 -6716 -6778 -6777 -6746 # -4225 -4097 -4225 -4225 -4225 -4225 -422CPU side received count (scaleup: 3): -6625 -6632 -6674 -6619 -6669 -6691 -6642 -6649 # -4097 -4225 -4097 -4097 -4097 -4097 -422CPU side received count (scaleup: 5): -6733 -6579 -6592 -6750 -6722 -6694 -6647 -6686 # -4225 -4097 -4225 -4097 -4225 -4225 -4095 -4097 -4097 -4097 -4225 -4225 -4353 -4225 -4097 -4225 
5 -4097 -4097 -4225 -4225 -4225 -4225 -4097 -4225 -4097 
7 -4097 -3969 -4225 -4225 -4097 -4225 -4225 -4225 -4225 
CPU side received count (scaleup: 2): -6725 -6642 -6673 -6681 -6704 -6632 -6658 -6599 # -4097 -4097 -4097 -4225 -4097 -4225 -422CPU side received count (scaleup: 7): -6661 -6802 -6652 -6656 -6633 -6581 -6568 -6774 # -4097 -4097 -4097 -4097 -3969 -4097 -422CPU side received count (scaleup: 0): -6562 -6632 -6627 -6567 -6605 -6607 -6666 -6619 # -4097 -4097 -4097 -4097 -3969 -4097 -4095 -4097 -4225 -4225 -4225 -4225 -4097 -4225 -4097 -4097 
CPU side received count (scaleup: 1): -6710 -6747 -6621 -6723 -6680 -6778 -6708 -6580 # -4097 -4225 -4097 -4097 -4097 -4097 -4227 -4097 -4225 -3969 -4097 -4097 -4353 -3969 -4097 -4225 
5 -4097 -4097 -4097 -4097 -4225 -4097 -4097 -4225 -4225 
5 -4097 -4097 -4225 -4097 -4097 -4225 -4097 -4225 -4225 
CPU side received count (scaleup: 6): -6638 -6671 -6616 -6617 -6695 -6644 -6710 -6521 # -4097 -4097 -4097 -4225 -4225 -4097 -4097 -4225 -4097 -4097 -4097 -4225 -4097 -4097 -4097 -4097 
Elastic buffer uses 4 channels per SM
Elastic buffer uses 4 channels per SM
Elastic buffer uses 4 channels per SM
Elastic buffer uses 4 channels per SM
Elastic buffer uses 4 channels per SM
Elastic buffer uses 4 channels per SM
Elastic buffer uses 4 channels per SM
Elastic buffer uses 4 channels per SM
CPU side received count (scaleup: 4): -6623 -6758 -6552 -6792 -6716 -6778 -6777 -6746 # -4225 -4097 -4225 -4225 -4225 -4225 -422CPU side received count (scaleup: 2): -6725 -6642 -6673 -6681 -6704 -6632 -6658 -6599 # -4097 -4097 -4097 -4225 -4097 -4225 -422CPU side received count (scaleup: 1): -6710 -6747 -6621 -6723 -6680 -6778 -6708 -6580 # -4097 -4225 -4097 -4097 -4097 -4097 -422CPU side received count (scaleup: 5): -6733 -6579 -6592 -6750 -6722 -6694 -6647 -6686 # -4225 -4097 -4225 -4097 -4225 -4225 -409CPU side received count (scaleup: 7): -6661 -6802 -6652 -6656 -6633 -6581 -6568 -6774 # -4097 -4097 -4097 -4097 -3969 -4097 -4225 -4097 -4097 -4097 -4225 -4225 -4353 -4225 -4097 -4225 
CPU side received count (scaleup: 6): -6638 -6671 -6616 -6617 -6695 -6644 -6710 -6521 # -4097 -4097 -4097 -4225 -4225 -4097 -409CPU side received count (scaleup: 0): -6562 -6632 -6627 -6567 -6605 -6607 -6666 -6619 # -4097 -4097 -4097 -4097 -3969 -4097 -4095 -4097 -4225 -4225 -4225 -4225 -4097 -4225 -4097 -4097 
5 -4097 -4097 -4225 -4097 -4097 -4225 -4097 -4225 -4225 
7 -4097 -3969 -4225 -4225 -4097 -4225 -4225 -4225 -4225 
5 -4097 -4097 -4097 -4097 -4225 -4097 -4097 -4225 -4225 
7 -4225 -4097 -4097 -4097 -4225 -4097 -4097 -4097 -4097 
7 -4097 -4225 -3969 -4097 -4097 -4353 -3969 -4097 -4225 
CPU side received count (scaleup: 3): -6625 -6632 -6674 -6619 -6669 -6691 -6642 -6649 # -4097 -4225 -4097 -4097 -4097 -4097 -4225 -4097 -4097 -4225 -4225 -4225 -4225 -4097 -4225 -4097 
Elastic buffer uses 4 channels per SM
Elastic buffer uses 4 channels per SM
Elastic buffer uses 4 channels per SM
Elastic buffer uses 4 channels per SM
Elastic buffer uses 4 channels per SM
Elastic buffer uses 4 channels per SM
Elastic buffer uses 4 channels per SM
Elastic buffer uses 4 channels per SM
CPU side received count (scaleup: 4): -6623 -6758 -6552 -6792 -6716 -6778 -6777 -6746 # -4225 -4097 -4225 -4225 -4225 -4225 -422CPU side received count (scaleup: 7): -6661 -6802 -6652 -6656 -6633 -6581 -6568 -6774 # -4097 -4097 -4097 -4097 -3969 -4097 -422CPU side received count (scaleup: 2): -6725 -6642 -6673 -6681 -6704 -6632 -6658 -6599 # -4097 -4097 -4097 -4225 -4097 -4225 -4225 -4097 -4097 -4097 -4097 -4225 -4097 -4097 -4225 -4225 
CPU side received count (scaleup: 6): -6638 -6671 -6616 -6617 -6695 -6644 -6710 -6521 # -4097 -4097 -4097 -4225 -4225 -4097 -409CPU side received count (scaleup: 3): -6625 -6632 -6674 -6619 -6669 -6691 -6642 -6649 # -4097 -4225 -4097 -4097 -4097 -4097 -4225 -4097 -4097 -4097 -4225 -4225 -4353 -4225 -4097 -4225 
CPU side received count (scaleup: 0): -6562 -6632 -6627 -6567 -6605 -6607 -6666 -6619 # -4097 -4097 -4097 -4097 -3969 -4097 -4095 -4097 -4225 -4225 -4225 -4225 -4097 -4225 -4097 -4097 
CPU side received count (scaleup: 1): -6710 -6747 -6621 -6723 -6680 -6778 -6708 -6580 # -4097 -4225 -4097 -4097 -4097 -4097 -4227 -4225 -4097 -4097 -4097 -4225 -4097 -4097 -4097 -4097 
5 -4097 -4097 -4225 -4225 -4225 -4225 -4097 -4225 -4097 
7 -4097 -4225 -3969 -4097 -4097 -4353 -3969 -4097 -4225 
CPU side received count (scaleup: 5): -6733 -6579 -6592 -6750 -6722 -6694 -6647 -6686 # -4225 -4097 -4225 -4097 -4225 -4225 -4095 -4097 -4097 -4225 -4097 -4097 -4225 -4097 -4225 -4225 
7 -4097 -3969 -4225 -4225 -4097 -4225 -4225 -4225 -4225 
Elastic buffer uses 4 channels per SM
Elastic buffer uses 4 channels per SM
Elastic buffer uses 4 channels per SM
Elastic buffer uses 4 channels per SM
Elastic buffer uses 4 channels per SM
Elastic buffer uses 4 channels per SM
Elastic buffer uses 4 channels per SM
Elastic buffer uses 4 channels per SM
CPU side received count (scaleup: 6): -6638 -6671 -6616 -6617 -6695 -6644 -6710 -6521 # -4097 -4097 -4097 -4225 -4225 -4097 -409CPU side received count (scaleup: 0): -6562 -6632 -6627 -6567 -6605 -6607 -6666 -6619 # -4097 -4097 -4097 -4097 -3969 -4097 -409CPU side received count (scaleup: 4): -6623 -6758 -6552 -6792 -6716 -6778 -6777 -6746 # -4225 -4097 -4225 -4225 -4225 -4225 -422CPU side received count (scaleup: 7): -6661 -6802 -6652 -6656 -6633 -6581 -6568 -6774 # -4097 -4097 -4097 -4097 -3969 -4097 -4227 -4097 -4225 -3969 -4097 -4097 -4353 -3969 -4097 -4225 
CPU side received count (scaleup: 1): -6710 -6747 -6621 -6723 -6680 -6778 -6708 -6580 # -4097 -4225 -4097 -4097 -4097 -4097 -4227 -4225 -4097 -4097 -4097 -4225 -4097 -4097 -4097 -4097 
5 -4097 -4097 -4097 -4225 -4225 -4353 -4225 -4097 -4225 
5 -4097 -4097 -4097 -4097 -4225 -4097 -4097 -4225 -4225 
5 -4097 -4097 -4225 -4097 -4097 -4225 -4097 -4225 -4225 
CPU side received count (scaleup: 5): -6733 -6579 -6592 -6750 -6722 -6694 -6647 -6686 # -4225 -4097 -4225 -4097 -4225 -4225 -4097 -4097 -3969 -4225 -4225 -4097 -4225 -4225 -4225 -4225 
CPU side received count (scaleup: 2): -6725 -6642 -6673 -6681 -6704 -6632 -6658 -6599 # -4097 -4097 -4097 -4225 -4097 -4225 -4225 -4097 -4225 -4225 -4225 -4225 -4097 -4225 -4097 -4097 
CPU side received count (scaleup: 3): -6625 -6632 -6674 -6619 -6669 -6691 -6642 -6649 # -4097 -4225 -4097 -4097 -4097 -4097 -4225 -4097 -4097 -4225 -4225 -4225 -4225 -4097 -4225 -4097 
Elastic buffer uses 4 channels per SM
Elastic buffer uses 4 channels per SM
Elastic buffer uses 4 channels per SM
Elastic buffer uses 4 channels per SM
Elastic buffer uses 4 channels per SM
Elastic buffer uses 4 channels per SM
Elastic buffer uses 4 channels per SM
Elastic buffer uses 4 channels per SM
CPU side received count (scaleup: 4): -6623 -6758 -6552 -6792 -6716 -6778 -6777 -6746 # -4225 -4097 -4225 -4225 -4225 -4225 -422CPU side received count (scaleup: 6): -6638 -6671 -6616 -6617 -6695 -6644 -6710 -6521 # -4097 -4097 -4097 -4225 -4225 -4097 -409CPU side received count (scaleup: 0): -6562 -6632 -6627 -6567 -6605 -6607 -6666 -6619 # -4097 -4097 -4097 -4097 -3969 -4097 -409CPU side received count (scaleup: 7): -6661 -6802 -6652 -6656 -6633 -6581 -6568 -6774 # -4097 -4097 -4097 -4097 -3969 -4097 -4227 -4225 -4097 -4097 -4097 -4225 -4097 -4097 -4097 -4097 
CPU side received count (scaleup: 1): -6710 -6747 -6621 -6723 -6680 -6778 -6708 -6580 # -4097 -4225 -4097 -4097 -4097 -4097 -422CPU side received count (scaleup: 5): -6733 -6579 -6592 -6750 -6722 -6694 -6647 -6686 # -4225 -4097 -4225 -4097 -4225 -4225 -409CPU side received count (scaleup: 3): -6625 -6632 -6674 -6619 -6669 -6691 -6642 -6649 # -4097 -4225 -4097 -4097 -4097 -4097 -4225 -4097 -4097 -4097 -4225 -4225 -4353 -4225 -4097 -4225 
7 -4097 -4225 -3969 -4097 -4097 -4353 -3969 -4097 -4225 
5 -4097 -4097 -4225 -4225 -4225 -4225 -4097 -4225 -4097 
CPU side received count (scaleup: 2): -6725 -6642 -6673 -6681 -6704 -6632 -6658 -6599 # -4097 -4097 -4097 -4225 -4097 -4225 -4225 -4097 -4097 -4097 -4097 -4225 -4097 -4097 -4225 -4225 
5 -4097 -4097 -4225 -4097 -4097 -4225 -4097 -4225 -4225 
7 -4097 -3969 -4225 -4225 -4097 -4225 -4225 -4225 -4225 
5 -4097 -4225 -4225 -4225 -4225 -4097 -4225 -4097 -4097 
Elastic buffer uses 4 channels per SM
Elastic buffer uses 4 channels per SM
Elastic buffer uses 4 channels per SM
Elastic buffer uses 4 channels per SM
Elastic buffer uses 4 channels per SM
Elastic buffer uses 4 channels per SM
Elastic buffer uses 4 channels per SM
Elastic buffer uses 4 channels per SM
CPU side received count (scaleup: 3): -6625 -6632 -6674 -6619 -6669 -6691 -6642 -6649 # -4097 -4225 -4097 -4097 -4097 -4097 -422CPU side received count (scaleup: 5): -6733 -6579 -6592 -6750 -6722 -6694 -6647 -6686 # -4225 -4097 -4225 -4097 -4225 -4225 -409CPU side received count (scaleup: 0): -6562 -6632 -6627 -6567 -6605 -6607 -6666 -6619 # -4097 -4097 -4097 -4097 -3969 -4097 -409CPU side received count (scaleup: 1): -6710 -6747 -6621 -6723 -6680 -6778 -6708 -6580 # -4097 -4225 -4097 -4097 -4097 -4097 -422CPU side received count (scaleup: 6): -6638 -6671 -6616 -6617 -6695 -6644 -6710 -6521 # -4097 -4097 -4097 -4225 -4225 -4097 -4097 -4097 -4225 -3969 -4097 -4097 -4353 -3969 -4097 -4225 
CPU side received count (scaleup: 7): -6661 -6802 -6652 -6656 -6633 -6581 -6568 -6774 # -4097 -4097 -4097 -4097 -3969 -4097 -4225 -4097 -4097 -4225 -4225 -4225 -4225 -4097 -4225 -4097 
5 -4097 -4097 -4225 -4097 -4097 -4225 -4097 -4225 -4225 
7 -4097 -3969 -4225 -4225 -4097 -4225 -4225 -4225 -4225 
CPU side received count (scaleup: 2): -6725 -6642 -6673 -6681 -6704 -6632 -6658 -6599 # -4097 -4097 -4097 -4225 -4097 -4225 -422CPU side received count (scaleup: 4): -6623 -6758 -6552 -6792 -6716 -6778 -6777 -6746 # -4225 -4097 -4225 -4225 -4225 -4225 -4227 -4225 -4097 -4097 -4097 -4225 -4097 -4097 -4097 -4097 
5 -4097 -4097 -4097 -4097 -4225 -4097 -4097 -4225 -4225 
5 -4097 -4225 -4225 -4225 -4225 -4097 -4225 -4097 -4097 
5 -4097 -4097 -4097 -4225 -4225 -4353 -4225 -4097 -4225 
Elastic buffer uses 4 channels per SM
Elastic buffer uses 4 channels per SM
Elastic buffer uses 4 channels per SM
Elastic buffer uses 4 channels per SM
Elastic buffer uses 4 channels per SM
Elastic buffer uses 4 channels per SM
Elastic buffer uses 4 channels per SM
Elastic buffer uses 4 channels per SM
CPU side received count (scaleup: 4): -6623 -6758 -6552 -6792 -6716 -6778 -6777 -6746 # -4225 -4097 -4225 -4225 -4225 -4225 -422CPU side received count (scaleup: 0): -6562 -6632 -6627 -6567 -6605 -6607 -6666 -6619 # -4097 -4097 -4097 -4097 -3969 -4097 -409CPU side received count (scaleup: 1): -6710 -6747 -6621 -6723 -6680 -6778 -6708 -6580 # -4097 -4225 -4097 -4097 -4097 -4097 -422CPU side received count (scaleup: 6): -6638 -6671 -6616 -6617 -6695 -6644 -6710 -6521 # -4097 -4097 -4097 -4225 -4225 -4097 -409CPU side received count (scaleup: 7): -6661 -6802 -6652 -6656 -6633 -6581 -6568 -6774 # -4097 -4097 -4097 -4097 -3969 -4097 -4225 -4097 -4097 -4097 -4225 -4225 -4353 -4225 -4097 -4225 
CPU side received count (scaleup: 3): -6625 -6632 -6674 -6619 -6669 -6691 -6642 -6649 # -4097 -4225 -4097 -4097 -4097 -4097 -422CPU side received count (scaleup: 5): -6733 -6579 -6592 -6750 -6722 -6694 -6647 -6686 # -4225 -4097 -4225 -4097 -4225 -4225 -4095 -4097 -4097 -4225 -4097 -4097 -4225 -4097 -4225 -4225 
7 -4225 -4097 -4097 -4097 -4225 -4097 -4097 -4097 -4097 
CPU side received count (scaleup: 2): -6725 -6642 -6673 -6681 -6704 -6632 -6658 -6599 # -4097 -4097 -4097 -4225 -4097 -4225 -4227 -4097 -4225 -3969 -4097 -4097 -4353 -3969 -4097 -4225 
5 -4097 -4097 -4097 -4097 -4225 -4097 -4097 -4225 -4225 
7 -4097 -3969 -4225 -4225 -4097 -4225 -4225 -4225 -4225 
5 -4097 -4097 -4225 -4225 -4225 -4225 -4097 -4225 -4097 
5 -4097 -4225 -4225 -4225 -4225 -4097 -4225 -4097 -4097 
Elastic buffer uses 4 channels per SM
Elastic buffer uses 4 channels per SM
Elastic buffer uses 4 channels per SM
Elastic buffer uses 4 channels per SM
Elastic buffer uses 4 channels per SM
Elastic buffer uses 4 channels per SM
Elastic buffer uses 4 channels per SM
Elastic buffer uses 4 channels per SM
CPU side received count (scaleup: 4): -6623 -6758 -6552 -6792 -6716 -6778 -6777 -6746 # -4225 -4097 -4225 -4225 -4225 -4225 -422CPU side received count (scaleup: 5): -6733 -6579 -6592 -6750 -6722 -6694 -6647 -6686 # -4225 -4097 -4225 -4097 -4225 -4225 -409CPU side received count (scaleup: 7): -6661 -6802 -6652 -6656 -6633 -6581 -6568 -6774 # -4097 -4097 -4097 -4097 -3969 -4097 -422CPU side received count (scaleup: 6): -6638 -6671 -6616 -6617 -6695 -6644 -6710 -6521 # -4097 -4097 -4097 -4225 -4225 -4097 -409CPU side received count (scaleup: 0): -6562 -6632 -6627 -6567 -6605 -6607 -6666 -6619 # -4097 -4097 -4097 -4097 -3969 -4097 -409CPU side received count (scaleup: 2): -6725 -6642 -6673 -6681 -6704 -6632 -6658 -6599 # -4097 -4097 -4097 -4225 -4097 -4225 -4227 -4225 -4097 -4097 -4097 -4225 -4097 -4097 -4097 -4097 
7 -4097 -4225 -3969 -4097 -4097 -4353 -3969 -4097 -4225 
5 -4097 -4225 -4225 -4225 -4225 -4097 -4225 -4097 -4097 
CPU side received count (scaleup: 3): -6625 -6632 -6674 -6619 -6669 -6691 -6642 -6649 # -4097 -4225 -4097 -4097 -4097 -4097 -422CPU side received count (scaleup: 1): -6710 -6747 -6621 -6723 -6680 -6778 -6708 -6580 # -4097 -4225 -4097 -4097 -4097 -4097 -4225 -4097 -4097 -4097 -4225 -4225 -4353 -4225 -4097 -4225 
7 -4097 -3969 -4225 -4225 -4097 -4225 -4225 -4225 -4225 
5 -4097 -4097 -4097 -4097 -4225 -4097 -4097 -4225 -4225 
5 -4097 -4097 -4225 -4225 -4225 -4225 -4097 -4225 -4097 
5 -4097 -4097 -4225 -4097 -4097 -4225 -4097 -4225 -4225 
Elastic buffer uses 4 channels per SM
Elastic buffer uses 4 channels per SM
Elastic buffer uses 4 channels per SM
Elastic buffer uses 4 channels per SM
Elastic buffer uses 4 channels per SM
Elastic buffer uses 4 channels per SM
Elastic buffer uses 4 channels per SM
Elastic buffer uses 4 channels per SM
CPU side received count (scaleup: 4): -6623 -6758 -6552 -6792 -6716 -6778 -6777 -6746 # -4225 -4097 -4225 -4225 -4225 -4225 -422CPU side received count (scaleup: 0): -6562 -6632 -6627 -6567 -6605 -6607 -6666 -6619 # -4097 -4097 -4097 -4097 -3969 -4097 -409CPU side received count (scaleup: 5): -6733 -6579 -6592 -6750 -6722 -6694 -6647 -6686 # -4225 -4097 -4225 -4097 -4225 -4225 -409CPU side received count (scaleup: 1): -6710 -6747 -6621 -6723 -6680 -6778 -6708 -6580 # -4097 -4225 -4097 -4097 -4097 -4097 -4227 -4097 -4225 -3969 -4097 -4097 -4353 -3969 -4097 -4225 
5 -4097 -4097 -4097 -4225 -4225 -4353 -4225 -4097 -4225 
7 -4097 -3969 -4225 -4225 -4097 -4225 -4225 -4225 -4225 
5 -4097 -4097 -4225 -4097 -4097 -4225 -4097 -4225 -4225 
CPU side received count (scaleup: 6): -6638 -6671 -6616 -6617 -6695 -6644 -6710 -6521 # -4097 -4097 -4097 -4225 -4225 -4097 -409CPU side received count (scaleup: 3): -6625 -6632 -6674 -6619 -6669 -6691 -6642 -6649 # -4097 -4225 -4097 -4097 -4097 -4097 -4227 -4225 -4097 -4097 -4097 -4225 -4097 -4097 -4097 -4097 
5 -4097 -4097 -4225 -4225 -4225 -4225 -4097 -4225 -4097 
CPU side received count (scaleup: 2): -6725 -6642 -6673 -6681 -6704 -6632 -6658 -6599 # -4097 -4097 -4097 -4225 -4097 -4225 -4225 -4097 -4225 -4225 -4225 -4225 -4097 -4225 -4097 -4097 
CPU side received count (scaleup: 7): -6661 -6802 -6652 -6656 -6633 -6581 -6568 -6774 # -4097 -4097 -4097 -4097 -3969 -4097 -4225 -4097 -4097 -4097 -4097 -4225 -4097 -4097 -4225 -4225 
Elastic buffer uses 4 channels per SM
Elastic buffer uses 4 channels per SM
Elastic buffer uses 4 channels per SM
Elastic buffer uses 4 channels per SM
Elastic buffer uses 4 channels per SM
Elastic buffer uses 4 channels per SM
Elastic buffer uses 4 channels per SM
Elastic buffer uses 4 channels per SM
CPU side received count (scaleup: 0): -6562 -6632 -6627 -6567 -6605 -6607 -6666 -6619 # -4097 -4097 -4097 -4097 -3969 -4097 -409CPU side received count (scaleup: 2): -6725 -6642 -6673 -6681 -6704 -6632 -6658 -6599 # -4097 -4097 -4097 -4225 -4097 -4225 -422CPU side received count (scaleup: 5): -6733 -6579 -6592 -6750 -6722 -6694 -6647 -6686 # -4225 -4097 -4225 -4097 -4225 -4225 -4097 -4097 -4225 -3969 -4097 -4097 -4353 -3969 -4097 -4225 
CPU side received count (scaleup: 3): -6625 -6632 -6674 -6619 -6669 -6691 -6642 -6649 # -4097 -4225 -4097 -4097 -4097 -4097 -422CPU side received count (scaleup: 1): -6710 -6747 -6621 -6723 -6680 -6778 -6708 -6580 # -4097 -4225 -4097 -4097 -4097 -4097 -4225 -4097 -4225 -4225 -4225 -4225 -4097 -4225 -4097 -4097 
7 -4097 -3969 -4225 -4225 -4097 -4225 -4225 -4225 -4225 
CPU side received count (scaleup: 6): -6638 -6671 -6616 -6617 -6695 -6644 -6710 -6521 # -4097 -4097 -4097 -4225 -4225 -4097 -409CPU side received count (scaleup: 7): -6661 -6802 -6652 -6656 -6633 -6581 -6568 -6774 # -4097 -4097 -4097 -4097 -3969 -4097 -422CPU side received count (scaleup: 4): -6623 -6758 -6552 -6792 -6716 -6778 -6777 -6746 # -4225 -4097 -4225 -4225 -4225 -4225 -4225 -4097 -4097 -4225 -4225 -4225 -4225 -4097 -4225 -4097 
5 -4097 -4097 -4225 -4097 -4097 -4225 -4097 -4225 -4225 
7 -4225 -4097 -4097 -4097 -4225 -4097 -4097 -4097 -4097 
5 -4097 -4097 -4097 -4097 -4225 -4097 -4097 -4225 -4225 
5 -4097 -4097 -4097 -4225 -4225 -4353 -4225 -4097 -4225 
Elastic buffer uses 4 channels per SM
Elastic buffer uses 4 channels per SM
Elastic buffer uses 4 channels per SM
Elastic buffer uses 4 channels per SM
Elastic buffer uses 4 channels per SM
Elastic buffer uses 4 channels per SM
Elastic buffer uses 4 channels per SM
Elastic buffer uses 4 channels per SM
CPU side received count (scaleup: 4): -6623 -6758 -6552 -6792 -6716 -6778 -6777 -6746 # -4225 -4097 -4225 -4225 -4225 -4225 -422CPU side received count (scaleup: 7): -6661 -6802 -6652 -6656 -6633 -6581 -6568 -6774 # -4097 -4097 -4097 -4097 -3969 -4097 -422CPU side received count (scaleup: 6): -6638 -6671 -6616 -6617 -6695 -6644 -6710 -6521 # -4097 -4097 -4097 -4225 -4225 -4097 -409CPU side received count (scaleup: 2): -6725 -6642 -6673 -6681 -6704 -6632 -6658 -6599 # -4097 -4097 -4097 -4225 -4097 -4225 -422CPU side received count (scaleup: 5): -6733 -6579 -6592 -6750 -6722 -6694 -6647 -6686 # -4225 -4097 -4225 -4097 -4225 -4225 -4095 -4097 -4097 -4097 -4225 -4225 -4353 -4225 -4097 -4225 
5 -4097 -4097 -4097 -4097 -4225 -4097 -4097 -4225 -4225 
7 -4225 -4097 -4097 -4097 -4225 -4097 -4097 -4097 -4097 
5 -4097 -4225 -4225 -4225 -4225 -4097 -4225 -4097 -4097 
CPU side received count (scaleup: 1): -6710 -6747 -6621 -6723 -6680 -6778 -6708 -6580 # -4097 -4225 -4097 -4097 -4097 -4097 -422CPU side received count (scaleup: 0): -6562 -6632 -6627 -6567 -6605 -6607 -6666 -6619 # -4097 -4097 -4097 -4097 -3969 -4097 -409CPU side received count (scaleup: 3): -6625 -6632 -6674 -6619 -6669 -6691 -6642 -6649 # -4097 -4225 -4097 -4097 -4097 -4097 -4227 -4097 -3969 -4225 -4225 -4097 -4225 -4225 -4225 -4225 
5 -4097 -4097 -4225 -4097 -4097 -4225 -4097 -4225 -4225 
7 -4097 -4225 -3969 -4097 -4097 -4353 -3969 -4097 -4225 
5 -4097 -4097 -4225 -4225 -4225 -4225 -4097 -4225 -4097 
USDT:2026-08-25 02:10:31 438:438 SyncActivityProfilerHandler.cpp:59] profiler_stopUSDT:2026-08-25 02:10:31 439:439 SyncActivityProfilerHandler.cpp:59] profiler_stop
USDT:2026-08-25 02:10:31 437:437 SyncActivityProfilerHandler.cpp:59] profiler_stop
USDT:2026-08-25 02:10:31 432:432 SyncActivityProfilerHandler.cpp:59] profiler_stop
USDT:2026-08-25 02:10:31 434:434 SyncActivityProfilerHandler.cpp:59] profiler_stop

USDT:2026-08-25 02:10:31 436:436 SyncActivityProfilerHandler.cpp:59] profiler_stop
USDT:2026-08-25 02:10:31 435:435 SyncActivityProfilerHandler.cpp:59] profiler_stopUSDT:2026-08-25 02:10:31 433:433 SyncActivityProfilerHandler.cpp:59] profiler_stop

   - EP:   2/16 | expanded dispatch: 75 GB/s (SO), 245 GB/s (SU), 1632.000 us, 399155328 bytes | copy: 2514 GB/s, 357.525 us   - EP:   7/16 | expanded dispatch: 75 GB/s (SO), 244 GB/s (SU), 1633.000 us, 399252672 bytes | copy: 2576 GB/s, 347.114 us

   - EP:   0/16 | expanded dispatch: 75 GB/s (SO), 242 GB/s (SU), 1633.000 us, 395942976 bytes | copy: 2551 GB/s, 348.400 us
   - EP:   3/16 | expanded dispatch: 75 GB/s (SO), 244 GB/s (SU), 1633.000 us, 398309184 bytes | copy: 2721 GB/s, 329.666 us
   - EP:   4/16 | expanded dispatch: 75 GB/s (SO), 247 GB/s (SU), 1632.000 us, 402360192 bytes | copy: 2733 GB/s, 331.448 us
   - EP:   5/16 | expanded dispatch: 75 GB/s (SO), 245 GB/s (SU), 1633.000 us, 399821760 bytes | copy: 2619 GB/s, 343.801 us
   - EP:   6/16 | expanded dispatch: 75 GB/s (SO), 244 GB/s (SU), 1633.000 us, 397642752 bytes | copy: 2490 GB/s, 358.992 us
   - EP:   1/16 | expanded dispatch: 75 GB/s (SO), 245 GB/s (SU), 1633.000 us, 400900032 bytes | copy: 2464 GB/s, 364.807 us
Elastic buffer uses 4 channels per SM
Elastic buffer uses 4 channels per SM
Elastic buffer uses 4 channels per SM
Elastic buffer uses 4 channels per SM
Elastic buffer uses 4 channels per SM
Elastic buffer uses 4 channels per SM
Elastic buffer uses 4 channels per SM
Elastic buffer uses 4 channels per SM
Elastic buffer uses 4 channels per SM
Elastic buffer uses 4 channels per SM
Elastic buffer uses 4 channels per SM
Elastic buffer uses 4 channels per SM
Elastic buffer uses 4 channels per SM
Elastic buffer uses 4 channels per SM
Elastic buffer uses 4 channels per SM
Elastic buffer uses 4 channels per SM
Elastic buffer uses 4 channels per SM
Elastic buffer uses 4 channels per SM
Elastic buffer uses 4 channels per SM
Elastic buffer uses 4 channels per SM
Elastic buffer uses 4 channels per SM
Elastic buffer uses 4 channels per SM
Elastic buffer uses 4 channels per SM
Elastic buffer uses 4 channels per SM
Elastic buffer uses 4 channels per SM
Elastic buffer uses 4 channels per SM
Elastic buffer uses 4 channels per SM
Elastic buffer uses 4 channels per SM
Elastic buffer uses 4 channels per SM
Elastic buffer uses 4 channels per SM
Elastic buffer uses 4 channels per SM
Elastic buffer uses 4 channels per SM
Elastic buffer uses 4 channels per SM
Elastic buffer uses 4 channels per SM
Elastic buffer uses 4 channels per SM
Elastic buffer uses 4 channels per SM
Elastic buffer uses 4 channels per SM
Elastic buffer uses 4 channels per SM
Elastic buffer uses 4 channels per SM
Elastic buffer uses 4 channels per SM
Elastic buffer uses 4 channels per SM
Elastic buffer uses 4 channels per SM
Elastic buffer uses 4 channels per SM
Elastic buffer uses 4 channels per SM
Elastic buffer uses 4 channels per SM
Elastic buffer uses 4 channels per SM
Elastic buffer uses 4 channels per SM
Elastic buffer uses 4 channels per SM
Elastic buffer uses 4 channels per SM
Elastic buffer uses 4 channels per SM
Elastic buffer uses 4 channels per SM
Elastic buffer uses 4 channels per SM
Elastic buffer uses 4 channels per SM
Elastic buffer uses 4 channels per SM
Elastic buffer uses 4 channels per SM
Elastic buffer uses 4 channels per SM
Elastic buffer uses 4 channels per SM
Elastic buffer uses 4 channels per SM
Elastic buffer uses 4 channels per SM
Elastic buffer uses 4 channels per SM
Elastic buffer uses 4 channels per SM
Elastic buffer uses 4 channels per SM
Elastic buffer uses 4 channels per SM
Elastic buffer uses 4 channels per SM
Elastic buffer uses 4 channels per SM
Elastic buffer uses 4 channels per SM
Elastic buffer uses 4 channels per SM
Elastic buffer uses 4 channels per SM
Elastic buffer uses 4 channels per SM
Elastic buffer uses 4 channels per SM
Elastic buffer uses 4 channels per SM
Elastic buffer uses 4 channels per SM
Elastic buffer uses 4 channels per SM
Elastic buffer uses 4 channels per SM
Elastic buffer uses 4 channels per SM
Elastic buffer uses 4 channels per SM
Elastic buffer uses 4 channels per SM
Elastic buffer uses 4 channels per SM
Elastic buffer uses 4 channels per SM
Elastic buffer uses 4 channels per SM
Elastic buffer uses 4 channels per SM
Elastic buffer uses 4 channels per SM
Elastic buffer uses 4 channels per SM
Elastic buffer uses 4 channels per SM
Elastic buffer uses 4 channels per SM
Elastic buffer uses 4 channels per SM
Elastic buffer uses 4 channels per SM
Elastic buffer uses 4 channels per SM
Elastic buffer uses 4 channels per SM
Elastic buffer uses 4 channels per SM
Elastic buffer uses 4 channels per SM
Elastic buffer uses 4 channels per SM
Elastic buffer uses 4 channels per SM
Elastic buffer uses 4 channels per SM
Elastic buffer uses 4 channels per SM
Elastic buffer uses 4 channels per SM
Elastic buffer uses 4 channels per SM
Elastic buffer uses 4 channels per SM
Elastic buffer uses 4 channels per SM
Elastic buffer uses 4 channels per SM
Elastic buffer uses 4 channels per SM
Elastic buffer uses 4 channels per SM
Elastic buffer uses 4 channels per SM
Elastic buffer uses 4 channels per SM
Elastic buffer uses 4 channels per SM
Elastic buffer uses 4 channels per SM
Elastic buffer uses 4 channels per SM
Elastic buffer uses 4 channels per SM
Elastic buffer uses 4 channels per SM
Elastic buffer uses 4 channels per SM
Elastic buffer uses 4 channels per SM
Elastic buffer uses 4 channels per SM
Elastic buffer uses 4 channels per SM
Elastic buffer uses 4 channels per SM
Elastic buffer uses 4 channels per SM
Elastic buffer uses 4 channels per SM
Elastic buffer uses 4 channels per SM
Elastic buffer uses 4 channels per SM
Elastic buffer uses 4 channels per SM
Elastic buffer uses 4 channels per SM
Elastic buffer uses 4 channels per SM
Elastic buffer uses 4 channels per SM
Elastic buffer uses 4 channels per SM
Elastic buffer uses 4 channels per SM
Elastic buffer uses 4 channels per SM
Elastic buffer uses 4 channels per SM
Elastic buffer uses 4 channels per SM
Elastic buffer uses 4 channels per SM
Elastic buffer uses 4 channels per SM
Elastic buffer uses 4 channels per SM
Elastic buffer uses 4 channels per SM
Elastic buffer uses 4 channels per SM
Elastic buffer uses 4 channels per SM
Elastic buffer uses 4 channels per SM
Elastic buffer uses 4 channels per SM
Elastic buffer uses 4 channels per SM
Elastic buffer uses 4 channels per SM
Elastic buffer uses 4 channels per SM
Elastic buffer uses 4 channels per SM
Elastic buffer uses 4 channels per SM
Elastic buffer uses 4 channels per SM
Elastic buffer uses 4 channels per SM
Elastic buffer uses 4 channels per SM
Elastic buffer uses 4 channels per SM
Elastic buffer uses 4 channels per SM
Elastic buffer uses 4 channels per SM
Elastic buffer uses 4 channels per SM
Elastic buffer uses 4 channels per SM
Elastic buffer uses 4 channels per SM
Elastic buffer uses 4 channels per SM
Elastic buffer uses 4 channels per SM
Elastic buffer uses 4 channels per SM
Elastic buffer uses 4 channels per SM
Elastic buffer uses 4 channels per SM
Elastic buffer uses 4 channels per SM
Elastic buffer uses 4 channels per SM
Elastic buffer uses 4 channels per SM
Elastic buffer uses 4 channels per SM
Elastic buffer uses 4 channels per SM
Elastic buffer uses 4 channels per SM
Elastic buffer uses 4 channels per SM
Elastic buffer uses 4 channels per SM
Elastic buffer uses 4 channels per SM
Elastic buffer uses 4 channels per SM
Elastic buffer uses 4 channels per SM
Elastic buffer uses 4 channels per SM
Elastic buffer uses 4 channels per SM
Elastic buffer uses 4 channels per SM
Elastic buffer uses 4 channels per SM
Elastic buffer uses 4 channels per SM
Elastic buffer uses 4 channels per SM
Elastic buffer uses 4 channels per SM
Elastic buffer uses 4 channels per SM
Elastic buffer uses 4 channels per SM
Elastic buffer uses 4 channels per SM
Elastic buffer uses 4 channels per SM
Elastic buffer uses 4 channels per SM
Elastic buffer uses 4 channels per SM
Elastic buffer uses 4 channels per SM
Elastic buffer uses 4 channels per SM
Elastic buffer uses 4 channels per SM
Elastic buffer uses 4 channels per SM
Elastic buffer uses 4 channels per SM
Elastic buffer uses 4 channels per SM
Elastic buffer uses 4 channels per SM
Elastic buffer uses 4 channels per SM
Elastic buffer uses 4 channels per SM
Elastic buffer uses 4 channels per SM
Elastic buffer uses 4 channels per SM
Elastic buffer uses 4 channels per SM
Elastic buffer uses 4 channels per SM
Elastic buffer uses 4 channels per SM
Elastic buffer uses 4 channels per SM
Elastic buffer uses 4 channels per SM
Elastic buffer uses 4 channels per SM
Elastic buffer uses 4 channels per SM
Elastic buffer uses 4 channels per SM
Elastic buffer uses 4 channels per SM
Elastic buffer uses 4 channels per SM
Elastic buffer uses 4 channels per SM
Elastic buffer uses 4 channels per SM
Elastic buffer uses 4 channels per SM
Elastic buffer uses 4 channels per SM
Elastic buffer uses 4 channels per SM
Elastic buffer uses 4 channels per SM
Elastic buffer uses 4 channels per SM
Elastic buffer uses 4 channels per SM
Elastic buffer uses 4 channels per SM
Elastic buffer uses 4 channels per SM
Elastic buffer uses 4 channels per SM
Elastic buffer uses 4 channels per SM
Elastic buffer uses 4 channels per SM
Elastic buffer uses 4 channels per SM
Elastic buffer uses 4 channels per SM
Elastic buffer uses 4 channels per SM
Elastic buffer uses 4 channels per SM
Elastic buffer uses 4 channels per SM
Elastic buffer uses 4 channels per SM
Elastic buffer uses 4 channels per SM
Elastic buffer uses 4 channels per SM
Elastic buffer uses 4 channels per SM
Elastic buffer uses 4 channels per SM
Elastic buffer uses 4 channels per SM
Elastic buffer uses 4 channels per SM
Elastic buffer uses 4 channels per SM
Elastic buffer uses 4 channels per SM
Elastic buffer uses 4 channels per SM
Elastic buffer uses 4 channels per SM
Elastic buffer uses 4 channels per SM
Elastic buffer uses 4 channels per SM
Elastic buffer uses 4 channels per SM
Elastic buffer uses 4 channels per SM
Elastic buffer uses 4 channels per SM
Elastic buffer uses 4 channels per SM
Elastic buffer uses 4 channels per SM
Elastic buffer uses 4 channels per SM
Elastic buffer uses 4 channels per SM
Elastic buffer uses 4 channels per SM
Elastic buffer uses 4 channels per SM
Elastic buffer uses 4 channels per SM
Elastic buffer uses 4 channels per SM
Elastic buffer uses 4 channels per SM
Elastic buffer uses 4 channels per SM
Elastic buffer uses 4 channels per SM
Elastic buffer uses 4 channels per SM
Elastic buffer uses 4 channels per SM
Elastic buffer uses 4 channels per SM
Elastic buffer uses 4 channels per SM
USDT:2026-08-25 02:10:32 439:439 SyncActivityProfilerHandler.cpp:52] profiler_startUSDT:2026-08-25 02:10:32 436:436 SyncActivityProfilerHandler.cpp:52] profiler_startUSDT:2026-08-25 02:10:32 438:438 SyncActivityProfilerHandler.cpp:52] profiler_startUSDT:2026-08-25 02:10:32 434:434 SyncActivityProfilerHandler.cpp:52] profiler_start


USDT:2026-08-25 02:10:32 437:437 SyncActivityProfilerHandler.cpp:52] profiler_startUSDT:2026-08-25 02:10:32 432:432 SyncActivityProfilerHandler.cpp:52] profiler_start
USDT:2026-08-25 02:10:32 435:435 SyncActivityProfilerHandler.cpp:52] profiler_startUSDT:2026-08-25 02:10:32 433:433 SyncActivityProfilerHandler.cpp:52] profiler_start



Elastic buffer uses 4 channels per SM
Elastic buffer uses 4 channels per SM
Elastic buffer uses 4 channels per SM
Elastic buffer uses 4 channels per SM
Elastic buffer uses 4 channels per SM
Elastic buffer uses 4 channels per SM
Elastic buffer uses 4 channels per SM
Elastic buffer uses 4 channels per SM
Elastic buffer uses 4 channels per SM
Elastic buffer uses 4 channels per SM
Elastic buffer uses 4 channels per SM
Elastic buffer uses 4 channels per SM
Elastic buffer uses 4 channels per SM
Elastic buffer uses 4 channels per SM
Elastic buffer uses 4 channels per SM
Elastic buffer uses 4 channels per SM
Elastic buffer uses 4 channels per SM
Elastic buffer uses 4 channels per SM
Elastic buffer uses 4 channels per SM
Elastic buffer uses 4 channels per SM
Elastic buffer uses 4 channels per SM
Elastic buffer uses 4 channels per SM
Elastic buffer uses 4 channels per SM
Elastic buffer uses 4 channels per SM
Elastic buffer uses 4 channels per SM
Elastic buffer uses 4 channels per SM
Elastic buffer uses 4 channels per SM
Elastic buffer uses 4 channels per SM
Elastic buffer uses 4 channels per SM
Elastic buffer uses 4 channels per SM
Elastic buffer uses 4 channels per SM
Elastic buffer uses 4 channels per SM
Elastic buffer uses 4 channels per SM
Elastic buffer uses 4 channels per SM
Elastic buffer uses 4 channels per SM
Elastic buffer uses 4 channels per SM
Elastic buffer uses 4 channels per SM
Elastic buffer uses 4 channels per SM
Elastic buffer uses 4 channels per SM
Elastic buffer uses 4 channels per SM
Elastic buffer uses 4 channels per SM
Elastic buffer uses 4 channels per SM
Elastic buffer uses 4 channels per SM
Elastic buffer uses 4 channels per SM
Elastic buffer uses 4 channels per SM
Elastic buffer uses 4 channels per SM
Elastic buffer uses 4 channels per SM
Elastic buffer uses 4 channels per SM
Elastic buffer uses 4 channels per SM
Elastic buffer uses 4 channels per SM
Elastic buffer uses 4 channels per SM
Elastic buffer uses 4 channels per SM
Elastic buffer uses 4 channels per SM
Elastic buffer uses 4 channels per SM
Elastic buffer uses 4 channels per SM
Elastic buffer uses 4 channels per SM
Elastic buffer uses 4 channels per SM
Elastic buffer uses 4 channels per SM
Elastic buffer uses 4 channels per SM
Elastic buffer uses 4 channels per SM
Elastic buffer uses 4 channels per SM
Elastic buffer uses 4 channels per SM
Elastic buffer uses 4 channels per SM
Elastic buffer uses 4 channels per SM
Elastic buffer uses 4 channels per SM
Elastic buffer uses 4 channels per SM
Elastic buffer uses 4 channels per SM
Elastic buffer uses 4 channels per SM
Elastic buffer uses 4 channels per SM
Elastic buffer uses 4 channels per SM
Elastic buffer uses 4 channels per SM
Elastic buffer uses 4 channels per SM
Elastic buffer uses 4 channels per SM
Elastic buffer uses 4 channels per SM
Elastic buffer uses 4 channels per SM
Elastic buffer uses 4 channels per SM
Elastic buffer uses 4 channels per SM
Elastic buffer uses 4 channels per SM
Elastic buffer uses 4 channels per SM
Elastic buffer uses 4 channels per SM
Elastic buffer uses 4 channels per SM
Elastic buffer uses 4 channels per SM
Elastic buffer uses 4 channels per SM
Elastic buffer uses 4 channels per SM
Elastic buffer uses 4 channels per SM
Elastic buffer uses 4 channels per SM
Elastic buffer uses 4 channels per SM
Elastic buffer uses 4 channels per SM
Elastic buffer uses 4 channels per SM
Elastic buffer uses 4 channels per SM
Elastic buffer uses 4 channels per SM
Elastic buffer uses 4 channels per SM
Elastic buffer uses 4 channels per SM
Elastic buffer uses 4 channels per SM
Elastic buffer uses 4 channels per SM
Elastic buffer uses 4 channels per SM
Elastic buffer uses 4 channels per SM
Elastic buffer uses 4 channels per SM
Elastic buffer uses 4 channels per SM
Elastic buffer uses 4 channels per SM
Elastic buffer uses 4 channels per SM
Elastic buffer uses 4 channels per SM
Elastic buffer uses 4 channels per SM
Elastic buffer uses 4 channels per SM
Elastic buffer uses 4 channels per SM
Elastic buffer uses 4 channels per SM
Elastic buffer uses 4 channels per SM
Elastic buffer uses 4 channels per SM
Elastic buffer uses 4 channels per SM
Elastic buffer uses 4 channels per SM
Elastic buffer uses 4 channels per SM
Elastic buffer uses 4 channels per SM
Elastic buffer uses 4 channels per SM
Elastic buffer uses 4 channels per SM
Elastic buffer uses 4 channels per SM
Elastic buffer uses 4 channels per SM
Elastic buffer uses 4 channels per SM
Elastic buffer uses 4 channels per SM
Elastic buffer uses 4 channels per SM
Elastic buffer uses 4 channels per SM
Elastic buffer uses 4 channels per SM
Elastic buffer uses 4 channels per SM
Elastic buffer uses 4 channels per SM
Elastic buffer uses 4 channels per SM
Elastic buffer uses 4 channels per SM
Elastic buffer uses 4 channels per SM
Elastic buffer uses 4 channels per SM
Elastic buffer uses 4 channels per SM
Elastic buffer uses 4 channels per SM
Elastic buffer uses 4 channels per SM
Elastic buffer uses 4 channels per SM
Elastic buffer uses 4 channels per SM
Elastic buffer uses 4 channels per SM
Elastic buffer uses 4 channels per SM
Elastic buffer uses 4 channels per SM
Elastic buffer uses 4 channels per SM
Elastic buffer uses 4 channels per SM
Elastic buffer uses 4 channels per SM
Elastic buffer uses 4 channels per SM
Elastic buffer uses 4 channels per SM
Elastic buffer uses 4 channels per SM
Elastic buffer uses 4 channels per SM
Elastic buffer uses 4 channels per SM
Elastic buffer uses 4 channels per SM
Elastic buffer uses 4 channels per SM
Elastic buffer uses 4 channels per SM
Elastic buffer uses 4 channels per SM
Elastic buffer uses 4 channels per SM
Elastic buffer uses 4 channels per SM
Elastic buffer uses 4 channels per SM
Elastic buffer uses 4 channels per SM
Elastic buffer uses 4 channels per SM
Elastic buffer uses 4 channels per SM
Elastic buffer uses 4 channels per SM
Elastic buffer uses 4 channels per SM
Elastic buffer uses 4 channels per SM
Elastic buffer uses 4 channels per SM
Elastic buffer uses 4 channels per SM
Elastic buffer uses 4 channels per SM
Elastic buffer uses 4 channels per SM
Elastic buffer uses 4 channels per SM
Elastic buffer uses 4 channels per SM
Elastic buffer uses 4 channels per SM
Elastic buffer uses 4 channels per SM
Elastic buffer uses 4 channels per SM
Elastic buffer uses 4 channels per SM
Elastic buffer uses 4 channels per SM
Elastic buffer uses 4 channels per SM
Elastic buffer uses 4 channels per SM
Elastic buffer uses 4 channels per SM
Elastic buffer uses 4 channels per SM
Elastic buffer uses 4 channels per SM
Elastic buffer uses 4 channels per SM
Elastic buffer uses 4 channels per SM
Elastic buffer uses 4 channels per SM
Elastic buffer uses 4 channels per SM
Elastic buffer uses 4 channels per SM
Elastic buffer uses 4 channels per SM
Elastic buffer uses 4 channels per SM
Elastic buffer uses 4 channels per SM
Elastic buffer uses 4 channels per SM
Elastic buffer uses 4 channels per SM
Elastic buffer uses 4 channels per SM
Elastic buffer uses 4 channels per SM
Elastic buffer uses 4 channels per SM
Elastic buffer uses 4 channels per SM
Elastic buffer uses 4 channels per SM
Elastic buffer uses 4 channels per SM
Elastic buffer uses 4 channels per SM
Elastic buffer uses 4 channels per SM
Elastic buffer uses 4 channels per SM
Elastic buffer uses 4 channels per SM
Elastic buffer uses 4 channels per SM
Elastic buffer uses 4 channels per SM
Elastic buffer uses 4 channels per SM
Elastic buffer uses 4 channels per SM
Elastic buffer uses 4 channels per SM
Elastic buffer uses 4 channels per SM
Elastic buffer uses 4 channels per SM
Elastic buffer uses 4 channels per SM
Elastic buffer uses 4 channels per SM
Elastic buffer uses 4 channels per SM
Elastic buffer uses 4 channels per SM
Elastic buffer uses 4 channels per SM
Elastic buffer uses 4 channels per SM
Elastic buffer uses 4 channels per SM
Elastic buffer uses 4 channels per SM
Elastic buffer uses 4 channels per SM
Elastic buffer uses 4 channels per SM
Elastic buffer uses 4 channels per SM
Elastic buffer uses 4 channels per SM
Elastic buffer uses 4 channels per SM
Elastic buffer uses 4 channels per SM
Elastic buffer uses 4 channels per SM
Elastic buffer uses 4 channels per SM
Elastic buffer uses 4 channels per SM
Elastic buffer uses 4 channels per SM
Elastic buffer uses 4 channels per SM
Elastic buffer uses 4 channels per SM
Elastic buffer uses 4 channels per SM
Elastic buffer uses 4 channels per SM
Elastic buffer uses 4 channels per SM
Elastic buffer uses 4 channels per SM
Elastic buffer uses 4 channels per SM
Elastic buffer uses 4 channels per SM
Elastic buffer uses 4 channels per SM
Elastic buffer uses 4 channels per SM
Elastic buffer uses 4 channels per SM
Elastic buffer uses 4 channels per SM
Elastic buffer uses 4 channels per SM
Elastic buffer uses 4 channels per SM
Elastic buffer uses 4 channels per SM
Elastic buffer uses 4 channels per SM
Elastic buffer uses 4 channels per SM
Elastic buffer uses 4 channels per SM
Elastic buffer uses 4 channels per SM
Elastic buffer uses 4 channels per SM
Elastic buffer uses 4 channels per SM
Elastic buffer uses 4 channels per SM
Elastic buffer uses 4 channels per SM
USDT:2026-08-25 02:10:32 438:438 SyncActivityProfilerHandler.cpp:59] profiler_stop
USDT:2026-08-25 02:10:32 432:432 SyncActivityProfilerHandler.cpp:59] profiler_stopUSDT:2026-08-25 02:10:32 436:436 SyncActivityProfilerHandler.cpp:59] profiler_stop
USDT:2026-08-25 02:10:32 437:437 SyncActivityProfilerHandler.cpp:59] profiler_stop
USDT:2026-08-25 02:10:32 434:434 SyncActivityProfilerHandler.cpp:59] profiler_stop
USDT:2026-08-25 02:10:32 439:439 SyncActivityProfilerHandler.cpp:59] profiler_stop

USDT:2026-08-25 02:10:32 435:435 SyncActivityProfilerHandler.cpp:59] profiler_stopUSDT:2026-08-25 02:10:32 433:433 SyncActivityProfilerHandler.cpp:59] profiler_stop

   # EP:   2/16 | cached dispatch: 75 GB/s (SO), 246 GB/s (SU), 1623.000 us, 399155328 bytes | copy: 3056 GB/s, 261.243 us
   # EP:   7/16 | cached dispatch: 75 GB/s (SO), 246 GB/s (SU), 1623.000 us, 399252672 bytes | copy: 2829 GB/s, 282.304 us
   # EP:   1/16 | cached dispatch: 75 GB/s (SO), 247 GB/s (SU), 1623.000 us, 400900032 bytes | copy: 2966 GB/s, 270.324 us
   # EP:   6/16 | cached dispatch: 75 GB/s (SO), 245 GB/s (SU), 1623.000 us, 397642752 bytes | copy: 2917 GB/s, 272.622 us
   # EP:   0/16 | cached dispatch: 75 GB/s (SO), 244 GB/s (SU), 1623.000 us, 395942976 bytes | copy: 2853 GB/s, 277.555 us
   # EP:   5/16 | cached dispatch: 75 GB/s (SO), 246 GB/s (SU), 1623.000 us, 399821760 bytes | copy: 2911 GB/s, 274.699 us   # EP:   4/16 | cached dispatch: 75 GB/s (SO), 248 GB/s (SU), 1623.000 us, 402360192 bytes | copy: 3076 GB/s, 261.585 us

   # EP:   3/16 | cached dispatch: 75 GB/s (SO), 245 GB/s (SU), 1623.000 us, 398309184 bytes | copy: 3106 GB/s, 256.457 us
USDT:2026-08-25 02:10:33 432:432 SyncActivityProfilerHandler.cpp:52] profiler_start
USDT:2026-08-25 02:10:33 437:437 SyncActivityProfilerHandler.cpp:52] profiler_start
USDT:2026-08-25 02:10:33 438:438 SyncActivityProfilerHandler.cpp:52] profiler_start
USDT:2026-08-25 02:10:33 434:434 SyncActivityProfilerHandler.cpp:52] profiler_start
USDT:2026-08-25 02:10:33 436:436 SyncActivityProfilerHandler.cpp:52] profiler_start
USDT:2026-08-25 02:10:33 439:439 SyncActivityProfilerHandler.cpp:52] profiler_start
USDT:2026-08-25 02:10:33 435:435 SyncActivityProfilerHandler.cpp:52] profiler_start
USDT:2026-08-25 02:10:33 433:433 SyncActivityProfilerHandler.cpp:52] profiler_start
USDT:2026-08-25 02:10:33 437:437 SyncActivityProfilerHandler.cpp:59] profiler_stop
USDT:2026-08-25 02:10:33 432:432 SyncActivityProfilerHandler.cpp:59] profiler_stop
USDT:2026-08-25 02:10:33 438:438 SyncActivityProfilerHandler.cpp:59] profiler_stopUSDT:2026-08-25 02:10:33 436:436 SyncActivityProfilerHandler.cpp:59] profiler_stop

USDT:2026-08-25 02:10:33 439:439 SyncActivityProfilerHandler.cpp:59] profiler_stop
USDT:2026-08-25 02:10:33 434:434 SyncActivityProfilerHandler.cpp:59] profiler_stop
USDT:2026-08-25 02:10:33 435:435 SyncActivityProfilerHandler.cpp:59] profiler_stop
USDT:2026-08-25 02:10:33 433:433 SyncActivityProfilerHandler.cpp:59] profiler_stop
   @ EP:   5/16 | combine: 67 GB/s (SO), 218 GB/s (SU), 3514.000 us, 767179360 bytes | reduce: 3692 GB/s, 95.369 us
   @ EP:   2/16 | combine: 65 GB/s (SO), 212 GB/s (SU), 3608.000 us, 765900608 bytes | reduce: 3686 GB/s, 95.539 us
   @ EP:   6/16 | combine: 66 GB/s (SO), 214 GB/s (SU), 3565.000 us, 762998272 bytes | reduce: 3684 GB/s, 95.603 us
   @ EP:   0/16 | combine: 67 GB/s (SO), 217 GB/s (SU), 3499.000 us, 759736736 bytes | reduce: 3681 GB/s, 95.740 us
   @ EP:   4/16 | combine: 65 GB/s (SO), 213 GB/s (SU), 3627.000 us, 772050112 bytes | reduce: 3693 GB/s, 95.363 us
   @ EP:   3/16 | combine: 64 GB/s (SO), 209 GB/s (SU), 3662.000 us, 764277024 bytes | reduce: 3685 GB/s, 95.584 us
   @ EP:   7/16 | combine: 65 GB/s (SO), 214 GB/s (SU), 3586.000 us, 766087392 bytes | reduce: 3685 GB/s, 95.547 us
   @ EP:   1/16 | combine: 63 GB/s (SO), 206 GB/s (SU), 3732.000 us, 769248352 bytes | reduce: 3669 GB/s, 96.017 us
USDT:2026-08-25 02:10:34 439:439 SyncActivityProfilerHandler.cpp:52] profiler_start
USDT:2026-08-25 02:10:34 433:433 SyncActivityProfilerHandler.cpp:52] profiler_start
USDT:2026-08-25 02:10:34 432:432 SyncActivityProfilerHandler.cpp:52] profiler_start
USDT:2026-08-25 02:10:34 434:434 SyncActivityProfilerHandler.cpp:52] profiler_start
USDT:2026-08-25 02:10:34 436:436 SyncActivityProfilerHandler.cpp:52] profiler_start
USDT:2026-08-25 02:10:34 435:435 SyncActivityProfilerHandler.cpp:52] profiler_start
USDT:2026-08-25 02:10:34 438:438 SyncActivityProfilerHandler.cpp:52] profiler_start
USDT:2026-08-25 02:10:34 437:437 SyncActivityProfilerHandler.cpp:52] profiler_start
USDT:2026-08-25 02:10:34 439:439 SyncActivityProfilerHandler.cpp:59] profiler_stop
USDT:2026-08-25 02:10:34 437:437 SyncActivityProfilerHandler.cpp:59] profiler_stop
USDT:2026-08-25 02:10:34 432:432 SyncActivityProfilerHandler.cpp:59] profiler_stopUSDT:2026-08-25 02:10:34 433:433 SyncActivityProfilerHandler.cpp:59] profiler_stop

USDT:2026-08-25 02:10:34 434:434 SyncActivityProfilerHandler.cpp:59] profiler_stop
USDT:2026-08-25 02:10:34 435:435 SyncActivityProfilerHandler.cpp:59] profiler_stop
USDT:2026-08-25 02:10:34 436:436 SyncActivityProfilerHandler.cpp:59] profiler_stop
USDT:2026-08-25 02:10:34 438:438 SyncActivityProfilerHandler.cpp:59] profiler_stop
   + EP:   5/16 | reduced combine: 57 GB/s (SO), 186 GB/s (SU), 4129.000 us, 767179360 bytes | reduce: 3684 GB/s, 95.568 us
   + EP:   7/16 | reduced combine: 58 GB/s (SO), 191 GB/s (SU), 4012.000 us, 766087392 bytes | reduce: 3669 GB/s, 95.977 us
   + EP:   2/16 | reduced combine: 56 GB/s (SO), 184 GB/s (SU), 4163.000 us, 765900608 bytes | reduce: 3685 GB/s, 95.585 us
   + EP:   0/16 | reduced combine: 57 GB/s (SO), 184 GB/s (SU), 4139.000 us, 759736736 bytes | reduce: 3677 GB/s, 95.856 us
   + EP:   4/16 | reduced combine: 56 GB/s (SO), 183 GB/s (SU), 4222.000 us, 772050112 bytes | reduce: 3689 GB/s, 95.473 us
   + EP:   1/16 | reduced combine: 57 GB/s (SO), 186 GB/s (SU), 4137.000 us, 769248352 bytes | reduce: 3682 GB/s, 95.671 us
   + EP:   6/16 | reduced combine: 54 GB/s (SO), 177 GB/s (SU), 4310.000 us, 762998272 bytes | reduce: 3676 GB/s, 95.814 us
   + EP:   3/16 | reduced combine: 56 GB/s (SO), 183 GB/s (SU), 4178.000 us, 764277024 bytes | reduce: 3675 GB/s, 95.845 us

Elastic buffer uses 4 channels per SM
Elastic buffer uses 4 channels per SM
Elastic buffer uses 4 channels per SM
Elastic buffer uses 4 channels per SM
Elastic buffer uses 4 channels per SM
Elastic buffer uses 4 channels per SM
Elastic buffer uses 4 channels per SM
Elastic buffer uses 4 channels per SM
CPU side received count (scaleup: 2): -6725 -6642 -6673 -6681 -6704 -6632 -6658 -6599 # -4097 -4097 -4097 -4225 -4097 -4225 -422CPU side received count (scaleup: 7): -6661 -6802 -6652 -6656 -6633 -6581 -6568 -6774 # -4097 -4097 -4097 -4097 -3969 -4097 -422CPU side received count (scaleup: 0): -6562 -6632 -6627 -6567 -6605 -6607 -6666 -6619 # -4097 -4097 -4097 -4097 -3969 -4097 -409CPU side received count (scaleup: 5): -6733 -6579 -6592 -6750 -6722 -6694 -6647 -6686 # -4225 -4097 -4225 -4097 -4225 -4225 -409CPU side received count (scaleup: 1): -6710 -6747 -6621 -6723 -6680 -6778 -6708 -6580 # -4097 -4225 -4097 -4097 -4097 -4097 -422CPU side received count (scaleup: 4): -6623 -6758 -6552 -6792 -6716 -6778 -6777 -6746 # -4225 -4097 -4225 -4225 -4225 -4225 -422CPU side received count (scaleup: 3): -6625 -6632 -6674 -6619 -6669 -6691 -6642 -6649 # -4097 -4225 -4097 -4097 -4097 -4097 -4227 -4097 -3969 -4225 -4225 -4097 -4225 -4225 -4225 -4225 
5 -4097 -4097 -4225 -4097 -4097 -4225 -4097 -4225 -4225 
CPU side received count (scaleup: 6): -6638 -6671 -6616 -6617 -6695 -6644 -6710 -6521 # -4097 -4097 -4097 -4225 -4225 -4097 -4095 -4097 -4097 -4097 -4097 -4225 -4097 -4097 -4225 -4225 
5 -4097 -4225 -4225 -4225 -4225 -4097 -4225 -4097 -4097 
7 -4097 -4225 -3969 -4097 -4097 -4353 -3969 -4097 -4225 
5 -4097 -4097 -4097 -4225 -4225 -4353 -4225 -4097 -4225 
5 -4097 -4097 -4225 -4225 -4225 -4225 -4097 -4225 -4097 
7 -4225 -4097 -4097 -4097 -4225 -4097 -4097 -4097 -4097 

