=== EP_NIC_NAME=rdmap110s0 (auto, 200 Gb/s) ===
+ docker run --rm --gpus all --privileged --network=host --ipc=host --ulimit memlock=-1 --ulimit stack=67108864 --device=/dev/infiniband --device=/dev/gdrdrv -v /sys/class/infiniband:/sys/class/infiniband:ro -e MASTER_ADDR=172.31.20.74 -e MASTER_PORT=29584 -e WORLD_SIZE=4 -e RANK=3 -e NCCL_DEBUG=WARN -e EP_NIC_NAME=rdmap110s0 -e EP_BUFFER_DEBUG=1 -e PYTHONUNBUFFERED=1 -e PYTHONFAULTHANDLER=1 deepep-v2-efa-official:dev bash -lc 'timeout -s ABRT --kill-after=60 1500     python3 -u /opt/DeepEP/tests/elastic/test_ep.py     --num-processes=8 --num-tokens=128     --hidden=7168 --num-topk=8 --num-experts=256     --num-sms=12 --allow-hybrid-mode=1     --prefer-overlap-with-compute=0 --test-first-only      '

==========
== CUDA ==
==========

CUDA Version 13.0.2

Container image Copyright (c) 2016-2023, NVIDIA CORPORATION & AFFILIATES. All rights reserved.

This container image and its contents are governed by the NVIDIA Deep Learning Container License.
By pulling and using the container, you accept the terms and conditions of this license:
https://developer.nvidia.com/ngc/nvidia-deep-learning-container-license

A copy of this license is made available in this container at /NGC-DL-CONTAINER-LICENSE for your convenience.

DeepEP hybrid kernel selection: unordered
DeepEP hybrid kernel selection: unordered
DeepEP hybrid kernel selection: unordered
DeepEP hybrid kernel selection: unordered
Initializing EP elastic buffer with 681574400 bytes (cpu: 0) at rank EP 28/32Initializing EP elastic buffer with 681574400 bytes (cpu: 0) at rank EP 29/32Initializing EP elastic buffer with 681574400 bytes (cpu: 0) at rank EP 31/32


Initializing EP elastic buffer with 681574400 bytes (cpu: 0) at rank EP 30/32
DeepEP hybrid kernel selection: unordered
DeepEP hybrid kernel selection: unordered
DeepEP hybrid kernel selection: unordered
DeepEP hybrid kernel selection: unordered
Initializing EP elastic buffer with 681574400 bytes (cpu: 0) at rank EP 25/32Initializing EP elastic buffer with 681574400 bytes (cpu: 0) at rank EP 24/32Initializing EP elastic buffer with 681574400 bytes (cpu: 0) at rank EP 26/32


Initializing EP elastic buffer with 681574400 bytes (cpu: 0) at rank EP 27/32
DeepEP initialized with NCCL version: 2.31.2 (loaded library)
DeepEP initialized with NCCL version: 2.31.2 (loaded library)
DeepEP initialized with NCCL version: 2.31.2 (loaded library)
EP NCCL device communicator has 0 allocated QPs
EP NCCL device communicator has 0 allocated QPs
EP NCCL device communicator has 0 allocated QPs
DeepEP initialized with NCCL version: 2.31.2 (loaded library)
DeepEP hybrid kernel selection: unordered
EP NCCL device communicator has 0 allocated QPs
DeepEP hybrid kernel selection: unordered
DeepEP hybrid kernel selection: unordered
GIN layout: gin_context_cnt=11, gin_indexed_signals_cnt=21, num_qp=11
GIN layout: gin_context_cnt=11, gin_indexed_signals_cnt=21, num_qp=11
GIN layout: gin_context_cnt=11, gin_indexed_signals_cnt=21, num_qp=11
DeepEP hybrid kernel selection: unordered
GIN layout: gin_context_cnt=11, gin_indexed_signals_cnt=21, num_qp=11
DeepEP initialized with NCCL version: 2.31.2 (loaded library)
DeepEP initialized with NCCL version: 2.31.2 (loaded library)
DeepEP initialized with NCCL version: 2.31.2 (loaded library)
EP NCCL device communicator has 0 allocated QPs
EP NCCL device communicator has 0 allocated QPs
EP NCCL device communicator has 0 allocated QPs
DeepEP hybrid kernel selection: unordered
DeepEP hybrid kernel selection: unordered
DeepEP hybrid kernel selection: unordered
GIN layout: gin_context_cnt=11, gin_indexed_signals_cnt=21, num_qp=11
GIN layout: gin_context_cnt=11, gin_indexed_signals_cnt=21, num_qp=11
GIN layout: gin_context_cnt=11, gin_indexed_signals_cnt=21, num_qp=11
DeepEP initialized with NCCL version: 2.31.2 (loaded library)
EP NCCL device communicator has 0 allocated QPs
DeepEP hybrid kernel selection: unordered
GIN layout: gin_context_cnt=11, gin_indexed_signals_cnt=21, num_qp=11
Config:
 > Ranks: 4 x 8
 > Experts: 8/256
 > Tokens: 104 (max: 128), hidden: 7168
 > #SM: 12, #QPs: 11/11

Running all test cases:
 > Testing with do_handle_copy=1, expert_alignment=128, use_fp8_dispatch=1, num_bias=0, with_previous_event=0, async_with_compute_stream=0, allocate_on_comm_stream=0 ...
Elastic buffer uses 4 channels per SM
Elastic buffer uses 4 channels per SM
Elastic buffer uses 4 channels per SM
Elastic buffer uses 4 channels per SM
Elastic buffer uses 4 channels per SM
Elastic buffer uses 4 channels per SM
Elastic buffer uses 4 channels per SM
Elastic buffer uses 4 channels per SM
CPU side received count (scaleup: 2): -105 -111 -115 -91 -103 -112 -110 -89 # -129 -129 -129 -129 -129 -257 -129 -129 
CPU side received count (scaleup: 1): -107 -113 -97 -105 -87 -80 -94 -108 # -129 -129 -129 -129 -129 -129 -129 -129 
CPU side received count (scaleup: 0): -100 -109 -96 -109 -121 -113 -118 -100 # -129 -129 -129 -129 -129 -129 -129 -129 
CPU side received count (scaleup: 4): -110 -92 -102 -111 -107 -117 -103 -91 # -129 -129 -129 -129 -129 -129 -129 -129 
CPU side received count (scaleup: 5): -104 -112 -102 -101 -88 -88 -98 -92 # -129 -129 -129 -129 -129 -129 -129 -129 
CPU side received count (scaleup: 6): -104 -104 -101 -100 -120 -110 -107 -109 # -129 -129 -129 -129 -129 -257 -129 -129 
CPU side received count (scaleup: 7): -101 -97 -90 -100 -117 -101 -84 -109 # -129 -129 -129 -129 -129 -129 -129 -129 
CPU side received count (scaleup: 3): -106 -109 -100 -120 -96 -108 -107 -92 # -129 -129 -129 -257 -129 -257 -129 -129 
Elastic buffer uses 4 channels per SM
Elastic buffer uses 4 channels per SM
Elastic buffer uses 4 channels per SM
Elastic buffer uses 4 channels per SM
Elastic buffer uses 4 channels per SM
Elastic buffer uses 4 channels per SM
Elastic buffer uses 4 channels per SM
Elastic buffer uses 4 channels per SM
CPU side received count (scaleup: 7): -101 -97 -90 -100 -117 -101 -84 -109 # -129 -129 -129 -129 -129 -129 -129 -129 
CPU side received count (scaleup: 4): -110 -92 -102 -111 -107 -117 -103 -91 # -129 -129 -129 -129 -129 -129 -129 -129 
CPU side received count (scaleup: 5): -104 -112 -102 -101 -88 -88 -98 -92 # -129 -129 -129 -129 -129 -129 -129 -129 
CPU side received count (scaleup: 6): -104 -104 -101 -100 -120 -110 -107 -109 # -129 -129 -129 -129 -129 -257 -129 -129 
CPU side received count (scaleup: 1): -107 -113 -97 -105 -87 -80 -94 -108 # -129 -129 -129 -129 -129 -129 -129 -129 
CPU side received count (scaleup: 0): -100 -109 -96 -109 -121 -113 -118 -100 # -129 -129 -129 -129 -129 -129 -129 -129 
CPU side received count (scaleup: 2): -105 -111 -115 -91 -103 -112 -110 -89 # -129 -129 -129 -129 -129 -257 -129 -129 
CPU side received count (scaleup: 3): -106 -109 -100 -120 -96 -108 -107 -92 # -129 -129 -129 -257 -129 -257 -129 -129 
Elastic buffer uses 4 channels per SM
Elastic buffer uses 4 channels per SM
Elastic buffer uses 4 channels per SM
Elastic buffer uses 4 channels per SM
Elastic buffer uses 4 channels per SM
Elastic buffer uses 4 channels per SM
Elastic buffer uses 4 channels per SM
Elastic buffer uses 4 channels per SM
Elastic buffer uses 4 channels per SM
Elastic buffer uses 4 channels per SM
Elastic buffer uses 4 channels per SM
Elastic buffer uses 4 channels per SM
Elastic buffer uses 4 channels per SM
Elastic buffer uses 4 channels per SM
Elastic buffer uses 4 channels per SM
Elastic buffer uses 4 channels per SM
Elastic buffer uses 4 channels per SM
Elastic buffer uses 4 channels per SM
Elastic buffer uses 4 channels per SM
Elastic buffer uses 4 channels per SM
Elastic buffer uses 4 channels per SM
Elastic buffer uses 4 channels per SM
Elastic buffer uses 4 channels per SM
Elastic buffer uses 4 channels per SM
CPU side received count (scaleup: 6): -104 -104 -101 -100 -120 -110 -107 -109 # -129 -129 -129 -129 -129 -257 -129 -129 
CPU side received count (scaleup: 3): -106 -109 -100 -120 -96 -108 -107 -92 # -129 -129 -129 -257 -129 -257 -129 -129 
CPU side received count (scaleup: 7): -101 -97 -90 -100 -117 -101 -84 -109 # -129 -129 -129 -129 -129 -129 -129 -129 
CPU side received count (scaleup: 5): -104 -112 -102 -101 -88 -88 -98 -92 # -129 -129 -129 -129 -129 -129 -129 -129 
CPU side received count (scaleup: 4): -110 -92 -102 -111 -107 -117 -103 -91 # -129 -129 -129 -129 -129 -129 -129 -129 
CPU side received count (scaleup: 0): -100 -109 -96 -109 -121 -113 -118 -100 # -129 -129 -129 -129 -129 -129 -129 -129 
CPU side received count (scaleup: 1): -107 -113 -97 -105 -87 -80 -94 -108 # -129 -129 -129 -129 -129 -129 -129 -129 
CPU side received count (scaleup: 2): -105 -111 -115 -91 -103 -112 -110 -89 # -129 -129 -129 -129 -129 -257 -129 -129 
Elastic buffer uses 4 channels per SM
Elastic buffer uses 4 channels per SM
Elastic buffer uses 4 channels per SM
Elastic buffer uses 4 channels per SM
Elastic buffer uses 4 channels per SM
Elastic buffer uses 4 channels per SM
Elastic buffer uses 4 channels per SM
Elastic buffer uses 4 channels per SM
CPU side received count (scaleup: 6): -104 -104 -101 -100 -120 -110 -107 -109 # -129 -129 -129 -129 -129 -257 -129 -129 
CPU side received count (scaleup: 5): -104 -112 -102 -101 -88 -88 -98 -92 # -129 -129 -129 -129 -129 -129 -129 -129 
CPU side received count (scaleup: 7): -101 -97 -90 -100 -117 -101 -84 -109 # -129 -129 -129 -129 -129 -129 -129 -129 
CPU side received count (scaleup: 3): -106 -109 -100 -120 -96 -108 -107 -92 # -129 -129 -129 -257 -129 -257 -129 -129 
CPU side received count (scaleup: 4): -110 -92 -102 -111 -107 -117 -103 -91 # -129 -129 -129 -129 -129 -129 -129 -129 
CPU side received count (scaleup: 0): -100 -109 -96 -109 -121 -113 -118 -100 # -129 -129 -129 -129 -129 -129 -129 -129 
CPU side received count (scaleup: 2): -105 -111 -115 -91 -103 -112 -110 -89 # -129 -129 -129 -129 -129 -257 -129 -129 
CPU side received count (scaleup: 1): -107 -113 -97 -105 -87 -80 -94 -108 # -129 -129 -129 -129 -129 -129 -129 -129 
Elastic buffer uses 4 channels per SM
Elastic buffer uses 4 channels per SM
Elastic buffer uses 4 channels per SM
Elastic buffer uses 4 channels per SM
Elastic buffer uses 4 channels per SM
Elastic buffer uses 4 channels per SM
Elastic buffer uses 4 channels per SM
Elastic buffer uses 4 channels per SM
CPU side received count (scaleup: 6): -104 -104 -101 -100 -120 -110 -107 -109 # -129 -129 -129 -129 -129 -257 -129 -129 
CPU side received count (scaleup: 3): -106 -109 -100 -120 -96 -108 -107 -92 # -129 -129 -129 -257 -129 -257 -129 -129 
CPU side received count (scaleup: 5): -104 -112 -102 -101 -88 -88 -98 -92 # -129 -129 -129 -129 -129 -129 -129 -129 
CPU side received count (scaleup: 1): -107 -113 -97 -105 -87 -80 -94 -108 # -129 -129 -129 -129 -129 -129 -129 -129 
CPU side received count (scaleup: 2): -105 -111 -115 -91 -103 -112 -110 -89 # -129 -129 -129 -129 -129 -257 -129 -129 
CPU side received count (scaleup: 4): -110 -92 -102 -111 -107 -117 -103 -91 # -129 -129 -129 -129 -129 -129 -129 -129 
CPU side received count (scaleup: 7): -101 -97 -90 -100 -117 -101 -84 -109 # -129 -129 -129 -129 -129 -129 -129 -129 
CPU side received count (scaleup: 0): -100 -109 -96 -109 -121 -113 -118 -100 # -129 -129 -129 -129 -129 -129 -129 -129 
Elastic buffer uses 4 channels per SM
Elastic buffer uses 4 channels per SM
Elastic buffer uses 4 channels per SM
Elastic buffer uses 4 channels per SM
Elastic buffer uses 4 channels per SM
Elastic buffer uses 4 channels per SM
Elastic buffer uses 4 channels per SM
Elastic buffer uses 4 channels per SM
CPU side received count (scaleup: 4): -110 -92 -102 -111 -107 -117 -103 -91 # -129 -129 -129 -129 -129 -129 -129 -129 
CPU side received count (scaleup: 7): -101 -97 -90 -100 -117 -101 -84 -109 # -129 -129 -129 -129 -129 -129 -129 -129 
CPU side received count (scaleup: 3): -106 -109 -100 -120 -96 -108 -107 -92 # -129 -129 -129 -257 -129 -257 -129 -129 
CPU side received count (scaleup: 6): -104 -104 -101 -100 -120 -110 -107 -109 # -129 -129 -129 -129 -129 -257 -129 -129 
CPU side received count (scaleup: 5): -104 -112 -102 -101 -88 -88 -98 -92 # -129 -129 -129 -129 -129 -129 -129 -129 
CPU side received count (scaleup: 1): -107 -113 -97 -105 -87 -80 -94 -108 # -129 -129 -129 -129 -129 -129 -129 -129 
CPU side received count (scaleup: 2): -105 -111 -115 -91 -103 -112 -110 -89 # -129 -129 -129 -129 -129 -257 -129 -129 
CPU side received count (scaleup: 0): -100 -109 -96 -109 -121 -113 -118 -100 # -129 -129 -129 -129 -129 -129 -129 -129 
Elastic buffer uses 4 channels per SM
Elastic buffer uses 4 channels per SM
Elastic buffer uses 4 channels per SM
Elastic buffer uses 4 channels per SM
Elastic buffer uses 4 channels per SM
Elastic buffer uses 4 channels per SM
Elastic buffer uses 4 channels per SM
Elastic buffer uses 4 channels per SM
CPU side received count (scaleup: 5): -104 -112 -102 -101 -88 -88 -98 -92 # -129 -129 -129 -129 -129 -129 -129 -129 
CPU side received count (scaleup: 6): -104 -104 -101 -100 -120 -110 -107 -109 # -129 -129 -129 -129 -129 -257 -129 -129 
CPU side received count (scaleup: 4): -110 -92 -102 -111 -107 -117 -103 -91 # -129 -129 -129 -129 -129 -129 -129 -129 
CPU side received count (scaleup: 7): -101 -97 -90 -100 -117 -101 -84 -109 # -129 -129 -129 -129 -129 -129 -129 -129 
CPU side received count (scaleup: 3): -106 -109 -100 -120 -96 -108 -107 -92 # -129 -129 -129 -257 -129 -257 -129 -129 
CPU side received count (scaleup: 0): -100 -109 -96 -109 -121 -113 -118 -100 # -129 -129 -129 -129 -129 -129 -129 -129 
CPU side received count (scaleup: 2): -105 -111 -115 -91 -103 -112 -110 -89 # -129 -129 -129 -129 -129 -257 -129 -129 
CPU side received count (scaleup: 1): -107 -113 -97 -105 -87 -80 -94 -108 # -129 -129 -129 -129 -129 -129 -129 -129 
Elastic buffer uses 4 channels per SM
Elastic buffer uses 4 channels per SM
Elastic buffer uses 4 channels per SM
Elastic buffer uses 4 channels per SM
Elastic buffer uses 4 channels per SM
Elastic buffer uses 4 channels per SM
Elastic buffer uses 4 channels per SM
Elastic buffer uses 4 channels per SM
CPU side received count (scaleup: 5): -104 -112 -102 -101 -88 -88 -98 -92 # -129 -129 -129 -129 -129 -129 -129 -129 
CPU side received count (scaleup: 4): -110 -92 -102 -111 -107 -117 -103 -91 # -129 -129 -129 -129 -129 -129 -129 -129 
CPU side received count (scaleup: 7): -101 -97 -90 -100 -117 -101 -84 -109 # -129 -129 -129 -129 -129 -129 -129 -129 
CPU side received count (scaleup: 3): -106 -109 -100 -120 -96 -108 -107 -92 # -129 -129 -129 -257 -129 -257 -129 -129 
CPU side received count (scaleup: 6): -104 -104 -101 -100 -120 -110 -107 -109 # -129 -129 -129 -129 -129 -257 -129 -129 
CPU side received count (scaleup: 0): -100 -109 -96 -109 -121 -113 -118 -100 # -129 -129 -129 -129 -129 -129 -129 -129 
CPU side received count (scaleup: 1): -107 -113 -97 -105 -87 -80 -94 -108 # -129 -129 -129 -129 -129 -129 -129 -129 
CPU side received count (scaleup: 2): -105 -111 -115 -91 -103 -112 -110 -89 # -129 -129 -129 -129 -129 -257 -129 -129 
Elastic buffer uses 4 channels per SM
Elastic buffer uses 4 channels per SM
Elastic buffer uses 4 channels per SM
Elastic buffer uses 4 channels per SM
Elastic buffer uses 4 channels per SM
Elastic buffer uses 4 channels per SM
Elastic buffer uses 4 channels per SM
Elastic buffer uses 4 channels per SM
CPU side received count (scaleup: 6): -104 -104 -101 -100 -120 -110 -107 -109 # -129 -129 -129 -129 -129 -257 -129 -129 
CPU side received count (scaleup: 7): -101 -97 -90 -100 -117 -101 -84 -109 # -129 -129 -129 -129 -129 -129 -129 -129 
CPU side received count (scaleup: 4): -110 -92 -102 -111 -107 -117 -103 -91 # -129 -129 -129 -129 -129 -129 -129 -129 
CPU side received count (scaleup: 5): -104 -112 -102 -101 -88 -88 -98 -92 # -129 -129 -129 -129 -129 -129 -129 -129 
CPU side received count (scaleup: 3): -106 -109 -100 -120 -96 -108 -107 -92 # -129 -129 -129 -257 -129 -257 -129 -129 
CPU side received count (scaleup: 0): -100 -109 -96 -109 -121 -113 -118 -100 # -129 -129 -129 -129 -129 -129 -129 -129 
CPU side received count (scaleup: 2): -105 -111 -115 -91 -103 -112 -110 -89 # -129 -129 -129 -129 -129 -257 -129 -129 
CPU side received count (scaleup: 1): -107 -113 -97 -105 -87 -80 -94 -108 # -129 -129 -129 -129 -129 -129 -129 -129 
Elastic buffer uses 4 channels per SM
Elastic buffer uses 4 channels per SM
Elastic buffer uses 4 channels per SM
Elastic buffer uses 4 channels per SM
Elastic buffer uses 4 channels per SM
Elastic buffer uses 4 channels per SM
Elastic buffer uses 4 channels per SM
Elastic buffer uses 4 channels per SM
CPU side received count (scaleup: 5): -104 -112 -102 -101 -88 -88 -98 -92 # -129 -129 -129 -129 -129 -129 -129 -129 
CPU side received count (scaleup: 6): -104 -104 -101 -100 -120 -110 -107 -109 # -129 -129 -129 -129 -129 -257 -129 -129 
CPU side received count (scaleup: 4): -110 -92 -102 -111 -107 -117 -103 -91 # -129 -129 -129 -129 -129 -129 -129 -129 
CPU side received count (scaleup: 7): -101 -97 -90 -100 -117 -101 -84 -109 # -129 -129 -129 -129 -129 -129 -129 -129 
CPU side received count (scaleup: 0): -100 -109 -96 -109 -121 -113 -118 -100 # -129 -129 -129 -129 -129 -129 -129 -129 
CPU side received count (scaleup: 3): -106 -109 -100 -120 -96 -108 -107 -92 # -129 -129 -129 -257 -129 -257 -129 -129 
CPU side received count (scaleup: 2): -105 -111 -115 -91 -103 -112 -110 -89 # -129 -129 -129 -129 -129 -257 -129 -129 
CPU side received count (scaleup: 1): -107 -113 -97 -105 -87 -80 -94 -108 # -129 -129 -129 -129 -129 -129 -129 -129 
Elastic buffer uses 4 channels per SM
Elastic buffer uses 4 channels per SM
Elastic buffer uses 4 channels per SM
Elastic buffer uses 4 channels per SM
Elastic buffer uses 4 channels per SM
Elastic buffer uses 4 channels per SM
Elastic buffer uses 4 channels per SM
Elastic buffer uses 4 channels per SM
CPU side received count (scaleup: 6): -104 -104 -101 -100 -120 -110 -107 -109 # -129 -129 -129 -129 -129 -257 -129 -129 
CPU side received count (scaleup: 5): -104 -112 -102 -101 -88 -88 -98 -92 # -129 -129 -129 -129 -129 -129 -129 -129 
CPU side received count (scaleup: 4): -110 -92 -102 -111 -107 -117 -103 -91 # -129 -129 -129 -129 -129 -129 -129 -129 
CPU side received count (scaleup: 3): -106 -109 -100 -120 -96 -108 -107 -92 # -129 -129 -129 -257 -129 -257 -129 -129 
CPU side received count (scaleup: 7): -101 -97 -90 -100 -117 -101 -84 -109 # -129 -129 -129 -129 -129 -129 -129 -129 
CPU side received count (scaleup: 0): -100 -109 -96 -109 -121 -113 -118 -100 # -129 -129 -129 -129 -129 -129 -129 -129 
CPU side received count (scaleup: 2): -105 -111 -115 -91 -103 -112 -110 -89 # -129 -129 -129 -129 -129 -257 -129 -129 
CPU side received count (scaleup: 1): -107 -113 -97 -105 -87 -80 -94 -108 # -129 -129 -129 -129 -129 -129 -129 -129 
Elastic buffer uses 4 channels per SM
Elastic buffer uses 4 channels per SM
Elastic buffer uses 4 channels per SM
Elastic buffer uses 4 channels per SM
Elastic buffer uses 4 channels per SM
Elastic buffer uses 4 channels per SM
Elastic buffer uses 4 channels per SM
Elastic buffer uses 4 channels per SM
CPU side received count (scaleup: 3): -106 -109 -100 -120 -96 -108 -107 -92 # -129 -129 -129 -257 -129 -257 -129 -129 
CPU side received count (scaleup: 6): -104 -104 -101 -100 -120 -110 -107 -109 # -129 -129 -129 -129 -129 -257 -129 -129 
CPU side received count (scaleup: 5): -104 -112 -102 -101 -88 -88 -98 -92 # -129 -129 -129 -129 -129 -129 -129 -129 
CPU side received count (scaleup: 4): -110 -92 -102 -111 -107 -117 -103 -91 # -129 -129 -129 -129 -129 -129 -129 -129 
CPU side received count (scaleup: 7): -101 -97 -90 -100 -117 -101 -84 -109 # -129 -129 -129 -129 -129 -129 -129 -129 
CPU side received count (scaleup: 2): -105 -111 -115 -91 -103 -112 -110 -89 # -129 -129 -129 -129 -129 -257 -129 -129 
CPU side received count (scaleup: 0): -100 -109 -96 -109 -121 -113 -118 -100 # -129 -129 -129 -129 -129 -129 -129 -129 
CPU side received count (scaleup: 1): -107 -113 -97 -105 -87 -80 -94 -108 # -129 -129 -129 -129 -129 -129 -129 -129 
Elastic buffer uses 4 channels per SM
Elastic buffer uses 4 channels per SM
Elastic buffer uses 4 channels per SM
Elastic buffer uses 4 channels per SM
Elastic buffer uses 4 channels per SM
Elastic buffer uses 4 channels per SM
Elastic buffer uses 4 channels per SM
Elastic buffer uses 4 channels per SM
CPU side received count (scaleup: 4): -110 -92 -102 -111 -107 -117 -103 -91 # -129 -129 -129 -129 -129 -129 -129 -129 
CPU side received count (scaleup: 5): -104 -112 -102 -101 -88 -88 -98 -92 # -129 -129 -129 -129 -129 -129 -129 -129 
CPU side received count (scaleup: 7): -101 -97 -90 -100 -117 -101 -84 -109 # -129 -129 -129 -129 -129 -129 -129 -129 
CPU side received count (scaleup: 3): -106 -109 -100 -120 -96 -108 -107 -92 # -129 -129 -129 -257 -129 -257 -129 -129 
CPU side received count (scaleup: 6): -104 -104 -101 -100 -120 -110 -107 -109 # -129 -129 -129 -129 -129 -257 -129 -129 
CPU side received count (scaleup: 0): -100 -109 -96 -109 -121 -113 -118 -100 # -129 -129 -129 -129 -129 -129 -129 -129 
CPU side received count (scaleup: 2): -105 -111 -115 -91 -103 -112 -110 -89 # -129 -129 -129 -129 -129 -257 -129 -129 
CPU side received count (scaleup: 1): -107 -113 -97 -105 -87 -80 -94 -108 # -129 -129 -129 -129 -129 -129 -129 -129 
Elastic buffer uses 4 channels per SM
Elastic buffer uses 4 channels per SM
Elastic buffer uses 4 channels per SM
Elastic buffer uses 4 channels per SM
Elastic buffer uses 4 channels per SM
Elastic buffer uses 4 channels per SM
Elastic buffer uses 4 channels per SM
Elastic buffer uses 4 channels per SM
CPU side received count (scaleup: 4): -110 -92 -102 -111 -107 -117 -103 -91 # -129 -129 -129 -129 -129 -129 -129 -129 
CPU side received count (scaleup: 5): -104 -112 -102 -101 -88 -88 -98 -92 # -129 -129 -129 -129 -129 -129 -129 -129 
CPU side received count (scaleup: 6): -104 -104 -101 -100 -120 -110 -107 -109 # -129 -129 -129 -129 -129 -257 -129 -129 
CPU side received count (scaleup: 7): -101 -97 -90 -100 -117 -101 -84 -109 # -129 -129 -129 -129 -129 -129 -129 -129 
CPU side received count (scaleup: 3): -106 -109 -100 -120 -96 -108 -107 -92 # -129 -129 -129 -257 -129 -257 -129 -129 
CPU side received count (scaleup: 0): -100 -109 -96 -109 -121 -113 -118 -100 # -129 -129 -129 -129 -129 -129 -129 -129 
CPU side received count (scaleup: 2): -105 -111 -115 -91 -103 -112 -110 -89 # -129 -129 -129 -129 -129 -257 -129 -129 
CPU side received count (scaleup: 1): -107 -113 -97 -105 -87 -80 -94 -108 # -129 -129 -129 -129 -129 -129 -129 -129 
Elastic buffer uses 4 channels per SM
Elastic buffer uses 4 channels per SM
Elastic buffer uses 4 channels per SM
Elastic buffer uses 4 channels per SM
Elastic buffer uses 4 channels per SM
Elastic buffer uses 4 channels per SM
Elastic buffer uses 4 channels per SM
Elastic buffer uses 4 channels per SM
CPU side received count (scaleup: 4): -110 -92 -102 -111 -107 -117 -103 -91 # -129 -129 -129 -129 -129 -129 -129 -129 
CPU side received count (scaleup: 6): -104 -104 -101 -100 -120 -110 -107 -109 # -129 -129 -129 -129 -129 -257 -129 -129 
CPU side received count (scaleup: 3): -106 -109 -100 -120 -96 -108 -107 -92 # -129 -129 -129 -257 -129 -257 -129 -129 
CPU side received count (scaleup: 7): -101 -97 -90 -100 -117 -101 -84 -109 # -129 -129 -129 -129 -129 -129 -129 -129 
CPU side received count (scaleup: 5): -104 -112 -102 -101 -88 -88 -98 -92 # -129 -129 -129 -129 -129 -129 -129 -129 
CPU side received count (scaleup: 0): -100 -109 -96 -109 -121 -113 -118 -100 # -129 -129 -129 -129 -129 -129 -129 -129 
CPU side received count (scaleup: 2): -105 -111 -115 -91 -103 -112 -110 -89 # -129 -129 -129 -129 -129 -257 -129 -129 
CPU side received count (scaleup: 1): -107 -113 -97 -105 -87 -80 -94 -108 # -129 -129 -129 -129 -129 -129 -129 -129 
Elastic buffer uses 4 channels per SM
Elastic buffer uses 4 channels per SM
Elastic buffer uses 4 channels per SM
Elastic buffer uses 4 channels per SM
Elastic buffer uses 4 channels per SM
Elastic buffer uses 4 channels per SM
Elastic buffer uses 4 channels per SM
Elastic buffer uses 4 channels per SM
CPU side received count (scaleup: 0): -100 -109 -96 -109 -121 -113 -118 -100 # -129 -129 -129 -129 -129 -129 -129 -129 
CPU side received count (scaleup: 4): -110 -92 -102 -111 -107 -117 -103 -91 # -129 -129 -129 -129 -129 -129 -129 -129 
CPU side received count (scaleup: 3): -106 -109 -100 -120 -96 -108 -107 -92 # -129 -129 -129 -257 -129 -257 -129 -129 
CPU side received count (scaleup: 6): -104 -104 -101 -100 -120 -110 -107 -109 # -129 -129 -129 -129 -129 -257 -129 -129 
CPU side received count (scaleup: 2): -105 -111 -115 -91 -103 -112 -110 -89 # -129 -129 -129 -129 -129 -257 -129 -129 
CPU side received count (scaleup: 5): -104 -112 -102 -101 -88 -88 -98 -92 # -129 -129 -129 -129 -129 -129 -129 -129 
CPU side received count (scaleup: 7): -101 -97 -90 -100 -117 -101 -84 -109 # -129 -129 -129 -129 -129 -129 -129 -129 
CPU side received count (scaleup: 1): -107 -113 -97 -105 -87 -80 -94 -108 # -129 -129 -129 -129 -129 -129 -129 -129 
Elastic buffer uses 4 channels per SM
Elastic buffer uses 4 channels per SM
Elastic buffer uses 4 channels per SM
Elastic buffer uses 4 channels per SM
Elastic buffer uses 4 channels per SM
Elastic buffer uses 4 channels per SM
Elastic buffer uses 4 channels per SM
Elastic buffer uses 4 channels per SM
CPU side received count (scaleup: 5): -104 -112 -102 -101 -88 -88 -98 -92 # -129 -129 -129 -129 -129 -129 -129 -129 
CPU side received count (scaleup: 7): -101 -97 -90 -100 -117 -101 -84 -109 # -129 -129 -129 -129 -129 -129 -129 -129 
CPU side received count (scaleup: 3): -106 -109 -100 -120 -96 -108 -107 -92 # -129 -129 -129 -257 -129 -257 -129 -129 
CPU side received count (scaleup: 0): -100 -109 -96 -109 -121 -113 -118 -100 # -129 -129 -129 -129 -129 -129 -129 -129 
CPU side received count (scaleup: 2): -105 -111 -115 -91 -103 -112 -110 -89 # -129 -129 -129 -129 -129 -257 -129 -129 
CPU side received count (scaleup: 6): -104 -104 -101 -100 -120 -110 -107 -109 # -129 -129 -129 -129 -129 -257 -129 -129 
CPU side received count (scaleup: 4): -110 -92 -102 -111 -107 -117 -103 -91 # -129 -129 -129 -129 -129 -129 -129 -129 
CPU side received count (scaleup: 1): -107 -113 -97 -105 -87 -80 -94 -108 # -129 -129 -129 -129 -129 -129 -129 -129 
Elastic buffer uses 4 channels per SM
Elastic buffer uses 4 channels per SM
Elastic buffer uses 4 channels per SM
Elastic buffer uses 4 channels per SM
Elastic buffer uses 4 channels per SM
Elastic buffer uses 4 channels per SM
Elastic buffer uses 4 channels per SM
Elastic buffer uses 4 channels per SM
CPU side received count (scaleup: 4): -110 -92 -102 -111 -107 -117 -103 -91 # -129 -129 -129 -129 -129 -129 -129 -129 
CPU side received count (scaleup: 6): -104 -104 -101 -100 -120 -110 -107 -109 # -129 -129 -129 -129 -129 -257 -129 -129 
CPU side received count (scaleup: 7): -101 -97 -90 -100 -117 -101 -84 -109 # -129 -129 -129 -129 -129 -129 -129 -129 
CPU side received count (scaleup: 0): -100 -109 -96 -109 -121 -113 -118 -100 # -129 -129 -129 -129 -129 -129 -129 -129 
CPU side received count (scaleup: 5): -104 -112 -102 -101 -88 -88 -98 -92 # -129 -129 -129 -129 -129 -129 -129 -129 
CPU side received count (scaleup: 3): -106 -109 -100 -120 -96 -108 -107 -92 # -129 -129 -129 -257 -129 -257 -129 -129 
CPU side received count (scaleup: 1): -107 -113 -97 -105 -87 -80 -94 -108 # -129 -129 -129 -129 -129 -129 -129 -129 
CPU side received count (scaleup: 2): -105 -111 -115 -91 -103 -112 -110 -89 # -129 -129 -129 -129 -129 -257 -129 -129 
Elastic buffer uses 4 channels per SM
Elastic buffer uses 4 channels per SM
Elastic buffer uses 4 channels per SM
Elastic buffer uses 4 channels per SM
Elastic buffer uses 4 channels per SM
Elastic buffer uses 4 channels per SM
Elastic buffer uses 4 channels per SM
Elastic buffer uses 4 channels per SM
CPU side received count (scaleup: 6): -104 -104 -101 -100 -120 -110 -107 -109 # -129 -129 -129 -129 -129 -257 -129 -129 
CPU side received count (scaleup: 5): -104 -112 -102 -101 -88 -88 -98 -92 # -129 -129 -129 -129 -129 -129 -129 -129 
CPU side received count (scaleup: 4): -110 -92 -102 -111 -107 -117 -103 -91 # -129 -129 -129 -129 -129 -129 -129 -129 
CPU side received count (scaleup: 3): -106 -109 -100 -120 -96 -108 -107 -92 # -129 -129 -129 -257 -129 -257 -129 -129 
CPU side received count (scaleup: 1): -107 -113 -97 -105 -87 -80 -94 -108 # -129 -129 -129 -129 -129 -129 -129 -129 
CPU side received count (scaleup: 7): -101 -97 -90 -100 -117 -101 -84 -109 # -129 -129 -129 -129 -129 -129 -129 -129 
CPU side received count (scaleup: 2): -105 -111 -115 -91 -103 -112 -110 -89 # -129 -129 -129 -129 -129 -257 -129 -129 
CPU side received count (scaleup: 0): -100 -109 -96 -109 -121 -113 -118 -100 # -129 -129 -129 -129 -129 -129 -129 -129 
Elastic buffer uses 4 channels per SM
Elastic buffer uses 4 channels per SM
Elastic buffer uses 4 channels per SM
Elastic buffer uses 4 channels per SM
Elastic buffer uses 4 channels per SM
Elastic buffer uses 4 channels per SM
Elastic buffer uses 4 channels per SM
Elastic buffer uses 4 channels per SM
CPU side received count (scaleup: 3): -106 -109 -100 -120 -96 -108 -107 -92 # -129 -129 -129 -257 -129 -257 -129 -129 
CPU side received count (scaleup: 6): -104 -104 -101 -100 -120 -110 -107 -109 # -129 -129 -129 -129 -129 -257 -129 -129 
CPU side received count (scaleup: 4): -110 -92 -102 -111 -107 -117 -103 -91 # -129 -129 -129 -129 -129 -129 -129 -129 
CPU side received count (scaleup: 5): -104 -112 -102 -101 -88 -88 -98 -92 # -129 -129 -129 -129 -129 -129 -129 -129 
CPU side received count (scaleup: 7): -101 -97 -90 -100 -117 -101 -84 -109 # -129 -129 -129 -129 -129 -129 -129 -129 
CPU side received count (scaleup: 1): -107 -113 -97 -105 -87 -80 -94 -108 # -129 -129 -129 -129 -129 -129 -129 -129 
CPU side received count (scaleup: 0): -100 -109 -96 -109 -121 -113 -118 -100 # -129 -129 -129 -129 -129 -129 -129 -129 
CPU side received count (scaleup: 2): -105 -111 -115 -91 -103 -112 -110 -89 # -129 -129 -129 -129 -129 -257 -129 -129 
Elastic buffer uses 4 channels per SM
Elastic buffer uses 4 channels per SM
Elastic buffer uses 4 channels per SM
Elastic buffer uses 4 channels per SM
Elastic buffer uses 4 channels per SM
Elastic buffer uses 4 channels per SM
Elastic buffer uses 4 channels per SM
Elastic buffer uses 4 channels per SM
CPU side received count (scaleup: 6): -104 -104 -101 -100 -120 -110 -107 -109 # -129 -129 -129 -129 -129 -257 -129 -129 
CPU side received count (scaleup: 4): -110 -92 -102 -111 -107 -117 -103 -91 # -129 -129 -129 -129 -129 -129 -129 -129 
CPU side received count (scaleup: 5): -104 -112 -102 -101 -88 -88 -98 -92 # -129 -129 -129 -129 -129 -129 -129 -129 
CPU side received count (scaleup: 7): -101 -97 -90 -100 -117 -101 -84 -109 # -129 -129 -129 -129 -129 -129 -129 -129 
CPU side received count (scaleup: 3): -106 -109 -100 -120 -96 -108 -107 -92 # -129 -129 -129 -257 -129 -257 -129 -129 
CPU side received count (scaleup: 0): -100 -109 -96 -109 -121 -113 -118 -100 # -129 -129 -129 -129 -129 -129 -129 -129 
CPU side received count (scaleup: 2): -105 -111 -115 -91 -103 -112 -110 -89 # -129 -129 -129 -129 -129 -257 -129 -129 
CPU side received count (scaleup: 1): -107 -113 -97 -105 -87 -80 -94 -108 # -129 -129 -129 -129 -129 -129 -129 -129 
Elastic buffer uses 4 channels per SM
Elastic buffer uses 4 channels per SM
Elastic buffer uses 4 channels per SM
Elastic buffer uses 4 channels per SM
Elastic buffer uses 4 channels per SM
Elastic buffer uses 4 channels per SM
Elastic buffer uses 4 channels per SM
Elastic buffer uses 4 channels per SM
CPU side received count (scaleup: 6): -104 -104 -101 -100 -120 -110 -107 -109 # -129 -129 -129 -129 -129 -257 -129 -129 
CPU side received count (scaleup: 4): -110 -92 -102 -111 -107 -117 -103 -91 # -129 -129 -129 -129 -129 -129 -129 -129 
CPU side received count (scaleup: 5): -104 -112 -102 -101 -88 -88 -98 -92 # -129 -129 -129 -129 -129 -129 -129 -129 
CPU side received count (scaleup: 7): -101 -97 -90 -100 -117 -101 -84 -109 # -129 -129 -129 -129 -129 -129 -129 -129 
CPU side received count (scaleup: 3): -106 -109 -100 -120 -96 -108 -107 -92 # -129 -129 -129 -257 -129 -257 -129 -129 
CPU side received count (scaleup: 0): -100 -109 -96 -109 -121 -113 -118 -100 # -129 -129 -129 -129 -129 -129 -129 -129 
CPU side received count (scaleup: 2): -105 -111 -115 -91 -103 -112 -110 -89 # -129 -129 -129 -129 -129 -257 -129 -129 
CPU side received count (scaleup: 1): -107 -113 -97 -105 -87 -80 -94 -108 # -129 -129 -129 -129 -129 -129 -129 -129 
Elastic buffer uses 4 channels per SM
Elastic buffer uses 4 channels per SM
Elastic buffer uses 4 channels per SM
Elastic buffer uses 4 channels per SM
Elastic buffer uses 4 channels per SM
Elastic buffer uses 4 channels per SM
Elastic buffer uses 4 channels per SM
Elastic buffer uses 4 channels per SM
CPU side received count (scaleup: 3): -106 -109 -100 -120 -96 -108 -107 -92 # -129 -129 -129 -257 -129 -257 -129 -129 
CPU side received count (scaleup: 4): -110 -92 -102 -111 -107 -117 -103 -91 # -129 -129 -129 -129 -129 -129 -129 -129 
CPU side received count (scaleup: 5): -104 -112 -102 -101 -88 -88 -98 -92 # -129 -129 -129 -129 -129 -129 -129 -129 
CPU side received count (scaleup: 6): -104 -104 -101 -100 -120 -110 -107 -109 # -129 -129 -129 -129 -129 -257 -129 -129 
CPU side received count (scaleup: 7): -101 -97 -90 -100 -117 -101 -84 -109 # -129 -129 -129 -129 -129 -129 -129 -129 
CPU side received count (scaleup: 0): -100 -109 -96 -109 -121 -113 -118 -100 # -129 -129 -129 -129 -129 -129 -129 -129 
CPU side received count (scaleup: 1): -107 -113 -97 -105 -87 -80 -94 -108 # -129 -129 -129 -129 -129 -129 -129 -129 
CPU side received count (scaleup: 2): -105 -111 -115 -91 -103 -112 -110 -89 # -129 -129 -129 -129 -129 -257 -129 -129 
Elastic buffer uses 4 channels per SM
Elastic buffer uses 4 channels per SM
Elastic buffer uses 4 channels per SM
Elastic buffer uses 4 channels per SM
Elastic buffer uses 4 channels per SM
Elastic buffer uses 4 channels per SM
Elastic buffer uses 4 channels per SM
Elastic buffer uses 4 channels per SM
CPU side received count (scaleup: 3): -106 -109 -100 -120 -96 -108 -107 -92 # -129 -129 -129 -257 -129 -257 -129 -129 
CPU side received count (scaleup: 6): -104 -104 -101 -100 -120 -110 -107 -109 # -129 -129 -129 -129 -129 -257 -129 -129 
CPU side received count (scaleup: 5): -104 -112 -102 -101 -88 -88 -98 -92 # -129 -129 -129 -129 -129 -129 -129 -129 
CPU side received count (scaleup: 7): -101 -97 -90 -100 -117 -101 -84 -109 # -129 -129 -129 -129 -129 -129 -129 -129 
CPU side received count (scaleup: 4): -110 -92 -102 -111 -107 -117 -103 -91 # -129 -129 -129 -129 -129 -129 -129 -129 
CPU side received count (scaleup: 1): -107 -113 -97 -105 -87 -80 -94 -108 # -129 -129 -129 -129 -129 -129 -129 -129 
CPU side received count (scaleup: 2): -105 -111 -115 -91 -103 -112 -110 -89 # -129 -129 -129 -129 -129 -257 -129 -129 
CPU side received count (scaleup: 0): -100 -109 -96 -109 -121 -113 -118 -100 # -129 -129 -129 -129 -129 -129 -129 -129 
Elastic buffer uses 4 channels per SM
Elastic buffer uses 4 channels per SM
Elastic buffer uses 4 channels per SM
Elastic buffer uses 4 channels per SM
Elastic buffer uses 4 channels per SM
Elastic buffer uses 4 channels per SM
Elastic buffer uses 4 channels per SM
Elastic buffer uses 4 channels per SM
CPU side received count (scaleup: 3): -106 -109 -100 -120 -96 -108 -107 -92 # -129 -129 -129 -257 -129 -257 -129 -129 
CPU side received count (scaleup: 4): -110 -92 -102 -111 -107 -117 -103 -91 # -129 -129 -129 -129 -129 -129 -129 -129 
CPU side received count (scaleup: 6): -104 -104 -101 -100 -120 -110 -107 -109 # -129 -129 -129 -129 -129 -257 -129 -129 
CPU side received count (scaleup: 5): -104 -112 -102 -101 -88 -88 -98 -92 # -129 -129 -129 -129 -129 -129 -129 -129 
CPU side received count (scaleup: 7): -101 -97 -90 -100 -117 -101 -84 -109 # -129 -129 -129 -129 -129 -129 -129 -129 
CPU side received count (scaleup: 1): -107 -113 -97 -105 -87 -80 -94 -108 # -129 -129 -129 -129 -129 -129 -129 -129 
CPU side received count (scaleup: 2): -105 -111 -115 -91 -103 -112 -110 -89 # -129 -129 -129 -129 -129 -257 -129 -129 
CPU side received count (scaleup: 0): -100 -109 -96 -109 -121 -113 -118 -100 # -129 -129 -129 -129 -129 -129 -129 -129 
Elastic buffer uses 4 channels per SM
Elastic buffer uses 4 channels per SM
Elastic buffer uses 4 channels per SM
Elastic buffer uses 4 channels per SM
Elastic buffer uses 4 channels per SM
Elastic buffer uses 4 channels per SM
Elastic buffer uses 4 channels per SM
Elastic buffer uses 4 channels per SM
CPU side received count (scaleup: 4): -110 -92 -102 -111 -107 -117 -103 -91 # -129 -129 -129 -129 -129 -129 -129 -129 
CPU side received count (scaleup: 7): -101 -97 -90 -100 -117 -101 -84 -109 # -129 -129 -129 -129 -129 -129 -129 -129 
CPU side received count (scaleup: 5): -104 -112 -102 -101 -88 -88 -98 -92 # -129 -129 -129 -129 -129 -129 -129 -129 
CPU side received count (scaleup: 3): -106 -109 -100 -120 -96 -108 -107 -92 # -129 -129 -129 -257 -129 -257 -129 -129 
CPU side received count (scaleup: 6): -104 -104 -101 -100 -120 -110 -107 -109 # -129 -129 -129 -129 -129 -257 -129 -129 
CPU side received count (scaleup: 1): -107 -113 -97 -105 -87 -80 -94 -108 # -129 -129 -129 -129 -129 -129 -129 -129 
CPU side received count (scaleup: 2): -105 -111 -115 -91 -103 -112 -110 -89 # -129 -129 -129 -129 -129 -257 -129 -129 
CPU side received count (scaleup: 0): -100 -109 -96 -109 -121 -113 -118 -100 # -129 -129 -129 -129 -129 -129 -129 -129 
Elastic buffer uses 4 channels per SM
Elastic buffer uses 4 channels per SM
Elastic buffer uses 4 channels per SM
Elastic buffer uses 4 channels per SM
Elastic buffer uses 4 channels per SM
Elastic buffer uses 4 channels per SM
Elastic buffer uses 4 channels per SM
Elastic buffer uses 4 channels per SM
CPU side received count (scaleup: 3): -106 -109 -100 -120 -96 -108 -107 -92 # -129 -129 -129 -257 -129 -257 -129 -129 
CPU side received count (scaleup: 6): -104 -104 -101 -100 -120 -110 -107 -109 # -129 -129 -129 -129 -129 -257 -129 -129 
CPU side received count (scaleup: 7): -101 -97 -90 -100 -117 -101 -84 -109 # -129 -129 -129 -129 -129 -129 -129 -129 
CPU side received count (scaleup: 4): -110 -92 -102 -111 -107 -117 -103 -91 # -129 -129 -129 -129 -129 -129 -129 -129 
CPU side received count (scaleup: 5): -104 -112 -102 -101 -88 -88 -98 -92 # -129 -129 -129 -129 -129 -129 -129 -129 
CPU side received count (scaleup: 1): -107 -113 -97 -105 -87 -80 -94 -108 # -129 -129 -129 -129 -129 -129 -129 -129 
CPU side received count (scaleup: 0): -100 -109 -96 -109 -121 -113 -118 -100 # -129 -129 -129 -129 -129 -129 -129 -129 
CPU side received count (scaleup: 2): -105 -111 -115 -91 -103 -112 -110 -89 # -129 -129 -129 -129 -129 -257 -129 -129 
Elastic buffer uses 4 channels per SM
Elastic buffer uses 4 channels per SM
Elastic buffer uses 4 channels per SM
Elastic buffer uses 4 channels per SM
Elastic buffer uses 4 channels per SM
Elastic buffer uses 4 channels per SM
Elastic buffer uses 4 channels per SM
Elastic buffer uses 4 channels per SM
CPU side received count (scaleup: 6): -104 -104 -101 -100 -120 -110 -107 -109 # -129 -129 -129 -129 -129 -257 -129 -129 
CPU side received count (scaleup: 7): -101 -97 -90 -100 -117 -101 -84 -109 # -129 -129 -129 -129 -129 -129 -129 -129 
CPU side received count (scaleup: 4): -110 -92 -102 -111 -107 -117 -103 -91 # -129 -129 -129 -129 -129 -129 -129 -129 
CPU side received count (scaleup: 3): -106 -109 -100 -120 -96 -108 -107 -92 # -129 -129 -129 -257 -129 -257 -129 -129 
CPU side received count (scaleup: 5): -104 -112 -102 -101 -88 -88 -98 -92 # -129 -129 -129 -129 -129 -129 -129 -129 
CPU side received count (scaleup: 1): -107 -113 -97 -105 -87 -80 -94 -108 # -129 -129 -129 -129 -129 -129 -129 -129 
CPU side received count (scaleup: 2): -105 -111 -115 -91 -103 -112 -110 -89 # -129 -129 -129 -129 -129 -257 -129 -129 
CPU side received count (scaleup: 0): -100 -109 -96 -109 -121 -113 -118 -100 # -129 -129 -129 -129 -129 -129 -129 -129 
Elastic buffer uses 4 channels per SM
Elastic buffer uses 4 channels per SM
Elastic buffer uses 4 channels per SM
Elastic buffer uses 4 channels per SM
Elastic buffer uses 4 channels per SM
Elastic buffer uses 4 channels per SM
Elastic buffer uses 4 channels per SM
Elastic buffer uses 4 channels per SM
CPU side received count (scaleup: 6): -104 -104 -101 -100 -120 -110 -107 -109 # -129 -129 -129 -129 -129 -257 -129 -129 
CPU side received count (scaleup: 7): -101 -97 -90 -100 -117 -101 -84 -109 # -129 -129 -129 -129 -129 -129 -129 -129 
CPU side received count (scaleup: 4): -110 -92 -102 -111 -107 -117 -103 -91 # -129 -129 -129 -129 -129 -129 -129 -129 
CPU side received count (scaleup: 3): -106 -109 -100 -120 -96 -108 -107 -92 # -129 -129 -129 -257 -129 -257 -129 -129 
CPU side received count (scaleup: 5): -104 -112 -102 -101 -88 -88 -98 -92 # -129 -129 -129 -129 -129 -129 -129 -129 
CPU side received count (scaleup: 1): -107 -113 -97 -105 -87 -80 -94 -108 # -129 -129 -129 -129 -129 -129 -129 -129 
CPU side received count (scaleup: 2): -105 -111 -115 -91 -103 -112 -110 -89 # -129 -129 -129 -129 -129 -257 -129 -129 
CPU side received count (scaleup: 0): -100 -109 -96 -109 -121 -113 -118 -100 # -129 -129 -129 -129 -129 -129 -129 -129 
Elastic buffer uses 4 channels per SM
Elastic buffer uses 4 channels per SM
Elastic buffer uses 4 channels per SM
Elastic buffer uses 4 channels per SM
Elastic buffer uses 4 channels per SM
Elastic buffer uses 4 channels per SM
Elastic buffer uses 4 channels per SM
Elastic buffer uses 4 channels per SM
CPU side received count (scaleup: 3): -106 -109 -100 -120 -96 -108 -107 -92 # -129 -129 -129 -257 -129 -257 -129 -129 
CPU side received count (scaleup: 4): -110 -92 -102 -111 -107 -117 -103 -91 # -129 -129 -129 -129 -129 -129 -129 -129 
CPU side received count (scaleup: 6): -104 -104 -101 -100 -120 -110 -107 -109 # -129 -129 -129 -129 -129 -257 -129 -129 
CPU side received count (scaleup: 5): -104 -112 -102 -101 -88 -88 -98 -92 # -129 -129 -129 -129 -129 -129 -129 -129 
CPU side received count (scaleup: 7): -101 -97 -90 -100 -117 -101 -84 -109 # -129 -129 -129 -129 -129 -129 -129 -129 
CPU side received count (scaleup: 1): -107 -113 -97 -105 -87 -80 -94 -108 # -129 -129 -129 -129 -129 -129 -129 -129 
CPU side received count (scaleup: 2): -105 -111 -115 -91 -103 -112 -110 -89 # -129 -129 -129 -129 -129 -257 -129 -129 
CPU side received count (scaleup: 0): -100 -109 -96 -109 -121 -113 -118 -100 # -129 -129 -129 -129 -129 -129 -129 -129 
Elastic buffer uses 4 channels per SM
Elastic buffer uses 4 channels per SM
Elastic buffer uses 4 channels per SM
Elastic buffer uses 4 channels per SM
Elastic buffer uses 4 channels per SM
Elastic buffer uses 4 channels per SM
Elastic buffer uses 4 channels per SM
Elastic buffer uses 4 channels per SM
CPU side received count (scaleup: 3): -106 -109 -100 -120 -96 -108 -107 -92 # -129 -129 -129 -257 -129 -257 -129 -129 
CPU side received count (scaleup: 4): -110 -92 -102 -111 -107 -117 -103 -91 # -129 -129 -129 -129 -129 -129 -129 -129 
CPU side received count (scaleup: 6): -104 -104 -101 -100 -120 -110 -107 -109 # -129 -129 -129 -129 -129 -257 -129 -129 
CPU side received count (scaleup: 5): -104 -112 -102 -101 -88 -88 -98 -92 # -129 -129 -129 -129 -129 -129 -129 -129 
CPU side received count (scaleup: 7): -101 -97 -90 -100 -117 -101 -84 -109 # -129 -129 -129 -129 -129 -129 -129 -129 
CPU side received count (scaleup: 1): -107 -113 -97 -105 -87 -80 -94 -108 # -129 -129 -129 -129 -129 -129 -129 -129 
CPU side received count (scaleup: 2): -105 -111 -115 -91 -103 -112 -110 -89 # -129 -129 -129 -129 -129 -257 -129 -129 
CPU side received count (scaleup: 0): -100 -109 -96 -109 -121 -113 -118 -100 # -129 -129 -129 -129 -129 -129 -129 -129 
Elastic buffer uses 4 channels per SM
Elastic buffer uses 4 channels per SM
Elastic buffer uses 4 channels per SM
Elastic buffer uses 4 channels per SM
Elastic buffer uses 4 channels per SM
Elastic buffer uses 4 channels per SM
Elastic buffer uses 4 channels per SM
Elastic buffer uses 4 channels per SM
CPU side received count (scaleup: 3): -106 -109 -100 -120 -96 -108 -107 -92 # -129 -129 -129 -257 -129 -257 -129 -129 
CPU side received count (scaleup: 6): -104 -104 -101 -100 -120 -110 -107 -109 # -129 -129 -129 -129 -129 -257 -129 -129 
CPU side received count (scaleup: 4): -110 -92 -102 -111 -107 -117 -103 -91 # -129 -129 -129 -129 -129 -129 -129 -129 
CPU side received count (scaleup: 5): -104 -112 -102 -101 -88 -88 -98 -92 # -129 -129 -129 -129 -129 -129 -129 -129 
CPU side received count (scaleup: 7): -101 -97 -90 -100 -117 -101 -84 -109 # -129 -129 -129 -129 -129 -129 -129 -129 
CPU side received count (scaleup: 0): -100 -109 -96 -109 -121 -113 -118 -100 # -129 -129 -129 -129 -129 -129 -129 -129 
CPU side received count (scaleup: 1): -107 -113 -97 -105 -87 -80 -94 -108 # -129 -129 -129 -129 -129 -129 -129 -129 
CPU side received count (scaleup: 2): -105 -111 -115 -91 -103 -112 -110 -89 # -129 -129 -129 -129 -129 -257 -129 -129 
Elastic buffer uses 4 channels per SM
Elastic buffer uses 4 channels per SM
Elastic buffer uses 4 channels per SM
Elastic buffer uses 4 channels per SM
Elastic buffer uses 4 channels per SM
Elastic buffer uses 4 channels per SM
Elastic buffer uses 4 channels per SM
Elastic buffer uses 4 channels per SM
CPU side received count (scaleup: 3): -106 -109 -100 -120 -96 -108 -107 -92 # -129 -129 -129 -257 -129 -257 -129 -129 
CPU side received count (scaleup: 7): -101 -97 -90 -100 -117 -101 -84 -109 # -129 -129 -129 -129 -129 -129 -129 -129 
CPU side received count (scaleup: 6): -104 -104 -101 -100 -120 -110 -107 -109 # -129 -129 -129 -129 -129 -257 -129 -129 
CPU side received count (scaleup: 5): -104 -112 -102 -101 -88 -88 -98 -92 # -129 -129 -129 -129 -129 -129 -129 -129 
CPU side received count (scaleup: 4): -110 -92 -102 -111 -107 -117 -103 -91 # -129 -129 -129 -129 -129 -129 -129 -129 
CPU side received count (scaleup: 1): -107 -113 -97 -105 -87 -80 -94 -108 # -129 -129 -129 -129 -129 -129 -129 -129 
CPU side received count (scaleup: 0): -100 -109 -96 -109 -121 -113 -118 -100 # -129 -129 -129 -129 -129 -129 -129 -129 
CPU side received count (scaleup: 2): -105 -111 -115 -91 -103 -112 -110 -89 # -129 -129 -129 -129 -129 -257 -129 -129 
Elastic buffer uses 4 channels per SM
Elastic buffer uses 4 channels per SM
Elastic buffer uses 4 channels per SM
Elastic buffer uses 4 channels per SM
Elastic buffer uses 4 channels per SM
Elastic buffer uses 4 channels per SM
Elastic buffer uses 4 channels per SM
Elastic buffer uses 4 channels per SM
USDT:2026-08-25 02:49:23 435:435 SyncActivityProfilerHandler.cpp:52] profiler_startUSDT:2026-08-25 02:49:23 433:433 SyncActivityProfilerHandler.cpp:52] profiler_startUSDT:2026-08-25 02:49:23 434:434 SyncActivityProfilerHandler.cpp:52] profiler_startUSDT:2026-08-25 02:49:23 436:436 SyncActivityProfilerHandler.cpp:52] profiler_startUSDT:2026-08-25 02:49:23 437:437 SyncActivityProfilerHandler.cpp:52] profiler_start




USDT:2026-08-25 02:49:23 430:430 SyncActivityProfilerHandler.cpp:52] profiler_start
USDT:2026-08-25 02:49:23 432:432 SyncActivityProfilerHandler.cpp:52] profiler_start
USDT:2026-08-25 02:49:23 431:431 SyncActivityProfilerHandler.cpp:52] profiler_start
CPU side received count (scaleup: 3): -106 -109 -100 -120 -96 -108 -107 -92 # -129 -129 -129 -257 -129 -257 -129 -129 
CPU side received count (scaleup: 6): -104 -104 -101 -100 -120 -110 -107 -109 # -129 -129 -129 -129 -129 -257 -129 -129 
CPU side received count (scaleup: 4): -110 -92 -102 -111 -107 -117 -103 -91 # -129 -129 -129 -129 -129 -129 -129 -129 
CPU side received count (scaleup: 5): -104 -112 -102 -101 -88 -88 -98 -92 # -129 -129 -129 -129 -129 -129 -129 -129 
CPU side received count (scaleup: 7): -101 -97 -90 -100 -117 -101 -84 -109 # -129 -129 -129 -129 -129 -129 -129 -129 
CPU side received count (scaleup: 1): -107 -113 -97 -105 -87 -80 -94 -108 # -129 -129 -129 -129 -129 -129 -129 -129 
CPU side received count (scaleup: 0): -100 -109 -96 -109 -121 -113 -118 -100 # -129 -129 -129 -129 -129 -129 -129 -129 
CPU side received count (scaleup: 2): -105 -111 -115 -91 -103 -112 -110 -89 # -129 -129 -129 -129 -129 -257 -129 -129 
Elastic buffer uses 4 channels per SM
Elastic buffer uses 4 channels per SM
Elastic buffer uses 4 channels per SM
Elastic buffer uses 4 channels per SM
Elastic buffer uses 4 channels per SM
Elastic buffer uses 4 channels per SM
Elastic buffer uses 4 channels per SM
Elastic buffer uses 4 channels per SM
CPU side received count (scaleup: 3): -106 -109 -100 -120 -96 -108 -107 -92 # -129 -129 -129 -257 -129 -257 -129 -129 
CPU side received count (scaleup: 5): -104 -112 -102 -101 -88 -88 -98 -92 # -129 -129 -129 -129 -129 -129 -129 -129 
CPU side received count (scaleup: 7): -101 -97 -90 -100 -117 -101 -84 -109 # -129 -129 -129 -129 -129 -129 -129 -129 
CPU side received count (scaleup: 6): -104 -104 -101 -100 -120 -110 -107 -109 # -129 -129 -129 -129 -129 -257 -129 -129 
CPU side received count (scaleup: 1): -107 -113 -97 -105 -87 -80 -94 -108 # -129 -129 -129 -129 -129 -129 -129 -129 
CPU side received count (scaleup: 2): -105 -111 -115 -91 -103 -112 -110 -89 # -129 -129 -129 -129 -129 -257 -129 -129 
CPU side received count (scaleup: 0): -100 -109 -96 -109 -121 -113 -118 -100 # -129 -129 -129 -129 -129 -129 -129 -129 
CPU side received count (scaleup: 4): -110 -92 -102 -111 -107 -117 -103 -91 # -129 -129 -129 -129 -129 -129 -129 -129 
Elastic buffer uses 4 channels per SM
Elastic buffer uses 4 channels per SM
Elastic buffer uses 4 channels per SM
Elastic buffer uses 4 channels per SM
Elastic buffer uses 4 channels per SM
Elastic buffer uses 4 channels per SM
Elastic buffer uses 4 channels per SM
Elastic buffer uses 4 channels per SM
CPU side received count (scaleup: 4): -110 -92 -102 -111 -107 -117 -103 -91 # -129 -129 -129 -129 -129 -129 -129 -129 
CPU side received count (scaleup: 5): -104 -112 -102 -101 -88 -88 -98 -92 # -129 -129 -129 -129 -129 -129 -129 -129 
CPU side received count (scaleup: 6): -104 -104 -101 -100 -120 -110 -107 -109 # -129 -129 -129 -129 -129 -257 -129 -129 
CPU side received count (scaleup: 3): -106 -109 -100 -120 -96 -108 -107 -92 # -129 -129 -129 -257 -129 -257 -129 -129 
CPU side received count (scaleup: 7): -101 -97 -90 -100 -117 -101 -84 -109 # -129 -129 -129 -129 -129 -129 -129 -129 
CPU side received count (scaleup: 2): -105 -111 -115 -91 -103 -112 -110 -89 # -129 -129 -129 -129 -129 -257 -129 -129 
CPU side received count (scaleup: 0): -100 -109 -96 -109 -121 -113 -118 -100 # -129 -129 -129 -129 -129 -129 -129 -129 
CPU side received count (scaleup: 1): -107 -113 -97 -105 -87 -80 -94 -108 # -129 -129 -129 -129 -129 -129 -129 -129 
Elastic buffer uses 4 channels per SM
Elastic buffer uses 4 channels per SM
Elastic buffer uses 4 channels per SM
Elastic buffer uses 4 channels per SM
Elastic buffer uses 4 channels per SM
Elastic buffer uses 4 channels per SM
Elastic buffer uses 4 channels per SM
Elastic buffer uses 4 channels per SM
CPU side received count (scaleup: 5): -104 -112 -102 -101 -88 -88 -98 -92 # -129 -129 -129 -129 -129 -129 -129 -129 
CPU side received count (scaleup: 7): -101 -97 -90 -100 -117 -101 -84 -109 # -129 -129 -129 -129 -129 -129 -129 -129 
CPU side received count (scaleup: 4): -110 -92 -102 -111 -107 -117 -103 -91 # -129 -129 -129 -129 -129 -129 -129 -129 
CPU side received count (scaleup: 3): -106 -109 -100 -120 -96 -108 -107 -92 # -129 -129 -129 -257 -129 -257 -129 -129 
CPU side received count (scaleup: 6): -104 -104 -101 -100 -120 -110 -107 -109 # -129 -129 -129 -129 -129 -257 -129 -129 
CPU side received count (scaleup: 1): -107 -113 -97 -105 -87 -80 -94 -108 # -129 -129 -129 -129 -129 -129 -129 -129 
CPU side received count (scaleup: 0): -100 -109 -96 -109 -121 -113 -118 -100 # -129 -129 -129 -129 -129 -129 -129 -129 
CPU side received count (scaleup: 2): -105 -111 -115 -91 -103 -112 -110 -89 # -129 -129 -129 -129 -129 -257 -129 -129 
Elastic buffer uses 4 channels per SM
Elastic buffer uses 4 channels per SM
Elastic buffer uses 4 channels per SM
Elastic buffer uses 4 channels per SM
Elastic buffer uses 4 channels per SM
Elastic buffer uses 4 channels per SM
Elastic buffer uses 4 channels per SM
Elastic buffer uses 4 channels per SM
CPU side received count (scaleup: 3): -106 -109 -100 -120 -96 -108 -107 -92 # -129 -129 -129 -257 -129 -257 -129 -129 
CPU side received count (scaleup: 5): -104 -112 -102 -101 -88 -88 -98 -92 # -129 -129 -129 -129 -129 -129 -129 -129 
CPU side received count (scaleup: 7): -101 -97 -90 -100 -117 -101 -84 -109 # -129 -129 -129 -129 -129 -129 -129 -129 
CPU side received count (scaleup: 6): -104 -104 -101 -100 -120 -110 -107 -109 # -129 -129 -129 -129 -129 -257 -129 -129 
CPU side received count (scaleup: 4): -110 -92 -102 -111 -107 -117 -103 -91 # -129 -129 -129 -129 -129 -129 -129 -129 
CPU side received count (scaleup: 1): -107 -113 -97 -105 -87 -80 -94 -108 # -129 -129 -129 -129 -129 -129 -129 -129 
CPU side received count (scaleup: 0): -100 -109 -96 -109 -121 -113 -118 -100 # -129 -129 -129 -129 -129 -129 -129 -129 
CPU side received count (scaleup: 2): -105 -111 -115 -91 -103 -112 -110 -89 # -129 -129 -129 -129 -129 -257 -129 -129 
Elastic buffer uses 4 channels per SM
Elastic buffer uses 4 channels per SM
Elastic buffer uses 4 channels per SM
Elastic buffer uses 4 channels per SM
Elastic buffer uses 4 channels per SM
Elastic buffer uses 4 channels per SM
Elastic buffer uses 4 channels per SM
Elastic buffer uses 4 channels per SM
CPU side received count (scaleup: 3): -106 -109 -100 -120 -96 -108 -107 -92 # -129 -129 -129 -257 -129 -257 -129 -129 
CPU side received count (scaleup: 4): -110 -92 -102 -111 -107 -117 -103 -91 # -129 -129 -129 -129 -129 -129 -129 -129 
CPU side received count (scaleup: 5): -104 -112 -102 -101 -88 -88 -98 -92 # -129 -129 -129 -129 -129 -129 -129 -129 
CPU side received count (scaleup: 6): -104 -104 -101 -100 -120 -110 -107 -109 # -129 -129 -129 -129 -129 -257 -129 -129 
CPU side received count (scaleup: 7): -101 -97 -90 -100 -117 -101 -84 -109 # -129 -129 -129 -129 -129 -129 -129 -129 
CPU side received count (scaleup: 1): -107 -113 -97 -105 -87 -80 -94 -108 # -129 -129 -129 -129 -129 -129 -129 -129 
CPU side received count (scaleup: 2): -105 -111 -115 -91 -103 -112 -110 -89 # -129 -129 -129 -129 -129 -257 -129 -129 
CPU side received count (scaleup: 0): -100 -109 -96 -109 -121 -113 -118 -100 # -129 -129 -129 -129 -129 -129 -129 -129 
Elastic buffer uses 4 channels per SM
Elastic buffer uses 4 channels per SM
Elastic buffer uses 4 channels per SM
Elastic buffer uses 4 channels per SM
Elastic buffer uses 4 channels per SM
Elastic buffer uses 4 channels per SM
Elastic buffer uses 4 channels per SM
Elastic buffer uses 4 channels per SM
CPU side received count (scaleup: 4): -110 -92 -102 -111 -107 -117 -103 -91 # -129 -129 -129 -129 -129 -129 -129 -129 
CPU side received count (scaleup: 7): -101 -97 -90 -100 -117 -101 -84 -109 # -129 -129 -129 -129 -129 -129 -129 -129 
CPU side received count (scaleup: 3): -106 -109 -100 -120 -96 -108 -107 -92 # -129 -129 -129 -257 -129 -257 -129 -129 
CPU side received count (scaleup: 6): -104 -104 -101 -100 -120 -110 -107 -109 # -129 -129 -129 -129 -129 -257 -129 -129 
CPU side received count (scaleup: 5): -104 -112 -102 -101 -88 -88 -98 -92 # -129 -129 -129 -129 -129 -129 -129 -129 
CPU side received count (scaleup: 0): -100 -109 -96 -109 -121 -113 -118 -100 # -129 -129 -129 -129 -129 -129 -129 -129 
CPU side received count (scaleup: 2): -105 -111 -115 -91 -103 -112 -110 -89 # -129 -129 -129 -129 -129 -257 -129 -129 
CPU side received count (scaleup: 1): -107 -113 -97 -105 -87 -80 -94 -108 # -129 -129 -129 -129 -129 -129 -129 -129 
Elastic buffer uses 4 channels per SM
Elastic buffer uses 4 channels per SM
Elastic buffer uses 4 channels per SM
Elastic buffer uses 4 channels per SM
Elastic buffer uses 4 channels per SM
Elastic buffer uses 4 channels per SM
Elastic buffer uses 4 channels per SM
Elastic buffer uses 4 channels per SM
CPU side received count (scaleup: 6): -104 -104 -101 -100 -120 -110 -107 -109 # -129 -129 -129 -129 -129 -257 -129 -129 
CPU side received count (scaleup: 7): -101 -97 -90 -100 -117 -101 -84 -109 # -129 -129 -129 -129 -129 -129 -129 -129 
CPU side received count (scaleup: 5): -104 -112 -102 -101 -88 -88 -98 -92 # -129 -129 -129 -129 -129 -129 -129 -129 
CPU side received count (scaleup: 4): -110 -92 -102 -111 -107 -117 -103 -91 # -129 -129 -129 -129 -129 -129 -129 -129 
CPU side received count (scaleup: 3): -106 -109 -100 -120 -96 -108 -107 -92 # -129 -129 -129 -257 -129 -257 -129 -129 
CPU side received count (scaleup: 0): -100 -109 -96 -109 -121 -113 -118 -100 # -129 -129 -129 -129 -129 -129 -129 -129 
CPU side received count (scaleup: 1): -107 -113 -97 -105 -87 -80 -94 -108 # -129 -129 -129 -129 -129 -129 -129 -129 
CPU side received count (scaleup: 2): -105 -111 -115 -91 -103 -112 -110 -89 # -129 -129 -129 -129 -129 -257 -129 -129 
Elastic buffer uses 4 channels per SM
Elastic buffer uses 4 channels per SM
Elastic buffer uses 4 channels per SM
Elastic buffer uses 4 channels per SM
Elastic buffer uses 4 channels per SM
Elastic buffer uses 4 channels per SM
Elastic buffer uses 4 channels per SM
Elastic buffer uses 4 channels per SM
CPU side received count (scaleup: 5): -104 -112 -102 -101 -88 -88 -98 -92 # -129 -129 -129 -129 -129 -129 -129 -129 
CPU side received count (scaleup: 6): -104 -104 -101 -100 -120 -110 -107 -109 # -129 -129 -129 -129 -129 -257 -129 -129 
CPU side received count (scaleup: 4): -110 -92 -102 -111 -107 -117 -103 -91 # -129 -129 -129 -129 -129 -129 -129 -129 
CPU side received count (scaleup: 3): -106 -109 -100 -120 -96 -108 -107 -92 # -129 -129 -129 -257 -129 -257 -129 -129 
CPU side received count (scaleup: 7): -101 -97 -90 -100 -117 -101 -84 -109 # -129 -129 -129 -129 -129 -129 -129 -129 
CPU side received count (scaleup: 1): -107 -113 -97 -105 -87 -80 -94 -108 # -129 -129 -129 -129 -129 -129 -129 -129 
CPU side received count (scaleup: 0): -100 -109 -96 -109 -121 -113 -118 -100 # -129 -129 -129 -129 -129 -129 -129 -129 
CPU side received count (scaleup: 2): -105 -111 -115 -91 -103 -112 -110 -89 # -129 -129 -129 -129 -129 -257 -129 -129 
Elastic buffer uses 4 channels per SM
Elastic buffer uses 4 channels per SM
Elastic buffer uses 4 channels per SM
Elastic buffer uses 4 channels per SM
Elastic buffer uses 4 channels per SM
Elastic buffer uses 4 channels per SM
Elastic buffer uses 4 channels per SM
Elastic buffer uses 4 channels per SM
CPU side received count (scaleup: 3): -106 -109 -100 -120 -96 -108 -107 -92 # -129 -129 -129 -257 -129 -257 -129 -129 
CPU side received count (scaleup: 4): -110 -92 -102 -111 -107 -117 -103 -91 # -129 -129 -129 -129 -129 -129 -129 -129 
CPU side received count (scaleup: 7): -101 -97 -90 -100 -117 -101 -84 -109 # -129 -129 -129 -129 -129 -129 -129 -129 
CPU side received count (scaleup: 6): -104 -104 -101 -100 -120 -110 -107 -109 # -129 -129 -129 -129 -129 -257 -129 -129 
CPU side received count (scaleup: 5): -104 -112 -102 -101 -88 -88 -98 -92 # -129 -129 -129 -129 -129 -129 -129 -129 
CPU side received count (scaleup: 1): -107 -113 -97 -105 -87 -80 -94 -108 # -129 -129 -129 -129 -129 -129 -129 -129 
CPU side received count (scaleup: 0): -100 -109 -96 -109 -121 -113 -118 -100 # -129 -129 -129 -129 -129 -129 -129 -129 
CPU side received count (scaleup: 2): -105 -111 -115 -91 -103 -112 -110 -89 # -129 -129 -129 -129 -129 -257 -129 -129 
Elastic buffer uses 4 channels per SM
Elastic buffer uses 4 channels per SM
Elastic buffer uses 4 channels per SM
Elastic buffer uses 4 channels per SM
Elastic buffer uses 4 channels per SM
Elastic buffer uses 4 channels per SM
Elastic buffer uses 4 channels per SM
Elastic buffer uses 4 channels per SM
CPU side received count (scaleup: 4): -110 -92 -102 -111 -107 -117 -103 -91 # -129 -129 -129 -129 -129 -129 -129 -129 
CPU side received count (scaleup: 5): -104 -112 -102 -101 -88 -88 -98 -92 # -129 -129 -129 -129 -129 -129 -129 -129 
CPU side received count (scaleup: 6): -104 -104 -101 -100 -120 -110 -107 -109 # -129 -129 -129 -129 -129 -257 -129 -129 
CPU side received count (scaleup: 3): -106 -109 -100 -120 -96 -108 -107 -92 # -129 -129 -129 -257 -129 -257 -129 -129 
CPU side received count (scaleup: 7): -101 -97 -90 -100 -117 -101 -84 -109 # -129 -129 -129 -129 -129 -129 -129 -129 
CPU side received count (scaleup: 1): -107 -113 -97 -105 -87 -80 -94 -108 # -129 -129 -129 -129 -129 -129 -129 -129 
CPU side received count (scaleup: 0): -100 -109 -96 -109 -121 -113 -118 -100 # -129 -129 -129 -129 -129 -129 -129 -129 
CPU side received count (scaleup: 2): -105 -111 -115 -91 -103 -112 -110 -89 # -129 -129 -129 -129 -129 -257 -129 -129 
Elastic buffer uses 4 channels per SM
Elastic buffer uses 4 channels per SM
Elastic buffer uses 4 channels per SM
Elastic buffer uses 4 channels per SM
Elastic buffer uses 4 channels per SM
Elastic buffer uses 4 channels per SM
Elastic buffer uses 4 channels per SM
Elastic buffer uses 4 channels per SM
CPU side received count (scaleup: 3): -106 -109 -100 -120 -96 -108 -107 -92 # -129 -129 -129 -257 -129 -257 -129 -129 
CPU side received count (scaleup: 6): -104 -104 -101 -100 -120 -110 -107 -109 # -129 -129 -129 -129 -129 -257 -129 -129 
CPU side received count (scaleup: 4): -110 -92 -102 -111 -107 -117 -103 -91 # -129 -129 -129 -129 -129 -129 -129 -129 
CPU side received count (scaleup: 5): -104 -112 -102 -101 -88 -88 -98 -92 # -129 -129 -129 -129 -129 -129 -129 -129 
CPU side received count (scaleup: 7): -101 -97 -90 -100 -117 -101 -84 -109 # -129 -129 -129 -129 -129 -129 -129 -129 
CPU side received count (scaleup: 2): -105 -111 -115 -91 -103 -112 -110 -89 # -129 -129 -129 -129 -129 -257 -129 -129 
CPU side received count (scaleup: 1): -107 -113 -97 -105 -87 -80 -94 -108 # -129 -129 -129 -129 -129 -129 -129 -129 
CPU side received count (scaleup: 0): -100 -109 -96 -109 -121 -113 -118 -100 # -129 -129 -129 -129 -129 -129 -129 -129 
Elastic buffer uses 4 channels per SM
Elastic buffer uses 4 channels per SM
Elastic buffer uses 4 channels per SM
Elastic buffer uses 4 channels per SM
Elastic buffer uses 4 channels per SM
Elastic buffer uses 4 channels per SM
Elastic buffer uses 4 channels per SM
Elastic buffer uses 4 channels per SM
CPU side received count (scaleup: 3): -106 -109 -100 -120 -96 -108 -107 -92 # -129 -129 -129 -257 -129 -257 -129 -129 
CPU side received count (scaleup: 4): -110 -92 -102 -111 -107 -117 -103 -91 # -129 -129 -129 -129 -129 -129 -129 -129 
CPU side received count (scaleup: 6): -104 -104 -101 -100 -120 -110 -107 -109 # -129 -129 -129 -129 -129 -257 -129 -129 
CPU side received count (scaleup: 5): -104 -112 -102 -101 -88 -88 -98 -92 # -129 -129 -129 -129 -129 -129 -129 -129 
CPU side received count (scaleup: 7): -101 -97 -90 -100 -117 -101 -84 -109 # -129 -129 -129 -129 -129 -129 -129 -129 
CPU side received count (scaleup: 1): -107 -113 -97 -105 -87 -80 -94 -108 # -129 -129 -129 -129 -129 -129 -129 -129 
CPU side received count (scaleup: 0): -100 -109 -96 -109 -121 -113 -118 -100 # -129 -129 -129 -129 -129 -129 -129 -129 
CPU side received count (scaleup: 2): -105 -111 -115 -91 -103 -112 -110 -89 # -129 -129 -129 -129 -129 -257 -129 -129 
Elastic buffer uses 4 channels per SM
Elastic buffer uses 4 channels per SM
Elastic buffer uses 4 channels per SM
Elastic buffer uses 4 channels per SM
Elastic buffer uses 4 channels per SM
Elastic buffer uses 4 channels per SM
Elastic buffer uses 4 channels per SM
Elastic buffer uses 4 channels per SM
CPU side received count (scaleup: 6): -104 -104 -101 -100 -120 -110 -107 -109 # -129 -129 -129 -129 -129 -257 -129 -129 
CPU side received count (scaleup: 4): -110 -92 -102 -111 -107 -117 -103 -91 # -129 -129 -129 -129 -129 -129 -129 -129 
CPU side received count (scaleup: 7): -101 -97 -90 -100 -117 -101 -84 -109 # -129 -129 -129 -129 -129 -129 -129 -129 
CPU side received count (scaleup: 5): -104 -112 -102 -101 -88 -88 -98 -92 # -129 -129 -129 -129 -129 -129 -129 -129 
CPU side received count (scaleup: 3): -106 -109 -100 -120 -96 -108 -107 -92 # -129 -129 -129 -257 -129 -257 -129 -129 
CPU side received count (scaleup: 1): -107 -113 -97 -105 -87 -80 -94 -108 # -129 -129 -129 -129 -129 -129 -129 -129 
CPU side received count (scaleup: 0): -100 -109 -96 -109 -121 -113 -118 -100 # -129 -129 -129 -129 -129 -129 -129 -129 
CPU side received count (scaleup: 2): -105 -111 -115 -91 -103 -112 -110 -89 # -129 -129 -129 -129 -129 -257 -129 -129 
Elastic buffer uses 4 channels per SM
Elastic buffer uses 4 channels per SM
Elastic buffer uses 4 channels per SM
Elastic buffer uses 4 channels per SM
Elastic buffer uses 4 channels per SM
Elastic buffer uses 4 channels per SM
Elastic buffer uses 4 channels per SM
Elastic buffer uses 4 channels per SM
CPU side received count (scaleup: 3): -106 -109 -100 -120 -96 -108 -107 -92 # -129 -129 -129 -257 -129 -257 -129 -129 
CPU side received count (scaleup: 5): -104 -112 -102 -101 -88 -88 -98 -92 # -129 -129 -129 -129 -129 -129 -129 -129 
CPU side received count (scaleup: 6): -104 -104 -101 -100 -120 -110 -107 -109 # -129 -129 -129 -129 -129 -257 -129 -129 
CPU side received count (scaleup: 7): -101 -97 -90 -100 -117 -101 -84 -109 # -129 -129 -129 -129 -129 -129 -129 -129 
CPU side received count (scaleup: 4): -110 -92 -102 -111 -107 -117 -103 -91 # -129 -129 -129 -129 -129 -129 -129 -129 
CPU side received count (scaleup: 0): -100 -109 -96 -109 -121 -113 -118 -100 # -129 -129 -129 -129 -129 -129 -129 -129 
CPU side received count (scaleup: 2): -105 -111 -115 -91 -103 -112 -110 -89 # -129 -129 -129 -129 -129 -257 -129 -129 
CPU side received count (scaleup: 1): -107 -113 -97 -105 -87 -80 -94 -108 # -129 -129 -129 -129 -129 -129 -129 -129 
Elastic buffer uses 4 channels per SM
Elastic buffer uses 4 channels per SM
Elastic buffer uses 4 channels per SM
Elastic buffer uses 4 channels per SM
Elastic buffer uses 4 channels per SM
Elastic buffer uses 4 channels per SM
Elastic buffer uses 4 channels per SM
Elastic buffer uses 4 channels per SM
CPU side received count (scaleup: 6): -104 -104 -101 -100 -120 -110 -107 -109 # -129 -129 -129 -129 -129 -257 -129 -129 
CPU side received count (scaleup: 7): -101 -97 -90 -100 -117 -101 -84 -109 # -129 -129 -129 -129 -129 -129 -129 -129 
CPU side received count (scaleup: 5): -104 -112 -102 -101 -88 -88 -98 -92 # -129 -129 -129 -129 -129 -129 -129 -129 
CPU side received count (scaleup: 4): -110 -92 -102 -111 -107 -117 -103 -91 # -129 -129 -129 -129 -129 -129 -129 -129 
CPU side received count (scaleup: 3): -106 -109 -100 -120 -96 -108 -107 -92 # -129 -129 -129 -257 -129 -257 -129 -129 
CPU side received count (scaleup: 0): -100 -109 -96 -109 -121 -113 -118 -100 # -129 -129 -129 -129 -129 -129 -129 -129 
CPU side received count (scaleup: 1): -107 -113 -97 -105 -87 -80 -94 -108 # -129 -129 -129 -129 -129 -129 -129 -129 
CPU side received count (scaleup: 2): -105 -111 -115 -91 -103 -112 -110 -89 # -129 -129 -129 -129 -129 -257 -129 -129 
Elastic buffer uses 4 channels per SM
Elastic buffer uses 4 channels per SM
Elastic buffer uses 4 channels per SM
Elastic buffer uses 4 channels per SM
Elastic buffer uses 4 channels per SM
Elastic buffer uses 4 channels per SM
Elastic buffer uses 4 channels per SM
Elastic buffer uses 4 channels per SM
CPU side received count (scaleup: 3): -106 -109 -100 -120 -96 -108 -107 -92 # -129 -129 -129 -257 -129 -257 -129 -129 
CPU side received count (scaleup: 7): -101 -97 -90 -100 -117 -101 -84 -109 # -129 -129 -129 -129 -129 -129 -129 -129 
CPU side received count (scaleup: 4): -110 -92 -102 -111 -107 -117 -103 -91 # -129 -129 -129 -129 -129 -129 -129 -129 
CPU side received count (scaleup: 6): -104 -104 -101 -100 -120 -110 -107 -109 # -129 -129 -129 -129 -129 -257 -129 -129 
CPU side received count (scaleup: 5): -104 -112 -102 -101 -88 -88 -98 -92 # -129 -129 -129 -129 -129 -129 -129 -129 
CPU side received count (scaleup: 1): -107 -113 -97 -105 -87 -80 -94 -108 # -129 -129 -129 -129 -129 -129 -129 -129 
CPU side received count (scaleup: 2): -105 -111 -115 -91 -103 -112 -110 -89 # -129 -129 -129 -129 -129 -257 -129 -129 
CPU side received count (scaleup: 0): -100 -109 -96 -109 -121 -113 -118 -100 # -129 -129 -129 -129 -129 -129 -129 -129 
Elastic buffer uses 4 channels per SM
Elastic buffer uses 4 channels per SM
Elastic buffer uses 4 channels per SM
Elastic buffer uses 4 channels per SM
Elastic buffer uses 4 channels per SM
Elastic buffer uses 4 channels per SM
Elastic buffer uses 4 channels per SM
Elastic buffer uses 4 channels per SM
CPU side received count (scaleup: 4): -110 -92 -102 -111 -107 -117 -103 -91 # -129 -129 -129 -129 -129 -129 -129 -129 
CPU side received count (scaleup: 7): -101 -97 -90 -100 -117 -101 -84 -109 # -129 -129 -129 -129 -129 -129 -129 -129 
CPU side received count (scaleup: 0): -100 -109 -96 -109 -121 -113 -118 -100 # -129 -129 -129 -129 -129 -129 -129 -129 
CPU side received count (scaleup: 2): -105 -111 -115 -91 -103 -112 -110 -89 # -129 -129 -129 -129 -129 -257 -129 -129 
CPU side received count (scaleup: 1): -107 -113 -97 -105 -87 -80 -94 -108 # -129 -129 -129 -129 -129 -129 -129 -129 
CPU side received count (scaleup: 6): -104 -104 -101 -100 -120 -110 -107 -109 # -129 -129 -129 -129 -129 -257 -129 -129 
CPU side received count (scaleup: 5): -104 -112 -102 -101 -88 -88 -98 -92 # -129 -129 -129 -129 -129 -129 -129 -129 
CPU side received count (scaleup: 3): -106 -109 -100 -120 -96 -108 -107 -92 # -129 -129 -129 -257 -129 -257 -129 -129 
Elastic buffer uses 4 channels per SM
Elastic buffer uses 4 channels per SM
Elastic buffer uses 4 channels per SM
Elastic buffer uses 4 channels per SM
Elastic buffer uses 4 channels per SM
Elastic buffer uses 4 channels per SM
Elastic buffer uses 4 channels per SM
Elastic buffer uses 4 channels per SM
CPU side received count (scaleup: 5): -104 -112 -102 -101 -88 -88 -98 -92 # -129 -129 -129 -129 -129 -129 -129 -129 
CPU side received count (scaleup: 7): -101 -97 -90 -100 -117 -101 -84 -109 # -129 -129 -129 -129 -129 -129 -129 -129 
CPU side received count (scaleup: 4): -110 -92 -102 -111 -107 -117 -103 -91 # -129 -129 -129 -129 -129 -129 -129 -129 
CPU side received count (scaleup: 6): -104 -104 -101 -100 -120 -110 -107 -109 # -129 -129 -129 -129 -129 -257 -129 -129 
CPU side received count (scaleup: 3): -106 -109 -100 -120 -96 -108 -107 -92 # -129 -129 -129 -257 -129 -257 -129 -129 
CPU side received count (scaleup: 1): -107 -113 -97 -105 -87 -80 -94 -108 # -129 -129 -129 -129 -129 -129 -129 -129 
CPU side received count (scaleup: 0): -100 -109 -96 -109 -121 -113 -118 -100 # -129 -129 -129 -129 -129 -129 -129 -129 
CPU side received count (scaleup: 2): -105 -111 -115 -91 -103 -112 -110 -89 # -129 -129 -129 -129 -129 -257 -129 -129 
Elastic buffer uses 4 channels per SM
Elastic buffer uses 4 channels per SM
Elastic buffer uses 4 channels per SM
Elastic buffer uses 4 channels per SM
Elastic buffer uses 4 channels per SM
Elastic buffer uses 4 channels per SM
Elastic buffer uses 4 channels per SM
Elastic buffer uses 4 channels per SM
CPU side received count (scaleup: 4): -110 -92 -102 -111 -107 -117 -103 -91 # -129 -129 -129 -129 -129 -129 -129 -129 
CPU side received count (scaleup: 6): -104 -104 -101 -100 -120 -110 -107 -109 # -129 -129 -129 -129 -129 -257 -129 -129 
CPU side received count (scaleup: 7): -101 -97 -90 -100 -117 -101 -84 -109 # -129 -129 -129 -129 -129 -129 -129 -129 
CPU side received count (scaleup: 5): -104 -112 -102 -101 -88 -88 -98 -92 # -129 -129 -129 -129 -129 -129 -129 -129 
CPU side received count (scaleup: 3): -106 -109 -100 -120 -96 -108 -107 -92 # -129 -129 -129 -257 -129 -257 -129 -129 
CPU side received count (scaleup: 0): -100 -109 -96 -109 -121 -113 -118 -100 # -129 -129 -129 -129 -129 -129 -129 -129 
CPU side received count (scaleup: 2): -105 -111 -115 -91 -103 -112 -110 -89 # -129 -129 -129 -129 -129 -257 -129 -129 
CPU side received count (scaleup: 1): -107 -113 -97 -105 -87 -80 -94 -108 # -129 -129 -129 -129 -129 -129 -129 -129 
Elastic buffer uses 4 channels per SM
Elastic buffer uses 4 channels per SM
Elastic buffer uses 4 channels per SM
Elastic buffer uses 4 channels per SM
Elastic buffer uses 4 channels per SM
Elastic buffer uses 4 channels per SM
Elastic buffer uses 4 channels per SM
Elastic buffer uses 4 channels per SM
CPU side received count (scaleup: 3): -106 -109 -100 -120 -96 -108 -107 -92 # -129 -129 -129 -257 -129 -257 -129 -129 
CPU side received count (scaleup: 6): -104 -104 -101 -100 -120 -110 -107 -109 # -129 -129 -129 -129 -129 -257 -129 -129 
CPU side received count (scaleup: 4): -110 -92 -102 -111 -107 -117 -103 -91 # -129 -129 -129 -129 -129 -129 -129 -129 
CPU side received count (scaleup: 5): -104 -112 -102 -101 -88 -88 -98 -92 # -129 -129 -129 -129 -129 -129 -129 -129 
CPU side received count (scaleup: 7): -101 -97 -90 -100 -117 -101 -84 -109 # -129 -129 -129 -129 -129 -129 -129 -129 
CPU side received count (scaleup: 1): -107 -113 -97 -105 -87 -80 -94 -108 # -129 -129 -129 -129 -129 -129 -129 -129 
CPU side received count (scaleup: 2): -105 -111 -115 -91 -103 -112 -110 -89 # -129 -129 -129 -129 -129 -257 -129 -129 
CPU side received count (scaleup: 0): -100 -109 -96 -109 -121 -113 -118 -100 # -129 -129 -129 -129 -129 -129 -129 -129 
Elastic buffer uses 4 channels per SM
Elastic buffer uses 4 channels per SM
Elastic buffer uses 4 channels per SM
Elastic buffer uses 4 channels per SM
Elastic buffer uses 4 channels per SM
Elastic buffer uses 4 channels per SM
Elastic buffer uses 4 channels per SM
Elastic buffer uses 4 channels per SM
CPU side received count (scaleup: 5): -104 -112 -102 -101 -88 -88 -98 -92 # -129 -129 -129 -129 -129 -129 -129 -129 
CPU side received count (scaleup: 4): -110 -92 -102 -111 -107 -117 -103 -91 # -129 -129 -129 -129 -129 -129 -129 -129 
CPU side received count (scaleup: 7): -101 -97 -90 -100 -117 -101 -84 -109 # -129 -129 -129 -129 -129 -129 -129 -129 
CPU side received count (scaleup: 6): -104 -104 -101 -100 -120 -110 -107 -109 # -129 -129 -129 -129 -129 -257 -129 -129 
CPU side received count (scaleup: 3): -106 -109 -100 -120 -96 -108 -107 -92 # -129 -129 -129 -257 -129 -257 -129 -129 
CPU side received count (scaleup: 0): -100 -109 -96 -109 -121 -113 -118 -100 # -129 -129 -129 -129 -129 -129 -129 -129 
CPU side received count (scaleup: 2): -105 -111 -115 -91 -103 -112 -110 -89 # -129 -129 -129 -129 -129 -257 -129 -129 
CPU side received count (scaleup: 1): -107 -113 -97 -105 -87 -80 -94 -108 # -129 -129 -129 -129 -129 -129 -129 -129 
Elastic buffer uses 4 channels per SM
Elastic buffer uses 4 channels per SM
Elastic buffer uses 4 channels per SM
Elastic buffer uses 4 channels per SM
Elastic buffer uses 4 channels per SM
Elastic buffer uses 4 channels per SM
Elastic buffer uses 4 channels per SM
Elastic buffer uses 4 channels per SM
CPU side received count (scaleup: 6): -104 -104 -101 -100 -120 -110 -107 -109 # -129 -129 -129 -129 -129 -257 -129 -129 
CPU side received count (scaleup: 7): -101 -97 -90 -100 -117 -101 -84 -109 # -129 -129 -129 -129 -129 -129 -129 -129 
CPU side received count (scaleup: 5): -104 -112 -102 -101 -88 -88 -98 -92 # -129 -129 -129 -129 -129 -129 -129 -129 
CPU side received count (scaleup: 4): -110 -92 -102 -111 -107 -117 -103 -91 # -129 -129 -129 -129 -129 -129 -129 -129 
CPU side received count (scaleup: 3): -106 -109 -100 -120 -96 -108 -107 -92 # -129 -129 -129 -257 -129 -257 -129 -129 
CPU side received count (scaleup: 0): -100 -109 -96 -109 -121 -113 -118 -100 # -129 -129 -129 -129 -129 -129 -129 -129 
CPU side received count (scaleup: 1): -107 -113 -97 -105 -87 -80 -94 -108 # -129 -129 -129 -129 -129 -129 -129 -129 
CPU side received count (scaleup: 2): -105 -111 -115 -91 -103 -112 -110 -89 # -129 -129 -129 -129 -129 -257 -129 -129 
Elastic buffer uses 4 channels per SM
Elastic buffer uses 4 channels per SM
Elastic buffer uses 4 channels per SM
Elastic buffer uses 4 channels per SM
Elastic buffer uses 4 channels per SM
Elastic buffer uses 4 channels per SM
Elastic buffer uses 4 channels per SM
Elastic buffer uses 4 channels per SM
CPU side received count (scaleup: 6): -104 -104 -101 -100 -120 -110 -107 -109 # -129 -129 -129 -129 -129 -257 -129 -129 
CPU side received count (scaleup: 4): -110 -92 -102 -111 -107 -117 -103 -91 # -129 -129 -129 -129 -129 -129 -129 -129 
CPU side received count (scaleup: 5): -104 -112 -102 -101 -88 -88 -98 -92 # -129 -129 -129 -129 -129 -129 -129 -129 
CPU side received count (scaleup: 7): -101 -97 -90 -100 -117 -101 -84 -109 # -129 -129 -129 -129 -129 -129 -129 -129 
CPU side received count (scaleup: 3): -106 -109 -100 -120 -96 -108 -107 -92 # -129 -129 -129 -257 -129 -257 -129 -129 
CPU side received count (scaleup: 2): -105 -111 -115 -91 -103 -112 -110 -89 # -129 -129 -129 -129 -129 -257 -129 -129 
CPU side received count (scaleup: 0): -100 -109 -96 -109 -121 -113 -118 -100 # -129 -129 -129 -129 -129 -129 -129 -129 
CPU side received count (scaleup: 1): -107 -113 -97 -105 -87 -80 -94 -108 # -129 -129 -129 -129 -129 -129 -129 -129 
Elastic buffer uses 4 channels per SM
Elastic buffer uses 4 channels per SM
Elastic buffer uses 4 channels per SM
Elastic buffer uses 4 channels per SM
Elastic buffer uses 4 channels per SM
Elastic buffer uses 4 channels per SM
Elastic buffer uses 4 channels per SM
Elastic buffer uses 4 channels per SM
CPU side received count (scaleup: 3): -106 -109 -100 -120 -96 -108 -107 -92 # -129 -129 -129 -257 -129 -257 -129 -129 
CPU side received count (scaleup: 7): -101 -97 -90 -100 -117 -101 -84 -109 # -129 -129 -129 -129 -129 -129 -129 -129 
CPU side received count (scaleup: 6): -104 -104 -101 -100 -120 -110 -107 -109 # -129 -129 -129 -129 -129 -257 -129 -129 
CPU side received count (scaleup: 4): -110 -92 -102 -111 -107 -117 -103 -91 # -129 -129 -129 -129 -129 -129 -129 -129 
CPU side received count (scaleup: 5): -104 -112 -102 -101 -88 -88 -98 -92 # -129 -129 -129 -129 -129 -129 -129 -129 
CPU side received count (scaleup: 1): -107 -113 -97 -105 -87 -80 -94 -108 # -129 -129 -129 -129 -129 -129 -129 -129 
CPU side received count (scaleup: 2): -105 -111 -115 -91 -103 -112 -110 -89 # -129 -129 -129 -129 -129 -257 -129 -129 
CPU side received count (scaleup: 0): -100 -109 -96 -109 -121 -113 -118 -100 # -129 -129 -129 -129 -129 -129 -129 -129 
Elastic buffer uses 4 channels per SM
Elastic buffer uses 4 channels per SM
Elastic buffer uses 4 channels per SM
Elastic buffer uses 4 channels per SM
Elastic buffer uses 4 channels per SM
Elastic buffer uses 4 channels per SM
Elastic buffer uses 4 channels per SM
Elastic buffer uses 4 channels per SM
CPU side received count (scaleup: 5): -104 -112 -102 -101 -88 -88 -98 -92 # -129 -129 -129 -129 -129 -129 -129 -129 
CPU side received count (scaleup: 7): -101 -97 -90 -100 -117 -101 -84 -109 # -129 -129 -129 -129 -129 -129 -129 -129 
CPU side received count (scaleup: 4): -110 -92 -102 -111 -107 -117 -103 -91 # -129 -129 -129 -129 -129 -129 -129 -129 
CPU side received count (scaleup: 3): -106 -109 -100 -120 -96 -108 -107 -92 # -129 -129 -129 -257 -129 -257 -129 -129 
CPU side received count (scaleup: 6): -104 -104 -101 -100 -120 -110 -107 -109 # -129 -129 -129 -129 -129 -257 -129 -129 
CPU side received count (scaleup: 2): -105 -111 -115 -91 -103 -112 -110 -89 # -129 -129 -129 -129 -129 -257 -129 -129 
CPU side received count (scaleup: 0): -100 -109 -96 -109 -121 -113 -118 -100 # -129 -129 -129 -129 -129 -129 -129 -129 
CPU side received count (scaleup: 1): -107 -113 -97 -105 -87 -80 -94 -108 # -129 -129 -129 -129 -129 -129 -129 -129 
Elastic buffer uses 4 channels per SM
Elastic buffer uses 4 channels per SM
Elastic buffer uses 4 channels per SM
Elastic buffer uses 4 channels per SM
Elastic buffer uses 4 channels per SM
Elastic buffer uses 4 channels per SM
Elastic buffer uses 4 channels per SM
Elastic buffer uses 4 channels per SM
CPU side received count (scaleup: 6): -104 -104 -101 -100 -120 -110 -107 -109 # -129 -129 -129 -129 -129 -257 -129 -129 
CPU side received count (scaleup: 7): -101 -97 -90 -100 -117 -101 -84 -109 # -129 -129 -129 -129 -129 -129 -129 -129 
CPU side received count (scaleup: 4): -110 -92 -102 -111 -107 -117 -103 -91 # -129 -129 -129 -129 -129 -129 -129 -129 
CPU side received count (scaleup: 3): -106 -109 -100 -120 -96 -108 -107 -92 # -129 -129 -129 -257 -129 -257 -129 -129 
CPU side received count (scaleup: 5): -104 -112 -102 -101 -88 -88 -98 -92 # -129 -129 -129 -129 -129 -129 -129 -129 
CPU side received count (scaleup: 0): -100 -109 -96 -109 -121 -113 -118 -100 # -129 -129 -129 -129 -129 -129 -129 -129 
CPU side received count (scaleup: 1): -107 -113 -97 -105 -87 -80 -94 -108 # -129 -129 -129 -129 -129 -129 -129 -129 
CPU side received count (scaleup: 2): -105 -111 -115 -91 -103 -112 -110 -89 # -129 -129 -129 -129 -129 -257 -129 -129 
Elastic buffer uses 4 channels per SM
Elastic buffer uses 4 channels per SM
Elastic buffer uses 4 channels per SM
Elastic buffer uses 4 channels per SM
Elastic buffer uses 4 channels per SM
Elastic buffer uses 4 channels per SM
Elastic buffer uses 4 channels per SM
Elastic buffer uses 4 channels per SM
CPU side received count (scaleup: 6): -104 -104 -101 -100 -120 -110 -107 -109 # -129 -129 -129 -129 -129 -257 -129 -129 
CPU side received count (scaleup: 5): -104 -112 -102 -101 -88 -88 -98 -92 # -129 -129 -129 -129 -129 -129 -129 -129 
CPU side received count (scaleup: 7): -101 -97 -90 -100 -117 -101 -84 -109 # -129 -129 -129 -129 -129 -129 -129 -129 
CPU side received count (scaleup: 4): -110 -92 -102 -111 -107 -117 -103 -91 # -129 -129 -129 -129 -129 -129 -129 -129 
CPU side received count (scaleup: 3): -106 -109 -100 -120 -96 -108 -107 -92 # -129 -129 -129 -257 -129 -257 -129 -129 
CPU side received count (scaleup: 0): -100 -109 -96 -109 -121 -113 -118 -100 # -129 -129 -129 -129 -129 -129 -129 -129 
CPU side received count (scaleup: 1): -107 -113 -97 -105 -87 -80 -94 -108 # -129 -129 -129 -129 -129 -129 -129 -129 
CPU side received count (scaleup: 2): -105 -111 -115 -91 -103 -112 -110 -89 # -129 -129 -129 -129 -129 -257 -129 -129 
Elastic buffer uses 4 channels per SM
Elastic buffer uses 4 channels per SM
Elastic buffer uses 4 channels per SM
Elastic buffer uses 4 channels per SM
Elastic buffer uses 4 channels per SM
Elastic buffer uses 4 channels per SM
Elastic buffer uses 4 channels per SM
Elastic buffer uses 4 channels per SM
CPU side received count (scaleup: 4): -110 -92 -102 -111 -107 -117 -103 -91 # -129 -129 -129 -129 -129 -129 -129 -129 
CPU side received count (scaleup: 7): -101 -97 -90 -100 -117 -101 -84 -109 # -129 -129 -129 -129 -129 -129 -129 -129 
CPU side received count (scaleup: 6): -104 -104 -101 -100 -120 -110 -107 -109 # -129 -129 -129 -129 -129 -257 -129 -129 
CPU side received count (scaleup: 5): -104 -112 -102 -101 -88 -88 -98 -92 # -129 -129 -129 -129 -129 -129 -129 -129 
CPU side received count (scaleup: 3): -106 -109 -100 -120 -96 -108 -107 -92 # -129 -129 -129 -257 -129 -257 -129 -129 
CPU side received count (scaleup: 1): -107 -113 -97 -105 -87 -80 -94 -108 # -129 -129 -129 -129 -129 -129 -129 -129 
CPU side received count (scaleup: 2): -105 -111 -115 -91 -103 -112 -110 -89 # -129 -129 -129 -129 -129 -257 -129 -129 
CPU side received count (scaleup: 0): -100 -109 -96 -109 -121 -113 -118 -100 # -129 -129 -129 -129 -129 -129 -129 -129 
Elastic buffer uses 4 channels per SM
Elastic buffer uses 4 channels per SM
Elastic buffer uses 4 channels per SM
Elastic buffer uses 4 channels per SM
Elastic buffer uses 4 channels per SM
Elastic buffer uses 4 channels per SM
Elastic buffer uses 4 channels per SM
Elastic buffer uses 4 channels per SM
CPU side received count (scaleup: 6): -104 -104 -101 -100 -120 -110 -107 -109 # -129 -129 -129 -129 -129 -257 -129 -129 
CPU side received count (scaleup: 5): -104 -112 -102 -101 -88 -88 -98 -92 # -129 -129 -129 -129 -129 -129 -129 -129 
CPU side received count (scaleup: 7): -101 -97 -90 -100 -117 -101 -84 -109 # -129 -129 -129 -129 -129 -129 -129 -129 
CPU side received count (scaleup: 3): -106 -109 -100 -120 -96 -108 -107 -92 # -129 -129 -129 -257 -129 -257 -129 -129 
CPU side received count (scaleup: 4): -110 -92 -102 -111 -107 -117 -103 -91 # -129 -129 -129 -129 -129 -129 -129 -129 
CPU side received count (scaleup: 0): -100 -109 -96 -109 -121 -113 -118 -100 # -129 -129 -129 -129 -129 -129 -129 -129 
CPU side received count (scaleup: 1): -107 -113 -97 -105 -87 -80 -94 -108 # -129 -129 -129 -129 -129 -129 -129 -129 
CPU side received count (scaleup: 2): -105 -111 -115 -91 -103 -112 -110 -89 # -129 -129 -129 -129 -129 -257 -129 -129 
USDT:2026-08-25 02:49:23 435:435 SyncActivityProfilerHandler.cpp:59] profiler_stopUSDT:2026-08-25 02:49:23 433:433 SyncActivityProfilerHandler.cpp:59] profiler_stopUSDT:2026-08-25 02:49:23 437:437 SyncActivityProfilerHandler.cpp:59] profiler_stopUSDT:2026-08-25 02:49:23 436:436 SyncActivityProfilerHandler.cpp:59] profiler_stopUSDT:2026-08-25 02:49:23 434:434 SyncActivityProfilerHandler.cpp:59] profiler_stop




USDT:2026-08-25 02:49:23 430:430 SyncActivityProfilerHandler.cpp:59] profiler_stop
USDT:2026-08-25 02:49:23 432:432 SyncActivityProfilerHandler.cpp:59] profiler_stopUSDT:2026-08-25 02:49:23 431:431 SyncActivityProfilerHandler.cpp:59] profiler_stop

   * EP:  28/32 | dispatch: 3 GB/s (SO), 6 GB/s (SU), 1010.000 us, 6177600 bytes | copy: 44 GB/s, 283.046 us
   * EP:  30/32 | dispatch: 3 GB/s (SO), 6 GB/s (SU), 1010.000 us, 6342336 bytes | copy: 43 GB/s, 296.381 us
   * EP:  29/32 | dispatch: 3 GB/s (SO), 6 GB/s (SU), 1010.000 us, 5818176 bytes | copy: 41 GB/s, 285.682 us
   * EP:  31/32 | dispatch: 3 GB/s (SO), 6 GB/s (SU), 1010.000 us, 5923008 bytes | copy: 38 GB/s, 308.731 us
   * EP:  27/32 | dispatch: 3 GB/s (SO), 6 GB/s (SU), 1010.000 us, 6215040 bytes | copy: 42 GB/s, 295.922 us
   * EP:  24/32 | dispatch: 3 GB/s (SO), 6 GB/s (SU), 1010.000 us, 6424704 bytes | copy: 3070 GB/s, 4.186 us
   * EP:  25/32 | dispatch: 3 GB/s (SO), 6 GB/s (SU), 1010.000 us, 5863104 bytes | copy: 54 GB/s, 218.663 us
   * EP:  26/32 | dispatch: 3 GB/s (SO), 6 GB/s (SU), 1010.000 us, 6200064 bytes | copy: 43 GB/s, 286.341 us
Elastic buffer uses 4 channels per SM
Elastic buffer uses 4 channels per SM
Elastic buffer uses 4 channels per SM
Elastic buffer uses 4 channels per SM
Elastic buffer uses 4 channels per SM
Elastic buffer uses 4 channels per SM
Elastic buffer uses 4 channels per SM
Elastic buffer uses 4 channels per SM
CPU side received count (scaleup: 3): -106 -109 -100 -120 -96 -108 -107 -92 # -129 -129 -129 -257 -129 -257 -129 -129 
CPU side received count (scaleup: 5): -104 -112 -102 -101 -88 -88 -98 -92 # -129 -129 -129 -129 -129 -129 -129 -129 
CPU side received count (scaleup: 1): -107 -113 -97 -105 -87 -80 -94 -108 # -129 -129 -129 -129 -129 -129 -129 -129 
CPU side received count (scaleup: 2): -105 -111 -115 -91 -103 -112 -110 -89 # -129 -129 -129 -129 -129 -257 -129 -129 
CPU side received count (scaleup: 0): -100 -109 -96 -109 -121 -113 -118 -100 # -129 -129 -129 -129 -129 -129 -129 -129 
CPU side received count (scaleup: 6): -104 -104 -101 -100 -120 -110 -107 -109 # -129 -129 -129 -129 -129 -257 -129 -129 
CPU side received count (scaleup: 7): -101 -97 -90 -100 -117 -101 -84 -109 # -129 -129 -129 -129 -129 -129 -129 -129 
CPU side received count (scaleup: 4): -110 -92 -102 -111 -107 -117 -103 -91 # -129 -129 -129 -129 -129 -129 -129 -129 
Elastic buffer uses 4 channels per SM
Elastic buffer uses 4 channels per SM
Elastic buffer uses 4 channels per SM
Elastic buffer uses 4 channels per SM
Elastic buffer uses 4 channels per SM
Elastic buffer uses 4 channels per SM
Elastic buffer uses 4 channels per SM
Elastic buffer uses 4 channels per SM
CPU side received count (scaleup: 7): -101 -97 -90 -100 -117 -101 -84 -109 # -129 -129 -129 -129 -129 -129 -129 -129 
CPU side received count (scaleup: 4): -110 -92 -102 -111 -107 -117 -103 -91 # -129 -129 -129 -129 -129 -129 -129 -129 
CPU side received count (scaleup: 6): -104 -104 -101 -100 -120 -110 -107 -109 # -129 -129 -129 -129 -129 -257 -129 -129 
CPU side received count (scaleup: 1): -107 -113 -97 -105 -87 -80 -94 -108 # -129 -129 -129 -129 -129 -129 -129 -129 
CPU side received count (scaleup: 5): -104 -112 -102 -101 -88 -88 -98 -92 # -129 -129 -129 -129 -129 -129 -129 -129 
CPU side received count (scaleup: 3): -106 -109 -100 -120 -96 -108 -107 -92 # -129 -129 -129 -257 -129 -257 -129 -129 
CPU side received count (scaleup: 0): -100 -109 -96 -109 -121 -113 -118 -100 # -129 -129 -129 -129 -129 -129 -129 -129 
CPU side received count (scaleup: 2): -105 -111 -115 -91 -103 -112 -110 -89 # -129 -129 -129 -129 -129 -257 -129 -129 
Elastic buffer uses 4 channels per SM
Elastic buffer uses 4 channels per SM
Elastic buffer uses 4 channels per SM
Elastic buffer uses 4 channels per SM
Elastic buffer uses 4 channels per SM
Elastic buffer uses 4 channels per SM
Elastic buffer uses 4 channels per SM
Elastic buffer uses 4 channels per SM
CPU side received count (scaleup: 6): -104 -104 -101 -100 -120 -110 -107 -109 # -129 -129 -129 -129 -129 -257 -129 -129 
CPU side received count (scaleup: 4): -110 -92 -102 -111 -107 -117 -103 -91 # -129 -129 -129 -129 -129 -129 -129 -129 
CPU side received count (scaleup: 0): -100 -109 -96 -109 -121 -113 -118 -100 # -129 -129 -129 -129 -129 -129 -129 -129 
CPU side received count (scaleup: 2): -105 -111 -115 -91 -103 -112 -110 -89 # -129 -129 -129 -129 -129 -257 -129 -129 
CPU side received count (scaleup: 7): -101 -97 -90 -100 -117 -101 -84 -109 # -129 -129 -129 -129 -129 -129 -129 -129 
CPU side received count (scaleup: 5): -104 -112 -102 -101 -88 -88 -98 -92 # -129 -129 -129 -129 -129 -129 -129 -129 
CPU side received count (scaleup: 1): -107 -113 -97 -105 -87 -80 -94 -108 # -129 -129 -129 -129 -129 -129 -129 -129 
CPU side received count (scaleup: 3): -106 -109 -100 -120 -96 -108 -107 -92 # -129 -129 -129 -257 -129 -257 -129 -129 
Elastic buffer uses 4 channels per SM
Elastic buffer uses 4 channels per SM
Elastic buffer uses 4 channels per SM
Elastic buffer uses 4 channels per SM
Elastic buffer uses 4 channels per SM
Elastic buffer uses 4 channels per SM
Elastic buffer uses 4 channels per SM
Elastic buffer uses 4 channels per SM
CPU side received count (scaleup: 7): -101 -97 -90 -100 -117 -101 -84 -109 # -129 -129 -129 -129 -129 -129 -129 -129 
CPU side received count (scaleup: 4): -110 -92 -102 -111 -107 -117 -103 -91 # -129 -129 -129 -129 -129 -129 -129 -129 
CPU side received count (scaleup: 6): -104 -104 -101 -100 -120 -110 -107 -109 # -129 -129 -129 -129 -129 -257 -129 -129 
CPU side received count (scaleup: 5): -104 -112 -102 -101 -88 -88 -98 -92 # -129 -129 -129 -129 -129 -129 -129 -129 
CPU side received count (scaleup: 3): -106 -109 -100 -120 -96 -108 -107 -92 # -129 -129 -129 -257 -129 -257 -129 -129 
CPU side received count (scaleup: 0): -100 -109 -96 -109 -121 -113 -118 -100 # -129 -129 -129 -129 -129 -129 -129 -129 
CPU side received count (scaleup: 1): -107 -113 -97 -105 -87 -80 -94 -108 # -129 -129 -129 -129 -129 -129 -129 -129 
CPU side received count (scaleup: 2): -105 -111 -115 -91 -103 -112 -110 -89 # -129 -129 -129 -129 -129 -257 -129 -129 
Elastic buffer uses 4 channels per SM
Elastic buffer uses 4 channels per SM
Elastic buffer uses 4 channels per SM
Elastic buffer uses 4 channels per SM
Elastic buffer uses 4 channels per SM
Elastic buffer uses 4 channels per SM
Elastic buffer uses 4 channels per SM
Elastic buffer uses 4 channels per SM
CPU side received count (scaleup: 6): -104 -104 -101 -100 -120 -110 -107 -109 # -129 -129 -129 -129 -129 -257 -129 -129 
CPU side received count (scaleup: 7): -101 -97 -90 -100 -117 -101 -84 -109 # -129 -129 -129 -129 -129 -129 -129 -129 
CPU side received count (scaleup: 3): -106 -109 -100 -120 -96 -108 -107 -92 # -129 -129 -129 -257 -129 -257 -129 -129 
CPU side received count (scaleup: 5): -104 -112 -102 -101 -88 -88 -98 -92 # -129 -129 -129 -129 -129 -129 -129 -129 
CPU side received count (scaleup: 4): -110 -92 -102 -111 -107 -117 -103 -91 # -129 -129 -129 -129 -129 -129 -129 -129 
CPU side received count (scaleup: 1): -107 -113 -97 -105 -87 -80 -94 -108 # -129 -129 -129 -129 -129 -129 -129 -129 
CPU side received count (scaleup: 2): -105 -111 -115 -91 -103 -112 -110 -89 # -129 -129 -129 -129 -129 -257 -129 -129 
CPU side received count (scaleup: 0): -100 -109 -96 -109 -121 -113 -118 -100 # -129 -129 -129 -129 -129 -129 -129 -129 
Elastic buffer uses 4 channels per SM
Elastic buffer uses 4 channels per SM
Elastic buffer uses 4 channels per SM
Elastic buffer uses 4 channels per SM
Elastic buffer uses 4 channels per SM
Elastic buffer uses 4 channels per SM
Elastic buffer uses 4 channels per SM
Elastic buffer uses 4 channels per SM
CPU side received count (scaleup: 6): -104 -104 -101 -100 -120 -110 -107 -109 # -129 -129 -129 -129 -129 -257 -129 -129 
CPU side received count (scaleup: 5): -104 -112 -102 -101 -88 -88 -98 -92 # -129 -129 -129 -129 -129 -129 -129 -129 
CPU side received count (scaleup: 4): -110 -92 -102 -111 -107 -117 -103 -91 # -129 -129 -129 -129 -129 -129 -129 -129 
CPU side received count (scaleup: 7): -101 -97 -90 -100 -117 -101 -84 -109 # -129 -129 -129 -129 -129 -129 -129 -129 
CPU side received count (scaleup: 3): -106 -109 -100 -120 -96 -108 -107 -92 # -129 -129 -129 -257 -129 -257 -129 -129 
CPU side received count (scaleup: 0): -100 -109 -96 -109 -121 -113 -118 -100 # -129 -129 -129 -129 -129 -129 -129 -129 
CPU side received count (scaleup: 1): -107 -113 -97 -105 -87 -80 -94 -108 # -129 -129 -129 -129 -129 -129 -129 -129 
CPU side received count (scaleup: 2): -105 -111 -115 -91 -103 -112 -110 -89 # -129 -129 -129 -129 -129 -257 -129 -129 
Elastic buffer uses 4 channels per SM
Elastic buffer uses 4 channels per SM
Elastic buffer uses 4 channels per SM
Elastic buffer uses 4 channels per SM
Elastic buffer uses 4 channels per SM
Elastic buffer uses 4 channels per SM
Elastic buffer uses 4 channels per SM
Elastic buffer uses 4 channels per SM
CPU side received count (scaleup: 6): -104 -104 -101 -100 -120 -110 -107 -109 # -129 -129 -129 -129 -129 -257 -129 -129 
CPU side received count (scaleup: 5): -104 -112 -102 -101 -88 -88 -98 -92 # -129 -129 -129 -129 -129 -129 -129 -129 
CPU side received count (scaleup: 7): -101 -97 -90 -100 -117 -101 -84 -109 # -129 -129 -129 -129 -129 -129 -129 -129 
CPU side received count (scaleup: 3): -106 -109 -100 -120 -96 -108 -107 -92 # -129 -129 -129 -257 -129 -257 -129 -129 
CPU side received count (scaleup: 4): -110 -92 -102 -111 -107 -117 -103 -91 # -129 -129 -129 -129 -129 -129 -129 -129 
CPU side received count (scaleup: 1): -107 -113 -97 -105 -87 -80 -94 -108 # -129 -129 -129 -129 -129 -129 -129 -129 
CPU side received count (scaleup: 2): -105 -111 -115 -91 -103 -112 -110 -89 # -129 -129 -129 -129 -129 -257 -129 -129 
CPU side received count (scaleup: 0): -100 -109 -96 -109 -121 -113 -118 -100 # -129 -129 -129 -129 -129 -129 -129 -129 
Elastic buffer uses 4 channels per SM
Elastic buffer uses 4 channels per SM
Elastic buffer uses 4 channels per SM
Elastic buffer uses 4 channels per SM
Elastic buffer uses 4 channels per SM
Elastic buffer uses 4 channels per SM
Elastic buffer uses 4 channels per SM
Elastic buffer uses 4 channels per SM
CPU side received count (scaleup: 3): -106 -109 -100 -120 -96 -108 -107 -92 # -129 -129 -129 -257 -129 -257 -129 -129 
CPU side received count (scaleup: 6): -104 -104 -101 -100 -120 -110 -107 -109 # -129 -129 -129 -129 -129 -257 -129 -129 
CPU side received count (scaleup: 7): -101 -97 -90 -100 -117 -101 -84 -109 # -129 -129 -129 -129 -129 -129 -129 -129 
CPU side received count (scaleup: 5): -104 -112 -102 -101 -88 -88 -98 -92 # -129 -129 -129 -129 -129 -129 -129 -129 
CPU side received count (scaleup: 4): -110 -92 -102 -111 -107 -117 -103 -91 # -129 -129 -129 -129 -129 -129 -129 -129 
CPU side received count (scaleup: 1): -107 -113 -97 -105 -87 -80 -94 -108 # -129 -129 -129 -129 -129 -129 -129 -129 
CPU side received count (scaleup: 2): -105 -111 -115 -91 -103 -112 -110 -89 # -129 -129 -129 -129 -129 -257 -129 -129 
CPU side received count (scaleup: 0): -100 -109 -96 -109 -121 -113 -118 -100 # -129 -129 -129 -129 -129 -129 -129 -129 
Elastic buffer uses 4 channels per SM
Elastic buffer uses 4 channels per SM
Elastic buffer uses 4 channels per SM
Elastic buffer uses 4 channels per SM
Elastic buffer uses 4 channels per SM
Elastic buffer uses 4 channels per SM
Elastic buffer uses 4 channels per SM
Elastic buffer uses 4 channels per SM
CPU side received count (scaleup: 6): -104 -104 -101 -100 -120 -110 -107 -109 # -129 -129 -129 -129 -129 -257 -129 -129 
CPU side received count (scaleup: 5): -104 -112 -102 -101 -88 -88 -98 -92 # -129 -129 -129 -129 -129 -129 -129 -129 
CPU side received count (scaleup: 3): -106 -109 -100 -120 -96 -108 -107 -92 # -129 -129 -129 -257 -129 -257 -129 -129 
CPU side received count (scaleup: 4): -110 -92 -102 -111 -107 -117 -103 -91 # -129 -129 -129 -129 -129 -129 -129 -129 
CPU side received count (scaleup: 7): -101 -97 -90 -100 -117 -101 -84 -109 # -129 -129 -129 -129 -129 -129 -129 -129 
CPU side received count (scaleup: 2): -105 -111 -115 -91 -103 -112 -110 -89 # -129 -129 -129 -129 -129 -257 -129 -129 
CPU side received count (scaleup: 0): -100 -109 -96 -109 -121 -113 -118 -100 # -129 -129 -129 -129 -129 -129 -129 -129 
CPU side received count (scaleup: 1): -107 -113 -97 -105 -87 -80 -94 -108 # -129 -129 -129 -129 -129 -129 -129 -129 
Elastic buffer uses 4 channels per SM
Elastic buffer uses 4 channels per SM
Elastic buffer uses 4 channels per SM
Elastic buffer uses 4 channels per SM
Elastic buffer uses 4 channels per SM
Elastic buffer uses 4 channels per SM
Elastic buffer uses 4 channels per SM
Elastic buffer uses 4 channels per SM
CPU side received count (scaleup: 6): -104 -104 -101 -100 -120 -110 -107 -109 # -129 -129 -129 -129 -129 -257 -129 -129 
CPU side received count (scaleup: 5): -104 -112 -102 -101 -88 -88 -98 -92 # -129 -129 -129 -129 -129 -129 -129 -129 
CPU side received count (scaleup: 4): -110 -92 -102 -111 -107 -117 -103 -91 # -129 -129 -129 -129 -129 -129 -129 -129 
CPU side received count (scaleup: 7): -101 -97 -90 -100 -117 -101 -84 -109 # -129 -129 -129 -129 -129 -129 -129 -129 
CPU side received count (scaleup: 3): -106 -109 -100 -120 -96 -108 -107 -92 # -129 -129 -129 -257 -129 -257 -129 -129 
CPU side received count (scaleup: 0): -100 -109 -96 -109 -121 -113 -118 -100 # -129 -129 -129 -129 -129 -129 -129 -129 
CPU side received count (scaleup: 1): -107 -113 -97 -105 -87 -80 -94 -108 # -129 -129 -129 -129 -129 -129 -129 -129 
CPU side received count (scaleup: 2): -105 -111 -115 -91 -103 -112 -110 -89 # -129 -129 -129 -129 -129 -257 -129 -129 
Elastic buffer uses 4 channels per SM
Elastic buffer uses 4 channels per SM
Elastic buffer uses 4 channels per SM
Elastic buffer uses 4 channels per SM
Elastic buffer uses 4 channels per SM
Elastic buffer uses 4 channels per SM
Elastic buffer uses 4 channels per SM
Elastic buffer uses 4 channels per SM
CPU side received count (scaleup: 5): -104 -112 -102 -101 -88 -88 -98 -92 # -129 -129 -129 -129 -129 -129 -129 -129 
CPU side received count (scaleup: 4): -110 -92 -102 -111 -107 -117 -103 -91 # -129 -129 -129 -129 -129 -129 -129 -129 
CPU side received count (scaleup: 3): -106 -109 -100 -120 -96 -108 -107 -92 # -129 -129 -129 -257 -129 -257 -129 -129 
CPU side received count (scaleup: 7): -101 -97 -90 -100 -117 -101 -84 -109 # -129 -129 -129 -129 -129 -129 -129 -129 
CPU side received count (scaleup: 6): -104 -104 -101 -100 -120 -110 -107 -109 # -129 -129 -129 -129 -129 -257 -129 -129 
CPU side received count (scaleup: 0): -100 -109 -96 -109 -121 -113 -118 -100 # -129 -129 -129 -129 -129 -129 -129 -129 
CPU side received count (scaleup: 2): -105 -111 -115 -91 -103 -112 -110 -89 # -129 -129 -129 -129 -129 -257 -129 -129 
CPU side received count (scaleup: 1): -107 -113 -97 -105 -87 -80 -94 -108 # -129 -129 -129 -129 -129 -129 -129 -129 
Elastic buffer uses 4 channels per SM
Elastic buffer uses 4 channels per SM
Elastic buffer uses 4 channels per SM
Elastic buffer uses 4 channels per SM
Elastic buffer uses 4 channels per SM
Elastic buffer uses 4 channels per SM
Elastic buffer uses 4 channels per SM
Elastic buffer uses 4 channels per SM
CPU side received count (scaleup: 4): -110 -92 -102 -111 -107 -117 -103 -91 # -129 -129 -129 -129 -129 -129 -129 -129 
CPU side received count (scaleup: 6): -104 -104 -101 -100 -120 -110 -107 -109 # -129 -129 -129 -129 -129 -257 -129 -129 
CPU side received count (scaleup: 5): -104 -112 -102 -101 -88 -88 -98 -92 # -129 -129 -129 -129 -129 -129 -129 -129 
CPU side received count (scaleup: 3): -106 -109 -100 -120 -96 -108 -107 -92 # -129 -129 -129 -257 -129 -257 -129 -129 
CPU side received count (scaleup: 7): -101 -97 -90 -100 -117 -101 -84 -109 # -129 -129 -129 -129 -129 -129 -129 -129 
CPU side received count (scaleup: 0): -100 -109 -96 -109 -121 -113 -118 -100 # -129 -129 -129 -129 -129 -129 -129 -129 
CPU side received count (scaleup: 1): -107 -113 -97 -105 -87 -80 -94 -108 # -129 -129 -129 -129 -129 -129 -129 -129 
CPU side received count (scaleup: 2): -105 -111 -115 -91 -103 -112 -110 -89 # -129 -129 -129 -129 -129 -257 -129 -129 
Elastic buffer uses 4 channels per SM
Elastic buffer uses 4 channels per SM
Elastic buffer uses 4 channels per SM
Elastic buffer uses 4 channels per SM
Elastic buffer uses 4 channels per SM
Elastic buffer uses 4 channels per SM
Elastic buffer uses 4 channels per SM
Elastic buffer uses 4 channels per SM
CPU side received count (scaleup: 6): -104 -104 -101 -100 -120 -110 -107 -109 # -129 -129 -129 -129 -129 -257 -129 -129 
CPU side received count (scaleup: 4): -110 -92 -102 -111 -107 -117 -103 -91 # -129 -129 -129 -129 -129 -129 -129 -129 
CPU side received count (scaleup: 7): -101 -97 -90 -100 -117 -101 -84 -109 # -129 -129 -129 -129 -129 -129 -129 -129 
CPU side received count (scaleup: 3): -106 -109 -100 -120 -96 -108 -107 -92 # -129 -129 -129 -257 -129 -257 -129 -129 
CPU side received count (scaleup: 5): -104 -112 -102 -101 -88 -88 -98 -92 # -129 -129 -129 -129 -129 -129 -129 -129 
CPU side received count (scaleup: 0): -100 -109 -96 -109 -121 -113 -118 -100 # -129 -129 -129 -129 -129 -129 -129 -129 
CPU side received count (scaleup: 2): -105 -111 -115 -91 -103 -112 -110 -89 # -129 -129 -129 -129 -129 -257 -129 -129 
CPU side received count (scaleup: 1): -107 -113 -97 -105 -87 -80 -94 -108 # -129 -129 -129 -129 -129 -129 -129 -129 
Elastic buffer uses 4 channels per SM
Elastic buffer uses 4 channels per SM
Elastic buffer uses 4 channels per SM
Elastic buffer uses 4 channels per SM
Elastic buffer uses 4 channels per SM
Elastic buffer uses 4 channels per SM
Elastic buffer uses 4 channels per SM
Elastic buffer uses 4 channels per SM
CPU side received count (scaleup: 6): -104 -104 -101 -100 -120 -110 -107 -109 # -129 -129 -129 -129 -129 -257 -129 -129 
CPU side received count (scaleup: 7): -101 -97 -90 -100 -117 -101 -84 -109 # -129 -129 -129 -129 -129 -129 -129 -129 
CPU side received count (scaleup: 4): -110 -92 -102 -111 -107 -117 -103 -91 # -129 -129 -129 -129 -129 -129 -129 -129 
CPU side received count (scaleup: 5): -104 -112 -102 -101 -88 -88 -98 -92 # -129 -129 -129 -129 -129 -129 -129 -129 
CPU side received count (scaleup: 0): -100 -109 -96 -109 -121 -113 -118 -100 # -129 -129 -129 -129 -129 -129 -129 -129 
CPU side received count (scaleup: 1): -107 -113 -97 -105 -87 -80 -94 -108 # -129 -129 -129 -129 -129 -129 -129 -129 
CPU side received count (scaleup: 2): -105 -111 -115 -91 -103 -112 -110 -89 # -129 -129 -129 -129 -129 -257 -129 -129 
CPU side received count (scaleup: 3): -106 -109 -100 -120 -96 -108 -107 -92 # -129 -129 -129 -257 -129 -257 -129 -129 
Elastic buffer uses 4 channels per SM
Elastic buffer uses 4 channels per SM
Elastic buffer uses 4 channels per SM
Elastic buffer uses 4 channels per SM
Elastic buffer uses 4 channels per SM
Elastic buffer uses 4 channels per SM
Elastic buffer uses 4 channels per SM
Elastic buffer uses 4 channels per SM
CPU side received count (scaleup: 4): -110 -92 -102 -111 -107 -117 -103 -91 # -129 -129 -129 -129 -129 -129 -129 -129 
CPU side received count (scaleup: 7): -101 -97 -90 -100 -117 -101 -84 -109 # -129 -129 -129 -129 -129 -129 -129 -129 
CPU side received count (scaleup: 3): -106 -109 -100 -120 -96 -108 -107 -92 # -129 -129 -129 -257 -129 -257 -129 -129 
CPU side received count (scaleup: 6): -104 -104 -101 -100 -120 -110 -107 -109 # -129 -129 -129 -129 -129 -257 -129 -129 
CPU side received count (scaleup: 5): -104 -112 -102 -101 -88 -88 -98 -92 # -129 -129 -129 -129 -129 -129 -129 -129 
CPU side received count (scaleup: 1): -107 -113 -97 -105 -87 -80 -94 -108 # -129 -129 -129 -129 -129 -129 -129 -129 
CPU side received count (scaleup: 0): -100 -109 -96 -109 -121 -113 -118 -100 # -129 -129 -129 -129 -129 -129 -129 -129 
CPU side received count (scaleup: 2): -105 -111 -115 -91 -103 -112 -110 -89 # -129 -129 -129 -129 -129 -257 -129 -129 
Elastic buffer uses 4 channels per SM
Elastic buffer uses 4 channels per SM
Elastic buffer uses 4 channels per SM
Elastic buffer uses 4 channels per SM
Elastic buffer uses 4 channels per SM
Elastic buffer uses 4 channels per SM
Elastic buffer uses 4 channels per SM
Elastic buffer uses 4 channels per SM
CPU side received count (scaleup: 6): -104 -104 -101 -100 -120 -110 -107 -109 # -129 -129 -129 -129 -129 -257 -129 -129 
CPU side received count (scaleup: 7): -101 -97 -90 -100 -117 -101 -84 -109 # -129 -129 -129 -129 -129 -129 -129 -129 
CPU side received count (scaleup: 3): -106 -109 -100 -120 -96 -108 -107 -92 # -129 -129 -129 -257 -129 -257 -129 -129 
CPU side received count (scaleup: 5): -104 -112 -102 -101 -88 -88 -98 -92 # -129 -129 -129 -129 -129 -129 -129 -129 
CPU side received count (scaleup: 4): -110 -92 -102 -111 -107 -117 -103 -91 # -129 -129 -129 -129 -129 -129 -129 -129 
CPU side received count (scaleup: 0): -100 -109 -96 -109 -121 -113 -118 -100 # -129 -129 -129 -129 -129 -129 -129 -129 
CPU side received count (scaleup: 2): -105 -111 -115 -91 -103 -112 -110 -89 # -129 -129 -129 -129 -129 -257 -129 -129 
CPU side received count (scaleup: 1): -107 -113 -97 -105 -87 -80 -94 -108 # -129 -129 -129 -129 -129 -129 -129 -129 
Elastic buffer uses 4 channels per SM
Elastic buffer uses 4 channels per SM
Elastic buffer uses 4 channels per SM
Elastic buffer uses 4 channels per SM
Elastic buffer uses 4 channels per SM
Elastic buffer uses 4 channels per SM
Elastic buffer uses 4 channels per SM
Elastic buffer uses 4 channels per SM
CPU side received count (scaleup: 6): -104 -104 -101 -100 -120 -110 -107 -109 # -129 -129 -129 -129 -129 -257 -129 -129 
CPU side received count (scaleup: 4): -110 -92 -102 -111 -107 -117 -103 -91 # -129 -129 -129 -129 -129 -129 -129 -129 
CPU side received count (scaleup: 7): -101 -97 -90 -100 -117 -101 -84 -109 # -129 -129 -129 -129 -129 -129 -129 -129 
CPU side received count (scaleup: 3): -106 -109 -100 -120 -96 -108 -107 -92 # -129 -129 -129 -257 -129 -257 -129 -129 
CPU side received count (scaleup: 5): -104 -112 -102 -101 -88 -88 -98 -92 # -129 -129 -129 -129 -129 -129 -129 -129 
CPU side received count (scaleup: 0): -100 -109 -96 -109 -121 -113 -118 -100 # -129 -129 -129 -129 -129 -129 -129 -129 
CPU side received count (scaleup: 2): -105 -111 -115 -91 -103 -112 -110 -89 # -129 -129 -129 -129 -129 -257 -129 -129 
CPU side received count (scaleup: 1): -107 -113 -97 -105 -87 -80 -94 -108 # -129 -129 -129 -129 -129 -129 -129 -129 
Elastic buffer uses 4 channels per SM
Elastic buffer uses 4 channels per SM
Elastic buffer uses 4 channels per SM
Elastic buffer uses 4 channels per SM
Elastic buffer uses 4 channels per SM
Elastic buffer uses 4 channels per SM
Elastic buffer uses 4 channels per SM
Elastic buffer uses 4 channels per SM
CPU side received count (scaleup: 7): -101 -97 -90 -100 -117 -101 -84 -109 # -129 -129 -129 -129 -129 -129 -129 -129 
CPU side received count (scaleup: 5): -104 -112 -102 -101 -88 -88 -98 -92 # -129 -129 -129 -129 -129 -129 -129 -129 
CPU side received count (scaleup: 4): -110 -92 -102 -111 -107 -117 -103 -91 # -129 -129 -129 -129 -129 -129 -129 -129 
CPU side received count (scaleup: 6): -104 -104 -101 -100 -120 -110 -107 -109 # -129 -129 -129 -129 -129 -257 -129 -129 
CPU side received count (scaleup: 3): -106 -109 -100 -120 -96 -108 -107 -92 # -129 -129 -129 -257 -129 -257 -129 -129 
CPU side received count (scaleup: 1): -107 -113 -97 -105 -87 -80 -94 -108 # -129 -129 -129 -129 -129 -129 -129 -129 
CPU side received count (scaleup: 2): -105 -111 -115 -91 -103 -112 -110 -89 # -129 -129 -129 -129 -129 -257 -129 -129 
CPU side received count (scaleup: 0): -100 -109 -96 -109 -121 -113 -118 -100 # -129 -129 -129 -129 -129 -129 -129 -129 
Elastic buffer uses 4 channels per SM
Elastic buffer uses 4 channels per SM
Elastic buffer uses 4 channels per SM
Elastic buffer uses 4 channels per SM
Elastic buffer uses 4 channels per SM
Elastic buffer uses 4 channels per SM
Elastic buffer uses 4 channels per SM
Elastic buffer uses 4 channels per SM
CPU side received count (scaleup: 6): -104 -104 -101 -100 -120 -110 -107 -109 # -129 -129 -129 -129 -129 -257 -129 -129 
CPU side received count (scaleup: 4): -110 -92 -102 -111 -107 -117 -103 -91 # -129 -129 -129 -129 -129 -129 -129 -129 
CPU side received count (scaleup: 5): -104 -112 -102 -101 -88 -88 -98 -92 # -129 -129 -129 -129 -129 -129 -129 -129 
CPU side received count (scaleup: 7): -101 -97 -90 -100 -117 -101 -84 -109 # -129 -129 -129 -129 -129 -129 -129 -129 
CPU side received count (scaleup: 3): -106 -109 -100 -120 -96 -108 -107 -92 # -129 -129 -129 -257 -129 -257 -129 -129 
CPU side received count (scaleup: 1): -107 -113 -97 -105 -87 -80 -94 -108 # -129 -129 -129 -129 -129 -129 -129 -129 
CPU side received count (scaleup: 0): -100 -109 -96 -109 -121 -113 -118 -100 # -129 -129 -129 -129 -129 -129 -129 -129 
CPU side received count (scaleup: 2): -105 -111 -115 -91 -103 -112 -110 -89 # -129 -129 -129 -129 -129 -257 -129 -129 
Elastic buffer uses 4 channels per SM
Elastic buffer uses 4 channels per SM
Elastic buffer uses 4 channels per SM
Elastic buffer uses 4 channels per SM
Elastic buffer uses 4 channels per SM
Elastic buffer uses 4 channels per SM
Elastic buffer uses 4 channels per SM
Elastic buffer uses 4 channels per SM
CPU side received count (scaleup: 3): -106 -109 -100 -120 -96 -108 -107 -92 # -129 -129 -129 -257 -129 -257 -129 -129 
CPU side received count (scaleup: 6): -104 -104 -101 -100 -120 -110 -107 -109 # -129 -129 -129 -129 -129 -257 -129 -129 
CPU side received count (scaleup: 4): -110 -92 -102 -111 -107 -117 -103 -91 # -129 -129 -129 -129 -129 -129 -129 -129 
CPU side received count (scaleup: 7): -101 -97 -90 -100 -117 -101 -84 -109 # -129 -129 -129 -129 -129 -129 -129 -129 
CPU side received count (scaleup: 5): -104 -112 -102 -101 -88 -88 -98 -92 # -129 -129 -129 -129 -129 -129 -129 -129 
CPU side received count (scaleup: 1): -107 -113 -97 -105 -87 -80 -94 -108 # -129 -129 -129 -129 -129 -129 -129 -129 
CPU side received count (scaleup: 2): -105 -111 -115 -91 -103 -112 -110 -89 # -129 -129 -129 -129 -129 -257 -129 -129 
CPU side received count (scaleup: 0): -100 -109 -96 -109 -121 -113 -118 -100 # -129 -129 -129 -129 -129 -129 -129 -129 
Elastic buffer uses 4 channels per SM
Elastic buffer uses 4 channels per SM
Elastic buffer uses 4 channels per SM
Elastic buffer uses 4 channels per SM
Elastic buffer uses 4 channels per SM
Elastic buffer uses 4 channels per SM
Elastic buffer uses 4 channels per SM
Elastic buffer uses 4 channels per SM
CPU side received count (scaleup: 3): -106 -109 -100 -120 -96 -108 -107 -92 # -129 -129 -129 -257 -129 -257 -129 -129 
CPU side received count (scaleup: 6): -104 -104 -101 -100 -120 -110 -107 -109 # -129 -129 -129 -129 -129 -257 -129 -129 
CPU side received count (scaleup: 4): -110 -92 -102 -111 -107 -117 -103 -91 # -129 -129 -129 -129 -129 -129 -129 -129 
CPU side received count (scaleup: 5): -104 -112 -102 -101 -88 -88 -98 -92 # -129 -129 -129 -129 -129 -129 -129 -129 
CPU side received count (scaleup: 7): -101 -97 -90 -100 -117 -101 -84 -109 # -129 -129 -129 -129 -129 -129 -129 -129 
CPU side received count (scaleup: 0): -100 -109 -96 -109 -121 -113 -118 -100 # -129 -129 -129 -129 -129 -129 -129 -129 
CPU side received count (scaleup: 1): -107 -113 -97 -105 -87 -80 -94 -108 # -129 -129 -129 -129 -129 -129 -129 -129 
CPU side received count (scaleup: 2): -105 -111 -115 -91 -103 -112 -110 -89 # -129 -129 -129 -129 -129 -257 -129 -129 
Elastic buffer uses 4 channels per SM
Elastic buffer uses 4 channels per SM
Elastic buffer uses 4 channels per SM
Elastic buffer uses 4 channels per SM
Elastic buffer uses 4 channels per SM
Elastic buffer uses 4 channels per SM
Elastic buffer uses 4 channels per SM
Elastic buffer uses 4 channels per SM
CPU side received count (scaleup: 6): -104 -104 -101 -100 -120 -110 -107 -109 # -129 -129 -129 -129 -129 -257 -129 -129 
CPU side received count (scaleup: 4): -110 -92 -102 -111 -107 -117 -103 -91 # -129 -129 -129 -129 -129 -129 -129 -129 
CPU side received count (scaleup: 3): -106 -109 -100 -120 -96 -108 -107 -92 # -129 -129 -129 -257 -129 -257 -129 -129 
CPU side received count (scaleup: 5): -104 -112 -102 -101 -88 -88 -98 -92 # -129 -129 -129 -129 -129 -129 -129 -129 
CPU side received count (scaleup: 7): -101 -97 -90 -100 -117 -101 -84 -109 # -129 -129 -129 -129 -129 -129 -129 -129 
CPU side received count (scaleup: 1): -107 -113 -97 -105 -87 -80 -94 -108 # -129 -129 -129 -129 -129 -129 -129 -129 
CPU side received count (scaleup: 2): -105 -111 -115 -91 -103 -112 -110 -89 # -129 -129 -129 -129 -129 -257 -129 -129 
CPU side received count (scaleup: 0): -100 -109 -96 -109 -121 -113 -118 -100 # -129 -129 -129 -129 -129 -129 -129 -129 
Elastic buffer uses 4 channels per SM
Elastic buffer uses 4 channels per SM
Elastic buffer uses 4 channels per SM
Elastic buffer uses 4 channels per SM
Elastic buffer uses 4 channels per SM
Elastic buffer uses 4 channels per SM
Elastic buffer uses 4 channels per SM
Elastic buffer uses 4 channels per SM
CPU side received count (scaleup: 6): -104 -104 -101 -100 -120 -110 -107 -109 # -129 -129 -129 -129 -129 -257 -129 -129 
CPU side received count (scaleup: 5): -104 -112 -102 -101 -88 -88 -98 -92 # -129 -129 -129 -129 -129 -129 -129 -129 
CPU side received count (scaleup: 4): -110 -92 -102 -111 -107 -117 -103 -91 # -129 -129 -129 -129 -129 -129 -129 -129 
CPU side received count (scaleup: 7): -101 -97 -90 -100 -117 -101 -84 -109 # -129 -129 -129 -129 -129 -129 -129 -129 
CPU side received count (scaleup: 3): -106 -109 -100 -120 -96 -108 -107 -92 # -129 -129 -129 -257 -129 -257 -129 -129 
CPU side received count (scaleup: 1): -107 -113 -97 -105 -87 -80 -94 -108 # -129 -129 -129 -129 -129 -129 -129 -129 
CPU side received count (scaleup: 2): -105 -111 -115 -91 -103 -112 -110 -89 # -129 -129 -129 -129 -129 -257 -129 -129 
CPU side received count (scaleup: 0): -100 -109 -96 -109 -121 -113 -118 -100 # -129 -129 -129 -129 -129 -129 -129 -129 
Elastic buffer uses 4 channels per SM
Elastic buffer uses 4 channels per SM
Elastic buffer uses 4 channels per SM
Elastic buffer uses 4 channels per SM
Elastic buffer uses 4 channels per SM
Elastic buffer uses 4 channels per SM
Elastic buffer uses 4 channels per SM
Elastic buffer uses 4 channels per SM
CPU side received count (scaleup: 4): -110 -92 -102 -111 -107 -117 -103 -91 # -129 -129 -129 -129 -129 -129 -129 -129 
CPU side received count (scaleup: 6): -104 -104 -101 -100 -120 -110 -107 -109 # -129 -129 -129 -129 -129 -257 -129 -129 
CPU side received count (scaleup: 5): -104 -112 -102 -101 -88 -88 -98 -92 # -129 -129 -129 -129 -129 -129 -129 -129 
CPU side received count (scaleup: 3): -106 -109 -100 -120 -96 -108 -107 -92 # -129 -129 -129 -257 -129 -257 -129 -129 
CPU side received count (scaleup: 7): -101 -97 -90 -100 -117 -101 -84 -109 # -129 -129 -129 -129 -129 -129 -129 -129 
CPU side received count (scaleup: 2): -105 -111 -115 -91 -103 -112 -110 -89 # -129 -129 -129 -129 -129 -257 -129 -129 
CPU side received count (scaleup: 0): -100 -109 -96 -109 -121 -113 -118 -100 # -129 -129 -129 -129 -129 -129 -129 -129 
CPU side received count (scaleup: 1): -107 -113 -97 -105 -87 -80 -94 -108 # -129 -129 -129 -129 -129 -129 -129 -129 
Elastic buffer uses 4 channels per SM
Elastic buffer uses 4 channels per SM
Elastic buffer uses 4 channels per SM
Elastic buffer uses 4 channels per SM
Elastic buffer uses 4 channels per SM
Elastic buffer uses 4 channels per SM
Elastic buffer uses 4 channels per SM
Elastic buffer uses 4 channels per SM
CPU side received count (scaleup: 4): -110 -92 -102 -111 -107 -117 -103 -91 # -129 -129 -129 -129 -129 -129 -129 -129 
CPU side received count (scaleup: 6): -104 -104 -101 -100 -120 -110 -107 -109 # -129 -129 -129 -129 -129 -257 -129 -129 
CPU side received count (scaleup: 7): -101 -97 -90 -100 -117 -101 -84 -109 # -129 -129 -129 -129 -129 -129 -129 -129 
CPU side received count (scaleup: 3): -106 -109 -100 -120 -96 -108 -107 -92 # -129 -129 -129 -257 -129 -257 -129 -129 
CPU side received count (scaleup: 5): -104 -112 -102 -101 -88 -88 -98 -92 # -129 -129 -129 -129 -129 -129 -129 -129 
CPU side received count (scaleup: 0): -100 -109 -96 -109 -121 -113 -118 -100 # -129 -129 -129 -129 -129 -129 -129 -129 
CPU side received count (scaleup: 1): -107 -113 -97 -105 -87 -80 -94 -108 # -129 -129 -129 -129 -129 -129 -129 -129 
CPU side received count (scaleup: 2): -105 -111 -115 -91 -103 -112 -110 -89 # -129 -129 -129 -129 -129 -257 -129 -129 
Elastic buffer uses 4 channels per SM
Elastic buffer uses 4 channels per SM
Elastic buffer uses 4 channels per SM
Elastic buffer uses 4 channels per SM
Elastic buffer uses 4 channels per SM
Elastic buffer uses 4 channels per SM
Elastic buffer uses 4 channels per SM
Elastic buffer uses 4 channels per SM
CPU side received count (scaleup: 3): -106 -109 -100 -120 -96 -108 -107 -92 # -129 -129 -129 -257 -129 -257 -129 -129 
CPU side received count (scaleup: 6): -104 -104 -101 -100 -120 -110 -107 -109 # -129 -129 -129 -129 -129 -257 -129 -129 
CPU side received count (scaleup: 5): -104 -112 -102 -101 -88 -88 -98 -92 # -129 -129 -129 -129 -129 -129 -129 -129 
CPU side received count (scaleup: 4): -110 -92 -102 -111 -107 -117 -103 -91 # -129 -129 -129 -129 -129 -129 -129 -129 
CPU side received count (scaleup: 7): -101 -97 -90 -100 -117 -101 -84 -109 # -129 -129 -129 -129 -129 -129 -129 -129 
CPU side received count (scaleup: 0): -100 -109 -96 -109 -121 -113 -118 -100 # -129 -129 -129 -129 -129 -129 -129 -129 
CPU side received count (scaleup: 2): -105 -111 -115 -91 -103 -112 -110 -89 # -129 -129 -129 -129 -129 -257 -129 -129 
CPU side received count (scaleup: 1): -107 -113 -97 -105 -87 -80 -94 -108 # -129 -129 -129 -129 -129 -129 -129 -129 
Elastic buffer uses 4 channels per SM
Elastic buffer uses 4 channels per SM
Elastic buffer uses 4 channels per SM
Elastic buffer uses 4 channels per SM
Elastic buffer uses 4 channels per SM
Elastic buffer uses 4 channels per SM
Elastic buffer uses 4 channels per SM
Elastic buffer uses 4 channels per SM
CPU side received count (scaleup: 5): -104 -112 -102 -101 -88 -88 -98 -92 # -129 -129 -129 -129 -129 -129 -129 -129 
CPU side received count (scaleup: 4): -110 -92 -102 -111 -107 -117 -103 -91 # -129 -129 -129 -129 -129 -129 -129 -129 
CPU side received count (scaleup: 7): -101 -97 -90 -100 -117 -101 -84 -109 # -129 -129 -129 -129 -129 -129 -129 -129 
CPU side received count (scaleup: 3): -106 -109 -100 -120 -96 -108 -107 -92 # -129 -129 -129 -257 -129 -257 -129 -129 
CPU side received count (scaleup: 6): -104 -104 -101 -100 -120 -110 -107 -109 # -129 -129 -129 -129 -129 -257 -129 -129 
CPU side received count (scaleup: 1): -107 -113 -97 -105 -87 -80 -94 -108 # -129 -129 -129 -129 -129 -129 -129 -129 
CPU side received count (scaleup: 2): -105 -111 -115 -91 -103 -112 -110 -89 # -129 -129 -129 -129 -129 -257 -129 -129 
CPU side received count (scaleup: 0): -100 -109 -96 -109 -121 -113 -118 -100 # -129 -129 -129 -129 -129 -129 -129 -129 
Elastic buffer uses 4 channels per SM
Elastic buffer uses 4 channels per SM
Elastic buffer uses 4 channels per SM
Elastic buffer uses 4 channels per SM
Elastic buffer uses 4 channels per SM
Elastic buffer uses 4 channels per SM
Elastic buffer uses 4 channels per SM
Elastic buffer uses 4 channels per SM
CPU side received count (scaleup: 6): -104 -104 -101 -100 -120 -110 -107 -109 # -129 -129 -129 -129 -129 -257 -129 -129 
CPU side received count (scaleup: 7): -101 -97 -90 -100 -117 -101 -84 -109 # -129 -129 -129 -129 -129 -129 -129 -129 
CPU side received count (scaleup: 5): -104 -112 -102 -101 -88 -88 -98 -92 # -129 -129 -129 -129 -129 -129 -129 -129 
CPU side received count (scaleup: 4): -110 -92 -102 -111 -107 -117 -103 -91 # -129 -129 -129 -129 -129 -129 -129 -129 
CPU side received count (scaleup: 0): -100 -109 -96 -109 -121 -113 -118 -100 # -129 -129 -129 -129 -129 -129 -129 -129 
CPU side received count (scaleup: 1): -107 -113 -97 -105 -87 -80 -94 -108 # -129 -129 -129 -129 -129 -129 -129 -129 
CPU side received count (scaleup: 2): -105 -111 -115 -91 -103 -112 -110 -89 # -129 -129 -129 -129 -129 -257 -129 -129 
CPU side received count (scaleup: 3): -106 -109 -100 -120 -96 -108 -107 -92 # -129 -129 -129 -257 -129 -257 -129 -129 
Elastic buffer uses 4 channels per SM
Elastic buffer uses 4 channels per SM
Elastic buffer uses 4 channels per SM
Elastic buffer uses 4 channels per SM
Elastic buffer uses 4 channels per SM
Elastic buffer uses 4 channels per SM
Elastic buffer uses 4 channels per SM
Elastic buffer uses 4 channels per SM
CPU side received count (scaleup: 6): -104 -104 -101 -100 -120 -110 -107 -109 # -129 -129 -129 -129 -129 -257 -129 -129 
CPU side received count (scaleup: 7): -101 -97 -90 -100 -117 -101 -84 -109 # -129 -129 -129 -129 -129 -129 -129 -129 
CPU side received count (scaleup: 5): -104 -112 -102 -101 -88 -88 -98 -92 # -129 -129 -129 -129 -129 -129 -129 -129 
CPU side received count (scaleup: 4): -110 -92 -102 -111 -107 -117 -103 -91 # -129 -129 -129 -129 -129 -129 -129 -129 
CPU side received count (scaleup: 3): -106 -109 -100 -120 -96 -108 -107 -92 # -129 -129 -129 -257 -129 -257 -129 -129 
CPU side received count (scaleup: 1): -107 -113 -97 -105 -87 -80 -94 -108 # -129 -129 -129 -129 -129 -129 -129 -129 
CPU side received count (scaleup: 2): -105 -111 -115 -91 -103 -112 -110 -89 # -129 -129 -129 -129 -129 -257 -129 -129 
CPU side received count (scaleup: 0): -100 -109 -96 -109 -121 -113 -118 -100 # -129 -129 -129 -129 -129 -129 -129 -129 
Elastic buffer uses 4 channels per SM
Elastic buffer uses 4 channels per SM
Elastic buffer uses 4 channels per SM
Elastic buffer uses 4 channels per SM
Elastic buffer uses 4 channels per SM
Elastic buffer uses 4 channels per SM
Elastic buffer uses 4 channels per SM
Elastic buffer uses 4 channels per SM
CPU side received count (scaleup: 6): -104 -104 -101 -100 -120 -110 -107 -109 # -129 -129 -129 -129 -129 -257 -129 -129 
CPU side received count (scaleup: 7): -101 -97 -90 -100 -117 -101 -84 -109 # -129 -129 -129 -129 -129 -129 -129 -129 
CPU side received count (scaleup: 4): -110 -92 -102 -111 -107 -117 -103 -91 # -129 -129 -129 -129 -129 -129 -129 -129 
CPU side received count (scaleup: 3): -106 -109 -100 -120 -96 -108 -107 -92 # -129 -129 -129 -257 -129 -257 -129 -129 
CPU side received count (scaleup: 5): -104 -112 -102 -101 -88 -88 -98 -92 # -129 -129 -129 -129 -129 -129 -129 -129 
CPU side received count (scaleup: 1): -107 -113 -97 -105 -87 -80 -94 -108 # -129 -129 -129 -129 -129 -129 -129 -129 
CPU side received count (scaleup: 0): -100 -109 -96 -109 -121 -113 -118 -100 # -129 -129 -129 -129 -129 -129 -129 -129 
CPU side received count (scaleup: 2): -105 -111 -115 -91 -103 -112 -110 -89 # -129 -129 -129 -129 -129 -257 -129 -129 
Elastic buffer uses 4 channels per SM
Elastic buffer uses 4 channels per SM
Elastic buffer uses 4 channels per SM
Elastic buffer uses 4 channels per SM
Elastic buffer uses 4 channels per SM
Elastic buffer uses 4 channels per SM
Elastic buffer uses 4 channels per SM
Elastic buffer uses 4 channels per SM
CPU side received count (scaleup: 4): -110 -92 -102 -111 -107 -117 -103 -91 # -129 -129 -129 -129 -129 -129 -129 -129 
CPU side received count (scaleup: 5): -104 -112 -102 -101 -88 -88 -98 -92 # -129 -129 -129 -129 -129 -129 -129 -129 
CPU side received count (scaleup: 3): -106 -109 -100 -120 -96 -108 -107 -92 # -129 -129 -129 -257 -129 -257 -129 -129 
CPU side received count (scaleup: 7): -101 -97 -90 -100 -117 -101 -84 -109 # -129 -129 -129 -129 -129 -129 -129 -129 
CPU side received count (scaleup: 6): -104 -104 -101 -100 -120 -110 -107 -109 # -129 -129 -129 -129 -129 -257 -129 -129 
CPU side received count (scaleup: 1): -107 -113 -97 -105 -87 -80 -94 -108 # -129 -129 -129 -129 -129 -129 -129 -129 
CPU side received count (scaleup: 0): -100 -109 -96 -109 -121 -113 -118 -100 # -129 -129 -129 -129 -129 -129 -129 -129 
CPU side received count (scaleup: 2): -105 -111 -115 -91 -103 -112 -110 -89 # -129 -129 -129 -129 -129 -257 -129 -129 
Elastic buffer uses 4 channels per SM
Elastic buffer uses 4 channels per SM
Elastic buffer uses 4 channels per SM
Elastic buffer uses 4 channels per SM
Elastic buffer uses 4 channels per SM
Elastic buffer uses 4 channels per SM
Elastic buffer uses 4 channels per SM
Elastic buffer uses 4 channels per SM
USDT:2026-08-25 02:49:24 435:435 SyncActivityProfilerHandler.cpp:52] profiler_startUSDT:2026-08-25 02:49:24 437:437 SyncActivityProfilerHandler.cpp:52] profiler_startUSDT:2026-08-25 02:49:24 434:434 SyncActivityProfilerHandler.cpp:52] profiler_startUSDT:2026-08-25 02:49:24 433:433 SyncActivityProfilerHandler.cpp:52] profiler_start



USDT:2026-08-25 02:49:24 436:436 SyncActivityProfilerHandler.cpp:52] profiler_start
USDT:2026-08-25 02:49:24 431:431 SyncActivityProfilerHandler.cpp:52] profiler_startUSDT:2026-08-25 02:49:24 432:432 SyncActivityProfilerHandler.cpp:52] profiler_startUSDT:2026-08-25 02:49:24 430:430 SyncActivityProfilerHandler.cpp:52] profiler_start


CPU side received count (scaleup: 7): -101 -97 -90 -100 -117 -101 -84 -109 # -129 -129 -129 -129 -129 -129 -129 -129 
CPU side received count (scaleup: 5): -104 -112 -102 -101 -88 -88 -98 -92 # -129 -129 -129 -129 -129 -129 -129 -129 
CPU side received count (scaleup: 6): -104 -104 -101 -100 -120 -110 -107 -109 # -129 -129 -129 -129 -129 -257 -129 -129 
CPU side received count (scaleup: 3): -106 -109 -100 -120 -96 -108 -107 -92 # -129 -129 -129 -257 -129 -257 -129 -129 
CPU side received count (scaleup: 4): -110 -92 -102 -111 -107 -117 -103 -91 # -129 -129 -129 -129 -129 -129 -129 -129 
CPU side received count (scaleup: 1): -107 -113 -97 -105 -87 -80 -94 -108 # -129 -129 -129 -129 -129 -129 -129 -129 
CPU side received count (scaleup: 0): -100 -109 -96 -109 -121 -113 -118 -100 # -129 -129 -129 -129 -129 -129 -129 -129 
CPU side received count (scaleup: 2): -105 -111 -115 -91 -103 -112 -110 -89 # -129 -129 -129 -129 -129 -257 -129 -129 
Elastic buffer uses 4 channels per SM
Elastic buffer uses 4 channels per SM
Elastic buffer uses 4 channels per SM
Elastic buffer uses 4 channels per SM
Elastic buffer uses 4 channels per SM
Elastic buffer uses 4 channels per SM
Elastic buffer uses 4 channels per SM
Elastic buffer uses 4 channels per SM
CPU side received count (scaleup: 3): -106 -109 -100 -120 -96 -108 -107 -92 # -129 -129 -129 -257 -129 -257 -129 -129 
CPU side received count (scaleup: 4): -110 -92 -102 -111 -107 -117 -103 -91 # -129 -129 -129 -129 -129 -129 -129 -129 
CPU side received count (scaleup: 7): -101 -97 -90 -100 -117 -101 -84 -109 # -129 -129 -129 -129 -129 -129 -129 -129 
CPU side received count (scaleup: 6): -104 -104 -101 -100 -120 -110 -107 -109 # -129 -129 -129 -129 -129 -257 -129 -129 
CPU side received count (scaleup: 5): -104 -112 -102 -101 -88 -88 -98 -92 # -129 -129 -129 -129 -129 -129 -129 -129 
CPU side received count (scaleup: 0): -100 -109 -96 -109 -121 -113 -118 -100 # -129 -129 -129 -129 -129 -129 -129 -129 
CPU side received count (scaleup: 1): -107 -113 -97 -105 -87 -80 -94 -108 # -129 -129 -129 -129 -129 -129 -129 -129 
CPU side received count (scaleup: 2): -105 -111 -115 -91 -103 -112 -110 -89 # -129 -129 -129 -129 -129 -257 -129 -129 
Elastic buffer uses 4 channels per SM
Elastic buffer uses 4 channels per SM
Elastic buffer uses 4 channels per SM
Elastic buffer uses 4 channels per SM
Elastic buffer uses 4 channels per SM
Elastic buffer uses 4 channels per SM
Elastic buffer uses 4 channels per SM
Elastic buffer uses 4 channels per SM
CPU side received count (scaleup: 6): -104 -104 -101 -100 -120 -110 -107 -109 # -129 -129 -129 -129 -129 -257 -129 -129 
CPU side received count (scaleup: 5): -104 -112 -102 -101 -88 -88 -98 -92 # -129 -129 -129 -129 -129 -129 -129 -129 
CPU side received count (scaleup: 3): -106 -109 -100 -120 -96 -108 -107 -92 # -129 -129 -129 -257 -129 -257 -129 -129 
CPU side received count (scaleup: 4): -110 -92 -102 -111 -107 -117 -103 -91 # -129 -129 -129 -129 -129 -129 -129 -129 
CPU side received count (scaleup: 7): -101 -97 -90 -100 -117 -101 -84 -109 # -129 -129 -129 -129 -129 -129 -129 -129 
CPU side received count (scaleup: 1): -107 -113 -97 -105 -87 -80 -94 -108 # -129 -129 -129 -129 -129 -129 -129 -129 
CPU side received count (scaleup: 0): -100 -109 -96 -109 -121 -113 -118 -100 # -129 -129 -129 -129 -129 -129 -129 -129 
CPU side received count (scaleup: 2): -105 -111 -115 -91 -103 -112 -110 -89 # -129 -129 -129 -129 -129 -257 -129 -129 
Elastic buffer uses 4 channels per SM
Elastic buffer uses 4 channels per SM
Elastic buffer uses 4 channels per SM
Elastic buffer uses 4 channels per SM
Elastic buffer uses 4 channels per SM
Elastic buffer uses 4 channels per SM
Elastic buffer uses 4 channels per SM
Elastic buffer uses 4 channels per SM
CPU side received count (scaleup: 3): -106 -109 -100 -120 -96 -108 -107 -92 # -129 -129 -129 -257 -129 -257 -129 -129 
CPU side received count (scaleup: 5): -104 -112 -102 -101 -88 -88 -98 -92 # -129 -129 -129 -129 -129 -129 -129 -129 
CPU side received count (scaleup: 6): -104 -104 -101 -100 -120 -110 -107 -109 # -129 -129 -129 -129 -129 -257 -129 -129 
CPU side received count (scaleup: 4): -110 -92 -102 -111 -107 -117 -103 -91 # -129 -129 -129 -129 -129 -129 -129 -129 
CPU side received count (scaleup: 7): -101 -97 -90 -100 -117 -101 -84 -109 # -129 -129 -129 -129 -129 -129 -129 -129 
CPU side received count (scaleup: 0): -100 -109 -96 -109 -121 -113 -118 -100 # -129 -129 -129 -129 -129 -129 -129 -129 
CPU side received count (scaleup: 2): -105 -111 -115 -91 -103 -112 -110 -89 # -129 -129 -129 -129 -129 -257 -129 -129 
CPU side received count (scaleup: 1): -107 -113 -97 -105 -87 -80 -94 -108 # -129 -129 -129 -129 -129 -129 -129 -129 
Elastic buffer uses 4 channels per SM
Elastic buffer uses 4 channels per SM
Elastic buffer uses 4 channels per SM
Elastic buffer uses 4 channels per SM
Elastic buffer uses 4 channels per SM
Elastic buffer uses 4 channels per SM
Elastic buffer uses 4 channels per SM
Elastic buffer uses 4 channels per SM
CPU side received count (scaleup: 3): -106 -109 -100 -120 -96 -108 -107 -92 # -129 -129 -129 -257 -129 -257 -129 -129 
CPU side received count (scaleup: 5): -104 -112 -102 -101 -88 -88 -98 -92 # -129 -129 -129 -129 -129 -129 -129 -129 
CPU side received count (scaleup: 4): -110 -92 -102 -111 -107 -117 -103 -91 # -129 -129 -129 -129 -129 -129 -129 -129 
CPU side received count (scaleup: 6): -104 -104 -101 -100 -120 -110 -107 -109 # -129 -129 -129 -129 -129 -257 -129 -129 
CPU side received count (scaleup: 1): -107 -113 -97 -105 -87 -80 -94 -108 # -129 -129 -129 -129 -129 -129 -129 -129 
CPU side received count (scaleup: 7): -101 -97 -90 -100 -117 -101 -84 -109 # -129 -129 -129 -129 -129 -129 -129 -129 
CPU side received count (scaleup: 0): -100 -109 -96 -109 -121 -113 -118 -100 # -129 -129 -129 -129 -129 -129 -129 -129 
CPU side received count (scaleup: 2): -105 -111 -115 -91 -103 -112 -110 -89 # -129 -129 -129 -129 -129 -257 -129 -129 
Elastic buffer uses 4 channels per SM
Elastic buffer uses 4 channels per SM
Elastic buffer uses 4 channels per SM
Elastic buffer uses 4 channels per SM
Elastic buffer uses 4 channels per SM
Elastic buffer uses 4 channels per SM
Elastic buffer uses 4 channels per SM
Elastic buffer uses 4 channels per SM
CPU side received count (scaleup: 5): -104 -112 -102 -101 -88 -88 -98 -92 # -129 -129 -129 -129 -129 -129 -129 -129 
CPU side received count (scaleup: 4): -110 -92 -102 -111 -107 -117 -103 -91 # -129 -129 -129 -129 -129 -129 -129 -129 
CPU side received count (scaleup: 6): -104 -104 -101 -100 -120 -110 -107 -109 # -129 -129 -129 -129 -129 -257 -129 -129 
CPU side received count (scaleup: 7): -101 -97 -90 -100 -117 -101 -84 -109 # -129 -129 -129 -129 -129 -129 -129 -129 
CPU side received count (scaleup: 3): -106 -109 -100 -120 -96 -108 -107 -92 # -129 -129 -129 -257 -129 -257 -129 -129 
CPU side received count (scaleup: 1): -107 -113 -97 -105 -87 -80 -94 -108 # -129 -129 -129 -129 -129 -129 -129 -129 
CPU side received count (scaleup: 2): -105 -111 -115 -91 -103 -112 -110 -89 # -129 -129 -129 -129 -129 -257 -129 -129 
CPU side received count (scaleup: 0): -100 -109 -96 -109 -121 -113 -118 -100 # -129 -129 -129 -129 -129 -129 -129 -129 
Elastic buffer uses 4 channels per SM
Elastic buffer uses 4 channels per SM
Elastic buffer uses 4 channels per SM
Elastic buffer uses 4 channels per SM
Elastic buffer uses 4 channels per SM
Elastic buffer uses 4 channels per SM
Elastic buffer uses 4 channels per SM
Elastic buffer uses 4 channels per SM
CPU side received count (scaleup: 7): -101 -97 -90 -100 -117 -101 -84 -109 # -129 -129 -129 -129 -129 -129 -129 -129 
CPU side received count (scaleup: 4): -110 -92 -102 -111 -107 -117 -103 -91 # -129 -129 -129 -129 -129 -129 -129 -129 
CPU side received count (scaleup: 6): -104 -104 -101 -100 -120 -110 -107 -109 # -129 -129 -129 -129 -129 -257 -129 -129 
CPU side received count (scaleup: 3): -106 -109 -100 -120 -96 -108 -107 -92 # -129 -129 -129 -257 -129 -257 -129 -129 
CPU side received count (scaleup: 5): -104 -112 -102 -101 -88 -88 -98 -92 # -129 -129 -129 -129 -129 -129 -129 -129 
CPU side received count (scaleup: 2): -105 -111 -115 -91 -103 -112 -110 -89 # -129 -129 -129 -129 -129 -257 -129 -129 
CPU side received count (scaleup: 1): -107 -113 -97 -105 -87 -80 -94 -108 # -129 -129 -129 -129 -129 -129 -129 -129 
CPU side received count (scaleup: 0): -100 -109 -96 -109 -121 -113 -118 -100 # -129 -129 -129 -129 -129 -129 -129 -129 
Elastic buffer uses 4 channels per SM
Elastic buffer uses 4 channels per SM
Elastic buffer uses 4 channels per SM
Elastic buffer uses 4 channels per SM
Elastic buffer uses 4 channels per SM
Elastic buffer uses 4 channels per SM
Elastic buffer uses 4 channels per SM
Elastic buffer uses 4 channels per SM
CPU side received count (scaleup: 4): -110 -92 -102 -111 -107 -117 -103 -91 # -129 -129 -129 -129 -129 -129 -129 -129 
CPU side received count (scaleup: 7): -101 -97 -90 -100 -117 -101 -84 -109 # -129 -129 -129 -129 -129 -129 -129 -129 
CPU side received count (scaleup: 6): -104 -104 -101 -100 -120 -110 -107 -109 # -129 -129 -129 -129 -129 -257 -129 -129 
CPU side received count (scaleup: 5): -104 -112 -102 -101 -88 -88 -98 -92 # -129 -129 -129 -129 -129 -129 -129 -129 
CPU side received count (scaleup: 3): -106 -109 -100 -120 -96 -108 -107 -92 # -129 -129 -129 -257 -129 -257 -129 -129 
CPU side received count (scaleup: 2): -105 -111 -115 -91 -103 -112 -110 -89 # -129 -129 -129 -129 -129 -257 -129 -129 
CPU side received count (scaleup: 1): -107 -113 -97 -105 -87 -80 -94 -108 # -129 -129 -129 -129 -129 -129 -129 -129 
CPU side received count (scaleup: 0): -100 -109 -96 -109 -121 -113 -118 -100 # -129 -129 -129 -129 -129 -129 -129 -129 
Elastic buffer uses 4 channels per SM
Elastic buffer uses 4 channels per SM
Elastic buffer uses 4 channels per SM
Elastic buffer uses 4 channels per SM
Elastic buffer uses 4 channels per SM
Elastic buffer uses 4 channels per SM
Elastic buffer uses 4 channels per SM
Elastic buffer uses 4 channels per SM
CPU side received count (scaleup: 3): -106 -109 -100 -120 -96 -108 -107 -92 # -129 -129 -129 -257 -129 -257 -129 -129 
CPU side received count (scaleup: 2): -105 -111 -115 -91 -103 -112 -110 -89 # -129 -129 -129 -129 -129 -257 -129 -129 
CPU side received count (scaleup: 7): -101 -97 -90 -100 -117 -101 -84 -109 # -129 -129 -129 -129 -129 -129 -129 -129 
CPU side received count (scaleup: 1): -107 -113 -97 -105 -87 -80 -94 -108 # -129 -129 -129 -129 -129 -129 -129 -129 
CPU side received count (scaleup: 0): -100 -109 -96 -109 -121 -113 -118 -100 # -129 -129 -129 -129 -129 -129 -129 -129 
CPU side received count (scaleup: 5): -104 -112 -102 -101 -88 -88 -98 -92 # -129 -129 -129 -129 -129 -129 -129 -129 
CPU side received count (scaleup: 6): -104 -104 -101 -100 -120 -110 -107 -109 # -129 -129 -129 -129 -129 -257 -129 -129 
CPU side received count (scaleup: 4): -110 -92 -102 -111 -107 -117 -103 -91 # -129 -129 -129 -129 -129 -129 -129 -129 
Elastic buffer uses 4 channels per SM
Elastic buffer uses 4 channels per SM
Elastic buffer uses 4 channels per SM
Elastic buffer uses 4 channels per SM
Elastic buffer uses 4 channels per SM
Elastic buffer uses 4 channels per SM
Elastic buffer uses 4 channels per SM
Elastic buffer uses 4 channels per SM
CPU side received count (scaleup: 5): -104 -112 -102 -101 -88 -88 -98 -92 # -129 -129 -129 -129 -129 -129 -129 -129 
CPU side received count (scaleup: 6): -104 -104 -101 -100 -120 -110 -107 -109 # -129 -129 -129 -129 -129 -257 -129 -129 
CPU side received count (scaleup: 4): -110 -92 -102 -111 -107 -117 -103 -91 # -129 -129 -129 -129 -129 -129 -129 -129 
CPU side received count (scaleup: 7): -101 -97 -90 -100 -117 -101 -84 -109 # -129 -129 -129 -129 -129 -129 -129 -129 
CPU side received count (scaleup: 1): -107 -113 -97 -105 -87 -80 -94 -108 # -129 -129 -129 -129 -129 -129 -129 -129 
CPU side received count (scaleup: 3): -106 -109 -100 -120 -96 -108 -107 -92 # -129 -129 -129 -257 -129 -257 -129 -129 
CPU side received count (scaleup: 2): -105 -111 -115 -91 -103 -112 -110 -89 # -129 -129 -129 -129 -129 -257 -129 -129 
CPU side received count (scaleup: 0): -100 -109 -96 -109 -121 -113 -118 -100 # -129 -129 -129 -129 -129 -129 -129 -129 
Elastic buffer uses 4 channels per SM
Elastic buffer uses 4 channels per SM
Elastic buffer uses 4 channels per SM
Elastic buffer uses 4 channels per SM
Elastic buffer uses 4 channels per SM
Elastic buffer uses 4 channels per SM
Elastic buffer uses 4 channels per SM
Elastic buffer uses 4 channels per SM
CPU side received count (scaleup: 6): -104 -104 -101 -100 -120 -110 -107 -109 # -129 -129 -129 -129 -129 -257 -129 -129 
CPU side received count (scaleup: 7): -101 -97 -90 -100 -117 -101 -84 -109 # -129 -129 -129 -129 -129 -129 -129 -129 
CPU side received count (scaleup: 4): -110 -92 -102 -111 -107 -117 -103 -91 # -129 -129 -129 -129 -129 -129 -129 -129 
CPU side received count (scaleup: 3): -106 -109 -100 -120 -96 -108 -107 -92 # -129 -129 -129 -257 -129 -257 -129 -129 
CPU side received count (scaleup: 5): -104 -112 -102 -101 -88 -88 -98 -92 # -129 -129 -129 -129 -129 -129 -129 -129 
CPU side received count (scaleup: 1): -107 -113 -97 -105 -87 -80 -94 -108 # -129 -129 -129 -129 -129 -129 -129 -129 
CPU side received count (scaleup: 2): -105 -111 -115 -91 -103 -112 -110 -89 # -129 -129 -129 -129 -129 -257 -129 -129 
CPU side received count (scaleup: 0): -100 -109 -96 -109 -121 -113 -118 -100 # -129 -129 -129 -129 -129 -129 -129 -129 
Elastic buffer uses 4 channels per SM
Elastic buffer uses 4 channels per SM
Elastic buffer uses 4 channels per SM
Elastic buffer uses 4 channels per SM
Elastic buffer uses 4 channels per SM
Elastic buffer uses 4 channels per SM
Elastic buffer uses 4 channels per SM
Elastic buffer uses 4 channels per SM
CPU side received count (scaleup: 6): -104 -104 -101 -100 -120 -110 -107 -109 # -129 -129 -129 -129 -129 -257 -129 -129 
CPU side received count (scaleup: 7): -101 -97 -90 -100 -117 -101 -84 -109 # -129 -129 -129 -129 -129 -129 -129 -129 
CPU side received count (scaleup: 4): -110 -92 -102 -111 -107 -117 -103 -91 # -129 -129 -129 -129 -129 -129 -129 -129 
CPU side received count (scaleup: 1): -107 -113 -97 -105 -87 -80 -94 -108 # -129 -129 -129 -129 -129 -129 -129 -129 
CPU side received count (scaleup: 5): -104 -112 -102 -101 -88 -88 -98 -92 # -129 -129 -129 -129 -129 -129 -129 -129 
CPU side received count (scaleup: 3): -106 -109 -100 -120 -96 -108 -107 -92 # -129 -129 -129 -257 -129 -257 -129 -129 
CPU side received count (scaleup: 2): -105 -111 -115 -91 -103 -112 -110 -89 # -129 -129 -129 -129 -129 -257 -129 -129 
CPU side received count (scaleup: 0): -100 -109 -96 -109 -121 -113 -118 -100 # -129 -129 -129 -129 -129 -129 -129 -129 
Elastic buffer uses 4 channels per SM
Elastic buffer uses 4 channels per SM
Elastic buffer uses 4 channels per SM
Elastic buffer uses 4 channels per SM
Elastic buffer uses 4 channels per SM
Elastic buffer uses 4 channels per SM
Elastic buffer uses 4 channels per SM
Elastic buffer uses 4 channels per SM
CPU side received count (scaleup: 6): -104 -104 -101 -100 -120 -110 -107 -109 # -129 -129 -129 -129 -129 -257 -129 -129 
CPU side received count (scaleup: 7): -101 -97 -90 -100 -117 -101 -84 -109 # -129 -129 -129 -129 -129 -129 -129 -129 
CPU side received count (scaleup: 1): -107 -113 -97 -105 -87 -80 -94 -108 # -129 -129 -129 -129 -129 -129 -129 -129 
CPU side received count (scaleup: 3): -106 -109 -100 -120 -96 -108 -107 -92 # -129 -129 -129 -257 -129 -257 -129 -129 
CPU side received count (scaleup: 4): -110 -92 -102 -111 -107 -117 -103 -91 # -129 -129 -129 -129 -129 -129 -129 -129 
CPU side received count (scaleup: 5): -104 -112 -102 -101 -88 -88 -98 -92 # -129 -129 -129 -129 -129 -129 -129 -129 
CPU side received count (scaleup: 2): -105 -111 -115 -91 -103 -112 -110 -89 # -129 -129 -129 -129 -129 -257 -129 -129 
CPU side received count (scaleup: 0): -100 -109 -96 -109 -121 -113 -118 -100 # -129 -129 -129 -129 -129 -129 -129 -129 
Elastic buffer uses 4 channels per SM
Elastic buffer uses 4 channels per SM
Elastic buffer uses 4 channels per SM
Elastic buffer uses 4 channels per SM
Elastic buffer uses 4 channels per SM
Elastic buffer uses 4 channels per SM
Elastic buffer uses 4 channels per SM
Elastic buffer uses 4 channels per SM
CPU side received count (scaleup: 3): -106 -109 -100 -120 -96 -108 -107 -92 # -129 -129 -129 -257 -129 -257 -129 -129 
CPU side received count (scaleup: 4): -110 -92 -102 -111 -107 -117 -103 -91 # -129 -129 -129 -129 -129 -129 -129 -129 
CPU side received count (scaleup: 1): -107 -113 -97 -105 -87 -80 -94 -108 # -129 -129 -129 -129 -129 -129 -129 -129 
CPU side received count (scaleup: 2): -105 -111 -115 -91 -103 -112 -110 -89 # -129 -129 -129 -129 -129 -257 -129 -129 
CPU side received count (scaleup: 5): -104 -112 -102 -101 -88 -88 -98 -92 # -129 -129 -129 -129 -129 -129 -129 -129 
CPU side received count (scaleup: 6): -104 -104 -101 -100 -120 -110 -107 -109 # -129 -129 -129 -129 -129 -257 -129 -129 
CPU side received count (scaleup: 7): -101 -97 -90 -100 -117 -101 -84 -109 # -129 -129 -129 -129 -129 -129 -129 -129 
CPU side received count (scaleup: 0): -100 -109 -96 -109 -121 -113 -118 -100 # -129 -129 -129 -129 -129 -129 -129 -129 
Elastic buffer uses 4 channels per SM
Elastic buffer uses 4 channels per SM
Elastic buffer uses 4 channels per SM
Elastic buffer uses 4 channels per SM
Elastic buffer uses 4 channels per SM
Elastic buffer uses 4 channels per SM
Elastic buffer uses 4 channels per SM
Elastic buffer uses 4 channels per SM
CPU side received count (scaleup: 4): -110 -92 -102 -111 -107 -117 -103 -91 # -129 -129 -129 -129 -129 -129 -129 -129 
CPU side received count (scaleup: 6): -104 -104 -101 -100 -120 -110 -107 -109 # -129 -129 -129 -129 -129 -257 -129 -129 
CPU side received count (scaleup: 5): -104 -112 -102 -101 -88 -88 -98 -92 # -129 -129 -129 -129 -129 -129 -129 -129 
CPU side received count (scaleup: 1): -107 -113 -97 -105 -87 -80 -94 -108 # -129 -129 -129 -129 -129 -129 -129 -129 
CPU side received count (scaleup: 7): -101 -97 -90 -100 -117 -101 -84 -109 # -129 -129 -129 -129 -129 -129 -129 -129 
CPU side received count (scaleup: 3): -106 -109 -100 -120 -96 -108 -107 -92 # -129 -129 -129 -257 -129 -257 -129 -129 
CPU side received count (scaleup: 2): -105 -111 -115 -91 -103 -112 -110 -89 # -129 -129 -129 -129 -129 -257 -129 -129 
CPU side received count (scaleup: 0): -100 -109 -96 -109 -121 -113 -118 -100 # -129 -129 -129 -129 -129 -129 -129 -129 
Elastic buffer uses 4 channels per SM
Elastic buffer uses 4 channels per SM
Elastic buffer uses 4 channels per SM
Elastic buffer uses 4 channels per SM
Elastic buffer uses 4 channels per SM
Elastic buffer uses 4 channels per SM
Elastic buffer uses 4 channels per SM
Elastic buffer uses 4 channels per SM
CPU side received count (scaleup: 5): -104 -112 -102 -101 -88 -88 -98 -92 # -129 -129 -129 -129 -129 -129 -129 -129 
CPU side received count (scaleup: 4): -110 -92 -102 -111 -107 -117 -103 -91 # -129 -129 -129 -129 -129 -129 -129 -129 
CPU side received count (scaleup: 7): -101 -97 -90 -100 -117 -101 -84 -109 # -129 -129 -129 -129 -129 -129 -129 -129 
CPU side received count (scaleup: 3): -106 -109 -100 -120 -96 -108 -107 -92 # -129 -129 -129 -257 -129 -257 -129 -129 
CPU side received count (scaleup: 6): -104 -104 -101 -100 -120 -110 -107 -109 # -129 -129 -129 -129 -129 -257 -129 -129 
CPU side received count (scaleup: 2): -105 -111 -115 -91 -103 -112 -110 -89 # -129 -129 -129 -129 -129 -257 -129 -129 
CPU side received count (scaleup: 1): -107 -113 -97 -105 -87 -80 -94 -108 # -129 -129 -129 -129 -129 -129 -129 -129 
CPU side received count (scaleup: 0): -100 -109 -96 -109 -121 -113 -118 -100 # -129 -129 -129 -129 -129 -129 -129 -129 
Elastic buffer uses 4 channels per SM
Elastic buffer uses 4 channels per SM
Elastic buffer uses 4 channels per SM
Elastic buffer uses 4 channels per SM
Elastic buffer uses 4 channels per SM
Elastic buffer uses 4 channels per SM
Elastic buffer uses 4 channels per SM
Elastic buffer uses 4 channels per SM
CPU side received count (scaleup: 6): -104 -104 -101 -100 -120 -110 -107 -109 # -129 -129 -129 -129 -129 -257 -129 -129 
CPU side received count (scaleup: 5): -104 -112 -102 -101 -88 -88 -98 -92 # -129 -129 -129 -129 -129 -129 -129 -129 
CPU side received count (scaleup: 1): -107 -113 -97 -105 -87 -80 -94 -108 # -129 -129 -129 -129 -129 -129 -129 -129 
CPU side received count (scaleup: 3): -106 -109 -100 -120 -96 -108 -107 -92 # -129 -129 -129 -257 -129 -257 -129 -129 
CPU side received count (scaleup: 7): -101 -97 -90 -100 -117 -101 -84 -109 # -129 -129 -129 -129 -129 -129 -129 -129 
CPU side received count (scaleup: 4): -110 -92 -102 -111 -107 -117 -103 -91 # -129 -129 -129 -129 -129 -129 -129 -129 
CPU side received count (scaleup: 2): -105 -111 -115 -91 -103 -112 -110 -89 # -129 -129 -129 -129 -129 -257 -129 -129 
CPU side received count (scaleup: 0): -100 -109 -96 -109 -121 -113 -118 -100 # -129 -129 -129 -129 -129 -129 -129 -129 
Elastic buffer uses 4 channels per SM
Elastic buffer uses 4 channels per SM
Elastic buffer uses 4 channels per SM
Elastic buffer uses 4 channels per SM
Elastic buffer uses 4 channels per SM
Elastic buffer uses 4 channels per SM
Elastic buffer uses 4 channels per SM
Elastic buffer uses 4 channels per SM
CPU side received count (scaleup: 6): -104 -104 -101 -100 -120 -110 -107 -109 # -129 -129 -129 -129 -129 -257 -129 -129 
CPU side received count (scaleup: 4): -110 -92 -102 -111 -107 -117 -103 -91 # -129 -129 -129 -129 -129 -129 -129 -129 
CPU side received count (scaleup: 1): -107 -113 -97 -105 -87 -80 -94 -108 # -129 -129 -129 -129 -129 -129 -129 -129 
CPU side received count (scaleup: 3): -106 -109 -100 -120 -96 -108 -107 -92 # -129 -129 -129 -257 -129 -257 -129 -129 
CPU side received count (scaleup: 7): -101 -97 -90 -100 -117 -101 -84 -109 # -129 -129 -129 -129 -129 -129 -129 -129 
CPU side received count (scaleup: 5): -104 -112 -102 -101 -88 -88 -98 -92 # -129 -129 -129 -129 -129 -129 -129 -129 
CPU side received count (scaleup: 2): -105 -111 -115 -91 -103 -112 -110 -89 # -129 -129 -129 -129 -129 -257 -129 -129 
CPU side received count (scaleup: 0): -100 -109 -96 -109 -121 -113 -118 -100 # -129 -129 -129 -129 -129 -129 -129 -129 
Elastic buffer uses 4 channels per SM
Elastic buffer uses 4 channels per SM
Elastic buffer uses 4 channels per SM
Elastic buffer uses 4 channels per SM
Elastic buffer uses 4 channels per SM
Elastic buffer uses 4 channels per SM
Elastic buffer uses 4 channels per SM
Elastic buffer uses 4 channels per SM
CPU side received count (scaleup: 1): -107 -113 -97 -105 -87 -80 -94 -108 # -129 -129 -129 -129 -129 -129 -129 -129 
CPU side received count (scaleup: 4): -110 -92 -102 -111 -107 -117 -103 -91 # -129 -129 -129 -129 -129 -129 -129 -129 
CPU side received count (scaleup: 7): -101 -97 -90 -100 -117 -101 -84 -109 # -129 -129 -129 -129 -129 -129 -129 -129 
CPU side received count (scaleup: 3): -106 -109 -100 -120 -96 -108 -107 -92 # -129 -129 -129 -257 -129 -257 -129 -129 
CPU side received count (scaleup: 6): -104 -104 -101 -100 -120 -110 -107 -109 # -129 -129 -129 -129 -129 -257 -129 -129 
CPU side received count (scaleup: 5): -104 -112 -102 -101 -88 -88 -98 -92 # -129 -129 -129 -129 -129 -129 -129 -129 
CPU side received count (scaleup: 2): -105 -111 -115 -91 -103 -112 -110 -89 # -129 -129 -129 -129 -129 -257 -129 -129 
CPU side received count (scaleup: 0): -100 -109 -96 -109 -121 -113 -118 -100 # -129 -129 -129 -129 -129 -129 -129 -129 
Elastic buffer uses 4 channels per SM
Elastic buffer uses 4 channels per SM
Elastic buffer uses 4 channels per SM
Elastic buffer uses 4 channels per SM
Elastic buffer uses 4 channels per SM
Elastic buffer uses 4 channels per SM
Elastic buffer uses 4 channels per SM
Elastic buffer uses 4 channels per SM
CPU side received count (scaleup: 1): -107 -113 -97 -105 -87 -80 -94 -108 # -129 -129 -129 -129 -129 -129 -129 -129 
CPU side received count (scaleup: 5): -104 -112 -102 -101 -88 -88 -98 -92 # -129 -129 -129 -129 -129 -129 -129 -129 
CPU side received count (scaleup: 4): -110 -92 -102 -111 -107 -117 -103 -91 # -129 -129 -129 -129 -129 -129 -129 -129 
CPU side received count (scaleup: 3): -106 -109 -100 -120 -96 -108 -107 -92 # -129 -129 -129 -257 -129 -257 -129 -129 
CPU side received count (scaleup: 7): -101 -97 -90 -100 -117 -101 -84 -109 # -129 -129 -129 -129 -129 -129 -129 -129 
CPU side received count (scaleup: 2): -105 -111 -115 -91 -103 -112 -110 -89 # -129 -129 -129 -129 -129 -257 -129 -129 
CPU side received count (scaleup: 6): -104 -104 -101 -100 -120 -110 -107 -109 # -129 -129 -129 -129 -129 -257 -129 -129 
CPU side received count (scaleup: 0): -100 -109 -96 -109 -121 -113 -118 -100 # -129 -129 -129 -129 -129 -129 -129 -129 
Elastic buffer uses 4 channels per SM
Elastic buffer uses 4 channels per SM
Elastic buffer uses 4 channels per SM
Elastic buffer uses 4 channels per SM
Elastic buffer uses 4 channels per SM
Elastic buffer uses 4 channels per SM
Elastic buffer uses 4 channels per SM
Elastic buffer uses 4 channels per SM
CPU side received count (scaleup: 1): -107 -113 -97 -105 -87 -80 -94 -108 # -129 -129 -129 -129 -129 -129 -129 -129 
CPU side received count (scaleup: 5): -104 -112 -102 -101 -88 -88 -98 -92 # -129 -129 -129 -129 -129 -129 -129 -129 
CPU side received count (scaleup: 6): -104 -104 -101 -100 -120 -110 -107 -109 # -129 -129 -129 -129 -129 -257 -129 -129 
CPU side received count (scaleup: 2): -105 -111 -115 -91 -103 -112 -110 -89 # -129 -129 -129 -129 -129 -257 -129 -129 
CPU side received count (scaleup: 3): -106 -109 -100 -120 -96 -108 -107 -92 # -129 -129 -129 -257 -129 -257 -129 -129 
CPU side received count (scaleup: 7): -101 -97 -90 -100 -117 -101 -84 -109 # -129 -129 -129 -129 -129 -129 -129 -129 
CPU side received count (scaleup: 4): -110 -92 -102 -111 -107 -117 -103 -91 # -129 -129 -129 -129 -129 -129 -129 -129 
CPU side received count (scaleup: 0): -100 -109 -96 -109 -121 -113 -118 -100 # -129 -129 -129 -129 -129 -129 -129 -129 
Elastic buffer uses 4 channels per SM
Elastic buffer uses 4 channels per SM
Elastic buffer uses 4 channels per SM
Elastic buffer uses 4 channels per SM
Elastic buffer uses 4 channels per SM
Elastic buffer uses 4 channels per SM
Elastic buffer uses 4 channels per SM
Elastic buffer uses 4 channels per SM
CPU side received count (scaleup: 6): -104 -104 -101 -100 -120 -110 -107 -109 # -129 -129 -129 -129 -129 -257 -129 -129 
CPU side received count (scaleup: 5): -104 -112 -102 -101 -88 -88 -98 -92 # -129 -129 -129 -129 -129 -129 -129 -129 
CPU side received count (scaleup: 3): -106 -109 -100 -120 -96 -108 -107 -92 # -129 -129 -129 -257 -129 -257 -129 -129 
CPU side received count (scaleup: 1): -107 -113 -97 -105 -87 -80 -94 -108 # -129 -129 -129 -129 -129 -129 -129 -129 
CPU side received count (scaleup: 2): -105 -111 -115 -91 -103 -112 -110 -89 # -129 -129 -129 -129 -129 -257 -129 -129 
CPU side received count (scaleup: 7): -101 -97 -90 -100 -117 -101 -84 -109 # -129 -129 -129 -129 -129 -129 -129 -129 
CPU side received count (scaleup: 4): -110 -92 -102 -111 -107 -117 -103 -91 # -129 -129 -129 -129 -129 -129 -129 -129 
CPU side received count (scaleup: 0): -100 -109 -96 -109 -121 -113 -118 -100 # -129 -129 -129 -129 -129 -129 -129 -129 
Elastic buffer uses 4 channels per SM
Elastic buffer uses 4 channels per SM
Elastic buffer uses 4 channels per SM
Elastic buffer uses 4 channels per SM
Elastic buffer uses 4 channels per SM
Elastic buffer uses 4 channels per SM
Elastic buffer uses 4 channels per SM
Elastic buffer uses 4 channels per SM
CPU side received count (scaleup: 6): -104 -104 -101 -100 -120 -110 -107 -109 # -129 -129 -129 -129 -129 -257 -129 -129 
CPU side received count (scaleup: 7): -101 -97 -90 -100 -117 -101 -84 -109 # -129 -129 -129 -129 -129 -129 -129 -129 
CPU side received count (scaleup: 5): -104 -112 -102 -101 -88 -88 -98 -92 # -129 -129 -129 -129 -129 -129 -129 -129 
CPU side received count (scaleup: 4): -110 -92 -102 -111 -107 -117 -103 -91 # -129 -129 -129 -129 -129 -129 -129 -129 
CPU side received count (scaleup: 3): -106 -109 -100 -120 -96 -108 -107 -92 # -129 -129 -129 -257 -129 -257 -129 -129 
CPU side received count (scaleup: 1): -107 -113 -97 -105 -87 -80 -94 -108 # -129 -129 -129 -129 -129 -129 -129 -129 
CPU side received count (scaleup: 2): -105 -111 -115 -91 -103 -112 -110 -89 # -129 -129 -129 -129 -129 -257 -129 -129 
CPU side received count (scaleup: 0): -100 -109 -96 -109 -121 -113 -118 -100 # -129 -129 -129 -129 -129 -129 -129 -129 
Elastic buffer uses 4 channels per SM
Elastic buffer uses 4 channels per SM
Elastic buffer uses 4 channels per SM
Elastic buffer uses 4 channels per SM
Elastic buffer uses 4 channels per SM
Elastic buffer uses 4 channels per SM
Elastic buffer uses 4 channels per SM
Elastic buffer uses 4 channels per SM
CPU side received count (scaleup: 5): -104 -112 -102 -101 -88 -88 -98 -92 # -129 -129 -129 -129 -129 -129 -129 -129 
CPU side received count (scaleup: 7): -101 -97 -90 -100 -117 -101 -84 -109 # -129 -129 -129 -129 -129 -129 -129 -129 
CPU side received count (scaleup: 6): -104 -104 -101 -100 -120 -110 -107 -109 # -129 -129 -129 -129 -129 -257 -129 -129 
CPU side received count (scaleup: 4): -110 -92 -102 -111 -107 -117 -103 -91 # -129 -129 -129 -129 -129 -129 -129 -129 
CPU side received count (scaleup: 3): -106 -109 -100 -120 -96 -108 -107 -92 # -129 -129 -129 -257 -129 -257 -129 -129 
CPU side received count (scaleup: 2): -105 -111 -115 -91 -103 -112 -110 -89 # -129 -129 -129 -129 -129 -257 -129 -129 
CPU side received count (scaleup: 1): -107 -113 -97 -105 -87 -80 -94 -108 # -129 -129 -129 -129 -129 -129 -129 -129 
CPU side received count (scaleup: 0): -100 -109 -96 -109 -121 -113 -118 -100 # -129 -129 -129 -129 -129 -129 -129 -129 
Elastic buffer uses 4 channels per SM
Elastic buffer uses 4 channels per SM
Elastic buffer uses 4 channels per SM
Elastic buffer uses 4 channels per SM
Elastic buffer uses 4 channels per SM
Elastic buffer uses 4 channels per SM
Elastic buffer uses 4 channels per SM
Elastic buffer uses 4 channels per SM
CPU side received count (scaleup: 1): -107 -113 -97 -105 -87 -80 -94 -108 # -129 -129 -129 -129 -129 -129 -129 -129 
CPU side received count (scaleup: 3): -106 -109 -100 -120 -96 -108 -107 -92 # -129 -129 -129 -257 -129 -257 -129 -129 
CPU side received count (scaleup: 2): -105 -111 -115 -91 -103 -112 -110 -89 # -129 -129 -129 -129 -129 -257 -129 -129 
CPU side received count (scaleup: 5): -104 -112 -102 -101 -88 -88 -98 -92 # -129 -129 -129 -129 -129 -129 -129 -129 
CPU side received count (scaleup: 4): -110 -92 -102 -111 -107 -117 -103 -91 # -129 -129 -129 -129 -129 -129 -129 -129 
CPU side received count (scaleup: 6): -104 -104 -101 -100 -120 -110 -107 -109 # -129 -129 -129 -129 -129 -257 -129 -129 
CPU side received count (scaleup: 7): -101 -97 -90 -100 -117 -101 -84 -109 # -129 -129 -129 -129 -129 -129 -129 -129 
CPU side received count (scaleup: 0): -100 -109 -96 -109 -121 -113 -118 -100 # -129 -129 -129 -129 -129 -129 -129 -129 
Elastic buffer uses 4 channels per SM
Elastic buffer uses 4 channels per SM
Elastic buffer uses 4 channels per SM
Elastic buffer uses 4 channels per SM
Elastic buffer uses 4 channels per SM
Elastic buffer uses 4 channels per SM
Elastic buffer uses 4 channels per SM
Elastic buffer uses 4 channels per SM
CPU side received count (scaleup: 1): -107 -113 -97 -105 -87 -80 -94 -108 # -129 -129 -129 -129 -129 -129 -129 -129 
CPU side received count (scaleup: 4): -110 -92 -102 -111 -107 -117 -103 -91 # -129 -129 -129 -129 -129 -129 -129 -129 
CPU side received count (scaleup: 6): -104 -104 -101 -100 -120 -110 -107 -109 # -129 -129 -129 -129 -129 -257 -129 -129 
CPU side received count (scaleup: 3): -106 -109 -100 -120 -96 -108 -107 -92 # -129 -129 -129 -257 -129 -257 -129 -129 
CPU side received count (scaleup: 7): -101 -97 -90 -100 -117 -101 -84 -109 # -129 -129 -129 -129 -129 -129 -129 -129 
CPU side received count (scaleup: 5): -104 -112 -102 -101 -88 -88 -98 -92 # -129 -129 -129 -129 -129 -129 -129 -129 
CPU side received count (scaleup: 2): -105 -111 -115 -91 -103 -112 -110 -89 # -129 -129 -129 -129 -129 -257 -129 -129 
CPU side received count (scaleup: 0): -100 -109 -96 -109 -121 -113 -118 -100 # -129 -129 -129 -129 -129 -129 -129 -129 
Elastic buffer uses 4 channels per SM
Elastic buffer uses 4 channels per SM
Elastic buffer uses 4 channels per SM
Elastic buffer uses 4 channels per SM
Elastic buffer uses 4 channels per SM
Elastic buffer uses 4 channels per SM
Elastic buffer uses 4 channels per SM
Elastic buffer uses 4 channels per SM
CPU side received count (scaleup: 5): -104 -112 -102 -101 -88 -88 -98 -92 # -129 -129 -129 -129 -129 -129 -129 -129 
CPU side received count (scaleup: 7): -101 -97 -90 -100 -117 -101 -84 -109 # -129 -129 -129 -129 -129 -129 -129 -129 
CPU side received count (scaleup: 4): -110 -92 -102 -111 -107 -117 -103 -91 # -129 -129 -129 -129 -129 -129 -129 -129 
CPU side received count (scaleup: 2): -105 -111 -115 -91 -103 -112 -110 -89 # -129 -129 -129 -129 -129 -257 -129 -129 
CPU side received count (scaleup: 6): -104 -104 -101 -100 -120 -110 -107 -109 # -129 -129 -129 -129 -129 -257 -129 -129 
CPU side received count (scaleup: 3): -106 -109 -100 -120 -96 -108 -107 -92 # -129 -129 -129 -257 -129 -257 -129 -129 
CPU side received count (scaleup: 1): -107 -113 -97 -105 -87 -80 -94 -108 # -129 -129 -129 -129 -129 -129 -129 -129 
CPU side received count (scaleup: 0): -100 -109 -96 -109 -121 -113 -118 -100 # -129 -129 -129 -129 -129 -129 -129 -129 
Elastic buffer uses 4 channels per SM
Elastic buffer uses 4 channels per SM
Elastic buffer uses 4 channels per SM
Elastic buffer uses 4 channels per SM
Elastic buffer uses 4 channels per SM
Elastic buffer uses 4 channels per SM
Elastic buffer uses 4 channels per SM
Elastic buffer uses 4 channels per SM
CPU side received count (scaleup: 5): -104 -112 -102 -101 -88 -88 -98 -92 # -129 -129 -129 -129 -129 -129 -129 -129 
CPU side received count (scaleup: 6): -104 -104 -101 -100 -120 -110 -107 -109 # -129 -129 -129 -129 -129 -257 -129 -129 
CPU side received count (scaleup: 3): -106 -109 -100 -120 -96 -108 -107 -92 # -129 -129 -129 -257 -129 -257 -129 -129 
CPU side received count (scaleup: 2): -105 -111 -115 -91 -103 -112 -110 -89 # -129 -129 -129 -129 -129 -257 -129 -129 
CPU side received count (scaleup: 7): -101 -97 -90 -100 -117 -101 -84 -109 # -129 -129 -129 -129 -129 -129 -129 -129 
CPU side received count (scaleup: 4): -110 -92 -102 -111 -107 -117 -103 -91 # -129 -129 -129 -129 -129 -129 -129 -129 
CPU side received count (scaleup: 1): -107 -113 -97 -105 -87 -80 -94 -108 # -129 -129 -129 -129 -129 -129 -129 -129 
CPU side received count (scaleup: 0): -100 -109 -96 -109 -121 -113 -118 -100 # -129 -129 -129 -129 -129 -129 -129 -129 
Elastic buffer uses 4 channels per SM
Elastic buffer uses 4 channels per SM
Elastic buffer uses 4 channels per SM
Elastic buffer uses 4 channels per SM
Elastic buffer uses 4 channels per SM
Elastic buffer uses 4 channels per SM
Elastic buffer uses 4 channels per SM
Elastic buffer uses 4 channels per SM
CPU side received count (scaleup: 1): -107 -113 -97 -105 -87 -80 -94 -108 # -129 -129 -129 -129 -129 -129 -129 -129 
CPU side received count (scaleup: 7): -101 -97 -90 -100 -117 -101 -84 -109 # -129 -129 -129 -129 -129 -129 -129 -129 
CPU side received count (scaleup: 6): -104 -104 -101 -100 -120 -110 -107 -109 # -129 -129 -129 -129 -129 -257 -129 -129 
CPU side received count (scaleup: 2): -105 -111 -115 -91 -103 -112 -110 -89 # -129 -129 -129 -129 -129 -257 -129 -129 
CPU side received count (scaleup: 4): -110 -92 -102 -111 -107 -117 -103 -91 # -129 -129 -129 -129 -129 -129 -129 -129 
CPU side received count (scaleup: 3): -106 -109 -100 -120 -96 -108 -107 -92 # -129 -129 -129 -257 -129 -257 -129 -129 
CPU side received count (scaleup: 5): -104 -112 -102 -101 -88 -88 -98 -92 # -129 -129 -129 -129 -129 -129 -129 -129 
CPU side received count (scaleup: 0): -100 -109 -96 -109 -121 -113 -118 -100 # -129 -129 -129 -129 -129 -129 -129 -129 
Elastic buffer uses 4 channels per SM
Elastic buffer uses 4 channels per SM
Elastic buffer uses 4 channels per SM
Elastic buffer uses 4 channels per SM
Elastic buffer uses 4 channels per SM
Elastic buffer uses 4 channels per SM
Elastic buffer uses 4 channels per SM
Elastic buffer uses 4 channels per SM
CPU side received count (scaleup: 4): -110 -92 -102 -111 -107 -117 -103 -91 # -129 -129 -129 -129 -129 -129 -129 -129 
CPU side received count (scaleup: 5): -104 -112 -102 -101 -88 -88 -98 -92 # -129 -129 -129 -129 -129 -129 -129 -129 
CPU side received count (scaleup: 7): -101 -97 -90 -100 -117 -101 -84 -109 # -129 -129 -129 -129 -129 -129 -129 -129 
CPU side received count (scaleup: 6): -104 -104 -101 -100 -120 -110 -107 -109 # -129 -129 -129 -129 -129 -257 -129 -129 
CPU side received count (scaleup: 3): -106 -109 -100 -120 -96 -108 -107 -92 # -129 -129 -129 -257 -129 -257 -129 -129 
CPU side received count (scaleup: 1): -107 -113 -97 -105 -87 -80 -94 -108 # -129 -129 -129 -129 -129 -129 -129 -129 
CPU side received count (scaleup: 2): -105 -111 -115 -91 -103 -112 -110 -89 # -129 -129 -129 -129 -129 -257 -129 -129 
CPU side received count (scaleup: 0): -100 -109 -96 -109 -121 -113 -118 -100 # -129 -129 -129 -129 -129 -129 -129 -129 
USDT:2026-08-25 02:49:24 437:437 SyncActivityProfilerHandler.cpp:59] profiler_stopUSDT:2026-08-25 02:49:24 435:435 SyncActivityProfilerHandler.cpp:59] profiler_stop

USDT:2026-08-25 02:49:24 433:433 SyncActivityProfilerHandler.cpp:59] profiler_stopUSDT:2026-08-25 02:49:24 436:436 SyncActivityProfilerHandler.cpp:59] profiler_stop

USDT:2026-08-25 02:49:24 434:434 SyncActivityProfilerHandler.cpp:59] profiler_stop
USDT:2026-08-25 02:49:24 431:431 SyncActivityProfilerHandler.cpp:59] profiler_stopUSDT:2026-08-25 02:49:24 430:430 SyncActivityProfilerHandler.cpp:59] profiler_stopUSDT:2026-08-25 02:49:24 432:432 SyncActivityProfilerHandler.cpp:59] profiler_stop


   - EP:  28/32 | expanded dispatch: 3 GB/s (SO), 6 GB/s (SU), 995.901 us, 6177600 bytes | copy: 49 GB/s, 280.547 us
   - EP:  29/32 | expanded dispatch: 3 GB/s (SO), 6 GB/s (SU), 995.838 us, 5818176 bytes | copy: 46 GB/s, 288.415 us
   - EP:  30/32 | expanded dispatch: 3 GB/s (SO), 6 GB/s (SU), 995.994 us, 6342336 bytes | copy: 51 GB/s, 293.184 us
   - EP:  27/32 | expanded dispatch: 3 GB/s (SO), 6 GB/s (SU), 995.919 us, 6215040 bytes | copy: 58 GB/s, 268.051 us
   - EP:  31/32 | expanded dispatch: 3 GB/s (SO), 6 GB/s (SU), 995.917 us, 5923008 bytes | copy: 44 GB/s, 304.159 us
   - EP:  24/32 | expanded dispatch: 3 GB/s (SO), 6 GB/s (SU), 995.456 us, 6424704 bytes | copy: 1075 GB/s, 13.081 us
   - EP:  25/32 | expanded dispatch: 3 GB/s (SO), 6 GB/s (SU), 995.878 us, 5863104 bytes | copy: 63 GB/s, 211.136 us
   - EP:  26/32 | expanded dispatch: 3 GB/s (SO), 6 GB/s (SU), 995.904 us, 6200064 bytes | copy: 51 GB/s, 289.416 us
Elastic buffer uses 4 channels per SM
Elastic buffer uses 4 channels per SM
Elastic buffer uses 4 channels per SM
Elastic buffer uses 4 channels per SM
Elastic buffer uses 4 channels per SM
Elastic buffer uses 4 channels per SM
Elastic buffer uses 4 channels per SM
Elastic buffer uses 4 channels per SM
Elastic buffer uses 4 channels per SM
Elastic buffer uses 4 channels per SM
Elastic buffer uses 4 channels per SM
Elastic buffer uses 4 channels per SM
Elastic buffer uses 4 channels per SM
Elastic buffer uses 4 channels per SM
Elastic buffer uses 4 channels per SM
Elastic buffer uses 4 channels per SM
Elastic buffer uses 4 channels per SM
Elastic buffer uses 4 channels per SM
Elastic buffer uses 4 channels per SM
Elastic buffer uses 4 channels per SM
Elastic buffer uses 4 channels per SM
Elastic buffer uses 4 channels per SM
Elastic buffer uses 4 channels per SM
Elastic buffer uses 4 channels per SM
Elastic buffer uses 4 channels per SM
Elastic buffer uses 4 channels per SM
Elastic buffer uses 4 channels per SM
Elastic buffer uses 4 channels per SM
Elastic buffer uses 4 channels per SM
Elastic buffer uses 4 channels per SM
Elastic buffer uses 4 channels per SM
Elastic buffer uses 4 channels per SM
Elastic buffer uses 4 channels per SM
Elastic buffer uses 4 channels per SM
Elastic buffer uses 4 channels per SM
Elastic buffer uses 4 channels per SM
Elastic buffer uses 4 channels per SM
Elastic buffer uses 4 channels per SM
Elastic buffer uses 4 channels per SM
Elastic buffer uses 4 channels per SM
Elastic buffer uses 4 channels per SM
Elastic buffer uses 4 channels per SM
Elastic buffer uses 4 channels per SM
Elastic buffer uses 4 channels per SM
Elastic buffer uses 4 channels per SM
Elastic buffer uses 4 channels per SM
Elastic buffer uses 4 channels per SM
Elastic buffer uses 4 channels per SM
Elastic buffer uses 4 channels per SM
Elastic buffer uses 4 channels per SM
Elastic buffer uses 4 channels per SM
Elastic buffer uses 4 channels per SM
Elastic buffer uses 4 channels per SM
Elastic buffer uses 4 channels per SM
Elastic buffer uses 4 channels per SM
Elastic buffer uses 4 channels per SM
Elastic buffer uses 4 channels per SM
Elastic buffer uses 4 channels per SM
Elastic buffer uses 4 channels per SM
Elastic buffer uses 4 channels per SM
Elastic buffer uses 4 channels per SM
Elastic buffer uses 4 channels per SM
Elastic buffer uses 4 channels per SM
Elastic buffer uses 4 channels per SM
Elastic buffer uses 4 channels per SM
Elastic buffer uses 4 channels per SM
Elastic buffer uses 4 channels per SM
Elastic buffer uses 4 channels per SM
Elastic buffer uses 4 channels per SM
Elastic buffer uses 4 channels per SM
Elastic buffer uses 4 channels per SM
Elastic buffer uses 4 channels per SM
Elastic buffer uses 4 channels per SM
Elastic buffer uses 4 channels per SM
Elastic buffer uses 4 channels per SM
Elastic buffer uses 4 channels per SM
Elastic buffer uses 4 channels per SM
Elastic buffer uses 4 channels per SM
Elastic buffer uses 4 channels per SM
Elastic buffer uses 4 channels per SM
Elastic buffer uses 4 channels per SM
Elastic buffer uses 4 channels per SM
Elastic buffer uses 4 channels per SM
Elastic buffer uses 4 channels per SM
Elastic buffer uses 4 channels per SM
Elastic buffer uses 4 channels per SM
Elastic buffer uses 4 channels per SM
Elastic buffer uses 4 channels per SM
Elastic buffer uses 4 channels per SM
Elastic buffer uses 4 channels per SM
Elastic buffer uses 4 channels per SM
Elastic buffer uses 4 channels per SM
Elastic buffer uses 4 channels per SM
Elastic buffer uses 4 channels per SM
Elastic buffer uses 4 channels per SM
Elastic buffer uses 4 channels per SM
Elastic buffer uses 4 channels per SM
Elastic buffer uses 4 channels per SM
Elastic buffer uses 4 channels per SM
Elastic buffer uses 4 channels per SM
Elastic buffer uses 4 channels per SM
Elastic buffer uses 4 channels per SM
Elastic buffer uses 4 channels per SM
Elastic buffer uses 4 channels per SM
Elastic buffer uses 4 channels per SM
Elastic buffer uses 4 channels per SM
Elastic buffer uses 4 channels per SM
Elastic buffer uses 4 channels per SM
Elastic buffer uses 4 channels per SM
Elastic buffer uses 4 channels per SM
Elastic buffer uses 4 channels per SM
Elastic buffer uses 4 channels per SM
Elastic buffer uses 4 channels per SM
Elastic buffer uses 4 channels per SM
Elastic buffer uses 4 channels per SM
Elastic buffer uses 4 channels per SM
Elastic buffer uses 4 channels per SM
Elastic buffer uses 4 channels per SM
Elastic buffer uses 4 channels per SM
Elastic buffer uses 4 channels per SM
Elastic buffer uses 4 channels per SM
Elastic buffer uses 4 channels per SM
Elastic buffer uses 4 channels per SM
Elastic buffer uses 4 channels per SM
Elastic buffer uses 4 channels per SM
Elastic buffer uses 4 channels per SM
Elastic buffer uses 4 channels per SM
Elastic buffer uses 4 channels per SM
Elastic buffer uses 4 channels per SM
Elastic buffer uses 4 channels per SM
Elastic buffer uses 4 channels per SM
Elastic buffer uses 4 channels per SM
Elastic buffer uses 4 channels per SM
Elastic buffer uses 4 channels per SM
Elastic buffer uses 4 channels per SM
Elastic buffer uses 4 channels per SM
Elastic buffer uses 4 channels per SM
Elastic buffer uses 4 channels per SM
Elastic buffer uses 4 channels per SM
Elastic buffer uses 4 channels per SM
Elastic buffer uses 4 channels per SM
Elastic buffer uses 4 channels per SM
Elastic buffer uses 4 channels per SM
Elastic buffer uses 4 channels per SM
Elastic buffer uses 4 channels per SM
Elastic buffer uses 4 channels per SM
Elastic buffer uses 4 channels per SM
Elastic buffer uses 4 channels per SM
Elastic buffer uses 4 channels per SM
Elastic buffer uses 4 channels per SM
Elastic buffer uses 4 channels per SM
Elastic buffer uses 4 channels per SM
Elastic buffer uses 4 channels per SM
Elastic buffer uses 4 channels per SM
Elastic buffer uses 4 channels per SM
Elastic buffer uses 4 channels per SM
Elastic buffer uses 4 channels per SM
Elastic buffer uses 4 channels per SM
Elastic buffer uses 4 channels per SM
Elastic buffer uses 4 channels per SM
Elastic buffer uses 4 channels per SM
Elastic buffer uses 4 channels per SM
Elastic buffer uses 4 channels per SM
Elastic buffer uses 4 channels per SM
Elastic buffer uses 4 channels per SM
Elastic buffer uses 4 channels per SM
Elastic buffer uses 4 channels per SM
Elastic buffer uses 4 channels per SM
Elastic buffer uses 4 channels per SM
Elastic buffer uses 4 channels per SM
Elastic buffer uses 4 channels per SM
Elastic buffer uses 4 channels per SM
Elastic buffer uses 4 channels per SM
Elastic buffer uses 4 channels per SM
Elastic buffer uses 4 channels per SM
Elastic buffer uses 4 channels per SM
Elastic buffer uses 4 channels per SM
Elastic buffer uses 4 channels per SM
Elastic buffer uses 4 channels per SM
Elastic buffer uses 4 channels per SM
Elastic buffer uses 4 channels per SM
Elastic buffer uses 4 channels per SM
Elastic buffer uses 4 channels per SM
Elastic buffer uses 4 channels per SM
Elastic buffer uses 4 channels per SM
Elastic buffer uses 4 channels per SM
Elastic buffer uses 4 channels per SM
Elastic buffer uses 4 channels per SM
Elastic buffer uses 4 channels per SM
Elastic buffer uses 4 channels per SM
Elastic buffer uses 4 channels per SM
Elastic buffer uses 4 channels per SM
Elastic buffer uses 4 channels per SM
Elastic buffer uses 4 channels per SM
Elastic buffer uses 4 channels per SM
Elastic buffer uses 4 channels per SM
Elastic buffer uses 4 channels per SM
Elastic buffer uses 4 channels per SM
Elastic buffer uses 4 channels per SM
Elastic buffer uses 4 channels per SM
Elastic buffer uses 4 channels per SM
Elastic buffer uses 4 channels per SM
Elastic buffer uses 4 channels per SM
Elastic buffer uses 4 channels per SM
Elastic buffer uses 4 channels per SM
Elastic buffer uses 4 channels per SM
Elastic buffer uses 4 channels per SM
Elastic buffer uses 4 channels per SM
Elastic buffer uses 4 channels per SM
Elastic buffer uses 4 channels per SM
Elastic buffer uses 4 channels per SM
Elastic buffer uses 4 channels per SM
Elastic buffer uses 4 channels per SM
Elastic buffer uses 4 channels per SM
Elastic buffer uses 4 channels per SM
Elastic buffer uses 4 channels per SM
Elastic buffer uses 4 channels per SM
Elastic buffer uses 4 channels per SM
Elastic buffer uses 4 channels per SM
Elastic buffer uses 4 channels per SM
Elastic buffer uses 4 channels per SM
Elastic buffer uses 4 channels per SM
Elastic buffer uses 4 channels per SM
Elastic buffer uses 4 channels per SM
Elastic buffer uses 4 channels per SM
Elastic buffer uses 4 channels per SM
Elastic buffer uses 4 channels per SM
Elastic buffer uses 4 channels per SM
Elastic buffer uses 4 channels per SM
Elastic buffer uses 4 channels per SM
Elastic buffer uses 4 channels per SM
Elastic buffer uses 4 channels per SM
Elastic buffer uses 4 channels per SM
Elastic buffer uses 4 channels per SM
Elastic buffer uses 4 channels per SM
Elastic buffer uses 4 channels per SM
Elastic buffer uses 4 channels per SM
Elastic buffer uses 4 channels per SM
Elastic buffer uses 4 channels per SM
Elastic buffer uses 4 channels per SM
Elastic buffer uses 4 channels per SM
Elastic buffer uses 4 channels per SM
Elastic buffer uses 4 channels per SM
Elastic buffer uses 4 channels per SM
Elastic buffer uses 4 channels per SM
Elastic buffer uses 4 channels per SM
Elastic buffer uses 4 channels per SM
Elastic buffer uses 4 channels per SM
USDT:2026-08-25 02:49:25 437:437 SyncActivityProfilerHandler.cpp:52] profiler_startUSDT:2026-08-25 02:49:25 435:435 SyncActivityProfilerHandler.cpp:52] profiler_startUSDT:2026-08-25 02:49:25 434:434 SyncActivityProfilerHandler.cpp:52] profiler_startUSDT:2026-08-25 02:49:25 433:433 SyncActivityProfilerHandler.cpp:52] profiler_startUSDT:2026-08-25 02:49:25 436:436 SyncActivityProfilerHandler.cpp:52] profiler_start

USDT:2026-08-25 02:49:25 431:431 SyncActivityProfilerHandler.cpp:52] profiler_start



USDT:2026-08-25 02:49:25 432:432 SyncActivityProfilerHandler.cpp:52] profiler_startUSDT:2026-08-25 02:49:25 430:430 SyncActivityProfilerHandler.cpp:52] profiler_start

Elastic buffer uses 4 channels per SM
Elastic buffer uses 4 channels per SM
Elastic buffer uses 4 channels per SM
Elastic buffer uses 4 channels per SM
Elastic buffer uses 4 channels per SM
Elastic buffer uses 4 channels per SM
Elastic buffer uses 4 channels per SM
Elastic buffer uses 4 channels per SM
Elastic buffer uses 4 channels per SM
Elastic buffer uses 4 channels per SM
Elastic buffer uses 4 channels per SM
Elastic buffer uses 4 channels per SM
Elastic buffer uses 4 channels per SM
Elastic buffer uses 4 channels per SM
Elastic buffer uses 4 channels per SM
Elastic buffer uses 4 channels per SM
Elastic buffer uses 4 channels per SM
Elastic buffer uses 4 channels per SM
Elastic buffer uses 4 channels per SM
Elastic buffer uses 4 channels per SM
Elastic buffer uses 4 channels per SM
Elastic buffer uses 4 channels per SM
Elastic buffer uses 4 channels per SM
Elastic buffer uses 4 channels per SM
Elastic buffer uses 4 channels per SM
Elastic buffer uses 4 channels per SM
Elastic buffer uses 4 channels per SM
Elastic buffer uses 4 channels per SM
Elastic buffer uses 4 channels per SM
Elastic buffer uses 4 channels per SM
Elastic buffer uses 4 channels per SM
Elastic buffer uses 4 channels per SM
Elastic buffer uses 4 channels per SM
Elastic buffer uses 4 channels per SM
Elastic buffer uses 4 channels per SM
Elastic buffer uses 4 channels per SM
Elastic buffer uses 4 channels per SM
Elastic buffer uses 4 channels per SM
Elastic buffer uses 4 channels per SM
Elastic buffer uses 4 channels per SM
Elastic buffer uses 4 channels per SM
Elastic buffer uses 4 channels per SM
Elastic buffer uses 4 channels per SM
Elastic buffer uses 4 channels per SM
Elastic buffer uses 4 channels per SM
Elastic buffer uses 4 channels per SM
Elastic buffer uses 4 channels per SM
Elastic buffer uses 4 channels per SM
Elastic buffer uses 4 channels per SM
Elastic buffer uses 4 channels per SM
Elastic buffer uses 4 channels per SM
Elastic buffer uses 4 channels per SM
Elastic buffer uses 4 channels per SM
Elastic buffer uses 4 channels per SM
Elastic buffer uses 4 channels per SM
Elastic buffer uses 4 channels per SM
Elastic buffer uses 4 channels per SM
Elastic buffer uses 4 channels per SM
Elastic buffer uses 4 channels per SM
Elastic buffer uses 4 channels per SM
Elastic buffer uses 4 channels per SM
Elastic buffer uses 4 channels per SM
Elastic buffer uses 4 channels per SM
Elastic buffer uses 4 channels per SM
Elastic buffer uses 4 channels per SM
Elastic buffer uses 4 channels per SM
Elastic buffer uses 4 channels per SM
Elastic buffer uses 4 channels per SM
Elastic buffer uses 4 channels per SM
Elastic buffer uses 4 channels per SM
Elastic buffer uses 4 channels per SM
Elastic buffer uses 4 channels per SM
Elastic buffer uses 4 channels per SM
Elastic buffer uses 4 channels per SM
Elastic buffer uses 4 channels per SM
Elastic buffer uses 4 channels per SM
Elastic buffer uses 4 channels per SM
Elastic buffer uses 4 channels per SM
Elastic buffer uses 4 channels per SM
Elastic buffer uses 4 channels per SM
Elastic buffer uses 4 channels per SM
Elastic buffer uses 4 channels per SM
Elastic buffer uses 4 channels per SM
Elastic buffer uses 4 channels per SM
Elastic buffer uses 4 channels per SM
Elastic buffer uses 4 channels per SM
Elastic buffer uses 4 channels per SM
Elastic buffer uses 4 channels per SM
Elastic buffer uses 4 channels per SM
Elastic buffer uses 4 channels per SM
Elastic buffer uses 4 channels per SM
Elastic buffer uses 4 channels per SM
Elastic buffer uses 4 channels per SM
Elastic buffer uses 4 channels per SM
Elastic buffer uses 4 channels per SM
Elastic buffer uses 4 channels per SM
Elastic buffer uses 4 channels per SM
Elastic buffer uses 4 channels per SM
Elastic buffer uses 4 channels per SM
Elastic buffer uses 4 channels per SM
Elastic buffer uses 4 channels per SM
Elastic buffer uses 4 channels per SM
Elastic buffer uses 4 channels per SM
Elastic buffer uses 4 channels per SM
Elastic buffer uses 4 channels per SM
Elastic buffer uses 4 channels per SM
Elastic buffer uses 4 channels per SM
Elastic buffer uses 4 channels per SM
Elastic buffer uses 4 channels per SM
Elastic buffer uses 4 channels per SM
Elastic buffer uses 4 channels per SM
Elastic buffer uses 4 channels per SM
Elastic buffer uses 4 channels per SM
Elastic buffer uses 4 channels per SM
Elastic buffer uses 4 channels per SM
Elastic buffer uses 4 channels per SM
Elastic buffer uses 4 channels per SM
Elastic buffer uses 4 channels per SM
Elastic buffer uses 4 channels per SM
Elastic buffer uses 4 channels per SM
Elastic buffer uses 4 channels per SM
Elastic buffer uses 4 channels per SM
Elastic buffer uses 4 channels per SM
Elastic buffer uses 4 channels per SM
Elastic buffer uses 4 channels per SM
Elastic buffer uses 4 channels per SM
Elastic buffer uses 4 channels per SM
Elastic buffer uses 4 channels per SM
Elastic buffer uses 4 channels per SM
Elastic buffer uses 4 channels per SM
Elastic buffer uses 4 channels per SM
Elastic buffer uses 4 channels per SM
Elastic buffer uses 4 channels per SM
Elastic buffer uses 4 channels per SM
Elastic buffer uses 4 channels per SM
Elastic buffer uses 4 channels per SM
Elastic buffer uses 4 channels per SM
Elastic buffer uses 4 channels per SM
Elastic buffer uses 4 channels per SM
Elastic buffer uses 4 channels per SM
Elastic buffer uses 4 channels per SM
Elastic buffer uses 4 channels per SM
Elastic buffer uses 4 channels per SM
Elastic buffer uses 4 channels per SM
Elastic buffer uses 4 channels per SM
Elastic buffer uses 4 channels per SM
Elastic buffer uses 4 channels per SM
Elastic buffer uses 4 channels per SM
Elastic buffer uses 4 channels per SM
Elastic buffer uses 4 channels per SM
Elastic buffer uses 4 channels per SM
Elastic buffer uses 4 channels per SM
Elastic buffer uses 4 channels per SM
Elastic buffer uses 4 channels per SM
Elastic buffer uses 4 channels per SM
Elastic buffer uses 4 channels per SM
Elastic buffer uses 4 channels per SM
Elastic buffer uses 4 channels per SM
Elastic buffer uses 4 channels per SM
Elastic buffer uses 4 channels per SM
Elastic buffer uses 4 channels per SM
Elastic buffer uses 4 channels per SM
Elastic buffer uses 4 channels per SM
Elastic buffer uses 4 channels per SM
Elastic buffer uses 4 channels per SM
Elastic buffer uses 4 channels per SM
Elastic buffer uses 4 channels per SM
Elastic buffer uses 4 channels per SM
Elastic buffer uses 4 channels per SM
Elastic buffer uses 4 channels per SM
Elastic buffer uses 4 channels per SM
Elastic buffer uses 4 channels per SM
Elastic buffer uses 4 channels per SM
Elastic buffer uses 4 channels per SM
Elastic buffer uses 4 channels per SM
Elastic buffer uses 4 channels per SM
Elastic buffer uses 4 channels per SM
Elastic buffer uses 4 channels per SM
Elastic buffer uses 4 channels per SM
Elastic buffer uses 4 channels per SM
Elastic buffer uses 4 channels per SM
Elastic buffer uses 4 channels per SM
Elastic buffer uses 4 channels per SM
Elastic buffer uses 4 channels per SM
Elastic buffer uses 4 channels per SM
Elastic buffer uses 4 channels per SM
Elastic buffer uses 4 channels per SM
Elastic buffer uses 4 channels per SM
Elastic buffer uses 4 channels per SM
Elastic buffer uses 4 channels per SM
Elastic buffer uses 4 channels per SM
Elastic buffer uses 4 channels per SM
Elastic buffer uses 4 channels per SM
Elastic buffer uses 4 channels per SM
Elastic buffer uses 4 channels per SM
Elastic buffer uses 4 channels per SM
Elastic buffer uses 4 channels per SM
Elastic buffer uses 4 channels per SM
Elastic buffer uses 4 channels per SM
Elastic buffer uses 4 channels per SM
Elastic buffer uses 4 channels per SM
Elastic buffer uses 4 channels per SM
Elastic buffer uses 4 channels per SM
Elastic buffer uses 4 channels per SM
Elastic buffer uses 4 channels per SM
Elastic buffer uses 4 channels per SM
Elastic buffer uses 4 channels per SM
Elastic buffer uses 4 channels per SM
Elastic buffer uses 4 channels per SM
Elastic buffer uses 4 channels per SM
Elastic buffer uses 4 channels per SM
Elastic buffer uses 4 channels per SM
Elastic buffer uses 4 channels per SM
Elastic buffer uses 4 channels per SM
Elastic buffer uses 4 channels per SM
Elastic buffer uses 4 channels per SM
Elastic buffer uses 4 channels per SM
Elastic buffer uses 4 channels per SM
Elastic buffer uses 4 channels per SM
Elastic buffer uses 4 channels per SM
Elastic buffer uses 4 channels per SM
Elastic buffer uses 4 channels per SM
Elastic buffer uses 4 channels per SM
Elastic buffer uses 4 channels per SM
Elastic buffer uses 4 channels per SM
Elastic buffer uses 4 channels per SM
Elastic buffer uses 4 channels per SM
Elastic buffer uses 4 channels per SM
Elastic buffer uses 4 channels per SM
Elastic buffer uses 4 channels per SM
Elastic buffer uses 4 channels per SM
Elastic buffer uses 4 channels per SM
Elastic buffer uses 4 channels per SM
Elastic buffer uses 4 channels per SM
Elastic buffer uses 4 channels per SM
Elastic buffer uses 4 channels per SM
Elastic buffer uses 4 channels per SM
Elastic buffer uses 4 channels per SM
Elastic buffer uses 4 channels per SM
Elastic buffer uses 4 channels per SM
USDT:2026-08-25 02:49:25 435:435 SyncActivityProfilerHandler.cpp:59] profiler_stopUSDT:2026-08-25 02:49:25 437:437 SyncActivityProfilerHandler.cpp:59] profiler_stopUSDT:2026-08-25 02:49:25 433:433 SyncActivityProfilerHandler.cpp:59] profiler_stop


USDT:2026-08-25 02:49:25 436:436 SyncActivityProfilerHandler.cpp:59] profiler_stop
USDT:2026-08-25 02:49:25 431:431 SyncActivityProfilerHandler.cpp:59] profiler_stop
USDT:2026-08-25 02:49:25 432:432 SyncActivityProfilerHandler.cpp:59] profiler_stop
USDT:2026-08-25 02:49:25 430:430 SyncActivityProfilerHandler.cpp:59] profiler_stop
USDT:2026-08-25 02:49:25 434:434 SyncActivityProfilerHandler.cpp:59] profiler_stop
   # EP:  30/32 | cached dispatch: 3 GB/s (SO), 6 GB/s (SU), 988.973 us, 6342336 bytes | copy: 45 GB/s, 278.922 us
   # EP:  29/32 | cached dispatch: 3 GB/s (SO), 6 GB/s (SU), 988.817 us, 5818176 bytes | copy: 41 GB/s, 283.641 us   # EP:  27/32 | cached dispatch: 3 GB/s (SO), 6 GB/s (SU), 988.952 us, 6215040 bytes | copy: 43 GB/s, 290.999 us

   # EP:  31/32 | cached dispatch: 3 GB/s (SO), 6 GB/s (SU), 988.789 us, 5923008 bytes | copy: 40 GB/s, 293.565 us
   # EP:  25/32 | cached dispatch: 3 GB/s (SO), 6 GB/s (SU), 988.735 us, 5863104 bytes | copy: 54 GB/s, 218.128 us
   # EP:  28/32 | cached dispatch: 3 GB/s (SO), 6 GB/s (SU), 988.948 us, 6177600 bytes | copy: 45 GB/s, 272.910 us
   # EP:  24/32 | cached dispatch: 3 GB/s (SO), 6 GB/s (SU), 988.550 us, 6424704 bytes | copy: 2960 GB/s, 4.341 us
   # EP:  26/32 | cached dispatch: 3 GB/s (SO), 6 GB/s (SU), 988.864 us, 6200064 bytes | copy: 43 GB/s, 288.161 us
USDT:2026-08-25 02:49:25 433:433 SyncActivityProfilerHandler.cpp:52] profiler_startUSDT:2026-08-25 02:49:25 435:435 SyncActivityProfilerHandler.cpp:52] profiler_startUSDT:2026-08-25 02:49:25 437:437 SyncActivityProfilerHandler.cpp:52] profiler_startUSDT:2026-08-25 02:49:25 436:436 SyncActivityProfilerHandler.cpp:52] profiler_start



USDT:2026-08-25 02:49:25 434:434 SyncActivityProfilerHandler.cpp:52] profiler_start
USDT:2026-08-25 02:49:25 431:431 SyncActivityProfilerHandler.cpp:52] profiler_startUSDT:2026-08-25 02:49:25 432:432 SyncActivityProfilerHandler.cpp:52] profiler_startUSDT:2026-08-25 02:49:25 430:430 SyncActivityProfilerHandler.cpp:52] profiler_start


USDT:2026-08-25 02:49:26 436:436 SyncActivityProfilerHandler.cpp:59] profiler_stopUSDT:2026-08-25 02:49:26 437:437 SyncActivityProfilerHandler.cpp:59] profiler_stopUSDT:2026-08-25 02:49:26 435:435 SyncActivityProfilerHandler.cpp:59] profiler_stop


USDT:2026-08-25 02:49:26 433:433 SyncActivityProfilerHandler.cpp:59] profiler_stop
USDT:2026-08-25 02:49:26 434:434 SyncActivityProfilerHandler.cpp:59] profiler_stop
USDT:2026-08-25 02:49:26 430:430 SyncActivityProfilerHandler.cpp:59] profiler_stopUSDT:2026-08-25 02:49:26 432:432 SyncActivityProfilerHandler.cpp:59] profiler_stop

USDT:2026-08-25 02:49:26 431:431 SyncActivityProfilerHandler.cpp:59] profiler_stop
   @ EP:  31/32 | combine: 16 GB/s (SO), 36 GB/s (SU), 317.364 us, 11365088 bytes | reduce: 966 GB/s, 6.769 us
   @ EP:  29/32 | combine: 16 GB/s (SO), 35 GB/s (SU), 316.226 us, 11163936 bytes | reduce: 970 GB/s, 6.784 us
   @ EP:  30/32 | combine: 16 GB/s (SO), 38 GB/s (SU), 317.863 us, 12169696 bytes | reduce: 905 GB/s, 7.082 us
   @ EP:  27/32 | combine: 17 GB/s (SO), 38 GB/s (SU), 314.038 us, 11925440 bytes | reduce: 991 GB/s, 6.739 us
   @ EP:  28/32 | combine: 17 GB/s (SO), 38 GB/s (SU), 315.495 us, 11853600 bytes | reduce: 913 GB/s, 7.363 us
   @ EP:  25/32 | combine: 15 GB/s (SO), 31 GB/s (SU), 359.651 us, 11250144 bytes | reduce: 965 GB/s, 7.072 us
   @ EP:  24/32 | combine: 14 GB/s (SO), 31 GB/s (SU), 391.668 us, 12327744 bytes | reduce: 948 GB/s, 7.275 us
   @ EP:  26/32 | combine: 17 GB/s (SO), 38 GB/s (SU), 316.828 us, 11896704 bytes | reduce: 924 GB/s, 7.295 us
USDT:2026-08-25 02:49:26 435:435 SyncActivityProfilerHandler.cpp:52] profiler_startUSDT:2026-08-25 02:49:26 437:437 SyncActivityProfilerHandler.cpp:52] profiler_startUSDT:2026-08-25 02:49:26 433:433 SyncActivityProfilerHandler.cpp:52] profiler_startUSDT:2026-08-25 02:49:26 436:436 SyncActivityProfilerHandler.cpp:52] profiler_start



USDT:2026-08-25 02:49:26 434:434 SyncActivityProfilerHandler.cpp:52] profiler_start
USDT:2026-08-25 02:49:26 431:431 SyncActivityProfilerHandler.cpp:52] profiler_start
USDT:2026-08-25 02:49:26 430:430 SyncActivityProfilerHandler.cpp:52] profiler_start
USDT:2026-08-25 02:49:26 432:432 SyncActivityProfilerHandler.cpp:52] profiler_start
USDT:2026-08-25 02:49:26 435:435 SyncActivityProfilerHandler.cpp:59] profiler_stop
USDT:2026-08-25 02:49:26 433:433 SyncActivityProfilerHandler.cpp:59] profiler_stop
USDT:2026-08-25 02:49:26 437:437 SyncActivityProfilerHandler.cpp:59] profiler_stop
USDT:2026-08-25 02:49:26 436:436 SyncActivityProfilerHandler.cpp:59] profiler_stop
USDT:2026-08-25 02:49:26 434:434 SyncActivityProfilerHandler.cpp:59] profiler_stop
USDT:2026-08-25 02:49:26 431:431 SyncActivityProfilerHandler.cpp:59] profiler_stop
USDT:2026-08-25 02:49:26 432:432 SyncActivityProfilerHandler.cpp:59] profiler_stop
USDT:2026-08-25 02:49:26 430:430 SyncActivityProfilerHandler.cpp:59] profiler_stop
   + EP:  29/32 | reduced combine: 16 GB/s (SO), 34 GB/s (SU), 327.217 us, 11163936 bytes | reduce: 923 GB/s, 7.133 us
   + EP:  31/32 | reduced combine: 16 GB/s (SO), 35 GB/s (SU), 326.112 us, 11365088 bytes | reduce: 950 GB/s, 6.879 us
   + EP:  27/32 | reduced combine: 16 GB/s (SO), 37 GB/s (SU), 323.448 us, 11925440 bytes | reduce: 976 GB/s, 6.847 us
   + EP:  30/32 | reduced combine: 15 GB/s (SO), 37 GB/s (SU), 325.905 us, 12169696 bytes | reduce: 895 GB/s, 7.156 us
   + EP:  28/32 | reduced combine: 16 GB/s (SO), 36 GB/s (SU), 327.046 us, 11853600 bytes | reduce: 935 GB/s, 7.193 us
   + EP:  25/32 | reduced combine: 15 GB/s (SO), 32 GB/s (SU), 350.461 us, 11250144 bytes | reduce: 916 GB/s, 7.449 us
   + EP:  24/32 | reduced combine: 14 GB/s (SO), 31 GB/s (SU), 399.914 us, 12327744 bytes | reduce: 953 GB/s, 7.239 us
   + EP:  26/32 | reduced combine: 16 GB/s (SO), 37 GB/s (SU), 324.512 us, 11896704 bytes | reduce: 996 GB/s, 6.769 us

Elastic buffer uses 4 channels per SM
Elastic buffer uses 4 channels per SM
Elastic buffer uses 4 channels per SM
Elastic buffer uses 4 channels per SM
Elastic buffer uses 4 channels per SM
Elastic buffer uses 4 channels per SM
Elastic buffer uses 4 channels per SM
Elastic buffer uses 4 channels per SM
CPU side received count (scaleup: 3): -106 -109 -100 -120 -96 -108 -107 -92 # -129 -129 -129 -257 -129 -257 -129 -129 
CPU side received count (scaleup: 4): -110 -92 -102 -111 -107 -117 -103 -91 # -129 -129 -129 -129 -129 -129 -129 -129 
CPU side received count (scaleup: 7): -101 -97 -90 -100 -117 -101 -84 -109 # -129 -129 -129 -129 -129 -129 -129 -129 
CPU side received count (scaleup: 6): -104 -104 -101 -100 -120 -110 -107 -109 # -129 -129 -129 -129 -129 -257 -129 -129 
CPU side received count (scaleup: 0): -100 -109 -96 -109 -121 -113 -118 -100 # -129 -129 -129 -129 -129 -129 -129 -129 
CPU side received count (scaleup: 5): -104 -112 -102 -101 -88 -88 -98 -92 # -129 -129 -129 -129 -129 -129 -129 -129 
CPU side received count (scaleup: 1): -107 -113 -97 -105 -87 -80 -94 -108 # -129 -129 -129 -129 -129 -129 -129 -129 
CPU side received count (scaleup: 2): -105 -111 -115 -91 -103 -112 -110 -89 # -129 -129 -129 -129 -129 -257 -129 -129 

