=== EP_NIC_NAME=rdmap110s0 (auto, 200 Gb/s) ===
+ docker run --rm --gpus all --privileged --network=host --ipc=host --ulimit memlock=-1 --ulimit stack=67108864 --device=/dev/infiniband --device=/dev/gdrdrv -v /sys/class/infiniband:/sys/class/infiniband:ro -e MASTER_ADDR=172.31.20.74 -e MASTER_PORT=29541 -e WORLD_SIZE=4 -e RANK=0 -e NCCL_DEBUG=WARN -e EP_NIC_NAME=rdmap110s0 -e EP_BUFFER_DEBUG=1 -e PYTHONUNBUFFERED=1 -e PYTHONFAULTHANDLER=1 deepep-v2-efa-official:dev bash -lc 'timeout -s ABRT --kill-after=60 1500     python3 -u /opt/DeepEP/tests/elastic/test_ep.py     --num-processes=8 --num-tokens=8192     --hidden=7168 --num-topk=8 --num-experts=256     --num-sms=6 --allow-hybrid-mode=1     --prefer-overlap-with-compute=0 --test-first-only      '

==========
== CUDA ==
==========

CUDA Version 13.0.2

Container image Copyright (c) 2016-2023, NVIDIA CORPORATION & AFFILIATES. All rights reserved.

This container image and its contents are governed by the NVIDIA Deep Learning Container License.
By pulling and using the container, you accept the terms and conditions of this license:
https://developer.nvidia.com/ngc/nvidia-deep-learning-container-license

A copy of this license is made available in this container at /NGC-DL-CONTAINER-LICENSE for your convenience.

NCCL version 2.31.2+cuda13.3
DeepEP hybrid kernel selection: unordered
DeepEP hybrid kernel selection: unordered
Initializing EP elastic buffer with 5440012288 bytes (cpu: 0) at rank EP 6/32Initializing EP elastic buffer with 5440012288 bytes (cpu: 0) at rank EP 4/32

DeepEP hybrid kernel selection: unordered
Initializing EP elastic buffer with 5440012288 bytes (cpu: 0) at rank EP 1/32
DeepEP hybrid kernel selection: unordered
DeepEP hybrid kernel selection: unordered
Initializing EP elastic buffer with 5440012288 bytes (cpu: 0) at rank EP 7/32
Initializing EP elastic buffer with 5440012288 bytes (cpu: 0) at rank EP 0/32DeepEP initialized with NCCL version: 2.31.2 (loaded library)
DeepEP initialized with NCCL version: 2.31.2 (loaded library)
EP NCCL device communicator has 0 allocated QPs
EP NCCL device communicator has 0 allocated QPs

DeepEP hybrid kernel selection: unordered
DeepEP hybrid kernel selection: unordered
GIN layout: gin_context_cnt=11, gin_indexed_signals_cnt=21, num_qp=11
GIN layout: gin_context_cnt=11, gin_indexed_signals_cnt=21, num_qp=11
DeepEP initialized with NCCL version: 2.31.2 (loaded library)
EP NCCL device communicator has 0 allocated QPs
DeepEP hybrid kernel selection: unordered
GIN layout: gin_context_cnt=11, gin_indexed_signals_cnt=21, num_qp=11
DeepEP initialized with NCCL version: 2.31.2 (loaded library)
EP NCCL device communicator has 0 allocated QPs
DeepEP hybrid kernel selection: unordered
GIN layout: gin_context_cnt=11, gin_indexed_signals_cnt=21, num_qp=11
DeepEP hybrid kernel selection: unordered
Initializing EP elastic buffer with 5440012288 bytes (cpu: 0) at rank EP 3/32DeepEP initialized with NCCL version: 2.31.2 (loaded library)
EP NCCL device communicator has 0 allocated QPs

DeepEP hybrid kernel selection: unordered
DeepEP hybrid kernel selection: unordered
GIN layout: gin_context_cnt=11, gin_indexed_signals_cnt=21, num_qp=11
Initializing EP elastic buffer with 5440012288 bytes (cpu: 0) at rank EP 5/32
DeepEP hybrid kernel selection: unordered
Initializing EP elastic buffer with 5440012288 bytes (cpu: 0) at rank EP 2/32
DeepEP initialized with NCCL version: 2.31.2 (loaded library)
EP NCCL device communicator has 0 allocated QPs
DeepEP hybrid kernel selection: unordered
GIN layout: gin_context_cnt=11, gin_indexed_signals_cnt=21, num_qp=11
DeepEP initialized with NCCL version: 2.31.2 (loaded library)
EP NCCL device communicator has 0 allocated QPs
DeepEP hybrid kernel selection: unordered
GIN layout: gin_context_cnt=11, gin_indexed_signals_cnt=21, num_qp=11
DeepEP initialized with NCCL version: 2.31.2 (loaded library)
EP NCCL device communicator has 0 allocated QPs
DeepEP hybrid kernel selection: unordered
GIN layout: gin_context_cnt=11, gin_indexed_signals_cnt=21, num_qp=11
Config:
 > Ranks: 4 x 8
 > Experts: 8/256
 > Tokens: 8192 (max: 8192), hidden: 7168
 > #SM: 6, #QPs: 11/11

Running all test cases:
 > Testing with do_handle_copy=1, expert_alignment=128, use_fp8_dispatch=1, num_bias=0, with_previous_event=0, async_with_compute_stream=0, allocate_on_comm_stream=0 ...
Elastic buffer uses 4 channels per SM
Elastic buffer uses 4 channels per SM
Elastic buffer uses 4 channels per SM
Elastic buffer uses 4 channels per SM
Elastic buffer uses 4 channels per SM
Elastic buffer uses 4 channels per SM
Elastic buffer uses 4 channels per SM
Elastic buffer uses 4 channels per SM
CPU side received count (scaleup: 6): -7202 -7388 -7412 -7456 -7423 -7467 -7440 -7486 # -8193 -8193 -8193 -8321 -8193 -8193 -819CPU side received count (scaleup: 0): -7334 -7401 -7457 -7344 -7407 -7428 -7487 -7503 # -8321 -8065 -8321 -8321 -8321 -8321 -819CPU side received count (scaleup: 4): -7363 -7348 -7403 -7370 -7356 -7475 -7458 -7440 # -8193 -8193 -8193 -8193 -8321 -8321 -832CPU side received count (scaleup: 5): -7424 -7285 -7387 -7403 -7565 -7376 -7487 -7415 # -8321 -8321 -8193 -8193 -8193 -8193 -819CPU side received count (scaleup: 2): -7252 -7330 -7314 -7417 -7322 -7540 -7344 -7440 # -8065 -8065 -8449 -8193 -8321 -8193 -806CPU side received count (scaleup: 7): -7465 -7476 -7412 -7494 -7408 -7513 -7461 -7568 # -8321 -8193 -8449 -8449 -8321 -8193 -832CPU side received count (scaleup: 3): -7429 -7355 -7539 -7439 -7509 -7390 -7301 -7394 # -8193 -8321 -8321 -8449 -7937 -8193 -8323 -8193 
CPU side received count (scaleup: 1): -7360 -7379 -7313 -7431 -7465 -7391 -7355 -7390 # -8193 -8065 -8193 -8193 -8193 -8193 -8063 -8193 
3 -8065 
1 -8193 
5 -8065 
1 -8193 
1 -8321 
5 -8321 
Elastic buffer uses 4 channels per SM
Elastic buffer uses 4 channels per SM
Elastic buffer uses 4 channels per SM
Elastic buffer uses 4 channels per SM
Elastic buffer uses 4 channels per SM
Elastic buffer uses 4 channels per SM
Elastic buffer uses 4 channels per SM
Elastic buffer uses 4 channels per SM
CPU side received count (scaleup: 4): -7363 -7348 -7403 -7370 -7356 -7475 -7458 -7440 # -8193 -8193 -8193 -8193 -8321 -8321 -832CPU side received count (scaleup: 5): -7424 -7285 -7387 -7403 -7565 -7376 -7487 -7415 # -8321 -8321 -8193 -8193 -8193 -8193 -819CPU side received count (scaleup: 2): -7252 -7330 -7314 -7417 -7322 -7540 -7344 -7440 # -8065 -8065 -8449 -8193 -8321 -8193 -806CPU side received count (scaleup: 6): -7202 -7388 -7412 -7456 -7423 -7467 -7440 -7486 # -8193 -8193 -8193 -8321 -8193 -8193 -819CPU side received count (scaleup: 7): -7465 -7476 -7412 -7494 -7408 -7513 -7461 -7568 # -8321 -8193 -8449 -8449 -8321 -8193 -832CPU side received count (scaleup: 0): -7334 -7401 -7457 -7344 -7407 -7428 -7487 -7503 # -8321 -8065 -8321 -8321 -8321 -8321 -819CPU side received count (scaleup: 1): -7360 -7379 -7313 -7431 -7465 -7391 -7355 -7390 # -8193 -8065 -8193 -8193 -8193 -8193 -8063 -8193 
5 -8065 
CPU side received count (scaleup: 3): -7429 -7355 -7539 -7439 -7509 -7390 -7301 -7394 # -8193 -8321 -8321 -8449 -7937 -8193 -8321 -8193 
3 -8065 
3 -8193 
1 -8193 
5 -8321 
1 -8321 
Elastic buffer uses 4 channels per SM
Elastic buffer uses 4 channels per SM
Elastic buffer uses 4 channels per SM
Elastic buffer uses 4 channels per SM
Elastic buffer uses 4 channels per SM
Elastic buffer uses 4 channels per SM
Elastic buffer uses 4 channels per SM
Elastic buffer uses 4 channels per SM
Elastic buffer uses 4 channels per SM
Elastic buffer uses 4 channels per SM
Elastic buffer uses 4 channels per SM
Elastic buffer uses 4 channels per SM
Elastic buffer uses 4 channels per SM
Elastic buffer uses 4 channels per SM
Elastic buffer uses 4 channels per SM
Elastic buffer uses 4 channels per SM
Elastic buffer uses 4 channels per SM
Elastic buffer uses 4 channels per SM
Elastic buffer uses 4 channels per SM
Elastic buffer uses 4 channels per SM
Elastic buffer uses 4 channels per SM
Elastic buffer uses 4 channels per SM
Elastic buffer uses 4 channels per SM
Elastic buffer uses 4 channels per SM
CPU side received count (scaleup: 3): -7429 -7355 -7539 -7439 -7509 -7390 -7301 -7394 # -8193 -8321 -8321 -8449 -7937 -8193 -832CPU side received count (scaleup: 6): -7202 -7388 -7412 -7456 -7423 -7467 -7440 -7486 # -8193 -8193 -8193 -8321 -8193 -8193 -819CPU side received count (scaleup: 0): -7334 -7401 -7457 -7344 -7407 -7428 -7487 -7503 # -8321 -8065 -8321 -8321 -8321 -8321 -819CPU side received count (scaleup: 7): -7465 -7476 -7412 -7494 -7408 -7513 -7461 -7568 # -8321 -8193 -8449 -8449 -8321 -8193 -832CPU side received count (scaleup: 1): -7360 -7379 -7313 -7431 -7465 -7391 -7355 -7390 # -8193 -8065 -8193 -8193 -8193 -8193 -8061 -8321 
CPU side received count (scaleup: 4): -7363 -7348 -7403 -7370 -7356 -7475 -7458 -7440 # -8193 -8193 -8193 -8193 -8321 -8321 -8323 -8065 
CPU side received count (scaleup: 2): -7252 -7330 -7314 -7417 -7322 -7540 -7344 -7440 # -8065 -8065 -8449 -8193 -8321 -8193 -8063 -8193 
CPU side received count (scaleup: 5): -7424 -7285 -7387 -7403 -7565 -7376 -7487 -7415 # -8321 -8321 -8193 -8193 -8193 -8193 -8191 -8193 
5 -8321 
1 -8193 
5 -8065 
3 -8193 
Elastic buffer uses 4 channels per SM
Elastic buffer uses 4 channels per SM
Elastic buffer uses 4 channels per SM
Elastic buffer uses 4 channels per SM
Elastic buffer uses 4 channels per SM
Elastic buffer uses 4 channels per SM
Elastic buffer uses 4 channels per SM
Elastic buffer uses 4 channels per SM
CPU side received count (scaleup: 5): -7424 -7285 -7387 -7403 -7565 -7376 -7487 -7415 # -8321 -8321 -8193 -8193 -8193 -8193 -819CPU side received count (scaleup: 1): -7360 -7379 -7313 -7431 -7465 -7391 -7355 -7390 # -8193 -8065 -8193 -8193 -8193 -8193 -806CPU side received count (scaleup: 3): -7429 -7355 -7539 -7439 -7509 -7390 -7301 -7394 # -8193 -8321 -8321 -8449 -7937 -8193 -832CPU side received count (scaleup: 6): -7202 -7388 -7412 -7456 -7423 -7467 -7440 -7486 # -8193 -8193 -8193 -8321 -8193 -8193 -819CPU side received count (scaleup: 4): -7363 -7348 -7403 -7370 -7356 -7475 -7458 -7440 # -8193 -8193 -8193 -8193 -8321 -8321 -8323 -8193 
CPU side received count (scaleup: 2): -7252 -7330 -7314 -7417 -7322 -7540 -7344 -7440 # -8065 -8065 -8449 -8193 -8321 -8193 -806CPU side received count (scaleup: 0): -7334 -7401 -7457 -7344 -7407 -7428 -7487 -7503 # -8321 -8065 -8321 -8321 -8321 -8321 -819CPU side received count (scaleup: 7): -7465 -7476 -7412 -7494 -7408 -7513 -7461 -7568 # -8321 -8193 -8449 -8449 -8321 -8193 -8321 -8193 
5 -8321 
5 -8065 
3 -8065 
1 -8193 
1 -8321 
3 -8193 
Elastic buffer uses 4 channels per SM
Elastic buffer uses 4 channels per SM
Elastic buffer uses 4 channels per SM
Elastic buffer uses 4 channels per SM
Elastic buffer uses 4 channels per SM
Elastic buffer uses 4 channels per SM
Elastic buffer uses 4 channels per SM
Elastic buffer uses 4 channels per SM
CPU side received count (scaleup: 1): -7360 -7379 -7313 -7431 -7465 -7391 -7355 -7390 # -8193 -8065 -8193 -8193 -8193 -8193 -806CPU side received count (scaleup: 4): -7363 -7348 -7403 -7370 -7356 -7475 -7458 -7440 # -8193 -8193 -8193 -8193 -8321 -8321 -832CPU side received count (scaleup: 2): -7252 -7330 -7314 -7417 -7322 -7540 -7344 -7440 # -8065 -8065 -8449 -8193 -8321 -8193 -806CPU side received count (scaleup: 3): -7429 -7355 -7539 -7439 -7509 -7390 -7301 -7394 # -8193 -8321 -8321 -8449 -7937 -8193 -8325 -8321 
CPU side received count (scaleup: 6): -7202 -7388 -7412 -7456 -7423 -7467 -7440 -7486 # -8193 -8193 -8193 -8321 -8193 -8193 -819CPU side received count (scaleup: 0): -7334 -7401 -7457 -7344 -7407 -7428 -7487 -7503 # -8321 -8065 -8321 -8321 -8321 -8321 -8195 -8065 
1 -8321 
CPU side received count (scaleup: 7): -7465 -7476 -7412 -7494 -7408 -7513 -7461 -7568 # -8321 -8193 -8449 -8449 -8321 -8193 -8323 -8193 
CPU side received count (scaleup: 5): -7424 -7285 -7387 -7403 -7565 -7376 -7487 -7415 # -8321 -8321 -8193 -8193 -8193 -8193 -8191 -8193 
3 -8065 
1 -8193 
3 -8193 
Elastic buffer uses 4 channels per SM
Elastic buffer uses 4 channels per SM
Elastic buffer uses 4 channels per SM
Elastic buffer uses 4 channels per SM
Elastic buffer uses 4 channels per SM
Elastic buffer uses 4 channels per SM
Elastic buffer uses 4 channels per SM
Elastic buffer uses 4 channels per SM
CPU side received count (scaleup: 4): -7363 -7348 -7403 -7370 -7356 -7475 -7458 -7440 # -8193 -8193 -8193 -8193 -8321 -8321 -832CPU side received count (scaleup: 7): -7465 -7476 -7412 -7494 -7408 -7513 -7461 -7568 # -8321 -8193 -8449 -8449 -8321 -8193 -832CPU side received count (scaleup: 3): -7429 -7355 -7539 -7439 -7509 -7390 -7301 -7394 # -8193 -8321 -8321 -8449 -7937 -8193 -832CPU side received count (scaleup: 0): -7334 -7401 -7457 -7344 -7407 -7428 -7487 -7503 # -8321 -8065 -8321 -8321 -8321 -8321 -8191 -8193 
CPU side received count (scaleup: 5): -7424 -7285 -7387 -7403 -7565 -7376 -7487 -7415 # -8321 -8321 -8193 -8193 -8193 -8193 -819CPU side received count (scaleup: 6): -7202 -7388 -7412 -7456 -7423 -7467 -7440 -7486 # -8193 -8193 -8193 -8321 -8193 -8193 -819CPU side received count (scaleup: 1): -7360 -7379 -7313 -7431 -7465 -7391 -7355 -7390 # -8193 -8065 -8193 -8193 -8193 -8193 -806CPU side received count (scaleup: 2): -7252 -7330 -7314 -7417 -7322 -7540 -7344 -7440 # -8065 -8065 -8449 -8193 -8321 -8193 -8061 -8193 
5 -8065 
1 -8321 
3 -8065 
3 -8193 
3 -8193 
5 -8321 
Elastic buffer uses 4 channels per SM
Elastic buffer uses 4 channels per SM
Elastic buffer uses 4 channels per SM
Elastic buffer uses 4 channels per SM
Elastic buffer uses 4 channels per SM
Elastic buffer uses 4 channels per SM
Elastic buffer uses 4 channels per SM
Elastic buffer uses 4 channels per SM
CPU side received count (scaleup: 7): -7465 -7476 -7412 -7494 -7408 -7513 -7461 -7568 # -8321 -8193 -8449 -8449 -8321 -8193 -832CPU side received count (scaleup: 5): -7424 -7285 -7387 -7403 -7565 -7376 -7487 -7415 # -8321 -8321 -8193 -8193 -8193 -8193 -819CPU side received count (scaleup: 6): -7202 -7388 -7412 -7456 -7423 -7467 -7440 -7486 # -8193 -8193 -8193 -8321 -8193 -8193 -8191 -8193 
CPU side received count (scaleup: 4): -7363 -7348 -7403 -7370 -7356 -7475 -7458 -7440 # -8193 -8193 -8193 -8193 -8321 -8321 -832CPU side received count (scaleup: 0): -7334 -7401 -7457 -7344 -7407 -7428 -7487 -7503 # -8321 -8065 -8321 -8321 -8321 -8321 -8193 -8193 
CPU side received count (scaleup: 2): -7252 -7330 -7314 -7417 -7322 -7540 -7344 -7440 # -8065 -8065 -8449 -8193 -8321 -8193 -806CPU side received count (scaleup: 1): -7360 -7379 -7313 -7431 -7465 -7391 -7355 -7390 # -8193 -8065 -8193 -8193 -8193 -8193 -8061 -8193 
CPU side received count (scaleup: 3): -7429 -7355 -7539 -7439 -7509 -7390 -7301 -7394 # -8193 -8321 -8321 -8449 -7937 -8193 -8323 -8193 
3 -8065 
5 -8065 
5 -8321 
1 -8321 
Elastic buffer uses 4 channels per SM
Elastic buffer uses 4 channels per SM
Elastic buffer uses 4 channels per SM
Elastic buffer uses 4 channels per SM
Elastic buffer uses 4 channels per SM
Elastic buffer uses 4 channels per SM
Elastic buffer uses 4 channels per SM
Elastic buffer uses 4 channels per SM
CPU side received count (scaleup: 7): -7465 -7476 -7412 -7494 -7408 -7513 -7461 -7568 # -8321 -8193 -8449 -8449 -8321 -8193 -832CPU side received count (scaleup: 4): -7363 -7348 -7403 -7370 -7356 -7475 -7458 -7440 # -8193 -8193 -8193 -8193 -8321 -8321 -832CPU side received count (scaleup: 6): -7202 -7388 -7412 -7456 -7423 -7467 -7440 -7486 # -8193 -8193 -8193 -8321 -8193 -8193 -819CPU side received count (scaleup: 5): -7424 -7285 -7387 -7403 -7565 -7376 -7487 -7415 # -8321 -8321 -8193 -8193 -8193 -8193 -8191 -8193 
1 -8193 
3 -8193 
CPU side received count (scaleup: 1): -7360 -7379 -7313 -7431 -7465 -7391 -7355 -7390 # -8193 -8065 -8193 -8193 -8193 -8193 -806CPU side received count (scaleup: 3): -7429 -7355 -7539 -7439 -7509 -7390 -7301 -7394 # -8193 -8321 -8321 -8449 -7937 -8193 -8323 -8193 
CPU side received count (scaleup: 2): -7252 -7330 -7314 -7417 -7322 -7540 -7344 -7440 # -8065 -8065 -8449 -8193 -8321 -8193 -806CPU side received count (scaleup: 0): -7334 -7401 -7457 -7344 -7407 -7428 -7487 -7503 # -8321 -8065 -8321 -8321 -8321 -8321 -8195 -8321 
1 -8321 
5 -8065 
3 -8065 
Elastic buffer uses 4 channels per SM
Elastic buffer uses 4 channels per SM
Elastic buffer uses 4 channels per SM
Elastic buffer uses 4 channels per SM
Elastic buffer uses 4 channels per SM
Elastic buffer uses 4 channels per SM
Elastic buffer uses 4 channels per SM
Elastic buffer uses 4 channels per SM
CPU side received count (scaleup: 4): -7363 -7348 -7403 -7370 -7356 -7475 -7458 -7440 # -8193 -8193 -8193 -8193 -8321 -8321 -832CPU side received count (scaleup: 7): -7465 -7476 -7412 -7494 -7408 -7513 -7461 -7568 # -8321 -8193 -8449 -8449 -8321 -8193 -832CPU side received count (scaleup: 6): -7202 -7388 -7412 -7456 -7423 -7467 -7440 -7486 # -8193 -8193 -8193 -8321 -8193 -8193 -8191 -8193 
1 -8193 
3 -8193 
CPU side received count (scaleup: 2): -7252 -7330 -7314 -7417 -7322 -7540 -7344 -7440 # -8065 -8065 -8449 -8193 -8321 -8193 -806CPU side received count (scaleup: 3): -7429 -7355 -7539 -7439 -7509 -7390 -7301 -7394 # -8193 -8321 -8321 -8449 -7937 -8193 -8325 -8065 
CPU side received count (scaleup: 1): -7360 -7379 -7313 -7431 -7465 -7391 -7355 -7390 # -8193 -8065 -8193 -8193 -8193 -8193 -806CPU side received count (scaleup: 5): -7424 -7285 -7387 -7403 -7565 -7376 -7487 -7415 # -8321 -8321 -8193 -8193 -8193 -8193 -819CPU side received count (scaleup: 0): -7334 -7401 -7457 -7344 -7407 -7428 -7487 -7503 # -8321 -8065 -8321 -8321 -8321 -8321 -8191 -8321 
3 -8193 
5 -8321 
3 -8065 
Elastic buffer uses 4 channels per SM
Elastic buffer uses 4 channels per SM
Elastic buffer uses 4 channels per SM
Elastic buffer uses 4 channels per SM
Elastic buffer uses 4 channels per SM
Elastic buffer uses 4 channels per SM
Elastic buffer uses 4 channels per SM
Elastic buffer uses 4 channels per SM
CPU side received count (scaleup: 6): -7202 -7388 -7412 -7456 -7423 -7467 -7440 -7486 # -8193 -8193 -8193 -8321 -8193 -8193 -819CPU side received count (scaleup: 7): -7465 -7476 -7412 -7494 -7408 -7513 -7461 -7568 # -8321 -8193 -8449 -8449 -8321 -8193 -832CPU side received count (scaleup: 5): -7424 -7285 -7387 -7403 -7565 -7376 -7487 -7415 # -8321 -8321 -8193 -8193 -8193 -8193 -819CPU side received count (scaleup: 4): -7363 -7348 -7403 -7370 -7356 -7475 -7458 -7440 # -8193 -8193 -8193 -8193 -8321 -8321 -832CPU side received count (scaleup: 3): -7429 -7355 -7539 -7439 -7509 -7390 -7301 -7394 # -8193 -8321 -8321 -8449 -7937 -8193 -832CPU side received count (scaleup: 0): -7334 -7401 -7457 -7344 -7407 -7428 -7487 -7503 # -8321 -8065 -8321 -8321 -8321 -8321 -819CPU side received count (scaleup: 1): -7360 -7379 -7313 -7431 -7465 -7391 -7355 -7390 # -8193 -8065 -8193 -8193 -8193 -8193 -8063 -8193 
CPU side received count (scaleup: 2): -7252 -7330 -7314 -7417 -7322 -7540 -7344 -7440 # -8065 -8065 -8449 -8193 -8321 -8193 -8061 -8193 
3 -8193 
1 -8193 
1 -8321 
5 -8321 
3 -8065 
5 -8065 
Elastic buffer uses 4 channels per SM
Elastic buffer uses 4 channels per SM
Elastic buffer uses 4 channels per SM
Elastic buffer uses 4 channels per SM
Elastic buffer uses 4 channels per SM
Elastic buffer uses 4 channels per SM
Elastic buffer uses 4 channels per SM
Elastic buffer uses 4 channels per SM
CPU side received count (scaleup: 7): -7465 -7476 -7412 -7494 -7408 -7513 -7461 -7568 # -8321 -8193 -8449 -8449 -8321 -8193 -832CPU side received count (scaleup: 4): -7363 -7348 -7403 -7370 -7356 -7475 -7458 -7440 # -8193 -8193 -8193 -8193 -8321 -8321 -832CPU side received count (scaleup: 5): -7424 -7285 -7387 -7403 -7565 -7376 -7487 -7415 # -8321 -8321 -8193 -8193 -8193 -8193 -819CPU side received count (scaleup: 1): -7360 -7379 -7313 -7431 -7465 -7391 -7355 -7390 # -8193 -8065 -8193 -8193 -8193 -8193 -806CPU side received count (scaleup: 2): -7252 -7330 -7314 -7417 -7322 -7540 -7344 -7440 # -8065 -8065 -8449 -8193 -8321 -8193 -806CPU side received count (scaleup: 6): -7202 -7388 -7412 -7456 -7423 -7467 -7440 -7486 # -8193 -8193 -8193 -8321 -8193 -8193 -819CPU side received count (scaleup: 3): -7429 -7355 -7539 -7439 -7509 -7390 -7301 -7394 # -8193 -8321 -8321 -8449 -7937 -8193 -8321 -8193 
CPU side received count (scaleup: 0): -7334 -7401 -7457 -7344 -7407 -7428 -7487 -7503 # -8321 -8065 -8321 -8321 -8321 -8321 -8191 -8193 
3 -8193 
3 -8193 
5 -8321 
5 -8065 
1 -8321 
3 -8065 
Elastic buffer uses 4 channels per SM
Elastic buffer uses 4 channels per SM
Elastic buffer uses 4 channels per SM
Elastic buffer uses 4 channels per SM
Elastic buffer uses 4 channels per SM
Elastic buffer uses 4 channels per SM
Elastic buffer uses 4 channels per SM
Elastic buffer uses 4 channels per SM
CPU side received count (scaleup: 4): -7363 -7348 -7403 -7370 -7356 -7475 -7458 -7440 # -8193 -8193 -8193 -8193 -8321 -8321 -832CPU side received count (scaleup: 7): -7465 -7476 -7412 -7494 -7408 -7513 -7461 -7568 # -8321 -8193 -8449 -8449 -8321 -8193 -832CPU side received count (scaleup: 5): -7424 -7285 -7387 -7403 -7565 -7376 -7487 -7415 # -8321 -8321 -8193 -8193 -8193 -8193 -8191 -8193 
1 -8193 
CPU side received count (scaleup: 6): -7202 -7388 -7412 -7456 -7423 -7467 -7440 -7486 # -8193 -8193 -8193 -8321 -8193 -8193 -819CPU side received count (scaleup: 0): -7334 -7401 -7457 -7344 -7407 -7428 -7487 -7503 # -8321 -8065 -8321 -8321 -8321 -8321 -819CPU side received count (scaleup: 3): -7429 -7355 -7539 -7439 -7509 -7390 -7301 -7394 # -8193 -8321 -8321 -8449 -7937 -8193 -8323 -8065 
CPU side received count (scaleup: 2): -7252 -7330 -7314 -7417 -7322 -7540 -7344 -7440 # -8065 -8065 -8449 -8193 -8321 -8193 -8061 -8321 
3 -8193 
5 -8065 
CPU side received count (scaleup: 1): -7360 -7379 -7313 -7431 -7465 -7391 -7355 -7390 # -8193 -8065 -8193 -8193 -8193 -8193 -8063 -8193 
5 -8321 
Elastic buffer uses 4 channels per SM
Elastic buffer uses 4 channels per SM
Elastic buffer uses 4 channels per SM
Elastic buffer uses 4 channels per SM
Elastic buffer uses 4 channels per SM
Elastic buffer uses 4 channels per SM
Elastic buffer uses 4 channels per SM
Elastic buffer uses 4 channels per SM
CPU side received count (scaleup: 2): -7252 -7330 -7314 -7417 -7322 -7540 -7344 -7440 # -8065 -8065 -8449 -8193 -8321 -8193 -806CPU side received count (scaleup: 0): -7334 -7401 -7457 -7344 -7407 -7428 -7487 -7503 # -8321 -8065 -8321 -8321 -8321 -8321 -819CPU side received count (scaleup: 1): -7360 -7379 -7313 -7431 -7465 -7391 -7355 -7390 # -8193 -8065 -8193 -8193 -8193 -8193 -806CPU side received count (scaleup: 3): -7429 -7355 -7539 -7439 -7509 -7390 -7301 -7394 # -8193 -8321 -8321 -8449 -7937 -8193 -8323 -8065 
CPU side received count (scaleup: 6): -7202 -7388 -7412 -7456 -7423 -7467 -7440 -7486 # -8193 -8193 -8193 -8321 -8193 -8193 -819CPU side received count (scaleup: 4): -7363 -7348 -7403 -7370 -7356 -7475 -7458 -7440 # -8193 -8193 -8193 -8193 -8321 -8321 -832CPU side received count (scaleup: 5): -7424 -7285 -7387 -7403 -7565 -7376 -7487 -7415 # -8321 -8321 -8193 -8193 -8193 -8193 -8193 -8193 
CPU side received count (scaleup: 7): -7465 -7476 -7412 -7494 -7408 -7513 -7461 -7568 # -8321 -8193 -8449 -8449 -8321 -8193 -8321 -8193 
5 -8065 
5 -8321 
1 -8321 
1 -8193 
3 -8193 
Elastic buffer uses 4 channels per SM
Elastic buffer uses 4 channels per SM
Elastic buffer uses 4 channels per SM
Elastic buffer uses 4 channels per SM
Elastic buffer uses 4 channels per SM
Elastic buffer uses 4 channels per SM
Elastic buffer uses 4 channels per SM
Elastic buffer uses 4 channels per SM
CPU side received count (scaleup: 7): -7465 -7476 -7412 -7494 -7408 -7513 -7461 -7568 # -8321 -8193 -8449 -8449 -8321 -8193 -832CPU side received count (scaleup: 6): -7202 -7388 -7412 -7456 -7423 -7467 -7440 -7486 # -8193 -8193 -8193 -8321 -8193 -8193 -819CPU side received count (scaleup: 4): -7363 -7348 -7403 -7370 -7356 -7475 -7458 -7440 # -8193 -8193 -8193 -8193 -8321 -8321 -832CPU side received count (scaleup: 5): -7424 -7285 -7387 -7403 -7565 -7376 -7487 -7415 # -8321 -8321 -8193 -8193 -8193 -8193 -8193 -8193 
3 -8193 
CPU side received count (scaleup: 1): -7360 -7379 -7313 -7431 -7465 -7391 -7355 -7390 # -8193 -8065 -8193 -8193 -8193 -8193 -806CPU side received count (scaleup: 2): -7252 -7330 -7314 -7417 -7322 -7540 -7344 -7440 # -8065 -8065 -8449 -8193 -8321 -8193 -8065 -8321 
CPU side received count (scaleup: 3): -7429 -7355 -7539 -7439 -7509 -7390 -7301 -7394 # -8193 -8321 -8321 -8449 -7937 -8193 -832CPU side received count (scaleup: 0): -7334 -7401 -7457 -7344 -7407 -7428 -7487 -7503 # -8321 -8065 -8321 -8321 -8321 -8321 -8191 -8193 
1 -8193 
3 -8065 
5 -8065 
1 -8321 
Elastic buffer uses 4 channels per SM
Elastic buffer uses 4 channels per SM
Elastic buffer uses 4 channels per SM
Elastic buffer uses 4 channels per SM
Elastic buffer uses 4 channels per SM
Elastic buffer uses 4 channels per SM
Elastic buffer uses 4 channels per SM
Elastic buffer uses 4 channels per SM
CPU side received count (scaleup: 6): -7202 -7388 -7412 -7456 -7423 -7467 -7440 -7486 # -8193 -8193 -8193 -8321 -8193 -8193 -819CPU side received count (scaleup: 4): -7363 -7348 -7403 -7370 -7356 -7475 -7458 -7440 # -8193 -8193 -8193 -8193 -8321 -8321 -832CPU side received count (scaleup: 7): -7465 -7476 -7412 -7494 -7408 -7513 -7461 -7568 # -8321 -8193 -8449 -8449 -8321 -8193 -832CPU side received count (scaleup: 1): -7360 -7379 -7313 -7431 -7465 -7391 -7355 -7390 # -8193 -8065 -8193 -8193 -8193 -8193 -806CPU side received count (scaleup: 3): -7429 -7355 -7539 -7439 -7509 -7390 -7301 -7394 # -8193 -8321 -8321 -8449 -7937 -8193 -8321 -8193 
CPU side received count (scaleup: 5): -7424 -7285 -7387 -7403 -7565 -7376 -7487 -7415 # -8321 -8321 -8193 -8193 -8193 -8193 -819CPU side received count (scaleup: 0): -7334 -7401 -7457 -7344 -7407 -7428 -7487 -7503 # -8321 -8065 -8321 -8321 -8321 -8321 -8193 -8193 
CPU side received count (scaleup: 2): -7252 -7330 -7314 -7417 -7322 -7540 -7344 -7440 # -8065 -8065 -8449 -8193 -8321 -8193 -8063 -8193 
1 -8193 
5 -8321 
1 -8321 
3 -8065 
5 -8065 
Elastic buffer uses 4 channels per SM
Elastic buffer uses 4 channels per SM
Elastic buffer uses 4 channels per SM
Elastic buffer uses 4 channels per SM
Elastic buffer uses 4 channels per SM
Elastic buffer uses 4 channels per SM
Elastic buffer uses 4 channels per SM
Elastic buffer uses 4 channels per SM
CPU side received count (scaleup: 6): -7202 -7388 -7412 -7456 -7423 -7467 -7440 -7486 # -8193 -8193 -8193 -8321 -8193 -8193 -819CPU side received count (scaleup: 5): -7424 -7285 -7387 -7403 -7565 -7376 -7487 -7415 # -8321 -8321 -8193 -8193 -8193 -8193 -819CPU side received count (scaleup: 4): -7363 -7348 -7403 -7370 -7356 -7475 -7458 -7440 # -8193 -8193 -8193 -8193 -8321 -8321 -832CPU side received count (scaleup: 7): -7465 -7476 -7412 -7494 -7408 -7513 -7461 -7568 # -8321 -8193 -8449 -8449 -8321 -8193 -8323 -8193 
3 -8193 
1 -8193 
CPU side received count (scaleup: 0): -7334 -7401 -7457 -7344 -7407 -7428 -7487 -7503 # -8321 -8065 -8321 -8321 -8321 -8321 -8191 -8193 
CPU side received count (scaleup: 3): -7429 -7355 -7539 -7439 -7509 -7390 -7301 -7394 # -8193 -8321 -8321 -8449 -7937 -8193 -8323 -8065 
CPU side received count (scaleup: 2): -7252 -7330 -7314 -7417 -7322 -7540 -7344 -7440 # -8065 -8065 -8449 -8193 -8321 -8193 -806CPU side received count (scaleup: 1): -7360 -7379 -7313 -7431 -7465 -7391 -7355 -7390 # -8193 -8065 -8193 -8193 -8193 -8193 -8061 -8321 
5 -8321 
5 -8065 
Elastic buffer uses 4 channels per SM
Elastic buffer uses 4 channels per SM
Elastic buffer uses 4 channels per SM
Elastic buffer uses 4 channels per SM
Elastic buffer uses 4 channels per SM
Elastic buffer uses 4 channels per SM
Elastic buffer uses 4 channels per SM
Elastic buffer uses 4 channels per SM
CPU side received count (scaleup: 6): -7202 -7388 -7412 -7456 -7423 -7467 -7440 -7486 # -8193 -8193 -8193 -8321 -8193 -8193 -819CPU side received count (scaleup: 5): -7424 -7285 -7387 -7403 -7565 -7376 -7487 -7415 # -8321 -8321 -8193 -8193 -8193 -8193 -819CPU side received count (scaleup: 7): -7465 -7476 -7412 -7494 -7408 -7513 -7461 -7568 # -8321 -8193 -8449 -8449 -8321 -8193 -832CPU side received count (scaleup: 3): -7429 -7355 -7539 -7439 -7509 -7390 -7301 -7394 # -8193 -8321 -8321 -8449 -7937 -8193 -832CPU side received count (scaleup: 4): -7363 -7348 -7403 -7370 -7356 -7475 -7458 -7440 # -8193 -8193 -8193 -8193 -8321 -8321 -832CPU side received count (scaleup: 1): -7360 -7379 -7313 -7431 -7465 -7391 -7355 -7390 # -8193 -8065 -8193 -8193 -8193 -8193 -806CPU side received count (scaleup: 0): -7334 -7401 -7457 -7344 -7407 -7428 -7487 -7503 # -8321 -8065 -8321 -8321 -8321 -8321 -819CPU side received count (scaleup: 2): -7252 -7330 -7314 -7417 -7322 -7540 -7344 -7440 # -8065 -8065 -8449 -8193 -8321 -8193 -8063 -8193 
5 -8321 
3 -8193 
1 -8193 
1 -8321 
1 -8193 
3 -8065 
5 -8065 
Elastic buffer uses 4 channels per SM
Elastic buffer uses 4 channels per SM
Elastic buffer uses 4 channels per SM
Elastic buffer uses 4 channels per SM
Elastic buffer uses 4 channels per SM
Elastic buffer uses 4 channels per SM
Elastic buffer uses 4 channels per SM
Elastic buffer uses 4 channels per SM
CPU side received count (scaleup: 7): -7465 -7476 -7412 -7494 -7408 -7513 -7461 -7568 # -8321 -8193 -8449 -8449 -8321 -8193 -832CPU side received count (scaleup: 5): -7424 -7285 -7387 -7403 -7565 -7376 -7487 -7415 # -8321 -8321 -8193 -8193 -8193 -8193 -819CPU side received count (scaleup: 6): -7202 -7388 -7412 -7456 -7423 -7467 -7440 -7486 # -8193 -8193 -8193 -8321 -8193 -8193 -819CPU side received count (scaleup: 2): -7252 -7330 -7314 -7417 -7322 -7540 -7344 -7440 # -8065 -8065 -8449 -8193 -8321 -8193 -806CPU side received count (scaleup: 4): -7363 -7348 -7403 -7370 -7356 -7475 -7458 -7440 # -8193 -8193 -8193 -8193 -8321 -8321 -832CPU side received count (scaleup: 3): -7429 -7355 -7539 -7439 -7509 -7390 -7301 -7394 # -8193 -8321 -8321 -8449 -7937 -8193 -8323 -8193 
CPU side received count (scaleup: 1): -7360 -7379 -7313 -7431 -7465 -7391 -7355 -7390 # -8193 -8065 -8193 -8193 -8193 -8193 -8061 -8193 
5 -8065 
CPU side received count (scaleup: 0): -7334 -7401 -7457 -7344 -7407 -7428 -7487 -7503 # -8321 -8065 -8321 -8321 -8321 -8321 -8191 -8193 
3 -8193 
1 -8321 
5 -8321 
3 -8065 
Elastic buffer uses 4 channels per SM
Elastic buffer uses 4 channels per SM
Elastic buffer uses 4 channels per SM
Elastic buffer uses 4 channels per SM
Elastic buffer uses 4 channels per SM
Elastic buffer uses 4 channels per SM
Elastic buffer uses 4 channels per SM
Elastic buffer uses 4 channels per SM
CPU side received count (scaleup: 4): -7363 -7348 -7403 -7370 -7356 -7475 -7458 -7440 # -8193 -8193 -8193 -8193 -8321 -8321 -832CPU side received count (scaleup: 7): -7465 -7476 -7412 -7494 -7408 -7513 -7461 -7568 # -8321 -8193 -8449 -8449 -8321 -8193 -832CPU side received count (scaleup: 5): -7424 -7285 -7387 -7403 -7565 -7376 -7487 -7415 # -8321 -8321 -8193 -8193 -8193 -8193 -819CPU side received count (scaleup: 1): -7360 -7379 -7313 -7431 -7465 -7391 -7355 -7390 # -8193 -8065 -8193 -8193 -8193 -8193 -806CPU side received count (scaleup: 6): -7202 -7388 -7412 -7456 -7423 -7467 -7440 -7486 # -8193 -8193 -8193 -8321 -8193 -8193 -819CPU side received count (scaleup: 2): -7252 -7330 -7314 -7417 -7322 -7540 -7344 -7440 # -8065 -8065 -8449 -8193 -8321 -8193 -8063 -8193 
1 -8193 
CPU side received count (scaleup: 3): -7429 -7355 -7539 -7439 -7509 -7390 -7301 -7394 # -8193 -8321 -8321 -8449 -7937 -8193 -832CPU side received count (scaleup: 0): -7334 -7401 -7457 -7344 -7407 -7428 -7487 -7503 # -8321 -8065 -8321 -8321 -8321 -8321 -8191 -8193 
3 -8193 
5 -8321 
5 -8065 
1 -8321 
3 -8065 
Elastic buffer uses 4 channels per SM
Elastic buffer uses 4 channels per SM
Elastic buffer uses 4 channels per SM
Elastic buffer uses 4 channels per SM
Elastic buffer uses 4 channels per SM
Elastic buffer uses 4 channels per SM
Elastic buffer uses 4 channels per SM
Elastic buffer uses 4 channels per SM
CPU side received count (scaleup: 2): -7252 -7330 -7314 -7417 -7322 -7540 -7344 -7440 # -8065 -8065 -8449 -8193 -8321 -8193 -806CPU side received count (scaleup: 1): -7360 -7379 -7313 -7431 -7465 -7391 -7355 -7390 # -8193 -8065 -8193 -8193 -8193 -8193 -806CPU side received count (scaleup: 3): -7429 -7355 -7539 -7439 -7509 -7390 -7301 -7394 # -8193 -8321 -8321 -8449 -7937 -8193 -832CPU side received count (scaleup: 0): -7334 -7401 -7457 -7344 -7407 -7428 -7487 -7503 # -8321 -8065 -8321 -8321 -8321 -8321 -819CPU side received count (scaleup: 6): -7202 -7388 -7412 -7456 -7423 -7467 -7440 -7486 # -8193 -8193 -8193 -8321 -8193 -8193 -819CPU side received count (scaleup: 7): -7465 -7476 -7412 -7494 -7408 -7513 -7461 -7568 # -8321 -8193 -8449 -8449 -8321 -8193 -832CPU side received count (scaleup: 4): -7363 -7348 -7403 -7370 -7356 -7475 -7458 -7440 # -8193 -8193 -8193 -8193 -8321 -8321 -832CPU side received count (scaleup: 5): -7424 -7285 -7387 -7403 -7565 -7376 -7487 -7415 # -8321 -8321 -8193 -8193 -8193 -8193 -8195 -8065 
5 -8321 
1 -8321 
1 -8193 
1 -8193 
3 -8065 
3 -8193 
3 -8193 
Elastic buffer uses 4 channels per SM
Elastic buffer uses 4 channels per SM
Elastic buffer uses 4 channels per SM
Elastic buffer uses 4 channels per SM
Elastic buffer uses 4 channels per SM
Elastic buffer uses 4 channels per SM
Elastic buffer uses 4 channels per SM
Elastic buffer uses 4 channels per SM
CPU side received count (scaleup: 6): -7202 -7388 -7412 -7456 -7423 -7467 -7440 -7486 # -8193 -8193 -8193 -8321 -8193 -8193 -819CPU side received count (scaleup: 7): -7465 -7476 -7412 -7494 -7408 -7513 -7461 -7568 # -8321 -8193 -8449 -8449 -8321 -8193 -832CPU side received count (scaleup: 4): -7363 -7348 -7403 -7370 -7356 -7475 -7458 -7440 # -8193 -8193 -8193 -8193 -8321 -8321 -832CPU side received count (scaleup: 5): -7424 -7285 -7387 -7403 -7565 -7376 -7487 -7415 # -8321 -8321 -8193 -8193 -8193 -8193 -819CPU side received count (scaleup: 3): -7429 -7355 -7539 -7439 -7509 -7390 -7301 -7394 # -8193 -8321 -8321 -8449 -7937 -8193 -832CPU side received count (scaleup: 1): -7360 -7379 -7313 -7431 -7465 -7391 -7355 -7390 # -8193 -8065 -8193 -8193 -8193 -8193 -806CPU side received count (scaleup: 0): -7334 -7401 -7457 -7344 -7407 -7428 -7487 -7503 # -8321 -8065 -8321 -8321 -8321 -8321 -8191 -8193 
3 -8193 
1 -8193 
CPU side received count (scaleup: 2): -7252 -7330 -7314 -7417 -7322 -7540 -7344 -7440 # -8065 -8065 -8449 -8193 -8321 -8193 -8063 -8193 
5 -8321 
1 -8321 
3 -8065 
5 -8065 
Elastic buffer uses 4 channels per SM
Elastic buffer uses 4 channels per SM
Elastic buffer uses 4 channels per SM
Elastic buffer uses 4 channels per SM
Elastic buffer uses 4 channels per SM
Elastic buffer uses 4 channels per SM
Elastic buffer uses 4 channels per SM
Elastic buffer uses 4 channels per SM
CPU side received count (scaleup: 6): -7202 -7388 -7412 -7456 -7423 -7467 -7440 -7486 # -8193 -8193 -8193 -8321 -8193 -8193 -819CPU side received count (scaleup: 5): -7424 -7285 -7387 -7403 -7565 -7376 -7487 -7415 # -8321 -8321 -8193 -8193 -8193 -8193 -819CPU side received count (scaleup: 7): -7465 -7476 -7412 -7494 -7408 -7513 -7461 -7568 # -8321 -8193 -8449 -8449 -8321 -8193 -832CPU side received count (scaleup: 4): -7363 -7348 -7403 -7370 -7356 -7475 -7458 -7440 # -8193 -8193 -8193 -8193 -8321 -8321 -8323 -8193 
1 -8193 
1 -8193 
3 -8193 
CPU side received count (scaleup: 2): -7252 -7330 -7314 -7417 -7322 -7540 -7344 -7440 # -8065 -8065 -8449 -8193 -8321 -8193 -806CPU side received count (scaleup: 1): -7360 -7379 -7313 -7431 -7465 -7391 -7355 -7390 # -8193 -8065 -8193 -8193 -8193 -8193 -8065 -8065 
5 -8321 
CPU side received count (scaleup: 3): -7429 -7355 -7539 -7439 -7509 -7390 -7301 -7394 # -8193 -8321 -8321 -8449 -7937 -8193 -832CPU side received count (scaleup: 0): -7334 -7401 -7457 -7344 -7407 -7428 -7487 -7503 # -8321 -8065 -8321 -8321 -8321 -8321 -8191 -8321 
3 -8065 
Elastic buffer uses 4 channels per SM
Elastic buffer uses 4 channels per SM
Elastic buffer uses 4 channels per SM
Elastic buffer uses 4 channels per SM
Elastic buffer uses 4 channels per SM
Elastic buffer uses 4 channels per SM
Elastic buffer uses 4 channels per SM
Elastic buffer uses 4 channels per SM
CPU side received count (scaleup: 6): -7202 -7388 -7412 -7456 -7423 -7467 -7440 -7486 # -8193 -8193 -8193 -8321 -8193 -8193 -819CPU side received count (scaleup: 7): -7465 -7476 -7412 -7494 -7408 -7513 -7461 -7568 # -8321 -8193 -8449 -8449 -8321 -8193 -832CPU side received count (scaleup: 4): -7363 -7348 -7403 -7370 -7356 -7475 -7458 -7440 # -8193 -8193 -8193 -8193 -8321 -8321 -832CPU side received count (scaleup: 5): -7424 -7285 -7387 -7403 -7565 -7376 -7487 -7415 # -8321 -8321 -8193 -8193 -8193 -8193 -819CPU side received count (scaleup: 3): -7429 -7355 -7539 -7439 -7509 -7390 -7301 -7394 # -8193 -8321 -8321 -8449 -7937 -8193 -8323 -8193 
CPU side received count (scaleup: 2): -7252 -7330 -7314 -7417 -7322 -7540 -7344 -7440 # -8065 -8065 -8449 -8193 -8321 -8193 -806CPU side received count (scaleup: 0): -7334 -7401 -7457 -7344 -7407 -7428 -7487 -7503 # -8321 -8065 -8321 -8321 -8321 -8321 -8191 -8193 
1 -8321 
1 -8193 
CPU side received count (scaleup: 1): -7360 -7379 -7313 -7431 -7465 -7391 -7355 -7390 # -8193 -8065 -8193 -8193 -8193 -8193 -8063 -8193 
5 -8065 
3 -8065 
5 -8321 
Elastic buffer uses 4 channels per SM
Elastic buffer uses 4 channels per SM
Elastic buffer uses 4 channels per SM
Elastic buffer uses 4 channels per SM
Elastic buffer uses 4 channels per SM
Elastic buffer uses 4 channels per SM
Elastic buffer uses 4 channels per SM
Elastic buffer uses 4 channels per SM
CPU side received count (scaleup: 4): -7363 -7348 -7403 -7370 -7356 -7475 -7458 -7440 # -8193 -8193 -8193 -8193 -8321 -8321 -832CPU side received count (scaleup: 7): -7465 -7476 -7412 -7494 -7408 -7513 -7461 -7568 # -8321 -8193 -8449 -8449 -8321 -8193 -832CPU side received count (scaleup: 6): -7202 -7388 -7412 -7456 -7423 -7467 -7440 -7486 # -8193 -8193 -8193 -8321 -8193 -8193 -819CPU side received count (scaleup: 5): -7424 -7285 -7387 -7403 -7565 -7376 -7487 -7415 # -8321 -8321 -8193 -8193 -8193 -8193 -819CPU side received count (scaleup: 2): -7252 -7330 -7314 -7417 -7322 -7540 -7344 -7440 # -8065 -8065 -8449 -8193 -8321 -8193 -8061 -8193 
CPU side received count (scaleup: 0): -7334 -7401 -7457 -7344 -7407 -7428 -7487 -7503 # -8321 -8065 -8321 -8321 -8321 -8321 -819CPU side received count (scaleup: 3): -7429 -7355 -7539 -7439 -7509 -7390 -7301 -7394 # -8193 -8321 -8321 -8449 -7937 -8193 -832CPU side received count (scaleup: 1): -7360 -7379 -7313 -7431 -7465 -7391 -7355 -7390 # -8193 -8065 -8193 -8193 -8193 -8193 -8061 -8193 
3 -8193 
3 -8193 
5 -8065 
1 -8321 
3 -8065 
5 -8321 
Elastic buffer uses 4 channels per SM
Elastic buffer uses 4 channels per SM
Elastic buffer uses 4 channels per SM
Elastic buffer uses 4 channels per SM
Elastic buffer uses 4 channels per SM
Elastic buffer uses 4 channels per SM
Elastic buffer uses 4 channels per SM
Elastic buffer uses 4 channels per SM
CPU side received count (scaleup: 1): -7360 -7379 -7313 -7431 -7465 -7391 -7355 -7390 # -8193 -8065 -8193 -8193 -8193 -8193 -806CPU side received count (scaleup: 3): -7429 -7355 -7539 -7439 -7509 -7390 -7301 -7394 # -8193 -8321 -8321 -8449 -7937 -8193 -832CPU side received count (scaleup: 5): -7424 -7285 -7387 -7403 -7565 -7376 -7487 -7415 # -8321 -8321 -8193 -8193 -8193 -8193 -819CPU side received count (scaleup: 0): -7334 -7401 -7457 -7344 -7407 -7428 -7487 -7503 # -8321 -8065 -8321 -8321 -8321 -8321 -8191 -8321 
CPU side received count (scaleup: 2): -7252 -7330 -7314 -7417 -7322 -7540 -7344 -7440 # -8065 -8065 -8449 -8193 -8321 -8193 -806CPU side received count (scaleup: 7): -7465 -7476 -7412 -7494 -7408 -7513 -7461 -7568 # -8321 -8193 -8449 -8449 -8321 -8193 -832CPU side received count (scaleup: 4): -7363 -7348 -7403 -7370 -7356 -7475 -7458 -7440 # -8193 -8193 -8193 -8193 -8321 -8321 -8325 -8065 
CPU side received count (scaleup: 6): -7202 -7388 -7412 -7456 -7423 -7467 -7440 -7486 # -8193 -8193 -8193 -8321 -8193 -8193 -8195 -8321 
3 -8193 
3 -8065 
1 -8193 
1 -8193 
3 -8193 
Elastic buffer uses 4 channels per SM
Elastic buffer uses 4 channels per SM
Elastic buffer uses 4 channels per SM
Elastic buffer uses 4 channels per SM
Elastic buffer uses 4 channels per SM
Elastic buffer uses 4 channels per SM
Elastic buffer uses 4 channels per SM
Elastic buffer uses 4 channels per SM
CPU side received count (scaleup: 4): -7363 -7348 -7403 -7370 -7356 -7475 -7458 -7440 # -8193 -8193 -8193 -8193 -8321 -8321 -832CPU side received count (scaleup: 6): -7202 -7388 -7412 -7456 -7423 -7467 -7440 -7486 # -8193 -8193 -8193 -8321 -8193 -8193 -819CPU side received count (scaleup: 3): -7429 -7355 -7539 -7439 -7509 -7390 -7301 -7394 # -8193 -8321 -8321 -8449 -7937 -8193 -832CPU side received count (scaleup: 5): -7424 -7285 -7387 -7403 -7565 -7376 -7487 -7415 # -8321 -8321 -8193 -8193 -8193 -8193 -819CPU side received count (scaleup: 7): -7465 -7476 -7412 -7494 -7408 -7513 -7461 -7568 # -8321 -8193 -8449 -8449 -8321 -8193 -8323 -8193 
CPU side received count (scaleup: 1): -7360 -7379 -7313 -7431 -7465 -7391 -7355 -7390 # -8193 -8065 -8193 -8193 -8193 -8193 -806CPU side received count (scaleup: 2): -7252 -7330 -7314 -7417 -7322 -7540 -7344 -7440 # -8065 -8065 -8449 -8193 -8321 -8193 -806CPU side received count (scaleup: 0): -7334 -7401 -7457 -7344 -7407 -7428 -7487 -7503 # -8321 -8065 -8321 -8321 -8321 -8321 -8195 -8065 
1 -8193 
1 -8321 
1 -8193 
3 -8193 
5 -8321 
3 -8065 
Elastic buffer uses 4 channels per SM
Elastic buffer uses 4 channels per SM
Elastic buffer uses 4 channels per SM
Elastic buffer uses 4 channels per SM
Elastic buffer uses 4 channels per SM
Elastic buffer uses 4 channels per SM
Elastic buffer uses 4 channels per SM
Elastic buffer uses 4 channels per SM
CPU side received count (scaleup: 6): -7202 -7388 -7412 -7456 -7423 -7467 -7440 -7486 # -8193 -8193 -8193 -8321 -8193 -8193 -819CPU side received count (scaleup: 7): -7465 -7476 -7412 -7494 -7408 -7513 -7461 -7568 # -8321 -8193 -8449 -8449 -8321 -8193 -832CPU side received count (scaleup: 5): -7424 -7285 -7387 -7403 -7565 -7376 -7487 -7415 # -8321 -8321 -8193 -8193 -8193 -8193 -819CPU side received count (scaleup: 4): -7363 -7348 -7403 -7370 -7356 -7475 -7458 -7440 # -8193 -8193 -8193 -8193 -8321 -8321 -8321 -8193 
CPU side received count (scaleup: 3): -7429 -7355 -7539 -7439 -7509 -7390 -7301 -7394 # -8193 -8321 -8321 -8449 -7937 -8193 -8323 -8193 
1 -8193 
CPU side received count (scaleup: 1): -7360 -7379 -7313 -7431 -7465 -7391 -7355 -7390 # -8193 -8065 -8193 -8193 -8193 -8193 -8063 -8193 
CPU side received count (scaleup: 0): -7334 -7401 -7457 -7344 -7407 -7428 -7487 -7503 # -8321 -8065 -8321 -8321 -8321 -8321 -819CPU side received count (scaleup: 2): -7252 -7330 -7314 -7417 -7322 -7540 -7344 -7440 # -8065 -8065 -8449 -8193 -8321 -8193 -8061 -8321 
5 -8321 
3 -8065 
5 -8065 
Elastic buffer uses 4 channels per SM
Elastic buffer uses 4 channels per SM
Elastic buffer uses 4 channels per SM
Elastic buffer uses 4 channels per SM
Elastic buffer uses 4 channels per SM
Elastic buffer uses 4 channels per SM
Elastic buffer uses 4 channels per SM
Elastic buffer uses 4 channels per SM
CPU side received count (scaleup: 4): -7363 -7348 -7403 -7370 -7356 -7475 -7458 -7440 # -8193 -8193 -8193 -8193 -8321 -8321 -832CPU side received count (scaleup: 7): -7465 -7476 -7412 -7494 -7408 -7513 -7461 -7568 # -8321 -8193 -8449 -8449 -8321 -8193 -832CPU side received count (scaleup: 5): -7424 -7285 -7387 -7403 -7565 -7376 -7487 -7415 # -8321 -8321 -8193 -8193 -8193 -8193 -819CPU side received count (scaleup: 6): -7202 -7388 -7412 -7456 -7423 -7467 -7440 -7486 # -8193 -8193 -8193 -8321 -8193 -8193 -8191 -8193 
CPU side received count (scaleup: 1): -7360 -7379 -7313 -7431 -7465 -7391 -7355 -7390 # -8193 -8065 -8193 -8193 -8193 -8193 -8061 -8193 
CPU side received count (scaleup: 3): -7429 -7355 -7539 -7439 -7509 -7390 -7301 -7394 # -8193 -8321 -8321 -8449 -7937 -8193 -832CPU side received count (scaleup: 0): -7334 -7401 -7457 -7344 -7407 -7428 -7487 -7503 # -8321 -8065 -8321 -8321 -8321 -8321 -819CPU side received count (scaleup: 2): -7252 -7330 -7314 -7417 -7322 -7540 -7344 -7440 # -8065 -8065 -8449 -8193 -8321 -8193 -8063 -8193 
5 -8321 
3 -8193 
1 -8321 
3 -8065 
5 -8065 
Elastic buffer uses 4 channels per SM
Elastic buffer uses 4 channels per SM
Elastic buffer uses 4 channels per SM
Elastic buffer uses 4 channels per SM
Elastic buffer uses 4 channels per SM
Elastic buffer uses 4 channels per SM
Elastic buffer uses 4 channels per SM
Elastic buffer uses 4 channels per SM
CPU side received count (scaleup: 7): -7465 -7476 -7412 -7494 -7408 -7513 -7461 -7568 # -8321 -8193 -8449 -8449 -8321 -8193 -832CPU side received count (scaleup: 5): -7424 -7285 -7387 -7403 -7565 -7376 -7487 -7415 # -8321 -8321 -8193 -8193 -8193 -8193 -819CPU side received count (scaleup: 4): -7363 -7348 -7403 -7370 -7356 -7475 -7458 -7440 # -8193 -8193 -8193 -8193 -8321 -8321 -8321 -8193 
CPU side received count (scaleup: 1): -7360 -7379 -7313 -7431 -7465 -7391 -7355 -7390 # -8193 -8065 -8193 -8193 -8193 -8193 -8063 -8193 
CPU side received count (scaleup: 2): -7252 -7330 -7314 -7417 -7322 -7540 -7344 -7440 # -8065 -8065 -8449 -8193 -8321 -8193 -806CPU side received count (scaleup: 3): -7429 -7355 -7539 -7439 -7509 -7390 -7301 -7394 # -8193 -8321 -8321 -8449 -7937 -8193 -832CPU side received count (scaleup: 0): -7334 -7401 -7457 -7344 -7407 -7428 -7487 -7503 # -8321 -8065 -8321 -8321 -8321 -8321 -819CPU side received count (scaleup: 6): -7202 -7388 -7412 -7456 -7423 -7467 -7440 -7486 # -8193 -8193 -8193 -8321 -8193 -8193 -8191 -8193 
3 -8065 
5 -8321 
5 -8065 
1 -8321 
3 -8193 
Elastic buffer uses 4 channels per SM
Elastic buffer uses 4 channels per SM
Elastic buffer uses 4 channels per SM
Elastic buffer uses 4 channels per SM
Elastic buffer uses 4 channels per SM
Elastic buffer uses 4 channels per SM
Elastic buffer uses 4 channels per SM
Elastic buffer uses 4 channels per SM
CPU side received count (scaleup: 2): -7252 -7330 -7314 -7417 -7322 -7540 -7344 -7440 # -8065 -8065 -8449 -8193 -8321 -8193 -806CPU side received count (scaleup: 1): -7360 -7379 -7313 -7431 -7465 -7391 -7355 -7390 # -8193 -8065 -8193 -8193 -8193 -8193 -806CPU side received count (scaleup: 7): -7465 -7476 -7412 -7494 -7408 -7513 -7461 -7568 # -8321 -8193 -8449 -8449 -8321 -8193 -832CPU side received count (scaleup: 3): -7429 -7355 -7539 -7439 -7509 -7390 -7301 -7394 # -8193 -8321 -8321 -8449 -7937 -8193 -832CPU side received count (scaleup: 0): -7334 -7401 -7457 -7344 -7407 -7428 -7487 -7503 # -8321 -8065 -8321 -8321 -8321 -8321 -8195 -8065 
CPU side received count (scaleup: 4): -7363 -7348 -7403 -7370 -7356 -7475 -7458 -7440 # -8193 -8193 -8193 -8193 -8321 -8321 -832CPU side received count (scaleup: 6): -7202 -7388 -7412 -7456 -7423 -7467 -7440 -7486 # -8193 -8193 -8193 -8321 -8193 -8193 -819CPU side received count (scaleup: 5): -7424 -7285 -7387 -7403 -7565 -7376 -7487 -7415 # -8321 -8321 -8193 -8193 -8193 -8193 -8195 -8321 
1 -8193 
1 -8321 
3 -8065 
1 -8193 
3 -8193 
3 -8193 
Elastic buffer uses 4 channels per SM
Elastic buffer uses 4 channels per SM
Elastic buffer uses 4 channels per SM
Elastic buffer uses 4 channels per SM
Elastic buffer uses 4 channels per SM
Elastic buffer uses 4 channels per SM
Elastic buffer uses 4 channels per SM
Elastic buffer uses 4 channels per SM
CPU side received count (scaleup: 6): -7202 -7388 -7412 -7456 -7423 -7467 -7440 -7486 # -8193 -8193 -8193 -8321 -8193 -8193 -819CPU side received count (scaleup: 4): -7363 -7348 -7403 -7370 -7356 -7475 -7458 -7440 # -8193 -8193 -8193 -8193 -8321 -8321 -832CPU side received count (scaleup: 5): -7424 -7285 -7387 -7403 -7565 -7376 -7487 -7415 # -8321 -8321 -8193 -8193 -8193 -8193 -819CPU side received count (scaleup: 7): -7465 -7476 -7412 -7494 -7408 -7513 -7461 -7568 # -8321 -8193 -8449 -8449 -8321 -8193 -832CPU side received count (scaleup: 3): -7429 -7355 -7539 -7439 -7509 -7390 -7301 -7394 # -8193 -8321 -8321 -8449 -7937 -8193 -832CPU side received count (scaleup: 1): -7360 -7379 -7313 -7431 -7465 -7391 -7355 -7390 # -8193 -8065 -8193 -8193 -8193 -8193 -8063 -8193 
CPU side received count (scaleup: 2): -7252 -7330 -7314 -7417 -7322 -7540 -7344 -7440 # -8065 -8065 -8449 -8193 -8321 -8193 -8063 -8193 
1 -8193 
CPU side received count (scaleup: 0): -7334 -7401 -7457 -7344 -7407 -7428 -7487 -7503 # -8321 -8065 -8321 -8321 -8321 -8321 -8191 -8321 
1 -8193 
5 -8321 
5 -8065 
3 -8065 
Elastic buffer uses 4 channels per SM
Elastic buffer uses 4 channels per SM
Elastic buffer uses 4 channels per SM
Elastic buffer uses 4 channels per SM
Elastic buffer uses 4 channels per SM
Elastic buffer uses 4 channels per SM
Elastic buffer uses 4 channels per SM
Elastic buffer uses 4 channels per SM
CPU side received count (scaleup: 6): -7202 -7388 -7412 -7456 -7423 -7467 -7440 -7486 # -8193 -8193 -8193 -8321 -8193 -8193 -819CPU side received count (scaleup: 5): -7424 -7285 -7387 -7403 -7565 -7376 -7487 -7415 # -8321 -8321 -8193 -8193 -8193 -8193 -819CPU side received count (scaleup: 7): -7465 -7476 -7412 -7494 -7408 -7513 -7461 -7568 # -8321 -8193 -8449 -8449 -8321 -8193 -832CPU side received count (scaleup: 2): -7252 -7330 -7314 -7417 -7322 -7540 -7344 -7440 # -8065 -8065 -8449 -8193 -8321 -8193 -806CPU side received count (scaleup: 4): -7363 -7348 -7403 -7370 -7356 -7475 -7458 -7440 # -8193 -8193 -8193 -8193 -8321 -8321 -8323 -8193 
CPU side received count (scaleup: 0): -7334 -7401 -7457 -7344 -7407 -7428 -7487 -7503 # -8321 -8065 -8321 -8321 -8321 -8321 -8193 -8193 
1 -8193 
CPU side received count (scaleup: 1): -7360 -7379 -7313 -7431 -7465 -7391 -7355 -7390 # -8193 -8065 -8193 -8193 -8193 -8193 -806CPU side received count (scaleup: 3): -7429 -7355 -7539 -7439 -7509 -7390 -7301 -7394 # -8193 -8321 -8321 -8449 -7937 -8193 -8325 -8065 
1 -8193 
3 -8065 
5 -8321 
1 -8321 
Elastic buffer uses 4 channels per SM
Elastic buffer uses 4 channels per SM
Elastic buffer uses 4 channels per SM
Elastic buffer uses 4 channels per SM
Elastic buffer uses 4 channels per SM
Elastic buffer uses 4 channels per SM
Elastic buffer uses 4 channels per SM
Elastic buffer uses 4 channels per SM
CPU side received count (scaleup: 2): -7252 -7330 -7314 -7417 -7322 -7540 -7344 -7440 # -8065 -8065 -8449 -8193 -8321 -8193 -806CPU side received count (scaleup: 3): -7429 -7355 -7539 -7439 -7509 -7390 -7301 -7394 # -8193 -8321 -8321 -8449 -7937 -8193 -832CPU side received count (scaleup: 1): -7360 -7379 -7313 -7431 -7465 -7391 -7355 -7390 # -8193 -8065 -8193 -8193 -8193 -8193 -8065 -8065 
CPU side received count (scaleup: 0): -7334 -7401 -7457 -7344 -7407 -7428 -7487 -7503 # -8321 -8065 -8321 -8321 -8321 -8321 -819CPU side received count (scaleup: 6): -7202 -7388 -7412 -7456 -7423 -7467 -7440 -7486 # -8193 -8193 -8193 -8321 -8193 -8193 -819CPU side received count (scaleup: 7): -7465 -7476 -7412 -7494 -7408 -7513 -7461 -7568 # -8321 -8193 -8449 -8449 -8321 -8193 -8323 -8065 
CPU side received count (scaleup: 4): -7363 -7348 -7403 -7370 -7356 -7475 -7458 -7440 # -8193 -8193 -8193 -8193 -8321 -8321 -8321 -8321 
3 -8193 
CPU side received count (scaleup: 5): -7424 -7285 -7387 -7403 -7565 -7376 -7487 -7415 # -8321 -8321 -8193 -8193 -8193 -8193 -8191 -8193 
5 -8321 
1 -8193 
3 -8193 
Elastic buffer uses 4 channels per SM
Elastic buffer uses 4 channels per SM
Elastic buffer uses 4 channels per SM
Elastic buffer uses 4 channels per SM
Elastic buffer uses 4 channels per SM
Elastic buffer uses 4 channels per SM
Elastic buffer uses 4 channels per SM
Elastic buffer uses 4 channels per SM
USDT:2026-08-25 02:20:48 438:438 SyncActivityProfilerHandler.cpp:52] profiler_startUSDT:2026-08-25 02:20:48 434:434 SyncActivityProfilerHandler.cpp:52] profiler_startUSDT:2026-08-25 02:20:48 439:439 SyncActivityProfilerHandler.cpp:52] profiler_startUSDT:2026-08-25 02:20:48 437:437 SyncActivityProfilerHandler.cpp:52] profiler_startUSDT:2026-08-25 02:20:48 436:436 SyncActivityProfilerHandler.cpp:52] profiler_startUSDT:2026-08-25 02:20:48 440:440 SyncActivityProfilerHandler.cpp:52] profiler_startUSDT:2026-08-25 02:20:48 433:433 SyncActivityProfilerHandler.cpp:52] profiler_start






USDT:2026-08-25 02:20:48 435:435 SyncActivityProfilerHandler.cpp:52] profiler_start
CPU side received count (scaleup: 7): -7465 -7476 -7412 -7494 -7408 -7513 -7461 -7568 # -8321 -8193 -8449 -8449 -8321 -8193 -832CPU side received count (scaleup: 6): -7202 -7388 -7412 -7456 -7423 -7467 -7440 -7486 # -8193 -8193 -8193 -8321 -8193 -8193 -819CPU side received count (scaleup: 4): -7363 -7348 -7403 -7370 -7356 -7475 -7458 -7440 # -8193 -8193 -8193 -8193 -8321 -8321 -832CPU side received count (scaleup: 1): -7360 -7379 -7313 -7431 -7465 -7391 -7355 -7390 # -8193 -8065 -8193 -8193 -8193 -8193 -806CPU side received count (scaleup: 2): -7252 -7330 -7314 -7417 -7322 -7540 -7344 -7440 # -8065 -8065 -8449 -8193 -8321 -8193 -8063 -8193 
1 -8193 
CPU side received count (scaleup: 5): -7424 -7285 -7387 -7403 -7565 -7376 -7487 -7415 # -8321 -8321 -8193 -8193 -8193 -8193 -819CPU side received count (scaleup: 3): -7429 -7355 -7539 -7439 -7509 -7390 -7301 -7394 # -8193 -8321 -8321 -8449 -7937 -8193 -832CPU side received count (scaleup: 0): -7334 -7401 -7457 -7344 -7407 -7428 -7487 -7503 # -8321 -8065 -8321 -8321 -8321 -8321 -8191 -8193 
3 -8193 
5 -8065 
1 -8321 
3 -8065 
5 -8321 
Elastic buffer uses 4 channels per SM
Elastic buffer uses 4 channels per SM
Elastic buffer uses 4 channels per SM
Elastic buffer uses 4 channels per SM
Elastic buffer uses 4 channels per SM
Elastic buffer uses 4 channels per SM
Elastic buffer uses 4 channels per SM
Elastic buffer uses 4 channels per SM
CPU side received count (scaleup: 3): -7429 -7355 -7539 -7439 -7509 -7390 -7301 -7394 # -8193 -8321 -8321 -8449 -7937 -8193 -832CPU side received count (scaleup: 1): -7360 -7379 -7313 -7431 -7465 -7391 -7355 -7390 # -8193 -8065 -8193 -8193 -8193 -8193 -806CPU side received count (scaleup: 2): -7252 -7330 -7314 -7417 -7322 -7540 -7344 -7440 # -8065 -8065 -8449 -8193 -8321 -8193 -806CPU side received count (scaleup: 5): -7424 -7285 -7387 -7403 -7565 -7376 -7487 -7415 # -8321 -8321 -8193 -8193 -8193 -8193 -819CPU side received count (scaleup: 7): -7465 -7476 -7412 -7494 -7408 -7513 -7461 -7568 # -8321 -8193 -8449 -8449 -8321 -8193 -832CPU side received count (scaleup: 0): -7334 -7401 -7457 -7344 -7407 -7428 -7487 -7503 # -8321 -8065 -8321 -8321 -8321 -8321 -819CPU side received count (scaleup: 4): -7363 -7348 -7403 -7370 -7356 -7475 -7458 -7440 # -8193 -8193 -8193 -8193 -8321 -8321 -8321 -8321 
CPU side received count (scaleup: 6): -7202 -7388 -7412 -7456 -7423 -7467 -7440 -7486 # -8193 -8193 -8193 -8321 -8193 -8193 -8195 -8321 
5 -8065 
1 -8193 
3 -8193 
1 -8193 
3 -8193 
3 -8065 
Elastic buffer uses 4 channels per SM
Elastic buffer uses 4 channels per SM
Elastic buffer uses 4 channels per SM
Elastic buffer uses 4 channels per SM
Elastic buffer uses 4 channels per SM
Elastic buffer uses 4 channels per SM
Elastic buffer uses 4 channels per SM
Elastic buffer uses 4 channels per SM
CPU side received count (scaleup: 7): -7465 -7476 -7412 -7494 -7408 -7513 -7461 -7568 # -8321 -8193 -8449 -8449 -8321 -8193 -832CPU side received count (scaleup: 6): -7202 -7388 -7412 -7456 -7423 -7467 -7440 -7486 # -8193 -8193 -8193 -8321 -8193 -8193 -819CPU side received count (scaleup: 4): -7363 -7348 -7403 -7370 -7356 -7475 -7458 -7440 # -8193 -8193 -8193 -8193 -8321 -8321 -832CPU side received count (scaleup: 3): -7429 -7355 -7539 -7439 -7509 -7390 -7301 -7394 # -8193 -8321 -8321 -8449 -7937 -8193 -832CPU side received count (scaleup: 0): -7334 -7401 -7457 -7344 -7407 -7428 -7487 -7503 # -8321 -8065 -8321 -8321 -8321 -8321 -819CPU side received count (scaleup: 5): -7424 -7285 -7387 -7403 -7565 -7376 -7487 -7415 # -8321 -8321 -8193 -8193 -8193 -8193 -8191 -8193 
3 -8065 
CPU side received count (scaleup: 1): -7360 -7379 -7313 -7431 -7465 -7391 -7355 -7390 # -8193 -8065 -8193 -8193 -8193 -8193 -8061 -8321 
CPU side received count (scaleup: 2): -7252 -7330 -7314 -7417 -7322 -7540 -7344 -7440 # -8065 -8065 -8449 -8193 -8321 -8193 -8061 -8193 
3 -8193 
3 -8193 
5 -8321 
5 -8065 
Elastic buffer uses 4 channels per SM
Elastic buffer uses 4 channels per SM
Elastic buffer uses 4 channels per SM
Elastic buffer uses 4 channels per SM
Elastic buffer uses 4 channels per SM
Elastic buffer uses 4 channels per SM
Elastic buffer uses 4 channels per SM
Elastic buffer uses 4 channels per SM
CPU side received count (scaleup: 3): -7429 -7355 -7539 -7439 -7509 -7390 -7301 -7394 # -8193 -8321 -8321 -8449 -7937 -8193 -832CPU side received count (scaleup: 2): -7252 -7330 -7314 -7417 -7322 -7540 -7344 -7440 # -8065 -8065 -8449 -8193 -8321 -8193 -8061 -8321 
CPU side received count (scaleup: 1): -7360 -7379 -7313 -7431 -7465 -7391 -7355 -7390 # -8193 -8065 -8193 -8193 -8193 -8193 -8065 -8065 
CPU side received count (scaleup: 0): -7334 -7401 -7457 -7344 -7407 -7428 -7487 -7503 # -8321 -8065 -8321 -8321 -8321 -8321 -819CPU side received count (scaleup: 7): -7465 -7476 -7412 -7494 -7408 -7513 -7461 -7568 # -8321 -8193 -8449 -8449 -8321 -8193 -832CPU side received count (scaleup: 6): -7202 -7388 -7412 -7456 -7423 -7467 -7440 -7486 # -8193 -8193 -8193 -8321 -8193 -8193 -819CPU side received count (scaleup: 4): -7363 -7348 -7403 -7370 -7356 -7475 -7458 -7440 # -8193 -8193 -8193 -8193 -8321 -8321 -832CPU side received count (scaleup: 5): -7424 -7285 -7387 -7403 -7565 -7376 -7487 -7415 # -8321 -8321 -8193 -8193 -8193 -8193 -8195 -8321 
3 -8065 
1 -8193 
1 -8193 
3 -8193 
3 -8193 
Elastic buffer uses 4 channels per SM
Elastic buffer uses 4 channels per SM
Elastic buffer uses 4 channels per SM
Elastic buffer uses 4 channels per SM
Elastic buffer uses 4 channels per SM
Elastic buffer uses 4 channels per SM
Elastic buffer uses 4 channels per SM
Elastic buffer uses 4 channels per SM
CPU side received count (scaleup: 2): -7252 -7330 -7314 -7417 -7322 -7540 -7344 -7440 # -8065 -8065 -8449 -8193 -8321 -8193 -806CPU side received count (scaleup: 1): -7360 -7379 -7313 -7431 -7465 -7391 -7355 -7390 # -8193 -8065 -8193 -8193 -8193 -8193 -806CPU side received count (scaleup: 4): -7363 -7348 -7403 -7370 -7356 -7475 -7458 -7440 # -8193 -8193 -8193 -8193 -8321 -8321 -832CPU side received count (scaleup: 3): -7429 -7355 -7539 -7439 -7509 -7390 -7301 -7394 # -8193 -8321 -8321 -8449 -7937 -8193 -832CPU side received count (scaleup: 0): -7334 -7401 -7457 -7344 -7407 -7428 -7487 -7503 # -8321 -8065 -8321 -8321 -8321 -8321 -819CPU side received count (scaleup: 6): -7202 -7388 -7412 -7456 -7423 -7467 -7440 -7486 # -8193 -8193 -8193 -8321 -8193 -8193 -819CPU side received count (scaleup: 7): -7465 -7476 -7412 -7494 -7408 -7513 -7461 -7568 # -8321 -8193 -8449 -8449 -8321 -8193 -8321 -8193 
CPU side received count (scaleup: 5): -7424 -7285 -7387 -7403 -7565 -7376 -7487 -7415 # -8321 -8321 -8193 -8193 -8193 -8193 -8191 -8321 
3 -8193 
5 -8065 
5 -8321 
3 -8193 
3 -8065 
1 -8193 
Elastic buffer uses 4 channels per SM
Elastic buffer uses 4 channels per SM
Elastic buffer uses 4 channels per SM
Elastic buffer uses 4 channels per SM
Elastic buffer uses 4 channels per SM
Elastic buffer uses 4 channels per SM
Elastic buffer uses 4 channels per SM
Elastic buffer uses 4 channels per SM
CPU side received count (scaleup: 7): -7465 -7476 -7412 -7494 -7408 -7513 -7461 -7568 # -8321 -8193 -8449 -8449 -8321 -8193 -832CPU side received count (scaleup: 4): -7363 -7348 -7403 -7370 -7356 -7475 -7458 -7440 # -8193 -8193 -8193 -8193 -8321 -8321 -832CPU side received count (scaleup: 5): -7424 -7285 -7387 -7403 -7565 -7376 -7487 -7415 # -8321 -8321 -8193 -8193 -8193 -8193 -819CPU side received count (scaleup: 6): -7202 -7388 -7412 -7456 -7423 -7467 -7440 -7486 # -8193 -8193 -8193 -8321 -8193 -8193 -819CPU side received count (scaleup: 0): -7334 -7401 -7457 -7344 -7407 -7428 -7487 -7503 # -8321 -8065 -8321 -8321 -8321 -8321 -8191 -8193 
CPU side received count (scaleup: 2): -7252 -7330 -7314 -7417 -7322 -7540 -7344 -7440 # -8065 -8065 -8449 -8193 -8321 -8193 -8063 -8193 
3 -8193 
CPU side received count (scaleup: 3): -7429 -7355 -7539 -7439 -7509 -7390 -7301 -7394 # -8193 -8321 -8321 -8449 -7937 -8193 -832CPU side received count (scaleup: 1): -7360 -7379 -7313 -7431 -7465 -7391 -7355 -7390 # -8193 -8065 -8193 -8193 -8193 -8193 -8061 -8193 
3 -8065 
5 -8065 
1 -8321 
5 -8321 
Elastic buffer uses 4 channels per SM
Elastic buffer uses 4 channels per SM
Elastic buffer uses 4 channels per SM
Elastic buffer uses 4 channels per SM
Elastic buffer uses 4 channels per SM
Elastic buffer uses 4 channels per SM
Elastic buffer uses 4 channels per SM
Elastic buffer uses 4 channels per SM
CPU side received count (scaleup: 6): -7202 -7388 -7412 -7456 -7423 -7467 -7440 -7486 # -8193 -8193 -8193 -8321 -8193 -8193 -819CPU side received count (scaleup: 4): -7363 -7348 -7403 -7370 -7356 -7475 -7458 -7440 # -8193 -8193 -8193 -8193 -8321 -8321 -832CPU side received count (scaleup: 7): -7465 -7476 -7412 -7494 -7408 -7513 -7461 -7568 # -8321 -8193 -8449 -8449 -8321 -8193 -832CPU side received count (scaleup: 2): -7252 -7330 -7314 -7417 -7322 -7540 -7344 -7440 # -8065 -8065 -8449 -8193 -8321 -8193 -806CPU side received count (scaleup: 5): -7424 -7285 -7387 -7403 -7565 -7376 -7487 -7415 # -8321 -8321 -8193 -8193 -8193 -8193 -819CPU side received count (scaleup: 0): -7334 -7401 -7457 -7344 -7407 -7428 -7487 -7503 # -8321 -8065 -8321 -8321 -8321 -8321 -8193 -8193 
1 -8193 
CPU side received count (scaleup: 1): -7360 -7379 -7313 -7431 -7465 -7391 -7355 -7390 # -8193 -8065 -8193 -8193 -8193 -8193 -806CPU side received count (scaleup: 3): -7429 -7355 -7539 -7439 -7509 -7390 -7301 -7394 # -8193 -8321 -8321 -8449 -7937 -8193 -8321 -8193 
5 -8065 
3 -8193 
3 -8065 
5 -8321 
1 -8321 
Elastic buffer uses 4 channels per SM
Elastic buffer uses 4 channels per SM
Elastic buffer uses 4 channels per SM
Elastic buffer uses 4 channels per SM
Elastic buffer uses 4 channels per SM
Elastic buffer uses 4 channels per SM
Elastic buffer uses 4 channels per SM
Elastic buffer uses 4 channels per SM
CPU side received count (scaleup: 2): -7252 -7330 -7314 -7417 -7322 -7540 -7344 -7440 # -8065 -8065 -8449 -8193 -8321 -8193 -806CPU side received count (scaleup: 1): -7360 -7379 -7313 -7431 -7465 -7391 -7355 -7390 # -8193 -8065 -8193 -8193 -8193 -8193 -806CPU side received count (scaleup: 7): -7465 -7476 -7412 -7494 -7408 -7513 -7461 -7568 # -8321 -8193 -8449 -8449 -8321 -8193 -832CPU side received count (scaleup: 3): -7429 -7355 -7539 -7439 -7509 -7390 -7301 -7394 # -8193 -8321 -8321 -8449 -7937 -8193 -8325 -8321 
1 -8193 
CPU side received count (scaleup: 0): -7334 -7401 -7457 -7344 -7407 -7428 -7487 -7503 # -8321 -8065 -8321 -8321 -8321 -8321 -819CPU side received count (scaleup: 4): -7363 -7348 -7403 -7370 -7356 -7475 -7458 -7440 # -8193 -8193 -8193 -8193 -8321 -8321 -832CPU side received count (scaleup: 6): -7202 -7388 -7412 -7456 -7423 -7467 -7440 -7486 # -8193 -8193 -8193 -8321 -8193 -8193 -819CPU side received count (scaleup: 5): -7424 -7285 -7387 -7403 -7565 -7376 -7487 -7415 # -8321 -8321 -8193 -8193 -8193 -8193 -8195 -8065 
1 -8321 
3 -8065 
1 -8193 
3 -8193 
3 -8193 
Elastic buffer uses 4 channels per SM
Elastic buffer uses 4 channels per SM
Elastic buffer uses 4 channels per SM
Elastic buffer uses 4 channels per SM
Elastic buffer uses 4 channels per SM
Elastic buffer uses 4 channels per SM
Elastic buffer uses 4 channels per SM
Elastic buffer uses 4 channels per SM
CPU side received count (scaleup: 2): -7252 -7330 -7314 -7417 -7322 -7540 -7344 -7440 # -8065 -8065 -8449 -8193 -8321 -8193 -806CPU side received count (scaleup: 1): -7360 -7379 -7313 -7431 -7465 -7391 -7355 -7390 # -8193 -8065 -8193 -8193 -8193 -8193 -806CPU side received count (scaleup: 0): -7334 -7401 -7457 -7344 -7407 -7428 -7487 -7503 # -8321 -8065 -8321 -8321 -8321 -8321 -8195 -8065 
5 -8321 
CPU side received count (scaleup: 3): -7429 -7355 -7539 -7439 -7509 -7390 -7301 -7394 # -8193 -8321 -8321 -8449 -7937 -8193 -832CPU side received count (scaleup: 4): -7363 -7348 -7403 -7370 -7356 -7475 -7458 -7440 # -8193 -8193 -8193 -8193 -8321 -8321 -832CPU side received count (scaleup: 6): -7202 -7388 -7412 -7456 -7423 -7467 -7440 -7486 # -8193 -8193 -8193 -8321 -8193 -8193 -819CPU side received count (scaleup: 7): -7465 -7476 -7412 -7494 -7408 -7513 -7461 -7568 # -8321 -8193 -8449 -8449 -8321 -8193 -8323 -8065 
1 -8193 
CPU side received count (scaleup: 5): -7424 -7285 -7387 -7403 -7565 -7376 -7487 -7415 # -8321 -8321 -8193 -8193 -8193 -8193 -8191 -8321 
1 -8193 
3 -8193 
3 -8193 
Elastic buffer uses 4 channels per SM
Elastic buffer uses 4 channels per SM
Elastic buffer uses 4 channels per SM
Elastic buffer uses 4 channels per SM
Elastic buffer uses 4 channels per SM
Elastic buffer uses 4 channels per SM
Elastic buffer uses 4 channels per SM
Elastic buffer uses 4 channels per SM
CPU side received count (scaleup: 6): -7202 -7388 -7412 -7456 -7423 -7467 -7440 -7486 # -8193 -8193 -8193 -8321 -8193 -8193 -819CPU side received count (scaleup: 4): -7363 -7348 -7403 -7370 -7356 -7475 -7458 -7440 # -8193 -8193 -8193 -8193 -8321 -8321 -832CPU side received count (scaleup: 0): -7334 -7401 -7457 -7344 -7407 -7428 -7487 -7503 # -8321 -8065 -8321 -8321 -8321 -8321 -819CPU side received count (scaleup: 2): -7252 -7330 -7314 -7417 -7322 -7540 -7344 -7440 # -8065 -8065 -8449 -8193 -8321 -8193 -8061 -8193 
CPU side received count (scaleup: 7): -7465 -7476 -7412 -7494 -7408 -7513 -7461 -7568 # -8321 -8193 -8449 -8449 -8321 -8193 -832CPU side received count (scaleup: 5): -7424 -7285 -7387 -7403 -7565 -7376 -7487 -7415 # -8321 -8321 -8193 -8193 -8193 -8193 -8195 -8065 
CPU side received count (scaleup: 3): -7429 -7355 -7539 -7439 -7509 -7390 -7301 -7394 # -8193 -8321 -8321 -8449 -7937 -8193 -8323 -8193 
CPU side received count (scaleup: 1): -7360 -7379 -7313 -7431 -7465 -7391 -7355 -7390 # -8193 -8065 -8193 -8193 -8193 -8193 -8061 -8321 
3 -8193 
3 -8065 
5 -8321 
1 -8193 
Elastic buffer uses 4 channels per SM
Elastic buffer uses 4 channels per SM
Elastic buffer uses 4 channels per SM
Elastic buffer uses 4 channels per SM
Elastic buffer uses 4 channels per SM
Elastic buffer uses 4 channels per SM
Elastic buffer uses 4 channels per SM
Elastic buffer uses 4 channels per SM
CPU side received count (scaleup: 7): -7465 -7476 -7412 -7494 -7408 -7513 -7461 -7568 # -8321 -8193 -8449 -8449 -8321 -8193 -832CPU side received count (scaleup: 5): -7424 -7285 -7387 -7403 -7565 -7376 -7487 -7415 # -8321 -8321 -8193 -8193 -8193 -8193 -819CPU side received count (scaleup: 6): -7202 -7388 -7412 -7456 -7423 -7467 -7440 -7486 # -8193 -8193 -8193 -8321 -8193 -8193 -8191 -8193 
3 -8193 
CPU side received count (scaleup: 4): -7363 -7348 -7403 -7370 -7356 -7475 -7458 -7440 # -8193 -8193 -8193 -8193 -8321 -8321 -832CPU side received count (scaleup: 2): -7252 -7330 -7314 -7417 -7322 -7540 -7344 -7440 # -8065 -8065 -8449 -8193 -8321 -8193 -806CPU side received count (scaleup: 0): -7334 -7401 -7457 -7344 -7407 -7428 -7487 -7503 # -8321 -8065 -8321 -8321 -8321 -8321 -8191 -8193 
CPU side received count (scaleup: 3): -7429 -7355 -7539 -7439 -7509 -7390 -7301 -7394 # -8193 -8321 -8321 -8449 -7937 -8193 -832CPU side received count (scaleup: 1): -7360 -7379 -7313 -7431 -7465 -7391 -7355 -7390 # -8193 -8065 -8193 -8193 -8193 -8193 -8063 -8193 
5 -8321 
5 -8065 
3 -8065 
1 -8321 
Elastic buffer uses 4 channels per SM
Elastic buffer uses 4 channels per SM
Elastic buffer uses 4 channels per SM
Elastic buffer uses 4 channels per SM
Elastic buffer uses 4 channels per SM
Elastic buffer uses 4 channels per SM
Elastic buffer uses 4 channels per SM
Elastic buffer uses 4 channels per SM
CPU side received count (scaleup: 6): -7202 -7388 -7412 -7456 -7423 -7467 -7440 -7486 # -8193 -8193 -8193 -8321 -8193 -8193 -819CPU side received count (scaleup: 4): -7363 -7348 -7403 -7370 -7356 -7475 -7458 -7440 # -8193 -8193 -8193 -8193 -8321 -8321 -832CPU side received count (scaleup: 0): -7334 -7401 -7457 -7344 -7407 -7428 -7487 -7503 # -8321 -8065 -8321 -8321 -8321 -8321 -8193 -8193 
CPU side received count (scaleup: 7): -7465 -7476 -7412 -7494 -7408 -7513 -7461 -7568 # -8321 -8193 -8449 -8449 -8321 -8193 -832CPU side received count (scaleup: 5): -7424 -7285 -7387 -7403 -7565 -7376 -7487 -7415 # -8321 -8321 -8193 -8193 -8193 -8193 -8191 -8193 
CPU side received count (scaleup: 2): -7252 -7330 -7314 -7417 -7322 -7540 -7344 -7440 # -8065 -8065 -8449 -8193 -8321 -8193 -806CPU side received count (scaleup: 3): -7429 -7355 -7539 -7439 -7509 -7390 -7301 -7394 # -8193 -8321 -8321 -8449 -7937 -8193 -832CPU side received count (scaleup: 1): -7360 -7379 -7313 -7431 -7465 -7391 -7355 -7390 # -8193 -8065 -8193 -8193 -8193 -8193 -8061 -8193 
3 -8065 
3 -8193 
5 -8065 
1 -8321 
5 -8321 
Elastic buffer uses 4 channels per SM
Elastic buffer uses 4 channels per SM
Elastic buffer uses 4 channels per SM
Elastic buffer uses 4 channels per SM
Elastic buffer uses 4 channels per SM
Elastic buffer uses 4 channels per SM
Elastic buffer uses 4 channels per SM
Elastic buffer uses 4 channels per SM
CPU side received count (scaleup: 7): -7465 -7476 -7412 -7494 -7408 -7513 -7461 -7568 # -8321 -8193 -8449 -8449 -8321 -8193 -832CPU side received count (scaleup: 6): -7202 -7388 -7412 -7456 -7423 -7467 -7440 -7486 # -8193 -8193 -8193 -8321 -8193 -8193 -819CPU side received count (scaleup: 4): -7363 -7348 -7403 -7370 -7356 -7475 -7458 -7440 # -8193 -8193 -8193 -8193 -8321 -8321 -832CPU side received count (scaleup: 2): -7252 -7330 -7314 -7417 -7322 -7540 -7344 -7440 # -8065 -8065 -8449 -8193 -8321 -8193 -806CPU side received count (scaleup: 5): -7424 -7285 -7387 -7403 -7565 -7376 -7487 -7415 # -8321 -8321 -8193 -8193 -8193 -8193 -819CPU side received count (scaleup: 3): -7429 -7355 -7539 -7439 -7509 -7390 -7301 -7394 # -8193 -8321 -8321 -8449 -7937 -8193 -8321 -8193 
CPU side received count (scaleup: 0): -7334 -7401 -7457 -7344 -7407 -7428 -7487 -7503 # -8321 -8065 -8321 -8321 -8321 -8321 -819CPU side received count (scaleup: 1): -7360 -7379 -7313 -7431 -7465 -7391 -7355 -7390 # -8193 -8065 -8193 -8193 -8193 -8193 -8063 -8193 
1 -8193 
3 -8193 
5 -8065 
1 -8321 
5 -8321 
3 -8065 
Elastic buffer uses 4 channels per SM
Elastic buffer uses 4 channels per SM
Elastic buffer uses 4 channels per SM
Elastic buffer uses 4 channels per SM
Elastic buffer uses 4 channels per SM
Elastic buffer uses 4 channels per SM
Elastic buffer uses 4 channels per SM
Elastic buffer uses 4 channels per SM
CPU side received count (scaleup: 2): -7252 -7330 -7314 -7417 -7322 -7540 -7344 -7440 # -8065 -8065 -8449 -8193 -8321 -8193 -806CPU side received count (scaleup: 0): -7334 -7401 -7457 -7344 -7407 -7428 -7487 -7503 # -8321 -8065 -8321 -8321 -8321 -8321 -819CPU side received count (scaleup: 1): -7360 -7379 -7313 -7431 -7465 -7391 -7355 -7390 # -8193 -8065 -8193 -8193 -8193 -8193 -806CPU side received count (scaleup: 3): -7429 -7355 -7539 -7439 -7509 -7390 -7301 -7394 # -8193 -8321 -8321 -8449 -7937 -8193 -8325 -8065 
CPU side received count (scaleup: 6): -7202 -7388 -7412 -7456 -7423 -7467 -7440 -7486 # -8193 -8193 -8193 -8321 -8193 -8193 -819CPU side received count (scaleup: 5): -7424 -7285 -7387 -7403 -7565 -7376 -7487 -7415 # -8321 -8321 -8193 -8193 -8193 -8193 -819CPU side received count (scaleup: 4): -7363 -7348 -7403 -7370 -7356 -7475 -7458 -7440 # -8193 -8193 -8193 -8193 -8321 -8321 -832CPU side received count (scaleup: 7): -7465 -7476 -7412 -7494 -7408 -7513 -7461 -7568 # -8321 -8193 -8449 -8449 -8321 -8193 -8323 -8065 
1 -8321 
5 -8321 
3 -8193 
3 -8193 
1 -8193 
1 -8193 
Elastic buffer uses 4 channels per SM
Elastic buffer uses 4 channels per SM
Elastic buffer uses 4 channels per SM
Elastic buffer uses 4 channels per SM
Elastic buffer uses 4 channels per SM
Elastic buffer uses 4 channels per SM
Elastic buffer uses 4 channels per SM
Elastic buffer uses 4 channels per SM
CPU side received count (scaleup: 2): -7252 -7330 -7314 -7417 -7322 -7540 -7344 -7440 # -8065 -8065 -8449 -8193 -8321 -8193 -806CPU side received count (scaleup: 1): -7360 -7379 -7313 -7431 -7465 -7391 -7355 -7390 # -8193 -8065 -8193 -8193 -8193 -8193 -806CPU side received count (scaleup: 3): -7429 -7355 -7539 -7439 -7509 -7390 -7301 -7394 # -8193 -8321 -8321 -8449 -7937 -8193 -8325 -8065 
5 -8321 
1 -8321 
CPU side received count (scaleup: 0): -7334 -7401 -7457 -7344 -7407 -7428 -7487 -7503 # -8321 -8065 -8321 -8321 -8321 -8321 -819CPU side received count (scaleup: 7): -7465 -7476 -7412 -7494 -7408 -7513 -7461 -7568 # -8321 -8193 -8449 -8449 -8321 -8193 -832CPU side received count (scaleup: 4): -7363 -7348 -7403 -7370 -7356 -7475 -7458 -7440 # -8193 -8193 -8193 -8193 -8321 -8321 -8321 -8193 
CPU side received count (scaleup: 6): -7202 -7388 -7412 -7456 -7423 -7467 -7440 -7486 # -8193 -8193 -8193 -8321 -8193 -8193 -819CPU side received count (scaleup: 5): -7424 -7285 -7387 -7403 -7565 -7376 -7487 -7415 # -8321 -8321 -8193 -8193 -8193 -8193 -8193 -8065 
1 -8193 
3 -8193 
3 -8193 
Elastic buffer uses 4 channels per SM
Elastic buffer uses 4 channels per SM
Elastic buffer uses 4 channels per SM
Elastic buffer uses 4 channels per SM
Elastic buffer uses 4 channels per SM
Elastic buffer uses 4 channels per SM
Elastic buffer uses 4 channels per SM
Elastic buffer uses 4 channels per SM
CPU side received count (scaleup: 2): -7252 -7330 -7314 -7417 -7322 -7540 -7344 -7440 # -8065 -8065 -8449 -8193 -8321 -8193 -806CPU side received count (scaleup: 3): -7429 -7355 -7539 -7439 -7509 -7390 -7301 -7394 # -8193 -8321 -8321 -8449 -7937 -8193 -832CPU side received count (scaleup: 1): -7360 -7379 -7313 -7431 -7465 -7391 -7355 -7390 # -8193 -8065 -8193 -8193 -8193 -8193 -8061 -8321 
5 -8321 
CPU side received count (scaleup: 0): -7334 -7401 -7457 -7344 -7407 -7428 -7487 -7503 # -8321 -8065 -8321 -8321 -8321 -8321 -819CPU side received count (scaleup: 4): -7363 -7348 -7403 -7370 -7356 -7475 -7458 -7440 # -8193 -8193 -8193 -8193 -8321 -8321 -832CPU side received count (scaleup: 5): -7424 -7285 -7387 -7403 -7565 -7376 -7487 -7415 # -8321 -8321 -8193 -8193 -8193 -8193 -819CPU side received count (scaleup: 6): -7202 -7388 -7412 -7456 -7423 -7467 -7440 -7486 # -8193 -8193 -8193 -8321 -8193 -8193 -819CPU side received count (scaleup: 7): -7465 -7476 -7412 -7494 -7408 -7513 -7461 -7568 # -8321 -8193 -8449 -8449 -8321 -8193 -8325 -8065 
3 -8065 
1 -8193 
3 -8193 
3 -8193 
1 -8193 
Elastic buffer uses 4 channels per SM
Elastic buffer uses 4 channels per SM
Elastic buffer uses 4 channels per SM
Elastic buffer uses 4 channels per SM
Elastic buffer uses 4 channels per SM
Elastic buffer uses 4 channels per SM
Elastic buffer uses 4 channels per SM
Elastic buffer uses 4 channels per SM
CPU side received count (scaleup: 7): -7465 -7476 -7412 -7494 -7408 -7513 -7461 -7568 # -8321 -8193 -8449 -8449 -8321 -8193 -832CPU side received count (scaleup: 5): -7424 -7285 -7387 -7403 -7565 -7376 -7487 -7415 # -8321 -8321 -8193 -8193 -8193 -8193 -819CPU side received count (scaleup: 6): -7202 -7388 -7412 -7456 -7423 -7467 -7440 -7486 # -8193 -8193 -8193 -8321 -8193 -8193 -819CPU side received count (scaleup: 4): -7363 -7348 -7403 -7370 -7356 -7475 -7458 -7440 # -8193 -8193 -8193 -8193 -8321 -8321 -8321 -8193 
3 -8193 
CPU side received count (scaleup: 3): -7429 -7355 -7539 -7439 -7509 -7390 -7301 -7394 # -8193 -8321 -8321 -8449 -7937 -8193 -832CPU side received count (scaleup: 2): -7252 -7330 -7314 -7417 -7322 -7540 -7344 -7440 # -8065 -8065 -8449 -8193 -8321 -8193 -806CPU side received count (scaleup: 0): -7334 -7401 -7457 -7344 -7407 -7428 -7487 -7503 # -8321 -8065 -8321 -8321 -8321 -8321 -8193 -8193 
CPU side received count (scaleup: 1): -7360 -7379 -7313 -7431 -7465 -7391 -7355 -7390 # -8193 -8065 -8193 -8193 -8193 -8193 -8061 -8321 
1 -8193 
5 -8065 
3 -8065 
5 -8321 
Elastic buffer uses 4 channels per SM
Elastic buffer uses 4 channels per SM
Elastic buffer uses 4 channels per SM
Elastic buffer uses 4 channels per SM
Elastic buffer uses 4 channels per SM
Elastic buffer uses 4 channels per SM
Elastic buffer uses 4 channels per SM
Elastic buffer uses 4 channels per SM
CPU side received count (scaleup: 6): -7202 -7388 -7412 -7456 -7423 -7467 -7440 -7486 # -8193 -8193 -8193 -8321 -8193 -8193 -819CPU side received count (scaleup: 7): -7465 -7476 -7412 -7494 -7408 -7513 -7461 -7568 # -8321 -8193 -8449 -8449 -8321 -8193 -832CPU side received count (scaleup: 2): -7252 -7330 -7314 -7417 -7322 -7540 -7344 -7440 # -8065 -8065 -8449 -8193 -8321 -8193 -806CPU side received count (scaleup: 5): -7424 -7285 -7387 -7403 -7565 -7376 -7487 -7415 # -8321 -8321 -8193 -8193 -8193 -8193 -819CPU side received count (scaleup: 4): -7363 -7348 -7403 -7370 -7356 -7475 -7458 -7440 # -8193 -8193 -8193 -8193 -8321 -8321 -8323 -8193 
CPU side received count (scaleup: 0): -7334 -7401 -7457 -7344 -7407 -7428 -7487 -7503 # -8321 -8065 -8321 -8321 -8321 -8321 -8195 -8065 
CPU side received count (scaleup: 3): -7429 -7355 -7539 -7439 -7509 -7390 -7301 -7394 # -8193 -8321 -8321 -8449 -7937 -8193 -832CPU side received count (scaleup: 1): -7360 -7379 -7313 -7431 -7465 -7391 -7355 -7390 # -8193 -8065 -8193 -8193 -8193 -8193 -8063 -8193 
1 -8193 
3 -8065 
1 -8193 
1 -8321 
5 -8321 
Elastic buffer uses 4 channels per SM
Elastic buffer uses 4 channels per SM
Elastic buffer uses 4 channels per SM
Elastic buffer uses 4 channels per SM
Elastic buffer uses 4 channels per SM
Elastic buffer uses 4 channels per SM
Elastic buffer uses 4 channels per SM
Elastic buffer uses 4 channels per SM
CPU side received count (scaleup: 4): -7363 -7348 -7403 -7370 -7356 -7475 -7458 -7440 # -8193 -8193 -8193 -8193 -8321 -8321 -832CPU side received count (scaleup: 5): -7424 -7285 -7387 -7403 -7565 -7376 -7487 -7415 # -8321 -8321 -8193 -8193 -8193 -8193 -819CPU side received count (scaleup: 6): -7202 -7388 -7412 -7456 -7423 -7467 -7440 -7486 # -8193 -8193 -8193 -8321 -8193 -8193 -819CPU side received count (scaleup: 2): -7252 -7330 -7314 -7417 -7322 -7540 -7344 -7440 # -8065 -8065 -8449 -8193 -8321 -8193 -806CPU side received count (scaleup: 3): -7429 -7355 -7539 -7439 -7509 -7390 -7301 -7394 # -8193 -8321 -8321 -8449 -7937 -8193 -8325 -8065 
CPU side received count (scaleup: 1): -7360 -7379 -7313 -7431 -7465 -7391 -7355 -7390 # -8193 -8065 -8193 -8193 -8193 -8193 -806CPU side received count (scaleup: 0): -7334 -7401 -7457 -7344 -7407 -7428 -7487 -7503 # -8321 -8065 -8321 -8321 -8321 -8321 -819CPU side received count (scaleup: 7): -7465 -7476 -7412 -7494 -7408 -7513 -7461 -7568 # -8321 -8193 -8449 -8449 -8321 -8193 -8323 -8193 
3 -8065 
3 -8193 
1 -8193 
1 -8321 
5 -8321 
1 -8193 
Elastic buffer uses 4 channels per SM
Elastic buffer uses 4 channels per SM
Elastic buffer uses 4 channels per SM
Elastic buffer uses 4 channels per SM
Elastic buffer uses 4 channels per SM
Elastic buffer uses 4 channels per SM
Elastic buffer uses 4 channels per SM
Elastic buffer uses 4 channels per SM
CPU side received count (scaleup: 7): -7465 -7476 -7412 -7494 -7408 -7513 -7461 -7568 # -8321 -8193 -8449 -8449 -8321 -8193 -832CPU side received count (scaleup: 6): -7202 -7388 -7412 -7456 -7423 -7467 -7440 -7486 # -8193 -8193 -8193 -8321 -8193 -8193 -819CPU side received count (scaleup: 5): -7424 -7285 -7387 -7403 -7565 -7376 -7487 -7415 # -8321 -8321 -8193 -8193 -8193 -8193 -819CPU side received count (scaleup: 4): -7363 -7348 -7403 -7370 -7356 -7475 -7458 -7440 # -8193 -8193 -8193 -8193 -8321 -8321 -8321 -8193 
3 -8193 
3 -8193 
1 -8193 
CPU side received count (scaleup: 2): -7252 -7330 -7314 -7417 -7322 -7540 -7344 -7440 # -8065 -8065 -8449 -8193 -8321 -8193 -806CPU side received count (scaleup: 0): -7334 -7401 -7457 -7344 -7407 -7428 -7487 -7503 # -8321 -8065 -8321 -8321 -8321 -8321 -819CPU side received count (scaleup: 1): -7360 -7379 -7313 -7431 -7465 -7391 -7355 -7390 # -8193 -8065 -8193 -8193 -8193 -8193 -806CPU side received count (scaleup: 3): -7429 -7355 -7539 -7439 -7509 -7390 -7301 -7394 # -8193 -8321 -8321 -8449 -7937 -8193 -8325 -8065 
3 -8065 
1 -8321 
5 -8321 
Elastic buffer uses 4 channels per SM
Elastic buffer uses 4 channels per SM
Elastic buffer uses 4 channels per SM
Elastic buffer uses 4 channels per SM
Elastic buffer uses 4 channels per SM
Elastic buffer uses 4 channels per SM
Elastic buffer uses 4 channels per SM
Elastic buffer uses 4 channels per SM
CPU side received count (scaleup: 7): -7465 -7476 -7412 -7494 -7408 -7513 -7461 -7568 # -8321 -8193 -8449 -8449 -8321 -8193 -832CPU side received count (scaleup: 4): -7363 -7348 -7403 -7370 -7356 -7475 -7458 -7440 # -8193 -8193 -8193 -8193 -8321 -8321 -832CPU side received count (scaleup: 5): -7424 -7285 -7387 -7403 -7565 -7376 -7487 -7415 # -8321 -8321 -8193 -8193 -8193 -8193 -819CPU side received count (scaleup: 6): -7202 -7388 -7412 -7456 -7423 -7467 -7440 -7486 # -8193 -8193 -8193 -8321 -8193 -8193 -8191 -8193 
1 -8193 
CPU side received count (scaleup: 2): -7252 -7330 -7314 -7417 -7322 -7540 -7344 -7440 # -8065 -8065 -8449 -8193 -8321 -8193 -806CPU side received count (scaleup: 3): -7429 -7355 -7539 -7439 -7509 -7390 -7301 -7394 # -8193 -8321 -8321 -8449 -7937 -8193 -832CPU side received count (scaleup: 1): -7360 -7379 -7313 -7431 -7465 -7391 -7355 -7390 # -8193 -8065 -8193 -8193 -8193 -8193 -8063 -8193 
5 -8065 
CPU side received count (scaleup: 0): -7334 -7401 -7457 -7344 -7407 -7428 -7487 -7503 # -8321 -8065 -8321 -8321 -8321 -8321 -8193 -8193 
3 -8065 
1 -8321 
5 -8321 
Elastic buffer uses 4 channels per SM
Elastic buffer uses 4 channels per SM
Elastic buffer uses 4 channels per SM
Elastic buffer uses 4 channels per SM
Elastic buffer uses 4 channels per SM
Elastic buffer uses 4 channels per SM
Elastic buffer uses 4 channels per SM
Elastic buffer uses 4 channels per SM
CPU side received count (scaleup: 4): -7363 -7348 -7403 -7370 -7356 -7475 -7458 -7440 # -8193 -8193 -8193 -8193 -8321 -8321 -832CPU side received count (scaleup: 6): -7202 -7388 -7412 -7456 -7423 -7467 -7440 -7486 # -8193 -8193 -8193 -8321 -8193 -8193 -819CPU side received count (scaleup: 7): -7465 -7476 -7412 -7494 -7408 -7513 -7461 -7568 # -8321 -8193 -8449 -8449 -8321 -8193 -8321 -8193 
CPU side received count (scaleup: 2): -7252 -7330 -7314 -7417 -7322 -7540 -7344 -7440 # -8065 -8065 -8449 -8193 -8321 -8193 -806CPU side received count (scaleup: 3): -7429 -7355 -7539 -7439 -7509 -7390 -7301 -7394 # -8193 -8321 -8321 -8449 -7937 -8193 -8321 -8193 
CPU side received count (scaleup: 1): -7360 -7379 -7313 -7431 -7465 -7391 -7355 -7390 # -8193 -8065 -8193 -8193 -8193 -8193 -806CPU side received count (scaleup: 5): -7424 -7285 -7387 -7403 -7565 -7376 -7487 -7415 # -8321 -8321 -8193 -8193 -8193 -8193 -8193 -8193 
CPU side received count (scaleup: 0): -7334 -7401 -7457 -7344 -7407 -7428 -7487 -7503 # -8321 -8065 -8321 -8321 -8321 -8321 -8195 -8065 
5 -8321 
1 -8321 
3 -8193 
3 -8065 
Elastic buffer uses 4 channels per SM
Elastic buffer uses 4 channels per SM
Elastic buffer uses 4 channels per SM
Elastic buffer uses 4 channels per SM
Elastic buffer uses 4 channels per SM
Elastic buffer uses 4 channels per SM
Elastic buffer uses 4 channels per SM
Elastic buffer uses 4 channels per SM
CPU side received count (scaleup: 6): -7202 -7388 -7412 -7456 -7423 -7467 -7440 -7486 # -8193 -8193 -8193 -8321 -8193 -8193 -819CPU side received count (scaleup: 7): -7465 -7476 -7412 -7494 -7408 -7513 -7461 -7568 # -8321 -8193 -8449 -8449 -8321 -8193 -832CPU side received count (scaleup: 4): -7363 -7348 -7403 -7370 -7356 -7475 -7458 -7440 # -8193 -8193 -8193 -8193 -8321 -8321 -832CPU side received count (scaleup: 5): -7424 -7285 -7387 -7403 -7565 -7376 -7487 -7415 # -8321 -8321 -8193 -8193 -8193 -8193 -8193 -8193 
1 -8193 
CPU side received count (scaleup: 1): -7360 -7379 -7313 -7431 -7465 -7391 -7355 -7390 # -8193 -8065 -8193 -8193 -8193 -8193 -806CPU side received count (scaleup: 0): -7334 -7401 -7457 -7344 -7407 -7428 -7487 -7503 # -8321 -8065 -8321 -8321 -8321 -8321 -819CPU side received count (scaleup: 3): -7429 -7355 -7539 -7439 -7509 -7390 -7301 -7394 # -8193 -8321 -8321 -8449 -7937 -8193 -832CPU side received count (scaleup: 2): -7252 -7330 -7314 -7417 -7322 -7540 -7344 -7440 # -8065 -8065 -8449 -8193 -8321 -8193 -8061 -8193 
3 -8193 
5 -8321 
1 -8321 
5 -8065 
3 -8065 
Elastic buffer uses 4 channels per SM
Elastic buffer uses 4 channels per SM
Elastic buffer uses 4 channels per SM
Elastic buffer uses 4 channels per SM
Elastic buffer uses 4 channels per SM
Elastic buffer uses 4 channels per SM
Elastic buffer uses 4 channels per SM
Elastic buffer uses 4 channels per SM
CPU side received count (scaleup: 6): -7202 -7388 -7412 -7456 -7423 -7467 -7440 -7486 # -8193 -8193 -8193 -8321 -8193 -8193 -819CPU side received count (scaleup: 7): -7465 -7476 -7412 -7494 -7408 -7513 -7461 -7568 # -8321 -8193 -8449 -8449 -8321 -8193 -832CPU side received count (scaleup: 4): -7363 -7348 -7403 -7370 -7356 -7475 -7458 -7440 # -8193 -8193 -8193 -8193 -8321 -8321 -832CPU side received count (scaleup: 5): -7424 -7285 -7387 -7403 -7565 -7376 -7487 -7415 # -8321 -8321 -8193 -8193 -8193 -8193 -819CPU side received count (scaleup: 2): -7252 -7330 -7314 -7417 -7322 -7540 -7344 -7440 # -8065 -8065 -8449 -8193 -8321 -8193 -8063 -8193 
1 -8193 
3 -8193 
CPU side received count (scaleup: 0): -7334 -7401 -7457 -7344 -7407 -7428 -7487 -7503 # -8321 -8065 -8321 -8321 -8321 -8321 -8191 -8193 
CPU side received count (scaleup: 3): -7429 -7355 -7539 -7439 -7509 -7390 -7301 -7394 # -8193 -8321 -8321 -8449 -7937 -8193 -832CPU side received count (scaleup: 1): -7360 -7379 -7313 -7431 -7465 -7391 -7355 -7390 # -8193 -8065 -8193 -8193 -8193 -8193 -8065 -8065 
3 -8065 
1 -8321 
5 -8321 
Elastic buffer uses 4 channels per SM
Elastic buffer uses 4 channels per SM
Elastic buffer uses 4 channels per SM
Elastic buffer uses 4 channels per SM
Elastic buffer uses 4 channels per SM
Elastic buffer uses 4 channels per SM
Elastic buffer uses 4 channels per SM
Elastic buffer uses 4 channels per SM
CPU side received count (scaleup: 7): -7465 -7476 -7412 -7494 -7408 -7513 -7461 -7568 # -8321 -8193 -8449 -8449 -8321 -8193 -832CPU side received count (scaleup: 6): -7202 -7388 -7412 -7456 -7423 -7467 -7440 -7486 # -8193 -8193 -8193 -8321 -8193 -8193 -819CPU side received count (scaleup: 4): -7363 -7348 -7403 -7370 -7356 -7475 -7458 -7440 # -8193 -8193 -8193 -8193 -8321 -8321 -832CPU side received count (scaleup: 5): -7424 -7285 -7387 -7403 -7565 -7376 -7487 -7415 # -8321 -8321 -8193 -8193 -8193 -8193 -8191 -8193 
3 -8193 
1 -8193 
CPU side received count (scaleup: 2): -7252 -7330 -7314 -7417 -7322 -7540 -7344 -7440 # -8065 -8065 -8449 -8193 -8321 -8193 -806CPU side received count (scaleup: 3): -7429 -7355 -7539 -7439 -7509 -7390 -7301 -7394 # -8193 -8321 -8321 -8449 -7937 -8193 -8325 -8065 
CPU side received count (scaleup: 1): -7360 -7379 -7313 -7431 -7465 -7391 -7355 -7390 # -8193 -8065 -8193 -8193 -8193 -8193 -806CPU side received count (scaleup: 0): -7334 -7401 -7457 -7344 -7407 -7428 -7487 -7503 # -8321 -8065 -8321 -8321 -8321 -8321 -8193 -8193 
1 -8321 
5 -8321 
3 -8065 
Elastic buffer uses 4 channels per SM
Elastic buffer uses 4 channels per SM
Elastic buffer uses 4 channels per SM
Elastic buffer uses 4 channels per SM
Elastic buffer uses 4 channels per SM
Elastic buffer uses 4 channels per SM
Elastic buffer uses 4 channels per SM
Elastic buffer uses 4 channels per SM
CPU side received count (scaleup: 7): -7465 -7476 -7412 -7494 -7408 -7513 -7461 -7568 # -8321 -8193 -8449 -8449 -8321 -8193 -832CPU side received count (scaleup: 6): -7202 -7388 -7412 -7456 -7423 -7467 -7440 -7486 # -8193 -8193 -8193 -8321 -8193 -8193 -819CPU side received count (scaleup: 4): -7363 -7348 -7403 -7370 -7356 -7475 -7458 -7440 # -8193 -8193 -8193 -8193 -8321 -8321 -832CPU side received count (scaleup: 0): -7334 -7401 -7457 -7344 -7407 -7428 -7487 -7503 # -8321 -8065 -8321 -8321 -8321 -8321 -819CPU side received count (scaleup: 5): -7424 -7285 -7387 -7403 -7565 -7376 -7487 -7415 # -8321 -8321 -8193 -8193 -8193 -8193 -819CPU side received count (scaleup: 2): -7252 -7330 -7314 -7417 -7322 -7540 -7344 -7440 # -8065 -8065 -8449 -8193 -8321 -8193 -806CPU side received count (scaleup: 1): -7360 -7379 -7313 -7431 -7465 -7391 -7355 -7390 # -8193 -8065 -8193 -8193 -8193 -8193 -806CPU side received count (scaleup: 3): -7429 -7355 -7539 -7439 -7509 -7390 -7301 -7394 # -8193 -8321 -8321 -8449 -7937 -8193 -8325 -8065 
1 -8193 
3 -8193 
1 -8193 
3 -8065 
3 -8193 
5 -8321 
1 -8321 
Elastic buffer uses 4 channels per SM
Elastic buffer uses 4 channels per SM
Elastic buffer uses 4 channels per SM
Elastic buffer uses 4 channels per SM
Elastic buffer uses 4 channels per SM
Elastic buffer uses 4 channels per SM
Elastic buffer uses 4 channels per SM
Elastic buffer uses 4 channels per SM
CPU side received count (scaleup: 7): -7465 -7476 -7412 -7494 -7408 -7513 -7461 -7568 # -8321 -8193 -8449 -8449 -8321 -8193 -832CPU side received count (scaleup: 4): -7363 -7348 -7403 -7370 -7356 -7475 -7458 -7440 # -8193 -8193 -8193 -8193 -8321 -8321 -832CPU side received count (scaleup: 5): -7424 -7285 -7387 -7403 -7565 -7376 -7487 -7415 # -8321 -8321 -8193 -8193 -8193 -8193 -819CPU side received count (scaleup: 6): -7202 -7388 -7412 -7456 -7423 -7467 -7440 -7486 # -8193 -8193 -8193 -8321 -8193 -8193 -8191 -8193 
1 -8193 
CPU side received count (scaleup: 3): -7429 -7355 -7539 -7439 -7509 -7390 -7301 -7394 # -8193 -8321 -8321 -8449 -7937 -8193 -8323 -8193 
CPU side received count (scaleup: 0): -7334 -7401 -7457 -7344 -7407 -7428 -7487 -7503 # -8321 -8065 -8321 -8321 -8321 -8321 -819CPU side received count (scaleup: 2): -7252 -7330 -7314 -7417 -7322 -7540 -7344 -7440 # -8065 -8065 -8449 -8193 -8321 -8193 -806CPU side received count (scaleup: 1): -7360 -7379 -7313 -7431 -7465 -7391 -7355 -7390 # -8193 -8065 -8193 -8193 -8193 -8193 -8063 -8193 
3 -8065 
5 -8065 
1 -8321 
5 -8321 
Elastic buffer uses 4 channels per SM
Elastic buffer uses 4 channels per SM
Elastic buffer uses 4 channels per SM
Elastic buffer uses 4 channels per SM
Elastic buffer uses 4 channels per SM
Elastic buffer uses 4 channels per SM
Elastic buffer uses 4 channels per SM
Elastic buffer uses 4 channels per SM
CPU side received count (scaleup: 2): -7252 -7330 -7314 -7417 -7322 -7540 -7344 -7440 # -8065 -8065 -8449 -8193 -8321 -8193 -806CPU side received count (scaleup: 3): -7429 -7355 -7539 -7439 -7509 -7390 -7301 -7394 # -8193 -8321 -8321 -8449 -7937 -8193 -832CPU side received count (scaleup: 5): -7424 -7285 -7387 -7403 -7565 -7376 -7487 -7415 # -8321 -8321 -8193 -8193 -8193 -8193 -819CPU side received count (scaleup: 1): -7360 -7379 -7313 -7431 -7465 -7391 -7355 -7390 # -8193 -8065 -8193 -8193 -8193 -8193 -806CPU side received count (scaleup: 0): -7334 -7401 -7457 -7344 -7407 -7428 -7487 -7503 # -8321 -8065 -8321 -8321 -8321 -8321 -8193 -8193 
CPU side received count (scaleup: 6): -7202 -7388 -7412 -7456 -7423 -7467 -7440 -7486 # -8193 -8193 -8193 -8321 -8193 -8193 -819CPU side received count (scaleup: 4): -7363 -7348 -7403 -7370 -7356 -7475 -7458 -7440 # -8193 -8193 -8193 -8193 -8321 -8321 -832CPU side received count (scaleup: 7): -7465 -7476 -7412 -7494 -7408 -7513 -7461 -7568 # -8321 -8193 -8449 -8449 -8321 -8193 -8323 -8193 
5 -8065 
1 -8321 
5 -8321 
3 -8065 
1 -8193 
1 -8193 
Elastic buffer uses 4 channels per SM
Elastic buffer uses 4 channels per SM
Elastic buffer uses 4 channels per SM
Elastic buffer uses 4 channels per SM
Elastic buffer uses 4 channels per SM
Elastic buffer uses 4 channels per SM
Elastic buffer uses 4 channels per SM
Elastic buffer uses 4 channels per SM
CPU side received count (scaleup: 7): -7465 -7476 -7412 -7494 -7408 -7513 -7461 -7568 # -8321 -8193 -8449 -8449 -8321 -8193 -832CPU side received count (scaleup: 6): -7202 -7388 -7412 -7456 -7423 -7467 -7440 -7486 # -8193 -8193 -8193 -8321 -8193 -8193 -819CPU side received count (scaleup: 4): -7363 -7348 -7403 -7370 -7356 -7475 -7458 -7440 # -8193 -8193 -8193 -8193 -8321 -8321 -832CPU side received count (scaleup: 5): -7424 -7285 -7387 -7403 -7565 -7376 -7487 -7415 # -8321 -8321 -8193 -8193 -8193 -8193 -8191 -8193 
3 -8193 
CPU side received count (scaleup: 1): -7360 -7379 -7313 -7431 -7465 -7391 -7355 -7390 # -8193 -8065 -8193 -8193 -8193 -8193 -8061 -8193 
CPU side received count (scaleup: 0): -7334 -7401 -7457 -7344 -7407 -7428 -7487 -7503 # -8321 -8065 -8321 -8321 -8321 -8321 -819CPU side received count (scaleup: 2): -7252 -7330 -7314 -7417 -7322 -7540 -7344 -7440 # -8065 -8065 -8449 -8193 -8321 -8193 -806CPU side received count (scaleup: 3): -7429 -7355 -7539 -7439 -7509 -7390 -7301 -7394 # -8193 -8321 -8321 -8449 -7937 -8193 -8325 -8321 
3 -8193 
3 -8065 
1 -8321 
5 -8065 
Elastic buffer uses 4 channels per SM
Elastic buffer uses 4 channels per SM
Elastic buffer uses 4 channels per SM
Elastic buffer uses 4 channels per SM
Elastic buffer uses 4 channels per SM
Elastic buffer uses 4 channels per SM
Elastic buffer uses 4 channels per SM
Elastic buffer uses 4 channels per SM
CPU side received count (scaleup: 7): -7465 -7476 -7412 -7494 -7408 -7513 -7461 -7568 # -8321 -8193 -8449 -8449 -8321 -8193 -832CPU side received count (scaleup: 5): -7424 -7285 -7387 -7403 -7565 -7376 -7487 -7415 # -8321 -8321 -8193 -8193 -8193 -8193 -819CPU side received count (scaleup: 4): -7363 -7348 -7403 -7370 -7356 -7475 -7458 -7440 # -8193 -8193 -8193 -8193 -8321 -8321 -832CPU side received count (scaleup: 6): -7202 -7388 -7412 -7456 -7423 -7467 -7440 -7486 # -8193 -8193 -8193 -8321 -8193 -8193 -8193 -8193 
3 -8193 
CPU side received count (scaleup: 2): -7252 -7330 -7314 -7417 -7322 -7540 -7344 -7440 # -8065 -8065 -8449 -8193 -8321 -8193 -8061 -8193 
CPU side received count (scaleup: 3): -7429 -7355 -7539 -7439 -7509 -7390 -7301 -7394 # -8193 -8321 -8321 -8449 -7937 -8193 -832CPU side received count (scaleup: 0): -7334 -7401 -7457 -7344 -7407 -7428 -7487 -7503 # -8321 -8065 -8321 -8321 -8321 -8321 -8191 -8321 
CPU side received count (scaleup: 1): -7360 -7379 -7313 -7431 -7465 -7391 -7355 -7390 # -8193 -8065 -8193 -8193 -8193 -8193 -8061 -8193 
5 -8321 
5 -8065 
3 -8065 
USDT:2026-08-25 02:20:49 439:439 SyncActivityProfilerHandler.cpp:59] profiler_stopUSDT:2026-08-25 02:20:49 433:433 SyncActivityProfilerHandler.cpp:59] profiler_stopUSDT:2026-08-25 02:20:49 434:434 SyncActivityProfilerHandler.cpp:59] profiler_stopUSDT:2026-08-25 02:20:49 438:438 SyncActivityProfilerHandler.cpp:59] profiler_stopUSDT:2026-08-25 02:20:49 435:435 SyncActivityProfilerHandler.cpp:59] profiler_stopUSDT:2026-08-25 02:20:49 437:437 SyncActivityProfilerHandler.cpp:59] profiler_stopUSDT:2026-08-25 02:20:49 440:440 SyncActivityProfilerHandler.cpp:59] profiler_stopUSDT:2026-08-25 02:20:49 436:436 SyncActivityProfilerHandler.cpp:59] profiler_stop







   * EP:   5/32 | dispatch: 41 GB/s (SO), 83 GB/s (SU), 5360.000 us, 444292992 bytes | copy: 1274 GB/s, 697.508 us
   * EP:   1/32 | dispatch: 41 GB/s (SO), 83 GB/s (SU), 5360.000 us, 442361088 bytes | copy: 1222 GB/s, 724.212 us
   * EP:   6/32 | dispatch: 41 GB/s (SO), 83 GB/s (SU), 5360.000 us, 443783808 bytes | copy: 2212 GB/s, 401.335 us
   * EP:   4/32 | dispatch: 41 GB/s (SO), 83 GB/s (SU), 5360.000 us, 443327040 bytes | copy: 1280 GB/s, 692.496 us
   * EP:   0/32 | dispatch: 41 GB/s (SO), 83 GB/s (SU), 5360.000 us, 444435264 bytes | copy: 1208 GB/s, 735.782 us
   * EP:   7/32 | dispatch: 41 GB/s (SO), 84 GB/s (SU), 5360.000 us, 447700032 bytes | copy: 1244 GB/s, 719.602 us
   * EP:   3/32 | dispatch: 41 GB/s (SO), 83 GB/s (SU), 5360.000 us, 444397824 bytes | copy: 1299 GB/s, 684.351 us
   * EP:   2/32 | dispatch: 41 GB/s (SO), 82 GB/s (SU), 5360.000 us, 441425088 bytes | copy: 1227 GB/s, 719.377 us
Elastic buffer uses 4 channels per SM
Elastic buffer uses 4 channels per SM
Elastic buffer uses 4 channels per SM
Elastic buffer uses 4 channels per SM
Elastic buffer uses 4 channels per SM
Elastic buffer uses 4 channels per SM
Elastic buffer uses 4 channels per SM
Elastic buffer uses 4 channels per SM
CPU side received count (scaleup: 6): -7202 -7388 -7412 -7456 -7423 -7467 -7440 -7486 # -8193 -8193 -8193 -8321 -8193 -8193 -819CPU side received count (scaleup: 7): -7465 -7476 -7412 -7494 -7408 -7513 -7461 -7568 # -8321 -8193 -8449 -8449 -8321 -8193 -832CPU side received count (scaleup: 4): -7363 -7348 -7403 -7370 -7356 -7475 -7458 -7440 # -8193 -8193 -8193 -8193 -8321 -8321 -832CPU side received count (scaleup: 5): -7424 -7285 -7387 -7403 -7565 -7376 -7487 -7415 # -8321 -8321 -8193 -8193 -8193 -8193 -8193 -8193 
1 -8193 
CPU side received count (scaleup: 0): -7334 -7401 -7457 -7344 -7407 -7428 -7487 -7503 # -8321 -8065 -8321 -8321 -8321 -8321 -8193 -8193 
CPU side received count (scaleup: 2): -7252 -7330 -7314 -7417 -7322 -7540 -7344 -7440 # -8065 -8065 -8449 -8193 -8321 -8193 -8061 -8193 
CPU side received count (scaleup: 1): -7360 -7379 -7313 -7431 -7465 -7391 -7355 -7390 # -8193 -8065 -8193 -8193 -8193 -8193 -806CPU side received count (scaleup: 3): -7429 -7355 -7539 -7439 -7509 -7390 -7301 -7394 # -8193 -8321 -8321 -8449 -7937 -8193 -8325 -8065 
3 -8065 
5 -8321 
1 -8321 
Elastic buffer uses 4 channels per SM
Elastic buffer uses 4 channels per SM
Elastic buffer uses 4 channels per SM
Elastic buffer uses 4 channels per SM
Elastic buffer uses 4 channels per SM
Elastic buffer uses 4 channels per SM
Elastic buffer uses 4 channels per SM
Elastic buffer uses 4 channels per SM
CPU side received count (scaleup: 6): -7202 -7388 -7412 -7456 -7423 -7467 -7440 -7486 # -8193 -8193 -8193 -8321 -8193 -8193 -819CPU side received count (scaleup: 5): -7424 -7285 -7387 -7403 -7565 -7376 -7487 -7415 # -8321 -8321 -8193 -8193 -8193 -8193 -819CPU side received count (scaleup: 7): -7465 -7476 -7412 -7494 -7408 -7513 -7461 -7568 # -8321 -8193 -8449 -8449 -8321 -8193 -832CPU side received count (scaleup: 1): -7360 -7379 -7313 -7431 -7465 -7391 -7355 -7390 # -8193 -8065 -8193 -8193 -8193 -8193 -806CPU side received count (scaleup: 4): -7363 -7348 -7403 -7370 -7356 -7475 -7458 -7440 # -8193 -8193 -8193 -8193 -8321 -8321 -8321 -8193 
CPU side received count (scaleup: 2): -7252 -7330 -7314 -7417 -7322 -7540 -7344 -7440 # -8065 -8065 -8449 -8193 -8321 -8193 -8063 -8193 
CPU side received count (scaleup: 3): -7429 -7355 -7539 -7439 -7509 -7390 -7301 -7394 # -8193 -8321 -8321 -8449 -7937 -8193 -832CPU side received count (scaleup: 0): -7334 -7401 -7457 -7344 -7407 -7428 -7487 -7503 # -8321 -8065 -8321 -8321 -8321 -8321 -8193 -8193 
5 -8321 
1 -8193 
5 -8065 
3 -8065 
1 -8321 
Elastic buffer uses 4 channels per SM
Elastic buffer uses 4 channels per SM
Elastic buffer uses 4 channels per SM
Elastic buffer uses 4 channels per SM
Elastic buffer uses 4 channels per SM
Elastic buffer uses 4 channels per SM
Elastic buffer uses 4 channels per SM
Elastic buffer uses 4 channels per SM
CPU side received count (scaleup: 7): -7465 -7476 -7412 -7494 -7408 -7513 -7461 -7568 # -8321 -8193 -8449 -8449 -8321 -8193 -832CPU side received count (scaleup: 6): -7202 -7388 -7412 -7456 -7423 -7467 -7440 -7486 # -8193 -8193 -8193 -8321 -8193 -8193 -819CPU side received count (scaleup: 5): -7424 -7285 -7387 -7403 -7565 -7376 -7487 -7415 # -8321 -8321 -8193 -8193 -8193 -8193 -819CPU side received count (scaleup: 4): -7363 -7348 -7403 -7370 -7356 -7475 -7458 -7440 # -8193 -8193 -8193 -8193 -8321 -8321 -832CPU side received count (scaleup: 2): -7252 -7330 -7314 -7417 -7322 -7540 -7344 -7440 # -8065 -8065 -8449 -8193 -8321 -8193 -8063 -8193 
1 -8193 
3 -8193 
CPU side received count (scaleup: 0): -7334 -7401 -7457 -7344 -7407 -7428 -7487 -7503 # -8321 -8065 -8321 -8321 -8321 -8321 -819CPU side received count (scaleup: 1): -7360 -7379 -7313 -7431 -7465 -7391 -7355 -7390 # -8193 -8065 -8193 -8193 -8193 -8193 -806CPU side received count (scaleup: 3): -7429 -7355 -7539 -7439 -7509 -7390 -7301 -7394 # -8193 -8321 -8321 -8449 -7937 -8193 -8325 -8321 
1 -8193 
5 -8065 
1 -8321 
3 -8065 
Elastic buffer uses 4 channels per SM
Elastic buffer uses 4 channels per SM
Elastic buffer uses 4 channels per SM
Elastic buffer uses 4 channels per SM
Elastic buffer uses 4 channels per SM
Elastic buffer uses 4 channels per SM
Elastic buffer uses 4 channels per SM
Elastic buffer uses 4 channels per SM
CPU side received count (scaleup: 6): -7202 -7388 -7412 -7456 -7423 -7467 -7440 -7486 # -8193 -8193 -8193 -8321 -8193 -8193 -819CPU side received count (scaleup: 5): -7424 -7285 -7387 -7403 -7565 -7376 -7487 -7415 # -8321 -8321 -8193 -8193 -8193 -8193 -819CPU side received count (scaleup: 4): -7363 -7348 -7403 -7370 -7356 -7475 -7458 -7440 # -8193 -8193 -8193 -8193 -8321 -8321 -832CPU side received count (scaleup: 7): -7465 -7476 -7412 -7494 -7408 -7513 -7461 -7568 # -8321 -8193 -8449 -8449 -8321 -8193 -832CPU side received count (scaleup: 0): -7334 -7401 -7457 -7344 -7407 -7428 -7487 -7503 # -8321 -8065 -8321 -8321 -8321 -8321 -819CPU side received count (scaleup: 1): -7360 -7379 -7313 -7431 -7465 -7391 -7355 -7390 # -8193 -8065 -8193 -8193 -8193 -8193 -806CPU side received count (scaleup: 3): -7429 -7355 -7539 -7439 -7509 -7390 -7301 -7394 # -8193 -8321 -8321 -8449 -7937 -8193 -832CPU side received count (scaleup: 2): -7252 -7330 -7314 -7417 -7322 -7540 -7344 -7440 # -8065 -8065 -8449 -8193 -8321 -8193 -8063 -8193 
3 -8193 
1 -8193 
3 -8065 
1 -8193 
5 -8321 
5 -8065 
1 -8321 
Elastic buffer uses 4 channels per SM
Elastic buffer uses 4 channels per SM
Elastic buffer uses 4 channels per SM
Elastic buffer uses 4 channels per SM
Elastic buffer uses 4 channels per SM
Elastic buffer uses 4 channels per SM
Elastic buffer uses 4 channels per SM
Elastic buffer uses 4 channels per SM
CPU side received count (scaleup: 7): -7465 -7476 -7412 -7494 -7408 -7513 -7461 -7568 # -8321 -8193 -8449 -8449 -8321 -8193 -832CPU side received count (scaleup: 5): -7424 -7285 -7387 -7403 -7565 -7376 -7487 -7415 # -8321 -8321 -8193 -8193 -8193 -8193 -819CPU side received count (scaleup: 2): -7252 -7330 -7314 -7417 -7322 -7540 -7344 -7440 # -8065 -8065 -8449 -8193 -8321 -8193 -806CPU side received count (scaleup: 4): -7363 -7348 -7403 -7370 -7356 -7475 -7458 -7440 # -8193 -8193 -8193 -8193 -8321 -8321 -832CPU side received count (scaleup: 6): -7202 -7388 -7412 -7456 -7423 -7467 -7440 -7486 # -8193 -8193 -8193 -8321 -8193 -8193 -8191 -8193 
CPU side received count (scaleup: 3): -7429 -7355 -7539 -7439 -7509 -7390 -7301 -7394 # -8193 -8321 -8321 -8449 -7937 -8193 -832CPU side received count (scaleup: 0): -7334 -7401 -7457 -7344 -7407 -7428 -7487 -7503 # -8321 -8065 -8321 -8321 -8321 -8321 -8193 -8193 
1 -8193 
1 -8321 
3 -8065 
CPU side received count (scaleup: 1): -7360 -7379 -7313 -7431 -7465 -7391 -7355 -7390 # -8193 -8065 -8193 -8193 -8193 -8193 -8063 -8193 
5 -8065 
5 -8321 
Elastic buffer uses 4 channels per SM
Elastic buffer uses 4 channels per SM
Elastic buffer uses 4 channels per SM
Elastic buffer uses 4 channels per SM
Elastic buffer uses 4 channels per SM
Elastic buffer uses 4 channels per SM
Elastic buffer uses 4 channels per SM
Elastic buffer uses 4 channels per SM
CPU side received count (scaleup: 6): -7202 -7388 -7412 -7456 -7423 -7467 -7440 -7486 # -8193 -8193 -8193 -8321 -8193 -8193 -819CPU side received count (scaleup: 5): -7424 -7285 -7387 -7403 -7565 -7376 -7487 -7415 # -8321 -8321 -8193 -8193 -8193 -8193 -819CPU side received count (scaleup: 4): -7363 -7348 -7403 -7370 -7356 -7475 -7458 -7440 # -8193 -8193 -8193 -8193 -8321 -8321 -832CPU side received count (scaleup: 0): -7334 -7401 -7457 -7344 -7407 -7428 -7487 -7503 # -8321 -8065 -8321 -8321 -8321 -8321 -819CPU side received count (scaleup: 7): -7465 -7476 -7412 -7494 -7408 -7513 -7461 -7568 # -8321 -8193 -8449 -8449 -8321 -8193 -8321 -8193 
CPU side received count (scaleup: 2): -7252 -7330 -7314 -7417 -7322 -7540 -7344 -7440 # -8065 -8065 -8449 -8193 -8321 -8193 -8063 -8065 
CPU side received count (scaleup: 3): -7429 -7355 -7539 -7439 -7509 -7390 -7301 -7394 # -8193 -8321 -8321 -8449 -7937 -8193 -832CPU side received count (scaleup: 1): -7360 -7379 -7313 -7431 -7465 -7391 -7355 -7390 # -8193 -8065 -8193 -8193 -8193 -8193 -8063 -8193 
3 -8193 
1 -8193 
5 -8065 
1 -8321 
5 -8321 
Elastic buffer uses 4 channels per SM
Elastic buffer uses 4 channels per SM
Elastic buffer uses 4 channels per SM
Elastic buffer uses 4 channels per SM
Elastic buffer uses 4 channels per SM
Elastic buffer uses 4 channels per SM
Elastic buffer uses 4 channels per SM
Elastic buffer uses 4 channels per SM
CPU side received count (scaleup: 7): -7465 -7476 -7412 -7494 -7408 -7513 -7461 -7568 # -8321 -8193 -8449 -8449 -8321 -8193 -832CPU side received count (scaleup: 4): -7363 -7348 -7403 -7370 -7356 -7475 -7458 -7440 # -8193 -8193 -8193 -8193 -8321 -8321 -832CPU side received count (scaleup: 6): -7202 -7388 -7412 -7456 -7423 -7467 -7440 -7486 # -8193 -8193 -8193 -8321 -8193 -8193 -8191 -8193 
CPU side received count (scaleup: 5): -7424 -7285 -7387 -7403 -7565 -7376 -7487 -7415 # -8321 -8321 -8193 -8193 -8193 -8193 -8191 -8193 
3 -8193 
CPU side received count (scaleup: 0): -7334 -7401 -7457 -7344 -7407 -7428 -7487 -7503 # -8321 -8065 -8321 -8321 -8321 -8321 -819CPU side received count (scaleup: 3): -7429 -7355 -7539 -7439 -7509 -7390 -7301 -7394 # -8193 -8321 -8321 -8449 -7937 -8193 -832CPU side received count (scaleup: 2): -7252 -7330 -7314 -7417 -7322 -7540 -7344 -7440 # -8065 -8065 -8449 -8193 -8321 -8193 -806CPU side received count (scaleup: 1): -7360 -7379 -7313 -7431 -7465 -7391 -7355 -7390 # -8193 -8065 -8193 -8193 -8193 -8193 -8065 -8065 
3 -8193 
3 -8065 
1 -8321 
5 -8321 
Elastic buffer uses 4 channels per SM
Elastic buffer uses 4 channels per SM
Elastic buffer uses 4 channels per SM
Elastic buffer uses 4 channels per SM
Elastic buffer uses 4 channels per SM
Elastic buffer uses 4 channels per SM
Elastic buffer uses 4 channels per SM
Elastic buffer uses 4 channels per SM
CPU side received count (scaleup: 6): -7202 -7388 -7412 -7456 -7423 -7467 -7440 -7486 # -8193 -8193 -8193 -8321 -8193 -8193 -819CPU side received count (scaleup: 5): -7424 -7285 -7387 -7403 -7565 -7376 -7487 -7415 # -8321 -8321 -8193 -8193 -8193 -8193 -819CPU side received count (scaleup: 7): -7465 -7476 -7412 -7494 -7408 -7513 -7461 -7568 # -8321 -8193 -8449 -8449 -8321 -8193 -832CPU side received count (scaleup: 4): -7363 -7348 -7403 -7370 -7356 -7475 -7458 -7440 # -8193 -8193 -8193 -8193 -8321 -8321 -8323 -8193 
1 -8193 
3 -8193 
CPU side received count (scaleup: 3): -7429 -7355 -7539 -7439 -7509 -7390 -7301 -7394 # -8193 -8321 -8321 -8449 -7937 -8193 -8321 -8193 
CPU side received count (scaleup: 1): -7360 -7379 -7313 -7431 -7465 -7391 -7355 -7390 # -8193 -8065 -8193 -8193 -8193 -8193 -806CPU side received count (scaleup: 0): -7334 -7401 -7457 -7344 -7407 -7428 -7487 -7503 # -8321 -8065 -8321 -8321 -8321 -8321 -8195 -8321 
CPU side received count (scaleup: 2): -7252 -7330 -7314 -7417 -7322 -7540 -7344 -7440 # -8065 -8065 -8449 -8193 -8321 -8193 -8061 -8321 
5 -8065 
3 -8065 
Elastic buffer uses 4 channels per SM
Elastic buffer uses 4 channels per SM
Elastic buffer uses 4 channels per SM
Elastic buffer uses 4 channels per SM
Elastic buffer uses 4 channels per SM
Elastic buffer uses 4 channels per SM
Elastic buffer uses 4 channels per SM
Elastic buffer uses 4 channels per SM
CPU side received count (scaleup: 2): -7252 -7330 -7314 -7417 -7322 -7540 -7344 -7440 # -8065 -8065 -8449 -8193 -8321 -8193 -806CPU side received count (scaleup: 0): -7334 -7401 -7457 -7344 -7407 -7428 -7487 -7503 # -8321 -8065 -8321 -8321 -8321 -8321 -819CPU side received count (scaleup: 5): -7424 -7285 -7387 -7403 -7565 -7376 -7487 -7415 # -8321 -8321 -8193 -8193 -8193 -8193 -819CPU side received count (scaleup: 3): -7429 -7355 -7539 -7439 -7509 -7390 -7301 -7394 # -8193 -8321 -8321 -8449 -7937 -8193 -832CPU side received count (scaleup: 1): -7360 -7379 -7313 -7431 -7465 -7391 -7355 -7390 # -8193 -8065 -8193 -8193 -8193 -8193 -806CPU side received count (scaleup: 6): -7202 -7388 -7412 -7456 -7423 -7467 -7440 -7486 # -8193 -8193 -8193 -8321 -8193 -8193 -8193 -8065 
CPU side received count (scaleup: 4): -7363 -7348 -7403 -7370 -7356 -7475 -7458 -7440 # -8193 -8193 -8193 -8193 -8321 -8321 -832CPU side received count (scaleup: 7): -7465 -7476 -7412 -7494 -7408 -7513 -7461 -7568 # -8321 -8193 -8449 -8449 -8321 -8193 -8325 -8065 
3 -8193 
3 -8193 
1 -8321 
1 -8193 
5 -8321 
1 -8193 
Elastic buffer uses 4 channels per SM
Elastic buffer uses 4 channels per SM
Elastic buffer uses 4 channels per SM
Elastic buffer uses 4 channels per SM
Elastic buffer uses 4 channels per SM
Elastic buffer uses 4 channels per SM
Elastic buffer uses 4 channels per SM
Elastic buffer uses 4 channels per SM
CPU side received count (scaleup: 1): -7360 -7379 -7313 -7431 -7465 -7391 -7355 -7390 # -8193 -8065 -8193 -8193 -8193 -8193 -806CPU side received count (scaleup: 2): -7252 -7330 -7314 -7417 -7322 -7540 -7344 -7440 # -8065 -8065 -8449 -8193 -8321 -8193 -806CPU side received count (scaleup: 4): -7363 -7348 -7403 -7370 -7356 -7475 -7458 -7440 # -8193 -8193 -8193 -8193 -8321 -8321 -832CPU side received count (scaleup: 3): -7429 -7355 -7539 -7439 -7509 -7390 -7301 -7394 # -8193 -8321 -8321 -8449 -7937 -8193 -8325 -8321 
1 -8193 
CPU side received count (scaleup: 0): -7334 -7401 -7457 -7344 -7407 -7428 -7487 -7503 # -8321 -8065 -8321 -8321 -8321 -8321 -819CPU side received count (scaleup: 6): -7202 -7388 -7412 -7456 -7423 -7467 -7440 -7486 # -8193 -8193 -8193 -8321 -8193 -8193 -8191 -8321 
CPU side received count (scaleup: 7): -7465 -7476 -7412 -7494 -7408 -7513 -7461 -7568 # -8321 -8193 -8449 -8449 -8321 -8193 -832CPU side received count (scaleup: 5): -7424 -7285 -7387 -7403 -7565 -7376 -7487 -7415 # -8321 -8321 -8193 -8193 -8193 -8193 -8195 -8065 
3 -8065 
3 -8193 
1 -8193 
3 -8193 
Elastic buffer uses 4 channels per SM
Elastic buffer uses 4 channels per SM
Elastic buffer uses 4 channels per SM
Elastic buffer uses 4 channels per SM
Elastic buffer uses 4 channels per SM
Elastic buffer uses 4 channels per SM
Elastic buffer uses 4 channels per SM
Elastic buffer uses 4 channels per SM
CPU side received count (scaleup: 4): -7363 -7348 -7403 -7370 -7356 -7475 -7458 -7440 # -8193 -8193 -8193 -8193 -8321 -8321 -832CPU side received count (scaleup: 7): -7465 -7476 -7412 -7494 -7408 -7513 -7461 -7568 # -8321 -8193 -8449 -8449 -8321 -8193 -832CPU side received count (scaleup: 6): -7202 -7388 -7412 -7456 -7423 -7467 -7440 -7486 # -8193 -8193 -8193 -8321 -8193 -8193 -819CPU side received count (scaleup: 5): -7424 -7285 -7387 -7403 -7565 -7376 -7487 -7415 # -8321 -8321 -8193 -8193 -8193 -8193 -819CPU side received count (scaleup: 1): -7360 -7379 -7313 -7431 -7465 -7391 -7355 -7390 # -8193 -8065 -8193 -8193 -8193 -8193 -8061 -8193 
CPU side received count (scaleup: 0): -7334 -7401 -7457 -7344 -7407 -7428 -7487 -7503 # -8321 -8065 -8321 -8321 -8321 -8321 -819CPU side received count (scaleup: 3): -7429 -7355 -7539 -7439 -7509 -7390 -7301 -7394 # -8193 -8321 -8321 -8449 -7937 -8193 -832CPU side received count (scaleup: 2): -7252 -7330 -7314 -7417 -7322 -7540 -7344 -7440 # -8065 -8065 -8449 -8193 -8321 -8193 -8061 -8193 
3 -8193 
3 -8065 
3 -8193 
5 -8321 
5 -8065 
1 -8321 
Elastic buffer uses 4 channels per SM
Elastic buffer uses 4 channels per SM
Elastic buffer uses 4 channels per SM
Elastic buffer uses 4 channels per SM
Elastic buffer uses 4 channels per SM
Elastic buffer uses 4 channels per SM
Elastic buffer uses 4 channels per SM
Elastic buffer uses 4 channels per SM
CPU side received count (scaleup: 2): -7252 -7330 -7314 -7417 -7322 -7540 -7344 -7440 # -8065 -8065 -8449 -8193 -8321 -8193 -806CPU side received count (scaleup: 1): -7360 -7379 -7313 -7431 -7465 -7391 -7355 -7390 # -8193 -8065 -8193 -8193 -8193 -8193 -806CPU side received count (scaleup: 5): -7424 -7285 -7387 -7403 -7565 -7376 -7487 -7415 # -8321 -8321 -8193 -8193 -8193 -8193 -819CPU side received count (scaleup: 4): -7363 -7348 -7403 -7370 -7356 -7475 -7458 -7440 # -8193 -8193 -8193 -8193 -8321 -8321 -832CPU side received count (scaleup: 3): -7429 -7355 -7539 -7439 -7509 -7390 -7301 -7394 # -8193 -8321 -8321 -8449 -7937 -8193 -832CPU side received count (scaleup: 0): -7334 -7401 -7457 -7344 -7407 -7428 -7487 -7503 # -8321 -8065 -8321 -8321 -8321 -8321 -819CPU side received count (scaleup: 6): -7202 -7388 -7412 -7456 -7423 -7467 -7440 -7486 # -8193 -8193 -8193 -8321 -8193 -8193 -819CPU side received count (scaleup: 7): -7465 -7476 -7412 -7494 -7408 -7513 -7461 -7568 # -8321 -8193 -8449 -8449 -8321 -8193 -8321 -8321 
3 -8193 
5 -8321 
5 -8065 
3 -8193 
1 -8193 
3 -8065 
1 -8193 
Elastic buffer uses 4 channels per SM
Elastic buffer uses 4 channels per SM
Elastic buffer uses 4 channels per SM
Elastic buffer uses 4 channels per SM
Elastic buffer uses 4 channels per SM
Elastic buffer uses 4 channels per SM
Elastic buffer uses 4 channels per SM
Elastic buffer uses 4 channels per SM
CPU side received count (scaleup: 4): -7363 -7348 -7403 -7370 -7356 -7475 -7458 -7440 # -8193 -8193 -8193 -8193 -8321 -8321 -832CPU side received count (scaleup: 6): -7202 -7388 -7412 -7456 -7423 -7467 -7440 -7486 # -8193 -8193 -8193 -8321 -8193 -8193 -819CPU side received count (scaleup: 7): -7465 -7476 -7412 -7494 -7408 -7513 -7461 -7568 # -8321 -8193 -8449 -8449 -8321 -8193 -832CPU side received count (scaleup: 5): -7424 -7285 -7387 -7403 -7565 -7376 -7487 -7415 # -8321 -8321 -8193 -8193 -8193 -8193 -819CPU side received count (scaleup: 3): -7429 -7355 -7539 -7439 -7509 -7390 -7301 -7394 # -8193 -8321 -8321 -8449 -7937 -8193 -832CPU side received count (scaleup: 0): -7334 -7401 -7457 -7344 -7407 -7428 -7487 -7503 # -8321 -8065 -8321 -8321 -8321 -8321 -8191 -8193 
CPU side received count (scaleup: 2): -7252 -7330 -7314 -7417 -7322 -7540 -7344 -7440 # -8065 -8065 -8449 -8193 -8321 -8193 -8063 -8193 
1 -8193 
CPU side received count (scaleup: 1): -7360 -7379 -7313 -7431 -7465 -7391 -7355 -7390 # -8193 -8065 -8193 -8193 -8193 -8193 -8063 -8193 
1 -8321 
3 -8065 
5 -8065 
5 -8321 
Elastic buffer uses 4 channels per SM
Elastic buffer uses 4 channels per SM
Elastic buffer uses 4 channels per SM
Elastic buffer uses 4 channels per SM
Elastic buffer uses 4 channels per SM
Elastic buffer uses 4 channels per SM
Elastic buffer uses 4 channels per SM
Elastic buffer uses 4 channels per SM
CPU side received count (scaleup: 2): -7252 -7330 -7314 -7417 -7322 -7540 -7344 -7440 # -8065 -8065 -8449 -8193 -8321 -8193 -806CPU side received count (scaleup: 0): -7334 -7401 -7457 -7344 -7407 -7428 -7487 -7503 # -8321 -8065 -8321 -8321 -8321 -8321 -819CPU side received count (scaleup: 3): -7429 -7355 -7539 -7439 -7509 -7390 -7301 -7394 # -8193 -8321 -8321 -8449 -7937 -8193 -832CPU side received count (scaleup: 5): -7424 -7285 -7387 -7403 -7565 -7376 -7487 -7415 # -8321 -8321 -8193 -8193 -8193 -8193 -819CPU side received count (scaleup: 1): -7360 -7379 -7313 -7431 -7465 -7391 -7355 -7390 # -8193 -8065 -8193 -8193 -8193 -8193 -806CPU side received count (scaleup: 7): -7465 -7476 -7412 -7494 -7408 -7513 -7461 -7568 # -8321 -8193 -8449 -8449 -8321 -8193 -8325 -8065 
CPU side received count (scaleup: 4): -7363 -7348 -7403 -7370 -7356 -7475 -7458 -7440 # -8193 -8193 -8193 -8193 -8321 -8321 -8321 -8321 
5 -8321 
CPU side received count (scaleup: 6): -7202 -7388 -7412 -7456 -7423 -7467 -7440 -7486 # -8193 -8193 -8193 -8321 -8193 -8193 -8193 -8065 
3 -8193 
1 -8193 
1 -8193 
3 -8193 
Elastic buffer uses 4 channels per SM
Elastic buffer uses 4 channels per SM
Elastic buffer uses 4 channels per SM
Elastic buffer uses 4 channels per SM
Elastic buffer uses 4 channels per SM
Elastic buffer uses 4 channels per SM
Elastic buffer uses 4 channels per SM
Elastic buffer uses 4 channels per SM
CPU side received count (scaleup: 2): -7252 -7330 -7314 -7417 -7322 -7540 -7344 -7440 # -8065 -8065 -8449 -8193 -8321 -8193 -806CPU side received count (scaleup: 0): -7334 -7401 -7457 -7344 -7407 -7428 -7487 -7503 # -8321 -8065 -8321 -8321 -8321 -8321 -819CPU side received count (scaleup: 3): -7429 -7355 -7539 -7439 -7509 -7390 -7301 -7394 # -8193 -8321 -8321 -8449 -7937 -8193 -832CPU side received count (scaleup: 5): -7424 -7285 -7387 -7403 -7565 -7376 -7487 -7415 # -8321 -8321 -8193 -8193 -8193 -8193 -819CPU side received count (scaleup: 4): -7363 -7348 -7403 -7370 -7356 -7475 -7458 -7440 # -8193 -8193 -8193 -8193 -8321 -8321 -832CPU side received count (scaleup: 1): -7360 -7379 -7313 -7431 -7465 -7391 -7355 -7390 # -8193 -8065 -8193 -8193 -8193 -8193 -806CPU side received count (scaleup: 7): -7465 -7476 -7412 -7494 -7408 -7513 -7461 -7568 # -8321 -8193 -8449 -8449 -8321 -8193 -832CPU side received count (scaleup: 6): -7202 -7388 -7412 -7456 -7423 -7467 -7440 -7486 # -8193 -8193 -8193 -8321 -8193 -8193 -8195 -8065 
1 -8193 
5 -8321 
3 -8193 
3 -8065 
1 -8321 
3 -8193 
1 -8193 
Elastic buffer uses 4 channels per SM
Elastic buffer uses 4 channels per SM
Elastic buffer uses 4 channels per SM
Elastic buffer uses 4 channels per SM
Elastic buffer uses 4 channels per SM
Elastic buffer uses 4 channels per SM
Elastic buffer uses 4 channels per SM
Elastic buffer uses 4 channels per SM
CPU side received count (scaleup: 7): -7465 -7476 -7412 -7494 -7408 -7513 -7461 -7568 # -8321 -8193 -8449 -8449 -8321 -8193 -832CPU side received count (scaleup: 4): -7363 -7348 -7403 -7370 -7356 -7475 -7458 -7440 # -8193 -8193 -8193 -8193 -8321 -8321 -832CPU side received count (scaleup: 5): -7424 -7285 -7387 -7403 -7565 -7376 -7487 -7415 # -8321 -8321 -8193 -8193 -8193 -8193 -8191 -8193 
3 -8193 
CPU side received count (scaleup: 6): -7202 -7388 -7412 -7456 -7423 -7467 -7440 -7486 # -8193 -8193 -8193 -8321 -8193 -8193 -819CPU side received count (scaleup: 0): -7334 -7401 -7457 -7344 -7407 -7428 -7487 -7503 # -8321 -8065 -8321 -8321 -8321 -8321 -819CPU side received count (scaleup: 2): -7252 -7330 -7314 -7417 -7322 -7540 -7344 -7440 # -8065 -8065 -8449 -8193 -8321 -8193 -806CPU side received count (scaleup: 3): -7429 -7355 -7539 -7439 -7509 -7390 -7301 -7394 # -8193 -8321 -8321 -8449 -7937 -8193 -832CPU side received count (scaleup: 1): -7360 -7379 -7313 -7431 -7465 -7391 -7355 -7390 # -8193 -8065 -8193 -8193 -8193 -8193 -8065 -8065 
3 -8193 
3 -8065 
1 -8193 
1 -8321 
5 -8321 
Elastic buffer uses 4 channels per SM
Elastic buffer uses 4 channels per SM
Elastic buffer uses 4 channels per SM
Elastic buffer uses 4 channels per SM
Elastic buffer uses 4 channels per SM
Elastic buffer uses 4 channels per SM
Elastic buffer uses 4 channels per SM
Elastic buffer uses 4 channels per SM
CPU side received count (scaleup: 3): -7429 -7355 -7539 -7439 -7509 -7390 -7301 -7394 # -8193 -8321 -8321 -8449 -7937 -8193 -832CPU side received count (scaleup: 1): -7360 -7379 -7313 -7431 -7465 -7391 -7355 -7390 # -8193 -8065 -8193 -8193 -8193 -8193 -806CPU side received count (scaleup: 5): -7424 -7285 -7387 -7403 -7565 -7376 -7487 -7415 # -8321 -8321 -8193 -8193 -8193 -8193 -819CPU side received count (scaleup: 2): -7252 -7330 -7314 -7417 -7322 -7540 -7344 -7440 # -8065 -8065 -8449 -8193 -8321 -8193 -8063 -8193 
5 -8065 
CPU side received count (scaleup: 0): -7334 -7401 -7457 -7344 -7407 -7428 -7487 -7503 # -8321 -8065 -8321 -8321 -8321 -8321 -819CPU side received count (scaleup: 6): -7202 -7388 -7412 -7456 -7423 -7467 -7440 -7486 # -8193 -8193 -8193 -8321 -8193 -8193 -819CPU side received count (scaleup: 4): -7363 -7348 -7403 -7370 -7356 -7475 -7458 -7440 # -8193 -8193 -8193 -8193 -8321 -8321 -832CPU side received count (scaleup: 7): -7465 -7476 -7412 -7494 -7408 -7513 -7461 -7568 # -8321 -8193 -8449 -8449 -8321 -8193 -8321 -8321 
5 -8321 
3 -8065 
3 -8193 
1 -8193 
1 -8193 
Elastic buffer uses 4 channels per SM
Elastic buffer uses 4 channels per SM
Elastic buffer uses 4 channels per SM
Elastic buffer uses 4 channels per SM
Elastic buffer uses 4 channels per SM
Elastic buffer uses 4 channels per SM
Elastic buffer uses 4 channels per SM
Elastic buffer uses 4 channels per SM
CPU side received count (scaleup: 6): -7202 -7388 -7412 -7456 -7423 -7467 -7440 -7486 # -8193 -8193 -8193 -8321 -8193 -8193 -819CPU side received count (scaleup: 4): -7363 -7348 -7403 -7370 -7356 -7475 -7458 -7440 # -8193 -8193 -8193 -8193 -8321 -8321 -832CPU side received count (scaleup: 2): -7252 -7330 -7314 -7417 -7322 -7540 -7344 -7440 # -8065 -8065 -8449 -8193 -8321 -8193 -806CPU side received count (scaleup: 7): -7465 -7476 -7412 -7494 -7408 -7513 -7461 -7568 # -8321 -8193 -8449 -8449 -8321 -8193 -832CPU side received count (scaleup: 5): -7424 -7285 -7387 -7403 -7565 -7376 -7487 -7415 # -8321 -8321 -8193 -8193 -8193 -8193 -819CPU side received count (scaleup: 3): -7429 -7355 -7539 -7439 -7509 -7390 -7301 -7394 # -8193 -8321 -8321 -8449 -7937 -8193 -8321 -8193 
CPU side received count (scaleup: 1): -7360 -7379 -7313 -7431 -7465 -7391 -7355 -7390 # -8193 -8065 -8193 -8193 -8193 -8193 -8061 -8193 
3 -8193 
CPU side received count (scaleup: 0): -7334 -7401 -7457 -7344 -7407 -7428 -7487 -7503 # -8321 -8065 -8321 -8321 -8321 -8321 -8193 -8193 
5 -8065 
1 -8321 
5 -8321 
3 -8065 
Elastic buffer uses 4 channels per SM
Elastic buffer uses 4 channels per SM
Elastic buffer uses 4 channels per SM
Elastic buffer uses 4 channels per SM
Elastic buffer uses 4 channels per SM
Elastic buffer uses 4 channels per SM
Elastic buffer uses 4 channels per SM
Elastic buffer uses 4 channels per SM
CPU side received count (scaleup: 6): -7202 -7388 -7412 -7456 -7423 -7467 -7440 -7486 # -8193 -8193 -8193 -8321 -8193 -8193 -819CPU side received count (scaleup: 7): -7465 -7476 -7412 -7494 -7408 -7513 -7461 -7568 # -8321 -8193 -8449 -8449 -8321 -8193 -832CPU side received count (scaleup: 4): -7363 -7348 -7403 -7370 -7356 -7475 -7458 -7440 # -8193 -8193 -8193 -8193 -8321 -8321 -832CPU side received count (scaleup: 3): -7429 -7355 -7539 -7439 -7509 -7390 -7301 -7394 # -8193 -8321 -8321 -8449 -7937 -8193 -8323 -8193 
CPU side received count (scaleup: 5): -7424 -7285 -7387 -7403 -7565 -7376 -7487 -7415 # -8321 -8321 -8193 -8193 -8193 -8193 -819CPU side received count (scaleup: 2): -7252 -7330 -7314 -7417 -7322 -7540 -7344 -7440 # -8065 -8065 -8449 -8193 -8321 -8193 -806CPU side received count (scaleup: 0): -7334 -7401 -7457 -7344 -7407 -7428 -7487 -7503 # -8321 -8065 -8321 -8321 -8321 -8321 -819CPU side received count (scaleup: 1): -7360 -7379 -7313 -7431 -7465 -7391 -7355 -7390 # -8193 -8065 -8193 -8193 -8193 -8193 -8061 -8193 
1 -8193 
5 -8065 
1 -8321 
3 -8193 
5 -8321 
3 -8065 
Elastic buffer uses 4 channels per SM
Elastic buffer uses 4 channels per SM
Elastic buffer uses 4 channels per SM
Elastic buffer uses 4 channels per SM
Elastic buffer uses 4 channels per SM
Elastic buffer uses 4 channels per SM
Elastic buffer uses 4 channels per SM
Elastic buffer uses 4 channels per SM
CPU side received count (scaleup: 1): -7360 -7379 -7313 -7431 -7465 -7391 -7355 -7390 # -8193 -8065 -8193 -8193 -8193 -8193 -806CPU side received count (scaleup: 2): -7252 -7330 -7314 -7417 -7322 -7540 -7344 -7440 # -8065 -8065 -8449 -8193 -8321 -8193 -806CPU side received count (scaleup: 3): -7429 -7355 -7539 -7439 -7509 -7390 -7301 -7394 # -8193 -8321 -8321 -8449 -7937 -8193 -832CPU side received count (scaleup: 0): -7334 -7401 -7457 -7344 -7407 -7428 -7487 -7503 # -8321 -8065 -8321 -8321 -8321 -8321 -819CPU side received count (scaleup: 6): -7202 -7388 -7412 -7456 -7423 -7467 -7440 -7486 # -8193 -8193 -8193 -8321 -8193 -8193 -8195 -8321 
5 -8065 
CPU side received count (scaleup: 7): -7465 -7476 -7412 -7494 -7408 -7513 -7461 -7568 # -8321 -8193 -8449 -8449 -8321 -8193 -832CPU side received count (scaleup: 4): -7363 -7348 -7403 -7370 -7356 -7475 -7458 -7440 # -8193 -8193 -8193 -8193 -8321 -8321 -832CPU side received count (scaleup: 5): -7424 -7285 -7387 -7403 -7565 -7376 -7487 -7415 # -8321 -8321 -8193 -8193 -8193 -8193 -8191 -8321 
3 -8065 
3 -8193 
1 -8193 
1 -8193 
3 -8193 
Elastic buffer uses 4 channels per SM
Elastic buffer uses 4 channels per SM
Elastic buffer uses 4 channels per SM
Elastic buffer uses 4 channels per SM
Elastic buffer uses 4 channels per SM
Elastic buffer uses 4 channels per SM
Elastic buffer uses 4 channels per SM
Elastic buffer uses 4 channels per SM
CPU side received count (scaleup: 2): -7252 -7330 -7314 -7417 -7322 -7540 -7344 -7440 # -8065 -8065 -8449 -8193 -8321 -8193 -806CPU side received count (scaleup: 1): -7360 -7379 -7313 -7431 -7465 -7391 -7355 -7390 # -8193 -8065 -8193 -8193 -8193 -8193 -806CPU side received count (scaleup: 0): -7334 -7401 -7457 -7344 -7407 -7428 -7487 -7503 # -8321 -8065 -8321 -8321 -8321 -8321 -819CPU side received count (scaleup: 3): -7429 -7355 -7539 -7439 -7509 -7390 -7301 -7394 # -8193 -8321 -8321 -8449 -7937 -8193 -8325 -8321 
1 -8321 
5 -8065 
CPU side received count (scaleup: 7): -7465 -7476 -7412 -7494 -7408 -7513 -7461 -7568 # -8321 -8193 -8449 -8449 -8321 -8193 -832CPU side received count (scaleup: 6): -7202 -7388 -7412 -7456 -7423 -7467 -7440 -7486 # -8193 -8193 -8193 -8321 -8193 -8193 -819CPU side received count (scaleup: 4): -7363 -7348 -7403 -7370 -7356 -7475 -7458 -7440 # -8193 -8193 -8193 -8193 -8321 -8321 -8323 -8065 
1 -8193 
CPU side received count (scaleup: 5): -7424 -7285 -7387 -7403 -7565 -7376 -7487 -7415 # -8321 -8321 -8193 -8193 -8193 -8193 -8191 -8193 
3 -8193 
3 -8193 
Elastic buffer uses 4 channels per SM
Elastic buffer uses 4 channels per SM
Elastic buffer uses 4 channels per SM
Elastic buffer uses 4 channels per SM
Elastic buffer uses 4 channels per SM
Elastic buffer uses 4 channels per SM
Elastic buffer uses 4 channels per SM
Elastic buffer uses 4 channels per SM
CPU side received count (scaleup: 2): -7252 -7330 -7314 -7417 -7322 -7540 -7344 -7440 # -8065 -8065 -8449 -8193 -8321 -8193 -806CPU side received count (scaleup: 1): -7360 -7379 -7313 -7431 -7465 -7391 -7355 -7390 # -8193 -8065 -8193 -8193 -8193 -8193 -806CPU side received count (scaleup: 4): -7363 -7348 -7403 -7370 -7356 -7475 -7458 -7440 # -8193 -8193 -8193 -8193 -8321 -8321 -832CPU side received count (scaleup: 3): -7429 -7355 -7539 -7439 -7509 -7390 -7301 -7394 # -8193 -8321 -8321 -8449 -7937 -8193 -8325 -8321 
CPU side received count (scaleup: 5): -7424 -7285 -7387 -7403 -7565 -7376 -7487 -7415 # -8321 -8321 -8193 -8193 -8193 -8193 -819CPU side received count (scaleup: 0): -7334 -7401 -7457 -7344 -7407 -7428 -7487 -7503 # -8321 -8065 -8321 -8321 -8321 -8321 -8191 -8321 
CPU side received count (scaleup: 6): -7202 -7388 -7412 -7456 -7423 -7467 -7440 -7486 # -8193 -8193 -8193 -8321 -8193 -8193 -8195 -8065 
CPU side received count (scaleup: 7): -7465 -7476 -7412 -7494 -7408 -7513 -7461 -7568 # -8321 -8193 -8449 -8449 -8321 -8193 -8321 -8193 
3 -8193 
3 -8065 
3 -8193 
1 -8193 
Elastic buffer uses 4 channels per SM
Elastic buffer uses 4 channels per SM
Elastic buffer uses 4 channels per SM
Elastic buffer uses 4 channels per SM
Elastic buffer uses 4 channels per SM
Elastic buffer uses 4 channels per SM
Elastic buffer uses 4 channels per SM
Elastic buffer uses 4 channels per SM
CPU side received count (scaleup: 7): -7465 -7476 -7412 -7494 -7408 -7513 -7461 -7568 # -8321 -8193 -8449 -8449 -8321 -8193 -832CPU side received count (scaleup: 6): -7202 -7388 -7412 -7456 -7423 -7467 -7440 -7486 # -8193 -8193 -8193 -8321 -8193 -8193 -819CPU side received count (scaleup: 3): -7429 -7355 -7539 -7439 -7509 -7390 -7301 -7394 # -8193 -8321 -8321 -8449 -7937 -8193 -832CPU side received count (scaleup: 4): -7363 -7348 -7403 -7370 -7356 -7475 -7458 -7440 # -8193 -8193 -8193 -8193 -8321 -8321 -832CPU side received count (scaleup: 5): -7424 -7285 -7387 -7403 -7565 -7376 -7487 -7415 # -8321 -8321 -8193 -8193 -8193 -8193 -8191 -8193 
CPU side received count (scaleup: 2): -7252 -7330 -7314 -7417 -7322 -7540 -7344 -7440 # -8065 -8065 -8449 -8193 -8321 -8193 -806CPU side received count (scaleup: 1): -7360 -7379 -7313 -7431 -7465 -7391 -7355 -7390 # -8193 -8065 -8193 -8193 -8193 -8193 -8061 -8193 
CPU side received count (scaleup: 0): -7334 -7401 -7457 -7344 -7407 -7428 -7487 -7503 # -8321 -8065 -8321 -8321 -8321 -8321 -8193 -8193 
1 -8321 
3 -8193 
3 -8065 
5 -8065 
5 -8321 
Elastic buffer uses 4 channels per SM
Elastic buffer uses 4 channels per SM
Elastic buffer uses 4 channels per SM
Elastic buffer uses 4 channels per SM
Elastic buffer uses 4 channels per SM
Elastic buffer uses 4 channels per SM
Elastic buffer uses 4 channels per SM
Elastic buffer uses 4 channels per SM
CPU side received count (scaleup: 6): -7202 -7388 -7412 -7456 -7423 -7467 -7440 -7486 # -8193 -8193 -8193 -8321 -8193 -8193 -819CPU side received count (scaleup: 7): -7465 -7476 -7412 -7494 -7408 -7513 -7461 -7568 # -8321 -8193 -8449 -8449 -8321 -8193 -832CPU side received count (scaleup: 4): -7363 -7348 -7403 -7370 -7356 -7475 -7458 -7440 # -8193 -8193 -8193 -8193 -8321 -8321 -8323 -8193 
CPU side received count (scaleup: 5): -7424 -7285 -7387 -7403 -7565 -7376 -7487 -7415 # -8321 -8321 -8193 -8193 -8193 -8193 -8191 -8193 
CPU side received count (scaleup: 0): -7334 -7401 -7457 -7344 -7407 -7428 -7487 -7503 # -8321 -8065 -8321 -8321 -8321 -8321 -819CPU side received count (scaleup: 3): -7429 -7355 -7539 -7439 -7509 -7390 -7301 -7394 # -8193 -8321 -8321 -8449 -7937 -8193 -832CPU side received count (scaleup: 2): -7252 -7330 -7314 -7417 -7322 -7540 -7344 -7440 # -8065 -8065 -8449 -8193 -8321 -8193 -806CPU side received count (scaleup: 1): -7360 -7379 -7313 -7431 -7465 -7391 -7355 -7390 # -8193 -8065 -8193 -8193 -8193 -8193 -8061 -8193 
3 -8193 
3 -8065 
1 -8321 
5 -8065 
5 -8321 
Elastic buffer uses 4 channels per SM
Elastic buffer uses 4 channels per SM
Elastic buffer uses 4 channels per SM
Elastic buffer uses 4 channels per SM
Elastic buffer uses 4 channels per SM
Elastic buffer uses 4 channels per SM
Elastic buffer uses 4 channels per SM
Elastic buffer uses 4 channels per SM
CPU side received count (scaleup: 4): -7363 -7348 -7403 -7370 -7356 -7475 -7458 -7440 # -8193 -8193 -8193 -8193 -8321 -8321 -832CPU side received count (scaleup: 6): -7202 -7388 -7412 -7456 -7423 -7467 -7440 -7486 # -8193 -8193 -8193 -8321 -8193 -8193 -819CPU side received count (scaleup: 7): -7465 -7476 -7412 -7494 -7408 -7513 -7461 -7568 # -8321 -8193 -8449 -8449 -8321 -8193 -8321 -8193 
CPU side received count (scaleup: 5): -7424 -7285 -7387 -7403 -7565 -7376 -7487 -7415 # -8321 -8321 -8193 -8193 -8193 -8193 -8191 -8193 
3 -8193 
3 -8193 
CPU side received count (scaleup: 2): -7252 -7330 -7314 -7417 -7322 -7540 -7344 -7440 # -8065 -8065 -8449 -8193 -8321 -8193 -806CPU side received count (scaleup: 1): -7360 -7379 -7313 -7431 -7465 -7391 -7355 -7390 # -8193 -8065 -8193 -8193 -8193 -8193 -806CPU side received count (scaleup: 0): -7334 -7401 -7457 -7344 -7407 -7428 -7487 -7503 # -8321 -8065 -8321 -8321 -8321 -8321 -819CPU side received count (scaleup: 3): -7429 -7355 -7539 -7439 -7509 -7390 -7301 -7394 # -8193 -8321 -8321 -8449 -7937 -8193 -8325 -8065 
5 -8321 
3 -8065 
1 -8321 
Elastic buffer uses 4 channels per SM
Elastic buffer uses 4 channels per SM
Elastic buffer uses 4 channels per SM
Elastic buffer uses 4 channels per SM
Elastic buffer uses 4 channels per SM
Elastic buffer uses 4 channels per SM
Elastic buffer uses 4 channels per SM
Elastic buffer uses 4 channels per SM
CPU side received count (scaleup: 7): -7465 -7476 -7412 -7494 -7408 -7513 -7461 -7568 # -8321 -8193 -8449 -8449 -8321 -8193 -832CPU side received count (scaleup: 4): -7363 -7348 -7403 -7370 -7356 -7475 -7458 -7440 # -8193 -8193 -8193 -8193 -8321 -8321 -832CPU side received count (scaleup: 6): -7202 -7388 -7412 -7456 -7423 -7467 -7440 -7486 # -8193 -8193 -8193 -8321 -8193 -8193 -8191 -8193 
CPU side received count (scaleup: 2): -7252 -7330 -7314 -7417 -7322 -7540 -7344 -7440 # -8065 -8065 -8449 -8193 -8321 -8193 -8063 -8193 
CPU side received count (scaleup: 3): -7429 -7355 -7539 -7439 -7509 -7390 -7301 -7394 # -8193 -8321 -8321 -8449 -7937 -8193 -8321 -8193 
CPU side received count (scaleup: 1): -7360 -7379 -7313 -7431 -7465 -7391 -7355 -7390 # -8193 -8065 -8193 -8193 -8193 -8193 -806CPU side received count (scaleup: 5): -7424 -7285 -7387 -7403 -7565 -7376 -7487 -7415 # -8321 -8321 -8193 -8193 -8193 -8193 -8191 -8321 
CPU side received count (scaleup: 0): -7334 -7401 -7457 -7344 -7407 -7428 -7487 -7503 # -8321 -8065 -8321 -8321 -8321 -8321 -8195 -8065 
3 -8193 
5 -8321 
3 -8065 
Elastic buffer uses 4 channels per SM
Elastic buffer uses 4 channels per SM
Elastic buffer uses 4 channels per SM
Elastic buffer uses 4 channels per SM
Elastic buffer uses 4 channels per SM
Elastic buffer uses 4 channels per SM
Elastic buffer uses 4 channels per SM
Elastic buffer uses 4 channels per SM
CPU side received count (scaleup: 4): -7363 -7348 -7403 -7370 -7356 -7475 -7458 -7440 # -8193 -8193 -8193 -8193 -8321 -8321 -832CPU side received count (scaleup: 5): -7424 -7285 -7387 -7403 -7565 -7376 -7487 -7415 # -8321 -8321 -8193 -8193 -8193 -8193 -819CPU side received count (scaleup: 6): -7202 -7388 -7412 -7456 -7423 -7467 -7440 -7486 # -8193 -8193 -8193 -8321 -8193 -8193 -8191 -8193 
3 -8193 
3 -8193 
CPU side received count (scaleup: 0): -7334 -7401 -7457 -7344 -7407 -7428 -7487 -7503 # -8321 -8065 -8321 -8321 -8321 -8321 -819CPU side received count (scaleup: 7): -7465 -7476 -7412 -7494 -7408 -7513 -7461 -7568 # -8321 -8193 -8449 -8449 -8321 -8193 -8323 -8065 
CPU side received count (scaleup: 1): -7360 -7379 -7313 -7431 -7465 -7391 -7355 -7390 # -8193 -8065 -8193 -8193 -8193 -8193 -806CPU side received count (scaleup: 3): -7429 -7355 -7539 -7439 -7509 -7390 -7301 -7394 # -8193 -8321 -8321 -8449 -7937 -8193 -832CPU side received count (scaleup: 2): -7252 -7330 -7314 -7417 -7322 -7540 -7344 -7440 # -8065 -8065 -8449 -8193 -8321 -8193 -8061 -8193 
5 -8321 
1 -8321 
5 -8065 
Elastic buffer uses 4 channels per SM
Elastic buffer uses 4 channels per SM
Elastic buffer uses 4 channels per SM
Elastic buffer uses 4 channels per SM
Elastic buffer uses 4 channels per SM
Elastic buffer uses 4 channels per SM
Elastic buffer uses 4 channels per SM
Elastic buffer uses 4 channels per SM
CPU side received count (scaleup: 1): -7360 -7379 -7313 -7431 -7465 -7391 -7355 -7390 # -8193 -8065 -8193 -8193 -8193 -8193 -806CPU side received count (scaleup: 2): -7252 -7330 -7314 -7417 -7322 -7540 -7344 -7440 # -8065 -8065 -8449 -8193 -8321 -8193 -806CPU side received count (scaleup: 3): -7429 -7355 -7539 -7439 -7509 -7390 -7301 -7394 # -8193 -8321 -8321 -8449 -7937 -8193 -832CPU side received count (scaleup: 4): -7363 -7348 -7403 -7370 -7356 -7475 -7458 -7440 # -8193 -8193 -8193 -8193 -8321 -8321 -832CPU side received count (scaleup: 0): -7334 -7401 -7457 -7344 -7407 -7428 -7487 -7503 # -8321 -8065 -8321 -8321 -8321 -8321 -819CPU side received count (scaleup: 6): -7202 -7388 -7412 -7456 -7423 -7467 -7440 -7486 # -8193 -8193 -8193 -8321 -8193 -8193 -819CPU side received count (scaleup: 5): -7424 -7285 -7387 -7403 -7565 -7376 -7487 -7415 # -8321 -8321 -8193 -8193 -8193 -8193 -8195 -8065 
1 -8321 
1 -8193 
CPU side received count (scaleup: 7): -7465 -7476 -7412 -7494 -7408 -7513 -7461 -7568 # -8321 -8193 -8449 -8449 -8321 -8193 -8325 -8321 
3 -8065 
3 -8193 
3 -8193 
1 -8193 
Elastic buffer uses 4 channels per SM
Elastic buffer uses 4 channels per SM
Elastic buffer uses 4 channels per SM
Elastic buffer uses 4 channels per SM
Elastic buffer uses 4 channels per SM
Elastic buffer uses 4 channels per SM
Elastic buffer uses 4 channels per SM
Elastic buffer uses 4 channels per SM
CPU side received count (scaleup: 6): -7202 -7388 -7412 -7456 -7423 -7467 -7440 -7486 # -8193 -8193 -8193 -8321 -8193 -8193 -819CPU side received count (scaleup: 5): -7424 -7285 -7387 -7403 -7565 -7376 -7487 -7415 # -8321 -8321 -8193 -8193 -8193 -8193 -819CPU side received count (scaleup: 7): -7465 -7476 -7412 -7494 -7408 -7513 -7461 -7568 # -8321 -8193 -8449 -8449 -8321 -8193 -832CPU side received count (scaleup: 4): -7363 -7348 -7403 -7370 -7356 -7475 -7458 -7440 # -8193 -8193 -8193 -8193 -8321 -8321 -832CPU side received count (scaleup: 0): -7334 -7401 -7457 -7344 -7407 -7428 -7487 -7503 # -8321 -8065 -8321 -8321 -8321 -8321 -819CPU side received count (scaleup: 3): -7429 -7355 -7539 -7439 -7509 -7390 -7301 -7394 # -8193 -8321 -8321 -8449 -7937 -8193 -8323 -8193 
CPU side received count (scaleup: 1): -7360 -7379 -7313 -7431 -7465 -7391 -7355 -7390 # -8193 -8065 -8193 -8193 -8193 -8193 -806CPU side received count (scaleup: 2): -7252 -7330 -7314 -7417 -7322 -7540 -7344 -7440 # -8065 -8065 -8449 -8193 -8321 -8193 -8063 -8193 
1 -8193 
1 -8193 
3 -8065 
1 -8321 
5 -8321 
5 -8065 
Elastic buffer uses 4 channels per SM
Elastic buffer uses 4 channels per SM
Elastic buffer uses 4 channels per SM
Elastic buffer uses 4 channels per SM
Elastic buffer uses 4 channels per SM
Elastic buffer uses 4 channels per SM
Elastic buffer uses 4 channels per SM
Elastic buffer uses 4 channels per SM
CPU side received count (scaleup: 4): -7363 -7348 -7403 -7370 -7356 -7475 -7458 -7440 # -8193 -8193 -8193 -8193 -8321 -8321 -832CPU side received count (scaleup: 6): -7202 -7388 -7412 -7456 -7423 -7467 -7440 -7486 # -8193 -8193 -8193 -8321 -8193 -8193 -819CPU side received count (scaleup: 1): -7360 -7379 -7313 -7431 -7465 -7391 -7355 -7390 # -8193 -8065 -8193 -8193 -8193 -8193 -806CPU side received count (scaleup: 3): -7429 -7355 -7539 -7439 -7509 -7390 -7301 -7394 # -8193 -8321 -8321 -8449 -7937 -8193 -832CPU side received count (scaleup: 7): -7465 -7476 -7412 -7494 -7408 -7513 -7461 -7568 # -8321 -8193 -8449 -8449 -8321 -8193 -8321 -8193 
CPU side received count (scaleup: 5): -7424 -7285 -7387 -7403 -7565 -7376 -7487 -7415 # -8321 -8321 -8193 -8193 -8193 -8193 -819CPU side received count (scaleup: 2): -7252 -7330 -7314 -7417 -7322 -7540 -7344 -7440 # -8065 -8065 -8449 -8193 -8321 -8193 -806CPU side received count (scaleup: 0): -7334 -7401 -7457 -7344 -7407 -7428 -7487 -7503 # -8321 -8065 -8321 -8321 -8321 -8321 -8195 -8321 
3 -8193 
1 -8321 
3 -8065 
1 -8193 
3 -8193 
5 -8065 
Elastic buffer uses 4 channels per SM
Elastic buffer uses 4 channels per SM
Elastic buffer uses 4 channels per SM
Elastic buffer uses 4 channels per SM
Elastic buffer uses 4 channels per SM
Elastic buffer uses 4 channels per SM
Elastic buffer uses 4 channels per SM
Elastic buffer uses 4 channels per SM
CPU side received count (scaleup: 4): -7363 -7348 -7403 -7370 -7356 -7475 -7458 -7440 # -8193 -8193 -8193 -8193 -8321 -8321 -832CPU side received count (scaleup: 5): -7424 -7285 -7387 -7403 -7565 -7376 -7487 -7415 # -8321 -8321 -8193 -8193 -8193 -8193 -819CPU side received count (scaleup: 6): -7202 -7388 -7412 -7456 -7423 -7467 -7440 -7486 # -8193 -8193 -8193 -8321 -8193 -8193 -819CPU side received count (scaleup: 7): -7465 -7476 -7412 -7494 -7408 -7513 -7461 -7568 # -8321 -8193 -8449 -8449 -8321 -8193 -832CPU side received count (scaleup: 2): -7252 -7330 -7314 -7417 -7322 -7540 -7344 -7440 # -8065 -8065 -8449 -8193 -8321 -8193 -806CPU side received count (scaleup: 3): -7429 -7355 -7539 -7439 -7509 -7390 -7301 -7394 # -8193 -8321 -8321 -8449 -7937 -8193 -8323 -8193 
1 -8193 
5 -8065 
1 -8193 
3 -8193 
CPU side received count (scaleup: 0): -7334 -7401 -7457 -7344 -7407 -7428 -7487 -7503 # -8321 -8065 -8321 -8321 -8321 -8321 -819CPU side received count (scaleup: 1): -7360 -7379 -7313 -7431 -7465 -7391 -7355 -7390 # -8193 -8065 -8193 -8193 -8193 -8193 -8061 -8321 
3 -8065 
5 -8321 
Elastic buffer uses 4 channels per SM
Elastic buffer uses 4 channels per SM
USDT:2026-08-25 02:20:49 434:434 SyncActivityProfilerHandler.cpp:52] profiler_startUSDT:2026-08-25 02:20:49 439:439 SyncActivityProfilerHandler.cpp:52] profiler_startUSDT:2026-08-25 02:20:49 437:437 SyncActivityProfilerHandler.cpp:52] profiler_start
USDT:2026-08-25 02:20:49 435:435 SyncActivityProfilerHandler.cpp:52] profiler_start
USDT:2026-08-25 02:20:49 440:440 SyncActivityProfilerHandler.cpp:52] profiler_startUSDT:2026-08-25 02:20:49 436:436 SyncActivityProfilerHandler.cpp:52] profiler_start


USDT:2026-08-25 02:20:49 438:438 SyncActivityProfilerHandler.cpp:52] profiler_startUSDT:2026-08-25 02:20:49 433:433 SyncActivityProfilerHandler.cpp:52] profiler_start


Elastic buffer uses 4 channels per SM
Elastic buffer uses 4 channels per SM
Elastic buffer uses 4 channels per SM
Elastic buffer uses 4 channels per SM
Elastic buffer uses 4 channels per SM
Elastic buffer uses 4 channels per SM
CPU side received count (scaleup: 3): -7429 -7355 -7539 -7439 -7509 -7390 -7301 -7394 # -8193 -8321 -8321 -8449 -7937 -8193 -832CPU side received count (scaleup: 2): -7252 -7330 -7314 -7417 -7322 -7540 -7344 -7440 # -8065 -8065 -8449 -8193 -8321 -8193 -806CPU side received count (scaleup: 7): -7465 -7476 -7412 -7494 -7408 -7513 -7461 -7568 # -8321 -8193 -8449 -8449 -8321 -8193 -832CPU side received count (scaleup: 5): -7424 -7285 -7387 -7403 -7565 -7376 -7487 -7415 # -8321 -8321 -8193 -8193 -8193 -8193 -819CPU side received count (scaleup: 1): -7360 -7379 -7313 -7431 -7465 -7391 -7355 -7390 # -8193 -8065 -8193 -8193 -8193 -8193 -8061 -8321 
CPU side received count (scaleup: 0): -7334 -7401 -7457 -7344 -7407 -7428 -7487 -7503 # -8321 -8065 -8321 -8321 -8321 -8321 -819CPU side received count (scaleup: 4): -7363 -7348 -7403 -7370 -7356 -7475 -7458 -7440 # -8193 -8193 -8193 -8193 -8321 -8321 -832CPU side received count (scaleup: 6): -7202 -7388 -7412 -7456 -7423 -7467 -7440 -7486 # -8193 -8193 -8193 -8321 -8193 -8193 -8195 -8065 
1 -8193 
5 -8321 
3 -8193 
3 -8193 
3 -8065 
1 -8193 
Elastic buffer uses 4 channels per SM
Elastic buffer uses 4 channels per SM
Elastic buffer uses 4 channels per SM
Elastic buffer uses 4 channels per SM
Elastic buffer uses 4 channels per SM
Elastic buffer uses 4 channels per SM
Elastic buffer uses 4 channels per SM
Elastic buffer uses 4 channels per SM
CPU side received count (scaleup: 7): -7465 -7476 -7412 -7494 -7408 -7513 -7461 -7568 # -8321 -8193 -8449 -8449 -8321 -8193 -832CPU side received count (scaleup: 6): -7202 -7388 -7412 -7456 -7423 -7467 -7440 -7486 # -8193 -8193 -8193 -8321 -8193 -8193 -819CPU side received count (scaleup: 5): -7424 -7285 -7387 -7403 -7565 -7376 -7487 -7415 # -8321 -8321 -8193 -8193 -8193 -8193 -8191 -8193 
3 -8193 
3 -8193 
CPU side received count (scaleup: 3): -7429 -7355 -7539 -7439 -7509 -7390 -7301 -7394 # -8193 -8321 -8321 -8449 -7937 -8193 -832CPU side received count (scaleup: 4): -7363 -7348 -7403 -7370 -7356 -7475 -7458 -7440 # -8193 -8193 -8193 -8193 -8321 -8321 -832CPU side received count (scaleup: 1): -7360 -7379 -7313 -7431 -7465 -7391 -7355 -7390 # -8193 -8065 -8193 -8193 -8193 -8193 -8061 -8193 
CPU side received count (scaleup: 0): -7334 -7401 -7457 -7344 -7407 -7428 -7487 -7503 # -8321 -8065 -8321 -8321 -8321 -8321 -819CPU side received count (scaleup: 2): -7252 -7330 -7314 -7417 -7322 -7540 -7344 -7440 # -8065 -8065 -8449 -8193 -8321 -8193 -8061 -8321 
5 -8321 
3 -8065 
5 -8065 
Elastic buffer uses 4 channels per SM
Elastic buffer uses 4 channels per SM
Elastic buffer uses 4 channels per SM
Elastic buffer uses 4 channels per SM
Elastic buffer uses 4 channels per SM
Elastic buffer uses 4 channels per SM
Elastic buffer uses 4 channels per SM
Elastic buffer uses 4 channels per SM
CPU side received count (scaleup: 7): -7465 -7476 -7412 -7494 -7408 -7513 -7461 -7568 # -8321 -8193 -8449 -8449 -8321 -8193 -832CPU side received count (scaleup: 6): -7202 -7388 -7412 -7456 -7423 -7467 -7440 -7486 # -8193 -8193 -8193 -8321 -8193 -8193 -819CPU side received count (scaleup: 4): -7363 -7348 -7403 -7370 -7356 -7475 -7458 -7440 # -8193 -8193 -8193 -8193 -8321 -8321 -832CPU side received count (scaleup: 5): -7424 -7285 -7387 -7403 -7565 -7376 -7487 -7415 # -8321 -8321 -8193 -8193 -8193 -8193 -8191 -8193 
CPU side received count (scaleup: 1): -7360 -7379 -7313 -7431 -7465 -7391 -7355 -7390 # -8193 -8065 -8193 -8193 -8193 -8193 -806CPU side received count (scaleup: 3): -7429 -7355 -7539 -7439 -7509 -7390 -7301 -7394 # -8193 -8321 -8321 -8449 -7937 -8193 -8323 -8193 
3 -8193 
CPU side received count (scaleup: 2): -7252 -7330 -7314 -7417 -7322 -7540 -7344 -7440 # -8065 -8065 -8449 -8193 -8321 -8193 -8065 -8321 
1 -8321 
1 -8193 
CPU side received count (scaleup: 0): -7334 -7401 -7457 -7344 -7407 -7428 -7487 -7503 # -8321 -8065 -8321 -8321 -8321 -8321 -8195 -8065 
3 -8065 
Elastic buffer uses 4 channels per SM
Elastic buffer uses 4 channels per SM
Elastic buffer uses 4 channels per SM
Elastic buffer uses 4 channels per SM
Elastic buffer uses 4 channels per SM
Elastic buffer uses 4 channels per SM
Elastic buffer uses 4 channels per SM
Elastic buffer uses 4 channels per SM
CPU side received count (scaleup: 7): -7465 -7476 -7412 -7494 -7408 -7513 -7461 -7568 # -8321 -8193 -8449 -8449 -8321 -8193 -832CPU side received count (scaleup: 6): -7202 -7388 -7412 -7456 -7423 -7467 -7440 -7486 # -8193 -8193 -8193 -8321 -8193 -8193 -819CPU side received count (scaleup: 4): -7363 -7348 -7403 -7370 -7356 -7475 -7458 -7440 # -8193 -8193 -8193 -8193 -8321 -8321 -832CPU side received count (scaleup: 5): -7424 -7285 -7387 -7403 -7565 -7376 -7487 -7415 # -8321 -8321 -8193 -8193 -8193 -8193 -819CPU side received count (scaleup: 1): -7360 -7379 -7313 -7431 -7465 -7391 -7355 -7390 # -8193 -8065 -8193 -8193 -8193 -8193 -806CPU side received count (scaleup: 2): -7252 -7330 -7314 -7417 -7322 -7540 -7344 -7440 # -8065 -8065 -8449 -8193 -8321 -8193 -8063 -8193 
1 -8193 
3 -8193 
CPU side received count (scaleup: 0): -7334 -7401 -7457 -7344 -7407 -7428 -7487 -7503 # -8321 -8065 -8321 -8321 -8321 -8321 -8191 -8193 
CPU side received count (scaleup: 3): -7429 -7355 -7539 -7439 -7509 -7390 -7301 -7394 # -8193 -8321 -8321 -8449 -7937 -8193 -8325 -8321 
1 -8321 
5 -8065 
3 -8065 
Elastic buffer uses 4 channels per SM
Elastic buffer uses 4 channels per SM
Elastic buffer uses 4 channels per SM
Elastic buffer uses 4 channels per SM
Elastic buffer uses 4 channels per SM
Elastic buffer uses 4 channels per SM
Elastic buffer uses 4 channels per SM
Elastic buffer uses 4 channels per SM
CPU side received count (scaleup: 7): -7465 -7476 -7412 -7494 -7408 -7513 -7461 -7568 # -8321 -8193 -8449 -8449 -8321 -8193 -832CPU side received count (scaleup: 5): -7424 -7285 -7387 -7403 -7565 -7376 -7487 -7415 # -8321 -8321 -8193 -8193 -8193 -8193 -819CPU side received count (scaleup: 6): -7202 -7388 -7412 -7456 -7423 -7467 -7440 -7486 # -8193 -8193 -8193 -8321 -8193 -8193 -8191 -8193 
3 -8193 
3 -8193 
CPU side received count (scaleup: 4): -7363 -7348 -7403 -7370 -7356 -7475 -7458 -7440 # -8193 -8193 -8193 -8193 -8321 -8321 -832CPU side received count (scaleup: 2): -7252 -7330 -7314 -7417 -7322 -7540 -7344 -7440 # -8065 -8065 -8449 -8193 -8321 -8193 -806CPU side received count (scaleup: 0): -7334 -7401 -7457 -7344 -7407 -7428 -7487 -7503 # -8321 -8065 -8321 -8321 -8321 -8321 -819CPU side received count (scaleup: 1): -7360 -7379 -7313 -7431 -7465 -7391 -7355 -7390 # -8193 -8065 -8193 -8193 -8193 -8193 -806CPU side received count (scaleup: 3): -7429 -7355 -7539 -7439 -7509 -7390 -7301 -7394 # -8193 -8321 -8321 -8449 -7937 -8193 -8325 -8321 
1 -8193 
5 -8065 
3 -8065 
1 -8321 
Elastic buffer uses 4 channels per SM
Elastic buffer uses 4 channels per SM
Elastic buffer uses 4 channels per SM
Elastic buffer uses 4 channels per SM
Elastic buffer uses 4 channels per SM
Elastic buffer uses 4 channels per SM
Elastic buffer uses 4 channels per SM
Elastic buffer uses 4 channels per SM
CPU side received count (scaleup: 7): -7465 -7476 -7412 -7494 -7408 -7513 -7461 -7568 # -8321 -8193 -8449 -8449 -8321 -8193 -832CPU side received count (scaleup: 3): -7429 -7355 -7539 -7439 -7509 -7390 -7301 -7394 # -8193 -8321 -8321 -8449 -7937 -8193 -832CPU side received count (scaleup: 1): -7360 -7379 -7313 -7431 -7465 -7391 -7355 -7390 # -8193 -8065 -8193 -8193 -8193 -8193 -8061 -8193 
CPU side received count (scaleup: 5): -7424 -7285 -7387 -7403 -7565 -7376 -7487 -7415 # -8321 -8321 -8193 -8193 -8193 -8193 -819CPU side received count (scaleup: 4): -7363 -7348 -7403 -7370 -7356 -7475 -7458 -7440 # -8193 -8193 -8193 -8193 -8321 -8321 -832CPU side received count (scaleup: 6): -7202 -7388 -7412 -7456 -7423 -7467 -7440 -7486 # -8193 -8193 -8193 -8321 -8193 -8193 -819CPU side received count (scaleup: 2): -7252 -7330 -7314 -7417 -7322 -7540 -7344 -7440 # -8065 -8065 -8449 -8193 -8321 -8193 -806CPU side received count (scaleup: 0): -7334 -7401 -7457 -7344 -7407 -7428 -7487 -7503 # -8321 -8065 -8321 -8321 -8321 -8321 -8191 -8321 
5 -8321 
3 -8193 
1 -8193 
3 -8193 
5 -8065 
3 -8065 
Elastic buffer uses 4 channels per SM
Elastic buffer uses 4 channels per SM
Elastic buffer uses 4 channels per SM
Elastic buffer uses 4 channels per SM
Elastic buffer uses 4 channels per SM
Elastic buffer uses 4 channels per SM
Elastic buffer uses 4 channels per SM
Elastic buffer uses 4 channels per SM
CPU side received count (scaleup: 2): -7252 -7330 -7314 -7417 -7322 -7540 -7344 -7440 # -8065 -8065 -8449 -8193 -8321 -8193 -806CPU side received count (scaleup: 1): -7360 -7379 -7313 -7431 -7465 -7391 -7355 -7390 # -8193 -8065 -8193 -8193 -8193 -8193 -806CPU side received count (scaleup: 3): -7429 -7355 -7539 -7439 -7509 -7390 -7301 -7394 # -8193 -8321 -8321 -8449 -7937 -8193 -832CPU side received count (scaleup: 4): -7363 -7348 -7403 -7370 -7356 -7475 -7458 -7440 # -8193 -8193 -8193 -8193 -8321 -8321 -832CPU side received count (scaleup: 5): -7424 -7285 -7387 -7403 -7565 -7376 -7487 -7415 # -8321 -8321 -8193 -8193 -8193 -8193 -819CPU side received count (scaleup: 0): -7334 -7401 -7457 -7344 -7407 -7428 -7487 -7503 # -8321 -8065 -8321 -8321 -8321 -8321 -819CPU side received count (scaleup: 7): -7465 -7476 -7412 -7494 -7408 -7513 -7461 -7568 # -8321 -8193 -8449 -8449 -8321 -8193 -8321 -8321 
CPU side received count (scaleup: 6): -7202 -7388 -7412 -7456 -7423 -7467 -7440 -7486 # -8193 -8193 -8193 -8321 -8193 -8193 -8195 -8065 
1 -8193 
3 -8065 
5 -8321 
1 -8193 
3 -8193 
3 -8193 
Elastic buffer uses 4 channels per SM
Elastic buffer uses 4 channels per SM
Elastic buffer uses 4 channels per SM
Elastic buffer uses 4 channels per SM
Elastic buffer uses 4 channels per SM
Elastic buffer uses 4 channels per SM
Elastic buffer uses 4 channels per SM
Elastic buffer uses 4 channels per SM
CPU side received count (scaleup: 7): -7465 -7476 -7412 -7494 -7408 -7513 -7461 -7568 # -8321 -8193 -8449 -8449 -8321 -8193 -832CPU side received count (scaleup: 5): -7424 -7285 -7387 -7403 -7565 -7376 -7487 -7415 # -8321 -8321 -8193 -8193 -8193 -8193 -819CPU side received count (scaleup: 6): -7202 -7388 -7412 -7456 -7423 -7467 -7440 -7486 # -8193 -8193 -8193 -8321 -8193 -8193 -8191 -8193 
CPU side received count (scaleup: 2): -7252 -7330 -7314 -7417 -7322 -7540 -7344 -7440 # -8065 -8065 -8449 -8193 -8321 -8193 -806CPU side received count (scaleup: 1): -7360 -7379 -7313 -7431 -7465 -7391 -7355 -7390 # -8193 -8065 -8193 -8193 -8193 -8193 -806CPU side received count (scaleup: 3): -7429 -7355 -7539 -7439 -7509 -7390 -7301 -7394 # -8193 -8321 -8321 -8449 -7937 -8193 -8325 -8321 
CPU side received count (scaleup: 0): -7334 -7401 -7457 -7344 -7407 -7428 -7487 -7503 # -8321 -8065 -8321 -8321 -8321 -8321 -819CPU side received count (scaleup: 4): -7363 -7348 -7403 -7370 -7356 -7475 -7458 -7440 # -8193 -8193 -8193 -8193 -8321 -8321 -8323 -8193 
3 -8193 
5 -8065 
1 -8321 
3 -8065 
1 -8193 
Elastic buffer uses 4 channels per SM
Elastic buffer uses 4 channels per SM
Elastic buffer uses 4 channels per SM
Elastic buffer uses 4 channels per SM
Elastic buffer uses 4 channels per SM
Elastic buffer uses 4 channels per SM
Elastic buffer uses 4 channels per SM
Elastic buffer uses 4 channels per SM
CPU side received count (scaleup: 1): -7360 -7379 -7313 -7431 -7465 -7391 -7355 -7390 # -8193 -8065 -8193 -8193 -8193 -8193 -806CPU side received count (scaleup: 2): -7252 -7330 -7314 -7417 -7322 -7540 -7344 -7440 # -8065 -8065 -8449 -8193 -8321 -8193 -806CPU side received count (scaleup: 3): -7429 -7355 -7539 -7439 -7509 -7390 -7301 -7394 # -8193 -8321 -8321 -8449 -7937 -8193 -8325 -8321 
5 -8065 
CPU side received count (scaleup: 0): -7334 -7401 -7457 -7344 -7407 -7428 -7487 -7503 # -8321 -8065 -8321 -8321 -8321 -8321 -819CPU side received count (scaleup: 4): -7363 -7348 -7403 -7370 -7356 -7475 -7458 -7440 # -8193 -8193 -8193 -8193 -8321 -8321 -832CPU side received count (scaleup: 6): -7202 -7388 -7412 -7456 -7423 -7467 -7440 -7486 # -8193 -8193 -8193 -8321 -8193 -8193 -819CPU side received count (scaleup: 7): -7465 -7476 -7412 -7494 -7408 -7513 -7461 -7568 # -8321 -8193 -8449 -8449 -8321 -8193 -832CPU side received count (scaleup: 5): -7424 -7285 -7387 -7403 -7565 -7376 -7487 -7415 # -8321 -8321 -8193 -8193 -8193 -8193 -8193 -8065 
1 -8321 
1 -8193 
3 -8193 
1 -8193 
3 -8193 
Elastic buffer uses 4 channels per SM
Elastic buffer uses 4 channels per SM
Elastic buffer uses 4 channels per SM
Elastic buffer uses 4 channels per SM
Elastic buffer uses 4 channels per SM
Elastic buffer uses 4 channels per SM
Elastic buffer uses 4 channels per SM
Elastic buffer uses 4 channels per SM
CPU side received count (scaleup: 2): -7252 -7330 -7314 -7417 -7322 -7540 -7344 -7440 # -8065 -8065 -8449 -8193 -8321 -8193 -806CPU side received count (scaleup: 0): -7334 -7401 -7457 -7344 -7407 -7428 -7487 -7503 # -8321 -8065 -8321 -8321 -8321 -8321 -819CPU side received count (scaleup: 4): -7363 -7348 -7403 -7370 -7356 -7475 -7458 -7440 # -8193 -8193 -8193 -8193 -8321 -8321 -832CPU side received count (scaleup: 1): -7360 -7379 -7313 -7431 -7465 -7391 -7355 -7390 # -8193 -8065 -8193 -8193 -8193 -8193 -8065 -8065 
CPU side received count (scaleup: 6): -7202 -7388 -7412 -7456 -7423 -7467 -7440 -7486 # -8193 -8193 -8193 -8321 -8193 -8193 -819CPU side received count (scaleup: 3): -7429 -7355 -7539 -7439 -7509 -7390 -7301 -7394 # -8193 -8321 -8321 -8449 -7937 -8193 -8321 -8193 
3 -8193 
CPU side received count (scaleup: 7): -7465 -7476 -7412 -7494 -7408 -7513 -7461 -7568 # -8321 -8193 -8449 -8449 -8321 -8193 -832CPU side received count (scaleup: 5): -7424 -7285 -7387 -7403 -7565 -7376 -7487 -7415 # -8321 -8321 -8193 -8193 -8193 -8193 -8193 -8065 
5 -8321 
1 -8321 
1 -8193 
3 -8193 
Elastic buffer uses 4 channels per SM
Elastic buffer uses 4 channels per SM
Elastic buffer uses 4 channels per SM
Elastic buffer uses 4 channels per SM
Elastic buffer uses 4 channels per SM
Elastic buffer uses 4 channels per SM
Elastic buffer uses 4 channels per SM
Elastic buffer uses 4 channels per SM
CPU side received count (scaleup: 6): -7202 -7388 -7412 -7456 -7423 -7467 -7440 -7486 # -8193 -8193 -8193 -8321 -8193 -8193 -819CPU side received count (scaleup: 4): -7363 -7348 -7403 -7370 -7356 -7475 -7458 -7440 # -8193 -8193 -8193 -8193 -8321 -8321 -832CPU side received count (scaleup: 7): -7465 -7476 -7412 -7494 -7408 -7513 -7461 -7568 # -8321 -8193 -8449 -8449 -8321 -8193 -832CPU side received count (scaleup: 5): -7424 -7285 -7387 -7403 -7565 -7376 -7487 -7415 # -8321 -8321 -8193 -8193 -8193 -8193 -8193 -8193 
1 -8193 
1 -8193 
CPU side received count (scaleup: 2): -7252 -7330 -7314 -7417 -7322 -7540 -7344 -7440 # -8065 -8065 -8449 -8193 -8321 -8193 -806CPU side received count (scaleup: 1): -7360 -7379 -7313 -7431 -7465 -7391 -7355 -7390 # -8193 -8065 -8193 -8193 -8193 -8193 -8063 -8193 
CPU side received count (scaleup: 0): -7334 -7401 -7457 -7344 -7407 -7428 -7487 -7503 # -8321 -8065 -8321 -8321 -8321 -8321 -819CPU side received count (scaleup: 3): -7429 -7355 -7539 -7439 -7509 -7390 -7301 -7394 # -8193 -8321 -8321 -8449 -7937 -8193 -8325 -8065 
5 -8321 
3 -8065 
1 -8321 
Elastic buffer uses 4 channels per SM
Elastic buffer uses 4 channels per SM
Elastic buffer uses 4 channels per SM
Elastic buffer uses 4 channels per SM
Elastic buffer uses 4 channels per SM
Elastic buffer uses 4 channels per SM
Elastic buffer uses 4 channels per SM
Elastic buffer uses 4 channels per SM
CPU side received count (scaleup: 2): -7252 -7330 -7314 -7417 -7322 -7540 -7344 -7440 # -8065 -8065 -8449 -8193 -8321 -8193 -806CPU side received count (scaleup: 1): -7360 -7379 -7313 -7431 -7465 -7391 -7355 -7390 # -8193 -8065 -8193 -8193 -8193 -8193 -806CPU side received count (scaleup: 3): -7429 -7355 -7539 -7439 -7509 -7390 -7301 -7394 # -8193 -8321 -8321 -8449 -7937 -8193 -832CPU side received count (scaleup: 4): -7363 -7348 -7403 -7370 -7356 -7475 -7458 -7440 # -8193 -8193 -8193 -8193 -8321 -8321 -832CPU side received count (scaleup: 5): -7424 -7285 -7387 -7403 -7565 -7376 -7487 -7415 # -8321 -8321 -8193 -8193 -8193 -8193 -8195 -8065 
CPU side received count (scaleup: 0): -7334 -7401 -7457 -7344 -7407 -7428 -7487 -7503 # -8321 -8065 -8321 -8321 -8321 -8321 -819CPU side received count (scaleup: 7): -7465 -7476 -7412 -7494 -7408 -7513 -7461 -7568 # -8321 -8193 -8449 -8449 -8321 -8193 -832CPU side received count (scaleup: 6): -7202 -7388 -7412 -7456 -7423 -7467 -7440 -7486 # -8193 -8193 -8193 -8321 -8193 -8193 -8191 -8193 
5 -8321 
1 -8321 
3 -8065 
3 -8193 
1 -8193 
3 -8193 
Elastic buffer uses 4 channels per SM
Elastic buffer uses 4 channels per SM
Elastic buffer uses 4 channels per SM
Elastic buffer uses 4 channels per SM
Elastic buffer uses 4 channels per SM
Elastic buffer uses 4 channels per SM
Elastic buffer uses 4 channels per SM
Elastic buffer uses 4 channels per SM
CPU side received count (scaleup: 2): -7252 -7330 -7314 -7417 -7322 -7540 -7344 -7440 # -8065 -8065 -8449 -8193 -8321 -8193 -806CPU side received count (scaleup: 1): -7360 -7379 -7313 -7431 -7465 -7391 -7355 -7390 # -8193 -8065 -8193 -8193 -8193 -8193 -806CPU side received count (scaleup: 3): -7429 -7355 -7539 -7439 -7509 -7390 -7301 -7394 # -8193 -8321 -8321 -8449 -7937 -8193 -832CPU side received count (scaleup: 0): -7334 -7401 -7457 -7344 -7407 -7428 -7487 -7503 # -8321 -8065 -8321 -8321 -8321 -8321 -8195 -8065 
CPU side received count (scaleup: 7): -7465 -7476 -7412 -7494 -7408 -7513 -7461 -7568 # -8321 -8193 -8449 -8449 -8321 -8193 -8325 -8321 
CPU side received count (scaleup: 6): -7202 -7388 -7412 -7456 -7423 -7467 -7440 -7486 # -8193 -8193 -8193 -8321 -8193 -8193 -819CPU side received count (scaleup: 4): -7363 -7348 -7403 -7370 -7356 -7475 -7458 -7440 # -8193 -8193 -8193 -8193 -8321 -8321 -8321 -8193 
CPU side received count (scaleup: 5): -7424 -7285 -7387 -7403 -7565 -7376 -7487 -7415 # -8321 -8321 -8193 -8193 -8193 -8193 -8191 -8321 
3 -8193 
1 -8193 
3 -8065 
3 -8193 
Elastic buffer uses 4 channels per SM
Elastic buffer uses 4 channels per SM
Elastic buffer uses 4 channels per SM
Elastic buffer uses 4 channels per SM
Elastic buffer uses 4 channels per SM
Elastic buffer uses 4 channels per SM
Elastic buffer uses 4 channels per SM
Elastic buffer uses 4 channels per SM
CPU side received count (scaleup: 6): -7202 -7388 -7412 -7456 -7423 -7467 -7440 -7486 # -8193 -8193 -8193 -8321 -8193 -8193 -819CPU side received count (scaleup: 4): -7363 -7348 -7403 -7370 -7356 -7475 -7458 -7440 # -8193 -8193 -8193 -8193 -8321 -8321 -832CPU side received count (scaleup: 0): -7334 -7401 -7457 -7344 -7407 -7428 -7487 -7503 # -8321 -8065 -8321 -8321 -8321 -8321 -819CPU side received count (scaleup: 7): -7465 -7476 -7412 -7494 -7408 -7513 -7461 -7568 # -8321 -8193 -8449 -8449 -8321 -8193 -832CPU side received count (scaleup: 5): -7424 -7285 -7387 -7403 -7565 -7376 -7487 -7415 # -8321 -8321 -8193 -8193 -8193 -8193 -8193 -8193 
CPU side received count (scaleup: 1): -7360 -7379 -7313 -7431 -7465 -7391 -7355 -7390 # -8193 -8065 -8193 -8193 -8193 -8193 -806CPU side received count (scaleup: 3): -7429 -7355 -7539 -7439 -7509 -7390 -7301 -7394 # -8193 -8321 -8321 -8449 -7937 -8193 -832CPU side received count (scaleup: 2): -7252 -7330 -7314 -7417 -7322 -7540 -7344 -7440 # -8065 -8065 -8449 -8193 -8321 -8193 -8061 -8193 
3 -8065 
1 -8193 
3 -8193 
5 -8321 
1 -8321 
5 -8065 
Elastic buffer uses 4 channels per SM
Elastic buffer uses 4 channels per SM
Elastic buffer uses 4 channels per SM
Elastic buffer uses 4 channels per SM
Elastic buffer uses 4 channels per SM
Elastic buffer uses 4 channels per SM
Elastic buffer uses 4 channels per SM
Elastic buffer uses 4 channels per SM
CPU side received count (scaleup: 7): -7465 -7476 -7412 -7494 -7408 -7513 -7461 -7568 # -8321 -8193 -8449 -8449 -8321 -8193 -832CPU side received count (scaleup: 6): -7202 -7388 -7412 -7456 -7423 -7467 -7440 -7486 # -8193 -8193 -8193 -8321 -8193 -8193 -819CPU side received count (scaleup: 5): -7424 -7285 -7387 -7403 -7565 -7376 -7487 -7415 # -8321 -8321 -8193 -8193 -8193 -8193 -819CPU side received count (scaleup: 4): -7363 -7348 -7403 -7370 -7356 -7475 -7458 -7440 # -8193 -8193 -8193 -8193 -8321 -8321 -8321 -8193 
CPU side received count (scaleup: 0): -7334 -7401 -7457 -7344 -7407 -7428 -7487 -7503 # -8321 -8065 -8321 -8321 -8321 -8321 -819CPU side received count (scaleup: 2): -7252 -7330 -7314 -7417 -7322 -7540 -7344 -7440 # -8065 -8065 -8449 -8193 -8321 -8193 -806CPU side received count (scaleup: 3): -7429 -7355 -7539 -7439 -7509 -7390 -7301 -7394 # -8193 -8321 -8321 -8449 -7937 -8193 -8321 -8193 
3 -8065 
CPU side received count (scaleup: 1): -7360 -7379 -7313 -7431 -7465 -7391 -7355 -7390 # -8193 -8065 -8193 -8193 -8193 -8193 -8063 -8193 
3 -8193 
5 -8065 
1 -8321 
5 -8321 
Elastic buffer uses 4 channels per SM
Elastic buffer uses 4 channels per SM
Elastic buffer uses 4 channels per SM
Elastic buffer uses 4 channels per SM
Elastic buffer uses 4 channels per SM
Elastic buffer uses 4 channels per SM
Elastic buffer uses 4 channels per SM
Elastic buffer uses 4 channels per SM
CPU side received count (scaleup: 6): -7202 -7388 -7412 -7456 -7423 -7467 -7440 -7486 # -8193 -8193 -8193 -8321 -8193 -8193 -819CPU side received count (scaleup: 4): -7363 -7348 -7403 -7370 -7356 -7475 -7458 -7440 # -8193 -8193 -8193 -8193 -8321 -8321 -832CPU side received count (scaleup: 7): -7465 -7476 -7412 -7494 -7408 -7513 -7461 -7568 # -8321 -8193 -8449 -8449 -8321 -8193 -832CPU side received count (scaleup: 5): -7424 -7285 -7387 -7403 -7565 -7376 -7487 -7415 # -8321 -8321 -8193 -8193 -8193 -8193 -8191 -8193 
1 -8193 
3 -8193 
CPU side received count (scaleup: 1): -7360 -7379 -7313 -7431 -7465 -7391 -7355 -7390 # -8193 -8065 -8193 -8193 -8193 -8193 -806CPU side received count (scaleup: 0): -7334 -7401 -7457 -7344 -7407 -7428 -7487 -7503 # -8321 -8065 -8321 -8321 -8321 -8321 -8195 -8321 
CPU side received count (scaleup: 3): -7429 -7355 -7539 -7439 -7509 -7390 -7301 -7394 # -8193 -8321 -8321 -8449 -7937 -8193 -8323 -8193 
CPU side received count (scaleup: 2): -7252 -7330 -7314 -7417 -7322 -7540 -7344 -7440 # -8065 -8065 -8449 -8193 -8321 -8193 -8063 -8065 
1 -8321 
5 -8065 
Elastic buffer uses 4 channels per SM
Elastic buffer uses 4 channels per SM
Elastic buffer uses 4 channels per SM
Elastic buffer uses 4 channels per SM
Elastic buffer uses 4 channels per SM
Elastic buffer uses 4 channels per SM
Elastic buffer uses 4 channels per SM
Elastic buffer uses 4 channels per SM
CPU side received count (scaleup: 4): -7363 -7348 -7403 -7370 -7356 -7475 -7458 -7440 # -8193 -8193 -8193 -8193 -8321 -8321 -832CPU side received count (scaleup: 7): -7465 -7476 -7412 -7494 -7408 -7513 -7461 -7568 # -8321 -8193 -8449 -8449 -8321 -8193 -832CPU side received count (scaleup: 5): -7424 -7285 -7387 -7403 -7565 -7376 -7487 -7415 # -8321 -8321 -8193 -8193 -8193 -8193 -8191 -8193 
1 -8193 
CPU side received count (scaleup: 6): -7202 -7388 -7412 -7456 -7423 -7467 -7440 -7486 # -8193 -8193 -8193 -8321 -8193 -8193 -819CPU side received count (scaleup: 0): -7334 -7401 -7457 -7344 -7407 -7428 -7487 -7503 # -8321 -8065 -8321 -8321 -8321 -8321 -819CPU side received count (scaleup: 2): -7252 -7330 -7314 -7417 -7322 -7540 -7344 -7440 # -8065 -8065 -8449 -8193 -8321 -8193 -8063 -8065 
CPU side received count (scaleup: 3): -7429 -7355 -7539 -7439 -7509 -7390 -7301 -7394 # -8193 -8321 -8321 -8449 -7937 -8193 -8323 -8193 
CPU side received count (scaleup: 1): -7360 -7379 -7313 -7431 -7465 -7391 -7355 -7390 # -8193 -8065 -8193 -8193 -8193 -8193 -8063 -8193 
5 -8065 
1 -8321 
5 -8321 
Elastic buffer uses 4 channels per SM
Elastic buffer uses 4 channels per SM
Elastic buffer uses 4 channels per SM
Elastic buffer uses 4 channels per SM
Elastic buffer uses 4 channels per SM
Elastic buffer uses 4 channels per SM
Elastic buffer uses 4 channels per SM
Elastic buffer uses 4 channels per SM
CPU side received count (scaleup: 1): -7360 -7379 -7313 -7431 -7465 -7391 -7355 -7390 # -8193 -8065 -8193 -8193 -8193 -8193 -806CPU side received count (scaleup: 2): -7252 -7330 -7314 -7417 -7322 -7540 -7344 -7440 # -8065 -8065 -8449 -8193 -8321 -8193 -806CPU side received count (scaleup: 3): -7429 -7355 -7539 -7439 -7509 -7390 -7301 -7394 # -8193 -8321 -8321 -8449 -7937 -8193 -832CPU side received count (scaleup: 6): -7202 -7388 -7412 -7456 -7423 -7467 -7440 -7486 # -8193 -8193 -8193 -8321 -8193 -8193 -819CPU side received count (scaleup: 4): -7363 -7348 -7403 -7370 -7356 -7475 -7458 -7440 # -8193 -8193 -8193 -8193 -8321 -8321 -832CPU side received count (scaleup: 0): -7334 -7401 -7457 -7344 -7407 -7428 -7487 -7503 # -8321 -8065 -8321 -8321 -8321 -8321 -819CPU side received count (scaleup: 7): -7465 -7476 -7412 -7494 -7408 -7513 -7461 -7568 # -8321 -8193 -8449 -8449 -8321 -8193 -832CPU side received count (scaleup: 5): -7424 -7285 -7387 -7403 -7565 -7376 -7487 -7415 # -8321 -8321 -8193 -8193 -8193 -8193 -8195 -8321 
5 -8065 
1 -8321 
3 -8193 
3 -8193 
1 -8193 
3 -8065 
1 -8193 
Elastic buffer uses 4 channels per SM
Elastic buffer uses 4 channels per SM
Elastic buffer uses 4 channels per SM
Elastic buffer uses 4 channels per SM
Elastic buffer uses 4 channels per SM
Elastic buffer uses 4 channels per SM
Elastic buffer uses 4 channels per SM
Elastic buffer uses 4 channels per SM
CPU side received count (scaleup: 2): -7252 -7330 -7314 -7417 -7322 -7540 -7344 -7440 # -8065 -8065 -8449 -8193 -8321 -8193 -806CPU side received count (scaleup: 3): -7429 -7355 -7539 -7439 -7509 -7390 -7301 -7394 # -8193 -8321 -8321 -8449 -7937 -8193 -832CPU side received count (scaleup: 0): -7334 -7401 -7457 -7344 -7407 -7428 -7487 -7503 # -8321 -8065 -8321 -8321 -8321 -8321 -819CPU side received count (scaleup: 5): -7424 -7285 -7387 -7403 -7565 -7376 -7487 -7415 # -8321 -8321 -8193 -8193 -8193 -8193 -8191 -8321 
5 -8065 
CPU side received count (scaleup: 1): -7360 -7379 -7313 -7431 -7465 -7391 -7355 -7390 # -8193 -8065 -8193 -8193 -8193 -8193 -806CPU side received count (scaleup: 7): -7465 -7476 -7412 -7494 -7408 -7513 -7461 -7568 # -8321 -8193 -8449 -8449 -8321 -8193 -832CPU side received count (scaleup: 6): -7202 -7388 -7412 -7456 -7423 -7467 -7440 -7486 # -8193 -8193 -8193 -8321 -8193 -8193 -819CPU side received count (scaleup: 4): -7363 -7348 -7403 -7370 -7356 -7475 -7458 -7440 # -8193 -8193 -8193 -8193 -8321 -8321 -8323 -8065 
3 -8193 
5 -8321 
1 -8193 
3 -8193 
1 -8193 
Elastic buffer uses 4 channels per SM
Elastic buffer uses 4 channels per SM
Elastic buffer uses 4 channels per SM
Elastic buffer uses 4 channels per SM
Elastic buffer uses 4 channels per SM
Elastic buffer uses 4 channels per SM
Elastic buffer uses 4 channels per SM
Elastic buffer uses 4 channels per SM
CPU side received count (scaleup: 6): -7202 -7388 -7412 -7456 -7423 -7467 -7440 -7486 # -8193 -8193 -8193 -8321 -8193 -8193 -819CPU side received count (scaleup: 4): -7363 -7348 -7403 -7370 -7356 -7475 -7458 -7440 # -8193 -8193 -8193 -8193 -8321 -8321 -832CPU side received count (scaleup: 7): -7465 -7476 -7412 -7494 -7408 -7513 -7461 -7568 # -8321 -8193 -8449 -8449 -8321 -8193 -832CPU side received count (scaleup: 2): -7252 -7330 -7314 -7417 -7322 -7540 -7344 -7440 # -8065 -8065 -8449 -8193 -8321 -8193 -806CPU side received count (scaleup: 0): -7334 -7401 -7457 -7344 -7407 -7428 -7487 -7503 # -8321 -8065 -8321 -8321 -8321 -8321 -8193 -8193 
1 -8193 
1 -8193 
CPU side received count (scaleup: 5): -7424 -7285 -7387 -7403 -7565 -7376 -7487 -7415 # -8321 -8321 -8193 -8193 -8193 -8193 -819CPU side received count (scaleup: 3): -7429 -7355 -7539 -7439 -7509 -7390 -7301 -7394 # -8193 -8321 -8321 -8449 -7937 -8193 -832CPU side received count (scaleup: 1): -7360 -7379 -7313 -7431 -7465 -7391 -7355 -7390 # -8193 -8065 -8193 -8193 -8193 -8193 -8063 -8065 
3 -8193 
5 -8065 
1 -8321 
5 -8321 
Elastic buffer uses 4 channels per SM
Elastic buffer uses 4 channels per SM
Elastic buffer uses 4 channels per SM
Elastic buffer uses 4 channels per SM
Elastic buffer uses 4 channels per SM
Elastic buffer uses 4 channels per SM
Elastic buffer uses 4 channels per SM
Elastic buffer uses 4 channels per SM
CPU side received count (scaleup: 1): -7360 -7379 -7313 -7431 -7465 -7391 -7355 -7390 # -8193 -8065 -8193 -8193 -8193 -8193 -806CPU side received count (scaleup: 2): -7252 -7330 -7314 -7417 -7322 -7540 -7344 -7440 # -8065 -8065 -8449 -8193 -8321 -8193 -806CPU side received count (scaleup: 3): -7429 -7355 -7539 -7439 -7509 -7390 -7301 -7394 # -8193 -8321 -8321 -8449 -7937 -8193 -832CPU side received count (scaleup: 7): -7465 -7476 -7412 -7494 -7408 -7513 -7461 -7568 # -8321 -8193 -8449 -8449 -8321 -8193 -832CPU side received count (scaleup: 0): -7334 -7401 -7457 -7344 -7407 -7428 -7487 -7503 # -8321 -8065 -8321 -8321 -8321 -8321 -819CPU side received count (scaleup: 4): -7363 -7348 -7403 -7370 -7356 -7475 -7458 -7440 # -8193 -8193 -8193 -8193 -8321 -8321 -832CPU side received count (scaleup: 6): -7202 -7388 -7412 -7456 -7423 -7467 -7440 -7486 # -8193 -8193 -8193 -8321 -8193 -8193 -8195 -8065 
CPU side received count (scaleup: 5): -7424 -7285 -7387 -7403 -7565 -7376 -7487 -7415 # -8321 -8321 -8193 -8193 -8193 -8193 -8195 -8321 
3 -8065 
1 -8193 
3 -8193 
1 -8193 
3 -8193 
1 -8321 
Elastic buffer uses 4 channels per SM
Elastic buffer uses 4 channels per SM
Elastic buffer uses 4 channels per SM
Elastic buffer uses 4 channels per SM
Elastic buffer uses 4 channels per SM
Elastic buffer uses 4 channels per SM
Elastic buffer uses 4 channels per SM
Elastic buffer uses 4 channels per SM
CPU side received count (scaleup: 4): -7363 -7348 -7403 -7370 -7356 -7475 -7458 -7440 # -8193 -8193 -8193 -8193 -8321 -8321 -832CPU side received count (scaleup: 7): -7465 -7476 -7412 -7494 -7408 -7513 -7461 -7568 # -8321 -8193 -8449 -8449 -8321 -8193 -832CPU side received count (scaleup: 6): -7202 -7388 -7412 -7456 -7423 -7467 -7440 -7486 # -8193 -8193 -8193 -8321 -8193 -8193 -819CPU side received count (scaleup: 5): -7424 -7285 -7387 -7403 -7565 -7376 -7487 -7415 # -8321 -8321 -8193 -8193 -8193 -8193 -819CPU side received count (scaleup: 2): -7252 -7330 -7314 -7417 -7322 -7540 -7344 -7440 # -8065 -8065 -8449 -8193 -8321 -8193 -806CPU side received count (scaleup: 3): -7429 -7355 -7539 -7439 -7509 -7390 -7301 -7394 # -8193 -8321 -8321 -8449 -7937 -8193 -8321 -8193 
CPU side received count (scaleup: 1): -7360 -7379 -7313 -7431 -7465 -7391 -7355 -7390 # -8193 -8065 -8193 -8193 -8193 -8193 -806CPU side received count (scaleup: 0): -7334 -7401 -7457 -7344 -7407 -7428 -7487 -7503 # -8321 -8065 -8321 -8321 -8321 -8321 -8191 -8193 
5 -8065 
3 -8193 
3 -8193 
1 -8321 
5 -8321 
3 -8065 
Elastic buffer uses 4 channels per SM
Elastic buffer uses 4 channels per SM
Elastic buffer uses 4 channels per SM
Elastic buffer uses 4 channels per SM
Elastic buffer uses 4 channels per SM
Elastic buffer uses 4 channels per SM
Elastic buffer uses 4 channels per SM
Elastic buffer uses 4 channels per SM
CPU side received count (scaleup: 6): -7202 -7388 -7412 -7456 -7423 -7467 -7440 -7486 # -8193 -8193 -8193 -8321 -8193 -8193 -819CPU side received count (scaleup: 4): -7363 -7348 -7403 -7370 -7356 -7475 -7458 -7440 # -8193 -8193 -8193 -8193 -8321 -8321 -832CPU side received count (scaleup: 5): -7424 -7285 -7387 -7403 -7565 -7376 -7487 -7415 # -8321 -8321 -8193 -8193 -8193 -8193 -8193 -8193 
1 -8193 
3 -8193 
CPU side received count (scaleup: 2): -7252 -7330 -7314 -7417 -7322 -7540 -7344 -7440 # -8065 -8065 -8449 -8193 -8321 -8193 -806CPU side received count (scaleup: 1): -7360 -7379 -7313 -7431 -7465 -7391 -7355 -7390 # -8193 -8065 -8193 -8193 -8193 -8193 -806CPU side received count (scaleup: 7): -7465 -7476 -7412 -7494 -7408 -7513 -7461 -7568 # -8321 -8193 -8449 -8449 -8321 -8193 -832CPU side received count (scaleup: 3): -7429 -7355 -7539 -7439 -7509 -7390 -7301 -7394 # -8193 -8321 -8321 -8449 -7937 -8193 -8325 -8065 
CPU side received count (scaleup: 0): -7334 -7401 -7457 -7344 -7407 -7428 -7487 -7503 # -8321 -8065 -8321 -8321 -8321 -8321 -8191 -8193 
5 -8321 
1 -8321 
3 -8065 
Elastic buffer uses 4 channels per SM
Elastic buffer uses 4 channels per SM
Elastic buffer uses 4 channels per SM
Elastic buffer uses 4 channels per SM
Elastic buffer uses 4 channels per SM
Elastic buffer uses 4 channels per SM
Elastic buffer uses 4 channels per SM
Elastic buffer uses 4 channels per SM
CPU side received count (scaleup: 1): -7360 -7379 -7313 -7431 -7465 -7391 -7355 -7390 # -8193 -8065 -8193 -8193 -8193 -8193 -806CPU side received count (scaleup: 2): -7252 -7330 -7314 -7417 -7322 -7540 -7344 -7440 # -8065 -8065 -8449 -8193 -8321 -8193 -806CPU side received count (scaleup: 6): -7202 -7388 -7412 -7456 -7423 -7467 -7440 -7486 # -8193 -8193 -8193 -8321 -8193 -8193 -819CPU side received count (scaleup: 5): -7424 -7285 -7387 -7403 -7565 -7376 -7487 -7415 # -8321 -8321 -8193 -8193 -8193 -8193 -819CPU side received count (scaleup: 3): -7429 -7355 -7539 -7439 -7509 -7390 -7301 -7394 # -8193 -8321 -8321 -8449 -7937 -8193 -8325 -8065 
3 -8193 
CPU side received count (scaleup: 0): -7334 -7401 -7457 -7344 -7407 -7428 -7487 -7503 # -8321 -8065 -8321 -8321 -8321 -8321 -819CPU side received count (scaleup: 4): -7363 -7348 -7403 -7370 -7356 -7475 -7458 -7440 # -8193 -8193 -8193 -8193 -8321 -8321 -832CPU side received count (scaleup: 7): -7465 -7476 -7412 -7494 -7408 -7513 -7461 -7568 # -8321 -8193 -8449 -8449 -8321 -8193 -8325 -8321 
3 -8193 
1 -8321 
3 -8065 
1 -8193 
1 -8193 
Elastic buffer uses 4 channels per SM
Elastic buffer uses 4 channels per SM
Elastic buffer uses 4 channels per SM
Elastic buffer uses 4 channels per SM
Elastic buffer uses 4 channels per SM
Elastic buffer uses 4 channels per SM
Elastic buffer uses 4 channels per SM
Elastic buffer uses 4 channels per SM
CPU side received count (scaleup: 7): -7465 -7476 -7412 -7494 -7408 -7513 -7461 -7568 # -8321 -8193 -8449 -8449 -8321 -8193 -832CPU side received count (scaleup: 5): -7424 -7285 -7387 -7403 -7565 -7376 -7487 -7415 # -8321 -8321 -8193 -8193 -8193 -8193 -819CPU side received count (scaleup: 4): -7363 -7348 -7403 -7370 -7356 -7475 -7458 -7440 # -8193 -8193 -8193 -8193 -8321 -8321 -8321 -8193 
CPU side received count (scaleup: 6): -7202 -7388 -7412 -7456 -7423 -7467 -7440 -7486 # -8193 -8193 -8193 -8321 -8193 -8193 -819CPU side received count (scaleup: 0): -7334 -7401 -7457 -7344 -7407 -7428 -7487 -7503 # -8321 -8065 -8321 -8321 -8321 -8321 -819CPU side received count (scaleup: 2): -7252 -7330 -7314 -7417 -7322 -7540 -7344 -7440 # -8065 -8065 -8449 -8193 -8321 -8193 -806CPU side received count (scaleup: 3): -7429 -7355 -7539 -7439 -7509 -7390 -7301 -7394 # -8193 -8321 -8321 -8449 -7937 -8193 -832CPU side received count (scaleup: 1): -7360 -7379 -7313 -7431 -7465 -7391 -7355 -7390 # -8193 -8065 -8193 -8193 -8193 -8193 -8063 -8193 
5 -8065 
1 -8193 
5 -8321 
3 -8193 
3 -8065 
1 -8321 
Elastic buffer uses 4 channels per SM
Elastic buffer uses 4 channels per SM
Elastic buffer uses 4 channels per SM
Elastic buffer uses 4 channels per SM
Elastic buffer uses 4 channels per SM
Elastic buffer uses 4 channels per SM
Elastic buffer uses 4 channels per SM
Elastic buffer uses 4 channels per SM
CPU side received count (scaleup: 4): -7363 -7348 -7403 -7370 -7356 -7475 -7458 -7440 # -8193 -8193 -8193 -8193 -8321 -8321 -832CPU side received count (scaleup: 5): -7424 -7285 -7387 -7403 -7565 -7376 -7487 -7415 # -8321 -8321 -8193 -8193 -8193 -8193 -819CPU side received count (scaleup: 1): -7360 -7379 -7313 -7431 -7465 -7391 -7355 -7390 # -8193 -8065 -8193 -8193 -8193 -8193 -806CPU side received count (scaleup: 6): -7202 -7388 -7412 -7456 -7423 -7467 -7440 -7486 # -8193 -8193 -8193 -8321 -8193 -8193 -819CPU side received count (scaleup: 7): -7465 -7476 -7412 -7494 -7408 -7513 -7461 -7568 # -8321 -8193 -8449 -8449 -8321 -8193 -832CPU side received count (scaleup: 2): -7252 -7330 -7314 -7417 -7322 -7540 -7344 -7440 # -8065 -8065 -8449 -8193 -8321 -8193 -806CPU side received count (scaleup: 3): -7429 -7355 -7539 -7439 -7509 -7390 -7301 -7394 # -8193 -8321 -8321 -8449 -7937 -8193 -8321 -8193 
CPU side received count (scaleup: 0): -7334 -7401 -7457 -7344 -7407 -7428 -7487 -7503 # -8321 -8065 -8321 -8321 -8321 -8321 -8191 -8193 
3 -8193 
5 -8321 
3 -8193 
5 -8065 
1 -8321 
3 -8065 
Elastic buffer uses 4 channels per SM
Elastic buffer uses 4 channels per SM
Elastic buffer uses 4 channels per SM
Elastic buffer uses 4 channels per SM
Elastic buffer uses 4 channels per SM
Elastic buffer uses 4 channels per SM
Elastic buffer uses 4 channels per SM
Elastic buffer uses 4 channels per SM
CPU side received count (scaleup: 6): -7202 -7388 -7412 -7456 -7423 -7467 -7440 -7486 # -8193 -8193 -8193 -8321 -8193 -8193 -819CPU side received count (scaleup: 5): -7424 -7285 -7387 -7403 -7565 -7376 -7487 -7415 # -8321 -8321 -8193 -8193 -8193 -8193 -819CPU side received count (scaleup: 7): -7465 -7476 -7412 -7494 -7408 -7513 -7461 -7568 # -8321 -8193 -8449 -8449 -8321 -8193 -8323 -8193 
3 -8193 
1 -8193 
CPU side received count (scaleup: 2): -7252 -7330 -7314 -7417 -7322 -7540 -7344 -7440 # -8065 -8065 -8449 -8193 -8321 -8193 -806CPU side received count (scaleup: 4): -7363 -7348 -7403 -7370 -7356 -7475 -7458 -7440 # -8193 -8193 -8193 -8193 -8321 -8321 -832CPU side received count (scaleup: 0): -7334 -7401 -7457 -7344 -7407 -7428 -7487 -7503 # -8321 -8065 -8321 -8321 -8321 -8321 -819CPU side received count (scaleup: 3): -7429 -7355 -7539 -7439 -7509 -7390 -7301 -7394 # -8193 -8321 -8321 -8449 -7937 -8193 -8321 -8193 
3 -8065 
CPU side received count (scaleup: 1): -7360 -7379 -7313 -7431 -7465 -7391 -7355 -7390 # -8193 -8065 -8193 -8193 -8193 -8193 -8065 -8065 
1 -8321 
5 -8321 
Elastic buffer uses 4 channels per SM
Elastic buffer uses 4 channels per SM
Elastic buffer uses 4 channels per SM
Elastic buffer uses 4 channels per SM
Elastic buffer uses 4 channels per SM
Elastic buffer uses 4 channels per SM
Elastic buffer uses 4 channels per SM
Elastic buffer uses 4 channels per SM
CPU side received count (scaleup: 6): -7202 -7388 -7412 -7456 -7423 -7467 -7440 -7486 # -8193 -8193 -8193 -8321 -8193 -8193 -819CPU side received count (scaleup: 4): -7363 -7348 -7403 -7370 -7356 -7475 -7458 -7440 # -8193 -8193 -8193 -8193 -8321 -8321 -832CPU side received count (scaleup: 7): -7465 -7476 -7412 -7494 -7408 -7513 -7461 -7568 # -8321 -8193 -8449 -8449 -8321 -8193 -832CPU side received count (scaleup: 5): -7424 -7285 -7387 -7403 -7565 -7376 -7487 -7415 # -8321 -8321 -8193 -8193 -8193 -8193 -8193 -8193 
CPU side received count (scaleup: 2): -7252 -7330 -7314 -7417 -7322 -7540 -7344 -7440 # -8065 -8065 -8449 -8193 -8321 -8193 -806CPU side received count (scaleup: 0): -7334 -7401 -7457 -7344 -7407 -7428 -7487 -7503 # -8321 -8065 -8321 -8321 -8321 -8321 -819CPU side received count (scaleup: 1): -7360 -7379 -7313 -7431 -7465 -7391 -7355 -7390 # -8193 -8065 -8193 -8193 -8193 -8193 -8061 -8193 
3 -8065 
1 -8193 
CPU side received count (scaleup: 3): -7429 -7355 -7539 -7439 -7509 -7390 -7301 -7394 # -8193 -8321 -8321 -8449 -7937 -8193 -8323 -8193 
5 -8065 
1 -8321 
5 -8321 
Elastic buffer uses 4 channels per SM
Elastic buffer uses 4 channels per SM
Elastic buffer uses 4 channels per SM
Elastic buffer uses 4 channels per SM
Elastic buffer uses 4 channels per SM
Elastic buffer uses 4 channels per SM
Elastic buffer uses 4 channels per SM
Elastic buffer uses 4 channels per SM
CPU side received count (scaleup: 2): -7252 -7330 -7314 -7417 -7322 -7540 -7344 -7440 # -8065 -8065 -8449 -8193 -8321 -8193 -806CPU side received count (scaleup: 3): -7429 -7355 -7539 -7439 -7509 -7390 -7301 -7394 # -8193 -8321 -8321 -8449 -7937 -8193 -832CPU side received count (scaleup: 1): -7360 -7379 -7313 -7431 -7465 -7391 -7355 -7390 # -8193 -8065 -8193 -8193 -8193 -8193 -806CPU side received count (scaleup: 6): -7202 -7388 -7412 -7456 -7423 -7467 -7440 -7486 # -8193 -8193 -8193 -8321 -8193 -8193 -819CPU side received count (scaleup: 5): -7424 -7285 -7387 -7403 -7565 -7376 -7487 -7415 # -8321 -8321 -8193 -8193 -8193 -8193 -8191 -8321 
5 -8321 
CPU side received count (scaleup: 0): -7334 -7401 -7457 -7344 -7407 -7428 -7487 -7503 # -8321 -8065 -8321 -8321 -8321 -8321 -8193 -8193 
CPU side received count (scaleup: 4): -7363 -7348 -7403 -7370 -7356 -7475 -7458 -7440 # -8193 -8193 -8193 -8193 -8321 -8321 -8325 -8065 
CPU side received count (scaleup: 7): -7465 -7476 -7412 -7494 -7408 -7513 -7461 -7568 # -8321 -8193 -8449 -8449 -8321 -8193 -8323 -8193 
1 -8193 
3 -8065 
1 -8193 
Elastic buffer uses 4 channels per SM
Elastic buffer uses 4 channels per SM
Elastic buffer uses 4 channels per SM
Elastic buffer uses 4 channels per SM
Elastic buffer uses 4 channels per SM
Elastic buffer uses 4 channels per SM
Elastic buffer uses 4 channels per SM
Elastic buffer uses 4 channels per SM
CPU side received count (scaleup: 4): -7363 -7348 -7403 -7370 -7356 -7475 -7458 -7440 # -8193 -8193 -8193 -8193 -8321 -8321 -832CPU side received count (scaleup: 5): -7424 -7285 -7387 -7403 -7565 -7376 -7487 -7415 # -8321 -8321 -8193 -8193 -8193 -8193 -819CPU side received count (scaleup: 7): -7465 -7476 -7412 -7494 -7408 -7513 -7461 -7568 # -8321 -8193 -8449 -8449 -8321 -8193 -832CPU side received count (scaleup: 6): -7202 -7388 -7412 -7456 -7423 -7467 -7440 -7486 # -8193 -8193 -8193 -8321 -8193 -8193 -819CPU side received count (scaleup: 2): -7252 -7330 -7314 -7417 -7322 -7540 -7344 -7440 # -8065 -8065 -8449 -8193 -8321 -8193 -806CPU side received count (scaleup: 1): -7360 -7379 -7313 -7431 -7465 -7391 -7355 -7390 # -8193 -8065 -8193 -8193 -8193 -8193 -8061 -8193 
CPU side received count (scaleup: 3): -7429 -7355 -7539 -7439 -7509 -7390 -7301 -7394 # -8193 -8321 -8321 -8449 -7937 -8193 -8323 -8193 
CPU side received count (scaleup: 0): -7334 -7401 -7457 -7344 -7407 -7428 -7487 -7503 # -8321 -8065 -8321 -8321 -8321 -8321 -8191 -8193 
5 -8321 
1 -8321 
3 -8065 
3 -8193 
5 -8065 
USDT:2026-08-25 02:20:50 437:437 SyncActivityProfilerHandler.cpp:59] profiler_stop
USDT:2026-08-25 02:20:50 438:438 SyncActivityProfilerHandler.cpp:59] profiler_stopUSDT:2026-08-25 02:20:50 433:433 SyncActivityProfilerHandler.cpp:59] profiler_stopUSDT:2026-08-25 02:20:50 434:434 SyncActivityProfilerHandler.cpp:59] profiler_stopUSDT:2026-08-25 02:20:50 435:435 SyncActivityProfilerHandler.cpp:59] profiler_stopUSDT:2026-08-25 02:20:50 436:436 SyncActivityProfilerHandler.cpp:59] profiler_stop



USDT:2026-08-25 02:20:50 439:439 SyncActivityProfilerHandler.cpp:59] profiler_stop
USDT:2026-08-25 02:20:50 440:440 SyncActivityProfilerHandler.cpp:59] profiler_stop

   - EP:   1/32 | expanded dispatch: 51 GB/s (SO), 102 GB/s (SU), 4326.000 us, 442361088 bytes | copy: 2204 GB/s, 423.708 us
   - EP:   6/32 | expanded dispatch: 51 GB/s (SO), 103 GB/s (SU), 4326.000 us, 443783808 bytes | copy: 2130 GB/s, 440.265 us
   - EP:   5/32 | expanded dispatch: 51 GB/s (SO), 103 GB/s (SU), 4326.000 us, 444292992 bytes | copy: 2200 GB/s, 426.780 us
   - EP:   4/32 | expanded dispatch: 51 GB/s (SO), 102 GB/s (SU), 4326.000 us, 443327040 bytes | copy: 2258 GB/s, 415.574 us
   - EP:   0/32 | expanded dispatch: 51 GB/s (SO), 103 GB/s (SU), 4326.000 us, 444435264 bytes | copy: 2129 GB/s, 441.766 us
   - EP:   7/32 | expanded dispatch: 51 GB/s (SO), 103 GB/s (SU), 4326.000 us, 447700032 bytes | copy: 2178 GB/s, 434.767 us
   - EP:   2/32 | expanded dispatch: 51 GB/s (SO), 102 GB/s (SU), 4326.000 us, 441425088 bytes | copy: 2097 GB/s, 445.132 us
   - EP:   3/32 | expanded dispatch: 51 GB/s (SO), 103 GB/s (SU), 4326.000 us, 444397824 bytes | copy: 2118 GB/s, 444.127 us
Elastic buffer uses 4 channels per SM
Elastic buffer uses 4 channels per SM
Elastic buffer uses 4 channels per SM
Elastic buffer uses 4 channels per SM
Elastic buffer uses 4 channels per SM
Elastic buffer uses 4 channels per SM
Elastic buffer uses 4 channels per SM
Elastic buffer uses 4 channels per SM
Elastic buffer uses 4 channels per SM
Elastic buffer uses 4 channels per SM
Elastic buffer uses 4 channels per SM
Elastic buffer uses 4 channels per SM
Elastic buffer uses 4 channels per SM
Elastic buffer uses 4 channels per SM
Elastic buffer uses 4 channels per SM
Elastic buffer uses 4 channels per SM
Elastic buffer uses 4 channels per SM
Elastic buffer uses 4 channels per SM
Elastic buffer uses 4 channels per SM
Elastic buffer uses 4 channels per SM
Elastic buffer uses 4 channels per SM
Elastic buffer uses 4 channels per SM
Elastic buffer uses 4 channels per SM
Elastic buffer uses 4 channels per SM
Elastic buffer uses 4 channels per SM
Elastic buffer uses 4 channels per SM
Elastic buffer uses 4 channels per SM
Elastic buffer uses 4 channels per SM
Elastic buffer uses 4 channels per SM
Elastic buffer uses 4 channels per SM
Elastic buffer uses 4 channels per SM
Elastic buffer uses 4 channels per SM
Elastic buffer uses 4 channels per SM
Elastic buffer uses 4 channels per SM
Elastic buffer uses 4 channels per SM
Elastic buffer uses 4 channels per SM
Elastic buffer uses 4 channels per SM
Elastic buffer uses 4 channels per SM
Elastic buffer uses 4 channels per SM
Elastic buffer uses 4 channels per SM
Elastic buffer uses 4 channels per SM
Elastic buffer uses 4 channels per SM
Elastic buffer uses 4 channels per SM
Elastic buffer uses 4 channels per SM
Elastic buffer uses 4 channels per SM
Elastic buffer uses 4 channels per SM
Elastic buffer uses 4 channels per SM
Elastic buffer uses 4 channels per SM
Elastic buffer uses 4 channels per SM
Elastic buffer uses 4 channels per SM
Elastic buffer uses 4 channels per SM
Elastic buffer uses 4 channels per SM
Elastic buffer uses 4 channels per SM
Elastic buffer uses 4 channels per SM
Elastic buffer uses 4 channels per SM
Elastic buffer uses 4 channels per SM
Elastic buffer uses 4 channels per SM
Elastic buffer uses 4 channels per SM
Elastic buffer uses 4 channels per SM
Elastic buffer uses 4 channels per SM
Elastic buffer uses 4 channels per SM
Elastic buffer uses 4 channels per SM
Elastic buffer uses 4 channels per SM
Elastic buffer uses 4 channels per SM
Elastic buffer uses 4 channels per SM
Elastic buffer uses 4 channels per SM
Elastic buffer uses 4 channels per SM
Elastic buffer uses 4 channels per SM
Elastic buffer uses 4 channels per SM
Elastic buffer uses 4 channels per SM
Elastic buffer uses 4 channels per SM
Elastic buffer uses 4 channels per SM
Elastic buffer uses 4 channels per SM
Elastic buffer uses 4 channels per SM
Elastic buffer uses 4 channels per SM
Elastic buffer uses 4 channels per SM
Elastic buffer uses 4 channels per SM
Elastic buffer uses 4 channels per SM
Elastic buffer uses 4 channels per SM
Elastic buffer uses 4 channels per SM
Elastic buffer uses 4 channels per SM
Elastic buffer uses 4 channels per SM
Elastic buffer uses 4 channels per SM
Elastic buffer uses 4 channels per SM
Elastic buffer uses 4 channels per SM
Elastic buffer uses 4 channels per SM
Elastic buffer uses 4 channels per SM
Elastic buffer uses 4 channels per SM
Elastic buffer uses 4 channels per SM
Elastic buffer uses 4 channels per SM
Elastic buffer uses 4 channels per SM
Elastic buffer uses 4 channels per SM
Elastic buffer uses 4 channels per SM
Elastic buffer uses 4 channels per SM
Elastic buffer uses 4 channels per SM
Elastic buffer uses 4 channels per SM
Elastic buffer uses 4 channels per SM
Elastic buffer uses 4 channels per SM
Elastic buffer uses 4 channels per SM
Elastic buffer uses 4 channels per SM
Elastic buffer uses 4 channels per SM
Elastic buffer uses 4 channels per SM
Elastic buffer uses 4 channels per SM
Elastic buffer uses 4 channels per SM
Elastic buffer uses 4 channels per SM
Elastic buffer uses 4 channels per SM
Elastic buffer uses 4 channels per SM
Elastic buffer uses 4 channels per SM
Elastic buffer uses 4 channels per SM
Elastic buffer uses 4 channels per SM
Elastic buffer uses 4 channels per SM
Elastic buffer uses 4 channels per SM
Elastic buffer uses 4 channels per SM
Elastic buffer uses 4 channels per SM
Elastic buffer uses 4 channels per SM
Elastic buffer uses 4 channels per SM
Elastic buffer uses 4 channels per SM
Elastic buffer uses 4 channels per SM
Elastic buffer uses 4 channels per SM
Elastic buffer uses 4 channels per SM
Elastic buffer uses 4 channels per SM
Elastic buffer uses 4 channels per SM
Elastic buffer uses 4 channels per SM
Elastic buffer uses 4 channels per SM
Elastic buffer uses 4 channels per SM
Elastic buffer uses 4 channels per SM
Elastic buffer uses 4 channels per SM
Elastic buffer uses 4 channels per SM
Elastic buffer uses 4 channels per SM
Elastic buffer uses 4 channels per SM
Elastic buffer uses 4 channels per SM
Elastic buffer uses 4 channels per SM
Elastic buffer uses 4 channels per SM
Elastic buffer uses 4 channels per SM
Elastic buffer uses 4 channels per SM
Elastic buffer uses 4 channels per SM
Elastic buffer uses 4 channels per SM
Elastic buffer uses 4 channels per SM
Elastic buffer uses 4 channels per SM
Elastic buffer uses 4 channels per SM
Elastic buffer uses 4 channels per SM
Elastic buffer uses 4 channels per SM
Elastic buffer uses 4 channels per SM
Elastic buffer uses 4 channels per SM
Elastic buffer uses 4 channels per SM
Elastic buffer uses 4 channels per SM
Elastic buffer uses 4 channels per SM
Elastic buffer uses 4 channels per SM
Elastic buffer uses 4 channels per SM
Elastic buffer uses 4 channels per SM
Elastic buffer uses 4 channels per SM
Elastic buffer uses 4 channels per SM
Elastic buffer uses 4 channels per SM
Elastic buffer uses 4 channels per SM
Elastic buffer uses 4 channels per SM
Elastic buffer uses 4 channels per SM
Elastic buffer uses 4 channels per SM
Elastic buffer uses 4 channels per SM
Elastic buffer uses 4 channels per SM
Elastic buffer uses 4 channels per SM
Elastic buffer uses 4 channels per SM
Elastic buffer uses 4 channels per SM
Elastic buffer uses 4 channels per SM
Elastic buffer uses 4 channels per SM
Elastic buffer uses 4 channels per SM
Elastic buffer uses 4 channels per SM
Elastic buffer uses 4 channels per SM
Elastic buffer uses 4 channels per SM
Elastic buffer uses 4 channels per SM
Elastic buffer uses 4 channels per SM
Elastic buffer uses 4 channels per SM
Elastic buffer uses 4 channels per SM
Elastic buffer uses 4 channels per SM
Elastic buffer uses 4 channels per SM
Elastic buffer uses 4 channels per SM
Elastic buffer uses 4 channels per SM
Elastic buffer uses 4 channels per SM
Elastic buffer uses 4 channels per SM
Elastic buffer uses 4 channels per SM
Elastic buffer uses 4 channels per SM
Elastic buffer uses 4 channels per SM
Elastic buffer uses 4 channels per SM
Elastic buffer uses 4 channels per SM
Elastic buffer uses 4 channels per SM
Elastic buffer uses 4 channels per SM
Elastic buffer uses 4 channels per SM
Elastic buffer uses 4 channels per SM
Elastic buffer uses 4 channels per SM
Elastic buffer uses 4 channels per SM
Elastic buffer uses 4 channels per SM
Elastic buffer uses 4 channels per SM
Elastic buffer uses 4 channels per SM
Elastic buffer uses 4 channels per SM
Elastic buffer uses 4 channels per SM
Elastic buffer uses 4 channels per SM
Elastic buffer uses 4 channels per SM
Elastic buffer uses 4 channels per SM
Elastic buffer uses 4 channels per SM
Elastic buffer uses 4 channels per SM
Elastic buffer uses 4 channels per SM
Elastic buffer uses 4 channels per SM
Elastic buffer uses 4 channels per SM
Elastic buffer uses 4 channels per SM
Elastic buffer uses 4 channels per SM
Elastic buffer uses 4 channels per SM
Elastic buffer uses 4 channels per SM
Elastic buffer uses 4 channels per SM
Elastic buffer uses 4 channels per SM
Elastic buffer uses 4 channels per SM
Elastic buffer uses 4 channels per SM
Elastic buffer uses 4 channels per SM
Elastic buffer uses 4 channels per SM
Elastic buffer uses 4 channels per SM
Elastic buffer uses 4 channels per SM
Elastic buffer uses 4 channels per SM
Elastic buffer uses 4 channels per SM
Elastic buffer uses 4 channels per SM
Elastic buffer uses 4 channels per SM
Elastic buffer uses 4 channels per SM
Elastic buffer uses 4 channels per SM
Elastic buffer uses 4 channels per SM
Elastic buffer uses 4 channels per SM
Elastic buffer uses 4 channels per SM
Elastic buffer uses 4 channels per SM
Elastic buffer uses 4 channels per SM
Elastic buffer uses 4 channels per SM
Elastic buffer uses 4 channels per SM
Elastic buffer uses 4 channels per SM
Elastic buffer uses 4 channels per SM
Elastic buffer uses 4 channels per SM
Elastic buffer uses 4 channels per SM
Elastic buffer uses 4 channels per SM
Elastic buffer uses 4 channels per SM
Elastic buffer uses 4 channels per SM
Elastic buffer uses 4 channels per SM
Elastic buffer uses 4 channels per SM
Elastic buffer uses 4 channels per SM
Elastic buffer uses 4 channels per SM
Elastic buffer uses 4 channels per SM
Elastic buffer uses 4 channels per SM
Elastic buffer uses 4 channels per SM
Elastic buffer uses 4 channels per SM
Elastic buffer uses 4 channels per SM
Elastic buffer uses 4 channels per SM
Elastic buffer uses 4 channels per SM
Elastic buffer uses 4 channels per SM
Elastic buffer uses 4 channels per SM
Elastic buffer uses 4 channels per SM
Elastic buffer uses 4 channels per SM
Elastic buffer uses 4 channels per SM
Elastic buffer uses 4 channels per SM
Elastic buffer uses 4 channels per SM
Elastic buffer uses 4 channels per SM
Elastic buffer uses 4 channels per SM
Elastic buffer uses 4 channels per SM
Elastic buffer uses 4 channels per SM
USDT:2026-08-25 02:20:50 437:437 SyncActivityProfilerHandler.cpp:52] profiler_startUSDT:2026-08-25 02:20:50 434:434 SyncActivityProfilerHandler.cpp:52] profiler_startUSDT:2026-08-25 02:20:50 439:439 SyncActivityProfilerHandler.cpp:52] profiler_start
USDT:2026-08-25 02:20:50 435:435 SyncActivityProfilerHandler.cpp:52] profiler_start
USDT:2026-08-25 02:20:50 440:440 SyncActivityProfilerHandler.cpp:52] profiler_start
USDT:2026-08-25 02:20:50 438:438 SyncActivityProfilerHandler.cpp:52] profiler_start
USDT:2026-08-25 02:20:50 436:436 SyncActivityProfilerHandler.cpp:52] profiler_start


USDT:2026-08-25 02:20:50 433:433 SyncActivityProfilerHandler.cpp:52] profiler_start
Elastic buffer uses 4 channels per SM
Elastic buffer uses 4 channels per SM
Elastic buffer uses 4 channels per SM
Elastic buffer uses 4 channels per SM
Elastic buffer uses 4 channels per SM
Elastic buffer uses 4 channels per SM
Elastic buffer uses 4 channels per SM
Elastic buffer uses 4 channels per SM
Elastic buffer uses 4 channels per SM
Elastic buffer uses 4 channels per SM
Elastic buffer uses 4 channels per SM
Elastic buffer uses 4 channels per SM
Elastic buffer uses 4 channels per SM
Elastic buffer uses 4 channels per SM
Elastic buffer uses 4 channels per SM
Elastic buffer uses 4 channels per SM
Elastic buffer uses 4 channels per SM
Elastic buffer uses 4 channels per SM
Elastic buffer uses 4 channels per SM
Elastic buffer uses 4 channels per SM
Elastic buffer uses 4 channels per SM
Elastic buffer uses 4 channels per SM
Elastic buffer uses 4 channels per SM
Elastic buffer uses 4 channels per SM
Elastic buffer uses 4 channels per SM
Elastic buffer uses 4 channels per SM
Elastic buffer uses 4 channels per SM
Elastic buffer uses 4 channels per SM
Elastic buffer uses 4 channels per SM
Elastic buffer uses 4 channels per SM
Elastic buffer uses 4 channels per SM
Elastic buffer uses 4 channels per SM
Elastic buffer uses 4 channels per SM
Elastic buffer uses 4 channels per SM
Elastic buffer uses 4 channels per SM
Elastic buffer uses 4 channels per SM
Elastic buffer uses 4 channels per SM
Elastic buffer uses 4 channels per SM
Elastic buffer uses 4 channels per SM
Elastic buffer uses 4 channels per SM
Elastic buffer uses 4 channels per SM
Elastic buffer uses 4 channels per SM
Elastic buffer uses 4 channels per SM
Elastic buffer uses 4 channels per SM
Elastic buffer uses 4 channels per SM
Elastic buffer uses 4 channels per SM
Elastic buffer uses 4 channels per SM
Elastic buffer uses 4 channels per SM
Elastic buffer uses 4 channels per SM
Elastic buffer uses 4 channels per SM
Elastic buffer uses 4 channels per SM
Elastic buffer uses 4 channels per SM
Elastic buffer uses 4 channels per SM
Elastic buffer uses 4 channels per SM
Elastic buffer uses 4 channels per SM
Elastic buffer uses 4 channels per SM
Elastic buffer uses 4 channels per SM
Elastic buffer uses 4 channels per SM
Elastic buffer uses 4 channels per SM
Elastic buffer uses 4 channels per SM
Elastic buffer uses 4 channels per SM
Elastic buffer uses 4 channels per SM
Elastic buffer uses 4 channels per SM
Elastic buffer uses 4 channels per SM
Elastic buffer uses 4 channels per SM
Elastic buffer uses 4 channels per SM
Elastic buffer uses 4 channels per SM
Elastic buffer uses 4 channels per SM
Elastic buffer uses 4 channels per SM
Elastic buffer uses 4 channels per SM
Elastic buffer uses 4 channels per SM
Elastic buffer uses 4 channels per SM
Elastic buffer uses 4 channels per SM
Elastic buffer uses 4 channels per SM
Elastic buffer uses 4 channels per SM
Elastic buffer uses 4 channels per SM
Elastic buffer uses 4 channels per SM
Elastic buffer uses 4 channels per SM
Elastic buffer uses 4 channels per SM
Elastic buffer uses 4 channels per SM
Elastic buffer uses 4 channels per SM
Elastic buffer uses 4 channels per SM
Elastic buffer uses 4 channels per SM
Elastic buffer uses 4 channels per SM
Elastic buffer uses 4 channels per SM
Elastic buffer uses 4 channels per SM
Elastic buffer uses 4 channels per SM
Elastic buffer uses 4 channels per SM
Elastic buffer uses 4 channels per SM
Elastic buffer uses 4 channels per SM
Elastic buffer uses 4 channels per SM
Elastic buffer uses 4 channels per SM
Elastic buffer uses 4 channels per SM
Elastic buffer uses 4 channels per SM
Elastic buffer uses 4 channels per SM
Elastic buffer uses 4 channels per SM
Elastic buffer uses 4 channels per SM
Elastic buffer uses 4 channels per SM
Elastic buffer uses 4 channels per SM
Elastic buffer uses 4 channels per SM
Elastic buffer uses 4 channels per SM
Elastic buffer uses 4 channels per SM
Elastic buffer uses 4 channels per SM
Elastic buffer uses 4 channels per SM
Elastic buffer uses 4 channels per SM
Elastic buffer uses 4 channels per SM
Elastic buffer uses 4 channels per SM
Elastic buffer uses 4 channels per SM
Elastic buffer uses 4 channels per SM
Elastic buffer uses 4 channels per SM
Elastic buffer uses 4 channels per SM
Elastic buffer uses 4 channels per SM
Elastic buffer uses 4 channels per SM
Elastic buffer uses 4 channels per SM
Elastic buffer uses 4 channels per SM
Elastic buffer uses 4 channels per SM
Elastic buffer uses 4 channels per SM
Elastic buffer uses 4 channels per SM
Elastic buffer uses 4 channels per SM
Elastic buffer uses 4 channels per SM
Elastic buffer uses 4 channels per SM
Elastic buffer uses 4 channels per SM
Elastic buffer uses 4 channels per SM
Elastic buffer uses 4 channels per SM
Elastic buffer uses 4 channels per SM
Elastic buffer uses 4 channels per SM
Elastic buffer uses 4 channels per SM
Elastic buffer uses 4 channels per SM
Elastic buffer uses 4 channels per SM
Elastic buffer uses 4 channels per SM
Elastic buffer uses 4 channels per SM
Elastic buffer uses 4 channels per SM
Elastic buffer uses 4 channels per SM
Elastic buffer uses 4 channels per SM
Elastic buffer uses 4 channels per SM
Elastic buffer uses 4 channels per SM
Elastic buffer uses 4 channels per SM
Elastic buffer uses 4 channels per SM
Elastic buffer uses 4 channels per SM
Elastic buffer uses 4 channels per SM
Elastic buffer uses 4 channels per SM
Elastic buffer uses 4 channels per SM
Elastic buffer uses 4 channels per SM
Elastic buffer uses 4 channels per SM
Elastic buffer uses 4 channels per SM
Elastic buffer uses 4 channels per SM
Elastic buffer uses 4 channels per SM
Elastic buffer uses 4 channels per SM
Elastic buffer uses 4 channels per SM
Elastic buffer uses 4 channels per SM
Elastic buffer uses 4 channels per SM
Elastic buffer uses 4 channels per SM
Elastic buffer uses 4 channels per SM
Elastic buffer uses 4 channels per SM
Elastic buffer uses 4 channels per SM
Elastic buffer uses 4 channels per SM
Elastic buffer uses 4 channels per SM
Elastic buffer uses 4 channels per SM
Elastic buffer uses 4 channels per SM
Elastic buffer uses 4 channels per SM
Elastic buffer uses 4 channels per SM
Elastic buffer uses 4 channels per SM
Elastic buffer uses 4 channels per SM
Elastic buffer uses 4 channels per SM
Elastic buffer uses 4 channels per SM
Elastic buffer uses 4 channels per SM
Elastic buffer uses 4 channels per SM
Elastic buffer uses 4 channels per SM
Elastic buffer uses 4 channels per SM
Elastic buffer uses 4 channels per SM
Elastic buffer uses 4 channels per SM
Elastic buffer uses 4 channels per SM
Elastic buffer uses 4 channels per SM
Elastic buffer uses 4 channels per SM
Elastic buffer uses 4 channels per SM
Elastic buffer uses 4 channels per SM
Elastic buffer uses 4 channels per SM
Elastic buffer uses 4 channels per SM
Elastic buffer uses 4 channels per SM
Elastic buffer uses 4 channels per SM
Elastic buffer uses 4 channels per SM
Elastic buffer uses 4 channels per SM
Elastic buffer uses 4 channels per SM
Elastic buffer uses 4 channels per SM
Elastic buffer uses 4 channels per SM
Elastic buffer uses 4 channels per SM
Elastic buffer uses 4 channels per SM
Elastic buffer uses 4 channels per SM
Elastic buffer uses 4 channels per SM
Elastic buffer uses 4 channels per SM
Elastic buffer uses 4 channels per SM
Elastic buffer uses 4 channels per SM
Elastic buffer uses 4 channels per SM
Elastic buffer uses 4 channels per SM
Elastic buffer uses 4 channels per SM
Elastic buffer uses 4 channels per SM
Elastic buffer uses 4 channels per SM
Elastic buffer uses 4 channels per SM
Elastic buffer uses 4 channels per SM
Elastic buffer uses 4 channels per SM
Elastic buffer uses 4 channels per SM
Elastic buffer uses 4 channels per SM
Elastic buffer uses 4 channels per SM
Elastic buffer uses 4 channels per SM
Elastic buffer uses 4 channels per SM
Elastic buffer uses 4 channels per SM
Elastic buffer uses 4 channels per SM
Elastic buffer uses 4 channels per SM
Elastic buffer uses 4 channels per SM
Elastic buffer uses 4 channels per SM
Elastic buffer uses 4 channels per SM
Elastic buffer uses 4 channels per SM
Elastic buffer uses 4 channels per SM
Elastic buffer uses 4 channels per SM
Elastic buffer uses 4 channels per SM
Elastic buffer uses 4 channels per SM
Elastic buffer uses 4 channels per SM
Elastic buffer uses 4 channels per SM
Elastic buffer uses 4 channels per SM
Elastic buffer uses 4 channels per SM
Elastic buffer uses 4 channels per SM
Elastic buffer uses 4 channels per SM
Elastic buffer uses 4 channels per SM
Elastic buffer uses 4 channels per SM
Elastic buffer uses 4 channels per SM
Elastic buffer uses 4 channels per SM
Elastic buffer uses 4 channels per SM
Elastic buffer uses 4 channels per SM
Elastic buffer uses 4 channels per SM
Elastic buffer uses 4 channels per SM
Elastic buffer uses 4 channels per SM
Elastic buffer uses 4 channels per SM
USDT:2026-08-25 02:20:51 440:440 SyncActivityProfilerHandler.cpp:59] profiler_stop
USDT:2026-08-25 02:20:51 439:439 SyncActivityProfilerHandler.cpp:59] profiler_stopUSDT:2026-08-25 02:20:51 437:437 SyncActivityProfilerHandler.cpp:59] profiler_stop
USDT:2026-08-25 02:20:51 435:435 SyncActivityProfilerHandler.cpp:59] profiler_stop
USDT:2026-08-25 02:20:51 436:436 SyncActivityProfilerHandler.cpp:59] profiler_stopUSDT:2026-08-25 02:20:51 434:434 SyncActivityProfilerHandler.cpp:59] profiler_stop
USDT:2026-08-25 02:20:51 433:433 SyncActivityProfilerHandler.cpp:59] profiler_stop

USDT:2026-08-25 02:20:51 438:438 SyncActivityProfilerHandler.cpp:59] profiler_stop

   # EP:   6/32 | cached dispatch: 52 GB/s (SO), 103 GB/s (SU), 4299.000 us, 443783808 bytes | copy: 2462 GB/s, 360.575 us
   # EP:   1/32 | cached dispatch: 52 GB/s (SO), 103 GB/s (SU), 4299.000 us, 442361088 bytes | copy: 2495 GB/s, 354.529 us
   # EP:   5/32 | cached dispatch: 52 GB/s (SO), 103 GB/s (SU), 4299.000 us, 444292992 bytes | copy: 2397 GB/s, 370.698 us
   # EP:   3/32 | cached dispatch: 51 GB/s (SO), 103 GB/s (SU), 4299.000 us, 444397824 bytes | copy: 2334 GB/s, 380.856 us
   # EP:   4/32 | cached dispatch: 51 GB/s (SO), 103 GB/s (SU), 4299.000 us, 443327040 bytes | copy: 2511 GB/s, 353.128 us
   # EP:   7/32 | cached dispatch: 52 GB/s (SO), 104 GB/s (SU), 4299.000 us, 447700032 bytes | copy: 2354 GB/s, 380.386 us
   # EP:   2/32 | cached dispatch: 52 GB/s (SO), 103 GB/s (SU), 4299.000 us, 441425088 bytes | copy: 2456 GB/s, 359.410 us
   # EP:   0/32 | cached dispatch: 52 GB/s (SO), 103 GB/s (SU), 4299.000 us, 444435264 bytes | copy: 2365 GB/s, 375.789 us
USDT:2026-08-25 02:20:52 434:434 SyncActivityProfilerHandler.cpp:52] profiler_start
USDT:2026-08-25 02:20:52 438:438 SyncActivityProfilerHandler.cpp:52] profiler_start
USDT:2026-08-25 02:20:52 436:436 SyncActivityProfilerHandler.cpp:52] profiler_start
USDT:2026-08-25 02:20:52 439:439 SyncActivityProfilerHandler.cpp:52] profiler_start
USDT:2026-08-25 02:20:52 437:437 SyncActivityProfilerHandler.cpp:52] profiler_start
USDT:2026-08-25 02:20:52 440:440 SyncActivityProfilerHandler.cpp:52] profiler_startUSDT:2026-08-25 02:20:52 433:433 SyncActivityProfilerHandler.cpp:52] profiler_start

USDT:2026-08-25 02:20:52 435:435 SyncActivityProfilerHandler.cpp:52] profiler_start
USDT:2026-08-25 02:20:52 438:438 SyncActivityProfilerHandler.cpp:59] profiler_stop
USDT:2026-08-25 02:20:52 434:434 SyncActivityProfilerHandler.cpp:59] profiler_stop
USDT:2026-08-25 02:20:52 436:436 SyncActivityProfilerHandler.cpp:59] profiler_stop
USDT:2026-08-25 02:20:52 437:437 SyncActivityProfilerHandler.cpp:59] profiler_stop
USDT:2026-08-25 02:20:52 440:440 SyncActivityProfilerHandler.cpp:59] profiler_stop
USDT:2026-08-25 02:20:52 433:433 SyncActivityProfilerHandler.cpp:59] profiler_stop
USDT:2026-08-25 02:20:52 439:439 SyncActivityProfilerHandler.cpp:59] profiler_stop
USDT:2026-08-25 02:20:52 435:435 SyncActivityProfilerHandler.cpp:59] profiler_stop
   @ EP:   5/32 | combine: 55 GB/s (SO), 110 GB/s (SU), 7780.000 us, 852510912 bytes | reduce: 3610 GB/s, 150.477 us
   @ EP:   1/32 | combine: 54 GB/s (SO), 107 GB/s (SU), 7946.000 us, 848803968 bytes | reduce: 3607 GB/s, 150.655 us
   @ EP:   3/32 | combine: 53 GB/s (SO), 106 GB/s (SU), 8063.000 us, 852712064 bytes | reduce: 3602 GB/s, 150.309 us
   @ EP:   7/32 | combine: 52 GB/s (SO), 105 GB/s (SU), 8148.000 us, 859048352 bytes | reduce: 3613 GB/s, 150.141 us
   @ EP:   0/32 | combine: 51 GB/s (SO), 103 GB/s (SU), 8271.000 us, 852783904 bytes | reduce: 3617 GB/s, 150.107 us
   @ EP:   4/32 | combine: 52 GB/s (SO), 103 GB/s (SU), 8234.000 us, 850657440 bytes | reduce: 3588 GB/s, 151.064 us
   @ EP:   6/32 | combine: 51 GB/s (SO), 103 GB/s (SU), 8260.000 us, 851533888 bytes | reduce: 3617 GB/s, 150.090 us
   @ EP:   2/32 | combine: 50 GB/s (SO), 98 GB/s (SU), 8601.000 us, 847007968 bytes | reduce: 3623 GB/s, 150.049 us
USDT:2026-08-25 02:20:53 435:435 SyncActivityProfilerHandler.cpp:52] profiler_start
USDT:2026-08-25 02:20:53 437:437 SyncActivityProfilerHandler.cpp:52] profiler_start
USDT:2026-08-25 02:20:53 440:440 SyncActivityProfilerHandler.cpp:52] profiler_start
USDT:2026-08-25 02:20:53 438:438 SyncActivityProfilerHandler.cpp:52] profiler_start
USDT:2026-08-25 02:20:53 439:439 SyncActivityProfilerHandler.cpp:52] profiler_start
USDT:2026-08-25 02:20:53 436:436 SyncActivityProfilerHandler.cpp:52] profiler_start
USDT:2026-08-25 02:20:53 434:434 SyncActivityProfilerHandler.cpp:52] profiler_start
USDT:2026-08-25 02:20:53 433:433 SyncActivityProfilerHandler.cpp:52] profiler_start
USDT:2026-08-25 02:20:54 435:435 SyncActivityProfilerHandler.cpp:59] profiler_stop
USDT:2026-08-25 02:20:54 437:437 SyncActivityProfilerHandler.cpp:59] profiler_stop
USDT:2026-08-25 02:20:54 433:433 SyncActivityProfilerHandler.cpp:59] profiler_stop
USDT:2026-08-25 02:20:54 439:439 SyncActivityProfilerHandler.cpp:59] profiler_stop
USDT:2026-08-25 02:20:54 434:434 SyncActivityProfilerHandler.cpp:59] profiler_stopUSDT:2026-08-25 02:20:54 438:438 SyncActivityProfilerHandler.cpp:59] profiler_stop

USDT:2026-08-25 02:20:54 440:440 SyncActivityProfilerHandler.cpp:59] profiler_stop
USDT:2026-08-25 02:20:54 436:436 SyncActivityProfilerHandler.cpp:59] profiler_stop
   + EP:   2/32 | reduced combine: 47 GB/s (SO), 93 GB/s (SU), 9085.000 us, 847007968 bytes | reduce: 3616 GB/s, 150.361 us
   + EP:   4/32 | reduced combine: 46 GB/s (SO), 91 GB/s (SU), 9306.000 us, 850657440 bytes | reduce: 3592 GB/s, 150.909 us
   + EP:   6/32 | reduced combine: 45 GB/s (SO), 89 GB/s (SU), 9520.000 us, 851533888 bytes | reduce: 3621 GB/s, 149.928 us
   + EP:   5/32 | reduced combine: 44 GB/s (SO), 89 GB/s (SU), 9576.000 us, 852510912 bytes | reduce: 3613 GB/s, 150.353 us
   + EP:   1/32 | reduced combine: 44 GB/s (SO), 88 GB/s (SU), 9639.000 us, 848803968 bytes | reduce: 3609 GB/s, 150.587 us
   + EP:   0/32 | reduced combine: 44 GB/s (SO), 88 GB/s (SU), 9638.000 us, 852783904 bytes | reduce: 3627 GB/s, 149.726 us
   + EP:   7/32 | reduced combine: 45 GB/s (SO), 90 GB/s (SU), 9532.000 us, 859048352 bytes | reduce: 3607 GB/s, 150.401 us
   + EP:   3/32 | reduced combine: 44 GB/s (SO), 89 GB/s (SU), 9630.000 us, 852712064 bytes | reduce: 3629 GB/s, 149.184 us

Elastic buffer uses 4 channels per SM
Elastic buffer uses 4 channels per SM
Elastic buffer uses 4 channels per SM
Elastic buffer uses 4 channels per SM
Elastic buffer uses 4 channels per SM
Elastic buffer uses 4 channels per SM
Elastic buffer uses 4 channels per SM
Elastic buffer uses 4 channels per SM
CPU side received count (scaleup: 7): -7465 -7476 -7412 -7494 -7408 -7513 -7461 -7568 # -8321 -8193 -8449 -8449 -8321 -8193 -832CPU side received count (scaleup: 6): -7202 -7388 -7412 -7456 -7423 -7467 -7440 -7486 # -8193 -8193 -8193 -8321 -8193 -8193 -819CPU side received count (scaleup: 1): -7360 -7379 -7313 -7431 -7465 -7391 -7355 -7390 # -8193 -8065 -8193 -8193 -8193 -8193 -806CPU side received count (scaleup: 2): -7252 -7330 -7314 -7417 -7322 -7540 -7344 -7440 # -8065 -8065 -8449 -8193 -8321 -8193 -806CPU side received count (scaleup: 4): -7363 -7348 -7403 -7370 -7356 -7475 -7458 -7440 # -8193 -8193 -8193 -8193 -8321 -8321 -8321 -8193 
CPU side received count (scaleup: 5): -7424 -7285 -7387 -7403 -7565 -7376 -7487 -7415 # -8321 -8321 -8193 -8193 -8193 -8193 -819CPU side received count (scaleup: 0): -7334 -7401 -7457 -7344 -7407 -7428 -7487 -7503 # -8321 -8065 -8321 -8321 -8321 -8321 -819CPU side received count (scaleup: 3): -7429 -7355 -7539 -7439 -7509 -7390 -7301 -7394 # -8193 -8321 -8321 -8449 -7937 -8193 -8325 -8065 
3 -8193 
3 -8193 
3 -8065 
5 -8321 
1 -8193 
1 -8321 

