=== EP_NIC_NAME=rdmap110s0 (auto, 200 Gb/s) ===
+ docker run --rm --gpus all --privileged --network=host --ipc=host --ulimit memlock=-1 --ulimit stack=67108864 --device=/dev/infiniband --device=/dev/gdrdrv -v /sys/class/infiniband:/sys/class/infiniband:ro -e MASTER_ADDR=172.31.20.74 -e MASTER_PORT=29552 -e WORLD_SIZE=2 -e RANK=0 -e NCCL_DEBUG=WARN -e EP_NIC_NAME=rdmap110s0 -e EP_BUFFER_DEBUG=1 -e PYTHONUNBUFFERED=1 -e PYTHONFAULTHANDLER=1 deepep-v2-efa-official:dev bash -lc 'timeout -s ABRT --kill-after=60 1500     python3 -u /opt/DeepEP/tests/elastic/test_ep.py     --num-processes=8 --num-tokens=128     --hidden=7168 --num-topk=8 --num-experts=256     --num-sms=12 --allow-hybrid-mode=1     --prefer-overlap-with-compute=0 --test-first-only      '

==========
== CUDA ==
==========

CUDA Version 13.0.2

Container image Copyright (c) 2016-2023, NVIDIA CORPORATION & AFFILIATES. All rights reserved.

This container image and its contents are governed by the NVIDIA Deep Learning Container License.
By pulling and using the container, you accept the terms and conditions of this license:
https://developer.nvidia.com/ngc/nvidia-deep-learning-container-license

A copy of this license is made available in this container at /NGC-DL-CONTAINER-LICENSE for your convenience.

NCCL version 2.31.2+cuda13.3
DeepEP hybrid kernel selection: unordered
DeepEP hybrid kernel selection: unordered
DeepEP hybrid kernel selection: unordered
DeepEP hybrid kernel selection: unordered
DeepEP hybrid kernel selection: unordered
Initializing EP elastic buffer with 341835776 bytes (cpu: 0) at rank EP 4/16Initializing EP elastic buffer with 341835776 bytes (cpu: 0) at rank EP 6/16Initializing EP elastic buffer with 341835776 bytes (cpu: 0) at rank EP 0/16Initializing EP elastic buffer with 341835776 bytes (cpu: 0) at rank EP 1/16DeepEP hybrid kernel selection: unordered


Initializing EP elastic buffer with 341835776 bytes (cpu: 0) at rank EP 7/16


DeepEP hybrid kernel selection: unordered
DeepEP hybrid kernel selection: unordered
Initializing EP elastic buffer with 341835776 bytes (cpu: 0) at rank EP 3/16
Initializing EP elastic buffer with 341835776 bytes (cpu: 0) at rank EP 5/16
Initializing EP elastic buffer with 341835776 bytes (cpu: 0) at rank EP 2/16
DeepEP initialized with NCCL version: 2.31.2 (loaded library)
DeepEP initialized with NCCL version: 2.31.2 (loaded library)
DeepEP initialized with NCCL version: 2.31.2 (loaded library)
EP NCCL device communicator has 0 allocated QPs
EP NCCL device communicator has 0 allocated QPs
EP NCCL device communicator has 0 allocated QPs
DeepEP initialized with NCCL version: 2.31.2 (loaded library)
DeepEP initialized with NCCL version: 2.31.2 (loaded library)
DeepEP hybrid kernel selection: unordered
DeepEP hybrid kernel selection: unordered
EP NCCL device communicator has 0 allocated QPs
DeepEP hybrid kernel selection: unordered
EP NCCL device communicator has 0 allocated QPs
GIN layout: gin_context_cnt=11, gin_indexed_signals_cnt=21, num_qp=11
GIN layout: gin_context_cnt=11, gin_indexed_signals_cnt=21, num_qp=11
GIN layout: gin_context_cnt=11, gin_indexed_signals_cnt=21, num_qp=11
DeepEP hybrid kernel selection: unordered
DeepEP hybrid kernel selection: unordered
GIN layout: gin_context_cnt=11, gin_indexed_signals_cnt=21, num_qp=11
GIN layout: gin_context_cnt=11, gin_indexed_signals_cnt=21, num_qp=11
DeepEP initialized with NCCL version: 2.31.2 (loaded library)
EP NCCL device communicator has 0 allocated QPs
DeepEP hybrid kernel selection: unordered
GIN layout: gin_context_cnt=11, gin_indexed_signals_cnt=21, num_qp=11
DeepEP initialized with NCCL version: 2.31.2 (loaded library)
EP NCCL device communicator has 0 allocated QPs
DeepEP hybrid kernel selection: unordered
GIN layout: gin_context_cnt=11, gin_indexed_signals_cnt=21, num_qp=11
DeepEP initialized with NCCL version: 2.31.2 (loaded library)
EP NCCL device communicator has 0 allocated QPs
DeepEP hybrid kernel selection: unordered
GIN layout: gin_context_cnt=11, gin_indexed_signals_cnt=21, num_qp=11
Config:
 > Ranks: 2 x 8
 > Experts: 8/256
 > Tokens: 128 (max: 128), hidden: 7168
 > #SM: 12, #QPs: 11/11

Running all test cases:
 > Testing with do_handle_copy=1, expert_alignment=128, use_fp8_dispatch=1, num_bias=0, with_previous_event=0, async_with_compute_stream=0, allocate_on_comm_stream=0 ...
Elastic buffer uses 4 channels per SM
Elastic buffer uses 4 channels per SM
Elastic buffer uses 4 channels per SM
Elastic buffer uses 4 channels per SM
Elastic buffer uses 4 channels per SM
Elastic buffer uses 4 channels per SM
Elastic buffer uses 4 channels per SM
Elastic buffer uses 4 channels per SM
CPU side received count (scaleup: 4): -89 -100 -91 -99 -91 -92 -105 -92 # -129 -129 -129 -129 -129 -129 -129 -129 -129 -129 -129CPU side received count (scaleup: 2): -95 -99 -108 -85 -104 -97 -108 -92 # -129 -129 -129 -129 -129 -129 -129 -129 -129 -129 -12CPU side received count (scaleup: 6): -102 -101 -104 -89 -110 -98 -99 -98 # -129 -129 -129 -129 -129 -129 -129 -129 -129 -129 -1CPU side received count (scaleup: 7): -111 -100 -104 -103 -99 -98 -87 -99 # -129 -129 -129 -129 -129 -129 -129 -129 -129 -129 -1CPU side received count (scaleup: 3): -95 -98 -94 -111 -106 -105 -86 -95 # -129 -129 -129 -129 -129 -129 -129 -129 -129 -129 -12CPU side received count (scaleup: 1): -91 -99 -100 -99 -98 -97 -96 -92 # -129 -129 -129 -129 -129 -129 -129 -129 -129 -129 -129 CPU side received count (scaleup: 5): -107 -88 -101 -98 -102 -88 -94 -92 # -129 -129 -129 -129 -129 -129 -129 -129 -129 -129 -12CPU side received count (scaleup: 0): -105 -99 -96 -95 -102 -103 -86 -90 # -129 -129 -129 -129 -129 -129 -129 -129 -129 -129 -129 -129 -129 -129 -129 -129 
29 -129 -129 -129 -129 -129 
 -129 -129 -129 -129 -129 
9 -129 -129 -129 -129 -129 
9 -129 -129 -129 -129 -129 
29 -129 -129 -129 -129 -129 
9 -129 -129 -129 -129 -129 
-129 -129 -129 -129 -129 
Elastic buffer uses 4 channels per SM
Elastic buffer uses 4 channels per SM
Elastic buffer uses 4 channels per SM
Elastic buffer uses 4 channels per SM
Elastic buffer uses 4 channels per SM
Elastic buffer uses 4 channels per SM
Elastic buffer uses 4 channels per SM
Elastic buffer uses 4 channels per SM
CPU side received count (scaleup: 6): -102 -101 -104 -89 -110 -98 -99 -98 # -129 -129 -129 -129 -129 -129 -129 -129 -129 -129 -1CPU side received count (scaleup: 3): -95 -98 -94 -111 -106 -105 -86 -95 # -129 -129 -129 -129 -129 -129 -129 -129 -129 -129 -12CPU side received count (scaleup: 4): -89 -100 -91 -99 -91 -92 -105 -92 # -129 -129 -129 -129 -129 -129 -129 -129 -129 -129 -129CPU side received count (scaleup: 5): -107 -88 -101 -98 -102 -88 -94 -92 # -129 -129 -129 -129 -129 -129 -129 -129 -129 -129 -12CPU side received count (scaleup: 1): -91 -99 -100 -99 -98 -97 -96 -92 # -129 -129 -129 -129 -129 -129 -129 -129 -129 -129 -129 29 -129 -129 -129 -129 -129 
 -129 -129 -129 -129 -129 
CPU side received count (scaleup: 0): -105 -99 -96 -95 -102 -103 -86 -90 # -129 -129 -129 -129 -129 -129 -129 -129 -129 -129 -12CPU side received count (scaleup: 2): -95 -99 -108 -85 -104 -97 -108 -92 # -129 -129 -129 -129 -129 -129 -129 -129 -129 -129 -12CPU side received count (scaleup: 7): -111 -100 -104 -103 -99 -98 -87 -99 # -129 -129 -129 -129 -129 -129 -129 -129 -129 -129 -19 -129 -129 -129 -129 -129 
9 -129 -129 -129 -129 -129 
-129 -129 -129 -129 -129 
9 -129 -129 -129 -129 -129 
29 -129 -129 -129 -129 -129 
9 -129 -129 -129 -129 -129 
Elastic buffer uses 4 channels per SM
Elastic buffer uses 4 channels per SM
Elastic buffer uses 4 channels per SM
Elastic buffer uses 4 channels per SM
Elastic buffer uses 4 channels per SM
Elastic buffer uses 4 channels per SM
Elastic buffer uses 4 channels per SM
Elastic buffer uses 4 channels per SM
Elastic buffer uses 4 channels per SM
Elastic buffer uses 4 channels per SM
Elastic buffer uses 4 channels per SM
Elastic buffer uses 4 channels per SM
Elastic buffer uses 4 channels per SM
Elastic buffer uses 4 channels per SM
Elastic buffer uses 4 channels per SM
Elastic buffer uses 4 channels per SM
Elastic buffer uses 4 channels per SM
Elastic buffer uses 4 channels per SM
Elastic buffer uses 4 channels per SM
Elastic buffer uses 4 channels per SM
Elastic buffer uses 4 channels per SM
Elastic buffer uses 4 channels per SM
Elastic buffer uses 4 channels per SM
Elastic buffer uses 4 channels per SM
CPU side received count (scaleup: 4): -89 -100 -91 -99 -91 -92 -105 -92 # -129 -129 -129 -129 -129 -129 -129 -129 -129 -129 -129 -129 -129 -129 -129 -129 
CPU side received count (scaleup: 6): -102 -101 -104 -89 -110 -98 -99 -98 # -129 -129 -129 -129 -129 -129 -129 -129 -129 -129 -1CPU side received count (scaleup: 1): -91 -99 -100 -99 -98 -97 -96 -92 # -129 -129 -129 -129 -129 -129 -129 -129 -129 -129 -129 CPU side received count (scaleup: 3): -95 -98 -94 -111 -106 -105 -86 -95 # -129 -129 -129 -129 -129 -129 -129 -129 -129 -129 -1229 -129 -129 -129 -129 -129 
CPU side received count (scaleup: 2): -95 -99 -108 -85 -104 -97 -108 -92 # -129 -129 -129 -129 -129 -129 -129 -129 -129 -129 -129 -129 -129 -129 -129 -129 
CPU side received count (scaleup: 5): -107 -88 -101 -98 -102 -88 -94 -92 # -129 -129 -129 -129 -129 -129 -129 -129 -129 -129 -129 -129 -129 -129 -129 -129 
-129 -129 -129 -129 -129 
9 -129 -129 -129 -129 -129 
CPU side received count (scaleup: 0): -105 -99 -96 -95 -102 -103 -86 -90 # -129 -129 -129 -129 -129 -129 -129 -129 -129 -129 -12CPU side received count (scaleup: 7): -111 -100 -104 -103 -99 -98 -87 -99 # -129 -129 -129 -129 -129 -129 -129 -129 -129 -129 -19 -129 -129 -129 -129 -129 
29 -129 -129 -129 -129 -129 
Elastic buffer uses 4 channels per SM
Elastic buffer uses 4 channels per SM
Elastic buffer uses 4 channels per SM
Elastic buffer uses 4 channels per SM
Elastic buffer uses 4 channels per SM
Elastic buffer uses 4 channels per SM
Elastic buffer uses 4 channels per SM
Elastic buffer uses 4 channels per SM
CPU side received count (scaleup: 3): -95 -98 -94 -111 -106 -105 -86 -95 # -129 -129 -129 -129 -129 -129 -129 -129 -129 -129 -12CPU side received count (scaleup: 6): -102 -101 -104 -89 -110 -98 -99 -98 # -129 -129 -129 -129 -129 -129 -129 -129 -129 -129 -1CPU side received count (scaleup: 1): -91 -99 -100 -99 -98 -97 -96 -92 # -129 -129 -129 -129 -129 -129 -129 -129 -129 -129 -129 CPU side received count (scaleup: 4): -89 -100 -91 -99 -91 -92 -105 -92 # -129 -129 -129 -129 -129 -129 -129 -129 -129 -129 -12929 -129 -129 -129 -129 -129 
CPU side received count (scaleup: 7): -111 -100 -104 -103 -99 -98 -87 -99 # -129 -129 -129 -129 -129 -129 -129 -129 -129 -129 -1 -129 -129 -129 -129 -129 
CPU side received count (scaleup: 2): -95 -99 -108 -85 -104 -97 -108 -92 # -129 -129 -129 -129 -129 -129 -129 -129 -129 -129 -12CPU side received count (scaleup: 5): -107 -88 -101 -98 -102 -88 -94 -92 # -129 -129 -129 -129 -129 -129 -129 -129 -129 -129 -129 -129 -129 -129 -129 -129 
9 -129 -129 -129 -129 -129 
CPU side received count (scaleup: 0): -105 -99 -96 -95 -102 -103 -86 -90 # -129 -129 -129 -129 -129 -129 -129 -129 -129 -129 -12-129 -129 -129 -129 -129 
29 -129 -129 -129 -129 -129 
9 -129 -129 -129 -129 -129 
9 -129 -129 -129 -129 -129 
Elastic buffer uses 4 channels per SM
Elastic buffer uses 4 channels per SM
Elastic buffer uses 4 channels per SM
Elastic buffer uses 4 channels per SM
Elastic buffer uses 4 channels per SM
Elastic buffer uses 4 channels per SM
Elastic buffer uses 4 channels per SM
Elastic buffer uses 4 channels per SM
CPU side received count (scaleup: 4): -89 -100 -91 -99 -91 -92 -105 -92 # -129 -129 -129 -129 -129 -129 -129 -129 -129 -129 -129CPU side received count (scaleup: 6): -102 -101 -104 -89 -110 -98 -99 -98 # -129 -129 -129 -129 -129 -129 -129 -129 -129 -129 -1CPU side received count (scaleup: 0): -105 -99 -96 -95 -102 -103 -86 -90 # -129 -129 -129 -129 -129 -129 -129 -129 -129 -129 -12CPU side received count (scaleup: 2): -95 -99 -108 -85 -104 -97 -108 -92 # -129 -129 -129 -129 -129 -129 -129 -129 -129 -129 -12CPU side received count (scaleup: 1): -91 -99 -100 -99 -98 -97 -96 -92 # -129 -129 -129 -129 -129 -129 -129 -129 -129 -129 -129 CPU side received count (scaleup: 5): -107 -88 -101 -98 -102 -88 -94 -92 # -129 -129 -129 -129 -129 -129 -129 -129 -129 -129 -12 -129 -129 -129 -129 -129 
CPU side received count (scaleup: 3): -95 -98 -94 -111 -106 -105 -86 -95 # -129 -129 -129 -129 -129 -129 -129 -129 -129 -129 -12CPU side received count (scaleup: 7): -111 -100 -104 -103 -99 -98 -87 -99 # -129 -129 -129 -129 -129 -129 -129 -129 -129 -129 -19 -129 -129 -129 -129 -129 
29 -129 -129 -129 -129 -129 
9 -129 -129 -129 -129 -129 
9 -129 -129 -129 -129 -129 
-129 -129 -129 -129 -129 
9 -129 -129 -129 -129 -129 
29 -129 -129 -129 -129 -129 
Elastic buffer uses 4 channels per SM
Elastic buffer uses 4 channels per SM
Elastic buffer uses 4 channels per SM
Elastic buffer uses 4 channels per SM
Elastic buffer uses 4 channels per SM
Elastic buffer uses 4 channels per SM
Elastic buffer uses 4 channels per SM
Elastic buffer uses 4 channels per SM
CPU side received count (scaleup: 4): -89 -100 -91 -99 -91 -92 -105 -92 # -129 -129 -129 -129 -129 -129 -129 -129 -129 -129 -129CPU side received count (scaleup: 7): -111 -100 -104 -103 -99 -98 -87 -99 # -129 -129 -129 -129 -129 -129 -129 -129 -129 -129 -1CPU side received count (scaleup: 3): -95 -98 -94 -111 -106 -105 -86 -95 # -129 -129 -129 -129 -129 -129 -129 -129 -129 -129 -12CPU side received count (scaleup: 1): -91 -99 -100 -99 -98 -97 -96 -92 # -129 -129 -129 -129 -129 -129 -129 -129 -129 -129 -129 CPU side received count (scaleup: 5): -107 -88 -101 -98 -102 -88 -94 -92 # -129 -129 -129 -129 -129 -129 -129 -129 -129 -129 -12CPU side received count (scaleup: 2): -95 -99 -108 -85 -104 -97 -108 -92 # -129 -129 -129 -129 -129 -129 -129 -129 -129 -129 -12CPU side received count (scaleup: 0): -105 -99 -96 -95 -102 -103 -86 -90 # -129 -129 -129 -129 -129 -129 -129 -129 -129 -129 -12CPU side received count (scaleup: 6): -102 -101 -104 -89 -110 -98 -99 -98 # -129 -129 -129 -129 -129 -129 -129 -129 -129 -129 -1 -129 -129 -129 -129 -129 
9 -129 -129 -129 -129 -129 
29 -129 -129 -129 -129 -129 
-129 -129 -129 -129 -129 
29 -129 -129 -129 -129 -129 
9 -129 -129 -129 -129 -129 
9 -129 -129 -129 -129 -129 
9 -129 -129 -129 -129 -129 
Elastic buffer uses 4 channels per SM
Elastic buffer uses 4 channels per SM
Elastic buffer uses 4 channels per SM
Elastic buffer uses 4 channels per SM
Elastic buffer uses 4 channels per SM
Elastic buffer uses 4 channels per SM
Elastic buffer uses 4 channels per SM
Elastic buffer uses 4 channels per SM
CPU side received count (scaleup: 4): -89 -100 -91 -99 -91 -92 -105 -92 # -129 -129 -129 -129 -129 -129 -129 -129 -129 -129 -129CPU side received count (scaleup: 3): -95 -98 -94 -111 -106 -105 -86 -95 # -129 -129 -129 -129 -129 -129 -129 -129 -129 -129 -12CPU side received count (scaleup: 0): -105 -99 -96 -95 -102 -103 -86 -90 # -129 -129 -129 -129 -129 -129 -129 -129 -129 -129 -12CPU side received count (scaleup: 5): -107 -88 -101 -98 -102 -88 -94 -92 # -129 -129 -129 -129 -129 -129 -129 -129 -129 -129 -12CPU side received count (scaleup: 1): -91 -99 -100 -99 -98 -97 -96 -92 # -129 -129 -129 -129 -129 -129 -129 -129 -129 -129 -129 9 -129 -129 -129 -129 -129 
CPU side received count (scaleup: 6): -102 -101 -104 -89 -110 -98 -99 -98 # -129 -129 -129 -129 -129 -129 -129 -129 -129 -129 -1CPU side received count (scaleup: 2): -95 -99 -108 -85 -104 -97 -108 -92 # -129 -129 -129 -129 -129 -129 -129 -129 -129 -129 -12CPU side received count (scaleup: 7): -111 -100 -104 -103 -99 -98 -87 -99 # -129 -129 -129 -129 -129 -129 -129 -129 -129 -129 -1 -129 -129 -129 -129 -129 
9 -129 -129 -129 -129 -129 
9 -129 -129 -129 -129 -129 
-129 -129 -129 -129 -129 
29 -129 -129 -129 -129 -129 
9 -129 -129 -129 -129 -129 
29 -129 -129 -129 -129 -129 
Elastic buffer uses 4 channels per SM
Elastic buffer uses 4 channels per SM
Elastic buffer uses 4 channels per SM
Elastic buffer uses 4 channels per SM
Elastic buffer uses 4 channels per SM
Elastic buffer uses 4 channels per SM
Elastic buffer uses 4 channels per SM
Elastic buffer uses 4 channels per SM
CPU side received count (scaleup: 4): -89 -100 -91 -99 -91 -92 -105 -92 # -129 -129 -129 -129 -129 -129 -129 -129 -129 -129 -129CPU side received count (scaleup: 7): -111 -100 -104 -103 -99 -98 -87 -99 # -129 -129 -129 -129 -129 -129 -129 -129 -129 -129 -1CPU side received count (scaleup: 1): -91 -99 -100 -99 -98 -97 -96 -92 # -129 -129 -129 -129 -129 -129 -129 -129 -129 -129 -129 CPU side received count (scaleup: 6): -102 -101 -104 -89 -110 -98 -99 -98 # -129 -129 -129 -129 -129 -129 -129 -129 -129 -129 -1CPU side received count (scaleup: 5): -107 -88 -101 -98 -102 -88 -94 -92 # -129 -129 -129 -129 -129 -129 -129 -129 -129 -129 -12 -129 -129 -129 -129 -129 
CPU side received count (scaleup: 2): -95 -99 -108 -85 -104 -97 -108 -92 # -129 -129 -129 -129 -129 -129 -129 -129 -129 -129 -12CPU side received count (scaleup: 0): -105 -99 -96 -95 -102 -103 -86 -90 # -129 -129 -129 -129 -129 -129 -129 -129 -129 -129 -1229 -129 -129 -129 -129 -129 
9 -129 -129 -129 -129 -129 
CPU side received count (scaleup: 3): -95 -98 -94 -111 -106 -105 -86 -95 # -129 -129 -129 -129 -129 -129 -129 -129 -129 -129 -129 -129 -129 -129 -129 -129 
29 -129 -129 -129 -129 -129 
-129 -129 -129 -129 -129 
9 -129 -129 -129 -129 -129 
9 -129 -129 -129 -129 -129 
Elastic buffer uses 4 channels per SM
Elastic buffer uses 4 channels per SM
Elastic buffer uses 4 channels per SM
Elastic buffer uses 4 channels per SM
Elastic buffer uses 4 channels per SM
Elastic buffer uses 4 channels per SM
Elastic buffer uses 4 channels per SM
Elastic buffer uses 4 channels per SM
CPU side received count (scaleup: 4): -89 -100 -91 -99 -91 -92 -105 -92 # -129 -129 -129 -129 -129 -129 -129 -129 -129 -129 -129CPU side received count (scaleup: 3): -95 -98 -94 -111 -106 -105 -86 -95 # -129 -129 -129 -129 -129 -129 -129 -129 -129 -129 -12CPU side received count (scaleup: 1): -91 -99 -100 -99 -98 -97 -96 -92 # -129 -129 -129 -129 -129 -129 -129 -129 -129 -129 -129 9 -129 -129 -129 -129 -129 
CPU side received count (scaleup: 0): -105 -99 -96 -95 -102 -103 -86 -90 # -129 -129 -129 -129 -129 -129 -129 -129 -129 -129 -12CPU side received count (scaleup: 5): -107 -88 -101 -98 -102 -88 -94 -92 # -129 -129 -129 -129 -129 -129 -129 -129 -129 -129 -12CPU side received count (scaleup: 7): -111 -100 -104 -103 -99 -98 -87 -99 # -129 -129 -129 -129 -129 -129 -129 -129 -129 -129 -1CPU side received count (scaleup: 6): -102 -101 -104 -89 -110 -98 -99 -98 # -129 -129 -129 -129 -129 -129 -129 -129 -129 -129 -1CPU side received count (scaleup: 2): -95 -99 -108 -85 -104 -97 -108 -92 # -129 -129 -129 -129 -129 -129 -129 -129 -129 -129 -1229 -129 -129 -129 -129 -129 
 -129 -129 -129 -129 -129 
-129 -129 -129 -129 -129 
9 -129 -129 -129 -129 -129 
9 -129 -129 -129 -129 -129 
29 -129 -129 -129 -129 -129 
9 -129 -129 -129 -129 -129 
Elastic buffer uses 4 channels per SM
Elastic buffer uses 4 channels per SM
Elastic buffer uses 4 channels per SM
Elastic buffer uses 4 channels per SM
Elastic buffer uses 4 channels per SM
Elastic buffer uses 4 channels per SM
Elastic buffer uses 4 channels per SM
Elastic buffer uses 4 channels per SM
CPU side received count (scaleup: 1): -91 -99 -100 -99 -98 -97 -96 -92 # -129 -129 -129 -129 -129 -129 -129 -129 -129 -129 -129 CPU side received count (scaleup: 4): -89 -100 -91 -99 -91 -92 -105 -92 # -129 -129 -129 -129 -129 -129 -129 -129 -129 -129 -129CPU side received count (scaleup: 5): -107 -88 -101 -98 -102 -88 -94 -92 # -129 -129 -129 -129 -129 -129 -129 -129 -129 -129 -12CPU side received count (scaleup: 0): -105 -99 -96 -95 -102 -103 -86 -90 # -129 -129 -129 -129 -129 -129 -129 -129 -129 -129 -12CPU side received count (scaleup: 2): -95 -99 -108 -85 -104 -97 -108 -92 # -129 -129 -129 -129 -129 -129 -129 -129 -129 -129 -12CPU side received count (scaleup: 3): -95 -98 -94 -111 -106 -105 -86 -95 # -129 -129 -129 -129 -129 -129 -129 -129 -129 -129 -12CPU side received count (scaleup: 7): -111 -100 -104 -103 -99 -98 -87 -99 # -129 -129 -129 -129 -129 -129 -129 -129 -129 -129 -1CPU side received count (scaleup: 6): -102 -101 -104 -89 -110 -98 -99 -98 # -129 -129 -129 -129 -129 -129 -129 -129 -129 -129 -129 -129 -129 -129 -129 -129 
-129 -129 -129 -129 -129 
9 -129 -129 -129 -129 -129 
9 -129 -129 -129 -129 -129 
9 -129 -129 -129 -129 -129 
 -129 -129 -129 -129 -129 
9 -129 -129 -129 -129 -129 
29 -129 -129 -129 -129 -129 
Elastic buffer uses 4 channels per SM
Elastic buffer uses 4 channels per SM
Elastic buffer uses 4 channels per SM
Elastic buffer uses 4 channels per SM
Elastic buffer uses 4 channels per SM
Elastic buffer uses 4 channels per SM
Elastic buffer uses 4 channels per SM
Elastic buffer uses 4 channels per SM
CPU side received count (scaleup: 6): -102 -101 -104 -89 -110 -98 -99 -98 # -129 -129 -129 -129 -129 -129 -129 -129 -129 -129 -1CPU side received count (scaleup: 5): -107 -88 -101 -98 -102 -88 -94 -92 # -129 -129 -129 -129 -129 -129 -129 -129 -129 -129 -12CPU side received count (scaleup: 4): -89 -100 -91 -99 -91 -92 -105 -92 # -129 -129 -129 -129 -129 -129 -129 -129 -129 -129 -129CPU side received count (scaleup: 1): -91 -99 -100 -99 -98 -97 -96 -92 # -129 -129 -129 -129 -129 -129 -129 -129 -129 -129 -129 CPU side received count (scaleup: 7): -111 -100 -104 -103 -99 -98 -87 -99 # -129 -129 -129 -129 -129 -129 -129 -129 -129 -129 -1CPU side received count (scaleup: 2): -95 -99 -108 -85 -104 -97 -108 -92 # -129 -129 -129 -129 -129 -129 -129 -129 -129 -129 -1229 -129 -129 -129 -129 -129 
CPU side received count (scaleup: 3): -95 -98 -94 -111 -106 -105 -86 -95 # -129 -129 -129 -129 -129 -129 -129 -129 -129 -129 -12 -129 -129 -129 -129 -129 
CPU side received count (scaleup: 0): -105 -99 -96 -95 -102 -103 -86 -90 # -129 -129 -129 -129 -129 -129 -129 -129 -129 -129 -129 -129 -129 -129 -129 -129 
9 -129 -129 -129 -129 -129 
-129 -129 -129 -129 -129 
29 -129 -129 -129 -129 -129 
9 -129 -129 -129 -129 -129 
9 -129 -129 -129 -129 -129 
Elastic buffer uses 4 channels per SM
Elastic buffer uses 4 channels per SM
Elastic buffer uses 4 channels per SM
Elastic buffer uses 4 channels per SM
Elastic buffer uses 4 channels per SM
Elastic buffer uses 4 channels per SM
Elastic buffer uses 4 channels per SM
Elastic buffer uses 4 channels per SM
CPU side received count (scaleup: 7): -111 -100 -104 -103 -99 -98 -87 -99 # -129 -129 -129 -129 -129 -129 -129 -129 -129 -129 -1CPU side received count (scaleup: 6): -102 -101 -104 -89 -110 -98 -99 -98 # -129 -129 -129 -129 -129 -129 -129 -129 -129 -129 -1CPU side received count (scaleup: 1): -91 -99 -100 -99 -98 -97 -96 -92 # -129 -129 -129 -129 -129 -129 -129 -129 -129 -129 -129 CPU side received count (scaleup: 4): -89 -100 -91 -99 -91 -92 -105 -92 # -129 -129 -129 -129 -129 -129 -129 -129 -129 -129 -12929 -129 -129 -129 -129 -129 
29 -129 -129 -129 -129 -129 
CPU side received count (scaleup: 3): -95 -98 -94 -111 -106 -105 -86 -95 # -129 -129 -129 -129 -129 -129 -129 -129 -129 -129 -12 -129 -129 -129 -129 -129 
CPU side received count (scaleup: 0): -105 -99 -96 -95 -102 -103 -86 -90 # -129 -129 -129 -129 -129 -129 -129 -129 -129 -129 -12CPU side received count (scaleup: 5): -107 -88 -101 -98 -102 -88 -94 -92 # -129 -129 -129 -129 -129 -129 -129 -129 -129 -129 -12-129 -129 -129 -129 -129 
CPU side received count (scaleup: 2): -95 -99 -108 -85 -104 -97 -108 -92 # -129 -129 -129 -129 -129 -129 -129 -129 -129 -129 -129 -129 -129 -129 -129 -129 
9 -129 -129 -129 -129 -129 
9 -129 -129 -129 -129 -129 
9 -129 -129 -129 -129 -129 
Elastic buffer uses 4 channels per SM
Elastic buffer uses 4 channels per SM
Elastic buffer uses 4 channels per SM
Elastic buffer uses 4 channels per SM
Elastic buffer uses 4 channels per SM
Elastic buffer uses 4 channels per SM
Elastic buffer uses 4 channels per SM
Elastic buffer uses 4 channels per SM
CPU side received count (scaleup: 7): -111 -100 -104 -103 -99 -98 -87 -99 # -129 -129 -129 -129 -129 -129 -129 -129 -129 -129 -1CPU side received count (scaleup: 4): -89 -100 -91 -99 -91 -92 -105 -92 # -129 -129 -129 -129 -129 -129 -129 -129 -129 -129 -129CPU side received count (scaleup: 6): -102 -101 -104 -89 -110 -98 -99 -98 # -129 -129 -129 -129 -129 -129 -129 -129 -129 -129 -129 -129 -129 -129 -129 -129 
CPU side received count (scaleup: 0): -105 -99 -96 -95 -102 -103 -86 -90 # -129 -129 -129 -129 -129 -129 -129 -129 -129 -129 -12CPU side received count (scaleup: 1): -91 -99 -100 -99 -98 -97 -96 -92 # -129 -129 -129 -129 -129 -129 -129 -129 -129 -129 -129 CPU side received count (scaleup: 5): -107 -88 -101 -98 -102 -88 -94 -92 # -129 -129 -129 -129 -129 -129 -129 -129 -129 -129 -12CPU side received count (scaleup: 2): -95 -99 -108 -85 -104 -97 -108 -92 # -129 -129 -129 -129 -129 -129 -129 -129 -129 -129 -129 -129 -129 -129 -129 -129 
CPU side received count (scaleup: 3): -95 -98 -94 -111 -106 -105 -86 -95 # -129 -129 -129 -129 -129 -129 -129 -129 -129 -129 -12 -129 -129 -129 -129 -129 
29 -129 -129 -129 -129 -129 
9 -129 -129 -129 -129 -129 
-129 -129 -129 -129 -129 
9 -129 -129 -129 -129 -129 
9 -129 -129 -129 -129 -129 
Elastic buffer uses 4 channels per SM
Elastic buffer uses 4 channels per SM
Elastic buffer uses 4 channels per SM
Elastic buffer uses 4 channels per SM
Elastic buffer uses 4 channels per SM
Elastic buffer uses 4 channels per SM
Elastic buffer uses 4 channels per SM
Elastic buffer uses 4 channels per SM
CPU side received count (scaleup: 7): -111 -100 -104 -103 -99 -98 -87 -99 # -129 -129 -129 -129 -129 -129 -129 -129 -129 -129 -1CPU side received count (scaleup: 0): -105 -99 -96 -95 -102 -103 -86 -90 # -129 -129 -129 -129 -129 -129 -129 -129 -129 -129 -1229 -129 -129 -129 -129 -129 
CPU side received count (scaleup: 4): -89 -100 -91 -99 -91 -92 -105 -92 # -129 -129 -129 -129 -129 -129 -129 -129 -129 -129 -129CPU side received count (scaleup: 5): -107 -88 -101 -98 -102 -88 -94 -92 # -129 -129 -129 -129 -129 -129 -129 -129 -129 -129 -12CPU side received count (scaleup: 6): -102 -101 -104 -89 -110 -98 -99 -98 # -129 -129 -129 -129 -129 -129 -129 -129 -129 -129 -1CPU side received count (scaleup: 2): -95 -99 -108 -85 -104 -97 -108 -92 # -129 -129 -129 -129 -129 -129 -129 -129 -129 -129 -12CPU side received count (scaleup: 3): -95 -98 -94 -111 -106 -105 -86 -95 # -129 -129 -129 -129 -129 -129 -129 -129 -129 -129 -129 -129 -129 -129 -129 -129 
CPU side received count (scaleup: 1): -91 -99 -100 -99 -98 -97 -96 -92 # -129 -129 -129 -129 -129 -129 -129 -129 -129 -129 -129 9 -129 -129 -129 -129 -129 
 -129 -129 -129 -129 -129 
9 -129 -129 -129 -129 -129 
29 -129 -129 -129 -129 -129 
9 -129 -129 -129 -129 -129 
-129 -129 -129 -129 -129 
Elastic buffer uses 4 channels per SM
Elastic buffer uses 4 channels per SM
Elastic buffer uses 4 channels per SM
Elastic buffer uses 4 channels per SM
Elastic buffer uses 4 channels per SM
Elastic buffer uses 4 channels per SM
Elastic buffer uses 4 channels per SM
Elastic buffer uses 4 channels per SM
CPU side received count (scaleup: 1): -91 -99 -100 -99 -98 -97 -96 -92 # -129 -129 -129 -129 -129 -129 -129 -129 -129 -129 -129 CPU side received count (scaleup: 0): -105 -99 -96 -95 -102 -103 -86 -90 # -129 -129 -129 -129 -129 -129 -129 -129 -129 -129 -12CPU side received count (scaleup: 4): -89 -100 -91 -99 -91 -92 -105 -92 # -129 -129 -129 -129 -129 -129 -129 -129 -129 -129 -129CPU side received count (scaleup: 5): -107 -88 -101 -98 -102 -88 -94 -92 # -129 -129 -129 -129 -129 -129 -129 -129 -129 -129 -129 -129 -129 -129 -129 -129 
 -129 -129 -129 -129 -129 
CPU side received count (scaleup: 7): -111 -100 -104 -103 -99 -98 -87 -99 # -129 -129 -129 -129 -129 -129 -129 -129 -129 -129 -1CPU side received count (scaleup: 2): -95 -99 -108 -85 -104 -97 -108 -92 # -129 -129 -129 -129 -129 -129 -129 -129 -129 -129 -12CPU side received count (scaleup: 6): -102 -101 -104 -89 -110 -98 -99 -98 # -129 -129 -129 -129 -129 -129 -129 -129 -129 -129 -1CPU side received count (scaleup: 3): -95 -98 -94 -111 -106 -105 -86 -95 # -129 -129 -129 -129 -129 -129 -129 -129 -129 -129 -12-129 -129 -129 -129 -129 
9 -129 -129 -129 -129 -129 
29 -129 -129 -129 -129 -129 
9 -129 -129 -129 -129 -129 
29 -129 -129 -129 -129 -129 
9 -129 -129 -129 -129 -129 
Elastic buffer uses 4 channels per SM
Elastic buffer uses 4 channels per SM
Elastic buffer uses 4 channels per SM
Elastic buffer uses 4 channels per SM
Elastic buffer uses 4 channels per SM
Elastic buffer uses 4 channels per SM
Elastic buffer uses 4 channels per SM
Elastic buffer uses 4 channels per SM
CPU side received count (scaleup: 4): -89 -100 -91 -99 -91 -92 -105 -92 # -129 -129 -129 -129 -129 -129 -129 -129 -129 -129 -129CPU side received count (scaleup: 1): -91 -99 -100 -99 -98 -97 -96 -92 # -129 -129 -129 -129 -129 -129 -129 -129 -129 -129 -129 CPU side received count (scaleup: 3): -95 -98 -94 -111 -106 -105 -86 -95 # -129 -129 -129 -129 -129 -129 -129 -129 -129 -129 -12CPU side received count (scaleup: 6): -102 -101 -104 -89 -110 -98 -99 -98 # -129 -129 -129 -129 -129 -129 -129 -129 -129 -129 -1CPU side received count (scaleup: 0): -105 -99 -96 -95 -102 -103 -86 -90 # -129 -129 -129 -129 -129 -129 -129 -129 -129 -129 -12-129 -129 -129 -129 -129 
CPU side received count (scaleup: 5): -107 -88 -101 -98 -102 -88 -94 -92 # -129 -129 -129 -129 -129 -129 -129 -129 -129 -129 -1229 -129 -129 -129 -129 -129 
CPU side received count (scaleup: 2): -95 -99 -108 -85 -104 -97 -108 -92 # -129 -129 -129 -129 -129 -129 -129 -129 -129 -129 -129 -129 -129 -129 -129 -129 
CPU side received count (scaleup: 7): -111 -100 -104 -103 -99 -98 -87 -99 # -129 -129 -129 -129 -129 -129 -129 -129 -129 -129 -1 -129 -129 -129 -129 -129 
9 -129 -129 -129 -129 -129 
9 -129 -129 -129 -129 -129 
9 -129 -129 -129 -129 -129 
29 -129 -129 -129 -129 -129 
Elastic buffer uses 4 channels per SM
Elastic buffer uses 4 channels per SM
Elastic buffer uses 4 channels per SM
Elastic buffer uses 4 channels per SM
Elastic buffer uses 4 channels per SM
Elastic buffer uses 4 channels per SM
Elastic buffer uses 4 channels per SM
Elastic buffer uses 4 channels per SM
CPU side received count (scaleup: 4): -89 -100 -91 -99 -91 -92 -105 -92 # -129 -129 -129 -129 -129 -129 -129 -129 -129 -129 -129CPU side received count (scaleup: 0): -105 -99 -96 -95 -102 -103 -86 -90 # -129 -129 -129 -129 -129 -129 -129 -129 -129 -129 -12CPU side received count (scaleup: 5): -107 -88 -101 -98 -102 -88 -94 -92 # -129 -129 -129 -129 -129 -129 -129 -129 -129 -129 -12 -129 -129 -129 -129 -129 
CPU side received count (scaleup: 1): -91 -99 -100 -99 -98 -97 -96 -92 # -129 -129 -129 -129 -129 -129 -129 -129 -129 -129 -129 CPU side received count (scaleup: 6): -102 -101 -104 -89 -110 -98 -99 -98 # -129 -129 -129 -129 -129 -129 -129 -129 -129 -129 -1CPU side received count (scaleup: 7): -111 -100 -104 -103 -99 -98 -87 -99 # -129 -129 -129 -129 -129 -129 -129 -129 -129 -129 -1-129 -129 -129 -129 -129 
29 -129 -129 -129 -129 -129 
CPU side received count (scaleup: 2): -95 -99 -108 -85 -104 -97 -108 -92 # -129 -129 -129 -129 -129 -129 -129 -129 -129 -129 -12CPU side received count (scaleup: 3): -95 -98 -94 -111 -106 -105 -86 -95 # -129 -129 -129 -129 -129 -129 -129 -129 -129 -129 -129 -129 -129 -129 -129 -129 
9 -129 -129 -129 -129 -129 
29 -129 -129 -129 -129 -129 
9 -129 -129 -129 -129 -129 
9 -129 -129 -129 -129 -129 
Elastic buffer uses 4 channels per SM
Elastic buffer uses 4 channels per SM
Elastic buffer uses 4 channels per SM
Elastic buffer uses 4 channels per SM
Elastic buffer uses 4 channels per SM
Elastic buffer uses 4 channels per SM
Elastic buffer uses 4 channels per SM
Elastic buffer uses 4 channels per SM
CPU side received count (scaleup: 0): -105 -99 -96 -95 -102 -103 -86 -90 # -129 -129 -129 -129 -129 -129 -129 -129 -129 -129 -12CPU side received count (scaleup: 1): -91 -99 -100 -99 -98 -97 -96 -92 # -129 -129 -129 -129 -129 -129 -129 -129 -129 -129 -129 CPU side received count (scaleup: 4): -89 -100 -91 -99 -91 -92 -105 -92 # -129 -129 -129 -129 -129 -129 -129 -129 -129 -129 -129CPU side received count (scaleup: 6): -102 -101 -104 -89 -110 -98 -99 -98 # -129 -129 -129 -129 -129 -129 -129 -129 -129 -129 -1CPU side received count (scaleup: 5): -107 -88 -101 -98 -102 -88 -94 -92 # -129 -129 -129 -129 -129 -129 -129 -129 -129 -129 -12-129 -129 -129 -129 -129 
 -129 -129 -129 -129 -129 
CPU side received count (scaleup: 7): -111 -100 -104 -103 -99 -98 -87 -99 # -129 -129 -129 -129 -129 -129 -129 -129 -129 -129 -1CPU side received count (scaleup: 3): -95 -98 -94 -111 -106 -105 -86 -95 # -129 -129 -129 -129 -129 -129 -129 -129 -129 -129 -12CPU side received count (scaleup: 2): -95 -99 -108 -85 -104 -97 -108 -92 # -129 -129 -129 -129 -129 -129 -129 -129 -129 -129 -129 -129 -129 -129 -129 -129 
29 -129 -129 -129 -129 -129 
9 -129 -129 -129 -129 -129 
29 -129 -129 -129 -129 -129 
9 -129 -129 -129 -129 -129 
9 -129 -129 -129 -129 -129 
Elastic buffer uses 4 channels per SM
Elastic buffer uses 4 channels per SM
Elastic buffer uses 4 channels per SM
Elastic buffer uses 4 channels per SM
Elastic buffer uses 4 channels per SM
Elastic buffer uses 4 channels per SM
Elastic buffer uses 4 channels per SM
Elastic buffer uses 4 channels per SM
CPU side received count (scaleup: 4): -89 -100 -91 -99 -91 -92 -105 -92 # -129 -129 -129 -129 -129 -129 -129 -129 -129 -129 -129CPU side received count (scaleup: 0): -105 -99 -96 -95 -102 -103 -86 -90 # -129 -129 -129 -129 -129 -129 -129 -129 -129 -129 -12CPU side received count (scaleup: 5): -107 -88 -101 -98 -102 -88 -94 -92 # -129 -129 -129 -129 -129 -129 -129 -129 -129 -129 -12 -129 -129 -129 -129 -129 
CPU side received count (scaleup: 3): -95 -98 -94 -111 -106 -105 -86 -95 # -129 -129 -129 -129 -129 -129 -129 -129 -129 -129 -129 -129 -129 -129 -129 -129 
CPU side received count (scaleup: 7): -111 -100 -104 -103 -99 -98 -87 -99 # -129 -129 -129 -129 -129 -129 -129 -129 -129 -129 -1CPU side received count (scaleup: 2): -95 -99 -108 -85 -104 -97 -108 -92 # -129 -129 -129 -129 -129 -129 -129 -129 -129 -129 -129 -129 -129 -129 -129 -129 
CPU side received count (scaleup: 1): -91 -99 -100 -99 -98 -97 -96 -92 # -129 -129 -129 -129 -129 -129 -129 -129 -129 -129 -129 CPU side received count (scaleup: 6): -102 -101 -104 -89 -110 -98 -99 -98 # -129 -129 -129 -129 -129 -129 -129 -129 -129 -129 -19 -129 -129 -129 -129 -129 
-129 -129 -129 -129 -129 
29 -129 -129 -129 -129 -129 
9 -129 -129 -129 -129 -129 
29 -129 -129 -129 -129 -129 
Elastic buffer uses 4 channels per SM
Elastic buffer uses 4 channels per SM
Elastic buffer uses 4 channels per SM
Elastic buffer uses 4 channels per SM
Elastic buffer uses 4 channels per SM
Elastic buffer uses 4 channels per SM
Elastic buffer uses 4 channels per SM
Elastic buffer uses 4 channels per SM
CPU side received count (scaleup: 7): -111 -100 -104 -103 -99 -98 -87 -99 # -129 -129 -129 -129 -129 -129 -129 -129 -129 -129 -1CPU side received count (scaleup: 4): -89 -100 -91 -99 -91 -92 -105 -92 # -129 -129 -129 -129 -129 -129 -129 -129 -129 -129 -129CPU side received count (scaleup: 2): -95 -99 -108 -85 -104 -97 -108 -92 # -129 -129 -129 -129 -129 -129 -129 -129 -129 -129 -12CPU side received count (scaleup: 3): -95 -98 -94 -111 -106 -105 -86 -95 # -129 -129 -129 -129 -129 -129 -129 -129 -129 -129 -12CPU side received count (scaleup: 6): -102 -101 -104 -89 -110 -98 -99 -98 # -129 -129 -129 -129 -129 -129 -129 -129 -129 -129 -19 -129 -129 -129 -129 -129 
CPU side received count (scaleup: 5): -107 -88 -101 -98 -102 -88 -94 -92 # -129 -129 -129 -129 -129 -129 -129 -129 -129 -129 -1229 -129 -129 -129 -129 -129 
CPU side received count (scaleup: 0): -105 -99 -96 -95 -102 -103 -86 -90 # -129 -129 -129 -129 -129 -129 -129 -129 -129 -129 -12 -129 -129 -129 -129 -129 
9 -129 -129 -129 -129 -129 
CPU side received count (scaleup: 1): -91 -99 -100 -99 -98 -97 -96 -92 # -129 -129 -129 -129 -129 -129 -129 -129 -129 -129 -129 9 -129 -129 -129 -129 -129 
29 -129 -129 -129 -129 -129 
9 -129 -129 -129 -129 -129 
-129 -129 -129 -129 -129 
Elastic buffer uses 4 channels per SM
Elastic buffer uses 4 channels per SM
Elastic buffer uses 4 channels per SM
Elastic buffer uses 4 channels per SM
Elastic buffer uses 4 channels per SM
Elastic buffer uses 4 channels per SM
Elastic buffer uses 4 channels per SM
Elastic buffer uses 4 channels per SM
CPU side received count (scaleup: 1): -91 -99 -100 -99 -98 -97 -96 -92 # -129 -129 -129 -129 -129 -129 -129 -129 -129 -129 -129 CPU side received count (scaleup: 5): -107 -88 -101 -98 -102 -88 -94 -92 # -129 -129 -129 -129 -129 -129 -129 -129 -129 -129 -12CPU side received count (scaleup: 6): -102 -101 -104 -89 -110 -98 -99 -98 # -129 -129 -129 -129 -129 -129 -129 -129 -129 -129 -1CPU side received count (scaleup: 0): -105 -99 -96 -95 -102 -103 -86 -90 # -129 -129 -129 -129 -129 -129 -129 -129 -129 -129 -129 -129 -129 -129 -129 -129 
29 -129 -129 -129 -129 -129 
9 -129 -129 -129 -129 -129 
CPU side received count (scaleup: 3): -95 -98 -94 -111 -106 -105 -86 -95 # -129 -129 -129 -129 -129 -129 -129 -129 -129 -129 -12CPU side received count (scaleup: 2): -95 -99 -108 -85 -104 -97 -108 -92 # -129 -129 -129 -129 -129 -129 -129 -129 -129 -129 -12CPU side received count (scaleup: 7): -111 -100 -104 -103 -99 -98 -87 -99 # -129 -129 -129 -129 -129 -129 -129 -129 -129 -129 -1CPU side received count (scaleup: 4): -89 -100 -91 -99 -91 -92 -105 -92 # -129 -129 -129 -129 -129 -129 -129 -129 -129 -129 -129-129 -129 -129 -129 -129 
9 -129 -129 -129 -129 -129 
29 -129 -129 -129 -129 -129 
9 -129 -129 -129 -129 -129 
 -129 -129 -129 -129 -129 
Elastic buffer uses 4 channels per SM
Elastic buffer uses 4 channels per SM
Elastic buffer uses 4 channels per SM
Elastic buffer uses 4 channels per SM
Elastic buffer uses 4 channels per SM
Elastic buffer uses 4 channels per SM
Elastic buffer uses 4 channels per SM
Elastic buffer uses 4 channels per SM
CPU side received count (scaleup: 0): -105 -99 -96 -95 -102 -103 -86 -90 # -129 -129 -129 -129 -129 -129 -129 -129 -129 -129 -12CPU side received count (scaleup: 2): -95 -99 -108 -85 -104 -97 -108 -92 # -129 -129 -129 -129 -129 -129 -129 -129 -129 -129 -12CPU side received count (scaleup: 1): -91 -99 -100 -99 -98 -97 -96 -92 # -129 -129 -129 -129 -129 -129 -129 -129 -129 -129 -129 CPU side received count (scaleup: 6): -102 -101 -104 -89 -110 -98 -99 -98 # -129 -129 -129 -129 -129 -129 -129 -129 -129 -129 -1CPU side received count (scaleup: 7): -111 -100 -104 -103 -99 -98 -87 -99 # -129 -129 -129 -129 -129 -129 -129 -129 -129 -129 -129 -129 -129 -129 -129 -129 
CPU side received count (scaleup: 4): -89 -100 -91 -99 -91 -92 -105 -92 # -129 -129 -129 -129 -129 -129 -129 -129 -129 -129 -129CPU side received count (scaleup: 5): -107 -88 -101 -98 -102 -88 -94 -92 # -129 -129 -129 -129 -129 -129 -129 -129 -129 -129 -1229 -129 -129 -129 -129 -129 
CPU side received count (scaleup: 3): -95 -98 -94 -111 -106 -105 -86 -95 # -129 -129 -129 -129 -129 -129 -129 -129 -129 -129 -129 -129 -129 -129 -129 -129 
9 -129 -129 -129 -129 -129 
-129 -129 -129 -129 -129 
 -129 -129 -129 -129 -129 
9 -129 -129 -129 -129 -129 
9 -129 -129 -129 -129 -129 
Elastic buffer uses 4 channels per SM
Elastic buffer uses 4 channels per SM
Elastic buffer uses 4 channels per SM
Elastic buffer uses 4 channels per SM
Elastic buffer uses 4 channels per SM
Elastic buffer uses 4 channels per SM
Elastic buffer uses 4 channels per SM
Elastic buffer uses 4 channels per SM
CPU side received count (scaleup: 2): -95 -99 -108 -85 -104 -97 -108 -92 # -129 -129 -129 -129 -129 -129 -129 -129 -129 -129 -12CPU side received count (scaleup: 4): -89 -100 -91 -99 -91 -92 -105 -92 # -129 -129 -129 -129 -129 -129 -129 -129 -129 -129 -129CPU side received count (scaleup: 7): -111 -100 -104 -103 -99 -98 -87 -99 # -129 -129 -129 -129 -129 -129 -129 -129 -129 -129 -1CPU side received count (scaleup: 6): -102 -101 -104 -89 -110 -98 -99 -98 # -129 -129 -129 -129 -129 -129 -129 -129 -129 -129 -1 -129 -129 -129 -129 -129 
CPU side received count (scaleup: 5): -107 -88 -101 -98 -102 -88 -94 -92 # -129 -129 -129 -129 -129 -129 -129 -129 -129 -129 -12CPU side received count (scaleup: 0): -105 -99 -96 -95 -102 -103 -86 -90 # -129 -129 -129 -129 -129 -129 -129 -129 -129 -129 -12CPU side received count (scaleup: 1): -91 -99 -100 -99 -98 -97 -96 -92 # -129 -129 -129 -129 -129 -129 -129 -129 -129 -129 -129 CPU side received count (scaleup: 3): -95 -98 -94 -111 -106 -105 -86 -95 # -129 -129 -129 -129 -129 -129 -129 -129 -129 -129 -129 -129 -129 -129 -129 -129 
29 -129 -129 -129 -129 -129 
29 -129 -129 -129 -129 -129 
9 -129 -129 -129 -129 -129 
9 -129 -129 -129 -129 -129 
-129 -129 -129 -129 -129 
9 -129 -129 -129 -129 -129 
Elastic buffer uses 4 channels per SM
Elastic buffer uses 4 channels per SM
Elastic buffer uses 4 channels per SM
Elastic buffer uses 4 channels per SM
Elastic buffer uses 4 channels per SM
Elastic buffer uses 4 channels per SM
Elastic buffer uses 4 channels per SM
Elastic buffer uses 4 channels per SM
CPU side received count (scaleup: 4): -89 -100 -91 -99 -91 -92 -105 -92 # -129 -129 -129 -129 -129 -129 -129 -129 -129 -129 -129CPU side received count (scaleup: 7): -111 -100 -104 -103 -99 -98 -87 -99 # -129 -129 -129 -129 -129 -129 -129 -129 -129 -129 -1CPU side received count (scaleup: 6): -102 -101 -104 -89 -110 -98 -99 -98 # -129 -129 -129 -129 -129 -129 -129 -129 -129 -129 -1CPU side received count (scaleup: 2): -95 -99 -108 -85 -104 -97 -108 -92 # -129 -129 -129 -129 -129 -129 -129 -129 -129 -129 -1229 -129 -129 -129 -129 -129 
CPU side received count (scaleup: 1): -91 -99 -100 -99 -98 -97 -96 -92 # -129 -129 -129 -129 -129 -129 -129 -129 -129 -129 -129 CPU side received count (scaleup: 5): -107 -88 -101 -98 -102 -88 -94 -92 # -129 -129 -129 -129 -129 -129 -129 -129 -129 -129 -12 -129 -129 -129 -129 -129 
29 -129 -129 -129 -129 -129 
CPU side received count (scaleup: 0): -105 -99 -96 -95 -102 -103 -86 -90 # -129 -129 -129 -129 -129 -129 -129 -129 -129 -129 -129 -129 -129 -129 -129 -129 
CPU side received count (scaleup: 3): -95 -98 -94 -111 -106 -105 -86 -95 # -129 -129 -129 -129 -129 -129 -129 -129 -129 -129 -12-129 -129 -129 -129 -129 
9 -129 -129 -129 -129 -129 
9 -129 -129 -129 -129 -129 
9 -129 -129 -129 -129 -129 
Elastic buffer uses 4 channels per SM
Elastic buffer uses 4 channels per SM
Elastic buffer uses 4 channels per SM
Elastic buffer uses 4 channels per SM
Elastic buffer uses 4 channels per SM
Elastic buffer uses 4 channels per SM
Elastic buffer uses 4 channels per SM
Elastic buffer uses 4 channels per SM
CPU side received count (scaleup: 5): -107 -88 -101 -98 -102 -88 -94 -92 # -129 -129 -129 -129 -129 -129 -129 -129 -129 -129 -12CPU side received count (scaleup: 1): -91 -99 -100 -99 -98 -97 -96 -92 # -129 -129 -129 -129 -129 -129 -129 -129 -129 -129 -129 CPU side received count (scaleup: 0): -105 -99 -96 -95 -102 -103 -86 -90 # -129 -129 -129 -129 -129 -129 -129 -129 -129 -129 -12CPU side received count (scaleup: 4): -89 -100 -91 -99 -91 -92 -105 -92 # -129 -129 -129 -129 -129 -129 -129 -129 -129 -129 -129CPU side received count (scaleup: 2): -95 -99 -108 -85 -104 -97 -108 -92 # -129 -129 -129 -129 -129 -129 -129 -129 -129 -129 -12CPU side received count (scaleup: 6): -102 -101 -104 -89 -110 -98 -99 -98 # -129 -129 -129 -129 -129 -129 -129 -129 -129 -129 -1CPU side received count (scaleup: 7): -111 -100 -104 -103 -99 -98 -87 -99 # -129 -129 -129 -129 -129 -129 -129 -129 -129 -129 -19 -129 -129 -129 -129 -129 
CPU side received count (scaleup: 3): -95 -98 -94 -111 -106 -105 -86 -95 # -129 -129 -129 -129 -129 -129 -129 -129 -129 -129 -129 -129 -129 -129 -129 -129 
9 -129 -129 -129 -129 -129 
-129 -129 -129 -129 -129 
 -129 -129 -129 -129 -129 
29 -129 -129 -129 -129 -129 
29 -129 -129 -129 -129 -129 
9 -129 -129 -129 -129 -129 
Elastic buffer uses 4 channels per SM
Elastic buffer uses 4 channels per SM
Elastic buffer uses 4 channels per SM
Elastic buffer uses 4 channels per SM
Elastic buffer uses 4 channels per SM
Elastic buffer uses 4 channels per SM
Elastic buffer uses 4 channels per SM
Elastic buffer uses 4 channels per SM
CPU side received count (scaleup: 4): -89 -100 -91 -99 -91 -92 -105 -92 # -129 -129 -129 -129 -129 -129 -129 -129 -129 -129 -129CPU side received count (scaleup: 2): -95 -99 -108 -85 -104 -97 -108 -92 # -129 -129 -129 -129 -129 -129 -129 -129 -129 -129 -12CPU side received count (scaleup: 7): -111 -100 -104 -103 -99 -98 -87 -99 # -129 -129 -129 -129 -129 -129 -129 -129 -129 -129 -1CPU side received count (scaleup: 5): -107 -88 -101 -98 -102 -88 -94 -92 # -129 -129 -129 -129 -129 -129 -129 -129 -129 -129 -1229 -129 -129 -129 -129 -129 
CPU side received count (scaleup: 3): -95 -98 -94 -111 -106 -105 -86 -95 # -129 -129 -129 -129 -129 -129 -129 -129 -129 -129 -129 -129 -129 -129 -129 -129 
 -129 -129 -129 -129 -129 
9 -129 -129 -129 -129 -129 
CPU side received count (scaleup: 0): -105 -99 -96 -95 -102 -103 -86 -90 # -129 -129 -129 -129 -129 -129 -129 -129 -129 -129 -12CPU side received count (scaleup: 6): -102 -101 -104 -89 -110 -98 -99 -98 # -129 -129 -129 -129 -129 -129 -129 -129 -129 -129 -1CPU side received count (scaleup: 1): -91 -99 -100 -99 -98 -97 -96 -92 # -129 -129 -129 -129 -129 -129 -129 -129 -129 -129 -129 9 -129 -129 -129 -129 -129 
9 -129 -129 -129 -129 -129 
29 -129 -129 -129 -129 -129 
-129 -129 -129 -129 -129 
Elastic buffer uses 4 channels per SM
Elastic buffer uses 4 channels per SM
Elastic buffer uses 4 channels per SM
Elastic buffer uses 4 channels per SM
Elastic buffer uses 4 channels per SM
Elastic buffer uses 4 channels per SM
Elastic buffer uses 4 channels per SM
Elastic buffer uses 4 channels per SM
CPU side received count (scaleup: 4): -89 -100 -91 -99 -91 -92 -105 -92 # -129 -129 -129 -129 -129 -129 -129 -129 -129 -129 -129CPU side received count (scaleup: 2): -95 -99 -108 -85 -104 -97 -108 -92 # -129 -129 -129 -129 -129 -129 -129 -129 -129 -129 -12CPU side received count (scaleup: 7): -111 -100 -104 -103 -99 -98 -87 -99 # -129 -129 -129 -129 -129 -129 -129 -129 -129 -129 -1CPU side received count (scaleup: 0): -105 -99 -96 -95 -102 -103 -86 -90 # -129 -129 -129 -129 -129 -129 -129 -129 -129 -129 -12CPU side received count (scaleup: 1): -91 -99 -100 -99 -98 -97 -96 -92 # -129 -129 -129 -129 -129 -129 -129 -129 -129 -129 -129 CPU side received count (scaleup: 6): -102 -101 -104 -89 -110 -98 -99 -98 # -129 -129 -129 -129 -129 -129 -129 -129 -129 -129 -1CPU side received count (scaleup: 5): -107 -88 -101 -98 -102 -88 -94 -92 # -129 -129 -129 -129 -129 -129 -129 -129 -129 -129 -12-129 -129 -129 -129 -129 
CPU side received count (scaleup: 3): -95 -98 -94 -111 -106 -105 -86 -95 # -129 -129 -129 -129 -129 -129 -129 -129 -129 -129 -12 -129 -129 -129 -129 -129 
9 -129 -129 -129 -129 -129 
29 -129 -129 -129 -129 -129 
9 -129 -129 -129 -129 -129 
29 -129 -129 -129 -129 -129 
9 -129 -129 -129 -129 -129 
9 -129 -129 -129 -129 -129 
Elastic buffer uses 4 channels per SM
Elastic buffer uses 4 channels per SM
Elastic buffer uses 4 channels per SM
Elastic buffer uses 4 channels per SM
Elastic buffer uses 4 channels per SM
Elastic buffer uses 4 channels per SM
Elastic buffer uses 4 channels per SM
Elastic buffer uses 4 channels per SM
CPU side received count (scaleup: 7): -111 -100 -104 -103 -99 -98 -87 -99 # -129 -129 -129 -129 -129 -129 -129 -129 -129 -129 -1CPU side received count (scaleup: 5): -107 -88 -101 -98 -102 -88 -94 -92 # -129 -129 -129 -129 -129 -129 -129 -129 -129 -129 -12CPU side received count (scaleup: 4): -89 -100 -91 -99 -91 -92 -105 -92 # -129 -129 -129 -129 -129 -129 -129 -129 -129 -129 -129CPU side received count (scaleup: 1): -91 -99 -100 -99 -98 -97 -96 -92 # -129 -129 -129 -129 -129 -129 -129 -129 -129 -129 -129 29 -129 -129 -129 -129 -129 
9 -129 -129 -129 -129 -129 
CPU side received count (scaleup: 6): -102 -101 -104 -89 -110 -98 -99 -98 # -129 -129 -129 -129 -129 -129 -129 -129 -129 -129 -1CPU side received count (scaleup: 2): -95 -99 -108 -85 -104 -97 -108 -92 # -129 -129 -129 -129 -129 -129 -129 -129 -129 -129 -12CPU side received count (scaleup: 0): -105 -99 -96 -95 -102 -103 -86 -90 # -129 -129 -129 -129 -129 -129 -129 -129 -129 -129 -12CPU side received count (scaleup: 3): -95 -98 -94 -111 -106 -105 -86 -95 # -129 -129 -129 -129 -129 -129 -129 -129 -129 -129 -129 -129 -129 -129 -129 -129 
9 -129 -129 -129 -129 -129 
 -129 -129 -129 -129 -129 
-129 -129 -129 -129 -129 
29 -129 -129 -129 -129 -129 
9 -129 -129 -129 -129 -129 
Elastic buffer uses 4 channels per SM
Elastic buffer uses 4 channels per SM
Elastic buffer uses 4 channels per SM
Elastic buffer uses 4 channels per SM
Elastic buffer uses 4 channels per SM
Elastic buffer uses 4 channels per SM
Elastic buffer uses 4 channels per SM
Elastic buffer uses 4 channels per SM
CPU side received count (scaleup: 4): -89 -100 -91 -99 -91 -92 -105 -92 # -129 -129 -129 -129 -129 -129 -129 -129 -129 -129 -129CPU side received count (scaleup: 1): -91 -99 -100 -99 -98 -97 -96 -92 # -129 -129 -129 -129 -129 -129 -129 -129 -129 -129 -129 CPU side received count (scaleup: 0): -105 -99 -96 -95 -102 -103 -86 -90 # -129 -129 -129 -129 -129 -129 -129 -129 -129 -129 -12CPU side received count (scaleup: 3): -95 -98 -94 -111 -106 -105 -86 -95 # -129 -129 -129 -129 -129 -129 -129 -129 -129 -129 -12CPU side received count (scaleup: 7): -111 -100 -104 -103 -99 -98 -87 -99 # -129 -129 -129 -129 -129 -129 -129 -129 -129 -129 -1CPU side received count (scaleup: 2): -95 -99 -108 -85 -104 -97 -108 -92 # -129 -129 -129 -129 -129 -129 -129 -129 -129 -129 -129 -129 -129 -129 -129 -129 
CPU side received count (scaleup: 6): -102 -101 -104 -89 -110 -98 -99 -98 # -129 -129 -129 -129 -129 -129 -129 -129 -129 -129 -19 -129 -129 -129 -129 -129 
CPU side received count (scaleup: 5): -107 -88 -101 -98 -102 -88 -94 -92 # -129 -129 -129 -129 -129 -129 -129 -129 -129 -129 -12 -129 -129 -129 -129 -129 
29 -129 -129 -129 -129 -129 
-129 -129 -129 -129 -129 
9 -129 -129 -129 -129 -129 
29 -129 -129 -129 -129 -129 
9 -129 -129 -129 -129 -129 
Elastic buffer uses 4 channels per SM
Elastic buffer uses 4 channels per SM
Elastic buffer uses 4 channels per SM
Elastic buffer uses 4 channels per SM
Elastic buffer uses 4 channels per SM
Elastic buffer uses 4 channels per SM
Elastic buffer uses 4 channels per SM
Elastic buffer uses 4 channels per SM
CPU side received count (scaleup: 4): -89 -100 -91 -99 -91 -92 -105 -92 # -129 -129 -129 -129 -129 -129 -129 -129 -129 -129 -129CPU side received count (scaleup: 2): -95 -99 -108 -85 -104 -97 -108 -92 # -129 -129 -129 -129 -129 -129 -129 -129 -129 -129 -12CPU side received count (scaleup: 6): -102 -101 -104 -89 -110 -98 -99 -98 # -129 -129 -129 -129 -129 -129 -129 -129 -129 -129 -19 -129 -129 -129 -129 -129 
CPU side received count (scaleup: 0): -105 -99 -96 -95 -102 -103 -86 -90 # -129 -129 -129 -129 -129 -129 -129 -129 -129 -129 -12CPU side received count (scaleup: 5): -107 -88 -101 -98 -102 -88 -94 -92 # -129 -129 -129 -129 -129 -129 -129 -129 -129 -129 -129 -129 -129 -129 -129 -129 
CPU side received count (scaleup: 7): -111 -100 -104 -103 -99 -98 -87 -99 # -129 -129 -129 -129 -129 -129 -129 -129 -129 -129 -1CPU side received count (scaleup: 1): -91 -99 -100 -99 -98 -97 -96 -92 # -129 -129 -129 -129 -129 -129 -129 -129 -129 -129 -129 CPU side received count (scaleup: 3): -95 -98 -94 -111 -106 -105 -86 -95 # -129 -129 -129 -129 -129 -129 -129 -129 -129 -129 -12-129 -129 -129 -129 -129 
 -129 -129 -129 -129 -129 
29 -129 -129 -129 -129 -129 
9 -129 -129 -129 -129 -129 
29 -129 -129 -129 -129 -129 
9 -129 -129 -129 -129 -129 
Elastic buffer uses 4 channels per SM
Elastic buffer uses 4 channels per SM
Elastic buffer uses 4 channels per SM
Elastic buffer uses 4 channels per SM
Elastic buffer uses 4 channels per SM
Elastic buffer uses 4 channels per SM
Elastic buffer uses 4 channels per SM
Elastic buffer uses 4 channels per SM
CPU side received count (scaleup: 4): -89 -100 -91 -99 -91 -92 -105 -92 # -129 -129 -129 -129 -129 -129 -129 -129 -129 -129 -129CPU side received count (scaleup: 5): -107 -88 -101 -98 -102 -88 -94 -92 # -129 -129 -129 -129 -129 -129 -129 -129 -129 -129 -12 -129 -129 -129 -129 -129 
CPU side received count (scaleup: 7): -111 -100 -104 -103 -99 -98 -87 -99 # -129 -129 -129 -129 -129 -129 -129 -129 -129 -129 -1CPU side received count (scaleup: 3): -95 -98 -94 -111 -106 -105 -86 -95 # -129 -129 -129 -129 -129 -129 -129 -129 -129 -129 -12CPU side received count (scaleup: 2): -95 -99 -108 -85 -104 -97 -108 -92 # -129 -129 -129 -129 -129 -129 -129 -129 -129 -129 -1229 -129 -129 -129 -129 -129 
CPU side received count (scaleup: 6): -102 -101 -104 -89 -110 -98 -99 -98 # -129 -129 -129 -129 -129 -129 -129 -129 -129 -129 -19 -129 -129 -129 -129 -129 
CPU side received count (scaleup: 0): -105 -99 -96 -95 -102 -103 -86 -90 # -129 -129 -129 -129 -129 -129 -129 -129 -129 -129 -12CPU side received count (scaleup: 1): -91 -99 -100 -99 -98 -97 -96 -92 # -129 -129 -129 -129 -129 -129 -129 -129 -129 -129 -129 9 -129 -129 -129 -129 -129 
9 -129 -129 -129 -129 -129 
29 -129 -129 -129 -129 -129 
9 -129 -129 -129 -129 -129 
-129 -129 -129 -129 -129 
Elastic buffer uses 4 channels per SM
Elastic buffer uses 4 channels per SM
Elastic buffer uses 4 channels per SM
Elastic buffer uses 4 channels per SM
Elastic buffer uses 4 channels per SM
Elastic buffer uses 4 channels per SM
Elastic buffer uses 4 channels per SM
Elastic buffer uses 4 channels per SM
CPU side received count (scaleup: 4): -89 -100 -91 -99 -91 -92 -105 -92 # -129 -129 -129 -129 -129 -129 -129 -129 -129 -129 -129CPU side received count (scaleup: 0): -105 -99 -96 -95 -102 -103 -86 -90 # -129 -129 -129 -129 -129 -129 -129 -129 -129 -129 -12CPU side received count (scaleup: 2): -95 -99 -108 -85 -104 -97 -108 -92 # -129 -129 -129 -129 -129 -129 -129 -129 -129 -129 -12CPU side received count (scaleup: 1): -91 -99 -100 -99 -98 -97 -96 -92 # -129 -129 -129 -129 -129 -129 -129 -129 -129 -129 -129 CPU side received count (scaleup: 5): -107 -88 -101 -98 -102 -88 -94 -92 # -129 -129 -129 -129 -129 -129 -129 -129 -129 -129 -12CPU side received count (scaleup: 3): -95 -98 -94 -111 -106 -105 -86 -95 # -129 -129 -129 -129 -129 -129 -129 -129 -129 -129 -12CPU side received count (scaleup: 6): -102 -101 -104 -89 -110 -98 -99 -98 # -129 -129 -129 -129 -129 -129 -129 -129 -129 -129 -1 -129 -129 -129 -129 -129 
29 -129 -129 -129 -129 -129 
CPU side received count (scaleup: 7): -111 -100 -104 -103 -99 -98 -87 -99 # -129 -129 -129 -129 -129 -129 -129 -129 -129 -129 -19 -129 -129 -129 -129 -129 
9 -129 -129 -129 -129 -129 
-129 -129 -129 -129 -129 
9 -129 -129 -129 -129 -129 
9 -129 -129 -129 -129 -129 
29 -129 -129 -129 -129 -129 
Elastic buffer uses 4 channels per SM
Elastic buffer uses 4 channels per SM
Elastic buffer uses 4 channels per SM
Elastic buffer uses 4 channels per SM
Elastic buffer uses 4 channels per SM
Elastic buffer uses 4 channels per SM
Elastic buffer uses 4 channels per SM
Elastic buffer uses 4 channels per SM
CPU side received count (scaleup: 4): -89 -100 -91 -99 -91 -92 -105 -92 # -129 -129 -129 -129 -129 -129 -129 -129 -129 -129 -129CPU side received count (scaleup: 2): -95 -99 -108 -85 -104 -97 -108 -92 # -129 -129 -129 -129 -129 -129 -129 -129 -129 -129 -12CPU side received count (scaleup: 7): -111 -100 -104 -103 -99 -98 -87 -99 # -129 -129 -129 -129 -129 -129 -129 -129 -129 -129 -1CPU side received count (scaleup: 0): -105 -99 -96 -95 -102 -103 -86 -90 # -129 -129 -129 -129 -129 -129 -129 -129 -129 -129 -12CPU side received count (scaleup: 5): -107 -88 -101 -98 -102 -88 -94 -92 # -129 -129 -129 -129 -129 -129 -129 -129 -129 -129 -12CPU side received count (scaleup: 3): -95 -98 -94 -111 -106 -105 -86 -95 # -129 -129 -129 -129 -129 -129 -129 -129 -129 -129 -129 -129 -129 -129 -129 -129 
9 -129 -129 -129 -129 -129 
CPU side received count (scaleup: 6): -102 -101 -104 -89 -110 -98 -99 -98 # -129 -129 -129 -129 -129 -129 -129 -129 -129 -129 -1CPU side received count (scaleup: 1): -91 -99 -100 -99 -98 -97 -96 -92 # -129 -129 -129 -129 -129 -129 -129 -129 -129 -129 -129  -129 -129 -129 -129 -129 
9 -129 -129 -129 -129 -129 
29 -129 -129 -129 -129 -129 
29 -129 -129 -129 -129 -129 
9 -129 -129 -129 -129 -129 
-129 -129 -129 -129 -129 
Elastic buffer uses 4 channels per SM
Elastic buffer uses 4 channels per SM
Elastic buffer uses 4 channels per SM
Elastic buffer uses 4 channels per SM
Elastic buffer uses 4 channels per SM
Elastic buffer uses 4 channels per SM
Elastic buffer uses 4 channels per SM
Elastic buffer uses 4 channels per SM
USDT:2026-08-25 02:29:32 434:434 SyncActivityProfilerHandler.cpp:52] profiler_startUSDT:2026-08-25 02:29:32 437:437 SyncActivityProfilerHandler.cpp:52] profiler_startUSDT:2026-08-25 02:29:32 440:440 SyncActivityProfilerHandler.cpp:52] profiler_startUSDT:2026-08-25 02:29:32 439:439 SyncActivityProfilerHandler.cpp:52] profiler_start



USDT:2026-08-25 02:29:32 435:435 SyncActivityProfilerHandler.cpp:52] profiler_startUSDT:2026-08-25 02:29:32 438:438 SyncActivityProfilerHandler.cpp:52] profiler_start
USDT:2026-08-25 02:29:32 433:433 SyncActivityProfilerHandler.cpp:52] profiler_start

USDT:2026-08-25 02:29:32 436:436 SyncActivityProfilerHandler.cpp:52] profiler_start
CPU side received count (scaleup: 4): -89 -100 -91 -99 -91 -92 -105 -92 # -129 -129 -129 -129 -129 -129 -129 -129 -129 -129 -129CPU side received count (scaleup: 2): -95 -99 -108 -85 -104 -97 -108 -92 # -129 -129 -129 -129 -129 -129 -129 -129 -129 -129 -12CPU side received count (scaleup: 3): -95 -98 -94 -111 -106 -105 -86 -95 # -129 -129 -129 -129 -129 -129 -129 -129 -129 -129 -12CPU side received count (scaleup: 5): -107 -88 -101 -98 -102 -88 -94 -92 # -129 -129 -129 -129 -129 -129 -129 -129 -129 -129 -12CPU side received count (scaleup: 6): -102 -101 -104 -89 -110 -98 -99 -98 # -129 -129 -129 -129 -129 -129 -129 -129 -129 -129 -1CPU side received count (scaleup: 7): -111 -100 -104 -103 -99 -98 -87 -99 # -129 -129 -129 -129 -129 -129 -129 -129 -129 -129 -1CPU side received count (scaleup: 1): -91 -99 -100 -99 -98 -97 -96 -92 # -129 -129 -129 -129 -129 -129 -129 -129 -129 -129 -129  -129 -129 -129 -129 -129 
9 -129 -129 -129 -129 -129 
CPU side received count (scaleup: 0): -105 -99 -96 -95 -102 -103 -86 -90 # -129 -129 -129 -129 -129 -129 -129 -129 -129 -129 -129 -129 -129 -129 -129 -129 
9 -129 -129 -129 -129 -129 
29 -129 -129 -129 -129 -129 
29 -129 -129 -129 -129 -129 
-129 -129 -129 -129 -129 
9 -129 -129 -129 -129 -129 
Elastic buffer uses 4 channels per SM
Elastic buffer uses 4 channels per SM
Elastic buffer uses 4 channels per SM
Elastic buffer uses 4 channels per SM
Elastic buffer uses 4 channels per SM
Elastic buffer uses 4 channels per SM
Elastic buffer uses 4 channels per SM
Elastic buffer uses 4 channels per SM
CPU side received count (scaleup: 4): -89 -100 -91 -99 -91 -92 -105 -92 # -129 -129 -129 -129 -129 -129 -129 -129 -129 -129 -129CPU side received count (scaleup: 5): -107 -88 -101 -98 -102 -88 -94 -92 # -129 -129 -129 -129 -129 -129 -129 -129 -129 -129 -12CPU side received count (scaleup: 7): -111 -100 -104 -103 -99 -98 -87 -99 # -129 -129 -129 -129 -129 -129 -129 -129 -129 -129 -1CPU side received count (scaleup: 6): -102 -101 -104 -89 -110 -98 -99 -98 # -129 -129 -129 -129 -129 -129 -129 -129 -129 -129 -1CPU side received count (scaleup: 3): -95 -98 -94 -111 -106 -105 -86 -95 # -129 -129 -129 -129 -129 -129 -129 -129 -129 -129 -1229 -129 -129 -129 -129 -129 
CPU side received count (scaleup: 1): -91 -99 -100 -99 -98 -97 -96 -92 # -129 -129 -129 -129 -129 -129 -129 -129 -129 -129 -129 9 -129 -129 -129 -129 -129 
29 -129 -129 -129 -129 -129 
CPU side received count (scaleup: 0): -105 -99 -96 -95 -102 -103 -86 -90 # -129 -129 -129 -129 -129 -129 -129 -129 -129 -129 -12-129 -129 -129 -129 -129 
 -129 -129 -129 -129 -129 
CPU side received count (scaleup: 2): -95 -99 -108 -85 -104 -97 -108 -92 # -129 -129 -129 -129 -129 -129 -129 -129 -129 -129 -129 -129 -129 -129 -129 -129 
9 -129 -129 -129 -129 -129 
9 -129 -129 -129 -129 -129 
Elastic buffer uses 4 channels per SM
Elastic buffer uses 4 channels per SM
Elastic buffer uses 4 channels per SM
Elastic buffer uses 4 channels per SM
Elastic buffer uses 4 channels per SM
Elastic buffer uses 4 channels per SM
Elastic buffer uses 4 channels per SM
Elastic buffer uses 4 channels per SM
CPU side received count (scaleup: 4): -89 -100 -91 -99 -91 -92 -105 -92 # -129 -129 -129 -129 -129 -129 -129 -129 -129 -129 -129CPU side received count (scaleup: 6): -102 -101 -104 -89 -110 -98 -99 -98 # -129 -129 -129 -129 -129 -129 -129 -129 -129 -129 -1CPU side received count (scaleup: 5): -107 -88 -101 -98 -102 -88 -94 -92 # -129 -129 -129 -129 -129 -129 -129 -129 -129 -129 -12CPU side received count (scaleup: 7): -111 -100 -104 -103 -99 -98 -87 -99 # -129 -129 -129 -129 -129 -129 -129 -129 -129 -129 -129 -129 -129 -129 -129 -129 
CPU side received count (scaleup: 1): -91 -99 -100 -99 -98 -97 -96 -92 # -129 -129 -129 -129 -129 -129 -129 -129 -129 -129 -129 CPU side received count (scaleup: 0): -105 -99 -96 -95 -102 -103 -86 -90 # -129 -129 -129 -129 -129 -129 -129 -129 -129 -129 -12CPU side received count (scaleup: 3): -95 -98 -94 -111 -106 -105 -86 -95 # -129 -129 -129 -129 -129 -129 -129 -129 -129 -129 -1229 -129 -129 -129 -129 -129 
CPU side received count (scaleup: 2): -95 -99 -108 -85 -104 -97 -108 -92 # -129 -129 -129 -129 -129 -129 -129 -129 -129 -129 -12 -129 -129 -129 -129 -129 
9 -129 -129 -129 -129 -129 
9 -129 -129 -129 -129 -129 
-129 -129 -129 -129 -129 
9 -129 -129 -129 -129 -129 
9 -129 -129 -129 -129 -129 
Elastic buffer uses 4 channels per SM
Elastic buffer uses 4 channels per SM
Elastic buffer uses 4 channels per SM
Elastic buffer uses 4 channels per SM
Elastic buffer uses 4 channels per SM
Elastic buffer uses 4 channels per SM
Elastic buffer uses 4 channels per SM
Elastic buffer uses 4 channels per SM
CPU side received count (scaleup: 0): -105 -99 -96 -95 -102 -103 -86 -90 # -129 -129 -129 -129 -129 -129 -129 -129 -129 -129 -12CPU side received count (scaleup: 4): -89 -100 -91 -99 -91 -92 -105 -92 # -129 -129 -129 -129 -129 -129 -129 -129 -129 -129 -129CPU side received count (scaleup: 2): -95 -99 -108 -85 -104 -97 -108 -92 # -129 -129 -129 -129 -129 -129 -129 -129 -129 -129 -12CPU side received count (scaleup: 1): -91 -99 -100 -99 -98 -97 -96 -92 # -129 -129 -129 -129 -129 -129 -129 -129 -129 -129 -129 CPU side received count (scaleup: 3): -95 -98 -94 -111 -106 -105 -86 -95 # -129 -129 -129 -129 -129 -129 -129 -129 -129 -129 -12CPU side received count (scaleup: 6): -102 -101 -104 -89 -110 -98 -99 -98 # -129 -129 -129 -129 -129 -129 -129 -129 -129 -129 -19 -129 -129 -129 -129 -129 
CPU side received count (scaleup: 7): -111 -100 -104 -103 -99 -98 -87 -99 # -129 -129 -129 -129 -129 -129 -129 -129 -129 -129 -1-129 -129 -129 -129 -129 
9 -129 -129 -129 -129 -129 
29 -129 -129 -129 -129 -129 
CPU side received count (scaleup: 5): -107 -88 -101 -98 -102 -88 -94 -92 # -129 -129 -129 -129 -129 -129 -129 -129 -129 -129 -1229 -129 -129 -129 -129 -129 
9 -129 -129 -129 -129 -129 
 -129 -129 -129 -129 -129 
9 -129 -129 -129 -129 -129 
Elastic buffer uses 4 channels per SM
Elastic buffer uses 4 channels per SM
Elastic buffer uses 4 channels per SM
Elastic buffer uses 4 channels per SM
Elastic buffer uses 4 channels per SM
Elastic buffer uses 4 channels per SM
Elastic buffer uses 4 channels per SM
Elastic buffer uses 4 channels per SM
CPU side received count (scaleup: 1): -91 -99 -100 -99 -98 -97 -96 -92 # -129 -129 -129 -129 -129 -129 -129 -129 -129 -129 -129 CPU side received count (scaleup: 0): -105 -99 -96 -95 -102 -103 -86 -90 # -129 -129 -129 -129 -129 -129 -129 -129 -129 -129 -12CPU side received count (scaleup: 6): -102 -101 -104 -89 -110 -98 -99 -98 # -129 -129 -129 -129 -129 -129 -129 -129 -129 -129 -1-129 -129 -129 -129 -129 
CPU side received count (scaleup: 5): -107 -88 -101 -98 -102 -88 -94 -92 # -129 -129 -129 -129 -129 -129 -129 -129 -129 -129 -12CPU side received count (scaleup: 7): -111 -100 -104 -103 -99 -98 -87 -99 # -129 -129 -129 -129 -129 -129 -129 -129 -129 -129 -1CPU side received count (scaleup: 3): -95 -98 -94 -111 -106 -105 -86 -95 # -129 -129 -129 -129 -129 -129 -129 -129 -129 -129 -12CPU side received count (scaleup: 4): -89 -100 -91 -99 -91 -92 -105 -92 # -129 -129 -129 -129 -129 -129 -129 -129 -129 -129 -129CPU side received count (scaleup: 2): -95 -99 -108 -85 -104 -97 -108 -92 # -129 -129 -129 -129 -129 -129 -129 -129 -129 -129 -129 -129 -129 -129 -129 -129 
29 -129 -129 -129 -129 -129 
9 -129 -129 -129 -129 -129 
29 -129 -129 -129 -129 -129 
9 -129 -129 -129 -129 -129 
 -129 -129 -129 -129 -129 
9 -129 -129 -129 -129 -129 
Elastic buffer uses 4 channels per SM
Elastic buffer uses 4 channels per SM
Elastic buffer uses 4 channels per SM
Elastic buffer uses 4 channels per SM
Elastic buffer uses 4 channels per SM
Elastic buffer uses 4 channels per SM
Elastic buffer uses 4 channels per SM
Elastic buffer uses 4 channels per SM
CPU side received count (scaleup: 1): -91 -99 -100 -99 -98 -97 -96 -92 # -129 -129 -129 -129 -129 -129 -129 -129 -129 -129 -129 CPU side received count (scaleup: 0): -105 -99 -96 -95 -102 -103 -86 -90 # -129 -129 -129 -129 -129 -129 -129 -129 -129 -129 -12CPU side received count (scaleup: 2): -95 -99 -108 -85 -104 -97 -108 -92 # -129 -129 -129 -129 -129 -129 -129 -129 -129 -129 -12CPU side received count (scaleup: 5): -107 -88 -101 -98 -102 -88 -94 -92 # -129 -129 -129 -129 -129 -129 -129 -129 -129 -129 -12-129 -129 -129 -129 -129 
9 -129 -129 -129 -129 -129 
CPU side received count (scaleup: 6): -102 -101 -104 -89 -110 -98 -99 -98 # -129 -129 -129 -129 -129 -129 -129 -129 -129 -129 -1CPU side received count (scaleup: 3): -95 -98 -94 -111 -106 -105 -86 -95 # -129 -129 -129 -129 -129 -129 -129 -129 -129 -129 -12CPU side received count (scaleup: 7): -111 -100 -104 -103 -99 -98 -87 -99 # -129 -129 -129 -129 -129 -129 -129 -129 -129 -129 -1CPU side received count (scaleup: 4): -89 -100 -91 -99 -91 -92 -105 -92 # -129 -129 -129 -129 -129 -129 -129 -129 -129 -129 -1299 -129 -129 -129 -129 -129 
29 -129 -129 -129 -129 -129 
 -129 -129 -129 -129 -129 
9 -129 -129 -129 -129 -129 
9 -129 -129 -129 -129 -129 
29 -129 -129 -129 -129 -129 
Elastic buffer uses 4 channels per SM
Elastic buffer uses 4 channels per SM
Elastic buffer uses 4 channels per SM
Elastic buffer uses 4 channels per SM
Elastic buffer uses 4 channels per SM
Elastic buffer uses 4 channels per SM
Elastic buffer uses 4 channels per SM
Elastic buffer uses 4 channels per SM
CPU side received count (scaleup: 1): -91 -99 -100 -99 -98 -97 -96 -92 # -129 -129 -129 -129 -129 -129 -129 -129 -129 -129 -129 CPU side received count (scaleup: 5): -107 -88 -101 -98 -102 -88 -94 -92 # -129 -129 -129 -129 -129 -129 -129 -129 -129 -129 -12CPU side received count (scaleup: 2): -95 -99 -108 -85 -104 -97 -108 -92 # -129 -129 -129 -129 -129 -129 -129 -129 -129 -129 -12CPU side received count (scaleup: 6): -102 -101 -104 -89 -110 -98 -99 -98 # -129 -129 -129 -129 -129 -129 -129 -129 -129 -129 -1CPU side received count (scaleup: 3): -95 -98 -94 -111 -106 -105 -86 -95 # -129 -129 -129 -129 -129 -129 -129 -129 -129 -129 -12CPU side received count (scaleup: 0): -105 -99 -96 -95 -102 -103 -86 -90 # -129 -129 -129 -129 -129 -129 -129 -129 -129 -129 -12CPU side received count (scaleup: 7): -111 -100 -104 -103 -99 -98 -87 -99 # -129 -129 -129 -129 -129 -129 -129 -129 -129 -129 -1CPU side received count (scaleup: 4): -89 -100 -91 -99 -91 -92 -105 -92 # -129 -129 -129 -129 -129 -129 -129 -129 -129 -129 -129-129 -129 -129 -129 -129 
9 -129 -129 -129 -129 -129 
9 -129 -129 -129 -129 -129 
29 -129 -129 -129 -129 -129 
9 -129 -129 -129 -129 -129 
9 -129 -129 -129 -129 -129 
29 -129 -129 -129 -129 -129 
 -129 -129 -129 -129 -129 
Elastic buffer uses 4 channels per SM
Elastic buffer uses 4 channels per SM
Elastic buffer uses 4 channels per SM
Elastic buffer uses 4 channels per SM
Elastic buffer uses 4 channels per SM
Elastic buffer uses 4 channels per SM
Elastic buffer uses 4 channels per SM
Elastic buffer uses 4 channels per SM
CPU side received count (scaleup: 5): -107 -88 -101 -98 -102 -88 -94 -92 # -129 -129 -129 -129 -129 -129 -129 -129 -129 -129 -12CPU side received count (scaleup: 0): -105 -99 -96 -95 -102 -103 -86 -90 # -129 -129 -129 -129 -129 -129 -129 -129 -129 -129 -12CPU side received count (scaleup: 4): -89 -100 -91 -99 -91 -92 -105 -92 # -129 -129 -129 -129 -129 -129 -129 -129 -129 -129 -129CPU side received count (scaleup: 2): -95 -99 -108 -85 -104 -97 -108 -92 # -129 -129 -129 -129 -129 -129 -129 -129 -129 -129 -129 -129 -129 -129 -129 -129 
CPU side received count (scaleup: 6): -102 -101 -104 -89 -110 -98 -99 -98 # -129 -129 -129 -129 -129 -129 -129 -129 -129 -129 -1CPU side received count (scaleup: 3): -95 -98 -94 -111 -106 -105 -86 -95 # -129 -129 -129 -129 -129 -129 -129 -129 -129 -129 -129 -129 -129 -129 -129 -129 
CPU side received count (scaleup: 7): -111 -100 -104 -103 -99 -98 -87 -99 # -129 -129 -129 -129 -129 -129 -129 -129 -129 -129 -1CPU side received count (scaleup: 1): -91 -99 -100 -99 -98 -97 -96 -92 # -129 -129 -129 -129 -129 -129 -129 -129 -129 -129 -129 9 -129 -129 -129 -129 -129 
29 -129 -129 -129 -129 -129 
 -129 -129 -129 -129 -129 
29 -129 -129 -129 -129 -129 
9 -129 -129 -129 -129 -129 
-129 -129 -129 -129 -129 
Elastic buffer uses 4 channels per SM
Elastic buffer uses 4 channels per SM
Elastic buffer uses 4 channels per SM
Elastic buffer uses 4 channels per SM
Elastic buffer uses 4 channels per SM
Elastic buffer uses 4 channels per SM
Elastic buffer uses 4 channels per SM
Elastic buffer uses 4 channels per SM
CPU side received count (scaleup: 6): -102 -101 -104 -89 -110 -98 -99 -98 # -129 -129 -129 -129 -129 -129 -129 -129 -129 -129 -1CPU side received count (scaleup: 5): -107 -88 -101 -98 -102 -88 -94 -92 # -129 -129 -129 -129 -129 -129 -129 -129 -129 -129 -12CPU side received count (scaleup: 3): -95 -98 -94 -111 -106 -105 -86 -95 # -129 -129 -129 -129 -129 -129 -129 -129 -129 -129 -12CPU side received count (scaleup: 4): -89 -100 -91 -99 -91 -92 -105 -92 # -129 -129 -129 -129 -129 -129 -129 -129 -129 -129 -12929 -129 -129 -129 -129 -129 
CPU side received count (scaleup: 0): -105 -99 -96 -95 -102 -103 -86 -90 # -129 -129 -129 -129 -129 -129 -129 -129 -129 -129 -12CPU side received count (scaleup: 1): -91 -99 -100 -99 -98 -97 -96 -92 # -129 -129 -129 -129 -129 -129 -129 -129 -129 -129 -129 CPU side received count (scaleup: 7): -111 -100 -104 -103 -99 -98 -87 -99 # -129 -129 -129 -129 -129 -129 -129 -129 -129 -129 -1CPU side received count (scaleup: 2): -95 -99 -108 -85 -104 -97 -108 -92 # -129 -129 -129 -129 -129 -129 -129 -129 -129 -129 -129 -129 -129 -129 -129 -129 
-129 -129 -129 -129 -129 
9 -129 -129 -129 -129 -129 
9 -129 -129 -129 -129 -129 
 -129 -129 -129 -129 -129 
9 -129 -129 -129 -129 -129 
29 -129 -129 -129 -129 -129 
Elastic buffer uses 4 channels per SM
Elastic buffer uses 4 channels per SM
Elastic buffer uses 4 channels per SM
Elastic buffer uses 4 channels per SM
Elastic buffer uses 4 channels per SM
Elastic buffer uses 4 channels per SM
Elastic buffer uses 4 channels per SM
Elastic buffer uses 4 channels per SM
CPU side received count (scaleup: 0): -105 -99 -96 -95 -102 -103 -86 -90 # -129 -129 -129 -129 -129 -129 -129 -129 -129 -129 -12CPU side received count (scaleup: 5): -107 -88 -101 -98 -102 -88 -94 -92 # -129 -129 -129 -129 -129 -129 -129 -129 -129 -129 -12CPU side received count (scaleup: 6): -102 -101 -104 -89 -110 -98 -99 -98 # -129 -129 -129 -129 -129 -129 -129 -129 -129 -129 -1CPU side received count (scaleup: 3): -95 -98 -94 -111 -106 -105 -86 -95 # -129 -129 -129 -129 -129 -129 -129 -129 -129 -129 -12CPU side received count (scaleup: 4): -89 -100 -91 -99 -91 -92 -105 -92 # -129 -129 -129 -129 -129 -129 -129 -129 -129 -129 -129CPU side received count (scaleup: 7): -111 -100 -104 -103 -99 -98 -87 -99 # -129 -129 -129 -129 -129 -129 -129 -129 -129 -129 -1CPU side received count (scaleup: 1): -91 -99 -100 -99 -98 -97 -96 -92 # -129 -129 -129 -129 -129 -129 -129 -129 -129 -129 -129 CPU side received count (scaleup: 2): -95 -99 -108 -85 -104 -97 -108 -92 # -129 -129 -129 -129 -129 -129 -129 -129 -129 -129 -129 -129 -129 -129 -129 -129 
9 -129 -129 -129 -129 -129 
9 -129 -129 -129 -129 -129 
29 -129 -129 -129 -129 -129 
9 -129 -129 -129 -129 -129 
 -129 -129 -129 -129 -129 
29 -129 -129 -129 -129 -129 
-129 -129 -129 -129 -129 
Elastic buffer uses 4 channels per SM
Elastic buffer uses 4 channels per SM
Elastic buffer uses 4 channels per SM
Elastic buffer uses 4 channels per SM
Elastic buffer uses 4 channels per SM
Elastic buffer uses 4 channels per SM
Elastic buffer uses 4 channels per SM
Elastic buffer uses 4 channels per SM
CPU side received count (scaleup: 7): -111 -100 -104 -103 -99 -98 -87 -99 # -129 -129 -129 -129 -129 -129 -129 -129 -129 -129 -1CPU side received count (scaleup: 6): -102 -101 -104 -89 -110 -98 -99 -98 # -129 -129 -129 -129 -129 -129 -129 -129 -129 -129 -1CPU side received count (scaleup: 1): -91 -99 -100 -99 -98 -97 -96 -92 # -129 -129 -129 -129 -129 -129 -129 -129 -129 -129 -129 CPU side received count (scaleup: 5): -107 -88 -101 -98 -102 -88 -94 -92 # -129 -129 -129 -129 -129 -129 -129 -129 -129 -129 -12CPU side received count (scaleup: 0): -105 -99 -96 -95 -102 -103 -86 -90 # -129 -129 -129 -129 -129 -129 -129 -129 -129 -129 -12CPU side received count (scaleup: 3): -95 -98 -94 -111 -106 -105 -86 -95 # -129 -129 -129 -129 -129 -129 -129 -129 -129 -129 -1229 -129 -129 -129 -129 -129 
CPU side received count (scaleup: 4): -89 -100 -91 -99 -91 -92 -105 -92 # -129 -129 -129 -129 -129 -129 -129 -129 -129 -129 -129-129 -129 -129 -129 -129 
CPU side received count (scaleup: 2): -95 -99 -108 -85 -104 -97 -108 -92 # -129 -129 -129 -129 -129 -129 -129 -129 -129 -129 -129 -129 -129 -129 -129 -129 
9 -129 -129 -129 -129 -129 
29 -129 -129 -129 -129 -129 
9 -129 -129 -129 -129 -129 
9 -129 -129 -129 -129 -129 
 -129 -129 -129 -129 -129 
Elastic buffer uses 4 channels per SM
Elastic buffer uses 4 channels per SM
Elastic buffer uses 4 channels per SM
Elastic buffer uses 4 channels per SM
Elastic buffer uses 4 channels per SM
Elastic buffer uses 4 channels per SM
Elastic buffer uses 4 channels per SM
Elastic buffer uses 4 channels per SM
CPU side received count (scaleup: 0): -105 -99 -96 -95 -102 -103 -86 -90 # -129 -129 -129 -129 -129 -129 -129 -129 -129 -129 -12CPU side received count (scaleup: 2): -95 -99 -108 -85 -104 -97 -108 -92 # -129 -129 -129 -129 -129 -129 -129 -129 -129 -129 -12CPU side received count (scaleup: 7): -111 -100 -104 -103 -99 -98 -87 -99 # -129 -129 -129 -129 -129 -129 -129 -129 -129 -129 -1CPU side received count (scaleup: 6): -102 -101 -104 -89 -110 -98 -99 -98 # -129 -129 -129 -129 -129 -129 -129 -129 -129 -129 -1CPU side received count (scaleup: 1): -91 -99 -100 -99 -98 -97 -96 -92 # -129 -129 -129 -129 -129 -129 -129 -129 -129 -129 -129 CPU side received count (scaleup: 5): -107 -88 -101 -98 -102 -88 -94 -92 # -129 -129 -129 -129 -129 -129 -129 -129 -129 -129 -1229 -129 -129 -129 -129 -129 
9 -129 -129 -129 -129 -129 
CPU side received count (scaleup: 3): -95 -98 -94 -111 -106 -105 -86 -95 # -129 -129 -129 -129 -129 -129 -129 -129 -129 -129 -12CPU side received count (scaleup: 4): -89 -100 -91 -99 -91 -92 -105 -92 # -129 -129 -129 -129 -129 -129 -129 -129 -129 -129 -1299 -129 -129 -129 -129 -129 
9 -129 -129 -129 -129 -129 
29 -129 -129 -129 -129 -129 
-129 -129 -129 -129 -129 
9 -129 -129 -129 -129 -129 
 -129 -129 -129 -129 -129 
Elastic buffer uses 4 channels per SM
Elastic buffer uses 4 channels per SM
Elastic buffer uses 4 channels per SM
Elastic buffer uses 4 channels per SM
Elastic buffer uses 4 channels per SM
Elastic buffer uses 4 channels per SM
Elastic buffer uses 4 channels per SM
Elastic buffer uses 4 channels per SM
CPU side received count (scaleup: 4): -89 -100 -91 -99 -91 -92 -105 -92 # -129 -129 -129 -129 -129 -129 -129 -129 -129 -129 -129CPU side received count (scaleup: 6): -102 -101 -104 -89 -110 -98 -99 -98 # -129 -129 -129 -129 -129 -129 -129 -129 -129 -129 -1CPU side received count (scaleup: 7): -111 -100 -104 -103 -99 -98 -87 -99 # -129 -129 -129 -129 -129 -129 -129 -129 -129 -129 -1CPU side received count (scaleup: 3): -95 -98 -94 -111 -106 -105 -86 -95 # -129 -129 -129 -129 -129 -129 -129 -129 -129 -129 -12CPU side received count (scaleup: 2): -95 -99 -108 -85 -104 -97 -108 -92 # -129 -129 -129 -129 -129 -129 -129 -129 -129 -129 -1229 -129 -129 -129 -129 -129 
CPU side received count (scaleup: 5): -107 -88 -101 -98 -102 -88 -94 -92 # -129 -129 -129 -129 -129 -129 -129 -129 -129 -129 -129 -129 -129 -129 -129 -129 
CPU side received count (scaleup: 1): -91 -99 -100 -99 -98 -97 -96 -92 # -129 -129 -129 -129 -129 -129 -129 -129 -129 -129 -129 CPU side received count (scaleup: 0): -105 -99 -96 -95 -102 -103 -86 -90 # -129 -129 -129 -129 -129 -129 -129 -129 -129 -129 -12-129 -129 -129 -129 -129 
 -129 -129 -129 -129 -129 
29 -129 -129 -129 -129 -129 
9 -129 -129 -129 -129 -129 
9 -129 -129 -129 -129 -129 
9 -129 -129 -129 -129 -129 
Elastic buffer uses 4 channels per SM
Elastic buffer uses 4 channels per SM
Elastic buffer uses 4 channels per SM
Elastic buffer uses 4 channels per SM
Elastic buffer uses 4 channels per SM
Elastic buffer uses 4 channels per SM
Elastic buffer uses 4 channels per SM
Elastic buffer uses 4 channels per SM
CPU side received count (scaleup: 1): -91 -99 -100 -99 -98 -97 -96 -92 # -129 -129 -129 -129 -129 -129 -129 -129 -129 -129 -129 CPU side received count (scaleup: 0): -105 -99 -96 -95 -102 -103 -86 -90 # -129 -129 -129 -129 -129 -129 -129 -129 -129 -129 -12CPU side received count (scaleup: 7): -111 -100 -104 -103 -99 -98 -87 -99 # -129 -129 -129 -129 -129 -129 -129 -129 -129 -129 -1CPU side received count (scaleup: 4): -89 -100 -91 -99 -91 -92 -105 -92 # -129 -129 -129 -129 -129 -129 -129 -129 -129 -129 -129CPU side received count (scaleup: 5): -107 -88 -101 -98 -102 -88 -94 -92 # -129 -129 -129 -129 -129 -129 -129 -129 -129 -129 -1229 -129 -129 -129 -129 -129 
CPU side received count (scaleup: 3): -95 -98 -94 -111 -106 -105 -86 -95 # -129 -129 -129 -129 -129 -129 -129 -129 -129 -129 -12CPU side received count (scaleup: 2): -95 -99 -108 -85 -104 -97 -108 -92 # -129 -129 -129 -129 -129 -129 -129 -129 -129 -129 -12CPU side received count (scaleup: 6): -102 -101 -104 -89 -110 -98 -99 -98 # -129 -129 -129 -129 -129 -129 -129 -129 -129 -129 -19 -129 -129 -129 -129 -129 
-129 -129 -129 -129 -129 
9 -129 -129 -129 -129 -129 
 -129 -129 -129 -129 -129 
9 -129 -129 -129 -129 -129 
9 -129 -129 -129 -129 -129 
29 -129 -129 -129 -129 -129 
Elastic buffer uses 4 channels per SM
Elastic buffer uses 4 channels per SM
Elastic buffer uses 4 channels per SM
Elastic buffer uses 4 channels per SM
Elastic buffer uses 4 channels per SM
Elastic buffer uses 4 channels per SM
Elastic buffer uses 4 channels per SM
Elastic buffer uses 4 channels per SM
CPU side received count (scaleup: 1): -91 -99 -100 -99 -98 -97 -96 -92 # -129 -129 -129 -129 -129 -129 -129 -129 -129 -129 -129 CPU side received count (scaleup: 4): -89 -100 -91 -99 -91 -92 -105 -92 # -129 -129 -129 -129 -129 -129 -129 -129 -129 -129 -129CPU side received count (scaleup: 0): -105 -99 -96 -95 -102 -103 -86 -90 # -129 -129 -129 -129 -129 -129 -129 -129 -129 -129 -12CPU side received count (scaleup: 5): -107 -88 -101 -98 -102 -88 -94 -92 # -129 -129 -129 -129 -129 -129 -129 -129 -129 -129 -12-129 -129 -129 -129 -129 
 -129 -129 -129 -129 -129 
CPU side received count (scaleup: 2): -95 -99 -108 -85 -104 -97 -108 -92 # -129 -129 -129 -129 -129 -129 -129 -129 -129 -129 -129 -129 -129 -129 -129 -129 
CPU side received count (scaleup: 3): -95 -98 -94 -111 -106 -105 -86 -95 # -129 -129 -129 -129 -129 -129 -129 -129 -129 -129 -12CPU side received count (scaleup: 6): -102 -101 -104 -89 -110 -98 -99 -98 # -129 -129 -129 -129 -129 -129 -129 -129 -129 -129 -1CPU side received count (scaleup: 7): -111 -100 -104 -103 -99 -98 -87 -99 # -129 -129 -129 -129 -129 -129 -129 -129 -129 -129 -19 -129 -129 -129 -129 -129 
9 -129 -129 -129 -129 -129 
9 -129 -129 -129 -129 -129 
29 -129 -129 -129 -129 -129 
29 -129 -129 -129 -129 -129 
Elastic buffer uses 4 channels per SM
Elastic buffer uses 4 channels per SM
Elastic buffer uses 4 channels per SM
Elastic buffer uses 4 channels per SM
Elastic buffer uses 4 channels per SM
Elastic buffer uses 4 channels per SM
Elastic buffer uses 4 channels per SM
Elastic buffer uses 4 channels per SM
CPU side received count (scaleup: 4): -89 -100 -91 -99 -91 -92 -105 -92 # -129 -129 -129 -129 -129 -129 -129 -129 -129 -129 -129CPU side received count (scaleup: 5): -107 -88 -101 -98 -102 -88 -94 -92 # -129 -129 -129 -129 -129 -129 -129 -129 -129 -129 -12CPU side received count (scaleup: 0): -105 -99 -96 -95 -102 -103 -86 -90 # -129 -129 -129 -129 -129 -129 -129 -129 -129 -129 -12CPU side received count (scaleup: 6): -102 -101 -104 -89 -110 -98 -99 -98 # -129 -129 -129 -129 -129 -129 -129 -129 -129 -129 -1 -129 -129 -129 -129 -129 
9 -129 -129 -129 -129 -129 
CPU side received count (scaleup: 3): -95 -98 -94 -111 -106 -105 -86 -95 # -129 -129 -129 -129 -129 -129 -129 -129 -129 -129 -12CPU side received count (scaleup: 1): -91 -99 -100 -99 -98 -97 -96 -92 # -129 -129 -129 -129 -129 -129 -129 -129 -129 -129 -129 CPU side received count (scaleup: 2): -95 -99 -108 -85 -104 -97 -108 -92 # -129 -129 -129 -129 -129 -129 -129 -129 -129 -129 -12CPU side received count (scaleup: 7): -111 -100 -104 -103 -99 -98 -87 -99 # -129 -129 -129 -129 -129 -129 -129 -129 -129 -129 -19 -129 -129 -129 -129 -129 
29 -129 -129 -129 -129 -129 
9 -129 -129 -129 -129 -129 
-129 -129 -129 -129 -129 
9 -129 -129 -129 -129 -129 
29 -129 -129 -129 -129 -129 
Elastic buffer uses 4 channels per SM
Elastic buffer uses 4 channels per SM
Elastic buffer uses 4 channels per SM
Elastic buffer uses 4 channels per SM
Elastic buffer uses 4 channels per SM
Elastic buffer uses 4 channels per SM
Elastic buffer uses 4 channels per SM
Elastic buffer uses 4 channels per SM
CPU side received count (scaleup: 1): -91 -99 -100 -99 -98 -97 -96 -92 # -129 -129 -129 -129 -129 -129 -129 -129 -129 -129 -129 CPU side received count (scaleup: 4): -89 -100 -91 -99 -91 -92 -105 -92 # -129 -129 -129 -129 -129 -129 -129 -129 -129 -129 -129CPU side received count (scaleup: 7): -111 -100 -104 -103 -99 -98 -87 -99 # -129 -129 -129 -129 -129 -129 -129 -129 -129 -129 -1CPU side received count (scaleup: 3): -95 -98 -94 -111 -106 -105 -86 -95 # -129 -129 -129 -129 -129 -129 -129 -129 -129 -129 -12CPU side received count (scaleup: 0): -105 -99 -96 -95 -102 -103 -86 -90 # -129 -129 -129 -129 -129 -129 -129 -129 -129 -129 -12CPU side received count (scaleup: 5): -107 -88 -101 -98 -102 -88 -94 -92 # -129 -129 -129 -129 -129 -129 -129 -129 -129 -129 -12CPU side received count (scaleup: 6): -102 -101 -104 -89 -110 -98 -99 -98 # -129 -129 -129 -129 -129 -129 -129 -129 -129 -129 -1CPU side received count (scaleup: 2): -95 -99 -108 -85 -104 -97 -108 -92 # -129 -129 -129 -129 -129 -129 -129 -129 -129 -129 -1229 -129 -129 -129 -129 -129 
-129 -129 -129 -129 -129 
 -129 -129 -129 -129 -129 
29 -129 -129 -129 -129 -129 
9 -129 -129 -129 -129 -129 
9 -129 -129 -129 -129 -129 
9 -129 -129 -129 -129 -129 
9 -129 -129 -129 -129 -129 
Elastic buffer uses 4 channels per SM
Elastic buffer uses 4 channels per SM
Elastic buffer uses 4 channels per SM
Elastic buffer uses 4 channels per SM
Elastic buffer uses 4 channels per SM
Elastic buffer uses 4 channels per SM
Elastic buffer uses 4 channels per SM
Elastic buffer uses 4 channels per SM
CPU side received count (scaleup: 1): -91 -99 -100 -99 -98 -97 -96 -92 # -129 -129 -129 -129 -129 -129 -129 -129 -129 -129 -129 CPU side received count (scaleup: 0): -105 -99 -96 -95 -102 -103 -86 -90 # -129 -129 -129 -129 -129 -129 -129 -129 -129 -129 -12CPU side received count (scaleup: 5): -107 -88 -101 -98 -102 -88 -94 -92 # -129 -129 -129 -129 -129 -129 -129 -129 -129 -129 -12CPU side received count (scaleup: 7): -111 -100 -104 -103 -99 -98 -87 -99 # -129 -129 -129 -129 -129 -129 -129 -129 -129 -129 -1CPU side received count (scaleup: 2): -95 -99 -108 -85 -104 -97 -108 -92 # -129 -129 -129 -129 -129 -129 -129 -129 -129 -129 -12CPU side received count (scaleup: 4): -89 -100 -91 -99 -91 -92 -105 -92 # -129 -129 -129 -129 -129 -129 -129 -129 -129 -129 -129CPU side received count (scaleup: 3): -95 -98 -94 -111 -106 -105 -86 -95 # -129 -129 -129 -129 -129 -129 -129 -129 -129 -129 -129 -129 -129 -129 -129 -129 
-129 -129 -129 -129 -129 
CPU side received count (scaleup: 6): -102 -101 -104 -89 -110 -98 -99 -98 # -129 -129 -129 -129 -129 -129 -129 -129 -129 -129 -19 -129 -129 -129 -129 -129 
9 -129 -129 -129 -129 -129 
29 -129 -129 -129 -129 -129 
29 -129 -129 -129 -129 -129 
 -129 -129 -129 -129 -129 
9 -129 -129 -129 -129 -129 
Elastic buffer uses 4 channels per SM
Elastic buffer uses 4 channels per SM
Elastic buffer uses 4 channels per SM
Elastic buffer uses 4 channels per SM
Elastic buffer uses 4 channels per SM
Elastic buffer uses 4 channels per SM
Elastic buffer uses 4 channels per SM
Elastic buffer uses 4 channels per SM
CPU side received count (scaleup: 6): -102 -101 -104 -89 -110 -98 -99 -98 # -129 -129 -129 -129 -129 -129 -129 -129 -129 -129 -1CPU side received count (scaleup: 3): -95 -98 -94 -111 -106 -105 -86 -95 # -129 -129 -129 -129 -129 -129 -129 -129 -129 -129 -12CPU side received count (scaleup: 4): -89 -100 -91 -99 -91 -92 -105 -92 # -129 -129 -129 -129 -129 -129 -129 -129 -129 -129 -129CPU side received count (scaleup: 2): -95 -99 -108 -85 -104 -97 -108 -92 # -129 -129 -129 -129 -129 -129 -129 -129 -129 -129 -12CPU side received count (scaleup: 0): -105 -99 -96 -95 -102 -103 -86 -90 # -129 -129 -129 -129 -129 -129 -129 -129 -129 -129 -129 -129 -129 -129 -129 -129 
CPU side received count (scaleup: 1): -91 -99 -100 -99 -98 -97 -96 -92 # -129 -129 -129 -129 -129 -129 -129 -129 -129 -129 -129 CPU side received count (scaleup: 5): -107 -88 -101 -98 -102 -88 -94 -92 # -129 -129 -129 -129 -129 -129 -129 -129 -129 -129 -12-129 -129 -129 -129 -129 
9 -129 -129 -129 -129 -129 
CPU side received count (scaleup: 7): -111 -100 -104 -103 -99 -98 -87 -99 # -129 -129 -129 -129 -129 -129 -129 -129 -129 -129 -129 -129 -129 -129 -129 -129 
9 -129 -129 -129 -129 -129 
 -129 -129 -129 -129 -129 
9 -129 -129 -129 -129 -129 
29 -129 -129 -129 -129 -129 
Elastic buffer uses 4 channels per SM
Elastic buffer uses 4 channels per SM
Elastic buffer uses 4 channels per SM
Elastic buffer uses 4 channels per SM
Elastic buffer uses 4 channels per SM
Elastic buffer uses 4 channels per SM
Elastic buffer uses 4 channels per SM
Elastic buffer uses 4 channels per SM
CPU side received count (scaleup: 6): -102 -101 -104 -89 -110 -98 -99 -98 # -129 -129 -129 -129 -129 -129 -129 -129 -129 -129 -1CPU side received count (scaleup: 2): -95 -99 -108 -85 -104 -97 -108 -92 # -129 -129 -129 -129 -129 -129 -129 -129 -129 -129 -12CPU side received count (scaleup: 1): -91 -99 -100 -99 -98 -97 -96 -92 # -129 -129 -129 -129 -129 -129 -129 -129 -129 -129 -129 CPU side received count (scaleup: 0): -105 -99 -96 -95 -102 -103 -86 -90 # -129 -129 -129 -129 -129 -129 -129 -129 -129 -129 -12CPU side received count (scaleup: 7): -111 -100 -104 -103 -99 -98 -87 -99 # -129 -129 -129 -129 -129 -129 -129 -129 -129 -129 -129 -129 -129 -129 -129 -129 
CPU side received count (scaleup: 4): -89 -100 -91 -99 -91 -92 -105 -92 # -129 -129 -129 -129 -129 -129 -129 -129 -129 -129 -1299 -129 -129 -129 -129 -129 
CPU side received count (scaleup: 3): -95 -98 -94 -111 -106 -105 -86 -95 # -129 -129 -129 -129 -129 -129 -129 -129 -129 -129 -12CPU side received count (scaleup: 5): -107 -88 -101 -98 -102 -88 -94 -92 # -129 -129 -129 -129 -129 -129 -129 -129 -129 -129 -12-129 -129 -129 -129 -129 
9 -129 -129 -129 -129 -129 
29 -129 -129 -129 -129 -129 
 -129 -129 -129 -129 -129 
9 -129 -129 -129 -129 -129 
9 -129 -129 -129 -129 -129 
Elastic buffer uses 4 channels per SM
Elastic buffer uses 4 channels per SM
Elastic buffer uses 4 channels per SM
Elastic buffer uses 4 channels per SM
Elastic buffer uses 4 channels per SM
Elastic buffer uses 4 channels per SM
Elastic buffer uses 4 channels per SM
Elastic buffer uses 4 channels per SM
CPU side received count (scaleup: 4): -89 -100 -91 -99 -91 -92 -105 -92 # -129 -129 -129 -129 -129 -129 -129 -129 -129 -129 -129CPU side received count (scaleup: 0): -105 -99 -96 -95 -102 -103 -86 -90 # -129 -129 -129 -129 -129 -129 -129 -129 -129 -129 -12CPU side received count (scaleup: 5): -107 -88 -101 -98 -102 -88 -94 -92 # -129 -129 -129 -129 -129 -129 -129 -129 -129 -129 -12CPU side received count (scaleup: 1): -91 -99 -100 -99 -98 -97 -96 -92 # -129 -129 -129 -129 -129 -129 -129 -129 -129 -129 -129 CPU side received count (scaleup: 2): -95 -99 -108 -85 -104 -97 -108 -92 # -129 -129 -129 -129 -129 -129 -129 -129 -129 -129 -12CPU side received count (scaleup: 7): -111 -100 -104 -103 -99 -98 -87 -99 # -129 -129 -129 -129 -129 -129 -129 -129 -129 -129 -1CPU side received count (scaleup: 3): -95 -98 -94 -111 -106 -105 -86 -95 # -129 -129 -129 -129 -129 -129 -129 -129 -129 -129 -129 -129 -129 -129 -129 -129 
CPU side received count (scaleup: 6): -102 -101 -104 -89 -110 -98 -99 -98 # -129 -129 -129 -129 -129 -129 -129 -129 -129 -129 -1 -129 -129 -129 -129 -129 
29 -129 -129 -129 -129 -129 
9 -129 -129 -129 -129 -129 
9 -129 -129 -129 -129 -129 
-129 -129 -129 -129 -129 
29 -129 -129 -129 -129 -129 
9 -129 -129 -129 -129 -129 
Elastic buffer uses 4 channels per SM
Elastic buffer uses 4 channels per SM
Elastic buffer uses 4 channels per SM
Elastic buffer uses 4 channels per SM
Elastic buffer uses 4 channels per SM
Elastic buffer uses 4 channels per SM
Elastic buffer uses 4 channels per SM
Elastic buffer uses 4 channels per SM
CPU side received count (scaleup: 0): -105 -99 -96 -95 -102 -103 -86 -90 # -129 -129 -129 -129 -129 -129 -129 -129 -129 -129 -12CPU side received count (scaleup: 6): -102 -101 -104 -89 -110 -98 -99 -98 # -129 -129 -129 -129 -129 -129 -129 -129 -129 -129 -1CPU side received count (scaleup: 1): -91 -99 -100 -99 -98 -97 -96 -92 # -129 -129 -129 -129 -129 -129 -129 -129 -129 -129 -129 CPU side received count (scaleup: 4): -89 -100 -91 -99 -91 -92 -105 -92 # -129 -129 -129 -129 -129 -129 -129 -129 -129 -129 -129CPU side received count (scaleup: 7): -111 -100 -104 -103 -99 -98 -87 -99 # -129 -129 -129 -129 -129 -129 -129 -129 -129 -129 -1CPU side received count (scaleup: 5): -107 -88 -101 -98 -102 -88 -94 -92 # -129 -129 -129 -129 -129 -129 -129 -129 -129 -129 -12CPU side received count (scaleup: 2): -95 -99 -108 -85 -104 -97 -108 -92 # -129 -129 -129 -129 -129 -129 -129 -129 -129 -129 -12CPU side received count (scaleup: 3): -95 -98 -94 -111 -106 -105 -86 -95 # -129 -129 -129 -129 -129 -129 -129 -129 -129 -129 -129 -129 -129 -129 -129 -129 
29 -129 -129 -129 -129 -129 
9 -129 -129 -129 -129 -129 
29 -129 -129 -129 -129 -129 
 -129 -129 -129 -129 -129 
-129 -129 -129 -129 -129 
9 -129 -129 -129 -129 -129 
9 -129 -129 -129 -129 -129 
Elastic buffer uses 4 channels per SM
Elastic buffer uses 4 channels per SM
Elastic buffer uses 4 channels per SM
Elastic buffer uses 4 channels per SM
Elastic buffer uses 4 channels per SM
Elastic buffer uses 4 channels per SM
Elastic buffer uses 4 channels per SM
Elastic buffer uses 4 channels per SM
CPU side received count (scaleup: 6): -102 -101 -104 -89 -110 -98 -99 -98 # -129 -129 -129 -129 -129 -129 -129 -129 -129 -129 -1CPU side received count (scaleup: 4): -89 -100 -91 -99 -91 -92 -105 -92 # -129 -129 -129 -129 -129 -129 -129 -129 -129 -129 -129CPU side received count (scaleup: 1): -91 -99 -100 -99 -98 -97 -96 -92 # -129 -129 -129 -129 -129 -129 -129 -129 -129 -129 -129 CPU side received count (scaleup: 2): -95 -99 -108 -85 -104 -97 -108 -92 # -129 -129 -129 -129 -129 -129 -129 -129 -129 -129 -1229 -129 -129 -129 -129 -129 
CPU side received count (scaleup: 0): -105 -99 -96 -95 -102 -103 -86 -90 # -129 -129 -129 -129 -129 -129 -129 -129 -129 -129 -12CPU side received count (scaleup: 7): -111 -100 -104 -103 -99 -98 -87 -99 # -129 -129 -129 -129 -129 -129 -129 -129 -129 -129 -1CPU side received count (scaleup: 5): -107 -88 -101 -98 -102 -88 -94 -92 # -129 -129 -129 -129 -129 -129 -129 -129 -129 -129 -1229 -129 -129 -129 -129 -129 
CPU side received count (scaleup: 3): -95 -98 -94 -111 -106 -105 -86 -95 # -129 -129 -129 -129 -129 -129 -129 -129 -129 -129 -12-129 -129 -129 -129 -129 
 -129 -129 -129 -129 -129 
9 -129 -129 -129 -129 -129 
9 -129 -129 -129 -129 -129 
9 -129 -129 -129 -129 -129 
9 -129 -129 -129 -129 -129 
Elastic buffer uses 4 channels per SM
Elastic buffer uses 4 channels per SM
Elastic buffer uses 4 channels per SM
Elastic buffer uses 4 channels per SM
Elastic buffer uses 4 channels per SM
Elastic buffer uses 4 channels per SM
Elastic buffer uses 4 channels per SM
Elastic buffer uses 4 channels per SM
CPU side received count (scaleup: 7): -111 -100 -104 -103 -99 -98 -87 -99 # -129 -129 -129 -129 -129 -129 -129 -129 -129 -129 -1CPU side received count (scaleup: 2): -95 -99 -108 -85 -104 -97 -108 -92 # -129 -129 -129 -129 -129 -129 -129 -129 -129 -129 -12CPU side received count (scaleup: 1): -91 -99 -100 -99 -98 -97 -96 -92 # -129 -129 -129 -129 -129 -129 -129 -129 -129 -129 -129 29 -129 -129 -129 -129 -129 
9 -129 -129 -129 -129 -129 
-129 -129 -129 -129 -129 
CPU side received count (scaleup: 5): -107 -88 -101 -98 -102 -88 -94 -92 # -129 -129 -129 -129 -129 -129 -129 -129 -129 -129 -12CPU side received count (scaleup: 3): -95 -98 -94 -111 -106 -105 -86 -95 # -129 -129 -129 -129 -129 -129 -129 -129 -129 -129 -129 -129 -129 -129 -129 -129 
CPU side received count (scaleup: 0): -105 -99 -96 -95 -102 -103 -86 -90 # -129 -129 -129 -129 -129 -129 -129 -129 -129 -129 -12CPU side received count (scaleup: 4): -89 -100 -91 -99 -91 -92 -105 -92 # -129 -129 -129 -129 -129 -129 -129 -129 -129 -129 -129CPU side received count (scaleup: 6): -102 -101 -104 -89 -110 -98 -99 -98 # -129 -129 -129 -129 -129 -129 -129 -129 -129 -129 -19 -129 -129 -129 -129 -129 
9 -129 -129 -129 -129 -129 
 -129 -129 -129 -129 -129 
29 -129 -129 -129 -129 -129 
Elastic buffer uses 4 channels per SM
Elastic buffer uses 4 channels per SM
Elastic buffer uses 4 channels per SM
Elastic buffer uses 4 channels per SM
Elastic buffer uses 4 channels per SM
Elastic buffer uses 4 channels per SM
Elastic buffer uses 4 channels per SM
Elastic buffer uses 4 channels per SM
CPU side received count (scaleup: 5): -107 -88 -101 -98 -102 -88 -94 -92 # -129 -129 -129 -129 -129 -129 -129 -129 -129 -129 -12CPU side received count (scaleup: 0): -105 -99 -96 -95 -102 -103 -86 -90 # -129 -129 -129 -129 -129 -129 -129 -129 -129 -129 -12CPU side received count (scaleup: 4): -89 -100 -91 -99 -91 -92 -105 -92 # -129 -129 -129 -129 -129 -129 -129 -129 -129 -129 -129CPU side received count (scaleup: 3): -95 -98 -94 -111 -106 -105 -86 -95 # -129 -129 -129 -129 -129 -129 -129 -129 -129 -129 -12CPU side received count (scaleup: 2): -95 -99 -108 -85 -104 -97 -108 -92 # -129 -129 -129 -129 -129 -129 -129 -129 -129 -129 -129 -129 -129 -129 -129 -129 
CPU side received count (scaleup: 1): -91 -99 -100 -99 -98 -97 -96 -92 # -129 -129 -129 -129 -129 -129 -129 -129 -129 -129 -129 9 -129 -129 -129 -129 -129 
CPU side received count (scaleup: 7): -111 -100 -104 -103 -99 -98 -87 -99 # -129 -129 -129 -129 -129 -129 -129 -129 -129 -129 -1-129 -129 -129 -129 -129 
CPU side received count (scaleup: 6): -102 -101 -104 -89 -110 -98 -99 -98 # -129 -129 -129 -129 -129 -129 -129 -129 -129 -129 -19 -129 -129 -129 -129 -129 
9 -129 -129 -129 -129 -129 
 -129 -129 -129 -129 -129 
29 -129 -129 -129 -129 -129 
29 -129 -129 -129 -129 -129 
Elastic buffer uses 4 channels per SM
Elastic buffer uses 4 channels per SM
Elastic buffer uses 4 channels per SM
Elastic buffer uses 4 channels per SM
Elastic buffer uses 4 channels per SM
Elastic buffer uses 4 channels per SM
Elastic buffer uses 4 channels per SM
Elastic buffer uses 4 channels per SM
CPU side received count (scaleup: 7): -111 -100 -104 -103 -99 -98 -87 -99 # -129 -129 -129 -129 -129 -129 -129 -129 -129 -129 -1CPU side received count (scaleup: 4): -89 -100 -91 -99 -91 -92 -105 -92 # -129 -129 -129 -129 -129 -129 -129 -129 -129 -129 -129CPU side received count (scaleup: 1): -91 -99 -100 -99 -98 -97 -96 -92 # -129 -129 -129 -129 -129 -129 -129 -129 -129 -129 -129 29 -129 -129 -129 -129 -129 
 -129 -129 -129 -129 -129 
CPU side received count (scaleup: 6): -102 -101 -104 -89 -110 -98 -99 -98 # -129 -129 -129 -129 -129 -129 -129 -129 -129 -129 -1CPU side received count (scaleup: 5): -107 -88 -101 -98 -102 -88 -94 -92 # -129 -129 -129 -129 -129 -129 -129 -129 -129 -129 -12CPU side received count (scaleup: 0): -105 -99 -96 -95 -102 -103 -86 -90 # -129 -129 -129 -129 -129 -129 -129 -129 -129 -129 -129 -129 -129 -129 -129 -129 
CPU side received count (scaleup: 3): -95 -98 -94 -111 -106 -105 -86 -95 # -129 -129 -129 -129 -129 -129 -129 -129 -129 -129 -12CPU side received count (scaleup: 2): -95 -99 -108 -85 -104 -97 -108 -92 # -129 -129 -129 -129 -129 -129 -129 -129 -129 -129 -12-129 -129 -129 -129 -129 
29 -129 -129 -129 -129 -129 
9 -129 -129 -129 -129 -129 
9 -129 -129 -129 -129 -129 
9 -129 -129 -129 -129 -129 
Elastic buffer uses 4 channels per SM
Elastic buffer uses 4 channels per SM
Elastic buffer uses 4 channels per SM
Elastic buffer uses 4 channels per SM
Elastic buffer uses 4 channels per SM
Elastic buffer uses 4 channels per SM
Elastic buffer uses 4 channels per SM
Elastic buffer uses 4 channels per SM
CPU side received count (scaleup: 4): -89 -100 -91 -99 -91 -92 -105 -92 # -129 -129 -129 -129 -129 -129 -129 -129 -129 -129 -129CPU side received count (scaleup: 1): -91 -99 -100 -99 -98 -97 -96 -92 # -129 -129 -129 -129 -129 -129 -129 -129 -129 -129 -129 CPU side received count (scaleup: 5): -107 -88 -101 -98 -102 -88 -94 -92 # -129 -129 -129 -129 -129 -129 -129 -129 -129 -129 -12CPU side received count (scaleup: 0): -105 -99 -96 -95 -102 -103 -86 -90 # -129 -129 -129 -129 -129 -129 -129 -129 -129 -129 -12CPU side received count (scaleup: 2): -95 -99 -108 -85 -104 -97 -108 -92 # -129 -129 -129 -129 -129 -129 -129 -129 -129 -129 -12CPU side received count (scaleup: 6): -102 -101 -104 -89 -110 -98 -99 -98 # -129 -129 -129 -129 -129 -129 -129 -129 -129 -129 -1CPU side received count (scaleup: 3): -95 -98 -94 -111 -106 -105 -86 -95 # -129 -129 -129 -129 -129 -129 -129 -129 -129 -129 -12CPU side received count (scaleup: 7): -111 -100 -104 -103 -99 -98 -87 -99 # -129 -129 -129 -129 -129 -129 -129 -129 -129 -129 -1 -129 -129 -129 -129 -129 
9 -129 -129 -129 -129 -129 
9 -129 -129 -129 -129 -129 
9 -129 -129 -129 -129 -129 
9 -129 -129 -129 -129 -129 
-129 -129 -129 -129 -129 
29 -129 -129 -129 -129 -129 
29 -129 -129 -129 -129 -129 
Elastic buffer uses 4 channels per SM
Elastic buffer uses 4 channels per SM
Elastic buffer uses 4 channels per SM
Elastic buffer uses 4 channels per SM
Elastic buffer uses 4 channels per SM
Elastic buffer uses 4 channels per SM
Elastic buffer uses 4 channels per SM
Elastic buffer uses 4 channels per SM
CPU side received count (scaleup: 4): -89 -100 -91 -99 -91 -92 -105 -92 # -129 -129 -129 -129 -129 -129 -129 -129 -129 -129 -129CPU side received count (scaleup: 5): -107 -88 -101 -98 -102 -88 -94 -92 # -129 -129 -129 -129 -129 -129 -129 -129 -129 -129 -12CPU side received count (scaleup: 6): -102 -101 -104 -89 -110 -98 -99 -98 # -129 -129 -129 -129 -129 -129 -129 -129 -129 -129 -19 -129 -129 -129 -129 -129 
CPU side received count (scaleup: 2): -95 -99 -108 -85 -104 -97 -108 -92 # -129 -129 -129 -129 -129 -129 -129 -129 -129 -129 -12CPU side received count (scaleup: 7): -111 -100 -104 -103 -99 -98 -87 -99 # -129 -129 -129 -129 -129 -129 -129 -129 -129 -129 -1 -129 -129 -129 -129 -129 
29 -129 -129 -129 -129 -129 
CPU side received count (scaleup: 0): -105 -99 -96 -95 -102 -103 -86 -90 # -129 -129 -129 -129 -129 -129 -129 -129 -129 -129 -12CPU side received count (scaleup: 3): -95 -98 -94 -111 -106 -105 -86 -95 # -129 -129 -129 -129 -129 -129 -129 -129 -129 -129 -12CPU side received count (scaleup: 1): -91 -99 -100 -99 -98 -97 -96 -92 # -129 -129 -129 -129 -129 -129 -129 -129 -129 -129 -129 29 -129 -129 -129 -129 -129 
9 -129 -129 -129 -129 -129 
9 -129 -129 -129 -129 -129 
9 -129 -129 -129 -129 -129 
-129 -129 -129 -129 -129 
Elastic buffer uses 4 channels per SM
Elastic buffer uses 4 channels per SM
Elastic buffer uses 4 channels per SM
Elastic buffer uses 4 channels per SM
Elastic buffer uses 4 channels per SM
Elastic buffer uses 4 channels per SM
Elastic buffer uses 4 channels per SM
Elastic buffer uses 4 channels per SM
CPU side received count (scaleup: 0): -105 -99 -96 -95 -102 -103 -86 -90 # -129 -129 -129 -129 -129 -129 -129 -129 -129 -129 -12CPU side received count (scaleup: 4): -89 -100 -91 -99 -91 -92 -105 -92 # -129 -129 -129 -129 -129 -129 -129 -129 -129 -129 -129CPU side received count (scaleup: 7): -111 -100 -104 -103 -99 -98 -87 -99 # -129 -129 -129 -129 -129 -129 -129 -129 -129 -129 -1CPU side received count (scaleup: 2): -95 -99 -108 -85 -104 -97 -108 -92 # -129 -129 -129 -129 -129 -129 -129 -129 -129 -129 -12CPU side received count (scaleup: 1): -91 -99 -100 -99 -98 -97 -96 -92 # -129 -129 -129 -129 -129 -129 -129 -129 -129 -129 -129 CPU side received count (scaleup: 5): -107 -88 -101 -98 -102 -88 -94 -92 # -129 -129 -129 -129 -129 -129 -129 -129 -129 -129 -12CPU side received count (scaleup: 3): -95 -98 -94 -111 -106 -105 -86 -95 # -129 -129 -129 -129 -129 -129 -129 -129 -129 -129 -12CPU side received count (scaleup: 6): -102 -101 -104 -89 -110 -98 -99 -98 # -129 -129 -129 -129 -129 -129 -129 -129 -129 -129 -19 -129 -129 -129 -129 -129 
-129 -129 -129 -129 -129 
 -129 -129 -129 -129 -129 
29 -129 -129 -129 -129 -129 
9 -129 -129 -129 -129 -129 
9 -129 -129 -129 -129 -129 
9 -129 -129 -129 -129 -129 
29 -129 -129 -129 -129 -129 
Elastic buffer uses 4 channels per SM
Elastic buffer uses 4 channels per SM
Elastic buffer uses 4 channels per SM
Elastic buffer uses 4 channels per SM
Elastic buffer uses 4 channels per SM
Elastic buffer uses 4 channels per SM
Elastic buffer uses 4 channels per SM
Elastic buffer uses 4 channels per SM
CPU side received count (scaleup: 6): -102 -101 -104 -89 -110 -98 -99 -98 # -129 -129 -129 -129 -129 -129 -129 -129 -129 -129 -1CPU side received count (scaleup: 5): -107 -88 -101 -98 -102 -88 -94 -92 # -129 -129 -129 -129 -129 -129 -129 -129 -129 -129 -12CPU side received count (scaleup: 0): -105 -99 -96 -95 -102 -103 -86 -90 # -129 -129 -129 -129 -129 -129 -129 -129 -129 -129 -12CPU side received count (scaleup: 4): -89 -100 -91 -99 -91 -92 -105 -92 # -129 -129 -129 -129 -129 -129 -129 -129 -129 -129 -129CPU side received count (scaleup: 7): -111 -100 -104 -103 -99 -98 -87 -99 # -129 -129 -129 -129 -129 -129 -129 -129 -129 -129 -1 -129 -129 -129 -129 -129 
9 -129 -129 -129 -129 -129 
CPU side received count (scaleup: 3): -95 -98 -94 -111 -106 -105 -86 -95 # -129 -129 -129 -129 -129 -129 -129 -129 -129 -129 -12CPU side received count (scaleup: 2): -95 -99 -108 -85 -104 -97 -108 -92 # -129 -129 -129 -129 -129 -129 -129 -129 -129 -129 -12CPU side received count (scaleup: 1): -91 -99 -100 -99 -98 -97 -96 -92 # -129 -129 -129 -129 -129 -129 -129 -129 -129 -129 -129 29 -129 -129 -129 -129 -129 
9 -129 -129 -129 -129 -129 
29 -129 -129 -129 -129 -129 
9 -129 -129 -129 -129 -129 
9 -129 -129 -129 -129 -129 
-129 -129 -129 -129 -129 
USDT:2026-08-25 02:29:32 440:440 SyncActivityProfilerHandler.cpp:59] profiler_stopUSDT:2026-08-25 02:29:32 437:437 SyncActivityProfilerHandler.cpp:59] profiler_stopUSDT:2026-08-25 02:29:32 436:436 SyncActivityProfilerHandler.cpp:59] profiler_stop
USDT:2026-08-25 02:29:32 435:435 SyncActivityProfilerHandler.cpp:59] profiler_stop


USDT:2026-08-25 02:29:32 439:439 SyncActivityProfilerHandler.cpp:59] profiler_stopUSDT:2026-08-25 02:29:32 434:434 SyncActivityProfilerHandler.cpp:59] profiler_stopUSDT:2026-08-25 02:29:32 438:438 SyncActivityProfilerHandler.cpp:59] profiler_stop
USDT:2026-08-25 02:29:32 433:433 SyncActivityProfilerHandler.cpp:59] profiler_stop


   * EP:   7/16 | dispatch: 5 GB/s (SO), 15 GB/s (SU), 384.531 us, 5937984 bytes | copy: 349 GB/s, 33.985 us
   * EP:   4/16 | dispatch: 5 GB/s (SO), 15 GB/s (SU), 384.239 us, 5623488 bytes | copy: 1341 GB/s, 8.390 us
   * EP:   1/16 | dispatch: 5 GB/s (SO), 15 GB/s (SU), 384.629 us, 5720832 bytes | copy: 452 GB/s, 25.303 us
   * EP:   6/16 | dispatch: 5 GB/s (SO), 15 GB/s (SU), 384.488 us, 5937984 bytes | copy: 388 GB/s, 30.622 us
   * EP:   0/16 | dispatch: 5 GB/s (SO), 15 GB/s (SU), 384.609 us, 5750784 bytes | copy: 108 GB/s, 106.967 us
   * EP:   5/16 | dispatch: 5 GB/s (SO), 15 GB/s (SU), 384.488 us, 5705856 bytes | copy: 94 GB/s, 121.868 us
   * EP:   3/16 | dispatch: 5 GB/s (SO), 15 GB/s (SU), 384.718 us, 5855616 bytes | copy: 96 GB/s, 121.415 us
   * EP:   2/16 | dispatch: 5 GB/s (SO), 15 GB/s (SU), 384.486 us, 5840640 bytes | copy: 105 GB/s, 110.838 us
Elastic buffer uses 4 channels per SM
Elastic buffer uses 4 channels per SM
Elastic buffer uses 4 channels per SM
Elastic buffer uses 4 channels per SM
Elastic buffer uses 4 channels per SM
Elastic buffer uses 4 channels per SM
Elastic buffer uses 4 channels per SM
Elastic buffer uses 4 channels per SM
CPU side received count (scaleup: 7): -111 -100 -104 -103 -99 -98 -87 -99 # -129 -129 -129 -129 -129 -129 -129 -129 -129 -129 -1CPU side received count (scaleup: 3): -95 -98 -94 -111 -106 -105 -86 -95 # -129 -129 -129 -129 -129 -129 -129 -129 -129 -129 -12CPU side received count (scaleup: 4): -89 -100 -91 -99 -91 -92 -105 -92 # -129 -129 -129 -129 -129 -129 -129 -129 -129 -129 -129CPU side received count (scaleup: 1): -91 -99 -100 -99 -98 -97 -96 -92 # -129 -129 -129 -129 -129 -129 -129 -129 -129 -129 -129 CPU side received count (scaleup: 6): -102 -101 -104 -89 -110 -98 -99 -98 # -129 -129 -129 -129 -129 -129 -129 -129 -129 -129 -1CPU side received count (scaleup: 2): -95 -99 -108 -85 -104 -97 -108 -92 # -129 -129 -129 -129 -129 -129 -129 -129 -129 -129 -129 -129 -129 -129 -129 -129 
CPU side received count (scaleup: 0): -105 -99 -96 -95 -102 -103 -86 -90 # -129 -129 -129 -129 -129 -129 -129 -129 -129 -129 -12-129 -129 -129 -129 -129 
CPU side received count (scaleup: 5): -107 -88 -101 -98 -102 -88 -94 -92 # -129 -129 -129 -129 -129 -129 -129 -129 -129 -129 -1229 -129 -129 -129 -129 -129 
9 -129 -129 -129 -129 -129 
 -129 -129 -129 -129 -129 
9 -129 -129 -129 -129 -129 
29 -129 -129 -129 -129 -129 
9 -129 -129 -129 -129 -129 
Elastic buffer uses 4 channels per SM
Elastic buffer uses 4 channels per SM
Elastic buffer uses 4 channels per SM
Elastic buffer uses 4 channels per SM
Elastic buffer uses 4 channels per SM
Elastic buffer uses 4 channels per SM
Elastic buffer uses 4 channels per SM
Elastic buffer uses 4 channels per SM
CPU side received count (scaleup: 1): -91 -99 -100 -99 -98 -97 -96 -92 # -129 -129 -129 -129 -129 -129 -129 -129 -129 -129 -129 CPU side received count (scaleup: 0): -105 -99 -96 -95 -102 -103 -86 -90 # -129 -129 -129 -129 -129 -129 -129 -129 -129 -129 -12CPU side received count (scaleup: 6): -102 -101 -104 -89 -110 -98 -99 -98 # -129 -129 -129 -129 -129 -129 -129 -129 -129 -129 -1CPU side received count (scaleup: 2): -95 -99 -108 -85 -104 -97 -108 -92 # -129 -129 -129 -129 -129 -129 -129 -129 -129 -129 -12CPU side received count (scaleup: 3): -95 -98 -94 -111 -106 -105 -86 -95 # -129 -129 -129 -129 -129 -129 -129 -129 -129 -129 -12-129 -129 -129 -129 -129 
9 -129 -129 -129 -129 -129 
CPU side received count (scaleup: 7): -111 -100 -104 -103 -99 -98 -87 -99 # -129 -129 -129 -129 -129 -129 -129 -129 -129 -129 -1CPU side received count (scaleup: 5): -107 -88 -101 -98 -102 -88 -94 -92 # -129 -129 -129 -129 -129 -129 -129 -129 -129 -129 -12CPU side received count (scaleup: 4): -89 -100 -91 -99 -91 -92 -105 -92 # -129 -129 -129 -129 -129 -129 -129 -129 -129 -129 -1299 -129 -129 -129 -129 -129 
29 -129 -129 -129 -129 -129 
9 -129 -129 -129 -129 -129 
29 -129 -129 -129 -129 -129 
9 -129 -129 -129 -129 -129 
 -129 -129 -129 -129 -129 
Elastic buffer uses 4 channels per SM
Elastic buffer uses 4 channels per SM
Elastic buffer uses 4 channels per SM
Elastic buffer uses 4 channels per SM
Elastic buffer uses 4 channels per SM
Elastic buffer uses 4 channels per SM
Elastic buffer uses 4 channels per SM
Elastic buffer uses 4 channels per SM
CPU side received count (scaleup: 4): -89 -100 -91 -99 -91 -92 -105 -92 # -129 -129 -129 -129 -129 -129 -129 -129 -129 -129 -129CPU side received count (scaleup: 0): -105 -99 -96 -95 -102 -103 -86 -90 # -129 -129 -129 -129 -129 -129 -129 -129 -129 -129 -12CPU side received count (scaleup: 1): -91 -99 -100 -99 -98 -97 -96 -92 # -129 -129 -129 -129 -129 -129 -129 -129 -129 -129 -129 CPU side received count (scaleup: 3): -95 -98 -94 -111 -106 -105 -86 -95 # -129 -129 -129 -129 -129 -129 -129 -129 -129 -129 -12CPU side received count (scaleup: 5): -107 -88 -101 -98 -102 -88 -94 -92 # -129 -129 -129 -129 -129 -129 -129 -129 -129 -129 -12CPU side received count (scaleup: 7): -111 -100 -104 -103 -99 -98 -87 -99 # -129 -129 -129 -129 -129 -129 -129 -129 -129 -129 -19 -129 -129 -129 -129 -129 
CPU side received count (scaleup: 2): -95 -99 -108 -85 -104 -97 -108 -92 # -129 -129 -129 -129 -129 -129 -129 -129 -129 -129 -129 -129 -129 -129 -129 -129 
CPU side received count (scaleup: 6): -102 -101 -104 -89 -110 -98 -99 -98 # -129 -129 -129 -129 -129 -129 -129 -129 -129 -129 -1 -129 -129 -129 -129 -129 
-129 -129 -129 -129 -129 
9 -129 -129 -129 -129 -129 
29 -129 -129 -129 -129 -129 
9 -129 -129 -129 -129 -129 
29 -129 -129 -129 -129 -129 
Elastic buffer uses 4 channels per SM
Elastic buffer uses 4 channels per SM
Elastic buffer uses 4 channels per SM
Elastic buffer uses 4 channels per SM
Elastic buffer uses 4 channels per SM
Elastic buffer uses 4 channels per SM
Elastic buffer uses 4 channels per SM
Elastic buffer uses 4 channels per SM
CPU side received count (scaleup: 2): -95 -99 -108 -85 -104 -97 -108 -92 # -129 -129 -129 -129 -129 -129 -129 -129 -129 -129 -12CPU side received count (scaleup: 6): -102 -101 -104 -89 -110 -98 -99 -98 # -129 -129 -129 -129 -129 -129 -129 -129 -129 -129 -1CPU side received count (scaleup: 5): -107 -88 -101 -98 -102 -88 -94 -92 # -129 -129 -129 -129 -129 -129 -129 -129 -129 -129 -12CPU side received count (scaleup: 1): -91 -99 -100 -99 -98 -97 -96 -92 # -129 -129 -129 -129 -129 -129 -129 -129 -129 -129 -129 CPU side received count (scaleup: 0): -105 -99 -96 -95 -102 -103 -86 -90 # -129 -129 -129 -129 -129 -129 -129 -129 -129 -129 -129 -129 -129 -129 -129 -129 
29 -129 -129 -129 -129 -129 
CPU side received count (scaleup: 7): -111 -100 -104 -103 -99 -98 -87 -99 # -129 -129 -129 -129 -129 -129 -129 -129 -129 -129 -19 -129 -129 -129 -129 -129 
CPU side received count (scaleup: 3): -95 -98 -94 -111 -106 -105 -86 -95 # -129 -129 -129 -129 -129 -129 -129 -129 -129 -129 -12CPU side received count (scaleup: 4): -89 -100 -91 -99 -91 -92 -105 -92 # -129 -129 -129 -129 -129 -129 -129 -129 -129 -129 -1299 -129 -129 -129 -129 -129 
-129 -129 -129 -129 -129 
9 -129 -129 -129 -129 -129 
29 -129 -129 -129 -129 -129 
 -129 -129 -129 -129 -129 
Elastic buffer uses 4 channels per SM
Elastic buffer uses 4 channels per SM
Elastic buffer uses 4 channels per SM
Elastic buffer uses 4 channels per SM
Elastic buffer uses 4 channels per SM
Elastic buffer uses 4 channels per SM
Elastic buffer uses 4 channels per SM
Elastic buffer uses 4 channels per SM
CPU side received count (scaleup: 6): -102 -101 -104 -89 -110 -98 -99 -98 # -129 -129 -129 -129 -129 -129 -129 -129 -129 -129 -1CPU side received count (scaleup: 0): -105 -99 -96 -95 -102 -103 -86 -90 # -129 -129 -129 -129 -129 -129 -129 -129 -129 -129 -12CPU side received count (scaleup: 7): -111 -100 -104 -103 -99 -98 -87 -99 # -129 -129 -129 -129 -129 -129 -129 -129 -129 -129 -1CPU side received count (scaleup: 4): -89 -100 -91 -99 -91 -92 -105 -92 # -129 -129 -129 -129 -129 -129 -129 -129 -129 -129 -129CPU side received count (scaleup: 1): -91 -99 -100 -99 -98 -97 -96 -92 # -129 -129 -129 -129 -129 -129 -129 -129 -129 -129 -129 CPU side received count (scaleup: 2): -95 -99 -108 -85 -104 -97 -108 -92 # -129 -129 -129 -129 -129 -129 -129 -129 -129 -129 -12CPU side received count (scaleup: 5): -107 -88 -101 -98 -102 -88 -94 -92 # -129 -129 -129 -129 -129 -129 -129 -129 -129 -129 -129 -129 -129 -129 -129 -129 
29 -129 -129 -129 -129 -129 
CPU side received count (scaleup: 3): -95 -98 -94 -111 -106 -105 -86 -95 # -129 -129 -129 -129 -129 -129 -129 -129 -129 -129 -1229 -129 -129 -129 -129 -129 
9 -129 -129 -129 -129 -129 
9 -129 -129 -129 -129 -129 
 -129 -129 -129 -129 -129 
-129 -129 -129 -129 -129 
9 -129 -129 -129 -129 -129 
Elastic buffer uses 4 channels per SM
Elastic buffer uses 4 channels per SM
Elastic buffer uses 4 channels per SM
Elastic buffer uses 4 channels per SM
Elastic buffer uses 4 channels per SM
Elastic buffer uses 4 channels per SM
Elastic buffer uses 4 channels per SM
Elastic buffer uses 4 channels per SM
CPU side received count (scaleup: 0): -105 -99 -96 -95 -102 -103 -86 -90 # -129 -129 -129 -129 -129 -129 -129 -129 -129 -129 -12CPU side received count (scaleup: 4): -89 -100 -91 -99 -91 -92 -105 -92 # -129 -129 -129 -129 -129 -129 -129 -129 -129 -129 -129CPU side received count (scaleup: 3): -95 -98 -94 -111 -106 -105 -86 -95 # -129 -129 -129 -129 -129 -129 -129 -129 -129 -129 -12CPU side received count (scaleup: 5): -107 -88 -101 -98 -102 -88 -94 -92 # -129 -129 -129 -129 -129 -129 -129 -129 -129 -129 -12CPU side received count (scaleup: 2): -95 -99 -108 -85 -104 -97 -108 -92 # -129 -129 -129 -129 -129 -129 -129 -129 -129 -129 -12CPU side received count (scaleup: 1): -91 -99 -100 -99 -98 -97 -96 -92 # -129 -129 -129 -129 -129 -129 -129 -129 -129 -129 -129 CPU side received count (scaleup: 6): -102 -101 -104 -89 -110 -98 -99 -98 # -129 -129 -129 -129 -129 -129 -129 -129 -129 -129 -1CPU side received count (scaleup: 7): -111 -100 -104 -103 -99 -98 -87 -99 # -129 -129 -129 -129 -129 -129 -129 -129 -129 -129 -19 -129 -129 -129 -129 -129 
 -129 -129 -129 -129 -129 
9 -129 -129 -129 -129 -129 
9 -129 -129 -129 -129 -129 
9 -129 -129 -129 -129 -129 
-129 -129 -129 -129 -129 
29 -129 -129 -129 -129 -129 
29 -129 -129 -129 -129 -129 
Elastic buffer uses 4 channels per SM
Elastic buffer uses 4 channels per SM
Elastic buffer uses 4 channels per SM
Elastic buffer uses 4 channels per SM
Elastic buffer uses 4 channels per SM
Elastic buffer uses 4 channels per SM
Elastic buffer uses 4 channels per SM
Elastic buffer uses 4 channels per SM
CPU side received count (scaleup: 3): -95 -98 -94 -111 -106 -105 -86 -95 # -129 -129 -129 -129 -129 -129 -129 -129 -129 -129 -12CPU side received count (scaleup: 5): -107 -88 -101 -98 -102 -88 -94 -92 # -129 -129 -129 -129 -129 -129 -129 -129 -129 -129 -12CPU side received count (scaleup: 1): -91 -99 -100 -99 -98 -97 -96 -92 # -129 -129 -129 -129 -129 -129 -129 -129 -129 -129 -129 9 -129 -129 -129 -129 -129 
CPU side received count (scaleup: 7): -111 -100 -104 -103 -99 -98 -87 -99 # -129 -129 -129 -129 -129 -129 -129 -129 -129 -129 -1-129 -129 -129 -129 -129 
CPU side received count (scaleup: 2): -95 -99 -108 -85 -104 -97 -108 -92 # -129 -129 -129 -129 -129 -129 -129 -129 -129 -129 -1229 -129 -129 -129 -129 -129 
CPU side received count (scaleup: 4): -89 -100 -91 -99 -91 -92 -105 -92 # -129 -129 -129 -129 -129 -129 -129 -129 -129 -129 -129CPU side received count (scaleup: 0): -105 -99 -96 -95 -102 -103 -86 -90 # -129 -129 -129 -129 -129 -129 -129 -129 -129 -129 -12CPU side received count (scaleup: 6): -102 -101 -104 -89 -110 -98 -99 -98 # -129 -129 -129 -129 -129 -129 -129 -129 -129 -129 -19 -129 -129 -129 -129 -129 
9 -129 -129 -129 -129 -129 
 -129 -129 -129 -129 -129 
9 -129 -129 -129 -129 -129 
29 -129 -129 -129 -129 -129 
Elastic buffer uses 4 channels per SM
Elastic buffer uses 4 channels per SM
Elastic buffer uses 4 channels per SM
Elastic buffer uses 4 channels per SM
Elastic buffer uses 4 channels per SM
Elastic buffer uses 4 channels per SM
Elastic buffer uses 4 channels per SM
Elastic buffer uses 4 channels per SM
CPU side received count (scaleup: 1): -91 -99 -100 -99 -98 -97 -96 -92 # -129 -129 -129 -129 -129 -129 -129 -129 -129 -129 -129 CPU side received count (scaleup: 6): -102 -101 -104 -89 -110 -98 -99 -98 # -129 -129 -129 -129 -129 -129 -129 -129 -129 -129 -1-129 -129 -129 -129 -129 
CPU side received count (scaleup: 5): -107 -88 -101 -98 -102 -88 -94 -92 # -129 -129 -129 -129 -129 -129 -129 -129 -129 -129 -12CPU side received count (scaleup: 7): -111 -100 -104 -103 -99 -98 -87 -99 # -129 -129 -129 -129 -129 -129 -129 -129 -129 -129 -1CPU side received count (scaleup: 3): -95 -98 -94 -111 -106 -105 -86 -95 # -129 -129 -129 -129 -129 -129 -129 -129 -129 -129 -12CPU side received count (scaleup: 4): -89 -100 -91 -99 -91 -92 -105 -92 # -129 -129 -129 -129 -129 -129 -129 -129 -129 -129 -129CPU side received count (scaleup: 2): -95 -99 -108 -85 -104 -97 -108 -92 # -129 -129 -129 -129 -129 -129 -129 -129 -129 -129 -129 -129 -129 -129 -129 -129 
CPU side received count (scaleup: 0): -105 -99 -96 -95 -102 -103 -86 -90 # -129 -129 -129 -129 -129 -129 -129 -129 -129 -129 -1229 -129 -129 -129 -129 -129 
9 -129 -129 -129 -129 -129 
29 -129 -129 -129 -129 -129 
9 -129 -129 -129 -129 -129 
 -129 -129 -129 -129 -129 
9 -129 -129 -129 -129 -129 
Elastic buffer uses 4 channels per SM
Elastic buffer uses 4 channels per SM
Elastic buffer uses 4 channels per SM
Elastic buffer uses 4 channels per SM
Elastic buffer uses 4 channels per SM
Elastic buffer uses 4 channels per SM
Elastic buffer uses 4 channels per SM
Elastic buffer uses 4 channels per SM
CPU side received count (scaleup: 4): -89 -100 -91 -99 -91 -92 -105 -92 # -129 -129 -129 -129 -129 -129 -129 -129 -129 -129 -129CPU side received count (scaleup: 1): -91 -99 -100 -99 -98 -97 -96 -92 # -129 -129 -129 -129 -129 -129 -129 -129 -129 -129 -129  -129 -129 -129 -129 -129 
CPU side received count (scaleup: 2): -95 -99 -108 -85 -104 -97 -108 -92 # -129 -129 -129 -129 -129 -129 -129 -129 -129 -129 -12CPU side received count (scaleup: 5): -107 -88 -101 -98 -102 -88 -94 -92 # -129 -129 -129 -129 -129 -129 -129 -129 -129 -129 -12CPU side received count (scaleup: 7): -111 -100 -104 -103 -99 -98 -87 -99 # -129 -129 -129 -129 -129 -129 -129 -129 -129 -129 -1CPU side received count (scaleup: 3): -95 -98 -94 -111 -106 -105 -86 -95 # -129 -129 -129 -129 -129 -129 -129 -129 -129 -129 -12CPU side received count (scaleup: 0): -105 -99 -96 -95 -102 -103 -86 -90 # -129 -129 -129 -129 -129 -129 -129 -129 -129 -129 -12CPU side received count (scaleup: 6): -102 -101 -104 -89 -110 -98 -99 -98 # -129 -129 -129 -129 -129 -129 -129 -129 -129 -129 -1-129 -129 -129 -129 -129 
9 -129 -129 -129 -129 -129 
9 -129 -129 -129 -129 -129 
29 -129 -129 -129 -129 -129 
9 -129 -129 -129 -129 -129 
9 -129 -129 -129 -129 -129 
29 -129 -129 -129 -129 -129 
Elastic buffer uses 4 channels per SM
Elastic buffer uses 4 channels per SM
Elastic buffer uses 4 channels per SM
Elastic buffer uses 4 channels per SM
Elastic buffer uses 4 channels per SM
Elastic buffer uses 4 channels per SM
Elastic buffer uses 4 channels per SM
Elastic buffer uses 4 channels per SM
CPU side received count (scaleup: 4): -89 -100 -91 -99 -91 -92 -105 -92 # -129 -129 -129 -129 -129 -129 -129 -129 -129 -129 -129CPU side received count (scaleup: 1): -91 -99 -100 -99 -98 -97 -96 -92 # -129 -129 -129 -129 -129 -129 -129 -129 -129 -129 -129 CPU side received count (scaleup: 6): -102 -101 -104 -89 -110 -98 -99 -98 # -129 -129 -129 -129 -129 -129 -129 -129 -129 -129 -1CPU side received count (scaleup: 7): -111 -100 -104 -103 -99 -98 -87 -99 # -129 -129 -129 -129 -129 -129 -129 -129 -129 -129 -1CPU side received count (scaleup: 5): -107 -88 -101 -98 -102 -88 -94 -92 # -129 -129 -129 -129 -129 -129 -129 -129 -129 -129 -12CPU side received count (scaleup: 0): -105 -99 -96 -95 -102 -103 -86 -90 # -129 -129 -129 -129 -129 -129 -129 -129 -129 -129 -1229 -129 -129 -129 -129 -129 
29 -129 -129 -129 -129 -129 
9 -129 -129 -129 -129 -129 
CPU side received count (scaleup: 2): -95 -99 -108 -85 -104 -97 -108 -92 # -129 -129 -129 -129 -129 -129 -129 -129 -129 -129 -12CPU side received count (scaleup: 3): -95 -98 -94 -111 -106 -105 -86 -95 # -129 -129 -129 -129 -129 -129 -129 -129 -129 -129 -12 -129 -129 -129 -129 -129 
-129 -129 -129 -129 -129 
9 -129 -129 -129 -129 -129 
9 -129 -129 -129 -129 -129 
9 -129 -129 -129 -129 -129 
Elastic buffer uses 4 channels per SM
Elastic buffer uses 4 channels per SM
Elastic buffer uses 4 channels per SM
Elastic buffer uses 4 channels per SM
Elastic buffer uses 4 channels per SM
Elastic buffer uses 4 channels per SM
Elastic buffer uses 4 channels per SM
Elastic buffer uses 4 channels per SM
CPU side received count (scaleup: 1): -91 -99 -100 -99 -98 -97 -96 -92 # -129 -129 -129 -129 -129 -129 -129 -129 -129 -129 -129 CPU side received count (scaleup: 5): -107 -88 -101 -98 -102 -88 -94 -92 # -129 -129 -129 -129 -129 -129 -129 -129 -129 -129 -12CPU side received count (scaleup: 2): -95 -99 -108 -85 -104 -97 -108 -92 # -129 -129 -129 -129 -129 -129 -129 -129 -129 -129 -12CPU side received count (scaleup: 6): -102 -101 -104 -89 -110 -98 -99 -98 # -129 -129 -129 -129 -129 -129 -129 -129 -129 -129 -1CPU side received count (scaleup: 7): -111 -100 -104 -103 -99 -98 -87 -99 # -129 -129 -129 -129 -129 -129 -129 -129 -129 -129 -1CPU side received count (scaleup: 3): -95 -98 -94 -111 -106 -105 -86 -95 # -129 -129 -129 -129 -129 -129 -129 -129 -129 -129 -12CPU side received count (scaleup: 0): -105 -99 -96 -95 -102 -103 -86 -90 # -129 -129 -129 -129 -129 -129 -129 -129 -129 -129 -129 -129 -129 -129 -129 -129 
-129 -129 -129 -129 -129 
CPU side received count (scaleup: 4): -89 -100 -91 -99 -91 -92 -105 -92 # -129 -129 -129 -129 -129 -129 -129 -129 -129 -129 -1299 -129 -129 -129 -129 -129 
9 -129 -129 -129 -129 -129 
29 -129 -129 -129 -129 -129 
29 -129 -129 -129 -129 -129 
9 -129 -129 -129 -129 -129 
 -129 -129 -129 -129 -129 
Elastic buffer uses 4 channels per SM
Elastic buffer uses 4 channels per SM
Elastic buffer uses 4 channels per SM
Elastic buffer uses 4 channels per SM
Elastic buffer uses 4 channels per SM
Elastic buffer uses 4 channels per SM
Elastic buffer uses 4 channels per SM
Elastic buffer uses 4 channels per SM
CPU side received count (scaleup: 4): -89 -100 -91 -99 -91 -92 -105 -92 # -129 -129 -129 -129 -129 -129 -129 -129 -129 -129 -129CPU side received count (scaleup: 5): -107 -88 -101 -98 -102 -88 -94 -92 # -129 -129 -129 -129 -129 -129 -129 -129 -129 -129 -12CPU side received count (scaleup: 0): -105 -99 -96 -95 -102 -103 -86 -90 # -129 -129 -129 -129 -129 -129 -129 -129 -129 -129 -12CPU side received count (scaleup: 2): -95 -99 -108 -85 -104 -97 -108 -92 # -129 -129 -129 -129 -129 -129 -129 -129 -129 -129 -12 -129 -129 -129 -129 -129 
9 -129 -129 -129 -129 -129 
9 -129 -129 -129 -129 -129 
CPU side received count (scaleup: 3): -95 -98 -94 -111 -106 -105 -86 -95 # -129 -129 -129 -129 -129 -129 -129 -129 -129 -129 -12CPU side received count (scaleup: 1): -91 -99 -100 -99 -98 -97 -96 -92 # -129 -129 -129 -129 -129 -129 -129 -129 -129 -129 -129 9 -129 -129 -129 -129 -129 
CPU side received count (scaleup: 6): -102 -101 -104 -89 -110 -98 -99 -98 # -129 -129 -129 -129 -129 -129 -129 -129 -129 -129 -1CPU side received count (scaleup: 7): -111 -100 -104 -103 -99 -98 -87 -99 # -129 -129 -129 -129 -129 -129 -129 -129 -129 -129 -19 -129 -129 -129 -129 -129 
-129 -129 -129 -129 -129 
29 -129 -129 -129 -129 -129 
29 -129 -129 -129 -129 -129 
Elastic buffer uses 4 channels per SM
Elastic buffer uses 4 channels per SM
Elastic buffer uses 4 channels per SM
Elastic buffer uses 4 channels per SM
Elastic buffer uses 4 channels per SM
Elastic buffer uses 4 channels per SM
Elastic buffer uses 4 channels per SM
Elastic buffer uses 4 channels per SM
CPU side received count (scaleup: 7): -111 -100 -104 -103 -99 -98 -87 -99 # -129 -129 -129 -129 -129 -129 -129 -129 -129 -129 -1CPU side received count (scaleup: 3): -95 -98 -94 -111 -106 -105 -86 -95 # -129 -129 -129 -129 -129 -129 -129 -129 -129 -129 -12CPU side received count (scaleup: 4): -89 -100 -91 -99 -91 -92 -105 -92 # -129 -129 -129 -129 -129 -129 -129 -129 -129 -129 -129CPU side received count (scaleup: 1): -91 -99 -100 -99 -98 -97 -96 -92 # -129 -129 -129 -129 -129 -129 -129 -129 -129 -129 -129 CPU side received count (scaleup: 5): -107 -88 -101 -98 -102 -88 -94 -92 # -129 -129 -129 -129 -129 -129 -129 -129 -129 -129 -12CPU side received count (scaleup: 0): -105 -99 -96 -95 -102 -103 -86 -90 # -129 -129 -129 -129 -129 -129 -129 -129 -129 -129 -12CPU side received count (scaleup: 6): -102 -101 -104 -89 -110 -98 -99 -98 # -129 -129 -129 -129 -129 -129 -129 -129 -129 -129 -129 -129 -129 -129 -129 -129 
CPU side received count (scaleup: 2): -95 -99 -108 -85 -104 -97 -108 -92 # -129 -129 -129 -129 -129 -129 -129 -129 -129 -129 -129 -129 -129 -129 -129 -129 
 -129 -129 -129 -129 -129 
-129 -129 -129 -129 -129 
9 -129 -129 -129 -129 -129 
9 -129 -129 -129 -129 -129 
9 -129 -129 -129 -129 -129 
29 -129 -129 -129 -129 -129 
Elastic buffer uses 4 channels per SM
Elastic buffer uses 4 channels per SM
Elastic buffer uses 4 channels per SM
Elastic buffer uses 4 channels per SM
Elastic buffer uses 4 channels per SM
Elastic buffer uses 4 channels per SM
Elastic buffer uses 4 channels per SM
Elastic buffer uses 4 channels per SM
CPU side received count (scaleup: 6): -102 -101 -104 -89 -110 -98 -99 -98 # -129 -129 -129 -129 -129 -129 -129 -129 -129 -129 -1CPU side received count (scaleup: 2): -95 -99 -108 -85 -104 -97 -108 -92 # -129 -129 -129 -129 -129 -129 -129 -129 -129 -129 -12CPU side received count (scaleup: 4): -89 -100 -91 -99 -91 -92 -105 -92 # -129 -129 -129 -129 -129 -129 -129 -129 -129 -129 -129CPU side received count (scaleup: 7): -111 -100 -104 -103 -99 -98 -87 -99 # -129 -129 -129 -129 -129 -129 -129 -129 -129 -129 -1CPU side received count (scaleup: 5): -107 -88 -101 -98 -102 -88 -94 -92 # -129 -129 -129 -129 -129 -129 -129 -129 -129 -129 -12CPU side received count (scaleup: 1): -91 -99 -100 -99 -98 -97 -96 -92 # -129 -129 -129 -129 -129 -129 -129 -129 -129 -129 -129  -129 -129 -129 -129 -129 
CPU side received count (scaleup: 3): -95 -98 -94 -111 -106 -105 -86 -95 # -129 -129 -129 -129 -129 -129 -129 -129 -129 -129 -1229 -129 -129 -129 -129 -129 
9 -129 -129 -129 -129 -129 
CPU side received count (scaleup: 0): -105 -99 -96 -95 -102 -103 -86 -90 # -129 -129 -129 -129 -129 -129 -129 -129 -129 -129 -1229 -129 -129 -129 -129 -129 
9 -129 -129 -129 -129 -129 
9 -129 -129 -129 -129 -129 
-129 -129 -129 -129 -129 
9 -129 -129 -129 -129 -129 
Elastic buffer uses 4 channels per SM
Elastic buffer uses 4 channels per SM
Elastic buffer uses 4 channels per SM
Elastic buffer uses 4 channels per SM
Elastic buffer uses 4 channels per SM
Elastic buffer uses 4 channels per SM
Elastic buffer uses 4 channels per SM
Elastic buffer uses 4 channels per SM
CPU side received count (scaleup: 1): -91 -99 -100 -99 -98 -97 -96 -92 # -129 -129 -129 -129 -129 -129 -129 -129 -129 -129 -129 CPU side received count (scaleup: 0): -105 -99 -96 -95 -102 -103 -86 -90 # -129 -129 -129 -129 -129 -129 -129 -129 -129 -129 -12CPU side received count (scaleup: 5): -107 -88 -101 -98 -102 -88 -94 -92 # -129 -129 -129 -129 -129 -129 -129 -129 -129 -129 -12-129 -129 -129 -129 -129 
CPU side received count (scaleup: 7): -111 -100 -104 -103 -99 -98 -87 -99 # -129 -129 -129 -129 -129 -129 -129 -129 -129 -129 -1CPU side received count (scaleup: 4): -89 -100 -91 -99 -91 -92 -105 -92 # -129 -129 -129 -129 -129 -129 -129 -129 -129 -129 -129CPU side received count (scaleup: 2): -95 -99 -108 -85 -104 -97 -108 -92 # -129 -129 -129 -129 -129 -129 -129 -129 -129 -129 -1229 -129 -129 -129 -129 -129 
CPU side received count (scaleup: 3): -95 -98 -94 -111 -106 -105 -86 -95 # -129 -129 -129 -129 -129 -129 -129 -129 -129 -129 -12CPU side received count (scaleup: 6): -102 -101 -104 -89 -110 -98 -99 -98 # -129 -129 -129 -129 -129 -129 -129 -129 -129 -129 -19 -129 -129 -129 -129 -129 
9 -129 -129 -129 -129 -129 
 -129 -129 -129 -129 -129 
9 -129 -129 -129 -129 -129 
9 -129 -129 -129 -129 -129 
29 -129 -129 -129 -129 -129 
Elastic buffer uses 4 channels per SM
Elastic buffer uses 4 channels per SM
Elastic buffer uses 4 channels per SM
Elastic buffer uses 4 channels per SM
Elastic buffer uses 4 channels per SM
Elastic buffer uses 4 channels per SM
Elastic buffer uses 4 channels per SM
Elastic buffer uses 4 channels per SM
CPU side received count (scaleup: 4): -89 -100 -91 -99 -91 -92 -105 -92 # -129 -129 -129 -129 -129 -129 -129 -129 -129 -129 -129CPU side received count (scaleup: 1): -91 -99 -100 -99 -98 -97 -96 -92 # -129 -129 -129 -129 -129 -129 -129 -129 -129 -129 -129 CPU side received count (scaleup: 2): -95 -99 -108 -85 -104 -97 -108 -92 # -129 -129 -129 -129 -129 -129 -129 -129 -129 -129 -12CPU side received count (scaleup: 0): -105 -99 -96 -95 -102 -103 -86 -90 # -129 -129 -129 -129 -129 -129 -129 -129 -129 -129 -12CPU side received count (scaleup: 3): -95 -98 -94 -111 -106 -105 -86 -95 # -129 -129 -129 -129 -129 -129 -129 -129 -129 -129 -12CPU side received count (scaleup: 7): -111 -100 -104 -103 -99 -98 -87 -99 # -129 -129 -129 -129 -129 -129 -129 -129 -129 -129 -19 -129 -129 -129 -129 -129 
9 -129 -129 -129 -129 -129 
CPU side received count (scaleup: 6): -102 -101 -104 -89 -110 -98 -99 -98 # -129 -129 -129 -129 -129 -129 -129 -129 -129 -129 -129 -129 -129 -129 -129 -129 
CPU side received count (scaleup: 5): -107 -88 -101 -98 -102 -88 -94 -92 # -129 -129 -129 -129 -129 -129 -129 -129 -129 -129 -12 -129 -129 -129 -129 -129 
-129 -129 -129 -129 -129 
9 -129 -129 -129 -129 -129 
9 -129 -129 -129 -129 -129 
29 -129 -129 -129 -129 -129 
Elastic buffer uses 4 channels per SM
Elastic buffer uses 4 channels per SM
Elastic buffer uses 4 channels per SM
Elastic buffer uses 4 channels per SM
Elastic buffer uses 4 channels per SM
Elastic buffer uses 4 channels per SM
Elastic buffer uses 4 channels per SM
Elastic buffer uses 4 channels per SM
CPU side received count (scaleup: 2): -95 -99 -108 -85 -104 -97 -108 -92 # -129 -129 -129 -129 -129 -129 -129 -129 -129 -129 -12CPU side received count (scaleup: 0): -105 -99 -96 -95 -102 -103 -86 -90 # -129 -129 -129 -129 -129 -129 -129 -129 -129 -129 -12CPU side received count (scaleup: 7): -111 -100 -104 -103 -99 -98 -87 -99 # -129 -129 -129 -129 -129 -129 -129 -129 -129 -129 -1CPU side received count (scaleup: 1): -91 -99 -100 -99 -98 -97 -96 -92 # -129 -129 -129 -129 -129 -129 -129 -129 -129 -129 -129 CPU side received count (scaleup: 3): -95 -98 -94 -111 -106 -105 -86 -95 # -129 -129 -129 -129 -129 -129 -129 -129 -129 -129 -12CPU side received count (scaleup: 4): -89 -100 -91 -99 -91 -92 -105 -92 # -129 -129 -129 -129 -129 -129 -129 -129 -129 -129 -1299 -129 -129 -129 -129 -129 
CPU side received count (scaleup: 5): -107 -88 -101 -98 -102 -88 -94 -92 # -129 -129 -129 -129 -129 -129 -129 -129 -129 -129 -12-129 -129 -129 -129 -129 
CPU side received count (scaleup: 6): -102 -101 -104 -89 -110 -98 -99 -98 # -129 -129 -129 -129 -129 -129 -129 -129 -129 -129 -19 -129 -129 -129 -129 -129 
29 -129 -129 -129 -129 -129 
9 -129 -129 -129 -129 -129 
 -129 -129 -129 -129 -129 
29 -129 -129 -129 -129 -129 
9 -129 -129 -129 -129 -129 
Elastic buffer uses 4 channels per SM
Elastic buffer uses 4 channels per SM
Elastic buffer uses 4 channels per SM
Elastic buffer uses 4 channels per SM
Elastic buffer uses 4 channels per SM
Elastic buffer uses 4 channels per SM
Elastic buffer uses 4 channels per SM
Elastic buffer uses 4 channels per SM
CPU side received count (scaleup: 1): -91 -99 -100 -99 -98 -97 -96 -92 # -129 -129 -129 -129 -129 -129 -129 -129 -129 -129 -129 CPU side received count (scaleup: 4): -89 -100 -91 -99 -91 -92 -105 -92 # -129 -129 -129 -129 -129 -129 -129 -129 -129 -129 -129CPU side received count (scaleup: 6): -102 -101 -104 -89 -110 -98 -99 -98 # -129 -129 -129 -129 -129 -129 -129 -129 -129 -129 -1 -129 -129 -129 -129 -129 
CPU side received count (scaleup: 0): -105 -99 -96 -95 -102 -103 -86 -90 # -129 -129 -129 -129 -129 -129 -129 -129 -129 -129 -12CPU side received count (scaleup: 5): -107 -88 -101 -98 -102 -88 -94 -92 # -129 -129 -129 -129 -129 -129 -129 -129 -129 -129 -129 -129 -129 -129 -129 -129 
CPU side received count (scaleup: 2): -95 -99 -108 -85 -104 -97 -108 -92 # -129 -129 -129 -129 -129 -129 -129 -129 -129 -129 -12CPU side received count (scaleup: 7): -111 -100 -104 -103 -99 -98 -87 -99 # -129 -129 -129 -129 -129 -129 -129 -129 -129 -129 -1CPU side received count (scaleup: 3): -95 -98 -94 -111 -106 -105 -86 -95 # -129 -129 -129 -129 -129 -129 -129 -129 -129 -129 -12-129 -129 -129 -129 -129 
29 -129 -129 -129 -129 -129 
9 -129 -129 -129 -129 -129 
9 -129 -129 -129 -129 -129 
29 -129 -129 -129 -129 -129 
9 -129 -129 -129 -129 -129 
Elastic buffer uses 4 channels per SM
Elastic buffer uses 4 channels per SM
Elastic buffer uses 4 channels per SM
Elastic buffer uses 4 channels per SM
Elastic buffer uses 4 channels per SM
Elastic buffer uses 4 channels per SM
Elastic buffer uses 4 channels per SM
Elastic buffer uses 4 channels per SM
CPU side received count (scaleup: 5): -107 -88 -101 -98 -102 -88 -94 -92 # -129 -129 -129 -129 -129 -129 -129 -129 -129 -129 -12CPU side received count (scaleup: 7): -111 -100 -104 -103 -99 -98 -87 -99 # -129 -129 -129 -129 -129 -129 -129 -129 -129 -129 -1CPU side received count (scaleup: 4): -89 -100 -91 -99 -91 -92 -105 -92 # -129 -129 -129 -129 -129 -129 -129 -129 -129 -129 -1299 -129 -129 -129 -129 -129 
CPU side received count (scaleup: 3): -95 -98 -94 -111 -106 -105 -86 -95 # -129 -129 -129 -129 -129 -129 -129 -129 -129 -129 -12CPU side received count (scaleup: 2): -95 -99 -108 -85 -104 -97 -108 -92 # -129 -129 -129 -129 -129 -129 -129 -129 -129 -129 -12CPU side received count (scaleup: 0): -105 -99 -96 -95 -102 -103 -86 -90 # -129 -129 -129 -129 -129 -129 -129 -129 -129 -129 -12 -129 -129 -129 -129 -129 
CPU side received count (scaleup: 1): -91 -99 -100 -99 -98 -97 -96 -92 # -129 -129 -129 -129 -129 -129 -129 -129 -129 -129 -129 CPU side received count (scaleup: 6): -102 -101 -104 -89 -110 -98 -99 -98 # -129 -129 -129 -129 -129 -129 -129 -129 -129 -129 -129 -129 -129 -129 -129 -129 
9 -129 -129 -129 -129 -129 
9 -129 -129 -129 -129 -129 
9 -129 -129 -129 -129 -129 
-129 -129 -129 -129 -129 
29 -129 -129 -129 -129 -129 
Elastic buffer uses 4 channels per SM
Elastic buffer uses 4 channels per SM
Elastic buffer uses 4 channels per SM
Elastic buffer uses 4 channels per SM
Elastic buffer uses 4 channels per SM
Elastic buffer uses 4 channels per SM
Elastic buffer uses 4 channels per SM
Elastic buffer uses 4 channels per SM
CPU side received count (scaleup: 6): -102 -101 -104 -89 -110 -98 -99 -98 # -129 -129 -129 -129 -129 -129 -129 -129 -129 -129 -1CPU side received count (scaleup: 3): -95 -98 -94 -111 -106 -105 -86 -95 # -129 -129 -129 -129 -129 -129 -129 -129 -129 -129 -12CPU side received count (scaleup: 7): -111 -100 -104 -103 -99 -98 -87 -99 # -129 -129 -129 -129 -129 -129 -129 -129 -129 -129 -1CPU side received count (scaleup: 0): -105 -99 -96 -95 -102 -103 -86 -90 # -129 -129 -129 -129 -129 -129 -129 -129 -129 -129 -12CPU side received count (scaleup: 1): -91 -99 -100 -99 -98 -97 -96 -92 # -129 -129 -129 -129 -129 -129 -129 -129 -129 -129 -129 29 -129 -129 -129 -129 -129 
CPU side received count (scaleup: 5): -107 -88 -101 -98 -102 -88 -94 -92 # -129 -129 -129 -129 -129 -129 -129 -129 -129 -129 -12CPU side received count (scaleup: 4): -89 -100 -91 -99 -91 -92 -105 -92 # -129 -129 -129 -129 -129 -129 -129 -129 -129 -129 -129CPU side received count (scaleup: 2): -95 -99 -108 -85 -104 -97 -108 -92 # -129 -129 -129 -129 -129 -129 -129 -129 -129 -129 -129 -129 -129 -129 -129 -129 
-129 -129 -129 -129 -129 
29 -129 -129 -129 -129 -129 
9 -129 -129 -129 -129 -129 
9 -129 -129 -129 -129 -129 
9 -129 -129 -129 -129 -129 
 -129 -129 -129 -129 -129 
Elastic buffer uses 4 channels per SM
Elastic buffer uses 4 channels per SM
Elastic buffer uses 4 channels per SM
Elastic buffer uses 4 channels per SM
Elastic buffer uses 4 channels per SM
Elastic buffer uses 4 channels per SM
Elastic buffer uses 4 channels per SM
Elastic buffer uses 4 channels per SM
CPU side received count (scaleup: 1): -91 -99 -100 -99 -98 -97 -96 -92 # -129 -129 -129 -129 -129 -129 -129 -129 -129 -129 -129 CPU side received count (scaleup: 2): -95 -99 -108 -85 -104 -97 -108 -92 # -129 -129 -129 -129 -129 -129 -129 -129 -129 -129 -12CPU side received count (scaleup: 6): -102 -101 -104 -89 -110 -98 -99 -98 # -129 -129 -129 -129 -129 -129 -129 -129 -129 -129 -1CPU side received count (scaleup: 5): -107 -88 -101 -98 -102 -88 -94 -92 # -129 -129 -129 -129 -129 -129 -129 -129 -129 -129 -12CPU side received count (scaleup: 0): -105 -99 -96 -95 -102 -103 -86 -90 # -129 -129 -129 -129 -129 -129 -129 -129 -129 -129 -12CPU side received count (scaleup: 7): -111 -100 -104 -103 -99 -98 -87 -99 # -129 -129 -129 -129 -129 -129 -129 -129 -129 -129 -1CPU side received count (scaleup: 3): -95 -98 -94 -111 -106 -105 -86 -95 # -129 -129 -129 -129 -129 -129 -129 -129 -129 -129 -12CPU side received count (scaleup: 4): -89 -100 -91 -99 -91 -92 -105 -92 # -129 -129 -129 -129 -129 -129 -129 -129 -129 -129 -1299 -129 -129 -129 -129 -129 
29 -129 -129 -129 -129 -129 
-129 -129 -129 -129 -129 
9 -129 -129 -129 -129 -129 
9 -129 -129 -129 -129 -129 
29 -129 -129 -129 -129 -129 
9 -129 -129 -129 -129 -129 
 -129 -129 -129 -129 -129 
Elastic buffer uses 4 channels per SM
Elastic buffer uses 4 channels per SM
Elastic buffer uses 4 channels per SM
Elastic buffer uses 4 channels per SM
Elastic buffer uses 4 channels per SM
Elastic buffer uses 4 channels per SM
Elastic buffer uses 4 channels per SM
Elastic buffer uses 4 channels per SM
CPU side received count (scaleup: 4): -89 -100 -91 -99 -91 -92 -105 -92 # -129 -129 -129 -129 -129 -129 -129 -129 -129 -129 -129CPU side received count (scaleup: 0): -105 -99 -96 -95 -102 -103 -86 -90 # -129 -129 -129 -129 -129 -129 -129 -129 -129 -129 -12CPU side received count (scaleup: 5): -107 -88 -101 -98 -102 -88 -94 -92 # -129 -129 -129 -129 -129 -129 -129 -129 -129 -129 -12CPU side received count (scaleup: 2): -95 -99 -108 -85 -104 -97 -108 -92 # -129 -129 -129 -129 -129 -129 -129 -129 -129 -129 -12CPU side received count (scaleup: 3): -95 -98 -94 -111 -106 -105 -86 -95 # -129 -129 -129 -129 -129 -129 -129 -129 -129 -129 -12CPU side received count (scaleup: 1): -91 -99 -100 -99 -98 -97 -96 -92 # -129 -129 -129 -129 -129 -129 -129 -129 -129 -129 -129 CPU side received count (scaleup: 6): -102 -101 -104 -89 -110 -98 -99 -98 # -129 -129 -129 -129 -129 -129 -129 -129 -129 -129 -1 -129 -129 -129 -129 -129 
CPU side received count (scaleup: 7): -111 -100 -104 -103 -99 -98 -87 -99 # -129 -129 -129 -129 -129 -129 -129 -129 -129 -129 -19 -129 -129 -129 -129 -129 
9 -129 -129 -129 -129 -129 
9 -129 -129 -129 -129 -129 
9 -129 -129 -129 -129 -129 
-129 -129 -129 -129 -129 
29 -129 -129 -129 -129 -129 
29 -129 -129 -129 -129 -129 
Elastic buffer uses 4 channels per SM
Elastic buffer uses 4 channels per SM
Elastic buffer uses 4 channels per SM
Elastic buffer uses 4 channels per SM
Elastic buffer uses 4 channels per SM
Elastic buffer uses 4 channels per SM
Elastic buffer uses 4 channels per SM
Elastic buffer uses 4 channels per SM
CPU side received count (scaleup: 6): -102 -101 -104 -89 -110 -98 -99 -98 # -129 -129 -129 -129 -129 -129 -129 -129 -129 -129 -1CPU side received count (scaleup: 2): -95 -99 -108 -85 -104 -97 -108 -92 # -129 -129 -129 -129 -129 -129 -129 -129 -129 -129 -12CPU side received count (scaleup: 7): -111 -100 -104 -103 -99 -98 -87 -99 # -129 -129 -129 -129 -129 -129 -129 -129 -129 -129 -1CPU side received count (scaleup: 4): -89 -100 -91 -99 -91 -92 -105 -92 # -129 -129 -129 -129 -129 -129 -129 -129 -129 -129 -129CPU side received count (scaleup: 3): -95 -98 -94 -111 -106 -105 -86 -95 # -129 -129 -129 -129 -129 -129 -129 -129 -129 -129 -12CPU side received count (scaleup: 0): -105 -99 -96 -95 -102 -103 -86 -90 # -129 -129 -129 -129 -129 -129 -129 -129 -129 -129 -12CPU side received count (scaleup: 1): -91 -99 -100 -99 -98 -97 -96 -92 # -129 -129 -129 -129 -129 -129 -129 -129 -129 -129 -129  -129 -129 -129 -129 -129 
CPU side received count (scaleup: 5): -107 -88 -101 -98 -102 -88 -94 -92 # -129 -129 -129 -129 -129 -129 -129 -129 -129 -129 -1229 -129 -129 -129 -129 -129 
9 -129 -129 -129 -129 -129 
29 -129 -129 -129 -129 -129 
9 -129 -129 -129 -129 -129 
9 -129 -129 -129 -129 -129 
-129 -129 -129 -129 -129 
9 -129 -129 -129 -129 -129 
Elastic buffer uses 4 channels per SM
Elastic buffer uses 4 channels per SM
Elastic buffer uses 4 channels per SM
Elastic buffer uses 4 channels per SM
Elastic buffer uses 4 channels per SM
Elastic buffer uses 4 channels per SM
Elastic buffer uses 4 channels per SM
Elastic buffer uses 4 channels per SM
CPU side received count (scaleup: 6): -102 -101 -104 -89 -110 -98 -99 -98 # -129 -129 -129 -129 -129 -129 -129 -129 -129 -129 -1CPU side received count (scaleup: 4): -89 -100 -91 -99 -91 -92 -105 -92 # -129 -129 -129 -129 -129 -129 -129 -129 -129 -129 -129CPU side received count (scaleup: 0): -105 -99 -96 -95 -102 -103 -86 -90 # -129 -129 -129 -129 -129 -129 -129 -129 -129 -129 -1229 -129 -129 -129 -129 -129 
CPU side received count (scaleup: 3): -95 -98 -94 -111 -106 -105 -86 -95 # -129 -129 -129 -129 -129 -129 -129 -129 -129 -129 -129 -129 -129 -129 -129 -129 
CPU side received count (scaleup: 2): -95 -99 -108 -85 -104 -97 -108 -92 # -129 -129 -129 -129 -129 -129 -129 -129 -129 -129 -129 -129 -129 -129 -129 -129 
CPU side received count (scaleup: 5): -107 -88 -101 -98 -102 -88 -94 -92 # -129 -129 -129 -129 -129 -129 -129 -129 -129 -129 -12CPU side received count (scaleup: 1): -91 -99 -100 -99 -98 -97 -96 -92 # -129 -129 -129 -129 -129 -129 -129 -129 -129 -129 -129 9 -129 -129 -129 -129 -129 
-129 -129 -129 -129 -129 
CPU side received count (scaleup: 7): -111 -100 -104 -103 -99 -98 -87 -99 # -129 -129 -129 -129 -129 -129 -129 -129 -129 -129 -1 -129 -129 -129 -129 -129 
9 -129 -129 -129 -129 -129 
29 -129 -129 -129 -129 -129 
Elastic buffer uses 4 channels per SM
Elastic buffer uses 4 channels per SM
Elastic buffer uses 4 channels per SM
Elastic buffer uses 4 channels per SM
Elastic buffer uses 4 channels per SM
Elastic buffer uses 4 channels per SM
Elastic buffer uses 4 channels per SM
Elastic buffer uses 4 channels per SM
CPU side received count (scaleup: 7): -111 -100 -104 -103 -99 -98 -87 -99 # -129 -129 -129 -129 -129 -129 -129 -129 -129 -129 -1CPU side received count (scaleup: 4): -89 -100 -91 -99 -91 -92 -105 -92 # -129 -129 -129 -129 -129 -129 -129 -129 -129 -129 -129CPU side received count (scaleup: 6): -102 -101 -104 -89 -110 -98 -99 -98 # -129 -129 -129 -129 -129 -129 -129 -129 -129 -129 -1CPU side received count (scaleup: 0): -105 -99 -96 -95 -102 -103 -86 -90 # -129 -129 -129 -129 -129 -129 -129 -129 -129 -129 -12CPU side received count (scaleup: 5): -107 -88 -101 -98 -102 -88 -94 -92 # -129 -129 -129 -129 -129 -129 -129 -129 -129 -129 -12CPU side received count (scaleup: 3): -95 -98 -94 -111 -106 -105 -86 -95 # -129 -129 -129 -129 -129 -129 -129 -129 -129 -129 -1229 -129 -129 -129 -129 -129 
CPU side received count (scaleup: 1): -91 -99 -100 -99 -98 -97 -96 -92 # -129 -129 -129 -129 -129 -129 -129 -129 -129 -129 -129 29 -129 -129 -129 -129 -129 
9 -129 -129 -129 -129 -129 
9 -129 -129 -129 -129 -129 
CPU side received count (scaleup: 2): -95 -99 -108 -85 -104 -97 -108 -92 # -129 -129 -129 -129 -129 -129 -129 -129 -129 -129 -12 -129 -129 -129 -129 -129 
9 -129 -129 -129 -129 -129 
-129 -129 -129 -129 -129 
9 -129 -129 -129 -129 -129 
Elastic buffer uses 4 channels per SM
Elastic buffer uses 4 channels per SM
Elastic buffer uses 4 channels per SM
Elastic buffer uses 4 channels per SM
Elastic buffer uses 4 channels per SM
Elastic buffer uses 4 channels per SM
Elastic buffer uses 4 channels per SM
Elastic buffer uses 4 channels per SM
CPU side received count (scaleup: 1): -91 -99 -100 -99 -98 -97 -96 -92 # -129 -129 -129 -129 -129 -129 -129 -129 -129 -129 -129 CPU side received count (scaleup: 0): -105 -99 -96 -95 -102 -103 -86 -90 # -129 -129 -129 -129 -129 -129 -129 -129 -129 -129 -12CPU side received count (scaleup: 6): -102 -101 -104 -89 -110 -98 -99 -98 # -129 -129 -129 -129 -129 -129 -129 -129 -129 -129 -1-129 -129 -129 -129 -129 
CPU side received count (scaleup: 7): -111 -100 -104 -103 -99 -98 -87 -99 # -129 -129 -129 -129 -129 -129 -129 -129 -129 -129 -1CPU side received count (scaleup: 2): -95 -99 -108 -85 -104 -97 -108 -92 # -129 -129 -129 -129 -129 -129 -129 -129 -129 -129 -12CPU side received count (scaleup: 5): -107 -88 -101 -98 -102 -88 -94 -92 # -129 -129 -129 -129 -129 -129 -129 -129 -129 -129 -12CPU side received count (scaleup: 4): -89 -100 -91 -99 -91 -92 -105 -92 # -129 -129 -129 -129 -129 -129 -129 -129 -129 -129 -129CPU side received count (scaleup: 3): -95 -98 -94 -111 -106 -105 -86 -95 # -129 -129 -129 -129 -129 -129 -129 -129 -129 -129 -12 -129 -129 -129 -129 -129 
9 -129 -129 -129 -129 -129 
29 -129 -129 -129 -129 -129 
29 -129 -129 -129 -129 -129 
9 -129 -129 -129 -129 -129 
9 -129 -129 -129 -129 -129 
9 -129 -129 -129 -129 -129 
Elastic buffer uses 4 channels per SM
Elastic buffer uses 4 channels per SM
Elastic buffer uses 4 channels per SM
Elastic buffer uses 4 channels per SM
Elastic buffer uses 4 channels per SM
Elastic buffer uses 4 channels per SM
Elastic buffer uses 4 channels per SM
Elastic buffer uses 4 channels per SM
CPU side received count (scaleup: 5): -107 -88 -101 -98 -102 -88 -94 -92 # -129 -129 -129 -129 -129 -129 -129 -129 -129 -129 -12CPU side received count (scaleup: 3): -95 -98 -94 -111 -106 -105 -86 -95 # -129 -129 -129 -129 -129 -129 -129 -129 -129 -129 -12CPU side received count (scaleup: 2): -95 -99 -108 -85 -104 -97 -108 -92 # -129 -129 -129 -129 -129 -129 -129 -129 -129 -129 -12CPU side received count (scaleup: 0): -105 -99 -96 -95 -102 -103 -86 -90 # -129 -129 -129 -129 -129 -129 -129 -129 -129 -129 -12CPU side received count (scaleup: 1): -91 -99 -100 -99 -98 -97 -96 -92 # -129 -129 -129 -129 -129 -129 -129 -129 -129 -129 -129 9 -129 -129 -129 -129 -129 
-129 -129 -129 -129 -129 
CPU side received count (scaleup: 4): -89 -100 -91 -99 -91 -92 -105 -92 # -129 -129 -129 -129 -129 -129 -129 -129 -129 -129 -129CPU side received count (scaleup: 6): -102 -101 -104 -89 -110 -98 -99 -98 # -129 -129 -129 -129 -129 -129 -129 -129 -129 -129 -19 -129 -129 -129 -129 -129 
29 -129 -129 -129 -129 -129 
CPU side received count (scaleup: 7): -111 -100 -104 -103 -99 -98 -87 -99 # -129 -129 -129 -129 -129 -129 -129 -129 -129 -129 -19 -129 -129 -129 -129 -129 
9 -129 -129 -129 -129 -129 
 -129 -129 -129 -129 -129 
29 -129 -129 -129 -129 -129 
Elastic buffer uses 4 channels per SM
Elastic buffer uses 4 channels per SM
Elastic buffer uses 4 channels per SM
Elastic buffer uses 4 channels per SM
Elastic buffer uses 4 channels per SM
Elastic buffer uses 4 channels per SM
Elastic buffer uses 4 channels per SM
Elastic buffer uses 4 channels per SM
CPU side received count (scaleup: 1): -91 -99 -100 -99 -98 -97 -96 -92 # -129 -129 -129 -129 -129 -129 -129 -129 -129 -129 -129 CPU side received count (scaleup: 4): -89 -100 -91 -99 -91 -92 -105 -92 # -129 -129 -129 -129 -129 -129 -129 -129 -129 -129 -129CPU side received count (scaleup: 3): -95 -98 -94 -111 -106 -105 -86 -95 # -129 -129 -129 -129 -129 -129 -129 -129 -129 -129 -12-129 -129 -129 -129 -129 
CPU side received count (scaleup: 5): -107 -88 -101 -98 -102 -88 -94 -92 # -129 -129 -129 -129 -129 -129 -129 -129 -129 -129 -12CPU side received count (scaleup: 0): -105 -99 -96 -95 -102 -103 -86 -90 # -129 -129 -129 -129 -129 -129 -129 -129 -129 -129 -129 -129 -129 -129 -129 -129 
CPU side received count (scaleup: 6): -102 -101 -104 -89 -110 -98 -99 -98 # -129 -129 -129 -129 -129 -129 -129 -129 -129 -129 -1CPU side received count (scaleup: 2): -95 -99 -108 -85 -104 -97 -108 -92 # -129 -129 -129 -129 -129 -129 -129 -129 -129 -129 -1229 -129 -129 -129 -129 -129 
CPU side received count (scaleup: 7): -111 -100 -104 -103 -99 -98 -87 -99 # -129 -129 -129 -129 -129 -129 -129 -129 -129 -129 -1 -129 -129 -129 -129 -129 
9 -129 -129 -129 -129 -129 
9 -129 -129 -129 -129 -129 
9 -129 -129 -129 -129 -129 
29 -129 -129 -129 -129 -129 
Elastic buffer uses 4 channels per SM
Elastic buffer uses 4 channels per SM
Elastic buffer uses 4 channels per SM
Elastic buffer uses 4 channels per SM
Elastic buffer uses 4 channels per SM
Elastic buffer uses 4 channels per SM
Elastic buffer uses 4 channels per SM
Elastic buffer uses 4 channels per SM
CPU side received count (scaleup: 6): -102 -101 -104 -89 -110 -98 -99 -98 # -129 -129 -129 -129 -129 -129 -129 -129 -129 -129 -1CPU side received count (scaleup: 4): -89 -100 -91 -99 -91 -92 -105 -92 # -129 -129 -129 -129 -129 -129 -129 -129 -129 -129 -129CPU side received count (scaleup: 2): -95 -99 -108 -85 -104 -97 -108 -92 # -129 -129 -129 -129 -129 -129 -129 -129 -129 -129 -12CPU side received count (scaleup: 7): -111 -100 -104 -103 -99 -98 -87 -99 # -129 -129 -129 -129 -129 -129 -129 -129 -129 -129 -19 -129 -129 -129 -129 -129 
29 -129 -129 -129 -129 -129 
CPU side received count (scaleup: 5): -107 -88 -101 -98 -102 -88 -94 -92 # -129 -129 -129 -129 -129 -129 -129 -129 -129 -129 -12CPU side received count (scaleup: 3): -95 -98 -94 -111 -106 -105 -86 -95 # -129 -129 -129 -129 -129 -129 -129 -129 -129 -129 -12CPU side received count (scaleup: 0): -105 -99 -96 -95 -102 -103 -86 -90 # -129 -129 -129 -129 -129 -129 -129 -129 -129 -129 -12CPU side received count (scaleup: 1): -91 -99 -100 -99 -98 -97 -96 -92 # -129 -129 -129 -129 -129 -129 -129 -129 -129 -129 -129 29 -129 -129 -129 -129 -129 
 -129 -129 -129 -129 -129 
9 -129 -129 -129 -129 -129 
9 -129 -129 -129 -129 -129 
9 -129 -129 -129 -129 -129 
-129 -129 -129 -129 -129 
Elastic buffer uses 4 channels per SM
Elastic buffer uses 4 channels per SM
Elastic buffer uses 4 channels per SM
Elastic buffer uses 4 channels per SM
Elastic buffer uses 4 channels per SM
Elastic buffer uses 4 channels per SM
Elastic buffer uses 4 channels per SM
Elastic buffer uses 4 channels per SM
CPU side received count (scaleup: 4): -89 -100 -91 -99 -91 -92 -105 -92 # -129 -129 -129 -129 -129 -129 -129 -129 -129 -129 -129CPU side received count (scaleup: 0): -105 -99 -96 -95 -102 -103 -86 -90 # -129 -129 -129 -129 -129 -129 -129 -129 -129 -129 -12CPU side received count (scaleup: 1): -91 -99 -100 -99 -98 -97 -96 -92 # -129 -129 -129 -129 -129 -129 -129 -129 -129 -129 -129 CPU side received count (scaleup: 7): -111 -100 -104 -103 -99 -98 -87 -99 # -129 -129 -129 -129 -129 -129 -129 -129 -129 -129 -1CPU side received count (scaleup: 5): -107 -88 -101 -98 -102 -88 -94 -92 # -129 -129 -129 -129 -129 -129 -129 -129 -129 -129 -12CPU side received count (scaleup: 3): -95 -98 -94 -111 -106 -105 -86 -95 # -129 -129 -129 -129 -129 -129 -129 -129 -129 -129 -12CPU side received count (scaleup: 2): -95 -99 -108 -85 -104 -97 -108 -92 # -129 -129 -129 -129 -129 -129 -129 -129 -129 -129 -12 -129 -129 -129 -129 -129 
CPU side received count (scaleup: 6): -102 -101 -104 -89 -110 -98 -99 -98 # -129 -129 -129 -129 -129 -129 -129 -129 -129 -129 -19 -129 -129 -129 -129 -129 
9 -129 -129 -129 -129 -129 
-129 -129 -129 -129 -129 
29 -129 -129 -129 -129 -129 
9 -129 -129 -129 -129 -129 
9 -129 -129 -129 -129 -129 
29 -129 -129 -129 -129 -129 
Elastic buffer uses 4 channels per SM
Elastic buffer uses 4 channels per SM
Elastic buffer uses 4 channels per SM
Elastic buffer uses 4 channels per SM
Elastic buffer uses 4 channels per SM
Elastic buffer uses 4 channels per SM
Elastic buffer uses 4 channels per SM
Elastic buffer uses 4 channels per SM
CPU side received count (scaleup: 3): -95 -98 -94 -111 -106 -105 -86 -95 # -129 -129 -129 -129 -129 -129 -129 -129 -129 -129 -12CPU side received count (scaleup: 4): -89 -100 -91 -99 -91 -92 -105 -92 # -129 -129 -129 -129 -129 -129 -129 -129 -129 -129 -129CPU side received count (scaleup: 7): -111 -100 -104 -103 -99 -98 -87 -99 # -129 -129 -129 -129 -129 -129 -129 -129 -129 -129 -1CPU side received count (scaleup: 2): -95 -99 -108 -85 -104 -97 -108 -92 # -129 -129 -129 -129 -129 -129 -129 -129 -129 -129 -12CPU side received count (scaleup: 5): -107 -88 -101 -98 -102 -88 -94 -92 # -129 -129 -129 -129 -129 -129 -129 -129 -129 -129 -12CPU side received count (scaleup: 1): -91 -99 -100 -99 -98 -97 -96 -92 # -129 -129 -129 -129 -129 -129 -129 -129 -129 -129 -129 CPU side received count (scaleup: 0): -105 -99 -96 -95 -102 -103 -86 -90 # -129 -129 -129 -129 -129 -129 -129 -129 -129 -129 -12CPU side received count (scaleup: 6): -102 -101 -104 -89 -110 -98 -99 -98 # -129 -129 -129 -129 -129 -129 -129 -129 -129 -129 -19 -129 -129 -129 -129 -129 
9 -129 -129 -129 -129 -129 
 -129 -129 -129 -129 -129 
29 -129 -129 -129 -129 -129 
9 -129 -129 -129 -129 -129 
9 -129 -129 -129 -129 -129 
-129 -129 -129 -129 -129 
29 -129 -129 -129 -129 -129 
Elastic buffer uses 4 channels per SM
Elastic buffer uses 4 channels per SM
Elastic buffer uses 4 channels per SM
Elastic buffer uses 4 channels per SM
Elastic buffer uses 4 channels per SM
Elastic buffer uses 4 channels per SM
Elastic buffer uses 4 channels per SM
Elastic buffer uses 4 channels per SM
USDT:2026-08-25 02:29:33 438:438 SyncActivityProfilerHandler.cpp:52] profiler_startUSDT:2026-08-25 02:29:33 439:439 SyncActivityProfilerHandler.cpp:52] profiler_startUSDT:2026-08-25 02:29:33 437:437 SyncActivityProfilerHandler.cpp:52] profiler_startUSDT:2026-08-25 02:29:33 436:436 SyncActivityProfilerHandler.cpp:52] profiler_startUSDT:2026-08-25 02:29:33 440:440 SyncActivityProfilerHandler.cpp:52] profiler_start

USDT:2026-08-25 02:29:33 434:434 SyncActivityProfilerHandler.cpp:52] profiler_startUSDT:2026-08-25 02:29:33 433:433 SyncActivityProfilerHandler.cpp:52] profiler_start




USDT:2026-08-25 02:29:33 435:435 SyncActivityProfilerHandler.cpp:52] profiler_start
CPU side received count (scaleup: 0): -105 -99 -96 -95 -102 -103 -86 -90 # -129 -129 -129 -129 -129 -129 -129 -129 -129 -129 -12CPU side received count (scaleup: 3): -95 -98 -94 -111 -106 -105 -86 -95 # -129 -129 -129 -129 -129 -129 -129 -129 -129 -129 -12CPU side received count (scaleup: 1): -91 -99 -100 -99 -98 -97 -96 -92 # -129 -129 -129 -129 -129 -129 -129 -129 -129 -129 -129 CPU side received count (scaleup: 5): -107 -88 -101 -98 -102 -88 -94 -92 # -129 -129 -129 -129 -129 -129 -129 -129 -129 -129 -12CPU side received count (scaleup: 7): -111 -100 -104 -103 -99 -98 -87 -99 # -129 -129 -129 -129 -129 -129 -129 -129 -129 -129 -1CPU side received count (scaleup: 6): -102 -101 -104 -89 -110 -98 -99 -98 # -129 -129 -129 -129 -129 -129 -129 -129 -129 -129 -1CPU side received count (scaleup: 2): -95 -99 -108 -85 -104 -97 -108 -92 # -129 -129 -129 -129 -129 -129 -129 -129 -129 -129 -12CPU side received count (scaleup: 4): -89 -100 -91 -99 -91 -92 -105 -92 # -129 -129 -129 -129 -129 -129 -129 -129 -129 -129 -1299 -129 -129 -129 -129 -129 
9 -129 -129 -129 -129 -129 
9 -129 -129 -129 -129 -129 
-129 -129 -129 -129 -129 
9 -129 -129 -129 -129 -129 
29 -129 -129 -129 -129 -129 
29 -129 -129 -129 -129 -129 
 -129 -129 -129 -129 -129 
Elastic buffer uses 4 channels per SM
Elastic buffer uses 4 channels per SM
Elastic buffer uses 4 channels per SM
Elastic buffer uses 4 channels per SM
Elastic buffer uses 4 channels per SM
Elastic buffer uses 4 channels per SM
Elastic buffer uses 4 channels per SM
Elastic buffer uses 4 channels per SM
CPU side received count (scaleup: 4): -89 -100 -91 -99 -91 -92 -105 -92 # -129 -129 -129 -129 -129 -129 -129 -129 -129 -129 -129CPU side received count (scaleup: 1): -91 -99 -100 -99 -98 -97 -96 -92 # -129 -129 -129 -129 -129 -129 -129 -129 -129 -129 -129 CPU side received count (scaleup: 3): -95 -98 -94 -111 -106 -105 -86 -95 # -129 -129 -129 -129 -129 -129 -129 -129 -129 -129 -12CPU side received count (scaleup: 2): -95 -99 -108 -85 -104 -97 -108 -92 # -129 -129 -129 -129 -129 -129 -129 -129 -129 -129 -12-129 -129 -129 -129 -129 
CPU side received count (scaleup: 0): -105 -99 -96 -95 -102 -103 -86 -90 # -129 -129 -129 -129 -129 -129 -129 -129 -129 -129 -12CPU side received count (scaleup: 5): -107 -88 -101 -98 -102 -88 -94 -92 # -129 -129 -129 -129 -129 -129 -129 -129 -129 -129 -12CPU side received count (scaleup: 7): -111 -100 -104 -103 -99 -98 -87 -99 # -129 -129 -129 -129 -129 -129 -129 -129 -129 -129 -19 -129 -129 -129 -129 -129 
CPU side received count (scaleup: 6): -102 -101 -104 -89 -110 -98 -99 -98 # -129 -129 -129 -129 -129 -129 -129 -129 -129 -129 -1 -129 -129 -129 -129 -129 
9 -129 -129 -129 -129 -129 
9 -129 -129 -129 -129 -129 
9 -129 -129 -129 -129 -129 
29 -129 -129 -129 -129 -129 
29 -129 -129 -129 -129 -129 
Elastic buffer uses 4 channels per SM
Elastic buffer uses 4 channels per SM
Elastic buffer uses 4 channels per SM
Elastic buffer uses 4 channels per SM
Elastic buffer uses 4 channels per SM
Elastic buffer uses 4 channels per SM
Elastic buffer uses 4 channels per SM
Elastic buffer uses 4 channels per SM
CPU side received count (scaleup: 4): -89 -100 -91 -99 -91 -92 -105 -92 # -129 -129 -129 -129 -129 -129 -129 -129 -129 -129 -129CPU side received count (scaleup: 1): -91 -99 -100 -99 -98 -97 -96 -92 # -129 -129 -129 -129 -129 -129 -129 -129 -129 -129 -129 CPU side received count (scaleup: 0): -105 -99 -96 -95 -102 -103 -86 -90 # -129 -129 -129 -129 -129 -129 -129 -129 -129 -129 -12CPU side received count (scaleup: 6): -102 -101 -104 -89 -110 -98 -99 -98 # -129 -129 -129 -129 -129 -129 -129 -129 -129 -129 -1CPU side received count (scaleup: 3): -95 -98 -94 -111 -106 -105 -86 -95 # -129 -129 -129 -129 -129 -129 -129 -129 -129 -129 -12-129 -129 -129 -129 -129 
9 -129 -129 -129 -129 -129 
CPU side received count (scaleup: 5): -107 -88 -101 -98 -102 -88 -94 -92 # -129 -129 -129 -129 -129 -129 -129 -129 -129 -129 -12CPU side received count (scaleup: 7): -111 -100 -104 -103 -99 -98 -87 -99 # -129 -129 -129 -129 -129 -129 -129 -129 -129 -129 -1CPU side received count (scaleup: 2): -95 -99 -108 -85 -104 -97 -108 -92 # -129 -129 -129 -129 -129 -129 -129 -129 -129 -129 -12 -129 -129 -129 -129 -129 
29 -129 -129 -129 -129 -129 
9 -129 -129 -129 -129 -129 
9 -129 -129 -129 -129 -129 
9 -129 -129 -129 -129 -129 
29 -129 -129 -129 -129 -129 
Elastic buffer uses 4 channels per SM
Elastic buffer uses 4 channels per SM
Elastic buffer uses 4 channels per SM
Elastic buffer uses 4 channels per SM
Elastic buffer uses 4 channels per SM
Elastic buffer uses 4 channels per SM
Elastic buffer uses 4 channels per SM
Elastic buffer uses 4 channels per SM
CPU side received count (scaleup: 4): -89 -100 -91 -99 -91 -92 -105 -92 # -129 -129 -129 -129 -129 -129 -129 -129 -129 -129 -129CPU side received count (scaleup: 7): -111 -100 -104 -103 -99 -98 -87 -99 # -129 -129 -129 -129 -129 -129 -129 -129 -129 -129 -1CPU side received count (scaleup: 0): -105 -99 -96 -95 -102 -103 -86 -90 # -129 -129 -129 -129 -129 -129 -129 -129 -129 -129 -12CPU side received count (scaleup: 1): -91 -99 -100 -99 -98 -97 -96 -92 # -129 -129 -129 -129 -129 -129 -129 -129 -129 -129 -129 CPU side received count (scaleup: 5): -107 -88 -101 -98 -102 -88 -94 -92 # -129 -129 -129 -129 -129 -129 -129 -129 -129 -129 -129 -129 -129 -129 -129 -129 
CPU side received count (scaleup: 2): -95 -99 -108 -85 -104 -97 -108 -92 # -129 -129 -129 -129 -129 -129 -129 -129 -129 -129 -12CPU side received count (scaleup: 6): -102 -101 -104 -89 -110 -98 -99 -98 # -129 -129 -129 -129 -129 -129 -129 -129 -129 -129 -1CPU side received count (scaleup: 3): -95 -98 -94 -111 -106 -105 -86 -95 # -129 -129 -129 -129 -129 -129 -129 -129 -129 -129 -129 -129 -129 -129 -129 -129 
29 -129 -129 -129 -129 -129 
9 -129 -129 -129 -129 -129 
 -129 -129 -129 -129 -129 
29 -129 -129 -129 -129 -129 
-129 -129 -129 -129 -129 
9 -129 -129 -129 -129 -129 
Elastic buffer uses 4 channels per SM
Elastic buffer uses 4 channels per SM
Elastic buffer uses 4 channels per SM
Elastic buffer uses 4 channels per SM
Elastic buffer uses 4 channels per SM
Elastic buffer uses 4 channels per SM
Elastic buffer uses 4 channels per SM
Elastic buffer uses 4 channels per SM
CPU side received count (scaleup: 4): -89 -100 -91 -99 -91 -92 -105 -92 # -129 -129 -129 -129 -129 -129 -129 -129 -129 -129 -129CPU side received count (scaleup: 2): -95 -99 -108 -85 -104 -97 -108 -92 # -129 -129 -129 -129 -129 -129 -129 -129 -129 -129 -12CPU side received count (scaleup: 6): -102 -101 -104 -89 -110 -98 -99 -98 # -129 -129 -129 -129 -129 -129 -129 -129 -129 -129 -1CPU side received count (scaleup: 1): -91 -99 -100 -99 -98 -97 -96 -92 # -129 -129 -129 -129 -129 -129 -129 -129 -129 -129 -129 CPU side received count (scaleup: 0): -105 -99 -96 -95 -102 -103 -86 -90 # -129 -129 -129 -129 -129 -129 -129 -129 -129 -129 -129 -129 -129 -129 -129 -129 
CPU side received count (scaleup: 3): -95 -98 -94 -111 -106 -105 -86 -95 # -129 -129 -129 -129 -129 -129 -129 -129 -129 -129 -12-129 -129 -129 -129 -129 
9 -129 -129 -129 -129 -129 
CPU side received count (scaleup: 5): -107 -88 -101 -98 -102 -88 -94 -92 # -129 -129 -129 -129 -129 -129 -129 -129 -129 -129 -12CPU side received count (scaleup: 7): -111 -100 -104 -103 -99 -98 -87 -99 # -129 -129 -129 -129 -129 -129 -129 -129 -129 -129 -1 -129 -129 -129 -129 -129 
29 -129 -129 -129 -129 -129 
9 -129 -129 -129 -129 -129 
9 -129 -129 -129 -129 -129 
29 -129 -129 -129 -129 -129 
Elastic buffer uses 4 channels per SM
Elastic buffer uses 4 channels per SM
Elastic buffer uses 4 channels per SM
Elastic buffer uses 4 channels per SM
Elastic buffer uses 4 channels per SM
Elastic buffer uses 4 channels per SM
Elastic buffer uses 4 channels per SM
Elastic buffer uses 4 channels per SM
CPU side received count (scaleup: 1): -91 -99 -100 -99 -98 -97 -96 -92 # -129 -129 -129 -129 -129 -129 -129 -129 -129 -129 -129 CPU side received count (scaleup: 2): -95 -99 -108 -85 -104 -97 -108 -92 # -129 -129 -129 -129 -129 -129 -129 -129 -129 -129 -12CPU side received count (scaleup: 4): -89 -100 -91 -99 -91 -92 -105 -92 # -129 -129 -129 -129 -129 -129 -129 -129 -129 -129 -129-129 -129 -129 -129 -129 
CPU side received count (scaleup: 0): -105 -99 -96 -95 -102 -103 -86 -90 # -129 -129 -129 -129 -129 -129 -129 -129 -129 -129 -12CPU side received count (scaleup: 5): -107 -88 -101 -98 -102 -88 -94 -92 # -129 -129 -129 -129 -129 -129 -129 -129 -129 -129 -12CPU side received count (scaleup: 3): -95 -98 -94 -111 -106 -105 -86 -95 # -129 -129 -129 -129 -129 -129 -129 -129 -129 -129 -12CPU side received count (scaleup: 7): -111 -100 -104 -103 -99 -98 -87 -99 # -129 -129 -129 -129 -129 -129 -129 -129 -129 -129 -1CPU side received count (scaleup: 6): -102 -101 -104 -89 -110 -98 -99 -98 # -129 -129 -129 -129 -129 -129 -129 -129 -129 -129 -1 -129 -129 -129 -129 -129 
29 -129 -129 -129 -129 -129 
9 -129 -129 -129 -129 -129 
9 -129 -129 -129 -129 -129 
9 -129 -129 -129 -129 -129 
9 -129 -129 -129 -129 -129 
29 -129 -129 -129 -129 -129 
Elastic buffer uses 4 channels per SM
Elastic buffer uses 4 channels per SM
Elastic buffer uses 4 channels per SM
Elastic buffer uses 4 channels per SM
Elastic buffer uses 4 channels per SM
Elastic buffer uses 4 channels per SM
Elastic buffer uses 4 channels per SM
Elastic buffer uses 4 channels per SM
CPU side received count (scaleup: 4): -89 -100 -91 -99 -91 -92 -105 -92 # -129 -129 -129 -129 -129 -129 -129 -129 -129 -129 -129CPU side received count (scaleup: 6): -102 -101 -104 -89 -110 -98 -99 -98 # -129 -129 -129 -129 -129 -129 -129 -129 -129 -129 -1CPU side received count (scaleup: 0): -105 -99 -96 -95 -102 -103 -86 -90 # -129 -129 -129 -129 -129 -129 -129 -129 -129 -129 -12CPU side received count (scaleup: 7): -111 -100 -104 -103 -99 -98 -87 -99 # -129 -129 -129 -129 -129 -129 -129 -129 -129 -129 -1CPU side received count (scaleup: 5): -107 -88 -101 -98 -102 -88 -94 -92 # -129 -129 -129 -129 -129 -129 -129 -129 -129 -129 -12CPU side received count (scaleup: 3): -95 -98 -94 -111 -106 -105 -86 -95 # -129 -129 -129 -129 -129 -129 -129 -129 -129 -129 -12CPU side received count (scaleup: 1): -91 -99 -100 -99 -98 -97 -96 -92 # -129 -129 -129 -129 -129 -129 -129 -129 -129 -129 -129 CPU side received count (scaleup: 2): -95 -99 -108 -85 -104 -97 -108 -92 # -129 -129 -129 -129 -129 -129 -129 -129 -129 -129 -1229 -129 -129 -129 -129 -129 
9 -129 -129 -129 -129 -129 
 -129 -129 -129 -129 -129 
9 -129 -129 -129 -129 -129 
29 -129 -129 -129 -129 -129 
9 -129 -129 -129 -129 -129 
-129 -129 -129 -129 -129 
9 -129 -129 -129 -129 -129 
Elastic buffer uses 4 channels per SM
Elastic buffer uses 4 channels per SM
Elastic buffer uses 4 channels per SM
Elastic buffer uses 4 channels per SM
Elastic buffer uses 4 channels per SM
Elastic buffer uses 4 channels per SM
Elastic buffer uses 4 channels per SM
Elastic buffer uses 4 channels per SM
CPU side received count (scaleup: 4): -89 -100 -91 -99 -91 -92 -105 -92 # -129 -129 -129 -129 -129 -129 -129 -129 -129 -129 -129CPU side received count (scaleup: 6): -102 -101 -104 -89 -110 -98 -99 -98 # -129 -129 -129 -129 -129 -129 -129 -129 -129 -129 -1CPU side received count (scaleup: 7): -111 -100 -104 -103 -99 -98 -87 -99 # -129 -129 -129 -129 -129 -129 -129 -129 -129 -129 -1CPU side received count (scaleup: 2): -95 -99 -108 -85 -104 -97 -108 -92 # -129 -129 -129 -129 -129 -129 -129 -129 -129 -129 -12 -129 -129 -129 -129 -129 
CPU side received count (scaleup: 1): -91 -99 -100 -99 -98 -97 -96 -92 # -129 -129 -129 -129 -129 -129 -129 -129 -129 -129 -129 CPU side received count (scaleup: 5): -107 -88 -101 -98 -102 -88 -94 -92 # -129 -129 -129 -129 -129 -129 -129 -129 -129 -129 -12CPU side received count (scaleup: 0): -105 -99 -96 -95 -102 -103 -86 -90 # -129 -129 -129 -129 -129 -129 -129 -129 -129 -129 -12CPU side received count (scaleup: 3): -95 -98 -94 -111 -106 -105 -86 -95 # -129 -129 -129 -129 -129 -129 -129 -129 -129 -129 -1229 -129 -129 -129 -129 -129 
29 -129 -129 -129 -129 -129 
9 -129 -129 -129 -129 -129 
-129 -129 -129 -129 -129 
9 -129 -129 -129 -129 -129 
9 -129 -129 -129 -129 -129 
9 -129 -129 -129 -129 -129 
Elastic buffer uses 4 channels per SM
Elastic buffer uses 4 channels per SM
Elastic buffer uses 4 channels per SM
Elastic buffer uses 4 channels per SM
Elastic buffer uses 4 channels per SM
Elastic buffer uses 4 channels per SM
Elastic buffer uses 4 channels per SM
Elastic buffer uses 4 channels per SM
CPU side received count (scaleup: 0): -105 -99 -96 -95 -102 -103 -86 -90 # -129 -129 -129 -129 -129 -129 -129 -129 -129 -129 -12CPU side received count (scaleup: 5): -107 -88 -101 -98 -102 -88 -94 -92 # -129 -129 -129 -129 -129 -129 -129 -129 -129 -129 -12CPU side received count (scaleup: 6): -102 -101 -104 -89 -110 -98 -99 -98 # -129 -129 -129 -129 -129 -129 -129 -129 -129 -129 -1CPU side received count (scaleup: 1): -91 -99 -100 -99 -98 -97 -96 -92 # -129 -129 -129 -129 -129 -129 -129 -129 -129 -129 -129 CPU side received count (scaleup: 7): -111 -100 -104 -103 -99 -98 -87 -99 # -129 -129 -129 -129 -129 -129 -129 -129 -129 -129 -129 -129 -129 -129 -129 -129 
CPU side received count (scaleup: 3): -95 -98 -94 -111 -106 -105 -86 -95 # -129 -129 -129 -129 -129 -129 -129 -129 -129 -129 -12CPU side received count (scaleup: 4): -89 -100 -91 -99 -91 -92 -105 -92 # -129 -129 -129 -129 -129 -129 -129 -129 -129 -129 -129CPU side received count (scaleup: 2): -95 -99 -108 -85 -104 -97 -108 -92 # -129 -129 -129 -129 -129 -129 -129 -129 -129 -129 -129 -129 -129 -129 -129 -129 
9 -129 -129 -129 -129 -129 
9 -129 -129 -129 -129 -129 
-129 -129 -129 -129 -129 
29 -129 -129 -129 -129 -129 
9 -129 -129 -129 -129 -129 
 -129 -129 -129 -129 -129 
Elastic buffer uses 4 channels per SM
Elastic buffer uses 4 channels per SM
Elastic buffer uses 4 channels per SM
Elastic buffer uses 4 channels per SM
Elastic buffer uses 4 channels per SM
Elastic buffer uses 4 channels per SM
Elastic buffer uses 4 channels per SM
Elastic buffer uses 4 channels per SM
CPU side received count (scaleup: 1): -91 -99 -100 -99 -98 -97 -96 -92 # -129 -129 -129 -129 -129 -129 -129 -129 -129 -129 -129 CPU side received count (scaleup: 5): -107 -88 -101 -98 -102 -88 -94 -92 # -129 -129 -129 -129 -129 -129 -129 -129 -129 -129 -12CPU side received count (scaleup: 0): -105 -99 -96 -95 -102 -103 -86 -90 # -129 -129 -129 -129 -129 -129 -129 -129 -129 -129 -12CPU side received count (scaleup: 2): -95 -99 -108 -85 -104 -97 -108 -92 # -129 -129 -129 -129 -129 -129 -129 -129 -129 -129 -12CPU side received count (scaleup: 3): -95 -98 -94 -111 -106 -105 -86 -95 # -129 -129 -129 -129 -129 -129 -129 -129 -129 -129 -12CPU side received count (scaleup: 4): -89 -100 -91 -99 -91 -92 -105 -92 # -129 -129 -129 -129 -129 -129 -129 -129 -129 -129 -129CPU side received count (scaleup: 7): -111 -100 -104 -103 -99 -98 -87 -99 # -129 -129 -129 -129 -129 -129 -129 -129 -129 -129 -1CPU side received count (scaleup: 6): -102 -101 -104 -89 -110 -98 -99 -98 # -129 -129 -129 -129 -129 -129 -129 -129 -129 -129 -1-129 -129 -129 -129 -129 
9 -129 -129 -129 -129 -129 
9 -129 -129 -129 -129 -129 
9 -129 -129 -129 -129 -129 
9 -129 -129 -129 -129 -129 
 -129 -129 -129 -129 -129 
29 -129 -129 -129 -129 -129 
29 -129 -129 -129 -129 -129 
Elastic buffer uses 4 channels per SM
Elastic buffer uses 4 channels per SM
Elastic buffer uses 4 channels per SM
Elastic buffer uses 4 channels per SM
Elastic buffer uses 4 channels per SM
Elastic buffer uses 4 channels per SM
Elastic buffer uses 4 channels per SM
Elastic buffer uses 4 channels per SM
CPU side received count (scaleup: 4): -89 -100 -91 -99 -91 -92 -105 -92 # -129 -129 -129 -129 -129 -129 -129 -129 -129 -129 -129CPU side received count (scaleup: 7): -111 -100 -104 -103 -99 -98 -87 -99 # -129 -129 -129 -129 -129 -129 -129 -129 -129 -129 -1CPU side received count (scaleup: 6): -102 -101 -104 -89 -110 -98 -99 -98 # -129 -129 -129 -129 -129 -129 -129 -129 -129 -129 -1CPU side received count (scaleup: 0): -105 -99 -96 -95 -102 -103 -86 -90 # -129 -129 -129 -129 -129 -129 -129 -129 -129 -129 -12CPU side received count (scaleup: 5): -107 -88 -101 -98 -102 -88 -94 -92 # -129 -129 -129 -129 -129 -129 -129 -129 -129 -129 -12 -129 -129 -129 -129 -129 
29 -129 -129 -129 -129 -129 
29 -129 -129 -129 -129 -129 
9 -129 -129 -129 -129 -129 
9 -129 -129 -129 -129 -129 
CPU side received count (scaleup: 2): -95 -99 -108 -85 -104 -97 -108 -92 # -129 -129 -129 -129 -129 -129 -129 -129 -129 -129 -12CPU side received count (scaleup: 1): -91 -99 -100 -99 -98 -97 -96 -92 # -129 -129 -129 -129 -129 -129 -129 -129 -129 -129 -129 CPU side received count (scaleup: 3): -95 -98 -94 -111 -106 -105 -86 -95 # -129 -129 -129 -129 -129 -129 -129 -129 -129 -129 -129 -129 -129 -129 -129 -129 
-129 -129 -129 -129 -129 
9 -129 -129 -129 -129 -129 
Elastic buffer uses 4 channels per SM
Elastic buffer uses 4 channels per SM
Elastic buffer uses 4 channels per SM
Elastic buffer uses 4 channels per SM
Elastic buffer uses 4 channels per SM
Elastic buffer uses 4 channels per SM
Elastic buffer uses 4 channels per SM
Elastic buffer uses 4 channels per SM
CPU side received count (scaleup: 4): -89 -100 -91 -99 -91 -92 -105 -92 # -129 -129 -129 -129 -129 -129 -129 -129 -129 -129 -129CPU side received count (scaleup: 5): -107 -88 -101 -98 -102 -88 -94 -92 # -129 -129 -129 -129 -129 -129 -129 -129 -129 -129 -12CPU side received count (scaleup: 6): -102 -101 -104 -89 -110 -98 -99 -98 # -129 -129 -129 -129 -129 -129 -129 -129 -129 -129 -1CPU side received count (scaleup: 2): -95 -99 -108 -85 -104 -97 -108 -92 # -129 -129 -129 -129 -129 -129 -129 -129 -129 -129 -12CPU side received count (scaleup: 0): -105 -99 -96 -95 -102 -103 -86 -90 # -129 -129 -129 -129 -129 -129 -129 -129 -129 -129 -12CPU side received count (scaleup: 1): -91 -99 -100 -99 -98 -97 -96 -92 # -129 -129 -129 -129 -129 -129 -129 -129 -129 -129 -129 CPU side received count (scaleup: 7): -111 -100 -104 -103 -99 -98 -87 -99 # -129 -129 -129 -129 -129 -129 -129 -129 -129 -129 -1CPU side received count (scaleup: 3): -95 -98 -94 -111 -106 -105 -86 -95 # -129 -129 -129 -129 -129 -129 -129 -129 -129 -129 -12 -129 -129 -129 -129 -129 
9 -129 -129 -129 -129 -129 
9 -129 -129 -129 -129 -129 
29 -129 -129 -129 -129 -129 
9 -129 -129 -129 -129 -129 
-129 -129 -129 -129 -129 
29 -129 -129 -129 -129 -129 
9 -129 -129 -129 -129 -129 
Elastic buffer uses 4 channels per SM
Elastic buffer uses 4 channels per SM
Elastic buffer uses 4 channels per SM
Elastic buffer uses 4 channels per SM
Elastic buffer uses 4 channels per SM
Elastic buffer uses 4 channels per SM
Elastic buffer uses 4 channels per SM
Elastic buffer uses 4 channels per SM
CPU side received count (scaleup: 0): -105 -99 -96 -95 -102 -103 -86 -90 # -129 -129 -129 -129 -129 -129 -129 -129 -129 -129 -12CPU side received count (scaleup: 1): -91 -99 -100 -99 -98 -97 -96 -92 # -129 -129 -129 -129 -129 -129 -129 -129 -129 -129 -129 CPU side received count (scaleup: 3): -95 -98 -94 -111 -106 -105 -86 -95 # -129 -129 -129 -129 -129 -129 -129 -129 -129 -129 -12CPU side received count (scaleup: 6): -102 -101 -104 -89 -110 -98 -99 -98 # -129 -129 -129 -129 -129 -129 -129 -129 -129 -129 -1CPU side received count (scaleup: 5): -107 -88 -101 -98 -102 -88 -94 -92 # -129 -129 -129 -129 -129 -129 -129 -129 -129 -129 -12-129 -129 -129 -129 -129 
CPU side received count (scaleup: 2): -95 -99 -108 -85 -104 -97 -108 -92 # -129 -129 -129 -129 -129 -129 -129 -129 -129 -129 -129 -129 -129 -129 -129 -129 
29 -129 -129 -129 -129 -129 
CPU side received count (scaleup: 4): -89 -100 -91 -99 -91 -92 -105 -92 # -129 -129 -129 -129 -129 -129 -129 -129 -129 -129 -1299 -129 -129 -129 -129 -129 
CPU side received count (scaleup: 7): -111 -100 -104 -103 -99 -98 -87 -99 # -129 -129 -129 -129 -129 -129 -129 -129 -129 -129 -19 -129 -129 -129 -129 -129 
9 -129 -129 -129 -129 -129 
29 -129 -129 -129 -129 -129 
 -129 -129 -129 -129 -129 
Elastic buffer uses 4 channels per SM
Elastic buffer uses 4 channels per SM
Elastic buffer uses 4 channels per SM
Elastic buffer uses 4 channels per SM
Elastic buffer uses 4 channels per SM
Elastic buffer uses 4 channels per SM
Elastic buffer uses 4 channels per SM
Elastic buffer uses 4 channels per SM
CPU side received count (scaleup: 1): -91 -99 -100 -99 -98 -97 -96 -92 # -129 -129 -129 -129 -129 -129 -129 -129 -129 -129 -129 CPU side received count (scaleup: 0): -105 -99 -96 -95 -102 -103 -86 -90 # -129 -129 -129 -129 -129 -129 -129 -129 -129 -129 -12CPU side received count (scaleup: 6): -102 -101 -104 -89 -110 -98 -99 -98 # -129 -129 -129 -129 -129 -129 -129 -129 -129 -129 -1-129 -129 -129 -129 -129 
9 -129 -129 -129 -129 -129 
CPU side received count (scaleup: 2): -95 -99 -108 -85 -104 -97 -108 -92 # -129 -129 -129 -129 -129 -129 -129 -129 -129 -129 -12CPU side received count (scaleup: 5): -107 -88 -101 -98 -102 -88 -94 -92 # -129 -129 -129 -129 -129 -129 -129 -129 -129 -129 -12CPU side received count (scaleup: 3): -95 -98 -94 -111 -106 -105 -86 -95 # -129 -129 -129 -129 -129 -129 -129 -129 -129 -129 -12CPU side received count (scaleup: 7): -111 -100 -104 -103 -99 -98 -87 -99 # -129 -129 -129 -129 -129 -129 -129 -129 -129 -129 -1CPU side received count (scaleup: 4): -89 -100 -91 -99 -91 -92 -105 -92 # -129 -129 -129 -129 -129 -129 -129 -129 -129 -129 -12929 -129 -129 -129 -129 -129 
29 -129 -129 -129 -129 -129 
9 -129 -129 -129 -129 -129 
9 -129 -129 -129 -129 -129 
9 -129 -129 -129 -129 -129 
 -129 -129 -129 -129 -129 
Elastic buffer uses 4 channels per SM
Elastic buffer uses 4 channels per SM
Elastic buffer uses 4 channels per SM
Elastic buffer uses 4 channels per SM
Elastic buffer uses 4 channels per SM
Elastic buffer uses 4 channels per SM
Elastic buffer uses 4 channels per SM
Elastic buffer uses 4 channels per SM
CPU side received count (scaleup: 1): -91 -99 -100 -99 -98 -97 -96 -92 # -129 -129 -129 -129 -129 -129 -129 -129 -129 -129 -129 CPU side received count (scaleup: 0): -105 -99 -96 -95 -102 -103 -86 -90 # -129 -129 -129 -129 -129 -129 -129 -129 -129 -129 -12CPU side received count (scaleup: 5): -107 -88 -101 -98 -102 -88 -94 -92 # -129 -129 -129 -129 -129 -129 -129 -129 -129 -129 -12-129 -129 -129 -129 -129 
CPU side received count (scaleup: 3): -95 -98 -94 -111 -106 -105 -86 -95 # -129 -129 -129 -129 -129 -129 -129 -129 -129 -129 -129 -129 -129 -129 -129 -129 
CPU side received count (scaleup: 6): -102 -101 -104 -89 -110 -98 -99 -98 # -129 -129 -129 -129 -129 -129 -129 -129 -129 -129 -19 -129 -129 -129 -129 -129 
CPU side received count (scaleup: 2): -95 -99 -108 -85 -104 -97 -108 -92 # -129 -129 -129 -129 -129 -129 -129 -129 -129 -129 -12CPU side received count (scaleup: 4): -89 -100 -91 -99 -91 -92 -105 -92 # -129 -129 -129 -129 -129 -129 -129 -129 -129 -129 -129CPU side received count (scaleup: 7): -111 -100 -104 -103 -99 -98 -87 -99 # -129 -129 -129 -129 -129 -129 -129 -129 -129 -129 -19 -129 -129 -129 -129 -129 
9 -129 -129 -129 -129 -129 
 -129 -129 -129 -129 -129 
29 -129 -129 -129 -129 -129 
29 -129 -129 -129 -129 -129 
Elastic buffer uses 4 channels per SM
Elastic buffer uses 4 channels per SM
Elastic buffer uses 4 channels per SM
Elastic buffer uses 4 channels per SM
Elastic buffer uses 4 channels per SM
Elastic buffer uses 4 channels per SM
Elastic buffer uses 4 channels per SM
Elastic buffer uses 4 channels per SM
CPU side received count (scaleup: 4): -89 -100 -91 -99 -91 -92 -105 -92 # -129 -129 -129 -129 -129 -129 -129 -129 -129 -129 -129CPU side received count (scaleup: 6): -102 -101 -104 -89 -110 -98 -99 -98 # -129 -129 -129 -129 -129 -129 -129 -129 -129 -129 -1CPU side received count (scaleup: 5): -107 -88 -101 -98 -102 -88 -94 -92 # -129 -129 -129 -129 -129 -129 -129 -129 -129 -129 -12CPU side received count (scaleup: 2): -95 -99 -108 -85 -104 -97 -108 -92 # -129 -129 -129 -129 -129 -129 -129 -129 -129 -129 -1229 -129 -129 -129 -129 -129 
CPU side received count (scaleup: 0): -105 -99 -96 -95 -102 -103 -86 -90 # -129 -129 -129 -129 -129 -129 -129 -129 -129 -129 -12CPU side received count (scaleup: 3): -95 -98 -94 -111 -106 -105 -86 -95 # -129 -129 -129 -129 -129 -129 -129 -129 -129 -129 -12CPU side received count (scaleup: 1): -91 -99 -100 -99 -98 -97 -96 -92 # -129 -129 -129 -129 -129 -129 -129 -129 -129 -129 -129 9 -129 -129 -129 -129 -129 
CPU side received count (scaleup: 7): -111 -100 -104 -103 -99 -98 -87 -99 # -129 -129 -129 -129 -129 -129 -129 -129 -129 -129 -1 -129 -129 -129 -129 -129 
9 -129 -129 -129 -129 -129 
9 -129 -129 -129 -129 -129 
9 -129 -129 -129 -129 -129 
-129 -129 -129 -129 -129 
29 -129 -129 -129 -129 -129 
Elastic buffer uses 4 channels per SM
Elastic buffer uses 4 channels per SM
Elastic buffer uses 4 channels per SM
Elastic buffer uses 4 channels per SM
Elastic buffer uses 4 channels per SM
Elastic buffer uses 4 channels per SM
Elastic buffer uses 4 channels per SM
Elastic buffer uses 4 channels per SM
CPU side received count (scaleup: 4): -89 -100 -91 -99 -91 -92 -105 -92 # -129 -129 -129 -129 -129 -129 -129 -129 -129 -129 -129CPU side received count (scaleup: 6): -102 -101 -104 -89 -110 -98 -99 -98 # -129 -129 -129 -129 -129 -129 -129 -129 -129 -129 -1CPU side received count (scaleup: 1): -91 -99 -100 -99 -98 -97 -96 -92 # -129 -129 -129 -129 -129 -129 -129 -129 -129 -129 -129 CPU side received count (scaleup: 5): -107 -88 -101 -98 -102 -88 -94 -92 # -129 -129 -129 -129 -129 -129 -129 -129 -129 -129 -12CPU side received count (scaleup: 0): -105 -99 -96 -95 -102 -103 -86 -90 # -129 -129 -129 -129 -129 -129 -129 -129 -129 -129 -12-129 -129 -129 -129 -129 
CPU side received count (scaleup: 2): -95 -99 -108 -85 -104 -97 -108 -92 # -129 -129 -129 -129 -129 -129 -129 -129 -129 -129 -12CPU side received count (scaleup: 3): -95 -98 -94 -111 -106 -105 -86 -95 # -129 -129 -129 -129 -129 -129 -129 -129 -129 -129 -12CPU side received count (scaleup: 7): -111 -100 -104 -103 -99 -98 -87 -99 # -129 -129 -129 -129 -129 -129 -129 -129 -129 -129 -19 -129 -129 -129 -129 -129 
9 -129 -129 -129 -129 -129 
29 -129 -129 -129 -129 -129 
 -129 -129 -129 -129 -129 
29 -129 -129 -129 -129 -129 
9 -129 -129 -129 -129 -129 
9 -129 -129 -129 -129 -129 
Elastic buffer uses 4 channels per SM
Elastic buffer uses 4 channels per SM
Elastic buffer uses 4 channels per SM
Elastic buffer uses 4 channels per SM
Elastic buffer uses 4 channels per SM
Elastic buffer uses 4 channels per SM
Elastic buffer uses 4 channels per SM
Elastic buffer uses 4 channels per SM
CPU side received count (scaleup: 7): -111 -100 -104 -103 -99 -98 -87 -99 # -129 -129 -129 -129 -129 -129 -129 -129 -129 -129 -1CPU side received count (scaleup: 4): -89 -100 -91 -99 -91 -92 -105 -92 # -129 -129 -129 -129 -129 -129 -129 -129 -129 -129 -129CPU side received count (scaleup: 1): -91 -99 -100 -99 -98 -97 -96 -92 # -129 -129 -129 -129 -129 -129 -129 -129 -129 -129 -129 CPU side received count (scaleup: 5): -107 -88 -101 -98 -102 -88 -94 -92 # -129 -129 -129 -129 -129 -129 -129 -129 -129 -129 -1229 -129 -129 -129 -129 -129 
 -129 -129 -129 -129 -129 
CPU side received count (scaleup: 0): -105 -99 -96 -95 -102 -103 -86 -90 # -129 -129 -129 -129 -129 -129 -129 -129 -129 -129 -12CPU side received count (scaleup: 6): -102 -101 -104 -89 -110 -98 -99 -98 # -129 -129 -129 -129 -129 -129 -129 -129 -129 -129 -19 -129 -129 -129 -129 -129 
CPU side received count (scaleup: 3): -95 -98 -94 -111 -106 -105 -86 -95 # -129 -129 -129 -129 -129 -129 -129 -129 -129 -129 -12CPU side received count (scaleup: 2): -95 -99 -108 -85 -104 -97 -108 -92 # -129 -129 -129 -129 -129 -129 -129 -129 -129 -129 -12-129 -129 -129 -129 -129 
9 -129 -129 -129 -129 -129 
29 -129 -129 -129 -129 -129 
9 -129 -129 -129 -129 -129 
9 -129 -129 -129 -129 -129 
Elastic buffer uses 4 channels per SM
Elastic buffer uses 4 channels per SM
Elastic buffer uses 4 channels per SM
Elastic buffer uses 4 channels per SM
Elastic buffer uses 4 channels per SM
Elastic buffer uses 4 channels per SM
Elastic buffer uses 4 channels per SM
Elastic buffer uses 4 channels per SM
CPU side received count (scaleup: 6): -102 -101 -104 -89 -110 -98 -99 -98 # -129 -129 -129 -129 -129 -129 -129 -129 -129 -129 -1CPU side received count (scaleup: 1): -91 -99 -100 -99 -98 -97 -96 -92 # -129 -129 -129 -129 -129 -129 -129 -129 -129 -129 -129 CPU side received count (scaleup: 3): -95 -98 -94 -111 -106 -105 -86 -95 # -129 -129 -129 -129 -129 -129 -129 -129 -129 -129 -12CPU side received count (scaleup: 7): -111 -100 -104 -103 -99 -98 -87 -99 # -129 -129 -129 -129 -129 -129 -129 -129 -129 -129 -1CPU side received count (scaleup: 4): -89 -100 -91 -99 -91 -92 -105 -92 # -129 -129 -129 -129 -129 -129 -129 -129 -129 -129 -129CPU side received count (scaleup: 0): -105 -99 -96 -95 -102 -103 -86 -90 # -129 -129 -129 -129 -129 -129 -129 -129 -129 -129 -1229 -129 -129 -129 -129 -129 
 -129 -129 -129 -129 -129 
9 -129 -129 -129 -129 -129 
CPU side received count (scaleup: 5): -107 -88 -101 -98 -102 -88 -94 -92 # -129 -129 -129 -129 -129 -129 -129 -129 -129 -129 -12CPU side received count (scaleup: 2): -95 -99 -108 -85 -104 -97 -108 -92 # -129 -129 -129 -129 -129 -129 -129 -129 -129 -129 -1229 -129 -129 -129 -129 -129 
-129 -129 -129 -129 -129 
9 -129 -129 -129 -129 -129 
9 -129 -129 -129 -129 -129 
9 -129 -129 -129 -129 -129 
Elastic buffer uses 4 channels per SM
Elastic buffer uses 4 channels per SM
Elastic buffer uses 4 channels per SM
Elastic buffer uses 4 channels per SM
Elastic buffer uses 4 channels per SM
Elastic buffer uses 4 channels per SM
Elastic buffer uses 4 channels per SM
Elastic buffer uses 4 channels per SM
CPU side received count (scaleup: 4): -89 -100 -91 -99 -91 -92 -105 -92 # -129 -129 -129 -129 -129 -129 -129 -129 -129 -129 -129CPU side received count (scaleup: 3): -95 -98 -94 -111 -106 -105 -86 -95 # -129 -129 -129 -129 -129 -129 -129 -129 -129 -129 -12CPU side received count (scaleup: 2): -95 -99 -108 -85 -104 -97 -108 -92 # -129 -129 -129 -129 -129 -129 -129 -129 -129 -129 -12CPU side received count (scaleup: 5): -107 -88 -101 -98 -102 -88 -94 -92 # -129 -129 -129 -129 -129 -129 -129 -129 -129 -129 -12CPU side received count (scaleup: 1): -91 -99 -100 -99 -98 -97 -96 -92 # -129 -129 -129 -129 -129 -129 -129 -129 -129 -129 -129 9 -129 -129 -129 -129 -129 
CPU side received count (scaleup: 0): -105 -99 -96 -95 -102 -103 -86 -90 # -129 -129 -129 -129 -129 -129 -129 -129 -129 -129 -12CPU side received count (scaleup: 6): -102 -101 -104 -89 -110 -98 -99 -98 # -129 -129 -129 -129 -129 -129 -129 -129 -129 -129 -1CPU side received count (scaleup: 7): -111 -100 -104 -103 -99 -98 -87 -99 # -129 -129 -129 -129 -129 -129 -129 -129 -129 -129 -1 -129 -129 -129 -129 -129 
29 -129 -129 -129 -129 -129 
9 -129 -129 -129 -129 -129 
9 -129 -129 -129 -129 -129 
-129 -129 -129 -129 -129 
9 -129 -129 -129 -129 -129 
29 -129 -129 -129 -129 -129 
Elastic buffer uses 4 channels per SM
Elastic buffer uses 4 channels per SM
Elastic buffer uses 4 channels per SM
Elastic buffer uses 4 channels per SM
Elastic buffer uses 4 channels per SM
Elastic buffer uses 4 channels per SM
Elastic buffer uses 4 channels per SM
Elastic buffer uses 4 channels per SM
CPU side received count (scaleup: 1): -91 -99 -100 -99 -98 -97 -96 -92 # -129 -129 -129 -129 -129 -129 -129 -129 -129 -129 -129 CPU side received count (scaleup: 3): -95 -98 -94 -111 -106 -105 -86 -95 # -129 -129 -129 -129 -129 -129 -129 -129 -129 -129 -12CPU side received count (scaleup: 4): -89 -100 -91 -99 -91 -92 -105 -92 # -129 -129 -129 -129 -129 -129 -129 -129 -129 -129 -129CPU side received count (scaleup: 5): -107 -88 -101 -98 -102 -88 -94 -92 # -129 -129 -129 -129 -129 -129 -129 -129 -129 -129 -12CPU side received count (scaleup: 0): -105 -99 -96 -95 -102 -103 -86 -90 # -129 -129 -129 -129 -129 -129 -129 -129 -129 -129 -12-129 -129 -129 -129 -129 
9 -129 -129 -129 -129 -129 
 -129 -129 -129 -129 -129 
9 -129 -129 -129 -129 -129 
CPU side received count (scaleup: 6): -102 -101 -104 -89 -110 -98 -99 -98 # -129 -129 -129 -129 -129 -129 -129 -129 -129 -129 -1CPU side received count (scaleup: 2): -95 -99 -108 -85 -104 -97 -108 -92 # -129 -129 -129 -129 -129 -129 -129 -129 -129 -129 -12CPU side received count (scaleup: 7): -111 -100 -104 -103 -99 -98 -87 -99 # -129 -129 -129 -129 -129 -129 -129 -129 -129 -129 -19 -129 -129 -129 -129 -129 
29 -129 -129 -129 -129 -129 
29 -129 -129 -129 -129 -129 
9 -129 -129 -129 -129 -129 
Elastic buffer uses 4 channels per SM
Elastic buffer uses 4 channels per SM
Elastic buffer uses 4 channels per SM
Elastic buffer uses 4 channels per SM
Elastic buffer uses 4 channels per SM
Elastic buffer uses 4 channels per SM
Elastic buffer uses 4 channels per SM
Elastic buffer uses 4 channels per SM
CPU side received count (scaleup: 6): -102 -101 -104 -89 -110 -98 -99 -98 # -129 -129 -129 -129 -129 -129 -129 -129 -129 -129 -1CPU side received count (scaleup: 7): -111 -100 -104 -103 -99 -98 -87 -99 # -129 -129 -129 -129 -129 -129 -129 -129 -129 -129 -1CPU side received count (scaleup: 3): -95 -98 -94 -111 -106 -105 -86 -95 # -129 -129 -129 -129 -129 -129 -129 -129 -129 -129 -12CPU side received count (scaleup: 1): -91 -99 -100 -99 -98 -97 -96 -92 # -129 -129 -129 -129 -129 -129 -129 -129 -129 -129 -129 CPU side received count (scaleup: 0): -105 -99 -96 -95 -102 -103 -86 -90 # -129 -129 -129 -129 -129 -129 -129 -129 -129 -129 -12CPU side received count (scaleup: 4): -89 -100 -91 -99 -91 -92 -105 -92 # -129 -129 -129 -129 -129 -129 -129 -129 -129 -129 -1299 -129 -129 -129 -129 -129 
-129 -129 -129 -129 -129 
9 -129 -129 -129 -129 -129 
CPU side received count (scaleup: 2): -95 -99 -108 -85 -104 -97 -108 -92 # -129 -129 -129 -129 -129 -129 -129 -129 -129 -129 -12CPU side received count (scaleup: 5): -107 -88 -101 -98 -102 -88 -94 -92 # -129 -129 -129 -129 -129 -129 -129 -129 -129 -129 -1229 -129 -129 -129 -129 -129 
29 -129 -129 -129 -129 -129 
 -129 -129 -129 -129 -129 
9 -129 -129 -129 -129 -129 
9 -129 -129 -129 -129 -129 
Elastic buffer uses 4 channels per SM
Elastic buffer uses 4 channels per SM
Elastic buffer uses 4 channels per SM
Elastic buffer uses 4 channels per SM
Elastic buffer uses 4 channels per SM
Elastic buffer uses 4 channels per SM
Elastic buffer uses 4 channels per SM
Elastic buffer uses 4 channels per SM
CPU side received count (scaleup: 0): -105 -99 -96 -95 -102 -103 -86 -90 # -129 -129 -129 -129 -129 -129 -129 -129 -129 -129 -12CPU side received count (scaleup: 4): -89 -100 -91 -99 -91 -92 -105 -92 # -129 -129 -129 -129 -129 -129 -129 -129 -129 -129 -129CPU side received count (scaleup: 3): -95 -98 -94 -111 -106 -105 -86 -95 # -129 -129 -129 -129 -129 -129 -129 -129 -129 -129 -12CPU side received count (scaleup: 5): -107 -88 -101 -98 -102 -88 -94 -92 # -129 -129 -129 -129 -129 -129 -129 -129 -129 -129 -129 -129 -129 -129 -129 -129 
CPU side received count (scaleup: 2): -95 -99 -108 -85 -104 -97 -108 -92 # -129 -129 -129 -129 -129 -129 -129 -129 -129 -129 -12CPU side received count (scaleup: 1): -91 -99 -100 -99 -98 -97 -96 -92 # -129 -129 -129 -129 -129 -129 -129 -129 -129 -129 -129 CPU side received count (scaleup: 7): -111 -100 -104 -103 -99 -98 -87 -99 # -129 -129 -129 -129 -129 -129 -129 -129 -129 -129 -1CPU side received count (scaleup: 6): -102 -101 -104 -89 -110 -98 -99 -98 # -129 -129 -129 -129 -129 -129 -129 -129 -129 -129 -1 -129 -129 -129 -129 -129 
29 -129 -129 -129 -129 -129 
9 -129 -129 -129 -129 -129 
9 -129 -129 -129 -129 -129 
9 -129 -129 -129 -129 -129 
-129 -129 -129 -129 -129 
29 -129 -129 -129 -129 -129 
Elastic buffer uses 4 channels per SM
Elastic buffer uses 4 channels per SM
Elastic buffer uses 4 channels per SM
Elastic buffer uses 4 channels per SM
Elastic buffer uses 4 channels per SM
Elastic buffer uses 4 channels per SM
Elastic buffer uses 4 channels per SM
Elastic buffer uses 4 channels per SM
CPU side received count (scaleup: 3): -95 -98 -94 -111 -106 -105 -86 -95 # -129 -129 -129 -129 -129 -129 -129 -129 -129 -129 -12CPU side received count (scaleup: 2): -95 -99 -108 -85 -104 -97 -108 -92 # -129 -129 -129 -129 -129 -129 -129 -129 -129 -129 -12CPU side received count (scaleup: 4): -89 -100 -91 -99 -91 -92 -105 -92 # -129 -129 -129 -129 -129 -129 -129 -129 -129 -129 -129CPU side received count (scaleup: 1): -91 -99 -100 -99 -98 -97 -96 -92 # -129 -129 -129 -129 -129 -129 -129 -129 -129 -129 -129 CPU side received count (scaleup: 7): -111 -100 -104 -103 -99 -98 -87 -99 # -129 -129 -129 -129 -129 -129 -129 -129 -129 -129 -1CPU side received count (scaleup: 6): -102 -101 -104 -89 -110 -98 -99 -98 # -129 -129 -129 -129 -129 -129 -129 -129 -129 -129 -1 -129 -129 -129 -129 -129 
CPU side received count (scaleup: 5): -107 -88 -101 -98 -102 -88 -94 -92 # -129 -129 -129 -129 -129 -129 -129 -129 -129 -129 -12CPU side received count (scaleup: 0): -105 -99 -96 -95 -102 -103 -86 -90 # -129 -129 -129 -129 -129 -129 -129 -129 -129 -129 -129 -129 -129 -129 -129 -129 
9 -129 -129 -129 -129 -129 
-129 -129 -129 -129 -129 
9 -129 -129 -129 -129 -129 
29 -129 -129 -129 -129 -129 
29 -129 -129 -129 -129 -129 
9 -129 -129 -129 -129 -129 
Elastic buffer uses 4 channels per SM
Elastic buffer uses 4 channels per SM
Elastic buffer uses 4 channels per SM
Elastic buffer uses 4 channels per SM
Elastic buffer uses 4 channels per SM
Elastic buffer uses 4 channels per SM
Elastic buffer uses 4 channels per SM
Elastic buffer uses 4 channels per SM
CPU side received count (scaleup: 1): -91 -99 -100 -99 -98 -97 -96 -92 # -129 -129 -129 -129 -129 -129 -129 -129 -129 -129 -129 CPU side received count (scaleup: 0): -105 -99 -96 -95 -102 -103 -86 -90 # -129 -129 -129 -129 -129 -129 -129 -129 -129 -129 -12CPU side received count (scaleup: 5): -107 -88 -101 -98 -102 -88 -94 -92 # -129 -129 -129 -129 -129 -129 -129 -129 -129 -129 -12CPU side received count (scaleup: 7): -111 -100 -104 -103 -99 -98 -87 -99 # -129 -129 -129 -129 -129 -129 -129 -129 -129 -129 -1CPU side received count (scaleup: 2): -95 -99 -108 -85 -104 -97 -108 -92 # -129 -129 -129 -129 -129 -129 -129 -129 -129 -129 -1229 -129 -129 -129 -129 -129 
CPU side received count (scaleup: 6): -102 -101 -104 -89 -110 -98 -99 -98 # -129 -129 -129 -129 -129 -129 -129 -129 -129 -129 -1CPU side received count (scaleup: 4): -89 -100 -91 -99 -91 -92 -105 -92 # -129 -129 -129 -129 -129 -129 -129 -129 -129 -129 -12929 -129 -129 -129 -129 -129 
 -129 -129 -129 -129 -129 
CPU side received count (scaleup: 3): -95 -98 -94 -111 -106 -105 -86 -95 # -129 -129 -129 -129 -129 -129 -129 -129 -129 -129 -12-129 -129 -129 -129 -129 
9 -129 -129 -129 -129 -129 
9 -129 -129 -129 -129 -129 
9 -129 -129 -129 -129 -129 
9 -129 -129 -129 -129 -129 
Elastic buffer uses 4 channels per SM
Elastic buffer uses 4 channels per SM
Elastic buffer uses 4 channels per SM
Elastic buffer uses 4 channels per SM
Elastic buffer uses 4 channels per SM
Elastic buffer uses 4 channels per SM
Elastic buffer uses 4 channels per SM
Elastic buffer uses 4 channels per SM
CPU side received count (scaleup: 4): -89 -100 -91 -99 -91 -92 -105 -92 # -129 -129 -129 -129 -129 -129 -129 -129 -129 -129 -129CPU side received count (scaleup: 3): -95 -98 -94 -111 -106 -105 -86 -95 # -129 -129 -129 -129 -129 -129 -129 -129 -129 -129 -12CPU side received count (scaleup: 2): -95 -99 -108 -85 -104 -97 -108 -92 # -129 -129 -129 -129 -129 -129 -129 -129 -129 -129 -12CPU side received count (scaleup: 1): -91 -99 -100 -99 -98 -97 -96 -92 # -129 -129 -129 -129 -129 -129 -129 -129 -129 -129 -129 CPU side received count (scaleup: 7): -111 -100 -104 -103 -99 -98 -87 -99 # -129 -129 -129 -129 -129 -129 -129 -129 -129 -129 -1CPU side received count (scaleup: 5): -107 -88 -101 -98 -102 -88 -94 -92 # -129 -129 -129 -129 -129 -129 -129 -129 -129 -129 -129 -129 -129 -129 -129 -129 
CPU side received count (scaleup: 6): -102 -101 -104 -89 -110 -98 -99 -98 # -129 -129 -129 -129 -129 -129 -129 -129 -129 -129 -1CPU side received count (scaleup: 0): -105 -99 -96 -95 -102 -103 -86 -90 # -129 -129 -129 -129 -129 -129 -129 -129 -129 -129 -12 -129 -129 -129 -129 -129 
9 -129 -129 -129 -129 -129 
9 -129 -129 -129 -129 -129 
-129 -129 -129 -129 -129 
29 -129 -129 -129 -129 -129 
9 -129 -129 -129 -129 -129 
29 -129 -129 -129 -129 -129 
Elastic buffer uses 4 channels per SM
Elastic buffer uses 4 channels per SM
Elastic buffer uses 4 channels per SM
Elastic buffer uses 4 channels per SM
Elastic buffer uses 4 channels per SM
Elastic buffer uses 4 channels per SM
Elastic buffer uses 4 channels per SM
Elastic buffer uses 4 channels per SM
CPU side received count (scaleup: 4): -89 -100 -91 -99 -91 -92 -105 -92 # -129 -129 -129 -129 -129 -129 -129 -129 -129 -129 -129CPU side received count (scaleup: 7): -111 -100 -104 -103 -99 -98 -87 -99 # -129 -129 -129 -129 -129 -129 -129 -129 -129 -129 -1CPU side received count (scaleup: 3): -95 -98 -94 -111 -106 -105 -86 -95 # -129 -129 -129 -129 -129 -129 -129 -129 -129 -129 -12CPU side received count (scaleup: 2): -95 -99 -108 -85 -104 -97 -108 -92 # -129 -129 -129 -129 -129 -129 -129 -129 -129 -129 -12CPU side received count (scaleup: 6): -102 -101 -104 -89 -110 -98 -99 -98 # -129 -129 -129 -129 -129 -129 -129 -129 -129 -129 -1CPU side received count (scaleup: 1): -91 -99 -100 -99 -98 -97 -96 -92 # -129 -129 -129 -129 -129 -129 -129 -129 -129 -129 -129 CPU side received count (scaleup: 5): -107 -88 -101 -98 -102 -88 -94 -92 # -129 -129 -129 -129 -129 -129 -129 -129 -129 -129 -12CPU side received count (scaleup: 0): -105 -99 -96 -95 -102 -103 -86 -90 # -129 -129 -129 -129 -129 -129 -129 -129 -129 -129 -12 -129 -129 -129 -129 -129 
9 -129 -129 -129 -129 -129 
29 -129 -129 -129 -129 -129 
9 -129 -129 -129 -129 -129 
-129 -129 -129 -129 -129 
29 -129 -129 -129 -129 -129 
9 -129 -129 -129 -129 -129 
9 -129 -129 -129 -129 -129 
Elastic buffer uses 4 channels per SM
Elastic buffer uses 4 channels per SM
Elastic buffer uses 4 channels per SM
Elastic buffer uses 4 channels per SM
Elastic buffer uses 4 channels per SM
Elastic buffer uses 4 channels per SM
Elastic buffer uses 4 channels per SM
Elastic buffer uses 4 channels per SM
CPU side received count (scaleup: 0): -105 -99 -96 -95 -102 -103 -86 -90 # -129 -129 -129 -129 -129 -129 -129 -129 -129 -129 -12CPU side received count (scaleup: 2): -95 -99 -108 -85 -104 -97 -108 -92 # -129 -129 -129 -129 -129 -129 -129 -129 -129 -129 -12CPU side received count (scaleup: 7): -111 -100 -104 -103 -99 -98 -87 -99 # -129 -129 -129 -129 -129 -129 -129 -129 -129 -129 -1CPU side received count (scaleup: 1): -91 -99 -100 -99 -98 -97 -96 -92 # -129 -129 -129 -129 -129 -129 -129 -129 -129 -129 -129 CPU side received count (scaleup: 4): -89 -100 -91 -99 -91 -92 -105 -92 # -129 -129 -129 -129 -129 -129 -129 -129 -129 -129 -12929 -129 -129 -129 -129 -129 
-129 -129 -129 -129 -129 
CPU side received count (scaleup: 5): -107 -88 -101 -98 -102 -88 -94 -92 # -129 -129 -129 -129 -129 -129 -129 -129 -129 -129 -12CPU side received count (scaleup: 6): -102 -101 -104 -89 -110 -98 -99 -98 # -129 -129 -129 -129 -129 -129 -129 -129 -129 -129 -1CPU side received count (scaleup: 3): -95 -98 -94 -111 -106 -105 -86 -95 # -129 -129 -129 -129 -129 -129 -129 -129 -129 -129 -129 -129 -129 -129 -129 -129 
9 -129 -129 -129 -129 -129 
 -129 -129 -129 -129 -129 
9 -129 -129 -129 -129 -129 
29 -129 -129 -129 -129 -129 
9 -129 -129 -129 -129 -129 
Elastic buffer uses 4 channels per SM
Elastic buffer uses 4 channels per SM
Elastic buffer uses 4 channels per SM
Elastic buffer uses 4 channels per SM
Elastic buffer uses 4 channels per SM
Elastic buffer uses 4 channels per SM
Elastic buffer uses 4 channels per SM
Elastic buffer uses 4 channels per SM
CPU side received count (scaleup: 1): -91 -99 -100 -99 -98 -97 -96 -92 # -129 -129 -129 -129 -129 -129 -129 -129 -129 -129 -129 CPU side received count (scaleup: 0): -105 -99 -96 -95 -102 -103 -86 -90 # -129 -129 -129 -129 -129 -129 -129 -129 -129 -129 -12CPU side received count (scaleup: 6): -102 -101 -104 -89 -110 -98 -99 -98 # -129 -129 -129 -129 -129 -129 -129 -129 -129 -129 -1-129 -129 -129 -129 -129 
9 -129 -129 -129 -129 -129 
CPU side received count (scaleup: 4): -89 -100 -91 -99 -91 -92 -105 -92 # -129 -129 -129 -129 -129 -129 -129 -129 -129 -129 -129CPU side received count (scaleup: 5): -107 -88 -101 -98 -102 -88 -94 -92 # -129 -129 -129 -129 -129 -129 -129 -129 -129 -129 -12 -129 -129 -129 -129 -129 
9 -129 -129 -129 -129 -129 
CPU side received count (scaleup: 3): -95 -98 -94 -111 -106 -105 -86 -95 # -129 -129 -129 -129 -129 -129 -129 -129 -129 -129 -12CPU side received count (scaleup: 2): -95 -99 -108 -85 -104 -97 -108 -92 # -129 -129 -129 -129 -129 -129 -129 -129 -129 -129 -12CPU side received count (scaleup: 7): -111 -100 -104 -103 -99 -98 -87 -99 # -129 -129 -129 -129 -129 -129 -129 -129 -129 -129 -129 -129 -129 -129 -129 -129 
9 -129 -129 -129 -129 -129 
9 -129 -129 -129 -129 -129 
29 -129 -129 -129 -129 -129 
Elastic buffer uses 4 channels per SM
Elastic buffer uses 4 channels per SM
Elastic buffer uses 4 channels per SM
Elastic buffer uses 4 channels per SM
Elastic buffer uses 4 channels per SM
Elastic buffer uses 4 channels per SM
Elastic buffer uses 4 channels per SM
Elastic buffer uses 4 channels per SM
CPU side received count (scaleup: 6): -102 -101 -104 -89 -110 -98 -99 -98 # -129 -129 -129 -129 -129 -129 -129 -129 -129 -129 -1CPU side received count (scaleup: 1): -91 -99 -100 -99 -98 -97 -96 -92 # -129 -129 -129 -129 -129 -129 -129 -129 -129 -129 -129 CPU side received count (scaleup: 0): -105 -99 -96 -95 -102 -103 -86 -90 # -129 -129 -129 -129 -129 -129 -129 -129 -129 -129 -12CPU side received count (scaleup: 2): -95 -99 -108 -85 -104 -97 -108 -92 # -129 -129 -129 -129 -129 -129 -129 -129 -129 -129 -1229 -129 -129 -129 -129 -129 
CPU side received count (scaleup: 4): -89 -100 -91 -99 -91 -92 -105 -92 # -129 -129 -129 -129 -129 -129 -129 -129 -129 -129 -1299 -129 -129 -129 -129 -129 
CPU side received count (scaleup: 3): -95 -98 -94 -111 -106 -105 -86 -95 # -129 -129 -129 -129 -129 -129 -129 -129 -129 -129 -12CPU side received count (scaleup: 5): -107 -88 -101 -98 -102 -88 -94 -92 # -129 -129 -129 -129 -129 -129 -129 -129 -129 -129 -12CPU side received count (scaleup: 7): -111 -100 -104 -103 -99 -98 -87 -99 # -129 -129 -129 -129 -129 -129 -129 -129 -129 -129 -1-129 -129 -129 -129 -129 
9 -129 -129 -129 -129 -129 
 -129 -129 -129 -129 -129 
9 -129 -129 -129 -129 -129 
9 -129 -129 -129 -129 -129 
29 -129 -129 -129 -129 -129 
USDT:2026-08-25 02:29:33 437:437 SyncActivityProfilerHandler.cpp:59] profiler_stop
USDT:2026-08-25 02:29:33 436:436 SyncActivityProfilerHandler.cpp:59] profiler_stopUSDT:2026-08-25 02:29:33 440:440 SyncActivityProfilerHandler.cpp:59] profiler_stop
USDT:2026-08-25 02:29:33 438:438 SyncActivityProfilerHandler.cpp:59] profiler_stop
USDT:2026-08-25 02:29:33 433:433 SyncActivityProfilerHandler.cpp:59] profiler_stop
USDT:2026-08-25 02:29:33 439:439 SyncActivityProfilerHandler.cpp:59] profiler_stopUSDT:2026-08-25 02:29:33 434:434 SyncActivityProfilerHandler.cpp:59] profiler_stop
USDT:2026-08-25 02:29:33 435:435 SyncActivityProfilerHandler.cpp:59] profiler_stop


   - EP:   1/16 | expanded dispatch: 5 GB/s (SO), 15 GB/s (SU), 379.356 us, 5720832 bytes | copy: 1053 GB/s, 19.480 us
   - EP:   7/16 | expanded dispatch: 5 GB/s (SO), 16 GB/s (SU), 379.324 us, 5937984 bytes | copy: 521 GB/s, 39.761 us
   - EP:   4/16 | expanded dispatch: 5 GB/s (SO), 15 GB/s (SU), 378.863 us, 5623488 bytes | copy: 2212 GB/s, 9.246 us
   - EP:   5/16 | expanded dispatch: 5 GB/s (SO), 15 GB/s (SU), 379.199 us, 5705856 bytes | copy: 177 GB/s, 116.131 us
   - EP:   0/16 | expanded dispatch: 5 GB/s (SO), 15 GB/s (SU), 379.373 us, 5750784 bytes | copy: 204 GB/s, 101.013 us
   - EP:   6/16 | expanded dispatch: 5 GB/s (SO), 16 GB/s (SU), 379.246 us, 5937984 bytes | copy: 671 GB/s, 31.067 us
   - EP:   3/16 | expanded dispatch: 5 GB/s (SO), 15 GB/s (SU), 379.451 us, 5855616 bytes | copy: 180 GB/s, 114.939 us
   - EP:   2/16 | expanded dispatch: 5 GB/s (SO), 15 GB/s (SU), 379.226 us, 5840640 bytes | copy: 190 GB/s, 108.739 us
Elastic buffer uses 4 channels per SM
Elastic buffer uses 4 channels per SM
Elastic buffer uses 4 channels per SM
Elastic buffer uses 4 channels per SM
Elastic buffer uses 4 channels per SM
Elastic buffer uses 4 channels per SM
Elastic buffer uses 4 channels per SM
Elastic buffer uses 4 channels per SM
Elastic buffer uses 4 channels per SM
Elastic buffer uses 4 channels per SM
Elastic buffer uses 4 channels per SM
Elastic buffer uses 4 channels per SM
Elastic buffer uses 4 channels per SM
Elastic buffer uses 4 channels per SM
Elastic buffer uses 4 channels per SM
Elastic buffer uses 4 channels per SM
Elastic buffer uses 4 channels per SM
Elastic buffer uses 4 channels per SM
Elastic buffer uses 4 channels per SM
Elastic buffer uses 4 channels per SM
Elastic buffer uses 4 channels per SM
Elastic buffer uses 4 channels per SM
Elastic buffer uses 4 channels per SM
Elastic buffer uses 4 channels per SM
Elastic buffer uses 4 channels per SM
Elastic buffer uses 4 channels per SM
Elastic buffer uses 4 channels per SM
Elastic buffer uses 4 channels per SM
Elastic buffer uses 4 channels per SM
Elastic buffer uses 4 channels per SM
Elastic buffer uses 4 channels per SM
Elastic buffer uses 4 channels per SM
Elastic buffer uses 4 channels per SM
Elastic buffer uses 4 channels per SM
Elastic buffer uses 4 channels per SM
Elastic buffer uses 4 channels per SM
Elastic buffer uses 4 channels per SM
Elastic buffer uses 4 channels per SM
Elastic buffer uses 4 channels per SM
Elastic buffer uses 4 channels per SM
Elastic buffer uses 4 channels per SM
Elastic buffer uses 4 channels per SM
Elastic buffer uses 4 channels per SM
Elastic buffer uses 4 channels per SM
Elastic buffer uses 4 channels per SM
Elastic buffer uses 4 channels per SM
Elastic buffer uses 4 channels per SM
Elastic buffer uses 4 channels per SM
Elastic buffer uses 4 channels per SM
Elastic buffer uses 4 channels per SM
Elastic buffer uses 4 channels per SM
Elastic buffer uses 4 channels per SM
Elastic buffer uses 4 channels per SM
Elastic buffer uses 4 channels per SM
Elastic buffer uses 4 channels per SM
Elastic buffer uses 4 channels per SM
Elastic buffer uses 4 channels per SM
Elastic buffer uses 4 channels per SM
Elastic buffer uses 4 channels per SM
Elastic buffer uses 4 channels per SM
Elastic buffer uses 4 channels per SM
Elastic buffer uses 4 channels per SM
Elastic buffer uses 4 channels per SM
Elastic buffer uses 4 channels per SM
Elastic buffer uses 4 channels per SM
Elastic buffer uses 4 channels per SM
Elastic buffer uses 4 channels per SM
Elastic buffer uses 4 channels per SM
Elastic buffer uses 4 channels per SM
Elastic buffer uses 4 channels per SM
Elastic buffer uses 4 channels per SM
Elastic buffer uses 4 channels per SM
Elastic buffer uses 4 channels per SM
Elastic buffer uses 4 channels per SM
Elastic buffer uses 4 channels per SM
Elastic buffer uses 4 channels per SM
Elastic buffer uses 4 channels per SM
Elastic buffer uses 4 channels per SM
Elastic buffer uses 4 channels per SM
Elastic buffer uses 4 channels per SM
Elastic buffer uses 4 channels per SM
Elastic buffer uses 4 channels per SM
Elastic buffer uses 4 channels per SM
Elastic buffer uses 4 channels per SM
Elastic buffer uses 4 channels per SM
Elastic buffer uses 4 channels per SM
Elastic buffer uses 4 channels per SM
Elastic buffer uses 4 channels per SM
Elastic buffer uses 4 channels per SM
Elastic buffer uses 4 channels per SM
Elastic buffer uses 4 channels per SM
Elastic buffer uses 4 channels per SM
Elastic buffer uses 4 channels per SM
Elastic buffer uses 4 channels per SM
Elastic buffer uses 4 channels per SM
Elastic buffer uses 4 channels per SM
Elastic buffer uses 4 channels per SM
Elastic buffer uses 4 channels per SM
Elastic buffer uses 4 channels per SM
Elastic buffer uses 4 channels per SM
Elastic buffer uses 4 channels per SM
Elastic buffer uses 4 channels per SM
Elastic buffer uses 4 channels per SM
Elastic buffer uses 4 channels per SM
Elastic buffer uses 4 channels per SM
Elastic buffer uses 4 channels per SM
Elastic buffer uses 4 channels per SM
Elastic buffer uses 4 channels per SM
Elastic buffer uses 4 channels per SM
Elastic buffer uses 4 channels per SM
Elastic buffer uses 4 channels per SM
Elastic buffer uses 4 channels per SM
Elastic buffer uses 4 channels per SM
Elastic buffer uses 4 channels per SM
Elastic buffer uses 4 channels per SM
Elastic buffer uses 4 channels per SM
Elastic buffer uses 4 channels per SM
Elastic buffer uses 4 channels per SM
Elastic buffer uses 4 channels per SM
Elastic buffer uses 4 channels per SM
Elastic buffer uses 4 channels per SM
Elastic buffer uses 4 channels per SM
Elastic buffer uses 4 channels per SM
Elastic buffer uses 4 channels per SM
Elastic buffer uses 4 channels per SM
Elastic buffer uses 4 channels per SM
Elastic buffer uses 4 channels per SM
Elastic buffer uses 4 channels per SM
Elastic buffer uses 4 channels per SM
Elastic buffer uses 4 channels per SM
Elastic buffer uses 4 channels per SM
Elastic buffer uses 4 channels per SM
Elastic buffer uses 4 channels per SM
Elastic buffer uses 4 channels per SM
Elastic buffer uses 4 channels per SM
Elastic buffer uses 4 channels per SM
Elastic buffer uses 4 channels per SM
Elastic buffer uses 4 channels per SM
Elastic buffer uses 4 channels per SM
Elastic buffer uses 4 channels per SM
Elastic buffer uses 4 channels per SM
Elastic buffer uses 4 channels per SM
Elastic buffer uses 4 channels per SM
Elastic buffer uses 4 channels per SM
Elastic buffer uses 4 channels per SM
Elastic buffer uses 4 channels per SM
Elastic buffer uses 4 channels per SM
Elastic buffer uses 4 channels per SM
Elastic buffer uses 4 channels per SM
Elastic buffer uses 4 channels per SM
Elastic buffer uses 4 channels per SM
Elastic buffer uses 4 channels per SM
Elastic buffer uses 4 channels per SM
Elastic buffer uses 4 channels per SM
Elastic buffer uses 4 channels per SM
Elastic buffer uses 4 channels per SM
Elastic buffer uses 4 channels per SM
Elastic buffer uses 4 channels per SM
Elastic buffer uses 4 channels per SM
Elastic buffer uses 4 channels per SM
Elastic buffer uses 4 channels per SM
Elastic buffer uses 4 channels per SM
Elastic buffer uses 4 channels per SM
Elastic buffer uses 4 channels per SM
Elastic buffer uses 4 channels per SM
Elastic buffer uses 4 channels per SM
Elastic buffer uses 4 channels per SM
Elastic buffer uses 4 channels per SM
Elastic buffer uses 4 channels per SM
Elastic buffer uses 4 channels per SM
Elastic buffer uses 4 channels per SM
Elastic buffer uses 4 channels per SM
Elastic buffer uses 4 channels per SM
Elastic buffer uses 4 channels per SM
Elastic buffer uses 4 channels per SM
Elastic buffer uses 4 channels per SM
Elastic buffer uses 4 channels per SM
Elastic buffer uses 4 channels per SM
Elastic buffer uses 4 channels per SM
Elastic buffer uses 4 channels per SM
Elastic buffer uses 4 channels per SM
Elastic buffer uses 4 channels per SM
Elastic buffer uses 4 channels per SM
Elastic buffer uses 4 channels per SM
Elastic buffer uses 4 channels per SM
Elastic buffer uses 4 channels per SM
Elastic buffer uses 4 channels per SM
Elastic buffer uses 4 channels per SM
Elastic buffer uses 4 channels per SM
Elastic buffer uses 4 channels per SM
Elastic buffer uses 4 channels per SM
Elastic buffer uses 4 channels per SM
Elastic buffer uses 4 channels per SM
Elastic buffer uses 4 channels per SM
Elastic buffer uses 4 channels per SM
Elastic buffer uses 4 channels per SM
Elastic buffer uses 4 channels per SM
Elastic buffer uses 4 channels per SM
Elastic buffer uses 4 channels per SM
Elastic buffer uses 4 channels per SM
Elastic buffer uses 4 channels per SM
Elastic buffer uses 4 channels per SM
Elastic buffer uses 4 channels per SM
Elastic buffer uses 4 channels per SM
Elastic buffer uses 4 channels per SM
Elastic buffer uses 4 channels per SM
Elastic buffer uses 4 channels per SM
Elastic buffer uses 4 channels per SM
Elastic buffer uses 4 channels per SM
Elastic buffer uses 4 channels per SM
Elastic buffer uses 4 channels per SM
Elastic buffer uses 4 channels per SM
Elastic buffer uses 4 channels per SM
Elastic buffer uses 4 channels per SM
Elastic buffer uses 4 channels per SM
Elastic buffer uses 4 channels per SM
Elastic buffer uses 4 channels per SM
Elastic buffer uses 4 channels per SM
Elastic buffer uses 4 channels per SM
Elastic buffer uses 4 channels per SM
Elastic buffer uses 4 channels per SM
Elastic buffer uses 4 channels per SM
Elastic buffer uses 4 channels per SM
Elastic buffer uses 4 channels per SM
Elastic buffer uses 4 channels per SM
Elastic buffer uses 4 channels per SM
Elastic buffer uses 4 channels per SM
Elastic buffer uses 4 channels per SM
Elastic buffer uses 4 channels per SM
Elastic buffer uses 4 channels per SM
Elastic buffer uses 4 channels per SM
Elastic buffer uses 4 channels per SM
Elastic buffer uses 4 channels per SM
Elastic buffer uses 4 channels per SM
Elastic buffer uses 4 channels per SM
Elastic buffer uses 4 channels per SM
Elastic buffer uses 4 channels per SM
Elastic buffer uses 4 channels per SM
Elastic buffer uses 4 channels per SM
Elastic buffer uses 4 channels per SM
Elastic buffer uses 4 channels per SM
Elastic buffer uses 4 channels per SM
Elastic buffer uses 4 channels per SM
Elastic buffer uses 4 channels per SM
Elastic buffer uses 4 channels per SM
Elastic buffer uses 4 channels per SM
Elastic buffer uses 4 channels per SM
Elastic buffer uses 4 channels per SM
USDT:2026-08-25 02:29:34 434:434 SyncActivityProfilerHandler.cpp:52] profiler_startUSDT:2026-08-25 02:29:34 433:433 SyncActivityProfilerHandler.cpp:52] profiler_startUSDT:2026-08-25 02:29:34 435:435 SyncActivityProfilerHandler.cpp:52] profiler_startUSDT:2026-08-25 02:29:34 438:438 SyncActivityProfilerHandler.cpp:52] profiler_startUSDT:2026-08-25 02:29:34 437:437 SyncActivityProfilerHandler.cpp:52] profiler_start
USDT:2026-08-25 02:29:34 439:439 SyncActivityProfilerHandler.cpp:52] profiler_startUSDT:2026-08-25 02:29:34 440:440 SyncActivityProfilerHandler.cpp:52] profiler_startUSDT:2026-08-25 02:29:34 436:436 SyncActivityProfilerHandler.cpp:52] profiler_start






Elastic buffer uses 4 channels per SM
Elastic buffer uses 4 channels per SM
Elastic buffer uses 4 channels per SM
Elastic buffer uses 4 channels per SM
Elastic buffer uses 4 channels per SM
Elastic buffer uses 4 channels per SM
Elastic buffer uses 4 channels per SM
Elastic buffer uses 4 channels per SM
Elastic buffer uses 4 channels per SM
Elastic buffer uses 4 channels per SM
Elastic buffer uses 4 channels per SM
Elastic buffer uses 4 channels per SM
Elastic buffer uses 4 channels per SM
Elastic buffer uses 4 channels per SM
Elastic buffer uses 4 channels per SM
Elastic buffer uses 4 channels per SM
Elastic buffer uses 4 channels per SM
Elastic buffer uses 4 channels per SM
Elastic buffer uses 4 channels per SM
Elastic buffer uses 4 channels per SM
Elastic buffer uses 4 channels per SM
Elastic buffer uses 4 channels per SM
Elastic buffer uses 4 channels per SM
Elastic buffer uses 4 channels per SM
Elastic buffer uses 4 channels per SM
Elastic buffer uses 4 channels per SM
Elastic buffer uses 4 channels per SM
Elastic buffer uses 4 channels per SM
Elastic buffer uses 4 channels per SM
Elastic buffer uses 4 channels per SM
Elastic buffer uses 4 channels per SM
Elastic buffer uses 4 channels per SM
Elastic buffer uses 4 channels per SM
Elastic buffer uses 4 channels per SM
Elastic buffer uses 4 channels per SM
Elastic buffer uses 4 channels per SM
Elastic buffer uses 4 channels per SM
Elastic buffer uses 4 channels per SM
Elastic buffer uses 4 channels per SM
Elastic buffer uses 4 channels per SM
Elastic buffer uses 4 channels per SM
Elastic buffer uses 4 channels per SM
Elastic buffer uses 4 channels per SM
Elastic buffer uses 4 channels per SM
Elastic buffer uses 4 channels per SM
Elastic buffer uses 4 channels per SM
Elastic buffer uses 4 channels per SM
Elastic buffer uses 4 channels per SM
Elastic buffer uses 4 channels per SM
Elastic buffer uses 4 channels per SM
Elastic buffer uses 4 channels per SM
Elastic buffer uses 4 channels per SM
Elastic buffer uses 4 channels per SM
Elastic buffer uses 4 channels per SM
Elastic buffer uses 4 channels per SM
Elastic buffer uses 4 channels per SM
Elastic buffer uses 4 channels per SM
Elastic buffer uses 4 channels per SM
Elastic buffer uses 4 channels per SM
Elastic buffer uses 4 channels per SM
Elastic buffer uses 4 channels per SM
Elastic buffer uses 4 channels per SM
Elastic buffer uses 4 channels per SM
Elastic buffer uses 4 channels per SM
Elastic buffer uses 4 channels per SM
Elastic buffer uses 4 channels per SM
Elastic buffer uses 4 channels per SM
Elastic buffer uses 4 channels per SM
Elastic buffer uses 4 channels per SM
Elastic buffer uses 4 channels per SM
Elastic buffer uses 4 channels per SM
Elastic buffer uses 4 channels per SM
Elastic buffer uses 4 channels per SM
Elastic buffer uses 4 channels per SM
Elastic buffer uses 4 channels per SM
Elastic buffer uses 4 channels per SM
Elastic buffer uses 4 channels per SM
Elastic buffer uses 4 channels per SM
Elastic buffer uses 4 channels per SM
Elastic buffer uses 4 channels per SM
Elastic buffer uses 4 channels per SM
Elastic buffer uses 4 channels per SM
Elastic buffer uses 4 channels per SM
Elastic buffer uses 4 channels per SM
Elastic buffer uses 4 channels per SM
Elastic buffer uses 4 channels per SM
Elastic buffer uses 4 channels per SM
Elastic buffer uses 4 channels per SM
Elastic buffer uses 4 channels per SM
Elastic buffer uses 4 channels per SM
Elastic buffer uses 4 channels per SM
Elastic buffer uses 4 channels per SM
Elastic buffer uses 4 channels per SM
Elastic buffer uses 4 channels per SM
Elastic buffer uses 4 channels per SM
Elastic buffer uses 4 channels per SM
Elastic buffer uses 4 channels per SM
Elastic buffer uses 4 channels per SM
Elastic buffer uses 4 channels per SM
Elastic buffer uses 4 channels per SM
Elastic buffer uses 4 channels per SM
Elastic buffer uses 4 channels per SM
Elastic buffer uses 4 channels per SM
Elastic buffer uses 4 channels per SM
Elastic buffer uses 4 channels per SM
Elastic buffer uses 4 channels per SM
Elastic buffer uses 4 channels per SM
Elastic buffer uses 4 channels per SM
Elastic buffer uses 4 channels per SM
Elastic buffer uses 4 channels per SM
Elastic buffer uses 4 channels per SM
Elastic buffer uses 4 channels per SM
Elastic buffer uses 4 channels per SM
Elastic buffer uses 4 channels per SM
Elastic buffer uses 4 channels per SM
Elastic buffer uses 4 channels per SM
Elastic buffer uses 4 channels per SM
Elastic buffer uses 4 channels per SM
Elastic buffer uses 4 channels per SM
Elastic buffer uses 4 channels per SM
Elastic buffer uses 4 channels per SM
Elastic buffer uses 4 channels per SM
Elastic buffer uses 4 channels per SM
Elastic buffer uses 4 channels per SM
Elastic buffer uses 4 channels per SM
Elastic buffer uses 4 channels per SM
Elastic buffer uses 4 channels per SM
Elastic buffer uses 4 channels per SM
Elastic buffer uses 4 channels per SM
Elastic buffer uses 4 channels per SM
Elastic buffer uses 4 channels per SM
Elastic buffer uses 4 channels per SM
Elastic buffer uses 4 channels per SM
Elastic buffer uses 4 channels per SM
Elastic buffer uses 4 channels per SM
Elastic buffer uses 4 channels per SM
Elastic buffer uses 4 channels per SM
Elastic buffer uses 4 channels per SM
Elastic buffer uses 4 channels per SM
Elastic buffer uses 4 channels per SM
Elastic buffer uses 4 channels per SM
Elastic buffer uses 4 channels per SM
Elastic buffer uses 4 channels per SM
Elastic buffer uses 4 channels per SM
Elastic buffer uses 4 channels per SM
Elastic buffer uses 4 channels per SM
Elastic buffer uses 4 channels per SM
Elastic buffer uses 4 channels per SM
Elastic buffer uses 4 channels per SM
Elastic buffer uses 4 channels per SM
Elastic buffer uses 4 channels per SM
Elastic buffer uses 4 channels per SM
Elastic buffer uses 4 channels per SM
Elastic buffer uses 4 channels per SM
Elastic buffer uses 4 channels per SM
Elastic buffer uses 4 channels per SM
Elastic buffer uses 4 channels per SM
Elastic buffer uses 4 channels per SM
Elastic buffer uses 4 channels per SM
Elastic buffer uses 4 channels per SM
Elastic buffer uses 4 channels per SM
Elastic buffer uses 4 channels per SM
Elastic buffer uses 4 channels per SM
Elastic buffer uses 4 channels per SM
Elastic buffer uses 4 channels per SM
Elastic buffer uses 4 channels per SM
Elastic buffer uses 4 channels per SM
Elastic buffer uses 4 channels per SM
Elastic buffer uses 4 channels per SM
Elastic buffer uses 4 channels per SM
Elastic buffer uses 4 channels per SM
Elastic buffer uses 4 channels per SM
Elastic buffer uses 4 channels per SM
Elastic buffer uses 4 channels per SM
Elastic buffer uses 4 channels per SM
Elastic buffer uses 4 channels per SM
Elastic buffer uses 4 channels per SM
Elastic buffer uses 4 channels per SM
Elastic buffer uses 4 channels per SM
Elastic buffer uses 4 channels per SM
Elastic buffer uses 4 channels per SM
Elastic buffer uses 4 channels per SM
Elastic buffer uses 4 channels per SM
Elastic buffer uses 4 channels per SM
Elastic buffer uses 4 channels per SM
Elastic buffer uses 4 channels per SM
Elastic buffer uses 4 channels per SM
Elastic buffer uses 4 channels per SM
Elastic buffer uses 4 channels per SM
Elastic buffer uses 4 channels per SM
Elastic buffer uses 4 channels per SM
Elastic buffer uses 4 channels per SM
Elastic buffer uses 4 channels per SM
Elastic buffer uses 4 channels per SM
Elastic buffer uses 4 channels per SM
Elastic buffer uses 4 channels per SM
Elastic buffer uses 4 channels per SM
Elastic buffer uses 4 channels per SM
Elastic buffer uses 4 channels per SM
Elastic buffer uses 4 channels per SM
Elastic buffer uses 4 channels per SM
Elastic buffer uses 4 channels per SM
Elastic buffer uses 4 channels per SM
Elastic buffer uses 4 channels per SM
Elastic buffer uses 4 channels per SM
Elastic buffer uses 4 channels per SM
Elastic buffer uses 4 channels per SM
Elastic buffer uses 4 channels per SM
Elastic buffer uses 4 channels per SM
Elastic buffer uses 4 channels per SM
Elastic buffer uses 4 channels per SM
Elastic buffer uses 4 channels per SM
Elastic buffer uses 4 channels per SM
Elastic buffer uses 4 channels per SM
Elastic buffer uses 4 channels per SM
Elastic buffer uses 4 channels per SM
Elastic buffer uses 4 channels per SM
Elastic buffer uses 4 channels per SM
Elastic buffer uses 4 channels per SM
Elastic buffer uses 4 channels per SM
Elastic buffer uses 4 channels per SM
Elastic buffer uses 4 channels per SM
Elastic buffer uses 4 channels per SM
Elastic buffer uses 4 channels per SM
Elastic buffer uses 4 channels per SM
Elastic buffer uses 4 channels per SM
Elastic buffer uses 4 channels per SM
Elastic buffer uses 4 channels per SM
Elastic buffer uses 4 channels per SM
Elastic buffer uses 4 channels per SM
Elastic buffer uses 4 channels per SM
Elastic buffer uses 4 channels per SM
Elastic buffer uses 4 channels per SM
Elastic buffer uses 4 channels per SM
Elastic buffer uses 4 channels per SM
Elastic buffer uses 4 channels per SM
Elastic buffer uses 4 channels per SM
Elastic buffer uses 4 channels per SM
Elastic buffer uses 4 channels per SM
Elastic buffer uses 4 channels per SM
USDT:2026-08-25 02:29:34 437:437 SyncActivityProfilerHandler.cpp:59] profiler_stopUSDT:2026-08-25 02:29:34 435:435 SyncActivityProfilerHandler.cpp:59] profiler_stop

USDT:2026-08-25 02:29:34 438:438 SyncActivityProfilerHandler.cpp:59] profiler_stopUSDT:2026-08-25 02:29:34 434:434 SyncActivityProfilerHandler.cpp:59] profiler_stopUSDT:2026-08-25 02:29:34 436:436 SyncActivityProfilerHandler.cpp:59] profiler_stop


USDT:2026-08-25 02:29:34 439:439 SyncActivityProfilerHandler.cpp:59] profiler_stopUSDT:2026-08-25 02:29:34 440:440 SyncActivityProfilerHandler.cpp:59] profiler_stop

USDT:2026-08-25 02:29:34 433:433 SyncActivityProfilerHandler.cpp:59] profiler_stop
   # EP:   3/16 | cached dispatch: 5 GB/s (SO), 15 GB/s (SU), 380.609 us, 5855616 bytes | copy: 96 GB/s, 121.407 us
   # EP:   2/16 | cached dispatch: 5 GB/s (SO), 15 GB/s (SU), 380.410 us, 5840640 bytes | copy: 106 GB/s, 110.446 us
   # EP:   7/16 | cached dispatch: 5 GB/s (SO), 16 GB/s (SU), 380.493 us, 5937984 bytes | copy: 265 GB/s, 44.790 us
   # EP:   6/16 | cached dispatch: 5 GB/s (SO), 16 GB/s (SU), 380.403 us, 5937984 bytes | copy: 378 GB/s, 31.402 us
   # EP:   1/16 | cached dispatch: 5 GB/s (SO), 15 GB/s (SU), 380.637 us, 5720832 bytes | copy: 446 GB/s, 25.626 us
   # EP:   5/16 | cached dispatch: 5 GB/s (SO), 15 GB/s (SU), 380.335 us, 5705856 bytes | copy: 92 GB/s, 124.059 us
   # EP:   4/16 | cached dispatch: 5 GB/s (SO), 15 GB/s (SU), 380.202 us, 5623488 bytes | copy: 1284 GB/s, 8.756 us
   # EP:   0/16 | cached dispatch: 5 GB/s (SO), 15 GB/s (SU), 380.367 us, 5750784 bytes | copy: 108 GB/s, 106.319 us
USDT:2026-08-25 02:29:34 438:438 SyncActivityProfilerHandler.cpp:52] profiler_start
USDT:2026-08-25 02:29:34 439:439 SyncActivityProfilerHandler.cpp:52] profiler_startUSDT:2026-08-25 02:29:34 434:434 SyncActivityProfilerHandler.cpp:52] profiler_startUSDT:2026-08-25 02:29:34 440:440 SyncActivityProfilerHandler.cpp:52] profiler_startUSDT:2026-08-25 02:29:34 436:436 SyncActivityProfilerHandler.cpp:52] profiler_startUSDT:2026-08-25 02:29:34 437:437 SyncActivityProfilerHandler.cpp:52] profiler_startUSDT:2026-08-25 02:29:34 435:435 SyncActivityProfilerHandler.cpp:52] profiler_start



USDT:2026-08-25 02:29:34 433:433 SyncActivityProfilerHandler.cpp:52] profiler_start


USDT:2026-08-25 02:29:35 433:433 SyncActivityProfilerHandler.cpp:59] profiler_stopUSDT:2026-08-25 02:29:35 438:438 SyncActivityProfilerHandler.cpp:59] profiler_stop

USDT:2026-08-25 02:29:35 435:435 SyncActivityProfilerHandler.cpp:59] profiler_stop
USDT:2026-08-25 02:29:35 436:436 SyncActivityProfilerHandler.cpp:59] profiler_stopUSDT:2026-08-25 02:29:35 437:437 SyncActivityProfilerHandler.cpp:59] profiler_stopUSDT:2026-08-25 02:29:35 434:434 SyncActivityProfilerHandler.cpp:59] profiler_stop


USDT:2026-08-25 02:29:35 440:440 SyncActivityProfilerHandler.cpp:59] profiler_stopUSDT:2026-08-25 02:29:35 439:439 SyncActivityProfilerHandler.cpp:59] profiler_stop

   @ EP:   5/16 | combine: 21 GB/s (SO), 65 GB/s (SU), 167.303 us, 10948416 bytes | reduce: 1096 GB/s, 4.826 us
   @ EP:   0/16 | combine: 21 GB/s (SO), 64 GB/s (SU), 171.876 us, 11034624 bytes | reduce: 1124 GB/s, 4.898 us
   @ EP:   3/16 | combine: 21 GB/s (SO), 65 GB/s (SU), 171.932 us, 11235776 bytes | reduce: 1070 GB/s, 5.036 us
   @ EP:   7/16 | combine: 19 GB/s (SO), 62 GB/s (SU), 183.176 us, 11393824 bytes | reduce: 1053 GB/s, 4.952 us
   @ EP:   1/16 | combine: 20 GB/s (SO), 59 GB/s (SU), 184.509 us, 10977152 bytes | reduce: 1116 GB/s, 4.907 us
   @ EP:   2/16 | combine: 21 GB/s (SO), 65 GB/s (SU), 171.837 us, 11207040 bytes | reduce: 1097 GB/s, 4.949 us
   @ EP:   4/16 | combine: 19 GB/s (SO), 57 GB/s (SU), 188.129 us, 10790368 bytes | reduce: 1018 GB/s, 5.223 us
   @ EP:   6/16 | combine: 19 GB/s (SO), 62 GB/s (SU), 182.870 us, 11393824 bytes | reduce: 1046 GB/s, 4.986 us
USDT:2026-08-25 02:29:35 435:435 SyncActivityProfilerHandler.cpp:52] profiler_startUSDT:2026-08-25 02:29:35 436:436 SyncActivityProfilerHandler.cpp:52] profiler_startUSDT:2026-08-25 02:29:35 438:438 SyncActivityProfilerHandler.cpp:52] profiler_startUSDT:2026-08-25 02:29:35 433:433 SyncActivityProfilerHandler.cpp:52] profiler_start


USDT:2026-08-25 02:29:35 439:439 SyncActivityProfilerHandler.cpp:52] profiler_start

USDT:2026-08-25 02:29:35 434:434 SyncActivityProfilerHandler.cpp:52] profiler_startUSDT:2026-08-25 02:29:35 440:440 SyncActivityProfilerHandler.cpp:52] profiler_start

USDT:2026-08-25 02:29:35 437:437 SyncActivityProfilerHandler.cpp:52] profiler_start
USDT:2026-08-25 02:29:35 433:433 SyncActivityProfilerHandler.cpp:59] profiler_stopUSDT:2026-08-25 02:29:35 435:435 SyncActivityProfilerHandler.cpp:59] profiler_stop
USDT:2026-08-25 02:29:35 438:438 SyncActivityProfilerHandler.cpp:59] profiler_stop
USDT:2026-08-25 02:29:35 434:434 SyncActivityProfilerHandler.cpp:59] profiler_stop
USDT:2026-08-25 02:29:35 437:437 SyncActivityProfilerHandler.cpp:59] profiler_stop

USDT:2026-08-25 02:29:35 436:436 SyncActivityProfilerHandler.cpp:59] profiler_stopUSDT:2026-08-25 02:29:35 439:439 SyncActivityProfilerHandler.cpp:59] profiler_stop

USDT:2026-08-25 02:29:35 440:440 SyncActivityProfilerHandler.cpp:59] profiler_stop
   + EP:   0/16 | reduced combine: 19 GB/s (SO), 58 GB/s (SU), 190.950 us, 11034624 bytes | reduce: 1061 GB/s, 5.185 us
   + EP:   3/16 | reduced combine: 19 GB/s (SO), 59 GB/s (SU), 190.242 us, 11235776 bytes | reduce: 1012 GB/s, 5.324 us
   + EP:   1/16 | reduced combine: 18 GB/s (SO), 54 GB/s (SU), 204.652 us, 10977152 bytes | reduce: 1042 GB/s, 5.254 us
   + EP:   2/16 | reduced combine: 19 GB/s (SO), 58 GB/s (SU), 192.317 us, 11207040 bytes | reduce: 995 GB/s, 5.458 us
   + EP:   7/16 | reduced combine: 17 GB/s (SO), 56 GB/s (SU), 204.890 us, 11393824 bytes | reduce: 927 GB/s, 5.629 us
   + EP:   6/16 | reduced combine: 17 GB/s (SO), 57 GB/s (SU), 198.980 us, 11393824 bytes | reduce: 983 GB/s, 5.308 us
   + EP:   5/16 | reduced combine: 19 GB/s (SO), 59 GB/s (SU), 186.958 us, 10948416 bytes | reduce: 982 GB/s, 5.383 us
   + EP:   4/16 | reduced combine: 17 GB/s (SO), 52 GB/s (SU), 206.601 us, 10790368 bytes | reduce: 940 GB/s, 5.658 us

Elastic buffer uses 4 channels per SM
Elastic buffer uses 4 channels per SM
Elastic buffer uses 4 channels per SM
Elastic buffer uses 4 channels per SM
Elastic buffer uses 4 channels per SM
Elastic buffer uses 4 channels per SM
Elastic buffer uses 4 channels per SM
Elastic buffer uses 4 channels per SM
CPU side received count (scaleup: 4): -89 -100 -91 -99 -91 -92 -105 -92 # -129 -129 -129 -129 -129 -129 -129 -129 -129 -129 -129CPU side received count (scaleup: 7): -111 -100 -104 -103 -99 -98 -87 -99 # -129 -129 -129 -129 -129 -129 -129 -129 -129 -129 -1CPU side received count (scaleup: 6): -102 -101 -104 -89 -110 -98 -99 -98 # -129 -129 -129 -129 -129 -129 -129 -129 -129 -129 -1CPU side received count (scaleup: 5): -107 -88 -101 -98 -102 -88 -94 -92 # -129 -129 -129 -129 -129 -129 -129 -129 -129 -129 -12CPU side received count (scaleup: 1): -91 -99 -100 -99 -98 -97 -96 -92 # -129 -129 -129 -129 -129 -129 -129 -129 -129 -129 -129 CPU side received count (scaleup: 0): -105 -99 -96 -95 -102 -103 -86 -90 # -129 -129 -129 -129 -129 -129 -129 -129 -129 -129 -12CPU side received count (scaleup: 3): -95 -98 -94 -111 -106 -105 -86 -95 # -129 -129 -129 -129 -129 -129 -129 -129 -129 -129 -129 -129 -129 -129 -129 -129 
CPU side received count (scaleup: 2): -95 -99 -108 -85 -104 -97 -108 -92 # -129 -129 -129 -129 -129 -129 -129 -129 -129 -129 -12 -129 -129 -129 -129 -129 
9 -129 -129 -129 -129 -129 
29 -129 -129 -129 -129 -129 
9 -129 -129 -129 -129 -129 
29 -129 -129 -129 -129 -129 
-129 -129 -129 -129 -129 
9 -129 -129 -129 -129 -129 

