=== EP_NIC_NAME=rdmap110s0 (auto, 200 Gb/s) ===
+ docker run --rm --gpus all --privileged --network=host --ipc=host --ulimit memlock=-1 --ulimit stack=67108864 --device=/dev/infiniband --device=/dev/gdrdrv -v /sys/class/infiniband:/sys/class/infiniband:ro -e MASTER_ADDR=172.31.20.74 -e MASTER_PORT=29542 -e WORLD_SIZE=4 -e RANK=3 -e NCCL_DEBUG=WARN -e EP_NIC_NAME=rdmap110s0 -e EP_BUFFER_DEBUG=1 -e PYTHONUNBUFFERED=1 -e PYTHONFAULTHANDLER=1 deepep-v2-efa-official:dev bash -lc 'timeout -s ABRT --kill-after=60 1500     python3 -u /opt/DeepEP/tests/elastic/test_ep.py     --num-processes=8 --num-tokens=8192     --hidden=7168 --num-topk=8 --num-experts=256     --num-sms=12 --allow-hybrid-mode=1     --prefer-overlap-with-compute=0 --test-first-only      '

==========
== CUDA ==
==========

CUDA Version 13.0.2

Container image Copyright (c) 2016-2023, NVIDIA CORPORATION & AFFILIATES. All rights reserved.

This container image and its contents are governed by the NVIDIA Deep Learning Container License.
By pulling and using the container, you accept the terms and conditions of this license:
https://developer.nvidia.com/ngc/nvidia-deep-learning-container-license

A copy of this license is made available in this container at /NGC-DL-CONTAINER-LICENSE for your convenience.

DeepEP hybrid kernel selection: unordered
DeepEP hybrid kernel selection: unordered
Initializing EP elastic buffer with 5440012288 bytes (cpu: 0) at rank EP 31/32DeepEP hybrid kernel selection: unordered
DeepEP hybrid kernel selection: unordered

Initializing EP elastic buffer with 5440012288 bytes (cpu: 0) at rank EP 30/32
Initializing EP elastic buffer with 5440012288 bytes (cpu: 0) at rank EP 28/32Initializing EP elastic buffer with 5440012288 bytes (cpu: 0) at rank EP 24/32

DeepEP hybrid kernel selection: unordered
Initializing EP elastic buffer with 5440012288 bytes (cpu: 0) at rank EP 27/32DeepEP hybrid kernel selection: unordered

DeepEP hybrid kernel selection: unordered
DeepEP initialized with NCCL version: 2.31.2 (loaded library)
DeepEP initialized with NCCL version: 2.31.2 (loaded library)
EP NCCL device communicator has 0 allocated QPs
EP NCCL device communicator has 0 allocated QPs
DeepEP hybrid kernel selection: unordered
DeepEP hybrid kernel selection: unordered
GIN layout: gin_context_cnt=11, gin_indexed_signals_cnt=21, num_qp=11
GIN layout: gin_context_cnt=11, gin_indexed_signals_cnt=21, num_qp=11
Initializing EP elastic buffer with 5440012288 bytes (cpu: 0) at rank EP 29/32
Initializing EP elastic buffer with 5440012288 bytes (cpu: 0) at rank EP 25/32
DeepEP initialized with NCCL version: 2.31.2 (loaded library)
EP NCCL device communicator has 0 allocated QPs
DeepEP initialized with NCCL version: 2.31.2 (loaded library)
DeepEP hybrid kernel selection: unordered
EP NCCL device communicator has 0 allocated QPs
GIN layout: gin_context_cnt=11, gin_indexed_signals_cnt=21, num_qp=11
DeepEP hybrid kernel selection: unordered
GIN layout: gin_context_cnt=11, gin_indexed_signals_cnt=21, num_qp=11
DeepEP hybrid kernel selection: unordered
DeepEP initialized with NCCL version: 2.31.2 (loaded library)
Initializing EP elastic buffer with 5440012288 bytes (cpu: 0) at rank EP 26/32EP NCCL device communicator has 0 allocated QPs

DeepEP hybrid kernel selection: unordered
GIN layout: gin_context_cnt=11, gin_indexed_signals_cnt=21, num_qp=11
DeepEP initialized with NCCL version: 2.31.2 (loaded library)
EP NCCL device communicator has 0 allocated QPs
DeepEP hybrid kernel selection: unordered
GIN layout: gin_context_cnt=11, gin_indexed_signals_cnt=21, num_qp=11
DeepEP initialized with NCCL version: 2.31.2 (loaded library)
EP NCCL device communicator has 0 allocated QPs
DeepEP hybrid kernel selection: unordered
GIN layout: gin_context_cnt=11, gin_indexed_signals_cnt=21, num_qp=11
DeepEP initialized with NCCL version: 2.31.2 (loaded library)
EP NCCL device communicator has 0 allocated QPs
DeepEP hybrid kernel selection: unordered
GIN layout: gin_context_cnt=11, gin_indexed_signals_cnt=21, num_qp=11
Config:
 > Ranks: 4 x 8
 > Experts: 8/256
 > Tokens: 8168 (max: 8192), hidden: 7168
 > #SM: 12, #QPs: 11/11

Running all test cases:
 > Testing with do_handle_copy=1, expert_alignment=128, use_fp8_dispatch=1, num_bias=0, with_previous_event=0, async_with_compute_stream=0, allocate_on_comm_stream=0 ...
Elastic buffer uses 4 channels per SM
Elastic buffer uses 4 channels per SM
Elastic buffer uses 4 channels per SM
Elastic buffer uses 4 channels per SM
Elastic buffer uses 4 channels per SM
Elastic buffer uses 4 channels per SM
Elastic buffer uses 4 channels per SM
Elastic buffer uses 4 channels per SM
CPU side received count (scaleup: 6): -7457 -7402 -7321 -7552 -7493 -7487 -7371 -7472 # -8193 -8449 -8321 -8193 -8193 -8065 -832CPU side received count (scaleup: 5): -7399 -7487 -7399 -7279 -7411 -7420 -7505 -7329 # -8193 -8065 -8193 -8321 -8321 -8193 -819CPU side received count (scaleup: 7): -7446 -7490 -7393 -7465 -7420 -7392 -7374 -7414 # -8321 -8193 -8321 -8193 -8321 -8193 -819CPU side received count (scaleup: 0): -7526 -7289 -7400 -7430 -7537 -7573 -7518 -7434 # -8065 -8193 -8321 -8449 -8193 -8321 -832CPU side received count (scaleup: 4): -7415 -7468 -7405 -7458 -7389 -7432 -7474 -7344 # -8449 -8321 -8193 -8193 -8193 -8193 -806CPU side received count (scaleup: 1): -7507 -7396 -7530 -7593 -7610 -7335 -7335 -7382 # -8321 -8321 -8193 -8321 -8321 -8065 -8321 -8193 
3 -8321 
CPU side received count (scaleup: 3): -7400 -7549 -7426 -7398 -7355 -7397 -7474 -7321 # -8193 -8193 -8193 -8193 -8193 -8193 -8193 -8193 
CPU side received count (scaleup: 2): -7426 -7298 -7457 -7460 -7461 -7413 -7479 -7433 # -8065 -8193 -8193 -8321 -8321 -8321 -8191 -8321 
5 -8321 
1 -8321 
3 -8193 
3 -8193 
Elastic buffer uses 4 channels per SM
Elastic buffer uses 4 channels per SM
Elastic buffer uses 4 channels per SM
Elastic buffer uses 4 channels per SM
Elastic buffer uses 4 channels per SM
Elastic buffer uses 4 channels per SM
Elastic buffer uses 4 channels per SM
Elastic buffer uses 4 channels per SM
CPU side received count (scaleup: 7): -7446 -7490 -7393 -7465 -7420 -7392 -7374 -7414 # -8321 -8193 -8321 -8193 -8321 -8193 -819CPU side received count (scaleup: 2): -7426 -7298 -7457 -7460 -7461 -7413 -7479 -7433 # -8065 -8193 -8193 -8321 -8321 -8321 -819CPU side received count (scaleup: 5): -7399 -7487 -7399 -7279 -7411 -7420 -7505 -7329 # -8193 -8065 -8193 -8321 -8321 -8193 -819CPU side received count (scaleup: 1): -7507 -7396 -7530 -7593 -7610 -7335 -7335 -7382 # -8321 -8321 -8193 -8321 -8321 -8065 -832CPU side received count (scaleup: 0): -7526 -7289 -7400 -7430 -7537 -7573 -7518 -7434 # -8065 -8193 -8321 -8449 -8193 -8321 -8323 -8193 
CPU side received count (scaleup: 6): -7457 -7402 -7321 -7552 -7493 -7487 -7371 -7472 # -8193 -8449 -8321 -8193 -8193 -8065 -832CPU side received count (scaleup: 3): -7400 -7549 -7426 -7398 -7355 -7397 -7474 -7321 # -8193 -8193 -8193 -8193 -8193 -8193 -8193 -8321 
1 -8321 
CPU side received count (scaleup: 4): -7415 -7468 -7405 -7458 -7389 -7432 -7474 -7344 # -8449 -8321 -8193 -8193 -8193 -8193 -8063 -8193 
1 -8193 
1 -8321 
3 -8193 
5 -8321 
Elastic buffer uses 4 channels per SM
Elastic buffer uses 4 channels per SM
Elastic buffer uses 4 channels per SM
Elastic buffer uses 4 channels per SM
Elastic buffer uses 4 channels per SM
Elastic buffer uses 4 channels per SM
Elastic buffer uses 4 channels per SM
Elastic buffer uses 4 channels per SM
Elastic buffer uses 4 channels per SM
Elastic buffer uses 4 channels per SM
Elastic buffer uses 4 channels per SM
Elastic buffer uses 4 channels per SM
Elastic buffer uses 4 channels per SM
Elastic buffer uses 4 channels per SM
Elastic buffer uses 4 channels per SM
Elastic buffer uses 4 channels per SM
Elastic buffer uses 4 channels per SM
Elastic buffer uses 4 channels per SM
Elastic buffer uses 4 channels per SM
Elastic buffer uses 4 channels per SM
Elastic buffer uses 4 channels per SM
Elastic buffer uses 4 channels per SM
Elastic buffer uses 4 channels per SM
Elastic buffer uses 4 channels per SM
CPU side received count (scaleup: 7): -7446 -7490 -7393 -7465 -7420 -7392 -7374 -7414 # -8321 -8193 -8321 -8193 -8321 -8193 -819CPU side received count (scaleup: 6): -7457 -7402 -7321 -7552 -7493 -7487 -7371 -7472 # -8193 -8449 -8321 -8193 -8193 -8065 -8323 -8193 
CPU side received count (scaleup: 3): -7400 -7549 -7426 -7398 -7355 -7397 -7474 -7321 # -8193 -8193 -8193 -8193 -8193 -8193 -819CPU side received count (scaleup: 0): -7526 -7289 -7400 -7430 -7537 -7573 -7518 -7434 # -8065 -8193 -8321 -8449 -8193 -8321 -832CPU side received count (scaleup: 4): -7415 -7468 -7405 -7458 -7389 -7432 -7474 -7344 # -8449 -8321 -8193 -8193 -8193 -8193 -806CPU side received count (scaleup: 2): -7426 -7298 -7457 -7460 -7461 -7413 -7479 -7433 # -8065 -8193 -8193 -8321 -8321 -8321 -8191 -8193 
CPU side received count (scaleup: 5): -7399 -7487 -7399 -7279 -7411 -7420 -7505 -7329 # -8193 -8065 -8193 -8321 -8321 -8193 -8193 -8193 
3 -8193 
1 -8321 
5 -8321 
CPU side received count (scaleup: 1): -7507 -7396 -7530 -7593 -7610 -7335 -7335 -7382 # -8321 -8321 -8193 -8321 -8321 -8065 -8323 -8321 
1 -8321 
Elastic buffer uses 4 channels per SM
Elastic buffer uses 4 channels per SM
Elastic buffer uses 4 channels per SM
Elastic buffer uses 4 channels per SM
Elastic buffer uses 4 channels per SM
Elastic buffer uses 4 channels per SM
Elastic buffer uses 4 channels per SM
Elastic buffer uses 4 channels per SM
CPU side received count (scaleup: 7): -7446 -7490 -7393 -7465 -7420 -7392 -7374 -7414 # -8321 -8193 -8321 -8193 -8321 -8193 -819CPU side received count (scaleup: 4): -7415 -7468 -7405 -7458 -7389 -7432 -7474 -7344 # -8449 -8321 -8193 -8193 -8193 -8193 -806CPU side received count (scaleup: 5): -7399 -7487 -7399 -7279 -7411 -7420 -7505 -7329 # -8193 -8065 -8193 -8321 -8321 -8193 -819CPU side received count (scaleup: 3): -7400 -7549 -7426 -7398 -7355 -7397 -7474 -7321 # -8193 -8193 -8193 -8193 -8193 -8193 -819CPU side received count (scaleup: 6): -7457 -7402 -7321 -7552 -7493 -7487 -7371 -7472 # -8193 -8449 -8321 -8193 -8193 -8065 -8323 -8193 
3 -8321 
CPU side received count (scaleup: 0): -7526 -7289 -7400 -7430 -7537 -7573 -7518 -7434 # -8065 -8193 -8321 -8449 -8193 -8321 -8325 -8321 
CPU side received count (scaleup: 2): -7426 -7298 -7457 -7460 -7461 -7413 -7479 -7433 # -8065 -8193 -8193 -8321 -8321 -8321 -819CPU side received count (scaleup: 1): -7507 -7396 -7530 -7593 -7610 -7335 -7335 -7382 # -8321 -8321 -8193 -8321 -8321 -8065 -8321 -8321 
3 -8193 
1 -8193 
3 -8193 
1 -8321 
Elastic buffer uses 4 channels per SM
Elastic buffer uses 4 channels per SM
Elastic buffer uses 4 channels per SM
Elastic buffer uses 4 channels per SM
Elastic buffer uses 4 channels per SM
Elastic buffer uses 4 channels per SM
Elastic buffer uses 4 channels per SM
Elastic buffer uses 4 channels per SM
CPU side received count (scaleup: 5): -7399 -7487 -7399 -7279 -7411 -7420 -7505 -7329 # -8193 -8065 -8193 -8321 -8321 -8193 -819CPU side received count (scaleup: 4): -7415 -7468 -7405 -7458 -7389 -7432 -7474 -7344 # -8449 -8321 -8193 -8193 -8193 -8193 -806CPU side received count (scaleup: 7): -7446 -7490 -7393 -7465 -7420 -7392 -7374 -7414 # -8321 -8193 -8321 -8193 -8321 -8193 -819CPU side received count (scaleup: 6): -7457 -7402 -7321 -7552 -7493 -7487 -7371 -7472 # -8193 -8449 -8321 -8193 -8193 -8065 -8323 -8321 
5 -8321 
CPU side received count (scaleup: 0): -7526 -7289 -7400 -7430 -7537 -7573 -7518 -7434 # -8065 -8193 -8321 -8449 -8193 -8321 -832CPU side received count (scaleup: 1): -7507 -7396 -7530 -7593 -7610 -7335 -7335 -7382 # -8321 -8321 -8193 -8321 -8321 -8065 -8323 -8193 
CPU side received count (scaleup: 2): -7426 -7298 -7457 -7460 -7461 -7413 -7479 -7433 # -8065 -8193 -8193 -8321 -8321 -8321 -819CPU side received count (scaleup: 3): -7400 -7549 -7426 -7398 -7355 -7397 -7474 -7321 # -8193 -8193 -8193 -8193 -8193 -8193 -8191 -8321 
1 -8193 
1 -8321 
3 -8193 
3 -8193 
Elastic buffer uses 4 channels per SM
Elastic buffer uses 4 channels per SM
Elastic buffer uses 4 channels per SM
Elastic buffer uses 4 channels per SM
Elastic buffer uses 4 channels per SM
Elastic buffer uses 4 channels per SM
Elastic buffer uses 4 channels per SM
Elastic buffer uses 4 channels per SM
CPU side received count (scaleup: 2): -7426 -7298 -7457 -7460 -7461 -7413 -7479 -7433 # -8065 -8193 -8193 -8321 -8321 -8321 -819CPU side received count (scaleup: 3): -7400 -7549 -7426 -7398 -7355 -7397 -7474 -7321 # -8193 -8193 -8193 -8193 -8193 -8193 -819CPU side received count (scaleup: 0): -7526 -7289 -7400 -7430 -7537 -7573 -7518 -7434 # -8065 -8193 -8321 -8449 -8193 -8321 -832CPU side received count (scaleup: 1): -7507 -7396 -7530 -7593 -7610 -7335 -7335 -7382 # -8321 -8321 -8193 -8321 -8321 -8065 -8323 -8193 
3 -8193 
1 -8321 
CPU side received count (scaleup: 5): -7399 -7487 -7399 -7279 -7411 -7420 -7505 -7329 # -8193 -8065 -8193 -8321 -8321 -8193 -8191 -8321 
CPU side received count (scaleup: 6): -7457 -7402 -7321 -7552 -7493 -7487 -7371 -7472 # -8193 -8449 -8321 -8193 -8193 -8065 -832CPU side received count (scaleup: 7): -7446 -7490 -7393 -7465 -7420 -7392 -7374 -7414 # -8321 -8193 -8321 -8193 -8321 -8193 -819CPU side received count (scaleup: 4): -7415 -7468 -7405 -7458 -7389 -7432 -7474 -7344 # -8449 -8321 -8193 -8193 -8193 -8193 -8063 -8193 
3 -8321 
1 -8193 
5 -8321 
Elastic buffer uses 4 channels per SM
Elastic buffer uses 4 channels per SM
Elastic buffer uses 4 channels per SM
Elastic buffer uses 4 channels per SM
Elastic buffer uses 4 channels per SM
Elastic buffer uses 4 channels per SM
Elastic buffer uses 4 channels per SM
Elastic buffer uses 4 channels per SM
CPU side received count (scaleup: 0): -7526 -7289 -7400 -7430 -7537 -7573 -7518 -7434 # -8065 -8193 -8321 -8449 -8193 -8321 -832CPU side received count (scaleup: 3): -7400 -7549 -7426 -7398 -7355 -7397 -7474 -7321 # -8193 -8193 -8193 -8193 -8193 -8193 -819CPU side received count (scaleup: 2): -7426 -7298 -7457 -7460 -7461 -7413 -7479 -7433 # -8065 -8193 -8193 -8321 -8321 -8321 -819CPU side received count (scaleup: 1): -7507 -7396 -7530 -7593 -7610 -7335 -7335 -7382 # -8321 -8321 -8193 -8321 -8321 -8065 -8323 -8193 
3 -8193 
1 -8321 
1 -8321 
CPU side received count (scaleup: 5): -7399 -7487 -7399 -7279 -7411 -7420 -7505 -7329 # -8193 -8065 -8193 -8321 -8321 -8193 -819CPU side received count (scaleup: 4): -7415 -7468 -7405 -7458 -7389 -7432 -7474 -7344 # -8449 -8321 -8193 -8193 -8193 -8193 -806CPU side received count (scaleup: 6): -7457 -7402 -7321 -7552 -7493 -7487 -7371 -7472 # -8193 -8449 -8321 -8193 -8193 -8065 -8323 -8321 
CPU side received count (scaleup: 7): -7446 -7490 -7393 -7465 -7420 -7392 -7374 -7414 # -8321 -8193 -8321 -8193 -8321 -8193 -8195 -8321 
1 -8193 
3 -8193 
Elastic buffer uses 4 channels per SM
Elastic buffer uses 4 channels per SM
Elastic buffer uses 4 channels per SM
Elastic buffer uses 4 channels per SM
Elastic buffer uses 4 channels per SM
Elastic buffer uses 4 channels per SM
Elastic buffer uses 4 channels per SM
Elastic buffer uses 4 channels per SM
CPU side received count (scaleup: 5): -7399 -7487 -7399 -7279 -7411 -7420 -7505 -7329 # -8193 -8065 -8193 -8321 -8321 -8193 -819CPU side received count (scaleup: 6): -7457 -7402 -7321 -7552 -7493 -7487 -7371 -7472 # -8193 -8449 -8321 -8193 -8193 -8065 -832CPU side received count (scaleup: 7): -7446 -7490 -7393 -7465 -7420 -7392 -7374 -7414 # -8321 -8193 -8321 -8193 -8321 -8193 -8193 -8321 
1 -8193 
3 -8193 
CPU side received count (scaleup: 2): -7426 -7298 -7457 -7460 -7461 -7413 -7479 -7433 # -8065 -8193 -8193 -8321 -8321 -8321 -819CPU side received count (scaleup: 0): -7526 -7289 -7400 -7430 -7537 -7573 -7518 -7434 # -8065 -8193 -8321 -8449 -8193 -8321 -832CPU side received count (scaleup: 1): -7507 -7396 -7530 -7593 -7610 -7335 -7335 -7382 # -8321 -8321 -8193 -8321 -8321 -8065 -832CPU side received count (scaleup: 3): -7400 -7549 -7426 -7398 -7355 -7397 -7474 -7321 # -8193 -8193 -8193 -8193 -8193 -8193 -819CPU side received count (scaleup: 4): -7415 -7468 -7405 -7458 -7389 -7432 -7474 -7344 # -8449 -8321 -8193 -8193 -8193 -8193 -8063 -8193 
3 -8193 
1 -8321 
1 -8321 
5 -8321 
Elastic buffer uses 4 channels per SM
Elastic buffer uses 4 channels per SM
Elastic buffer uses 4 channels per SM
Elastic buffer uses 4 channels per SM
Elastic buffer uses 4 channels per SM
Elastic buffer uses 4 channels per SM
Elastic buffer uses 4 channels per SM
Elastic buffer uses 4 channels per SM
CPU side received count (scaleup: 5): -7399 -7487 -7399 -7279 -7411 -7420 -7505 -7329 # -8193 -8065 -8193 -8321 -8321 -8193 -819CPU side received count (scaleup: 6): -7457 -7402 -7321 -7552 -7493 -7487 -7371 -7472 # -8193 -8449 -8321 -8193 -8193 -8065 -832CPU side received count (scaleup: 7): -7446 -7490 -7393 -7465 -7420 -7392 -7374 -7414 # -8321 -8193 -8321 -8193 -8321 -8193 -819CPU side received count (scaleup: 4): -7415 -7468 -7405 -7458 -7389 -7432 -7474 -7344 # -8449 -8321 -8193 -8193 -8193 -8193 -8061 -8193 
3 -8321 
5 -8321 
3 -8193 
CPU side received count (scaleup: 1): -7507 -7396 -7530 -7593 -7610 -7335 -7335 -7382 # -8321 -8321 -8193 -8321 -8321 -8065 -832CPU side received count (scaleup: 3): -7400 -7549 -7426 -7398 -7355 -7397 -7474 -7321 # -8193 -8193 -8193 -8193 -8193 -8193 -819CPU side received count (scaleup: 0): -7526 -7289 -7400 -7430 -7537 -7573 -7518 -7434 # -8065 -8193 -8321 -8449 -8193 -8321 -8321 -8321 
CPU side received count (scaleup: 2): -7426 -7298 -7457 -7460 -7461 -7413 -7479 -7433 # -8065 -8193 -8193 -8321 -8321 -8321 -8193 -8193 
1 -8321 
3 -8193 
Elastic buffer uses 4 channels per SM
Elastic buffer uses 4 channels per SM
Elastic buffer uses 4 channels per SM
Elastic buffer uses 4 channels per SM
Elastic buffer uses 4 channels per SM
Elastic buffer uses 4 channels per SM
Elastic buffer uses 4 channels per SM
Elastic buffer uses 4 channels per SM
CPU side received count (scaleup: 0): -7526 -7289 -7400 -7430 -7537 -7573 -7518 -7434 # -8065 -8193 -8321 -8449 -8193 -8321 -832CPU side received count (scaleup: 2): -7426 -7298 -7457 -7460 -7461 -7413 -7479 -7433 # -8065 -8193 -8193 -8321 -8321 -8321 -819CPU side received count (scaleup: 3): -7400 -7549 -7426 -7398 -7355 -7397 -7474 -7321 # -8193 -8193 -8193 -8193 -8193 -8193 -819CPU side received count (scaleup: 1): -7507 -7396 -7530 -7593 -7610 -7335 -7335 -7382 # -8321 -8321 -8193 -8321 -8321 -8065 -8323 -8193 
1 -8321 
CPU side received count (scaleup: 7): -7446 -7490 -7393 -7465 -7420 -7392 -7374 -7414 # -8321 -8193 -8321 -8193 -8321 -8193 -819CPU side received count (scaleup: 5): -7399 -7487 -7399 -7279 -7411 -7420 -7505 -7329 # -8193 -8065 -8193 -8321 -8321 -8193 -8193 -8193 
CPU side received count (scaleup: 6): -7457 -7402 -7321 -7552 -7493 -7487 -7371 -7472 # -8193 -8449 -8321 -8193 -8193 -8065 -8323 -8321 
1 -8321 
CPU side received count (scaleup: 4): -7415 -7468 -7405 -7458 -7389 -7432 -7474 -7344 # -8449 -8321 -8193 -8193 -8193 -8193 -8061 -8193 
3 -8193 
5 -8321 
Elastic buffer uses 4 channels per SM
Elastic buffer uses 4 channels per SM
Elastic buffer uses 4 channels per SM
Elastic buffer uses 4 channels per SM
Elastic buffer uses 4 channels per SM
Elastic buffer uses 4 channels per SM
Elastic buffer uses 4 channels per SM
Elastic buffer uses 4 channels per SM
CPU side received count (scaleup: 2): -7426 -7298 -7457 -7460 -7461 -7413 -7479 -7433 # -8065 -8193 -8193 -8321 -8321 -8321 -819CPU side received count (scaleup: 3): -7400 -7549 -7426 -7398 -7355 -7397 -7474 -7321 # -8193 -8193 -8193 -8193 -8193 -8193 -819CPU side received count (scaleup: 0): -7526 -7289 -7400 -7430 -7537 -7573 -7518 -7434 # -8065 -8193 -8321 -8449 -8193 -8321 -832CPU side received count (scaleup: 1): -7507 -7396 -7530 -7593 -7610 -7335 -7335 -7382 # -8321 -8321 -8193 -8321 -8321 -8065 -8323 -8193 
CPU side received count (scaleup: 4): -7415 -7468 -7405 -7458 -7389 -7432 -7474 -7344 # -8449 -8321 -8193 -8193 -8193 -8193 -8061 -8321 
3 -8193 
CPU side received count (scaleup: 6): -7457 -7402 -7321 -7552 -7493 -7487 -7371 -7472 # -8193 -8449 -8321 -8193 -8193 -8065 -832CPU side received count (scaleup: 7): -7446 -7490 -7393 -7465 -7420 -7392 -7374 -7414 # -8321 -8193 -8321 -8193 -8321 -8193 -8191 -8321 
3 -8193 
CPU side received count (scaleup: 5): -7399 -7487 -7399 -7279 -7411 -7420 -7505 -7329 # -8193 -8065 -8193 -8321 -8321 -8193 -8193 -8321 
5 -8321 
1 -8193 
Elastic buffer uses 4 channels per SM
Elastic buffer uses 4 channels per SM
Elastic buffer uses 4 channels per SM
Elastic buffer uses 4 channels per SM
Elastic buffer uses 4 channels per SM
Elastic buffer uses 4 channels per SM
Elastic buffer uses 4 channels per SM
Elastic buffer uses 4 channels per SM
CPU side received count (scaleup: 2): -7426 -7298 -7457 -7460 -7461 -7413 -7479 -7433 # -8065 -8193 -8193 -8321 -8321 -8321 -819CPU side received count (scaleup: 3): -7400 -7549 -7426 -7398 -7355 -7397 -7474 -7321 # -8193 -8193 -8193 -8193 -8193 -8193 -819CPU side received count (scaleup: 0): -7526 -7289 -7400 -7430 -7537 -7573 -7518 -7434 # -8065 -8193 -8321 -8449 -8193 -8321 -832CPU side received count (scaleup: 1): -7507 -7396 -7530 -7593 -7610 -7335 -7335 -7382 # -8321 -8321 -8193 -8321 -8321 -8065 -8323 -8193 
3 -8193 
1 -8321 
1 -8321 
CPU side received count (scaleup: 5): -7399 -7487 -7399 -7279 -7411 -7420 -7505 -7329 # -8193 -8065 -8193 -8321 -8321 -8193 -819CPU side received count (scaleup: 7): -7446 -7490 -7393 -7465 -7420 -7392 -7374 -7414 # -8321 -8193 -8321 -8193 -8321 -8193 -819CPU side received count (scaleup: 6): -7457 -7402 -7321 -7552 -7493 -7487 -7371 -7472 # -8193 -8449 -8321 -8193 -8193 -8065 -832CPU side received count (scaleup: 4): -7415 -7468 -7405 -7458 -7389 -7432 -7474 -7344 # -8449 -8321 -8193 -8193 -8193 -8193 -8063 -8321 
3 -8193 
5 -8321 
1 -8193 
Elastic buffer uses 4 channels per SM
Elastic buffer uses 4 channels per SM
Elastic buffer uses 4 channels per SM
Elastic buffer uses 4 channels per SM
Elastic buffer uses 4 channels per SM
Elastic buffer uses 4 channels per SM
Elastic buffer uses 4 channels per SM
Elastic buffer uses 4 channels per SM
CPU side received count (scaleup: 2): -7426 -7298 -7457 -7460 -7461 -7413 -7479 -7433 # -8065 -8193 -8193 -8321 -8321 -8321 -819CPU side received count (scaleup: 0): -7526 -7289 -7400 -7430 -7537 -7573 -7518 -7434 # -8065 -8193 -8321 -8449 -8193 -8321 -832CPU side received count (scaleup: 3): -7400 -7549 -7426 -7398 -7355 -7397 -7474 -7321 # -8193 -8193 -8193 -8193 -8193 -8193 -819CPU side received count (scaleup: 7): -7446 -7490 -7393 -7465 -7420 -7392 -7374 -7414 # -8321 -8193 -8321 -8193 -8321 -8193 -8191 -8321 
3 -8193 
CPU side received count (scaleup: 5): -7399 -7487 -7399 -7279 -7411 -7420 -7505 -7329 # -8193 -8065 -8193 -8321 -8321 -8193 -819CPU side received count (scaleup: 6): -7457 -7402 -7321 -7552 -7493 -7487 -7371 -7472 # -8193 -8449 -8321 -8193 -8193 -8065 -832CPU side received count (scaleup: 4): -7415 -7468 -7405 -7458 -7389 -7432 -7474 -7344 # -8449 -8321 -8193 -8193 -8193 -8193 -8063 -8321 
1 -8193 
3 -8193 
5 -8321 
CPU side received count (scaleup: 1): -7507 -7396 -7530 -7593 -7610 -7335 -7335 -7382 # -8321 -8321 -8193 -8321 -8321 -8065 -8323 -8193 
1 -8321 
Elastic buffer uses 4 channels per SM
Elastic buffer uses 4 channels per SM
Elastic buffer uses 4 channels per SM
Elastic buffer uses 4 channels per SM
Elastic buffer uses 4 channels per SM
Elastic buffer uses 4 channels per SM
Elastic buffer uses 4 channels per SM
Elastic buffer uses 4 channels per SM
CPU side received count (scaleup: 5): -7399 -7487 -7399 -7279 -7411 -7420 -7505 -7329 # -8193 -8065 -8193 -8321 -8321 -8193 -819CPU side received count (scaleup: 7): -7446 -7490 -7393 -7465 -7420 -7392 -7374 -7414 # -8321 -8193 -8321 -8193 -8321 -8193 -819CPU side received count (scaleup: 6): -7457 -7402 -7321 -7552 -7493 -7487 -7371 -7472 # -8193 -8449 -8321 -8193 -8193 -8065 -832CPU side received count (scaleup: 4): -7415 -7468 -7405 -7458 -7389 -7432 -7474 -7344 # -8449 -8321 -8193 -8193 -8193 -8193 -8061 -8193 
3 -8321 
5 -8321 
3 -8193 
CPU side received count (scaleup: 0): -7526 -7289 -7400 -7430 -7537 -7573 -7518 -7434 # -8065 -8193 -8321 -8449 -8193 -8321 -832CPU side received count (scaleup: 1): -7507 -7396 -7530 -7593 -7610 -7335 -7335 -7382 # -8321 -8321 -8193 -8321 -8321 -8065 -832CPU side received count (scaleup: 2): -7426 -7298 -7457 -7460 -7461 -7413 -7479 -7433 # -8065 -8193 -8193 -8321 -8321 -8321 -8191 -8321 
CPU side received count (scaleup: 3): -7400 -7549 -7426 -7398 -7355 -7397 -7474 -7321 # -8193 -8193 -8193 -8193 -8193 -8193 -8191 -8321 
3 -8193 
3 -8193 
Elastic buffer uses 4 channels per SM
Elastic buffer uses 4 channels per SM
Elastic buffer uses 4 channels per SM
Elastic buffer uses 4 channels per SM
Elastic buffer uses 4 channels per SM
Elastic buffer uses 4 channels per SM
Elastic buffer uses 4 channels per SM
Elastic buffer uses 4 channels per SM
CPU side received count (scaleup: 5): -7399 -7487 -7399 -7279 -7411 -7420 -7505 -7329 # -8193 -8065 -8193 -8321 -8321 -8193 -819CPU side received count (scaleup: 6): -7457 -7402 -7321 -7552 -7493 -7487 -7371 -7472 # -8193 -8449 -8321 -8193 -8193 -8065 -832CPU side received count (scaleup: 7): -7446 -7490 -7393 -7465 -7420 -7392 -7374 -7414 # -8321 -8193 -8321 -8193 -8321 -8193 -8193 -8321 
1 -8193 
3 -8193 
CPU side received count (scaleup: 0): -7526 -7289 -7400 -7430 -7537 -7573 -7518 -7434 # -8065 -8193 -8321 -8449 -8193 -8321 -832CPU side received count (scaleup: 3): -7400 -7549 -7426 -7398 -7355 -7397 -7474 -7321 # -8193 -8193 -8193 -8193 -8193 -8193 -819CPU side received count (scaleup: 1): -7507 -7396 -7530 -7593 -7610 -7335 -7335 -7382 # -8321 -8321 -8193 -8321 -8321 -8065 -832CPU side received count (scaleup: 2): -7426 -7298 -7457 -7460 -7461 -7413 -7479 -7433 # -8065 -8193 -8193 -8321 -8321 -8321 -819CPU side received count (scaleup: 4): -7415 -7468 -7405 -7458 -7389 -7432 -7474 -7344 # -8449 -8321 -8193 -8193 -8193 -8193 -8063 -8193 
1 -8321 
3 -8193 
1 -8321 
5 -8321 
Elastic buffer uses 4 channels per SM
Elastic buffer uses 4 channels per SM
Elastic buffer uses 4 channels per SM
Elastic buffer uses 4 channels per SM
Elastic buffer uses 4 channels per SM
Elastic buffer uses 4 channels per SM
Elastic buffer uses 4 channels per SM
Elastic buffer uses 4 channels per SM
CPU side received count (scaleup: 0): -7526 -7289 -7400 -7430 -7537 -7573 -7518 -7434 # -8065 -8193 -8321 -8449 -8193 -8321 -832CPU side received count (scaleup: 2): -7426 -7298 -7457 -7460 -7461 -7413 -7479 -7433 # -8065 -8193 -8193 -8321 -8321 -8321 -819CPU side received count (scaleup: 1): -7507 -7396 -7530 -7593 -7610 -7335 -7335 -7382 # -8321 -8321 -8193 -8321 -8321 -8065 -832CPU side received count (scaleup: 3): -7400 -7549 -7426 -7398 -7355 -7397 -7474 -7321 # -8193 -8193 -8193 -8193 -8193 -8193 -8191 -8321 
CPU side received count (scaleup: 7): -7446 -7490 -7393 -7465 -7420 -7392 -7374 -7414 # -8321 -8193 -8321 -8193 -8321 -8193 -8193 -8193 
1 -8321 
CPU side received count (scaleup: 5): -7399 -7487 -7399 -7279 -7411 -7420 -7505 -7329 # -8193 -8065 -8193 -8321 -8321 -8193 -819CPU side received count (scaleup: 4): -7415 -7468 -7405 -7458 -7389 -7432 -7474 -7344 # -8449 -8321 -8193 -8193 -8193 -8193 -806CPU side received count (scaleup: 6): -7457 -7402 -7321 -7552 -7493 -7487 -7371 -7472 # -8193 -8449 -8321 -8193 -8193 -8065 -8323 -8193 
3 -8193 
5 -8321 
3 -8321 
1 -8193 
Elastic buffer uses 4 channels per SM
Elastic buffer uses 4 channels per SM
Elastic buffer uses 4 channels per SM
Elastic buffer uses 4 channels per SM
Elastic buffer uses 4 channels per SM
Elastic buffer uses 4 channels per SM
Elastic buffer uses 4 channels per SM
Elastic buffer uses 4 channels per SM
CPU side received count (scaleup: 0): -7526 -7289 -7400 -7430 -7537 -7573 -7518 -7434 # -8065 -8193 -8321 -8449 -8193 -8321 -832CPU side received count (scaleup: 3): -7400 -7549 -7426 -7398 -7355 -7397 -7474 -7321 # -8193 -8193 -8193 -8193 -8193 -8193 -819CPU side received count (scaleup: 1): -7507 -7396 -7530 -7593 -7610 -7335 -7335 -7382 # -8321 -8321 -8193 -8321 -8321 -8065 -832CPU side received count (scaleup: 2): -7426 -7298 -7457 -7460 -7461 -7413 -7479 -7433 # -8065 -8193 -8193 -8321 -8321 -8321 -819CPU side received count (scaleup: 4): -7415 -7468 -7405 -7458 -7389 -7432 -7474 -7344 # -8449 -8321 -8193 -8193 -8193 -8193 -806CPU side received count (scaleup: 5): -7399 -7487 -7399 -7279 -7411 -7420 -7505 -7329 # -8193 -8065 -8193 -8321 -8321 -8193 -8191 -8321 
5 -8321 
3 -8321 
CPU side received count (scaleup: 6): -7457 -7402 -7321 -7552 -7493 -7487 -7371 -7472 # -8193 -8449 -8321 -8193 -8193 -8065 -832CPU side received count (scaleup: 7): -7446 -7490 -7393 -7465 -7420 -7392 -7374 -7414 # -8321 -8193 -8321 -8193 -8321 -8193 -8191 -8321 
3 -8193 
3 -8193 
1 -8193 
3 -8193 
Elastic buffer uses 4 channels per SM
Elastic buffer uses 4 channels per SM
Elastic buffer uses 4 channels per SM
Elastic buffer uses 4 channels per SM
Elastic buffer uses 4 channels per SM
Elastic buffer uses 4 channels per SM
Elastic buffer uses 4 channels per SM
Elastic buffer uses 4 channels per SM
CPU side received count (scaleup: 2): -7426 -7298 -7457 -7460 -7461 -7413 -7479 -7433 # -8065 -8193 -8193 -8321 -8321 -8321 -819CPU side received count (scaleup: 0): -7526 -7289 -7400 -7430 -7537 -7573 -7518 -7434 # -8065 -8193 -8321 -8449 -8193 -8321 -832CPU side received count (scaleup: 3): -7400 -7549 -7426 -7398 -7355 -7397 -7474 -7321 # -8193 -8193 -8193 -8193 -8193 -8193 -819CPU side received count (scaleup: 1): -7507 -7396 -7530 -7593 -7610 -7335 -7335 -7382 # -8321 -8321 -8193 -8321 -8321 -8065 -8323 -8193 
1 -8321 
CPU side received count (scaleup: 6): -7457 -7402 -7321 -7552 -7493 -7487 -7371 -7472 # -8193 -8449 -8321 -8193 -8193 -8065 -8323 -8193 
CPU side received count (scaleup: 7): -7446 -7490 -7393 -7465 -7420 -7392 -7374 -7414 # -8321 -8193 -8321 -8193 -8321 -8193 -8191 -8321 
CPU side received count (scaleup: 4): -7415 -7468 -7405 -7458 -7389 -7432 -7474 -7344 # -8449 -8321 -8193 -8193 -8193 -8193 -806CPU side received count (scaleup: 5): -7399 -7487 -7399 -7279 -7411 -7420 -7505 -7329 # -8193 -8065 -8193 -8321 -8321 -8193 -8191 -8193 
3 -8193 
5 -8321 
3 -8321 
Elastic buffer uses 4 channels per SM
Elastic buffer uses 4 channels per SM
Elastic buffer uses 4 channels per SM
Elastic buffer uses 4 channels per SM
Elastic buffer uses 4 channels per SM
Elastic buffer uses 4 channels per SM
Elastic buffer uses 4 channels per SM
Elastic buffer uses 4 channels per SM
CPU side received count (scaleup: 6): -7457 -7402 -7321 -7552 -7493 -7487 -7371 -7472 # -8193 -8449 -8321 -8193 -8193 -8065 -832CPU side received count (scaleup: 5): -7399 -7487 -7399 -7279 -7411 -7420 -7505 -7329 # -8193 -8065 -8193 -8321 -8321 -8193 -819CPU side received count (scaleup: 7): -7446 -7490 -7393 -7465 -7420 -7392 -7374 -7414 # -8321 -8193 -8321 -8193 -8321 -8193 -819CPU side received count (scaleup: 4): -7415 -7468 -7405 -7458 -7389 -7432 -7474 -7344 # -8449 -8321 -8193 -8193 -8193 -8193 -8061 -8193 
3 -8321 
3 -8193 
5 -8321 
CPU side received count (scaleup: 2): -7426 -7298 -7457 -7460 -7461 -7413 -7479 -7433 # -8065 -8193 -8193 -8321 -8321 -8321 -819CPU side received count (scaleup: 3): -7400 -7549 -7426 -7398 -7355 -7397 -7474 -7321 # -8193 -8193 -8193 -8193 -8193 -8193 -819CPU side received count (scaleup: 1): -7507 -7396 -7530 -7593 -7610 -7335 -7335 -7382 # -8321 -8321 -8193 -8321 -8321 -8065 -832CPU side received count (scaleup: 0): -7526 -7289 -7400 -7430 -7537 -7573 -7518 -7434 # -8065 -8193 -8321 -8449 -8193 -8321 -8323 -8193 
1 -8321 
3 -8193 
1 -8321 
Elastic buffer uses 4 channels per SM
Elastic buffer uses 4 channels per SM
Elastic buffer uses 4 channels per SM
Elastic buffer uses 4 channels per SM
Elastic buffer uses 4 channels per SM
Elastic buffer uses 4 channels per SM
Elastic buffer uses 4 channels per SM
Elastic buffer uses 4 channels per SM
CPU side received count (scaleup: 5): -7399 -7487 -7399 -7279 -7411 -7420 -7505 -7329 # -8193 -8065 -8193 -8321 -8321 -8193 -819CPU side received count (scaleup: 4): -7415 -7468 -7405 -7458 -7389 -7432 -7474 -7344 # -8449 -8321 -8193 -8193 -8193 -8193 -806CPU side received count (scaleup: 7): -7446 -7490 -7393 -7465 -7420 -7392 -7374 -7414 # -8321 -8193 -8321 -8193 -8321 -8193 -8193 -8321 
5 -8321 
3 -8193 
CPU side received count (scaleup: 6): -7457 -7402 -7321 -7552 -7493 -7487 -7371 -7472 # -8193 -8449 -8321 -8193 -8193 -8065 -8321 -8193 
CPU side received count (scaleup: 3): -7400 -7549 -7426 -7398 -7355 -7397 -7474 -7321 # -8193 -8193 -8193 -8193 -8193 -8193 -819CPU side received count (scaleup: 1): -7507 -7396 -7530 -7593 -7610 -7335 -7335 -7382 # -8321 -8321 -8193 -8321 -8321 -8065 -8323 -8193 
1 -8321 
CPU side received count (scaleup: 0): -7526 -7289 -7400 -7430 -7537 -7573 -7518 -7434 # -8065 -8193 -8321 -8449 -8193 -8321 -832CPU side received count (scaleup: 2): -7426 -7298 -7457 -7460 -7461 -7413 -7479 -7433 # -8065 -8193 -8193 -8321 -8321 -8321 -8191 -8321 
3 -8193 
Elastic buffer uses 4 channels per SM
Elastic buffer uses 4 channels per SM
Elastic buffer uses 4 channels per SM
Elastic buffer uses 4 channels per SM
Elastic buffer uses 4 channels per SM
Elastic buffer uses 4 channels per SM
Elastic buffer uses 4 channels per SM
Elastic buffer uses 4 channels per SM
CPU side received count (scaleup: 2): -7426 -7298 -7457 -7460 -7461 -7413 -7479 -7433 # -8065 -8193 -8193 -8321 -8321 -8321 -819CPU side received count (scaleup: 3): -7400 -7549 -7426 -7398 -7355 -7397 -7474 -7321 # -8193 -8193 -8193 -8193 -8193 -8193 -819CPU side received count (scaleup: 0): -7526 -7289 -7400 -7430 -7537 -7573 -7518 -7434 # -8065 -8193 -8321 -8449 -8193 -8321 -8323 -8193 
CPU side received count (scaleup: 1): -7507 -7396 -7530 -7593 -7610 -7335 -7335 -7382 # -8321 -8321 -8193 -8321 -8321 -8065 -8323 -8193 
1 -8321 
CPU side received count (scaleup: 7): -7446 -7490 -7393 -7465 -7420 -7392 -7374 -7414 # -8321 -8193 -8321 -8193 -8321 -8193 -819CPU side received count (scaleup: 5): -7399 -7487 -7399 -7279 -7411 -7420 -7505 -7329 # -8193 -8065 -8193 -8321 -8321 -8193 -8191 -8321 
CPU side received count (scaleup: 4): -7415 -7468 -7405 -7458 -7389 -7432 -7474 -7344 # -8449 -8321 -8193 -8193 -8193 -8193 -8063 -8193 
5 -8321 
3 -8321 
CPU side received count (scaleup: 6): -7457 -7402 -7321 -7552 -7493 -7487 -7371 -7472 # -8193 -8449 -8321 -8193 -8193 -8065 -8321 -8193 
Elastic buffer uses 4 channels per SM
Elastic buffer uses 4 channels per SM
Elastic buffer uses 4 channels per SM
Elastic buffer uses 4 channels per SM
Elastic buffer uses 4 channels per SM
Elastic buffer uses 4 channels per SM
Elastic buffer uses 4 channels per SM
Elastic buffer uses 4 channels per SM
CPU side received count (scaleup: 2): -7426 -7298 -7457 -7460 -7461 -7413 -7479 -7433 # -8065 -8193 -8193 -8321 -8321 -8321 -819CPU side received count (scaleup: 0): -7526 -7289 -7400 -7430 -7537 -7573 -7518 -7434 # -8065 -8193 -8321 -8449 -8193 -8321 -832CPU side received count (scaleup: 3): -7400 -7549 -7426 -7398 -7355 -7397 -7474 -7321 # -8193 -8193 -8193 -8193 -8193 -8193 -819CPU side received count (scaleup: 1): -7507 -7396 -7530 -7593 -7610 -7335 -7335 -7382 # -8321 -8321 -8193 -8321 -8321 -8065 -8323 -8193 
1 -8321 
3 -8193 
1 -8321 
CPU side received count (scaleup: 5): -7399 -7487 -7399 -7279 -7411 -7420 -7505 -7329 # -8193 -8065 -8193 -8321 -8321 -8193 -819CPU side received count (scaleup: 7): -7446 -7490 -7393 -7465 -7420 -7392 -7374 -7414 # -8321 -8193 -8321 -8193 -8321 -8193 -819CPU side received count (scaleup: 4): -7415 -7468 -7405 -7458 -7389 -7432 -7474 -7344 # -8449 -8321 -8193 -8193 -8193 -8193 -806CPU side received count (scaleup: 6): -7457 -7402 -7321 -7552 -7493 -7487 -7371 -7472 # -8193 -8449 -8321 -8193 -8193 -8065 -8323 -8321 
3 -8193 
1 -8193 
5 -8321 
Elastic buffer uses 4 channels per SM
Elastic buffer uses 4 channels per SM
Elastic buffer uses 4 channels per SM
Elastic buffer uses 4 channels per SM
Elastic buffer uses 4 channels per SM
Elastic buffer uses 4 channels per SM
Elastic buffer uses 4 channels per SM
Elastic buffer uses 4 channels per SM
CPU side received count (scaleup: 7): -7446 -7490 -7393 -7465 -7420 -7392 -7374 -7414 # -8321 -8193 -8321 -8193 -8321 -8193 -819CPU side received count (scaleup: 5): -7399 -7487 -7399 -7279 -7411 -7420 -7505 -7329 # -8193 -8065 -8193 -8321 -8321 -8193 -819CPU side received count (scaleup: 6): -7457 -7402 -7321 -7552 -7493 -7487 -7371 -7472 # -8193 -8449 -8321 -8193 -8193 -8065 -832CPU side received count (scaleup: 4): -7415 -7468 -7405 -7458 -7389 -7432 -7474 -7344 # -8449 -8321 -8193 -8193 -8193 -8193 -806CPU side received count (scaleup: 0): -7526 -7289 -7400 -7430 -7537 -7573 -7518 -7434 # -8065 -8193 -8321 -8449 -8193 -8321 -832CPU side received count (scaleup: 1): -7507 -7396 -7530 -7593 -7610 -7335 -7335 -7382 # -8321 -8321 -8193 -8321 -8321 -8065 -8323 -8193 
3 -8321 
CPU side received count (scaleup: 2): -7426 -7298 -7457 -7460 -7461 -7413 -7479 -7433 # -8065 -8193 -8193 -8321 -8321 -8321 -8191 -8193 
5 -8321 
CPU side received count (scaleup: 3): -7400 -7549 -7426 -7398 -7355 -7397 -7474 -7321 # -8193 -8193 -8193 -8193 -8193 -8193 -8191 -8321 
1 -8321 
3 -8193 
3 -8193 
Elastic buffer uses 4 channels per SM
Elastic buffer uses 4 channels per SM
Elastic buffer uses 4 channels per SM
Elastic buffer uses 4 channels per SM
Elastic buffer uses 4 channels per SM
Elastic buffer uses 4 channels per SM
Elastic buffer uses 4 channels per SM
Elastic buffer uses 4 channels per SM
CPU side received count (scaleup: 2): -7426 -7298 -7457 -7460 -7461 -7413 -7479 -7433 # -8065 -8193 -8193 -8321 -8321 -8321 -819CPU side received count (scaleup: 3): -7400 -7549 -7426 -7398 -7355 -7397 -7474 -7321 # -8193 -8193 -8193 -8193 -8193 -8193 -819CPU side received count (scaleup: 0): -7526 -7289 -7400 -7430 -7537 -7573 -7518 -7434 # -8065 -8193 -8321 -8449 -8193 -8321 -832CPU side received count (scaleup: 1): -7507 -7396 -7530 -7593 -7610 -7335 -7335 -7382 # -8321 -8321 -8193 -8321 -8321 -8065 -8323 -8193 
CPU side received count (scaleup: 6): -7457 -7402 -7321 -7552 -7493 -7487 -7371 -7472 # -8193 -8449 -8321 -8193 -8193 -8065 -8323 -8193 
1 -8193 
CPU side received count (scaleup: 5): -7399 -7487 -7399 -7279 -7411 -7420 -7505 -7329 # -8193 -8065 -8193 -8321 -8321 -8193 -819CPU side received count (scaleup: 7): -7446 -7490 -7393 -7465 -7420 -7392 -7374 -7414 # -8321 -8193 -8321 -8193 -8321 -8193 -819CPU side received count (scaleup: 4): -7415 -7468 -7405 -7458 -7389 -7432 -7474 -7344 # -8449 -8321 -8193 -8193 -8193 -8193 -8061 -8321 
1 -8321 
3 -8321 
3 -8193 
5 -8321 
Elastic buffer uses 4 channels per SM
Elastic buffer uses 4 channels per SM
Elastic buffer uses 4 channels per SM
Elastic buffer uses 4 channels per SM
Elastic buffer uses 4 channels per SM
Elastic buffer uses 4 channels per SM
Elastic buffer uses 4 channels per SM
Elastic buffer uses 4 channels per SM
CPU side received count (scaleup: 2): -7426 -7298 -7457 -7460 -7461 -7413 -7479 -7433 # -8065 -8193 -8193 -8321 -8321 -8321 -819CPU side received count (scaleup: 0): -7526 -7289 -7400 -7430 -7537 -7573 -7518 -7434 # -8065 -8193 -8321 -8449 -8193 -8321 -832CPU side received count (scaleup: 3): -7400 -7549 -7426 -7398 -7355 -7397 -7474 -7321 # -8193 -8193 -8193 -8193 -8193 -8193 -819CPU side received count (scaleup: 1): -7507 -7396 -7530 -7593 -7610 -7335 -7335 -7382 # -8321 -8321 -8193 -8321 -8321 -8065 -8323 -8193 
1 -8321 
3 -8193 
1 -8321 
CPU side received count (scaleup: 5): -7399 -7487 -7399 -7279 -7411 -7420 -7505 -7329 # -8193 -8065 -8193 -8321 -8321 -8193 -819CPU side received count (scaleup: 7): -7446 -7490 -7393 -7465 -7420 -7392 -7374 -7414 # -8321 -8193 -8321 -8193 -8321 -8193 -819CPU side received count (scaleup: 6): -7457 -7402 -7321 -7552 -7493 -7487 -7371 -7472 # -8193 -8449 -8321 -8193 -8193 -8065 -8323 -8321 
CPU side received count (scaleup: 4): -7415 -7468 -7405 -7458 -7389 -7432 -7474 -7344 # -8449 -8321 -8193 -8193 -8193 -8193 -8063 -8193 
1 -8193 
5 -8321 
Elastic buffer uses 4 channels per SM
Elastic buffer uses 4 channels per SM
Elastic buffer uses 4 channels per SM
Elastic buffer uses 4 channels per SM
Elastic buffer uses 4 channels per SM
Elastic buffer uses 4 channels per SM
Elastic buffer uses 4 channels per SM
Elastic buffer uses 4 channels per SM
CPU side received count (scaleup: 2): -7426 -7298 -7457 -7460 -7461 -7413 -7479 -7433 # -8065 -8193 -8193 -8321 -8321 -8321 -819CPU side received count (scaleup: 0): -7526 -7289 -7400 -7430 -7537 -7573 -7518 -7434 # -8065 -8193 -8321 -8449 -8193 -8321 -832CPU side received count (scaleup: 3): -7400 -7549 -7426 -7398 -7355 -7397 -7474 -7321 # -8193 -8193 -8193 -8193 -8193 -8193 -819CPU side received count (scaleup: 1): -7507 -7396 -7530 -7593 -7610 -7335 -7335 -7382 # -8321 -8321 -8193 -8321 -8321 -8065 -8323 -8193 
CPU side received count (scaleup: 6): -7457 -7402 -7321 -7552 -7493 -7487 -7371 -7472 # -8193 -8449 -8321 -8193 -8193 -8065 -8321 -8321 
CPU side received count (scaleup: 4): -7415 -7468 -7405 -7458 -7389 -7432 -7474 -7344 # -8449 -8321 -8193 -8193 -8193 -8193 -8063 -8193 
5 -8321 
CPU side received count (scaleup: 7): -7446 -7490 -7393 -7465 -7420 -7392 -7374 -7414 # -8321 -8193 -8321 -8193 -8321 -8193 -819CPU side received count (scaleup: 5): -7399 -7487 -7399 -7279 -7411 -7420 -7505 -7329 # -8193 -8065 -8193 -8321 -8321 -8193 -8191 -8321 
3 -8193 
1 -8193 
3 -8321 
Elastic buffer uses 4 channels per SM
Elastic buffer uses 4 channels per SM
Elastic buffer uses 4 channels per SM
Elastic buffer uses 4 channels per SM
Elastic buffer uses 4 channels per SM
Elastic buffer uses 4 channels per SM
Elastic buffer uses 4 channels per SM
Elastic buffer uses 4 channels per SM
CPU side received count (scaleup: 2): -7426 -7298 -7457 -7460 -7461 -7413 -7479 -7433 # -8065 -8193 -8193 -8321 -8321 -8321 -819CPU side received count (scaleup: 0): -7526 -7289 -7400 -7430 -7537 -7573 -7518 -7434 # -8065 -8193 -8321 -8449 -8193 -8321 -832CPU side received count (scaleup: 3): -7400 -7549 -7426 -7398 -7355 -7397 -7474 -7321 # -8193 -8193 -8193 -8193 -8193 -8193 -819CPU side received count (scaleup: 1): -7507 -7396 -7530 -7593 -7610 -7335 -7335 -7382 # -8321 -8321 -8193 -8321 -8321 -8065 -832CPU side received count (scaleup: 5): -7399 -7487 -7399 -7279 -7411 -7420 -7505 -7329 # -8193 -8065 -8193 -8321 -8321 -8193 -819CPU side received count (scaleup: 4): -7415 -7468 -7405 -7458 -7389 -7432 -7474 -7344 # -8449 -8321 -8193 -8193 -8193 -8193 -8061 -8321 
CPU side received count (scaleup: 6): -7457 -7402 -7321 -7552 -7493 -7487 -7371 -7472 # -8193 -8449 -8321 -8193 -8193 -8065 -832CPU side received count (scaleup: 7): -7446 -7490 -7393 -7465 -7420 -7392 -7374 -7414 # -8321 -8193 -8321 -8193 -8321 -8193 -8193 -8193 
5 -8321 
3 -8193 
1 -8321 
3 -8321 
1 -8193 
3 -8193 
Elastic buffer uses 4 channels per SM
Elastic buffer uses 4 channels per SM
Elastic buffer uses 4 channels per SM
Elastic buffer uses 4 channels per SM
Elastic buffer uses 4 channels per SM
Elastic buffer uses 4 channels per SM
Elastic buffer uses 4 channels per SM
Elastic buffer uses 4 channels per SM
CPU side received count (scaleup: 2): -7426 -7298 -7457 -7460 -7461 -7413 -7479 -7433 # -8065 -8193 -8193 -8321 -8321 -8321 -819CPU side received count (scaleup: 3): -7400 -7549 -7426 -7398 -7355 -7397 -7474 -7321 # -8193 -8193 -8193 -8193 -8193 -8193 -819CPU side received count (scaleup: 1): -7507 -7396 -7530 -7593 -7610 -7335 -7335 -7382 # -8321 -8321 -8193 -8321 -8321 -8065 -832CPU side received count (scaleup: 0): -7526 -7289 -7400 -7430 -7537 -7573 -7518 -7434 # -8065 -8193 -8321 -8449 -8193 -8321 -8323 -8193 
3 -8193 
1 -8321 
CPU side received count (scaleup: 6): -7457 -7402 -7321 -7552 -7493 -7487 -7371 -7472 # -8193 -8449 -8321 -8193 -8193 -8065 -8321 -8321 
CPU side received count (scaleup: 7): -7446 -7490 -7393 -7465 -7420 -7392 -7374 -7414 # -8321 -8193 -8321 -8193 -8321 -8193 -819CPU side received count (scaleup: 5): -7399 -7487 -7399 -7279 -7411 -7420 -7505 -7329 # -8193 -8065 -8193 -8321 -8321 -8193 -819CPU side received count (scaleup: 4): -7415 -7468 -7405 -7458 -7389 -7432 -7474 -7344 # -8449 -8321 -8193 -8193 -8193 -8193 -8061 -8193 
3 -8193 
3 -8321 
5 -8321 
Elastic buffer uses 4 channels per SM
Elastic buffer uses 4 channels per SM
Elastic buffer uses 4 channels per SM
Elastic buffer uses 4 channels per SM
Elastic buffer uses 4 channels per SM
Elastic buffer uses 4 channels per SM
Elastic buffer uses 4 channels per SM
Elastic buffer uses 4 channels per SM
CPU side received count (scaleup: 0): -7526 -7289 -7400 -7430 -7537 -7573 -7518 -7434 # -8065 -8193 -8321 -8449 -8193 -8321 -832CPU side received count (scaleup: 2): -7426 -7298 -7457 -7460 -7461 -7413 -7479 -7433 # -8065 -8193 -8193 -8321 -8321 -8321 -819CPU side received count (scaleup: 3): -7400 -7549 -7426 -7398 -7355 -7397 -7474 -7321 # -8193 -8193 -8193 -8193 -8193 -8193 -819CPU side received count (scaleup: 1): -7507 -7396 -7530 -7593 -7610 -7335 -7335 -7382 # -8321 -8321 -8193 -8321 -8321 -8065 -8321 -8321 
CPU side received count (scaleup: 7): -7446 -7490 -7393 -7465 -7420 -7392 -7374 -7414 # -8321 -8193 -8321 -8193 -8321 -8193 -819CPU side received count (scaleup: 4): -7415 -7468 -7405 -7458 -7389 -7432 -7474 -7344 # -8449 -8321 -8193 -8193 -8193 -8193 -806CPU side received count (scaleup: 6): -7457 -7402 -7321 -7552 -7493 -7487 -7371 -7472 # -8193 -8449 -8321 -8193 -8193 -8065 -832CPU side received count (scaleup: 5): -7399 -7487 -7399 -7279 -7411 -7420 -7505 -7329 # -8193 -8065 -8193 -8321 -8321 -8193 -8193 -8193 
3 -8193 
1 -8321 
3 -8193 
5 -8321 
1 -8193 
3 -8321 
Elastic buffer uses 4 channels per SM
Elastic buffer uses 4 channels per SM
Elastic buffer uses 4 channels per SM
Elastic buffer uses 4 channels per SM
Elastic buffer uses 4 channels per SM
Elastic buffer uses 4 channels per SM
Elastic buffer uses 4 channels per SM
Elastic buffer uses 4 channels per SM
CPU side received count (scaleup: 2): -7426 -7298 -7457 -7460 -7461 -7413 -7479 -7433 # -8065 -8193 -8193 -8321 -8321 -8321 -819CPU side received count (scaleup: 0): -7526 -7289 -7400 -7430 -7537 -7573 -7518 -7434 # -8065 -8193 -8321 -8449 -8193 -8321 -832CPU side received count (scaleup: 3): -7400 -7549 -7426 -7398 -7355 -7397 -7474 -7321 # -8193 -8193 -8193 -8193 -8193 -8193 -8193 -8193 
1 -8321 
CPU side received count (scaleup: 1): -7507 -7396 -7530 -7593 -7610 -7335 -7335 -7382 # -8321 -8321 -8193 -8321 -8321 -8065 -8323 -8193 
1 -8321 
CPU side received count (scaleup: 4): -7415 -7468 -7405 -7458 -7389 -7432 -7474 -7344 # -8449 -8321 -8193 -8193 -8193 -8193 -806CPU side received count (scaleup: 5): -7399 -7487 -7399 -7279 -7411 -7420 -7505 -7329 # -8193 -8065 -8193 -8321 -8321 -8193 -819CPU side received count (scaleup: 6): -7457 -7402 -7321 -7552 -7493 -7487 -7371 -7472 # -8193 -8449 -8321 -8193 -8193 -8065 -832CPU side received count (scaleup: 7): -7446 -7490 -7393 -7465 -7420 -7392 -7374 -7414 # -8321 -8193 -8321 -8193 -8321 -8193 -8193 -8321 
5 -8321 
1 -8193 
3 -8193 
Elastic buffer uses 4 channels per SM
Elastic buffer uses 4 channels per SM
Elastic buffer uses 4 channels per SM
Elastic buffer uses 4 channels per SM
Elastic buffer uses 4 channels per SM
Elastic buffer uses 4 channels per SM
Elastic buffer uses 4 channels per SM
Elastic buffer uses 4 channels per SM
CPU side received count (scaleup: 2): -7426 -7298 -7457 -7460 -7461 -7413 -7479 -7433 # -8065 -8193 -8193 -8321 -8321 -8321 -819CPU side received count (scaleup: 3): -7400 -7549 -7426 -7398 -7355 -7397 -7474 -7321 # -8193 -8193 -8193 -8193 -8193 -8193 -819CPU side received count (scaleup: 0): -7526 -7289 -7400 -7430 -7537 -7573 -7518 -7434 # -8065 -8193 -8321 -8449 -8193 -8321 -832CPU side received count (scaleup: 1): -7507 -7396 -7530 -7593 -7610 -7335 -7335 -7382 # -8321 -8321 -8193 -8321 -8321 -8065 -8323 -8193 
3 -8193 
CPU side received count (scaleup: 5): -7399 -7487 -7399 -7279 -7411 -7420 -7505 -7329 # -8193 -8065 -8193 -8321 -8321 -8193 -819CPU side received count (scaleup: 7): -7446 -7490 -7393 -7465 -7420 -7392 -7374 -7414 # -8321 -8193 -8321 -8193 -8321 -8193 -819CPU side received count (scaleup: 6): -7457 -7402 -7321 -7552 -7493 -7487 -7371 -7472 # -8193 -8449 -8321 -8193 -8193 -8065 -832CPU side received count (scaleup: 4): -7415 -7468 -7405 -7458 -7389 -7432 -7474 -7344 # -8449 -8321 -8193 -8193 -8193 -8193 -8063 -8193 
1 -8193 
5 -8321 
1 -8321 
1 -8321 
3 -8321 
Elastic buffer uses 4 channels per SM
Elastic buffer uses 4 channels per SM
Elastic buffer uses 4 channels per SM
Elastic buffer uses 4 channels per SM
Elastic buffer uses 4 channels per SM
Elastic buffer uses 4 channels per SM
Elastic buffer uses 4 channels per SM
Elastic buffer uses 4 channels per SM
CPU side received count (scaleup: 2): -7426 -7298 -7457 -7460 -7461 -7413 -7479 -7433 # -8065 -8193 -8193 -8321 -8321 -8321 -819CPU side received count (scaleup: 3): -7400 -7549 -7426 -7398 -7355 -7397 -7474 -7321 # -8193 -8193 -8193 -8193 -8193 -8193 -819CPU side received count (scaleup: 0): -7526 -7289 -7400 -7430 -7537 -7573 -7518 -7434 # -8065 -8193 -8321 -8449 -8193 -8321 -832CPU side received count (scaleup: 1): -7507 -7396 -7530 -7593 -7610 -7335 -7335 -7382 # -8321 -8321 -8193 -8321 -8321 -8065 -8323 -8193 
3 -8193 
1 -8321 
1 -8321 
CPU side received count (scaleup: 5): -7399 -7487 -7399 -7279 -7411 -7420 -7505 -7329 # -8193 -8065 -8193 -8321 -8321 -8193 -819CPU side received count (scaleup: 4): -7415 -7468 -7405 -7458 -7389 -7432 -7474 -7344 # -8449 -8321 -8193 -8193 -8193 -8193 -806CPU side received count (scaleup: 7): -7446 -7490 -7393 -7465 -7420 -7392 -7374 -7414 # -8321 -8193 -8321 -8193 -8321 -8193 -8193 -8321 
3 -8193 
5 -8321 
CPU side received count (scaleup: 6): -7457 -7402 -7321 -7552 -7493 -7487 -7371 -7472 # -8193 -8449 -8321 -8193 -8193 -8065 -8321 -8193 
Elastic buffer uses 4 channels per SM
Elastic buffer uses 4 channels per SM
Elastic buffer uses 4 channels per SM
Elastic buffer uses 4 channels per SM
Elastic buffer uses 4 channels per SM
Elastic buffer uses 4 channels per SM
Elastic buffer uses 4 channels per SM
Elastic buffer uses 4 channels per SM
CPU side received count (scaleup: 3): -7400 -7549 -7426 -7398 -7355 -7397 -7474 -7321 # -8193 -8193 -8193 -8193 -8193 -8193 -819CPU side received count (scaleup: 0): -7526 -7289 -7400 -7430 -7537 -7573 -7518 -7434 # -8065 -8193 -8321 -8449 -8193 -8321 -832CPU side received count (scaleup: 2): -7426 -7298 -7457 -7460 -7461 -7413 -7479 -7433 # -8065 -8193 -8193 -8321 -8321 -8321 -819CPU side received count (scaleup: 1): -7507 -7396 -7530 -7593 -7610 -7335 -7335 -7382 # -8321 -8321 -8193 -8321 -8321 -8065 -8321 -8321 
3 -8193 
1 -8321 
CPU side received count (scaleup: 7): -7446 -7490 -7393 -7465 -7420 -7392 -7374 -7414 # -8321 -8193 -8321 -8193 -8321 -8193 -8193 -8193 
CPU side received count (scaleup: 6): -7457 -7402 -7321 -7552 -7493 -7487 -7371 -7472 # -8193 -8449 -8321 -8193 -8193 -8065 -832CPU side received count (scaleup: 4): -7415 -7468 -7405 -7458 -7389 -7432 -7474 -7344 # -8449 -8321 -8193 -8193 -8193 -8193 -8063 -8193 
CPU side received count (scaleup: 5): -7399 -7487 -7399 -7279 -7411 -7420 -7505 -7329 # -8193 -8065 -8193 -8321 -8321 -8193 -8191 -8193 
5 -8321 
3 -8321 
Elastic buffer uses 4 channels per SM
Elastic buffer uses 4 channels per SM
Elastic buffer uses 4 channels per SM
Elastic buffer uses 4 channels per SM
Elastic buffer uses 4 channels per SM
Elastic buffer uses 4 channels per SM
Elastic buffer uses 4 channels per SM
Elastic buffer uses 4 channels per SM
USDT:2026-08-25 02:22:39 435:435 SyncActivityProfilerHandler.cpp:52] profiler_startUSDT:2026-08-25 02:22:39 441:441 SyncActivityProfilerHandler.cpp:52] profiler_startUSDT:2026-08-25 02:22:39 437:437 SyncActivityProfilerHandler.cpp:52] profiler_startUSDT:2026-08-25 02:22:39 439:439 SyncActivityProfilerHandler.cpp:52] profiler_startUSDT:2026-08-25 02:22:39 436:436 SyncActivityProfilerHandler.cpp:52] profiler_startUSDT:2026-08-25 02:22:39 438:438 SyncActivityProfilerHandler.cpp:52] profiler_start





USDT:2026-08-25 02:22:39 440:440 SyncActivityProfilerHandler.cpp:52] profiler_start
USDT:2026-08-25 02:22:39 434:434 SyncActivityProfilerHandler.cpp:52] profiler_start
CPU side received count (scaleup: 5): -7399 -7487 -7399 -7279 -7411 -7420 -7505 -7329 # -8193 -8065 -8193 -8321 -8321 -8193 -819CPU side received count (scaleup: 4): -7415 -7468 -7405 -7458 -7389 -7432 -7474 -7344 # -8449 -8321 -8193 -8193 -8193 -8193 -806CPU side received count (scaleup: 7): -7446 -7490 -7393 -7465 -7420 -7392 -7374 -7414 # -8321 -8193 -8321 -8193 -8321 -8193 -8195 -8321 
CPU side received count (scaleup: 6): -7457 -7402 -7321 -7552 -7493 -7487 -7371 -7472 # -8193 -8449 -8321 -8193 -8193 -8065 -8323 -8321 
3 -8193 
1 -8193 
CPU side received count (scaleup: 2): -7426 -7298 -7457 -7460 -7461 -7413 -7479 -7433 # -8065 -8193 -8193 -8321 -8321 -8321 -819CPU side received count (scaleup: 0): -7526 -7289 -7400 -7430 -7537 -7573 -7518 -7434 # -8065 -8193 -8321 -8449 -8193 -8321 -8323 -8193 
CPU side received count (scaleup: 3): -7400 -7549 -7426 -7398 -7355 -7397 -7474 -7321 # -8193 -8193 -8193 -8193 -8193 -8193 -819CPU side received count (scaleup: 1): -7507 -7396 -7530 -7593 -7610 -7335 -7335 -7382 # -8321 -8321 -8193 -8321 -8321 -8065 -8321 -8321 
3 -8193 
1 -8321 
Elastic buffer uses 4 channels per SM
Elastic buffer uses 4 channels per SM
Elastic buffer uses 4 channels per SM
Elastic buffer uses 4 channels per SM
Elastic buffer uses 4 channels per SM
Elastic buffer uses 4 channels per SM
Elastic buffer uses 4 channels per SM
Elastic buffer uses 4 channels per SM
CPU side received count (scaleup: 5): -7399 -7487 -7399 -7279 -7411 -7420 -7505 -7329 # -8193 -8065 -8193 -8321 -8321 -8193 -819CPU side received count (scaleup: 4): -7415 -7468 -7405 -7458 -7389 -7432 -7474 -7344 # -8449 -8321 -8193 -8193 -8193 -8193 -806CPU side received count (scaleup: 7): -7446 -7490 -7393 -7465 -7420 -7392 -7374 -7414 # -8321 -8193 -8321 -8193 -8321 -8193 -819CPU side received count (scaleup: 6): -7457 -7402 -7321 -7552 -7493 -7487 -7371 -7472 # -8193 -8449 -8321 -8193 -8193 -8065 -8323 -8321 
5 -8321 
3 -8193 
CPU side received count (scaleup: 0): -7526 -7289 -7400 -7430 -7537 -7573 -7518 -7434 # -8065 -8193 -8321 -8449 -8193 -8321 -832CPU side received count (scaleup: 3): -7400 -7549 -7426 -7398 -7355 -7397 -7474 -7321 # -8193 -8193 -8193 -8193 -8193 -8193 -8191 -8193 
CPU side received count (scaleup: 2): -7426 -7298 -7457 -7460 -7461 -7413 -7479 -7433 # -8065 -8193 -8193 -8321 -8321 -8321 -819CPU side received count (scaleup: 1): -7507 -7396 -7530 -7593 -7610 -7335 -7335 -7382 # -8321 -8321 -8193 -8321 -8321 -8065 -8321 -8321 
3 -8193 
1 -8321 
3 -8193 
Elastic buffer uses 4 channels per SM
Elastic buffer uses 4 channels per SM
Elastic buffer uses 4 channels per SM
Elastic buffer uses 4 channels per SM
Elastic buffer uses 4 channels per SM
Elastic buffer uses 4 channels per SM
Elastic buffer uses 4 channels per SM
Elastic buffer uses 4 channels per SM
CPU side received count (scaleup: 0): -7526 -7289 -7400 -7430 -7537 -7573 -7518 -7434 # -8065 -8193 -8321 -8449 -8193 -8321 -832CPU side received count (scaleup: 2): -7426 -7298 -7457 -7460 -7461 -7413 -7479 -7433 # -8065 -8193 -8193 -8321 -8321 -8321 -819CPU side received count (scaleup: 1): -7507 -7396 -7530 -7593 -7610 -7335 -7335 -7382 # -8321 -8321 -8193 -8321 -8321 -8065 -832CPU side received count (scaleup: 3): -7400 -7549 -7426 -7398 -7355 -7397 -7474 -7321 # -8193 -8193 -8193 -8193 -8193 -8193 -8191 -8321 
CPU side received count (scaleup: 5): -7399 -7487 -7399 -7279 -7411 -7420 -7505 -7329 # -8193 -8065 -8193 -8321 -8321 -8193 -8193 -8193 
CPU side received count (scaleup: 7): -7446 -7490 -7393 -7465 -7420 -7392 -7374 -7414 # -8321 -8193 -8321 -8193 -8321 -8193 -8193 -8321 
CPU side received count (scaleup: 4): -7415 -7468 -7405 -7458 -7389 -7432 -7474 -7344 # -8449 -8321 -8193 -8193 -8193 -8193 -8063 -8193 
CPU side received count (scaleup: 6): -7457 -7402 -7321 -7552 -7493 -7487 -7371 -7472 # -8193 -8449 -8321 -8193 -8193 -8065 -8321 -8321 
3 -8193 
5 -8321 
1 -8193 
Elastic buffer uses 4 channels per SM
Elastic buffer uses 4 channels per SM
Elastic buffer uses 4 channels per SM
Elastic buffer uses 4 channels per SM
Elastic buffer uses 4 channels per SM
Elastic buffer uses 4 channels per SM
Elastic buffer uses 4 channels per SM
Elastic buffer uses 4 channels per SM
CPU side received count (scaleup: 5): -7399 -7487 -7399 -7279 -7411 -7420 -7505 -7329 # -8193 -8065 -8193 -8321 -8321 -8193 -819CPU side received count (scaleup: 6): -7457 -7402 -7321 -7552 -7493 -7487 -7371 -7472 # -8193 -8449 -8321 -8193 -8193 -8065 -832CPU side received count (scaleup: 7): -7446 -7490 -7393 -7465 -7420 -7392 -7374 -7414 # -8321 -8193 -8321 -8193 -8321 -8193 -819CPU side received count (scaleup: 4): -7415 -7468 -7405 -7458 -7389 -7432 -7474 -7344 # -8449 -8321 -8193 -8193 -8193 -8193 -8063 -8321 
CPU side received count (scaleup: 2): -7426 -7298 -7457 -7460 -7461 -7413 -7479 -7433 # -8065 -8193 -8193 -8321 -8321 -8321 -8191 -8193 
CPU side received count (scaleup: 3): -7400 -7549 -7426 -7398 -7355 -7397 -7474 -7321 # -8193 -8193 -8193 -8193 -8193 -8193 -819CPU side received count (scaleup: 1): -7507 -7396 -7530 -7593 -7610 -7335 -7335 -7382 # -8321 -8321 -8193 -8321 -8321 -8065 -8323 -8193 
CPU side received count (scaleup: 0): -7526 -7289 -7400 -7430 -7537 -7573 -7518 -7434 # -8065 -8193 -8321 -8449 -8193 -8321 -8323 -8193 
3 -8193 
5 -8321 
1 -8321 
1 -8321 
Elastic buffer uses 4 channels per SM
Elastic buffer uses 4 channels per SM
Elastic buffer uses 4 channels per SM
Elastic buffer uses 4 channels per SM
Elastic buffer uses 4 channels per SM
Elastic buffer uses 4 channels per SM
Elastic buffer uses 4 channels per SM
Elastic buffer uses 4 channels per SM
CPU side received count (scaleup: 7): -7446 -7490 -7393 -7465 -7420 -7392 -7374 -7414 # -8321 -8193 -8321 -8193 -8321 -8193 -819CPU side received count (scaleup: 6): -7457 -7402 -7321 -7552 -7493 -7487 -7371 -7472 # -8193 -8449 -8321 -8193 -8193 -8065 -832CPU side received count (scaleup: 5): -7399 -7487 -7399 -7279 -7411 -7420 -7505 -7329 # -8193 -8065 -8193 -8321 -8321 -8193 -819CPU side received count (scaleup: 4): -7415 -7468 -7405 -7458 -7389 -7432 -7474 -7344 # -8449 -8321 -8193 -8193 -8193 -8193 -8063 -8193 
1 -8193 
3 -8321 
5 -8321 
CPU side received count (scaleup: 2): -7426 -7298 -7457 -7460 -7461 -7413 -7479 -7433 # -8065 -8193 -8193 -8321 -8321 -8321 -819CPU side received count (scaleup: 3): -7400 -7549 -7426 -7398 -7355 -7397 -7474 -7321 # -8193 -8193 -8193 -8193 -8193 -8193 -819CPU side received count (scaleup: 1): -7507 -7396 -7530 -7593 -7610 -7335 -7335 -7382 # -8321 -8321 -8193 -8321 -8321 -8065 -8323 -8193 
CPU side received count (scaleup: 0): -7526 -7289 -7400 -7430 -7537 -7573 -7518 -7434 # -8065 -8193 -8321 -8449 -8193 -8321 -8323 -8193 
1 -8321 
1 -8321 
Elastic buffer uses 4 channels per SM
Elastic buffer uses 4 channels per SM
Elastic buffer uses 4 channels per SM
Elastic buffer uses 4 channels per SM
Elastic buffer uses 4 channels per SM
Elastic buffer uses 4 channels per SM
Elastic buffer uses 4 channels per SM
Elastic buffer uses 4 channels per SM
CPU side received count (scaleup: 0): -7526 -7289 -7400 -7430 -7537 -7573 -7518 -7434 # -8065 -8193 -8321 -8449 -8193 -8321 -832CPU side received count (scaleup: 2): -7426 -7298 -7457 -7460 -7461 -7413 -7479 -7433 # -8065 -8193 -8193 -8321 -8321 -8321 -819CPU side received count (scaleup: 3): -7400 -7549 -7426 -7398 -7355 -7397 -7474 -7321 # -8193 -8193 -8193 -8193 -8193 -8193 -819CPU side received count (scaleup: 1): -7507 -7396 -7530 -7593 -7610 -7335 -7335 -7382 # -8321 -8321 -8193 -8321 -8321 -8065 -832CPU side received count (scaleup: 4): -7415 -7468 -7405 -7458 -7389 -7432 -7474 -7344 # -8449 -8321 -8193 -8193 -8193 -8193 -806CPU side received count (scaleup: 5): -7399 -7487 -7399 -7279 -7411 -7420 -7505 -7329 # -8193 -8065 -8193 -8321 -8321 -8193 -8191 -8321 
1 -8321 
5 -8321 
CPU side received count (scaleup: 6): -7457 -7402 -7321 -7552 -7493 -7487 -7371 -7472 # -8193 -8449 -8321 -8193 -8193 -8065 -832CPU side received count (scaleup: 7): -7446 -7490 -7393 -7465 -7420 -7392 -7374 -7414 # -8321 -8193 -8321 -8193 -8321 -8193 -8193 -8321 
3 -8193 
1 -8193 
3 -8193 
3 -8193 
Elastic buffer uses 4 channels per SM
Elastic buffer uses 4 channels per SM
Elastic buffer uses 4 channels per SM
Elastic buffer uses 4 channels per SM
Elastic buffer uses 4 channels per SM
Elastic buffer uses 4 channels per SM
Elastic buffer uses 4 channels per SM
Elastic buffer uses 4 channels per SM
CPU side received count (scaleup: 0): -7526 -7289 -7400 -7430 -7537 -7573 -7518 -7434 # -8065 -8193 -8321 -8449 -8193 -8321 -832CPU side received count (scaleup: 3): -7400 -7549 -7426 -7398 -7355 -7397 -7474 -7321 # -8193 -8193 -8193 -8193 -8193 -8193 -819CPU side received count (scaleup: 1): -7507 -7396 -7530 -7593 -7610 -7335 -7335 -7382 # -8321 -8321 -8193 -8321 -8321 -8065 -832CPU side received count (scaleup: 2): -7426 -7298 -7457 -7460 -7461 -7413 -7479 -7433 # -8065 -8193 -8193 -8321 -8321 -8321 -8191 -8321 
1 -8321 
CPU side received count (scaleup: 6): -7457 -7402 -7321 -7552 -7493 -7487 -7371 -7472 # -8193 -8449 -8321 -8193 -8193 -8065 -8323 -8193 
3 -8193 
CPU side received count (scaleup: 7): -7446 -7490 -7393 -7465 -7420 -7392 -7374 -7414 # -8321 -8193 -8321 -8193 -8321 -8193 -819CPU side received count (scaleup: 4): -7415 -7468 -7405 -7458 -7389 -7432 -7474 -7344 # -8449 -8321 -8193 -8193 -8193 -8193 -806CPU side received count (scaleup: 5): -7399 -7487 -7399 -7279 -7411 -7420 -7505 -7329 # -8193 -8065 -8193 -8321 -8321 -8193 -8191 -8193 
3 -8193 
5 -8321 
3 -8321 
Elastic buffer uses 4 channels per SM
Elastic buffer uses 4 channels per SM
Elastic buffer uses 4 channels per SM
Elastic buffer uses 4 channels per SM
Elastic buffer uses 4 channels per SM
Elastic buffer uses 4 channels per SM
Elastic buffer uses 4 channels per SM
Elastic buffer uses 4 channels per SM
CPU side received count (scaleup: 6): -7457 -7402 -7321 -7552 -7493 -7487 -7371 -7472 # -8193 -8449 -8321 -8193 -8193 -8065 -832CPU side received count (scaleup: 5): -7399 -7487 -7399 -7279 -7411 -7420 -7505 -7329 # -8193 -8065 -8193 -8321 -8321 -8193 -819CPU side received count (scaleup: 7): -7446 -7490 -7393 -7465 -7420 -7392 -7374 -7414 # -8321 -8193 -8321 -8193 -8321 -8193 -819CPU side received count (scaleup: 4): -7415 -7468 -7405 -7458 -7389 -7432 -7474 -7344 # -8449 -8321 -8193 -8193 -8193 -8193 -8061 -8193 
3 -8321 
3 -8193 
5 -8321 
CPU side received count (scaleup: 2): -7426 -7298 -7457 -7460 -7461 -7413 -7479 -7433 # -8065 -8193 -8193 -8321 -8321 -8321 -819CPU side received count (scaleup: 3): -7400 -7549 -7426 -7398 -7355 -7397 -7474 -7321 # -8193 -8193 -8193 -8193 -8193 -8193 -819CPU side received count (scaleup: 1): -7507 -7396 -7530 -7593 -7610 -7335 -7335 -7382 # -8321 -8321 -8193 -8321 -8321 -8065 -8323 -8193 
1 -8321 
CPU side received count (scaleup: 0): -7526 -7289 -7400 -7430 -7537 -7573 -7518 -7434 # -8065 -8193 -8321 -8449 -8193 -8321 -8323 -8193 
1 -8321 
Elastic buffer uses 4 channels per SM
Elastic buffer uses 4 channels per SM
Elastic buffer uses 4 channels per SM
Elastic buffer uses 4 channels per SM
Elastic buffer uses 4 channels per SM
Elastic buffer uses 4 channels per SM
Elastic buffer uses 4 channels per SM
Elastic buffer uses 4 channels per SM
CPU side received count (scaleup: 5): -7399 -7487 -7399 -7279 -7411 -7420 -7505 -7329 # -8193 -8065 -8193 -8321 -8321 -8193 -819CPU side received count (scaleup: 6): -7457 -7402 -7321 -7552 -7493 -7487 -7371 -7472 # -8193 -8449 -8321 -8193 -8193 -8065 -832CPU side received count (scaleup: 7): -7446 -7490 -7393 -7465 -7420 -7392 -7374 -7414 # -8321 -8193 -8321 -8193 -8321 -8193 -819CPU side received count (scaleup: 4): -7415 -7468 -7405 -7458 -7389 -7432 -7474 -7344 # -8449 -8321 -8193 -8193 -8193 -8193 -8063 -8321 
3 -8193 
1 -8193 
5 -8321 
CPU side received count (scaleup: 1): -7507 -7396 -7530 -7593 -7610 -7335 -7335 -7382 # -8321 -8321 -8193 -8321 -8321 -8065 -832CPU side received count (scaleup: 0): -7526 -7289 -7400 -7430 -7537 -7573 -7518 -7434 # -8065 -8193 -8321 -8449 -8193 -8321 -832CPU side received count (scaleup: 2): -7426 -7298 -7457 -7460 -7461 -7413 -7479 -7433 # -8065 -8193 -8193 -8321 -8321 -8321 -819CPU side received count (scaleup: 3): -7400 -7549 -7426 -7398 -7355 -7397 -7474 -7321 # -8193 -8193 -8193 -8193 -8193 -8193 -8191 -8321 
1 -8321 
3 -8193 
3 -8193 
Elastic buffer uses 4 channels per SM
Elastic buffer uses 4 channels per SM
Elastic buffer uses 4 channels per SM
Elastic buffer uses 4 channels per SM
Elastic buffer uses 4 channels per SM
Elastic buffer uses 4 channels per SM
Elastic buffer uses 4 channels per SM
Elastic buffer uses 4 channels per SM
CPU side received count (scaleup: 7): -7446 -7490 -7393 -7465 -7420 -7392 -7374 -7414 # -8321 -8193 -8321 -8193 -8321 -8193 -819CPU side received count (scaleup: 5): -7399 -7487 -7399 -7279 -7411 -7420 -7505 -7329 # -8193 -8065 -8193 -8321 -8321 -8193 -819CPU side received count (scaleup: 6): -7457 -7402 -7321 -7552 -7493 -7487 -7371 -7472 # -8193 -8449 -8321 -8193 -8193 -8065 -8323 -8193 
3 -8321 
1 -8193 
CPU side received count (scaleup: 4): -7415 -7468 -7405 -7458 -7389 -7432 -7474 -7344 # -8449 -8321 -8193 -8193 -8193 -8193 -8065 -8321 
CPU side received count (scaleup: 0): -7526 -7289 -7400 -7430 -7537 -7573 -7518 -7434 # -8065 -8193 -8321 -8449 -8193 -8321 -832CPU side received count (scaleup: 3): -7400 -7549 -7426 -7398 -7355 -7397 -7474 -7321 # -8193 -8193 -8193 -8193 -8193 -8193 -819CPU side received count (scaleup: 1): -7507 -7396 -7530 -7593 -7610 -7335 -7335 -7382 # -8321 -8321 -8193 -8321 -8321 -8065 -8323 -8193 
1 -8321 
1 -8321 
CPU side received count (scaleup: 2): -7426 -7298 -7457 -7460 -7461 -7413 -7479 -7433 # -8065 -8193 -8193 -8321 -8321 -8321 -8193 -8193 
Elastic buffer uses 4 channels per SM
Elastic buffer uses 4 channels per SM
Elastic buffer uses 4 channels per SM
Elastic buffer uses 4 channels per SM
Elastic buffer uses 4 channels per SM
Elastic buffer uses 4 channels per SM
Elastic buffer uses 4 channels per SM
Elastic buffer uses 4 channels per SM
CPU side received count (scaleup: 2): -7426 -7298 -7457 -7460 -7461 -7413 -7479 -7433 # -8065 -8193 -8193 -8321 -8321 -8321 -819CPU side received count (scaleup: 0): -7526 -7289 -7400 -7430 -7537 -7573 -7518 -7434 # -8065 -8193 -8321 -8449 -8193 -8321 -832CPU side received count (scaleup: 1): -7507 -7396 -7530 -7593 -7610 -7335 -7335 -7382 # -8321 -8321 -8193 -8321 -8321 -8065 -832CPU side received count (scaleup: 3): -7400 -7549 -7426 -7398 -7355 -7397 -7474 -7321 # -8193 -8193 -8193 -8193 -8193 -8193 -8193 -8193 
CPU side received count (scaleup: 4): -7415 -7468 -7405 -7458 -7389 -7432 -7474 -7344 # -8449 -8321 -8193 -8193 -8193 -8193 -8061 -8321 
CPU side received count (scaleup: 7): -7446 -7490 -7393 -7465 -7420 -7392 -7374 -7414 # -8321 -8193 -8321 -8193 -8321 -8193 -819CPU side received count (scaleup: 6): -7457 -7402 -7321 -7552 -7493 -7487 -7371 -7472 # -8193 -8449 -8321 -8193 -8193 -8065 -8321 -8321 
CPU side received count (scaleup: 5): -7399 -7487 -7399 -7279 -7411 -7420 -7505 -7329 # -8193 -8065 -8193 -8321 -8321 -8193 -8193 -8193 
5 -8321 
3 -8193 
3 -8321 
1 -8193 
Elastic buffer uses 4 channels per SM
Elastic buffer uses 4 channels per SM
Elastic buffer uses 4 channels per SM
Elastic buffer uses 4 channels per SM
Elastic buffer uses 4 channels per SM
Elastic buffer uses 4 channels per SM
Elastic buffer uses 4 channels per SM
Elastic buffer uses 4 channels per SM
CPU side received count (scaleup: 6): -7457 -7402 -7321 -7552 -7493 -7487 -7371 -7472 # -8193 -8449 -8321 -8193 -8193 -8065 -832CPU side received count (scaleup: 4): -7415 -7468 -7405 -7458 -7389 -7432 -7474 -7344 # -8449 -8321 -8193 -8193 -8193 -8193 -806CPU side received count (scaleup: 5): -7399 -7487 -7399 -7279 -7411 -7420 -7505 -7329 # -8193 -8065 -8193 -8321 -8321 -8193 -819CPU side received count (scaleup: 7): -7446 -7490 -7393 -7465 -7420 -7392 -7374 -7414 # -8321 -8193 -8321 -8193 -8321 -8193 -8191 -8193 
5 -8321 
CPU side received count (scaleup: 2): -7426 -7298 -7457 -7460 -7461 -7413 -7479 -7433 # -8065 -8193 -8193 -8321 -8321 -8321 -8193 -8193 
CPU side received count (scaleup: 3): -7400 -7549 -7426 -7398 -7355 -7397 -7474 -7321 # -8193 -8193 -8193 -8193 -8193 -8193 -819CPU side received count (scaleup: 0): -7526 -7289 -7400 -7430 -7537 -7573 -7518 -7434 # -8065 -8193 -8321 -8449 -8193 -8321 -8323 -8321 
CPU side received count (scaleup: 1): -7507 -7396 -7530 -7593 -7610 -7335 -7335 -7382 # -8321 -8321 -8193 -8321 -8321 -8065 -8323 -8193 
3 -8193 
1 -8321 
1 -8321 
Elastic buffer uses 4 channels per SM
Elastic buffer uses 4 channels per SM
Elastic buffer uses 4 channels per SM
Elastic buffer uses 4 channels per SM
Elastic buffer uses 4 channels per SM
Elastic buffer uses 4 channels per SM
Elastic buffer uses 4 channels per SM
Elastic buffer uses 4 channels per SM
CPU side received count (scaleup: 5): -7399 -7487 -7399 -7279 -7411 -7420 -7505 -7329 # -8193 -8065 -8193 -8321 -8321 -8193 -819CPU side received count (scaleup: 7): -7446 -7490 -7393 -7465 -7420 -7392 -7374 -7414 # -8321 -8193 -8321 -8193 -8321 -8193 -819CPU side received count (scaleup: 4): -7415 -7468 -7405 -7458 -7389 -7432 -7474 -7344 # -8449 -8321 -8193 -8193 -8193 -8193 -8063 -8193 
3 -8321 
CPU side received count (scaleup: 2): -7426 -7298 -7457 -7460 -7461 -7413 -7479 -7433 # -8065 -8193 -8193 -8321 -8321 -8321 -819CPU side received count (scaleup: 0): -7526 -7289 -7400 -7430 -7537 -7573 -7518 -7434 # -8065 -8193 -8321 -8449 -8193 -8321 -832CPU side received count (scaleup: 1): -7507 -7396 -7530 -7593 -7610 -7335 -7335 -7382 # -8321 -8321 -8193 -8321 -8321 -8065 -832CPU side received count (scaleup: 6): -7457 -7402 -7321 -7552 -7493 -7487 -7371 -7472 # -8193 -8449 -8321 -8193 -8193 -8065 -832CPU side received count (scaleup: 3): -7400 -7549 -7426 -7398 -7355 -7397 -7474 -7321 # -8193 -8193 -8193 -8193 -8193 -8193 -8195 -8321 
3 -8193 
1 -8321 
1 -8321 
1 -8193 
3 -8193 
Elastic buffer uses 4 channels per SM
Elastic buffer uses 4 channels per SM
Elastic buffer uses 4 channels per SM
Elastic buffer uses 4 channels per SM
Elastic buffer uses 4 channels per SM
Elastic buffer uses 4 channels per SM
Elastic buffer uses 4 channels per SM
Elastic buffer uses 4 channels per SM
CPU side received count (scaleup: 7): -7446 -7490 -7393 -7465 -7420 -7392 -7374 -7414 # -8321 -8193 -8321 -8193 -8321 -8193 -819CPU side received count (scaleup: 5): -7399 -7487 -7399 -7279 -7411 -7420 -7505 -7329 # -8193 -8065 -8193 -8321 -8321 -8193 -819CPU side received count (scaleup: 6): -7457 -7402 -7321 -7552 -7493 -7487 -7371 -7472 # -8193 -8449 -8321 -8193 -8193 -8065 -832CPU side received count (scaleup: 4): -7415 -7468 -7405 -7458 -7389 -7432 -7474 -7344 # -8449 -8321 -8193 -8193 -8193 -8193 -8063 -8321 
3 -8193 
CPU side received count (scaleup: 2): -7426 -7298 -7457 -7460 -7461 -7413 -7479 -7433 # -8065 -8193 -8193 -8321 -8321 -8321 -819CPU side received count (scaleup: 0): -7526 -7289 -7400 -7430 -7537 -7573 -7518 -7434 # -8065 -8193 -8321 -8449 -8193 -8321 -832CPU side received count (scaleup: 1): -7507 -7396 -7530 -7593 -7610 -7335 -7335 -7382 # -8321 -8321 -8193 -8321 -8321 -8065 -8321 -8193 
3 -8193 
CPU side received count (scaleup: 3): -7400 -7549 -7426 -7398 -7355 -7397 -7474 -7321 # -8193 -8193 -8193 -8193 -8193 -8193 -8195 -8321 
1 -8321 
1 -8321 
3 -8193 
Elastic buffer uses 4 channels per SM
Elastic buffer uses 4 channels per SM
Elastic buffer uses 4 channels per SM
Elastic buffer uses 4 channels per SM
Elastic buffer uses 4 channels per SM
Elastic buffer uses 4 channels per SM
Elastic buffer uses 4 channels per SM
Elastic buffer uses 4 channels per SM
CPU side received count (scaleup: 6): -7457 -7402 -7321 -7552 -7493 -7487 -7371 -7472 # -8193 -8449 -8321 -8193 -8193 -8065 -832CPU side received count (scaleup: 4): -7415 -7468 -7405 -7458 -7389 -7432 -7474 -7344 # -8449 -8321 -8193 -8193 -8193 -8193 -806CPU side received count (scaleup: 7): -7446 -7490 -7393 -7465 -7420 -7392 -7374 -7414 # -8321 -8193 -8321 -8193 -8321 -8193 -8191 -8193 
5 -8321 
CPU side received count (scaleup: 2): -7426 -7298 -7457 -7460 -7461 -7413 -7479 -7433 # -8065 -8193 -8193 -8321 -8321 -8321 -8193 -8193 
CPU side received count (scaleup: 0): -7526 -7289 -7400 -7430 -7537 -7573 -7518 -7434 # -8065 -8193 -8321 -8449 -8193 -8321 -832CPU side received count (scaleup: 5): -7399 -7487 -7399 -7279 -7411 -7420 -7505 -7329 # -8193 -8065 -8193 -8321 -8321 -8193 -819CPU side received count (scaleup: 3): -7400 -7549 -7426 -7398 -7355 -7397 -7474 -7321 # -8193 -8193 -8193 -8193 -8193 -8193 -819CPU side received count (scaleup: 1): -7507 -7396 -7530 -7593 -7610 -7335 -7335 -7382 # -8321 -8321 -8193 -8321 -8321 -8065 -8323 -8193 
1 -8321 
3 -8321 
1 -8321 
3 -8193 
Elastic buffer uses 4 channels per SM
Elastic buffer uses 4 channels per SM
Elastic buffer uses 4 channels per SM
Elastic buffer uses 4 channels per SM
Elastic buffer uses 4 channels per SM
Elastic buffer uses 4 channels per SM
Elastic buffer uses 4 channels per SM
Elastic buffer uses 4 channels per SM
CPU side received count (scaleup: 5): -7399 -7487 -7399 -7279 -7411 -7420 -7505 -7329 # -8193 -8065 -8193 -8321 -8321 -8193 -819CPU side received count (scaleup: 6): -7457 -7402 -7321 -7552 -7493 -7487 -7371 -7472 # -8193 -8449 -8321 -8193 -8193 -8065 -832CPU side received count (scaleup: 7): -7446 -7490 -7393 -7465 -7420 -7392 -7374 -7414 # -8321 -8193 -8321 -8193 -8321 -8193 -8193 -8321 
1 -8193 
3 -8193 
CPU side received count (scaleup: 0): -7526 -7289 -7400 -7430 -7537 -7573 -7518 -7434 # -8065 -8193 -8321 -8449 -8193 -8321 -832CPU side received count (scaleup: 2): -7426 -7298 -7457 -7460 -7461 -7413 -7479 -7433 # -8065 -8193 -8193 -8321 -8321 -8321 -819CPU side received count (scaleup: 3): -7400 -7549 -7426 -7398 -7355 -7397 -7474 -7321 # -8193 -8193 -8193 -8193 -8193 -8193 -819CPU side received count (scaleup: 4): -7415 -7468 -7405 -7458 -7389 -7432 -7474 -7344 # -8449 -8321 -8193 -8193 -8193 -8193 -8061 -8321 
CPU side received count (scaleup: 1): -7507 -7396 -7530 -7593 -7610 -7335 -7335 -7382 # -8321 -8321 -8193 -8321 -8321 -8065 -8323 -8193 
1 -8321 
3 -8193 
5 -8321 
Elastic buffer uses 4 channels per SM
Elastic buffer uses 4 channels per SM
Elastic buffer uses 4 channels per SM
Elastic buffer uses 4 channels per SM
Elastic buffer uses 4 channels per SM
Elastic buffer uses 4 channels per SM
Elastic buffer uses 4 channels per SM
Elastic buffer uses 4 channels per SM
CPU side received count (scaleup: 2): -7426 -7298 -7457 -7460 -7461 -7413 -7479 -7433 # -8065 -8193 -8193 -8321 -8321 -8321 -819CPU side received count (scaleup: 0): -7526 -7289 -7400 -7430 -7537 -7573 -7518 -7434 # -8065 -8193 -8321 -8449 -8193 -8321 -832CPU side received count (scaleup: 1): -7507 -7396 -7530 -7593 -7610 -7335 -7335 -7382 # -8321 -8321 -8193 -8321 -8321 -8065 -832CPU side received count (scaleup: 3): -7400 -7549 -7426 -7398 -7355 -7397 -7474 -7321 # -8193 -8193 -8193 -8193 -8193 -8193 -8193 -8193 
CPU side received count (scaleup: 4): -7415 -7468 -7405 -7458 -7389 -7432 -7474 -7344 # -8449 -8321 -8193 -8193 -8193 -8193 -806CPU side received count (scaleup: 7): -7446 -7490 -7393 -7465 -7420 -7392 -7374 -7414 # -8321 -8193 -8321 -8193 -8321 -8193 -819CPU side received count (scaleup: 5): -7399 -7487 -7399 -7279 -7411 -7420 -7505 -7329 # -8193 -8065 -8193 -8321 -8321 -8193 -8193 -8193 
1 -8321 
3 -8193 
1 -8321 
5 -8321 
CPU side received count (scaleup: 6): -7457 -7402 -7321 -7552 -7493 -7487 -7371 -7472 # -8193 -8449 -8321 -8193 -8193 -8065 -8323 -8321 
1 -8193 
Elastic buffer uses 4 channels per SM
Elastic buffer uses 4 channels per SM
Elastic buffer uses 4 channels per SM
Elastic buffer uses 4 channels per SM
Elastic buffer uses 4 channels per SM
Elastic buffer uses 4 channels per SM
Elastic buffer uses 4 channels per SM
Elastic buffer uses 4 channels per SM
CPU side received count (scaleup: 0): -7526 -7289 -7400 -7430 -7537 -7573 -7518 -7434 # -8065 -8193 -8321 -8449 -8193 -8321 -832CPU side received count (scaleup: 2): -7426 -7298 -7457 -7460 -7461 -7413 -7479 -7433 # -8065 -8193 -8193 -8321 -8321 -8321 -819CPU side received count (scaleup: 1): -7507 -7396 -7530 -7593 -7610 -7335 -7335 -7382 # -8321 -8321 -8193 -8321 -8321 -8065 -832CPU side received count (scaleup: 3): -7400 -7549 -7426 -7398 -7355 -7397 -7474 -7321 # -8193 -8193 -8193 -8193 -8193 -8193 -8191 -8321 
CPU side received count (scaleup: 7): -7446 -7490 -7393 -7465 -7420 -7392 -7374 -7414 # -8321 -8193 -8321 -8193 -8321 -8193 -8193 -8193 
CPU side received count (scaleup: 6): -7457 -7402 -7321 -7552 -7493 -7487 -7371 -7472 # -8193 -8449 -8321 -8193 -8193 -8065 -8323 -8193 
1 -8193 
3 -8193 
1 -8321 
CPU side received count (scaleup: 4): -7415 -7468 -7405 -7458 -7389 -7432 -7474 -7344 # -8449 -8321 -8193 -8193 -8193 -8193 -806CPU side received count (scaleup: 5): -7399 -7487 -7399 -7279 -7411 -7420 -7505 -7329 # -8193 -8065 -8193 -8321 -8321 -8193 -8195 -8321 
3 -8321 
Elastic buffer uses 4 channels per SM
Elastic buffer uses 4 channels per SM
Elastic buffer uses 4 channels per SM
Elastic buffer uses 4 channels per SM
Elastic buffer uses 4 channels per SM
Elastic buffer uses 4 channels per SM
Elastic buffer uses 4 channels per SM
Elastic buffer uses 4 channels per SM
CPU side received count (scaleup: 5): -7399 -7487 -7399 -7279 -7411 -7420 -7505 -7329 # -8193 -8065 -8193 -8321 -8321 -8193 -819CPU side received count (scaleup: 6): -7457 -7402 -7321 -7552 -7493 -7487 -7371 -7472 # -8193 -8449 -8321 -8193 -8193 -8065 -832CPU side received count (scaleup: 7): -7446 -7490 -7393 -7465 -7420 -7392 -7374 -7414 # -8321 -8193 -8321 -8193 -8321 -8193 -819CPU side received count (scaleup: 4): -7415 -7468 -7405 -7458 -7389 -7432 -7474 -7344 # -8449 -8321 -8193 -8193 -8193 -8193 -8063 -8321 
1 -8193 
3 -8193 
5 -8321 
CPU side received count (scaleup: 2): -7426 -7298 -7457 -7460 -7461 -7413 -7479 -7433 # -8065 -8193 -8193 -8321 -8321 -8321 -819CPU side received count (scaleup: 0): -7526 -7289 -7400 -7430 -7537 -7573 -7518 -7434 # -8065 -8193 -8321 -8449 -8193 -8321 -832CPU side received count (scaleup: 1): -7507 -7396 -7530 -7593 -7610 -7335 -7335 -7382 # -8321 -8321 -8193 -8321 -8321 -8065 -832CPU side received count (scaleup: 3): -7400 -7549 -7426 -7398 -7355 -7397 -7474 -7321 # -8193 -8193 -8193 -8193 -8193 -8193 -8193 -8193 
1 -8321 
1 -8321 
3 -8193 
Elastic buffer uses 4 channels per SM
Elastic buffer uses 4 channels per SM
Elastic buffer uses 4 channels per SM
Elastic buffer uses 4 channels per SM
Elastic buffer uses 4 channels per SM
Elastic buffer uses 4 channels per SM
Elastic buffer uses 4 channels per SM
Elastic buffer uses 4 channels per SM
CPU side received count (scaleup: 5): -7399 -7487 -7399 -7279 -7411 -7420 -7505 -7329 # -8193 -8065 -8193 -8321 -8321 -8193 -819CPU side received count (scaleup: 4): -7415 -7468 -7405 -7458 -7389 -7432 -7474 -7344 # -8449 -8321 -8193 -8193 -8193 -8193 -806CPU side received count (scaleup: 6): -7457 -7402 -7321 -7552 -7493 -7487 -7371 -7472 # -8193 -8449 -8321 -8193 -8193 -8065 -832CPU side received count (scaleup: 7): -7446 -7490 -7393 -7465 -7420 -7392 -7374 -7414 # -8321 -8193 -8321 -8193 -8321 -8193 -8193 -8321 
5 -8321 
1 -8193 
3 -8193 
CPU side received count (scaleup: 0): -7526 -7289 -7400 -7430 -7537 -7573 -7518 -7434 # -8065 -8193 -8321 -8449 -8193 -8321 -832CPU side received count (scaleup: 3): -7400 -7549 -7426 -7398 -7355 -7397 -7474 -7321 # -8193 -8193 -8193 -8193 -8193 -8193 -819CPU side received count (scaleup: 1): -7507 -7396 -7530 -7593 -7610 -7335 -7335 -7382 # -8321 -8321 -8193 -8321 -8321 -8065 -8321 -8321 
3 -8193 
CPU side received count (scaleup: 2): -7426 -7298 -7457 -7460 -7461 -7413 -7479 -7433 # -8065 -8193 -8193 -8321 -8321 -8321 -8191 -8321 
3 -8193 
Elastic buffer uses 4 channels per SM
Elastic buffer uses 4 channels per SM
Elastic buffer uses 4 channels per SM
Elastic buffer uses 4 channels per SM
Elastic buffer uses 4 channels per SM
Elastic buffer uses 4 channels per SM
Elastic buffer uses 4 channels per SM
Elastic buffer uses 4 channels per SM
CPU side received count (scaleup: 2): -7426 -7298 -7457 -7460 -7461 -7413 -7479 -7433 # -8065 -8193 -8193 -8321 -8321 -8321 -819CPU side received count (scaleup: 0): -7526 -7289 -7400 -7430 -7537 -7573 -7518 -7434 # -8065 -8193 -8321 -8449 -8193 -8321 -832CPU side received count (scaleup: 1): -7507 -7396 -7530 -7593 -7610 -7335 -7335 -7382 # -8321 -8321 -8193 -8321 -8321 -8065 -832CPU side received count (scaleup: 3): -7400 -7549 -7426 -7398 -7355 -7397 -7474 -7321 # -8193 -8193 -8193 -8193 -8193 -8193 -8193 -8193 
1 -8321 
CPU side received count (scaleup: 5): -7399 -7487 -7399 -7279 -7411 -7420 -7505 -7329 # -8193 -8065 -8193 -8321 -8321 -8193 -819CPU side received count (scaleup: 4): -7415 -7468 -7405 -7458 -7389 -7432 -7474 -7344 # -8449 -8321 -8193 -8193 -8193 -8193 -8061 -8321 
CPU side received count (scaleup: 7): -7446 -7490 -7393 -7465 -7420 -7392 -7374 -7414 # -8321 -8193 -8321 -8193 -8321 -8193 -819CPU side received count (scaleup: 6): -7457 -7402 -7321 -7552 -7493 -7487 -7371 -7472 # -8193 -8449 -8321 -8193 -8193 -8065 -8323 -8193 
3 -8321 
5 -8321 
3 -8193 
1 -8193 
Elastic buffer uses 4 channels per SM
Elastic buffer uses 4 channels per SM
Elastic buffer uses 4 channels per SM
Elastic buffer uses 4 channels per SM
Elastic buffer uses 4 channels per SM
Elastic buffer uses 4 channels per SM
Elastic buffer uses 4 channels per SM
Elastic buffer uses 4 channels per SM
CPU side received count (scaleup: 0): -7526 -7289 -7400 -7430 -7537 -7573 -7518 -7434 # -8065 -8193 -8321 -8449 -8193 -8321 -832CPU side received count (scaleup: 3): -7400 -7549 -7426 -7398 -7355 -7397 -7474 -7321 # -8193 -8193 -8193 -8193 -8193 -8193 -819CPU side received count (scaleup: 2): -7426 -7298 -7457 -7460 -7461 -7413 -7479 -7433 # -8065 -8193 -8193 -8321 -8321 -8321 -819CPU side received count (scaleup: 1): -7507 -7396 -7530 -7593 -7610 -7335 -7335 -7382 # -8321 -8321 -8193 -8321 -8321 -8065 -8321 -8321 
3 -8193 
CPU side received count (scaleup: 6): -7457 -7402 -7321 -7552 -7493 -7487 -7371 -7472 # -8193 -8449 -8321 -8193 -8193 -8065 -8323 -8193 
1 -8321 
CPU side received count (scaleup: 4): -7415 -7468 -7405 -7458 -7389 -7432 -7474 -7344 # -8449 -8321 -8193 -8193 -8193 -8193 -806CPU side received count (scaleup: 5): -7399 -7487 -7399 -7279 -7411 -7420 -7505 -7329 # -8193 -8065 -8193 -8321 -8321 -8193 -819CPU side received count (scaleup: 7): -7446 -7490 -7393 -7465 -7420 -7392 -7374 -7414 # -8321 -8193 -8321 -8193 -8321 -8193 -8195 -8321 
1 -8193 
3 -8321 
3 -8193 
Elastic buffer uses 4 channels per SM
Elastic buffer uses 4 channels per SM
Elastic buffer uses 4 channels per SM
Elastic buffer uses 4 channels per SM
Elastic buffer uses 4 channels per SM
Elastic buffer uses 4 channels per SM
Elastic buffer uses 4 channels per SM
Elastic buffer uses 4 channels per SM
CPU side received count (scaleup: 2): -7426 -7298 -7457 -7460 -7461 -7413 -7479 -7433 # -8065 -8193 -8193 -8321 -8321 -8321 -819CPU side received count (scaleup: 0): -7526 -7289 -7400 -7430 -7537 -7573 -7518 -7434 # -8065 -8193 -8321 -8449 -8193 -8321 -832CPU side received count (scaleup: 3): -7400 -7549 -7426 -7398 -7355 -7397 -7474 -7321 # -8193 -8193 -8193 -8193 -8193 -8193 -819CPU side received count (scaleup: 1): -7507 -7396 -7530 -7593 -7610 -7335 -7335 -7382 # -8321 -8321 -8193 -8321 -8321 -8065 -832CPU side received count (scaleup: 5): -7399 -7487 -7399 -7279 -7411 -7420 -7505 -7329 # -8193 -8065 -8193 -8321 -8321 -8193 -819CPU side received count (scaleup: 6): -7457 -7402 -7321 -7552 -7493 -7487 -7371 -7472 # -8193 -8449 -8321 -8193 -8193 -8065 -832CPU side received count (scaleup: 7): -7446 -7490 -7393 -7465 -7420 -7392 -7374 -7414 # -8321 -8193 -8321 -8193 -8321 -8193 -8193 -8193 
3 -8193 
CPU side received count (scaleup: 4): -7415 -7468 -7405 -7458 -7389 -7432 -7474 -7344 # -8449 -8321 -8193 -8193 -8193 -8193 -8061 -8321 
1 -8321 
3 -8321 
1 -8193 
3 -8193 
5 -8321 
Elastic buffer uses 4 channels per SM
Elastic buffer uses 4 channels per SM
Elastic buffer uses 4 channels per SM
Elastic buffer uses 4 channels per SM
Elastic buffer uses 4 channels per SM
Elastic buffer uses 4 channels per SM
Elastic buffer uses 4 channels per SM
Elastic buffer uses 4 channels per SM
CPU side received count (scaleup: 5): -7399 -7487 -7399 -7279 -7411 -7420 -7505 -7329 # -8193 -8065 -8193 -8321 -8321 -8193 -819CPU side received count (scaleup: 7): -7446 -7490 -7393 -7465 -7420 -7392 -7374 -7414 # -8321 -8193 -8321 -8193 -8321 -8193 -819CPU side received count (scaleup: 6): -7457 -7402 -7321 -7552 -7493 -7487 -7371 -7472 # -8193 -8449 -8321 -8193 -8193 -8065 -832CPU side received count (scaleup: 4): -7415 -7468 -7405 -7458 -7389 -7432 -7474 -7344 # -8449 -8321 -8193 -8193 -8193 -8193 -8061 -8193 
3 -8321 
5 -8321 
3 -8193 
CPU side received count (scaleup: 2): -7426 -7298 -7457 -7460 -7461 -7413 -7479 -7433 # -8065 -8193 -8193 -8321 -8321 -8321 -819CPU side received count (scaleup: 0): -7526 -7289 -7400 -7430 -7537 -7573 -7518 -7434 # -8065 -8193 -8321 -8449 -8193 -8321 -832CPU side received count (scaleup: 1): -7507 -7396 -7530 -7593 -7610 -7335 -7335 -7382 # -8321 -8321 -8193 -8321 -8321 -8065 -832CPU side received count (scaleup: 3): -7400 -7549 -7426 -7398 -7355 -7397 -7474 -7321 # -8193 -8193 -8193 -8193 -8193 -8193 -8193 -8193 
1 -8321 
1 -8321 
3 -8193 
Elastic buffer uses 4 channels per SM
Elastic buffer uses 4 channels per SM
Elastic buffer uses 4 channels per SM
Elastic buffer uses 4 channels per SM
Elastic buffer uses 4 channels per SM
Elastic buffer uses 4 channels per SM
Elastic buffer uses 4 channels per SM
Elastic buffer uses 4 channels per SM
CPU side received count (scaleup: 5): -7399 -7487 -7399 -7279 -7411 -7420 -7505 -7329 # -8193 -8065 -8193 -8321 -8321 -8193 -819CPU side received count (scaleup: 6): -7457 -7402 -7321 -7552 -7493 -7487 -7371 -7472 # -8193 -8449 -8321 -8193 -8193 -8065 -832CPU side received count (scaleup: 4): -7415 -7468 -7405 -7458 -7389 -7432 -7474 -7344 # -8449 -8321 -8193 -8193 -8193 -8193 -8063 -8321 
1 -8193 
CPU side received count (scaleup: 0): -7526 -7289 -7400 -7430 -7537 -7573 -7518 -7434 # -8065 -8193 -8321 -8449 -8193 -8321 -832CPU side received count (scaleup: 7): -7446 -7490 -7393 -7465 -7420 -7392 -7374 -7414 # -8321 -8193 -8321 -8193 -8321 -8193 -819CPU side received count (scaleup: 3): -7400 -7549 -7426 -7398 -7355 -7397 -7474 -7321 # -8193 -8193 -8193 -8193 -8193 -8193 -8191 -8321 
3 -8193 
5 -8321 
CPU side received count (scaleup: 1): -7507 -7396 -7530 -7593 -7610 -7335 -7335 -7382 # -8321 -8321 -8193 -8321 -8321 -8065 -832CPU side received count (scaleup: 2): -7426 -7298 -7457 -7460 -7461 -7413 -7479 -7433 # -8065 -8193 -8193 -8321 -8321 -8321 -8193 -8193 
3 -8193 
1 -8321 
Elastic buffer uses 4 channels per SM
Elastic buffer uses 4 channels per SM
Elastic buffer uses 4 channels per SM
Elastic buffer uses 4 channels per SM
Elastic buffer uses 4 channels per SM
Elastic buffer uses 4 channels per SM
Elastic buffer uses 4 channels per SM
Elastic buffer uses 4 channels per SM
CPU side received count (scaleup: 7): -7446 -7490 -7393 -7465 -7420 -7392 -7374 -7414 # -8321 -8193 -8321 -8193 -8321 -8193 -819CPU side received count (scaleup: 6): -7457 -7402 -7321 -7552 -7493 -7487 -7371 -7472 # -8193 -8449 -8321 -8193 -8193 -8065 -832CPU side received count (scaleup: 4): -7415 -7468 -7405 -7458 -7389 -7432 -7474 -7344 # -8449 -8321 -8193 -8193 -8193 -8193 -806CPU side received count (scaleup: 5): -7399 -7487 -7399 -7279 -7411 -7420 -7505 -7329 # -8193 -8065 -8193 -8321 -8321 -8193 -819CPU side received count (scaleup: 2): -7426 -7298 -7457 -7460 -7461 -7413 -7479 -7433 # -8065 -8193 -8193 -8321 -8321 -8321 -8191 -8193 
3 -8193 
5 -8321 
CPU side received count (scaleup: 3): -7400 -7549 -7426 -7398 -7355 -7397 -7474 -7321 # -8193 -8193 -8193 -8193 -8193 -8193 -819CPU side received count (scaleup: 1): -7507 -7396 -7530 -7593 -7610 -7335 -7335 -7382 # -8321 -8321 -8193 -8321 -8321 -8065 -832CPU side received count (scaleup: 0): -7526 -7289 -7400 -7430 -7537 -7573 -7518 -7434 # -8065 -8193 -8321 -8449 -8193 -8321 -8323 -8321 
3 -8193 
3 -8193 
1 -8321 
1 -8321 
Elastic buffer uses 4 channels per SM
Elastic buffer uses 4 channels per SM
Elastic buffer uses 4 channels per SM
Elastic buffer uses 4 channels per SM
Elastic buffer uses 4 channels per SM
Elastic buffer uses 4 channels per SM
Elastic buffer uses 4 channels per SM
Elastic buffer uses 4 channels per SM
CPU side received count (scaleup: 2): -7426 -7298 -7457 -7460 -7461 -7413 -7479 -7433 # -8065 -8193 -8193 -8321 -8321 -8321 -819CPU side received count (scaleup: 0): -7526 -7289 -7400 -7430 -7537 -7573 -7518 -7434 # -8065 -8193 -8321 -8449 -8193 -8321 -832CPU side received count (scaleup: 1): -7507 -7396 -7530 -7593 -7610 -7335 -7335 -7382 # -8321 -8321 -8193 -8321 -8321 -8065 -832CPU side received count (scaleup: 3): -7400 -7549 -7426 -7398 -7355 -7397 -7474 -7321 # -8193 -8193 -8193 -8193 -8193 -8193 -8193 -8193 
CPU side received count (scaleup: 4): -7415 -7468 -7405 -7458 -7389 -7432 -7474 -7344 # -8449 -8321 -8193 -8193 -8193 -8193 -806CPU side received count (scaleup: 6): -7457 -7402 -7321 -7552 -7493 -7487 -7371 -7472 # -8193 -8449 -8321 -8193 -8193 -8065 -832CPU side received count (scaleup: 7): -7446 -7490 -7393 -7465 -7420 -7392 -7374 -7414 # -8321 -8193 -8321 -8193 -8321 -8193 -8193 -8193 
CPU side received count (scaleup: 5): -7399 -7487 -7399 -7279 -7411 -7420 -7505 -7329 # -8193 -8065 -8193 -8321 -8321 -8193 -8195 -8321 
1 -8321 
1 -8321 
1 -8193 
3 -8193 
3 -8321 
Elastic buffer uses 4 channels per SM
Elastic buffer uses 4 channels per SM
Elastic buffer uses 4 channels per SM
Elastic buffer uses 4 channels per SM
Elastic buffer uses 4 channels per SM
Elastic buffer uses 4 channels per SM
Elastic buffer uses 4 channels per SM
Elastic buffer uses 4 channels per SM
CPU side received count (scaleup: 2): -7426 -7298 -7457 -7460 -7461 -7413 -7479 -7433 # -8065 -8193 -8193 -8321 -8321 -8321 -819CPU side received count (scaleup: 0): -7526 -7289 -7400 -7430 -7537 -7573 -7518 -7434 # -8065 -8193 -8321 -8449 -8193 -8321 -832CPU side received count (scaleup: 3): -7400 -7549 -7426 -7398 -7355 -7397 -7474 -7321 # -8193 -8193 -8193 -8193 -8193 -8193 -819CPU side received count (scaleup: 1): -7507 -7396 -7530 -7593 -7610 -7335 -7335 -7382 # -8321 -8321 -8193 -8321 -8321 -8065 -8323 -8193 
CPU side received count (scaleup: 6): -7457 -7402 -7321 -7552 -7493 -7487 -7371 -7472 # -8193 -8449 -8321 -8193 -8193 -8065 -832CPU side received count (scaleup: 4): -7415 -7468 -7405 -7458 -7389 -7432 -7474 -7344 # -8449 -8321 -8193 -8193 -8193 -8193 -8061 -8321 
1 -8193 
CPU side received count (scaleup: 7): -7446 -7490 -7393 -7465 -7420 -7392 -7374 -7414 # -8321 -8193 -8321 -8193 -8321 -8193 -8191 -8321 
5 -8321 
CPU side received count (scaleup: 5): -7399 -7487 -7399 -7279 -7411 -7420 -7505 -7329 # -8193 -8065 -8193 -8321 -8321 -8193 -8193 -8193 
3 -8193 
3 -8321 
Elastic buffer uses 4 channels per SM
Elastic buffer uses 4 channels per SM
Elastic buffer uses 4 channels per SM
Elastic buffer uses 4 channels per SM
Elastic buffer uses 4 channels per SM
Elastic buffer uses 4 channels per SM
Elastic buffer uses 4 channels per SM
Elastic buffer uses 4 channels per SM
CPU side received count (scaleup: 5): -7399 -7487 -7399 -7279 -7411 -7420 -7505 -7329 # -8193 -8065 -8193 -8321 -8321 -8193 -819CPU side received count (scaleup: 7): -7446 -7490 -7393 -7465 -7420 -7392 -7374 -7414 # -8321 -8193 -8321 -8193 -8321 -8193 -819CPU side received count (scaleup: 6): -7457 -7402 -7321 -7552 -7493 -7487 -7371 -7472 # -8193 -8449 -8321 -8193 -8193 -8065 -832CPU side received count (scaleup: 4): -7415 -7468 -7405 -7458 -7389 -7432 -7474 -7344 # -8449 -8321 -8193 -8193 -8193 -8193 -8063 -8321 
CPU side received count (scaleup: 0): -7526 -7289 -7400 -7430 -7537 -7573 -7518 -7434 # -8065 -8193 -8321 -8449 -8193 -8321 -832CPU side received count (scaleup: 2): -7426 -7298 -7457 -7460 -7461 -7413 -7479 -7433 # -8065 -8193 -8193 -8321 -8321 -8321 -819CPU side received count (scaleup: 3): -7400 -7549 -7426 -7398 -7355 -7397 -7474 -7321 # -8193 -8193 -8193 -8193 -8193 -8193 -819CPU side received count (scaleup: 1): -7507 -7396 -7530 -7593 -7610 -7335 -7335 -7382 # -8321 -8321 -8193 -8321 -8321 -8065 -8323 -8193 
3 -8193 
3 -8193 
1 -8193 
5 -8321 
1 -8321 
1 -8321 
Elastic buffer uses 4 channels per SM
Elastic buffer uses 4 channels per SM
Elastic buffer uses 4 channels per SM
Elastic buffer uses 4 channels per SM
Elastic buffer uses 4 channels per SM
Elastic buffer uses 4 channels per SM
Elastic buffer uses 4 channels per SM
Elastic buffer uses 4 channels per SM
CPU side received count (scaleup: 6): -7457 -7402 -7321 -7552 -7493 -7487 -7371 -7472 # -8193 -8449 -8321 -8193 -8193 -8065 -832CPU side received count (scaleup: 5): -7399 -7487 -7399 -7279 -7411 -7420 -7505 -7329 # -8193 -8065 -8193 -8321 -8321 -8193 -819CPU side received count (scaleup: 7): -7446 -7490 -7393 -7465 -7420 -7392 -7374 -7414 # -8321 -8193 -8321 -8193 -8321 -8193 -819CPU side received count (scaleup: 4): -7415 -7468 -7405 -7458 -7389 -7432 -7474 -7344 # -8449 -8321 -8193 -8193 -8193 -8193 -8061 -8193 
3 -8321 
CPU side received count (scaleup: 0): -7526 -7289 -7400 -7430 -7537 -7573 -7518 -7434 # -8065 -8193 -8321 -8449 -8193 -8321 -832CPU side received count (scaleup: 3): -7400 -7549 -7426 -7398 -7355 -7397 -7474 -7321 # -8193 -8193 -8193 -8193 -8193 -8193 -8195 -8321 
3 -8193 
CPU side received count (scaleup: 1): -7507 -7396 -7530 -7593 -7610 -7335 -7335 -7382 # -8321 -8321 -8193 -8321 -8321 -8065 -832CPU side received count (scaleup: 2): -7426 -7298 -7457 -7460 -7461 -7413 -7479 -7433 # -8065 -8193 -8193 -8321 -8321 -8321 -8191 -8321 
3 -8193 
1 -8321 
3 -8193 
USDT:2026-08-25 02:22:39 441:441 SyncActivityProfilerHandler.cpp:59] profiler_stopUSDT:2026-08-25 02:22:39 435:435 SyncActivityProfilerHandler.cpp:59] profiler_stopUSDT:2026-08-25 02:22:39 439:439 SyncActivityProfilerHandler.cpp:59] profiler_stop
USDT:2026-08-25 02:22:39 440:440 SyncActivityProfilerHandler.cpp:59] profiler_stop


USDT:2026-08-25 02:22:39 436:436 SyncActivityProfilerHandler.cpp:59] profiler_stopUSDT:2026-08-25 02:22:39 437:437 SyncActivityProfilerHandler.cpp:59] profiler_stop

USDT:2026-08-25 02:22:39 438:438 SyncActivityProfilerHandler.cpp:59] profiler_stopUSDT:2026-08-25 02:22:39 434:434 SyncActivityProfilerHandler.cpp:59] profiler_stop

   * EP:  29/32 | dispatch: 52 GB/s (SO), 104 GB/s (SU), 4281.000 us, 443446848 bytes | copy: 2553 GB/s, 347.411 us
   * EP:  25/32 | dispatch: 52 GB/s (SO), 104 GB/s (SU), 4281.000 us, 446883840 bytes | copy: 2309 GB/s, 387.035 us
   * EP:  27/32 | dispatch: 52 GB/s (SO), 104 GB/s (SU), 4281.000 us, 444128256 bytes | copy: 2434 GB/s, 364.863 us
   * EP:  26/32 | dispatch: 52 GB/s (SO), 104 GB/s (SU), 4281.000 us, 444929472 bytes | copy: 2447 GB/s, 363.632 us
   * EP:  28/32 | dispatch: 52 GB/s (SO), 104 GB/s (SU), 4281.000 us, 444614976 bytes | copy: 2474 GB/s, 359.368 us
   * EP:  31/32 | dispatch: 52 GB/s (SO), 104 GB/s (SU), 4281.000 us, 444682368 bytes | copy: 2296 GB/s, 387.370 us
   * EP:  24/32 | dispatch: 52 GB/s (SO), 104 GB/s (SU), 4281.000 us, 447026112 bytes | copy: 2317 GB/s, 385.894 us   * EP:  30/32 | dispatch: 52 GB/s (SO), 104 GB/s (SU), 4281.000 us, 445887936 bytes | copy: 2528 GB/s, 352.781 us

Elastic buffer uses 4 channels per SM
Elastic buffer uses 4 channels per SM
Elastic buffer uses 4 channels per SM
Elastic buffer uses 4 channels per SM
Elastic buffer uses 4 channels per SM
Elastic buffer uses 4 channels per SM
Elastic buffer uses 4 channels per SM
Elastic buffer uses 4 channels per SM
CPU side received count (scaleup: 2): -7426 -7298 -7457 -7460 -7461 -7413 -7479 -7433 # -8065 -8193 -8193 -8321 -8321 -8321 -819CPU side received count (scaleup: 0): -7526 -7289 -7400 -7430 -7537 -7573 -7518 -7434 # -8065 -8193 -8321 -8449 -8193 -8321 -832CPU side received count (scaleup: 3): -7400 -7549 -7426 -7398 -7355 -7397 -7474 -7321 # -8193 -8193 -8193 -8193 -8193 -8193 -819CPU side received count (scaleup: 1): -7507 -7396 -7530 -7593 -7610 -7335 -7335 -7382 # -8321 -8321 -8193 -8321 -8321 -8065 -832CPU side received count (scaleup: 5): -7399 -7487 -7399 -7279 -7411 -7420 -7505 -7329 # -8193 -8065 -8193 -8321 -8321 -8193 -819CPU side received count (scaleup: 4): -7415 -7468 -7405 -7458 -7389 -7432 -7474 -7344 # -8449 -8321 -8193 -8193 -8193 -8193 -806CPU side received count (scaleup: 6): -7457 -7402 -7321 -7552 -7493 -7487 -7371 -7472 # -8193 -8449 -8321 -8193 -8193 -8065 -8323 -8321 
1 -8321 
1 -8193 
5 -8321 
3 -8193 
CPU side received count (scaleup: 7): -7446 -7490 -7393 -7465 -7420 -7392 -7374 -7414 # -8321 -8193 -8321 -8193 -8321 -8193 -8191 -8321 
3 -8193 
3 -8193 
Elastic buffer uses 4 channels per SM
Elastic buffer uses 4 channels per SM
Elastic buffer uses 4 channels per SM
Elastic buffer uses 4 channels per SM
Elastic buffer uses 4 channels per SM
Elastic buffer uses 4 channels per SM
Elastic buffer uses 4 channels per SM
Elastic buffer uses 4 channels per SM
CPU side received count (scaleup: 5): -7399 -7487 -7399 -7279 -7411 -7420 -7505 -7329 # -8193 -8065 -8193 -8321 -8321 -8193 -819CPU side received count (scaleup: 7): -7446 -7490 -7393 -7465 -7420 -7392 -7374 -7414 # -8321 -8193 -8321 -8193 -8321 -8193 -819CPU side received count (scaleup: 4): -7415 -7468 -7405 -7458 -7389 -7432 -7474 -7344 # -8449 -8321 -8193 -8193 -8193 -8193 -8063 -8321 
3 -8193 
CPU side received count (scaleup: 6): -7457 -7402 -7321 -7552 -7493 -7487 -7371 -7472 # -8193 -8449 -8321 -8193 -8193 -8065 -832CPU side received count (scaleup: 1): -7507 -7396 -7530 -7593 -7610 -7335 -7335 -7382 # -8321 -8321 -8193 -8321 -8321 -8065 -8325 -8321 
CPU side received count (scaleup: 2): -7426 -7298 -7457 -7460 -7461 -7413 -7479 -7433 # -8065 -8193 -8193 -8321 -8321 -8321 -819CPU side received count (scaleup: 0): -7526 -7289 -7400 -7430 -7537 -7573 -7518 -7434 # -8065 -8193 -8321 -8449 -8193 -8321 -832CPU side received count (scaleup: 3): -7400 -7549 -7426 -7398 -7355 -7397 -7474 -7321 # -8193 -8193 -8193 -8193 -8193 -8193 -8191 -8193 
1 -8321 
3 -8193 
1 -8321 
3 -8193 
Elastic buffer uses 4 channels per SM
Elastic buffer uses 4 channels per SM
Elastic buffer uses 4 channels per SM
Elastic buffer uses 4 channels per SM
Elastic buffer uses 4 channels per SM
Elastic buffer uses 4 channels per SM
Elastic buffer uses 4 channels per SM
Elastic buffer uses 4 channels per SM
CPU side received count (scaleup: 5): -7399 -7487 -7399 -7279 -7411 -7420 -7505 -7329 # -8193 -8065 -8193 -8321 -8321 -8193 -819CPU side received count (scaleup: 7): -7446 -7490 -7393 -7465 -7420 -7392 -7374 -7414 # -8321 -8193 -8321 -8193 -8321 -8193 -819CPU side received count (scaleup: 6): -7457 -7402 -7321 -7552 -7493 -7487 -7371 -7472 # -8193 -8449 -8321 -8193 -8193 -8065 -8323 -8321 
3 -8193 
1 -8193 
CPU side received count (scaleup: 0): -7526 -7289 -7400 -7430 -7537 -7573 -7518 -7434 # -8065 -8193 -8321 -8449 -8193 -8321 -832CPU side received count (scaleup: 2): -7426 -7298 -7457 -7460 -7461 -7413 -7479 -7433 # -8065 -8193 -8193 -8321 -8321 -8321 -8191 -8321 
CPU side received count (scaleup: 1): -7507 -7396 -7530 -7593 -7610 -7335 -7335 -7382 # -8321 -8321 -8193 -8321 -8321 -8065 -832CPU side received count (scaleup: 3): -7400 -7549 -7426 -7398 -7355 -7397 -7474 -7321 # -8193 -8193 -8193 -8193 -8193 -8193 -8193 -8193 
CPU side received count (scaleup: 4): -7415 -7468 -7405 -7458 -7389 -7432 -7474 -7344 # -8449 -8321 -8193 -8193 -8193 -8193 -8063 -8193 
1 -8321 
5 -8321 
Elastic buffer uses 4 channels per SM
Elastic buffer uses 4 channels per SM
Elastic buffer uses 4 channels per SM
Elastic buffer uses 4 channels per SM
Elastic buffer uses 4 channels per SM
Elastic buffer uses 4 channels per SM
Elastic buffer uses 4 channels per SM
Elastic buffer uses 4 channels per SM
CPU side received count (scaleup: 5): -7399 -7487 -7399 -7279 -7411 -7420 -7505 -7329 # -8193 -8065 -8193 -8321 -8321 -8193 -819CPU side received count (scaleup: 4): -7415 -7468 -7405 -7458 -7389 -7432 -7474 -7344 # -8449 -8321 -8193 -8193 -8193 -8193 -806CPU side received count (scaleup: 6): -7457 -7402 -7321 -7552 -7493 -7487 -7371 -7472 # -8193 -8449 -8321 -8193 -8193 -8065 -8323 -8321 
5 -8321 
1 -8193 
CPU side received count (scaleup: 2): -7426 -7298 -7457 -7460 -7461 -7413 -7479 -7433 # -8065 -8193 -8193 -8321 -8321 -8321 -819CPU side received count (scaleup: 1): -7507 -7396 -7530 -7593 -7610 -7335 -7335 -7382 # -8321 -8321 -8193 -8321 -8321 -8065 -832CPU side received count (scaleup: 0): -7526 -7289 -7400 -7430 -7537 -7573 -7518 -7434 # -8065 -8193 -8321 -8449 -8193 -8321 -8321 -8321 
CPU side received count (scaleup: 3): -7400 -7549 -7426 -7398 -7355 -7397 -7474 -7321 # -8193 -8193 -8193 -8193 -8193 -8193 -819CPU side received count (scaleup: 7): -7446 -7490 -7393 -7465 -7420 -7392 -7374 -7414 # -8321 -8193 -8321 -8193 -8321 -8193 -8191 -8321 
3 -8193 
3 -8193 
3 -8193 
Elastic buffer uses 4 channels per SM
Elastic buffer uses 4 channels per SM
Elastic buffer uses 4 channels per SM
Elastic buffer uses 4 channels per SM
Elastic buffer uses 4 channels per SM
Elastic buffer uses 4 channels per SM
Elastic buffer uses 4 channels per SM
Elastic buffer uses 4 channels per SM
CPU side received count (scaleup: 6): -7457 -7402 -7321 -7552 -7493 -7487 -7371 -7472 # -8193 -8449 -8321 -8193 -8193 -8065 -832CPU side received count (scaleup: 4): -7415 -7468 -7405 -7458 -7389 -7432 -7474 -7344 # -8449 -8321 -8193 -8193 -8193 -8193 -806CPU side received count (scaleup: 7): -7446 -7490 -7393 -7465 -7420 -7392 -7374 -7414 # -8321 -8193 -8321 -8193 -8321 -8193 -819CPU side received count (scaleup: 5): -7399 -7487 -7399 -7279 -7411 -7420 -7505 -7329 # -8193 -8065 -8193 -8321 -8321 -8193 -8191 -8193 
CPU side received count (scaleup: 2): -7426 -7298 -7457 -7460 -7461 -7413 -7479 -7433 # -8065 -8193 -8193 -8321 -8321 -8321 -8195 -8321 
CPU side received count (scaleup: 3): -7400 -7549 -7426 -7398 -7355 -7397 -7474 -7321 # -8193 -8193 -8193 -8193 -8193 -8193 -819CPU side received count (scaleup: 0): -7526 -7289 -7400 -7430 -7537 -7573 -7518 -7434 # -8065 -8193 -8321 -8449 -8193 -8321 -8323 -8193 
3 -8321 
CPU side received count (scaleup: 1): -7507 -7396 -7530 -7593 -7610 -7335 -7335 -7382 # -8321 -8321 -8193 -8321 -8321 -8065 -8323 -8193 
3 -8193 
1 -8321 
1 -8321 
Elastic buffer uses 4 channels per SM
Elastic buffer uses 4 channels per SM
Elastic buffer uses 4 channels per SM
Elastic buffer uses 4 channels per SM
Elastic buffer uses 4 channels per SM
Elastic buffer uses 4 channels per SM
Elastic buffer uses 4 channels per SM
Elastic buffer uses 4 channels per SM
CPU side received count (scaleup: 2): -7426 -7298 -7457 -7460 -7461 -7413 -7479 -7433 # -8065 -8193 -8193 -8321 -8321 -8321 -819CPU side received count (scaleup: 1): -7507 -7396 -7530 -7593 -7610 -7335 -7335 -7382 # -8321 -8321 -8193 -8321 -8321 -8065 -832CPU side received count (scaleup: 0): -7526 -7289 -7400 -7430 -7537 -7573 -7518 -7434 # -8065 -8193 -8321 -8449 -8193 -8321 -832CPU side received count (scaleup: 3): -7400 -7549 -7426 -7398 -7355 -7397 -7474 -7321 # -8193 -8193 -8193 -8193 -8193 -8193 -819CPU side received count (scaleup: 6): -7457 -7402 -7321 -7552 -7493 -7487 -7371 -7472 # -8193 -8449 -8321 -8193 -8193 -8065 -832CPU side received count (scaleup: 7): -7446 -7490 -7393 -7465 -7420 -7392 -7374 -7414 # -8321 -8193 -8321 -8193 -8321 -8193 -819CPU side received count (scaleup: 4): -7415 -7468 -7405 -7458 -7389 -7432 -7474 -7344 # -8449 -8321 -8193 -8193 -8193 -8193 -8061 -8321 
CPU side received count (scaleup: 5): -7399 -7487 -7399 -7279 -7411 -7420 -7505 -7329 # -8193 -8065 -8193 -8321 -8321 -8193 -8193 -8193 
1 -8193 
1 -8321 
3 -8193 
3 -8193 
5 -8321 
3 -8321 
Elastic buffer uses 4 channels per SM
Elastic buffer uses 4 channels per SM
Elastic buffer uses 4 channels per SM
Elastic buffer uses 4 channels per SM
Elastic buffer uses 4 channels per SM
Elastic buffer uses 4 channels per SM
Elastic buffer uses 4 channels per SM
Elastic buffer uses 4 channels per SM
CPU side received count (scaleup: 2): -7426 -7298 -7457 -7460 -7461 -7413 -7479 -7433 # -8065 -8193 -8193 -8321 -8321 -8321 -819CPU side received count (scaleup: 0): -7526 -7289 -7400 -7430 -7537 -7573 -7518 -7434 # -8065 -8193 -8321 -8449 -8193 -8321 -832CPU side received count (scaleup: 1): -7507 -7396 -7530 -7593 -7610 -7335 -7335 -7382 # -8321 -8321 -8193 -8321 -8321 -8065 -832CPU side received count (scaleup: 3): -7400 -7549 -7426 -7398 -7355 -7397 -7474 -7321 # -8193 -8193 -8193 -8193 -8193 -8193 -8193 -8193 
1 -8321 
3 -8193 
1 -8321 
CPU side received count (scaleup: 6): -7457 -7402 -7321 -7552 -7493 -7487 -7371 -7472 # -8193 -8449 -8321 -8193 -8193 -8065 -832CPU side received count (scaleup: 5): -7399 -7487 -7399 -7279 -7411 -7420 -7505 -7329 # -8193 -8065 -8193 -8321 -8321 -8193 -8191 -8193 
CPU side received count (scaleup: 7): -7446 -7490 -7393 -7465 -7420 -7392 -7374 -7414 # -8321 -8193 -8321 -8193 -8321 -8193 -819CPU side received count (scaleup: 4): -7415 -7468 -7405 -7458 -7389 -7432 -7474 -7344 # -8449 -8321 -8193 -8193 -8193 -8193 -8063 -8321 
3 -8193 
5 -8321 
Elastic buffer uses 4 channels per SM
Elastic buffer uses 4 channels per SM
Elastic buffer uses 4 channels per SM
Elastic buffer uses 4 channels per SM
Elastic buffer uses 4 channels per SM
Elastic buffer uses 4 channels per SM
Elastic buffer uses 4 channels per SM
Elastic buffer uses 4 channels per SM
CPU side received count (scaleup: 2): -7426 -7298 -7457 -7460 -7461 -7413 -7479 -7433 # -8065 -8193 -8193 -8321 -8321 -8321 -819CPU side received count (scaleup: 0): -7526 -7289 -7400 -7430 -7537 -7573 -7518 -7434 # -8065 -8193 -8321 -8449 -8193 -8321 -832CPU side received count (scaleup: 3): -7400 -7549 -7426 -7398 -7355 -7397 -7474 -7321 # -8193 -8193 -8193 -8193 -8193 -8193 -819CPU side received count (scaleup: 1): -7507 -7396 -7530 -7593 -7610 -7335 -7335 -7382 # -8321 -8321 -8193 -8321 -8321 -8065 -8323 -8193 
1 -8321 
3 -8193 
1 -8321 
CPU side received count (scaleup: 7): -7446 -7490 -7393 -7465 -7420 -7392 -7374 -7414 # -8321 -8193 -8321 -8193 -8321 -8193 -819CPU side received count (scaleup: 6): -7457 -7402 -7321 -7552 -7493 -7487 -7371 -7472 # -8193 -8449 -8321 -8193 -8193 -8065 -832CPU side received count (scaleup: 5): -7399 -7487 -7399 -7279 -7411 -7420 -7505 -7329 # -8193 -8065 -8193 -8321 -8321 -8193 -819CPU side received count (scaleup: 4): -7415 -7468 -7405 -7458 -7389 -7432 -7474 -7344 # -8449 -8321 -8193 -8193 -8193 -8193 -8061 -8193 
3 -8321 
3 -8193 
5 -8321 
Elastic buffer uses 4 channels per SM
Elastic buffer uses 4 channels per SM
Elastic buffer uses 4 channels per SM
Elastic buffer uses 4 channels per SM
Elastic buffer uses 4 channels per SM
Elastic buffer uses 4 channels per SM
Elastic buffer uses 4 channels per SM
Elastic buffer uses 4 channels per SM
CPU side received count (scaleup: 5): -7399 -7487 -7399 -7279 -7411 -7420 -7505 -7329 # -8193 -8065 -8193 -8321 -8321 -8193 -819CPU side received count (scaleup: 4): -7415 -7468 -7405 -7458 -7389 -7432 -7474 -7344 # -8449 -8321 -8193 -8193 -8193 -8193 -806CPU side received count (scaleup: 6): -7457 -7402 -7321 -7552 -7493 -7487 -7371 -7472 # -8193 -8449 -8321 -8193 -8193 -8065 -832CPU side received count (scaleup: 7): -7446 -7490 -7393 -7465 -7420 -7392 -7374 -7414 # -8321 -8193 -8321 -8193 -8321 -8193 -8193 -8321 
5 -8321 
1 -8193 
CPU side received count (scaleup: 2): -7426 -7298 -7457 -7460 -7461 -7413 -7479 -7433 # -8065 -8193 -8193 -8321 -8321 -8321 -819CPU side received count (scaleup: 3): -7400 -7549 -7426 -7398 -7355 -7397 -7474 -7321 # -8193 -8193 -8193 -8193 -8193 -8193 -8193 -8193 
CPU side received count (scaleup: 0): -7526 -7289 -7400 -7430 -7537 -7573 -7518 -7434 # -8065 -8193 -8321 -8449 -8193 -8321 -832CPU side received count (scaleup: 1): -7507 -7396 -7530 -7593 -7610 -7335 -7335 -7382 # -8321 -8321 -8193 -8321 -8321 -8065 -8323 -8193 
3 -8193 
1 -8321 
1 -8321 
Elastic buffer uses 4 channels per SM
Elastic buffer uses 4 channels per SM
Elastic buffer uses 4 channels per SM
Elastic buffer uses 4 channels per SM
Elastic buffer uses 4 channels per SM
Elastic buffer uses 4 channels per SM
Elastic buffer uses 4 channels per SM
Elastic buffer uses 4 channels per SM
CPU side received count (scaleup: 6): -7457 -7402 -7321 -7552 -7493 -7487 -7371 -7472 # -8193 -8449 -8321 -8193 -8193 -8065 -832CPU side received count (scaleup: 5): -7399 -7487 -7399 -7279 -7411 -7420 -7505 -7329 # -8193 -8065 -8193 -8321 -8321 -8193 -819CPU side received count (scaleup: 4): -7415 -7468 -7405 -7458 -7389 -7432 -7474 -7344 # -8449 -8321 -8193 -8193 -8193 -8193 -806CPU side received count (scaleup: 7): -7446 -7490 -7393 -7465 -7420 -7392 -7374 -7414 # -8321 -8193 -8321 -8193 -8321 -8193 -8191 -8193 
3 -8321 
5 -8321 
3 -8193 
CPU side received count (scaleup: 0): -7526 -7289 -7400 -7430 -7537 -7573 -7518 -7434 # -8065 -8193 -8321 -8449 -8193 -8321 -832CPU side received count (scaleup: 1): -7507 -7396 -7530 -7593 -7610 -7335 -7335 -7382 # -8321 -8321 -8193 -8321 -8321 -8065 -832CPU side received count (scaleup: 2): -7426 -7298 -7457 -7460 -7461 -7413 -7479 -7433 # -8065 -8193 -8193 -8321 -8321 -8321 -8191 -8321 
CPU side received count (scaleup: 3): -7400 -7549 -7426 -7398 -7355 -7397 -7474 -7321 # -8193 -8193 -8193 -8193 -8193 -8193 -8193 -8193 
1 -8321 
3 -8193 
Elastic buffer uses 4 channels per SM
Elastic buffer uses 4 channels per SM
Elastic buffer uses 4 channels per SM
Elastic buffer uses 4 channels per SM
Elastic buffer uses 4 channels per SM
Elastic buffer uses 4 channels per SM
Elastic buffer uses 4 channels per SM
Elastic buffer uses 4 channels per SM
CPU side received count (scaleup: 0): -7526 -7289 -7400 -7430 -7537 -7573 -7518 -7434 # -8065 -8193 -8321 -8449 -8193 -8321 -832CPU side received count (scaleup: 2): -7426 -7298 -7457 -7460 -7461 -7413 -7479 -7433 # -8065 -8193 -8193 -8321 -8321 -8321 -819CPU side received count (scaleup: 1): -7507 -7396 -7530 -7593 -7610 -7335 -7335 -7382 # -8321 -8321 -8193 -8321 -8321 -8065 -832CPU side received count (scaleup: 3): -7400 -7549 -7426 -7398 -7355 -7397 -7474 -7321 # -8193 -8193 -8193 -8193 -8193 -8193 -819CPU side received count (scaleup: 5): -7399 -7487 -7399 -7279 -7411 -7420 -7505 -7329 # -8193 -8065 -8193 -8321 -8321 -8193 -819CPU side received count (scaleup: 4): -7415 -7468 -7405 -7458 -7389 -7432 -7474 -7344 # -8449 -8321 -8193 -8193 -8193 -8193 -806CPU side received count (scaleup: 7): -7446 -7490 -7393 -7465 -7420 -7392 -7374 -7414 # -8321 -8193 -8321 -8193 -8321 -8193 -8191 -8321 
1 -8321 
3 -8193 
CPU side received count (scaleup: 6): -7457 -7402 -7321 -7552 -7493 -7487 -7371 -7472 # -8193 -8449 -8321 -8193 -8193 -8065 -8323 -8193 
3 -8193 
5 -8321 
3 -8321 
1 -8193 
Elastic buffer uses 4 channels per SM
Elastic buffer uses 4 channels per SM
Elastic buffer uses 4 channels per SM
Elastic buffer uses 4 channels per SM
Elastic buffer uses 4 channels per SM
Elastic buffer uses 4 channels per SM
Elastic buffer uses 4 channels per SM
Elastic buffer uses 4 channels per SM
CPU side received count (scaleup: 2): -7426 -7298 -7457 -7460 -7461 -7413 -7479 -7433 # -8065 -8193 -8193 -8321 -8321 -8321 -819CPU side received count (scaleup: 1): -7507 -7396 -7530 -7593 -7610 -7335 -7335 -7382 # -8321 -8321 -8193 -8321 -8321 -8065 -832CPU side received count (scaleup: 0): -7526 -7289 -7400 -7430 -7537 -7573 -7518 -7434 # -8065 -8193 -8321 -8449 -8193 -8321 -832CPU side received count (scaleup: 3): -7400 -7549 -7426 -7398 -7355 -7397 -7474 -7321 # -8193 -8193 -8193 -8193 -8193 -8193 -8191 -8321 
3 -8193 
1 -8321 
3 -8193 
CPU side received count (scaleup: 4): -7415 -7468 -7405 -7458 -7389 -7432 -7474 -7344 # -8449 -8321 -8193 -8193 -8193 -8193 -806CPU side received count (scaleup: 6): -7457 -7402 -7321 -7552 -7493 -7487 -7371 -7472 # -8193 -8449 -8321 -8193 -8193 -8065 -8325 -8321 
CPU side received count (scaleup: 5): -7399 -7487 -7399 -7279 -7411 -7420 -7505 -7329 # -8193 -8065 -8193 -8321 -8321 -8193 -819CPU side received count (scaleup: 7): -7446 -7490 -7393 -7465 -7420 -7392 -7374 -7414 # -8321 -8193 -8321 -8193 -8321 -8193 -8193 -8321 
1 -8193 
3 -8193 
Elastic buffer uses 4 channels per SM
Elastic buffer uses 4 channels per SM
Elastic buffer uses 4 channels per SM
Elastic buffer uses 4 channels per SM
Elastic buffer uses 4 channels per SM
Elastic buffer uses 4 channels per SM
Elastic buffer uses 4 channels per SM
Elastic buffer uses 4 channels per SM
CPU side received count (scaleup: 2): -7426 -7298 -7457 -7460 -7461 -7413 -7479 -7433 # -8065 -8193 -8193 -8321 -8321 -8321 -819CPU side received count (scaleup: 3): -7400 -7549 -7426 -7398 -7355 -7397 -7474 -7321 # -8193 -8193 -8193 -8193 -8193 -8193 -819CPU side received count (scaleup: 0): -7526 -7289 -7400 -7430 -7537 -7573 -7518 -7434 # -8065 -8193 -8321 -8449 -8193 -8321 -832CPU side received count (scaleup: 1): -7507 -7396 -7530 -7593 -7610 -7335 -7335 -7382 # -8321 -8321 -8193 -8321 -8321 -8065 -8323 -8193 
CPU side received count (scaleup: 7): -7446 -7490 -7393 -7465 -7420 -7392 -7374 -7414 # -8321 -8193 -8321 -8193 -8321 -8193 -8191 -8321 
3 -8193 
CPU side received count (scaleup: 5): -7399 -7487 -7399 -7279 -7411 -7420 -7505 -7329 # -8193 -8065 -8193 -8321 -8321 -8193 -819CPU side received count (scaleup: 6): -7457 -7402 -7321 -7552 -7493 -7487 -7371 -7472 # -8193 -8449 -8321 -8193 -8193 -8065 -832CPU side received count (scaleup: 4): -7415 -7468 -7405 -7458 -7389 -7432 -7474 -7344 # -8449 -8321 -8193 -8193 -8193 -8193 -8061 -8321 
5 -8321 
3 -8193 
3 -8321 
1 -8193 
Elastic buffer uses 4 channels per SM
Elastic buffer uses 4 channels per SM
Elastic buffer uses 4 channels per SM
Elastic buffer uses 4 channels per SM
Elastic buffer uses 4 channels per SM
Elastic buffer uses 4 channels per SM
Elastic buffer uses 4 channels per SM
Elastic buffer uses 4 channels per SM
CPU side received count (scaleup: 7): -7446 -7490 -7393 -7465 -7420 -7392 -7374 -7414 # -8321 -8193 -8321 -8193 -8321 -8193 -819CPU side received count (scaleup: 4): -7415 -7468 -7405 -7458 -7389 -7432 -7474 -7344 # -8449 -8321 -8193 -8193 -8193 -8193 -806CPU side received count (scaleup: 6): -7457 -7402 -7321 -7552 -7493 -7487 -7371 -7472 # -8193 -8449 -8321 -8193 -8193 -8065 -832CPU side received count (scaleup: 5): -7399 -7487 -7399 -7279 -7411 -7420 -7505 -7329 # -8193 -8065 -8193 -8321 -8321 -8193 -819CPU side received count (scaleup: 0): -7526 -7289 -7400 -7430 -7537 -7573 -7518 -7434 # -8065 -8193 -8321 -8449 -8193 -8321 -8323 -8193 
CPU side received count (scaleup: 3): -7400 -7549 -7426 -7398 -7355 -7397 -7474 -7321 # -8193 -8193 -8193 -8193 -8193 -8193 -8195 -8321 
CPU side received count (scaleup: 2): -7426 -7298 -7457 -7460 -7461 -7413 -7479 -7433 # -8065 -8193 -8193 -8321 -8321 -8321 -8193 -8321 
CPU side received count (scaleup: 1): -7507 -7396 -7530 -7593 -7610 -7335 -7335 -7382 # -8321 -8321 -8193 -8321 -8321 -8065 -8321 -8193 
1 -8321 
3 -8193 
3 -8193 
1 -8321 
Elastic buffer uses 4 channels per SM
Elastic buffer uses 4 channels per SM
Elastic buffer uses 4 channels per SM
Elastic buffer uses 4 channels per SM
Elastic buffer uses 4 channels per SM
Elastic buffer uses 4 channels per SM
Elastic buffer uses 4 channels per SM
Elastic buffer uses 4 channels per SM
CPU side received count (scaleup: 6): -7457 -7402 -7321 -7552 -7493 -7487 -7371 -7472 # -8193 -8449 -8321 -8193 -8193 -8065 -832CPU side received count (scaleup: 4): -7415 -7468 -7405 -7458 -7389 -7432 -7474 -7344 # -8449 -8321 -8193 -8193 -8193 -8193 -806CPU side received count (scaleup: 7): -7446 -7490 -7393 -7465 -7420 -7392 -7374 -7414 # -8321 -8193 -8321 -8193 -8321 -8193 -8191 -8193 
CPU side received count (scaleup: 5): -7399 -7487 -7399 -7279 -7411 -7420 -7505 -7329 # -8193 -8065 -8193 -8321 -8321 -8193 -8195 -8321 
CPU side received count (scaleup: 0): -7526 -7289 -7400 -7430 -7537 -7573 -7518 -7434 # -8065 -8193 -8321 -8449 -8193 -8321 -832CPU side received count (scaleup: 1): -7507 -7396 -7530 -7593 -7610 -7335 -7335 -7382 # -8321 -8321 -8193 -8321 -8321 -8065 -832CPU side received count (scaleup: 2): -7426 -7298 -7457 -7460 -7461 -7413 -7479 -7433 # -8065 -8193 -8193 -8321 -8321 -8321 -819CPU side received count (scaleup: 3): -7400 -7549 -7426 -7398 -7355 -7397 -7474 -7321 # -8193 -8193 -8193 -8193 -8193 -8193 -8193 -8193 
3 -8321 
1 -8321 
1 -8321 
3 -8193 
3 -8193 
Elastic buffer uses 4 channels per SM
Elastic buffer uses 4 channels per SM
Elastic buffer uses 4 channels per SM
Elastic buffer uses 4 channels per SM
Elastic buffer uses 4 channels per SM
Elastic buffer uses 4 channels per SM
Elastic buffer uses 4 channels per SM
Elastic buffer uses 4 channels per SM
CPU side received count (scaleup: 6): -7457 -7402 -7321 -7552 -7493 -7487 -7371 -7472 # -8193 -8449 -8321 -8193 -8193 -8065 -832CPU side received count (scaleup: 4): -7415 -7468 -7405 -7458 -7389 -7432 -7474 -7344 # -8449 -8321 -8193 -8193 -8193 -8193 -806CPU side received count (scaleup: 5): -7399 -7487 -7399 -7279 -7411 -7420 -7505 -7329 # -8193 -8065 -8193 -8321 -8321 -8193 -819CPU side received count (scaleup: 7): -7446 -7490 -7393 -7465 -7420 -7392 -7374 -7414 # -8321 -8193 -8321 -8193 -8321 -8193 -8191 -8193 
5 -8321 
3 -8193 
3 -8321 
CPU side received count (scaleup: 3): -7400 -7549 -7426 -7398 -7355 -7397 -7474 -7321 # -8193 -8193 -8193 -8193 -8193 -8193 -819CPU side received count (scaleup: 1): -7507 -7396 -7530 -7593 -7610 -7335 -7335 -7382 # -8321 -8321 -8193 -8321 -8321 -8065 -832CPU side received count (scaleup: 2): -7426 -7298 -7457 -7460 -7461 -7413 -7479 -7433 # -8065 -8193 -8193 -8321 -8321 -8321 -819CPU side received count (scaleup: 0): -7526 -7289 -7400 -7430 -7537 -7573 -7518 -7434 # -8065 -8193 -8321 -8449 -8193 -8321 -8323 -8193 
3 -8193 
1 -8321 
1 -8321 
Elastic buffer uses 4 channels per SM
Elastic buffer uses 4 channels per SM
Elastic buffer uses 4 channels per SM
Elastic buffer uses 4 channels per SM
Elastic buffer uses 4 channels per SM
Elastic buffer uses 4 channels per SM
Elastic buffer uses 4 channels per SM
Elastic buffer uses 4 channels per SM
CPU side received count (scaleup: 0): -7526 -7289 -7400 -7430 -7537 -7573 -7518 -7434 # -8065 -8193 -8321 -8449 -8193 -8321 -832CPU side received count (scaleup: 2): -7426 -7298 -7457 -7460 -7461 -7413 -7479 -7433 # -8065 -8193 -8193 -8321 -8321 -8321 -819CPU side received count (scaleup: 3): -7400 -7549 -7426 -7398 -7355 -7397 -7474 -7321 # -8193 -8193 -8193 -8193 -8193 -8193 -819CPU side received count (scaleup: 1): -7507 -7396 -7530 -7593 -7610 -7335 -7335 -7382 # -8321 -8321 -8193 -8321 -8321 -8065 -832CPU side received count (scaleup: 6): -7457 -7402 -7321 -7552 -7493 -7487 -7371 -7472 # -8193 -8449 -8321 -8193 -8193 -8065 -832CPU side received count (scaleup: 7): -7446 -7490 -7393 -7465 -7420 -7392 -7374 -7414 # -8321 -8193 -8321 -8193 -8321 -8193 -8191 -8321 
CPU side received count (scaleup: 4): -7415 -7468 -7405 -7458 -7389 -7432 -7474 -7344 # -8449 -8321 -8193 -8193 -8193 -8193 -8063 -8193 
CPU side received count (scaleup: 5): -7399 -7487 -7399 -7279 -7411 -7420 -7505 -7329 # -8193 -8065 -8193 -8321 -8321 -8193 -8191 -8321 
3 -8193 
1 -8193 
3 -8193 
3 -8321 
5 -8321 
Elastic buffer uses 4 channels per SM
Elastic buffer uses 4 channels per SM
Elastic buffer uses 4 channels per SM
Elastic buffer uses 4 channels per SM
Elastic buffer uses 4 channels per SM
Elastic buffer uses 4 channels per SM
Elastic buffer uses 4 channels per SM
Elastic buffer uses 4 channels per SM
CPU side received count (scaleup: 2): -7426 -7298 -7457 -7460 -7461 -7413 -7479 -7433 # -8065 -8193 -8193 -8321 -8321 -8321 -819CPU side received count (scaleup: 1): -7507 -7396 -7530 -7593 -7610 -7335 -7335 -7382 # -8321 -8321 -8193 -8321 -8321 -8065 -832CPU side received count (scaleup: 3): -7400 -7549 -7426 -7398 -7355 -7397 -7474 -7321 # -8193 -8193 -8193 -8193 -8193 -8193 -819CPU side received count (scaleup: 0): -7526 -7289 -7400 -7430 -7537 -7573 -7518 -7434 # -8065 -8193 -8321 -8449 -8193 -8321 -832CPU side received count (scaleup: 4): -7415 -7468 -7405 -7458 -7389 -7432 -7474 -7344 # -8449 -8321 -8193 -8193 -8193 -8193 -8063 -8193 
CPU side received count (scaleup: 5): -7399 -7487 -7399 -7279 -7411 -7420 -7505 -7329 # -8193 -8065 -8193 -8321 -8321 -8193 -819CPU side received count (scaleup: 7): -7446 -7490 -7393 -7465 -7420 -7392 -7374 -7414 # -8321 -8193 -8321 -8193 -8321 -8193 -819CPU side received count (scaleup: 6): -7457 -7402 -7321 -7552 -7493 -7487 -7371 -7472 # -8193 -8449 -8321 -8193 -8193 -8065 -8321 -8321 
3 -8193 
1 -8321 
5 -8321 
1 -8193 
3 -8193 
3 -8321 
Elastic buffer uses 4 channels per SM
Elastic buffer uses 4 channels per SM
Elastic buffer uses 4 channels per SM
Elastic buffer uses 4 channels per SM
Elastic buffer uses 4 channels per SM
Elastic buffer uses 4 channels per SM
Elastic buffer uses 4 channels per SM
Elastic buffer uses 4 channels per SM
CPU side received count (scaleup: 5): -7399 -7487 -7399 -7279 -7411 -7420 -7505 -7329 # -8193 -8065 -8193 -8321 -8321 -8193 -819CPU side received count (scaleup: 6): -7457 -7402 -7321 -7552 -7493 -7487 -7371 -7472 # -8193 -8449 -8321 -8193 -8193 -8065 -832CPU side received count (scaleup: 7): -7446 -7490 -7393 -7465 -7420 -7392 -7374 -7414 # -8321 -8193 -8321 -8193 -8321 -8193 -819CPU side received count (scaleup: 4): -7415 -7468 -7405 -7458 -7389 -7432 -7474 -7344 # -8449 -8321 -8193 -8193 -8193 -8193 -8063 -8321 
1 -8193 
3 -8193 
5 -8321 
CPU side received count (scaleup: 0): -7526 -7289 -7400 -7430 -7537 -7573 -7518 -7434 # -8065 -8193 -8321 -8449 -8193 -8321 -832CPU side received count (scaleup: 3): -7400 -7549 -7426 -7398 -7355 -7397 -7474 -7321 # -8193 -8193 -8193 -8193 -8193 -8193 -819CPU side received count (scaleup: 2): -7426 -7298 -7457 -7460 -7461 -7413 -7479 -7433 # -8065 -8193 -8193 -8321 -8321 -8321 -819CPU side received count (scaleup: 1): -7507 -7396 -7530 -7593 -7610 -7335 -7335 -7382 # -8321 -8321 -8193 -8321 -8321 -8065 -8321 -8321 
3 -8193 
1 -8321 
3 -8193 
Elastic buffer uses 4 channels per SM
Elastic buffer uses 4 channels per SM
Elastic buffer uses 4 channels per SM
Elastic buffer uses 4 channels per SM
Elastic buffer uses 4 channels per SM
Elastic buffer uses 4 channels per SM
Elastic buffer uses 4 channels per SM
Elastic buffer uses 4 channels per SM
CPU side received count (scaleup: 2): -7426 -7298 -7457 -7460 -7461 -7413 -7479 -7433 # -8065 -8193 -8193 -8321 -8321 -8321 -819CPU side received count (scaleup: 3): -7400 -7549 -7426 -7398 -7355 -7397 -7474 -7321 # -8193 -8193 -8193 -8193 -8193 -8193 -819CPU side received count (scaleup: 0): -7526 -7289 -7400 -7430 -7537 -7573 -7518 -7434 # -8065 -8193 -8321 -8449 -8193 -8321 -8323 -8193 
3 -8193 
CPU side received count (scaleup: 4): -7415 -7468 -7405 -7458 -7389 -7432 -7474 -7344 # -8449 -8321 -8193 -8193 -8193 -8193 -806CPU side received count (scaleup: 1): -7507 -7396 -7530 -7593 -7610 -7335 -7335 -7382 # -8321 -8321 -8193 -8321 -8321 -8065 -832CPU side received count (scaleup: 5): -7399 -7487 -7399 -7279 -7411 -7420 -7505 -7329 # -8193 -8065 -8193 -8321 -8321 -8193 -8191 -8321 
1 -8321 
CPU side received count (scaleup: 7): -7446 -7490 -7393 -7465 -7420 -7392 -7374 -7414 # -8321 -8193 -8321 -8193 -8321 -8193 -819CPU side received count (scaleup: 6): -7457 -7402 -7321 -7552 -7493 -7487 -7371 -7472 # -8193 -8449 -8321 -8193 -8193 -8065 -8323 -8321 
5 -8321 
3 -8193 
1 -8193 
Elastic buffer uses 4 channels per SM
Elastic buffer uses 4 channels per SM
Elastic buffer uses 4 channels per SM
Elastic buffer uses 4 channels per SM
Elastic buffer uses 4 channels per SM
Elastic buffer uses 4 channels per SM
Elastic buffer uses 4 channels per SM
Elastic buffer uses 4 channels per SM
CPU side received count (scaleup: 0): -7526 -7289 -7400 -7430 -7537 -7573 -7518 -7434 # -8065 -8193 -8321 -8449 -8193 -8321 -832CPU side received count (scaleup: 2): -7426 -7298 -7457 -7460 -7461 -7413 -7479 -7433 # -8065 -8193 -8193 -8321 -8321 -8321 -819CPU side received count (scaleup: 3): -7400 -7549 -7426 -7398 -7355 -7397 -7474 -7321 # -8193 -8193 -8193 -8193 -8193 -8193 -8191 -8321 
3 -8193 
CPU side received count (scaleup: 1): -7507 -7396 -7530 -7593 -7610 -7335 -7335 -7382 # -8321 -8321 -8193 -8321 -8321 -8065 -8323 -8193 
1 -8321 
CPU side received count (scaleup: 6): -7457 -7402 -7321 -7552 -7493 -7487 -7371 -7472 # -8193 -8449 -8321 -8193 -8193 -8065 -832CPU side received count (scaleup: 7): -7446 -7490 -7393 -7465 -7420 -7392 -7374 -7414 # -8321 -8193 -8321 -8193 -8321 -8193 -819CPU side received count (scaleup: 5): -7399 -7487 -7399 -7279 -7411 -7420 -7505 -7329 # -8193 -8065 -8193 -8321 -8321 -8193 -8193 -8193 
3 -8321 
CPU side received count (scaleup: 4): -7415 -7468 -7405 -7458 -7389 -7432 -7474 -7344 # -8449 -8321 -8193 -8193 -8193 -8193 -8061 -8193 
5 -8321 
Elastic buffer uses 4 channels per SM
Elastic buffer uses 4 channels per SM
Elastic buffer uses 4 channels per SM
Elastic buffer uses 4 channels per SM
Elastic buffer uses 4 channels per SM
Elastic buffer uses 4 channels per SM
Elastic buffer uses 4 channels per SM
Elastic buffer uses 4 channels per SM
CPU side received count (scaleup: 5): -7399 -7487 -7399 -7279 -7411 -7420 -7505 -7329 # -8193 -8065 -8193 -8321 -8321 -8193 -819CPU side received count (scaleup: 4): -7415 -7468 -7405 -7458 -7389 -7432 -7474 -7344 # -8449 -8321 -8193 -8193 -8193 -8193 -806CPU side received count (scaleup: 7): -7446 -7490 -7393 -7465 -7420 -7392 -7374 -7414 # -8321 -8193 -8321 -8193 -8321 -8193 -819CPU side received count (scaleup: 6): -7457 -7402 -7321 -7552 -7493 -7487 -7371 -7472 # -8193 -8449 -8321 -8193 -8193 -8065 -8323 -8321 
5 -8321 
3 -8193 
1 -8193 
CPU side received count (scaleup: 0): -7526 -7289 -7400 -7430 -7537 -7573 -7518 -7434 # -8065 -8193 -8321 -8449 -8193 -8321 -832CPU side received count (scaleup: 3): -7400 -7549 -7426 -7398 -7355 -7397 -7474 -7321 # -8193 -8193 -8193 -8193 -8193 -8193 -819CPU side received count (scaleup: 1): -7507 -7396 -7530 -7593 -7610 -7335 -7335 -7382 # -8321 -8321 -8193 -8321 -8321 -8065 -832CPU side received count (scaleup: 2): -7426 -7298 -7457 -7460 -7461 -7413 -7479 -7433 # -8065 -8193 -8193 -8321 -8321 -8321 -8191 -8321 
1 -8321 
3 -8193 
3 -8193 
Elastic buffer uses 4 channels per SM
Elastic buffer uses 4 channels per SM
Elastic buffer uses 4 channels per SM
Elastic buffer uses 4 channels per SM
Elastic buffer uses 4 channels per SM
Elastic buffer uses 4 channels per SM
Elastic buffer uses 4 channels per SM
Elastic buffer uses 4 channels per SM
CPU side received count (scaleup: 2): -7426 -7298 -7457 -7460 -7461 -7413 -7479 -7433 # -8065 -8193 -8193 -8321 -8321 -8321 -819CPU side received count (scaleup: 0): -7526 -7289 -7400 -7430 -7537 -7573 -7518 -7434 # -8065 -8193 -8321 -8449 -8193 -8321 -832CPU side received count (scaleup: 3): -7400 -7549 -7426 -7398 -7355 -7397 -7474 -7321 # -8193 -8193 -8193 -8193 -8193 -8193 -819CPU side received count (scaleup: 1): -7507 -7396 -7530 -7593 -7610 -7335 -7335 -7382 # -8321 -8321 -8193 -8321 -8321 -8065 -832CPU side received count (scaleup: 5): -7399 -7487 -7399 -7279 -7411 -7420 -7505 -7329 # -8193 -8065 -8193 -8321 -8321 -8193 -819CPU side received count (scaleup: 4): -7415 -7468 -7405 -7458 -7389 -7432 -7474 -7344 # -8449 -8321 -8193 -8193 -8193 -8193 -8063 -8193 
CPU side received count (scaleup: 7): -7446 -7490 -7393 -7465 -7420 -7392 -7374 -7414 # -8321 -8193 -8321 -8193 -8321 -8193 -819CPU side received count (scaleup: 6): -7457 -7402 -7321 -7552 -7493 -7487 -7371 -7472 # -8193 -8449 -8321 -8193 -8193 -8065 -8321 -8321 
3 -8193 
3 -8321 
1 -8321 
3 -8193 
5 -8321 
1 -8193 
Elastic buffer uses 4 channels per SM
Elastic buffer uses 4 channels per SM
Elastic buffer uses 4 channels per SM
Elastic buffer uses 4 channels per SM
Elastic buffer uses 4 channels per SM
Elastic buffer uses 4 channels per SM
Elastic buffer uses 4 channels per SM
Elastic buffer uses 4 channels per SM
CPU side received count (scaleup: 5): -7399 -7487 -7399 -7279 -7411 -7420 -7505 -7329 # -8193 -8065 -8193 -8321 -8321 -8193 -819CPU side received count (scaleup: 7): -7446 -7490 -7393 -7465 -7420 -7392 -7374 -7414 # -8321 -8193 -8321 -8193 -8321 -8193 -819CPU side received count (scaleup: 6): -7457 -7402 -7321 -7552 -7493 -7487 -7371 -7472 # -8193 -8449 -8321 -8193 -8193 -8065 -832CPU side received count (scaleup: 4): -7415 -7468 -7405 -7458 -7389 -7432 -7474 -7344 # -8449 -8321 -8193 -8193 -8193 -8193 -806CPU side received count (scaleup: 3): -7400 -7549 -7426 -7398 -7355 -7397 -7474 -7321 # -8193 -8193 -8193 -8193 -8193 -8193 -8193 -8321 
CPU side received count (scaleup: 0): -7526 -7289 -7400 -7430 -7537 -7573 -7518 -7434 # -8065 -8193 -8321 -8449 -8193 -8321 -832CPU side received count (scaleup: 1): -7507 -7396 -7530 -7593 -7610 -7335 -7335 -7382 # -8321 -8321 -8193 -8321 -8321 -8065 -832CPU side received count (scaleup: 2): -7426 -7298 -7457 -7460 -7461 -7413 -7479 -7433 # -8065 -8193 -8193 -8321 -8321 -8321 -8193 -8193 
1 -8193 
3 -8193 
5 -8321 
1 -8321 
1 -8321 
3 -8193 
Elastic buffer uses 4 channels per SM
Elastic buffer uses 4 channels per SM
Elastic buffer uses 4 channels per SM
Elastic buffer uses 4 channels per SM
Elastic buffer uses 4 channels per SM
Elastic buffer uses 4 channels per SM
Elastic buffer uses 4 channels per SM
Elastic buffer uses 4 channels per SM
CPU side received count (scaleup: 2): -7426 -7298 -7457 -7460 -7461 -7413 -7479 -7433 # -8065 -8193 -8193 -8321 -8321 -8321 -819CPU side received count (scaleup: 1): -7507 -7396 -7530 -7593 -7610 -7335 -7335 -7382 # -8321 -8321 -8193 -8321 -8321 -8065 -832CPU side received count (scaleup: 3): -7400 -7549 -7426 -7398 -7355 -7397 -7474 -7321 # -8193 -8193 -8193 -8193 -8193 -8193 -819CPU side received count (scaleup: 0): -7526 -7289 -7400 -7430 -7537 -7573 -7518 -7434 # -8065 -8193 -8321 -8449 -8193 -8321 -832CPU side received count (scaleup: 5): -7399 -7487 -7399 -7279 -7411 -7420 -7505 -7329 # -8193 -8065 -8193 -8321 -8321 -8193 -819CPU side received count (scaleup: 7): -7446 -7490 -7393 -7465 -7420 -7392 -7374 -7414 # -8321 -8193 -8321 -8193 -8321 -8193 -8191 -8321 
CPU side received count (scaleup: 6): -7457 -7402 -7321 -7552 -7493 -7487 -7371 -7472 # -8193 -8449 -8321 -8193 -8193 -8065 -8323 -8193 
3 -8193 
CPU side received count (scaleup: 4): -7415 -7468 -7405 -7458 -7389 -7432 -7474 -7344 # -8449 -8321 -8193 -8193 -8193 -8193 -8063 -8193 
1 -8321 
3 -8321 
1 -8193 
5 -8321 
Elastic buffer uses 4 channels per SM
Elastic buffer uses 4 channels per SM
Elastic buffer uses 4 channels per SM
Elastic buffer uses 4 channels per SM
Elastic buffer uses 4 channels per SM
Elastic buffer uses 4 channels per SM
Elastic buffer uses 4 channels per SM
Elastic buffer uses 4 channels per SM
CPU side received count (scaleup: 5): -7399 -7487 -7399 -7279 -7411 -7420 -7505 -7329 # -8193 -8065 -8193 -8321 -8321 -8193 -819CPU side received count (scaleup: 7): -7446 -7490 -7393 -7465 -7420 -7392 -7374 -7414 # -8321 -8193 -8321 -8193 -8321 -8193 -819CPU side received count (scaleup: 6): -7457 -7402 -7321 -7552 -7493 -7487 -7371 -7472 # -8193 -8449 -8321 -8193 -8193 -8065 -832CPU side received count (scaleup: 4): -7415 -7468 -7405 -7458 -7389 -7432 -7474 -7344 # -8449 -8321 -8193 -8193 -8193 -8193 -806CPU side received count (scaleup: 2): -7426 -7298 -7457 -7460 -7461 -7413 -7479 -7433 # -8065 -8193 -8193 -8321 -8321 -8321 -819CPU side received count (scaleup: 0): -7526 -7289 -7400 -7430 -7537 -7573 -7518 -7434 # -8065 -8193 -8321 -8449 -8193 -8321 -8323 -8321 
CPU side received count (scaleup: 3): -7400 -7549 -7426 -7398 -7355 -7397 -7474 -7321 # -8193 -8193 -8193 -8193 -8193 -8193 -819CPU side received count (scaleup: 1): -7507 -7396 -7530 -7593 -7610 -7335 -7335 -7382 # -8321 -8321 -8193 -8321 -8321 -8065 -8323 -8193 
1 -8193 
5 -8321 
3 -8193 
1 -8321 
3 -8193 
1 -8321 
Elastic buffer uses 4 channels per SM
Elastic buffer uses 4 channels per SM
Elastic buffer uses 4 channels per SM
Elastic buffer uses 4 channels per SM
Elastic buffer uses 4 channels per SM
Elastic buffer uses 4 channels per SM
Elastic buffer uses 4 channels per SM
Elastic buffer uses 4 channels per SM
CPU side received count (scaleup: 2): -7426 -7298 -7457 -7460 -7461 -7413 -7479 -7433 # -8065 -8193 -8193 -8321 -8321 -8321 -819CPU side received count (scaleup: 0): -7526 -7289 -7400 -7430 -7537 -7573 -7518 -7434 # -8065 -8193 -8321 -8449 -8193 -8321 -832CPU side received count (scaleup: 3): -7400 -7549 -7426 -7398 -7355 -7397 -7474 -7321 # -8193 -8193 -8193 -8193 -8193 -8193 -819CPU side received count (scaleup: 1): -7507 -7396 -7530 -7593 -7610 -7335 -7335 -7382 # -8321 -8321 -8193 -8321 -8321 -8065 -8323 -8193 
CPU side received count (scaleup: 5): -7399 -7487 -7399 -7279 -7411 -7420 -7505 -7329 # -8193 -8065 -8193 -8321 -8321 -8193 -819CPU side received count (scaleup: 4): -7415 -7468 -7405 -7458 -7389 -7432 -7474 -7344 # -8449 -8321 -8193 -8193 -8193 -8193 -8061 -8321 
1 -8321 
CPU side received count (scaleup: 6): -7457 -7402 -7321 -7552 -7493 -7487 -7371 -7472 # -8193 -8449 -8321 -8193 -8193 -8065 -8323 -8193 
CPU side received count (scaleup: 7): -7446 -7490 -7393 -7465 -7420 -7392 -7374 -7414 # -8321 -8193 -8321 -8193 -8321 -8193 -8193 -8321 
5 -8321 
3 -8193 
1 -8193 
Elastic buffer uses 4 channels per SM
Elastic buffer uses 4 channels per SM
Elastic buffer uses 4 channels per SM
Elastic buffer uses 4 channels per SM
Elastic buffer uses 4 channels per SM
Elastic buffer uses 4 channels per SM
Elastic buffer uses 4 channels per SM
Elastic buffer uses 4 channels per SM
CPU side received count (scaleup: 7): -7446 -7490 -7393 -7465 -7420 -7392 -7374 -7414 # -8321 -8193 -8321 -8193 -8321 -8193 -819CPU side received count (scaleup: 6): -7457 -7402 -7321 -7552 -7493 -7487 -7371 -7472 # -8193 -8449 -8321 -8193 -8193 -8065 -832CPU side received count (scaleup: 4): -7415 -7468 -7405 -7458 -7389 -7432 -7474 -7344 # -8449 -8321 -8193 -8193 -8193 -8193 -8063 -8193 
1 -8193 
CPU side received count (scaleup: 2): -7426 -7298 -7457 -7460 -7461 -7413 -7479 -7433 # -8065 -8193 -8193 -8321 -8321 -8321 -819CPU side received count (scaleup: 3): -7400 -7549 -7426 -7398 -7355 -7397 -7474 -7321 # -8193 -8193 -8193 -8193 -8193 -8193 -819CPU side received count (scaleup: 1): -7507 -7396 -7530 -7593 -7610 -7335 -7335 -7382 # -8321 -8321 -8193 -8321 -8321 -8065 -8323 -8193 
CPU side received count (scaleup: 5): -7399 -7487 -7399 -7279 -7411 -7420 -7505 -7329 # -8193 -8065 -8193 -8321 -8321 -8193 -8195 -8321 
CPU side received count (scaleup: 0): -7526 -7289 -7400 -7430 -7537 -7573 -7518 -7434 # -8065 -8193 -8321 -8449 -8193 -8321 -8323 -8321 
3 -8193 
1 -8321 
1 -8321 
Elastic buffer uses 4 channels per SM
Elastic buffer uses 4 channels per SM
Elastic buffer uses 4 channels per SM
Elastic buffer uses 4 channels per SM
Elastic buffer uses 4 channels per SM
Elastic buffer uses 4 channels per SM
Elastic buffer uses 4 channels per SM
Elastic buffer uses 4 channels per SM
CPU side received count (scaleup: 5): -7399 -7487 -7399 -7279 -7411 -7420 -7505 -7329 # -8193 -8065 -8193 -8321 -8321 -8193 -819CPU side received count (scaleup: 6): -7457 -7402 -7321 -7552 -7493 -7487 -7371 -7472 # -8193 -8449 -8321 -8193 -8193 -8065 -832CPU side received count (scaleup: 7): -7446 -7490 -7393 -7465 -7420 -7392 -7374 -7414 # -8321 -8193 -8321 -8193 -8321 -8193 -819CPU side received count (scaleup: 4): -7415 -7468 -7405 -7458 -7389 -7432 -7474 -7344 # -8449 -8321 -8193 -8193 -8193 -8193 -8061 -8193 
3 -8193 
3 -8321 
5 -8321 
CPU side received count (scaleup: 2): -7426 -7298 -7457 -7460 -7461 -7413 -7479 -7433 # -8065 -8193 -8193 -8321 -8321 -8321 -819CPU side received count (scaleup: 3): -7400 -7549 -7426 -7398 -7355 -7397 -7474 -7321 # -8193 -8193 -8193 -8193 -8193 -8193 -819CPU side received count (scaleup: 0): -7526 -7289 -7400 -7430 -7537 -7573 -7518 -7434 # -8065 -8193 -8321 -8449 -8193 -8321 -832CPU side received count (scaleup: 1): -7507 -7396 -7530 -7593 -7610 -7335 -7335 -7382 # -8321 -8321 -8193 -8321 -8321 -8065 -8323 -8193 
3 -8193 
1 -8321 
1 -8321 
Elastic buffer uses 4 channels per SM
Elastic buffer uses 4 channels per SM
Elastic buffer uses 4 channels per SM
Elastic buffer uses 4 channels per SM
Elastic buffer uses 4 channels per SM
Elastic buffer uses 4 channels per SM
Elastic buffer uses 4 channels per SM
Elastic buffer uses 4 channels per SM
CPU side received count (scaleup: 5): -7399 -7487 -7399 -7279 -7411 -7420 -7505 -7329 # -8193 -8065 -8193 -8321 -8321 -8193 -819CPU side received count (scaleup: 4): -7415 -7468 -7405 -7458 -7389 -7432 -7474 -7344 # -8449 -8321 -8193 -8193 -8193 -8193 -806CPU side received count (scaleup: 7): -7446 -7490 -7393 -7465 -7420 -7392 -7374 -7414 # -8321 -8193 -8321 -8193 -8321 -8193 -819CPU side received count (scaleup: 6): -7457 -7402 -7321 -7552 -7493 -7487 -7371 -7472 # -8193 -8449 -8321 -8193 -8193 -8065 -8323 -8321 
5 -8321 
3 -8193 
1 -8193 
CPU side received count (scaleup: 2): -7426 -7298 -7457 -7460 -7461 -7413 -7479 -7433 # -8065 -8193 -8193 -8321 -8321 -8321 -819CPU side received count (scaleup: 0): -7526 -7289 -7400 -7430 -7537 -7573 -7518 -7434 # -8065 -8193 -8321 -8449 -8193 -8321 -832CPU side received count (scaleup: 3): -7400 -7549 -7426 -7398 -7355 -7397 -7474 -7321 # -8193 -8193 -8193 -8193 -8193 -8193 -819CPU side received count (scaleup: 1): -7507 -7396 -7530 -7593 -7610 -7335 -7335 -7382 # -8321 -8321 -8193 -8321 -8321 -8065 -8323 -8193 
1 -8321 
3 -8193 
1 -8321 
Elastic buffer uses 4 channels per SM
Elastic buffer uses 4 channels per SM
Elastic buffer uses 4 channels per SM
Elastic buffer uses 4 channels per SM
Elastic buffer uses 4 channels per SM
Elastic buffer uses 4 channels per SM
Elastic buffer uses 4 channels per SM
Elastic buffer uses 4 channels per SM
CPU side received count (scaleup: 0): -7526 -7289 -7400 -7430 -7537 -7573 -7518 -7434 # -8065 -8193 -8321 -8449 -8193 -8321 -832CPU side received count (scaleup: 2): -7426 -7298 -7457 -7460 -7461 -7413 -7479 -7433 # -8065 -8193 -8193 -8321 -8321 -8321 -819CPU side received count (scaleup: 3): -7400 -7549 -7426 -7398 -7355 -7397 -7474 -7321 # -8193 -8193 -8193 -8193 -8193 -8193 -819CPU side received count (scaleup: 1): -7507 -7396 -7530 -7593 -7610 -7335 -7335 -7382 # -8321 -8321 -8193 -8321 -8321 -8065 -8321 -8321 
3 -8193 
3 -8193 
1 -8321 
CPU side received count (scaleup: 6): -7457 -7402 -7321 -7552 -7493 -7487 -7371 -7472 # -8193 -8449 -8321 -8193 -8193 -8065 -832CPU side received count (scaleup: 7): -7446 -7490 -7393 -7465 -7420 -7392 -7374 -7414 # -8321 -8193 -8321 -8193 -8321 -8193 -819CPU side received count (scaleup: 4): -7415 -7468 -7405 -7458 -7389 -7432 -7474 -7344 # -8449 -8321 -8193 -8193 -8193 -8193 -806CPU side received count (scaleup: 5): -7399 -7487 -7399 -7279 -7411 -7420 -7505 -7329 # -8193 -8065 -8193 -8321 -8321 -8193 -8191 -8193 
3 -8193 
5 -8321 
3 -8321 
USDT:2026-08-25 02:22:40 436:436 SyncActivityProfilerHandler.cpp:52] profiler_startUSDT:2026-08-25 02:22:40 441:441 SyncActivityProfilerHandler.cpp:52] profiler_startUSDT:2026-08-25 02:22:40 437:437 SyncActivityProfilerHandler.cpp:52] profiler_start
USDT:2026-08-25 02:22:40 438:438 SyncActivityProfilerHandler.cpp:52] profiler_start
USDT:2026-08-25 02:22:40 439:439 SyncActivityProfilerHandler.cpp:52] profiler_start
USDT:2026-08-25 02:22:40 435:435 SyncActivityProfilerHandler.cpp:52] profiler_startUSDT:2026-08-25 02:22:40 434:434 SyncActivityProfilerHandler.cpp:52] profiler_start



USDT:2026-08-25 02:22:40 440:440 SyncActivityProfilerHandler.cpp:52] profiler_start
Elastic buffer uses 4 channels per SM
Elastic buffer uses 4 channels per SM
Elastic buffer uses 4 channels per SM
Elastic buffer uses 4 channels per SM
Elastic buffer uses 4 channels per SM
Elastic buffer uses 4 channels per SM
Elastic buffer uses 4 channels per SM
Elastic buffer uses 4 channels per SM
CPU side received count (scaleup: 0): -7526 -7289 -7400 -7430 -7537 -7573 -7518 -7434 # -8065 -8193 -8321 -8449 -8193 -8321 -832CPU side received count (scaleup: 3): -7400 -7549 -7426 -7398 -7355 -7397 -7474 -7321 # -8193 -8193 -8193 -8193 -8193 -8193 -819CPU side received count (scaleup: 2): -7426 -7298 -7457 -7460 -7461 -7413 -7479 -7433 # -8065 -8193 -8193 -8321 -8321 -8321 -819CPU side received count (scaleup: 7): -7446 -7490 -7393 -7465 -7420 -7392 -7374 -7414 # -8321 -8193 -8321 -8193 -8321 -8193 -819CPU side received count (scaleup: 4): -7415 -7468 -7405 -7458 -7389 -7432 -7474 -7344 # -8449 -8321 -8193 -8193 -8193 -8193 -806CPU side received count (scaleup: 5): -7399 -7487 -7399 -7279 -7411 -7420 -7505 -7329 # -8193 -8065 -8193 -8321 -8321 -8193 -8193 -8193 
CPU side received count (scaleup: 6): -7457 -7402 -7321 -7552 -7493 -7487 -7371 -7472 # -8193 -8449 -8321 -8193 -8193 -8065 -832CPU side received count (scaleup: 1): -7507 -7396 -7530 -7593 -7610 -7335 -7335 -7382 # -8321 -8321 -8193 -8321 -8321 -8065 -8321 -8321 
3 -8193 
3 -8193 
1 -8193 
1 -8321 
5 -8321 
3 -8321 
Elastic buffer uses 4 channels per SM
Elastic buffer uses 4 channels per SM
Elastic buffer uses 4 channels per SM
Elastic buffer uses 4 channels per SM
Elastic buffer uses 4 channels per SM
Elastic buffer uses 4 channels per SM
Elastic buffer uses 4 channels per SM
Elastic buffer uses 4 channels per SM
CPU side received count (scaleup: 6): -7457 -7402 -7321 -7552 -7493 -7487 -7371 -7472 # -8193 -8449 -8321 -8193 -8193 -8065 -832CPU side received count (scaleup: 5): -7399 -7487 -7399 -7279 -7411 -7420 -7505 -7329 # -8193 -8065 -8193 -8321 -8321 -8193 -819CPU side received count (scaleup: 7): -7446 -7490 -7393 -7465 -7420 -7392 -7374 -7414 # -8321 -8193 -8321 -8193 -8321 -8193 -819CPU side received count (scaleup: 4): -7415 -7468 -7405 -7458 -7389 -7432 -7474 -7344 # -8449 -8321 -8193 -8193 -8193 -8193 -8061 -8193 
3 -8321 
5 -8321 
3 -8193 
CPU side received count (scaleup: 3): -7400 -7549 -7426 -7398 -7355 -7397 -7474 -7321 # -8193 -8193 -8193 -8193 -8193 -8193 -819CPU side received count (scaleup: 2): -7426 -7298 -7457 -7460 -7461 -7413 -7479 -7433 # -8065 -8193 -8193 -8321 -8321 -8321 -8193 -8193 
CPU side received count (scaleup: 0): -7526 -7289 -7400 -7430 -7537 -7573 -7518 -7434 # -8065 -8193 -8321 -8449 -8193 -8321 -832CPU side received count (scaleup: 1): -7507 -7396 -7530 -7593 -7610 -7335 -7335 -7382 # -8321 -8321 -8193 -8321 -8321 -8065 -8323 -8193 
1 -8321 
1 -8321 
Elastic buffer uses 4 channels per SM
Elastic buffer uses 4 channels per SM
Elastic buffer uses 4 channels per SM
Elastic buffer uses 4 channels per SM
Elastic buffer uses 4 channels per SM
Elastic buffer uses 4 channels per SM
Elastic buffer uses 4 channels per SM
Elastic buffer uses 4 channels per SM
CPU side received count (scaleup: 5): -7399 -7487 -7399 -7279 -7411 -7420 -7505 -7329 # -8193 -8065 -8193 -8321 -8321 -8193 -819CPU side received count (scaleup: 7): -7446 -7490 -7393 -7465 -7420 -7392 -7374 -7414 # -8321 -8193 -8321 -8193 -8321 -8193 -819CPU side received count (scaleup: 6): -7457 -7402 -7321 -7552 -7493 -7487 -7371 -7472 # -8193 -8449 -8321 -8193 -8193 -8065 -832CPU side received count (scaleup: 2): -7426 -7298 -7457 -7460 -7461 -7413 -7479 -7433 # -8065 -8193 -8193 -8321 -8321 -8321 -8193 -8321 
CPU side received count (scaleup: 0): -7526 -7289 -7400 -7430 -7537 -7573 -7518 -7434 # -8065 -8193 -8321 -8449 -8193 -8321 -832CPU side received count (scaleup: 3): -7400 -7549 -7426 -7398 -7355 -7397 -7474 -7321 # -8193 -8193 -8193 -8193 -8193 -8193 -819CPU side received count (scaleup: 1): -7507 -7396 -7530 -7593 -7610 -7335 -7335 -7382 # -8321 -8321 -8193 -8321 -8321 -8065 -8323 -8193 
CPU side received count (scaleup: 4): -7415 -7468 -7405 -7458 -7389 -7432 -7474 -7344 # -8449 -8321 -8193 -8193 -8193 -8193 -8063 -8193 
1 -8193 
3 -8193 
1 -8321 
1 -8321 
5 -8321 
Elastic buffer uses 4 channels per SM
Elastic buffer uses 4 channels per SM
Elastic buffer uses 4 channels per SM
Elastic buffer uses 4 channels per SM
Elastic buffer uses 4 channels per SM
Elastic buffer uses 4 channels per SM
Elastic buffer uses 4 channels per SM
Elastic buffer uses 4 channels per SM
CPU side received count (scaleup: 5): -7399 -7487 -7399 -7279 -7411 -7420 -7505 -7329 # -8193 -8065 -8193 -8321 -8321 -8193 -819CPU side received count (scaleup: 7): -7446 -7490 -7393 -7465 -7420 -7392 -7374 -7414 # -8321 -8193 -8321 -8193 -8321 -8193 -819CPU side received count (scaleup: 6): -7457 -7402 -7321 -7552 -7493 -7487 -7371 -7472 # -8193 -8449 -8321 -8193 -8193 -8065 -832CPU side received count (scaleup: 4): -7415 -7468 -7405 -7458 -7389 -7432 -7474 -7344 # -8449 -8321 -8193 -8193 -8193 -8193 -8063 -8321 
3 -8193 
1 -8193 
5 -8321 
CPU side received count (scaleup: 2): -7426 -7298 -7457 -7460 -7461 -7413 -7479 -7433 # -8065 -8193 -8193 -8321 -8321 -8321 -819CPU side received count (scaleup: 3): -7400 -7549 -7426 -7398 -7355 -7397 -7474 -7321 # -8193 -8193 -8193 -8193 -8193 -8193 -819CPU side received count (scaleup: 0): -7526 -7289 -7400 -7430 -7537 -7573 -7518 -7434 # -8065 -8193 -8321 -8449 -8193 -8321 -832CPU side received count (scaleup: 1): -7507 -7396 -7530 -7593 -7610 -7335 -7335 -7382 # -8321 -8321 -8193 -8321 -8321 -8065 -8323 -8193 
3 -8193 
1 -8321 
1 -8321 
Elastic buffer uses 4 channels per SM
Elastic buffer uses 4 channels per SM
Elastic buffer uses 4 channels per SM
Elastic buffer uses 4 channels per SM
Elastic buffer uses 4 channels per SM
Elastic buffer uses 4 channels per SM
Elastic buffer uses 4 channels per SM
Elastic buffer uses 4 channels per SM
CPU side received count (scaleup: 5): -7399 -7487 -7399 -7279 -7411 -7420 -7505 -7329 # -8193 -8065 -8193 -8321 -8321 -8193 -819CPU side received count (scaleup: 6): -7457 -7402 -7321 -7552 -7493 -7487 -7371 -7472 # -8193 -8449 -8321 -8193 -8193 -8065 -832CPU side received count (scaleup: 7): -7446 -7490 -7393 -7465 -7420 -7392 -7374 -7414 # -8321 -8193 -8321 -8193 -8321 -8193 -8193 -8321 
1 -8193 
3 -8193 
CPU side received count (scaleup: 0): -7526 -7289 -7400 -7430 -7537 -7573 -7518 -7434 # -8065 -8193 -8321 -8449 -8193 -8321 -832CPU side received count (scaleup: 2): -7426 -7298 -7457 -7460 -7461 -7413 -7479 -7433 # -8065 -8193 -8193 -8321 -8321 -8321 -819CPU side received count (scaleup: 3): -7400 -7549 -7426 -7398 -7355 -7397 -7474 -7321 # -8193 -8193 -8193 -8193 -8193 -8193 -8193 -8193 
3 -8193 
CPU side received count (scaleup: 4): -7415 -7468 -7405 -7458 -7389 -7432 -7474 -7344 # -8449 -8321 -8193 -8193 -8193 -8193 -8061 -8321 
5 -8321 
CPU side received count (scaleup: 1): -7507 -7396 -7530 -7593 -7610 -7335 -7335 -7382 # -8321 -8321 -8193 -8321 -8321 -8065 -8321 -8321 
Elastic buffer uses 4 channels per SM
Elastic buffer uses 4 channels per SM
Elastic buffer uses 4 channels per SM
Elastic buffer uses 4 channels per SM
Elastic buffer uses 4 channels per SM
Elastic buffer uses 4 channels per SM
Elastic buffer uses 4 channels per SM
Elastic buffer uses 4 channels per SM
CPU side received count (scaleup: 5): -7399 -7487 -7399 -7279 -7411 -7420 -7505 -7329 # -8193 -8065 -8193 -8321 -8321 -8193 -819CPU side received count (scaleup: 6): -7457 -7402 -7321 -7552 -7493 -7487 -7371 -7472 # -8193 -8449 -8321 -8193 -8193 -8065 -832CPU side received count (scaleup: 7): -7446 -7490 -7393 -7465 -7420 -7392 -7374 -7414 # -8321 -8193 -8321 -8193 -8321 -8193 -8193 -8321 
CPU side received count (scaleup: 4): -7415 -7468 -7405 -7458 -7389 -7432 -7474 -7344 # -8449 -8321 -8193 -8193 -8193 -8193 -8063 -8193 
1 -8193 
5 -8321 
CPU side received count (scaleup: 0): -7526 -7289 -7400 -7430 -7537 -7573 -7518 -7434 # -8065 -8193 -8321 -8449 -8193 -8321 -832CPU side received count (scaleup: 1): -7507 -7396 -7530 -7593 -7610 -7335 -7335 -7382 # -8321 -8321 -8193 -8321 -8321 -8065 -8321 -8321 
CPU side received count (scaleup: 2): -7426 -7298 -7457 -7460 -7461 -7413 -7479 -7433 # -8065 -8193 -8193 -8321 -8321 -8321 -819CPU side received count (scaleup: 3): -7400 -7549 -7426 -7398 -7355 -7397 -7474 -7321 # -8193 -8193 -8193 -8193 -8193 -8193 -8191 -8321 
3 -8193 
3 -8193 
Elastic buffer uses 4 channels per SM
Elastic buffer uses 4 channels per SM
Elastic buffer uses 4 channels per SM
Elastic buffer uses 4 channels per SM
Elastic buffer uses 4 channels per SM
Elastic buffer uses 4 channels per SM
Elastic buffer uses 4 channels per SM
Elastic buffer uses 4 channels per SM
CPU side received count (scaleup: 2): -7426 -7298 -7457 -7460 -7461 -7413 -7479 -7433 # -8065 -8193 -8193 -8321 -8321 -8321 -819CPU side received count (scaleup: 3): -7400 -7549 -7426 -7398 -7355 -7397 -7474 -7321 # -8193 -8193 -8193 -8193 -8193 -8193 -819CPU side received count (scaleup: 0): -7526 -7289 -7400 -7430 -7537 -7573 -7518 -7434 # -8065 -8193 -8321 -8449 -8193 -8321 -832CPU side received count (scaleup: 1): -7507 -7396 -7530 -7593 -7610 -7335 -7335 -7382 # -8321 -8321 -8193 -8321 -8321 -8065 -832CPU side received count (scaleup: 5): -7399 -7487 -7399 -7279 -7411 -7420 -7505 -7329 # -8193 -8065 -8193 -8321 -8321 -8193 -819CPU side received count (scaleup: 7): -7446 -7490 -7393 -7465 -7420 -7392 -7374 -7414 # -8321 -8193 -8321 -8193 -8321 -8193 -8191 -8321 
CPU side received count (scaleup: 4): -7415 -7468 -7405 -7458 -7389 -7432 -7474 -7344 # -8449 -8321 -8193 -8193 -8193 -8193 -8063 -8193 
CPU side received count (scaleup: 6): -7457 -7402 -7321 -7552 -7493 -7487 -7371 -7472 # -8193 -8449 -8321 -8193 -8193 -8065 -8323 -8193 
1 -8321 
1 -8193 
3 -8321 
3 -8193 
5 -8321 
Elastic buffer uses 4 channels per SM
Elastic buffer uses 4 channels per SM
Elastic buffer uses 4 channels per SM
Elastic buffer uses 4 channels per SM
Elastic buffer uses 4 channels per SM
Elastic buffer uses 4 channels per SM
Elastic buffer uses 4 channels per SM
Elastic buffer uses 4 channels per SM
CPU side received count (scaleup: 7): -7446 -7490 -7393 -7465 -7420 -7392 -7374 -7414 # -8321 -8193 -8321 -8193 -8321 -8193 -819CPU side received count (scaleup: 4): -7415 -7468 -7405 -7458 -7389 -7432 -7474 -7344 # -8449 -8321 -8193 -8193 -8193 -8193 -806CPU side received count (scaleup: 5): -7399 -7487 -7399 -7279 -7411 -7420 -7505 -7329 # -8193 -8065 -8193 -8321 -8321 -8193 -819CPU side received count (scaleup: 6): -7457 -7402 -7321 -7552 -7493 -7487 -7371 -7472 # -8193 -8449 -8321 -8193 -8193 -8065 -8323 -8193 
5 -8321 
3 -8321 
CPU side received count (scaleup: 2): -7426 -7298 -7457 -7460 -7461 -7413 -7479 -7433 # -8065 -8193 -8193 -8321 -8321 -8321 -819CPU side received count (scaleup: 1): -7507 -7396 -7530 -7593 -7610 -7335 -7335 -7382 # -8321 -8321 -8193 -8321 -8321 -8065 -8321 -8193 
CPU side received count (scaleup: 3): -7400 -7549 -7426 -7398 -7355 -7397 -7474 -7321 # -8193 -8193 -8193 -8193 -8193 -8193 -819CPU side received count (scaleup: 0): -7526 -7289 -7400 -7430 -7537 -7573 -7518 -7434 # -8065 -8193 -8321 -8449 -8193 -8321 -8323 -8193 
1 -8321 
3 -8193 
1 -8321 
Elastic buffer uses 4 channels per SM
Elastic buffer uses 4 channels per SM
Elastic buffer uses 4 channels per SM
Elastic buffer uses 4 channels per SM
Elastic buffer uses 4 channels per SM
Elastic buffer uses 4 channels per SM
Elastic buffer uses 4 channels per SM
Elastic buffer uses 4 channels per SM
CPU side received count (scaleup: 5): -7399 -7487 -7399 -7279 -7411 -7420 -7505 -7329 # -8193 -8065 -8193 -8321 -8321 -8193 -819CPU side received count (scaleup: 7): -7446 -7490 -7393 -7465 -7420 -7392 -7374 -7414 # -8321 -8193 -8321 -8193 -8321 -8193 -819CPU side received count (scaleup: 6): -7457 -7402 -7321 -7552 -7493 -7487 -7371 -7472 # -8193 -8449 -8321 -8193 -8193 -8065 -8323 -8321 
3 -8193 
CPU side received count (scaleup: 3): -7400 -7549 -7426 -7398 -7355 -7397 -7474 -7321 # -8193 -8193 -8193 -8193 -8193 -8193 -819CPU side received count (scaleup: 0): -7526 -7289 -7400 -7430 -7537 -7573 -7518 -7434 # -8065 -8193 -8321 -8449 -8193 -8321 -832CPU side received count (scaleup: 4): -7415 -7468 -7405 -7458 -7389 -7432 -7474 -7344 # -8449 -8321 -8193 -8193 -8193 -8193 -8061 -8321 
1 -8193 
CPU side received count (scaleup: 1): -7507 -7396 -7530 -7593 -7610 -7335 -7335 -7382 # -8321 -8321 -8193 -8321 -8321 -8065 -832CPU side received count (scaleup: 2): -7426 -7298 -7457 -7460 -7461 -7413 -7479 -7433 # -8065 -8193 -8193 -8321 -8321 -8321 -8191 -8321 
3 -8193 
5 -8321 
3 -8193 
Elastic buffer uses 4 channels per SM
Elastic buffer uses 4 channels per SM
Elastic buffer uses 4 channels per SM
Elastic buffer uses 4 channels per SM
Elastic buffer uses 4 channels per SM
Elastic buffer uses 4 channels per SM
Elastic buffer uses 4 channels per SM
Elastic buffer uses 4 channels per SM
CPU side received count (scaleup: 5): -7399 -7487 -7399 -7279 -7411 -7420 -7505 -7329 # -8193 -8065 -8193 -8321 -8321 -8193 -819CPU side received count (scaleup: 4): -7415 -7468 -7405 -7458 -7389 -7432 -7474 -7344 # -8449 -8321 -8193 -8193 -8193 -8193 -806CPU side received count (scaleup: 6): -7457 -7402 -7321 -7552 -7493 -7487 -7371 -7472 # -8193 -8449 -8321 -8193 -8193 -8065 -8323 -8321 
CPU side received count (scaleup: 7): -7446 -7490 -7393 -7465 -7420 -7392 -7374 -7414 # -8321 -8193 -8321 -8193 -8321 -8193 -8195 -8321 
1 -8193 
3 -8193 
CPU side received count (scaleup: 2): -7426 -7298 -7457 -7460 -7461 -7413 -7479 -7433 # -8065 -8193 -8193 -8321 -8321 -8321 -819CPU side received count (scaleup: 0): -7526 -7289 -7400 -7430 -7537 -7573 -7518 -7434 # -8065 -8193 -8321 -8449 -8193 -8321 -832CPU side received count (scaleup: 1): -7507 -7396 -7530 -7593 -7610 -7335 -7335 -7382 # -8321 -8321 -8193 -8321 -8321 -8065 -8321 -8321 
1 -8321 
CPU side received count (scaleup: 3): -7400 -7549 -7426 -7398 -7355 -7397 -7474 -7321 # -8193 -8193 -8193 -8193 -8193 -8193 -8193 -8193 
3 -8193 
Elastic buffer uses 4 channels per SM
Elastic buffer uses 4 channels per SM
Elastic buffer uses 4 channels per SM
Elastic buffer uses 4 channels per SM
Elastic buffer uses 4 channels per SM
Elastic buffer uses 4 channels per SM
Elastic buffer uses 4 channels per SM
Elastic buffer uses 4 channels per SM
CPU side received count (scaleup: 2): -7426 -7298 -7457 -7460 -7461 -7413 -7479 -7433 # -8065 -8193 -8193 -8321 -8321 -8321 -819CPU side received count (scaleup: 0): -7526 -7289 -7400 -7430 -7537 -7573 -7518 -7434 # -8065 -8193 -8321 -8449 -8193 -8321 -832CPU side received count (scaleup: 1): -7507 -7396 -7530 -7593 -7610 -7335 -7335 -7382 # -8321 -8321 -8193 -8321 -8321 -8065 -832CPU side received count (scaleup: 3): -7400 -7549 -7426 -7398 -7355 -7397 -7474 -7321 # -8193 -8193 -8193 -8193 -8193 -8193 -8191 -8321 
1 -8321 
3 -8193 
3 -8193 
CPU side received count (scaleup: 7): -7446 -7490 -7393 -7465 -7420 -7392 -7374 -7414 # -8321 -8193 -8321 -8193 -8321 -8193 -819CPU side received count (scaleup: 5): -7399 -7487 -7399 -7279 -7411 -7420 -7505 -7329 # -8193 -8065 -8193 -8321 -8321 -8193 -819CPU side received count (scaleup: 6): -7457 -7402 -7321 -7552 -7493 -7487 -7371 -7472 # -8193 -8449 -8321 -8193 -8193 -8065 -832CPU side received count (scaleup: 4): -7415 -7468 -7405 -7458 -7389 -7432 -7474 -7344 # -8449 -8321 -8193 -8193 -8193 -8193 -8063 -8193 
3 -8321 
1 -8193 
5 -8321 
Elastic buffer uses 4 channels per SM
Elastic buffer uses 4 channels per SM
Elastic buffer uses 4 channels per SM
Elastic buffer uses 4 channels per SM
Elastic buffer uses 4 channels per SM
Elastic buffer uses 4 channels per SM
Elastic buffer uses 4 channels per SM
Elastic buffer uses 4 channels per SM
CPU side received count (scaleup: 5): -7399 -7487 -7399 -7279 -7411 -7420 -7505 -7329 # -8193 -8065 -8193 -8321 -8321 -8193 -819CPU side received count (scaleup: 7): -7446 -7490 -7393 -7465 -7420 -7392 -7374 -7414 # -8321 -8193 -8321 -8193 -8321 -8193 -819CPU side received count (scaleup: 6): -7457 -7402 -7321 -7552 -7493 -7487 -7371 -7472 # -8193 -8449 -8321 -8193 -8193 -8065 -8323 -8321 
CPU side received count (scaleup: 4): -7415 -7468 -7405 -7458 -7389 -7432 -7474 -7344 # -8449 -8321 -8193 -8193 -8193 -8193 -8063 -8193 
1 -8193 
CPU side received count (scaleup: 0): -7526 -7289 -7400 -7430 -7537 -7573 -7518 -7434 # -8065 -8193 -8321 -8449 -8193 -8321 -832CPU side received count (scaleup: 3): -7400 -7549 -7426 -7398 -7355 -7397 -7474 -7321 # -8193 -8193 -8193 -8193 -8193 -8193 -819CPU side received count (scaleup: 2): -7426 -7298 -7457 -7460 -7461 -7413 -7479 -7433 # -8065 -8193 -8193 -8321 -8321 -8321 -8193 -8193 
CPU side received count (scaleup: 1): -7507 -7396 -7530 -7593 -7610 -7335 -7335 -7382 # -8321 -8321 -8193 -8321 -8321 -8065 -8325 -8321 
1 -8321 
1 -8321 
3 -8193 
Elastic buffer uses 4 channels per SM
Elastic buffer uses 4 channels per SM
Elastic buffer uses 4 channels per SM
Elastic buffer uses 4 channels per SM
Elastic buffer uses 4 channels per SM
Elastic buffer uses 4 channels per SM
Elastic buffer uses 4 channels per SM
Elastic buffer uses 4 channels per SM
CPU side received count (scaleup: 2): -7426 -7298 -7457 -7460 -7461 -7413 -7479 -7433 # -8065 -8193 -8193 -8321 -8321 -8321 -819CPU side received count (scaleup: 1): -7507 -7396 -7530 -7593 -7610 -7335 -7335 -7382 # -8321 -8321 -8193 -8321 -8321 -8065 -832CPU side received count (scaleup: 3): -7400 -7549 -7426 -7398 -7355 -7397 -7474 -7321 # -8193 -8193 -8193 -8193 -8193 -8193 -819CPU side received count (scaleup: 0): -7526 -7289 -7400 -7430 -7537 -7573 -7518 -7434 # -8065 -8193 -8321 -8449 -8193 -8321 -8323 -8193 
1 -8321 
3 -8193 
1 -8321 
CPU side received count (scaleup: 5): -7399 -7487 -7399 -7279 -7411 -7420 -7505 -7329 # -8193 -8065 -8193 -8321 -8321 -8193 -819CPU side received count (scaleup: 6): -7457 -7402 -7321 -7552 -7493 -7487 -7371 -7472 # -8193 -8449 -8321 -8193 -8193 -8065 -832CPU side received count (scaleup: 7): -7446 -7490 -7393 -7465 -7420 -7392 -7374 -7414 # -8321 -8193 -8321 -8193 -8321 -8193 -819CPU side received count (scaleup: 4): -7415 -7468 -7405 -7458 -7389 -7432 -7474 -7344 # -8449 -8321 -8193 -8193 -8193 -8193 -8063 -8321 
3 -8193 
5 -8321 
1 -8193 
Elastic buffer uses 4 channels per SM
Elastic buffer uses 4 channels per SM
Elastic buffer uses 4 channels per SM
Elastic buffer uses 4 channels per SM
Elastic buffer uses 4 channels per SM
Elastic buffer uses 4 channels per SM
Elastic buffer uses 4 channels per SM
Elastic buffer uses 4 channels per SM
CPU side received count (scaleup: 5): -7399 -7487 -7399 -7279 -7411 -7420 -7505 -7329 # -8193 -8065 -8193 -8321 -8321 -8193 -819CPU side received count (scaleup: 4): -7415 -7468 -7405 -7458 -7389 -7432 -7474 -7344 # -8449 -8321 -8193 -8193 -8193 -8193 -806CPU side received count (scaleup: 6): -7457 -7402 -7321 -7552 -7493 -7487 -7371 -7472 # -8193 -8449 -8321 -8193 -8193 -8065 -8323 -8321 
5 -8321 
1 -8193 
CPU side received count (scaleup: 0): -7526 -7289 -7400 -7430 -7537 -7573 -7518 -7434 # -8065 -8193 -8321 -8449 -8193 -8321 -832CPU side received count (scaleup: 1): -7507 -7396 -7530 -7593 -7610 -7335 -7335 -7382 # -8321 -8321 -8193 -8321 -8321 -8065 -832CPU side received count (scaleup: 2): -7426 -7298 -7457 -7460 -7461 -7413 -7479 -7433 # -8065 -8193 -8193 -8321 -8321 -8321 -819CPU side received count (scaleup: 3): -7400 -7549 -7426 -7398 -7355 -7397 -7474 -7321 # -8193 -8193 -8193 -8193 -8193 -8193 -819CPU side received count (scaleup: 7): -7446 -7490 -7393 -7465 -7420 -7392 -7374 -7414 # -8321 -8193 -8321 -8193 -8321 -8193 -8193 -8193 
1 -8321 
1 -8321 
3 -8193 
3 -8193 
Elastic buffer uses 4 channels per SM
Elastic buffer uses 4 channels per SM
Elastic buffer uses 4 channels per SM
Elastic buffer uses 4 channels per SM
Elastic buffer uses 4 channels per SM
Elastic buffer uses 4 channels per SM
Elastic buffer uses 4 channels per SM
Elastic buffer uses 4 channels per SM
CPU side received count (scaleup: 5): -7399 -7487 -7399 -7279 -7411 -7420 -7505 -7329 # -8193 -8065 -8193 -8321 -8321 -8193 -819CPU side received count (scaleup: 4): -7415 -7468 -7405 -7458 -7389 -7432 -7474 -7344 # -8449 -8321 -8193 -8193 -8193 -8193 -806CPU side received count (scaleup: 7): -7446 -7490 -7393 -7465 -7420 -7392 -7374 -7414 # -8321 -8193 -8321 -8193 -8321 -8193 -819CPU side received count (scaleup: 6): -7457 -7402 -7321 -7552 -7493 -7487 -7371 -7472 # -8193 -8449 -8321 -8193 -8193 -8065 -8323 -8321 
5 -8321 
CPU side received count (scaleup: 0): -7526 -7289 -7400 -7430 -7537 -7573 -7518 -7434 # -8065 -8193 -8321 -8449 -8193 -8321 -832CPU side received count (scaleup: 3): -7400 -7549 -7426 -7398 -7355 -7397 -7474 -7321 # -8193 -8193 -8193 -8193 -8193 -8193 -8191 -8193 
CPU side received count (scaleup: 2): -7426 -7298 -7457 -7460 -7461 -7413 -7479 -7433 # -8065 -8193 -8193 -8321 -8321 -8321 -819CPU side received count (scaleup: 1): -7507 -7396 -7530 -7593 -7610 -7335 -7335 -7382 # -8321 -8321 -8193 -8321 -8321 -8065 -8323 -8193 
1 -8321 
3 -8193 
1 -8321 
3 -8193 
Elastic buffer uses 4 channels per SM
Elastic buffer uses 4 channels per SM
Elastic buffer uses 4 channels per SM
Elastic buffer uses 4 channels per SM
Elastic buffer uses 4 channels per SM
Elastic buffer uses 4 channels per SM
Elastic buffer uses 4 channels per SM
Elastic buffer uses 4 channels per SM
CPU side received count (scaleup: 5): -7399 -7487 -7399 -7279 -7411 -7420 -7505 -7329 # -8193 -8065 -8193 -8321 -8321 -8193 -819CPU side received count (scaleup: 4): -7415 -7468 -7405 -7458 -7389 -7432 -7474 -7344 # -8449 -8321 -8193 -8193 -8193 -8193 -806CPU side received count (scaleup: 7): -7446 -7490 -7393 -7465 -7420 -7392 -7374 -7414 # -8321 -8193 -8321 -8193 -8321 -8193 -819CPU side received count (scaleup: 6): -7457 -7402 -7321 -7552 -7493 -7487 -7371 -7472 # -8193 -8449 -8321 -8193 -8193 -8065 -8323 -8321 
5 -8321 
CPU side received count (scaleup: 2): -7426 -7298 -7457 -7460 -7461 -7413 -7479 -7433 # -8065 -8193 -8193 -8321 -8321 -8321 -8193 -8193 
CPU side received count (scaleup: 0): -7526 -7289 -7400 -7430 -7537 -7573 -7518 -7434 # -8065 -8193 -8321 -8449 -8193 -8321 -8321 -8193 
CPU side received count (scaleup: 1): -7507 -7396 -7530 -7593 -7610 -7335 -7335 -7382 # -8321 -8321 -8193 -8321 -8321 -8065 -832CPU side received count (scaleup: 3): -7400 -7549 -7426 -7398 -7355 -7397 -7474 -7321 # -8193 -8193 -8193 -8193 -8193 -8193 -8191 -8321 
3 -8193 
1 -8321 
3 -8193 
Elastic buffer uses 4 channels per SM
Elastic buffer uses 4 channels per SM
Elastic buffer uses 4 channels per SM
Elastic buffer uses 4 channels per SM
Elastic buffer uses 4 channels per SM
Elastic buffer uses 4 channels per SM
Elastic buffer uses 4 channels per SM
Elastic buffer uses 4 channels per SM
CPU side received count (scaleup: 0): -7526 -7289 -7400 -7430 -7537 -7573 -7518 -7434 # -8065 -8193 -8321 -8449 -8193 -8321 -832CPU side received count (scaleup: 2): -7426 -7298 -7457 -7460 -7461 -7413 -7479 -7433 # -8065 -8193 -8193 -8321 -8321 -8321 -819CPU side received count (scaleup: 3): -7400 -7549 -7426 -7398 -7355 -7397 -7474 -7321 # -8193 -8193 -8193 -8193 -8193 -8193 -819CPU side received count (scaleup: 1): -7507 -7396 -7530 -7593 -7610 -7335 -7335 -7382 # -8321 -8321 -8193 -8321 -8321 -8065 -8321 -8321 
CPU side received count (scaleup: 6): -7457 -7402 -7321 -7552 -7493 -7487 -7371 -7472 # -8193 -8449 -8321 -8193 -8193 -8065 -832CPU side received count (scaleup: 7): -7446 -7490 -7393 -7465 -7420 -7392 -7374 -7414 # -8321 -8193 -8321 -8193 -8321 -8193 -8191 -8321 
CPU side received count (scaleup: 5): -7399 -7487 -7399 -7279 -7411 -7420 -7505 -7329 # -8193 -8065 -8193 -8321 -8321 -8193 -819CPU side received count (scaleup: 4): -7415 -7468 -7405 -7458 -7389 -7432 -7474 -7344 # -8449 -8321 -8193 -8193 -8193 -8193 -8063 -8193 
3 -8193 
3 -8321 
1 -8193 
3 -8193 
5 -8321 
Elastic buffer uses 4 channels per SM
Elastic buffer uses 4 channels per SM
Elastic buffer uses 4 channels per SM
Elastic buffer uses 4 channels per SM
Elastic buffer uses 4 channels per SM
Elastic buffer uses 4 channels per SM
Elastic buffer uses 4 channels per SM
Elastic buffer uses 4 channels per SM
CPU side received count (scaleup: 0): -7526 -7289 -7400 -7430 -7537 -7573 -7518 -7434 # -8065 -8193 -8321 -8449 -8193 -8321 -832CPU side received count (scaleup: 2): -7426 -7298 -7457 -7460 -7461 -7413 -7479 -7433 # -8065 -8193 -8193 -8321 -8321 -8321 -819CPU side received count (scaleup: 3): -7400 -7549 -7426 -7398 -7355 -7397 -7474 -7321 # -8193 -8193 -8193 -8193 -8193 -8193 -819CPU side received count (scaleup: 1): -7507 -7396 -7530 -7593 -7610 -7335 -7335 -7382 # -8321 -8321 -8193 -8321 -8321 -8065 -832CPU side received count (scaleup: 5): -7399 -7487 -7399 -7279 -7411 -7420 -7505 -7329 # -8193 -8065 -8193 -8321 -8321 -8193 -8191 -8321 
CPU side received count (scaleup: 6): -7457 -7402 -7321 -7552 -7493 -7487 -7371 -7472 # -8193 -8449 -8321 -8193 -8193 -8065 -832CPU side received count (scaleup: 7): -7446 -7490 -7393 -7465 -7420 -7392 -7374 -7414 # -8321 -8193 -8321 -8193 -8321 -8193 -8191 -8193 
CPU side received count (scaleup: 4): -7415 -7468 -7405 -7458 -7389 -7432 -7474 -7344 # -8449 -8321 -8193 -8193 -8193 -8193 -8063 -8193 
3 -8193 
3 -8193 
1 -8321 
3 -8321 
5 -8321 
Elastic buffer uses 4 channels per SM
Elastic buffer uses 4 channels per SM
Elastic buffer uses 4 channels per SM
Elastic buffer uses 4 channels per SM
Elastic buffer uses 4 channels per SM
Elastic buffer uses 4 channels per SM
Elastic buffer uses 4 channels per SM
Elastic buffer uses 4 channels per SM
CPU side received count (scaleup: 7): -7446 -7490 -7393 -7465 -7420 -7392 -7374 -7414 # -8321 -8193 -8321 -8193 -8321 -8193 -819CPU side received count (scaleup: 5): -7399 -7487 -7399 -7279 -7411 -7420 -7505 -7329 # -8193 -8065 -8193 -8321 -8321 -8193 -819CPU side received count (scaleup: 6): -7457 -7402 -7321 -7552 -7493 -7487 -7371 -7472 # -8193 -8449 -8321 -8193 -8193 -8065 -832CPU side received count (scaleup: 4): -7415 -7468 -7405 -7458 -7389 -7432 -7474 -7344 # -8449 -8321 -8193 -8193 -8193 -8193 -8063 -8193 
CPU side received count (scaleup: 0): -7526 -7289 -7400 -7430 -7537 -7573 -7518 -7434 # -8065 -8193 -8321 -8449 -8193 -8321 -832CPU side received count (scaleup: 2): -7426 -7298 -7457 -7460 -7461 -7413 -7479 -7433 # -8065 -8193 -8193 -8321 -8321 -8321 -8191 -8193 
CPU side received count (scaleup: 1): -7507 -7396 -7530 -7593 -7610 -7335 -7335 -7382 # -8321 -8321 -8193 -8321 -8321 -8065 -832CPU side received count (scaleup: 3): -7400 -7549 -7426 -7398 -7355 -7397 -7474 -7321 # -8193 -8193 -8193 -8193 -8193 -8193 -8193 -8321 
5 -8321 
3 -8193 
1 -8321 
1 -8321 
3 -8193 
Elastic buffer uses 4 channels per SM
Elastic buffer uses 4 channels per SM
Elastic buffer uses 4 channels per SM
Elastic buffer uses 4 channels per SM
Elastic buffer uses 4 channels per SM
Elastic buffer uses 4 channels per SM
Elastic buffer uses 4 channels per SM
Elastic buffer uses 4 channels per SM
CPU side received count (scaleup: 2): -7426 -7298 -7457 -7460 -7461 -7413 -7479 -7433 # -8065 -8193 -8193 -8321 -8321 -8321 -819CPU side received count (scaleup: 0): -7526 -7289 -7400 -7430 -7537 -7573 -7518 -7434 # -8065 -8193 -8321 -8449 -8193 -8321 -832CPU side received count (scaleup: 3): -7400 -7549 -7426 -7398 -7355 -7397 -7474 -7321 # -8193 -8193 -8193 -8193 -8193 -8193 -819CPU side received count (scaleup: 1): -7507 -7396 -7530 -7593 -7610 -7335 -7335 -7382 # -8321 -8321 -8193 -8321 -8321 -8065 -832CPU side received count (scaleup: 4): -7415 -7468 -7405 -7458 -7389 -7432 -7474 -7344 # -8449 -8321 -8193 -8193 -8193 -8193 -8061 -8321 
CPU side received count (scaleup: 7): -7446 -7490 -7393 -7465 -7420 -7392 -7374 -7414 # -8321 -8193 -8321 -8193 -8321 -8193 -819CPU side received count (scaleup: 6): -7457 -7402 -7321 -7552 -7493 -7487 -7371 -7472 # -8193 -8449 -8321 -8193 -8193 -8065 -8323 -8193 
CPU side received count (scaleup: 5): -7399 -7487 -7399 -7279 -7411 -7420 -7505 -7329 # -8193 -8065 -8193 -8321 -8321 -8193 -8191 -8321 
3 -8193 
5 -8321 
3 -8321 
3 -8193 
1 -8193 
Elastic buffer uses 4 channels per SM
Elastic buffer uses 4 channels per SM
Elastic buffer uses 4 channels per SM
Elastic buffer uses 4 channels per SM
Elastic buffer uses 4 channels per SM
Elastic buffer uses 4 channels per SM
Elastic buffer uses 4 channels per SM
Elastic buffer uses 4 channels per SM
CPU side received count (scaleup: 7): -7446 -7490 -7393 -7465 -7420 -7392 -7374 -7414 # -8321 -8193 -8321 -8193 -8321 -8193 -819CPU side received count (scaleup: 4): -7415 -7468 -7405 -7458 -7389 -7432 -7474 -7344 # -8449 -8321 -8193 -8193 -8193 -8193 -806CPU side received count (scaleup: 6): -7457 -7402 -7321 -7552 -7493 -7487 -7371 -7472 # -8193 -8449 -8321 -8193 -8193 -8065 -832CPU side received count (scaleup: 5): -7399 -7487 -7399 -7279 -7411 -7420 -7505 -7329 # -8193 -8065 -8193 -8321 -8321 -8193 -8193 -8193 
5 -8321 
1 -8193 
3 -8321 
CPU side received count (scaleup: 0): -7526 -7289 -7400 -7430 -7537 -7573 -7518 -7434 # -8065 -8193 -8321 -8449 -8193 -8321 -832CPU side received count (scaleup: 2): -7426 -7298 -7457 -7460 -7461 -7413 -7479 -7433 # -8065 -8193 -8193 -8321 -8321 -8321 -819CPU side received count (scaleup: 3): -7400 -7549 -7426 -7398 -7355 -7397 -7474 -7321 # -8193 -8193 -8193 -8193 -8193 -8193 -819CPU side received count (scaleup: 1): -7507 -7396 -7530 -7593 -7610 -7335 -7335 -7382 # -8321 -8321 -8193 -8321 -8321 -8065 -8321 -8321 
1 -8321 
3 -8193 
3 -8193 
Elastic buffer uses 4 channels per SM
Elastic buffer uses 4 channels per SM
Elastic buffer uses 4 channels per SM
Elastic buffer uses 4 channels per SM
Elastic buffer uses 4 channels per SM
Elastic buffer uses 4 channels per SM
Elastic buffer uses 4 channels per SM
Elastic buffer uses 4 channels per SM
CPU side received count (scaleup: 5): -7399 -7487 -7399 -7279 -7411 -7420 -7505 -7329 # -8193 -8065 -8193 -8321 -8321 -8193 -819CPU side received count (scaleup: 6): -7457 -7402 -7321 -7552 -7493 -7487 -7371 -7472 # -8193 -8449 -8321 -8193 -8193 -8065 -832CPU side received count (scaleup: 4): -7415 -7468 -7405 -7458 -7389 -7432 -7474 -7344 # -8449 -8321 -8193 -8193 -8193 -8193 -8063 -8321 
1 -8193 
5 -8321 
CPU side received count (scaleup: 2): -7426 -7298 -7457 -7460 -7461 -7413 -7479 -7433 # -8065 -8193 -8193 -8321 -8321 -8321 -819CPU side received count (scaleup: 0): -7526 -7289 -7400 -7430 -7537 -7573 -7518 -7434 # -8065 -8193 -8321 -8449 -8193 -8321 -832CPU side received count (scaleup: 7): -7446 -7490 -7393 -7465 -7420 -7392 -7374 -7414 # -8321 -8193 -8321 -8193 -8321 -8193 -8191 -8321 
CPU side received count (scaleup: 3): -7400 -7549 -7426 -7398 -7355 -7397 -7474 -7321 # -8193 -8193 -8193 -8193 -8193 -8193 -819CPU side received count (scaleup: 1): -7507 -7396 -7530 -7593 -7610 -7335 -7335 -7382 # -8321 -8321 -8193 -8321 -8321 -8065 -8323 -8193 
1 -8321 
3 -8193 
3 -8193 
Elastic buffer uses 4 channels per SM
Elastic buffer uses 4 channels per SM
Elastic buffer uses 4 channels per SM
Elastic buffer uses 4 channels per SM
Elastic buffer uses 4 channels per SM
Elastic buffer uses 4 channels per SM
Elastic buffer uses 4 channels per SM
Elastic buffer uses 4 channels per SM
CPU side received count (scaleup: 7): -7446 -7490 -7393 -7465 -7420 -7392 -7374 -7414 # -8321 -8193 -8321 -8193 -8321 -8193 -819CPU side received count (scaleup: 5): -7399 -7487 -7399 -7279 -7411 -7420 -7505 -7329 # -8193 -8065 -8193 -8321 -8321 -8193 -819CPU side received count (scaleup: 6): -7457 -7402 -7321 -7552 -7493 -7487 -7371 -7472 # -8193 -8449 -8321 -8193 -8193 -8065 -832CPU side received count (scaleup: 4): -7415 -7468 -7405 -7458 -7389 -7432 -7474 -7344 # -8449 -8321 -8193 -8193 -8193 -8193 -8063 -8193 
3 -8321 
1 -8193 
5 -8321 
CPU side received count (scaleup: 2): -7426 -7298 -7457 -7460 -7461 -7413 -7479 -7433 # -8065 -8193 -8193 -8321 -8321 -8321 -819CPU side received count (scaleup: 0): -7526 -7289 -7400 -7430 -7537 -7573 -7518 -7434 # -8065 -8193 -8321 -8449 -8193 -8321 -832CPU side received count (scaleup: 3): -7400 -7549 -7426 -7398 -7355 -7397 -7474 -7321 # -8193 -8193 -8193 -8193 -8193 -8193 -8193 -8193 
3 -8193 
CPU side received count (scaleup: 1): -7507 -7396 -7530 -7593 -7610 -7335 -7335 -7382 # -8321 -8321 -8193 -8321 -8321 -8065 -8321 -8321 
1 -8321 
Elastic buffer uses 4 channels per SM
Elastic buffer uses 4 channels per SM
Elastic buffer uses 4 channels per SM
Elastic buffer uses 4 channels per SM
Elastic buffer uses 4 channels per SM
Elastic buffer uses 4 channels per SM
Elastic buffer uses 4 channels per SM
Elastic buffer uses 4 channels per SM
CPU side received count (scaleup: 0): -7526 -7289 -7400 -7430 -7537 -7573 -7518 -7434 # -8065 -8193 -8321 -8449 -8193 -8321 -832CPU side received count (scaleup: 2): -7426 -7298 -7457 -7460 -7461 -7413 -7479 -7433 # -8065 -8193 -8193 -8321 -8321 -8321 -819CPU side received count (scaleup: 3): -7400 -7549 -7426 -7398 -7355 -7397 -7474 -7321 # -8193 -8193 -8193 -8193 -8193 -8193 -819CPU side received count (scaleup: 1): -7507 -7396 -7530 -7593 -7610 -7335 -7335 -7382 # -8321 -8321 -8193 -8321 -8321 -8065 -8321 -8321 
3 -8193 
CPU side received count (scaleup: 5): -7399 -7487 -7399 -7279 -7411 -7420 -7505 -7329 # -8193 -8065 -8193 -8321 -8321 -8193 -819CPU side received count (scaleup: 6): -7457 -7402 -7321 -7552 -7493 -7487 -7371 -7472 # -8193 -8449 -8321 -8193 -8193 -8065 -832CPU side received count (scaleup: 7): -7446 -7490 -7393 -7465 -7420 -7392 -7374 -7414 # -8321 -8193 -8321 -8193 -8321 -8193 -819CPU side received count (scaleup: 4): -7415 -7468 -7405 -7458 -7389 -7432 -7474 -7344 # -8449 -8321 -8193 -8193 -8193 -8193 -8063 -8193 
3 -8321 
1 -8321 
1 -8193 
3 -8193 
5 -8321 
Elastic buffer uses 4 channels per SM
Elastic buffer uses 4 channels per SM
Elastic buffer uses 4 channels per SM
Elastic buffer uses 4 channels per SM
Elastic buffer uses 4 channels per SM
Elastic buffer uses 4 channels per SM
Elastic buffer uses 4 channels per SM
Elastic buffer uses 4 channels per SM
CPU side received count (scaleup: 5): -7399 -7487 -7399 -7279 -7411 -7420 -7505 -7329 # -8193 -8065 -8193 -8321 -8321 -8193 -819CPU side received count (scaleup: 4): -7415 -7468 -7405 -7458 -7389 -7432 -7474 -7344 # -8449 -8321 -8193 -8193 -8193 -8193 -806CPU side received count (scaleup: 6): -7457 -7402 -7321 -7552 -7493 -7487 -7371 -7472 # -8193 -8449 -8321 -8193 -8193 -8065 -832CPU side received count (scaleup: 7): -7446 -7490 -7393 -7465 -7420 -7392 -7374 -7414 # -8321 -8193 -8321 -8193 -8321 -8193 -8193 -8321 
5 -8321 
1 -8193 
3 -8193 
CPU side received count (scaleup: 0): -7526 -7289 -7400 -7430 -7537 -7573 -7518 -7434 # -8065 -8193 -8321 -8449 -8193 -8321 -832CPU side received count (scaleup: 2): -7426 -7298 -7457 -7460 -7461 -7413 -7479 -7433 # -8065 -8193 -8193 -8321 -8321 -8321 -819CPU side received count (scaleup: 1): -7507 -7396 -7530 -7593 -7610 -7335 -7335 -7382 # -8321 -8321 -8193 -8321 -8321 -8065 -832CPU side received count (scaleup: 3): -7400 -7549 -7426 -7398 -7355 -7397 -7474 -7321 # -8193 -8193 -8193 -8193 -8193 -8193 -8191 -8321 
3 -8193 
1 -8321 
3 -8193 
Elastic buffer uses 4 channels per SM
Elastic buffer uses 4 channels per SM
Elastic buffer uses 4 channels per SM
Elastic buffer uses 4 channels per SM
Elastic buffer uses 4 channels per SM
Elastic buffer uses 4 channels per SM
Elastic buffer uses 4 channels per SM
Elastic buffer uses 4 channels per SM
CPU side received count (scaleup: 0): -7526 -7289 -7400 -7430 -7537 -7573 -7518 -7434 # -8065 -8193 -8321 -8449 -8193 -8321 -832CPU side received count (scaleup: 3): -7400 -7549 -7426 -7398 -7355 -7397 -7474 -7321 # -8193 -8193 -8193 -8193 -8193 -8193 -819CPU side received count (scaleup: 2): -7426 -7298 -7457 -7460 -7461 -7413 -7479 -7433 # -8065 -8193 -8193 -8321 -8321 -8321 -819CPU side received count (scaleup: 1): -7507 -7396 -7530 -7593 -7610 -7335 -7335 -7382 # -8321 -8321 -8193 -8321 -8321 -8065 -8321 -8321 
3 -8193 
1 -8321 
CPU side received count (scaleup: 7): -7446 -7490 -7393 -7465 -7420 -7392 -7374 -7414 # -8321 -8193 -8321 -8193 -8321 -8193 -8193 -8193 
CPU side received count (scaleup: 5): -7399 -7487 -7399 -7279 -7411 -7420 -7505 -7329 # -8193 -8065 -8193 -8321 -8321 -8193 -819CPU side received count (scaleup: 4): -7415 -7468 -7405 -7458 -7389 -7432 -7474 -7344 # -8449 -8321 -8193 -8193 -8193 -8193 -806CPU side received count (scaleup: 6): -7457 -7402 -7321 -7552 -7493 -7487 -7371 -7472 # -8193 -8449 -8321 -8193 -8193 -8065 -8323 -8193 
3 -8321 
5 -8321 
1 -8193 
Elastic buffer uses 4 channels per SM
Elastic buffer uses 4 channels per SM
Elastic buffer uses 4 channels per SM
Elastic buffer uses 4 channels per SM
Elastic buffer uses 4 channels per SM
Elastic buffer uses 4 channels per SM
Elastic buffer uses 4 channels per SM
Elastic buffer uses 4 channels per SM
CPU side received count (scaleup: 0): -7526 -7289 -7400 -7430 -7537 -7573 -7518 -7434 # -8065 -8193 -8321 -8449 -8193 -8321 -832CPU side received count (scaleup: 3): -7400 -7549 -7426 -7398 -7355 -7397 -7474 -7321 # -8193 -8193 -8193 -8193 -8193 -8193 -819CPU side received count (scaleup: 2): -7426 -7298 -7457 -7460 -7461 -7413 -7479 -7433 # -8065 -8193 -8193 -8321 -8321 -8321 -819CPU side received count (scaleup: 1): -7507 -7396 -7530 -7593 -7610 -7335 -7335 -7382 # -8321 -8321 -8193 -8321 -8321 -8065 -8321 -8321 
3 -8193 
CPU side received count (scaleup: 5): -7399 -7487 -7399 -7279 -7411 -7420 -7505 -7329 # -8193 -8065 -8193 -8321 -8321 -8193 -8193 -8193 
CPU side received count (scaleup: 4): -7415 -7468 -7405 -7458 -7389 -7432 -7474 -7344 # -8449 -8321 -8193 -8193 -8193 -8193 -806CPU side received count (scaleup: 6): -7457 -7402 -7321 -7552 -7493 -7487 -7371 -7472 # -8193 -8449 -8321 -8193 -8193 -8065 -8321 -8321 
CPU side received count (scaleup: 7): -7446 -7490 -7393 -7465 -7420 -7392 -7374 -7414 # -8321 -8193 -8321 -8193 -8321 -8193 -8193 -8321 
5 -8321 
1 -8193 
3 -8193 
Elastic buffer uses 4 channels per SM
Elastic buffer uses 4 channels per SM
Elastic buffer uses 4 channels per SM
Elastic buffer uses 4 channels per SM
Elastic buffer uses 4 channels per SM
Elastic buffer uses 4 channels per SM
Elastic buffer uses 4 channels per SM
Elastic buffer uses 4 channels per SM
CPU side received count (scaleup: 2): -7426 -7298 -7457 -7460 -7461 -7413 -7479 -7433 # -8065 -8193 -8193 -8321 -8321 -8321 -819CPU side received count (scaleup: 0): -7526 -7289 -7400 -7430 -7537 -7573 -7518 -7434 # -8065 -8193 -8321 -8449 -8193 -8321 -832CPU side received count (scaleup: 3): -7400 -7549 -7426 -7398 -7355 -7397 -7474 -7321 # -8193 -8193 -8193 -8193 -8193 -8193 -819CPU side received count (scaleup: 1): -7507 -7396 -7530 -7593 -7610 -7335 -7335 -7382 # -8321 -8321 -8193 -8321 -8321 -8065 -8323 -8193 
CPU side received count (scaleup: 4): -7415 -7468 -7405 -7458 -7389 -7432 -7474 -7344 # -8449 -8321 -8193 -8193 -8193 -8193 -8061 -8321 
1 -8321 
CPU side received count (scaleup: 6): -7457 -7402 -7321 -7552 -7493 -7487 -7371 -7472 # -8193 -8449 -8321 -8193 -8193 -8065 -832CPU side received count (scaleup: 7): -7446 -7490 -7393 -7465 -7420 -7392 -7374 -7414 # -8321 -8193 -8321 -8193 -8321 -8193 -819CPU side received count (scaleup: 5): -7399 -7487 -7399 -7279 -7411 -7420 -7505 -7329 # -8193 -8065 -8193 -8321 -8321 -8193 -8193 -8193 
5 -8321 
1 -8193 
3 -8193 
3 -8321 
Elastic buffer uses 4 channels per SM
Elastic buffer uses 4 channels per SM
Elastic buffer uses 4 channels per SM
Elastic buffer uses 4 channels per SM
Elastic buffer uses 4 channels per SM
Elastic buffer uses 4 channels per SM
Elastic buffer uses 4 channels per SM
Elastic buffer uses 4 channels per SM
CPU side received count (scaleup: 0): -7526 -7289 -7400 -7430 -7537 -7573 -7518 -7434 # -8065 -8193 -8321 -8449 -8193 -8321 -832CPU side received count (scaleup: 2): -7426 -7298 -7457 -7460 -7461 -7413 -7479 -7433 # -8065 -8193 -8193 -8321 -8321 -8321 -8191 -8321 
CPU side received count (scaleup: 1): -7507 -7396 -7530 -7593 -7610 -7335 -7335 -7382 # -8321 -8321 -8193 -8321 -8321 -8065 -8323 -8193 
CPU side received count (scaleup: 3): -7400 -7549 -7426 -7398 -7355 -7397 -7474 -7321 # -8193 -8193 -8193 -8193 -8193 -8193 -8191 -8321 
CPU side received count (scaleup: 5): -7399 -7487 -7399 -7279 -7411 -7420 -7505 -7329 # -8193 -8065 -8193 -8321 -8321 -8193 -819CPU side received count (scaleup: 6): -7457 -7402 -7321 -7552 -7493 -7487 -7371 -7472 # -8193 -8449 -8321 -8193 -8193 -8065 -832CPU side received count (scaleup: 4): -7415 -7468 -7405 -7458 -7389 -7432 -7474 -7344 # -8449 -8321 -8193 -8193 -8193 -8193 -8063 -8321 
1 -8193 
CPU side received count (scaleup: 7): -7446 -7490 -7393 -7465 -7420 -7392 -7374 -7414 # -8321 -8193 -8321 -8193 -8321 -8193 -8195 -8321 
3 -8193 
3 -8193 
Elastic buffer uses 4 channels per SM
Elastic buffer uses 4 channels per SM
Elastic buffer uses 4 channels per SM
Elastic buffer uses 4 channels per SM
Elastic buffer uses 4 channels per SM
Elastic buffer uses 4 channels per SM
Elastic buffer uses 4 channels per SM
Elastic buffer uses 4 channels per SM
CPU side received count (scaleup: 0): -7526 -7289 -7400 -7430 -7537 -7573 -7518 -7434 # -8065 -8193 -8321 -8449 -8193 -8321 -832CPU side received count (scaleup: 2): -7426 -7298 -7457 -7460 -7461 -7413 -7479 -7433 # -8065 -8193 -8193 -8321 -8321 -8321 -819CPU side received count (scaleup: 1): -7507 -7396 -7530 -7593 -7610 -7335 -7335 -7382 # -8321 -8321 -8193 -8321 -8321 -8065 -832CPU side received count (scaleup: 3): -7400 -7549 -7426 -7398 -7355 -7397 -7474 -7321 # -8193 -8193 -8193 -8193 -8193 -8193 -8191 -8321 
3 -8193 
1 -8321 
3 -8193 
CPU side received count (scaleup: 6): -7457 -7402 -7321 -7552 -7493 -7487 -7371 -7472 # -8193 -8449 -8321 -8193 -8193 -8065 -832CPU side received count (scaleup: 5): -7399 -7487 -7399 -7279 -7411 -7420 -7505 -7329 # -8193 -8065 -8193 -8321 -8321 -8193 -819CPU side received count (scaleup: 7): -7446 -7490 -7393 -7465 -7420 -7392 -7374 -7414 # -8321 -8193 -8321 -8193 -8321 -8193 -8191 -8193 
3 -8321 
3 -8193 
CPU side received count (scaleup: 4): -7415 -7468 -7405 -7458 -7389 -7432 -7474 -7344 # -8449 -8321 -8193 -8193 -8193 -8193 -8065 -8321 
USDT:2026-08-25 02:22:40 436:436 SyncActivityProfilerHandler.cpp:59] profiler_stopUSDT:2026-08-25 02:22:40 441:441 SyncActivityProfilerHandler.cpp:59] profiler_stopUSDT:2026-08-25 02:22:40 439:439 SyncActivityProfilerHandler.cpp:59] profiler_stopUSDT:2026-08-25 02:22:40 438:438 SyncActivityProfilerHandler.cpp:59] profiler_stop



USDT:2026-08-25 02:22:40 434:434 SyncActivityProfilerHandler.cpp:59] profiler_stopUSDT:2026-08-25 02:22:40 435:435 SyncActivityProfilerHandler.cpp:59] profiler_stop

USDT:2026-08-25 02:22:40 440:440 SyncActivityProfilerHandler.cpp:59] profiler_stopUSDT:2026-08-25 02:22:40 437:437 SyncActivityProfilerHandler.cpp:59] profiler_stop

   - EP:  28/32 | expanded dispatch: 52 GB/s (SO), 104 GB/s (SU), 4275.000 us, 444614976 bytes | copy: 2191 GB/s, 429.131 us
   - EP:  26/32 | expanded dispatch: 52 GB/s (SO), 104 GB/s (SU), 4275.000 us, 444929472 bytes | copy: 2421 GB/s, 388.037 us
   - EP:  29/32 | expanded dispatch: 52 GB/s (SO), 104 GB/s (SU), 4275.000 us, 443446848 bytes | copy: 2186 GB/s, 429.145 us
   - EP:  25/32 | expanded dispatch: 52 GB/s (SO), 105 GB/s (SU), 4275.000 us, 446883840 bytes | copy: 2227 GB/s, 423.882 us
   - EP:  24/32 | expanded dispatch: 52 GB/s (SO), 105 GB/s (SU), 4275.000 us, 447026112 bytes | copy: 2255 GB/s, 418.824 us
   - EP:  31/32 | expanded dispatch: 52 GB/s (SO), 104 GB/s (SU), 4275.000 us, 444682368 bytes | copy: 2088 GB/s, 450.327 us   - EP:  27/32 | expanded dispatch: 52 GB/s (SO), 104 GB/s (SU), 4275.000 us, 444128256 bytes | copy: 2205 GB/s, 424.991 us

   - EP:  30/32 | expanded dispatch: 52 GB/s (SO), 104 GB/s (SU), 4275.000 us, 445887936 bytes | copy: 2190 GB/s, 430.046 us
Elastic buffer uses 4 channels per SM
Elastic buffer uses 4 channels per SM
Elastic buffer uses 4 channels per SM
Elastic buffer uses 4 channels per SM
Elastic buffer uses 4 channels per SM
Elastic buffer uses 4 channels per SM
Elastic buffer uses 4 channels per SM
Elastic buffer uses 4 channels per SM
Elastic buffer uses 4 channels per SM
Elastic buffer uses 4 channels per SM
Elastic buffer uses 4 channels per SM
Elastic buffer uses 4 channels per SM
Elastic buffer uses 4 channels per SM
Elastic buffer uses 4 channels per SM
Elastic buffer uses 4 channels per SM
Elastic buffer uses 4 channels per SM
Elastic buffer uses 4 channels per SM
Elastic buffer uses 4 channels per SM
Elastic buffer uses 4 channels per SM
Elastic buffer uses 4 channels per SM
Elastic buffer uses 4 channels per SM
Elastic buffer uses 4 channels per SM
Elastic buffer uses 4 channels per SM
Elastic buffer uses 4 channels per SM
Elastic buffer uses 4 channels per SM
Elastic buffer uses 4 channels per SM
Elastic buffer uses 4 channels per SM
Elastic buffer uses 4 channels per SM
Elastic buffer uses 4 channels per SM
Elastic buffer uses 4 channels per SM
Elastic buffer uses 4 channels per SM
Elastic buffer uses 4 channels per SM
Elastic buffer uses 4 channels per SM
Elastic buffer uses 4 channels per SM
Elastic buffer uses 4 channels per SM
Elastic buffer uses 4 channels per SM
Elastic buffer uses 4 channels per SM
Elastic buffer uses 4 channels per SM
Elastic buffer uses 4 channels per SM
Elastic buffer uses 4 channels per SM
Elastic buffer uses 4 channels per SM
Elastic buffer uses 4 channels per SM
Elastic buffer uses 4 channels per SM
Elastic buffer uses 4 channels per SM
Elastic buffer uses 4 channels per SM
Elastic buffer uses 4 channels per SM
Elastic buffer uses 4 channels per SM
Elastic buffer uses 4 channels per SM
Elastic buffer uses 4 channels per SM
Elastic buffer uses 4 channels per SM
Elastic buffer uses 4 channels per SM
Elastic buffer uses 4 channels per SM
Elastic buffer uses 4 channels per SM
Elastic buffer uses 4 channels per SM
Elastic buffer uses 4 channels per SM
Elastic buffer uses 4 channels per SM
Elastic buffer uses 4 channels per SM
Elastic buffer uses 4 channels per SM
Elastic buffer uses 4 channels per SM
Elastic buffer uses 4 channels per SM
Elastic buffer uses 4 channels per SM
Elastic buffer uses 4 channels per SM
Elastic buffer uses 4 channels per SM
Elastic buffer uses 4 channels per SM
Elastic buffer uses 4 channels per SM
Elastic buffer uses 4 channels per SM
Elastic buffer uses 4 channels per SM
Elastic buffer uses 4 channels per SM
Elastic buffer uses 4 channels per SM
Elastic buffer uses 4 channels per SM
Elastic buffer uses 4 channels per SM
Elastic buffer uses 4 channels per SM
Elastic buffer uses 4 channels per SM
Elastic buffer uses 4 channels per SM
Elastic buffer uses 4 channels per SM
Elastic buffer uses 4 channels per SM
Elastic buffer uses 4 channels per SM
Elastic buffer uses 4 channels per SM
Elastic buffer uses 4 channels per SM
Elastic buffer uses 4 channels per SM
Elastic buffer uses 4 channels per SM
Elastic buffer uses 4 channels per SM
Elastic buffer uses 4 channels per SM
Elastic buffer uses 4 channels per SM
Elastic buffer uses 4 channels per SM
Elastic buffer uses 4 channels per SM
Elastic buffer uses 4 channels per SM
Elastic buffer uses 4 channels per SM
Elastic buffer uses 4 channels per SM
Elastic buffer uses 4 channels per SM
Elastic buffer uses 4 channels per SM
Elastic buffer uses 4 channels per SM
Elastic buffer uses 4 channels per SM
Elastic buffer uses 4 channels per SM
Elastic buffer uses 4 channels per SM
Elastic buffer uses 4 channels per SM
Elastic buffer uses 4 channels per SM
Elastic buffer uses 4 channels per SM
Elastic buffer uses 4 channels per SM
Elastic buffer uses 4 channels per SM
Elastic buffer uses 4 channels per SM
Elastic buffer uses 4 channels per SM
Elastic buffer uses 4 channels per SM
Elastic buffer uses 4 channels per SM
Elastic buffer uses 4 channels per SM
Elastic buffer uses 4 channels per SM
Elastic buffer uses 4 channels per SM
Elastic buffer uses 4 channels per SM
Elastic buffer uses 4 channels per SM
Elastic buffer uses 4 channels per SM
Elastic buffer uses 4 channels per SM
Elastic buffer uses 4 channels per SM
Elastic buffer uses 4 channels per SM
Elastic buffer uses 4 channels per SM
Elastic buffer uses 4 channels per SM
Elastic buffer uses 4 channels per SM
Elastic buffer uses 4 channels per SM
Elastic buffer uses 4 channels per SM
Elastic buffer uses 4 channels per SM
Elastic buffer uses 4 channels per SM
Elastic buffer uses 4 channels per SM
Elastic buffer uses 4 channels per SM
Elastic buffer uses 4 channels per SM
Elastic buffer uses 4 channels per SM
Elastic buffer uses 4 channels per SM
Elastic buffer uses 4 channels per SM
Elastic buffer uses 4 channels per SM
Elastic buffer uses 4 channels per SM
Elastic buffer uses 4 channels per SM
Elastic buffer uses 4 channels per SM
Elastic buffer uses 4 channels per SM
Elastic buffer uses 4 channels per SM
Elastic buffer uses 4 channels per SM
Elastic buffer uses 4 channels per SM
Elastic buffer uses 4 channels per SM
Elastic buffer uses 4 channels per SM
Elastic buffer uses 4 channels per SM
Elastic buffer uses 4 channels per SM
Elastic buffer uses 4 channels per SM
Elastic buffer uses 4 channels per SM
Elastic buffer uses 4 channels per SM
Elastic buffer uses 4 channels per SM
Elastic buffer uses 4 channels per SM
Elastic buffer uses 4 channels per SM
Elastic buffer uses 4 channels per SM
Elastic buffer uses 4 channels per SM
Elastic buffer uses 4 channels per SM
Elastic buffer uses 4 channels per SM
Elastic buffer uses 4 channels per SM
Elastic buffer uses 4 channels per SM
Elastic buffer uses 4 channels per SM
Elastic buffer uses 4 channels per SM
Elastic buffer uses 4 channels per SM
Elastic buffer uses 4 channels per SM
Elastic buffer uses 4 channels per SM
Elastic buffer uses 4 channels per SM
Elastic buffer uses 4 channels per SM
Elastic buffer uses 4 channels per SM
Elastic buffer uses 4 channels per SM
Elastic buffer uses 4 channels per SM
Elastic buffer uses 4 channels per SM
Elastic buffer uses 4 channels per SM
Elastic buffer uses 4 channels per SM
Elastic buffer uses 4 channels per SM
Elastic buffer uses 4 channels per SM
Elastic buffer uses 4 channels per SM
Elastic buffer uses 4 channels per SM
Elastic buffer uses 4 channels per SM
Elastic buffer uses 4 channels per SM
Elastic buffer uses 4 channels per SM
Elastic buffer uses 4 channels per SM
Elastic buffer uses 4 channels per SM
Elastic buffer uses 4 channels per SM
Elastic buffer uses 4 channels per SM
Elastic buffer uses 4 channels per SM
Elastic buffer uses 4 channels per SM
Elastic buffer uses 4 channels per SM
Elastic buffer uses 4 channels per SM
Elastic buffer uses 4 channels per SM
Elastic buffer uses 4 channels per SM
Elastic buffer uses 4 channels per SM
Elastic buffer uses 4 channels per SM
Elastic buffer uses 4 channels per SM
Elastic buffer uses 4 channels per SM
Elastic buffer uses 4 channels per SM
Elastic buffer uses 4 channels per SM
Elastic buffer uses 4 channels per SM
Elastic buffer uses 4 channels per SM
Elastic buffer uses 4 channels per SM
Elastic buffer uses 4 channels per SM
Elastic buffer uses 4 channels per SM
Elastic buffer uses 4 channels per SM
Elastic buffer uses 4 channels per SM
Elastic buffer uses 4 channels per SM
Elastic buffer uses 4 channels per SM
Elastic buffer uses 4 channels per SM
Elastic buffer uses 4 channels per SM
Elastic buffer uses 4 channels per SM
Elastic buffer uses 4 channels per SM
Elastic buffer uses 4 channels per SM
Elastic buffer uses 4 channels per SM
Elastic buffer uses 4 channels per SM
Elastic buffer uses 4 channels per SM
Elastic buffer uses 4 channels per SM
Elastic buffer uses 4 channels per SM
Elastic buffer uses 4 channels per SM
Elastic buffer uses 4 channels per SM
Elastic buffer uses 4 channels per SM
Elastic buffer uses 4 channels per SM
Elastic buffer uses 4 channels per SM
Elastic buffer uses 4 channels per SM
Elastic buffer uses 4 channels per SM
Elastic buffer uses 4 channels per SM
Elastic buffer uses 4 channels per SM
Elastic buffer uses 4 channels per SM
Elastic buffer uses 4 channels per SM
Elastic buffer uses 4 channels per SM
Elastic buffer uses 4 channels per SM
Elastic buffer uses 4 channels per SM
Elastic buffer uses 4 channels per SM
Elastic buffer uses 4 channels per SM
Elastic buffer uses 4 channels per SM
Elastic buffer uses 4 channels per SM
Elastic buffer uses 4 channels per SM
Elastic buffer uses 4 channels per SM
Elastic buffer uses 4 channels per SM
Elastic buffer uses 4 channels per SM
Elastic buffer uses 4 channels per SM
Elastic buffer uses 4 channels per SM
Elastic buffer uses 4 channels per SM
Elastic buffer uses 4 channels per SM
Elastic buffer uses 4 channels per SM
Elastic buffer uses 4 channels per SM
Elastic buffer uses 4 channels per SM
Elastic buffer uses 4 channels per SM
Elastic buffer uses 4 channels per SM
Elastic buffer uses 4 channels per SM
Elastic buffer uses 4 channels per SM
Elastic buffer uses 4 channels per SM
Elastic buffer uses 4 channels per SM
Elastic buffer uses 4 channels per SM
Elastic buffer uses 4 channels per SM
Elastic buffer uses 4 channels per SM
Elastic buffer uses 4 channels per SM
Elastic buffer uses 4 channels per SM
Elastic buffer uses 4 channels per SM
Elastic buffer uses 4 channels per SM
Elastic buffer uses 4 channels per SM
Elastic buffer uses 4 channels per SM
Elastic buffer uses 4 channels per SM
Elastic buffer uses 4 channels per SM
Elastic buffer uses 4 channels per SM
Elastic buffer uses 4 channels per SM
USDT:2026-08-25 02:22:41 437:437 SyncActivityProfilerHandler.cpp:52] profiler_startUSDT:2026-08-25 02:22:41 435:435 SyncActivityProfilerHandler.cpp:52] profiler_start

USDT:2026-08-25 02:22:41 436:436 SyncActivityProfilerHandler.cpp:52] profiler_startUSDT:2026-08-25 02:22:41 441:441 SyncActivityProfilerHandler.cpp:52] profiler_startUSDT:2026-08-25 02:22:41 439:439 SyncActivityProfilerHandler.cpp:52] profiler_startUSDT:2026-08-25 02:22:41 438:438 SyncActivityProfilerHandler.cpp:52] profiler_startUSDT:2026-08-25 02:22:41 434:434 SyncActivityProfilerHandler.cpp:52] profiler_start




USDT:2026-08-25 02:22:41 440:440 SyncActivityProfilerHandler.cpp:52] profiler_start
Elastic buffer uses 4 channels per SM
Elastic buffer uses 4 channels per SM
Elastic buffer uses 4 channels per SM
Elastic buffer uses 4 channels per SM
Elastic buffer uses 4 channels per SM
Elastic buffer uses 4 channels per SM
Elastic buffer uses 4 channels per SM
Elastic buffer uses 4 channels per SM
Elastic buffer uses 4 channels per SM
Elastic buffer uses 4 channels per SM
Elastic buffer uses 4 channels per SM
Elastic buffer uses 4 channels per SM
Elastic buffer uses 4 channels per SM
Elastic buffer uses 4 channels per SM
Elastic buffer uses 4 channels per SM
Elastic buffer uses 4 channels per SM
Elastic buffer uses 4 channels per SM
Elastic buffer uses 4 channels per SM
Elastic buffer uses 4 channels per SM
Elastic buffer uses 4 channels per SM
Elastic buffer uses 4 channels per SM
Elastic buffer uses 4 channels per SM
Elastic buffer uses 4 channels per SM
Elastic buffer uses 4 channels per SM
Elastic buffer uses 4 channels per SM
Elastic buffer uses 4 channels per SM
Elastic buffer uses 4 channels per SM
Elastic buffer uses 4 channels per SM
Elastic buffer uses 4 channels per SM
Elastic buffer uses 4 channels per SM
Elastic buffer uses 4 channels per SM
Elastic buffer uses 4 channels per SM
Elastic buffer uses 4 channels per SM
Elastic buffer uses 4 channels per SM
Elastic buffer uses 4 channels per SM
Elastic buffer uses 4 channels per SM
Elastic buffer uses 4 channels per SM
Elastic buffer uses 4 channels per SM
Elastic buffer uses 4 channels per SM
Elastic buffer uses 4 channels per SM
Elastic buffer uses 4 channels per SM
Elastic buffer uses 4 channels per SM
Elastic buffer uses 4 channels per SM
Elastic buffer uses 4 channels per SM
Elastic buffer uses 4 channels per SM
Elastic buffer uses 4 channels per SM
Elastic buffer uses 4 channels per SM
Elastic buffer uses 4 channels per SM
Elastic buffer uses 4 channels per SM
Elastic buffer uses 4 channels per SM
Elastic buffer uses 4 channels per SM
Elastic buffer uses 4 channels per SM
Elastic buffer uses 4 channels per SM
Elastic buffer uses 4 channels per SM
Elastic buffer uses 4 channels per SM
Elastic buffer uses 4 channels per SM
Elastic buffer uses 4 channels per SM
Elastic buffer uses 4 channels per SM
Elastic buffer uses 4 channels per SM
Elastic buffer uses 4 channels per SM
Elastic buffer uses 4 channels per SM
Elastic buffer uses 4 channels per SM
Elastic buffer uses 4 channels per SM
Elastic buffer uses 4 channels per SM
Elastic buffer uses 4 channels per SM
Elastic buffer uses 4 channels per SM
Elastic buffer uses 4 channels per SM
Elastic buffer uses 4 channels per SM
Elastic buffer uses 4 channels per SM
Elastic buffer uses 4 channels per SM
Elastic buffer uses 4 channels per SM
Elastic buffer uses 4 channels per SM
Elastic buffer uses 4 channels per SM
Elastic buffer uses 4 channels per SM
Elastic buffer uses 4 channels per SM
Elastic buffer uses 4 channels per SM
Elastic buffer uses 4 channels per SM
Elastic buffer uses 4 channels per SM
Elastic buffer uses 4 channels per SM
Elastic buffer uses 4 channels per SM
Elastic buffer uses 4 channels per SM
Elastic buffer uses 4 channels per SM
Elastic buffer uses 4 channels per SM
Elastic buffer uses 4 channels per SM
Elastic buffer uses 4 channels per SM
Elastic buffer uses 4 channels per SM
Elastic buffer uses 4 channels per SM
Elastic buffer uses 4 channels per SM
Elastic buffer uses 4 channels per SM
Elastic buffer uses 4 channels per SM
Elastic buffer uses 4 channels per SM
Elastic buffer uses 4 channels per SM
Elastic buffer uses 4 channels per SM
Elastic buffer uses 4 channels per SM
Elastic buffer uses 4 channels per SM
Elastic buffer uses 4 channels per SM
Elastic buffer uses 4 channels per SM
Elastic buffer uses 4 channels per SM
Elastic buffer uses 4 channels per SM
Elastic buffer uses 4 channels per SM
Elastic buffer uses 4 channels per SM
Elastic buffer uses 4 channels per SM
Elastic buffer uses 4 channels per SM
Elastic buffer uses 4 channels per SM
Elastic buffer uses 4 channels per SM
Elastic buffer uses 4 channels per SM
Elastic buffer uses 4 channels per SM
Elastic buffer uses 4 channels per SM
Elastic buffer uses 4 channels per SM
Elastic buffer uses 4 channels per SM
Elastic buffer uses 4 channels per SM
Elastic buffer uses 4 channels per SM
Elastic buffer uses 4 channels per SM
Elastic buffer uses 4 channels per SM
Elastic buffer uses 4 channels per SM
Elastic buffer uses 4 channels per SM
Elastic buffer uses 4 channels per SM
Elastic buffer uses 4 channels per SM
Elastic buffer uses 4 channels per SM
Elastic buffer uses 4 channels per SM
Elastic buffer uses 4 channels per SM
Elastic buffer uses 4 channels per SM
Elastic buffer uses 4 channels per SM
Elastic buffer uses 4 channels per SM
Elastic buffer uses 4 channels per SM
Elastic buffer uses 4 channels per SM
Elastic buffer uses 4 channels per SM
Elastic buffer uses 4 channels per SM
Elastic buffer uses 4 channels per SM
Elastic buffer uses 4 channels per SM
Elastic buffer uses 4 channels per SM
Elastic buffer uses 4 channels per SM
Elastic buffer uses 4 channels per SM
Elastic buffer uses 4 channels per SM
Elastic buffer uses 4 channels per SM
Elastic buffer uses 4 channels per SM
Elastic buffer uses 4 channels per SM
Elastic buffer uses 4 channels per SM
Elastic buffer uses 4 channels per SM
Elastic buffer uses 4 channels per SM
Elastic buffer uses 4 channels per SM
Elastic buffer uses 4 channels per SM
Elastic buffer uses 4 channels per SM
Elastic buffer uses 4 channels per SM
Elastic buffer uses 4 channels per SM
Elastic buffer uses 4 channels per SM
Elastic buffer uses 4 channels per SM
Elastic buffer uses 4 channels per SM
Elastic buffer uses 4 channels per SM
Elastic buffer uses 4 channels per SM
Elastic buffer uses 4 channels per SM
Elastic buffer uses 4 channels per SM
Elastic buffer uses 4 channels per SM
Elastic buffer uses 4 channels per SM
Elastic buffer uses 4 channels per SM
Elastic buffer uses 4 channels per SM
Elastic buffer uses 4 channels per SM
Elastic buffer uses 4 channels per SM
Elastic buffer uses 4 channels per SM
Elastic buffer uses 4 channels per SM
Elastic buffer uses 4 channels per SM
Elastic buffer uses 4 channels per SM
Elastic buffer uses 4 channels per SM
Elastic buffer uses 4 channels per SM
Elastic buffer uses 4 channels per SM
Elastic buffer uses 4 channels per SM
Elastic buffer uses 4 channels per SM
Elastic buffer uses 4 channels per SM
Elastic buffer uses 4 channels per SM
Elastic buffer uses 4 channels per SM
Elastic buffer uses 4 channels per SM
Elastic buffer uses 4 channels per SM
Elastic buffer uses 4 channels per SM
Elastic buffer uses 4 channels per SM
Elastic buffer uses 4 channels per SM
Elastic buffer uses 4 channels per SM
Elastic buffer uses 4 channels per SM
Elastic buffer uses 4 channels per SM
Elastic buffer uses 4 channels per SM
Elastic buffer uses 4 channels per SM
Elastic buffer uses 4 channels per SM
Elastic buffer uses 4 channels per SM
Elastic buffer uses 4 channels per SM
Elastic buffer uses 4 channels per SM
Elastic buffer uses 4 channels per SM
Elastic buffer uses 4 channels per SM
Elastic buffer uses 4 channels per SM
Elastic buffer uses 4 channels per SM
Elastic buffer uses 4 channels per SM
Elastic buffer uses 4 channels per SM
Elastic buffer uses 4 channels per SM
Elastic buffer uses 4 channels per SM
Elastic buffer uses 4 channels per SM
Elastic buffer uses 4 channels per SM
Elastic buffer uses 4 channels per SM
Elastic buffer uses 4 channels per SM
Elastic buffer uses 4 channels per SM
Elastic buffer uses 4 channels per SM
Elastic buffer uses 4 channels per SM
Elastic buffer uses 4 channels per SM
Elastic buffer uses 4 channels per SM
Elastic buffer uses 4 channels per SM
Elastic buffer uses 4 channels per SM
Elastic buffer uses 4 channels per SM
Elastic buffer uses 4 channels per SM
Elastic buffer uses 4 channels per SM
Elastic buffer uses 4 channels per SM
Elastic buffer uses 4 channels per SM
Elastic buffer uses 4 channels per SM
Elastic buffer uses 4 channels per SM
Elastic buffer uses 4 channels per SM
Elastic buffer uses 4 channels per SM
Elastic buffer uses 4 channels per SM
Elastic buffer uses 4 channels per SM
Elastic buffer uses 4 channels per SM
Elastic buffer uses 4 channels per SM
Elastic buffer uses 4 channels per SM
Elastic buffer uses 4 channels per SM
Elastic buffer uses 4 channels per SM
Elastic buffer uses 4 channels per SM
Elastic buffer uses 4 channels per SM
Elastic buffer uses 4 channels per SM
Elastic buffer uses 4 channels per SM
Elastic buffer uses 4 channels per SM
Elastic buffer uses 4 channels per SM
Elastic buffer uses 4 channels per SM
Elastic buffer uses 4 channels per SM
Elastic buffer uses 4 channels per SM
Elastic buffer uses 4 channels per SM
Elastic buffer uses 4 channels per SM
Elastic buffer uses 4 channels per SM
Elastic buffer uses 4 channels per SM
Elastic buffer uses 4 channels per SM
Elastic buffer uses 4 channels per SM
Elastic buffer uses 4 channels per SM
USDT:2026-08-25 02:22:41 439:439 SyncActivityProfilerHandler.cpp:59] profiler_stopUSDT:2026-08-25 02:22:41 441:441 SyncActivityProfilerHandler.cpp:59] profiler_stopUSDT:2026-08-25 02:22:41 436:436 SyncActivityProfilerHandler.cpp:59] profiler_stop


USDT:2026-08-25 02:22:41 438:438 SyncActivityProfilerHandler.cpp:59] profiler_stop
USDT:2026-08-25 02:22:41 440:440 SyncActivityProfilerHandler.cpp:59] profiler_stopUSDT:2026-08-25 02:22:41 435:435 SyncActivityProfilerHandler.cpp:59] profiler_stop

USDT:2026-08-25 02:22:41 434:434 SyncActivityProfilerHandler.cpp:59] profiler_stop
USDT:2026-08-25 02:22:41 437:437 SyncActivityProfilerHandler.cpp:59] profiler_stop
   # EP:  28/32 | cached dispatch: 51 GB/s (SO), 103 GB/s (SU), 4297.000 us, 444614976 bytes | copy: 2372 GB/s, 374.866 us
   # EP:  26/32 | cached dispatch: 51 GB/s (SO), 104 GB/s (SU), 4297.000 us, 444929472 bytes | copy: 2457 GB/s, 362.230 us
   # EP:  24/32 | cached dispatch: 51 GB/s (SO), 104 GB/s (SU), 4297.000 us, 447026112 bytes | copy: 2459 GB/s, 363.642 us
   # EP:  29/32 | cached dispatch: 52 GB/s (SO), 103 GB/s (SU), 4297.000 us, 443446848 bytes | copy: 2427 GB/s, 365.382 us
   # EP:  27/32 | cached dispatch: 51 GB/s (SO), 103 GB/s (SU), 4297.000 us, 444128256 bytes | copy: 2322 GB/s, 382.480 us
   # EP:  31/32 | cached dispatch: 52 GB/s (SO), 103 GB/s (SU), 4297.000 us, 444682368 bytes | copy: 2408 GB/s, 369.297 us
   # EP:  25/32 | cached dispatch: 52 GB/s (SO), 104 GB/s (SU), 4298.000 us, 446883840 bytes | copy: 2455 GB/s, 363.989 us
   # EP:  30/32 | cached dispatch: 51 GB/s (SO), 104 GB/s (SU), 4297.000 us, 445887936 bytes | copy: 2544 GB/s, 350.598 us
USDT:2026-08-25 02:22:42 436:436 SyncActivityProfilerHandler.cpp:52] profiler_start
USDT:2026-08-25 02:22:42 434:434 SyncActivityProfilerHandler.cpp:52] profiler_start
USDT:2026-08-25 02:22:42 435:435 SyncActivityProfilerHandler.cpp:52] profiler_start
USDT:2026-08-25 02:22:42 441:441 SyncActivityProfilerHandler.cpp:52] profiler_start
USDT:2026-08-25 02:22:42 438:438 SyncActivityProfilerHandler.cpp:52] profiler_start
USDT:2026-08-25 02:22:42 439:439 SyncActivityProfilerHandler.cpp:52] profiler_start
USDT:2026-08-25 02:22:42 440:440 SyncActivityProfilerHandler.cpp:52] profiler_start
USDT:2026-08-25 02:22:42 437:437 SyncActivityProfilerHandler.cpp:52] profiler_start
USDT:2026-08-25 02:22:43 436:436 SyncActivityProfilerHandler.cpp:59] profiler_stop
USDT:2026-08-25 02:22:43 435:435 SyncActivityProfilerHandler.cpp:59] profiler_stop
USDT:2026-08-25 02:22:43 434:434 SyncActivityProfilerHandler.cpp:59] profiler_stop
USDT:2026-08-25 02:22:43 441:441 SyncActivityProfilerHandler.cpp:59] profiler_stop
USDT:2026-08-25 02:22:43 439:439 SyncActivityProfilerHandler.cpp:59] profiler_stop
USDT:2026-08-25 02:22:43 438:438 SyncActivityProfilerHandler.cpp:59] profiler_stop
USDT:2026-08-25 02:22:43 440:440 SyncActivityProfilerHandler.cpp:59] profiler_stop
USDT:2026-08-25 02:22:43 437:437 SyncActivityProfilerHandler.cpp:59] profiler_stop
   @ EP:  26/32 | combine: 56 GB/s (SO), 113 GB/s (SU), 7528.000 us, 853732192 bytes | reduce: 3611 GB/s, 149.865 us
   @ EP:  25/32 | combine: 54 GB/s (SO), 110 GB/s (SU), 7796.000 us, 857482240 bytes | reduce: 3603 GB/s, 150.477 us
   @ EP:  28/32 | combine: 54 GB/s (SO), 109 GB/s (SU), 7860.000 us, 853128736 bytes | reduce: 3608 GB/s, 149.856 us
   @ EP:  31/32 | combine: 54 GB/s (SO), 108 GB/s (SU), 7912.000 us, 853258048 bytes | reduce: 3595 GB/s, 150.830 us
   @ EP:  29/32 | combine: 54 GB/s (SO), 108 GB/s (SU), 7857.000 us, 850887328 bytes | reduce: 3592 GB/s, 150.949 us
   @ EP:  24/32 | combine: 55 GB/s (SO), 111 GB/s (SU), 7745.000 us, 857755232 bytes | reduce: 3610 GB/s, 149.861 us
   @ EP:  30/32 | combine: 54 GB/s (SO), 109 GB/s (SU), 7827.000 us, 855571296 bytes | reduce: 3595 GB/s, 150.662 us
   @ EP:  27/32 | combine: 53 GB/s (SO), 107 GB/s (SU), 7982.000 us, 852194816 bytes | reduce: 3611 GB/s, 149.967 us
USDT:2026-08-25 02:22:43 437:437 SyncActivityProfilerHandler.cpp:52] profiler_start
USDT:2026-08-25 02:22:43 441:441 SyncActivityProfilerHandler.cpp:52] profiler_start
USDT:2026-08-25 02:22:43 439:439 SyncActivityProfilerHandler.cpp:52] profiler_start
USDT:2026-08-25 02:22:43 434:434 SyncActivityProfilerHandler.cpp:52] profiler_start
USDT:2026-08-25 02:22:43 435:435 SyncActivityProfilerHandler.cpp:52] profiler_start
USDT:2026-08-25 02:22:43 440:440 SyncActivityProfilerHandler.cpp:52] profiler_start
USDT:2026-08-25 02:22:43 438:438 SyncActivityProfilerHandler.cpp:52] profiler_start
USDT:2026-08-25 02:22:43 436:436 SyncActivityProfilerHandler.cpp:52] profiler_start
USDT:2026-08-25 02:22:44 437:437 SyncActivityProfilerHandler.cpp:59] profiler_stop
USDT:2026-08-25 02:22:44 439:439 SyncActivityProfilerHandler.cpp:59] profiler_stop
USDT:2026-08-25 02:22:44 441:441 SyncActivityProfilerHandler.cpp:59] profiler_stop
USDT:2026-08-25 02:22:44 440:440 SyncActivityProfilerHandler.cpp:59] profiler_stop
USDT:2026-08-25 02:22:44 434:434 SyncActivityProfilerHandler.cpp:59] profiler_stop
USDT:2026-08-25 02:22:44 435:435 SyncActivityProfilerHandler.cpp:59] profiler_stop
USDT:2026-08-25 02:22:44 438:438 SyncActivityProfilerHandler.cpp:59] profiler_stop
USDT:2026-08-25 02:22:44 436:436 SyncActivityProfilerHandler.cpp:59] profiler_stop
   + EP:  31/32 | reduced combine: 53 GB/s (SO), 106 GB/s (SU), 8031.000 us, 853258048 bytes | reduce: 3598 GB/s, 150.713 us
   + EP:  29/32 | reduced combine: 54 GB/s (SO), 108 GB/s (SU), 7912.000 us, 850887328 bytes | reduce: 3601 GB/s, 150.562 us
   + EP:  24/32 | reduced combine: 53 GB/s (SO), 107 GB/s (SU), 7996.000 us, 857755232 bytes | reduce: 3612 GB/s, 149.802 us
   + EP:  30/32 | reduced combine: 53 GB/s (SO), 107 GB/s (SU), 7975.000 us, 855571296 bytes | reduce: 3598 GB/s, 150.508 us
   + EP:  25/32 | reduced combine: 53 GB/s (SO), 106 GB/s (SU), 8084.000 us, 857482240 bytes | reduce: 3608 GB/s, 150.251 us
   + EP:  27/32 | reduced combine: 55 GB/s (SO), 110 GB/s (SU), 7755.000 us, 852194816 bytes | reduce: 3613 GB/s, 149.866 us
   + EP:  28/32 | reduced combine: 52 GB/s (SO), 104 GB/s (SU), 8174.000 us, 853128736 bytes | reduce: 3604 GB/s, 150.025 us
   + EP:  26/32 | reduced combine: 50 GB/s (SO), 102 GB/s (SU), 8407.000 us, 853732192 bytes | reduce: 3615 GB/s, 149.680 us

Elastic buffer uses 4 channels per SM
Elastic buffer uses 4 channels per SM
Elastic buffer uses 4 channels per SM
Elastic buffer uses 4 channels per SM
Elastic buffer uses 4 channels per SM
Elastic buffer uses 4 channels per SM
Elastic buffer uses 4 channels per SM
Elastic buffer uses 4 channels per SM
CPU side received count (scaleup: 7): -7446 -7490 -7393 -7465 -7420 -7392 -7374 -7414 # -8321 -8193 -8321 -8193 -8321 -8193 -819CPU side received count (scaleup: 4): -7415 -7468 -7405 -7458 -7389 -7432 -7474 -7344 # -8449 -8321 -8193 -8193 -8193 -8193 -806CPU side received count (scaleup: 5): -7399 -7487 -7399 -7279 -7411 -7420 -7505 -7329 # -8193 -8065 -8193 -8321 -8321 -8193 -8193 -8193 
5 -8321 
CPU side received count (scaleup: 6): -7457 -7402 -7321 -7552 -7493 -7487 -7371 -7472 # -8193 -8449 -8321 -8193 -8193 -8065 -8323 -8321 
1 -8193 
CPU side received count (scaleup: 0): -7526 -7289 -7400 -7430 -7537 -7573 -7518 -7434 # -8065 -8193 -8321 -8449 -8193 -8321 -832CPU side received count (scaleup: 1): -7507 -7396 -7530 -7593 -7610 -7335 -7335 -7382 # -8321 -8321 -8193 -8321 -8321 -8065 -832CPU side received count (scaleup: 3): -7400 -7549 -7426 -7398 -7355 -7397 -7474 -7321 # -8193 -8193 -8193 -8193 -8193 -8193 -819CPU side received count (scaleup: 2): -7426 -7298 -7457 -7460 -7461 -7413 -7479 -7433 # -8065 -8193 -8193 -8321 -8321 -8321 -8191 -8321 
1 -8321 
3 -8193 
3 -8193 

