=== EP_NIC_NAME=rdmap110s0 (auto, 200 Gb/s) ===
+ docker run --rm --gpus all --privileged --network=host --ipc=host --ulimit memlock=-1 --ulimit stack=67108864 --device=/dev/infiniband --device=/dev/gdrdrv -v /sys/class/infiniband:/sys/class/infiniband:ro -e MASTER_ADDR=172.31.20.74 -e MASTER_PORT=29583 -e WORLD_SIZE=4 -e RANK=0 -e NCCL_DEBUG=WARN -e EP_NIC_NAME=rdmap110s0 -e EP_BUFFER_DEBUG=1 -e PYTHONUNBUFFERED=1 -e PYTHONFAULTHANDLER=1 deepep-v2-efa-official:dev bash -lc 'timeout -s ABRT --kill-after=60 1500     python3 -u /opt/DeepEP/tests/elastic/test_ep.py     --num-processes=8 --num-tokens=128     --hidden=7168 --num-topk=8 --num-experts=256     --num-sms=12 --allow-hybrid-mode=1     --prefer-overlap-with-compute=0 --test-first-only      '

==========
== CUDA ==
==========

CUDA Version 13.0.2

Container image Copyright (c) 2016-2023, NVIDIA CORPORATION & AFFILIATES. All rights reserved.

This container image and its contents are governed by the NVIDIA Deep Learning Container License.
By pulling and using the container, you accept the terms and conditions of this license:
https://developer.nvidia.com/ngc/nvidia-deep-learning-container-license

A copy of this license is made available in this container at /NGC-DL-CONTAINER-LICENSE for your convenience.

NCCL version 2.31.2+cuda13.3
DeepEP hybrid kernel selection: unordered
DeepEP hybrid kernel selection: unordered
Initializing EP elastic buffer with 681574400 bytes (cpu: 0) at rank EP 3/32
DeepEP hybrid kernel selection: unordered
Initializing EP elastic buffer with 681574400 bytes (cpu: 0) at rank EP 4/32
Initializing EP elastic buffer with 681574400 bytes (cpu: 0) at rank EP 5/32DeepEP hybrid kernel selection: unordered

Initializing EP elastic buffer with 681574400 bytes (cpu: 0) at rank EP 2/32DeepEP hybrid kernel selection: unordered

Initializing EP elastic buffer with 681574400 bytes (cpu: 0) at rank EP 6/32
DeepEP initialized with NCCL version: 2.31.2 (loaded library)
EP NCCL device communicator has 0 allocated QPs
DeepEP hybrid kernel selection: unordered
GIN layout: gin_context_cnt=11, gin_indexed_signals_cnt=21, num_qp=11
DeepEP initialized with NCCL version: 2.31.2 (loaded library)
EP NCCL device communicator has 0 allocated QPs
DeepEP hybrid kernel selection: unordered
GIN layout: gin_context_cnt=11, gin_indexed_signals_cnt=21, num_qp=11
DeepEP initialized with NCCL version: 2.31.2 (loaded library)
EP NCCL device communicator has 0 allocated QPs
DeepEP hybrid kernel selection: unordered
GIN layout: gin_context_cnt=11, gin_indexed_signals_cnt=21, num_qp=11
DeepEP hybrid kernel selection: unordered
DeepEP initialized with NCCL version: 2.31.2 (loaded library)
EP NCCL device communicator has 0 allocated QPs
DeepEP hybrid kernel selection: unordered
Initializing EP elastic buffer with 681574400 bytes (cpu: 0) at rank EP 7/32GIN layout: gin_context_cnt=11, gin_indexed_signals_cnt=21, num_qp=11

DeepEP hybrid kernel selection: unordered
DeepEP initialized with NCCL version: 2.31.2 (loaded library)
EP NCCL device communicator has 0 allocated QPs
DeepEP hybrid kernel selection: unordered
Initializing EP elastic buffer with 681574400 bytes (cpu: 0) at rank EP 1/32GIN layout: gin_context_cnt=11, gin_indexed_signals_cnt=21, num_qp=11

DeepEP hybrid kernel selection: unordered
Initializing EP elastic buffer with 681574400 bytes (cpu: 0) at rank EP 0/32
DeepEP initialized with NCCL version: 2.31.2 (loaded library)
EP NCCL device communicator has 0 allocated QPs
DeepEP hybrid kernel selection: unordered
GIN layout: gin_context_cnt=11, gin_indexed_signals_cnt=21, num_qp=11
DeepEP initialized with NCCL version: 2.31.2 (loaded library)
EP NCCL device communicator has 0 allocated QPs
DeepEP hybrid kernel selection: unordered
GIN layout: gin_context_cnt=11, gin_indexed_signals_cnt=21, num_qp=11
DeepEP initialized with NCCL version: 2.31.2 (loaded library)
EP NCCL device communicator has 0 allocated QPs
DeepEP hybrid kernel selection: unordered
GIN layout: gin_context_cnt=11, gin_indexed_signals_cnt=21, num_qp=11
Config:
 > Ranks: 4 x 8
 > Experts: 8/256
 > Tokens: 128 (max: 128), hidden: 7168
 > #SM: 12, #QPs: 11/11

Running all test cases:
 > Testing with do_handle_copy=1, expert_alignment=128, use_fp8_dispatch=1, num_bias=0, with_previous_event=0, async_with_compute_stream=0, allocate_on_comm_stream=0 ...
Elastic buffer uses 4 channels per SM
Elastic buffer uses 4 channels per SM
Elastic buffer uses 4 channels per SM
Elastic buffer uses 4 channels per SM
Elastic buffer uses 4 channels per SM
Elastic buffer uses 4 channels per SM
Elastic buffer uses 4 channels per SM
Elastic buffer uses 4 channels per SM
CPU side received count (scaleup: 3): -111 -112 -102 -87 -114 -95 -107 -109 # -129 -129 -129 -129 -129 -129 -129 -257 
CPU side received count (scaleup: 5): -111 -98 -102 -101 -108 -105 -110 -101 # -129 -129 -129 -129 -257 -129 -129 -129 
CPU side received count (scaleup: 7): -103 -110 -98 -104 -89 -113 -83 -83 # -129 -129 -129 -129 -129 -129 -129 -129 
CPU side received count (scaleup: 0): -102 -99 -111 -101 -102 -102 -84 -90 # -129 -129 -129 -129 -129 -129 -129 -129 
CPU side received count (scaleup: 2): -106 -95 -101 -98 -100 -111 -96 -96 # -129 -129 -129 -129 -129 -129 -129 -129 
CPU side received count (scaleup: 6): -108 -97 -104 -110 -95 -96 -94 -108 # -129 -129 -129 -129 -129 -129 -129 -129 
CPU side received count (scaleup: 1): -96 -92 -93 -115 -120 -99 -97 -103 # -129 -129 -129 -129 -129 -129 -129 -129 
CPU side received count (scaleup: 4): -110 -108 -92 -111 -101 -111 -97 -113 # -129 -129 -129 -129 -129 -257 -129 -129 
Elastic buffer uses 4 channels per SM
Elastic buffer uses 4 channels per SM
Elastic buffer uses 4 channels per SM
Elastic buffer uses 4 channels per SM
Elastic buffer uses 4 channels per SM
Elastic buffer uses 4 channels per SM
Elastic buffer uses 4 channels per SM
Elastic buffer uses 4 channels per SM
CPU side received count (scaleup: 0): -102 -99 -111 -101 -102 -102 -84 -90 # -129 -129 -129 -129 -129 -129 -129 -129 
CPU side received count (scaleup: 6): -108 -97 -104 -110 -95 -96 -94 -108 # -129 -129 -129 -129 -129 -129 -129 -129 
CPU side received count (scaleup: 2): -106 -95 -101 -98 -100 -111 -96 -96 # -129 -129 -129 -129 -129 -129 -129 -129 
CPU side received count (scaleup: 1): -96 -92 -93 -115 -120 -99 -97 -103 # -129 -129 -129 -129 -129 -129 -129 -129 
CPU side received count (scaleup: 4): -110 -108 -92 -111 -101 -111 -97 -113 # -129 -129 -129 -129 -129 -257 -129 -129 
CPU side received count (scaleup: 5): -111 -98 -102 -101 -108 -105 -110 -101 # -129 -129 -129 -129 -257 -129 -129 -129 
CPU side received count (scaleup: 7): -103 -110 -98 -104 -89 -113 -83 -83 # -129 -129 -129 -129 -129 -129 -129 -129 
CPU side received count (scaleup: 3): -111 -112 -102 -87 -114 -95 -107 -109 # -129 -129 -129 -129 -129 -129 -129 -257 
Elastic buffer uses 4 channels per SM
Elastic buffer uses 4 channels per SM
Elastic buffer uses 4 channels per SM
Elastic buffer uses 4 channels per SM
Elastic buffer uses 4 channels per SM
Elastic buffer uses 4 channels per SM
Elastic buffer uses 4 channels per SM
Elastic buffer uses 4 channels per SM
Elastic buffer uses 4 channels per SM
Elastic buffer uses 4 channels per SM
Elastic buffer uses 4 channels per SM
Elastic buffer uses 4 channels per SM
Elastic buffer uses 4 channels per SM
Elastic buffer uses 4 channels per SM
Elastic buffer uses 4 channels per SM
Elastic buffer uses 4 channels per SM
Elastic buffer uses 4 channels per SM
Elastic buffer uses 4 channels per SM
Elastic buffer uses 4 channels per SM
Elastic buffer uses 4 channels per SM
Elastic buffer uses 4 channels per SM
Elastic buffer uses 4 channels per SM
Elastic buffer uses 4 channels per SM
Elastic buffer uses 4 channels per SM
CPU side received count (scaleup: 6): -108 -97 -104 -110 -95 -96 -94 -108 # -129 -129 -129 -129 -129 -129 -129 -129 
CPU side received count (scaleup: 2): -106 -95 -101 -98 -100 -111 -96 -96 # -129 -129 -129 -129 -129 -129 -129 -129 
CPU side received count (scaleup: 5): -111 -98 -102 -101 -108 -105 -110 -101 # -129 -129 -129 -129 -257 -129 -129 -129 
CPU side received count (scaleup: 0): -102 -99 -111 -101 -102 -102 -84 -90 # -129 -129 -129 -129 -129 -129 -129 -129 
CPU side received count (scaleup: 4): -110 -108 -92 -111 -101 -111 -97 -113 # -129 -129 -129 -129 -129 -257 -129 -129 
CPU side received count (scaleup: 1): -96 -92 -93 -115 -120 -99 -97 -103 # -129 -129 -129 -129 -129 -129 -129 -129 
CPU side received count (scaleup: 7): -103 -110 -98 -104 -89 -113 -83 -83 # -129 -129 -129 -129 -129 -129 -129 -129 
CPU side received count (scaleup: 3): -111 -112 -102 -87 -114 -95 -107 -109 # -129 -129 -129 -129 -129 -129 -129 -257 
Elastic buffer uses 4 channels per SM
Elastic buffer uses 4 channels per SM
Elastic buffer uses 4 channels per SM
Elastic buffer uses 4 channels per SM
Elastic buffer uses 4 channels per SM
Elastic buffer uses 4 channels per SM
Elastic buffer uses 4 channels per SM
Elastic buffer uses 4 channels per SM
CPU side received count (scaleup: 7): -103 -110 -98 -104 -89 -113 -83 -83 # -129 -129 -129 -129 -129 -129 -129 -129 
CPU side received count (scaleup: 5): -111 -98 -102 -101 -108 -105 -110 -101 # -129 -129 -129 -129 -257 -129 -129 -129 
CPU side received count (scaleup: 1): -96 -92 -93 -115 -120 -99 -97 -103 # -129 -129 -129 -129 -129 -129 -129 -129 
CPU side received count (scaleup: 4): -110 -108 -92 -111 -101 -111 -97 -113 # -129 -129 -129 -129 -129 -257 -129 -129 
CPU side received count (scaleup: 0): -102 -99 -111 -101 -102 -102 -84 -90 # -129 -129 -129 -129 -129 -129 -129 -129 
CPU side received count (scaleup: 2): -106 -95 -101 -98 -100 -111 -96 -96 # -129 -129 -129 -129 -129 -129 -129 -129 
CPU side received count (scaleup: 6): -108 -97 -104 -110 -95 -96 -94 -108 # -129 -129 -129 -129 -129 -129 -129 -129 
CPU side received count (scaleup: 3): -111 -112 -102 -87 -114 -95 -107 -109 # -129 -129 -129 -129 -129 -129 -129 -257 
Elastic buffer uses 4 channels per SM
Elastic buffer uses 4 channels per SM
Elastic buffer uses 4 channels per SM
Elastic buffer uses 4 channels per SM
Elastic buffer uses 4 channels per SM
Elastic buffer uses 4 channels per SM
Elastic buffer uses 4 channels per SM
Elastic buffer uses 4 channels per SM
CPU side received count (scaleup: 4): -110 -108 -92 -111 -101 -111 -97 -113 # -129 -129 -129 -129 -129 -257 -129 -129 
CPU side received count (scaleup: 0): -102 -99 -111 -101 -102 -102 -84 -90 # -129 -129 -129 -129 -129 -129 -129 -129 
CPU side received count (scaleup: 1): -96 -92 -93 -115 -120 -99 -97 -103 # -129 -129 -129 -129 -129 -129 -129 -129 
CPU side received count (scaleup: 2): -106 -95 -101 -98 -100 -111 -96 -96 # -129 -129 -129 -129 -129 -129 -129 -129 
CPU side received count (scaleup: 6): -108 -97 -104 -110 -95 -96 -94 -108 # -129 -129 -129 -129 -129 -129 -129 -129 
CPU side received count (scaleup: 5): -111 -98 -102 -101 -108 -105 -110 -101 # -129 -129 -129 -129 -257 -129 -129 -129 
CPU side received count (scaleup: 7): -103 -110 -98 -104 -89 -113 -83 -83 # -129 -129 -129 -129 -129 -129 -129 -129 
CPU side received count (scaleup: 3): -111 -112 -102 -87 -114 -95 -107 -109 # -129 -129 -129 -129 -129 -129 -129 -257 
Elastic buffer uses 4 channels per SM
Elastic buffer uses 4 channels per SM
Elastic buffer uses 4 channels per SM
Elastic buffer uses 4 channels per SM
Elastic buffer uses 4 channels per SM
Elastic buffer uses 4 channels per SM
Elastic buffer uses 4 channels per SM
Elastic buffer uses 4 channels per SM
CPU side received count (scaleup: 4): -110 -108 -92 -111 -101 -111 -97 -113 # -129 -129 -129 -129 -129 -257 -129 -129 
CPU side received count (scaleup: 6): -108 -97 -104 -110 -95 -96 -94 -108 # -129 -129 -129 -129 -129 -129 -129 -129 
CPU side received count (scaleup: 2): -106 -95 -101 -98 -100 -111 -96 -96 # -129 -129 -129 -129 -129 -129 -129 -129 
CPU side received count (scaleup: 0): -102 -99 -111 -101 -102 -102 -84 -90 # -129 -129 -129 -129 -129 -129 -129 -129 
CPU side received count (scaleup: 5): -111 -98 -102 -101 -108 -105 -110 -101 # -129 -129 -129 -129 -257 -129 -129 -129 
CPU side received count (scaleup: 1): -96 -92 -93 -115 -120 -99 -97 -103 # -129 -129 -129 -129 -129 -129 -129 -129 
CPU side received count (scaleup: 3): -111 -112 -102 -87 -114 -95 -107 -109 # -129 -129 -129 -129 -129 -129 -129 -257 
CPU side received count (scaleup: 7): -103 -110 -98 -104 -89 -113 -83 -83 # -129 -129 -129 -129 -129 -129 -129 -129 
Elastic buffer uses 4 channels per SM
Elastic buffer uses 4 channels per SM
Elastic buffer uses 4 channels per SM
Elastic buffer uses 4 channels per SM
Elastic buffer uses 4 channels per SM
Elastic buffer uses 4 channels per SM
Elastic buffer uses 4 channels per SM
Elastic buffer uses 4 channels per SM
CPU side received count (scaleup: 6): -108 -97 -104 -110 -95 -96 -94 -108 # -129 -129 -129 -129 -129 -129 -129 -129 
CPU side received count (scaleup: 4): -110 -108 -92 -111 -101 -111 -97 -113 # -129 -129 -129 -129 -129 -257 -129 -129 
CPU side received count (scaleup: 5): -111 -98 -102 -101 -108 -105 -110 -101 # -129 -129 -129 -129 -257 -129 -129 -129 
CPU side received count (scaleup: 0): -102 -99 -111 -101 -102 -102 -84 -90 # -129 -129 -129 -129 -129 -129 -129 -129 
CPU side received count (scaleup: 1): -96 -92 -93 -115 -120 -99 -97 -103 # -129 -129 -129 -129 -129 -129 -129 -129 
CPU side received count (scaleup: 2): -106 -95 -101 -98 -100 -111 -96 -96 # -129 -129 -129 -129 -129 -129 -129 -129 
CPU side received count (scaleup: 3): -111 -112 -102 -87 -114 -95 -107 -109 # -129 -129 -129 -129 -129 -129 -129 -257 
CPU side received count (scaleup: 7): -103 -110 -98 -104 -89 -113 -83 -83 # -129 -129 -129 -129 -129 -129 -129 -129 
Elastic buffer uses 4 channels per SM
Elastic buffer uses 4 channels per SM
Elastic buffer uses 4 channels per SM
Elastic buffer uses 4 channels per SM
Elastic buffer uses 4 channels per SM
Elastic buffer uses 4 channels per SM
Elastic buffer uses 4 channels per SM
Elastic buffer uses 4 channels per SM
CPU side received count (scaleup: 6): -108 -97 -104 -110 -95 -96 -94 -108 # -129 -129 -129 -129 -129 -129 -129 -129 
CPU side received count (scaleup: 4): -110 -108 -92 -111 -101 -111 -97 -113 # -129 -129 -129 -129 -129 -257 -129 -129 
CPU side received count (scaleup: 5): -111 -98 -102 -101 -108 -105 -110 -101 # -129 -129 -129 -129 -257 -129 -129 -129 
CPU side received count (scaleup: 2): -106 -95 -101 -98 -100 -111 -96 -96 # -129 -129 -129 -129 -129 -129 -129 -129 
CPU side received count (scaleup: 0): -102 -99 -111 -101 -102 -102 -84 -90 # -129 -129 -129 -129 -129 -129 -129 -129 
CPU side received count (scaleup: 1): -96 -92 -93 -115 -120 -99 -97 -103 # -129 -129 -129 -129 -129 -129 -129 -129 
CPU side received count (scaleup: 7): -103 -110 -98 -104 -89 -113 -83 -83 # -129 -129 -129 -129 -129 -129 -129 -129 
CPU side received count (scaleup: 3): -111 -112 -102 -87 -114 -95 -107 -109 # -129 -129 -129 -129 -129 -129 -129 -257 
Elastic buffer uses 4 channels per SM
Elastic buffer uses 4 channels per SM
Elastic buffer uses 4 channels per SM
Elastic buffer uses 4 channels per SM
Elastic buffer uses 4 channels per SM
Elastic buffer uses 4 channels per SM
Elastic buffer uses 4 channels per SM
Elastic buffer uses 4 channels per SM
CPU side received count (scaleup: 6): -108 -97 -104 -110 -95 -96 -94 -108 # -129 -129 -129 -129 -129 -129 -129 -129 
CPU side received count (scaleup: 5): -111 -98 -102 -101 -108 -105 -110 -101 # -129 -129 -129 -129 -257 -129 -129 -129 
CPU side received count (scaleup: 1): -96 -92 -93 -115 -120 -99 -97 -103 # -129 -129 -129 -129 -129 -129 -129 -129 
CPU side received count (scaleup: 4): -110 -108 -92 -111 -101 -111 -97 -113 # -129 -129 -129 -129 -129 -257 -129 -129 
CPU side received count (scaleup: 2): -106 -95 -101 -98 -100 -111 -96 -96 # -129 -129 -129 -129 -129 -129 -129 -129 
CPU side received count (scaleup: 0): -102 -99 -111 -101 -102 -102 -84 -90 # -129 -129 -129 -129 -129 -129 -129 -129 
CPU side received count (scaleup: 7): -103 -110 -98 -104 -89 -113 -83 -83 # -129 -129 -129 -129 -129 -129 -129 -129 
CPU side received count (scaleup: 3): -111 -112 -102 -87 -114 -95 -107 -109 # -129 -129 -129 -129 -129 -129 -129 -257 
Elastic buffer uses 4 channels per SM
Elastic buffer uses 4 channels per SM
Elastic buffer uses 4 channels per SM
Elastic buffer uses 4 channels per SM
Elastic buffer uses 4 channels per SM
Elastic buffer uses 4 channels per SM
Elastic buffer uses 4 channels per SM
Elastic buffer uses 4 channels per SM
CPU side received count (scaleup: 6): -108 -97 -104 -110 -95 -96 -94 -108 # -129 -129 -129 -129 -129 -129 -129 -129 
CPU side received count (scaleup: 5): -111 -98 -102 -101 -108 -105 -110 -101 # -129 -129 -129 -129 -257 -129 -129 -129 
CPU side received count (scaleup: 0): -102 -99 -111 -101 -102 -102 -84 -90 # -129 -129 -129 -129 -129 -129 -129 -129 
CPU side received count (scaleup: 4): -110 -108 -92 -111 -101 -111 -97 -113 # -129 -129 -129 -129 -129 -257 -129 -129 
CPU side received count (scaleup: 2): -106 -95 -101 -98 -100 -111 -96 -96 # -129 -129 -129 -129 -129 -129 -129 -129 
CPU side received count (scaleup: 1): -96 -92 -93 -115 -120 -99 -97 -103 # -129 -129 -129 -129 -129 -129 -129 -129 
CPU side received count (scaleup: 7): -103 -110 -98 -104 -89 -113 -83 -83 # -129 -129 -129 -129 -129 -129 -129 -129 
CPU side received count (scaleup: 3): -111 -112 -102 -87 -114 -95 -107 -109 # -129 -129 -129 -129 -129 -129 -129 -257 
Elastic buffer uses 4 channels per SM
Elastic buffer uses 4 channels per SM
Elastic buffer uses 4 channels per SM
Elastic buffer uses 4 channels per SM
Elastic buffer uses 4 channels per SM
Elastic buffer uses 4 channels per SM
Elastic buffer uses 4 channels per SM
Elastic buffer uses 4 channels per SM
CPU side received count (scaleup: 0): -102 -99 -111 -101 -102 -102 -84 -90 # -129 -129 -129 -129 -129 -129 -129 -129 
CPU side received count (scaleup: 4): -110 -108 -92 -111 -101 -111 -97 -113 # -129 -129 -129 -129 -129 -257 -129 -129 
CPU side received count (scaleup: 5): -111 -98 -102 -101 -108 -105 -110 -101 # -129 -129 -129 -129 -257 -129 -129 -129 
CPU side received count (scaleup: 2): -106 -95 -101 -98 -100 -111 -96 -96 # -129 -129 -129 -129 -129 -129 -129 -129 
CPU side received count (scaleup: 1): -96 -92 -93 -115 -120 -99 -97 -103 # -129 -129 -129 -129 -129 -129 -129 -129 
CPU side received count (scaleup: 6): -108 -97 -104 -110 -95 -96 -94 -108 # -129 -129 -129 -129 -129 -129 -129 -129 
CPU side received count (scaleup: 3): -111 -112 -102 -87 -114 -95 -107 -109 # -129 -129 -129 -129 -129 -129 -129 -257 
CPU side received count (scaleup: 7): -103 -110 -98 -104 -89 -113 -83 -83 # -129 -129 -129 -129 -129 -129 -129 -129 
Elastic buffer uses 4 channels per SM
Elastic buffer uses 4 channels per SM
Elastic buffer uses 4 channels per SM
Elastic buffer uses 4 channels per SM
Elastic buffer uses 4 channels per SM
Elastic buffer uses 4 channels per SM
Elastic buffer uses 4 channels per SM
Elastic buffer uses 4 channels per SM
CPU side received count (scaleup: 6): -108 -97 -104 -110 -95 -96 -94 -108 # -129 -129 -129 -129 -129 -129 -129 -129 
CPU side received count (scaleup: 4): -110 -108 -92 -111 -101 -111 -97 -113 # -129 -129 -129 -129 -129 -257 -129 -129 
CPU side received count (scaleup: 2): -106 -95 -101 -98 -100 -111 -96 -96 # -129 -129 -129 -129 -129 -129 -129 -129 
CPU side received count (scaleup: 1): -96 -92 -93 -115 -120 -99 -97 -103 # -129 -129 -129 -129 -129 -129 -129 -129 
CPU side received count (scaleup: 5): -111 -98 -102 -101 -108 -105 -110 -101 # -129 -129 -129 -129 -257 -129 -129 -129 
CPU side received count (scaleup: 0): -102 -99 -111 -101 -102 -102 -84 -90 # -129 -129 -129 -129 -129 -129 -129 -129 
CPU side received count (scaleup: 7): -103 -110 -98 -104 -89 -113 -83 -83 # -129 -129 -129 -129 -129 -129 -129 -129 
CPU side received count (scaleup: 3): -111 -112 -102 -87 -114 -95 -107 -109 # -129 -129 -129 -129 -129 -129 -129 -257 
Elastic buffer uses 4 channels per SM
Elastic buffer uses 4 channels per SM
Elastic buffer uses 4 channels per SM
Elastic buffer uses 4 channels per SM
Elastic buffer uses 4 channels per SM
Elastic buffer uses 4 channels per SM
Elastic buffer uses 4 channels per SM
Elastic buffer uses 4 channels per SM
CPU side received count (scaleup: 5): -111 -98 -102 -101 -108 -105 -110 -101 # -129 -129 -129 -129 -257 -129 -129 -129 
CPU side received count (scaleup: 2): -106 -95 -101 -98 -100 -111 -96 -96 # -129 -129 -129 -129 -129 -129 -129 -129 
CPU side received count (scaleup: 4): -110 -108 -92 -111 -101 -111 -97 -113 # -129 -129 -129 -129 -129 -257 -129 -129 
CPU side received count (scaleup: 6): -108 -97 -104 -110 -95 -96 -94 -108 # -129 -129 -129 -129 -129 -129 -129 -129 
CPU side received count (scaleup: 0): -102 -99 -111 -101 -102 -102 -84 -90 # -129 -129 -129 -129 -129 -129 -129 -129 
CPU side received count (scaleup: 1): -96 -92 -93 -115 -120 -99 -97 -103 # -129 -129 -129 -129 -129 -129 -129 -129 
CPU side received count (scaleup: 7): -103 -110 -98 -104 -89 -113 -83 -83 # -129 -129 -129 -129 -129 -129 -129 -129 
CPU side received count (scaleup: 3): -111 -112 -102 -87 -114 -95 -107 -109 # -129 -129 -129 -129 -129 -129 -129 -257 
Elastic buffer uses 4 channels per SM
Elastic buffer uses 4 channels per SM
Elastic buffer uses 4 channels per SM
Elastic buffer uses 4 channels per SM
Elastic buffer uses 4 channels per SM
Elastic buffer uses 4 channels per SM
Elastic buffer uses 4 channels per SM
Elastic buffer uses 4 channels per SM
CPU side received count (scaleup: 4): -110 -108 -92 -111 -101 -111 -97 -113 # -129 -129 -129 -129 -129 -257 -129 -129 
CPU side received count (scaleup: 5): -111 -98 -102 -101 -108 -105 -110 -101 # -129 -129 -129 -129 -257 -129 -129 -129 
CPU side received count (scaleup: 0): -102 -99 -111 -101 -102 -102 -84 -90 # -129 -129 -129 -129 -129 -129 -129 -129 
CPU side received count (scaleup: 1): -96 -92 -93 -115 -120 -99 -97 -103 # -129 -129 -129 -129 -129 -129 -129 -129 
CPU side received count (scaleup: 6): -108 -97 -104 -110 -95 -96 -94 -108 # -129 -129 -129 -129 -129 -129 -129 -129 
CPU side received count (scaleup: 2): -106 -95 -101 -98 -100 -111 -96 -96 # -129 -129 -129 -129 -129 -129 -129 -129 
CPU side received count (scaleup: 7): -103 -110 -98 -104 -89 -113 -83 -83 # -129 -129 -129 -129 -129 -129 -129 -129 
CPU side received count (scaleup: 3): -111 -112 -102 -87 -114 -95 -107 -109 # -129 -129 -129 -129 -129 -129 -129 -257 
Elastic buffer uses 4 channels per SM
Elastic buffer uses 4 channels per SM
Elastic buffer uses 4 channels per SM
Elastic buffer uses 4 channels per SM
Elastic buffer uses 4 channels per SM
Elastic buffer uses 4 channels per SM
Elastic buffer uses 4 channels per SM
Elastic buffer uses 4 channels per SM
CPU side received count (scaleup: 6): -108 -97 -104 -110 -95 -96 -94 -108 # -129 -129 -129 -129 -129 -129 -129 -129 
CPU side received count (scaleup: 5): -111 -98 -102 -101 -108 -105 -110 -101 # -129 -129 -129 -129 -257 -129 -129 -129 
CPU side received count (scaleup: 4): -110 -108 -92 -111 -101 -111 -97 -113 # -129 -129 -129 -129 -129 -257 -129 -129 
CPU side received count (scaleup: 1): -96 -92 -93 -115 -120 -99 -97 -103 # -129 -129 -129 -129 -129 -129 -129 -129 
CPU side received count (scaleup: 2): -106 -95 -101 -98 -100 -111 -96 -96 # -129 -129 -129 -129 -129 -129 -129 -129 
CPU side received count (scaleup: 0): -102 -99 -111 -101 -102 -102 -84 -90 # -129 -129 -129 -129 -129 -129 -129 -129 
CPU side received count (scaleup: 3): -111 -112 -102 -87 -114 -95 -107 -109 # -129 -129 -129 -129 -129 -129 -129 -257 
CPU side received count (scaleup: 7): -103 -110 -98 -104 -89 -113 -83 -83 # -129 -129 -129 -129 -129 -129 -129 -129 
Elastic buffer uses 4 channels per SM
Elastic buffer uses 4 channels per SM
Elastic buffer uses 4 channels per SM
Elastic buffer uses 4 channels per SM
Elastic buffer uses 4 channels per SM
Elastic buffer uses 4 channels per SM
Elastic buffer uses 4 channels per SM
Elastic buffer uses 4 channels per SM
CPU side received count (scaleup: 2): -106 -95 -101 -98 -100 -111 -96 -96 # -129 -129 -129 -129 -129 -129 -129 -129 
CPU side received count (scaleup: 0): -102 -99 -111 -101 -102 -102 -84 -90 # -129 -129 -129 -129 -129 -129 -129 -129 
CPU side received count (scaleup: 5): -111 -98 -102 -101 -108 -105 -110 -101 # -129 -129 -129 -129 -257 -129 -129 -129 
CPU side received count (scaleup: 1): -96 -92 -93 -115 -120 -99 -97 -103 # -129 -129 -129 -129 -129 -129 -129 -129 
CPU side received count (scaleup: 6): -108 -97 -104 -110 -95 -96 -94 -108 # -129 -129 -129 -129 -129 -129 -129 -129 
CPU side received count (scaleup: 4): -110 -108 -92 -111 -101 -111 -97 -113 # -129 -129 -129 -129 -129 -257 -129 -129 
CPU side received count (scaleup: 3): -111 -112 -102 -87 -114 -95 -107 -109 # -129 -129 -129 -129 -129 -129 -129 -257 
CPU side received count (scaleup: 7): -103 -110 -98 -104 -89 -113 -83 -83 # -129 -129 -129 -129 -129 -129 -129 -129 
Elastic buffer uses 4 channels per SM
Elastic buffer uses 4 channels per SM
Elastic buffer uses 4 channels per SM
Elastic buffer uses 4 channels per SM
Elastic buffer uses 4 channels per SM
Elastic buffer uses 4 channels per SM
Elastic buffer uses 4 channels per SM
Elastic buffer uses 4 channels per SM
CPU side received count (scaleup: 6): -108 -97 -104 -110 -95 -96 -94 -108 # -129 -129 -129 -129 -129 -129 -129 -129 
CPU side received count (scaleup: 5): -111 -98 -102 -101 -108 -105 -110 -101 # -129 -129 -129 -129 -257 -129 -129 -129 
CPU side received count (scaleup: 4): -110 -108 -92 -111 -101 -111 -97 -113 # -129 -129 -129 -129 -129 -257 -129 -129 
CPU side received count (scaleup: 2): -106 -95 -101 -98 -100 -111 -96 -96 # -129 -129 -129 -129 -129 -129 -129 -129 
CPU side received count (scaleup: 1): -96 -92 -93 -115 -120 -99 -97 -103 # -129 -129 -129 -129 -129 -129 -129 -129 
CPU side received count (scaleup: 0): -102 -99 -111 -101 -102 -102 -84 -90 # -129 -129 -129 -129 -129 -129 -129 -129 
CPU side received count (scaleup: 7): -103 -110 -98 -104 -89 -113 -83 -83 # -129 -129 -129 -129 -129 -129 -129 -129 
CPU side received count (scaleup: 3): -111 -112 -102 -87 -114 -95 -107 -109 # -129 -129 -129 -129 -129 -129 -129 -257 
Elastic buffer uses 4 channels per SM
Elastic buffer uses 4 channels per SM
Elastic buffer uses 4 channels per SM
Elastic buffer uses 4 channels per SM
Elastic buffer uses 4 channels per SM
Elastic buffer uses 4 channels per SM
Elastic buffer uses 4 channels per SM
Elastic buffer uses 4 channels per SM
CPU side received count (scaleup: 6): -108 -97 -104 -110 -95 -96 -94 -108 # -129 -129 -129 -129 -129 -129 -129 -129 
CPU side received count (scaleup: 5): -111 -98 -102 -101 -108 -105 -110 -101 # -129 -129 -129 -129 -257 -129 -129 -129 
CPU side received count (scaleup: 4): -110 -108 -92 -111 -101 -111 -97 -113 # -129 -129 -129 -129 -129 -257 -129 -129 
CPU side received count (scaleup: 2): -106 -95 -101 -98 -100 -111 -96 -96 # -129 -129 -129 -129 -129 -129 -129 -129 
CPU side received count (scaleup: 0): -102 -99 -111 -101 -102 -102 -84 -90 # -129 -129 -129 -129 -129 -129 -129 -129 
CPU side received count (scaleup: 1): -96 -92 -93 -115 -120 -99 -97 -103 # -129 -129 -129 -129 -129 -129 -129 -129 
CPU side received count (scaleup: 7): -103 -110 -98 -104 -89 -113 -83 -83 # -129 -129 -129 -129 -129 -129 -129 -129 
CPU side received count (scaleup: 3): -111 -112 -102 -87 -114 -95 -107 -109 # -129 -129 -129 -129 -129 -129 -129 -257 
Elastic buffer uses 4 channels per SM
Elastic buffer uses 4 channels per SM
Elastic buffer uses 4 channels per SM
Elastic buffer uses 4 channels per SM
Elastic buffer uses 4 channels per SM
Elastic buffer uses 4 channels per SM
Elastic buffer uses 4 channels per SM
Elastic buffer uses 4 channels per SM
CPU side received count (scaleup: 6): -108 -97 -104 -110 -95 -96 -94 -108 # -129 -129 -129 -129 -129 -129 -129 -129 
CPU side received count (scaleup: 1): -96 -92 -93 -115 -120 -99 -97 -103 # -129 -129 -129 -129 -129 -129 -129 -129 
CPU side received count (scaleup: 4): -110 -108 -92 -111 -101 -111 -97 -113 # -129 -129 -129 -129 -129 -257 -129 -129 
CPU side received count (scaleup: 5): -111 -98 -102 -101 -108 -105 -110 -101 # -129 -129 -129 -129 -257 -129 -129 -129 
CPU side received count (scaleup: 2): -106 -95 -101 -98 -100 -111 -96 -96 # -129 -129 -129 -129 -129 -129 -129 -129 
CPU side received count (scaleup: 0): -102 -99 -111 -101 -102 -102 -84 -90 # -129 -129 -129 -129 -129 -129 -129 -129 
CPU side received count (scaleup: 7): -103 -110 -98 -104 -89 -113 -83 -83 # -129 -129 -129 -129 -129 -129 -129 -129 
CPU side received count (scaleup: 3): -111 -112 -102 -87 -114 -95 -107 -109 # -129 -129 -129 -129 -129 -129 -129 -257 
Elastic buffer uses 4 channels per SM
Elastic buffer uses 4 channels per SM
Elastic buffer uses 4 channels per SM
Elastic buffer uses 4 channels per SM
Elastic buffer uses 4 channels per SM
Elastic buffer uses 4 channels per SM
Elastic buffer uses 4 channels per SM
Elastic buffer uses 4 channels per SM
CPU side received count (scaleup: 1): -96 -92 -93 -115 -120 -99 -97 -103 # -129 -129 -129 -129 -129 -129 -129 -129 
CPU side received count (scaleup: 2): -106 -95 -101 -98 -100 -111 -96 -96 # -129 -129 -129 -129 -129 -129 -129 -129 
CPU side received count (scaleup: 4): -110 -108 -92 -111 -101 -111 -97 -113 # -129 -129 -129 -129 -129 -257 -129 -129 
CPU side received count (scaleup: 0): -102 -99 -111 -101 -102 -102 -84 -90 # -129 -129 -129 -129 -129 -129 -129 -129 
CPU side received count (scaleup: 6): -108 -97 -104 -110 -95 -96 -94 -108 # -129 -129 -129 -129 -129 -129 -129 -129 
CPU side received count (scaleup: 5): -111 -98 -102 -101 -108 -105 -110 -101 # -129 -129 -129 -129 -257 -129 -129 -129 
CPU side received count (scaleup: 7): -103 -110 -98 -104 -89 -113 -83 -83 # -129 -129 -129 -129 -129 -129 -129 -129 
CPU side received count (scaleup: 3): -111 -112 -102 -87 -114 -95 -107 -109 # -129 -129 -129 -129 -129 -129 -129 -257 
Elastic buffer uses 4 channels per SM
Elastic buffer uses 4 channels per SM
Elastic buffer uses 4 channels per SM
Elastic buffer uses 4 channels per SM
Elastic buffer uses 4 channels per SM
Elastic buffer uses 4 channels per SM
Elastic buffer uses 4 channels per SM
Elastic buffer uses 4 channels per SM
CPU side received count (scaleup: 1): -96 -92 -93 -115 -120 -99 -97 -103 # -129 -129 -129 -129 -129 -129 -129 -129 
CPU side received count (scaleup: 2): -106 -95 -101 -98 -100 -111 -96 -96 # -129 -129 -129 -129 -129 -129 -129 -129 
CPU side received count (scaleup: 0): -102 -99 -111 -101 -102 -102 -84 -90 # -129 -129 -129 -129 -129 -129 -129 -129 
CPU side received count (scaleup: 6): -108 -97 -104 -110 -95 -96 -94 -108 # -129 -129 -129 -129 -129 -129 -129 -129 
CPU side received count (scaleup: 4): -110 -108 -92 -111 -101 -111 -97 -113 # -129 -129 -129 -129 -129 -257 -129 -129 
CPU side received count (scaleup: 5): -111 -98 -102 -101 -108 -105 -110 -101 # -129 -129 -129 -129 -257 -129 -129 -129 
CPU side received count (scaleup: 7): -103 -110 -98 -104 -89 -113 -83 -83 # -129 -129 -129 -129 -129 -129 -129 -129 
CPU side received count (scaleup: 3): -111 -112 -102 -87 -114 -95 -107 -109 # -129 -129 -129 -129 -129 -129 -129 -257 
Elastic buffer uses 4 channels per SM
Elastic buffer uses 4 channels per SM
Elastic buffer uses 4 channels per SM
Elastic buffer uses 4 channels per SM
Elastic buffer uses 4 channels per SM
Elastic buffer uses 4 channels per SM
Elastic buffer uses 4 channels per SM
Elastic buffer uses 4 channels per SM
CPU side received count (scaleup: 6): -108 -97 -104 -110 -95 -96 -94 -108 # -129 -129 -129 -129 -129 -129 -129 -129 
CPU side received count (scaleup: 5): -111 -98 -102 -101 -108 -105 -110 -101 # -129 -129 -129 -129 -257 -129 -129 -129 
CPU side received count (scaleup: 4): -110 -108 -92 -111 -101 -111 -97 -113 # -129 -129 -129 -129 -129 -257 -129 -129 
CPU side received count (scaleup: 0): -102 -99 -111 -101 -102 -102 -84 -90 # -129 -129 -129 -129 -129 -129 -129 -129 
CPU side received count (scaleup: 1): -96 -92 -93 -115 -120 -99 -97 -103 # -129 -129 -129 -129 -129 -129 -129 -129 
CPU side received count (scaleup: 2): -106 -95 -101 -98 -100 -111 -96 -96 # -129 -129 -129 -129 -129 -129 -129 -129 
CPU side received count (scaleup: 7): -103 -110 -98 -104 -89 -113 -83 -83 # -129 -129 -129 -129 -129 -129 -129 -129 
CPU side received count (scaleup: 3): -111 -112 -102 -87 -114 -95 -107 -109 # -129 -129 -129 -129 -129 -129 -129 -257 
Elastic buffer uses 4 channels per SM
Elastic buffer uses 4 channels per SM
Elastic buffer uses 4 channels per SM
Elastic buffer uses 4 channels per SM
Elastic buffer uses 4 channels per SM
Elastic buffer uses 4 channels per SM
Elastic buffer uses 4 channels per SM
Elastic buffer uses 4 channels per SM
CPU side received count (scaleup: 6): -108 -97 -104 -110 -95 -96 -94 -108 # -129 -129 -129 -129 -129 -129 -129 -129 
CPU side received count (scaleup: 4): -110 -108 -92 -111 -101 -111 -97 -113 # -129 -129 -129 -129 -129 -257 -129 -129 
CPU side received count (scaleup: 5): -111 -98 -102 -101 -108 -105 -110 -101 # -129 -129 -129 -129 -257 -129 -129 -129 
CPU side received count (scaleup: 0): -102 -99 -111 -101 -102 -102 -84 -90 # -129 -129 -129 -129 -129 -129 -129 -129 
CPU side received count (scaleup: 1): -96 -92 -93 -115 -120 -99 -97 -103 # -129 -129 -129 -129 -129 -129 -129 -129 
CPU side received count (scaleup: 2): -106 -95 -101 -98 -100 -111 -96 -96 # -129 -129 -129 -129 -129 -129 -129 -129 
CPU side received count (scaleup: 7): -103 -110 -98 -104 -89 -113 -83 -83 # -129 -129 -129 -129 -129 -129 -129 -129 
CPU side received count (scaleup: 3): -111 -112 -102 -87 -114 -95 -107 -109 # -129 -129 -129 -129 -129 -129 -129 -257 
Elastic buffer uses 4 channels per SM
Elastic buffer uses 4 channels per SM
Elastic buffer uses 4 channels per SM
Elastic buffer uses 4 channels per SM
Elastic buffer uses 4 channels per SM
Elastic buffer uses 4 channels per SM
Elastic buffer uses 4 channels per SM
Elastic buffer uses 4 channels per SM
CPU side received count (scaleup: 0): -102 -99 -111 -101 -102 -102 -84 -90 # -129 -129 -129 -129 -129 -129 -129 -129 
CPU side received count (scaleup: 2): -106 -95 -101 -98 -100 -111 -96 -96 # -129 -129 -129 -129 -129 -129 -129 -129 
CPU side received count (scaleup: 1): -96 -92 -93 -115 -120 -99 -97 -103 # -129 -129 -129 -129 -129 -129 -129 -129 
CPU side received count (scaleup: 4): -110 -108 -92 -111 -101 -111 -97 -113 # -129 -129 -129 -129 -129 -257 -129 -129 
CPU side received count (scaleup: 6): -108 -97 -104 -110 -95 -96 -94 -108 # -129 -129 -129 -129 -129 -129 -129 -129 
CPU side received count (scaleup: 5): -111 -98 -102 -101 -108 -105 -110 -101 # -129 -129 -129 -129 -257 -129 -129 -129 
CPU side received count (scaleup: 7): -103 -110 -98 -104 -89 -113 -83 -83 # -129 -129 -129 -129 -129 -129 -129 -129 
CPU side received count (scaleup: 3): -111 -112 -102 -87 -114 -95 -107 -109 # -129 -129 -129 -129 -129 -129 -129 -257 
Elastic buffer uses 4 channels per SM
Elastic buffer uses 4 channels per SM
Elastic buffer uses 4 channels per SM
Elastic buffer uses 4 channels per SM
Elastic buffer uses 4 channels per SM
Elastic buffer uses 4 channels per SM
Elastic buffer uses 4 channels per SM
Elastic buffer uses 4 channels per SM
CPU side received count (scaleup: 1): -96 -92 -93 -115 -120 -99 -97 -103 # -129 -129 -129 -129 -129 -129 -129 -129 
CPU side received count (scaleup: 2): -106 -95 -101 -98 -100 -111 -96 -96 # -129 -129 -129 -129 -129 -129 -129 -129 
CPU side received count (scaleup: 6): -108 -97 -104 -110 -95 -96 -94 -108 # -129 -129 -129 -129 -129 -129 -129 -129 
CPU side received count (scaleup: 0): -102 -99 -111 -101 -102 -102 -84 -90 # -129 -129 -129 -129 -129 -129 -129 -129 
CPU side received count (scaleup: 4): -110 -108 -92 -111 -101 -111 -97 -113 # -129 -129 -129 -129 -129 -257 -129 -129 
CPU side received count (scaleup: 5): -111 -98 -102 -101 -108 -105 -110 -101 # -129 -129 -129 -129 -257 -129 -129 -129 
CPU side received count (scaleup: 7): -103 -110 -98 -104 -89 -113 -83 -83 # -129 -129 -129 -129 -129 -129 -129 -129 
CPU side received count (scaleup: 3): -111 -112 -102 -87 -114 -95 -107 -109 # -129 -129 -129 -129 -129 -129 -129 -257 
Elastic buffer uses 4 channels per SM
Elastic buffer uses 4 channels per SM
Elastic buffer uses 4 channels per SM
Elastic buffer uses 4 channels per SM
Elastic buffer uses 4 channels per SM
Elastic buffer uses 4 channels per SM
Elastic buffer uses 4 channels per SM
Elastic buffer uses 4 channels per SM
CPU side received count (scaleup: 0): -102 -99 -111 -101 -102 -102 -84 -90 # -129 -129 -129 -129 -129 -129 -129 -129 
CPU side received count (scaleup: 6): -108 -97 -104 -110 -95 -96 -94 -108 # -129 -129 -129 -129 -129 -129 -129 -129 
CPU side received count (scaleup: 2): -106 -95 -101 -98 -100 -111 -96 -96 # -129 -129 -129 -129 -129 -129 -129 -129 
CPU side received count (scaleup: 1): -96 -92 -93 -115 -120 -99 -97 -103 # -129 -129 -129 -129 -129 -129 -129 -129 
CPU side received count (scaleup: 4): -110 -108 -92 -111 -101 -111 -97 -113 # -129 -129 -129 -129 -129 -257 -129 -129 
CPU side received count (scaleup: 5): -111 -98 -102 -101 -108 -105 -110 -101 # -129 -129 -129 -129 -257 -129 -129 -129 
CPU side received count (scaleup: 7): -103 -110 -98 -104 -89 -113 -83 -83 # -129 -129 -129 -129 -129 -129 -129 -129 
CPU side received count (scaleup: 3): -111 -112 -102 -87 -114 -95 -107 -109 # -129 -129 -129 -129 -129 -129 -129 -257 
Elastic buffer uses 4 channels per SM
Elastic buffer uses 4 channels per SM
Elastic buffer uses 4 channels per SM
Elastic buffer uses 4 channels per SM
Elastic buffer uses 4 channels per SM
Elastic buffer uses 4 channels per SM
Elastic buffer uses 4 channels per SM
Elastic buffer uses 4 channels per SM
CPU side received count (scaleup: 6): -108 -97 -104 -110 -95 -96 -94 -108 # -129 -129 -129 -129 -129 -129 -129 -129 
CPU side received count (scaleup: 5): -111 -98 -102 -101 -108 -105 -110 -101 # -129 -129 -129 -129 -257 -129 -129 -129 
CPU side received count (scaleup: 4): -110 -108 -92 -111 -101 -111 -97 -113 # -129 -129 -129 -129 -129 -257 -129 -129 
CPU side received count (scaleup: 2): -106 -95 -101 -98 -100 -111 -96 -96 # -129 -129 -129 -129 -129 -129 -129 -129 
CPU side received count (scaleup: 1): -96 -92 -93 -115 -120 -99 -97 -103 # -129 -129 -129 -129 -129 -129 -129 -129 
CPU side received count (scaleup: 0): -102 -99 -111 -101 -102 -102 -84 -90 # -129 -129 -129 -129 -129 -129 -129 -129 
CPU side received count (scaleup: 7): -103 -110 -98 -104 -89 -113 -83 -83 # -129 -129 -129 -129 -129 -129 -129 -129 
CPU side received count (scaleup: 3): -111 -112 -102 -87 -114 -95 -107 -109 # -129 -129 -129 -129 -129 -129 -129 -257 
Elastic buffer uses 4 channels per SM
Elastic buffer uses 4 channels per SM
Elastic buffer uses 4 channels per SM
Elastic buffer uses 4 channels per SM
Elastic buffer uses 4 channels per SM
Elastic buffer uses 4 channels per SM
Elastic buffer uses 4 channels per SM
Elastic buffer uses 4 channels per SM
CPU side received count (scaleup: 4): -110 -108 -92 -111 -101 -111 -97 -113 # -129 -129 -129 -129 -129 -257 -129 -129 
CPU side received count (scaleup: 5): -111 -98 -102 -101 -108 -105 -110 -101 # -129 -129 -129 -129 -257 -129 -129 -129 
CPU side received count (scaleup: 2): -106 -95 -101 -98 -100 -111 -96 -96 # -129 -129 -129 -129 -129 -129 -129 -129 
CPU side received count (scaleup: 7): -103 -110 -98 -104 -89 -113 -83 -83 # -129 -129 -129 -129 -129 -129 -129 -129 
CPU side received count (scaleup: 6): -108 -97 -104 -110 -95 -96 -94 -108 # -129 -129 -129 -129 -129 -129 -129 -129 
CPU side received count (scaleup: 1): -96 -92 -93 -115 -120 -99 -97 -103 # -129 -129 -129 -129 -129 -129 -129 -129 
CPU side received count (scaleup: 0): -102 -99 -111 -101 -102 -102 -84 -90 # -129 -129 -129 -129 -129 -129 -129 -129 
CPU side received count (scaleup: 3): -111 -112 -102 -87 -114 -95 -107 -109 # -129 -129 -129 -129 -129 -129 -129 -257 
Elastic buffer uses 4 channels per SM
Elastic buffer uses 4 channels per SM
Elastic buffer uses 4 channels per SM
Elastic buffer uses 4 channels per SM
Elastic buffer uses 4 channels per SM
Elastic buffer uses 4 channels per SM
Elastic buffer uses 4 channels per SM
Elastic buffer uses 4 channels per SM
CPU side received count (scaleup: 6): -108 -97 -104 -110 -95 -96 -94 -108 # -129 -129 -129 -129 -129 -129 -129 -129 
CPU side received count (scaleup: 5): -111 -98 -102 -101 -108 -105 -110 -101 # -129 -129 -129 -129 -257 -129 -129 -129 
CPU side received count (scaleup: 2): -106 -95 -101 -98 -100 -111 -96 -96 # -129 -129 -129 -129 -129 -129 -129 -129 
CPU side received count (scaleup: 0): -102 -99 -111 -101 -102 -102 -84 -90 # -129 -129 -129 -129 -129 -129 -129 -129 
CPU side received count (scaleup: 7): -103 -110 -98 -104 -89 -113 -83 -83 # -129 -129 -129 -129 -129 -129 -129 -129 
CPU side received count (scaleup: 4): -110 -108 -92 -111 -101 -111 -97 -113 # -129 -129 -129 -129 -129 -257 -129 -129 
CPU side received count (scaleup: 1): -96 -92 -93 -115 -120 -99 -97 -103 # -129 -129 -129 -129 -129 -129 -129 -129 
CPU side received count (scaleup: 3): -111 -112 -102 -87 -114 -95 -107 -109 # -129 -129 -129 -129 -129 -129 -129 -257 
Elastic buffer uses 4 channels per SM
Elastic buffer uses 4 channels per SM
Elastic buffer uses 4 channels per SM
Elastic buffer uses 4 channels per SM
Elastic buffer uses 4 channels per SM
Elastic buffer uses 4 channels per SM
Elastic buffer uses 4 channels per SM
Elastic buffer uses 4 channels per SM
CPU side received count (scaleup: 5): -111 -98 -102 -101 -108 -105 -110 -101 # -129 -129 -129 -129 -257 -129 -129 -129 
CPU side received count (scaleup: 4): -110 -108 -92 -111 -101 -111 -97 -113 # -129 -129 -129 -129 -129 -257 -129 -129 
CPU side received count (scaleup: 6): -108 -97 -104 -110 -95 -96 -94 -108 # -129 -129 -129 -129 -129 -129 -129 -129 
CPU side received count (scaleup: 0): -102 -99 -111 -101 -102 -102 -84 -90 # -129 -129 -129 -129 -129 -129 -129 -129 
CPU side received count (scaleup: 1): -96 -92 -93 -115 -120 -99 -97 -103 # -129 -129 -129 -129 -129 -129 -129 -129 
CPU side received count (scaleup: 2): -106 -95 -101 -98 -100 -111 -96 -96 # -129 -129 -129 -129 -129 -129 -129 -129 
CPU side received count (scaleup: 7): -103 -110 -98 -104 -89 -113 -83 -83 # -129 -129 -129 -129 -129 -129 -129 -129 
CPU side received count (scaleup: 3): -111 -112 -102 -87 -114 -95 -107 -109 # -129 -129 -129 -129 -129 -129 -129 -257 
Elastic buffer uses 4 channels per SM
Elastic buffer uses 4 channels per SM
Elastic buffer uses 4 channels per SM
Elastic buffer uses 4 channels per SM
Elastic buffer uses 4 channels per SM
Elastic buffer uses 4 channels per SM
Elastic buffer uses 4 channels per SM
Elastic buffer uses 4 channels per SM
CPU side received count (scaleup: 4): -110 -108 -92 -111 -101 -111 -97 -113 # -129 -129 -129 -129 -129 -257 -129 -129 
CPU side received count (scaleup: 5): -111 -98 -102 -101 -108 -105 -110 -101 # -129 -129 -129 -129 -257 -129 -129 -129 
CPU side received count (scaleup: 7): -103 -110 -98 -104 -89 -113 -83 -83 # -129 -129 -129 -129 -129 -129 -129 -129 
CPU side received count (scaleup: 6): -108 -97 -104 -110 -95 -96 -94 -108 # -129 -129 -129 -129 -129 -129 -129 -129 
CPU side received count (scaleup: 0): -102 -99 -111 -101 -102 -102 -84 -90 # -129 -129 -129 -129 -129 -129 -129 -129 
CPU side received count (scaleup: 2): -106 -95 -101 -98 -100 -111 -96 -96 # -129 -129 -129 -129 -129 -129 -129 -129 
CPU side received count (scaleup: 3): -111 -112 -102 -87 -114 -95 -107 -109 # -129 -129 -129 -129 -129 -129 -129 -257 
CPU side received count (scaleup: 1): -96 -92 -93 -115 -120 -99 -97 -103 # -129 -129 -129 -129 -129 -129 -129 -129 
Elastic buffer uses 4 channels per SM
Elastic buffer uses 4 channels per SM
Elastic buffer uses 4 channels per SM
Elastic buffer uses 4 channels per SM
Elastic buffer uses 4 channels per SM
Elastic buffer uses 4 channels per SM
Elastic buffer uses 4 channels per SM
Elastic buffer uses 4 channels per SM
CPU side received count (scaleup: 5): -111 -98 -102 -101 -108 -105 -110 -101 # -129 -129 -129 -129 -257 -129 -129 -129 
CPU side received count (scaleup: 6): -108 -97 -104 -110 -95 -96 -94 -108 # -129 -129 -129 -129 -129 -129 -129 -129 
CPU side received count (scaleup: 0): -102 -99 -111 -101 -102 -102 -84 -90 # -129 -129 -129 -129 -129 -129 -129 -129 
CPU side received count (scaleup: 1): -96 -92 -93 -115 -120 -99 -97 -103 # -129 -129 -129 -129 -129 -129 -129 -129 
CPU side received count (scaleup: 7): -103 -110 -98 -104 -89 -113 -83 -83 # -129 -129 -129 -129 -129 -129 -129 -129 
CPU side received count (scaleup: 4): -110 -108 -92 -111 -101 -111 -97 -113 # -129 -129 -129 -129 -129 -257 -129 -129 
CPU side received count (scaleup: 2): -106 -95 -101 -98 -100 -111 -96 -96 # -129 -129 -129 -129 -129 -129 -129 -129 
CPU side received count (scaleup: 3): -111 -112 -102 -87 -114 -95 -107 -109 # -129 -129 -129 -129 -129 -129 -129 -257 
Elastic buffer uses 4 channels per SM
Elastic buffer uses 4 channels per SM
Elastic buffer uses 4 channels per SM
Elastic buffer uses 4 channels per SM
Elastic buffer uses 4 channels per SM
Elastic buffer uses 4 channels per SM
Elastic buffer uses 4 channels per SM
Elastic buffer uses 4 channels per SM
CPU side received count (scaleup: 4): -110 -108 -92 -111 -101 -111 -97 -113 # -129 -129 -129 -129 -129 -257 -129 -129 
CPU side received count (scaleup: 5): -111 -98 -102 -101 -108 -105 -110 -101 # -129 -129 -129 -129 -257 -129 -129 -129 
CPU side received count (scaleup: 6): -108 -97 -104 -110 -95 -96 -94 -108 # -129 -129 -129 -129 -129 -129 -129 -129 
CPU side received count (scaleup: 1): -96 -92 -93 -115 -120 -99 -97 -103 # -129 -129 -129 -129 -129 -129 -129 -129 
CPU side received count (scaleup: 2): -106 -95 -101 -98 -100 -111 -96 -96 # -129 -129 -129 -129 -129 -129 -129 -129 
CPU side received count (scaleup: 0): -102 -99 -111 -101 -102 -102 -84 -90 # -129 -129 -129 -129 -129 -129 -129 -129 
CPU side received count (scaleup: 7): -103 -110 -98 -104 -89 -113 -83 -83 # -129 -129 -129 -129 -129 -129 -129 -129 
CPU side received count (scaleup: 3): -111 -112 -102 -87 -114 -95 -107 -109 # -129 -129 -129 -129 -129 -129 -129 -257 
Elastic buffer uses 4 channels per SM
Elastic buffer uses 4 channels per SM
Elastic buffer uses 4 channels per SM
Elastic buffer uses 4 channels per SM
Elastic buffer uses 4 channels per SM
Elastic buffer uses 4 channels per SM
Elastic buffer uses 4 channels per SM
Elastic buffer uses 4 channels per SM
USDT:2026-08-25 02:44:37 439:439 SyncActivityProfilerHandler.cpp:52] profiler_startUSDT:2026-08-25 02:44:37 437:437 SyncActivityProfilerHandler.cpp:52] profiler_startUSDT:2026-08-25 02:44:37 435:435 SyncActivityProfilerHandler.cpp:52] profiler_startUSDT:2026-08-25 02:44:37 434:434 SyncActivityProfilerHandler.cpp:52] profiler_startUSDT:2026-08-25 02:44:37 438:438 SyncActivityProfilerHandler.cpp:52] profiler_startUSDT:2026-08-25 02:44:37 433:433 SyncActivityProfilerHandler.cpp:52] profiler_start




USDT:2026-08-25 02:44:37 440:440 SyncActivityProfilerHandler.cpp:52] profiler_startUSDT:2026-08-25 02:44:37 436:436 SyncActivityProfilerHandler.cpp:52] profiler_start


CPU side received count (scaleup: 4): -110 -108 -92 -111 -101 -111 -97 -113 # -129 -129 -129 -129 -129 -257 -129 -129 
CPU side received count (scaleup: 5): -111 -98 -102 -101 -108 -105 -110 -101 # -129 -129 -129 -129 -257 -129 -129 -129 
CPU side received count (scaleup: 2): -106 -95 -101 -98 -100 -111 -96 -96 # -129 -129 -129 -129 -129 -129 -129 -129 
CPU side received count (scaleup: 0): -102 -99 -111 -101 -102 -102 -84 -90 # -129 -129 -129 -129 -129 -129 -129 -129 
CPU side received count (scaleup: 6): -108 -97 -104 -110 -95 -96 -94 -108 # -129 -129 -129 -129 -129 -129 -129 -129 
CPU side received count (scaleup: 1): -96 -92 -93 -115 -120 -99 -97 -103 # -129 -129 -129 -129 -129 -129 -129 -129 
CPU side received count (scaleup: 7): -103 -110 -98 -104 -89 -113 -83 -83 # -129 -129 -129 -129 -129 -129 -129 -129 
CPU side received count (scaleup: 3): -111 -112 -102 -87 -114 -95 -107 -109 # -129 -129 -129 -129 -129 -129 -129 -257 
Elastic buffer uses 4 channels per SM
Elastic buffer uses 4 channels per SM
Elastic buffer uses 4 channels per SM
Elastic buffer uses 4 channels per SM
Elastic buffer uses 4 channels per SM
Elastic buffer uses 4 channels per SM
Elastic buffer uses 4 channels per SM
Elastic buffer uses 4 channels per SM
CPU side received count (scaleup: 4): -110 -108 -92 -111 -101 -111 -97 -113 # -129 -129 -129 -129 -129 -257 -129 -129 
CPU side received count (scaleup: 5): -111 -98 -102 -101 -108 -105 -110 -101 # -129 -129 -129 -129 -257 -129 -129 -129 
CPU side received count (scaleup: 6): -108 -97 -104 -110 -95 -96 -94 -108 # -129 -129 -129 -129 -129 -129 -129 -129 
CPU side received count (scaleup: 0): -102 -99 -111 -101 -102 -102 -84 -90 # -129 -129 -129 -129 -129 -129 -129 -129 
CPU side received count (scaleup: 2): -106 -95 -101 -98 -100 -111 -96 -96 # -129 -129 -129 -129 -129 -129 -129 -129 
CPU side received count (scaleup: 7): -103 -110 -98 -104 -89 -113 -83 -83 # -129 -129 -129 -129 -129 -129 -129 -129 
CPU side received count (scaleup: 1): -96 -92 -93 -115 -120 -99 -97 -103 # -129 -129 -129 -129 -129 -129 -129 -129 
CPU side received count (scaleup: 3): -111 -112 -102 -87 -114 -95 -107 -109 # -129 -129 -129 -129 -129 -129 -129 -257 
Elastic buffer uses 4 channels per SM
Elastic buffer uses 4 channels per SM
Elastic buffer uses 4 channels per SM
Elastic buffer uses 4 channels per SM
Elastic buffer uses 4 channels per SM
Elastic buffer uses 4 channels per SM
Elastic buffer uses 4 channels per SM
Elastic buffer uses 4 channels per SM
CPU side received count (scaleup: 4): -110 -108 -92 -111 -101 -111 -97 -113 # -129 -129 -129 -129 -129 -257 -129 -129 
CPU side received count (scaleup: 5): -111 -98 -102 -101 -108 -105 -110 -101 # -129 -129 -129 -129 -257 -129 -129 -129 
CPU side received count (scaleup: 1): -96 -92 -93 -115 -120 -99 -97 -103 # -129 -129 -129 -129 -129 -129 -129 -129 
CPU side received count (scaleup: 6): -108 -97 -104 -110 -95 -96 -94 -108 # -129 -129 -129 -129 -129 -129 -129 -129 
CPU side received count (scaleup: 0): -102 -99 -111 -101 -102 -102 -84 -90 # -129 -129 -129 -129 -129 -129 -129 -129 
CPU side received count (scaleup: 7): -103 -110 -98 -104 -89 -113 -83 -83 # -129 -129 -129 -129 -129 -129 -129 -129 
CPU side received count (scaleup: 2): -106 -95 -101 -98 -100 -111 -96 -96 # -129 -129 -129 -129 -129 -129 -129 -129 
CPU side received count (scaleup: 3): -111 -112 -102 -87 -114 -95 -107 -109 # -129 -129 -129 -129 -129 -129 -129 -257 
Elastic buffer uses 4 channels per SM
Elastic buffer uses 4 channels per SM
Elastic buffer uses 4 channels per SM
Elastic buffer uses 4 channels per SM
Elastic buffer uses 4 channels per SM
Elastic buffer uses 4 channels per SM
Elastic buffer uses 4 channels per SM
Elastic buffer uses 4 channels per SM
CPU side received count (scaleup: 2): -106 -95 -101 -98 -100 -111 -96 -96 # -129 -129 -129 -129 -129 -129 -129 -129 
CPU side received count (scaleup: 0): -102 -99 -111 -101 -102 -102 -84 -90 # -129 -129 -129 -129 -129 -129 -129 -129 
CPU side received count (scaleup: 4): -110 -108 -92 -111 -101 -111 -97 -113 # -129 -129 -129 -129 -129 -257 -129 -129 
CPU side received count (scaleup: 1): -96 -92 -93 -115 -120 -99 -97 -103 # -129 -129 -129 -129 -129 -129 -129 -129 
CPU side received count (scaleup: 6): -108 -97 -104 -110 -95 -96 -94 -108 # -129 -129 -129 -129 -129 -129 -129 -129 
CPU side received count (scaleup: 5): -111 -98 -102 -101 -108 -105 -110 -101 # -129 -129 -129 -129 -257 -129 -129 -129 
CPU side received count (scaleup: 7): -103 -110 -98 -104 -89 -113 -83 -83 # -129 -129 -129 -129 -129 -129 -129 -129 
CPU side received count (scaleup: 3): -111 -112 -102 -87 -114 -95 -107 -109 # -129 -129 -129 -129 -129 -129 -129 -257 
Elastic buffer uses 4 channels per SM
Elastic buffer uses 4 channels per SM
Elastic buffer uses 4 channels per SM
Elastic buffer uses 4 channels per SM
Elastic buffer uses 4 channels per SM
Elastic buffer uses 4 channels per SM
Elastic buffer uses 4 channels per SM
Elastic buffer uses 4 channels per SM
CPU side received count (scaleup: 5): -111 -98 -102 -101 -108 -105 -110 -101 # -129 -129 -129 -129 -257 -129 -129 -129 
CPU side received count (scaleup: 6): -108 -97 -104 -110 -95 -96 -94 -108 # -129 -129 -129 -129 -129 -129 -129 -129 
CPU side received count (scaleup: 2): -106 -95 -101 -98 -100 -111 -96 -96 # -129 -129 -129 -129 -129 -129 -129 -129 
CPU side received count (scaleup: 1): -96 -92 -93 -115 -120 -99 -97 -103 # -129 -129 -129 -129 -129 -129 -129 -129 
CPU side received count (scaleup: 4): -110 -108 -92 -111 -101 -111 -97 -113 # -129 -129 -129 -129 -129 -257 -129 -129 
CPU side received count (scaleup: 0): -102 -99 -111 -101 -102 -102 -84 -90 # -129 -129 -129 -129 -129 -129 -129 -129 
CPU side received count (scaleup: 7): -103 -110 -98 -104 -89 -113 -83 -83 # -129 -129 -129 -129 -129 -129 -129 -129 
CPU side received count (scaleup: 3): -111 -112 -102 -87 -114 -95 -107 -109 # -129 -129 -129 -129 -129 -129 -129 -257 
Elastic buffer uses 4 channels per SM
Elastic buffer uses 4 channels per SM
Elastic buffer uses 4 channels per SM
Elastic buffer uses 4 channels per SM
Elastic buffer uses 4 channels per SM
Elastic buffer uses 4 channels per SM
Elastic buffer uses 4 channels per SM
Elastic buffer uses 4 channels per SM
CPU side received count (scaleup: 0): -102 -99 -111 -101 -102 -102 -84 -90 # -129 -129 -129 -129 -129 -129 -129 -129 
CPU side received count (scaleup: 1): -96 -92 -93 -115 -120 -99 -97 -103 # -129 -129 -129 -129 -129 -129 -129 -129 
CPU side received count (scaleup: 5): -111 -98 -102 -101 -108 -105 -110 -101 # -129 -129 -129 -129 -257 -129 -129 -129 
CPU side received count (scaleup: 6): -108 -97 -104 -110 -95 -96 -94 -108 # -129 -129 -129 -129 -129 -129 -129 -129 
CPU side received count (scaleup: 2): -106 -95 -101 -98 -100 -111 -96 -96 # -129 -129 -129 -129 -129 -129 -129 -129 
CPU side received count (scaleup: 4): -110 -108 -92 -111 -101 -111 -97 -113 # -129 -129 -129 -129 -129 -257 -129 -129 
CPU side received count (scaleup: 3): -111 -112 -102 -87 -114 -95 -107 -109 # -129 -129 -129 -129 -129 -129 -129 -257 
CPU side received count (scaleup: 7): -103 -110 -98 -104 -89 -113 -83 -83 # -129 -129 -129 -129 -129 -129 -129 -129 
Elastic buffer uses 4 channels per SM
Elastic buffer uses 4 channels per SM
Elastic buffer uses 4 channels per SM
Elastic buffer uses 4 channels per SM
Elastic buffer uses 4 channels per SM
Elastic buffer uses 4 channels per SM
Elastic buffer uses 4 channels per SM
Elastic buffer uses 4 channels per SM
CPU side received count (scaleup: 2): -106 -95 -101 -98 -100 -111 -96 -96 # -129 -129 -129 -129 -129 -129 -129 -129 
CPU side received count (scaleup: 1): -96 -92 -93 -115 -120 -99 -97 -103 # -129 -129 -129 -129 -129 -129 -129 -129 
CPU side received count (scaleup: 0): -102 -99 -111 -101 -102 -102 -84 -90 # -129 -129 -129 -129 -129 -129 -129 -129 
CPU side received count (scaleup: 5): -111 -98 -102 -101 -108 -105 -110 -101 # -129 -129 -129 -129 -257 -129 -129 -129 
CPU side received count (scaleup: 6): -108 -97 -104 -110 -95 -96 -94 -108 # -129 -129 -129 -129 -129 -129 -129 -129 
CPU side received count (scaleup: 4): -110 -108 -92 -111 -101 -111 -97 -113 # -129 -129 -129 -129 -129 -257 -129 -129 
CPU side received count (scaleup: 7): -103 -110 -98 -104 -89 -113 -83 -83 # -129 -129 -129 -129 -129 -129 -129 -129 
CPU side received count (scaleup: 3): -111 -112 -102 -87 -114 -95 -107 -109 # -129 -129 -129 -129 -129 -129 -129 -257 
Elastic buffer uses 4 channels per SM
Elastic buffer uses 4 channels per SM
Elastic buffer uses 4 channels per SM
Elastic buffer uses 4 channels per SM
Elastic buffer uses 4 channels per SM
Elastic buffer uses 4 channels per SM
Elastic buffer uses 4 channels per SM
Elastic buffer uses 4 channels per SM
CPU side received count (scaleup: 6): -108 -97 -104 -110 -95 -96 -94 -108 # -129 -129 -129 -129 -129 -129 -129 -129 
CPU side received count (scaleup: 4): -110 -108 -92 -111 -101 -111 -97 -113 # -129 -129 -129 -129 -129 -257 -129 -129 
CPU side received count (scaleup: 5): -111 -98 -102 -101 -108 -105 -110 -101 # -129 -129 -129 -129 -257 -129 -129 -129 
CPU side received count (scaleup: 1): -96 -92 -93 -115 -120 -99 -97 -103 # -129 -129 -129 -129 -129 -129 -129 -129 
CPU side received count (scaleup: 0): -102 -99 -111 -101 -102 -102 -84 -90 # -129 -129 -129 -129 -129 -129 -129 -129 
CPU side received count (scaleup: 2): -106 -95 -101 -98 -100 -111 -96 -96 # -129 -129 -129 -129 -129 -129 -129 -129 
CPU side received count (scaleup: 7): -103 -110 -98 -104 -89 -113 -83 -83 # -129 -129 -129 -129 -129 -129 -129 -129 
CPU side received count (scaleup: 3): -111 -112 -102 -87 -114 -95 -107 -109 # -129 -129 -129 -129 -129 -129 -129 -257 
Elastic buffer uses 4 channels per SM
Elastic buffer uses 4 channels per SM
Elastic buffer uses 4 channels per SM
Elastic buffer uses 4 channels per SM
Elastic buffer uses 4 channels per SM
Elastic buffer uses 4 channels per SM
Elastic buffer uses 4 channels per SM
Elastic buffer uses 4 channels per SM
CPU side received count (scaleup: 6): -108 -97 -104 -110 -95 -96 -94 -108 # -129 -129 -129 -129 -129 -129 -129 -129 
CPU side received count (scaleup: 5): -111 -98 -102 -101 -108 -105 -110 -101 # -129 -129 -129 -129 -257 -129 -129 -129 
CPU side received count (scaleup: 2): -106 -95 -101 -98 -100 -111 -96 -96 # -129 -129 -129 -129 -129 -129 -129 -129 
CPU side received count (scaleup: 0): -102 -99 -111 -101 -102 -102 -84 -90 # -129 -129 -129 -129 -129 -129 -129 -129 
CPU side received count (scaleup: 4): -110 -108 -92 -111 -101 -111 -97 -113 # -129 -129 -129 -129 -129 -257 -129 -129 
CPU side received count (scaleup: 1): -96 -92 -93 -115 -120 -99 -97 -103 # -129 -129 -129 -129 -129 -129 -129 -129 
CPU side received count (scaleup: 7): -103 -110 -98 -104 -89 -113 -83 -83 # -129 -129 -129 -129 -129 -129 -129 -129 
CPU side received count (scaleup: 3): -111 -112 -102 -87 -114 -95 -107 -109 # -129 -129 -129 -129 -129 -129 -129 -257 
Elastic buffer uses 4 channels per SM
Elastic buffer uses 4 channels per SM
Elastic buffer uses 4 channels per SM
Elastic buffer uses 4 channels per SM
Elastic buffer uses 4 channels per SM
Elastic buffer uses 4 channels per SM
Elastic buffer uses 4 channels per SM
Elastic buffer uses 4 channels per SM
CPU side received count (scaleup: 0): -102 -99 -111 -101 -102 -102 -84 -90 # -129 -129 -129 -129 -129 -129 -129 -129 
CPU side received count (scaleup: 1): -96 -92 -93 -115 -120 -99 -97 -103 # -129 -129 -129 -129 -129 -129 -129 -129 
CPU side received count (scaleup: 2): -106 -95 -101 -98 -100 -111 -96 -96 # -129 -129 -129 -129 -129 -129 -129 -129 
CPU side received count (scaleup: 5): -111 -98 -102 -101 -108 -105 -110 -101 # -129 -129 -129 -129 -257 -129 -129 -129 
CPU side received count (scaleup: 6): -108 -97 -104 -110 -95 -96 -94 -108 # -129 -129 -129 -129 -129 -129 -129 -129 
CPU side received count (scaleup: 4): -110 -108 -92 -111 -101 -111 -97 -113 # -129 -129 -129 -129 -129 -257 -129 -129 
CPU side received count (scaleup: 7): -103 -110 -98 -104 -89 -113 -83 -83 # -129 -129 -129 -129 -129 -129 -129 -129 
CPU side received count (scaleup: 3): -111 -112 -102 -87 -114 -95 -107 -109 # -129 -129 -129 -129 -129 -129 -129 -257 
Elastic buffer uses 4 channels per SM
Elastic buffer uses 4 channels per SM
Elastic buffer uses 4 channels per SM
Elastic buffer uses 4 channels per SM
Elastic buffer uses 4 channels per SM
Elastic buffer uses 4 channels per SM
Elastic buffer uses 4 channels per SM
Elastic buffer uses 4 channels per SM
CPU side received count (scaleup: 2): -106 -95 -101 -98 -100 -111 -96 -96 # -129 -129 -129 -129 -129 -129 -129 -129 
CPU side received count (scaleup: 0): -102 -99 -111 -101 -102 -102 -84 -90 # -129 -129 -129 -129 -129 -129 -129 -129 
CPU side received count (scaleup: 1): -96 -92 -93 -115 -120 -99 -97 -103 # -129 -129 -129 -129 -129 -129 -129 -129 
CPU side received count (scaleup: 5): -111 -98 -102 -101 -108 -105 -110 -101 # -129 -129 -129 -129 -257 -129 -129 -129 
CPU side received count (scaleup: 4): -110 -108 -92 -111 -101 -111 -97 -113 # -129 -129 -129 -129 -129 -257 -129 -129 
CPU side received count (scaleup: 6): -108 -97 -104 -110 -95 -96 -94 -108 # -129 -129 -129 -129 -129 -129 -129 -129 
CPU side received count (scaleup: 7): -103 -110 -98 -104 -89 -113 -83 -83 # -129 -129 -129 -129 -129 -129 -129 -129 
CPU side received count (scaleup: 3): -111 -112 -102 -87 -114 -95 -107 -109 # -129 -129 -129 -129 -129 -129 -129 -257 
Elastic buffer uses 4 channels per SM
Elastic buffer uses 4 channels per SM
Elastic buffer uses 4 channels per SM
Elastic buffer uses 4 channels per SM
Elastic buffer uses 4 channels per SM
Elastic buffer uses 4 channels per SM
Elastic buffer uses 4 channels per SM
Elastic buffer uses 4 channels per SM
CPU side received count (scaleup: 5): -111 -98 -102 -101 -108 -105 -110 -101 # -129 -129 -129 -129 -257 -129 -129 -129 
CPU side received count (scaleup: 6): -108 -97 -104 -110 -95 -96 -94 -108 # -129 -129 -129 -129 -129 -129 -129 -129 
CPU side received count (scaleup: 4): -110 -108 -92 -111 -101 -111 -97 -113 # -129 -129 -129 -129 -129 -257 -129 -129 
CPU side received count (scaleup: 1): -96 -92 -93 -115 -120 -99 -97 -103 # -129 -129 -129 -129 -129 -129 -129 -129 
CPU side received count (scaleup: 2): -106 -95 -101 -98 -100 -111 -96 -96 # -129 -129 -129 -129 -129 -129 -129 -129 
CPU side received count (scaleup: 0): -102 -99 -111 -101 -102 -102 -84 -90 # -129 -129 -129 -129 -129 -129 -129 -129 
CPU side received count (scaleup: 7): -103 -110 -98 -104 -89 -113 -83 -83 # -129 -129 -129 -129 -129 -129 -129 -129 
CPU side received count (scaleup: 3): -111 -112 -102 -87 -114 -95 -107 -109 # -129 -129 -129 -129 -129 -129 -129 -257 
Elastic buffer uses 4 channels per SM
Elastic buffer uses 4 channels per SM
Elastic buffer uses 4 channels per SM
Elastic buffer uses 4 channels per SM
Elastic buffer uses 4 channels per SM
Elastic buffer uses 4 channels per SM
Elastic buffer uses 4 channels per SM
Elastic buffer uses 4 channels per SM
CPU side received count (scaleup: 4): -110 -108 -92 -111 -101 -111 -97 -113 # -129 -129 -129 -129 -129 -257 -129 -129 
CPU side received count (scaleup: 5): -111 -98 -102 -101 -108 -105 -110 -101 # -129 -129 -129 -129 -257 -129 -129 -129 
CPU side received count (scaleup: 6): -108 -97 -104 -110 -95 -96 -94 -108 # -129 -129 -129 -129 -129 -129 -129 -129 
CPU side received count (scaleup: 2): -106 -95 -101 -98 -100 -111 -96 -96 # -129 -129 -129 -129 -129 -129 -129 -129 
CPU side received count (scaleup: 0): -102 -99 -111 -101 -102 -102 -84 -90 # -129 -129 -129 -129 -129 -129 -129 -129 
CPU side received count (scaleup: 1): -96 -92 -93 -115 -120 -99 -97 -103 # -129 -129 -129 -129 -129 -129 -129 -129 
CPU side received count (scaleup: 3): -111 -112 -102 -87 -114 -95 -107 -109 # -129 -129 -129 -129 -129 -129 -129 -257 
CPU side received count (scaleup: 7): -103 -110 -98 -104 -89 -113 -83 -83 # -129 -129 -129 -129 -129 -129 -129 -129 
Elastic buffer uses 4 channels per SM
Elastic buffer uses 4 channels per SM
Elastic buffer uses 4 channels per SM
Elastic buffer uses 4 channels per SM
Elastic buffer uses 4 channels per SM
Elastic buffer uses 4 channels per SM
Elastic buffer uses 4 channels per SM
Elastic buffer uses 4 channels per SM
CPU side received count (scaleup: 0): -102 -99 -111 -101 -102 -102 -84 -90 # -129 -129 -129 -129 -129 -129 -129 -129 
CPU side received count (scaleup: 2): -106 -95 -101 -98 -100 -111 -96 -96 # -129 -129 -129 -129 -129 -129 -129 -129 
CPU side received count (scaleup: 1): -96 -92 -93 -115 -120 -99 -97 -103 # -129 -129 -129 -129 -129 -129 -129 -129 
CPU side received count (scaleup: 5): -111 -98 -102 -101 -108 -105 -110 -101 # -129 -129 -129 -129 -257 -129 -129 -129 
CPU side received count (scaleup: 4): -110 -108 -92 -111 -101 -111 -97 -113 # -129 -129 -129 -129 -129 -257 -129 -129 
CPU side received count (scaleup: 6): -108 -97 -104 -110 -95 -96 -94 -108 # -129 -129 -129 -129 -129 -129 -129 -129 
CPU side received count (scaleup: 7): -103 -110 -98 -104 -89 -113 -83 -83 # -129 -129 -129 -129 -129 -129 -129 -129 
CPU side received count (scaleup: 3): -111 -112 -102 -87 -114 -95 -107 -109 # -129 -129 -129 -129 -129 -129 -129 -257 
Elastic buffer uses 4 channels per SM
Elastic buffer uses 4 channels per SM
Elastic buffer uses 4 channels per SM
Elastic buffer uses 4 channels per SM
Elastic buffer uses 4 channels per SM
Elastic buffer uses 4 channels per SM
Elastic buffer uses 4 channels per SM
Elastic buffer uses 4 channels per SM
CPU side received count (scaleup: 2): -106 -95 -101 -98 -100 -111 -96 -96 # -129 -129 -129 -129 -129 -129 -129 -129 
CPU side received count (scaleup: 0): -102 -99 -111 -101 -102 -102 -84 -90 # -129 -129 -129 -129 -129 -129 -129 -129 
CPU side received count (scaleup: 1): -96 -92 -93 -115 -120 -99 -97 -103 # -129 -129 -129 -129 -129 -129 -129 -129 
CPU side received count (scaleup: 5): -111 -98 -102 -101 -108 -105 -110 -101 # -129 -129 -129 -129 -257 -129 -129 -129 
CPU side received count (scaleup: 4): -110 -108 -92 -111 -101 -111 -97 -113 # -129 -129 -129 -129 -129 -257 -129 -129 
CPU side received count (scaleup: 6): -108 -97 -104 -110 -95 -96 -94 -108 # -129 -129 -129 -129 -129 -129 -129 -129 
CPU side received count (scaleup: 3): -111 -112 -102 -87 -114 -95 -107 -109 # -129 -129 -129 -129 -129 -129 -129 -257 
CPU side received count (scaleup: 7): -103 -110 -98 -104 -89 -113 -83 -83 # -129 -129 -129 -129 -129 -129 -129 -129 
Elastic buffer uses 4 channels per SM
Elastic buffer uses 4 channels per SM
Elastic buffer uses 4 channels per SM
Elastic buffer uses 4 channels per SM
Elastic buffer uses 4 channels per SM
Elastic buffer uses 4 channels per SM
Elastic buffer uses 4 channels per SM
Elastic buffer uses 4 channels per SM
CPU side received count (scaleup: 1): -96 -92 -93 -115 -120 -99 -97 -103 # -129 -129 -129 -129 -129 -129 -129 -129 
CPU side received count (scaleup: 2): -106 -95 -101 -98 -100 -111 -96 -96 # -129 -129 -129 -129 -129 -129 -129 -129 
CPU side received count (scaleup: 4): -110 -108 -92 -111 -101 -111 -97 -113 # -129 -129 -129 -129 -129 -257 -129 -129 
CPU side received count (scaleup: 6): -108 -97 -104 -110 -95 -96 -94 -108 # -129 -129 -129 -129 -129 -129 -129 -129 
CPU side received count (scaleup: 0): -102 -99 -111 -101 -102 -102 -84 -90 # -129 -129 -129 -129 -129 -129 -129 -129 
CPU side received count (scaleup: 5): -111 -98 -102 -101 -108 -105 -110 -101 # -129 -129 -129 -129 -257 -129 -129 -129 
CPU side received count (scaleup: 7): -103 -110 -98 -104 -89 -113 -83 -83 # -129 -129 -129 -129 -129 -129 -129 -129 
CPU side received count (scaleup: 3): -111 -112 -102 -87 -114 -95 -107 -109 # -129 -129 -129 -129 -129 -129 -129 -257 
Elastic buffer uses 4 channels per SM
Elastic buffer uses 4 channels per SM
Elastic buffer uses 4 channels per SM
Elastic buffer uses 4 channels per SM
Elastic buffer uses 4 channels per SM
Elastic buffer uses 4 channels per SM
Elastic buffer uses 4 channels per SM
Elastic buffer uses 4 channels per SM
CPU side received count (scaleup: 0): -102 -99 -111 -101 -102 -102 -84 -90 # -129 -129 -129 -129 -129 -129 -129 -129 
CPU side received count (scaleup: 5): -111 -98 -102 -101 -108 -105 -110 -101 # -129 -129 -129 -129 -257 -129 -129 -129 
CPU side received count (scaleup: 4): -110 -108 -92 -111 -101 -111 -97 -113 # -129 -129 -129 -129 -129 -257 -129 -129 
CPU side received count (scaleup: 2): -106 -95 -101 -98 -100 -111 -96 -96 # -129 -129 -129 -129 -129 -129 -129 -129 
CPU side received count (scaleup: 1): -96 -92 -93 -115 -120 -99 -97 -103 # -129 -129 -129 -129 -129 -129 -129 -129 
CPU side received count (scaleup: 6): -108 -97 -104 -110 -95 -96 -94 -108 # -129 -129 -129 -129 -129 -129 -129 -129 
CPU side received count (scaleup: 7): -103 -110 -98 -104 -89 -113 -83 -83 # -129 -129 -129 -129 -129 -129 -129 -129 
CPU side received count (scaleup: 3): -111 -112 -102 -87 -114 -95 -107 -109 # -129 -129 -129 -129 -129 -129 -129 -257 
Elastic buffer uses 4 channels per SM
Elastic buffer uses 4 channels per SM
Elastic buffer uses 4 channels per SM
Elastic buffer uses 4 channels per SM
Elastic buffer uses 4 channels per SM
Elastic buffer uses 4 channels per SM
Elastic buffer uses 4 channels per SM
Elastic buffer uses 4 channels per SM
CPU side received count (scaleup: 4): -110 -108 -92 -111 -101 -111 -97 -113 # -129 -129 -129 -129 -129 -257 -129 -129 
CPU side received count (scaleup: 6): -108 -97 -104 -110 -95 -96 -94 -108 # -129 -129 -129 -129 -129 -129 -129 -129 
CPU side received count (scaleup: 0): -102 -99 -111 -101 -102 -102 -84 -90 # -129 -129 -129 -129 -129 -129 -129 -129 
CPU side received count (scaleup: 5): -111 -98 -102 -101 -108 -105 -110 -101 # -129 -129 -129 -129 -257 -129 -129 -129 
CPU side received count (scaleup: 1): -96 -92 -93 -115 -120 -99 -97 -103 # -129 -129 -129 -129 -129 -129 -129 -129 
CPU side received count (scaleup: 2): -106 -95 -101 -98 -100 -111 -96 -96 # -129 -129 -129 -129 -129 -129 -129 -129 
CPU side received count (scaleup: 7): -103 -110 -98 -104 -89 -113 -83 -83 # -129 -129 -129 -129 -129 -129 -129 -129 
CPU side received count (scaleup: 3): -111 -112 -102 -87 -114 -95 -107 -109 # -129 -129 -129 -129 -129 -129 -129 -257 
Elastic buffer uses 4 channels per SM
Elastic buffer uses 4 channels per SM
Elastic buffer uses 4 channels per SM
Elastic buffer uses 4 channels per SM
Elastic buffer uses 4 channels per SM
Elastic buffer uses 4 channels per SM
Elastic buffer uses 4 channels per SM
Elastic buffer uses 4 channels per SM
CPU side received count (scaleup: 5): -111 -98 -102 -101 -108 -105 -110 -101 # -129 -129 -129 -129 -257 -129 -129 -129 
CPU side received count (scaleup: 6): -108 -97 -104 -110 -95 -96 -94 -108 # -129 -129 -129 -129 -129 -129 -129 -129 
CPU side received count (scaleup: 1): -96 -92 -93 -115 -120 -99 -97 -103 # -129 -129 -129 -129 -129 -129 -129 -129 
CPU side received count (scaleup: 4): -110 -108 -92 -111 -101 -111 -97 -113 # -129 -129 -129 -129 -129 -257 -129 -129 
CPU side received count (scaleup: 2): -106 -95 -101 -98 -100 -111 -96 -96 # -129 -129 -129 -129 -129 -129 -129 -129 
CPU side received count (scaleup: 0): -102 -99 -111 -101 -102 -102 -84 -90 # -129 -129 -129 -129 -129 -129 -129 -129 
CPU side received count (scaleup: 7): -103 -110 -98 -104 -89 -113 -83 -83 # -129 -129 -129 -129 -129 -129 -129 -129 
CPU side received count (scaleup: 3): -111 -112 -102 -87 -114 -95 -107 -109 # -129 -129 -129 -129 -129 -129 -129 -257 
Elastic buffer uses 4 channels per SM
Elastic buffer uses 4 channels per SM
Elastic buffer uses 4 channels per SM
Elastic buffer uses 4 channels per SM
Elastic buffer uses 4 channels per SM
Elastic buffer uses 4 channels per SM
Elastic buffer uses 4 channels per SM
Elastic buffer uses 4 channels per SM
CPU side received count (scaleup: 2): -106 -95 -101 -98 -100 -111 -96 -96 # -129 -129 -129 -129 -129 -129 -129 -129 
CPU side received count (scaleup: 0): -102 -99 -111 -101 -102 -102 -84 -90 # -129 -129 -129 -129 -129 -129 -129 -129 
CPU side received count (scaleup: 5): -111 -98 -102 -101 -108 -105 -110 -101 # -129 -129 -129 -129 -257 -129 -129 -129 
CPU side received count (scaleup: 1): -96 -92 -93 -115 -120 -99 -97 -103 # -129 -129 -129 -129 -129 -129 -129 -129 
CPU side received count (scaleup: 6): -108 -97 -104 -110 -95 -96 -94 -108 # -129 -129 -129 -129 -129 -129 -129 -129 
CPU side received count (scaleup: 4): -110 -108 -92 -111 -101 -111 -97 -113 # -129 -129 -129 -129 -129 -257 -129 -129 
CPU side received count (scaleup: 7): -103 -110 -98 -104 -89 -113 -83 -83 # -129 -129 -129 -129 -129 -129 -129 -129 
CPU side received count (scaleup: 3): -111 -112 -102 -87 -114 -95 -107 -109 # -129 -129 -129 -129 -129 -129 -129 -257 
Elastic buffer uses 4 channels per SM
Elastic buffer uses 4 channels per SM
Elastic buffer uses 4 channels per SM
Elastic buffer uses 4 channels per SM
Elastic buffer uses 4 channels per SM
Elastic buffer uses 4 channels per SM
Elastic buffer uses 4 channels per SM
Elastic buffer uses 4 channels per SM
CPU side received count (scaleup: 4): -110 -108 -92 -111 -101 -111 -97 -113 # -129 -129 -129 -129 -129 -257 -129 -129 
CPU side received count (scaleup: 6): -108 -97 -104 -110 -95 -96 -94 -108 # -129 -129 -129 -129 -129 -129 -129 -129 
CPU side received count (scaleup: 5): -111 -98 -102 -101 -108 -105 -110 -101 # -129 -129 -129 -129 -257 -129 -129 -129 
CPU side received count (scaleup: 0): -102 -99 -111 -101 -102 -102 -84 -90 # -129 -129 -129 -129 -129 -129 -129 -129 
CPU side received count (scaleup: 1): -96 -92 -93 -115 -120 -99 -97 -103 # -129 -129 -129 -129 -129 -129 -129 -129 
CPU side received count (scaleup: 2): -106 -95 -101 -98 -100 -111 -96 -96 # -129 -129 -129 -129 -129 -129 -129 -129 
CPU side received count (scaleup: 7): -103 -110 -98 -104 -89 -113 -83 -83 # -129 -129 -129 -129 -129 -129 -129 -129 
CPU side received count (scaleup: 3): -111 -112 -102 -87 -114 -95 -107 -109 # -129 -129 -129 -129 -129 -129 -129 -257 
Elastic buffer uses 4 channels per SM
Elastic buffer uses 4 channels per SM
Elastic buffer uses 4 channels per SM
Elastic buffer uses 4 channels per SM
Elastic buffer uses 4 channels per SM
Elastic buffer uses 4 channels per SM
Elastic buffer uses 4 channels per SM
Elastic buffer uses 4 channels per SM
CPU side received count (scaleup: 2): -106 -95 -101 -98 -100 -111 -96 -96 # -129 -129 -129 -129 -129 -129 -129 -129 
CPU side received count (scaleup: 0): -102 -99 -111 -101 -102 -102 -84 -90 # -129 -129 -129 -129 -129 -129 -129 -129 
CPU side received count (scaleup: 5): -111 -98 -102 -101 -108 -105 -110 -101 # -129 -129 -129 -129 -257 -129 -129 -129 
CPU side received count (scaleup: 1): -96 -92 -93 -115 -120 -99 -97 -103 # -129 -129 -129 -129 -129 -129 -129 -129 
CPU side received count (scaleup: 6): -108 -97 -104 -110 -95 -96 -94 -108 # -129 -129 -129 -129 -129 -129 -129 -129 
CPU side received count (scaleup: 4): -110 -108 -92 -111 -101 -111 -97 -113 # -129 -129 -129 -129 -129 -257 -129 -129 
CPU side received count (scaleup: 7): -103 -110 -98 -104 -89 -113 -83 -83 # -129 -129 -129 -129 -129 -129 -129 -129 
CPU side received count (scaleup: 3): -111 -112 -102 -87 -114 -95 -107 -109 # -129 -129 -129 -129 -129 -129 -129 -257 
Elastic buffer uses 4 channels per SM
Elastic buffer uses 4 channels per SM
Elastic buffer uses 4 channels per SM
Elastic buffer uses 4 channels per SM
Elastic buffer uses 4 channels per SM
Elastic buffer uses 4 channels per SM
Elastic buffer uses 4 channels per SM
Elastic buffer uses 4 channels per SM
CPU side received count (scaleup: 2): -106 -95 -101 -98 -100 -111 -96 -96 # -129 -129 -129 -129 -129 -129 -129 -129 
CPU side received count (scaleup: 0): -102 -99 -111 -101 -102 -102 -84 -90 # -129 -129 -129 -129 -129 -129 -129 -129 
CPU side received count (scaleup: 5): -111 -98 -102 -101 -108 -105 -110 -101 # -129 -129 -129 -129 -257 -129 -129 -129 
CPU side received count (scaleup: 1): -96 -92 -93 -115 -120 -99 -97 -103 # -129 -129 -129 -129 -129 -129 -129 -129 
CPU side received count (scaleup: 4): -110 -108 -92 -111 -101 -111 -97 -113 # -129 -129 -129 -129 -129 -257 -129 -129 
CPU side received count (scaleup: 6): -108 -97 -104 -110 -95 -96 -94 -108 # -129 -129 -129 -129 -129 -129 -129 -129 
CPU side received count (scaleup: 7): -103 -110 -98 -104 -89 -113 -83 -83 # -129 -129 -129 -129 -129 -129 -129 -129 
CPU side received count (scaleup: 3): -111 -112 -102 -87 -114 -95 -107 -109 # -129 -129 -129 -129 -129 -129 -129 -257 
Elastic buffer uses 4 channels per SM
Elastic buffer uses 4 channels per SM
Elastic buffer uses 4 channels per SM
Elastic buffer uses 4 channels per SM
Elastic buffer uses 4 channels per SM
Elastic buffer uses 4 channels per SM
Elastic buffer uses 4 channels per SM
Elastic buffer uses 4 channels per SM
CPU side received count (scaleup: 6): -108 -97 -104 -110 -95 -96 -94 -108 # -129 -129 -129 -129 -129 -129 -129 -129 
CPU side received count (scaleup: 5): -111 -98 -102 -101 -108 -105 -110 -101 # -129 -129 -129 -129 -257 -129 -129 -129 
CPU side received count (scaleup: 0): -102 -99 -111 -101 -102 -102 -84 -90 # -129 -129 -129 -129 -129 -129 -129 -129 
CPU side received count (scaleup: 4): -110 -108 -92 -111 -101 -111 -97 -113 # -129 -129 -129 -129 -129 -257 -129 -129 
CPU side received count (scaleup: 2): -106 -95 -101 -98 -100 -111 -96 -96 # -129 -129 -129 -129 -129 -129 -129 -129 
CPU side received count (scaleup: 1): -96 -92 -93 -115 -120 -99 -97 -103 # -129 -129 -129 -129 -129 -129 -129 -129 
CPU side received count (scaleup: 7): -103 -110 -98 -104 -89 -113 -83 -83 # -129 -129 -129 -129 -129 -129 -129 -129 
CPU side received count (scaleup: 3): -111 -112 -102 -87 -114 -95 -107 -109 # -129 -129 -129 -129 -129 -129 -129 -257 
Elastic buffer uses 4 channels per SM
Elastic buffer uses 4 channels per SM
Elastic buffer uses 4 channels per SM
Elastic buffer uses 4 channels per SM
Elastic buffer uses 4 channels per SM
Elastic buffer uses 4 channels per SM
Elastic buffer uses 4 channels per SM
Elastic buffer uses 4 channels per SM
CPU side received count (scaleup: 2): -106 -95 -101 -98 -100 -111 -96 -96 # -129 -129 -129 -129 -129 -129 -129 -129 
CPU side received count (scaleup: 0): -102 -99 -111 -101 -102 -102 -84 -90 # -129 -129 -129 -129 -129 -129 -129 -129 
CPU side received count (scaleup: 5): -111 -98 -102 -101 -108 -105 -110 -101 # -129 -129 -129 -129 -257 -129 -129 -129 
CPU side received count (scaleup: 1): -96 -92 -93 -115 -120 -99 -97 -103 # -129 -129 -129 -129 -129 -129 -129 -129 
CPU side received count (scaleup: 6): -108 -97 -104 -110 -95 -96 -94 -108 # -129 -129 -129 -129 -129 -129 -129 -129 
CPU side received count (scaleup: 4): -110 -108 -92 -111 -101 -111 -97 -113 # -129 -129 -129 -129 -129 -257 -129 -129 
CPU side received count (scaleup: 7): -103 -110 -98 -104 -89 -113 -83 -83 # -129 -129 -129 -129 -129 -129 -129 -129 
CPU side received count (scaleup: 3): -111 -112 -102 -87 -114 -95 -107 -109 # -129 -129 -129 -129 -129 -129 -129 -257 
Elastic buffer uses 4 channels per SM
Elastic buffer uses 4 channels per SM
Elastic buffer uses 4 channels per SM
Elastic buffer uses 4 channels per SM
Elastic buffer uses 4 channels per SM
Elastic buffer uses 4 channels per SM
Elastic buffer uses 4 channels per SM
Elastic buffer uses 4 channels per SM
CPU side received count (scaleup: 6): -108 -97 -104 -110 -95 -96 -94 -108 # -129 -129 -129 -129 -129 -129 -129 -129 
CPU side received count (scaleup: 4): -110 -108 -92 -111 -101 -111 -97 -113 # -129 -129 -129 -129 -129 -257 -129 -129 
CPU side received count (scaleup: 2): -106 -95 -101 -98 -100 -111 -96 -96 # -129 -129 -129 -129 -129 -129 -129 -129 
CPU side received count (scaleup: 1): -96 -92 -93 -115 -120 -99 -97 -103 # -129 -129 -129 -129 -129 -129 -129 -129 
CPU side received count (scaleup: 5): -111 -98 -102 -101 -108 -105 -110 -101 # -129 -129 -129 -129 -257 -129 -129 -129 
CPU side received count (scaleup: 0): -102 -99 -111 -101 -102 -102 -84 -90 # -129 -129 -129 -129 -129 -129 -129 -129 
CPU side received count (scaleup: 7): -103 -110 -98 -104 -89 -113 -83 -83 # -129 -129 -129 -129 -129 -129 -129 -129 
CPU side received count (scaleup: 3): -111 -112 -102 -87 -114 -95 -107 -109 # -129 -129 -129 -129 -129 -129 -129 -257 
Elastic buffer uses 4 channels per SM
Elastic buffer uses 4 channels per SM
Elastic buffer uses 4 channels per SM
Elastic buffer uses 4 channels per SM
Elastic buffer uses 4 channels per SM
Elastic buffer uses 4 channels per SM
Elastic buffer uses 4 channels per SM
Elastic buffer uses 4 channels per SM
CPU side received count (scaleup: 0): -102 -99 -111 -101 -102 -102 -84 -90 # -129 -129 -129 -129 -129 -129 -129 -129 
CPU side received count (scaleup: 1): -96 -92 -93 -115 -120 -99 -97 -103 # -129 -129 -129 -129 -129 -129 -129 -129 
CPU side received count (scaleup: 2): -106 -95 -101 -98 -100 -111 -96 -96 # -129 -129 -129 -129 -129 -129 -129 -129 
CPU side received count (scaleup: 4): -110 -108 -92 -111 -101 -111 -97 -113 # -129 -129 -129 -129 -129 -257 -129 -129 
CPU side received count (scaleup: 6): -108 -97 -104 -110 -95 -96 -94 -108 # -129 -129 -129 -129 -129 -129 -129 -129 
CPU side received count (scaleup: 5): -111 -98 -102 -101 -108 -105 -110 -101 # -129 -129 -129 -129 -257 -129 -129 -129 
CPU side received count (scaleup: 7): -103 -110 -98 -104 -89 -113 -83 -83 # -129 -129 -129 -129 -129 -129 -129 -129 
CPU side received count (scaleup: 3): -111 -112 -102 -87 -114 -95 -107 -109 # -129 -129 -129 -129 -129 -129 -129 -257 
Elastic buffer uses 4 channels per SM
Elastic buffer uses 4 channels per SM
Elastic buffer uses 4 channels per SM
Elastic buffer uses 4 channels per SM
Elastic buffer uses 4 channels per SM
Elastic buffer uses 4 channels per SM
Elastic buffer uses 4 channels per SM
Elastic buffer uses 4 channels per SM
CPU side received count (scaleup: 2): -106 -95 -101 -98 -100 -111 -96 -96 # -129 -129 -129 -129 -129 -129 -129 -129 
CPU side received count (scaleup: 4): -110 -108 -92 -111 -101 -111 -97 -113 # -129 -129 -129 -129 -129 -257 -129 -129 
CPU side received count (scaleup: 1): -96 -92 -93 -115 -120 -99 -97 -103 # -129 -129 -129 -129 -129 -129 -129 -129 
CPU side received count (scaleup: 0): -102 -99 -111 -101 -102 -102 -84 -90 # -129 -129 -129 -129 -129 -129 -129 -129 
CPU side received count (scaleup: 6): -108 -97 -104 -110 -95 -96 -94 -108 # -129 -129 -129 -129 -129 -129 -129 -129 
CPU side received count (scaleup: 5): -111 -98 -102 -101 -108 -105 -110 -101 # -129 -129 -129 -129 -257 -129 -129 -129 
CPU side received count (scaleup: 7): -103 -110 -98 -104 -89 -113 -83 -83 # -129 -129 -129 -129 -129 -129 -129 -129 
CPU side received count (scaleup: 3): -111 -112 -102 -87 -114 -95 -107 -109 # -129 -129 -129 -129 -129 -129 -129 -257 
Elastic buffer uses 4 channels per SM
Elastic buffer uses 4 channels per SM
Elastic buffer uses 4 channels per SM
Elastic buffer uses 4 channels per SM
Elastic buffer uses 4 channels per SM
Elastic buffer uses 4 channels per SM
Elastic buffer uses 4 channels per SM
Elastic buffer uses 4 channels per SM
CPU side received count (scaleup: 4): -110 -108 -92 -111 -101 -111 -97 -113 # -129 -129 -129 -129 -129 -257 -129 -129 
CPU side received count (scaleup: 2): -106 -95 -101 -98 -100 -111 -96 -96 # -129 -129 -129 -129 -129 -129 -129 -129 
CPU side received count (scaleup: 1): -96 -92 -93 -115 -120 -99 -97 -103 # -129 -129 -129 -129 -129 -129 -129 -129 
CPU side received count (scaleup: 6): -108 -97 -104 -110 -95 -96 -94 -108 # -129 -129 -129 -129 -129 -129 -129 -129 
CPU side received count (scaleup: 5): -111 -98 -102 -101 -108 -105 -110 -101 # -129 -129 -129 -129 -257 -129 -129 -129 
CPU side received count (scaleup: 0): -102 -99 -111 -101 -102 -102 -84 -90 # -129 -129 -129 -129 -129 -129 -129 -129 
CPU side received count (scaleup: 7): -103 -110 -98 -104 -89 -113 -83 -83 # -129 -129 -129 -129 -129 -129 -129 -129 
CPU side received count (scaleup: 3): -111 -112 -102 -87 -114 -95 -107 -109 # -129 -129 -129 -129 -129 -129 -129 -257 
Elastic buffer uses 4 channels per SM
Elastic buffer uses 4 channels per SM
Elastic buffer uses 4 channels per SM
Elastic buffer uses 4 channels per SM
Elastic buffer uses 4 channels per SM
Elastic buffer uses 4 channels per SM
Elastic buffer uses 4 channels per SM
Elastic buffer uses 4 channels per SM
CPU side received count (scaleup: 1): -96 -92 -93 -115 -120 -99 -97 -103 # -129 -129 -129 -129 -129 -129 -129 -129 
CPU side received count (scaleup: 0): -102 -99 -111 -101 -102 -102 -84 -90 # -129 -129 -129 -129 -129 -129 -129 -129 
CPU side received count (scaleup: 4): -110 -108 -92 -111 -101 -111 -97 -113 # -129 -129 -129 -129 -129 -257 -129 -129 
CPU side received count (scaleup: 2): -106 -95 -101 -98 -100 -111 -96 -96 # -129 -129 -129 -129 -129 -129 -129 -129 
CPU side received count (scaleup: 6): -108 -97 -104 -110 -95 -96 -94 -108 # -129 -129 -129 -129 -129 -129 -129 -129 
CPU side received count (scaleup: 5): -111 -98 -102 -101 -108 -105 -110 -101 # -129 -129 -129 -129 -257 -129 -129 -129 
CPU side received count (scaleup: 7): -103 -110 -98 -104 -89 -113 -83 -83 # -129 -129 -129 -129 -129 -129 -129 -129 
CPU side received count (scaleup: 3): -111 -112 -102 -87 -114 -95 -107 -109 # -129 -129 -129 -129 -129 -129 -129 -257 
USDT:2026-08-25 02:44:37 437:437 SyncActivityProfilerHandler.cpp:59] profiler_stopUSDT:2026-08-25 02:44:37 433:433 SyncActivityProfilerHandler.cpp:59] profiler_stopUSDT:2026-08-25 02:44:37 439:439 SyncActivityProfilerHandler.cpp:59] profiler_stopUSDT:2026-08-25 02:44:37 435:435 SyncActivityProfilerHandler.cpp:59] profiler_stop
USDT:2026-08-25 02:44:37 438:438 SyncActivityProfilerHandler.cpp:59] profiler_stop
USDT:2026-08-25 02:44:37 434:434 SyncActivityProfilerHandler.cpp:59] profiler_stop



USDT:2026-08-25 02:44:37 436:436 SyncActivityProfilerHandler.cpp:59] profiler_stopUSDT:2026-08-25 02:44:37 440:440 SyncActivityProfilerHandler.cpp:59] profiler_stop

   * EP:   0/32 | dispatch: 3 GB/s (SO), 6 GB/s (SU), 1055.000 us, 5863104 bytes | copy: 788 GB/s, 14.878 us
   * EP:   6/32 | dispatch: 3 GB/s (SO), 6 GB/s (SU), 1054.000 us, 6020352 bytes | copy: 35 GB/s, 345.409 us
   * EP:   4/32 | dispatch: 3 GB/s (SO), 6 GB/s (SU), 1055.000 us, 6252480 bytes | copy: 142 GB/s, 87.950 us
   * EP:   2/32 | dispatch: 3 GB/s (SO), 6 GB/s (SU), 1055.000 us, 5952960 bytes | copy: 41 GB/s, 288.309 us
   * EP:   5/32 | dispatch: 3 GB/s (SO), 6 GB/s (SU), 1055.000 us, 6200064 bytes | copy: 116 GB/s, 107.056 us
   * EP:   1/32 | dispatch: 3 GB/s (SO), 6 GB/s (SU), 1054.000 us, 6042816 bytes | copy: 804 GB/s, 15.039 us
   * EP:   3/32 | dispatch: 3 GB/s (SO), 6 GB/s (SU), 1055.000 us, 6207552 bytes | copy: 60 GB/s, 205.296 us
   * EP:   7/32 | dispatch: 3 GB/s (SO), 6 GB/s (SU), 1055.000 us, 5803200 bytes | copy: 103 GB/s, 112.461 us
Elastic buffer uses 4 channels per SM
Elastic buffer uses 4 channels per SM
Elastic buffer uses 4 channels per SM
Elastic buffer uses 4 channels per SM
Elastic buffer uses 4 channels per SM
Elastic buffer uses 4 channels per SM
Elastic buffer uses 4 channels per SM
Elastic buffer uses 4 channels per SM
CPU side received count (scaleup: 0): -102 -99 -111 -101 -102 -102 -84 -90 # -129 -129 -129 -129 -129 -129 -129 -129 
CPU side received count (scaleup: 1): -96 -92 -93 -115 -120 -99 -97 -103 # -129 -129 -129 -129 -129 -129 -129 -129 
CPU side received count (scaleup: 2): -106 -95 -101 -98 -100 -111 -96 -96 # -129 -129 -129 -129 -129 -129 -129 -129 
CPU side received count (scaleup: 4): -110 -108 -92 -111 -101 -111 -97 -113 # -129 -129 -129 -129 -129 -257 -129 -129 
CPU side received count (scaleup: 5): -111 -98 -102 -101 -108 -105 -110 -101 # -129 -129 -129 -129 -257 -129 -129 -129 
CPU side received count (scaleup: 6): -108 -97 -104 -110 -95 -96 -94 -108 # -129 -129 -129 -129 -129 -129 -129 -129 
CPU side received count (scaleup: 3): -111 -112 -102 -87 -114 -95 -107 -109 # -129 -129 -129 -129 -129 -129 -129 -257 
CPU side received count (scaleup: 7): -103 -110 -98 -104 -89 -113 -83 -83 # -129 -129 -129 -129 -129 -129 -129 -129 
Elastic buffer uses 4 channels per SM
Elastic buffer uses 4 channels per SM
Elastic buffer uses 4 channels per SM
Elastic buffer uses 4 channels per SM
Elastic buffer uses 4 channels per SM
Elastic buffer uses 4 channels per SM
Elastic buffer uses 4 channels per SM
Elastic buffer uses 4 channels per SM
CPU side received count (scaleup: 0): -102 -99 -111 -101 -102 -102 -84 -90 # -129 -129 -129 -129 -129 -129 -129 -129 
CPU side received count (scaleup: 4): -110 -108 -92 -111 -101 -111 -97 -113 # -129 -129 -129 -129 -129 -257 -129 -129 
CPU side received count (scaleup: 6): -108 -97 -104 -110 -95 -96 -94 -108 # -129 -129 -129 -129 -129 -129 -129 -129 
CPU side received count (scaleup: 5): -111 -98 -102 -101 -108 -105 -110 -101 # -129 -129 -129 -129 -257 -129 -129 -129 
CPU side received count (scaleup: 2): -106 -95 -101 -98 -100 -111 -96 -96 # -129 -129 -129 -129 -129 -129 -129 -129 
CPU side received count (scaleup: 1): -96 -92 -93 -115 -120 -99 -97 -103 # -129 -129 -129 -129 -129 -129 -129 -129 
CPU side received count (scaleup: 7): -103 -110 -98 -104 -89 -113 -83 -83 # -129 -129 -129 -129 -129 -129 -129 -129 
CPU side received count (scaleup: 3): -111 -112 -102 -87 -114 -95 -107 -109 # -129 -129 -129 -129 -129 -129 -129 -257 
Elastic buffer uses 4 channels per SM
Elastic buffer uses 4 channels per SM
Elastic buffer uses 4 channels per SM
Elastic buffer uses 4 channels per SM
Elastic buffer uses 4 channels per SM
Elastic buffer uses 4 channels per SM
Elastic buffer uses 4 channels per SM
Elastic buffer uses 4 channels per SM
CPU side received count (scaleup: 4): -110 -108 -92 -111 -101 -111 -97 -113 # -129 -129 -129 -129 -129 -257 -129 -129 
CPU side received count (scaleup: 6): -108 -97 -104 -110 -95 -96 -94 -108 # -129 -129 -129 -129 -129 -129 -129 -129 
CPU side received count (scaleup: 5): -111 -98 -102 -101 -108 -105 -110 -101 # -129 -129 -129 -129 -257 -129 -129 -129 
CPU side received count (scaleup: 1): -96 -92 -93 -115 -120 -99 -97 -103 # -129 -129 -129 -129 -129 -129 -129 -129 
CPU side received count (scaleup: 2): -106 -95 -101 -98 -100 -111 -96 -96 # -129 -129 -129 -129 -129 -129 -129 -129 
CPU side received count (scaleup: 7): -103 -110 -98 -104 -89 -113 -83 -83 # -129 -129 -129 -129 -129 -129 -129 -129 
CPU side received count (scaleup: 0): -102 -99 -111 -101 -102 -102 -84 -90 # -129 -129 -129 -129 -129 -129 -129 -129 
CPU side received count (scaleup: 3): -111 -112 -102 -87 -114 -95 -107 -109 # -129 -129 -129 -129 -129 -129 -129 -257 
Elastic buffer uses 4 channels per SM
Elastic buffer uses 4 channels per SM
Elastic buffer uses 4 channels per SM
Elastic buffer uses 4 channels per SM
Elastic buffer uses 4 channels per SM
Elastic buffer uses 4 channels per SM
Elastic buffer uses 4 channels per SM
Elastic buffer uses 4 channels per SM
CPU side received count (scaleup: 0): -102 -99 -111 -101 -102 -102 -84 -90 # -129 -129 -129 -129 -129 -129 -129 -129 
CPU side received count (scaleup: 4): -110 -108 -92 -111 -101 -111 -97 -113 # -129 -129 -129 -129 -129 -257 -129 -129 
CPU side received count (scaleup: 2): -106 -95 -101 -98 -100 -111 -96 -96 # -129 -129 -129 -129 -129 -129 -129 -129 
CPU side received count (scaleup: 1): -96 -92 -93 -115 -120 -99 -97 -103 # -129 -129 -129 -129 -129 -129 -129 -129 
CPU side received count (scaleup: 7): -103 -110 -98 -104 -89 -113 -83 -83 # -129 -129 -129 -129 -129 -129 -129 -129 
CPU side received count (scaleup: 6): -108 -97 -104 -110 -95 -96 -94 -108 # -129 -129 -129 -129 -129 -129 -129 -129 
CPU side received count (scaleup: 5): -111 -98 -102 -101 -108 -105 -110 -101 # -129 -129 -129 -129 -257 -129 -129 -129 
CPU side received count (scaleup: 3): -111 -112 -102 -87 -114 -95 -107 -109 # -129 -129 -129 -129 -129 -129 -129 -257 
Elastic buffer uses 4 channels per SM
Elastic buffer uses 4 channels per SM
Elastic buffer uses 4 channels per SM
Elastic buffer uses 4 channels per SM
Elastic buffer uses 4 channels per SM
Elastic buffer uses 4 channels per SM
Elastic buffer uses 4 channels per SM
Elastic buffer uses 4 channels per SM
CPU side received count (scaleup: 0): -102 -99 -111 -101 -102 -102 -84 -90 # -129 -129 -129 -129 -129 -129 -129 -129 
CPU side received count (scaleup: 2): -106 -95 -101 -98 -100 -111 -96 -96 # -129 -129 -129 -129 -129 -129 -129 -129 
CPU side received count (scaleup: 6): -108 -97 -104 -110 -95 -96 -94 -108 # -129 -129 -129 -129 -129 -129 -129 -129 
CPU side received count (scaleup: 5): -111 -98 -102 -101 -108 -105 -110 -101 # -129 -129 -129 -129 -257 -129 -129 -129 
CPU side received count (scaleup: 1): -96 -92 -93 -115 -120 -99 -97 -103 # -129 -129 -129 -129 -129 -129 -129 -129 
CPU side received count (scaleup: 4): -110 -108 -92 -111 -101 -111 -97 -113 # -129 -129 -129 -129 -129 -257 -129 -129 
CPU side received count (scaleup: 3): -111 -112 -102 -87 -114 -95 -107 -109 # -129 -129 -129 -129 -129 -129 -129 -257 
CPU side received count (scaleup: 7): -103 -110 -98 -104 -89 -113 -83 -83 # -129 -129 -129 -129 -129 -129 -129 -129 
Elastic buffer uses 4 channels per SM
Elastic buffer uses 4 channels per SM
Elastic buffer uses 4 channels per SM
Elastic buffer uses 4 channels per SM
Elastic buffer uses 4 channels per SM
Elastic buffer uses 4 channels per SM
Elastic buffer uses 4 channels per SM
Elastic buffer uses 4 channels per SM
CPU side received count (scaleup: 6): -108 -97 -104 -110 -95 -96 -94 -108 # -129 -129 -129 -129 -129 -129 -129 -129 
CPU side received count (scaleup: 5): -111 -98 -102 -101 -108 -105 -110 -101 # -129 -129 -129 -129 -257 -129 -129 -129 
CPU side received count (scaleup: 2): -106 -95 -101 -98 -100 -111 -96 -96 # -129 -129 -129 -129 -129 -129 -129 -129 
CPU side received count (scaleup: 4): -110 -108 -92 -111 -101 -111 -97 -113 # -129 -129 -129 -129 -129 -257 -129 -129 
CPU side received count (scaleup: 0): -102 -99 -111 -101 -102 -102 -84 -90 # -129 -129 -129 -129 -129 -129 -129 -129 
CPU side received count (scaleup: 1): -96 -92 -93 -115 -120 -99 -97 -103 # -129 -129 -129 -129 -129 -129 -129 -129 
CPU side received count (scaleup: 7): -103 -110 -98 -104 -89 -113 -83 -83 # -129 -129 -129 -129 -129 -129 -129 -129 
CPU side received count (scaleup: 3): -111 -112 -102 -87 -114 -95 -107 -109 # -129 -129 -129 -129 -129 -129 -129 -257 
Elastic buffer uses 4 channels per SM
Elastic buffer uses 4 channels per SM
Elastic buffer uses 4 channels per SM
Elastic buffer uses 4 channels per SM
Elastic buffer uses 4 channels per SM
Elastic buffer uses 4 channels per SM
Elastic buffer uses 4 channels per SM
Elastic buffer uses 4 channels per SM
CPU side received count (scaleup: 0): -102 -99 -111 -101 -102 -102 -84 -90 # -129 -129 -129 -129 -129 -129 -129 -129 
CPU side received count (scaleup: 1): -96 -92 -93 -115 -120 -99 -97 -103 # -129 -129 -129 -129 -129 -129 -129 -129 
CPU side received count (scaleup: 4): -110 -108 -92 -111 -101 -111 -97 -113 # -129 -129 -129 -129 -129 -257 -129 -129 
CPU side received count (scaleup: 6): -108 -97 -104 -110 -95 -96 -94 -108 # -129 -129 -129 -129 -129 -129 -129 -129 
CPU side received count (scaleup: 2): -106 -95 -101 -98 -100 -111 -96 -96 # -129 -129 -129 -129 -129 -129 -129 -129 
CPU side received count (scaleup: 5): -111 -98 -102 -101 -108 -105 -110 -101 # -129 -129 -129 -129 -257 -129 -129 -129 
CPU side received count (scaleup: 7): -103 -110 -98 -104 -89 -113 -83 -83 # -129 -129 -129 -129 -129 -129 -129 -129 
CPU side received count (scaleup: 3): -111 -112 -102 -87 -114 -95 -107 -109 # -129 -129 -129 -129 -129 -129 -129 -257 
Elastic buffer uses 4 channels per SM
Elastic buffer uses 4 channels per SM
Elastic buffer uses 4 channels per SM
Elastic buffer uses 4 channels per SM
Elastic buffer uses 4 channels per SM
Elastic buffer uses 4 channels per SM
Elastic buffer uses 4 channels per SM
Elastic buffer uses 4 channels per SM
CPU side received count (scaleup: 6): -108 -97 -104 -110 -95 -96 -94 -108 # -129 -129 -129 -129 -129 -129 -129 -129 
CPU side received count (scaleup: 5): -111 -98 -102 -101 -108 -105 -110 -101 # -129 -129 -129 -129 -257 -129 -129 -129 
CPU side received count (scaleup: 0): -102 -99 -111 -101 -102 -102 -84 -90 # -129 -129 -129 -129 -129 -129 -129 -129 
CPU side received count (scaleup: 4): -110 -108 -92 -111 -101 -111 -97 -113 # -129 -129 -129 -129 -129 -257 -129 -129 
CPU side received count (scaleup: 1): -96 -92 -93 -115 -120 -99 -97 -103 # -129 -129 -129 -129 -129 -129 -129 -129 
CPU side received count (scaleup: 2): -106 -95 -101 -98 -100 -111 -96 -96 # -129 -129 -129 -129 -129 -129 -129 -129 
CPU side received count (scaleup: 7): -103 -110 -98 -104 -89 -113 -83 -83 # -129 -129 -129 -129 -129 -129 -129 -129 
CPU side received count (scaleup: 3): -111 -112 -102 -87 -114 -95 -107 -109 # -129 -129 -129 -129 -129 -129 -129 -257 
Elastic buffer uses 4 channels per SM
Elastic buffer uses 4 channels per SM
Elastic buffer uses 4 channels per SM
Elastic buffer uses 4 channels per SM
Elastic buffer uses 4 channels per SM
Elastic buffer uses 4 channels per SM
Elastic buffer uses 4 channels per SM
Elastic buffer uses 4 channels per SM
CPU side received count (scaleup: 6): -108 -97 -104 -110 -95 -96 -94 -108 # -129 -129 -129 -129 -129 -129 -129 -129 
CPU side received count (scaleup: 5): -111 -98 -102 -101 -108 -105 -110 -101 # -129 -129 -129 -129 -257 -129 -129 -129 
CPU side received count (scaleup: 4): -110 -108 -92 -111 -101 -111 -97 -113 # -129 -129 -129 -129 -129 -257 -129 -129 
CPU side received count (scaleup: 2): -106 -95 -101 -98 -100 -111 -96 -96 # -129 -129 -129 -129 -129 -129 -129 -129 
CPU side received count (scaleup: 1): -96 -92 -93 -115 -120 -99 -97 -103 # -129 -129 -129 -129 -129 -129 -129 -129 
CPU side received count (scaleup: 0): -102 -99 -111 -101 -102 -102 -84 -90 # -129 -129 -129 -129 -129 -129 -129 -129 
CPU side received count (scaleup: 7): -103 -110 -98 -104 -89 -113 -83 -83 # -129 -129 -129 -129 -129 -129 -129 -129 
CPU side received count (scaleup: 3): -111 -112 -102 -87 -114 -95 -107 -109 # -129 -129 -129 -129 -129 -129 -129 -257 
Elastic buffer uses 4 channels per SM
Elastic buffer uses 4 channels per SM
Elastic buffer uses 4 channels per SM
Elastic buffer uses 4 channels per SM
Elastic buffer uses 4 channels per SM
Elastic buffer uses 4 channels per SM
Elastic buffer uses 4 channels per SM
Elastic buffer uses 4 channels per SM
CPU side received count (scaleup: 4): -110 -108 -92 -111 -101 -111 -97 -113 # -129 -129 -129 -129 -129 -257 -129 -129 
CPU side received count (scaleup: 2): -106 -95 -101 -98 -100 -111 -96 -96 # -129 -129 -129 -129 -129 -129 -129 -129 
CPU side received count (scaleup: 5): -111 -98 -102 -101 -108 -105 -110 -101 # -129 -129 -129 -129 -257 -129 -129 -129 
CPU side received count (scaleup: 6): -108 -97 -104 -110 -95 -96 -94 -108 # -129 -129 -129 -129 -129 -129 -129 -129 
CPU side received count (scaleup: 1): -96 -92 -93 -115 -120 -99 -97 -103 # -129 -129 -129 -129 -129 -129 -129 -129 
CPU side received count (scaleup: 0): -102 -99 -111 -101 -102 -102 -84 -90 # -129 -129 -129 -129 -129 -129 -129 -129 
CPU side received count (scaleup: 7): -103 -110 -98 -104 -89 -113 -83 -83 # -129 -129 -129 -129 -129 -129 -129 -129 
CPU side received count (scaleup: 3): -111 -112 -102 -87 -114 -95 -107 -109 # -129 -129 -129 -129 -129 -129 -129 -257 
Elastic buffer uses 4 channels per SM
Elastic buffer uses 4 channels per SM
Elastic buffer uses 4 channels per SM
Elastic buffer uses 4 channels per SM
Elastic buffer uses 4 channels per SM
Elastic buffer uses 4 channels per SM
Elastic buffer uses 4 channels per SM
Elastic buffer uses 4 channels per SM
CPU side received count (scaleup: 4): -110 -108 -92 -111 -101 -111 -97 -113 # -129 -129 -129 -129 -129 -257 -129 -129 
CPU side received count (scaleup: 0): -102 -99 -111 -101 -102 -102 -84 -90 # -129 -129 -129 -129 -129 -129 -129 -129 
CPU side received count (scaleup: 6): -108 -97 -104 -110 -95 -96 -94 -108 # -129 -129 -129 -129 -129 -129 -129 -129 
CPU side received count (scaleup: 5): -111 -98 -102 -101 -108 -105 -110 -101 # -129 -129 -129 -129 -257 -129 -129 -129 
CPU side received count (scaleup: 7): -103 -110 -98 -104 -89 -113 -83 -83 # -129 -129 -129 -129 -129 -129 -129 -129 
CPU side received count (scaleup: 2): -106 -95 -101 -98 -100 -111 -96 -96 # -129 -129 -129 -129 -129 -129 -129 -129 
CPU side received count (scaleup: 1): -96 -92 -93 -115 -120 -99 -97 -103 # -129 -129 -129 -129 -129 -129 -129 -129 
CPU side received count (scaleup: 3): -111 -112 -102 -87 -114 -95 -107 -109 # -129 -129 -129 -129 -129 -129 -129 -257 
Elastic buffer uses 4 channels per SM
Elastic buffer uses 4 channels per SM
Elastic buffer uses 4 channels per SM
Elastic buffer uses 4 channels per SM
Elastic buffer uses 4 channels per SM
Elastic buffer uses 4 channels per SM
Elastic buffer uses 4 channels per SM
Elastic buffer uses 4 channels per SM
CPU side received count (scaleup: 0): -102 -99 -111 -101 -102 -102 -84 -90 # -129 -129 -129 -129 -129 -129 -129 -129 
CPU side received count (scaleup: 5): -111 -98 -102 -101 -108 -105 -110 -101 # -129 -129 -129 -129 -257 -129 -129 -129 
CPU side received count (scaleup: 1): -96 -92 -93 -115 -120 -99 -97 -103 # -129 -129 -129 -129 -129 -129 -129 -129 
CPU side received count (scaleup: 2): -106 -95 -101 -98 -100 -111 -96 -96 # -129 -129 -129 -129 -129 -129 -129 -129 
CPU side received count (scaleup: 4): -110 -108 -92 -111 -101 -111 -97 -113 # -129 -129 -129 -129 -129 -257 -129 -129 
CPU side received count (scaleup: 6): -108 -97 -104 -110 -95 -96 -94 -108 # -129 -129 -129 -129 -129 -129 -129 -129 
CPU side received count (scaleup: 7): -103 -110 -98 -104 -89 -113 -83 -83 # -129 -129 -129 -129 -129 -129 -129 -129 
CPU side received count (scaleup: 3): -111 -112 -102 -87 -114 -95 -107 -109 # -129 -129 -129 -129 -129 -129 -129 -257 
Elastic buffer uses 4 channels per SM
Elastic buffer uses 4 channels per SM
Elastic buffer uses 4 channels per SM
Elastic buffer uses 4 channels per SM
Elastic buffer uses 4 channels per SM
Elastic buffer uses 4 channels per SM
Elastic buffer uses 4 channels per SM
Elastic buffer uses 4 channels per SM
CPU side received count (scaleup: 0): -102 -99 -111 -101 -102 -102 -84 -90 # -129 -129 -129 -129 -129 -129 -129 -129 
CPU side received count (scaleup: 2): -106 -95 -101 -98 -100 -111 -96 -96 # -129 -129 -129 -129 -129 -129 -129 -129 
CPU side received count (scaleup: 5): -111 -98 -102 -101 -108 -105 -110 -101 # -129 -129 -129 -129 -257 -129 -129 -129 
CPU side received count (scaleup: 6): -108 -97 -104 -110 -95 -96 -94 -108 # -129 -129 -129 -129 -129 -129 -129 -129 
CPU side received count (scaleup: 1): -96 -92 -93 -115 -120 -99 -97 -103 # -129 -129 -129 -129 -129 -129 -129 -129 
CPU side received count (scaleup: 4): -110 -108 -92 -111 -101 -111 -97 -113 # -129 -129 -129 -129 -129 -257 -129 -129 
CPU side received count (scaleup: 7): -103 -110 -98 -104 -89 -113 -83 -83 # -129 -129 -129 -129 -129 -129 -129 -129 
CPU side received count (scaleup: 3): -111 -112 -102 -87 -114 -95 -107 -109 # -129 -129 -129 -129 -129 -129 -129 -257 
Elastic buffer uses 4 channels per SM
Elastic buffer uses 4 channels per SM
Elastic buffer uses 4 channels per SM
Elastic buffer uses 4 channels per SM
Elastic buffer uses 4 channels per SM
Elastic buffer uses 4 channels per SM
Elastic buffer uses 4 channels per SM
Elastic buffer uses 4 channels per SM
CPU side received count (scaleup: 4): -110 -108 -92 -111 -101 -111 -97 -113 # -129 -129 -129 -129 -129 -257 -129 -129 
CPU side received count (scaleup: 5): -111 -98 -102 -101 -108 -105 -110 -101 # -129 -129 -129 -129 -257 -129 -129 -129 
CPU side received count (scaleup: 0): -102 -99 -111 -101 -102 -102 -84 -90 # -129 -129 -129 -129 -129 -129 -129 -129 
CPU side received count (scaleup: 6): -108 -97 -104 -110 -95 -96 -94 -108 # -129 -129 -129 -129 -129 -129 -129 -129 
CPU side received count (scaleup: 7): -103 -110 -98 -104 -89 -113 -83 -83 # -129 -129 -129 -129 -129 -129 -129 -129 
CPU side received count (scaleup: 2): -106 -95 -101 -98 -100 -111 -96 -96 # -129 -129 -129 -129 -129 -129 -129 -129 
CPU side received count (scaleup: 1): -96 -92 -93 -115 -120 -99 -97 -103 # -129 -129 -129 -129 -129 -129 -129 -129 
CPU side received count (scaleup: 3): -111 -112 -102 -87 -114 -95 -107 -109 # -129 -129 -129 -129 -129 -129 -129 -257 
Elastic buffer uses 4 channels per SM
Elastic buffer uses 4 channels per SM
Elastic buffer uses 4 channels per SM
Elastic buffer uses 4 channels per SM
Elastic buffer uses 4 channels per SM
Elastic buffer uses 4 channels per SM
Elastic buffer uses 4 channels per SM
Elastic buffer uses 4 channels per SM
CPU side received count (scaleup: 5): -111 -98 -102 -101 -108 -105 -110 -101 # -129 -129 -129 -129 -257 -129 -129 -129 
CPU side received count (scaleup: 6): -108 -97 -104 -110 -95 -96 -94 -108 # -129 -129 -129 -129 -129 -129 -129 -129 
CPU side received count (scaleup: 0): -102 -99 -111 -101 -102 -102 -84 -90 # -129 -129 -129 -129 -129 -129 -129 -129 
CPU side received count (scaleup: 1): -96 -92 -93 -115 -120 -99 -97 -103 # -129 -129 -129 -129 -129 -129 -129 -129 
CPU side received count (scaleup: 4): -110 -108 -92 -111 -101 -111 -97 -113 # -129 -129 -129 -129 -129 -257 -129 -129 
CPU side received count (scaleup: 7): -103 -110 -98 -104 -89 -113 -83 -83 # -129 -129 -129 -129 -129 -129 -129 -129 
CPU side received count (scaleup: 2): -106 -95 -101 -98 -100 -111 -96 -96 # -129 -129 -129 -129 -129 -129 -129 -129 
CPU side received count (scaleup: 3): -111 -112 -102 -87 -114 -95 -107 -109 # -129 -129 -129 -129 -129 -129 -129 -257 
Elastic buffer uses 4 channels per SM
Elastic buffer uses 4 channels per SM
Elastic buffer uses 4 channels per SM
Elastic buffer uses 4 channels per SM
Elastic buffer uses 4 channels per SM
Elastic buffer uses 4 channels per SM
Elastic buffer uses 4 channels per SM
Elastic buffer uses 4 channels per SM
CPU side received count (scaleup: 5): -111 -98 -102 -101 -108 -105 -110 -101 # -129 -129 -129 -129 -257 -129 -129 -129 
CPU side received count (scaleup: 0): -102 -99 -111 -101 -102 -102 -84 -90 # -129 -129 -129 -129 -129 -129 -129 -129 
CPU side received count (scaleup: 6): -108 -97 -104 -110 -95 -96 -94 -108 # -129 -129 -129 -129 -129 -129 -129 -129 
CPU side received count (scaleup: 2): -106 -95 -101 -98 -100 -111 -96 -96 # -129 -129 -129 -129 -129 -129 -129 -129 
CPU side received count (scaleup: 1): -96 -92 -93 -115 -120 -99 -97 -103 # -129 -129 -129 -129 -129 -129 -129 -129 
CPU side received count (scaleup: 4): -110 -108 -92 -111 -101 -111 -97 -113 # -129 -129 -129 -129 -129 -257 -129 -129 
CPU side received count (scaleup: 7): -103 -110 -98 -104 -89 -113 -83 -83 # -129 -129 -129 -129 -129 -129 -129 -129 
CPU side received count (scaleup: 3): -111 -112 -102 -87 -114 -95 -107 -109 # -129 -129 -129 -129 -129 -129 -129 -257 
Elastic buffer uses 4 channels per SM
Elastic buffer uses 4 channels per SM
Elastic buffer uses 4 channels per SM
Elastic buffer uses 4 channels per SM
Elastic buffer uses 4 channels per SM
Elastic buffer uses 4 channels per SM
Elastic buffer uses 4 channels per SM
Elastic buffer uses 4 channels per SM
CPU side received count (scaleup: 1): -96 -92 -93 -115 -120 -99 -97 -103 # -129 -129 -129 -129 -129 -129 -129 -129 
CPU side received count (scaleup: 4): -110 -108 -92 -111 -101 -111 -97 -113 # -129 -129 -129 -129 -129 -257 -129 -129 
CPU side received count (scaleup: 2): -106 -95 -101 -98 -100 -111 -96 -96 # -129 -129 -129 -129 -129 -129 -129 -129 
CPU side received count (scaleup: 0): -102 -99 -111 -101 -102 -102 -84 -90 # -129 -129 -129 -129 -129 -129 -129 -129 
CPU side received count (scaleup: 6): -108 -97 -104 -110 -95 -96 -94 -108 # -129 -129 -129 -129 -129 -129 -129 -129 
CPU side received count (scaleup: 5): -111 -98 -102 -101 -108 -105 -110 -101 # -129 -129 -129 -129 -257 -129 -129 -129 
CPU side received count (scaleup: 7): -103 -110 -98 -104 -89 -113 -83 -83 # -129 -129 -129 -129 -129 -129 -129 -129 
CPU side received count (scaleup: 3): -111 -112 -102 -87 -114 -95 -107 -109 # -129 -129 -129 -129 -129 -129 -129 -257 
Elastic buffer uses 4 channels per SM
Elastic buffer uses 4 channels per SM
Elastic buffer uses 4 channels per SM
Elastic buffer uses 4 channels per SM
Elastic buffer uses 4 channels per SM
Elastic buffer uses 4 channels per SM
Elastic buffer uses 4 channels per SM
Elastic buffer uses 4 channels per SM
CPU side received count (scaleup: 5): -111 -98 -102 -101 -108 -105 -110 -101 # -129 -129 -129 -129 -257 -129 -129 -129 
CPU side received count (scaleup: 6): -108 -97 -104 -110 -95 -96 -94 -108 # -129 -129 -129 -129 -129 -129 -129 -129 
CPU side received count (scaleup: 2): -106 -95 -101 -98 -100 -111 -96 -96 # -129 -129 -129 -129 -129 -129 -129 -129 
CPU side received count (scaleup: 4): -110 -108 -92 -111 -101 -111 -97 -113 # -129 -129 -129 -129 -129 -257 -129 -129 
CPU side received count (scaleup: 1): -96 -92 -93 -115 -120 -99 -97 -103 # -129 -129 -129 -129 -129 -129 -129 -129 
CPU side received count (scaleup: 0): -102 -99 -111 -101 -102 -102 -84 -90 # -129 -129 -129 -129 -129 -129 -129 -129 
CPU side received count (scaleup: 7): -103 -110 -98 -104 -89 -113 -83 -83 # -129 -129 -129 -129 -129 -129 -129 -129 
CPU side received count (scaleup: 3): -111 -112 -102 -87 -114 -95 -107 -109 # -129 -129 -129 -129 -129 -129 -129 -257 
Elastic buffer uses 4 channels per SM
Elastic buffer uses 4 channels per SM
Elastic buffer uses 4 channels per SM
Elastic buffer uses 4 channels per SM
Elastic buffer uses 4 channels per SM
Elastic buffer uses 4 channels per SM
Elastic buffer uses 4 channels per SM
Elastic buffer uses 4 channels per SM
CPU side received count (scaleup: 0): -102 -99 -111 -101 -102 -102 -84 -90 # -129 -129 -129 -129 -129 -129 -129 -129 
CPU side received count (scaleup: 4): -110 -108 -92 -111 -101 -111 -97 -113 # -129 -129 -129 -129 -129 -257 -129 -129 
CPU side received count (scaleup: 1): -96 -92 -93 -115 -120 -99 -97 -103 # -129 -129 -129 -129 -129 -129 -129 -129 
CPU side received count (scaleup: 2): -106 -95 -101 -98 -100 -111 -96 -96 # -129 -129 -129 -129 -129 -129 -129 -129 
CPU side received count (scaleup: 6): -108 -97 -104 -110 -95 -96 -94 -108 # -129 -129 -129 -129 -129 -129 -129 -129 
CPU side received count (scaleup: 5): -111 -98 -102 -101 -108 -105 -110 -101 # -129 -129 -129 -129 -257 -129 -129 -129 
CPU side received count (scaleup: 3): -111 -112 -102 -87 -114 -95 -107 -109 # -129 -129 -129 -129 -129 -129 -129 -257 
CPU side received count (scaleup: 7): -103 -110 -98 -104 -89 -113 -83 -83 # -129 -129 -129 -129 -129 -129 -129 -129 
Elastic buffer uses 4 channels per SM
Elastic buffer uses 4 channels per SM
Elastic buffer uses 4 channels per SM
Elastic buffer uses 4 channels per SM
Elastic buffer uses 4 channels per SM
Elastic buffer uses 4 channels per SM
Elastic buffer uses 4 channels per SM
Elastic buffer uses 4 channels per SM
CPU side received count (scaleup: 5): -111 -98 -102 -101 -108 -105 -110 -101 # -129 -129 -129 -129 -257 -129 -129 -129 
CPU side received count (scaleup: 6): -108 -97 -104 -110 -95 -96 -94 -108 # -129 -129 -129 -129 -129 -129 -129 -129 
CPU side received count (scaleup: 4): -110 -108 -92 -111 -101 -111 -97 -113 # -129 -129 -129 -129 -129 -257 -129 -129 
CPU side received count (scaleup: 0): -102 -99 -111 -101 -102 -102 -84 -90 # -129 -129 -129 -129 -129 -129 -129 -129 
CPU side received count (scaleup: 1): -96 -92 -93 -115 -120 -99 -97 -103 # -129 -129 -129 -129 -129 -129 -129 -129 
CPU side received count (scaleup: 7): -103 -110 -98 -104 -89 -113 -83 -83 # -129 -129 -129 -129 -129 -129 -129 -129 
CPU side received count (scaleup: 2): -106 -95 -101 -98 -100 -111 -96 -96 # -129 -129 -129 -129 -129 -129 -129 -129 
CPU side received count (scaleup: 3): -111 -112 -102 -87 -114 -95 -107 -109 # -129 -129 -129 -129 -129 -129 -129 -257 
Elastic buffer uses 4 channels per SM
Elastic buffer uses 4 channels per SM
Elastic buffer uses 4 channels per SM
Elastic buffer uses 4 channels per SM
Elastic buffer uses 4 channels per SM
Elastic buffer uses 4 channels per SM
Elastic buffer uses 4 channels per SM
Elastic buffer uses 4 channels per SM
CPU side received count (scaleup: 1): -96 -92 -93 -115 -120 -99 -97 -103 # -129 -129 -129 -129 -129 -129 -129 -129 
CPU side received count (scaleup: 2): -106 -95 -101 -98 -100 -111 -96 -96 # -129 -129 -129 -129 -129 -129 -129 -129 
CPU side received count (scaleup: 0): -102 -99 -111 -101 -102 -102 -84 -90 # -129 -129 -129 -129 -129 -129 -129 -129 
CPU side received count (scaleup: 5): -111 -98 -102 -101 -108 -105 -110 -101 # -129 -129 -129 -129 -257 -129 -129 -129 
CPU side received count (scaleup: 4): -110 -108 -92 -111 -101 -111 -97 -113 # -129 -129 -129 -129 -129 -257 -129 -129 
CPU side received count (scaleup: 6): -108 -97 -104 -110 -95 -96 -94 -108 # -129 -129 -129 -129 -129 -129 -129 -129 
CPU side received count (scaleup: 7): -103 -110 -98 -104 -89 -113 -83 -83 # -129 -129 -129 -129 -129 -129 -129 -129 
CPU side received count (scaleup: 3): -111 -112 -102 -87 -114 -95 -107 -109 # -129 -129 -129 -129 -129 -129 -129 -257 
Elastic buffer uses 4 channels per SM
Elastic buffer uses 4 channels per SM
Elastic buffer uses 4 channels per SM
Elastic buffer uses 4 channels per SM
Elastic buffer uses 4 channels per SM
Elastic buffer uses 4 channels per SM
Elastic buffer uses 4 channels per SM
Elastic buffer uses 4 channels per SM
CPU side received count (scaleup: 2): -106 -95 -101 -98 -100 -111 -96 -96 # -129 -129 -129 -129 -129 -129 -129 -129 
CPU side received count (scaleup: 1): -96 -92 -93 -115 -120 -99 -97 -103 # -129 -129 -129 -129 -129 -129 -129 -129 
CPU side received count (scaleup: 5): -111 -98 -102 -101 -108 -105 -110 -101 # -129 -129 -129 -129 -257 -129 -129 -129 
CPU side received count (scaleup: 6): -108 -97 -104 -110 -95 -96 -94 -108 # -129 -129 -129 -129 -129 -129 -129 -129 
CPU side received count (scaleup: 4): -110 -108 -92 -111 -101 -111 -97 -113 # -129 -129 -129 -129 -129 -257 -129 -129 
CPU side received count (scaleup: 0): -102 -99 -111 -101 -102 -102 -84 -90 # -129 -129 -129 -129 -129 -129 -129 -129 
CPU side received count (scaleup: 7): -103 -110 -98 -104 -89 -113 -83 -83 # -129 -129 -129 -129 -129 -129 -129 -129 
CPU side received count (scaleup: 3): -111 -112 -102 -87 -114 -95 -107 -109 # -129 -129 -129 -129 -129 -129 -129 -257 
Elastic buffer uses 4 channels per SM
Elastic buffer uses 4 channels per SM
Elastic buffer uses 4 channels per SM
Elastic buffer uses 4 channels per SM
Elastic buffer uses 4 channels per SM
Elastic buffer uses 4 channels per SM
Elastic buffer uses 4 channels per SM
Elastic buffer uses 4 channels per SM
CPU side received count (scaleup: 6): -108 -97 -104 -110 -95 -96 -94 -108 # -129 -129 -129 -129 -129 -129 -129 -129 
CPU side received count (scaleup: 4): -110 -108 -92 -111 -101 -111 -97 -113 # -129 -129 -129 -129 -129 -257 -129 -129 
CPU side received count (scaleup: 5): -111 -98 -102 -101 -108 -105 -110 -101 # -129 -129 -129 -129 -257 -129 -129 -129 
CPU side received count (scaleup: 1): -96 -92 -93 -115 -120 -99 -97 -103 # -129 -129 -129 -129 -129 -129 -129 -129 
CPU side received count (scaleup: 7): -103 -110 -98 -104 -89 -113 -83 -83 # -129 -129 -129 -129 -129 -129 -129 -129 
CPU side received count (scaleup: 2): -106 -95 -101 -98 -100 -111 -96 -96 # -129 -129 -129 -129 -129 -129 -129 -129 
CPU side received count (scaleup: 0): -102 -99 -111 -101 -102 -102 -84 -90 # -129 -129 -129 -129 -129 -129 -129 -129 
CPU side received count (scaleup: 3): -111 -112 -102 -87 -114 -95 -107 -109 # -129 -129 -129 -129 -129 -129 -129 -257 
Elastic buffer uses 4 channels per SM
Elastic buffer uses 4 channels per SM
Elastic buffer uses 4 channels per SM
Elastic buffer uses 4 channels per SM
Elastic buffer uses 4 channels per SM
Elastic buffer uses 4 channels per SM
Elastic buffer uses 4 channels per SM
Elastic buffer uses 4 channels per SM
CPU side received count (scaleup: 2): -106 -95 -101 -98 -100 -111 -96 -96 # -129 -129 -129 -129 -129 -129 -129 -129 
CPU side received count (scaleup: 6): -108 -97 -104 -110 -95 -96 -94 -108 # -129 -129 -129 -129 -129 -129 -129 -129 
CPU side received count (scaleup: 1): -96 -92 -93 -115 -120 -99 -97 -103 # -129 -129 -129 -129 -129 -129 -129 -129 
CPU side received count (scaleup: 5): -111 -98 -102 -101 -108 -105 -110 -101 # -129 -129 -129 -129 -257 -129 -129 -129 
CPU side received count (scaleup: 0): -102 -99 -111 -101 -102 -102 -84 -90 # -129 -129 -129 -129 -129 -129 -129 -129 
CPU side received count (scaleup: 4): -110 -108 -92 -111 -101 -111 -97 -113 # -129 -129 -129 -129 -129 -257 -129 -129 
CPU side received count (scaleup: 3): -111 -112 -102 -87 -114 -95 -107 -109 # -129 -129 -129 -129 -129 -129 -129 -257 
CPU side received count (scaleup: 7): -103 -110 -98 -104 -89 -113 -83 -83 # -129 -129 -129 -129 -129 -129 -129 -129 
Elastic buffer uses 4 channels per SM
Elastic buffer uses 4 channels per SM
Elastic buffer uses 4 channels per SM
Elastic buffer uses 4 channels per SM
Elastic buffer uses 4 channels per SM
Elastic buffer uses 4 channels per SM
Elastic buffer uses 4 channels per SM
Elastic buffer uses 4 channels per SM
CPU side received count (scaleup: 1): -96 -92 -93 -115 -120 -99 -97 -103 # -129 -129 -129 -129 -129 -129 -129 -129 
CPU side received count (scaleup: 0): -102 -99 -111 -101 -102 -102 -84 -90 # -129 -129 -129 -129 -129 -129 -129 -129 
CPU side received count (scaleup: 6): -108 -97 -104 -110 -95 -96 -94 -108 # -129 -129 -129 -129 -129 -129 -129 -129 
CPU side received count (scaleup: 2): -106 -95 -101 -98 -100 -111 -96 -96 # -129 -129 -129 -129 -129 -129 -129 -129 
CPU side received count (scaleup: 5): -111 -98 -102 -101 -108 -105 -110 -101 # -129 -129 -129 -129 -257 -129 -129 -129 
CPU side received count (scaleup: 4): -110 -108 -92 -111 -101 -111 -97 -113 # -129 -129 -129 -129 -129 -257 -129 -129 
CPU side received count (scaleup: 7): -103 -110 -98 -104 -89 -113 -83 -83 # -129 -129 -129 -129 -129 -129 -129 -129 
CPU side received count (scaleup: 3): -111 -112 -102 -87 -114 -95 -107 -109 # -129 -129 -129 -129 -129 -129 -129 -257 
Elastic buffer uses 4 channels per SM
Elastic buffer uses 4 channels per SM
Elastic buffer uses 4 channels per SM
Elastic buffer uses 4 channels per SM
Elastic buffer uses 4 channels per SM
Elastic buffer uses 4 channels per SM
Elastic buffer uses 4 channels per SM
Elastic buffer uses 4 channels per SM
CPU side received count (scaleup: 5): -111 -98 -102 -101 -108 -105 -110 -101 # -129 -129 -129 -129 -257 -129 -129 -129 
CPU side received count (scaleup: 4): -110 -108 -92 -111 -101 -111 -97 -113 # -129 -129 -129 -129 -129 -257 -129 -129 
CPU side received count (scaleup: 0): -102 -99 -111 -101 -102 -102 -84 -90 # -129 -129 -129 -129 -129 -129 -129 -129 
CPU side received count (scaleup: 6): -108 -97 -104 -110 -95 -96 -94 -108 # -129 -129 -129 -129 -129 -129 -129 -129 
CPU side received count (scaleup: 1): -96 -92 -93 -115 -120 -99 -97 -103 # -129 -129 -129 -129 -129 -129 -129 -129 
CPU side received count (scaleup: 2): -106 -95 -101 -98 -100 -111 -96 -96 # -129 -129 -129 -129 -129 -129 -129 -129 
CPU side received count (scaleup: 7): -103 -110 -98 -104 -89 -113 -83 -83 # -129 -129 -129 -129 -129 -129 -129 -129 
CPU side received count (scaleup: 3): -111 -112 -102 -87 -114 -95 -107 -109 # -129 -129 -129 -129 -129 -129 -129 -257 
Elastic buffer uses 4 channels per SM
Elastic buffer uses 4 channels per SM
Elastic buffer uses 4 channels per SM
Elastic buffer uses 4 channels per SM
Elastic buffer uses 4 channels per SM
Elastic buffer uses 4 channels per SM
Elastic buffer uses 4 channels per SM
Elastic buffer uses 4 channels per SM
CPU side received count (scaleup: 4): -110 -108 -92 -111 -101 -111 -97 -113 # -129 -129 -129 -129 -129 -257 -129 -129 
CPU side received count (scaleup: 5): -111 -98 -102 -101 -108 -105 -110 -101 # -129 -129 -129 -129 -257 -129 -129 -129 
CPU side received count (scaleup: 0): -102 -99 -111 -101 -102 -102 -84 -90 # -129 -129 -129 -129 -129 -129 -129 -129 
CPU side received count (scaleup: 6): -108 -97 -104 -110 -95 -96 -94 -108 # -129 -129 -129 -129 -129 -129 -129 -129 
CPU side received count (scaleup: 7): -103 -110 -98 -104 -89 -113 -83 -83 # -129 -129 -129 -129 -129 -129 -129 -129 
CPU side received count (scaleup: 2): -106 -95 -101 -98 -100 -111 -96 -96 # -129 -129 -129 -129 -129 -129 -129 -129 
CPU side received count (scaleup: 1): -96 -92 -93 -115 -120 -99 -97 -103 # -129 -129 -129 -129 -129 -129 -129 -129 
CPU side received count (scaleup: 3): -111 -112 -102 -87 -114 -95 -107 -109 # -129 -129 -129 -129 -129 -129 -129 -257 
Elastic buffer uses 4 channels per SM
Elastic buffer uses 4 channels per SM
Elastic buffer uses 4 channels per SM
Elastic buffer uses 4 channels per SM
Elastic buffer uses 4 channels per SM
Elastic buffer uses 4 channels per SM
Elastic buffer uses 4 channels per SM
Elastic buffer uses 4 channels per SM
CPU side received count (scaleup: 5): -111 -98 -102 -101 -108 -105 -110 -101 # -129 -129 -129 -129 -257 -129 -129 -129 
CPU side received count (scaleup: 4): -110 -108 -92 -111 -101 -111 -97 -113 # -129 -129 -129 -129 -129 -257 -129 -129 
CPU side received count (scaleup: 6): -108 -97 -104 -110 -95 -96 -94 -108 # -129 -129 -129 -129 -129 -129 -129 -129 
CPU side received count (scaleup: 0): -102 -99 -111 -101 -102 -102 -84 -90 # -129 -129 -129 -129 -129 -129 -129 -129 
CPU side received count (scaleup: 7): -103 -110 -98 -104 -89 -113 -83 -83 # -129 -129 -129 -129 -129 -129 -129 -129 
CPU side received count (scaleup: 1): -96 -92 -93 -115 -120 -99 -97 -103 # -129 -129 -129 -129 -129 -129 -129 -129 
CPU side received count (scaleup: 2): -106 -95 -101 -98 -100 -111 -96 -96 # -129 -129 -129 -129 -129 -129 -129 -129 
CPU side received count (scaleup: 3): -111 -112 -102 -87 -114 -95 -107 -109 # -129 -129 -129 -129 -129 -129 -129 -257 
Elastic buffer uses 4 channels per SM
Elastic buffer uses 4 channels per SM
Elastic buffer uses 4 channels per SM
Elastic buffer uses 4 channels per SM
Elastic buffer uses 4 channels per SM
Elastic buffer uses 4 channels per SM
Elastic buffer uses 4 channels per SM
Elastic buffer uses 4 channels per SM
CPU side received count (scaleup: 4): -110 -108 -92 -111 -101 -111 -97 -113 # -129 -129 -129 -129 -129 -257 -129 -129 
CPU side received count (scaleup: 5): -111 -98 -102 -101 -108 -105 -110 -101 # -129 -129 -129 -129 -257 -129 -129 -129 
CPU side received count (scaleup: 1): -96 -92 -93 -115 -120 -99 -97 -103 # -129 -129 -129 -129 -129 -129 -129 -129 
CPU side received count (scaleup: 0): -102 -99 -111 -101 -102 -102 -84 -90 # -129 -129 -129 -129 -129 -129 -129 -129 
CPU side received count (scaleup: 6): -108 -97 -104 -110 -95 -96 -94 -108 # -129 -129 -129 -129 -129 -129 -129 -129 
CPU side received count (scaleup: 2): -106 -95 -101 -98 -100 -111 -96 -96 # -129 -129 -129 -129 -129 -129 -129 -129 
CPU side received count (scaleup: 7): -103 -110 -98 -104 -89 -113 -83 -83 # -129 -129 -129 -129 -129 -129 -129 -129 
CPU side received count (scaleup: 3): -111 -112 -102 -87 -114 -95 -107 -109 # -129 -129 -129 -129 -129 -129 -129 -257 
Elastic buffer uses 4 channels per SM
Elastic buffer uses 4 channels per SM
Elastic buffer uses 4 channels per SM
Elastic buffer uses 4 channels per SM
Elastic buffer uses 4 channels per SM
Elastic buffer uses 4 channels per SM
Elastic buffer uses 4 channels per SM
Elastic buffer uses 4 channels per SM
CPU side received count (scaleup: 0): -102 -99 -111 -101 -102 -102 -84 -90 # -129 -129 -129 -129 -129 -129 -129 -129 
CPU side received count (scaleup: 1): -96 -92 -93 -115 -120 -99 -97 -103 # -129 -129 -129 -129 -129 -129 -129 -129 
CPU side received count (scaleup: 2): -106 -95 -101 -98 -100 -111 -96 -96 # -129 -129 -129 -129 -129 -129 -129 -129 
CPU side received count (scaleup: 4): -110 -108 -92 -111 -101 -111 -97 -113 # -129 -129 -129 -129 -129 -257 -129 -129 
CPU side received count (scaleup: 5): -111 -98 -102 -101 -108 -105 -110 -101 # -129 -129 -129 -129 -257 -129 -129 -129 
CPU side received count (scaleup: 6): -108 -97 -104 -110 -95 -96 -94 -108 # -129 -129 -129 -129 -129 -129 -129 -129 
CPU side received count (scaleup: 7): -103 -110 -98 -104 -89 -113 -83 -83 # -129 -129 -129 -129 -129 -129 -129 -129 
CPU side received count (scaleup: 3): -111 -112 -102 -87 -114 -95 -107 -109 # -129 -129 -129 -129 -129 -129 -129 -257 
Elastic buffer uses 4 channels per SM
Elastic buffer uses 4 channels per SM
Elastic buffer uses 4 channels per SM
Elastic buffer uses 4 channels per SM
Elastic buffer uses 4 channels per SM
Elastic buffer uses 4 channels per SM
Elastic buffer uses 4 channels per SM
Elastic buffer uses 4 channels per SM
CPU side received count (scaleup: 0): -102 -99 -111 -101 -102 -102 -84 -90 # -129 -129 -129 -129 -129 -129 -129 -129 
CPU side received count (scaleup: 1): -96 -92 -93 -115 -120 -99 -97 -103 # -129 -129 -129 -129 -129 -129 -129 -129 
CPU side received count (scaleup: 2): -106 -95 -101 -98 -100 -111 -96 -96 # -129 -129 -129 -129 -129 -129 -129 -129 
CPU side received count (scaleup: 6): -108 -97 -104 -110 -95 -96 -94 -108 # -129 -129 -129 -129 -129 -129 -129 -129 
CPU side received count (scaleup: 4): -110 -108 -92 -111 -101 -111 -97 -113 # -129 -129 -129 -129 -129 -257 -129 -129 
CPU side received count (scaleup: 5): -111 -98 -102 -101 -108 -105 -110 -101 # -129 -129 -129 -129 -257 -129 -129 -129 
CPU side received count (scaleup: 7): -103 -110 -98 -104 -89 -113 -83 -83 # -129 -129 -129 -129 -129 -129 -129 -129 
CPU side received count (scaleup: 3): -111 -112 -102 -87 -114 -95 -107 -109 # -129 -129 -129 -129 -129 -129 -129 -257 
USDT:2026-08-25 02:44:38 433:433 SyncActivityProfilerHandler.cpp:52] profiler_startUSDT:2026-08-25 02:44:38 438:438 SyncActivityProfilerHandler.cpp:52] profiler_startUSDT:2026-08-25 02:44:38 434:434 SyncActivityProfilerHandler.cpp:52] profiler_startUSDT:2026-08-25 02:44:38 437:437 SyncActivityProfilerHandler.cpp:52] profiler_startUSDT:2026-08-25 02:44:38 435:435 SyncActivityProfilerHandler.cpp:52] profiler_start




USDT:2026-08-25 02:44:38 439:439 SyncActivityProfilerHandler.cpp:52] profiler_start
USDT:2026-08-25 02:44:38 436:436 SyncActivityProfilerHandler.cpp:52] profiler_startUSDT:2026-08-25 02:44:38 440:440 SyncActivityProfilerHandler.cpp:52] profiler_start

Elastic buffer uses 4 channels per SM
Elastic buffer uses 4 channels per SM
Elastic buffer uses 4 channels per SM
Elastic buffer uses 4 channels per SM
Elastic buffer uses 4 channels per SM
Elastic buffer uses 4 channels per SM
Elastic buffer uses 4 channels per SM
Elastic buffer uses 4 channels per SM
CPU side received count (scaleup: 5): -111 -98 -102 -101 -108 -105 -110 -101 # -129 -129 -129 -129 -257 -129 -129 -129 
CPU side received count (scaleup: 1): -96 -92 -93 -115 -120 -99 -97 -103 # -129 -129 -129 -129 -129 -129 -129 -129 
CPU side received count (scaleup: 0): -102 -99 -111 -101 -102 -102 -84 -90 # -129 -129 -129 -129 -129 -129 -129 -129 
CPU side received count (scaleup: 2): -106 -95 -101 -98 -100 -111 -96 -96 # -129 -129 -129 -129 -129 -129 -129 -129 
CPU side received count (scaleup: 7): -103 -110 -98 -104 -89 -113 -83 -83 # -129 -129 -129 -129 -129 -129 -129 -129 
CPU side received count (scaleup: 6): -108 -97 -104 -110 -95 -96 -94 -108 # -129 -129 -129 -129 -129 -129 -129 -129 
CPU side received count (scaleup: 4): -110 -108 -92 -111 -101 -111 -97 -113 # -129 -129 -129 -129 -129 -257 -129 -129 
CPU side received count (scaleup: 3): -111 -112 -102 -87 -114 -95 -107 -109 # -129 -129 -129 -129 -129 -129 -129 -257 
Elastic buffer uses 4 channels per SM
Elastic buffer uses 4 channels per SM
Elastic buffer uses 4 channels per SM
Elastic buffer uses 4 channels per SM
Elastic buffer uses 4 channels per SM
Elastic buffer uses 4 channels per SM
Elastic buffer uses 4 channels per SM
Elastic buffer uses 4 channels per SM
CPU side received count (scaleup: 1): -96 -92 -93 -115 -120 -99 -97 -103 # -129 -129 -129 -129 -129 -129 -129 -129 
CPU side received count (scaleup: 0): -102 -99 -111 -101 -102 -102 -84 -90 # -129 -129 -129 -129 -129 -129 -129 -129 
CPU side received count (scaleup: 2): -106 -95 -101 -98 -100 -111 -96 -96 # -129 -129 -129 -129 -129 -129 -129 -129 
CPU side received count (scaleup: 6): -108 -97 -104 -110 -95 -96 -94 -108 # -129 -129 -129 -129 -129 -129 -129 -129 
CPU side received count (scaleup: 4): -110 -108 -92 -111 -101 -111 -97 -113 # -129 -129 -129 -129 -129 -257 -129 -129 
CPU side received count (scaleup: 5): -111 -98 -102 -101 -108 -105 -110 -101 # -129 -129 -129 -129 -257 -129 -129 -129 
CPU side received count (scaleup: 7): -103 -110 -98 -104 -89 -113 -83 -83 # -129 -129 -129 -129 -129 -129 -129 -129 
CPU side received count (scaleup: 3): -111 -112 -102 -87 -114 -95 -107 -109 # -129 -129 -129 -129 -129 -129 -129 -257 
Elastic buffer uses 4 channels per SM
Elastic buffer uses 4 channels per SM
Elastic buffer uses 4 channels per SM
Elastic buffer uses 4 channels per SM
Elastic buffer uses 4 channels per SM
Elastic buffer uses 4 channels per SM
Elastic buffer uses 4 channels per SM
Elastic buffer uses 4 channels per SM
CPU side received count (scaleup: 5): -111 -98 -102 -101 -108 -105 -110 -101 # -129 -129 -129 -129 -257 -129 -129 -129 
CPU side received count (scaleup: 6): -108 -97 -104 -110 -95 -96 -94 -108 # -129 -129 -129 -129 -129 -129 -129 -129 
CPU side received count (scaleup: 4): -110 -108 -92 -111 -101 -111 -97 -113 # -129 -129 -129 -129 -129 -257 -129 -129 
CPU side received count (scaleup: 7): -103 -110 -98 -104 -89 -113 -83 -83 # -129 -129 -129 -129 -129 -129 -129 -129 
CPU side received count (scaleup: 1): -96 -92 -93 -115 -120 -99 -97 -103 # -129 -129 -129 -129 -129 -129 -129 -129 
CPU side received count (scaleup: 0): -102 -99 -111 -101 -102 -102 -84 -90 # -129 -129 -129 -129 -129 -129 -129 -129 
CPU side received count (scaleup: 2): -106 -95 -101 -98 -100 -111 -96 -96 # -129 -129 -129 -129 -129 -129 -129 -129 
CPU side received count (scaleup: 3): -111 -112 -102 -87 -114 -95 -107 -109 # -129 -129 -129 -129 -129 -129 -129 -257 
Elastic buffer uses 4 channels per SM
Elastic buffer uses 4 channels per SM
Elastic buffer uses 4 channels per SM
Elastic buffer uses 4 channels per SM
Elastic buffer uses 4 channels per SM
Elastic buffer uses 4 channels per SM
Elastic buffer uses 4 channels per SM
Elastic buffer uses 4 channels per SM
CPU side received count (scaleup: 5): -111 -98 -102 -101 -108 -105 -110 -101 # -129 -129 -129 -129 -257 -129 -129 -129 
CPU side received count (scaleup: 4): -110 -108 -92 -111 -101 -111 -97 -113 # -129 -129 -129 -129 -129 -257 -129 -129 
CPU side received count (scaleup: 6): -108 -97 -104 -110 -95 -96 -94 -108 # -129 -129 -129 -129 -129 -129 -129 -129 
CPU side received count (scaleup: 1): -96 -92 -93 -115 -120 -99 -97 -103 # -129 -129 -129 -129 -129 -129 -129 -129 
CPU side received count (scaleup: 7): -103 -110 -98 -104 -89 -113 -83 -83 # -129 -129 -129 -129 -129 -129 -129 -129 
CPU side received count (scaleup: 2): -106 -95 -101 -98 -100 -111 -96 -96 # -129 -129 -129 -129 -129 -129 -129 -129 
CPU side received count (scaleup: 0): -102 -99 -111 -101 -102 -102 -84 -90 # -129 -129 -129 -129 -129 -129 -129 -129 
CPU side received count (scaleup: 3): -111 -112 -102 -87 -114 -95 -107 -109 # -129 -129 -129 -129 -129 -129 -129 -257 
Elastic buffer uses 4 channels per SM
Elastic buffer uses 4 channels per SM
Elastic buffer uses 4 channels per SM
Elastic buffer uses 4 channels per SM
Elastic buffer uses 4 channels per SM
Elastic buffer uses 4 channels per SM
Elastic buffer uses 4 channels per SM
Elastic buffer uses 4 channels per SM
CPU side received count (scaleup: 2): -106 -95 -101 -98 -100 -111 -96 -96 # -129 -129 -129 -129 -129 -129 -129 -129 
CPU side received count (scaleup: 6): -108 -97 -104 -110 -95 -96 -94 -108 # -129 -129 -129 -129 -129 -129 -129 -129 
CPU side received count (scaleup: 0): -102 -99 -111 -101 -102 -102 -84 -90 # -129 -129 -129 -129 -129 -129 -129 -129 
CPU side received count (scaleup: 1): -96 -92 -93 -115 -120 -99 -97 -103 # -129 -129 -129 -129 -129 -129 -129 -129 
CPU side received count (scaleup: 5): -111 -98 -102 -101 -108 -105 -110 -101 # -129 -129 -129 -129 -257 -129 -129 -129 
CPU side received count (scaleup: 7): -103 -110 -98 -104 -89 -113 -83 -83 # -129 -129 -129 -129 -129 -129 -129 -129 
CPU side received count (scaleup: 4): -110 -108 -92 -111 -101 -111 -97 -113 # -129 -129 -129 -129 -129 -257 -129 -129 
CPU side received count (scaleup: 3): -111 -112 -102 -87 -114 -95 -107 -109 # -129 -129 -129 -129 -129 -129 -129 -257 
Elastic buffer uses 4 channels per SM
Elastic buffer uses 4 channels per SM
Elastic buffer uses 4 channels per SM
Elastic buffer uses 4 channels per SM
Elastic buffer uses 4 channels per SM
Elastic buffer uses 4 channels per SM
Elastic buffer uses 4 channels per SM
Elastic buffer uses 4 channels per SM
CPU side received count (scaleup: 1): -96 -92 -93 -115 -120 -99 -97 -103 # -129 -129 -129 -129 -129 -129 -129 -129 
CPU side received count (scaleup: 0): -102 -99 -111 -101 -102 -102 -84 -90 # -129 -129 -129 -129 -129 -129 -129 -129 
CPU side received count (scaleup: 2): -106 -95 -101 -98 -100 -111 -96 -96 # -129 -129 -129 -129 -129 -129 -129 -129 
CPU side received count (scaleup: 5): -111 -98 -102 -101 -108 -105 -110 -101 # -129 -129 -129 -129 -257 -129 -129 -129 
CPU side received count (scaleup: 6): -108 -97 -104 -110 -95 -96 -94 -108 # -129 -129 -129 -129 -129 -129 -129 -129 
CPU side received count (scaleup: 4): -110 -108 -92 -111 -101 -111 -97 -113 # -129 -129 -129 -129 -129 -257 -129 -129 
CPU side received count (scaleup: 3): -111 -112 -102 -87 -114 -95 -107 -109 # -129 -129 -129 -129 -129 -129 -129 -257 
CPU side received count (scaleup: 7): -103 -110 -98 -104 -89 -113 -83 -83 # -129 -129 -129 -129 -129 -129 -129 -129 
Elastic buffer uses 4 channels per SM
Elastic buffer uses 4 channels per SM
Elastic buffer uses 4 channels per SM
Elastic buffer uses 4 channels per SM
Elastic buffer uses 4 channels per SM
Elastic buffer uses 4 channels per SM
Elastic buffer uses 4 channels per SM
Elastic buffer uses 4 channels per SM
CPU side received count (scaleup: 5): -111 -98 -102 -101 -108 -105 -110 -101 # -129 -129 -129 -129 -257 -129 -129 -129 
CPU side received count (scaleup: 4): -110 -108 -92 -111 -101 -111 -97 -113 # -129 -129 -129 -129 -129 -257 -129 -129 
CPU side received count (scaleup: 1): -96 -92 -93 -115 -120 -99 -97 -103 # -129 -129 -129 -129 -129 -129 -129 -129 
CPU side received count (scaleup: 6): -108 -97 -104 -110 -95 -96 -94 -108 # -129 -129 -129 -129 -129 -129 -129 -129 
CPU side received count (scaleup: 2): -106 -95 -101 -98 -100 -111 -96 -96 # -129 -129 -129 -129 -129 -129 -129 -129 
CPU side received count (scaleup: 0): -102 -99 -111 -101 -102 -102 -84 -90 # -129 -129 -129 -129 -129 -129 -129 -129 
CPU side received count (scaleup: 7): -103 -110 -98 -104 -89 -113 -83 -83 # -129 -129 -129 -129 -129 -129 -129 -129 
CPU side received count (scaleup: 3): -111 -112 -102 -87 -114 -95 -107 -109 # -129 -129 -129 -129 -129 -129 -129 -257 
Elastic buffer uses 4 channels per SM
Elastic buffer uses 4 channels per SM
Elastic buffer uses 4 channels per SM
Elastic buffer uses 4 channels per SM
Elastic buffer uses 4 channels per SM
Elastic buffer uses 4 channels per SM
Elastic buffer uses 4 channels per SM
Elastic buffer uses 4 channels per SM
CPU side received count (scaleup: 6): -108 -97 -104 -110 -95 -96 -94 -108 # -129 -129 -129 -129 -129 -129 -129 -129 
CPU side received count (scaleup: 5): -111 -98 -102 -101 -108 -105 -110 -101 # -129 -129 -129 -129 -257 -129 -129 -129 
CPU side received count (scaleup: 0): -102 -99 -111 -101 -102 -102 -84 -90 # -129 -129 -129 -129 -129 -129 -129 -129 
CPU side received count (scaleup: 2): -106 -95 -101 -98 -100 -111 -96 -96 # -129 -129 -129 -129 -129 -129 -129 -129 
CPU side received count (scaleup: 4): -110 -108 -92 -111 -101 -111 -97 -113 # -129 -129 -129 -129 -129 -257 -129 -129 
CPU side received count (scaleup: 1): -96 -92 -93 -115 -120 -99 -97 -103 # -129 -129 -129 -129 -129 -129 -129 -129 
CPU side received count (scaleup: 7): -103 -110 -98 -104 -89 -113 -83 -83 # -129 -129 -129 -129 -129 -129 -129 -129 
CPU side received count (scaleup: 3): -111 -112 -102 -87 -114 -95 -107 -109 # -129 -129 -129 -129 -129 -129 -129 -257 
Elastic buffer uses 4 channels per SM
Elastic buffer uses 4 channels per SM
Elastic buffer uses 4 channels per SM
Elastic buffer uses 4 channels per SM
Elastic buffer uses 4 channels per SM
Elastic buffer uses 4 channels per SM
Elastic buffer uses 4 channels per SM
Elastic buffer uses 4 channels per SM
CPU side received count (scaleup: 1): -96 -92 -93 -115 -120 -99 -97 -103 # -129 -129 -129 -129 -129 -129 -129 -129 
CPU side received count (scaleup: 5): -111 -98 -102 -101 -108 -105 -110 -101 # -129 -129 -129 -129 -257 -129 -129 -129 
CPU side received count (scaleup: 2): -106 -95 -101 -98 -100 -111 -96 -96 # -129 -129 -129 -129 -129 -129 -129 -129 
CPU side received count (scaleup: 4): -110 -108 -92 -111 -101 -111 -97 -113 # -129 -129 -129 -129 -129 -257 -129 -129 
CPU side received count (scaleup: 0): -102 -99 -111 -101 -102 -102 -84 -90 # -129 -129 -129 -129 -129 -129 -129 -129 
CPU side received count (scaleup: 6): -108 -97 -104 -110 -95 -96 -94 -108 # -129 -129 -129 -129 -129 -129 -129 -129 
CPU side received count (scaleup: 7): -103 -110 -98 -104 -89 -113 -83 -83 # -129 -129 -129 -129 -129 -129 -129 -129 
CPU side received count (scaleup: 3): -111 -112 -102 -87 -114 -95 -107 -109 # -129 -129 -129 -129 -129 -129 -129 -257 
Elastic buffer uses 4 channels per SM
Elastic buffer uses 4 channels per SM
Elastic buffer uses 4 channels per SM
Elastic buffer uses 4 channels per SM
Elastic buffer uses 4 channels per SM
Elastic buffer uses 4 channels per SM
Elastic buffer uses 4 channels per SM
Elastic buffer uses 4 channels per SM
CPU side received count (scaleup: 4): -110 -108 -92 -111 -101 -111 -97 -113 # -129 -129 -129 -129 -129 -257 -129 -129 
CPU side received count (scaleup: 2): -106 -95 -101 -98 -100 -111 -96 -96 # -129 -129 -129 -129 -129 -129 -129 -129 
CPU side received count (scaleup: 0): -102 -99 -111 -101 -102 -102 -84 -90 # -129 -129 -129 -129 -129 -129 -129 -129 
CPU side received count (scaleup: 6): -108 -97 -104 -110 -95 -96 -94 -108 # -129 -129 -129 -129 -129 -129 -129 -129 
CPU side received count (scaleup: 5): -111 -98 -102 -101 -108 -105 -110 -101 # -129 -129 -129 -129 -257 -129 -129 -129 
CPU side received count (scaleup: 1): -96 -92 -93 -115 -120 -99 -97 -103 # -129 -129 -129 -129 -129 -129 -129 -129 
CPU side received count (scaleup: 3): -111 -112 -102 -87 -114 -95 -107 -109 # -129 -129 -129 -129 -129 -129 -129 -257 
CPU side received count (scaleup: 7): -103 -110 -98 -104 -89 -113 -83 -83 # -129 -129 -129 -129 -129 -129 -129 -129 
Elastic buffer uses 4 channels per SM
Elastic buffer uses 4 channels per SM
Elastic buffer uses 4 channels per SM
Elastic buffer uses 4 channels per SM
Elastic buffer uses 4 channels per SM
Elastic buffer uses 4 channels per SM
Elastic buffer uses 4 channels per SM
Elastic buffer uses 4 channels per SM
CPU side received count (scaleup: 5): -111 -98 -102 -101 -108 -105 -110 -101 # -129 -129 -129 -129 -257 -129 -129 -129 
CPU side received count (scaleup: 1): -96 -92 -93 -115 -120 -99 -97 -103 # -129 -129 -129 -129 -129 -129 -129 -129 
CPU side received count (scaleup: 0): -102 -99 -111 -101 -102 -102 -84 -90 # -129 -129 -129 -129 -129 -129 -129 -129 
CPU side received count (scaleup: 2): -106 -95 -101 -98 -100 -111 -96 -96 # -129 -129 -129 -129 -129 -129 -129 -129 
CPU side received count (scaleup: 6): -108 -97 -104 -110 -95 -96 -94 -108 # -129 -129 -129 -129 -129 -129 -129 -129 
CPU side received count (scaleup: 4): -110 -108 -92 -111 -101 -111 -97 -113 # -129 -129 -129 -129 -129 -257 -129 -129 
CPU side received count (scaleup: 7): -103 -110 -98 -104 -89 -113 -83 -83 # -129 -129 -129 -129 -129 -129 -129 -129 
CPU side received count (scaleup: 3): -111 -112 -102 -87 -114 -95 -107 -109 # -129 -129 -129 -129 -129 -129 -129 -257 
Elastic buffer uses 4 channels per SM
Elastic buffer uses 4 channels per SM
Elastic buffer uses 4 channels per SM
Elastic buffer uses 4 channels per SM
Elastic buffer uses 4 channels per SM
Elastic buffer uses 4 channels per SM
Elastic buffer uses 4 channels per SM
Elastic buffer uses 4 channels per SM
CPU side received count (scaleup: 0): -102 -99 -111 -101 -102 -102 -84 -90 # -129 -129 -129 -129 -129 -129 -129 -129 
CPU side received count (scaleup: 2): -106 -95 -101 -98 -100 -111 -96 -96 # -129 -129 -129 -129 -129 -129 -129 -129 
CPU side received count (scaleup: 1): -96 -92 -93 -115 -120 -99 -97 -103 # -129 -129 -129 -129 -129 -129 -129 -129 
CPU side received count (scaleup: 5): -111 -98 -102 -101 -108 -105 -110 -101 # -129 -129 -129 -129 -257 -129 -129 -129 
CPU side received count (scaleup: 4): -110 -108 -92 -111 -101 -111 -97 -113 # -129 -129 -129 -129 -129 -257 -129 -129 
CPU side received count (scaleup: 6): -108 -97 -104 -110 -95 -96 -94 -108 # -129 -129 -129 -129 -129 -129 -129 -129 
CPU side received count (scaleup: 3): -111 -112 -102 -87 -114 -95 -107 -109 # -129 -129 -129 -129 -129 -129 -129 -257 
CPU side received count (scaleup: 7): -103 -110 -98 -104 -89 -113 -83 -83 # -129 -129 -129 -129 -129 -129 -129 -129 
Elastic buffer uses 4 channels per SM
Elastic buffer uses 4 channels per SM
Elastic buffer uses 4 channels per SM
Elastic buffer uses 4 channels per SM
Elastic buffer uses 4 channels per SM
Elastic buffer uses 4 channels per SM
Elastic buffer uses 4 channels per SM
Elastic buffer uses 4 channels per SM
CPU side received count (scaleup: 5): -111 -98 -102 -101 -108 -105 -110 -101 # -129 -129 -129 -129 -257 -129 -129 -129 
CPU side received count (scaleup: 1): -96 -92 -93 -115 -120 -99 -97 -103 # -129 -129 -129 -129 -129 -129 -129 -129 
CPU side received count (scaleup: 6): -108 -97 -104 -110 -95 -96 -94 -108 # -129 -129 -129 -129 -129 -129 -129 -129 
CPU side received count (scaleup: 4): -110 -108 -92 -111 -101 -111 -97 -113 # -129 -129 -129 -129 -129 -257 -129 -129 
CPU side received count (scaleup: 2): -106 -95 -101 -98 -100 -111 -96 -96 # -129 -129 -129 -129 -129 -129 -129 -129 
CPU side received count (scaleup: 0): -102 -99 -111 -101 -102 -102 -84 -90 # -129 -129 -129 -129 -129 -129 -129 -129 
CPU side received count (scaleup: 3): -111 -112 -102 -87 -114 -95 -107 -109 # -129 -129 -129 -129 -129 -129 -129 -257 
CPU side received count (scaleup: 7): -103 -110 -98 -104 -89 -113 -83 -83 # -129 -129 -129 -129 -129 -129 -129 -129 
Elastic buffer uses 4 channels per SM
Elastic buffer uses 4 channels per SM
Elastic buffer uses 4 channels per SM
Elastic buffer uses 4 channels per SM
Elastic buffer uses 4 channels per SM
Elastic buffer uses 4 channels per SM
Elastic buffer uses 4 channels per SM
Elastic buffer uses 4 channels per SM
CPU side received count (scaleup: 5): -111 -98 -102 -101 -108 -105 -110 -101 # -129 -129 -129 -129 -257 -129 -129 -129 
CPU side received count (scaleup: 6): -108 -97 -104 -110 -95 -96 -94 -108 # -129 -129 -129 -129 -129 -129 -129 -129 
CPU side received count (scaleup: 0): -102 -99 -111 -101 -102 -102 -84 -90 # -129 -129 -129 -129 -129 -129 -129 -129 
CPU side received count (scaleup: 4): -110 -108 -92 -111 -101 -111 -97 -113 # -129 -129 -129 -129 -129 -257 -129 -129 
CPU side received count (scaleup: 2): -106 -95 -101 -98 -100 -111 -96 -96 # -129 -129 -129 -129 -129 -129 -129 -129 
CPU side received count (scaleup: 1): -96 -92 -93 -115 -120 -99 -97 -103 # -129 -129 -129 -129 -129 -129 -129 -129 
CPU side received count (scaleup: 7): -103 -110 -98 -104 -89 -113 -83 -83 # -129 -129 -129 -129 -129 -129 -129 -129 
CPU side received count (scaleup: 3): -111 -112 -102 -87 -114 -95 -107 -109 # -129 -129 -129 -129 -129 -129 -129 -257 
Elastic buffer uses 4 channels per SM
Elastic buffer uses 4 channels per SM
Elastic buffer uses 4 channels per SM
Elastic buffer uses 4 channels per SM
Elastic buffer uses 4 channels per SM
Elastic buffer uses 4 channels per SM
Elastic buffer uses 4 channels per SM
Elastic buffer uses 4 channels per SM
CPU side received count (scaleup: 5): -111 -98 -102 -101 -108 -105 -110 -101 # -129 -129 -129 -129 -257 -129 -129 -129 
CPU side received count (scaleup: 4): -110 -108 -92 -111 -101 -111 -97 -113 # -129 -129 -129 -129 -129 -257 -129 -129 
CPU side received count (scaleup: 6): -108 -97 -104 -110 -95 -96 -94 -108 # -129 -129 -129 -129 -129 -129 -129 -129 
CPU side received count (scaleup: 0): -102 -99 -111 -101 -102 -102 -84 -90 # -129 -129 -129 -129 -129 -129 -129 -129 
CPU side received count (scaleup: 1): -96 -92 -93 -115 -120 -99 -97 -103 # -129 -129 -129 -129 -129 -129 -129 -129 
CPU side received count (scaleup: 2): -106 -95 -101 -98 -100 -111 -96 -96 # -129 -129 -129 -129 -129 -129 -129 -129 
CPU side received count (scaleup: 3): -111 -112 -102 -87 -114 -95 -107 -109 # -129 -129 -129 -129 -129 -129 -129 -257 
CPU side received count (scaleup: 7): -103 -110 -98 -104 -89 -113 -83 -83 # -129 -129 -129 -129 -129 -129 -129 -129 
Elastic buffer uses 4 channels per SM
Elastic buffer uses 4 channels per SM
Elastic buffer uses 4 channels per SM
Elastic buffer uses 4 channels per SM
Elastic buffer uses 4 channels per SM
Elastic buffer uses 4 channels per SM
Elastic buffer uses 4 channels per SM
Elastic buffer uses 4 channels per SM
CPU side received count (scaleup: 2): -106 -95 -101 -98 -100 -111 -96 -96 # -129 -129 -129 -129 -129 -129 -129 -129 
CPU side received count (scaleup: 0): -102 -99 -111 -101 -102 -102 -84 -90 # -129 -129 -129 -129 -129 -129 -129 -129 
CPU side received count (scaleup: 1): -96 -92 -93 -115 -120 -99 -97 -103 # -129 -129 -129 -129 -129 -129 -129 -129 
CPU side received count (scaleup: 5): -111 -98 -102 -101 -108 -105 -110 -101 # -129 -129 -129 -129 -257 -129 -129 -129 
CPU side received count (scaleup: 6): -108 -97 -104 -110 -95 -96 -94 -108 # -129 -129 -129 -129 -129 -129 -129 -129 
CPU side received count (scaleup: 4): -110 -108 -92 -111 -101 -111 -97 -113 # -129 -129 -129 -129 -129 -257 -129 -129 
CPU side received count (scaleup: 7): -103 -110 -98 -104 -89 -113 -83 -83 # -129 -129 -129 -129 -129 -129 -129 -129 
CPU side received count (scaleup: 3): -111 -112 -102 -87 -114 -95 -107 -109 # -129 -129 -129 -129 -129 -129 -129 -257 
Elastic buffer uses 4 channels per SM
Elastic buffer uses 4 channels per SM
Elastic buffer uses 4 channels per SM
Elastic buffer uses 4 channels per SM
Elastic buffer uses 4 channels per SM
Elastic buffer uses 4 channels per SM
Elastic buffer uses 4 channels per SM
Elastic buffer uses 4 channels per SM
CPU side received count (scaleup: 0): -102 -99 -111 -101 -102 -102 -84 -90 # -129 -129 -129 -129 -129 -129 -129 -129 
CPU side received count (scaleup: 5): -111 -98 -102 -101 -108 -105 -110 -101 # -129 -129 -129 -129 -257 -129 -129 -129 
CPU side received count (scaleup: 2): -106 -95 -101 -98 -100 -111 -96 -96 # -129 -129 -129 -129 -129 -129 -129 -129 
CPU side received count (scaleup: 1): -96 -92 -93 -115 -120 -99 -97 -103 # -129 -129 -129 -129 -129 -129 -129 -129 
CPU side received count (scaleup: 4): -110 -108 -92 -111 -101 -111 -97 -113 # -129 -129 -129 -129 -129 -257 -129 -129 
CPU side received count (scaleup: 6): -108 -97 -104 -110 -95 -96 -94 -108 # -129 -129 -129 -129 -129 -129 -129 -129 
CPU side received count (scaleup: 7): -103 -110 -98 -104 -89 -113 -83 -83 # -129 -129 -129 -129 -129 -129 -129 -129 
CPU side received count (scaleup: 3): -111 -112 -102 -87 -114 -95 -107 -109 # -129 -129 -129 -129 -129 -129 -129 -257 
Elastic buffer uses 4 channels per SM
Elastic buffer uses 4 channels per SM
Elastic buffer uses 4 channels per SM
Elastic buffer uses 4 channels per SM
Elastic buffer uses 4 channels per SM
Elastic buffer uses 4 channels per SM
Elastic buffer uses 4 channels per SM
Elastic buffer uses 4 channels per SM
CPU side received count (scaleup: 5): -111 -98 -102 -101 -108 -105 -110 -101 # -129 -129 -129 -129 -257 -129 -129 -129 
CPU side received count (scaleup: 6): -108 -97 -104 -110 -95 -96 -94 -108 # -129 -129 -129 -129 -129 -129 -129 -129 
CPU side received count (scaleup: 4): -110 -108 -92 -111 -101 -111 -97 -113 # -129 -129 -129 -129 -129 -257 -129 -129 
CPU side received count (scaleup: 2): -106 -95 -101 -98 -100 -111 -96 -96 # -129 -129 -129 -129 -129 -129 -129 -129 
CPU side received count (scaleup: 1): -96 -92 -93 -115 -120 -99 -97 -103 # -129 -129 -129 -129 -129 -129 -129 -129 
CPU side received count (scaleup: 0): -102 -99 -111 -101 -102 -102 -84 -90 # -129 -129 -129 -129 -129 -129 -129 -129 
CPU side received count (scaleup: 7): -103 -110 -98 -104 -89 -113 -83 -83 # -129 -129 -129 -129 -129 -129 -129 -129 
CPU side received count (scaleup: 3): -111 -112 -102 -87 -114 -95 -107 -109 # -129 -129 -129 -129 -129 -129 -129 -257 
Elastic buffer uses 4 channels per SM
Elastic buffer uses 4 channels per SM
Elastic buffer uses 4 channels per SM
Elastic buffer uses 4 channels per SM
Elastic buffer uses 4 channels per SM
Elastic buffer uses 4 channels per SM
Elastic buffer uses 4 channels per SM
Elastic buffer uses 4 channels per SM
CPU side received count (scaleup: 2): -106 -95 -101 -98 -100 -111 -96 -96 # -129 -129 -129 -129 -129 -129 -129 -129 
CPU side received count (scaleup: 1): -96 -92 -93 -115 -120 -99 -97 -103 # -129 -129 -129 -129 -129 -129 -129 -129 
CPU side received count (scaleup: 5): -111 -98 -102 -101 -108 -105 -110 -101 # -129 -129 -129 -129 -257 -129 -129 -129 
CPU side received count (scaleup: 6): -108 -97 -104 -110 -95 -96 -94 -108 # -129 -129 -129 -129 -129 -129 -129 -129 
CPU side received count (scaleup: 4): -110 -108 -92 -111 -101 -111 -97 -113 # -129 -129 -129 -129 -129 -257 -129 -129 
CPU side received count (scaleup: 0): -102 -99 -111 -101 -102 -102 -84 -90 # -129 -129 -129 -129 -129 -129 -129 -129 
CPU side received count (scaleup: 3): -111 -112 -102 -87 -114 -95 -107 -109 # -129 -129 -129 -129 -129 -129 -129 -257 
CPU side received count (scaleup: 7): -103 -110 -98 -104 -89 -113 -83 -83 # -129 -129 -129 -129 -129 -129 -129 -129 
Elastic buffer uses 4 channels per SM
Elastic buffer uses 4 channels per SM
Elastic buffer uses 4 channels per SM
Elastic buffer uses 4 channels per SM
Elastic buffer uses 4 channels per SM
Elastic buffer uses 4 channels per SM
Elastic buffer uses 4 channels per SM
Elastic buffer uses 4 channels per SM
CPU side received count (scaleup: 5): -111 -98 -102 -101 -108 -105 -110 -101 # -129 -129 -129 -129 -257 -129 -129 -129 
CPU side received count (scaleup: 4): -110 -108 -92 -111 -101 -111 -97 -113 # -129 -129 -129 -129 -129 -257 -129 -129 
CPU side received count (scaleup: 6): -108 -97 -104 -110 -95 -96 -94 -108 # -129 -129 -129 -129 -129 -129 -129 -129 
CPU side received count (scaleup: 0): -102 -99 -111 -101 -102 -102 -84 -90 # -129 -129 -129 -129 -129 -129 -129 -129 
CPU side received count (scaleup: 1): -96 -92 -93 -115 -120 -99 -97 -103 # -129 -129 -129 -129 -129 -129 -129 -129 
CPU side received count (scaleup: 2): -106 -95 -101 -98 -100 -111 -96 -96 # -129 -129 -129 -129 -129 -129 -129 -129 
CPU side received count (scaleup: 3): -111 -112 -102 -87 -114 -95 -107 -109 # -129 -129 -129 -129 -129 -129 -129 -257 
CPU side received count (scaleup: 7): -103 -110 -98 -104 -89 -113 -83 -83 # -129 -129 -129 -129 -129 -129 -129 -129 
Elastic buffer uses 4 channels per SM
Elastic buffer uses 4 channels per SM
Elastic buffer uses 4 channels per SM
Elastic buffer uses 4 channels per SM
Elastic buffer uses 4 channels per SM
Elastic buffer uses 4 channels per SM
Elastic buffer uses 4 channels per SM
Elastic buffer uses 4 channels per SM
CPU side received count (scaleup: 5): -111 -98 -102 -101 -108 -105 -110 -101 # -129 -129 -129 -129 -257 -129 -129 -129 
CPU side received count (scaleup: 6): -108 -97 -104 -110 -95 -96 -94 -108 # -129 -129 -129 -129 -129 -129 -129 -129 
CPU side received count (scaleup: 0): -102 -99 -111 -101 -102 -102 -84 -90 # -129 -129 -129 -129 -129 -129 -129 -129 
CPU side received count (scaleup: 4): -110 -108 -92 -111 -101 -111 -97 -113 # -129 -129 -129 -129 -129 -257 -129 -129 
CPU side received count (scaleup: 2): -106 -95 -101 -98 -100 -111 -96 -96 # -129 -129 -129 -129 -129 -129 -129 -129 
CPU side received count (scaleup: 1): -96 -92 -93 -115 -120 -99 -97 -103 # -129 -129 -129 -129 -129 -129 -129 -129 
CPU side received count (scaleup: 7): -103 -110 -98 -104 -89 -113 -83 -83 # -129 -129 -129 -129 -129 -129 -129 -129 
CPU side received count (scaleup: 3): -111 -112 -102 -87 -114 -95 -107 -109 # -129 -129 -129 -129 -129 -129 -129 -257 
Elastic buffer uses 4 channels per SM
Elastic buffer uses 4 channels per SM
Elastic buffer uses 4 channels per SM
Elastic buffer uses 4 channels per SM
Elastic buffer uses 4 channels per SM
Elastic buffer uses 4 channels per SM
Elastic buffer uses 4 channels per SM
Elastic buffer uses 4 channels per SM
CPU side received count (scaleup: 1): -96 -92 -93 -115 -120 -99 -97 -103 # -129 -129 -129 -129 -129 -129 -129 -129 
CPU side received count (scaleup: 5): -111 -98 -102 -101 -108 -105 -110 -101 # -129 -129 -129 -129 -257 -129 -129 -129 
CPU side received count (scaleup: 2): -106 -95 -101 -98 -100 -111 -96 -96 # -129 -129 -129 -129 -129 -129 -129 -129 
CPU side received count (scaleup: 0): -102 -99 -111 -101 -102 -102 -84 -90 # -129 -129 -129 -129 -129 -129 -129 -129 
CPU side received count (scaleup: 4): -110 -108 -92 -111 -101 -111 -97 -113 # -129 -129 -129 -129 -129 -257 -129 -129 
CPU side received count (scaleup: 6): -108 -97 -104 -110 -95 -96 -94 -108 # -129 -129 -129 -129 -129 -129 -129 -129 
CPU side received count (scaleup: 7): -103 -110 -98 -104 -89 -113 -83 -83 # -129 -129 -129 -129 -129 -129 -129 -129 
CPU side received count (scaleup: 3): -111 -112 -102 -87 -114 -95 -107 -109 # -129 -129 -129 -129 -129 -129 -129 -257 
Elastic buffer uses 4 channels per SM
Elastic buffer uses 4 channels per SM
Elastic buffer uses 4 channels per SM
Elastic buffer uses 4 channels per SM
Elastic buffer uses 4 channels per SM
Elastic buffer uses 4 channels per SM
Elastic buffer uses 4 channels per SM
Elastic buffer uses 4 channels per SM
CPU side received count (scaleup: 2): -106 -95 -101 -98 -100 -111 -96 -96 # -129 -129 -129 -129 -129 -129 -129 -129 
CPU side received count (scaleup: 0): -102 -99 -111 -101 -102 -102 -84 -90 # -129 -129 -129 -129 -129 -129 -129 -129 
CPU side received count (scaleup: 4): -110 -108 -92 -111 -101 -111 -97 -113 # -129 -129 -129 -129 -129 -257 -129 -129 
CPU side received count (scaleup: 1): -96 -92 -93 -115 -120 -99 -97 -103 # -129 -129 -129 -129 -129 -129 -129 -129 
CPU side received count (scaleup: 5): -111 -98 -102 -101 -108 -105 -110 -101 # -129 -129 -129 -129 -257 -129 -129 -129 
CPU side received count (scaleup: 6): -108 -97 -104 -110 -95 -96 -94 -108 # -129 -129 -129 -129 -129 -129 -129 -129 
CPU side received count (scaleup: 7): -103 -110 -98 -104 -89 -113 -83 -83 # -129 -129 -129 -129 -129 -129 -129 -129 
CPU side received count (scaleup: 3): -111 -112 -102 -87 -114 -95 -107 -109 # -129 -129 -129 -129 -129 -129 -129 -257 
Elastic buffer uses 4 channels per SM
Elastic buffer uses 4 channels per SM
Elastic buffer uses 4 channels per SM
Elastic buffer uses 4 channels per SM
Elastic buffer uses 4 channels per SM
Elastic buffer uses 4 channels per SM
Elastic buffer uses 4 channels per SM
Elastic buffer uses 4 channels per SM
CPU side received count (scaleup: 4): -110 -108 -92 -111 -101 -111 -97 -113 # -129 -129 -129 -129 -129 -257 -129 -129 
CPU side received count (scaleup: 6): -108 -97 -104 -110 -95 -96 -94 -108 # -129 -129 -129 -129 -129 -129 -129 -129 
CPU side received count (scaleup: 5): -111 -98 -102 -101 -108 -105 -110 -101 # -129 -129 -129 -129 -257 -129 -129 -129 
CPU side received count (scaleup: 1): -96 -92 -93 -115 -120 -99 -97 -103 # -129 -129 -129 -129 -129 -129 -129 -129 
CPU side received count (scaleup: 0): -102 -99 -111 -101 -102 -102 -84 -90 # -129 -129 -129 -129 -129 -129 -129 -129 
CPU side received count (scaleup: 2): -106 -95 -101 -98 -100 -111 -96 -96 # -129 -129 -129 -129 -129 -129 -129 -129 
CPU side received count (scaleup: 7): -103 -110 -98 -104 -89 -113 -83 -83 # -129 -129 -129 -129 -129 -129 -129 -129 
CPU side received count (scaleup: 3): -111 -112 -102 -87 -114 -95 -107 -109 # -129 -129 -129 -129 -129 -129 -129 -257 
Elastic buffer uses 4 channels per SM
Elastic buffer uses 4 channels per SM
Elastic buffer uses 4 channels per SM
Elastic buffer uses 4 channels per SM
Elastic buffer uses 4 channels per SM
Elastic buffer uses 4 channels per SM
Elastic buffer uses 4 channels per SM
Elastic buffer uses 4 channels per SM
CPU side received count (scaleup: 5): -111 -98 -102 -101 -108 -105 -110 -101 # -129 -129 -129 -129 -257 -129 -129 -129 
CPU side received count (scaleup: 6): -108 -97 -104 -110 -95 -96 -94 -108 # -129 -129 -129 -129 -129 -129 -129 -129 
CPU side received count (scaleup: 2): -106 -95 -101 -98 -100 -111 -96 -96 # -129 -129 -129 -129 -129 -129 -129 -129 
CPU side received count (scaleup: 4): -110 -108 -92 -111 -101 -111 -97 -113 # -129 -129 -129 -129 -129 -257 -129 -129 
CPU side received count (scaleup: 0): -102 -99 -111 -101 -102 -102 -84 -90 # -129 -129 -129 -129 -129 -129 -129 -129 
CPU side received count (scaleup: 1): -96 -92 -93 -115 -120 -99 -97 -103 # -129 -129 -129 -129 -129 -129 -129 -129 
CPU side received count (scaleup: 7): -103 -110 -98 -104 -89 -113 -83 -83 # -129 -129 -129 -129 -129 -129 -129 -129 
CPU side received count (scaleup: 3): -111 -112 -102 -87 -114 -95 -107 -109 # -129 -129 -129 -129 -129 -129 -129 -257 
Elastic buffer uses 4 channels per SM
Elastic buffer uses 4 channels per SM
Elastic buffer uses 4 channels per SM
Elastic buffer uses 4 channels per SM
Elastic buffer uses 4 channels per SM
Elastic buffer uses 4 channels per SM
Elastic buffer uses 4 channels per SM
Elastic buffer uses 4 channels per SM
CPU side received count (scaleup: 2): -106 -95 -101 -98 -100 -111 -96 -96 # -129 -129 -129 -129 -129 -129 -129 -129 
CPU side received count (scaleup: 5): -111 -98 -102 -101 -108 -105 -110 -101 # -129 -129 -129 -129 -257 -129 -129 -129 
CPU side received count (scaleup: 0): -102 -99 -111 -101 -102 -102 -84 -90 # -129 -129 -129 -129 -129 -129 -129 -129 
CPU side received count (scaleup: 6): -108 -97 -104 -110 -95 -96 -94 -108 # -129 -129 -129 -129 -129 -129 -129 -129 
CPU side received count (scaleup: 4): -110 -108 -92 -111 -101 -111 -97 -113 # -129 -129 -129 -129 -129 -257 -129 -129 
CPU side received count (scaleup: 1): -96 -92 -93 -115 -120 -99 -97 -103 # -129 -129 -129 -129 -129 -129 -129 -129 
CPU side received count (scaleup: 7): -103 -110 -98 -104 -89 -113 -83 -83 # -129 -129 -129 -129 -129 -129 -129 -129 
CPU side received count (scaleup: 3): -111 -112 -102 -87 -114 -95 -107 -109 # -129 -129 -129 -129 -129 -129 -129 -257 
Elastic buffer uses 4 channels per SM
Elastic buffer uses 4 channels per SM
Elastic buffer uses 4 channels per SM
Elastic buffer uses 4 channels per SM
Elastic buffer uses 4 channels per SM
Elastic buffer uses 4 channels per SM
Elastic buffer uses 4 channels per SM
Elastic buffer uses 4 channels per SM
CPU side received count (scaleup: 2): -106 -95 -101 -98 -100 -111 -96 -96 # -129 -129 -129 -129 -129 -129 -129 -129 
CPU side received count (scaleup: 1): -96 -92 -93 -115 -120 -99 -97 -103 # -129 -129 -129 -129 -129 -129 -129 -129 
CPU side received count (scaleup: 5): -111 -98 -102 -101 -108 -105 -110 -101 # -129 -129 -129 -129 -257 -129 -129 -129 
CPU side received count (scaleup: 0): -102 -99 -111 -101 -102 -102 -84 -90 # -129 -129 -129 -129 -129 -129 -129 -129 
CPU side received count (scaleup: 6): -108 -97 -104 -110 -95 -96 -94 -108 # -129 -129 -129 -129 -129 -129 -129 -129 
CPU side received count (scaleup: 4): -110 -108 -92 -111 -101 -111 -97 -113 # -129 -129 -129 -129 -129 -257 -129 -129 
CPU side received count (scaleup: 7): -103 -110 -98 -104 -89 -113 -83 -83 # -129 -129 -129 -129 -129 -129 -129 -129 
CPU side received count (scaleup: 3): -111 -112 -102 -87 -114 -95 -107 -109 # -129 -129 -129 -129 -129 -129 -129 -257 
Elastic buffer uses 4 channels per SM
Elastic buffer uses 4 channels per SM
Elastic buffer uses 4 channels per SM
Elastic buffer uses 4 channels per SM
Elastic buffer uses 4 channels per SM
Elastic buffer uses 4 channels per SM
Elastic buffer uses 4 channels per SM
Elastic buffer uses 4 channels per SM
CPU side received count (scaleup: 5): -111 -98 -102 -101 -108 -105 -110 -101 # -129 -129 -129 -129 -257 -129 -129 -129 
CPU side received count (scaleup: 6): -108 -97 -104 -110 -95 -96 -94 -108 # -129 -129 -129 -129 -129 -129 -129 -129 
CPU side received count (scaleup: 4): -110 -108 -92 -111 -101 -111 -97 -113 # -129 -129 -129 -129 -129 -257 -129 -129 
CPU side received count (scaleup: 1): -96 -92 -93 -115 -120 -99 -97 -103 # -129 -129 -129 -129 -129 -129 -129 -129 
CPU side received count (scaleup: 2): -106 -95 -101 -98 -100 -111 -96 -96 # -129 -129 -129 -129 -129 -129 -129 -129 
CPU side received count (scaleup: 0): -102 -99 -111 -101 -102 -102 -84 -90 # -129 -129 -129 -129 -129 -129 -129 -129 
CPU side received count (scaleup: 7): -103 -110 -98 -104 -89 -113 -83 -83 # -129 -129 -129 -129 -129 -129 -129 -129 
CPU side received count (scaleup: 3): -111 -112 -102 -87 -114 -95 -107 -109 # -129 -129 -129 -129 -129 -129 -129 -257 
Elastic buffer uses 4 channels per SM
Elastic buffer uses 4 channels per SM
Elastic buffer uses 4 channels per SM
Elastic buffer uses 4 channels per SM
Elastic buffer uses 4 channels per SM
Elastic buffer uses 4 channels per SM
Elastic buffer uses 4 channels per SM
Elastic buffer uses 4 channels per SM
CPU side received count (scaleup: 0): -102 -99 -111 -101 -102 -102 -84 -90 # -129 -129 -129 -129 -129 -129 -129 -129 
CPU side received count (scaleup: 1): -96 -92 -93 -115 -120 -99 -97 -103 # -129 -129 -129 -129 -129 -129 -129 -129 
CPU side received count (scaleup: 2): -106 -95 -101 -98 -100 -111 -96 -96 # -129 -129 -129 -129 -129 -129 -129 -129 
CPU side received count (scaleup: 6): -108 -97 -104 -110 -95 -96 -94 -108 # -129 -129 -129 -129 -129 -129 -129 -129 
CPU side received count (scaleup: 5): -111 -98 -102 -101 -108 -105 -110 -101 # -129 -129 -129 -129 -257 -129 -129 -129 
CPU side received count (scaleup: 4): -110 -108 -92 -111 -101 -111 -97 -113 # -129 -129 -129 -129 -129 -257 -129 -129 
CPU side received count (scaleup: 7): -103 -110 -98 -104 -89 -113 -83 -83 # -129 -129 -129 -129 -129 -129 -129 -129 
CPU side received count (scaleup: 3): -111 -112 -102 -87 -114 -95 -107 -109 # -129 -129 -129 -129 -129 -129 -129 -257 
Elastic buffer uses 4 channels per SM
Elastic buffer uses 4 channels per SM
Elastic buffer uses 4 channels per SM
Elastic buffer uses 4 channels per SM
Elastic buffer uses 4 channels per SM
Elastic buffer uses 4 channels per SM
Elastic buffer uses 4 channels per SM
Elastic buffer uses 4 channels per SM
CPU side received count (scaleup: 5): -111 -98 -102 -101 -108 -105 -110 -101 # -129 -129 -129 -129 -257 -129 -129 -129 
CPU side received count (scaleup: 4): -110 -108 -92 -111 -101 -111 -97 -113 # -129 -129 -129 -129 -129 -257 -129 -129 
CPU side received count (scaleup: 6): -108 -97 -104 -110 -95 -96 -94 -108 # -129 -129 -129 -129 -129 -129 -129 -129 
CPU side received count (scaleup: 1): -96 -92 -93 -115 -120 -99 -97 -103 # -129 -129 -129 -129 -129 -129 -129 -129 
CPU side received count (scaleup: 2): -106 -95 -101 -98 -100 -111 -96 -96 # -129 -129 -129 -129 -129 -129 -129 -129 
CPU side received count (scaleup: 0): -102 -99 -111 -101 -102 -102 -84 -90 # -129 -129 -129 -129 -129 -129 -129 -129 
CPU side received count (scaleup: 7): -103 -110 -98 -104 -89 -113 -83 -83 # -129 -129 -129 -129 -129 -129 -129 -129 
CPU side received count (scaleup: 3): -111 -112 -102 -87 -114 -95 -107 -109 # -129 -129 -129 -129 -129 -129 -129 -257 
USDT:2026-08-25 02:44:38 438:438 SyncActivityProfilerHandler.cpp:59] profiler_stopUSDT:2026-08-25 02:44:38 437:437 SyncActivityProfilerHandler.cpp:59] profiler_stop

USDT:2026-08-25 02:44:38 434:434 SyncActivityProfilerHandler.cpp:59] profiler_stopUSDT:2026-08-25 02:44:38 435:435 SyncActivityProfilerHandler.cpp:59] profiler_stopUSDT:2026-08-25 02:44:38 433:433 SyncActivityProfilerHandler.cpp:59] profiler_stop
USDT:2026-08-25 02:44:38 439:439 SyncActivityProfilerHandler.cpp:59] profiler_stop


USDT:2026-08-25 02:44:38 436:436 SyncActivityProfilerHandler.cpp:59] profiler_stop
USDT:2026-08-25 02:44:38 440:440 SyncActivityProfilerHandler.cpp:59] profiler_stop
   - EP:   0/32 | expanded dispatch: 3 GB/s (SO), 6 GB/s (SU), 1039.000 us, 5863104 bytes | copy: 613 GB/s, 21.892 us
   - EP:   4/32 | expanded dispatch: 3 GB/s (SO), 6 GB/s (SU), 1040.000 us, 6252480 bytes | copy: 173 GB/s, 85.738 us
   - EP:   1/32 | expanded dispatch: 3 GB/s (SO), 6 GB/s (SU), 1039.000 us, 6042816 bytes | copy: 748 GB/s, 18.173 us
   - EP:   6/32 | expanded dispatch: 3 GB/s (SO), 6 GB/s (SU), 1040.000 us, 6020352 bytes | copy: 40 GB/s, 342.367 us
   - EP:   5/32 | expanded dispatch: 3 GB/s (SO), 6 GB/s (SU), 1040.000 us, 6200064 bytes | copy: 181 GB/s, 80.963 us
   - EP:   2/32 | expanded dispatch: 3 GB/s (SO), 6 GB/s (SU), 1040.000 us, 5952960 bytes | copy: 55 GB/s, 243.791 us
   - EP:   3/32 | expanded dispatch: 3 GB/s (SO), 6 GB/s (SU), 1040.000 us, 6207552 bytes | copy: 71 GB/s, 195.306 us
   - EP:   7/32 | expanded dispatch: 3 GB/s (SO), 6 GB/s (SU), 1040.000 us, 5803200 bytes | copy: 124 GB/s, 106.463 us
Elastic buffer uses 4 channels per SM
Elastic buffer uses 4 channels per SM
Elastic buffer uses 4 channels per SM
Elastic buffer uses 4 channels per SM
Elastic buffer uses 4 channels per SM
Elastic buffer uses 4 channels per SM
Elastic buffer uses 4 channels per SM
Elastic buffer uses 4 channels per SM
Elastic buffer uses 4 channels per SM
Elastic buffer uses 4 channels per SM
Elastic buffer uses 4 channels per SM
Elastic buffer uses 4 channels per SM
Elastic buffer uses 4 channels per SM
Elastic buffer uses 4 channels per SM
Elastic buffer uses 4 channels per SM
Elastic buffer uses 4 channels per SM
Elastic buffer uses 4 channels per SM
Elastic buffer uses 4 channels per SM
Elastic buffer uses 4 channels per SM
Elastic buffer uses 4 channels per SM
Elastic buffer uses 4 channels per SM
Elastic buffer uses 4 channels per SM
Elastic buffer uses 4 channels per SM
Elastic buffer uses 4 channels per SM
Elastic buffer uses 4 channels per SM
Elastic buffer uses 4 channels per SM
Elastic buffer uses 4 channels per SM
Elastic buffer uses 4 channels per SM
Elastic buffer uses 4 channels per SM
Elastic buffer uses 4 channels per SM
Elastic buffer uses 4 channels per SM
Elastic buffer uses 4 channels per SM
Elastic buffer uses 4 channels per SM
Elastic buffer uses 4 channels per SM
Elastic buffer uses 4 channels per SM
Elastic buffer uses 4 channels per SM
Elastic buffer uses 4 channels per SM
Elastic buffer uses 4 channels per SM
Elastic buffer uses 4 channels per SM
Elastic buffer uses 4 channels per SM
Elastic buffer uses 4 channels per SM
Elastic buffer uses 4 channels per SM
Elastic buffer uses 4 channels per SM
Elastic buffer uses 4 channels per SM
Elastic buffer uses 4 channels per SM
Elastic buffer uses 4 channels per SM
Elastic buffer uses 4 channels per SM
Elastic buffer uses 4 channels per SM
Elastic buffer uses 4 channels per SM
Elastic buffer uses 4 channels per SM
Elastic buffer uses 4 channels per SM
Elastic buffer uses 4 channels per SM
Elastic buffer uses 4 channels per SM
Elastic buffer uses 4 channels per SM
Elastic buffer uses 4 channels per SM
Elastic buffer uses 4 channels per SM
Elastic buffer uses 4 channels per SM
Elastic buffer uses 4 channels per SM
Elastic buffer uses 4 channels per SM
Elastic buffer uses 4 channels per SM
Elastic buffer uses 4 channels per SM
Elastic buffer uses 4 channels per SM
Elastic buffer uses 4 channels per SM
Elastic buffer uses 4 channels per SM
Elastic buffer uses 4 channels per SM
Elastic buffer uses 4 channels per SM
Elastic buffer uses 4 channels per SM
Elastic buffer uses 4 channels per SM
Elastic buffer uses 4 channels per SM
Elastic buffer uses 4 channels per SM
Elastic buffer uses 4 channels per SM
Elastic buffer uses 4 channels per SM
Elastic buffer uses 4 channels per SM
Elastic buffer uses 4 channels per SM
Elastic buffer uses 4 channels per SM
Elastic buffer uses 4 channels per SM
Elastic buffer uses 4 channels per SM
Elastic buffer uses 4 channels per SM
Elastic buffer uses 4 channels per SM
Elastic buffer uses 4 channels per SM
Elastic buffer uses 4 channels per SM
Elastic buffer uses 4 channels per SM
Elastic buffer uses 4 channels per SM
Elastic buffer uses 4 channels per SM
Elastic buffer uses 4 channels per SM
Elastic buffer uses 4 channels per SM
Elastic buffer uses 4 channels per SM
Elastic buffer uses 4 channels per SM
Elastic buffer uses 4 channels per SM
Elastic buffer uses 4 channels per SM
Elastic buffer uses 4 channels per SM
Elastic buffer uses 4 channels per SM
Elastic buffer uses 4 channels per SM
Elastic buffer uses 4 channels per SM
Elastic buffer uses 4 channels per SM
Elastic buffer uses 4 channels per SM
Elastic buffer uses 4 channels per SM
Elastic buffer uses 4 channels per SM
Elastic buffer uses 4 channels per SM
Elastic buffer uses 4 channels per SM
Elastic buffer uses 4 channels per SM
Elastic buffer uses 4 channels per SM
Elastic buffer uses 4 channels per SM
Elastic buffer uses 4 channels per SM
Elastic buffer uses 4 channels per SM
Elastic buffer uses 4 channels per SM
Elastic buffer uses 4 channels per SM
Elastic buffer uses 4 channels per SM
Elastic buffer uses 4 channels per SM
Elastic buffer uses 4 channels per SM
Elastic buffer uses 4 channels per SM
Elastic buffer uses 4 channels per SM
Elastic buffer uses 4 channels per SM
Elastic buffer uses 4 channels per SM
Elastic buffer uses 4 channels per SM
Elastic buffer uses 4 channels per SM
Elastic buffer uses 4 channels per SM
Elastic buffer uses 4 channels per SM
Elastic buffer uses 4 channels per SM
Elastic buffer uses 4 channels per SM
Elastic buffer uses 4 channels per SM
Elastic buffer uses 4 channels per SM
Elastic buffer uses 4 channels per SM
Elastic buffer uses 4 channels per SM
Elastic buffer uses 4 channels per SM
Elastic buffer uses 4 channels per SM
Elastic buffer uses 4 channels per SM
Elastic buffer uses 4 channels per SM
Elastic buffer uses 4 channels per SM
Elastic buffer uses 4 channels per SM
Elastic buffer uses 4 channels per SM
Elastic buffer uses 4 channels per SM
Elastic buffer uses 4 channels per SM
Elastic buffer uses 4 channels per SM
Elastic buffer uses 4 channels per SM
Elastic buffer uses 4 channels per SM
Elastic buffer uses 4 channels per SM
Elastic buffer uses 4 channels per SM
Elastic buffer uses 4 channels per SM
Elastic buffer uses 4 channels per SM
Elastic buffer uses 4 channels per SM
Elastic buffer uses 4 channels per SM
Elastic buffer uses 4 channels per SM
Elastic buffer uses 4 channels per SM
Elastic buffer uses 4 channels per SM
Elastic buffer uses 4 channels per SM
Elastic buffer uses 4 channels per SM
Elastic buffer uses 4 channels per SM
Elastic buffer uses 4 channels per SM
Elastic buffer uses 4 channels per SM
Elastic buffer uses 4 channels per SM
Elastic buffer uses 4 channels per SM
Elastic buffer uses 4 channels per SM
Elastic buffer uses 4 channels per SM
Elastic buffer uses 4 channels per SM
Elastic buffer uses 4 channels per SM
Elastic buffer uses 4 channels per SM
Elastic buffer uses 4 channels per SM
Elastic buffer uses 4 channels per SM
Elastic buffer uses 4 channels per SM
Elastic buffer uses 4 channels per SM
Elastic buffer uses 4 channels per SM
Elastic buffer uses 4 channels per SM
Elastic buffer uses 4 channels per SM
Elastic buffer uses 4 channels per SM
Elastic buffer uses 4 channels per SM
Elastic buffer uses 4 channels per SM
Elastic buffer uses 4 channels per SM
Elastic buffer uses 4 channels per SM
Elastic buffer uses 4 channels per SM
Elastic buffer uses 4 channels per SM
Elastic buffer uses 4 channels per SM
Elastic buffer uses 4 channels per SM
Elastic buffer uses 4 channels per SM
Elastic buffer uses 4 channels per SM
Elastic buffer uses 4 channels per SM
Elastic buffer uses 4 channels per SM
Elastic buffer uses 4 channels per SM
Elastic buffer uses 4 channels per SM
Elastic buffer uses 4 channels per SM
Elastic buffer uses 4 channels per SM
Elastic buffer uses 4 channels per SM
Elastic buffer uses 4 channels per SM
Elastic buffer uses 4 channels per SM
Elastic buffer uses 4 channels per SM
Elastic buffer uses 4 channels per SM
Elastic buffer uses 4 channels per SM
Elastic buffer uses 4 channels per SM
Elastic buffer uses 4 channels per SM
Elastic buffer uses 4 channels per SM
Elastic buffer uses 4 channels per SM
Elastic buffer uses 4 channels per SM
Elastic buffer uses 4 channels per SM
Elastic buffer uses 4 channels per SM
Elastic buffer uses 4 channels per SM
Elastic buffer uses 4 channels per SM
Elastic buffer uses 4 channels per SM
Elastic buffer uses 4 channels per SM
Elastic buffer uses 4 channels per SM
Elastic buffer uses 4 channels per SM
Elastic buffer uses 4 channels per SM
Elastic buffer uses 4 channels per SM
Elastic buffer uses 4 channels per SM
Elastic buffer uses 4 channels per SM
Elastic buffer uses 4 channels per SM
Elastic buffer uses 4 channels per SM
Elastic buffer uses 4 channels per SM
Elastic buffer uses 4 channels per SM
Elastic buffer uses 4 channels per SM
Elastic buffer uses 4 channels per SM
Elastic buffer uses 4 channels per SM
Elastic buffer uses 4 channels per SM
Elastic buffer uses 4 channels per SM
Elastic buffer uses 4 channels per SM
Elastic buffer uses 4 channels per SM
Elastic buffer uses 4 channels per SM
Elastic buffer uses 4 channels per SM
Elastic buffer uses 4 channels per SM
Elastic buffer uses 4 channels per SM
Elastic buffer uses 4 channels per SM
Elastic buffer uses 4 channels per SM
Elastic buffer uses 4 channels per SM
Elastic buffer uses 4 channels per SM
Elastic buffer uses 4 channels per SM
Elastic buffer uses 4 channels per SM
Elastic buffer uses 4 channels per SM
Elastic buffer uses 4 channels per SM
Elastic buffer uses 4 channels per SM
Elastic buffer uses 4 channels per SM
Elastic buffer uses 4 channels per SM
Elastic buffer uses 4 channels per SM
Elastic buffer uses 4 channels per SM
Elastic buffer uses 4 channels per SM
Elastic buffer uses 4 channels per SM
Elastic buffer uses 4 channels per SM
Elastic buffer uses 4 channels per SM
Elastic buffer uses 4 channels per SM
Elastic buffer uses 4 channels per SM
Elastic buffer uses 4 channels per SM
Elastic buffer uses 4 channels per SM
Elastic buffer uses 4 channels per SM
Elastic buffer uses 4 channels per SM
Elastic buffer uses 4 channels per SM
Elastic buffer uses 4 channels per SM
Elastic buffer uses 4 channels per SM
Elastic buffer uses 4 channels per SM
Elastic buffer uses 4 channels per SM
Elastic buffer uses 4 channels per SM
USDT:2026-08-25 02:44:39 434:434 SyncActivityProfilerHandler.cpp:52] profiler_startUSDT:2026-08-25 02:44:39 438:438 SyncActivityProfilerHandler.cpp:52] profiler_startUSDT:2026-08-25 02:44:39 439:439 SyncActivityProfilerHandler.cpp:52] profiler_startUSDT:2026-08-25 02:44:39 435:435 SyncActivityProfilerHandler.cpp:52] profiler_startUSDT:2026-08-25 02:44:39 437:437 SyncActivityProfilerHandler.cpp:52] profiler_startUSDT:2026-08-25 02:44:39 433:433 SyncActivityProfilerHandler.cpp:52] profiler_start





Elastic buffer uses 4 channels per SM
Elastic buffer uses 4 channels per SM
Elastic buffer uses 4 channels per SM
Elastic buffer uses 4 channels per SM
Elastic buffer uses 4 channels per SM
Elastic buffer uses 4 channels per SM
Elastic buffer uses 4 channels per SM
Elastic buffer uses 4 channels per SM
Elastic buffer uses 4 channels per SM
Elastic buffer uses 4 channels per SM
Elastic buffer uses 4 channels per SM
USDT:2026-08-25 02:44:39 436:436 SyncActivityProfilerHandler.cpp:52] profiler_start
USDT:2026-08-25 02:44:39 440:440 SyncActivityProfilerHandler.cpp:52] profiler_start
Elastic buffer uses 4 channels per SM
Elastic buffer uses 4 channels per SM
Elastic buffer uses 4 channels per SM
Elastic buffer uses 4 channels per SM
Elastic buffer uses 4 channels per SM
Elastic buffer uses 4 channels per SM
Elastic buffer uses 4 channels per SM
Elastic buffer uses 4 channels per SM
Elastic buffer uses 4 channels per SM
Elastic buffer uses 4 channels per SM
Elastic buffer uses 4 channels per SM
Elastic buffer uses 4 channels per SM
Elastic buffer uses 4 channels per SM
Elastic buffer uses 4 channels per SM
Elastic buffer uses 4 channels per SM
Elastic buffer uses 4 channels per SM
Elastic buffer uses 4 channels per SM
Elastic buffer uses 4 channels per SM
Elastic buffer uses 4 channels per SM
Elastic buffer uses 4 channels per SM
Elastic buffer uses 4 channels per SM
Elastic buffer uses 4 channels per SM
Elastic buffer uses 4 channels per SM
Elastic buffer uses 4 channels per SM
Elastic buffer uses 4 channels per SM
Elastic buffer uses 4 channels per SM
Elastic buffer uses 4 channels per SM
Elastic buffer uses 4 channels per SM
Elastic buffer uses 4 channels per SM
Elastic buffer uses 4 channels per SM
Elastic buffer uses 4 channels per SM
Elastic buffer uses 4 channels per SM
Elastic buffer uses 4 channels per SM
Elastic buffer uses 4 channels per SM
Elastic buffer uses 4 channels per SM
Elastic buffer uses 4 channels per SM
Elastic buffer uses 4 channels per SM
Elastic buffer uses 4 channels per SM
Elastic buffer uses 4 channels per SM
Elastic buffer uses 4 channels per SM
Elastic buffer uses 4 channels per SM
Elastic buffer uses 4 channels per SM
Elastic buffer uses 4 channels per SM
Elastic buffer uses 4 channels per SM
Elastic buffer uses 4 channels per SM
Elastic buffer uses 4 channels per SM
Elastic buffer uses 4 channels per SM
Elastic buffer uses 4 channels per SM
Elastic buffer uses 4 channels per SM
Elastic buffer uses 4 channels per SM
Elastic buffer uses 4 channels per SM
Elastic buffer uses 4 channels per SM
Elastic buffer uses 4 channels per SM
Elastic buffer uses 4 channels per SM
Elastic buffer uses 4 channels per SM
Elastic buffer uses 4 channels per SM
Elastic buffer uses 4 channels per SM
Elastic buffer uses 4 channels per SM
Elastic buffer uses 4 channels per SM
Elastic buffer uses 4 channels per SM
Elastic buffer uses 4 channels per SM
Elastic buffer uses 4 channels per SM
Elastic buffer uses 4 channels per SM
Elastic buffer uses 4 channels per SM
Elastic buffer uses 4 channels per SM
Elastic buffer uses 4 channels per SM
Elastic buffer uses 4 channels per SM
Elastic buffer uses 4 channels per SM
Elastic buffer uses 4 channels per SM
Elastic buffer uses 4 channels per SM
Elastic buffer uses 4 channels per SM
Elastic buffer uses 4 channels per SM
Elastic buffer uses 4 channels per SM
Elastic buffer uses 4 channels per SM
Elastic buffer uses 4 channels per SM
Elastic buffer uses 4 channels per SM
Elastic buffer uses 4 channels per SM
Elastic buffer uses 4 channels per SM
Elastic buffer uses 4 channels per SM
Elastic buffer uses 4 channels per SM
Elastic buffer uses 4 channels per SM
Elastic buffer uses 4 channels per SM
Elastic buffer uses 4 channels per SM
Elastic buffer uses 4 channels per SM
Elastic buffer uses 4 channels per SM
Elastic buffer uses 4 channels per SM
Elastic buffer uses 4 channels per SM
Elastic buffer uses 4 channels per SM
Elastic buffer uses 4 channels per SM
Elastic buffer uses 4 channels per SM
Elastic buffer uses 4 channels per SM
Elastic buffer uses 4 channels per SM
Elastic buffer uses 4 channels per SM
Elastic buffer uses 4 channels per SM
Elastic buffer uses 4 channels per SM
Elastic buffer uses 4 channels per SM
Elastic buffer uses 4 channels per SM
Elastic buffer uses 4 channels per SM
Elastic buffer uses 4 channels per SM
Elastic buffer uses 4 channels per SM
Elastic buffer uses 4 channels per SM
Elastic buffer uses 4 channels per SM
Elastic buffer uses 4 channels per SM
Elastic buffer uses 4 channels per SM
Elastic buffer uses 4 channels per SM
Elastic buffer uses 4 channels per SM
Elastic buffer uses 4 channels per SM
Elastic buffer uses 4 channels per SM
Elastic buffer uses 4 channels per SM
Elastic buffer uses 4 channels per SM
Elastic buffer uses 4 channels per SM
Elastic buffer uses 4 channels per SM
Elastic buffer uses 4 channels per SM
Elastic buffer uses 4 channels per SM
Elastic buffer uses 4 channels per SM
Elastic buffer uses 4 channels per SM
Elastic buffer uses 4 channels per SM
Elastic buffer uses 4 channels per SM
Elastic buffer uses 4 channels per SM
Elastic buffer uses 4 channels per SM
Elastic buffer uses 4 channels per SM
Elastic buffer uses 4 channels per SM
Elastic buffer uses 4 channels per SM
Elastic buffer uses 4 channels per SM
Elastic buffer uses 4 channels per SM
Elastic buffer uses 4 channels per SM
Elastic buffer uses 4 channels per SM
Elastic buffer uses 4 channels per SM
Elastic buffer uses 4 channels per SM
Elastic buffer uses 4 channels per SM
Elastic buffer uses 4 channels per SM
Elastic buffer uses 4 channels per SM
Elastic buffer uses 4 channels per SM
Elastic buffer uses 4 channels per SM
Elastic buffer uses 4 channels per SM
Elastic buffer uses 4 channels per SM
Elastic buffer uses 4 channels per SM
Elastic buffer uses 4 channels per SM
Elastic buffer uses 4 channels per SM
Elastic buffer uses 4 channels per SM
Elastic buffer uses 4 channels per SM
Elastic buffer uses 4 channels per SM
Elastic buffer uses 4 channels per SM
Elastic buffer uses 4 channels per SM
Elastic buffer uses 4 channels per SM
Elastic buffer uses 4 channels per SM
Elastic buffer uses 4 channels per SM
Elastic buffer uses 4 channels per SM
Elastic buffer uses 4 channels per SM
Elastic buffer uses 4 channels per SM
Elastic buffer uses 4 channels per SM
Elastic buffer uses 4 channels per SM
Elastic buffer uses 4 channels per SM
Elastic buffer uses 4 channels per SM
Elastic buffer uses 4 channels per SM
Elastic buffer uses 4 channels per SM
Elastic buffer uses 4 channels per SM
Elastic buffer uses 4 channels per SM
Elastic buffer uses 4 channels per SM
Elastic buffer uses 4 channels per SM
Elastic buffer uses 4 channels per SM
Elastic buffer uses 4 channels per SM
Elastic buffer uses 4 channels per SM
Elastic buffer uses 4 channels per SM
Elastic buffer uses 4 channels per SM
Elastic buffer uses 4 channels per SM
Elastic buffer uses 4 channels per SM
Elastic buffer uses 4 channels per SM
Elastic buffer uses 4 channels per SM
Elastic buffer uses 4 channels per SM
Elastic buffer uses 4 channels per SM
Elastic buffer uses 4 channels per SM
Elastic buffer uses 4 channels per SM
Elastic buffer uses 4 channels per SM
Elastic buffer uses 4 channels per SM
Elastic buffer uses 4 channels per SM
Elastic buffer uses 4 channels per SM
Elastic buffer uses 4 channels per SM
Elastic buffer uses 4 channels per SM
Elastic buffer uses 4 channels per SM
Elastic buffer uses 4 channels per SM
Elastic buffer uses 4 channels per SM
Elastic buffer uses 4 channels per SM
Elastic buffer uses 4 channels per SM
Elastic buffer uses 4 channels per SM
Elastic buffer uses 4 channels per SM
Elastic buffer uses 4 channels per SM
Elastic buffer uses 4 channels per SM
Elastic buffer uses 4 channels per SM
Elastic buffer uses 4 channels per SM
Elastic buffer uses 4 channels per SM
Elastic buffer uses 4 channels per SM
Elastic buffer uses 4 channels per SM
Elastic buffer uses 4 channels per SM
Elastic buffer uses 4 channels per SM
Elastic buffer uses 4 channels per SM
Elastic buffer uses 4 channels per SM
Elastic buffer uses 4 channels per SM
Elastic buffer uses 4 channels per SM
Elastic buffer uses 4 channels per SM
Elastic buffer uses 4 channels per SM
Elastic buffer uses 4 channels per SM
Elastic buffer uses 4 channels per SM
Elastic buffer uses 4 channels per SM
Elastic buffer uses 4 channels per SM
Elastic buffer uses 4 channels per SM
Elastic buffer uses 4 channels per SM
Elastic buffer uses 4 channels per SM
Elastic buffer uses 4 channels per SM
Elastic buffer uses 4 channels per SM
Elastic buffer uses 4 channels per SM
Elastic buffer uses 4 channels per SM
Elastic buffer uses 4 channels per SM
Elastic buffer uses 4 channels per SM
Elastic buffer uses 4 channels per SM
Elastic buffer uses 4 channels per SM
Elastic buffer uses 4 channels per SM
Elastic buffer uses 4 channels per SM
Elastic buffer uses 4 channels per SM
Elastic buffer uses 4 channels per SM
Elastic buffer uses 4 channels per SM
Elastic buffer uses 4 channels per SM
Elastic buffer uses 4 channels per SM
Elastic buffer uses 4 channels per SM
Elastic buffer uses 4 channels per SM
Elastic buffer uses 4 channels per SM
Elastic buffer uses 4 channels per SM
Elastic buffer uses 4 channels per SM
Elastic buffer uses 4 channels per SM
USDT:2026-08-25 02:44:39 438:438 SyncActivityProfilerHandler.cpp:59] profiler_stopUSDT:2026-08-25 02:44:39 435:435 SyncActivityProfilerHandler.cpp:59] profiler_stop

USDT:2026-08-25 02:44:39 439:439 SyncActivityProfilerHandler.cpp:59] profiler_stop
USDT:2026-08-25 02:44:39 437:437 SyncActivityProfilerHandler.cpp:59] profiler_stopUSDT:2026-08-25 02:44:39 434:434 SyncActivityProfilerHandler.cpp:59] profiler_stop

USDT:2026-08-25 02:44:39 433:433 SyncActivityProfilerHandler.cpp:59] profiler_stop
USDT:2026-08-25 02:44:39 436:436 SyncActivityProfilerHandler.cpp:59] profiler_stopUSDT:2026-08-25 02:44:39 440:440 SyncActivityProfilerHandler.cpp:59] profiler_stop

   # EP:   6/32 | cached dispatch: 3 GB/s (SO), 6 GB/s (SU), 1087.000 us, 6020352 bytes | copy: 37 GB/s, 327.601 us
   # EP:   5/32 | cached dispatch: 3 GB/s (SO), 6 GB/s (SU), 1087.000 us, 6200064 bytes | copy: 156 GB/s, 79.733 us
   # EP:   1/32 | cached dispatch: 3 GB/s (SO), 6 GB/s (SU), 1087.000 us, 6042816 bytes | copy: 2223 GB/s, 5.436 us
   # EP:   2/32 | cached dispatch: 3 GB/s (SO), 5 GB/s (SU), 1087.000 us, 5952960 bytes | copy: 45 GB/s, 262.278 us
   # EP:   4/32 | cached dispatch: 3 GB/s (SO), 6 GB/s (SU), 1087.000 us, 6252480 bytes | copy: 149 GB/s, 84.178 us
   # EP:   0/32 | cached dispatch: 3 GB/s (SO), 5 GB/s (SU), 1087.000 us, 5863104 bytes | copy: 313 GB/s, 37.418 us
   # EP:   3/32 | cached dispatch: 3 GB/s (SO), 6 GB/s (SU), 1087.000 us, 6207552 bytes | copy: 69 GB/s, 180.880 us
   # EP:   7/32 | cached dispatch: 3 GB/s (SO), 5 GB/s (SU), 1087.000 us, 5803200 bytes | copy: 121 GB/s, 95.594 us
USDT:2026-08-25 02:44:40 435:435 SyncActivityProfilerHandler.cpp:52] profiler_startUSDT:2026-08-25 02:44:40 439:439 SyncActivityProfilerHandler.cpp:52] profiler_start

USDT:2026-08-25 02:44:40 433:433 SyncActivityProfilerHandler.cpp:52] profiler_startUSDT:2026-08-25 02:44:40 438:438 SyncActivityProfilerHandler.cpp:52] profiler_start

USDT:2026-08-25 02:44:40 437:437 SyncActivityProfilerHandler.cpp:52] profiler_start
USDT:2026-08-25 02:44:40 434:434 SyncActivityProfilerHandler.cpp:52] profiler_start
USDT:2026-08-25 02:44:40 436:436 SyncActivityProfilerHandler.cpp:52] profiler_startUSDT:2026-08-25 02:44:40 440:440 SyncActivityProfilerHandler.cpp:52] profiler_start

USDT:2026-08-25 02:44:40 435:435 SyncActivityProfilerHandler.cpp:59] profiler_stopUSDT:2026-08-25 02:44:40 439:439 SyncActivityProfilerHandler.cpp:59] profiler_stop

USDT:2026-08-25 02:44:40 438:438 SyncActivityProfilerHandler.cpp:59] profiler_stop
USDT:2026-08-25 02:44:40 433:433 SyncActivityProfilerHandler.cpp:59] profiler_stop
USDT:2026-08-25 02:44:40 437:437 SyncActivityProfilerHandler.cpp:59] profiler_stop
USDT:2026-08-25 02:44:40 434:434 SyncActivityProfilerHandler.cpp:59] profiler_stop
USDT:2026-08-25 02:44:40 436:436 SyncActivityProfilerHandler.cpp:59] profiler_stopUSDT:2026-08-25 02:44:40 440:440 SyncActivityProfilerHandler.cpp:59] profiler_stop

   @ EP:   2/32 | combine: 21 GB/s (SO), 36 GB/s (SU), 319.283 us, 11422560 bytes | reduce: 1180 GB/s, 7.197 us   @ EP:   5/32 | combine: 16 GB/s (SO), 30 GB/s (SU), 392.043 us, 11896704 bytes | reduce: 1146 GB/s, 7.131 us

   @ EP:   6/32 | combine: 20 GB/s (SO), 37 GB/s (SU), 311.753 us, 11551872 bytes | reduce: 1023 GB/s, 7.948 us
   @ EP:   4/32 | combine: 17 GB/s (SO), 31 GB/s (SU), 387.057 us, 11997280 bytes | reduce: 1116 GB/s, 7.429 us   @ EP:   1/32 | combine: 15 GB/s (SO), 27 GB/s (SU), 433.304 us, 11594976 bytes | reduce: 1157 GB/s, 7.276 us

   @ EP:   0/32 | combine: 17 GB/s (SO), 28 GB/s (SU), 399.130 us, 11250144 bytes | reduce: 1128 GB/s, 7.603 us
   @ EP:   3/32 | combine: 17 GB/s (SO), 32 GB/s (SU), 377.377 us, 11911072 bytes | reduce: 1124 GB/s, 7.340 us
   @ EP:   7/32 | combine: 16 GB/s (SO), 28 GB/s (SU), 391.250 us, 11135200 bytes | reduce: 1079 GB/s, 7.499 us
USDT:2026-08-25 02:44:40 439:439 SyncActivityProfilerHandler.cpp:52] profiler_start
USDT:2026-08-25 02:44:40 435:435 SyncActivityProfilerHandler.cpp:52] profiler_start
USDT:2026-08-25 02:44:40 437:437 SyncActivityProfilerHandler.cpp:52] profiler_start
USDT:2026-08-25 02:44:40 433:433 SyncActivityProfilerHandler.cpp:52] profiler_startUSDT:2026-08-25 02:44:40 438:438 SyncActivityProfilerHandler.cpp:52] profiler_start

USDT:2026-08-25 02:44:40 434:434 SyncActivityProfilerHandler.cpp:52] profiler_start
USDT:2026-08-25 02:44:40 436:436 SyncActivityProfilerHandler.cpp:52] profiler_startUSDT:2026-08-25 02:44:40 440:440 SyncActivityProfilerHandler.cpp:52] profiler_start

USDT:2026-08-25 02:44:41 435:435 SyncActivityProfilerHandler.cpp:59] profiler_stopUSDT:2026-08-25 02:44:41 439:439 SyncActivityProfilerHandler.cpp:59] profiler_stop

USDT:2026-08-25 02:44:41 437:437 SyncActivityProfilerHandler.cpp:59] profiler_stop
USDT:2026-08-25 02:44:41 433:433 SyncActivityProfilerHandler.cpp:59] profiler_stop
USDT:2026-08-25 02:44:41 438:438 SyncActivityProfilerHandler.cpp:59] profiler_stop
USDT:2026-08-25 02:44:41 434:434 SyncActivityProfilerHandler.cpp:59] profiler_stop
USDT:2026-08-25 02:44:41 440:440 SyncActivityProfilerHandler.cpp:59] profiler_stop
USDT:2026-08-25 02:44:41 436:436 SyncActivityProfilerHandler.cpp:59] profiler_stop
   + EP:   2/32 | reduced combine: 20 GB/s (SO), 34 GB/s (SU), 334.322 us, 11422560 bytes | reduce: 1153 GB/s, 7.365 us
   + EP:   6/32 | reduced combine: 20 GB/s (SO), 36 GB/s (SU), 324.470 us, 11551872 bytes | reduce: 1010 GB/s, 8.051 us
   + EP:   4/32 | reduced combine: 16 GB/s (SO), 30 GB/s (SU), 399.928 us, 11997280 bytes | reduce: 1134 GB/s, 7.308 us
   + EP:   0/32 | reduced combine: 16 GB/s (SO), 27 GB/s (SU), 414.115 us, 11250144 bytes | reduce: 1100 GB/s, 7.798 us
   + EP:   5/32 | reduced combine: 16 GB/s (SO), 29 GB/s (SU), 403.821 us, 11896704 bytes | reduce: 1148 GB/s, 7.123 us
   + EP:   1/32 | reduced combine: 14 GB/s (SO), 25 GB/s (SU), 471.664 us, 11594976 bytes | reduce: 1136 GB/s, 7.409 us
   + EP:   7/32 | reduced combine: 16 GB/s (SO), 28 GB/s (SU), 404.902 us, 11135200 bytes | reduce: 1067 GB/s, 7.584 us
   + EP:   3/32 | reduced combine: 15 GB/s (SO), 28 GB/s (SU), 421.292 us, 11911072 bytes | reduce: 1103 GB/s, 7.480 us

Elastic buffer uses 4 channels per SM
Elastic buffer uses 4 channels per SM
Elastic buffer uses 4 channels per SM
Elastic buffer uses 4 channels per SM
Elastic buffer uses 4 channels per SM
Elastic buffer uses 4 channels per SM
Elastic buffer uses 4 channels per SM
Elastic buffer uses 4 channels per SM
CPU side received count (scaleup: 4): -110 -108 -92 -111 -101 -111 -97 -113 # -129 -129 -129 -129 -129 -257 -129 -129 
CPU side received count (scaleup: 5): -111 -98 -102 -101 -108 -105 -110 -101 # -129 -129 -129 -129 -257 -129 -129 -129 
CPU side received count (scaleup: 1): -96 -92 -93 -115 -120 -99 -97 -103 # -129 -129 -129 -129 -129 -129 -129 -129 
CPU side received count (scaleup: 3): -111 -112 -102 -87 -114 -95 -107 -109 # -129 -129 -129 -129 -129 -129 -129 -257 
CPU side received count (scaleup: 6): -108 -97 -104 -110 -95 -96 -94 -108 # -129 -129 -129 -129 -129 -129 -129 -129 
CPU side received count (scaleup: 0): -102 -99 -111 -101 -102 -102 -84 -90 # -129 -129 -129 -129 -129 -129 -129 -129 
CPU side received count (scaleup: 2): -106 -95 -101 -98 -100 -111 -96 -96 # -129 -129 -129 -129 -129 -129 -129 -129 
CPU side received count (scaleup: 7): -103 -110 -98 -104 -89 -113 -83 -83 # -129 -129 -129 -129 -129 -129 -129 -129 

