=== EP_NIC_NAME=rdmap110s0 (auto, 200 Gb/s) ===
+ docker run --rm --gpus all --privileged --network=host --ipc=host --ulimit memlock=-1 --ulimit stack=67108864 --device=/dev/infiniband --device=/dev/gdrdrv -v /sys/class/infiniband:/sys/class/infiniband:ro -e MASTER_ADDR=172.31.20.74 -e MASTER_PORT=29562 -e WORLD_SIZE=4 -e RANK=1 -e NCCL_DEBUG=WARN -e EP_NIC_NAME=rdmap110s0 -e EP_BUFFER_DEBUG=1 -e PYTHONUNBUFFERED=1 -e PYTHONFAULTHANDLER=1 deepep-v2-efa-official:dev bash -lc 'timeout -s ABRT --kill-after=60 1500     python3 -u /opt/DeepEP/tests/elastic/test_ep.py     --num-processes=8 --num-tokens=128     --hidden=7168 --num-topk=8 --num-experts=256     --num-sms=6 --allow-hybrid-mode=1     --prefer-overlap-with-compute=0 --test-first-only      '

==========
== CUDA ==
==========

CUDA Version 13.0.2

Container image Copyright (c) 2016-2023, NVIDIA CORPORATION & AFFILIATES. All rights reserved.

This container image and its contents are governed by the NVIDIA Deep Learning Container License.
By pulling and using the container, you accept the terms and conditions of this license:
https://developer.nvidia.com/ngc/nvidia-deep-learning-container-license

A copy of this license is made available in this container at /NGC-DL-CONTAINER-LICENSE for your convenience.

DeepEP hybrid kernel selection: unordered
DeepEP hybrid kernel selection: unordered
DeepEP hybrid kernel selection: unordered
DeepEP hybrid kernel selection: unordered
Initializing EP elastic buffer with 681574400 bytes (cpu: 0) at rank EP 14/32DeepEP hybrid kernel selection: unordered
Initializing EP elastic buffer with 681574400 bytes (cpu: 0) at rank EP 12/32

Initializing EP elastic buffer with 681574400 bytes (cpu: 0) at rank EP 9/32Initializing EP elastic buffer with 681574400 bytes (cpu: 0) at rank EP 15/32

Initializing EP elastic buffer with 681574400 bytes (cpu: 0) at rank EP 13/32
DeepEP hybrid kernel selection: unordered
Initializing EP elastic buffer with 681574400 bytes (cpu: 0) at rank EP 11/32
DeepEP initialized with NCCL version: 2.31.2 (loaded library)
EP NCCL device communicator has 0 allocated QPs
DeepEP hybrid kernel selection: unordered
GIN layout: gin_context_cnt=11, gin_indexed_signals_cnt=21, num_qp=11
DeepEP initialized with NCCL version: 2.31.2 (loaded library)
EP NCCL device communicator has 0 allocated QPs
DeepEP hybrid kernel selection: unordered
GIN layout: gin_context_cnt=11, gin_indexed_signals_cnt=21, num_qp=11
DeepEP hybrid kernel selection: unordered
DeepEP initialized with NCCL version: 2.31.2 (loaded library)
DeepEP initialized with NCCL version: 2.31.2 (loaded library)
EP NCCL device communicator has 0 allocated QPs
EP NCCL device communicator has 0 allocated QPs
DeepEP initialized with NCCL version: 2.31.2 (loaded library)
DeepEP hybrid kernel selection: unordered
EP NCCL device communicator has 0 allocated QPs
DeepEP hybrid kernel selection: unordered
GIN layout: gin_context_cnt=11, gin_indexed_signals_cnt=21, num_qp=11
GIN layout: gin_context_cnt=11, gin_indexed_signals_cnt=21, num_qp=11
DeepEP hybrid kernel selection: unordered
GIN layout: gin_context_cnt=11, gin_indexed_signals_cnt=21, num_qp=11
Initializing EP elastic buffer with 681574400 bytes (cpu: 0) at rank EP 10/32
DeepEP initialized with NCCL version: 2.31.2 (loaded library)
EP NCCL device communicator has 0 allocated QPs
DeepEP hybrid kernel selection: unordered
GIN layout: gin_context_cnt=11, gin_indexed_signals_cnt=21, num_qp=11
DeepEP initialized with NCCL version: 2.31.2 (loaded library)
EP NCCL device communicator has 0 allocated QPs
DeepEP hybrid kernel selection: unordered
GIN layout: gin_context_cnt=11, gin_indexed_signals_cnt=21, num_qp=11
DeepEP hybrid kernel selection: unordered
Initializing EP elastic buffer with 681574400 bytes (cpu: 0) at rank EP 8/32
DeepEP initialized with NCCL version: 2.31.2 (loaded library)
EP NCCL device communicator has 0 allocated QPs
DeepEP hybrid kernel selection: unordered
GIN layout: gin_context_cnt=11, gin_indexed_signals_cnt=21, num_qp=11
Config:
 > Ranks: 4 x 8
 > Experts: 8/256
 > Tokens: 120 (max: 128), hidden: 7168
 > #SM: 6, #QPs: 11/11

Running all test cases:
 > Testing with do_handle_copy=1, expert_alignment=128, use_fp8_dispatch=1, num_bias=0, with_previous_event=0, async_with_compute_stream=0, allocate_on_comm_stream=0 ...
Elastic buffer uses 4 channels per SM
Elastic buffer uses 4 channels per SM
Elastic buffer uses 4 channels per SM
Elastic buffer uses 4 channels per SM
Elastic buffer uses 4 channels per SM
Elastic buffer uses 4 channels per SM
Elastic buffer uses 4 channels per SM
Elastic buffer uses 4 channels per SM
CPU side received count (scaleup: 5): -108 -114 -112 -103 -98 -104 -102 -97 # -257 -129 -129 -129 -129 -129 -129 -129 
CPU side received count (scaleup: 0): -110 -105 -102 -106 -108 -105 -101 -102 # -129 -129 -129 -129 -129 -129 -129 -129 
CPU side received count (scaleup: 7): -102 -107 -103 -107 -101 -104 -111 -94 # -129 -129 -129 -129 -129 -129 -129 -129 
CPU side received count (scaleup: 4): -95 -97 -102 -92 -95 -107 -94 -98 # -129 -129 -129 -129 -129 -129 -129 -129 
CPU side received count (scaleup: 3): -115 -109 -89 -120 -111 -109 -114 -87 # -129 -129 -129 -129 -129 -129 -129 -129 
CPU side received count (scaleup: 1): -109 -107 -116 -109 -97 -111 -93 -94 # -129 -129 -129 -129 -129 -129 -257 -129 
CPU side received count (scaleup: 6): -120 -114 -99 -100 -98 -78 -102 -100 # -129 -129 -129 -129 -129 -129 -129 -129 
CPU side received count (scaleup: 2): -108 -104 -115 -107 -97 -76 -107 -109 # -129 -129 -129 -129 -129 -129 -129 -129 
Elastic buffer uses 4 channels per SM
Elastic buffer uses 4 channels per SM
Elastic buffer uses 4 channels per SM
Elastic buffer uses 4 channels per SM
Elastic buffer uses 4 channels per SM
Elastic buffer uses 4 channels per SM
Elastic buffer uses 4 channels per SM
Elastic buffer uses 4 channels per SM
CPU side received count (scaleup: 1): -109 -107 -116 -109 -97 -111 -93 -94 # -129 -129 -129 -129 -129 -129 -257 -129 
CPU side received count (scaleup: 5): -108 -114 -112 -103 -98 -104 -102 -97 # -257 -129 -129 -129 -129 -129 -129 -129 
CPU side received count (scaleup: 7): -102 -107 -103 -107 -101 -104 -111 -94 # -129 -129 -129 -129 -129 -129 -129 -129 
CPU side received count (scaleup: 6): -120 -114 -99 -100 -98 -78 -102 -100 # -129 -129 -129 -129 -129 -129 -129 -129 
CPU side received count (scaleup: 0): -110 -105 -102 -106 -108 -105 -101 -102 # -129 -129 -129 -129 -129 -129 -129 -129 
CPU side received count (scaleup: 3): -115 -109 -89 -120 -111 -109 -114 -87 # -129 -129 -129 -129 -129 -129 -129 -129 
CPU side received count (scaleup: 4): -95 -97 -102 -92 -95 -107 -94 -98 # -129 -129 -129 -129 -129 -129 -129 -129 
CPU side received count (scaleup: 2): -108 -104 -115 -107 -97 -76 -107 -109 # -129 -129 -129 -129 -129 -129 -129 -129 
Elastic buffer uses 4 channels per SM
Elastic buffer uses 4 channels per SM
Elastic buffer uses 4 channels per SM
Elastic buffer uses 4 channels per SM
Elastic buffer uses 4 channels per SM
Elastic buffer uses 4 channels per SM
Elastic buffer uses 4 channels per SM
Elastic buffer uses 4 channels per SM
Elastic buffer uses 4 channels per SM
Elastic buffer uses 4 channels per SM
Elastic buffer uses 4 channels per SM
Elastic buffer uses 4 channels per SM
Elastic buffer uses 4 channels per SM
Elastic buffer uses 4 channels per SM
Elastic buffer uses 4 channels per SM
Elastic buffer uses 4 channels per SM
Elastic buffer uses 4 channels per SM
Elastic buffer uses 4 channels per SM
Elastic buffer uses 4 channels per SM
Elastic buffer uses 4 channels per SM
Elastic buffer uses 4 channels per SM
Elastic buffer uses 4 channels per SM
Elastic buffer uses 4 channels per SM
Elastic buffer uses 4 channels per SM
CPU side received count (scaleup: 4): -95 -97 -102 -92 -95 -107 -94 -98 # -129 -129 -129 -129 -129 -129 -129 -129 
CPU side received count (scaleup: 5): -108 -114 -112 -103 -98 -104 -102 -97 # -257 -129 -129 -129 -129 -129 -129 -129 
CPU side received count (scaleup: 0): -110 -105 -102 -106 -108 -105 -101 -102 # -129 -129 -129 -129 -129 -129 -129 -129 
CPU side received count (scaleup: 7): -102 -107 -103 -107 -101 -104 -111 -94 # -129 -129 -129 -129 -129 -129 -129 -129 
CPU side received count (scaleup: 3): -115 -109 -89 -120 -111 -109 -114 -87 # -129 -129 -129 -129 -129 -129 -129 -129 
CPU side received count (scaleup: 1): -109 -107 -116 -109 -97 -111 -93 -94 # -129 -129 -129 -129 -129 -129 -257 -129 
CPU side received count (scaleup: 6): -120 -114 -99 -100 -98 -78 -102 -100 # -129 -129 -129 -129 -129 -129 -129 -129 
CPU side received count (scaleup: 2): -108 -104 -115 -107 -97 -76 -107 -109 # -129 -129 -129 -129 -129 -129 -129 -129 
Elastic buffer uses 4 channels per SM
Elastic buffer uses 4 channels per SM
Elastic buffer uses 4 channels per SM
Elastic buffer uses 4 channels per SM
Elastic buffer uses 4 channels per SM
Elastic buffer uses 4 channels per SM
Elastic buffer uses 4 channels per SM
Elastic buffer uses 4 channels per SM
CPU side received count (scaleup: 6): -120 -114 -99 -100 -98 -78 -102 -100 # -129 -129 -129 -129 -129 -129 -129 -129 
CPU side received count (scaleup: 5): -108 -114 -112 -103 -98 -104 -102 -97 # -257 -129 -129 -129 -129 -129 -129 -129 
CPU side received count (scaleup: 7): -102 -107 -103 -107 -101 -104 -111 -94 # -129 -129 -129 -129 -129 -129 -129 -129 
CPU side received count (scaleup: 4): -95 -97 -102 -92 -95 -107 -94 -98 # -129 -129 -129 -129 -129 -129 -129 -129 
CPU side received count (scaleup: 1): -109 -107 -116 -109 -97 -111 -93 -94 # -129 -129 -129 -129 -129 -129 -257 -129 
CPU side received count (scaleup: 3): -115 -109 -89 -120 -111 -109 -114 -87 # -129 -129 -129 -129 -129 -129 -129 -129 
CPU side received count (scaleup: 2): -108 -104 -115 -107 -97 -76 -107 -109 # -129 -129 -129 -129 -129 -129 -129 -129 
CPU side received count (scaleup: 0): -110 -105 -102 -106 -108 -105 -101 -102 # -129 -129 -129 -129 -129 -129 -129 -129 
Elastic buffer uses 4 channels per SM
Elastic buffer uses 4 channels per SM
Elastic buffer uses 4 channels per SM
Elastic buffer uses 4 channels per SM
Elastic buffer uses 4 channels per SM
Elastic buffer uses 4 channels per SM
Elastic buffer uses 4 channels per SM
Elastic buffer uses 4 channels per SM
CPU side received count (scaleup: 0): -110 -105 -102 -106 -108 -105 -101 -102 # -129 -129 -129 -129 -129 -129 -129 -129 
CPU side received count (scaleup: 3): -115 -109 -89 -120 -111 -109 -114 -87 # -129 -129 -129 -129 -129 -129 -129 -129 
CPU side received count (scaleup: 4): -95 -97 -102 -92 -95 -107 -94 -98 # -129 -129 -129 -129 -129 -129 -129 -129 
CPU side received count (scaleup: 2): -108 -104 -115 -107 -97 -76 -107 -109 # -129 -129 -129 -129 -129 -129 -129 -129 
CPU side received count (scaleup: 7): -102 -107 -103 -107 -101 -104 -111 -94 # -129 -129 -129 -129 -129 -129 -129 -129 
CPU side received count (scaleup: 1): -109 -107 -116 -109 -97 -111 -93 -94 # -129 -129 -129 -129 -129 -129 -257 -129 
CPU side received count (scaleup: 6): -120 -114 -99 -100 -98 -78 -102 -100 # -129 -129 -129 -129 -129 -129 -129 -129 
CPU side received count (scaleup: 5): -108 -114 -112 -103 -98 -104 -102 -97 # -257 -129 -129 -129 -129 -129 -129 -129 
Elastic buffer uses 4 channels per SM
Elastic buffer uses 4 channels per SM
Elastic buffer uses 4 channels per SM
Elastic buffer uses 4 channels per SM
Elastic buffer uses 4 channels per SM
Elastic buffer uses 4 channels per SM
Elastic buffer uses 4 channels per SM
Elastic buffer uses 4 channels per SM
CPU side received count (scaleup: 4): -95 -97 -102 -92 -95 -107 -94 -98 # -129 -129 -129 -129 -129 -129 -129 -129 
CPU side received count (scaleup: 6): -120 -114 -99 -100 -98 -78 -102 -100 # -129 -129 -129 -129 -129 -129 -129 -129 
CPU side received count (scaleup: 5): -108 -114 -112 -103 -98 -104 -102 -97 # -257 -129 -129 -129 -129 -129 -129 -129 
CPU side received count (scaleup: 7): -102 -107 -103 -107 -101 -104 -111 -94 # -129 -129 -129 -129 -129 -129 -129 -129 
CPU side received count (scaleup: 1): -109 -107 -116 -109 -97 -111 -93 -94 # -129 -129 -129 -129 -129 -129 -257 -129 
CPU side received count (scaleup: 0): -110 -105 -102 -106 -108 -105 -101 -102 # -129 -129 -129 -129 -129 -129 -129 -129 
CPU side received count (scaleup: 2): -108 -104 -115 -107 -97 -76 -107 -109 # -129 -129 -129 -129 -129 -129 -129 -129 
CPU side received count (scaleup: 3): -115 -109 -89 -120 -111 -109 -114 -87 # -129 -129 -129 -129 -129 -129 -129 -129 
Elastic buffer uses 4 channels per SM
Elastic buffer uses 4 channels per SM
Elastic buffer uses 4 channels per SM
Elastic buffer uses 4 channels per SM
Elastic buffer uses 4 channels per SM
Elastic buffer uses 4 channels per SM
Elastic buffer uses 4 channels per SM
Elastic buffer uses 4 channels per SM
CPU side received count (scaleup: 0): -110 -105 -102 -106 -108 -105 -101 -102 # -129 -129 -129 -129 -129 -129 -129 -129 
CPU side received count (scaleup: 1): -109 -107 -116 -109 -97 -111 -93 -94 # -129 -129 -129 -129 -129 -129 -257 -129 
CPU side received count (scaleup: 3): -115 -109 -89 -120 -111 -109 -114 -87 # -129 -129 -129 -129 -129 -129 -129 -129 
CPU side received count (scaleup: 2): -108 -104 -115 -107 -97 -76 -107 -109 # -129 -129 -129 -129 -129 -129 -129 -129 
CPU side received count (scaleup: 4): -95 -97 -102 -92 -95 -107 -94 -98 # -129 -129 -129 -129 -129 -129 -129 -129 
CPU side received count (scaleup: 6): -120 -114 -99 -100 -98 -78 -102 -100 # -129 -129 -129 -129 -129 -129 -129 -129 
CPU side received count (scaleup: 5): -108 -114 -112 -103 -98 -104 -102 -97 # -257 -129 -129 -129 -129 -129 -129 -129 
CPU side received count (scaleup: 7): -102 -107 -103 -107 -101 -104 -111 -94 # -129 -129 -129 -129 -129 -129 -129 -129 
Elastic buffer uses 4 channels per SM
Elastic buffer uses 4 channels per SM
Elastic buffer uses 4 channels per SM
Elastic buffer uses 4 channels per SM
Elastic buffer uses 4 channels per SM
Elastic buffer uses 4 channels per SM
Elastic buffer uses 4 channels per SM
Elastic buffer uses 4 channels per SM
CPU side received count (scaleup: 6): -120 -114 -99 -100 -98 -78 -102 -100 # -129 -129 -129 -129 -129 -129 -129 -129 
CPU side received count (scaleup: 5): -108 -114 -112 -103 -98 -104 -102 -97 # -257 -129 -129 -129 -129 -129 -129 -129 
CPU side received count (scaleup: 7): -102 -107 -103 -107 -101 -104 -111 -94 # -129 -129 -129 -129 -129 -129 -129 -129 
CPU side received count (scaleup: 0): -110 -105 -102 -106 -108 -105 -101 -102 # -129 -129 -129 -129 -129 -129 -129 -129 
CPU side received count (scaleup: 4): -95 -97 -102 -92 -95 -107 -94 -98 # -129 -129 -129 -129 -129 -129 -129 -129 
CPU side received count (scaleup: 3): -115 -109 -89 -120 -111 -109 -114 -87 # -129 -129 -129 -129 -129 -129 -129 -129 
CPU side received count (scaleup: 1): -109 -107 -116 -109 -97 -111 -93 -94 # -129 -129 -129 -129 -129 -129 -257 -129 
CPU side received count (scaleup: 2): -108 -104 -115 -107 -97 -76 -107 -109 # -129 -129 -129 -129 -129 -129 -129 -129 
Elastic buffer uses 4 channels per SM
Elastic buffer uses 4 channels per SM
Elastic buffer uses 4 channels per SM
Elastic buffer uses 4 channels per SM
Elastic buffer uses 4 channels per SM
Elastic buffer uses 4 channels per SM
Elastic buffer uses 4 channels per SM
Elastic buffer uses 4 channels per SM
CPU side received count (scaleup: 6): -120 -114 -99 -100 -98 -78 -102 -100 # -129 -129 -129 -129 -129 -129 -129 -129 
CPU side received count (scaleup: 5): -108 -114 -112 -103 -98 -104 -102 -97 # -257 -129 -129 -129 -129 -129 -129 -129 
CPU side received count (scaleup: 4): -95 -97 -102 -92 -95 -107 -94 -98 # -129 -129 -129 -129 -129 -129 -129 -129 
CPU side received count (scaleup: 7): -102 -107 -103 -107 -101 -104 -111 -94 # -129 -129 -129 -129 -129 -129 -129 -129 
CPU side received count (scaleup: 0): -110 -105 -102 -106 -108 -105 -101 -102 # -129 -129 -129 -129 -129 -129 -129 -129 
CPU side received count (scaleup: 3): -115 -109 -89 -120 -111 -109 -114 -87 # -129 -129 -129 -129 -129 -129 -129 -129 
CPU side received count (scaleup: 1): -109 -107 -116 -109 -97 -111 -93 -94 # -129 -129 -129 -129 -129 -129 -257 -129 
CPU side received count (scaleup: 2): -108 -104 -115 -107 -97 -76 -107 -109 # -129 -129 -129 -129 -129 -129 -129 -129 
Elastic buffer uses 4 channels per SM
Elastic buffer uses 4 channels per SM
Elastic buffer uses 4 channels per SM
Elastic buffer uses 4 channels per SM
Elastic buffer uses 4 channels per SM
Elastic buffer uses 4 channels per SM
Elastic buffer uses 4 channels per SM
Elastic buffer uses 4 channels per SM
CPU side received count (scaleup: 4): -95 -97 -102 -92 -95 -107 -94 -98 # -129 -129 -129 -129 -129 -129 -129 -129 
CPU side received count (scaleup: 0): -110 -105 -102 -106 -108 -105 -101 -102 # -129 -129 -129 -129 -129 -129 -129 -129 
CPU side received count (scaleup: 5): -108 -114 -112 -103 -98 -104 -102 -97 # -257 -129 -129 -129 -129 -129 -129 -129 
CPU side received count (scaleup: 7): -102 -107 -103 -107 -101 -104 -111 -94 # -129 -129 -129 -129 -129 -129 -129 -129 
CPU side received count (scaleup: 6): -120 -114 -99 -100 -98 -78 -102 -100 # -129 -129 -129 -129 -129 -129 -129 -129 
CPU side received count (scaleup: 3): -115 -109 -89 -120 -111 -109 -114 -87 # -129 -129 -129 -129 -129 -129 -129 -129 
CPU side received count (scaleup: 1): -109 -107 -116 -109 -97 -111 -93 -94 # -129 -129 -129 -129 -129 -129 -257 -129 
CPU side received count (scaleup: 2): -108 -104 -115 -107 -97 -76 -107 -109 # -129 -129 -129 -129 -129 -129 -129 -129 
Elastic buffer uses 4 channels per SM
Elastic buffer uses 4 channels per SM
Elastic buffer uses 4 channels per SM
Elastic buffer uses 4 channels per SM
Elastic buffer uses 4 channels per SM
Elastic buffer uses 4 channels per SM
Elastic buffer uses 4 channels per SM
Elastic buffer uses 4 channels per SM
CPU side received count (scaleup: 0): -110 -105 -102 -106 -108 -105 -101 -102 # -129 -129 -129 -129 -129 -129 -129 -129 
CPU side received count (scaleup: 3): -115 -109 -89 -120 -111 -109 -114 -87 # -129 -129 -129 -129 -129 -129 -129 -129 
CPU side received count (scaleup: 4): -95 -97 -102 -92 -95 -107 -94 -98 # -129 -129 -129 -129 -129 -129 -129 -129 
CPU side received count (scaleup: 1): -109 -107 -116 -109 -97 -111 -93 -94 # -129 -129 -129 -129 -129 -129 -257 -129 
CPU side received count (scaleup: 2): -108 -104 -115 -107 -97 -76 -107 -109 # -129 -129 -129 -129 -129 -129 -129 -129 
CPU side received count (scaleup: 5): -108 -114 -112 -103 -98 -104 -102 -97 # -257 -129 -129 -129 -129 -129 -129 -129 
CPU side received count (scaleup: 7): -102 -107 -103 -107 -101 -104 -111 -94 # -129 -129 -129 -129 -129 -129 -129 -129 
CPU side received count (scaleup: 6): -120 -114 -99 -100 -98 -78 -102 -100 # -129 -129 -129 -129 -129 -129 -129 -129 
Elastic buffer uses 4 channels per SM
Elastic buffer uses 4 channels per SM
Elastic buffer uses 4 channels per SM
Elastic buffer uses 4 channels per SM
Elastic buffer uses 4 channels per SM
Elastic buffer uses 4 channels per SM
Elastic buffer uses 4 channels per SM
Elastic buffer uses 4 channels per SM
CPU side received count (scaleup: 0): -110 -105 -102 -106 -108 -105 -101 -102 # -129 -129 -129 -129 -129 -129 -129 -129 
CPU side received count (scaleup: 1): -109 -107 -116 -109 -97 -111 -93 -94 # -129 -129 -129 -129 -129 -129 -257 -129 
CPU side received count (scaleup: 5): -108 -114 -112 -103 -98 -104 -102 -97 # -257 -129 -129 -129 -129 -129 -129 -129 
CPU side received count (scaleup: 3): -115 -109 -89 -120 -111 -109 -114 -87 # -129 -129 -129 -129 -129 -129 -129 -129 
CPU side received count (scaleup: 2): -108 -104 -115 -107 -97 -76 -107 -109 # -129 -129 -129 -129 -129 -129 -129 -129 
CPU side received count (scaleup: 4): -95 -97 -102 -92 -95 -107 -94 -98 # -129 -129 -129 -129 -129 -129 -129 -129 
CPU side received count (scaleup: 6): -120 -114 -99 -100 -98 -78 -102 -100 # -129 -129 -129 -129 -129 -129 -129 -129 
CPU side received count (scaleup: 7): -102 -107 -103 -107 -101 -104 -111 -94 # -129 -129 -129 -129 -129 -129 -129 -129 
Elastic buffer uses 4 channels per SM
Elastic buffer uses 4 channels per SM
Elastic buffer uses 4 channels per SM
Elastic buffer uses 4 channels per SM
Elastic buffer uses 4 channels per SM
Elastic buffer uses 4 channels per SM
Elastic buffer uses 4 channels per SM
Elastic buffer uses 4 channels per SM
CPU side received count (scaleup: 5): -108 -114 -112 -103 -98 -104 -102 -97 # -257 -129 -129 -129 -129 -129 -129 -129 
CPU side received count (scaleup: 4): -95 -97 -102 -92 -95 -107 -94 -98 # -129 -129 -129 -129 -129 -129 -129 -129 
CPU side received count (scaleup: 2): -108 -104 -115 -107 -97 -76 -107 -109 # -129 -129 -129 -129 -129 -129 -129 -129 
CPU side received count (scaleup: 7): -102 -107 -103 -107 -101 -104 -111 -94 # -129 -129 -129 -129 -129 -129 -129 -129 
CPU side received count (scaleup: 6): -120 -114 -99 -100 -98 -78 -102 -100 # -129 -129 -129 -129 -129 -129 -129 -129 
CPU side received count (scaleup: 0): -110 -105 -102 -106 -108 -105 -101 -102 # -129 -129 -129 -129 -129 -129 -129 -129 
CPU side received count (scaleup: 3): -115 -109 -89 -120 -111 -109 -114 -87 # -129 -129 -129 -129 -129 -129 -129 -129 
CPU side received count (scaleup: 1): -109 -107 -116 -109 -97 -111 -93 -94 # -129 -129 -129 -129 -129 -129 -257 -129 
Elastic buffer uses 4 channels per SM
Elastic buffer uses 4 channels per SM
Elastic buffer uses 4 channels per SM
Elastic buffer uses 4 channels per SM
Elastic buffer uses 4 channels per SM
Elastic buffer uses 4 channels per SM
Elastic buffer uses 4 channels per SM
Elastic buffer uses 4 channels per SM
CPU side received count (scaleup: 0): -110 -105 -102 -106 -108 -105 -101 -102 # -129 -129 -129 -129 -129 -129 -129 -129 
CPU side received count (scaleup: 3): -115 -109 -89 -120 -111 -109 -114 -87 # -129 -129 -129 -129 -129 -129 -129 -129 
CPU side received count (scaleup: 5): -108 -114 -112 -103 -98 -104 -102 -97 # -257 -129 -129 -129 -129 -129 -129 -129 
CPU side received count (scaleup: 1): -109 -107 -116 -109 -97 -111 -93 -94 # -129 -129 -129 -129 -129 -129 -257 -129 
CPU side received count (scaleup: 2): -108 -104 -115 -107 -97 -76 -107 -109 # -129 -129 -129 -129 -129 -129 -129 -129 
CPU side received count (scaleup: 6): -120 -114 -99 -100 -98 -78 -102 -100 # -129 -129 -129 -129 -129 -129 -129 -129 
CPU side received count (scaleup: 4): -95 -97 -102 -92 -95 -107 -94 -98 # -129 -129 -129 -129 -129 -129 -129 -129 
CPU side received count (scaleup: 7): -102 -107 -103 -107 -101 -104 -111 -94 # -129 -129 -129 -129 -129 -129 -129 -129 
Elastic buffer uses 4 channels per SM
Elastic buffer uses 4 channels per SM
Elastic buffer uses 4 channels per SM
Elastic buffer uses 4 channels per SM
Elastic buffer uses 4 channels per SM
Elastic buffer uses 4 channels per SM
Elastic buffer uses 4 channels per SM
Elastic buffer uses 4 channels per SM
CPU side received count (scaleup: 0): -110 -105 -102 -106 -108 -105 -101 -102 # -129 -129 -129 -129 -129 -129 -129 -129 
CPU side received count (scaleup: 2): -108 -104 -115 -107 -97 -76 -107 -109 # -129 -129 -129 -129 -129 -129 -129 -129 
CPU side received count (scaleup: 3): -115 -109 -89 -120 -111 -109 -114 -87 # -129 -129 -129 -129 -129 -129 -129 -129 
CPU side received count (scaleup: 7): -102 -107 -103 -107 -101 -104 -111 -94 # -129 -129 -129 -129 -129 -129 -129 -129 
CPU side received count (scaleup: 1): -109 -107 -116 -109 -97 -111 -93 -94 # -129 -129 -129 -129 -129 -129 -257 -129 
CPU side received count (scaleup: 6): -120 -114 -99 -100 -98 -78 -102 -100 # -129 -129 -129 -129 -129 -129 -129 -129 
CPU side received count (scaleup: 4): -95 -97 -102 -92 -95 -107 -94 -98 # -129 -129 -129 -129 -129 -129 -129 -129 
CPU side received count (scaleup: 5): -108 -114 -112 -103 -98 -104 -102 -97 # -257 -129 -129 -129 -129 -129 -129 -129 
Elastic buffer uses 4 channels per SM
Elastic buffer uses 4 channels per SM
Elastic buffer uses 4 channels per SM
Elastic buffer uses 4 channels per SM
Elastic buffer uses 4 channels per SM
Elastic buffer uses 4 channels per SM
Elastic buffer uses 4 channels per SM
Elastic buffer uses 4 channels per SM
CPU side received count (scaleup: 4): -95 -97 -102 -92 -95 -107 -94 -98 # -129 -129 -129 -129 -129 -129 -129 -129 
CPU side received count (scaleup: 7): -102 -107 -103 -107 -101 -104 -111 -94 # -129 -129 -129 -129 -129 -129 -129 -129 
CPU side received count (scaleup: 5): -108 -114 -112 -103 -98 -104 -102 -97 # -257 -129 -129 -129 -129 -129 -129 -129 
CPU side received count (scaleup: 0): -110 -105 -102 -106 -108 -105 -101 -102 # -129 -129 -129 -129 -129 -129 -129 -129 
CPU side received count (scaleup: 6): -120 -114 -99 -100 -98 -78 -102 -100 # -129 -129 -129 -129 -129 -129 -129 -129 
CPU side received count (scaleup: 3): -115 -109 -89 -120 -111 -109 -114 -87 # -129 -129 -129 -129 -129 -129 -129 -129 
CPU side received count (scaleup: 2): -108 -104 -115 -107 -97 -76 -107 -109 # -129 -129 -129 -129 -129 -129 -129 -129 
CPU side received count (scaleup: 1): -109 -107 -116 -109 -97 -111 -93 -94 # -129 -129 -129 -129 -129 -129 -257 -129 
Elastic buffer uses 4 channels per SM
Elastic buffer uses 4 channels per SM
Elastic buffer uses 4 channels per SM
Elastic buffer uses 4 channels per SM
Elastic buffer uses 4 channels per SM
Elastic buffer uses 4 channels per SM
Elastic buffer uses 4 channels per SM
Elastic buffer uses 4 channels per SM
CPU side received count (scaleup: 4): -95 -97 -102 -92 -95 -107 -94 -98 # -129 -129 -129 -129 -129 -129 -129 -129 
CPU side received count (scaleup: 6): -120 -114 -99 -100 -98 -78 -102 -100 # -129 -129 -129 -129 -129 -129 -129 -129 
CPU side received count (scaleup: 0): -110 -105 -102 -106 -108 -105 -101 -102 # -129 -129 -129 -129 -129 -129 -129 -129 
CPU side received count (scaleup: 7): -102 -107 -103 -107 -101 -104 -111 -94 # -129 -129 -129 -129 -129 -129 -129 -129 
CPU side received count (scaleup: 5): -108 -114 -112 -103 -98 -104 -102 -97 # -257 -129 -129 -129 -129 -129 -129 -129 
CPU side received count (scaleup: 1): -109 -107 -116 -109 -97 -111 -93 -94 # -129 -129 -129 -129 -129 -129 -257 -129 
CPU side received count (scaleup: 2): -108 -104 -115 -107 -97 -76 -107 -109 # -129 -129 -129 -129 -129 -129 -129 -129 
CPU side received count (scaleup: 3): -115 -109 -89 -120 -111 -109 -114 -87 # -129 -129 -129 -129 -129 -129 -129 -129 
Elastic buffer uses 4 channels per SM
Elastic buffer uses 4 channels per SM
Elastic buffer uses 4 channels per SM
Elastic buffer uses 4 channels per SM
Elastic buffer uses 4 channels per SM
Elastic buffer uses 4 channels per SM
Elastic buffer uses 4 channels per SM
Elastic buffer uses 4 channels per SM
CPU side received count (scaleup: 4): -95 -97 -102 -92 -95 -107 -94 -98 # -129 -129 -129 -129 -129 -129 -129 -129 
CPU side received count (scaleup: 0): -110 -105 -102 -106 -108 -105 -101 -102 # -129 -129 -129 -129 -129 -129 -129 -129 
CPU side received count (scaleup: 6): -120 -114 -99 -100 -98 -78 -102 -100 # -129 -129 -129 -129 -129 -129 -129 -129 
CPU side received count (scaleup: 5): -108 -114 -112 -103 -98 -104 -102 -97 # -257 -129 -129 -129 -129 -129 -129 -129 
CPU side received count (scaleup: 7): -102 -107 -103 -107 -101 -104 -111 -94 # -129 -129 -129 -129 -129 -129 -129 -129 
CPU side received count (scaleup: 3): -115 -109 -89 -120 -111 -109 -114 -87 # -129 -129 -129 -129 -129 -129 -129 -129 
CPU side received count (scaleup: 2): -108 -104 -115 -107 -97 -76 -107 -109 # -129 -129 -129 -129 -129 -129 -129 -129 
CPU side received count (scaleup: 1): -109 -107 -116 -109 -97 -111 -93 -94 # -129 -129 -129 -129 -129 -129 -257 -129 
Elastic buffer uses 4 channels per SM
Elastic buffer uses 4 channels per SM
Elastic buffer uses 4 channels per SM
Elastic buffer uses 4 channels per SM
Elastic buffer uses 4 channels per SM
Elastic buffer uses 4 channels per SM
Elastic buffer uses 4 channels per SM
Elastic buffer uses 4 channels per SM
CPU side received count (scaleup: 0): -110 -105 -102 -106 -108 -105 -101 -102 # -129 -129 -129 -129 -129 -129 -129 -129 
CPU side received count (scaleup: 2): -108 -104 -115 -107 -97 -76 -107 -109 # -129 -129 -129 -129 -129 -129 -129 -129 
CPU side received count (scaleup: 7): -102 -107 -103 -107 -101 -104 -111 -94 # -129 -129 -129 -129 -129 -129 -129 -129 
CPU side received count (scaleup: 1): -109 -107 -116 -109 -97 -111 -93 -94 # -129 -129 -129 -129 -129 -129 -257 -129 
CPU side received count (scaleup: 3): -115 -109 -89 -120 -111 -109 -114 -87 # -129 -129 -129 -129 -129 -129 -129 -129 
CPU side received count (scaleup: 5): -108 -114 -112 -103 -98 -104 -102 -97 # -257 -129 -129 -129 -129 -129 -129 -129 
CPU side received count (scaleup: 6): -120 -114 -99 -100 -98 -78 -102 -100 # -129 -129 -129 -129 -129 -129 -129 -129 
CPU side received count (scaleup: 4): -95 -97 -102 -92 -95 -107 -94 -98 # -129 -129 -129 -129 -129 -129 -129 -129 
Elastic buffer uses 4 channels per SM
Elastic buffer uses 4 channels per SM
Elastic buffer uses 4 channels per SM
Elastic buffer uses 4 channels per SM
Elastic buffer uses 4 channels per SM
Elastic buffer uses 4 channels per SM
Elastic buffer uses 4 channels per SM
Elastic buffer uses 4 channels per SM
CPU side received count (scaleup: 4): -95 -97 -102 -92 -95 -107 -94 -98 # -129 -129 -129 -129 -129 -129 -129 -129 
CPU side received count (scaleup: 0): -110 -105 -102 -106 -108 -105 -101 -102 # -129 -129 -129 -129 -129 -129 -129 -129 
CPU side received count (scaleup: 3): -115 -109 -89 -120 -111 -109 -114 -87 # -129 -129 -129 -129 -129 -129 -129 -129 
CPU side received count (scaleup: 6): -120 -114 -99 -100 -98 -78 -102 -100 # -129 -129 -129 -129 -129 -129 -129 -129 
CPU side received count (scaleup: 5): -108 -114 -112 -103 -98 -104 -102 -97 # -257 -129 -129 -129 -129 -129 -129 -129 
CPU side received count (scaleup: 7): -102 -107 -103 -107 -101 -104 -111 -94 # -129 -129 -129 -129 -129 -129 -129 -129 
CPU side received count (scaleup: 1): -109 -107 -116 -109 -97 -111 -93 -94 # -129 -129 -129 -129 -129 -129 -257 -129 
CPU side received count (scaleup: 2): -108 -104 -115 -107 -97 -76 -107 -109 # -129 -129 -129 -129 -129 -129 -129 -129 
Elastic buffer uses 4 channels per SM
Elastic buffer uses 4 channels per SM
Elastic buffer uses 4 channels per SM
Elastic buffer uses 4 channels per SM
Elastic buffer uses 4 channels per SM
Elastic buffer uses 4 channels per SM
Elastic buffer uses 4 channels per SM
Elastic buffer uses 4 channels per SM
CPU side received count (scaleup: 0): -110 -105 -102 -106 -108 -105 -101 -102 # -129 -129 -129 -129 -129 -129 -129 -129 
CPU side received count (scaleup: 5): -108 -114 -112 -103 -98 -104 -102 -97 # -257 -129 -129 -129 -129 -129 -129 -129 
CPU side received count (scaleup: 7): -102 -107 -103 -107 -101 -104 -111 -94 # -129 -129 -129 -129 -129 -129 -129 -129 
CPU side received count (scaleup: 3): -115 -109 -89 -120 -111 -109 -114 -87 # -129 -129 -129 -129 -129 -129 -129 -129 
CPU side received count (scaleup: 6): -120 -114 -99 -100 -98 -78 -102 -100 # -129 -129 -129 -129 -129 -129 -129 -129 
CPU side received count (scaleup: 1): -109 -107 -116 -109 -97 -111 -93 -94 # -129 -129 -129 -129 -129 -129 -257 -129 
CPU side received count (scaleup: 2): -108 -104 -115 -107 -97 -76 -107 -109 # -129 -129 -129 -129 -129 -129 -129 -129 
CPU side received count (scaleup: 4): -95 -97 -102 -92 -95 -107 -94 -98 # -129 -129 -129 -129 -129 -129 -129 -129 
Elastic buffer uses 4 channels per SM
Elastic buffer uses 4 channels per SM
Elastic buffer uses 4 channels per SM
Elastic buffer uses 4 channels per SM
Elastic buffer uses 4 channels per SM
Elastic buffer uses 4 channels per SM
Elastic buffer uses 4 channels per SM
Elastic buffer uses 4 channels per SM
CPU side received count (scaleup: 4): -95 -97 -102 -92 -95 -107 -94 -98 # -129 -129 -129 -129 -129 -129 -129 -129 
CPU side received count (scaleup: 0): -110 -105 -102 -106 -108 -105 -101 -102 # -129 -129 -129 -129 -129 -129 -129 -129 
CPU side received count (scaleup: 6): -120 -114 -99 -100 -98 -78 -102 -100 # -129 -129 -129 -129 -129 -129 -129 -129 
CPU side received count (scaleup: 7): -102 -107 -103 -107 -101 -104 -111 -94 # -129 -129 -129 -129 -129 -129 -129 -129 
CPU side received count (scaleup: 5): -108 -114 -112 -103 -98 -104 -102 -97 # -257 -129 -129 -129 -129 -129 -129 -129 
CPU side received count (scaleup: 1): -109 -107 -116 -109 -97 -111 -93 -94 # -129 -129 -129 -129 -129 -129 -257 -129 
CPU side received count (scaleup: 2): -108 -104 -115 -107 -97 -76 -107 -109 # -129 -129 -129 -129 -129 -129 -129 -129 
CPU side received count (scaleup: 3): -115 -109 -89 -120 -111 -109 -114 -87 # -129 -129 -129 -129 -129 -129 -129 -129 
Elastic buffer uses 4 channels per SM
Elastic buffer uses 4 channels per SM
Elastic buffer uses 4 channels per SM
Elastic buffer uses 4 channels per SM
Elastic buffer uses 4 channels per SM
Elastic buffer uses 4 channels per SM
Elastic buffer uses 4 channels per SM
Elastic buffer uses 4 channels per SM
CPU side received count (scaleup: 0): -110 -105 -102 -106 -108 -105 -101 -102 # -129 -129 -129 -129 -129 -129 -129 -129 
CPU side received count (scaleup: 4): -95 -97 -102 -92 -95 -107 -94 -98 # -129 -129 -129 -129 -129 -129 -129 -129 
CPU side received count (scaleup: 5): -108 -114 -112 -103 -98 -104 -102 -97 # -257 -129 -129 -129 -129 -129 -129 -129 
CPU side received count (scaleup: 7): -102 -107 -103 -107 -101 -104 -111 -94 # -129 -129 -129 -129 -129 -129 -129 -129 
CPU side received count (scaleup: 2): -108 -104 -115 -107 -97 -76 -107 -109 # -129 -129 -129 -129 -129 -129 -129 -129 
CPU side received count (scaleup: 1): -109 -107 -116 -109 -97 -111 -93 -94 # -129 -129 -129 -129 -129 -129 -257 -129 
CPU side received count (scaleup: 3): -115 -109 -89 -120 -111 -109 -114 -87 # -129 -129 -129 -129 -129 -129 -129 -129 
CPU side received count (scaleup: 6): -120 -114 -99 -100 -98 -78 -102 -100 # -129 -129 -129 -129 -129 -129 -129 -129 
Elastic buffer uses 4 channels per SM
Elastic buffer uses 4 channels per SM
Elastic buffer uses 4 channels per SM
Elastic buffer uses 4 channels per SM
Elastic buffer uses 4 channels per SM
Elastic buffer uses 4 channels per SM
Elastic buffer uses 4 channels per SM
Elastic buffer uses 4 channels per SM
CPU side received count (scaleup: 4): -95 -97 -102 -92 -95 -107 -94 -98 # -129 -129 -129 -129 -129 -129 -129 -129 
CPU side received count (scaleup: 6): -120 -114 -99 -100 -98 -78 -102 -100 # -129 -129 -129 -129 -129 -129 -129 -129 
CPU side received count (scaleup: 5): -108 -114 -112 -103 -98 -104 -102 -97 # -257 -129 -129 -129 -129 -129 -129 -129 
CPU side received count (scaleup: 0): -110 -105 -102 -106 -108 -105 -101 -102 # -129 -129 -129 -129 -129 -129 -129 -129 
CPU side received count (scaleup: 7): -102 -107 -103 -107 -101 -104 -111 -94 # -129 -129 -129 -129 -129 -129 -129 -129 
CPU side received count (scaleup: 2): -108 -104 -115 -107 -97 -76 -107 -109 # -129 -129 -129 -129 -129 -129 -129 -129 
CPU side received count (scaleup: 3): -115 -109 -89 -120 -111 -109 -114 -87 # -129 -129 -129 -129 -129 -129 -129 -129 
CPU side received count (scaleup: 1): -109 -107 -116 -109 -97 -111 -93 -94 # -129 -129 -129 -129 -129 -129 -257 -129 
Elastic buffer uses 4 channels per SM
Elastic buffer uses 4 channels per SM
Elastic buffer uses 4 channels per SM
Elastic buffer uses 4 channels per SM
Elastic buffer uses 4 channels per SM
Elastic buffer uses 4 channels per SM
Elastic buffer uses 4 channels per SM
Elastic buffer uses 4 channels per SM
CPU side received count (scaleup: 6): -120 -114 -99 -100 -98 -78 -102 -100 # -129 -129 -129 -129 -129 -129 -129 -129 
CPU side received count (scaleup: 7): -102 -107 -103 -107 -101 -104 -111 -94 # -129 -129 -129 -129 -129 -129 -129 -129 
CPU side received count (scaleup: 1): -109 -107 -116 -109 -97 -111 -93 -94 # -129 -129 -129 -129 -129 -129 -257 -129 
CPU side received count (scaleup: 4): -95 -97 -102 -92 -95 -107 -94 -98 # -129 -129 -129 -129 -129 -129 -129 -129 
CPU side received count (scaleup: 5): -108 -114 -112 -103 -98 -104 -102 -97 # -257 -129 -129 -129 -129 -129 -129 -129 
CPU side received count (scaleup: 3): -115 -109 -89 -120 -111 -109 -114 -87 # -129 -129 -129 -129 -129 -129 -129 -129 
CPU side received count (scaleup: 0): -110 -105 -102 -106 -108 -105 -101 -102 # -129 -129 -129 -129 -129 -129 -129 -129 
CPU side received count (scaleup: 2): -108 -104 -115 -107 -97 -76 -107 -109 # -129 -129 -129 -129 -129 -129 -129 -129 
Elastic buffer uses 4 channels per SM
Elastic buffer uses 4 channels per SM
Elastic buffer uses 4 channels per SM
Elastic buffer uses 4 channels per SM
Elastic buffer uses 4 channels per SM
Elastic buffer uses 4 channels per SM
Elastic buffer uses 4 channels per SM
Elastic buffer uses 4 channels per SM
CPU side received count (scaleup: 4): -95 -97 -102 -92 -95 -107 -94 -98 # -129 -129 -129 -129 -129 -129 -129 -129 
CPU side received count (scaleup: 6): -120 -114 -99 -100 -98 -78 -102 -100 # -129 -129 -129 -129 -129 -129 -129 -129 
CPU side received count (scaleup: 1): -109 -107 -116 -109 -97 -111 -93 -94 # -129 -129 -129 -129 -129 -129 -257 -129 
CPU side received count (scaleup: 0): -110 -105 -102 -106 -108 -105 -101 -102 # -129 -129 -129 -129 -129 -129 -129 -129 
CPU side received count (scaleup: 7): -102 -107 -103 -107 -101 -104 -111 -94 # -129 -129 -129 -129 -129 -129 -129 -129 
CPU side received count (scaleup: 5): -108 -114 -112 -103 -98 -104 -102 -97 # -257 -129 -129 -129 -129 -129 -129 -129 
CPU side received count (scaleup: 3): -115 -109 -89 -120 -111 -109 -114 -87 # -129 -129 -129 -129 -129 -129 -129 -129 
CPU side received count (scaleup: 2): -108 -104 -115 -107 -97 -76 -107 -109 # -129 -129 -129 -129 -129 -129 -129 -129 
Elastic buffer uses 4 channels per SM
Elastic buffer uses 4 channels per SM
Elastic buffer uses 4 channels per SM
Elastic buffer uses 4 channels per SM
Elastic buffer uses 4 channels per SM
Elastic buffer uses 4 channels per SM
Elastic buffer uses 4 channels per SM
Elastic buffer uses 4 channels per SM
CPU side received count (scaleup: 0): -110 -105 -102 -106 -108 -105 -101 -102 # -129 -129 -129 -129 -129 -129 -129 -129 
CPU side received count (scaleup: 3): -115 -109 -89 -120 -111 -109 -114 -87 # -129 -129 -129 -129 -129 -129 -129 -129 
CPU side received count (scaleup: 1): -109 -107 -116 -109 -97 -111 -93 -94 # -129 -129 -129 -129 -129 -129 -257 -129 
CPU side received count (scaleup: 2): -108 -104 -115 -107 -97 -76 -107 -109 # -129 -129 -129 -129 -129 -129 -129 -129 
CPU side received count (scaleup: 6): -120 -114 -99 -100 -98 -78 -102 -100 # -129 -129 -129 -129 -129 -129 -129 -129 
CPU side received count (scaleup: 4): -95 -97 -102 -92 -95 -107 -94 -98 # -129 -129 -129 -129 -129 -129 -129 -129 
CPU side received count (scaleup: 7): -102 -107 -103 -107 -101 -104 -111 -94 # -129 -129 -129 -129 -129 -129 -129 -129 
CPU side received count (scaleup: 5): -108 -114 -112 -103 -98 -104 -102 -97 # -257 -129 -129 -129 -129 -129 -129 -129 
Elastic buffer uses 4 channels per SM
Elastic buffer uses 4 channels per SM
Elastic buffer uses 4 channels per SM
Elastic buffer uses 4 channels per SM
Elastic buffer uses 4 channels per SM
Elastic buffer uses 4 channels per SM
Elastic buffer uses 4 channels per SM
Elastic buffer uses 4 channels per SM
CPU side received count (scaleup: 0): -110 -105 -102 -106 -108 -105 -101 -102 # -129 -129 -129 -129 -129 -129 -129 -129 
CPU side received count (scaleup: 6): -120 -114 -99 -100 -98 -78 -102 -100 # -129 -129 -129 -129 -129 -129 -129 -129 
CPU side received count (scaleup: 3): -115 -109 -89 -120 -111 -109 -114 -87 # -129 -129 -129 -129 -129 -129 -129 -129 
CPU side received count (scaleup: 7): -102 -107 -103 -107 -101 -104 -111 -94 # -129 -129 -129 -129 -129 -129 -129 -129 
CPU side received count (scaleup: 5): -108 -114 -112 -103 -98 -104 -102 -97 # -257 -129 -129 -129 -129 -129 -129 -129 
CPU side received count (scaleup: 1): -109 -107 -116 -109 -97 -111 -93 -94 # -129 -129 -129 -129 -129 -129 -257 -129 
CPU side received count (scaleup: 2): -108 -104 -115 -107 -97 -76 -107 -109 # -129 -129 -129 -129 -129 -129 -129 -129 
CPU side received count (scaleup: 4): -95 -97 -102 -92 -95 -107 -94 -98 # -129 -129 -129 -129 -129 -129 -129 -129 
Elastic buffer uses 4 channels per SM
Elastic buffer uses 4 channels per SM
Elastic buffer uses 4 channels per SM
Elastic buffer uses 4 channels per SM
Elastic buffer uses 4 channels per SM
Elastic buffer uses 4 channels per SM
Elastic buffer uses 4 channels per SM
Elastic buffer uses 4 channels per SM
CPU side received count (scaleup: 4): -95 -97 -102 -92 -95 -107 -94 -98 # -129 -129 -129 -129 -129 -129 -129 -129 
CPU side received count (scaleup: 7): -102 -107 -103 -107 -101 -104 -111 -94 # -129 -129 -129 -129 -129 -129 -129 -129 
CPU side received count (scaleup: 1): -109 -107 -116 -109 -97 -111 -93 -94 # -129 -129 -129 -129 -129 -129 -257 -129 
CPU side received count (scaleup: 6): -120 -114 -99 -100 -98 -78 -102 -100 # -129 -129 -129 -129 -129 -129 -129 -129 
CPU side received count (scaleup: 5): -108 -114 -112 -103 -98 -104 -102 -97 # -257 -129 -129 -129 -129 -129 -129 -129 
CPU side received count (scaleup: 0): -110 -105 -102 -106 -108 -105 -101 -102 # -129 -129 -129 -129 -129 -129 -129 -129 
CPU side received count (scaleup: 2): -108 -104 -115 -107 -97 -76 -107 -109 # -129 -129 -129 -129 -129 -129 -129 -129 
CPU side received count (scaleup: 3): -115 -109 -89 -120 -111 -109 -114 -87 # -129 -129 -129 -129 -129 -129 -129 -129 
Elastic buffer uses 4 channels per SM
Elastic buffer uses 4 channels per SM
Elastic buffer uses 4 channels per SM
Elastic buffer uses 4 channels per SM
Elastic buffer uses 4 channels per SM
Elastic buffer uses 4 channels per SM
Elastic buffer uses 4 channels per SM
Elastic buffer uses 4 channels per SM
CPU side received count (scaleup: 0): -110 -105 -102 -106 -108 -105 -101 -102 # -129 -129 -129 -129 -129 -129 -129 -129 
CPU side received count (scaleup: 1): -109 -107 -116 -109 -97 -111 -93 -94 # -129 -129 -129 -129 -129 -129 -257 -129 
CPU side received count (scaleup: 5): -108 -114 -112 -103 -98 -104 -102 -97 # -257 -129 -129 -129 -129 -129 -129 -129 
CPU side received count (scaleup: 2): -108 -104 -115 -107 -97 -76 -107 -109 # -129 -129 -129 -129 -129 -129 -129 -129 
CPU side received count (scaleup: 3): -115 -109 -89 -120 -111 -109 -114 -87 # -129 -129 -129 -129 -129 -129 -129 -129 
CPU side received count (scaleup: 6): -120 -114 -99 -100 -98 -78 -102 -100 # -129 -129 -129 -129 -129 -129 -129 -129 
CPU side received count (scaleup: 4): -95 -97 -102 -92 -95 -107 -94 -98 # -129 -129 -129 -129 -129 -129 -129 -129 
CPU side received count (scaleup: 7): -102 -107 -103 -107 -101 -104 -111 -94 # -129 -129 -129 -129 -129 -129 -129 -129 
Elastic buffer uses 4 channels per SM
Elastic buffer uses 4 channels per SM
Elastic buffer uses 4 channels per SM
Elastic buffer uses 4 channels per SM
Elastic buffer uses 4 channels per SM
Elastic buffer uses 4 channels per SM
Elastic buffer uses 4 channels per SM
Elastic buffer uses 4 channels per SM
CPU side received count (scaleup: 0): -110 -105 -102 -106 -108 -105 -101 -102 # -129 -129 -129 -129 -129 -129 -129 -129 
CPU side received count (scaleup: 1): -109 -107 -116 -109 -97 -111 -93 -94 # -129 -129 -129 -129 -129 -129 -257 -129 
CPU side received count (scaleup: 5): -108 -114 -112 -103 -98 -104 -102 -97 # -257 -129 -129 -129 -129 -129 -129 -129 
CPU side received count (scaleup: 2): -108 -104 -115 -107 -97 -76 -107 -109 # -129 -129 -129 -129 -129 -129 -129 -129 
CPU side received count (scaleup: 3): -115 -109 -89 -120 -111 -109 -114 -87 # -129 -129 -129 -129 -129 -129 -129 -129 
CPU side received count (scaleup: 4): -95 -97 -102 -92 -95 -107 -94 -98 # -129 -129 -129 -129 -129 -129 -129 -129 
CPU side received count (scaleup: 7): -102 -107 -103 -107 -101 -104 -111 -94 # -129 -129 -129 -129 -129 -129 -129 -129 
CPU side received count (scaleup: 6): -120 -114 -99 -100 -98 -78 -102 -100 # -129 -129 -129 -129 -129 -129 -129 -129 
Elastic buffer uses 4 channels per SM
Elastic buffer uses 4 channels per SM
Elastic buffer uses 4 channels per SM
Elastic buffer uses 4 channels per SM
Elastic buffer uses 4 channels per SM
Elastic buffer uses 4 channels per SM
Elastic buffer uses 4 channels per SM
Elastic buffer uses 4 channels per SM
CPU side received count (scaleup: 0): -110 -105 -102 -106 -108 -105 -101 -102 # -129 -129 -129 -129 -129 -129 -129 -129 
CPU side received count (scaleup: 3): -115 -109 -89 -120 -111 -109 -114 -87 # -129 -129 -129 -129 -129 -129 -129 -129 
CPU side received count (scaleup: 6): -120 -114 -99 -100 -98 -78 -102 -100 # -129 -129 -129 -129 -129 -129 -129 -129 
CPU side received count (scaleup: 2): -108 -104 -115 -107 -97 -76 -107 -109 # -129 -129 -129 -129 -129 -129 -129 -129 
CPU side received count (scaleup: 1): -109 -107 -116 -109 -97 -111 -93 -94 # -129 -129 -129 -129 -129 -129 -257 -129 
CPU side received count (scaleup: 4): -95 -97 -102 -92 -95 -107 -94 -98 # -129 -129 -129 -129 -129 -129 -129 -129 
CPU side received count (scaleup: 5): -108 -114 -112 -103 -98 -104 -102 -97 # -257 -129 -129 -129 -129 -129 -129 -129 
CPU side received count (scaleup: 7): -102 -107 -103 -107 -101 -104 -111 -94 # -129 -129 -129 -129 -129 -129 -129 -129 
Elastic buffer uses 4 channels per SM
Elastic buffer uses 4 channels per SM
Elastic buffer uses 4 channels per SM
Elastic buffer uses 4 channels per SM
Elastic buffer uses 4 channels per SM
Elastic buffer uses 4 channels per SM
Elastic buffer uses 4 channels per SM
Elastic buffer uses 4 channels per SM
CPU side received count (scaleup: 0): -110 -105 -102 -106 -108 -105 -101 -102 # -129 -129 -129 -129 -129 -129 -129 -129 
CPU side received count (scaleup: 1): -109 -107 -116 -109 -97 -111 -93 -94 # -129 -129 -129 -129 -129 -129 -257 -129 
CPU side received count (scaleup: 5): -108 -114 -112 -103 -98 -104 -102 -97 # -257 -129 -129 -129 -129 -129 -129 -129 
CPU side received count (scaleup: 2): -108 -104 -115 -107 -97 -76 -107 -109 # -129 -129 -129 -129 -129 -129 -129 -129 
CPU side received count (scaleup: 3): -115 -109 -89 -120 -111 -109 -114 -87 # -129 -129 -129 -129 -129 -129 -129 -129 
CPU side received count (scaleup: 6): -120 -114 -99 -100 -98 -78 -102 -100 # -129 -129 -129 -129 -129 -129 -129 -129 
CPU side received count (scaleup: 4): -95 -97 -102 -92 -95 -107 -94 -98 # -129 -129 -129 -129 -129 -129 -129 -129 
CPU side received count (scaleup: 7): -102 -107 -103 -107 -101 -104 -111 -94 # -129 -129 -129 -129 -129 -129 -129 -129 
USDT:2026-08-25 02:36:05 437:437 SyncActivityProfilerHandler.cpp:52] profiler_startUSDT:2026-08-25 02:36:05 434:434 SyncActivityProfilerHandler.cpp:52] profiler_startUSDT:2026-08-25 02:36:05 436:436 SyncActivityProfilerHandler.cpp:52] profiler_startUSDT:2026-08-25 02:36:05 431:431 SyncActivityProfilerHandler.cpp:52] profiler_start



USDT:2026-08-25 02:36:05 430:430 SyncActivityProfilerHandler.cpp:52] profiler_startUSDT:2026-08-25 02:36:05 433:433 SyncActivityProfilerHandler.cpp:52] profiler_start

USDT:2026-08-25 02:36:05 435:435 SyncActivityProfilerHandler.cpp:52] profiler_start
Elastic buffer uses 4 channels per SM
Elastic buffer uses 4 channels per SM
Elastic buffer uses 4 channels per SM
Elastic buffer uses 4 channels per SM
Elastic buffer uses 4 channels per SM
Elastic buffer uses 4 channels per SM
Elastic buffer uses 4 channels per SM
Elastic buffer uses 4 channels per SM
USDT:2026-08-25 02:36:05 432:432 SyncActivityProfilerHandler.cpp:52] profiler_start
CPU side received count (scaleup: 0): -110 -105 -102 -106 -108 -105 -101 -102 # -129 -129 -129 -129 -129 -129 -129 -129 
CPU side received count (scaleup: 2): -108 -104 -115 -107 -97 -76 -107 -109 # -129 -129 -129 -129 -129 -129 -129 -129 
CPU side received count (scaleup: 3): -115 -109 -89 -120 -111 -109 -114 -87 # -129 -129 -129 -129 -129 -129 -129 -129 
CPU side received count (scaleup: 7): -102 -107 -103 -107 -101 -104 -111 -94 # -129 -129 -129 -129 -129 -129 -129 -129 
CPU side received count (scaleup: 1): -109 -107 -116 -109 -97 -111 -93 -94 # -129 -129 -129 -129 -129 -129 -257 -129 
CPU side received count (scaleup: 6): -120 -114 -99 -100 -98 -78 -102 -100 # -129 -129 -129 -129 -129 -129 -129 -129 
CPU side received count (scaleup: 4): -95 -97 -102 -92 -95 -107 -94 -98 # -129 -129 -129 -129 -129 -129 -129 -129 
CPU side received count (scaleup: 5): -108 -114 -112 -103 -98 -104 -102 -97 # -257 -129 -129 -129 -129 -129 -129 -129 
Elastic buffer uses 4 channels per SM
Elastic buffer uses 4 channels per SM
Elastic buffer uses 4 channels per SM
Elastic buffer uses 4 channels per SM
Elastic buffer uses 4 channels per SM
Elastic buffer uses 4 channels per SM
Elastic buffer uses 4 channels per SM
Elastic buffer uses 4 channels per SM
CPU side received count (scaleup: 6): -120 -114 -99 -100 -98 -78 -102 -100 # -129 -129 -129 -129 -129 -129 -129 -129 
CPU side received count (scaleup: 5): -108 -114 -112 -103 -98 -104 -102 -97 # -257 -129 -129 -129 -129 -129 -129 -129 
CPU side received count (scaleup: 3): -115 -109 -89 -120 -111 -109 -114 -87 # -129 -129 -129 -129 -129 -129 -129 -129 
CPU side received count (scaleup: 4): -95 -97 -102 -92 -95 -107 -94 -98 # -129 -129 -129 -129 -129 -129 -129 -129 
CPU side received count (scaleup: 7): -102 -107 -103 -107 -101 -104 -111 -94 # -129 -129 -129 -129 -129 -129 -129 -129 
CPU side received count (scaleup: 0): -110 -105 -102 -106 -108 -105 -101 -102 # -129 -129 -129 -129 -129 -129 -129 -129 
CPU side received count (scaleup: 2): -108 -104 -115 -107 -97 -76 -107 -109 # -129 -129 -129 -129 -129 -129 -129 -129 
CPU side received count (scaleup: 1): -109 -107 -116 -109 -97 -111 -93 -94 # -129 -129 -129 -129 -129 -129 -257 -129 
Elastic buffer uses 4 channels per SM
Elastic buffer uses 4 channels per SM
Elastic buffer uses 4 channels per SM
Elastic buffer uses 4 channels per SM
Elastic buffer uses 4 channels per SM
Elastic buffer uses 4 channels per SM
Elastic buffer uses 4 channels per SM
Elastic buffer uses 4 channels per SM
CPU side received count (scaleup: 0): -110 -105 -102 -106 -108 -105 -101 -102 # -129 -129 -129 -129 -129 -129 -129 -129 
CPU side received count (scaleup: 1): -109 -107 -116 -109 -97 -111 -93 -94 # -129 -129 -129 -129 -129 -129 -257 -129 
CPU side received count (scaleup: 6): -120 -114 -99 -100 -98 -78 -102 -100 # -129 -129 -129 -129 -129 -129 -129 -129 
CPU side received count (scaleup: 4): -95 -97 -102 -92 -95 -107 -94 -98 # -129 -129 -129 -129 -129 -129 -129 -129 
CPU side received count (scaleup: 2): -108 -104 -115 -107 -97 -76 -107 -109 # -129 -129 -129 -129 -129 -129 -129 -129 
CPU side received count (scaleup: 3): -115 -109 -89 -120 -111 -109 -114 -87 # -129 -129 -129 -129 -129 -129 -129 -129 
CPU side received count (scaleup: 5): -108 -114 -112 -103 -98 -104 -102 -97 # -257 -129 -129 -129 -129 -129 -129 -129 
CPU side received count (scaleup: 7): -102 -107 -103 -107 -101 -104 -111 -94 # -129 -129 -129 -129 -129 -129 -129 -129 
Elastic buffer uses 4 channels per SM
Elastic buffer uses 4 channels per SM
Elastic buffer uses 4 channels per SM
Elastic buffer uses 4 channels per SM
Elastic buffer uses 4 channels per SM
Elastic buffer uses 4 channels per SM
Elastic buffer uses 4 channels per SM
Elastic buffer uses 4 channels per SM
CPU side received count (scaleup: 4): -95 -97 -102 -92 -95 -107 -94 -98 # -129 -129 -129 -129 -129 -129 -129 -129 
CPU side received count (scaleup: 5): -108 -114 -112 -103 -98 -104 -102 -97 # -257 -129 -129 -129 -129 -129 -129 -129 
CPU side received count (scaleup: 3): -115 -109 -89 -120 -111 -109 -114 -87 # -129 -129 -129 -129 -129 -129 -129 -129 
CPU side received count (scaleup: 6): -120 -114 -99 -100 -98 -78 -102 -100 # -129 -129 -129 -129 -129 -129 -129 -129 
CPU side received count (scaleup: 7): -102 -107 -103 -107 -101 -104 -111 -94 # -129 -129 -129 -129 -129 -129 -129 -129 
CPU side received count (scaleup: 2): -108 -104 -115 -107 -97 -76 -107 -109 # -129 -129 -129 -129 -129 -129 -129 -129 
CPU side received count (scaleup: 0): -110 -105 -102 -106 -108 -105 -101 -102 # -129 -129 -129 -129 -129 -129 -129 -129 
CPU side received count (scaleup: 1): -109 -107 -116 -109 -97 -111 -93 -94 # -129 -129 -129 -129 -129 -129 -257 -129 
Elastic buffer uses 4 channels per SM
Elastic buffer uses 4 channels per SM
Elastic buffer uses 4 channels per SM
Elastic buffer uses 4 channels per SM
Elastic buffer uses 4 channels per SM
Elastic buffer uses 4 channels per SM
Elastic buffer uses 4 channels per SM
Elastic buffer uses 4 channels per SM
CPU side received count (scaleup: 4): -95 -97 -102 -92 -95 -107 -94 -98 # -129 -129 -129 -129 -129 -129 -129 -129 
CPU side received count (scaleup: 0): -110 -105 -102 -106 -108 -105 -101 -102 # -129 -129 -129 -129 -129 -129 -129 -129 
CPU side received count (scaleup: 3): -115 -109 -89 -120 -111 -109 -114 -87 # -129 -129 -129 -129 -129 -129 -129 -129 
CPU side received count (scaleup: 5): -108 -114 -112 -103 -98 -104 -102 -97 # -257 -129 -129 -129 -129 -129 -129 -129 
CPU side received count (scaleup: 7): -102 -107 -103 -107 -101 -104 -111 -94 # -129 -129 -129 -129 -129 -129 -129 -129 
CPU side received count (scaleup: 1): -109 -107 -116 -109 -97 -111 -93 -94 # -129 -129 -129 -129 -129 -129 -257 -129 
CPU side received count (scaleup: 6): -120 -114 -99 -100 -98 -78 -102 -100 # -129 -129 -129 -129 -129 -129 -129 -129 
CPU side received count (scaleup: 2): -108 -104 -115 -107 -97 -76 -107 -109 # -129 -129 -129 -129 -129 -129 -129 -129 
Elastic buffer uses 4 channels per SM
Elastic buffer uses 4 channels per SM
Elastic buffer uses 4 channels per SM
Elastic buffer uses 4 channels per SM
Elastic buffer uses 4 channels per SM
Elastic buffer uses 4 channels per SM
Elastic buffer uses 4 channels per SM
Elastic buffer uses 4 channels per SM
CPU side received count (scaleup: 0): -110 -105 -102 -106 -108 -105 -101 -102 # -129 -129 -129 -129 -129 -129 -129 -129 
CPU side received count (scaleup: 1): -109 -107 -116 -109 -97 -111 -93 -94 # -129 -129 -129 -129 -129 -129 -257 -129 
CPU side received count (scaleup: 3): -115 -109 -89 -120 -111 -109 -114 -87 # -129 -129 -129 -129 -129 -129 -129 -129 
CPU side received count (scaleup: 2): -108 -104 -115 -107 -97 -76 -107 -109 # -129 -129 -129 -129 -129 -129 -129 -129 
CPU side received count (scaleup: 7): -102 -107 -103 -107 -101 -104 -111 -94 # -129 -129 -129 -129 -129 -129 -129 -129 
CPU side received count (scaleup: 6): -120 -114 -99 -100 -98 -78 -102 -100 # -129 -129 -129 -129 -129 -129 -129 -129 
CPU side received count (scaleup: 4): -95 -97 -102 -92 -95 -107 -94 -98 # -129 -129 -129 -129 -129 -129 -129 -129 
CPU side received count (scaleup: 5): -108 -114 -112 -103 -98 -104 -102 -97 # -257 -129 -129 -129 -129 -129 -129 -129 
Elastic buffer uses 4 channels per SM
Elastic buffer uses 4 channels per SM
Elastic buffer uses 4 channels per SM
Elastic buffer uses 4 channels per SM
Elastic buffer uses 4 channels per SM
Elastic buffer uses 4 channels per SM
Elastic buffer uses 4 channels per SM
Elastic buffer uses 4 channels per SM
CPU side received count (scaleup: 0): -110 -105 -102 -106 -108 -105 -101 -102 # -129 -129 -129 -129 -129 -129 -129 -129 
CPU side received count (scaleup: 1): -109 -107 -116 -109 -97 -111 -93 -94 # -129 -129 -129 -129 -129 -129 -257 -129 
CPU side received count (scaleup: 7): -102 -107 -103 -107 -101 -104 -111 -94 # -129 -129 -129 -129 -129 -129 -129 -129 
CPU side received count (scaleup: 4): -95 -97 -102 -92 -95 -107 -94 -98 # -129 -129 -129 -129 -129 -129 -129 -129 
CPU side received count (scaleup: 3): -115 -109 -89 -120 -111 -109 -114 -87 # -129 -129 -129 -129 -129 -129 -129 -129 
CPU side received count (scaleup: 2): -108 -104 -115 -107 -97 -76 -107 -109 # -129 -129 -129 -129 -129 -129 -129 -129 
CPU side received count (scaleup: 5): -108 -114 -112 -103 -98 -104 -102 -97 # -257 -129 -129 -129 -129 -129 -129 -129 
CPU side received count (scaleup: 6): -120 -114 -99 -100 -98 -78 -102 -100 # -129 -129 -129 -129 -129 -129 -129 -129 
Elastic buffer uses 4 channels per SM
Elastic buffer uses 4 channels per SM
Elastic buffer uses 4 channels per SM
Elastic buffer uses 4 channels per SM
Elastic buffer uses 4 channels per SM
Elastic buffer uses 4 channels per SM
Elastic buffer uses 4 channels per SM
Elastic buffer uses 4 channels per SM
CPU side received count (scaleup: 6): -120 -114 -99 -100 -98 -78 -102 -100 # -129 -129 -129 -129 -129 -129 -129 -129 
CPU side received count (scaleup: 0): -110 -105 -102 -106 -108 -105 -101 -102 # -129 -129 -129 -129 -129 -129 -129 -129 
CPU side received count (scaleup: 1): -109 -107 -116 -109 -97 -111 -93 -94 # -129 -129 -129 -129 -129 -129 -257 -129 
CPU side received count (scaleup: 4): -95 -97 -102 -92 -95 -107 -94 -98 # -129 -129 -129 -129 -129 -129 -129 -129 
CPU side received count (scaleup: 7): -102 -107 -103 -107 -101 -104 -111 -94 # -129 -129 -129 -129 -129 -129 -129 -129 
CPU side received count (scaleup: 5): -108 -114 -112 -103 -98 -104 -102 -97 # -257 -129 -129 -129 -129 -129 -129 -129 
CPU side received count (scaleup: 3): -115 -109 -89 -120 -111 -109 -114 -87 # -129 -129 -129 -129 -129 -129 -129 -129 
CPU side received count (scaleup: 2): -108 -104 -115 -107 -97 -76 -107 -109 # -129 -129 -129 -129 -129 -129 -129 -129 
Elastic buffer uses 4 channels per SM
Elastic buffer uses 4 channels per SM
Elastic buffer uses 4 channels per SM
Elastic buffer uses 4 channels per SM
Elastic buffer uses 4 channels per SM
Elastic buffer uses 4 channels per SM
Elastic buffer uses 4 channels per SM
Elastic buffer uses 4 channels per SM
CPU side received count (scaleup: 0): -110 -105 -102 -106 -108 -105 -101 -102 # -129 -129 -129 -129 -129 -129 -129 -129 
CPU side received count (scaleup: 2): -108 -104 -115 -107 -97 -76 -107 -109 # -129 -129 -129 -129 -129 -129 -129 -129 
CPU side received count (scaleup: 6): -120 -114 -99 -100 -98 -78 -102 -100 # -129 -129 -129 -129 -129 -129 -129 -129 
CPU side received count (scaleup: 3): -115 -109 -89 -120 -111 -109 -114 -87 # -129 -129 -129 -129 -129 -129 -129 -129 
CPU side received count (scaleup: 1): -109 -107 -116 -109 -97 -111 -93 -94 # -129 -129 -129 -129 -129 -129 -257 -129 
CPU side received count (scaleup: 4): -95 -97 -102 -92 -95 -107 -94 -98 # -129 -129 -129 -129 -129 -129 -129 -129 
CPU side received count (scaleup: 7): -102 -107 -103 -107 -101 -104 -111 -94 # -129 -129 -129 -129 -129 -129 -129 -129 
CPU side received count (scaleup: 5): -108 -114 -112 -103 -98 -104 -102 -97 # -257 -129 -129 -129 -129 -129 -129 -129 
Elastic buffer uses 4 channels per SM
Elastic buffer uses 4 channels per SM
Elastic buffer uses 4 channels per SM
Elastic buffer uses 4 channels per SM
Elastic buffer uses 4 channels per SM
Elastic buffer uses 4 channels per SM
Elastic buffer uses 4 channels per SM
Elastic buffer uses 4 channels per SM
CPU side received count (scaleup: 0): -110 -105 -102 -106 -108 -105 -101 -102 # -129 -129 -129 -129 -129 -129 -129 -129 
CPU side received count (scaleup: 3): -115 -109 -89 -120 -111 -109 -114 -87 # -129 -129 -129 -129 -129 -129 -129 -129 
CPU side received count (scaleup: 7): -102 -107 -103 -107 -101 -104 -111 -94 # -129 -129 -129 -129 -129 -129 -129 -129 
CPU side received count (scaleup: 1): -109 -107 -116 -109 -97 -111 -93 -94 # -129 -129 -129 -129 -129 -129 -257 -129 
CPU side received count (scaleup: 2): -108 -104 -115 -107 -97 -76 -107 -109 # -129 -129 -129 -129 -129 -129 -129 -129 
CPU side received count (scaleup: 5): -108 -114 -112 -103 -98 -104 -102 -97 # -257 -129 -129 -129 -129 -129 -129 -129 
CPU side received count (scaleup: 4): -95 -97 -102 -92 -95 -107 -94 -98 # -129 -129 -129 -129 -129 -129 -129 -129 
CPU side received count (scaleup: 6): -120 -114 -99 -100 -98 -78 -102 -100 # -129 -129 -129 -129 -129 -129 -129 -129 
Elastic buffer uses 4 channels per SM
Elastic buffer uses 4 channels per SM
Elastic buffer uses 4 channels per SM
Elastic buffer uses 4 channels per SM
Elastic buffer uses 4 channels per SM
Elastic buffer uses 4 channels per SM
Elastic buffer uses 4 channels per SM
Elastic buffer uses 4 channels per SM
CPU side received count (scaleup: 0): -110 -105 -102 -106 -108 -105 -101 -102 # -129 -129 -129 -129 -129 -129 -129 -129 
CPU side received count (scaleup: 1): -109 -107 -116 -109 -97 -111 -93 -94 # -129 -129 -129 -129 -129 -129 -257 -129 
CPU side received count (scaleup: 3): -115 -109 -89 -120 -111 -109 -114 -87 # -129 -129 -129 -129 -129 -129 -129 -129 
CPU side received count (scaleup: 2): -108 -104 -115 -107 -97 -76 -107 -109 # -129 -129 -129 -129 -129 -129 -129 -129 
CPU side received count (scaleup: 5): -108 -114 -112 -103 -98 -104 -102 -97 # -257 -129 -129 -129 -129 -129 -129 -129 
CPU side received count (scaleup: 4): -95 -97 -102 -92 -95 -107 -94 -98 # -129 -129 -129 -129 -129 -129 -129 -129 
CPU side received count (scaleup: 7): -102 -107 -103 -107 -101 -104 -111 -94 # -129 -129 -129 -129 -129 -129 -129 -129 
CPU side received count (scaleup: 6): -120 -114 -99 -100 -98 -78 -102 -100 # -129 -129 -129 -129 -129 -129 -129 -129 
Elastic buffer uses 4 channels per SM
Elastic buffer uses 4 channels per SM
Elastic buffer uses 4 channels per SM
Elastic buffer uses 4 channels per SM
Elastic buffer uses 4 channels per SM
Elastic buffer uses 4 channels per SM
Elastic buffer uses 4 channels per SM
Elastic buffer uses 4 channels per SM
CPU side received count (scaleup: 4): -95 -97 -102 -92 -95 -107 -94 -98 # -129 -129 -129 -129 -129 -129 -129 -129 
CPU side received count (scaleup: 5): -108 -114 -112 -103 -98 -104 -102 -97 # -257 -129 -129 -129 -129 -129 -129 -129 
CPU side received count (scaleup: 0): -110 -105 -102 -106 -108 -105 -101 -102 # -129 -129 -129 -129 -129 -129 -129 -129 
CPU side received count (scaleup: 6): -120 -114 -99 -100 -98 -78 -102 -100 # -129 -129 -129 -129 -129 -129 -129 -129 
CPU side received count (scaleup: 7): -102 -107 -103 -107 -101 -104 -111 -94 # -129 -129 -129 -129 -129 -129 -129 -129 
CPU side received count (scaleup: 3): -115 -109 -89 -120 -111 -109 -114 -87 # -129 -129 -129 -129 -129 -129 -129 -129 
CPU side received count (scaleup: 1): -109 -107 -116 -109 -97 -111 -93 -94 # -129 -129 -129 -129 -129 -129 -257 -129 
CPU side received count (scaleup: 2): -108 -104 -115 -107 -97 -76 -107 -109 # -129 -129 -129 -129 -129 -129 -129 -129 
Elastic buffer uses 4 channels per SM
Elastic buffer uses 4 channels per SM
Elastic buffer uses 4 channels per SM
Elastic buffer uses 4 channels per SM
Elastic buffer uses 4 channels per SM
Elastic buffer uses 4 channels per SM
Elastic buffer uses 4 channels per SM
Elastic buffer uses 4 channels per SM
CPU side received count (scaleup: 4): -95 -97 -102 -92 -95 -107 -94 -98 # -129 -129 -129 -129 -129 -129 -129 -129 
CPU side received count (scaleup: 6): -120 -114 -99 -100 -98 -78 -102 -100 # -129 -129 -129 -129 -129 -129 -129 -129 
CPU side received count (scaleup: 0): -110 -105 -102 -106 -108 -105 -101 -102 # -129 -129 -129 -129 -129 -129 -129 -129 
CPU side received count (scaleup: 3): -115 -109 -89 -120 -111 -109 -114 -87 # -129 -129 -129 -129 -129 -129 -129 -129 
CPU side received count (scaleup: 5): -108 -114 -112 -103 -98 -104 -102 -97 # -257 -129 -129 -129 -129 -129 -129 -129 
CPU side received count (scaleup: 7): -102 -107 -103 -107 -101 -104 -111 -94 # -129 -129 -129 -129 -129 -129 -129 -129 
CPU side received count (scaleup: 2): -108 -104 -115 -107 -97 -76 -107 -109 # -129 -129 -129 -129 -129 -129 -129 -129 
CPU side received count (scaleup: 1): -109 -107 -116 -109 -97 -111 -93 -94 # -129 -129 -129 -129 -129 -129 -257 -129 
Elastic buffer uses 4 channels per SM
Elastic buffer uses 4 channels per SM
Elastic buffer uses 4 channels per SM
Elastic buffer uses 4 channels per SM
Elastic buffer uses 4 channels per SM
Elastic buffer uses 4 channels per SM
Elastic buffer uses 4 channels per SM
Elastic buffer uses 4 channels per SM
CPU side received count (scaleup: 2): -108 -104 -115 -107 -97 -76 -107 -109 # -129 -129 -129 -129 -129 -129 -129 -129 
CPU side received count (scaleup: 1): -109 -107 -116 -109 -97 -111 -93 -94 # -129 -129 -129 -129 -129 -129 -257 -129 
CPU side received count (scaleup: 4): -95 -97 -102 -92 -95 -107 -94 -98 # -129 -129 -129 -129 -129 -129 -129 -129 
CPU side received count (scaleup: 0): -110 -105 -102 -106 -108 -105 -101 -102 # -129 -129 -129 -129 -129 -129 -129 -129 
CPU side received count (scaleup: 3): -115 -109 -89 -120 -111 -109 -114 -87 # -129 -129 -129 -129 -129 -129 -129 -129 
CPU side received count (scaleup: 5): -108 -114 -112 -103 -98 -104 -102 -97 # -257 -129 -129 -129 -129 -129 -129 -129 
CPU side received count (scaleup: 7): -102 -107 -103 -107 -101 -104 -111 -94 # -129 -129 -129 -129 -129 -129 -129 -129 
CPU side received count (scaleup: 6): -120 -114 -99 -100 -98 -78 -102 -100 # -129 -129 -129 -129 -129 -129 -129 -129 
Elastic buffer uses 4 channels per SM
Elastic buffer uses 4 channels per SM
Elastic buffer uses 4 channels per SM
Elastic buffer uses 4 channels per SM
Elastic buffer uses 4 channels per SM
Elastic buffer uses 4 channels per SM
Elastic buffer uses 4 channels per SM
Elastic buffer uses 4 channels per SM
CPU side received count (scaleup: 4): -95 -97 -102 -92 -95 -107 -94 -98 # -129 -129 -129 -129 -129 -129 -129 -129 
CPU side received count (scaleup: 6): -120 -114 -99 -100 -98 -78 -102 -100 # -129 -129 -129 -129 -129 -129 -129 -129 
CPU side received count (scaleup: 5): -108 -114 -112 -103 -98 -104 -102 -97 # -257 -129 -129 -129 -129 -129 -129 -129 
CPU side received count (scaleup: 3): -115 -109 -89 -120 -111 -109 -114 -87 # -129 -129 -129 -129 -129 -129 -129 -129 
CPU side received count (scaleup: 0): -110 -105 -102 -106 -108 -105 -101 -102 # -129 -129 -129 -129 -129 -129 -129 -129 
CPU side received count (scaleup: 7): -102 -107 -103 -107 -101 -104 -111 -94 # -129 -129 -129 -129 -129 -129 -129 -129 
CPU side received count (scaleup: 2): -108 -104 -115 -107 -97 -76 -107 -109 # -129 -129 -129 -129 -129 -129 -129 -129 
CPU side received count (scaleup: 1): -109 -107 -116 -109 -97 -111 -93 -94 # -129 -129 -129 -129 -129 -129 -257 -129 
Elastic buffer uses 4 channels per SM
Elastic buffer uses 4 channels per SM
Elastic buffer uses 4 channels per SM
Elastic buffer uses 4 channels per SM
Elastic buffer uses 4 channels per SM
Elastic buffer uses 4 channels per SM
Elastic buffer uses 4 channels per SM
Elastic buffer uses 4 channels per SM
CPU side received count (scaleup: 6): -120 -114 -99 -100 -98 -78 -102 -100 # -129 -129 -129 -129 -129 -129 -129 -129 
CPU side received count (scaleup: 5): -108 -114 -112 -103 -98 -104 -102 -97 # -257 -129 -129 -129 -129 -129 -129 -129 
CPU side received count (scaleup: 1): -109 -107 -116 -109 -97 -111 -93 -94 # -129 -129 -129 -129 -129 -129 -257 -129 
CPU side received count (scaleup: 4): -95 -97 -102 -92 -95 -107 -94 -98 # -129 -129 -129 -129 -129 -129 -129 -129 
CPU side received count (scaleup: 7): -102 -107 -103 -107 -101 -104 -111 -94 # -129 -129 -129 -129 -129 -129 -129 -129 
CPU side received count (scaleup: 0): -110 -105 -102 -106 -108 -105 -101 -102 # -129 -129 -129 -129 -129 -129 -129 -129 
CPU side received count (scaleup: 3): -115 -109 -89 -120 -111 -109 -114 -87 # -129 -129 -129 -129 -129 -129 -129 -129 
CPU side received count (scaleup: 2): -108 -104 -115 -107 -97 -76 -107 -109 # -129 -129 -129 -129 -129 -129 -129 -129 
Elastic buffer uses 4 channels per SM
Elastic buffer uses 4 channels per SM
Elastic buffer uses 4 channels per SM
Elastic buffer uses 4 channels per SM
Elastic buffer uses 4 channels per SM
Elastic buffer uses 4 channels per SM
Elastic buffer uses 4 channels per SM
Elastic buffer uses 4 channels per SM
CPU side received count (scaleup: 0): -110 -105 -102 -106 -108 -105 -101 -102 # -129 -129 -129 -129 -129 -129 -129 -129 
CPU side received count (scaleup: 2): -108 -104 -115 -107 -97 -76 -107 -109 # -129 -129 -129 -129 -129 -129 -129 -129 
CPU side received count (scaleup: 3): -115 -109 -89 -120 -111 -109 -114 -87 # -129 -129 -129 -129 -129 -129 -129 -129 
CPU side received count (scaleup: 1): -109 -107 -116 -109 -97 -111 -93 -94 # -129 -129 -129 -129 -129 -129 -257 -129 
CPU side received count (scaleup: 6): -120 -114 -99 -100 -98 -78 -102 -100 # -129 -129 -129 -129 -129 -129 -129 -129 
CPU side received count (scaleup: 4): -95 -97 -102 -92 -95 -107 -94 -98 # -129 -129 -129 -129 -129 -129 -129 -129 
CPU side received count (scaleup: 7): -102 -107 -103 -107 -101 -104 -111 -94 # -129 -129 -129 -129 -129 -129 -129 -129 
CPU side received count (scaleup: 5): -108 -114 -112 -103 -98 -104 -102 -97 # -257 -129 -129 -129 -129 -129 -129 -129 
Elastic buffer uses 4 channels per SM
Elastic buffer uses 4 channels per SM
Elastic buffer uses 4 channels per SM
Elastic buffer uses 4 channels per SM
Elastic buffer uses 4 channels per SM
Elastic buffer uses 4 channels per SM
Elastic buffer uses 4 channels per SM
Elastic buffer uses 4 channels per SM
CPU side received count (scaleup: 0): -110 -105 -102 -106 -108 -105 -101 -102 # -129 -129 -129 -129 -129 -129 -129 -129 
CPU side received count (scaleup: 2): -108 -104 -115 -107 -97 -76 -107 -109 # -129 -129 -129 -129 -129 -129 -129 -129 
CPU side received count (scaleup: 3): -115 -109 -89 -120 -111 -109 -114 -87 # -129 -129 -129 -129 -129 -129 -129 -129 
CPU side received count (scaleup: 1): -109 -107 -116 -109 -97 -111 -93 -94 # -129 -129 -129 -129 -129 -129 -257 -129 
CPU side received count (scaleup: 4): -95 -97 -102 -92 -95 -107 -94 -98 # -129 -129 -129 -129 -129 -129 -129 -129 
CPU side received count (scaleup: 6): -120 -114 -99 -100 -98 -78 -102 -100 # -129 -129 -129 -129 -129 -129 -129 -129 
CPU side received count (scaleup: 7): -102 -107 -103 -107 -101 -104 -111 -94 # -129 -129 -129 -129 -129 -129 -129 -129 
CPU side received count (scaleup: 5): -108 -114 -112 -103 -98 -104 -102 -97 # -257 -129 -129 -129 -129 -129 -129 -129 
Elastic buffer uses 4 channels per SM
Elastic buffer uses 4 channels per SM
Elastic buffer uses 4 channels per SM
Elastic buffer uses 4 channels per SM
Elastic buffer uses 4 channels per SM
Elastic buffer uses 4 channels per SM
Elastic buffer uses 4 channels per SM
Elastic buffer uses 4 channels per SM
CPU side received count (scaleup: 0): -110 -105 -102 -106 -108 -105 -101 -102 # -129 -129 -129 -129 -129 -129 -129 -129 
CPU side received count (scaleup: 2): -108 -104 -115 -107 -97 -76 -107 -109 # -129 -129 -129 -129 -129 -129 -129 -129 
CPU side received count (scaleup: 4): -95 -97 -102 -92 -95 -107 -94 -98 # -129 -129 -129 -129 -129 -129 -129 -129 
CPU side received count (scaleup: 5): -108 -114 -112 -103 -98 -104 -102 -97 # -257 -129 -129 -129 -129 -129 -129 -129 
CPU side received count (scaleup: 1): -109 -107 -116 -109 -97 -111 -93 -94 # -129 -129 -129 -129 -129 -129 -257 -129 
CPU side received count (scaleup: 3): -115 -109 -89 -120 -111 -109 -114 -87 # -129 -129 -129 -129 -129 -129 -129 -129 
CPU side received count (scaleup: 6): -120 -114 -99 -100 -98 -78 -102 -100 # -129 -129 -129 -129 -129 -129 -129 -129 
CPU side received count (scaleup: 7): -102 -107 -103 -107 -101 -104 -111 -94 # -129 -129 -129 -129 -129 -129 -129 -129 
Elastic buffer uses 4 channels per SM
Elastic buffer uses 4 channels per SM
Elastic buffer uses 4 channels per SM
Elastic buffer uses 4 channels per SM
Elastic buffer uses 4 channels per SM
Elastic buffer uses 4 channels per SM
Elastic buffer uses 4 channels per SM
Elastic buffer uses 4 channels per SM
CPU side received count (scaleup: 0): -110 -105 -102 -106 -108 -105 -101 -102 # -129 -129 -129 -129 -129 -129 -129 -129 
CPU side received count (scaleup: 1): -109 -107 -116 -109 -97 -111 -93 -94 # -129 -129 -129 -129 -129 -129 -257 -129 
CPU side received count (scaleup: 3): -115 -109 -89 -120 -111 -109 -114 -87 # -129 -129 -129 -129 -129 -129 -129 -129 
CPU side received count (scaleup: 4): -95 -97 -102 -92 -95 -107 -94 -98 # -129 -129 -129 -129 -129 -129 -129 -129 
CPU side received count (scaleup: 6): -120 -114 -99 -100 -98 -78 -102 -100 # -129 -129 -129 -129 -129 -129 -129 -129 
CPU side received count (scaleup: 2): -108 -104 -115 -107 -97 -76 -107 -109 # -129 -129 -129 -129 -129 -129 -129 -129 
CPU side received count (scaleup: 7): -102 -107 -103 -107 -101 -104 -111 -94 # -129 -129 -129 -129 -129 -129 -129 -129 
CPU side received count (scaleup: 5): -108 -114 -112 -103 -98 -104 -102 -97 # -257 -129 -129 -129 -129 -129 -129 -129 
Elastic buffer uses 4 channels per SM
Elastic buffer uses 4 channels per SM
Elastic buffer uses 4 channels per SM
Elastic buffer uses 4 channels per SM
Elastic buffer uses 4 channels per SM
Elastic buffer uses 4 channels per SM
Elastic buffer uses 4 channels per SM
Elastic buffer uses 4 channels per SM
CPU side received count (scaleup: 0): -110 -105 -102 -106 -108 -105 -101 -102 # -129 -129 -129 -129 -129 -129 -129 -129 
CPU side received count (scaleup: 4): -95 -97 -102 -92 -95 -107 -94 -98 # -129 -129 -129 -129 -129 -129 -129 -129 
CPU side received count (scaleup: 5): -108 -114 -112 -103 -98 -104 -102 -97 # -257 -129 -129 -129 -129 -129 -129 -129 
CPU side received count (scaleup: 1): -109 -107 -116 -109 -97 -111 -93 -94 # -129 -129 -129 -129 -129 -129 -257 -129 
CPU side received count (scaleup: 2): -108 -104 -115 -107 -97 -76 -107 -109 # -129 -129 -129 -129 -129 -129 -129 -129 
CPU side received count (scaleup: 3): -115 -109 -89 -120 -111 -109 -114 -87 # -129 -129 -129 -129 -129 -129 -129 -129 
CPU side received count (scaleup: 6): -120 -114 -99 -100 -98 -78 -102 -100 # -129 -129 -129 -129 -129 -129 -129 -129 
CPU side received count (scaleup: 7): -102 -107 -103 -107 -101 -104 -111 -94 # -129 -129 -129 -129 -129 -129 -129 -129 
Elastic buffer uses 4 channels per SM
Elastic buffer uses 4 channels per SM
Elastic buffer uses 4 channels per SM
Elastic buffer uses 4 channels per SM
Elastic buffer uses 4 channels per SM
Elastic buffer uses 4 channels per SM
Elastic buffer uses 4 channels per SM
Elastic buffer uses 4 channels per SM
CPU side received count (scaleup: 0): -110 -105 -102 -106 -108 -105 -101 -102 # -129 -129 -129 -129 -129 -129 -129 -129 
CPU side received count (scaleup: 2): -108 -104 -115 -107 -97 -76 -107 -109 # -129 -129 -129 -129 -129 -129 -129 -129 
CPU side received count (scaleup: 6): -120 -114 -99 -100 -98 -78 -102 -100 # -129 -129 -129 -129 -129 -129 -129 -129 
CPU side received count (scaleup: 1): -109 -107 -116 -109 -97 -111 -93 -94 # -129 -129 -129 -129 -129 -129 -257 -129 
CPU side received count (scaleup: 3): -115 -109 -89 -120 -111 -109 -114 -87 # -129 -129 -129 -129 -129 -129 -129 -129 
CPU side received count (scaleup: 4): -95 -97 -102 -92 -95 -107 -94 -98 # -129 -129 -129 -129 -129 -129 -129 -129 
CPU side received count (scaleup: 5): -108 -114 -112 -103 -98 -104 -102 -97 # -257 -129 -129 -129 -129 -129 -129 -129 
CPU side received count (scaleup: 7): -102 -107 -103 -107 -101 -104 -111 -94 # -129 -129 -129 -129 -129 -129 -129 -129 
Elastic buffer uses 4 channels per SM
Elastic buffer uses 4 channels per SM
Elastic buffer uses 4 channels per SM
Elastic buffer uses 4 channels per SM
Elastic buffer uses 4 channels per SM
Elastic buffer uses 4 channels per SM
Elastic buffer uses 4 channels per SM
Elastic buffer uses 4 channels per SM
CPU side received count (scaleup: 6): -120 -114 -99 -100 -98 -78 -102 -100 # -129 -129 -129 -129 -129 -129 -129 -129 
CPU side received count (scaleup: 5): -108 -114 -112 -103 -98 -104 -102 -97 # -257 -129 -129 -129 -129 -129 -129 -129 
CPU side received count (scaleup: 0): -110 -105 -102 -106 -108 -105 -101 -102 # -129 -129 -129 -129 -129 -129 -129 -129 
CPU side received count (scaleup: 4): -95 -97 -102 -92 -95 -107 -94 -98 # -129 -129 -129 -129 -129 -129 -129 -129 
CPU side received count (scaleup: 7): -102 -107 -103 -107 -101 -104 -111 -94 # -129 -129 -129 -129 -129 -129 -129 -129 
CPU side received count (scaleup: 3): -115 -109 -89 -120 -111 -109 -114 -87 # -129 -129 -129 -129 -129 -129 -129 -129 
CPU side received count (scaleup: 2): -108 -104 -115 -107 -97 -76 -107 -109 # -129 -129 -129 -129 -129 -129 -129 -129 
CPU side received count (scaleup: 1): -109 -107 -116 -109 -97 -111 -93 -94 # -129 -129 -129 -129 -129 -129 -257 -129 
Elastic buffer uses 4 channels per SM
Elastic buffer uses 4 channels per SM
Elastic buffer uses 4 channels per SM
Elastic buffer uses 4 channels per SM
Elastic buffer uses 4 channels per SM
Elastic buffer uses 4 channels per SM
Elastic buffer uses 4 channels per SM
Elastic buffer uses 4 channels per SM
CPU side received count (scaleup: 6): -120 -114 -99 -100 -98 -78 -102 -100 # -129 -129 -129 -129 -129 -129 -129 -129 
CPU side received count (scaleup: 4): -95 -97 -102 -92 -95 -107 -94 -98 # -129 -129 -129 -129 -129 -129 -129 -129 
CPU side received count (scaleup: 7): -102 -107 -103 -107 -101 -104 -111 -94 # -129 -129 -129 -129 -129 -129 -129 -129 
CPU side received count (scaleup: 3): -115 -109 -89 -120 -111 -109 -114 -87 # -129 -129 -129 -129 -129 -129 -129 -129 
CPU side received count (scaleup: 0): -110 -105 -102 -106 -108 -105 -101 -102 # -129 -129 -129 -129 -129 -129 -129 -129 
CPU side received count (scaleup: 2): -108 -104 -115 -107 -97 -76 -107 -109 # -129 -129 -129 -129 -129 -129 -129 -129 
CPU side received count (scaleup: 5): -108 -114 -112 -103 -98 -104 -102 -97 # -257 -129 -129 -129 -129 -129 -129 -129 
CPU side received count (scaleup: 1): -109 -107 -116 -109 -97 -111 -93 -94 # -129 -129 -129 -129 -129 -129 -257 -129 
Elastic buffer uses 4 channels per SM
Elastic buffer uses 4 channels per SM
Elastic buffer uses 4 channels per SM
Elastic buffer uses 4 channels per SM
Elastic buffer uses 4 channels per SM
Elastic buffer uses 4 channels per SM
Elastic buffer uses 4 channels per SM
Elastic buffer uses 4 channels per SM
CPU side received count (scaleup: 6): -120 -114 -99 -100 -98 -78 -102 -100 # -129 -129 -129 -129 -129 -129 -129 -129 
CPU side received count (scaleup: 4): -95 -97 -102 -92 -95 -107 -94 -98 # -129 -129 -129 -129 -129 -129 -129 -129 
CPU side received count (scaleup: 7): -102 -107 -103 -107 -101 -104 -111 -94 # -129 -129 -129 -129 -129 -129 -129 -129 
CPU side received count (scaleup: 5): -108 -114 -112 -103 -98 -104 -102 -97 # -257 -129 -129 -129 -129 -129 -129 -129 
CPU side received count (scaleup: 2): -108 -104 -115 -107 -97 -76 -107 -109 # -129 -129 -129 -129 -129 -129 -129 -129 
CPU side received count (scaleup: 0): -110 -105 -102 -106 -108 -105 -101 -102 # -129 -129 -129 -129 -129 -129 -129 -129 
CPU side received count (scaleup: 3): -115 -109 -89 -120 -111 -109 -114 -87 # -129 -129 -129 -129 -129 -129 -129 -129 
CPU side received count (scaleup: 1): -109 -107 -116 -109 -97 -111 -93 -94 # -129 -129 -129 -129 -129 -129 -257 -129 
Elastic buffer uses 4 channels per SM
Elastic buffer uses 4 channels per SM
Elastic buffer uses 4 channels per SM
Elastic buffer uses 4 channels per SM
Elastic buffer uses 4 channels per SM
Elastic buffer uses 4 channels per SM
Elastic buffer uses 4 channels per SM
Elastic buffer uses 4 channels per SM
CPU side received count (scaleup: 0): -110 -105 -102 -106 -108 -105 -101 -102 # -129 -129 -129 -129 -129 -129 -129 -129 
CPU side received count (scaleup: 2): -108 -104 -115 -107 -97 -76 -107 -109 # -129 -129 -129 -129 -129 -129 -129 -129 
CPU side received count (scaleup: 5): -108 -114 -112 -103 -98 -104 -102 -97 # -257 -129 -129 -129 -129 -129 -129 -129 
CPU side received count (scaleup: 1): -109 -107 -116 -109 -97 -111 -93 -94 # -129 -129 -129 -129 -129 -129 -257 -129 
CPU side received count (scaleup: 3): -115 -109 -89 -120 -111 -109 -114 -87 # -129 -129 -129 -129 -129 -129 -129 -129 
CPU side received count (scaleup: 6): -120 -114 -99 -100 -98 -78 -102 -100 # -129 -129 -129 -129 -129 -129 -129 -129 
CPU side received count (scaleup: 7): -102 -107 -103 -107 -101 -104 -111 -94 # -129 -129 -129 -129 -129 -129 -129 -129 
CPU side received count (scaleup: 4): -95 -97 -102 -92 -95 -107 -94 -98 # -129 -129 -129 -129 -129 -129 -129 -129 
Elastic buffer uses 4 channels per SM
Elastic buffer uses 4 channels per SM
Elastic buffer uses 4 channels per SM
Elastic buffer uses 4 channels per SM
Elastic buffer uses 4 channels per SM
Elastic buffer uses 4 channels per SM
Elastic buffer uses 4 channels per SM
Elastic buffer uses 4 channels per SM
CPU side received count (scaleup: 0): -110 -105 -102 -106 -108 -105 -101 -102 # -129 -129 -129 -129 -129 -129 -129 -129 
CPU side received count (scaleup: 2): -108 -104 -115 -107 -97 -76 -107 -109 # -129 -129 -129 -129 -129 -129 -129 -129 
CPU side received count (scaleup: 5): -108 -114 -112 -103 -98 -104 -102 -97 # -257 -129 -129 -129 -129 -129 -129 -129 
CPU side received count (scaleup: 3): -115 -109 -89 -120 -111 -109 -114 -87 # -129 -129 -129 -129 -129 -129 -129 -129 
CPU side received count (scaleup: 1): -109 -107 -116 -109 -97 -111 -93 -94 # -129 -129 -129 -129 -129 -129 -257 -129 
CPU side received count (scaleup: 4): -95 -97 -102 -92 -95 -107 -94 -98 # -129 -129 -129 -129 -129 -129 -129 -129 
CPU side received count (scaleup: 6): -120 -114 -99 -100 -98 -78 -102 -100 # -129 -129 -129 -129 -129 -129 -129 -129 
CPU side received count (scaleup: 7): -102 -107 -103 -107 -101 -104 -111 -94 # -129 -129 -129 -129 -129 -129 -129 -129 
Elastic buffer uses 4 channels per SM
Elastic buffer uses 4 channels per SM
Elastic buffer uses 4 channels per SM
Elastic buffer uses 4 channels per SM
Elastic buffer uses 4 channels per SM
Elastic buffer uses 4 channels per SM
Elastic buffer uses 4 channels per SM
Elastic buffer uses 4 channels per SM
CPU side received count (scaleup: 6): -120 -114 -99 -100 -98 -78 -102 -100 # -129 -129 -129 -129 -129 -129 -129 -129 
CPU side received count (scaleup: 4): -95 -97 -102 -92 -95 -107 -94 -98 # -129 -129 -129 -129 -129 -129 -129 -129 
CPU side received count (scaleup: 7): -102 -107 -103 -107 -101 -104 -111 -94 # -129 -129 -129 -129 -129 -129 -129 -129 
CPU side received count (scaleup: 5): -108 -114 -112 -103 -98 -104 -102 -97 # -257 -129 -129 -129 -129 -129 -129 -129 
CPU side received count (scaleup: 1): -109 -107 -116 -109 -97 -111 -93 -94 # -129 -129 -129 -129 -129 -129 -257 -129 
CPU side received count (scaleup: 2): -108 -104 -115 -107 -97 -76 -107 -109 # -129 -129 -129 -129 -129 -129 -129 -129 
CPU side received count (scaleup: 0): -110 -105 -102 -106 -108 -105 -101 -102 # -129 -129 -129 -129 -129 -129 -129 -129 
CPU side received count (scaleup: 3): -115 -109 -89 -120 -111 -109 -114 -87 # -129 -129 -129 -129 -129 -129 -129 -129 
Elastic buffer uses 4 channels per SM
Elastic buffer uses 4 channels per SM
Elastic buffer uses 4 channels per SM
Elastic buffer uses 4 channels per SM
Elastic buffer uses 4 channels per SM
Elastic buffer uses 4 channels per SM
Elastic buffer uses 4 channels per SM
Elastic buffer uses 4 channels per SM
CPU side received count (scaleup: 4): -95 -97 -102 -92 -95 -107 -94 -98 # -129 -129 -129 -129 -129 -129 -129 -129 
CPU side received count (scaleup: 6): -120 -114 -99 -100 -98 -78 -102 -100 # -129 -129 -129 -129 -129 -129 -129 -129 
CPU side received count (scaleup: 2): -108 -104 -115 -107 -97 -76 -107 -109 # -129 -129 -129 -129 -129 -129 -129 -129 
CPU side received count (scaleup: 7): -102 -107 -103 -107 -101 -104 -111 -94 # -129 -129 -129 -129 -129 -129 -129 -129 
CPU side received count (scaleup: 5): -108 -114 -112 -103 -98 -104 -102 -97 # -257 -129 -129 -129 -129 -129 -129 -129 
CPU side received count (scaleup: 1): -109 -107 -116 -109 -97 -111 -93 -94 # -129 -129 -129 -129 -129 -129 -257 -129 
CPU side received count (scaleup: 3): -115 -109 -89 -120 -111 -109 -114 -87 # -129 -129 -129 -129 -129 -129 -129 -129 
CPU side received count (scaleup: 0): -110 -105 -102 -106 -108 -105 -101 -102 # -129 -129 -129 -129 -129 -129 -129 -129 
Elastic buffer uses 4 channels per SM
Elastic buffer uses 4 channels per SM
Elastic buffer uses 4 channels per SM
Elastic buffer uses 4 channels per SM
Elastic buffer uses 4 channels per SM
Elastic buffer uses 4 channels per SM
Elastic buffer uses 4 channels per SM
Elastic buffer uses 4 channels per SM
CPU side received count (scaleup: 4): -95 -97 -102 -92 -95 -107 -94 -98 # -129 -129 -129 -129 -129 -129 -129 -129 
CPU side received count (scaleup: 5): -108 -114 -112 -103 -98 -104 -102 -97 # -257 -129 -129 -129 -129 -129 -129 -129 
CPU side received count (scaleup: 2): -108 -104 -115 -107 -97 -76 -107 -109 # -129 -129 -129 -129 -129 -129 -129 -129 
CPU side received count (scaleup: 6): -120 -114 -99 -100 -98 -78 -102 -100 # -129 -129 -129 -129 -129 -129 -129 -129 
CPU side received count (scaleup: 7): -102 -107 -103 -107 -101 -104 -111 -94 # -129 -129 -129 -129 -129 -129 -129 -129 
CPU side received count (scaleup: 0): -110 -105 -102 -106 -108 -105 -101 -102 # -129 -129 -129 -129 -129 -129 -129 -129 
CPU side received count (scaleup: 3): -115 -109 -89 -120 -111 -109 -114 -87 # -129 -129 -129 -129 -129 -129 -129 -129 
CPU side received count (scaleup: 1): -109 -107 -116 -109 -97 -111 -93 -94 # -129 -129 -129 -129 -129 -129 -257 -129 
USDT:2026-08-25 02:36:05 434:434 SyncActivityProfilerHandler.cpp:59] profiler_stopUSDT:2026-08-25 02:36:05 436:436 SyncActivityProfilerHandler.cpp:59] profiler_stopUSDT:2026-08-25 02:36:05 431:431 SyncActivityProfilerHandler.cpp:59] profiler_stop
USDT:2026-08-25 02:36:05 433:433 SyncActivityProfilerHandler.cpp:59] profiler_stop

USDT:2026-08-25 02:36:05 437:437 SyncActivityProfilerHandler.cpp:59] profiler_stop
USDT:2026-08-25 02:36:05 435:435 SyncActivityProfilerHandler.cpp:59] profiler_stopUSDT:2026-08-25 02:36:05 430:430 SyncActivityProfilerHandler.cpp:59] profiler_stop
USDT:2026-08-25 02:36:05 432:432 SyncActivityProfilerHandler.cpp:59] profiler_stop


   * EP:  12/32 | dispatch: 4 GB/s (SO), 7 GB/s (SU), 788.468 us, 5780736 bytes | copy: 64 GB/s, 181.439 us
   * EP:   8/32 | dispatch: 4 GB/s (SO), 8 GB/s (SU), 788.501 us, 6222528 bytes | copy: 91 GB/s, 136.297 us
   * EP:  14/32 | dispatch: 4 GB/s (SO), 8 GB/s (SU), 788.121 us, 6012864 bytes | copy: 2761 GB/s, 4.356 us
   * EP:   9/32 | dispatch: 4 GB/s (SO), 8 GB/s (SU), 788.539 us, 6200064 bytes | copy: 97 GB/s, 127.711 us
   * EP:  15/32 | dispatch: 4 GB/s (SO), 8 GB/s (SU), 788.562 us, 6147648 bytes | copy: 69 GB/s, 177.616 us
   * EP:  13/32 | dispatch: 4 GB/s (SO), 8 GB/s (SU), 788.612 us, 6215040 bytes | copy: 80 GB/s, 156.184 us
   * EP:  11/32 | dispatch: 4 GB/s (SO), 8 GB/s (SU), 788.590 us, 6334848 bytes | copy: 73 GB/s, 173.638 us
   * EP:  10/32 | dispatch: 4 GB/s (SO), 8 GB/s (SU), 788.372 us, 6102720 bytes | copy: 81 GB/s, 150.813 us
Elastic buffer uses 4 channels per SM
Elastic buffer uses 4 channels per SM
Elastic buffer uses 4 channels per SM
Elastic buffer uses 4 channels per SM
Elastic buffer uses 4 channels per SM
Elastic buffer uses 4 channels per SM
Elastic buffer uses 4 channels per SM
Elastic buffer uses 4 channels per SM
CPU side received count (scaleup: 4): -95 -97 -102 -92 -95 -107 -94 -98 # -129 -129 -129 -129 -129 -129 -129 -129 
CPU side received count (scaleup: 7): -102 -107 -103 -107 -101 -104 -111 -94 # -129 -129 -129 -129 -129 -129 -129 -129 
CPU side received count (scaleup: 2): -108 -104 -115 -107 -97 -76 -107 -109 # -129 -129 -129 -129 -129 -129 -129 -129 
CPU side received count (scaleup: 1): -109 -107 -116 -109 -97 -111 -93 -94 # -129 -129 -129 -129 -129 -129 -257 -129 
CPU side received count (scaleup: 5): -108 -114 -112 -103 -98 -104 -102 -97 # -257 -129 -129 -129 -129 -129 -129 -129 
CPU side received count (scaleup: 6): -120 -114 -99 -100 -98 -78 -102 -100 # -129 -129 -129 -129 -129 -129 -129 -129 
CPU side received count (scaleup: 0): -110 -105 -102 -106 -108 -105 -101 -102 # -129 -129 -129 -129 -129 -129 -129 -129 
CPU side received count (scaleup: 3): -115 -109 -89 -120 -111 -109 -114 -87 # -129 -129 -129 -129 -129 -129 -129 -129 
Elastic buffer uses 4 channels per SM
Elastic buffer uses 4 channels per SM
Elastic buffer uses 4 channels per SM
Elastic buffer uses 4 channels per SM
Elastic buffer uses 4 channels per SM
Elastic buffer uses 4 channels per SM
Elastic buffer uses 4 channels per SM
Elastic buffer uses 4 channels per SM
CPU side received count (scaleup: 0): -110 -105 -102 -106 -108 -105 -101 -102 # -129 -129 -129 -129 -129 -129 -129 -129 
CPU side received count (scaleup: 1): -109 -107 -116 -109 -97 -111 -93 -94 # -129 -129 -129 -129 -129 -129 -257 -129 
CPU side received count (scaleup: 5): -108 -114 -112 -103 -98 -104 -102 -97 # -257 -129 -129 -129 -129 -129 -129 -129 
CPU side received count (scaleup: 2): -108 -104 -115 -107 -97 -76 -107 -109 # -129 -129 -129 -129 -129 -129 -129 -129 
CPU side received count (scaleup: 3): -115 -109 -89 -120 -111 -109 -114 -87 # -129 -129 -129 -129 -129 -129 -129 -129 
CPU side received count (scaleup: 7): -102 -107 -103 -107 -101 -104 -111 -94 # -129 -129 -129 -129 -129 -129 -129 -129 
CPU side received count (scaleup: 4): -95 -97 -102 -92 -95 -107 -94 -98 # -129 -129 -129 -129 -129 -129 -129 -129 
CPU side received count (scaleup: 6): -120 -114 -99 -100 -98 -78 -102 -100 # -129 -129 -129 -129 -129 -129 -129 -129 
Elastic buffer uses 4 channels per SM
Elastic buffer uses 4 channels per SM
Elastic buffer uses 4 channels per SM
Elastic buffer uses 4 channels per SM
Elastic buffer uses 4 channels per SM
Elastic buffer uses 4 channels per SM
Elastic buffer uses 4 channels per SM
Elastic buffer uses 4 channels per SM
CPU side received count (scaleup: 0): -110 -105 -102 -106 -108 -105 -101 -102 # -129 -129 -129 -129 -129 -129 -129 -129 
CPU side received count (scaleup: 1): -109 -107 -116 -109 -97 -111 -93 -94 # -129 -129 -129 -129 -129 -129 -257 -129 
CPU side received count (scaleup: 4): -95 -97 -102 -92 -95 -107 -94 -98 # -129 -129 -129 -129 -129 -129 -129 -129 
CPU side received count (scaleup: 3): -115 -109 -89 -120 -111 -109 -114 -87 # -129 -129 -129 -129 -129 -129 -129 -129 
CPU side received count (scaleup: 5): -108 -114 -112 -103 -98 -104 -102 -97 # -257 -129 -129 -129 -129 -129 -129 -129 
CPU side received count (scaleup: 6): -120 -114 -99 -100 -98 -78 -102 -100 # -129 -129 -129 -129 -129 -129 -129 -129 
CPU side received count (scaleup: 2): -108 -104 -115 -107 -97 -76 -107 -109 # -129 -129 -129 -129 -129 -129 -129 -129 
CPU side received count (scaleup: 7): -102 -107 -103 -107 -101 -104 -111 -94 # -129 -129 -129 -129 -129 -129 -129 -129 
Elastic buffer uses 4 channels per SM
Elastic buffer uses 4 channels per SM
Elastic buffer uses 4 channels per SM
Elastic buffer uses 4 channels per SM
Elastic buffer uses 4 channels per SM
Elastic buffer uses 4 channels per SM
Elastic buffer uses 4 channels per SM
Elastic buffer uses 4 channels per SM
CPU side received count (scaleup: 0): -110 -105 -102 -106 -108 -105 -101 -102 # -129 -129 -129 -129 -129 -129 -129 -129 
CPU side received count (scaleup: 3): -115 -109 -89 -120 -111 -109 -114 -87 # -129 -129 -129 -129 -129 -129 -129 -129 
CPU side received count (scaleup: 1): -109 -107 -116 -109 -97 -111 -93 -94 # -129 -129 -129 -129 -129 -129 -257 -129 
CPU side received count (scaleup: 2): -108 -104 -115 -107 -97 -76 -107 -109 # -129 -129 -129 -129 -129 -129 -129 -129 
CPU side received count (scaleup: 4): -95 -97 -102 -92 -95 -107 -94 -98 # -129 -129 -129 -129 -129 -129 -129 -129 
CPU side received count (scaleup: 6): -120 -114 -99 -100 -98 -78 -102 -100 # -129 -129 -129 -129 -129 -129 -129 -129 
CPU side received count (scaleup: 7): -102 -107 -103 -107 -101 -104 -111 -94 # -129 -129 -129 -129 -129 -129 -129 -129 
CPU side received count (scaleup: 5): -108 -114 -112 -103 -98 -104 -102 -97 # -257 -129 -129 -129 -129 -129 -129 -129 
Elastic buffer uses 4 channels per SM
Elastic buffer uses 4 channels per SM
Elastic buffer uses 4 channels per SM
Elastic buffer uses 4 channels per SM
Elastic buffer uses 4 channels per SM
Elastic buffer uses 4 channels per SM
Elastic buffer uses 4 channels per SM
Elastic buffer uses 4 channels per SM
CPU side received count (scaleup: 4): -95 -97 -102 -92 -95 -107 -94 -98 # -129 -129 -129 -129 -129 -129 -129 -129 
CPU side received count (scaleup: 5): -108 -114 -112 -103 -98 -104 -102 -97 # -257 -129 -129 -129 -129 -129 -129 -129 
CPU side received count (scaleup: 0): -110 -105 -102 -106 -108 -105 -101 -102 # -129 -129 -129 -129 -129 -129 -129 -129 
CPU side received count (scaleup: 6): -120 -114 -99 -100 -98 -78 -102 -100 # -129 -129 -129 -129 -129 -129 -129 -129 
CPU side received count (scaleup: 7): -102 -107 -103 -107 -101 -104 -111 -94 # -129 -129 -129 -129 -129 -129 -129 -129 
CPU side received count (scaleup: 3): -115 -109 -89 -120 -111 -109 -114 -87 # -129 -129 -129 -129 -129 -129 -129 -129 
CPU side received count (scaleup: 2): -108 -104 -115 -107 -97 -76 -107 -109 # -129 -129 -129 -129 -129 -129 -129 -129 
CPU side received count (scaleup: 1): -109 -107 -116 -109 -97 -111 -93 -94 # -129 -129 -129 -129 -129 -129 -257 -129 
Elastic buffer uses 4 channels per SM
Elastic buffer uses 4 channels per SM
Elastic buffer uses 4 channels per SM
Elastic buffer uses 4 channels per SM
Elastic buffer uses 4 channels per SM
Elastic buffer uses 4 channels per SM
Elastic buffer uses 4 channels per SM
Elastic buffer uses 4 channels per SM
CPU side received count (scaleup: 0): -110 -105 -102 -106 -108 -105 -101 -102 # -129 -129 -129 -129 -129 -129 -129 -129 
CPU side received count (scaleup: 2): -108 -104 -115 -107 -97 -76 -107 -109 # -129 -129 -129 -129 -129 -129 -129 -129 
CPU side received count (scaleup: 5): -108 -114 -112 -103 -98 -104 -102 -97 # -257 -129 -129 -129 -129 -129 -129 -129 
CPU side received count (scaleup: 4): -95 -97 -102 -92 -95 -107 -94 -98 # -129 -129 -129 -129 -129 -129 -129 -129 
CPU side received count (scaleup: 3): -115 -109 -89 -120 -111 -109 -114 -87 # -129 -129 -129 -129 -129 -129 -129 -129 
CPU side received count (scaleup: 1): -109 -107 -116 -109 -97 -111 -93 -94 # -129 -129 -129 -129 -129 -129 -257 -129 
CPU side received count (scaleup: 6): -120 -114 -99 -100 -98 -78 -102 -100 # -129 -129 -129 -129 -129 -129 -129 -129 
CPU side received count (scaleup: 7): -102 -107 -103 -107 -101 -104 -111 -94 # -129 -129 -129 -129 -129 -129 -129 -129 
Elastic buffer uses 4 channels per SM
Elastic buffer uses 4 channels per SM
Elastic buffer uses 4 channels per SM
Elastic buffer uses 4 channels per SM
Elastic buffer uses 4 channels per SM
Elastic buffer uses 4 channels per SM
Elastic buffer uses 4 channels per SM
Elastic buffer uses 4 channels per SM
CPU side received count (scaleup: 0): -110 -105 -102 -106 -108 -105 -101 -102 # -129 -129 -129 -129 -129 -129 -129 -129 
CPU side received count (scaleup: 2): -108 -104 -115 -107 -97 -76 -107 -109 # -129 -129 -129 -129 -129 -129 -129 -129 
CPU side received count (scaleup: 7): -102 -107 -103 -107 -101 -104 -111 -94 # -129 -129 -129 -129 -129 -129 -129 -129 
CPU side received count (scaleup: 1): -109 -107 -116 -109 -97 -111 -93 -94 # -129 -129 -129 -129 -129 -129 -257 -129 
CPU side received count (scaleup: 4): -95 -97 -102 -92 -95 -107 -94 -98 # -129 -129 -129 -129 -129 -129 -129 -129 
CPU side received count (scaleup: 3): -115 -109 -89 -120 -111 -109 -114 -87 # -129 -129 -129 -129 -129 -129 -129 -129 
CPU side received count (scaleup: 6): -120 -114 -99 -100 -98 -78 -102 -100 # -129 -129 -129 -129 -129 -129 -129 -129 
CPU side received count (scaleup: 5): -108 -114 -112 -103 -98 -104 -102 -97 # -257 -129 -129 -129 -129 -129 -129 -129 
Elastic buffer uses 4 channels per SM
Elastic buffer uses 4 channels per SM
Elastic buffer uses 4 channels per SM
Elastic buffer uses 4 channels per SM
Elastic buffer uses 4 channels per SM
Elastic buffer uses 4 channels per SM
Elastic buffer uses 4 channels per SM
Elastic buffer uses 4 channels per SM
CPU side received count (scaleup: 0): -110 -105 -102 -106 -108 -105 -101 -102 # -129 -129 -129 -129 -129 -129 -129 -129 
CPU side received count (scaleup: 2): -108 -104 -115 -107 -97 -76 -107 -109 # -129 -129 -129 -129 -129 -129 -129 -129 
CPU side received count (scaleup: 7): -102 -107 -103 -107 -101 -104 -111 -94 # -129 -129 -129 -129 -129 -129 -129 -129 
CPU side received count (scaleup: 1): -109 -107 -116 -109 -97 -111 -93 -94 # -129 -129 -129 -129 -129 -129 -257 -129 
CPU side received count (scaleup: 3): -115 -109 -89 -120 -111 -109 -114 -87 # -129 -129 -129 -129 -129 -129 -129 -129 
CPU side received count (scaleup: 4): -95 -97 -102 -92 -95 -107 -94 -98 # -129 -129 -129 -129 -129 -129 -129 -129 
CPU side received count (scaleup: 6): -120 -114 -99 -100 -98 -78 -102 -100 # -129 -129 -129 -129 -129 -129 -129 -129 
CPU side received count (scaleup: 5): -108 -114 -112 -103 -98 -104 -102 -97 # -257 -129 -129 -129 -129 -129 -129 -129 
Elastic buffer uses 4 channels per SM
Elastic buffer uses 4 channels per SM
Elastic buffer uses 4 channels per SM
Elastic buffer uses 4 channels per SM
Elastic buffer uses 4 channels per SM
Elastic buffer uses 4 channels per SM
Elastic buffer uses 4 channels per SM
Elastic buffer uses 4 channels per SM
CPU side received count (scaleup: 6): -120 -114 -99 -100 -98 -78 -102 -100 # -129 -129 -129 -129 -129 -129 -129 -129 
CPU side received count (scaleup: 4): -95 -97 -102 -92 -95 -107 -94 -98 # -129 -129 -129 -129 -129 -129 -129 -129 
CPU side received count (scaleup: 2): -108 -104 -115 -107 -97 -76 -107 -109 # -129 -129 -129 -129 -129 -129 -129 -129 
CPU side received count (scaleup: 5): -108 -114 -112 -103 -98 -104 -102 -97 # -257 -129 -129 -129 -129 -129 -129 -129 
CPU side received count (scaleup: 7): -102 -107 -103 -107 -101 -104 -111 -94 # -129 -129 -129 -129 -129 -129 -129 -129 
CPU side received count (scaleup: 3): -115 -109 -89 -120 -111 -109 -114 -87 # -129 -129 -129 -129 -129 -129 -129 -129 
CPU side received count (scaleup: 0): -110 -105 -102 -106 -108 -105 -101 -102 # -129 -129 -129 -129 -129 -129 -129 -129 
CPU side received count (scaleup: 1): -109 -107 -116 -109 -97 -111 -93 -94 # -129 -129 -129 -129 -129 -129 -257 -129 
Elastic buffer uses 4 channels per SM
Elastic buffer uses 4 channels per SM
Elastic buffer uses 4 channels per SM
Elastic buffer uses 4 channels per SM
Elastic buffer uses 4 channels per SM
Elastic buffer uses 4 channels per SM
Elastic buffer uses 4 channels per SM
Elastic buffer uses 4 channels per SM
CPU side received count (scaleup: 0): -110 -105 -102 -106 -108 -105 -101 -102 # -129 -129 -129 -129 -129 -129 -129 -129 
CPU side received count (scaleup: 4): -95 -97 -102 -92 -95 -107 -94 -98 # -129 -129 -129 -129 -129 -129 -129 -129 
CPU side received count (scaleup: 3): -115 -109 -89 -120 -111 -109 -114 -87 # -129 -129 -129 -129 -129 -129 -129 -129 
CPU side received count (scaleup: 1): -109 -107 -116 -109 -97 -111 -93 -94 # -129 -129 -129 -129 -129 -129 -257 -129 
CPU side received count (scaleup: 2): -108 -104 -115 -107 -97 -76 -107 -109 # -129 -129 -129 -129 -129 -129 -129 -129 
CPU side received count (scaleup: 7): -102 -107 -103 -107 -101 -104 -111 -94 # -129 -129 -129 -129 -129 -129 -129 -129 
CPU side received count (scaleup: 6): -120 -114 -99 -100 -98 -78 -102 -100 # -129 -129 -129 -129 -129 -129 -129 -129 
CPU side received count (scaleup: 5): -108 -114 -112 -103 -98 -104 -102 -97 # -257 -129 -129 -129 -129 -129 -129 -129 
Elastic buffer uses 4 channels per SM
Elastic buffer uses 4 channels per SM
Elastic buffer uses 4 channels per SM
Elastic buffer uses 4 channels per SM
Elastic buffer uses 4 channels per SM
Elastic buffer uses 4 channels per SM
Elastic buffer uses 4 channels per SM
Elastic buffer uses 4 channels per SM
CPU side received count (scaleup: 4): -95 -97 -102 -92 -95 -107 -94 -98 # -129 -129 -129 -129 -129 -129 -129 -129 
CPU side received count (scaleup: 0): -110 -105 -102 -106 -108 -105 -101 -102 # -129 -129 -129 -129 -129 -129 -129 -129 
CPU side received count (scaleup: 3): -115 -109 -89 -120 -111 -109 -114 -87 # -129 -129 -129 -129 -129 -129 -129 -129 
CPU side received count (scaleup: 6): -120 -114 -99 -100 -98 -78 -102 -100 # -129 -129 -129 -129 -129 -129 -129 -129 
CPU side received count (scaleup: 5): -108 -114 -112 -103 -98 -104 -102 -97 # -257 -129 -129 -129 -129 -129 -129 -129 
CPU side received count (scaleup: 7): -102 -107 -103 -107 -101 -104 -111 -94 # -129 -129 -129 -129 -129 -129 -129 -129 
CPU side received count (scaleup: 1): -109 -107 -116 -109 -97 -111 -93 -94 # -129 -129 -129 -129 -129 -129 -257 -129 
CPU side received count (scaleup: 2): -108 -104 -115 -107 -97 -76 -107 -109 # -129 -129 -129 -129 -129 -129 -129 -129 
Elastic buffer uses 4 channels per SM
Elastic buffer uses 4 channels per SM
Elastic buffer uses 4 channels per SM
Elastic buffer uses 4 channels per SM
Elastic buffer uses 4 channels per SM
Elastic buffer uses 4 channels per SM
Elastic buffer uses 4 channels per SM
Elastic buffer uses 4 channels per SM
CPU side received count (scaleup: 4): -95 -97 -102 -92 -95 -107 -94 -98 # -129 -129 -129 -129 -129 -129 -129 -129 
CPU side received count (scaleup: 0): -110 -105 -102 -106 -108 -105 -101 -102 # -129 -129 -129 -129 -129 -129 -129 -129 
CPU side received count (scaleup: 2): -108 -104 -115 -107 -97 -76 -107 -109 # -129 -129 -129 -129 -129 -129 -129 -129 
CPU side received count (scaleup: 6): -120 -114 -99 -100 -98 -78 -102 -100 # -129 -129 -129 -129 -129 -129 -129 -129 
CPU side received count (scaleup: 5): -108 -114 -112 -103 -98 -104 -102 -97 # -257 -129 -129 -129 -129 -129 -129 -129 
CPU side received count (scaleup: 7): -102 -107 -103 -107 -101 -104 -111 -94 # -129 -129 -129 -129 -129 -129 -129 -129 
CPU side received count (scaleup: 3): -115 -109 -89 -120 -111 -109 -114 -87 # -129 -129 -129 -129 -129 -129 -129 -129 
CPU side received count (scaleup: 1): -109 -107 -116 -109 -97 -111 -93 -94 # -129 -129 -129 -129 -129 -129 -257 -129 
Elastic buffer uses 4 channels per SM
Elastic buffer uses 4 channels per SM
Elastic buffer uses 4 channels per SM
Elastic buffer uses 4 channels per SM
Elastic buffer uses 4 channels per SM
Elastic buffer uses 4 channels per SM
Elastic buffer uses 4 channels per SM
Elastic buffer uses 4 channels per SM
CPU side received count (scaleup: 6): -120 -114 -99 -100 -98 -78 -102 -100 # -129 -129 -129 -129 -129 -129 -129 -129 
CPU side received count (scaleup: 0): -110 -105 -102 -106 -108 -105 -101 -102 # -129 -129 -129 -129 -129 -129 -129 -129 
CPU side received count (scaleup: 4): -95 -97 -102 -92 -95 -107 -94 -98 # -129 -129 -129 -129 -129 -129 -129 -129 
CPU side received count (scaleup: 3): -115 -109 -89 -120 -111 -109 -114 -87 # -129 -129 -129 -129 -129 -129 -129 -129 
CPU side received count (scaleup: 2): -108 -104 -115 -107 -97 -76 -107 -109 # -129 -129 -129 -129 -129 -129 -129 -129 
CPU side received count (scaleup: 5): -108 -114 -112 -103 -98 -104 -102 -97 # -257 -129 -129 -129 -129 -129 -129 -129 
CPU side received count (scaleup: 1): -109 -107 -116 -109 -97 -111 -93 -94 # -129 -129 -129 -129 -129 -129 -257 -129 
CPU side received count (scaleup: 7): -102 -107 -103 -107 -101 -104 -111 -94 # -129 -129 -129 -129 -129 -129 -129 -129 
Elastic buffer uses 4 channels per SM
Elastic buffer uses 4 channels per SM
Elastic buffer uses 4 channels per SM
Elastic buffer uses 4 channels per SM
Elastic buffer uses 4 channels per SM
Elastic buffer uses 4 channels per SM
Elastic buffer uses 4 channels per SM
Elastic buffer uses 4 channels per SM
CPU side received count (scaleup: 0): -110 -105 -102 -106 -108 -105 -101 -102 # -129 -129 -129 -129 -129 -129 -129 -129 
CPU side received count (scaleup: 1): -109 -107 -116 -109 -97 -111 -93 -94 # -129 -129 -129 -129 -129 -129 -257 -129 
CPU side received count (scaleup: 6): -120 -114 -99 -100 -98 -78 -102 -100 # -129 -129 -129 -129 -129 -129 -129 -129 
CPU side received count (scaleup: 5): -108 -114 -112 -103 -98 -104 -102 -97 # -257 -129 -129 -129 -129 -129 -129 -129 
CPU side received count (scaleup: 2): -108 -104 -115 -107 -97 -76 -107 -109 # -129 -129 -129 -129 -129 -129 -129 -129 
CPU side received count (scaleup: 3): -115 -109 -89 -120 -111 -109 -114 -87 # -129 -129 -129 -129 -129 -129 -129 -129 
CPU side received count (scaleup: 4): -95 -97 -102 -92 -95 -107 -94 -98 # -129 -129 -129 -129 -129 -129 -129 -129 
CPU side received count (scaleup: 7): -102 -107 -103 -107 -101 -104 -111 -94 # -129 -129 -129 -129 -129 -129 -129 -129 
Elastic buffer uses 4 channels per SM
Elastic buffer uses 4 channels per SM
Elastic buffer uses 4 channels per SM
Elastic buffer uses 4 channels per SM
Elastic buffer uses 4 channels per SM
Elastic buffer uses 4 channels per SM
Elastic buffer uses 4 channels per SM
Elastic buffer uses 4 channels per SM
CPU side received count (scaleup: 4): -95 -97 -102 -92 -95 -107 -94 -98 # -129 -129 -129 -129 -129 -129 -129 -129 
CPU side received count (scaleup: 6): -120 -114 -99 -100 -98 -78 -102 -100 # -129 -129 -129 -129 -129 -129 -129 -129 
CPU side received count (scaleup: 5): -108 -114 -112 -103 -98 -104 -102 -97 # -257 -129 -129 -129 -129 -129 -129 -129 
CPU side received count (scaleup: 7): -102 -107 -103 -107 -101 -104 -111 -94 # -129 -129 -129 -129 -129 -129 -129 -129 
CPU side received count (scaleup: 2): -108 -104 -115 -107 -97 -76 -107 -109 # -129 -129 -129 -129 -129 -129 -129 -129 
CPU side received count (scaleup: 1): -109 -107 -116 -109 -97 -111 -93 -94 # -129 -129 -129 -129 -129 -129 -257 -129 
CPU side received count (scaleup: 3): -115 -109 -89 -120 -111 -109 -114 -87 # -129 -129 -129 -129 -129 -129 -129 -129 
CPU side received count (scaleup: 0): -110 -105 -102 -106 -108 -105 -101 -102 # -129 -129 -129 -129 -129 -129 -129 -129 
Elastic buffer uses 4 channels per SM
Elastic buffer uses 4 channels per SM
Elastic buffer uses 4 channels per SM
Elastic buffer uses 4 channels per SM
Elastic buffer uses 4 channels per SM
Elastic buffer uses 4 channels per SM
Elastic buffer uses 4 channels per SM
Elastic buffer uses 4 channels per SM
CPU side received count (scaleup: 6): -120 -114 -99 -100 -98 -78 -102 -100 # -129 -129 -129 -129 -129 -129 -129 -129 
CPU side received count (scaleup: 4): -95 -97 -102 -92 -95 -107 -94 -98 # -129 -129 -129 -129 -129 -129 -129 -129 
CPU side received count (scaleup: 5): -108 -114 -112 -103 -98 -104 -102 -97 # -257 -129 -129 -129 -129 -129 -129 -129 
CPU side received count (scaleup: 7): -102 -107 -103 -107 -101 -104 -111 -94 # -129 -129 -129 -129 -129 -129 -129 -129 
CPU side received count (scaleup: 0): -110 -105 -102 -106 -108 -105 -101 -102 # -129 -129 -129 -129 -129 -129 -129 -129 
CPU side received count (scaleup: 1): -109 -107 -116 -109 -97 -111 -93 -94 # -129 -129 -129 -129 -129 -129 -257 -129 
CPU side received count (scaleup: 3): -115 -109 -89 -120 -111 -109 -114 -87 # -129 -129 -129 -129 -129 -129 -129 -129 
CPU side received count (scaleup: 2): -108 -104 -115 -107 -97 -76 -107 -109 # -129 -129 -129 -129 -129 -129 -129 -129 
Elastic buffer uses 4 channels per SM
Elastic buffer uses 4 channels per SM
Elastic buffer uses 4 channels per SM
Elastic buffer uses 4 channels per SM
Elastic buffer uses 4 channels per SM
Elastic buffer uses 4 channels per SM
Elastic buffer uses 4 channels per SM
Elastic buffer uses 4 channels per SM
CPU side received count (scaleup: 4): -95 -97 -102 -92 -95 -107 -94 -98 # -129 -129 -129 -129 -129 -129 -129 -129 
CPU side received count (scaleup: 5): -108 -114 -112 -103 -98 -104 -102 -97 # -257 -129 -129 -129 -129 -129 -129 -129 
CPU side received count (scaleup: 1): -109 -107 -116 -109 -97 -111 -93 -94 # -129 -129 -129 -129 -129 -129 -257 -129 
CPU side received count (scaleup: 6): -120 -114 -99 -100 -98 -78 -102 -100 # -129 -129 -129 -129 -129 -129 -129 -129 
CPU side received count (scaleup: 7): -102 -107 -103 -107 -101 -104 -111 -94 # -129 -129 -129 -129 -129 -129 -129 -129 
CPU side received count (scaleup: 0): -110 -105 -102 -106 -108 -105 -101 -102 # -129 -129 -129 -129 -129 -129 -129 -129 
CPU side received count (scaleup: 3): -115 -109 -89 -120 -111 -109 -114 -87 # -129 -129 -129 -129 -129 -129 -129 -129 
CPU side received count (scaleup: 2): -108 -104 -115 -107 -97 -76 -107 -109 # -129 -129 -129 -129 -129 -129 -129 -129 
Elastic buffer uses 4 channels per SM
Elastic buffer uses 4 channels per SM
Elastic buffer uses 4 channels per SM
Elastic buffer uses 4 channels per SM
Elastic buffer uses 4 channels per SM
Elastic buffer uses 4 channels per SM
Elastic buffer uses 4 channels per SM
Elastic buffer uses 4 channels per SM
CPU side received count (scaleup: 4): -95 -97 -102 -92 -95 -107 -94 -98 # -129 -129 -129 -129 -129 -129 -129 -129 
CPU side received count (scaleup: 6): -120 -114 -99 -100 -98 -78 -102 -100 # -129 -129 -129 -129 -129 -129 -129 -129 
CPU side received count (scaleup: 2): -108 -104 -115 -107 -97 -76 -107 -109 # -129 -129 -129 -129 -129 -129 -129 -129 
CPU side received count (scaleup: 5): -108 -114 -112 -103 -98 -104 -102 -97 # -257 -129 -129 -129 -129 -129 -129 -129 
CPU side received count (scaleup: 7): -102 -107 -103 -107 -101 -104 -111 -94 # -129 -129 -129 -129 -129 -129 -129 -129 
CPU side received count (scaleup: 1): -109 -107 -116 -109 -97 -111 -93 -94 # -129 -129 -129 -129 -129 -129 -257 -129 
CPU side received count (scaleup: 0): -110 -105 -102 -106 -108 -105 -101 -102 # -129 -129 -129 -129 -129 -129 -129 -129 
CPU side received count (scaleup: 3): -115 -109 -89 -120 -111 -109 -114 -87 # -129 -129 -129 -129 -129 -129 -129 -129 
Elastic buffer uses 4 channels per SM
Elastic buffer uses 4 channels per SM
Elastic buffer uses 4 channels per SM
Elastic buffer uses 4 channels per SM
Elastic buffer uses 4 channels per SM
Elastic buffer uses 4 channels per SM
Elastic buffer uses 4 channels per SM
Elastic buffer uses 4 channels per SM
CPU side received count (scaleup: 0): -110 -105 -102 -106 -108 -105 -101 -102 # -129 -129 -129 -129 -129 -129 -129 -129 
CPU side received count (scaleup: 3): -115 -109 -89 -120 -111 -109 -114 -87 # -129 -129 -129 -129 -129 -129 -129 -129 
CPU side received count (scaleup: 2): -108 -104 -115 -107 -97 -76 -107 -109 # -129 -129 -129 -129 -129 -129 -129 -129 
CPU side received count (scaleup: 1): -109 -107 -116 -109 -97 -111 -93 -94 # -129 -129 -129 -129 -129 -129 -257 -129 
CPU side received count (scaleup: 4): -95 -97 -102 -92 -95 -107 -94 -98 # -129 -129 -129 -129 -129 -129 -129 -129 
CPU side received count (scaleup: 6): -120 -114 -99 -100 -98 -78 -102 -100 # -129 -129 -129 -129 -129 -129 -129 -129 
CPU side received count (scaleup: 5): -108 -114 -112 -103 -98 -104 -102 -97 # -257 -129 -129 -129 -129 -129 -129 -129 
CPU side received count (scaleup: 7): -102 -107 -103 -107 -101 -104 -111 -94 # -129 -129 -129 -129 -129 -129 -129 -129 
Elastic buffer uses 4 channels per SM
Elastic buffer uses 4 channels per SM
Elastic buffer uses 4 channels per SM
Elastic buffer uses 4 channels per SM
Elastic buffer uses 4 channels per SM
Elastic buffer uses 4 channels per SM
Elastic buffer uses 4 channels per SM
Elastic buffer uses 4 channels per SM
CPU side received count (scaleup: 0): -110 -105 -102 -106 -108 -105 -101 -102 # -129 -129 -129 -129 -129 -129 -129 -129 
CPU side received count (scaleup: 2): -108 -104 -115 -107 -97 -76 -107 -109 # -129 -129 -129 -129 -129 -129 -129 -129 
CPU side received count (scaleup: 4): -95 -97 -102 -92 -95 -107 -94 -98 # -129 -129 -129 -129 -129 -129 -129 -129 
CPU side received count (scaleup: 3): -115 -109 -89 -120 -111 -109 -114 -87 # -129 -129 -129 -129 -129 -129 -129 -129 
CPU side received count (scaleup: 1): -109 -107 -116 -109 -97 -111 -93 -94 # -129 -129 -129 -129 -129 -129 -257 -129 
CPU side received count (scaleup: 7): -102 -107 -103 -107 -101 -104 -111 -94 # -129 -129 -129 -129 -129 -129 -129 -129 
CPU side received count (scaleup: 6): -120 -114 -99 -100 -98 -78 -102 -100 # -129 -129 -129 -129 -129 -129 -129 -129 
CPU side received count (scaleup: 5): -108 -114 -112 -103 -98 -104 -102 -97 # -257 -129 -129 -129 -129 -129 -129 -129 
Elastic buffer uses 4 channels per SM
Elastic buffer uses 4 channels per SM
Elastic buffer uses 4 channels per SM
Elastic buffer uses 4 channels per SM
Elastic buffer uses 4 channels per SM
Elastic buffer uses 4 channels per SM
Elastic buffer uses 4 channels per SM
Elastic buffer uses 4 channels per SM
CPU side received count (scaleup: 4): -95 -97 -102 -92 -95 -107 -94 -98 # -129 -129 -129 -129 -129 -129 -129 -129 
CPU side received count (scaleup: 0): -110 -105 -102 -106 -108 -105 -101 -102 # -129 -129 -129 -129 -129 -129 -129 -129 
CPU side received count (scaleup: 2): -108 -104 -115 -107 -97 -76 -107 -109 # -129 -129 -129 -129 -129 -129 -129 -129 
CPU side received count (scaleup: 6): -120 -114 -99 -100 -98 -78 -102 -100 # -129 -129 -129 -129 -129 -129 -129 -129 
CPU side received count (scaleup: 5): -108 -114 -112 -103 -98 -104 -102 -97 # -257 -129 -129 -129 -129 -129 -129 -129 
CPU side received count (scaleup: 7): -102 -107 -103 -107 -101 -104 -111 -94 # -129 -129 -129 -129 -129 -129 -129 -129 
CPU side received count (scaleup: 1): -109 -107 -116 -109 -97 -111 -93 -94 # -129 -129 -129 -129 -129 -129 -257 -129 
CPU side received count (scaleup: 3): -115 -109 -89 -120 -111 -109 -114 -87 # -129 -129 -129 -129 -129 -129 -129 -129 
Elastic buffer uses 4 channels per SM
Elastic buffer uses 4 channels per SM
Elastic buffer uses 4 channels per SM
Elastic buffer uses 4 channels per SM
Elastic buffer uses 4 channels per SM
Elastic buffer uses 4 channels per SM
Elastic buffer uses 4 channels per SM
Elastic buffer uses 4 channels per SM
CPU side received count (scaleup: 6): -120 -114 -99 -100 -98 -78 -102 -100 # -129 -129 -129 -129 -129 -129 -129 -129 
CPU side received count (scaleup: 5): -108 -114 -112 -103 -98 -104 -102 -97 # -257 -129 -129 -129 -129 -129 -129 -129 
CPU side received count (scaleup: 2): -108 -104 -115 -107 -97 -76 -107 -109 # -129 -129 -129 -129 -129 -129 -129 -129 
CPU side received count (scaleup: 4): -95 -97 -102 -92 -95 -107 -94 -98 # -129 -129 -129 -129 -129 -129 -129 -129 
CPU side received count (scaleup: 7): -102 -107 -103 -107 -101 -104 -111 -94 # -129 -129 -129 -129 -129 -129 -129 -129 
CPU side received count (scaleup: 3): -115 -109 -89 -120 -111 -109 -114 -87 # -129 -129 -129 -129 -129 -129 -129 -129 
CPU side received count (scaleup: 0): -110 -105 -102 -106 -108 -105 -101 -102 # -129 -129 -129 -129 -129 -129 -129 -129 
CPU side received count (scaleup: 1): -109 -107 -116 -109 -97 -111 -93 -94 # -129 -129 -129 -129 -129 -129 -257 -129 
Elastic buffer uses 4 channels per SM
Elastic buffer uses 4 channels per SM
Elastic buffer uses 4 channels per SM
Elastic buffer uses 4 channels per SM
Elastic buffer uses 4 channels per SM
Elastic buffer uses 4 channels per SM
Elastic buffer uses 4 channels per SM
Elastic buffer uses 4 channels per SM
CPU side received count (scaleup: 4): -95 -97 -102 -92 -95 -107 -94 -98 # -129 -129 -129 -129 -129 -129 -129 -129 
CPU side received count (scaleup: 7): -102 -107 -103 -107 -101 -104 -111 -94 # -129 -129 -129 -129 -129 -129 -129 -129 
CPU side received count (scaleup: 6): -120 -114 -99 -100 -98 -78 -102 -100 # -129 -129 -129 -129 -129 -129 -129 -129 
CPU side received count (scaleup: 0): -110 -105 -102 -106 -108 -105 -101 -102 # -129 -129 -129 -129 -129 -129 -129 -129 
CPU side received count (scaleup: 2): -108 -104 -115 -107 -97 -76 -107 -109 # -129 -129 -129 -129 -129 -129 -129 -129 
CPU side received count (scaleup: 5): -108 -114 -112 -103 -98 -104 -102 -97 # -257 -129 -129 -129 -129 -129 -129 -129 
CPU side received count (scaleup: 3): -115 -109 -89 -120 -111 -109 -114 -87 # -129 -129 -129 -129 -129 -129 -129 -129 
CPU side received count (scaleup: 1): -109 -107 -116 -109 -97 -111 -93 -94 # -129 -129 -129 -129 -129 -129 -257 -129 
Elastic buffer uses 4 channels per SM
Elastic buffer uses 4 channels per SM
Elastic buffer uses 4 channels per SM
Elastic buffer uses 4 channels per SM
Elastic buffer uses 4 channels per SM
Elastic buffer uses 4 channels per SM
Elastic buffer uses 4 channels per SM
Elastic buffer uses 4 channels per SM
CPU side received count (scaleup: 6): -120 -114 -99 -100 -98 -78 -102 -100 # -129 -129 -129 -129 -129 -129 -129 -129 
CPU side received count (scaleup: 4): -95 -97 -102 -92 -95 -107 -94 -98 # -129 -129 -129 -129 -129 -129 -129 -129 
CPU side received count (scaleup: 7): -102 -107 -103 -107 -101 -104 -111 -94 # -129 -129 -129 -129 -129 -129 -129 -129 
CPU side received count (scaleup: 5): -108 -114 -112 -103 -98 -104 -102 -97 # -257 -129 -129 -129 -129 -129 -129 -129 
CPU side received count (scaleup: 2): -108 -104 -115 -107 -97 -76 -107 -109 # -129 -129 -129 -129 -129 -129 -129 -129 
CPU side received count (scaleup: 0): -110 -105 -102 -106 -108 -105 -101 -102 # -129 -129 -129 -129 -129 -129 -129 -129 
CPU side received count (scaleup: 1): -109 -107 -116 -109 -97 -111 -93 -94 # -129 -129 -129 -129 -129 -129 -257 -129 
CPU side received count (scaleup: 3): -115 -109 -89 -120 -111 -109 -114 -87 # -129 -129 -129 -129 -129 -129 -129 -129 
Elastic buffer uses 4 channels per SM
Elastic buffer uses 4 channels per SM
Elastic buffer uses 4 channels per SM
Elastic buffer uses 4 channels per SM
Elastic buffer uses 4 channels per SM
Elastic buffer uses 4 channels per SM
Elastic buffer uses 4 channels per SM
Elastic buffer uses 4 channels per SM
CPU side received count (scaleup: 4): -95 -97 -102 -92 -95 -107 -94 -98 # -129 -129 -129 -129 -129 -129 -129 -129 
CPU side received count (scaleup: 7): -102 -107 -103 -107 -101 -104 -111 -94 # -129 -129 -129 -129 -129 -129 -129 -129 
CPU side received count (scaleup: 5): -108 -114 -112 -103 -98 -104 -102 -97 # -257 -129 -129 -129 -129 -129 -129 -129 
CPU side received count (scaleup: 6): -120 -114 -99 -100 -98 -78 -102 -100 # -129 -129 -129 -129 -129 -129 -129 -129 
CPU side received count (scaleup: 2): -108 -104 -115 -107 -97 -76 -107 -109 # -129 -129 -129 -129 -129 -129 -129 -129 
CPU side received count (scaleup: 3): -115 -109 -89 -120 -111 -109 -114 -87 # -129 -129 -129 -129 -129 -129 -129 -129 
CPU side received count (scaleup: 1): -109 -107 -116 -109 -97 -111 -93 -94 # -129 -129 -129 -129 -129 -129 -257 -129 
CPU side received count (scaleup: 0): -110 -105 -102 -106 -108 -105 -101 -102 # -129 -129 -129 -129 -129 -129 -129 -129 
Elastic buffer uses 4 channels per SM
Elastic buffer uses 4 channels per SM
Elastic buffer uses 4 channels per SM
Elastic buffer uses 4 channels per SM
Elastic buffer uses 4 channels per SM
Elastic buffer uses 4 channels per SM
Elastic buffer uses 4 channels per SM
Elastic buffer uses 4 channels per SM
CPU side received count (scaleup: 4): -95 -97 -102 -92 -95 -107 -94 -98 # -129 -129 -129 -129 -129 -129 -129 -129 
CPU side received count (scaleup: 7): -102 -107 -103 -107 -101 -104 -111 -94 # -129 -129 -129 -129 -129 -129 -129 -129 
CPU side received count (scaleup: 0): -110 -105 -102 -106 -108 -105 -101 -102 # -129 -129 -129 -129 -129 -129 -129 -129 
CPU side received count (scaleup: 6): -120 -114 -99 -100 -98 -78 -102 -100 # -129 -129 -129 -129 -129 -129 -129 -129 
CPU side received count (scaleup: 5): -108 -114 -112 -103 -98 -104 -102 -97 # -257 -129 -129 -129 -129 -129 -129 -129 
CPU side received count (scaleup: 1): -109 -107 -116 -109 -97 -111 -93 -94 # -129 -129 -129 -129 -129 -129 -257 -129 
CPU side received count (scaleup: 3): -115 -109 -89 -120 -111 -109 -114 -87 # -129 -129 -129 -129 -129 -129 -129 -129 
CPU side received count (scaleup: 2): -108 -104 -115 -107 -97 -76 -107 -109 # -129 -129 -129 -129 -129 -129 -129 -129 
Elastic buffer uses 4 channels per SM
Elastic buffer uses 4 channels per SM
Elastic buffer uses 4 channels per SM
Elastic buffer uses 4 channels per SM
Elastic buffer uses 4 channels per SM
Elastic buffer uses 4 channels per SM
Elastic buffer uses 4 channels per SM
Elastic buffer uses 4 channels per SM
CPU side received count (scaleup: 0): -110 -105 -102 -106 -108 -105 -101 -102 # -129 -129 -129 -129 -129 -129 -129 -129 
CPU side received count (scaleup: 4): -95 -97 -102 -92 -95 -107 -94 -98 # -129 -129 -129 -129 -129 -129 -129 -129 
CPU side received count (scaleup: 3): -115 -109 -89 -120 -111 -109 -114 -87 # -129 -129 -129 -129 -129 -129 -129 -129 
CPU side received count (scaleup: 2): -108 -104 -115 -107 -97 -76 -107 -109 # -129 -129 -129 -129 -129 -129 -129 -129 
CPU side received count (scaleup: 1): -109 -107 -116 -109 -97 -111 -93 -94 # -129 -129 -129 -129 -129 -129 -257 -129 
CPU side received count (scaleup: 7): -102 -107 -103 -107 -101 -104 -111 -94 # -129 -129 -129 -129 -129 -129 -129 -129 
CPU side received count (scaleup: 6): -120 -114 -99 -100 -98 -78 -102 -100 # -129 -129 -129 -129 -129 -129 -129 -129 
CPU side received count (scaleup: 5): -108 -114 -112 -103 -98 -104 -102 -97 # -257 -129 -129 -129 -129 -129 -129 -129 
Elastic buffer uses 4 channels per SM
Elastic buffer uses 4 channels per SM
Elastic buffer uses 4 channels per SM
Elastic buffer uses 4 channels per SM
Elastic buffer uses 4 channels per SM
Elastic buffer uses 4 channels per SM
Elastic buffer uses 4 channels per SM
Elastic buffer uses 4 channels per SM
CPU side received count (scaleup: 4): -95 -97 -102 -92 -95 -107 -94 -98 # -129 -129 -129 -129 -129 -129 -129 -129 
CPU side received count (scaleup: 7): -102 -107 -103 -107 -101 -104 -111 -94 # -129 -129 -129 -129 -129 -129 -129 -129 
CPU side received count (scaleup: 2): -108 -104 -115 -107 -97 -76 -107 -109 # -129 -129 -129 -129 -129 -129 -129 -129 
CPU side received count (scaleup: 3): -115 -109 -89 -120 -111 -109 -114 -87 # -129 -129 -129 -129 -129 -129 -129 -129 
CPU side received count (scaleup: 6): -120 -114 -99 -100 -98 -78 -102 -100 # -129 -129 -129 -129 -129 -129 -129 -129 
CPU side received count (scaleup: 5): -108 -114 -112 -103 -98 -104 -102 -97 # -257 -129 -129 -129 -129 -129 -129 -129 
CPU side received count (scaleup: 1): -109 -107 -116 -109 -97 -111 -93 -94 # -129 -129 -129 -129 -129 -129 -257 -129 
CPU side received count (scaleup: 0): -110 -105 -102 -106 -108 -105 -101 -102 # -129 -129 -129 -129 -129 -129 -129 -129 
Elastic buffer uses 4 channels per SM
Elastic buffer uses 4 channels per SM
Elastic buffer uses 4 channels per SM
Elastic buffer uses 4 channels per SM
Elastic buffer uses 4 channels per SM
Elastic buffer uses 4 channels per SM
Elastic buffer uses 4 channels per SM
Elastic buffer uses 4 channels per SM
CPU side received count (scaleup: 0): -110 -105 -102 -106 -108 -105 -101 -102 # -129 -129 -129 -129 -129 -129 -129 -129 
CPU side received count (scaleup: 1): -109 -107 -116 -109 -97 -111 -93 -94 # -129 -129 -129 -129 -129 -129 -257 -129 
CPU side received count (scaleup: 5): -108 -114 -112 -103 -98 -104 -102 -97 # -257 -129 -129 -129 -129 -129 -129 -129 
CPU side received count (scaleup: 2): -108 -104 -115 -107 -97 -76 -107 -109 # -129 -129 -129 -129 -129 -129 -129 -129 
CPU side received count (scaleup: 3): -115 -109 -89 -120 -111 -109 -114 -87 # -129 -129 -129 -129 -129 -129 -129 -129 
CPU side received count (scaleup: 7): -102 -107 -103 -107 -101 -104 -111 -94 # -129 -129 -129 -129 -129 -129 -129 -129 
CPU side received count (scaleup: 6): -120 -114 -99 -100 -98 -78 -102 -100 # -129 -129 -129 -129 -129 -129 -129 -129 
CPU side received count (scaleup: 4): -95 -97 -102 -92 -95 -107 -94 -98 # -129 -129 -129 -129 -129 -129 -129 -129 
Elastic buffer uses 4 channels per SM
Elastic buffer uses 4 channels per SM
Elastic buffer uses 4 channels per SM
Elastic buffer uses 4 channels per SM
Elastic buffer uses 4 channels per SM
Elastic buffer uses 4 channels per SM
Elastic buffer uses 4 channels per SM
Elastic buffer uses 4 channels per SM
CPU side received count (scaleup: 0): -110 -105 -102 -106 -108 -105 -101 -102 # -129 -129 -129 -129 -129 -129 -129 -129 
CPU side received count (scaleup: 3): -115 -109 -89 -120 -111 -109 -114 -87 # -129 -129 -129 -129 -129 -129 -129 -129 
CPU side received count (scaleup: 4): -95 -97 -102 -92 -95 -107 -94 -98 # -129 -129 -129 -129 -129 -129 -129 -129 
CPU side received count (scaleup: 1): -109 -107 -116 -109 -97 -111 -93 -94 # -129 -129 -129 -129 -129 -129 -257 -129 
CPU side received count (scaleup: 2): -108 -104 -115 -107 -97 -76 -107 -109 # -129 -129 -129 -129 -129 -129 -129 -129 
CPU side received count (scaleup: 6): -120 -114 -99 -100 -98 -78 -102 -100 # -129 -129 -129 -129 -129 -129 -129 -129 
CPU side received count (scaleup: 5): -108 -114 -112 -103 -98 -104 -102 -97 # -257 -129 -129 -129 -129 -129 -129 -129 
CPU side received count (scaleup: 7): -102 -107 -103 -107 -101 -104 -111 -94 # -129 -129 -129 -129 -129 -129 -129 -129 
Elastic buffer uses 4 channels per SM
Elastic buffer uses 4 channels per SM
Elastic buffer uses 4 channels per SM
Elastic buffer uses 4 channels per SM
Elastic buffer uses 4 channels per SM
Elastic buffer uses 4 channels per SM
Elastic buffer uses 4 channels per SM
Elastic buffer uses 4 channels per SM
CPU side received count (scaleup: 6): -120 -114 -99 -100 -98 -78 -102 -100 # -129 -129 -129 -129 -129 -129 -129 -129 
CPU side received count (scaleup: 7): -102 -107 -103 -107 -101 -104 -111 -94 # -129 -129 -129 -129 -129 -129 -129 -129 
CPU side received count (scaleup: 0): -110 -105 -102 -106 -108 -105 -101 -102 # -129 -129 -129 -129 -129 -129 -129 -129 
CPU side received count (scaleup: 4): -95 -97 -102 -92 -95 -107 -94 -98 # -129 -129 -129 -129 -129 -129 -129 -129 
CPU side received count (scaleup: 5): -108 -114 -112 -103 -98 -104 -102 -97 # -257 -129 -129 -129 -129 -129 -129 -129 
CPU side received count (scaleup: 3): -115 -109 -89 -120 -111 -109 -114 -87 # -129 -129 -129 -129 -129 -129 -129 -129 
CPU side received count (scaleup: 1): -109 -107 -116 -109 -97 -111 -93 -94 # -129 -129 -129 -129 -129 -129 -257 -129 
CPU side received count (scaleup: 2): -108 -104 -115 -107 -97 -76 -107 -109 # -129 -129 -129 -129 -129 -129 -129 -129 
USDT:2026-08-25 02:36:06 437:437 SyncActivityProfilerHandler.cpp:52] profiler_startUSDT:2026-08-25 02:36:06 430:430 SyncActivityProfilerHandler.cpp:52] profiler_startUSDT:2026-08-25 02:36:06 434:434 SyncActivityProfilerHandler.cpp:52] profiler_startUSDT:2026-08-25 02:36:06 432:432 SyncActivityProfilerHandler.cpp:52] profiler_startUSDT:2026-08-25 02:36:06 435:435 SyncActivityProfilerHandler.cpp:52] profiler_startUSDT:2026-08-25 02:36:06 436:436 SyncActivityProfilerHandler.cpp:52] profiler_startUSDT:2026-08-25 02:36:06 433:433 SyncActivityProfilerHandler.cpp:52] profiler_start



USDT:2026-08-25 02:36:06 431:431 SyncActivityProfilerHandler.cpp:52] profiler_start



Elastic buffer uses 4 channels per SM
Elastic buffer uses 4 channels per SM
Elastic buffer uses 4 channels per SM
Elastic buffer uses 4 channels per SM
Elastic buffer uses 4 channels per SM
Elastic buffer uses 4 channels per SM
Elastic buffer uses 4 channels per SM
Elastic buffer uses 4 channels per SM
CPU side received count (scaleup: 0): -110 -105 -102 -106 -108 -105 -101 -102 # -129 -129 -129 -129 -129 -129 -129 -129 
CPU side received count (scaleup: 3): -115 -109 -89 -120 -111 -109 -114 -87 # -129 -129 -129 -129 -129 -129 -129 -129 
CPU side received count (scaleup: 5): -108 -114 -112 -103 -98 -104 -102 -97 # -257 -129 -129 -129 -129 -129 -129 -129 
CPU side received count (scaleup: 1): -109 -107 -116 -109 -97 -111 -93 -94 # -129 -129 -129 -129 -129 -129 -257 -129 
CPU side received count (scaleup: 2): -108 -104 -115 -107 -97 -76 -107 -109 # -129 -129 -129 -129 -129 -129 -129 -129 
CPU side received count (scaleup: 6): -120 -114 -99 -100 -98 -78 -102 -100 # -129 -129 -129 -129 -129 -129 -129 -129 
CPU side received count (scaleup: 7): -102 -107 -103 -107 -101 -104 -111 -94 # -129 -129 -129 -129 -129 -129 -129 -129 
CPU side received count (scaleup: 4): -95 -97 -102 -92 -95 -107 -94 -98 # -129 -129 -129 -129 -129 -129 -129 -129 
Elastic buffer uses 4 channels per SM
Elastic buffer uses 4 channels per SM
Elastic buffer uses 4 channels per SM
Elastic buffer uses 4 channels per SM
Elastic buffer uses 4 channels per SM
Elastic buffer uses 4 channels per SM
Elastic buffer uses 4 channels per SM
Elastic buffer uses 4 channels per SM
CPU side received count (scaleup: 6): -120 -114 -99 -100 -98 -78 -102 -100 # -129 -129 -129 -129 -129 -129 -129 -129 
CPU side received count (scaleup: 7): -102 -107 -103 -107 -101 -104 -111 -94 # -129 -129 -129 -129 -129 -129 -129 -129 
CPU side received count (scaleup: 0): -110 -105 -102 -106 -108 -105 -101 -102 # -129 -129 -129 -129 -129 -129 -129 -129 
CPU side received count (scaleup: 3): -115 -109 -89 -120 -111 -109 -114 -87 # -129 -129 -129 -129 -129 -129 -129 -129 
CPU side received count (scaleup: 4): -95 -97 -102 -92 -95 -107 -94 -98 # -129 -129 -129 -129 -129 -129 -129 -129 
CPU side received count (scaleup: 5): -108 -114 -112 -103 -98 -104 -102 -97 # -257 -129 -129 -129 -129 -129 -129 -129 
CPU side received count (scaleup: 1): -109 -107 -116 -109 -97 -111 -93 -94 # -129 -129 -129 -129 -129 -129 -257 -129 
CPU side received count (scaleup: 2): -108 -104 -115 -107 -97 -76 -107 -109 # -129 -129 -129 -129 -129 -129 -129 -129 
Elastic buffer uses 4 channels per SM
Elastic buffer uses 4 channels per SM
Elastic buffer uses 4 channels per SM
Elastic buffer uses 4 channels per SM
Elastic buffer uses 4 channels per SM
Elastic buffer uses 4 channels per SM
Elastic buffer uses 4 channels per SM
Elastic buffer uses 4 channels per SM
CPU side received count (scaleup: 6): -120 -114 -99 -100 -98 -78 -102 -100 # -129 -129 -129 -129 -129 -129 -129 -129 
CPU side received count (scaleup: 4): -95 -97 -102 -92 -95 -107 -94 -98 # -129 -129 -129 -129 -129 -129 -129 -129 
CPU side received count (scaleup: 7): -102 -107 -103 -107 -101 -104 -111 -94 # -129 -129 -129 -129 -129 -129 -129 -129 
CPU side received count (scaleup: 5): -108 -114 -112 -103 -98 -104 -102 -97 # -257 -129 -129 -129 -129 -129 -129 -129 
CPU side received count (scaleup: 0): -110 -105 -102 -106 -108 -105 -101 -102 # -129 -129 -129 -129 -129 -129 -129 -129 
CPU side received count (scaleup: 3): -115 -109 -89 -120 -111 -109 -114 -87 # -129 -129 -129 -129 -129 -129 -129 -129 
CPU side received count (scaleup: 2): -108 -104 -115 -107 -97 -76 -107 -109 # -129 -129 -129 -129 -129 -129 -129 -129 
CPU side received count (scaleup: 1): -109 -107 -116 -109 -97 -111 -93 -94 # -129 -129 -129 -129 -129 -129 -257 -129 
Elastic buffer uses 4 channels per SM
Elastic buffer uses 4 channels per SM
Elastic buffer uses 4 channels per SM
Elastic buffer uses 4 channels per SM
Elastic buffer uses 4 channels per SM
Elastic buffer uses 4 channels per SM
Elastic buffer uses 4 channels per SM
Elastic buffer uses 4 channels per SM
CPU side received count (scaleup: 6): -120 -114 -99 -100 -98 -78 -102 -100 # -129 -129 -129 -129 -129 -129 -129 -129 
CPU side received count (scaleup: 4): -95 -97 -102 -92 -95 -107 -94 -98 # -129 -129 -129 -129 -129 -129 -129 -129 
CPU side received count (scaleup: 5): -108 -114 -112 -103 -98 -104 -102 -97 # -257 -129 -129 -129 -129 -129 -129 -129 
CPU side received count (scaleup: 7): -102 -107 -103 -107 -101 -104 -111 -94 # -129 -129 -129 -129 -129 -129 -129 -129 
CPU side received count (scaleup: 0): -110 -105 -102 -106 -108 -105 -101 -102 # -129 -129 -129 -129 -129 -129 -129 -129 
CPU side received count (scaleup: 1): -109 -107 -116 -109 -97 -111 -93 -94 # -129 -129 -129 -129 -129 -129 -257 -129 
CPU side received count (scaleup: 3): -115 -109 -89 -120 -111 -109 -114 -87 # -129 -129 -129 -129 -129 -129 -129 -129 
CPU side received count (scaleup: 2): -108 -104 -115 -107 -97 -76 -107 -109 # -129 -129 -129 -129 -129 -129 -129 -129 
Elastic buffer uses 4 channels per SM
Elastic buffer uses 4 channels per SM
Elastic buffer uses 4 channels per SM
Elastic buffer uses 4 channels per SM
Elastic buffer uses 4 channels per SM
Elastic buffer uses 4 channels per SM
Elastic buffer uses 4 channels per SM
Elastic buffer uses 4 channels per SM
CPU side received count (scaleup: 0): -110 -105 -102 -106 -108 -105 -101 -102 # -129 -129 -129 -129 -129 -129 -129 -129 
CPU side received count (scaleup: 1): -109 -107 -116 -109 -97 -111 -93 -94 # -129 -129 -129 -129 -129 -129 -257 -129 
CPU side received count (scaleup: 4): -95 -97 -102 -92 -95 -107 -94 -98 # -129 -129 -129 -129 -129 -129 -129 -129 
CPU side received count (scaleup: 2): -108 -104 -115 -107 -97 -76 -107 -109 # -129 -129 -129 -129 -129 -129 -129 -129 
CPU side received count (scaleup: 3): -115 -109 -89 -120 -111 -109 -114 -87 # -129 -129 -129 -129 -129 -129 -129 -129 
CPU side received count (scaleup: 5): -108 -114 -112 -103 -98 -104 -102 -97 # -257 -129 -129 -129 -129 -129 -129 -129 
CPU side received count (scaleup: 7): -102 -107 -103 -107 -101 -104 -111 -94 # -129 -129 -129 -129 -129 -129 -129 -129 
CPU side received count (scaleup: 6): -120 -114 -99 -100 -98 -78 -102 -100 # -129 -129 -129 -129 -129 -129 -129 -129 
Elastic buffer uses 4 channels per SM
Elastic buffer uses 4 channels per SM
Elastic buffer uses 4 channels per SM
Elastic buffer uses 4 channels per SM
Elastic buffer uses 4 channels per SM
Elastic buffer uses 4 channels per SM
Elastic buffer uses 4 channels per SM
Elastic buffer uses 4 channels per SM
CPU side received count (scaleup: 4): -95 -97 -102 -92 -95 -107 -94 -98 # -129 -129 -129 -129 -129 -129 -129 -129 
CPU side received count (scaleup: 5): -108 -114 -112 -103 -98 -104 -102 -97 # -257 -129 -129 -129 -129 -129 -129 -129 
CPU side received count (scaleup: 3): -115 -109 -89 -120 -111 -109 -114 -87 # -129 -129 -129 -129 -129 -129 -129 -129 
CPU side received count (scaleup: 6): -120 -114 -99 -100 -98 -78 -102 -100 # -129 -129 -129 -129 -129 -129 -129 -129 
CPU side received count (scaleup: 7): -102 -107 -103 -107 -101 -104 -111 -94 # -129 -129 -129 -129 -129 -129 -129 -129 
CPU side received count (scaleup: 0): -110 -105 -102 -106 -108 -105 -101 -102 # -129 -129 -129 -129 -129 -129 -129 -129 
CPU side received count (scaleup: 1): -109 -107 -116 -109 -97 -111 -93 -94 # -129 -129 -129 -129 -129 -129 -257 -129 
CPU side received count (scaleup: 2): -108 -104 -115 -107 -97 -76 -107 -109 # -129 -129 -129 -129 -129 -129 -129 -129 
Elastic buffer uses 4 channels per SM
Elastic buffer uses 4 channels per SM
Elastic buffer uses 4 channels per SM
Elastic buffer uses 4 channels per SM
Elastic buffer uses 4 channels per SM
Elastic buffer uses 4 channels per SM
Elastic buffer uses 4 channels per SM
Elastic buffer uses 4 channels per SM
CPU side received count (scaleup: 4): -95 -97 -102 -92 -95 -107 -94 -98 # -129 -129 -129 -129 -129 -129 -129 -129 
CPU side received count (scaleup: 2): -108 -104 -115 -107 -97 -76 -107 -109 # -129 -129 -129 -129 -129 -129 -129 -129 
CPU side received count (scaleup: 3): -115 -109 -89 -120 -111 -109 -114 -87 # -129 -129 -129 -129 -129 -129 -129 -129 
CPU side received count (scaleup: 6): -120 -114 -99 -100 -98 -78 -102 -100 # -129 -129 -129 -129 -129 -129 -129 -129 
CPU side received count (scaleup: 5): -108 -114 -112 -103 -98 -104 -102 -97 # -257 -129 -129 -129 -129 -129 -129 -129 
CPU side received count (scaleup: 1): -109 -107 -116 -109 -97 -111 -93 -94 # -129 -129 -129 -129 -129 -129 -257 -129 
CPU side received count (scaleup: 7): -102 -107 -103 -107 -101 -104 -111 -94 # -129 -129 -129 -129 -129 -129 -129 -129 
CPU side received count (scaleup: 0): -110 -105 -102 -106 -108 -105 -101 -102 # -129 -129 -129 -129 -129 -129 -129 -129 
Elastic buffer uses 4 channels per SM
Elastic buffer uses 4 channels per SM
Elastic buffer uses 4 channels per SM
Elastic buffer uses 4 channels per SM
Elastic buffer uses 4 channels per SM
Elastic buffer uses 4 channels per SM
Elastic buffer uses 4 channels per SM
Elastic buffer uses 4 channels per SM
CPU side received count (scaleup: 6): -120 -114 -99 -100 -98 -78 -102 -100 # -129 -129 -129 -129 -129 -129 -129 -129 
CPU side received count (scaleup: 4): -95 -97 -102 -92 -95 -107 -94 -98 # -129 -129 -129 -129 -129 -129 -129 -129 
CPU side received count (scaleup: 3): -115 -109 -89 -120 -111 -109 -114 -87 # -129 -129 -129 -129 -129 -129 -129 -129 
CPU side received count (scaleup: 7): -102 -107 -103 -107 -101 -104 -111 -94 # -129 -129 -129 -129 -129 -129 -129 -129 
CPU side received count (scaleup: 5): -108 -114 -112 -103 -98 -104 -102 -97 # -257 -129 -129 -129 -129 -129 -129 -129 
CPU side received count (scaleup: 0): -110 -105 -102 -106 -108 -105 -101 -102 # -129 -129 -129 -129 -129 -129 -129 -129 
CPU side received count (scaleup: 1): -109 -107 -116 -109 -97 -111 -93 -94 # -129 -129 -129 -129 -129 -129 -257 -129 
CPU side received count (scaleup: 2): -108 -104 -115 -107 -97 -76 -107 -109 # -129 -129 -129 -129 -129 -129 -129 -129 
Elastic buffer uses 4 channels per SM
Elastic buffer uses 4 channels per SM
Elastic buffer uses 4 channels per SM
Elastic buffer uses 4 channels per SM
Elastic buffer uses 4 channels per SM
Elastic buffer uses 4 channels per SM
Elastic buffer uses 4 channels per SM
Elastic buffer uses 4 channels per SM
CPU side received count (scaleup: 6): -120 -114 -99 -100 -98 -78 -102 -100 # -129 -129 -129 -129 -129 -129 -129 -129 
CPU side received count (scaleup: 3): -115 -109 -89 -120 -111 -109 -114 -87 # -129 -129 -129 -129 -129 -129 -129 -129 
CPU side received count (scaleup: 2): -108 -104 -115 -107 -97 -76 -107 -109 # -129 -129 -129 -129 -129 -129 -129 -129 
CPU side received count (scaleup: 4): -95 -97 -102 -92 -95 -107 -94 -98 # -129 -129 -129 -129 -129 -129 -129 -129 
CPU side received count (scaleup: 5): -108 -114 -112 -103 -98 -104 -102 -97 # -257 -129 -129 -129 -129 -129 -129 -129 
CPU side received count (scaleup: 0): -110 -105 -102 -106 -108 -105 -101 -102 # -129 -129 -129 -129 -129 -129 -129 -129 
CPU side received count (scaleup: 1): -109 -107 -116 -109 -97 -111 -93 -94 # -129 -129 -129 -129 -129 -129 -257 -129 
CPU side received count (scaleup: 7): -102 -107 -103 -107 -101 -104 -111 -94 # -129 -129 -129 -129 -129 -129 -129 -129 
Elastic buffer uses 4 channels per SM
Elastic buffer uses 4 channels per SM
Elastic buffer uses 4 channels per SM
Elastic buffer uses 4 channels per SM
Elastic buffer uses 4 channels per SM
Elastic buffer uses 4 channels per SM
Elastic buffer uses 4 channels per SM
Elastic buffer uses 4 channels per SM
CPU side received count (scaleup: 0): -110 -105 -102 -106 -108 -105 -101 -102 # -129 -129 -129 -129 -129 -129 -129 -129 
CPU side received count (scaleup: 3): -115 -109 -89 -120 -111 -109 -114 -87 # -129 -129 -129 -129 -129 -129 -129 -129 
CPU side received count (scaleup: 5): -108 -114 -112 -103 -98 -104 -102 -97 # -257 -129 -129 -129 -129 -129 -129 -129 
CPU side received count (scaleup: 2): -108 -104 -115 -107 -97 -76 -107 -109 # -129 -129 -129 -129 -129 -129 -129 -129 
CPU side received count (scaleup: 1): -109 -107 -116 -109 -97 -111 -93 -94 # -129 -129 -129 -129 -129 -129 -257 -129 
CPU side received count (scaleup: 4): -95 -97 -102 -92 -95 -107 -94 -98 # -129 -129 -129 -129 -129 -129 -129 -129 
CPU side received count (scaleup: 7): -102 -107 -103 -107 -101 -104 -111 -94 # -129 -129 -129 -129 -129 -129 -129 -129 
CPU side received count (scaleup: 6): -120 -114 -99 -100 -98 -78 -102 -100 # -129 -129 -129 -129 -129 -129 -129 -129 
Elastic buffer uses 4 channels per SM
Elastic buffer uses 4 channels per SM
Elastic buffer uses 4 channels per SM
Elastic buffer uses 4 channels per SM
Elastic buffer uses 4 channels per SM
Elastic buffer uses 4 channels per SM
Elastic buffer uses 4 channels per SM
Elastic buffer uses 4 channels per SM
CPU side received count (scaleup: 1): -109 -107 -116 -109 -97 -111 -93 -94 # -129 -129 -129 -129 -129 -129 -257 -129 
CPU side received count (scaleup: 6): -120 -114 -99 -100 -98 -78 -102 -100 # -129 -129 -129 -129 -129 -129 -129 -129 
CPU side received count (scaleup: 7): -102 -107 -103 -107 -101 -104 -111 -94 # -129 -129 -129 -129 -129 -129 -129 -129 
CPU side received count (scaleup: 3): -115 -109 -89 -120 -111 -109 -114 -87 # -129 -129 -129 -129 -129 -129 -129 -129 
CPU side received count (scaleup: 2): -108 -104 -115 -107 -97 -76 -107 -109 # -129 -129 -129 -129 -129 -129 -129 -129 
CPU side received count (scaleup: 0): -110 -105 -102 -106 -108 -105 -101 -102 # -129 -129 -129 -129 -129 -129 -129 -129 
CPU side received count (scaleup: 4): -95 -97 -102 -92 -95 -107 -94 -98 # -129 -129 -129 -129 -129 -129 -129 -129 
CPU side received count (scaleup: 5): -108 -114 -112 -103 -98 -104 -102 -97 # -257 -129 -129 -129 -129 -129 -129 -129 
Elastic buffer uses 4 channels per SM
Elastic buffer uses 4 channels per SM
Elastic buffer uses 4 channels per SM
Elastic buffer uses 4 channels per SM
Elastic buffer uses 4 channels per SM
Elastic buffer uses 4 channels per SM
Elastic buffer uses 4 channels per SM
Elastic buffer uses 4 channels per SM
CPU side received count (scaleup: 0): -110 -105 -102 -106 -108 -105 -101 -102 # -129 -129 -129 -129 -129 -129 -129 -129 
CPU side received count (scaleup: 1): -109 -107 -116 -109 -97 -111 -93 -94 # -129 -129 -129 -129 -129 -129 -257 -129 
CPU side received count (scaleup: 5): -108 -114 -112 -103 -98 -104 -102 -97 # -257 -129 -129 -129 -129 -129 -129 -129 
CPU side received count (scaleup: 6): -120 -114 -99 -100 -98 -78 -102 -100 # -129 -129 -129 -129 -129 -129 -129 -129 
CPU side received count (scaleup: 3): -115 -109 -89 -120 -111 -109 -114 -87 # -129 -129 -129 -129 -129 -129 -129 -129 
CPU side received count (scaleup: 2): -108 -104 -115 -107 -97 -76 -107 -109 # -129 -129 -129 -129 -129 -129 -129 -129 
CPU side received count (scaleup: 4): -95 -97 -102 -92 -95 -107 -94 -98 # -129 -129 -129 -129 -129 -129 -129 -129 
CPU side received count (scaleup: 7): -102 -107 -103 -107 -101 -104 -111 -94 # -129 -129 -129 -129 -129 -129 -129 -129 
Elastic buffer uses 4 channels per SM
Elastic buffer uses 4 channels per SM
Elastic buffer uses 4 channels per SM
Elastic buffer uses 4 channels per SM
Elastic buffer uses 4 channels per SM
Elastic buffer uses 4 channels per SM
Elastic buffer uses 4 channels per SM
Elastic buffer uses 4 channels per SM
CPU side received count (scaleup: 5): -108 -114 -112 -103 -98 -104 -102 -97 # -257 -129 -129 -129 -129 -129 -129 -129 
CPU side received count (scaleup: 0): -110 -105 -102 -106 -108 -105 -101 -102 # -129 -129 -129 -129 -129 -129 -129 -129 
CPU side received count (scaleup: 2): -108 -104 -115 -107 -97 -76 -107 -109 # -129 -129 -129 -129 -129 -129 -129 -129 
CPU side received count (scaleup: 7): -102 -107 -103 -107 -101 -104 -111 -94 # -129 -129 -129 -129 -129 -129 -129 -129 
CPU side received count (scaleup: 4): -95 -97 -102 -92 -95 -107 -94 -98 # -129 -129 -129 -129 -129 -129 -129 -129 
CPU side received count (scaleup: 6): -120 -114 -99 -100 -98 -78 -102 -100 # -129 -129 -129 -129 -129 -129 -129 -129 
CPU side received count (scaleup: 3): -115 -109 -89 -120 -111 -109 -114 -87 # -129 -129 -129 -129 -129 -129 -129 -129 
CPU side received count (scaleup: 1): -109 -107 -116 -109 -97 -111 -93 -94 # -129 -129 -129 -129 -129 -129 -257 -129 
Elastic buffer uses 4 channels per SM
Elastic buffer uses 4 channels per SM
Elastic buffer uses 4 channels per SM
Elastic buffer uses 4 channels per SM
Elastic buffer uses 4 channels per SM
Elastic buffer uses 4 channels per SM
Elastic buffer uses 4 channels per SM
Elastic buffer uses 4 channels per SM
CPU side received count (scaleup: 6): -120 -114 -99 -100 -98 -78 -102 -100 # -129 -129 -129 -129 -129 -129 -129 -129 
CPU side received count (scaleup: 4): -95 -97 -102 -92 -95 -107 -94 -98 # -129 -129 -129 -129 -129 -129 -129 -129 
CPU side received count (scaleup: 3): -115 -109 -89 -120 -111 -109 -114 -87 # -129 -129 -129 -129 -129 -129 -129 -129 
CPU side received count (scaleup: 7): -102 -107 -103 -107 -101 -104 -111 -94 # -129 -129 -129 -129 -129 -129 -129 -129 
CPU side received count (scaleup: 0): -110 -105 -102 -106 -108 -105 -101 -102 # -129 -129 -129 -129 -129 -129 -129 -129 
CPU side received count (scaleup: 5): -108 -114 -112 -103 -98 -104 -102 -97 # -257 -129 -129 -129 -129 -129 -129 -129 
CPU side received count (scaleup: 2): -108 -104 -115 -107 -97 -76 -107 -109 # -129 -129 -129 -129 -129 -129 -129 -129 
CPU side received count (scaleup: 1): -109 -107 -116 -109 -97 -111 -93 -94 # -129 -129 -129 -129 -129 -129 -257 -129 
Elastic buffer uses 4 channels per SM
Elastic buffer uses 4 channels per SM
Elastic buffer uses 4 channels per SM
Elastic buffer uses 4 channels per SM
Elastic buffer uses 4 channels per SM
Elastic buffer uses 4 channels per SM
Elastic buffer uses 4 channels per SM
Elastic buffer uses 4 channels per SM
CPU side received count (scaleup: 6): -120 -114 -99 -100 -98 -78 -102 -100 # -129 -129 -129 -129 -129 -129 -129 -129 
CPU side received count (scaleup: 0): -110 -105 -102 -106 -108 -105 -101 -102 # -129 -129 -129 -129 -129 -129 -129 -129 
CPU side received count (scaleup: 5): -108 -114 -112 -103 -98 -104 -102 -97 # -257 -129 -129 -129 -129 -129 -129 -129 
CPU side received count (scaleup: 7): -102 -107 -103 -107 -101 -104 -111 -94 # -129 -129 -129 -129 -129 -129 -129 -129 
CPU side received count (scaleup: 4): -95 -97 -102 -92 -95 -107 -94 -98 # -129 -129 -129 -129 -129 -129 -129 -129 
CPU side received count (scaleup: 3): -115 -109 -89 -120 -111 -109 -114 -87 # -129 -129 -129 -129 -129 -129 -129 -129 
CPU side received count (scaleup: 1): -109 -107 -116 -109 -97 -111 -93 -94 # -129 -129 -129 -129 -129 -129 -257 -129 
CPU side received count (scaleup: 2): -108 -104 -115 -107 -97 -76 -107 -109 # -129 -129 -129 -129 -129 -129 -129 -129 
Elastic buffer uses 4 channels per SM
Elastic buffer uses 4 channels per SM
Elastic buffer uses 4 channels per SM
Elastic buffer uses 4 channels per SM
Elastic buffer uses 4 channels per SM
Elastic buffer uses 4 channels per SM
Elastic buffer uses 4 channels per SM
Elastic buffer uses 4 channels per SM
CPU side received count (scaleup: 6): -120 -114 -99 -100 -98 -78 -102 -100 # -129 -129 -129 -129 -129 -129 -129 -129 
CPU side received count (scaleup: 4): -95 -97 -102 -92 -95 -107 -94 -98 # -129 -129 -129 -129 -129 -129 -129 -129 
CPU side received count (scaleup: 5): -108 -114 -112 -103 -98 -104 -102 -97 # -257 -129 -129 -129 -129 -129 -129 -129 
CPU side received count (scaleup: 7): -102 -107 -103 -107 -101 -104 -111 -94 # -129 -129 -129 -129 -129 -129 -129 -129 
CPU side received count (scaleup: 3): -115 -109 -89 -120 -111 -109 -114 -87 # -129 -129 -129 -129 -129 -129 -129 -129 
CPU side received count (scaleup: 1): -109 -107 -116 -109 -97 -111 -93 -94 # -129 -129 -129 -129 -129 -129 -257 -129 
CPU side received count (scaleup: 2): -108 -104 -115 -107 -97 -76 -107 -109 # -129 -129 -129 -129 -129 -129 -129 -129 
CPU side received count (scaleup: 0): -110 -105 -102 -106 -108 -105 -101 -102 # -129 -129 -129 -129 -129 -129 -129 -129 
Elastic buffer uses 4 channels per SM
Elastic buffer uses 4 channels per SM
Elastic buffer uses 4 channels per SM
Elastic buffer uses 4 channels per SM
Elastic buffer uses 4 channels per SM
Elastic buffer uses 4 channels per SM
Elastic buffer uses 4 channels per SM
Elastic buffer uses 4 channels per SM
CPU side received count (scaleup: 6): -120 -114 -99 -100 -98 -78 -102 -100 # -129 -129 -129 -129 -129 -129 -129 -129 
CPU side received count (scaleup: 1): -109 -107 -116 -109 -97 -111 -93 -94 # -129 -129 -129 -129 -129 -129 -257 -129 
CPU side received count (scaleup: 4): -95 -97 -102 -92 -95 -107 -94 -98 # -129 -129 -129 -129 -129 -129 -129 -129 
CPU side received count (scaleup: 7): -102 -107 -103 -107 -101 -104 -111 -94 # -129 -129 -129 -129 -129 -129 -129 -129 
CPU side received count (scaleup: 3): -115 -109 -89 -120 -111 -109 -114 -87 # -129 -129 -129 -129 -129 -129 -129 -129 
CPU side received count (scaleup: 5): -108 -114 -112 -103 -98 -104 -102 -97 # -257 -129 -129 -129 -129 -129 -129 -129 
CPU side received count (scaleup: 0): -110 -105 -102 -106 -108 -105 -101 -102 # -129 -129 -129 -129 -129 -129 -129 -129 
CPU side received count (scaleup: 2): -108 -104 -115 -107 -97 -76 -107 -109 # -129 -129 -129 -129 -129 -129 -129 -129 
Elastic buffer uses 4 channels per SM
Elastic buffer uses 4 channels per SM
Elastic buffer uses 4 channels per SM
Elastic buffer uses 4 channels per SM
Elastic buffer uses 4 channels per SM
Elastic buffer uses 4 channels per SM
Elastic buffer uses 4 channels per SM
Elastic buffer uses 4 channels per SM
CPU side received count (scaleup: 4): -95 -97 -102 -92 -95 -107 -94 -98 # -129 -129 -129 -129 -129 -129 -129 -129 
CPU side received count (scaleup: 6): -120 -114 -99 -100 -98 -78 -102 -100 # -129 -129 -129 -129 -129 -129 -129 -129 
CPU side received count (scaleup: 5): -108 -114 -112 -103 -98 -104 -102 -97 # -257 -129 -129 -129 -129 -129 -129 -129 
CPU side received count (scaleup: 1): -109 -107 -116 -109 -97 -111 -93 -94 # -129 -129 -129 -129 -129 -129 -257 -129 
CPU side received count (scaleup: 7): -102 -107 -103 -107 -101 -104 -111 -94 # -129 -129 -129 -129 -129 -129 -129 -129 
CPU side received count (scaleup: 0): -110 -105 -102 -106 -108 -105 -101 -102 # -129 -129 -129 -129 -129 -129 -129 -129 
CPU side received count (scaleup: 2): -108 -104 -115 -107 -97 -76 -107 -109 # -129 -129 -129 -129 -129 -129 -129 -129 
CPU side received count (scaleup: 3): -115 -109 -89 -120 -111 -109 -114 -87 # -129 -129 -129 -129 -129 -129 -129 -129 
Elastic buffer uses 4 channels per SM
Elastic buffer uses 4 channels per SM
Elastic buffer uses 4 channels per SM
Elastic buffer uses 4 channels per SM
Elastic buffer uses 4 channels per SM
Elastic buffer uses 4 channels per SM
Elastic buffer uses 4 channels per SM
Elastic buffer uses 4 channels per SM
CPU side received count (scaleup: 0): -110 -105 -102 -106 -108 -105 -101 -102 # -129 -129 -129 -129 -129 -129 -129 -129 
CPU side received count (scaleup: 1): -109 -107 -116 -109 -97 -111 -93 -94 # -129 -129 -129 -129 -129 -129 -257 -129 
CPU side received count (scaleup: 7): -102 -107 -103 -107 -101 -104 -111 -94 # -129 -129 -129 -129 -129 -129 -129 -129 
CPU side received count (scaleup: 2): -108 -104 -115 -107 -97 -76 -107 -109 # -129 -129 -129 -129 -129 -129 -129 -129 
CPU side received count (scaleup: 3): -115 -109 -89 -120 -111 -109 -114 -87 # -129 -129 -129 -129 -129 -129 -129 -129 
CPU side received count (scaleup: 4): -95 -97 -102 -92 -95 -107 -94 -98 # -129 -129 -129 -129 -129 -129 -129 -129 
CPU side received count (scaleup: 6): -120 -114 -99 -100 -98 -78 -102 -100 # -129 -129 -129 -129 -129 -129 -129 -129 
CPU side received count (scaleup: 5): -108 -114 -112 -103 -98 -104 -102 -97 # -257 -129 -129 -129 -129 -129 -129 -129 
Elastic buffer uses 4 channels per SM
Elastic buffer uses 4 channels per SM
Elastic buffer uses 4 channels per SM
Elastic buffer uses 4 channels per SM
Elastic buffer uses 4 channels per SM
Elastic buffer uses 4 channels per SM
Elastic buffer uses 4 channels per SM
Elastic buffer uses 4 channels per SM
CPU side received count (scaleup: 0): -110 -105 -102 -106 -108 -105 -101 -102 # -129 -129 -129 -129 -129 -129 -129 -129 
CPU side received count (scaleup: 2): -108 -104 -115 -107 -97 -76 -107 -109 # -129 -129 -129 -129 -129 -129 -129 -129 
CPU side received count (scaleup: 5): -108 -114 -112 -103 -98 -104 -102 -97 # -257 -129 -129 -129 -129 -129 -129 -129 
CPU side received count (scaleup: 1): -109 -107 -116 -109 -97 -111 -93 -94 # -129 -129 -129 -129 -129 -129 -257 -129 
CPU side received count (scaleup: 3): -115 -109 -89 -120 -111 -109 -114 -87 # -129 -129 -129 -129 -129 -129 -129 -129 
CPU side received count (scaleup: 7): -102 -107 -103 -107 -101 -104 -111 -94 # -129 -129 -129 -129 -129 -129 -129 -129 
CPU side received count (scaleup: 6): -120 -114 -99 -100 -98 -78 -102 -100 # -129 -129 -129 -129 -129 -129 -129 -129 
CPU side received count (scaleup: 4): -95 -97 -102 -92 -95 -107 -94 -98 # -129 -129 -129 -129 -129 -129 -129 -129 
Elastic buffer uses 4 channels per SM
Elastic buffer uses 4 channels per SM
Elastic buffer uses 4 channels per SM
Elastic buffer uses 4 channels per SM
Elastic buffer uses 4 channels per SM
Elastic buffer uses 4 channels per SM
Elastic buffer uses 4 channels per SM
Elastic buffer uses 4 channels per SM
CPU side received count (scaleup: 6): -120 -114 -99 -100 -98 -78 -102 -100 # -129 -129 -129 -129 -129 -129 -129 -129 
CPU side received count (scaleup: 5): -108 -114 -112 -103 -98 -104 -102 -97 # -257 -129 -129 -129 -129 -129 -129 -129 
CPU side received count (scaleup: 2): -108 -104 -115 -107 -97 -76 -107 -109 # -129 -129 -129 -129 -129 -129 -129 -129 
CPU side received count (scaleup: 4): -95 -97 -102 -92 -95 -107 -94 -98 # -129 -129 -129 -129 -129 -129 -129 -129 
CPU side received count (scaleup: 7): -102 -107 -103 -107 -101 -104 -111 -94 # -129 -129 -129 -129 -129 -129 -129 -129 
CPU side received count (scaleup: 0): -110 -105 -102 -106 -108 -105 -101 -102 # -129 -129 -129 -129 -129 -129 -129 -129 
CPU side received count (scaleup: 3): -115 -109 -89 -120 -111 -109 -114 -87 # -129 -129 -129 -129 -129 -129 -129 -129 
CPU side received count (scaleup: 1): -109 -107 -116 -109 -97 -111 -93 -94 # -129 -129 -129 -129 -129 -129 -257 -129 
Elastic buffer uses 4 channels per SM
Elastic buffer uses 4 channels per SM
Elastic buffer uses 4 channels per SM
Elastic buffer uses 4 channels per SM
Elastic buffer uses 4 channels per SM
Elastic buffer uses 4 channels per SM
Elastic buffer uses 4 channels per SM
Elastic buffer uses 4 channels per SM
CPU side received count (scaleup: 6): -120 -114 -99 -100 -98 -78 -102 -100 # -129 -129 -129 -129 -129 -129 -129 -129 
CPU side received count (scaleup: 4): -95 -97 -102 -92 -95 -107 -94 -98 # -129 -129 -129 -129 -129 -129 -129 -129 
CPU side received count (scaleup: 5): -108 -114 -112 -103 -98 -104 -102 -97 # -257 -129 -129 -129 -129 -129 -129 -129 
CPU side received count (scaleup: 7): -102 -107 -103 -107 -101 -104 -111 -94 # -129 -129 -129 -129 -129 -129 -129 -129 
CPU side received count (scaleup: 0): -110 -105 -102 -106 -108 -105 -101 -102 # -129 -129 -129 -129 -129 -129 -129 -129 
CPU side received count (scaleup: 2): -108 -104 -115 -107 -97 -76 -107 -109 # -129 -129 -129 -129 -129 -129 -129 -129 
CPU side received count (scaleup: 1): -109 -107 -116 -109 -97 -111 -93 -94 # -129 -129 -129 -129 -129 -129 -257 -129 
CPU side received count (scaleup: 3): -115 -109 -89 -120 -111 -109 -114 -87 # -129 -129 -129 -129 -129 -129 -129 -129 
Elastic buffer uses 4 channels per SM
Elastic buffer uses 4 channels per SM
Elastic buffer uses 4 channels per SM
Elastic buffer uses 4 channels per SM
Elastic buffer uses 4 channels per SM
Elastic buffer uses 4 channels per SM
Elastic buffer uses 4 channels per SM
Elastic buffer uses 4 channels per SM
CPU side received count (scaleup: 0): -110 -105 -102 -106 -108 -105 -101 -102 # -129 -129 -129 -129 -129 -129 -129 -129 
CPU side received count (scaleup: 6): -120 -114 -99 -100 -98 -78 -102 -100 # -129 -129 -129 -129 -129 -129 -129 -129 
CPU side received count (scaleup: 2): -108 -104 -115 -107 -97 -76 -107 -109 # -129 -129 -129 -129 -129 -129 -129 -129 
CPU side received count (scaleup: 1): -109 -107 -116 -109 -97 -111 -93 -94 # -129 -129 -129 -129 -129 -129 -257 -129 
CPU side received count (scaleup: 3): -115 -109 -89 -120 -111 -109 -114 -87 # -129 -129 -129 -129 -129 -129 -129 -129 
CPU side received count (scaleup: 5): -108 -114 -112 -103 -98 -104 -102 -97 # -257 -129 -129 -129 -129 -129 -129 -129 
CPU side received count (scaleup: 7): -102 -107 -103 -107 -101 -104 -111 -94 # -129 -129 -129 -129 -129 -129 -129 -129 
CPU side received count (scaleup: 4): -95 -97 -102 -92 -95 -107 -94 -98 # -129 -129 -129 -129 -129 -129 -129 -129 
Elastic buffer uses 4 channels per SM
Elastic buffer uses 4 channels per SM
Elastic buffer uses 4 channels per SM
Elastic buffer uses 4 channels per SM
Elastic buffer uses 4 channels per SM
Elastic buffer uses 4 channels per SM
Elastic buffer uses 4 channels per SM
Elastic buffer uses 4 channels per SM
CPU side received count (scaleup: 5): -108 -114 -112 -103 -98 -104 -102 -97 # -257 -129 -129 -129 -129 -129 -129 -129 
CPU side received count (scaleup: 4): -95 -97 -102 -92 -95 -107 -94 -98 # -129 -129 -129 -129 -129 -129 -129 -129 
CPU side received count (scaleup: 6): -120 -114 -99 -100 -98 -78 -102 -100 # -129 -129 -129 -129 -129 -129 -129 -129 
CPU side received count (scaleup: 7): -102 -107 -103 -107 -101 -104 -111 -94 # -129 -129 -129 -129 -129 -129 -129 -129 
CPU side received count (scaleup: 0): -110 -105 -102 -106 -108 -105 -101 -102 # -129 -129 -129 -129 -129 -129 -129 -129 
CPU side received count (scaleup: 2): -108 -104 -115 -107 -97 -76 -107 -109 # -129 -129 -129 -129 -129 -129 -129 -129 
CPU side received count (scaleup: 3): -115 -109 -89 -120 -111 -109 -114 -87 # -129 -129 -129 -129 -129 -129 -129 -129 
CPU side received count (scaleup: 1): -109 -107 -116 -109 -97 -111 -93 -94 # -129 -129 -129 -129 -129 -129 -257 -129 
Elastic buffer uses 4 channels per SM
Elastic buffer uses 4 channels per SM
Elastic buffer uses 4 channels per SM
Elastic buffer uses 4 channels per SM
Elastic buffer uses 4 channels per SM
Elastic buffer uses 4 channels per SM
Elastic buffer uses 4 channels per SM
Elastic buffer uses 4 channels per SM
CPU side received count (scaleup: 6): -120 -114 -99 -100 -98 -78 -102 -100 # -129 -129 -129 -129 -129 -129 -129 -129 
CPU side received count (scaleup: 4): -95 -97 -102 -92 -95 -107 -94 -98 # -129 -129 -129 -129 -129 -129 -129 -129 
CPU side received count (scaleup: 1): -109 -107 -116 -109 -97 -111 -93 -94 # -129 -129 -129 -129 -129 -129 -257 -129 
CPU side received count (scaleup: 5): -108 -114 -112 -103 -98 -104 -102 -97 # -257 -129 -129 -129 -129 -129 -129 -129 
CPU side received count (scaleup: 7): -102 -107 -103 -107 -101 -104 -111 -94 # -129 -129 -129 -129 -129 -129 -129 -129 
CPU side received count (scaleup: 0): -110 -105 -102 -106 -108 -105 -101 -102 # -129 -129 -129 -129 -129 -129 -129 -129 
CPU side received count (scaleup: 3): -115 -109 -89 -120 -111 -109 -114 -87 # -129 -129 -129 -129 -129 -129 -129 -129 
CPU side received count (scaleup: 2): -108 -104 -115 -107 -97 -76 -107 -109 # -129 -129 -129 -129 -129 -129 -129 -129 
Elastic buffer uses 4 channels per SM
Elastic buffer uses 4 channels per SM
Elastic buffer uses 4 channels per SM
Elastic buffer uses 4 channels per SM
Elastic buffer uses 4 channels per SM
Elastic buffer uses 4 channels per SM
Elastic buffer uses 4 channels per SM
Elastic buffer uses 4 channels per SM
CPU side received count (scaleup: 0): -110 -105 -102 -106 -108 -105 -101 -102 # -129 -129 -129 -129 -129 -129 -129 -129 
CPU side received count (scaleup: 7): -102 -107 -103 -107 -101 -104 -111 -94 # -129 -129 -129 -129 -129 -129 -129 -129 
CPU side received count (scaleup: 1): -109 -107 -116 -109 -97 -111 -93 -94 # -129 -129 -129 -129 -129 -129 -257 -129 
CPU side received count (scaleup: 3): -115 -109 -89 -120 -111 -109 -114 -87 # -129 -129 -129 -129 -129 -129 -129 -129 
CPU side received count (scaleup: 2): -108 -104 -115 -107 -97 -76 -107 -109 # -129 -129 -129 -129 -129 -129 -129 -129 
CPU side received count (scaleup: 6): -120 -114 -99 -100 -98 -78 -102 -100 # -129 -129 -129 -129 -129 -129 -129 -129 
CPU side received count (scaleup: 4): -95 -97 -102 -92 -95 -107 -94 -98 # -129 -129 -129 -129 -129 -129 -129 -129 
CPU side received count (scaleup: 5): -108 -114 -112 -103 -98 -104 -102 -97 # -257 -129 -129 -129 -129 -129 -129 -129 
Elastic buffer uses 4 channels per SM
Elastic buffer uses 4 channels per SM
Elastic buffer uses 4 channels per SM
Elastic buffer uses 4 channels per SM
Elastic buffer uses 4 channels per SM
Elastic buffer uses 4 channels per SM
Elastic buffer uses 4 channels per SM
Elastic buffer uses 4 channels per SM
CPU side received count (scaleup: 0): -110 -105 -102 -106 -108 -105 -101 -102 # -129 -129 -129 -129 -129 -129 -129 -129 
CPU side received count (scaleup: 2): -108 -104 -115 -107 -97 -76 -107 -109 # -129 -129 -129 -129 -129 -129 -129 -129 
CPU side received count (scaleup: 5): -108 -114 -112 -103 -98 -104 -102 -97 # -257 -129 -129 -129 -129 -129 -129 -129 
CPU side received count (scaleup: 3): -115 -109 -89 -120 -111 -109 -114 -87 # -129 -129 -129 -129 -129 -129 -129 -129 
CPU side received count (scaleup: 1): -109 -107 -116 -109 -97 -111 -93 -94 # -129 -129 -129 -129 -129 -129 -257 -129 
CPU side received count (scaleup: 7): -102 -107 -103 -107 -101 -104 -111 -94 # -129 -129 -129 -129 -129 -129 -129 -129 
CPU side received count (scaleup: 4): -95 -97 -102 -92 -95 -107 -94 -98 # -129 -129 -129 -129 -129 -129 -129 -129 
CPU side received count (scaleup: 6): -120 -114 -99 -100 -98 -78 -102 -100 # -129 -129 -129 -129 -129 -129 -129 -129 
Elastic buffer uses 4 channels per SM
Elastic buffer uses 4 channels per SM
Elastic buffer uses 4 channels per SM
Elastic buffer uses 4 channels per SM
Elastic buffer uses 4 channels per SM
Elastic buffer uses 4 channels per SM
Elastic buffer uses 4 channels per SM
Elastic buffer uses 4 channels per SM
CPU side received count (scaleup: 4): -95 -97 -102 -92 -95 -107 -94 -98 # -129 -129 -129 -129 -129 -129 -129 -129 
CPU side received count (scaleup: 6): -120 -114 -99 -100 -98 -78 -102 -100 # -129 -129 -129 -129 -129 -129 -129 -129 
CPU side received count (scaleup: 3): -115 -109 -89 -120 -111 -109 -114 -87 # -129 -129 -129 -129 -129 -129 -129 -129 
CPU side received count (scaleup: 5): -108 -114 -112 -103 -98 -104 -102 -97 # -257 -129 -129 -129 -129 -129 -129 -129 
CPU side received count (scaleup: 7): -102 -107 -103 -107 -101 -104 -111 -94 # -129 -129 -129 -129 -129 -129 -129 -129 
CPU side received count (scaleup: 0): -110 -105 -102 -106 -108 -105 -101 -102 # -129 -129 -129 -129 -129 -129 -129 -129 
CPU side received count (scaleup: 2): -108 -104 -115 -107 -97 -76 -107 -109 # -129 -129 -129 -129 -129 -129 -129 -129 
CPU side received count (scaleup: 1): -109 -107 -116 -109 -97 -111 -93 -94 # -129 -129 -129 -129 -129 -129 -257 -129 
Elastic buffer uses 4 channels per SM
Elastic buffer uses 4 channels per SM
Elastic buffer uses 4 channels per SM
Elastic buffer uses 4 channels per SM
Elastic buffer uses 4 channels per SM
Elastic buffer uses 4 channels per SM
Elastic buffer uses 4 channels per SM
Elastic buffer uses 4 channels per SM
CPU side received count (scaleup: 0): -110 -105 -102 -106 -108 -105 -101 -102 # -129 -129 -129 -129 -129 -129 -129 -129 
CPU side received count (scaleup: 6): -120 -114 -99 -100 -98 -78 -102 -100 # -129 -129 -129 -129 -129 -129 -129 -129 
CPU side received count (scaleup: 3): -115 -109 -89 -120 -111 -109 -114 -87 # -129 -129 -129 -129 -129 -129 -129 -129 
CPU side received count (scaleup: 2): -108 -104 -115 -107 -97 -76 -107 -109 # -129 -129 -129 -129 -129 -129 -129 -129 
CPU side received count (scaleup: 1): -109 -107 -116 -109 -97 -111 -93 -94 # -129 -129 -129 -129 -129 -129 -257 -129 
CPU side received count (scaleup: 4): -95 -97 -102 -92 -95 -107 -94 -98 # -129 -129 -129 -129 -129 -129 -129 -129 
CPU side received count (scaleup: 7): -102 -107 -103 -107 -101 -104 -111 -94 # -129 -129 -129 -129 -129 -129 -129 -129 
CPU side received count (scaleup: 5): -108 -114 -112 -103 -98 -104 -102 -97 # -257 -129 -129 -129 -129 -129 -129 -129 
Elastic buffer uses 4 channels per SM
Elastic buffer uses 4 channels per SM
Elastic buffer uses 4 channels per SM
Elastic buffer uses 4 channels per SM
Elastic buffer uses 4 channels per SM
Elastic buffer uses 4 channels per SM
Elastic buffer uses 4 channels per SM
Elastic buffer uses 4 channels per SM
CPU side received count (scaleup: 6): -120 -114 -99 -100 -98 -78 -102 -100 # -129 -129 -129 -129 -129 -129 -129 -129 
CPU side received count (scaleup: 2): -108 -104 -115 -107 -97 -76 -107 -109 # -129 -129 -129 -129 -129 -129 -129 -129 
CPU side received count (scaleup: 5): -108 -114 -112 -103 -98 -104 -102 -97 # -257 -129 -129 -129 -129 -129 -129 -129 
CPU side received count (scaleup: 4): -95 -97 -102 -92 -95 -107 -94 -98 # -129 -129 -129 -129 -129 -129 -129 -129 
CPU side received count (scaleup: 0): -110 -105 -102 -106 -108 -105 -101 -102 # -129 -129 -129 -129 -129 -129 -129 -129 
CPU side received count (scaleup: 1): -109 -107 -116 -109 -97 -111 -93 -94 # -129 -129 -129 -129 -129 -129 -257 -129 
CPU side received count (scaleup: 7): -102 -107 -103 -107 -101 -104 -111 -94 # -129 -129 -129 -129 -129 -129 -129 -129 
CPU side received count (scaleup: 3): -115 -109 -89 -120 -111 -109 -114 -87 # -129 -129 -129 -129 -129 -129 -129 -129 
USDT:2026-08-25 02:36:06 434:434 SyncActivityProfilerHandler.cpp:59] profiler_stop
USDT:2026-08-25 02:36:06 436:436 SyncActivityProfilerHandler.cpp:59] profiler_stopUSDT:2026-08-25 02:36:06 431:431 SyncActivityProfilerHandler.cpp:59] profiler_stop
USDT:2026-08-25 02:36:06 437:437 SyncActivityProfilerHandler.cpp:59] profiler_stop
USDT:2026-08-25 02:36:06 430:430 SyncActivityProfilerHandler.cpp:59] profiler_stopUSDT:2026-08-25 02:36:06 433:433 SyncActivityProfilerHandler.cpp:59] profiler_stopUSDT:2026-08-25 02:36:06 432:432 SyncActivityProfilerHandler.cpp:59] profiler_stop

USDT:2026-08-25 02:36:06 435:435 SyncActivityProfilerHandler.cpp:59] profiler_stop


   - EP:  15/32 | expanded dispatch: 4 GB/s (SO), 8 GB/s (SU), 783.985 us, 6147648 bytes | copy: 75 GB/s, 183.305 us
   - EP:   8/32 | expanded dispatch: 4 GB/s (SO), 8 GB/s (SU), 784.018 us, 6222528 bytes | copy: 96 GB/s, 144.935 us
   - EP:  12/32 | expanded dispatch: 4 GB/s (SO), 7 GB/s (SU), 784.008 us, 5780736 bytes | copy: 73 GB/s, 180.736 us
   - EP:   9/32 | expanded dispatch: 4 GB/s (SO), 8 GB/s (SU), 783.967 us, 6200064 bytes | copy: 107 GB/s, 137.840 us
   - EP:  14/32 | expanded dispatch: 4 GB/s (SO), 8 GB/s (SU), 783.644 us, 6012864 bytes | copy: 2522 GB/s, 5.420 us
   - EP:  13/32 | expanded dispatch: 4 GB/s (SO), 8 GB/s (SU), 784.126 us, 6215040 bytes | copy: 93 GB/s, 159.758 us
   - EP:  11/32 | expanded dispatch: 4 GB/s (SO), 8 GB/s (SU), 784.041 us, 6334848 bytes | copy: 80 GB/s, 174.606 us
   - EP:  10/32 | expanded dispatch: 4 GB/s (SO), 8 GB/s (SU), 783.955 us, 6102720 bytes | copy: 85 GB/s, 161.277 us
Elastic buffer uses 4 channels per SM
Elastic buffer uses 4 channels per SM
Elastic buffer uses 4 channels per SM
Elastic buffer uses 4 channels per SM
Elastic buffer uses 4 channels per SM
Elastic buffer uses 4 channels per SM
Elastic buffer uses 4 channels per SM
Elastic buffer uses 4 channels per SM
Elastic buffer uses 4 channels per SM
Elastic buffer uses 4 channels per SM
Elastic buffer uses 4 channels per SM
Elastic buffer uses 4 channels per SM
Elastic buffer uses 4 channels per SM
Elastic buffer uses 4 channels per SM
Elastic buffer uses 4 channels per SM
Elastic buffer uses 4 channels per SM
Elastic buffer uses 4 channels per SM
Elastic buffer uses 4 channels per SM
Elastic buffer uses 4 channels per SM
Elastic buffer uses 4 channels per SM
Elastic buffer uses 4 channels per SM
Elastic buffer uses 4 channels per SM
Elastic buffer uses 4 channels per SM
Elastic buffer uses 4 channels per SM
Elastic buffer uses 4 channels per SM
Elastic buffer uses 4 channels per SM
Elastic buffer uses 4 channels per SM
Elastic buffer uses 4 channels per SM
Elastic buffer uses 4 channels per SM
Elastic buffer uses 4 channels per SM
Elastic buffer uses 4 channels per SM
Elastic buffer uses 4 channels per SM
Elastic buffer uses 4 channels per SM
Elastic buffer uses 4 channels per SM
Elastic buffer uses 4 channels per SM
Elastic buffer uses 4 channels per SM
Elastic buffer uses 4 channels per SM
Elastic buffer uses 4 channels per SM
Elastic buffer uses 4 channels per SM
Elastic buffer uses 4 channels per SM
Elastic buffer uses 4 channels per SM
Elastic buffer uses 4 channels per SM
Elastic buffer uses 4 channels per SM
Elastic buffer uses 4 channels per SM
Elastic buffer uses 4 channels per SM
Elastic buffer uses 4 channels per SM
Elastic buffer uses 4 channels per SM
Elastic buffer uses 4 channels per SM
Elastic buffer uses 4 channels per SM
Elastic buffer uses 4 channels per SM
Elastic buffer uses 4 channels per SM
Elastic buffer uses 4 channels per SM
Elastic buffer uses 4 channels per SM
Elastic buffer uses 4 channels per SM
Elastic buffer uses 4 channels per SM
Elastic buffer uses 4 channels per SM
Elastic buffer uses 4 channels per SM
Elastic buffer uses 4 channels per SM
Elastic buffer uses 4 channels per SM
Elastic buffer uses 4 channels per SM
Elastic buffer uses 4 channels per SM
Elastic buffer uses 4 channels per SM
Elastic buffer uses 4 channels per SM
Elastic buffer uses 4 channels per SM
Elastic buffer uses 4 channels per SM
Elastic buffer uses 4 channels per SM
Elastic buffer uses 4 channels per SM
Elastic buffer uses 4 channels per SM
Elastic buffer uses 4 channels per SM
Elastic buffer uses 4 channels per SM
Elastic buffer uses 4 channels per SM
Elastic buffer uses 4 channels per SM
Elastic buffer uses 4 channels per SM
Elastic buffer uses 4 channels per SM
Elastic buffer uses 4 channels per SM
Elastic buffer uses 4 channels per SM
Elastic buffer uses 4 channels per SM
Elastic buffer uses 4 channels per SM
Elastic buffer uses 4 channels per SM
Elastic buffer uses 4 channels per SM
Elastic buffer uses 4 channels per SM
Elastic buffer uses 4 channels per SM
Elastic buffer uses 4 channels per SM
Elastic buffer uses 4 channels per SM
Elastic buffer uses 4 channels per SM
Elastic buffer uses 4 channels per SM
Elastic buffer uses 4 channels per SM
Elastic buffer uses 4 channels per SM
Elastic buffer uses 4 channels per SM
Elastic buffer uses 4 channels per SM
Elastic buffer uses 4 channels per SM
Elastic buffer uses 4 channels per SM
Elastic buffer uses 4 channels per SM
Elastic buffer uses 4 channels per SM
Elastic buffer uses 4 channels per SM
Elastic buffer uses 4 channels per SM
Elastic buffer uses 4 channels per SM
Elastic buffer uses 4 channels per SM
Elastic buffer uses 4 channels per SM
Elastic buffer uses 4 channels per SM
Elastic buffer uses 4 channels per SM
Elastic buffer uses 4 channels per SM
Elastic buffer uses 4 channels per SM
Elastic buffer uses 4 channels per SM
Elastic buffer uses 4 channels per SM
Elastic buffer uses 4 channels per SM
Elastic buffer uses 4 channels per SM
Elastic buffer uses 4 channels per SM
Elastic buffer uses 4 channels per SM
Elastic buffer uses 4 channels per SM
Elastic buffer uses 4 channels per SM
Elastic buffer uses 4 channels per SM
Elastic buffer uses 4 channels per SM
Elastic buffer uses 4 channels per SM
Elastic buffer uses 4 channels per SM
Elastic buffer uses 4 channels per SM
Elastic buffer uses 4 channels per SM
Elastic buffer uses 4 channels per SM
Elastic buffer uses 4 channels per SM
Elastic buffer uses 4 channels per SM
Elastic buffer uses 4 channels per SM
Elastic buffer uses 4 channels per SM
Elastic buffer uses 4 channels per SM
Elastic buffer uses 4 channels per SM
Elastic buffer uses 4 channels per SM
Elastic buffer uses 4 channels per SM
Elastic buffer uses 4 channels per SM
Elastic buffer uses 4 channels per SM
Elastic buffer uses 4 channels per SM
Elastic buffer uses 4 channels per SM
Elastic buffer uses 4 channels per SM
Elastic buffer uses 4 channels per SM
Elastic buffer uses 4 channels per SM
Elastic buffer uses 4 channels per SM
Elastic buffer uses 4 channels per SM
Elastic buffer uses 4 channels per SM
Elastic buffer uses 4 channels per SM
Elastic buffer uses 4 channels per SM
Elastic buffer uses 4 channels per SM
Elastic buffer uses 4 channels per SM
Elastic buffer uses 4 channels per SM
Elastic buffer uses 4 channels per SM
Elastic buffer uses 4 channels per SM
Elastic buffer uses 4 channels per SM
Elastic buffer uses 4 channels per SM
Elastic buffer uses 4 channels per SM
Elastic buffer uses 4 channels per SM
Elastic buffer uses 4 channels per SM
Elastic buffer uses 4 channels per SM
Elastic buffer uses 4 channels per SM
Elastic buffer uses 4 channels per SM
Elastic buffer uses 4 channels per SM
Elastic buffer uses 4 channels per SM
Elastic buffer uses 4 channels per SM
Elastic buffer uses 4 channels per SM
Elastic buffer uses 4 channels per SM
Elastic buffer uses 4 channels per SM
Elastic buffer uses 4 channels per SM
Elastic buffer uses 4 channels per SM
Elastic buffer uses 4 channels per SM
Elastic buffer uses 4 channels per SM
Elastic buffer uses 4 channels per SM
Elastic buffer uses 4 channels per SM
Elastic buffer uses 4 channels per SM
Elastic buffer uses 4 channels per SM
Elastic buffer uses 4 channels per SM
Elastic buffer uses 4 channels per SM
Elastic buffer uses 4 channels per SM
Elastic buffer uses 4 channels per SM
Elastic buffer uses 4 channels per SM
Elastic buffer uses 4 channels per SM
Elastic buffer uses 4 channels per SM
Elastic buffer uses 4 channels per SM
Elastic buffer uses 4 channels per SM
Elastic buffer uses 4 channels per SM
Elastic buffer uses 4 channels per SM
Elastic buffer uses 4 channels per SM
Elastic buffer uses 4 channels per SM
Elastic buffer uses 4 channels per SM
Elastic buffer uses 4 channels per SM
Elastic buffer uses 4 channels per SM
Elastic buffer uses 4 channels per SM
Elastic buffer uses 4 channels per SM
Elastic buffer uses 4 channels per SM
Elastic buffer uses 4 channels per SM
Elastic buffer uses 4 channels per SM
Elastic buffer uses 4 channels per SM
Elastic buffer uses 4 channels per SM
Elastic buffer uses 4 channels per SM
Elastic buffer uses 4 channels per SM
Elastic buffer uses 4 channels per SM
Elastic buffer uses 4 channels per SM
Elastic buffer uses 4 channels per SM
Elastic buffer uses 4 channels per SM
Elastic buffer uses 4 channels per SM
Elastic buffer uses 4 channels per SM
Elastic buffer uses 4 channels per SM
Elastic buffer uses 4 channels per SM
Elastic buffer uses 4 channels per SM
Elastic buffer uses 4 channels per SM
Elastic buffer uses 4 channels per SM
Elastic buffer uses 4 channels per SM
Elastic buffer uses 4 channels per SM
Elastic buffer uses 4 channels per SM
Elastic buffer uses 4 channels per SM
Elastic buffer uses 4 channels per SM
Elastic buffer uses 4 channels per SM
Elastic buffer uses 4 channels per SM
Elastic buffer uses 4 channels per SM
Elastic buffer uses 4 channels per SM
Elastic buffer uses 4 channels per SM
Elastic buffer uses 4 channels per SM
Elastic buffer uses 4 channels per SM
Elastic buffer uses 4 channels per SM
Elastic buffer uses 4 channels per SM
Elastic buffer uses 4 channels per SM
Elastic buffer uses 4 channels per SM
Elastic buffer uses 4 channels per SM
Elastic buffer uses 4 channels per SM
Elastic buffer uses 4 channels per SM
Elastic buffer uses 4 channels per SM
Elastic buffer uses 4 channels per SM
Elastic buffer uses 4 channels per SM
Elastic buffer uses 4 channels per SM
Elastic buffer uses 4 channels per SM
Elastic buffer uses 4 channels per SM
Elastic buffer uses 4 channels per SM
Elastic buffer uses 4 channels per SM
Elastic buffer uses 4 channels per SM
Elastic buffer uses 4 channels per SM
Elastic buffer uses 4 channels per SM
Elastic buffer uses 4 channels per SM
Elastic buffer uses 4 channels per SM
Elastic buffer uses 4 channels per SM
Elastic buffer uses 4 channels per SM
Elastic buffer uses 4 channels per SM
Elastic buffer uses 4 channels per SM
Elastic buffer uses 4 channels per SM
Elastic buffer uses 4 channels per SM
Elastic buffer uses 4 channels per SM
Elastic buffer uses 4 channels per SM
Elastic buffer uses 4 channels per SM
Elastic buffer uses 4 channels per SM
Elastic buffer uses 4 channels per SM
Elastic buffer uses 4 channels per SM
Elastic buffer uses 4 channels per SM
Elastic buffer uses 4 channels per SM
Elastic buffer uses 4 channels per SM
USDT:2026-08-25 02:36:07 437:437 SyncActivityProfilerHandler.cpp:52] profiler_startUSDT:2026-08-25 02:36:07 435:435 SyncActivityProfilerHandler.cpp:52] profiler_startUSDT:2026-08-25 02:36:07 430:430 SyncActivityProfilerHandler.cpp:52] profiler_startUSDT:2026-08-25 02:36:07 432:432 SyncActivityProfilerHandler.cpp:52] profiler_startUSDT:2026-08-25 02:36:07 431:431 SyncActivityProfilerHandler.cpp:52] profiler_startUSDT:2026-08-25 02:36:07 433:433 SyncActivityProfilerHandler.cpp:52] profiler_startUSDT:2026-08-25 02:36:07 434:434 SyncActivityProfilerHandler.cpp:52] profiler_startUSDT:2026-08-25 02:36:07 436:436 SyncActivityProfilerHandler.cpp:52] profiler_start







Elastic buffer uses 4 channels per SM
Elastic buffer uses 4 channels per SM
Elastic buffer uses 4 channels per SM
Elastic buffer uses 4 channels per SM
Elastic buffer uses 4 channels per SM
Elastic buffer uses 4 channels per SM
Elastic buffer uses 4 channels per SM
Elastic buffer uses 4 channels per SM
Elastic buffer uses 4 channels per SM
Elastic buffer uses 4 channels per SM
Elastic buffer uses 4 channels per SM
Elastic buffer uses 4 channels per SM
Elastic buffer uses 4 channels per SM
Elastic buffer uses 4 channels per SM
Elastic buffer uses 4 channels per SM
Elastic buffer uses 4 channels per SM
Elastic buffer uses 4 channels per SM
Elastic buffer uses 4 channels per SM
Elastic buffer uses 4 channels per SM
Elastic buffer uses 4 channels per SM
Elastic buffer uses 4 channels per SM
Elastic buffer uses 4 channels per SM
Elastic buffer uses 4 channels per SM
Elastic buffer uses 4 channels per SM
Elastic buffer uses 4 channels per SM
Elastic buffer uses 4 channels per SM
Elastic buffer uses 4 channels per SM
Elastic buffer uses 4 channels per SM
Elastic buffer uses 4 channels per SM
Elastic buffer uses 4 channels per SM
Elastic buffer uses 4 channels per SM
Elastic buffer uses 4 channels per SM
Elastic buffer uses 4 channels per SM
Elastic buffer uses 4 channels per SM
Elastic buffer uses 4 channels per SM
Elastic buffer uses 4 channels per SM
Elastic buffer uses 4 channels per SM
Elastic buffer uses 4 channels per SM
Elastic buffer uses 4 channels per SM
Elastic buffer uses 4 channels per SM
Elastic buffer uses 4 channels per SM
Elastic buffer uses 4 channels per SM
Elastic buffer uses 4 channels per SM
Elastic buffer uses 4 channels per SM
Elastic buffer uses 4 channels per SM
Elastic buffer uses 4 channels per SM
Elastic buffer uses 4 channels per SM
Elastic buffer uses 4 channels per SM
Elastic buffer uses 4 channels per SM
Elastic buffer uses 4 channels per SM
Elastic buffer uses 4 channels per SM
Elastic buffer uses 4 channels per SM
Elastic buffer uses 4 channels per SM
Elastic buffer uses 4 channels per SM
Elastic buffer uses 4 channels per SM
Elastic buffer uses 4 channels per SM
Elastic buffer uses 4 channels per SM
Elastic buffer uses 4 channels per SM
Elastic buffer uses 4 channels per SM
Elastic buffer uses 4 channels per SM
Elastic buffer uses 4 channels per SM
Elastic buffer uses 4 channels per SM
Elastic buffer uses 4 channels per SM
Elastic buffer uses 4 channels per SM
Elastic buffer uses 4 channels per SM
Elastic buffer uses 4 channels per SM
Elastic buffer uses 4 channels per SM
Elastic buffer uses 4 channels per SM
Elastic buffer uses 4 channels per SM
Elastic buffer uses 4 channels per SM
Elastic buffer uses 4 channels per SM
Elastic buffer uses 4 channels per SM
Elastic buffer uses 4 channels per SM
Elastic buffer uses 4 channels per SM
Elastic buffer uses 4 channels per SM
Elastic buffer uses 4 channels per SM
Elastic buffer uses 4 channels per SM
Elastic buffer uses 4 channels per SM
Elastic buffer uses 4 channels per SM
Elastic buffer uses 4 channels per SM
Elastic buffer uses 4 channels per SM
Elastic buffer uses 4 channels per SM
Elastic buffer uses 4 channels per SM
Elastic buffer uses 4 channels per SM
Elastic buffer uses 4 channels per SM
Elastic buffer uses 4 channels per SM
Elastic buffer uses 4 channels per SM
Elastic buffer uses 4 channels per SM
Elastic buffer uses 4 channels per SM
Elastic buffer uses 4 channels per SM
Elastic buffer uses 4 channels per SM
Elastic buffer uses 4 channels per SM
Elastic buffer uses 4 channels per SM
Elastic buffer uses 4 channels per SM
Elastic buffer uses 4 channels per SM
Elastic buffer uses 4 channels per SM
Elastic buffer uses 4 channels per SM
Elastic buffer uses 4 channels per SM
Elastic buffer uses 4 channels per SM
Elastic buffer uses 4 channels per SM
Elastic buffer uses 4 channels per SM
Elastic buffer uses 4 channels per SM
Elastic buffer uses 4 channels per SM
Elastic buffer uses 4 channels per SM
Elastic buffer uses 4 channels per SM
Elastic buffer uses 4 channels per SM
Elastic buffer uses 4 channels per SM
Elastic buffer uses 4 channels per SM
Elastic buffer uses 4 channels per SM
Elastic buffer uses 4 channels per SM
Elastic buffer uses 4 channels per SM
Elastic buffer uses 4 channels per SM
Elastic buffer uses 4 channels per SM
Elastic buffer uses 4 channels per SM
Elastic buffer uses 4 channels per SM
Elastic buffer uses 4 channels per SM
Elastic buffer uses 4 channels per SM
Elastic buffer uses 4 channels per SM
Elastic buffer uses 4 channels per SM
Elastic buffer uses 4 channels per SM
Elastic buffer uses 4 channels per SM
Elastic buffer uses 4 channels per SM
Elastic buffer uses 4 channels per SM
Elastic buffer uses 4 channels per SM
Elastic buffer uses 4 channels per SM
Elastic buffer uses 4 channels per SM
Elastic buffer uses 4 channels per SM
Elastic buffer uses 4 channels per SM
Elastic buffer uses 4 channels per SM
Elastic buffer uses 4 channels per SM
Elastic buffer uses 4 channels per SM
Elastic buffer uses 4 channels per SM
Elastic buffer uses 4 channels per SM
Elastic buffer uses 4 channels per SM
Elastic buffer uses 4 channels per SM
Elastic buffer uses 4 channels per SM
Elastic buffer uses 4 channels per SM
Elastic buffer uses 4 channels per SM
Elastic buffer uses 4 channels per SM
Elastic buffer uses 4 channels per SM
Elastic buffer uses 4 channels per SM
Elastic buffer uses 4 channels per SM
Elastic buffer uses 4 channels per SM
Elastic buffer uses 4 channels per SM
Elastic buffer uses 4 channels per SM
Elastic buffer uses 4 channels per SM
Elastic buffer uses 4 channels per SM
Elastic buffer uses 4 channels per SM
Elastic buffer uses 4 channels per SM
Elastic buffer uses 4 channels per SM
Elastic buffer uses 4 channels per SM
Elastic buffer uses 4 channels per SM
Elastic buffer uses 4 channels per SM
Elastic buffer uses 4 channels per SM
Elastic buffer uses 4 channels per SM
Elastic buffer uses 4 channels per SM
Elastic buffer uses 4 channels per SM
Elastic buffer uses 4 channels per SM
Elastic buffer uses 4 channels per SM
Elastic buffer uses 4 channels per SM
Elastic buffer uses 4 channels per SM
Elastic buffer uses 4 channels per SM
Elastic buffer uses 4 channels per SM
Elastic buffer uses 4 channels per SM
Elastic buffer uses 4 channels per SM
Elastic buffer uses 4 channels per SM
Elastic buffer uses 4 channels per SM
Elastic buffer uses 4 channels per SM
Elastic buffer uses 4 channels per SM
Elastic buffer uses 4 channels per SM
Elastic buffer uses 4 channels per SM
Elastic buffer uses 4 channels per SM
Elastic buffer uses 4 channels per SM
Elastic buffer uses 4 channels per SM
Elastic buffer uses 4 channels per SM
Elastic buffer uses 4 channels per SM
Elastic buffer uses 4 channels per SM
Elastic buffer uses 4 channels per SM
Elastic buffer uses 4 channels per SM
Elastic buffer uses 4 channels per SM
Elastic buffer uses 4 channels per SM
Elastic buffer uses 4 channels per SM
Elastic buffer uses 4 channels per SM
Elastic buffer uses 4 channels per SM
Elastic buffer uses 4 channels per SM
Elastic buffer uses 4 channels per SM
Elastic buffer uses 4 channels per SM
Elastic buffer uses 4 channels per SM
Elastic buffer uses 4 channels per SM
Elastic buffer uses 4 channels per SM
Elastic buffer uses 4 channels per SM
Elastic buffer uses 4 channels per SM
Elastic buffer uses 4 channels per SM
Elastic buffer uses 4 channels per SM
Elastic buffer uses 4 channels per SM
Elastic buffer uses 4 channels per SM
Elastic buffer uses 4 channels per SM
Elastic buffer uses 4 channels per SM
Elastic buffer uses 4 channels per SM
Elastic buffer uses 4 channels per SM
Elastic buffer uses 4 channels per SM
Elastic buffer uses 4 channels per SM
Elastic buffer uses 4 channels per SM
Elastic buffer uses 4 channels per SM
Elastic buffer uses 4 channels per SM
Elastic buffer uses 4 channels per SM
Elastic buffer uses 4 channels per SM
Elastic buffer uses 4 channels per SM
Elastic buffer uses 4 channels per SM
Elastic buffer uses 4 channels per SM
Elastic buffer uses 4 channels per SM
Elastic buffer uses 4 channels per SM
Elastic buffer uses 4 channels per SM
Elastic buffer uses 4 channels per SM
Elastic buffer uses 4 channels per SM
Elastic buffer uses 4 channels per SM
Elastic buffer uses 4 channels per SM
Elastic buffer uses 4 channels per SM
Elastic buffer uses 4 channels per SM
Elastic buffer uses 4 channels per SM
Elastic buffer uses 4 channels per SM
Elastic buffer uses 4 channels per SM
Elastic buffer uses 4 channels per SM
Elastic buffer uses 4 channels per SM
Elastic buffer uses 4 channels per SM
Elastic buffer uses 4 channels per SM
Elastic buffer uses 4 channels per SM
Elastic buffer uses 4 channels per SM
Elastic buffer uses 4 channels per SM
Elastic buffer uses 4 channels per SM
Elastic buffer uses 4 channels per SM
Elastic buffer uses 4 channels per SM
Elastic buffer uses 4 channels per SM
Elastic buffer uses 4 channels per SM
Elastic buffer uses 4 channels per SM
Elastic buffer uses 4 channels per SM
Elastic buffer uses 4 channels per SM
Elastic buffer uses 4 channels per SM
Elastic buffer uses 4 channels per SM
Elastic buffer uses 4 channels per SM
USDT:2026-08-25 02:36:07 434:434 SyncActivityProfilerHandler.cpp:59] profiler_stopUSDT:2026-08-25 02:36:07 432:432 SyncActivityProfilerHandler.cpp:59] profiler_stopUSDT:2026-08-25 02:36:07 430:430 SyncActivityProfilerHandler.cpp:59] profiler_stopUSDT:2026-08-25 02:36:07 431:431 SyncActivityProfilerHandler.cpp:59] profiler_stopUSDT:2026-08-25 02:36:07 433:433 SyncActivityProfilerHandler.cpp:59] profiler_stop



USDT:2026-08-25 02:36:07 436:436 SyncActivityProfilerHandler.cpp:59] profiler_stop

USDT:2026-08-25 02:36:07 435:435 SyncActivityProfilerHandler.cpp:59] profiler_stopUSDT:2026-08-25 02:36:07 437:437 SyncActivityProfilerHandler.cpp:59] profiler_stop

   # EP:  13/32 | cached dispatch: 4 GB/s (SO), 8 GB/s (SU), 775.208 us, 6215040 bytes | copy: 78 GB/s, 160.303 us
   # EP:  15/32 | cached dispatch: 4 GB/s (SO), 8 GB/s (SU), 775.256 us, 6147648 bytes | copy: 68 GB/s, 180.168 us
   # EP:   8/32 | cached dispatch: 4 GB/s (SO), 8 GB/s (SU), 775.069 us, 6222528 bytes | copy: 91 GB/s, 136.583 us
   # EP:  11/32 | cached dispatch: 4 GB/s (SO), 8 GB/s (SU), 775.154 us, 6334848 bytes | copy: 73 GB/s, 172.553 us
   # EP:  10/32 | cached dispatch: 4 GB/s (SO), 8 GB/s (SU), 775.104 us, 6102720 bytes | copy: 78 GB/s, 156.965 us
   # EP:  14/32 | cached dispatch: 4 GB/s (SO), 8 GB/s (SU), 774.704 us, 6012864 bytes | copy: 2602 GB/s, 4.622 us
   # EP:  12/32 | cached dispatch: 4 GB/s (SO), 7 GB/s (SU), 775.080 us, 5780736 bytes | copy: 64 GB/s, 179.569 us
   # EP:   9/32 | cached dispatch: 4 GB/s (SO), 8 GB/s (SU), 775.156 us, 6200064 bytes | copy: 96 GB/s, 129.809 us
USDT:2026-08-25 02:36:07 432:432 SyncActivityProfilerHandler.cpp:52] profiler_start
USDT:2026-08-25 02:36:07 435:435 SyncActivityProfilerHandler.cpp:52] profiler_start
USDT:2026-08-25 02:36:07 430:430 SyncActivityProfilerHandler.cpp:52] profiler_startUSDT:2026-08-25 02:36:07 433:433 SyncActivityProfilerHandler.cpp:52] profiler_start
USDT:2026-08-25 02:36:07 436:436 SyncActivityProfilerHandler.cpp:52] profiler_start

USDT:2026-08-25 02:36:07 431:431 SyncActivityProfilerHandler.cpp:52] profiler_startUSDT:2026-08-25 02:36:07 437:437 SyncActivityProfilerHandler.cpp:52] profiler_start

USDT:2026-08-25 02:36:07 434:434 SyncActivityProfilerHandler.cpp:52] profiler_start
USDT:2026-08-25 02:36:08 437:437 SyncActivityProfilerHandler.cpp:59] profiler_stop
USDT:2026-08-25 02:36:08 432:432 SyncActivityProfilerHandler.cpp:59] profiler_stopUSDT:2026-08-25 02:36:08 433:433 SyncActivityProfilerHandler.cpp:59] profiler_stopUSDT:2026-08-25 02:36:08 434:434 SyncActivityProfilerHandler.cpp:59] profiler_stop

USDT:2026-08-25 02:36:08 435:435 SyncActivityProfilerHandler.cpp:59] profiler_stop
USDT:2026-08-25 02:36:08 431:431 SyncActivityProfilerHandler.cpp:59] profiler_stopUSDT:2026-08-25 02:36:08 436:436 SyncActivityProfilerHandler.cpp:59] profiler_stop


USDT:2026-08-25 02:36:08 430:430 SyncActivityProfilerHandler.cpp:59] profiler_stop
   @ EP:  10/32 | combine: 21 GB/s (SO), 40 GB/s (SU), 294.148 us, 11709920 bytes | reduce: 1059 GB/s, 7.343 us
   @ EP:  15/32 | combine: 20 GB/s (SO), 41 GB/s (SU), 291.066 us, 11796128 bytes | reduce: 1074 GB/s, 6.823 us
   @ EP:  13/32 | combine: 20 GB/s (SO), 41 GB/s (SU), 293.777 us, 11925440 bytes | reduce: 954 GB/s, 7.965 us   @ EP:  12/32 | combine: 20 GB/s (SO), 37 GB/s (SU), 299.993 us, 11092096 bytes | reduce: 1095 GB/s, 7.100 us

   @ EP:   8/32 | combine: 21 GB/s (SO), 39 GB/s (SU), 304.563 us, 11939808 bytes | reduce: 1158 GB/s, 6.948 us
   @ EP:  14/32 | combine: 19 GB/s (SO), 38 GB/s (SU), 302.888 us, 11537504 bytes | reduce: 946 GB/s, 7.929 us
   @ EP:  11/32 | combine: 20 GB/s (SO), 41 GB/s (SU), 300.131 us, 12155328 bytes | reduce: 1000 GB/s, 7.820 us
   @ EP:   9/32 | combine: 21 GB/s (SO), 39 GB/s (SU), 302.538 us, 11896704 bytes | reduce: 1015 GB/s, 7.814 us
USDT:2026-08-25 02:36:08 435:435 SyncActivityProfilerHandler.cpp:52] profiler_startUSDT:2026-08-25 02:36:08 432:432 SyncActivityProfilerHandler.cpp:52] profiler_start

USDT:2026-08-25 02:36:08 437:437 SyncActivityProfilerHandler.cpp:52] profiler_startUSDT:2026-08-25 02:36:08 434:434 SyncActivityProfilerHandler.cpp:52] profiler_start

USDT:2026-08-25 02:36:08 433:433 SyncActivityProfilerHandler.cpp:52] profiler_start
USDT:2026-08-25 02:36:08 436:436 SyncActivityProfilerHandler.cpp:52] profiler_startUSDT:2026-08-25 02:36:08 430:430 SyncActivityProfilerHandler.cpp:52] profiler_startUSDT:2026-08-25 02:36:08 431:431 SyncActivityProfilerHandler.cpp:52] profiler_start


USDT:2026-08-25 02:36:09 437:437 SyncActivityProfilerHandler.cpp:59] profiler_stopUSDT:2026-08-25 02:36:09 430:430 SyncActivityProfilerHandler.cpp:59] profiler_stopUSDT:2026-08-25 02:36:09 433:433 SyncActivityProfilerHandler.cpp:59] profiler_stop


USDT:2026-08-25 02:36:09 436:436 SyncActivityProfilerHandler.cpp:59] profiler_stopUSDT:2026-08-25 02:36:09 431:431 SyncActivityProfilerHandler.cpp:59] profiler_stopUSDT:2026-08-25 02:36:09 434:434 SyncActivityProfilerHandler.cpp:59] profiler_stop


USDT:2026-08-25 02:36:09 435:435 SyncActivityProfilerHandler.cpp:59] profiler_stop
USDT:2026-08-25 02:36:09 432:432 SyncActivityProfilerHandler.cpp:59] profiler_stop
   + EP:  15/32 | reduced combine: 19 GB/s (SO), 38 GB/s (SU), 306.616 us, 11796128 bytes | reduce: 1090 GB/s, 6.724 us
   + EP:   8/32 | reduced combine: 20 GB/s (SO), 37 GB/s (SU), 319.575 us, 11939808 bytes | reduce: 1149 GB/s, 7.001 us
   + EP:  13/32 | reduced combine: 19 GB/s (SO), 38 GB/s (SU), 310.504 us, 11925440 bytes | reduce: 1012 GB/s, 7.508 us
   + EP:  14/32 | reduced combine: 18 GB/s (SO), 36 GB/s (SU), 320.365 us, 11537504 bytes | reduce: 956 GB/s, 7.844 us
   + EP:  12/32 | reduced combine: 19 GB/s (SO), 35 GB/s (SU), 316.643 us, 11092096 bytes | reduce: 1058 GB/s, 7.347 us   + EP:  11/32 | reduced combine: 19 GB/s (SO), 38 GB/s (SU), 315.890 us, 12155328 bytes | reduce: 1016 GB/s, 7.693 us

   + EP:   9/32 | reduced combine: 19 GB/s (SO), 37 GB/s (SU), 321.414 us, 11896704 bytes | reduce: 1020 GB/s, 7.777 us
   + EP:  10/32 | reduced combine: 19 GB/s (SO), 37 GB/s (SU), 314.664 us, 11709920 bytes | reduce: 992 GB/s, 7.833 us

Elastic buffer uses 4 channels per SM
Elastic buffer uses 4 channels per SM
Elastic buffer uses 4 channels per SM
Elastic buffer uses 4 channels per SM
Elastic buffer uses 4 channels per SM
Elastic buffer uses 4 channels per SM
Elastic buffer uses 4 channels per SM
Elastic buffer uses 4 channels per SM
CPU side received count (scaleup: 0): -110 -105 -102 -106 -108 -105 -101 -102 # -129 -129 -129 -129 -129 -129 -129 -129 
CPU side received count (scaleup: 2): -108 -104 -115 -107 -97 -76 -107 -109 # -129 -129 -129 -129 -129 -129 -129 -129 
CPU side received count (scaleup: 7): -102 -107 -103 -107 -101 -104 -111 -94 # -129 -129 -129 -129 -129 -129 -129 -129 
CPU side received count (scaleup: 1): -109 -107 -116 -109 -97 -111 -93 -94 # -129 -129 -129 -129 -129 -129 -257 -129 
CPU side received count (scaleup: 3): -115 -109 -89 -120 -111 -109 -114 -87 # -129 -129 -129 -129 -129 -129 -129 -129 
CPU side received count (scaleup: 4): -95 -97 -102 -92 -95 -107 -94 -98 # -129 -129 -129 -129 -129 -129 -129 -129 
CPU side received count (scaleup: 5): -108 -114 -112 -103 -98 -104 -102 -97 # -257 -129 -129 -129 -129 -129 -129 -129 
CPU side received count (scaleup: 6): -120 -114 -99 -100 -98 -78 -102 -100 # -129 -129 -129 -129 -129 -129 -129 -129 

