=== EP_NIC_NAME=rdmap110s0 (auto, 200 Gb/s) ===
+ docker run --rm --gpus all --privileged --network=host --ipc=host --ulimit memlock=-1 --ulimit stack=67108864 --device=/dev/infiniband --device=/dev/gdrdrv -v /sys/class/infiniband:/sys/class/infiniband:ro -e MASTER_ADDR=172.31.20.74 -e MASTER_PORT=29592 -e WORLD_SIZE=4 -e RANK=1 -e NCCL_DEBUG=WARN -e EP_NIC_NAME=rdmap110s0 -e EP_BUFFER_DEBUG=1 -e PYTHONUNBUFFERED=1 -e PYTHONFAULTHANDLER=1 deepep-v2-efa-official:dev bash -lc 'timeout -s ABRT --kill-after=60 1500     python3 -u /opt/DeepEP/tests/elastic/test_ep.py     --num-processes=8 --num-tokens=8192     --hidden=7168 --num-topk=8 --num-experts=256     --num-sms=12 --allow-hybrid-mode=1     --prefer-overlap-with-compute=0 --test-first-only      '

==========
== CUDA ==
==========

CUDA Version 13.0.2

Container image Copyright (c) 2016-2023, NVIDIA CORPORATION & AFFILIATES. All rights reserved.

This container image and its contents are governed by the NVIDIA Deep Learning Container License.
By pulling and using the container, you accept the terms and conditions of this license:
https://developer.nvidia.com/ngc/nvidia-deep-learning-container-license

A copy of this license is made available in this container at /NGC-DL-CONTAINER-LICENSE for your convenience.

DeepEP hybrid kernel selection: unordered
DeepEP hybrid kernel selection: unordered
Initializing EP elastic buffer with 5440012288 bytes (cpu: 0) at rank EP 9/32
DeepEP hybrid kernel selection: unordered
Initializing EP elastic buffer with 5440012288 bytes (cpu: 0) at rank EP 12/32
DeepEP hybrid kernel selection: unordered
Initializing EP elastic buffer with 5440012288 bytes (cpu: 0) at rank EP 11/32
DeepEP hybrid kernel selection: unordered
Initializing EP elastic buffer with 5440012288 bytes (cpu: 0) at rank EP 14/32
DeepEP hybrid kernel selection: unordered
Initializing EP elastic buffer with 5440012288 bytes (cpu: 0) at rank EP 10/32DeepEP hybrid kernel selection: unordered

Initializing EP elastic buffer with 5440012288 bytes (cpu: 0) at rank EP 13/32Initializing EP elastic buffer with 5440012288 bytes (cpu: 0) at rank EP 8/32

DeepEP initialized with NCCL version: 2.31.2 (loaded library)
DeepEP initialized with NCCL version: 2.31.2 (loaded library)
EP NCCL device communicator has 0 allocated QPs
EP NCCL device communicator has 0 allocated QPs
DeepEP hybrid kernel selection: unordered
DeepEP hybrid kernel selection: unordered
GIN layout: gin_context_cnt=11, gin_indexed_signals_cnt=21, num_qp=11
GIN layout: gin_context_cnt=11, gin_indexed_signals_cnt=21, num_qp=11
DeepEP initialized with NCCL version: 2.31.2 (loaded library)
EP NCCL device communicator has 0 allocated QPs
DeepEP hybrid kernel selection: unordered
GIN layout: gin_context_cnt=11, gin_indexed_signals_cnt=21, num_qp=11
DeepEP initialized with NCCL version: 2.31.2 (loaded library)
EP NCCL device communicator has 0 allocated QPs
DeepEP hybrid kernel selection: unordered
GIN layout: gin_context_cnt=11, gin_indexed_signals_cnt=21, num_qp=11
DeepEP initialized with NCCL version: 2.31.2 (loaded library)
EP NCCL device communicator has 0 allocated QPs
DeepEP hybrid kernel selection: unordered
GIN layout: gin_context_cnt=11, gin_indexed_signals_cnt=21, num_qp=11
DeepEP initialized with NCCL version: 2.31.2 (loaded library)
EP NCCL device communicator has 0 allocated QPs
DeepEP hybrid kernel selection: unordered
GIN layout: gin_context_cnt=11, gin_indexed_signals_cnt=21, num_qp=11
DeepEP initialized with NCCL version: 2.31.2 (loaded library)
EP NCCL device communicator has 0 allocated QPs
DeepEP hybrid kernel selection: unordered
GIN layout: gin_context_cnt=11, gin_indexed_signals_cnt=21, num_qp=11
DeepEP hybrid kernel selection: unordered
Initializing EP elastic buffer with 5440012288 bytes (cpu: 0) at rank EP 15/32
DeepEP initialized with NCCL version: 2.31.2 (loaded library)
EP NCCL device communicator has 0 allocated QPs
DeepEP hybrid kernel selection: unordered
GIN layout: gin_context_cnt=11, gin_indexed_signals_cnt=21, num_qp=11
Config:
 > Ranks: 4 x 8
 > Experts: 8/256
 > Tokens: 8184 (max: 8192), hidden: 7168
 > #SM: 12, #QPs: 11/11

Running all test cases:
 > Testing with do_handle_copy=1, expert_alignment=128, use_fp8_dispatch=1, num_bias=0, with_previous_event=0, async_with_compute_stream=0, allocate_on_comm_stream=0 ...
Elastic buffer uses 4 channels per SM
Elastic buffer uses 4 channels per SM
Elastic buffer uses 4 channels per SM
Elastic buffer uses 4 channels per SM
Elastic buffer uses 4 channels per SM
Elastic buffer uses 4 channels per SM
Elastic buffer uses 4 channels per SM
Elastic buffer uses 4 channels per SM
CPU side received count (scaleup: 7): -7456 -7483 -7363 -7412 -7349 -7497 -7518 -7309 # -8193 -8193 -8193 -8193 -8321 -8193 -832CPU side received count (scaleup: 6): -7501 -7389 -7443 -7421 -7361 -7494 -7356 -7372 # -8321 -8193 -8321 -8193 -8193 -8193 -806CPU side received count (scaleup: 4): -7424 -7385 -7365 -7453 -7412 -7404 -7545 -7571 # -8193 -8193 -8193 -8321 -8321 -8193 -832CPU side received count (scaleup: 5): -7537 -7457 -7391 -7431 -7485 -7464 -7338 -7402 # -8321 -8321 -8193 -8193 -8449 -8193 -8191 -8321 
5 -8321 
1 -8193 
3 -8193 
CPU side received count (scaleup: 2): -7393 -7496 -7417 -7376 -7342 -7447 -7376 -7426 # -8321 -8193 -8193 -8065 -8321 -8193 -819CPU side received count (scaleup: 1): -7464 -7506 -7387 -7493 -7462 -7400 -7266 -7346 # -8193 -8321 -8065 -8321 -8321 -8193 -8193 -8193 
3 -8193 
CPU side received count (scaleup: 0): -7435 -7455 -7460 -7396 -7248 -7191 -7463 -7477 # -8193 -8065 -8193 -8321 -8065 -8321 -832CPU side received count (scaleup: 3): -7454 -7440 -7514 -7479 -7503 -7395 -7371 -7429 # -8321 -8321 -8321 -8321 -8193 -8065 -8191 -8193 
3 -8193 
Elastic buffer uses 4 channels per SM
Elastic buffer uses 4 channels per SM
Elastic buffer uses 4 channels per SM
Elastic buffer uses 4 channels per SM
Elastic buffer uses 4 channels per SM
Elastic buffer uses 4 channels per SM
Elastic buffer uses 4 channels per SM
Elastic buffer uses 4 channels per SM
CPU side received count (scaleup: 4): -7424 -7385 -7365 -7453 -7412 -7404 -7545 -7571 # -8193 -8193 -8193 -8321 -8321 -8193 -832CPU side received count (scaleup: 6): -7501 -7389 -7443 -7421 -7361 -7494 -7356 -7372 # -8321 -8193 -8321 -8193 -8193 -8193 -806CPU side received count (scaleup: 7): -7456 -7483 -7363 -7412 -7349 -7497 -7518 -7309 # -8193 -8193 -8193 -8193 -8321 -8193 -832CPU side received count (scaleup: 5): -7537 -7457 -7391 -7431 -7485 -7464 -7338 -7402 # -8321 -8321 -8193 -8193 -8449 -8193 -819CPU side received count (scaleup: 0): -7435 -7455 -7460 -7396 -7248 -7191 -7463 -7477 # -8193 -8065 -8193 -8321 -8065 -8321 -8321 -8193 
CPU side received count (scaleup: 2): -7393 -7496 -7417 -7376 -7342 -7447 -7376 -7426 # -8321 -8193 -8193 -8065 -8321 -8193 -8191 -8321 
CPU side received count (scaleup: 3): -7454 -7440 -7514 -7479 -7503 -7395 -7371 -7429 # -8321 -8321 -8321 -8321 -8193 -8065 -819CPU side received count (scaleup: 1): -7464 -7506 -7387 -7493 -7462 -7400 -7266 -7346 # -8193 -8321 -8065 -8321 -8321 -8193 -8191 -8193 
5 -8321 
3 -8193 
3 -8193 
3 -8193 
3 -8193 
Elastic buffer uses 4 channels per SM
Elastic buffer uses 4 channels per SM
Elastic buffer uses 4 channels per SM
Elastic buffer uses 4 channels per SM
Elastic buffer uses 4 channels per SM
Elastic buffer uses 4 channels per SM
Elastic buffer uses 4 channels per SM
Elastic buffer uses 4 channels per SM
Elastic buffer uses 4 channels per SM
Elastic buffer uses 4 channels per SM
Elastic buffer uses 4 channels per SM
Elastic buffer uses 4 channels per SM
Elastic buffer uses 4 channels per SM
Elastic buffer uses 4 channels per SM
Elastic buffer uses 4 channels per SM
Elastic buffer uses 4 channels per SM
Elastic buffer uses 4 channels per SM
Elastic buffer uses 4 channels per SM
Elastic buffer uses 4 channels per SM
Elastic buffer uses 4 channels per SM
Elastic buffer uses 4 channels per SM
Elastic buffer uses 4 channels per SM
Elastic buffer uses 4 channels per SM
Elastic buffer uses 4 channels per SM
CPU side received count (scaleup: 6): -7501 -7389 -7443 -7421 -7361 -7494 -7356 -7372 # -8321 -8193 -8321 -8193 -8193 -8193 -806CPU side received count (scaleup: 0): -7435 -7455 -7460 -7396 -7248 -7191 -7463 -7477 # -8193 -8065 -8193 -8321 -8065 -8321 -832CPU side received count (scaleup: 4): -7424 -7385 -7365 -7453 -7412 -7404 -7545 -7571 # -8193 -8193 -8193 -8321 -8321 -8193 -8325 -8321 
CPU side received count (scaleup: 5): -7537 -7457 -7391 -7431 -7485 -7464 -7338 -7402 # -8321 -8321 -8193 -8193 -8449 -8193 -8191 -8193 
CPU side received count (scaleup: 7): -7456 -7483 -7363 -7412 -7349 -7497 -7518 -7309 # -8193 -8193 -8193 -8193 -8321 -8193 -832CPU side received count (scaleup: 1): -7464 -7506 -7387 -7493 -7462 -7400 -7266 -7346 # -8193 -8321 -8065 -8321 -8321 -8193 -8193 -8193 
CPU side received count (scaleup: 2): -7393 -7496 -7417 -7376 -7342 -7447 -7376 -7426 # -8321 -8193 -8193 -8065 -8321 -8193 -8191 -8193 
CPU side received count (scaleup: 3): -7454 -7440 -7514 -7479 -7503 -7395 -7371 -7429 # -8321 -8321 -8321 -8321 -8193 -8065 -8193 -8193 
1 -8321 
3 -8193 
3 -8193 
Elastic buffer uses 4 channels per SM
Elastic buffer uses 4 channels per SM
Elastic buffer uses 4 channels per SM
Elastic buffer uses 4 channels per SM
Elastic buffer uses 4 channels per SM
Elastic buffer uses 4 channels per SM
Elastic buffer uses 4 channels per SM
Elastic buffer uses 4 channels per SM
CPU side received count (scaleup: 2): -7393 -7496 -7417 -7376 -7342 -7447 -7376 -7426 # -8321 -8193 -8193 -8065 -8321 -8193 -819CPU side received count (scaleup: 1): -7464 -7506 -7387 -7493 -7462 -7400 -7266 -7346 # -8193 -8321 -8065 -8321 -8321 -8193 -819CPU side received count (scaleup: 0): -7435 -7455 -7460 -7396 -7248 -7191 -7463 -7477 # -8193 -8065 -8193 -8321 -8065 -8321 -832CPU side received count (scaleup: 3): -7454 -7440 -7514 -7479 -7503 -7395 -7371 -7429 # -8321 -8321 -8321 -8321 -8193 -8065 -8193 -8193 
3 -8193 
1 -8193 
CPU side received count (scaleup: 4): -7424 -7385 -7365 -7453 -7412 -7404 -7545 -7571 # -8193 -8193 -8193 -8321 -8321 -8193 -8323 -8193 
CPU side received count (scaleup: 6): -7501 -7389 -7443 -7421 -7361 -7494 -7356 -7372 # -8321 -8193 -8321 -8193 -8193 -8193 -806CPU side received count (scaleup: 7): -7456 -7483 -7363 -7412 -7349 -7497 -7518 -7309 # -8193 -8193 -8193 -8193 -8321 -8193 -832CPU side received count (scaleup: 5): -7537 -7457 -7391 -7431 -7485 -7464 -7338 -7402 # -8321 -8321 -8193 -8193 -8449 -8193 -8195 -8321 
1 -8321 
1 -8193 
3 -8193 
Elastic buffer uses 4 channels per SM
Elastic buffer uses 4 channels per SM
Elastic buffer uses 4 channels per SM
Elastic buffer uses 4 channels per SM
Elastic buffer uses 4 channels per SM
Elastic buffer uses 4 channels per SM
Elastic buffer uses 4 channels per SM
Elastic buffer uses 4 channels per SM
CPU side received count (scaleup: 2): -7393 -7496 -7417 -7376 -7342 -7447 -7376 -7426 # -8321 -8193 -8193 -8065 -8321 -8193 -819CPU side received count (scaleup: 1): -7464 -7506 -7387 -7493 -7462 -7400 -7266 -7346 # -8193 -8321 -8065 -8321 -8321 -8193 -819CPU side received count (scaleup: 0): -7435 -7455 -7460 -7396 -7248 -7191 -7463 -7477 # -8193 -8065 -8193 -8321 -8065 -8321 -8323 -8193 
3 -8193 
1 -8193 
CPU side received count (scaleup: 3): -7454 -7440 -7514 -7479 -7503 -7395 -7371 -7429 # -8321 -8321 -8321 -8321 -8193 -8065 -8193 -8193 
CPU side received count (scaleup: 6): -7501 -7389 -7443 -7421 -7361 -7494 -7356 -7372 # -8321 -8193 -8321 -8193 -8193 -8193 -806CPU side received count (scaleup: 4): -7424 -7385 -7365 -7453 -7412 -7404 -7545 -7571 # -8193 -8193 -8193 -8321 -8321 -8193 -832CPU side received count (scaleup: 7): -7456 -7483 -7363 -7412 -7349 -7497 -7518 -7309 # -8193 -8193 -8193 -8193 -8321 -8193 -832CPU side received count (scaleup: 5): -7537 -7457 -7391 -7431 -7485 -7464 -7338 -7402 # -8321 -8321 -8193 -8193 -8449 -8193 -8195 -8321 
1 -8321 
3 -8193 
1 -8193 
Elastic buffer uses 4 channels per SM
Elastic buffer uses 4 channels per SM
Elastic buffer uses 4 channels per SM
Elastic buffer uses 4 channels per SM
Elastic buffer uses 4 channels per SM
Elastic buffer uses 4 channels per SM
Elastic buffer uses 4 channels per SM
Elastic buffer uses 4 channels per SM
CPU side received count (scaleup: 1): -7464 -7506 -7387 -7493 -7462 -7400 -7266 -7346 # -8193 -8321 -8065 -8321 -8321 -8193 -819CPU side received count (scaleup: 0): -7435 -7455 -7460 -7396 -7248 -7191 -7463 -7477 # -8193 -8065 -8193 -8321 -8065 -8321 -832CPU side received count (scaleup: 3): -7454 -7440 -7514 -7479 -7503 -7395 -7371 -7429 # -8321 -8321 -8321 -8321 -8193 -8065 -819CPU side received count (scaleup: 2): -7393 -7496 -7417 -7376 -7342 -7447 -7376 -7426 # -8321 -8193 -8193 -8065 -8321 -8193 -8193 -8193 
1 -8193 
3 -8193 
3 -8193 
CPU side received count (scaleup: 6): -7501 -7389 -7443 -7421 -7361 -7494 -7356 -7372 # -8321 -8193 -8321 -8193 -8193 -8193 -806CPU side received count (scaleup: 4): -7424 -7385 -7365 -7453 -7412 -7404 -7545 -7571 # -8193 -8193 -8193 -8321 -8321 -8193 -832CPU side received count (scaleup: 7): -7456 -7483 -7363 -7412 -7349 -7497 -7518 -7309 # -8193 -8193 -8193 -8193 -8321 -8193 -832CPU side received count (scaleup: 5): -7537 -7457 -7391 -7431 -7485 -7464 -7338 -7402 # -8321 -8321 -8193 -8193 -8449 -8193 -8195 -8321 
1 -8193 
1 -8321 
3 -8193 
Elastic buffer uses 4 channels per SM
Elastic buffer uses 4 channels per SM
Elastic buffer uses 4 channels per SM
Elastic buffer uses 4 channels per SM
Elastic buffer uses 4 channels per SM
Elastic buffer uses 4 channels per SM
Elastic buffer uses 4 channels per SM
Elastic buffer uses 4 channels per SM
CPU side received count (scaleup: 2): -7393 -7496 -7417 -7376 -7342 -7447 -7376 -7426 # -8321 -8193 -8193 -8065 -8321 -8193 -819CPU side received count (scaleup: 1): -7464 -7506 -7387 -7493 -7462 -7400 -7266 -7346 # -8193 -8321 -8065 -8321 -8321 -8193 -819CPU side received count (scaleup: 3): -7454 -7440 -7514 -7479 -7503 -7395 -7371 -7429 # -8321 -8321 -8321 -8321 -8193 -8065 -819CPU side received count (scaleup: 0): -7435 -7455 -7460 -7396 -7248 -7191 -7463 -7477 # -8193 -8065 -8193 -8321 -8065 -8321 -8323 -8193 
3 -8193 
3 -8193 
1 -8193 
CPU side received count (scaleup: 7): -7456 -7483 -7363 -7412 -7349 -7497 -7518 -7309 # -8193 -8193 -8193 -8193 -8321 -8193 -832CPU side received count (scaleup: 4): -7424 -7385 -7365 -7453 -7412 -7404 -7545 -7571 # -8193 -8193 -8193 -8321 -8321 -8193 -832CPU side received count (scaleup: 6): -7501 -7389 -7443 -7421 -7361 -7494 -7356 -7372 # -8321 -8193 -8321 -8193 -8193 -8193 -806CPU side received count (scaleup: 5): -7537 -7457 -7391 -7431 -7485 -7464 -7338 -7402 # -8321 -8321 -8193 -8193 -8449 -8193 -8191 -8321 
5 -8321 
1 -8193 
3 -8193 
Elastic buffer uses 4 channels per SM
Elastic buffer uses 4 channels per SM
Elastic buffer uses 4 channels per SM
Elastic buffer uses 4 channels per SM
Elastic buffer uses 4 channels per SM
Elastic buffer uses 4 channels per SM
Elastic buffer uses 4 channels per SM
Elastic buffer uses 4 channels per SM
CPU side received count (scaleup: 6): -7501 -7389 -7443 -7421 -7361 -7494 -7356 -7372 # -8321 -8193 -8321 -8193 -8193 -8193 -806CPU side received count (scaleup: 7): -7456 -7483 -7363 -7412 -7349 -7497 -7518 -7309 # -8193 -8193 -8193 -8193 -8321 -8193 -832CPU side received count (scaleup: 4): -7424 -7385 -7365 -7453 -7412 -7404 -7545 -7571 # -8193 -8193 -8193 -8321 -8321 -8193 -832CPU side received count (scaleup: 5): -7537 -7457 -7391 -7431 -7485 -7464 -7338 -7402 # -8321 -8321 -8193 -8193 -8449 -8193 -8195 -8321 
1 -8321 
1 -8193 
3 -8193 
CPU side received count (scaleup: 2): -7393 -7496 -7417 -7376 -7342 -7447 -7376 -7426 # -8321 -8193 -8193 -8065 -8321 -8193 -819CPU side received count (scaleup: 1): -7464 -7506 -7387 -7493 -7462 -7400 -7266 -7346 # -8193 -8321 -8065 -8321 -8321 -8193 -819CPU side received count (scaleup: 0): -7435 -7455 -7460 -7396 -7248 -7191 -7463 -7477 # -8193 -8065 -8193 -8321 -8065 -8321 -8323 -8193 
CPU side received count (scaleup: 3): -7454 -7440 -7514 -7479 -7503 -7395 -7371 -7429 # -8321 -8321 -8321 -8321 -8193 -8065 -8193 -8193 
1 -8193 
3 -8193 
Elastic buffer uses 4 channels per SM
Elastic buffer uses 4 channels per SM
Elastic buffer uses 4 channels per SM
Elastic buffer uses 4 channels per SM
Elastic buffer uses 4 channels per SM
Elastic buffer uses 4 channels per SM
Elastic buffer uses 4 channels per SM
Elastic buffer uses 4 channels per SM
CPU side received count (scaleup: 7): -7456 -7483 -7363 -7412 -7349 -7497 -7518 -7309 # -8193 -8193 -8193 -8193 -8321 -8193 -832CPU side received count (scaleup: 6): -7501 -7389 -7443 -7421 -7361 -7494 -7356 -7372 # -8321 -8193 -8321 -8193 -8193 -8193 -806CPU side received count (scaleup: 4): -7424 -7385 -7365 -7453 -7412 -7404 -7545 -7571 # -8193 -8193 -8193 -8321 -8321 -8193 -832CPU side received count (scaleup: 5): -7537 -7457 -7391 -7431 -7485 -7464 -7338 -7402 # -8321 -8321 -8193 -8193 -8449 -8193 -8191 -8321 
5 -8321 
1 -8193 
3 -8193 
CPU side received count (scaleup: 1): -7464 -7506 -7387 -7493 -7462 -7400 -7266 -7346 # -8193 -8321 -8065 -8321 -8321 -8193 -819CPU side received count (scaleup: 0): -7435 -7455 -7460 -7396 -7248 -7191 -7463 -7477 # -8193 -8065 -8193 -8321 -8065 -8321 -832CPU side received count (scaleup: 2): -7393 -7496 -7417 -7376 -7342 -7447 -7376 -7426 # -8321 -8193 -8193 -8065 -8321 -8193 -8193 -8193 
1 -8193 
3 -8193 
CPU side received count (scaleup: 3): -7454 -7440 -7514 -7479 -7503 -7395 -7371 -7429 # -8321 -8321 -8321 -8321 -8193 -8065 -8193 -8193 
Elastic buffer uses 4 channels per SM
Elastic buffer uses 4 channels per SM
Elastic buffer uses 4 channels per SM
Elastic buffer uses 4 channels per SM
Elastic buffer uses 4 channels per SM
Elastic buffer uses 4 channels per SM
Elastic buffer uses 4 channels per SM
Elastic buffer uses 4 channels per SM
CPU side received count (scaleup: 2): -7393 -7496 -7417 -7376 -7342 -7447 -7376 -7426 # -8321 -8193 -8193 -8065 -8321 -8193 -819CPU side received count (scaleup: 1): -7464 -7506 -7387 -7493 -7462 -7400 -7266 -7346 # -8193 -8321 -8065 -8321 -8321 -8193 -819CPU side received count (scaleup: 0): -7435 -7455 -7460 -7396 -7248 -7191 -7463 -7477 # -8193 -8065 -8193 -8321 -8065 -8321 -832CPU side received count (scaleup: 3): -7454 -7440 -7514 -7479 -7503 -7395 -7371 -7429 # -8321 -8321 -8321 -8321 -8193 -8065 -8193 -8193 
1 -8193 
CPU side received count (scaleup: 6): -7501 -7389 -7443 -7421 -7361 -7494 -7356 -7372 # -8321 -8193 -8321 -8193 -8193 -8193 -8063 -8193 
CPU side received count (scaleup: 4): -7424 -7385 -7365 -7453 -7412 -7404 -7545 -7571 # -8193 -8193 -8193 -8321 -8321 -8193 -832CPU side received count (scaleup: 7): -7456 -7483 -7363 -7412 -7349 -7497 -7518 -7309 # -8193 -8193 -8193 -8193 -8321 -8193 -832CPU side received count (scaleup: 5): -7537 -7457 -7391 -7431 -7485 -7464 -7338 -7402 # -8321 -8321 -8193 -8193 -8449 -8193 -8193 -8193 
5 -8321 
1 -8193 
1 -8321 
3 -8193 
Elastic buffer uses 4 channels per SM
Elastic buffer uses 4 channels per SM
Elastic buffer uses 4 channels per SM
Elastic buffer uses 4 channels per SM
Elastic buffer uses 4 channels per SM
Elastic buffer uses 4 channels per SM
Elastic buffer uses 4 channels per SM
Elastic buffer uses 4 channels per SM
CPU side received count (scaleup: 2): -7393 -7496 -7417 -7376 -7342 -7447 -7376 -7426 # -8321 -8193 -8193 -8065 -8321 -8193 -819CPU side received count (scaleup: 1): -7464 -7506 -7387 -7493 -7462 -7400 -7266 -7346 # -8193 -8321 -8065 -8321 -8321 -8193 -819CPU side received count (scaleup: 0): -7435 -7455 -7460 -7396 -7248 -7191 -7463 -7477 # -8193 -8065 -8193 -8321 -8065 -8321 -832CPU side received count (scaleup: 3): -7454 -7440 -7514 -7479 -7503 -7395 -7371 -7429 # -8321 -8321 -8321 -8321 -8193 -8065 -8193 -8193 
1 -8193 
CPU side received count (scaleup: 6): -7501 -7389 -7443 -7421 -7361 -7494 -7356 -7372 # -8321 -8193 -8321 -8193 -8193 -8193 -806CPU side received count (scaleup: 5): -7537 -7457 -7391 -7431 -7485 -7464 -7338 -7402 # -8321 -8321 -8193 -8193 -8449 -8193 -8193 -8193 
3 -8193 
CPU side received count (scaleup: 4): -7424 -7385 -7365 -7453 -7412 -7404 -7545 -7571 # -8193 -8193 -8193 -8321 -8321 -8193 -832CPU side received count (scaleup: 7): -7456 -7483 -7363 -7412 -7349 -7497 -7518 -7309 # -8193 -8193 -8193 -8193 -8321 -8193 -8325 -8321 
3 -8193 
1 -8193 
1 -8321 
Elastic buffer uses 4 channels per SM
Elastic buffer uses 4 channels per SM
Elastic buffer uses 4 channels per SM
Elastic buffer uses 4 channels per SM
Elastic buffer uses 4 channels per SM
Elastic buffer uses 4 channels per SM
Elastic buffer uses 4 channels per SM
Elastic buffer uses 4 channels per SM
CPU side received count (scaleup: 6): -7501 -7389 -7443 -7421 -7361 -7494 -7356 -7372 # -8321 -8193 -8321 -8193 -8193 -8193 -806CPU side received count (scaleup: 5): -7537 -7457 -7391 -7431 -7485 -7464 -7338 -7402 # -8321 -8321 -8193 -8193 -8449 -8193 -819CPU side received count (scaleup: 4): -7424 -7385 -7365 -7453 -7412 -7404 -7545 -7571 # -8193 -8193 -8193 -8321 -8321 -8193 -8325 -8321 
CPU side received count (scaleup: 7): -7456 -7483 -7363 -7412 -7349 -7497 -7518 -7309 # -8193 -8193 -8193 -8193 -8321 -8193 -8323 -8193 
1 -8193 
1 -8321 
CPU side received count (scaleup: 3): -7454 -7440 -7514 -7479 -7503 -7395 -7371 -7429 # -8321 -8321 -8321 -8321 -8193 -8065 -819CPU side received count (scaleup: 0): -7435 -7455 -7460 -7396 -7248 -7191 -7463 -7477 # -8193 -8065 -8193 -8321 -8065 -8321 -832CPU side received count (scaleup: 2): -7393 -7496 -7417 -7376 -7342 -7447 -7376 -7426 # -8321 -8193 -8193 -8065 -8321 -8193 -819CPU side received count (scaleup: 1): -7464 -7506 -7387 -7493 -7462 -7400 -7266 -7346 # -8193 -8321 -8065 -8321 -8321 -8193 -8193 -8193 
3 -8193 
1 -8193 
3 -8193 
Elastic buffer uses 4 channels per SM
Elastic buffer uses 4 channels per SM
Elastic buffer uses 4 channels per SM
Elastic buffer uses 4 channels per SM
Elastic buffer uses 4 channels per SM
Elastic buffer uses 4 channels per SM
Elastic buffer uses 4 channels per SM
Elastic buffer uses 4 channels per SM
CPU side received count (scaleup: 6): -7501 -7389 -7443 -7421 -7361 -7494 -7356 -7372 # -8321 -8193 -8321 -8193 -8193 -8193 -806CPU side received count (scaleup: 7): -7456 -7483 -7363 -7412 -7349 -7497 -7518 -7309 # -8193 -8193 -8193 -8193 -8321 -8193 -832CPU side received count (scaleup: 4): -7424 -7385 -7365 -7453 -7412 -7404 -7545 -7571 # -8193 -8193 -8193 -8321 -8321 -8193 -832CPU side received count (scaleup: 5): -7537 -7457 -7391 -7431 -7485 -7464 -7338 -7402 # -8321 -8321 -8193 -8193 -8449 -8193 -8195 -8321 
1 -8321 
CPU side received count (scaleup: 0): -7435 -7455 -7460 -7396 -7248 -7191 -7463 -7477 # -8193 -8065 -8193 -8321 -8065 -8321 -8321 -8193 
CPU side received count (scaleup: 3): -7454 -7440 -7514 -7479 -7503 -7395 -7371 -7429 # -8321 -8321 -8321 -8321 -8193 -8065 -8191 -8193 
CPU side received count (scaleup: 2): -7393 -7496 -7417 -7376 -7342 -7447 -7376 -7426 # -8321 -8193 -8193 -8065 -8321 -8193 -8193 -8193 
CPU side received count (scaleup: 1): -7464 -7506 -7387 -7493 -7462 -7400 -7266 -7346 # -8193 -8321 -8065 -8321 -8321 -8193 -8193 -8193 
3 -8193 
3 -8193 
Elastic buffer uses 4 channels per SM
Elastic buffer uses 4 channels per SM
Elastic buffer uses 4 channels per SM
Elastic buffer uses 4 channels per SM
Elastic buffer uses 4 channels per SM
Elastic buffer uses 4 channels per SM
Elastic buffer uses 4 channels per SM
Elastic buffer uses 4 channels per SM
CPU side received count (scaleup: 2): -7393 -7496 -7417 -7376 -7342 -7447 -7376 -7426 # -8321 -8193 -8193 -8065 -8321 -8193 -819CPU side received count (scaleup: 0): -7435 -7455 -7460 -7396 -7248 -7191 -7463 -7477 # -8193 -8065 -8193 -8321 -8065 -8321 -832CPU side received count (scaleup: 1): -7464 -7506 -7387 -7493 -7462 -7400 -7266 -7346 # -8193 -8321 -8065 -8321 -8321 -8193 -819CPU side received count (scaleup: 3): -7454 -7440 -7514 -7479 -7503 -7395 -7371 -7429 # -8321 -8321 -8321 -8321 -8193 -8065 -819CPU side received count (scaleup: 6): -7501 -7389 -7443 -7421 -7361 -7494 -7356 -7372 # -8321 -8193 -8321 -8193 -8193 -8193 -806CPU side received count (scaleup: 5): -7537 -7457 -7391 -7431 -7485 -7464 -7338 -7402 # -8321 -8321 -8193 -8193 -8449 -8193 -8191 -8193 
3 -8193 
CPU side received count (scaleup: 7): -7456 -7483 -7363 -7412 -7349 -7497 -7518 -7309 # -8193 -8193 -8193 -8193 -8321 -8193 -8323 -8193 
3 -8193 
CPU side received count (scaleup: 4): -7424 -7385 -7365 -7453 -7412 -7404 -7545 -7571 # -8193 -8193 -8193 -8321 -8321 -8193 -8323 -8193 
5 -8321 
1 -8321 
1 -8193 
Elastic buffer uses 4 channels per SM
Elastic buffer uses 4 channels per SM
Elastic buffer uses 4 channels per SM
Elastic buffer uses 4 channels per SM
Elastic buffer uses 4 channels per SM
Elastic buffer uses 4 channels per SM
Elastic buffer uses 4 channels per SM
Elastic buffer uses 4 channels per SM
CPU side received count (scaleup: 6): -7501 -7389 -7443 -7421 -7361 -7494 -7356 -7372 # -8321 -8193 -8321 -8193 -8193 -8193 -806CPU side received count (scaleup: 7): -7456 -7483 -7363 -7412 -7349 -7497 -7518 -7309 # -8193 -8193 -8193 -8193 -8321 -8193 -832CPU side received count (scaleup: 4): -7424 -7385 -7365 -7453 -7412 -7404 -7545 -7571 # -8193 -8193 -8193 -8321 -8321 -8193 -832CPU side received count (scaleup: 5): -7537 -7457 -7391 -7431 -7485 -7464 -7338 -7402 # -8321 -8321 -8193 -8193 -8449 -8193 -8195 -8321 
1 -8321 
1 -8193 
3 -8193 
CPU side received count (scaleup: 2): -7393 -7496 -7417 -7376 -7342 -7447 -7376 -7426 # -8321 -8193 -8193 -8065 -8321 -8193 -819CPU side received count (scaleup: 1): -7464 -7506 -7387 -7493 -7462 -7400 -7266 -7346 # -8193 -8321 -8065 -8321 -8321 -8193 -819CPU side received count (scaleup: 3): -7454 -7440 -7514 -7479 -7503 -7395 -7371 -7429 # -8321 -8321 -8321 -8321 -8193 -8065 -819CPU side received count (scaleup: 0): -7435 -7455 -7460 -7396 -7248 -7191 -7463 -7477 # -8193 -8065 -8193 -8321 -8065 -8321 -8323 -8193 
3 -8193 
3 -8193 
1 -8193 
Elastic buffer uses 4 channels per SM
Elastic buffer uses 4 channels per SM
Elastic buffer uses 4 channels per SM
Elastic buffer uses 4 channels per SM
Elastic buffer uses 4 channels per SM
Elastic buffer uses 4 channels per SM
Elastic buffer uses 4 channels per SM
Elastic buffer uses 4 channels per SM
CPU side received count (scaleup: 7): -7456 -7483 -7363 -7412 -7349 -7497 -7518 -7309 # -8193 -8193 -8193 -8193 -8321 -8193 -832CPU side received count (scaleup: 4): -7424 -7385 -7365 -7453 -7412 -7404 -7545 -7571 # -8193 -8193 -8193 -8321 -8321 -8193 -832CPU side received count (scaleup: 6): -7501 -7389 -7443 -7421 -7361 -7494 -7356 -7372 # -8321 -8193 -8321 -8193 -8193 -8193 -806CPU side received count (scaleup: 5): -7537 -7457 -7391 -7431 -7485 -7464 -7338 -7402 # -8321 -8321 -8193 -8193 -8449 -8193 -8191 -8321 
1 -8193 
5 -8321 
3 -8193 
CPU side received count (scaleup: 0): -7435 -7455 -7460 -7396 -7248 -7191 -7463 -7477 # -8193 -8065 -8193 -8321 -8065 -8321 -832CPU side received count (scaleup: 2): -7393 -7496 -7417 -7376 -7342 -7447 -7376 -7426 # -8321 -8193 -8193 -8065 -8321 -8193 -819CPU side received count (scaleup: 1): -7464 -7506 -7387 -7493 -7462 -7400 -7266 -7346 # -8193 -8321 -8065 -8321 -8321 -8193 -819CPU side received count (scaleup: 3): -7454 -7440 -7514 -7479 -7503 -7395 -7371 -7429 # -8321 -8321 -8321 -8321 -8193 -8065 -8191 -8193 
3 -8193 
3 -8193 
3 -8193 
Elastic buffer uses 4 channels per SM
Elastic buffer uses 4 channels per SM
Elastic buffer uses 4 channels per SM
Elastic buffer uses 4 channels per SM
Elastic buffer uses 4 channels per SM
Elastic buffer uses 4 channels per SM
Elastic buffer uses 4 channels per SM
Elastic buffer uses 4 channels per SM
CPU side received count (scaleup: 4): -7424 -7385 -7365 -7453 -7412 -7404 -7545 -7571 # -8193 -8193 -8193 -8321 -8321 -8193 -832CPU side received count (scaleup: 6): -7501 -7389 -7443 -7421 -7361 -7494 -7356 -7372 # -8321 -8193 -8321 -8193 -8193 -8193 -806CPU side received count (scaleup: 7): -7456 -7483 -7363 -7412 -7349 -7497 -7518 -7309 # -8193 -8193 -8193 -8193 -8321 -8193 -832CPU side received count (scaleup: 5): -7537 -7457 -7391 -7431 -7485 -7464 -7338 -7402 # -8321 -8321 -8193 -8193 -8449 -8193 -8191 -8193 
5 -8321 
1 -8321 
3 -8193 
CPU side received count (scaleup: 1): -7464 -7506 -7387 -7493 -7462 -7400 -7266 -7346 # -8193 -8321 -8065 -8321 -8321 -8193 -819CPU side received count (scaleup: 2): -7393 -7496 -7417 -7376 -7342 -7447 -7376 -7426 # -8321 -8193 -8193 -8065 -8321 -8193 -8193 -8193 
CPU side received count (scaleup: 0): -7435 -7455 -7460 -7396 -7248 -7191 -7463 -7477 # -8193 -8065 -8193 -8321 -8065 -8321 -832CPU side received count (scaleup: 3): -7454 -7440 -7514 -7479 -7503 -7395 -7371 -7429 # -8321 -8321 -8321 -8321 -8193 -8065 -8193 -8193 
1 -8193 
3 -8193 
Elastic buffer uses 4 channels per SM
Elastic buffer uses 4 channels per SM
Elastic buffer uses 4 channels per SM
Elastic buffer uses 4 channels per SM
Elastic buffer uses 4 channels per SM
Elastic buffer uses 4 channels per SM
Elastic buffer uses 4 channels per SM
Elastic buffer uses 4 channels per SM
CPU side received count (scaleup: 6): -7501 -7389 -7443 -7421 -7361 -7494 -7356 -7372 # -8321 -8193 -8321 -8193 -8193 -8193 -806CPU side received count (scaleup: 4): -7424 -7385 -7365 -7453 -7412 -7404 -7545 -7571 # -8193 -8193 -8193 -8321 -8321 -8193 -832CPU side received count (scaleup: 5): -7537 -7457 -7391 -7431 -7485 -7464 -7338 -7402 # -8321 -8321 -8193 -8193 -8449 -8193 -819CPU side received count (scaleup: 7): -7456 -7483 -7363 -7412 -7349 -7497 -7518 -7309 # -8193 -8193 -8193 -8193 -8321 -8193 -8321 -8193 
5 -8321 
3 -8193 
1 -8321 
CPU side received count (scaleup: 2): -7393 -7496 -7417 -7376 -7342 -7447 -7376 -7426 # -8321 -8193 -8193 -8065 -8321 -8193 -819CPU side received count (scaleup: 1): -7464 -7506 -7387 -7493 -7462 -7400 -7266 -7346 # -8193 -8321 -8065 -8321 -8321 -8193 -8193 -8193 
CPU side received count (scaleup: 0): -7435 -7455 -7460 -7396 -7248 -7191 -7463 -7477 # -8193 -8065 -8193 -8321 -8065 -8321 -832CPU side received count (scaleup: 3): -7454 -7440 -7514 -7479 -7503 -7395 -7371 -7429 # -8321 -8321 -8321 -8321 -8193 -8065 -8193 -8193 
1 -8193 
3 -8193 
Elastic buffer uses 4 channels per SM
Elastic buffer uses 4 channels per SM
Elastic buffer uses 4 channels per SM
Elastic buffer uses 4 channels per SM
Elastic buffer uses 4 channels per SM
Elastic buffer uses 4 channels per SM
Elastic buffer uses 4 channels per SM
Elastic buffer uses 4 channels per SM
CPU side received count (scaleup: 2): -7393 -7496 -7417 -7376 -7342 -7447 -7376 -7426 # -8321 -8193 -8193 -8065 -8321 -8193 -819CPU side received count (scaleup: 1): -7464 -7506 -7387 -7493 -7462 -7400 -7266 -7346 # -8193 -8321 -8065 -8321 -8321 -8193 -819CPU side received count (scaleup: 3): -7454 -7440 -7514 -7479 -7503 -7395 -7371 -7429 # -8321 -8321 -8321 -8321 -8193 -8065 -819CPU side received count (scaleup: 0): -7435 -7455 -7460 -7396 -7248 -7191 -7463 -7477 # -8193 -8065 -8193 -8321 -8065 -8321 -832CPU side received count (scaleup: 6): -7501 -7389 -7443 -7421 -7361 -7494 -7356 -7372 # -8321 -8193 -8321 -8193 -8193 -8193 -806CPU side received count (scaleup: 7): -7456 -7483 -7363 -7412 -7349 -7497 -7518 -7309 # -8193 -8193 -8193 -8193 -8321 -8193 -832CPU side received count (scaleup: 4): -7424 -7385 -7365 -7453 -7412 -7404 -7545 -7571 # -8193 -8193 -8193 -8321 -8321 -8193 -8323 -8193 
CPU side received count (scaleup: 5): -7537 -7457 -7391 -7431 -7485 -7464 -7338 -7402 # -8321 -8321 -8193 -8193 -8449 -8193 -8193 -8193 
3 -8193 
1 -8193 
5 -8321 
3 -8193 
1 -8321 
1 -8193 
Elastic buffer uses 4 channels per SM
Elastic buffer uses 4 channels per SM
Elastic buffer uses 4 channels per SM
Elastic buffer uses 4 channels per SM
Elastic buffer uses 4 channels per SM
Elastic buffer uses 4 channels per SM
Elastic buffer uses 4 channels per SM
Elastic buffer uses 4 channels per SM
CPU side received count (scaleup: 4): -7424 -7385 -7365 -7453 -7412 -7404 -7545 -7571 # -8193 -8193 -8193 -8321 -8321 -8193 -832CPU side received count (scaleup: 5): -7537 -7457 -7391 -7431 -7485 -7464 -7338 -7402 # -8321 -8321 -8193 -8193 -8449 -8193 -819CPU side received count (scaleup: 6): -7501 -7389 -7443 -7421 -7361 -7494 -7356 -7372 # -8321 -8193 -8321 -8193 -8193 -8193 -806CPU side received count (scaleup: 7): -7456 -7483 -7363 -7412 -7349 -7497 -7518 -7309 # -8193 -8193 -8193 -8193 -8321 -8193 -8321 -8193 
3 -8193 
5 -8321 
1 -8321 
CPU side received count (scaleup: 2): -7393 -7496 -7417 -7376 -7342 -7447 -7376 -7426 # -8321 -8193 -8193 -8065 -8321 -8193 -819CPU side received count (scaleup: 3): -7454 -7440 -7514 -7479 -7503 -7395 -7371 -7429 # -8321 -8321 -8321 -8321 -8193 -8065 -819CPU side received count (scaleup: 1): -7464 -7506 -7387 -7493 -7462 -7400 -7266 -7346 # -8193 -8321 -8065 -8321 -8321 -8193 -8193 -8193 
CPU side received count (scaleup: 0): -7435 -7455 -7460 -7396 -7248 -7191 -7463 -7477 # -8193 -8065 -8193 -8321 -8065 -8321 -8323 -8193 
1 -8193 
3 -8193 
Elastic buffer uses 4 channels per SM
Elastic buffer uses 4 channels per SM
Elastic buffer uses 4 channels per SM
Elastic buffer uses 4 channels per SM
Elastic buffer uses 4 channels per SM
Elastic buffer uses 4 channels per SM
Elastic buffer uses 4 channels per SM
Elastic buffer uses 4 channels per SM
CPU side received count (scaleup: 2): -7393 -7496 -7417 -7376 -7342 -7447 -7376 -7426 # -8321 -8193 -8193 -8065 -8321 -8193 -819CPU side received count (scaleup: 1): -7464 -7506 -7387 -7493 -7462 -7400 -7266 -7346 # -8193 -8321 -8065 -8321 -8321 -8193 -819CPU side received count (scaleup: 0): -7435 -7455 -7460 -7396 -7248 -7191 -7463 -7477 # -8193 -8065 -8193 -8321 -8065 -8321 -8323 -8193 
CPU side received count (scaleup: 4): -7424 -7385 -7365 -7453 -7412 -7404 -7545 -7571 # -8193 -8193 -8193 -8321 -8321 -8193 -8321 -8193 
CPU side received count (scaleup: 6): -7501 -7389 -7443 -7421 -7361 -7494 -7356 -7372 # -8321 -8193 -8321 -8193 -8193 -8193 -8063 -8193 
CPU side received count (scaleup: 7): -7456 -7483 -7363 -7412 -7349 -7497 -7518 -7309 # -8193 -8193 -8193 -8193 -8321 -8193 -832CPU side received count (scaleup: 5): -7537 -7457 -7391 -7431 -7485 -7464 -7338 -7402 # -8321 -8321 -8193 -8193 -8449 -8193 -8191 -8193 
CPU side received count (scaleup: 3): -7454 -7440 -7514 -7479 -7503 -7395 -7371 -7429 # -8321 -8321 -8321 -8321 -8193 -8065 -8191 -8321 
5 -8321 
3 -8193 
3 -8193 
Elastic buffer uses 4 channels per SM
Elastic buffer uses 4 channels per SM
Elastic buffer uses 4 channels per SM
Elastic buffer uses 4 channels per SM
Elastic buffer uses 4 channels per SM
Elastic buffer uses 4 channels per SM
Elastic buffer uses 4 channels per SM
Elastic buffer uses 4 channels per SM
CPU side received count (scaleup: 6): -7501 -7389 -7443 -7421 -7361 -7494 -7356 -7372 # -8321 -8193 -8321 -8193 -8193 -8193 -806CPU side received count (scaleup: 7): -7456 -7483 -7363 -7412 -7349 -7497 -7518 -7309 # -8193 -8193 -8193 -8193 -8321 -8193 -832CPU side received count (scaleup: 4): -7424 -7385 -7365 -7453 -7412 -7404 -7545 -7571 # -8193 -8193 -8193 -8321 -8321 -8193 -832CPU side received count (scaleup: 5): -7537 -7457 -7391 -7431 -7485 -7464 -7338 -7402 # -8321 -8321 -8193 -8193 -8449 -8193 -8195 -8321 
1 -8193 
1 -8321 
3 -8193 
CPU side received count (scaleup: 0): -7435 -7455 -7460 -7396 -7248 -7191 -7463 -7477 # -8193 -8065 -8193 -8321 -8065 -8321 -832CPU side received count (scaleup: 1): -7464 -7506 -7387 -7493 -7462 -7400 -7266 -7346 # -8193 -8321 -8065 -8321 -8321 -8193 -819CPU side received count (scaleup: 2): -7393 -7496 -7417 -7376 -7342 -7447 -7376 -7426 # -8321 -8193 -8193 -8065 -8321 -8193 -8191 -8193 
3 -8193 
3 -8193 
CPU side received count (scaleup: 3): -7454 -7440 -7514 -7479 -7503 -7395 -7371 -7429 # -8321 -8321 -8321 -8321 -8193 -8065 -8193 -8193 
Elastic buffer uses 4 channels per SM
Elastic buffer uses 4 channels per SM
Elastic buffer uses 4 channels per SM
Elastic buffer uses 4 channels per SM
Elastic buffer uses 4 channels per SM
Elastic buffer uses 4 channels per SM
Elastic buffer uses 4 channels per SM
Elastic buffer uses 4 channels per SM
CPU side received count (scaleup: 4): -7424 -7385 -7365 -7453 -7412 -7404 -7545 -7571 # -8193 -8193 -8193 -8321 -8321 -8193 -832CPU side received count (scaleup: 7): -7456 -7483 -7363 -7412 -7349 -7497 -7518 -7309 # -8193 -8193 -8193 -8193 -8321 -8193 -8321 -8193 
CPU side received count (scaleup: 5): -7537 -7457 -7391 -7431 -7485 -7464 -7338 -7402 # -8321 -8321 -8193 -8193 -8449 -8193 -819CPU side received count (scaleup: 6): -7501 -7389 -7443 -7421 -7361 -7494 -7356 -7372 # -8321 -8193 -8321 -8193 -8193 -8193 -8061 -8321 
3 -8193 
5 -8321 
CPU side received count (scaleup: 2): -7393 -7496 -7417 -7376 -7342 -7447 -7376 -7426 # -8321 -8193 -8193 -8065 -8321 -8193 -819CPU side received count (scaleup: 3): -7454 -7440 -7514 -7479 -7503 -7395 -7371 -7429 # -8321 -8321 -8321 -8321 -8193 -8065 -819CPU side received count (scaleup: 1): -7464 -7506 -7387 -7493 -7462 -7400 -7266 -7346 # -8193 -8321 -8065 -8321 -8321 -8193 -819CPU side received count (scaleup: 0): -7435 -7455 -7460 -7396 -7248 -7191 -7463 -7477 # -8193 -8065 -8193 -8321 -8065 -8321 -8323 -8193 
3 -8193 
3 -8193 
1 -8193 
Elastic buffer uses 4 channels per SM
Elastic buffer uses 4 channels per SM
Elastic buffer uses 4 channels per SM
Elastic buffer uses 4 channels per SM
Elastic buffer uses 4 channels per SM
Elastic buffer uses 4 channels per SM
Elastic buffer uses 4 channels per SM
Elastic buffer uses 4 channels per SM
CPU side received count (scaleup: 6): -7501 -7389 -7443 -7421 -7361 -7494 -7356 -7372 # -8321 -8193 -8321 -8193 -8193 -8193 -806CPU side received count (scaleup: 4): -7424 -7385 -7365 -7453 -7412 -7404 -7545 -7571 # -8193 -8193 -8193 -8321 -8321 -8193 -832CPU side received count (scaleup: 5): -7537 -7457 -7391 -7431 -7485 -7464 -7338 -7402 # -8321 -8321 -8193 -8193 -8449 -8193 -819CPU side received count (scaleup: 7): -7456 -7483 -7363 -7412 -7349 -7497 -7518 -7309 # -8193 -8193 -8193 -8193 -8321 -8193 -8325 -8321 
1 -8193 
3 -8193 
1 -8321 
CPU side received count (scaleup: 2): -7393 -7496 -7417 -7376 -7342 -7447 -7376 -7426 # -8321 -8193 -8193 -8065 -8321 -8193 -819CPU side received count (scaleup: 0): -7435 -7455 -7460 -7396 -7248 -7191 -7463 -7477 # -8193 -8065 -8193 -8321 -8065 -8321 -832CPU side received count (scaleup: 3): -7454 -7440 -7514 -7479 -7503 -7395 -7371 -7429 # -8321 -8321 -8321 -8321 -8193 -8065 -819CPU side received count (scaleup: 1): -7464 -7506 -7387 -7493 -7462 -7400 -7266 -7346 # -8193 -8321 -8065 -8321 -8321 -8193 -8193 -8193 
3 -8193 
1 -8193 
3 -8193 
Elastic buffer uses 4 channels per SM
Elastic buffer uses 4 channels per SM
Elastic buffer uses 4 channels per SM
Elastic buffer uses 4 channels per SM
Elastic buffer uses 4 channels per SM
Elastic buffer uses 4 channels per SM
Elastic buffer uses 4 channels per SM
Elastic buffer uses 4 channels per SM
CPU side received count (scaleup: 2): -7393 -7496 -7417 -7376 -7342 -7447 -7376 -7426 # -8321 -8193 -8193 -8065 -8321 -8193 -819CPU side received count (scaleup: 1): -7464 -7506 -7387 -7493 -7462 -7400 -7266 -7346 # -8193 -8321 -8065 -8321 -8321 -8193 -819CPU side received count (scaleup: 0): -7435 -7455 -7460 -7396 -7248 -7191 -7463 -7477 # -8193 -8065 -8193 -8321 -8065 -8321 -8323 -8193 
1 -8193 
CPU side received count (scaleup: 3): -7454 -7440 -7514 -7479 -7503 -7395 -7371 -7429 # -8321 -8321 -8321 -8321 -8193 -8065 -8193 -8193 
3 -8193 
CPU side received count (scaleup: 6): -7501 -7389 -7443 -7421 -7361 -7494 -7356 -7372 # -8321 -8193 -8321 -8193 -8193 -8193 -806CPU side received count (scaleup: 4): -7424 -7385 -7365 -7453 -7412 -7404 -7545 -7571 # -8193 -8193 -8193 -8321 -8321 -8193 -832CPU side received count (scaleup: 5): -7537 -7457 -7391 -7431 -7485 -7464 -7338 -7402 # -8321 -8321 -8193 -8193 -8449 -8193 -819CPU side received count (scaleup: 7): -7456 -7483 -7363 -7412 -7349 -7497 -7518 -7309 # -8193 -8193 -8193 -8193 -8321 -8193 -8321 -8193 
5 -8321 
1 -8321 
3 -8193 
Elastic buffer uses 4 channels per SM
Elastic buffer uses 4 channels per SM
Elastic buffer uses 4 channels per SM
Elastic buffer uses 4 channels per SM
Elastic buffer uses 4 channels per SM
Elastic buffer uses 4 channels per SM
Elastic buffer uses 4 channels per SM
Elastic buffer uses 4 channels per SM
CPU side received count (scaleup: 6): -7501 -7389 -7443 -7421 -7361 -7494 -7356 -7372 # -8321 -8193 -8321 -8193 -8193 -8193 -806CPU side received count (scaleup: 7): -7456 -7483 -7363 -7412 -7349 -7497 -7518 -7309 # -8193 -8193 -8193 -8193 -8321 -8193 -832CPU side received count (scaleup: 4): -7424 -7385 -7365 -7453 -7412 -7404 -7545 -7571 # -8193 -8193 -8193 -8321 -8321 -8193 -832CPU side received count (scaleup: 5): -7537 -7457 -7391 -7431 -7485 -7464 -7338 -7402 # -8321 -8321 -8193 -8193 -8449 -8193 -8195 -8321 
1 -8321 
1 -8193 
3 -8193 
CPU side received count (scaleup: 2): -7393 -7496 -7417 -7376 -7342 -7447 -7376 -7426 # -8321 -8193 -8193 -8065 -8321 -8193 -819CPU side received count (scaleup: 1): -7464 -7506 -7387 -7493 -7462 -7400 -7266 -7346 # -8193 -8321 -8065 -8321 -8321 -8193 -819CPU side received count (scaleup: 0): -7435 -7455 -7460 -7396 -7248 -7191 -7463 -7477 # -8193 -8065 -8193 -8321 -8065 -8321 -832CPU side received count (scaleup: 3): -7454 -7440 -7514 -7479 -7503 -7395 -7371 -7429 # -8321 -8321 -8321 -8321 -8193 -8065 -8193 -8193 
1 -8193 
3 -8193 
3 -8193 
Elastic buffer uses 4 channels per SM
Elastic buffer uses 4 channels per SM
Elastic buffer uses 4 channels per SM
Elastic buffer uses 4 channels per SM
Elastic buffer uses 4 channels per SM
Elastic buffer uses 4 channels per SM
Elastic buffer uses 4 channels per SM
Elastic buffer uses 4 channels per SM
CPU side received count (scaleup: 4): -7424 -7385 -7365 -7453 -7412 -7404 -7545 -7571 # -8193 -8193 -8193 -8321 -8321 -8193 -832CPU side received count (scaleup: 7): -7456 -7483 -7363 -7412 -7349 -7497 -7518 -7309 # -8193 -8193 -8193 -8193 -8321 -8193 -832CPU side received count (scaleup: 6): -7501 -7389 -7443 -7421 -7361 -7494 -7356 -7372 # -8321 -8193 -8321 -8193 -8193 -8193 -806CPU side received count (scaleup: 5): -7537 -7457 -7391 -7431 -7485 -7464 -7338 -7402 # -8321 -8321 -8193 -8193 -8449 -8193 -8191 -8193 
1 -8321 
5 -8321 
3 -8193 
CPU side received count (scaleup: 2): -7393 -7496 -7417 -7376 -7342 -7447 -7376 -7426 # -8321 -8193 -8193 -8065 -8321 -8193 -819CPU side received count (scaleup: 0): -7435 -7455 -7460 -7396 -7248 -7191 -7463 -7477 # -8193 -8065 -8193 -8321 -8065 -8321 -832CPU side received count (scaleup: 3): -7454 -7440 -7514 -7479 -7503 -7395 -7371 -7429 # -8321 -8321 -8321 -8321 -8193 -8065 -819CPU side received count (scaleup: 1): -7464 -7506 -7387 -7493 -7462 -7400 -7266 -7346 # -8193 -8321 -8065 -8321 -8321 -8193 -8193 -8193 
1 -8193 
3 -8193 
3 -8193 
Elastic buffer uses 4 channels per SM
Elastic buffer uses 4 channels per SM
Elastic buffer uses 4 channels per SM
Elastic buffer uses 4 channels per SM
Elastic buffer uses 4 channels per SM
Elastic buffer uses 4 channels per SM
Elastic buffer uses 4 channels per SM
Elastic buffer uses 4 channels per SM
CPU side received count (scaleup: 2): -7393 -7496 -7417 -7376 -7342 -7447 -7376 -7426 # -8321 -8193 -8193 -8065 -8321 -8193 -819CPU side received count (scaleup: 1): -7464 -7506 -7387 -7493 -7462 -7400 -7266 -7346 # -8193 -8321 -8065 -8321 -8321 -8193 -819CPU side received count (scaleup: 0): -7435 -7455 -7460 -7396 -7248 -7191 -7463 -7477 # -8193 -8065 -8193 -8321 -8065 -8321 -832CPU side received count (scaleup: 3): -7454 -7440 -7514 -7479 -7503 -7395 -7371 -7429 # -8321 -8321 -8321 -8321 -8193 -8065 -8193 -8193 
3 -8193 
1 -8193 
3 -8193 
CPU side received count (scaleup: 6): -7501 -7389 -7443 -7421 -7361 -7494 -7356 -7372 # -8321 -8193 -8321 -8193 -8193 -8193 -806CPU side received count (scaleup: 4): -7424 -7385 -7365 -7453 -7412 -7404 -7545 -7571 # -8193 -8193 -8193 -8321 -8321 -8193 -832CPU side received count (scaleup: 5): -7537 -7457 -7391 -7431 -7485 -7464 -7338 -7402 # -8321 -8321 -8193 -8193 -8449 -8193 -819CPU side received count (scaleup: 7): -7456 -7483 -7363 -7412 -7349 -7497 -7518 -7309 # -8193 -8193 -8193 -8193 -8321 -8193 -8325 -8321 
1 -8193 
3 -8193 
1 -8321 
Elastic buffer uses 4 channels per SM
Elastic buffer uses 4 channels per SM
Elastic buffer uses 4 channels per SM
Elastic buffer uses 4 channels per SM
Elastic buffer uses 4 channels per SM
Elastic buffer uses 4 channels per SM
Elastic buffer uses 4 channels per SM
Elastic buffer uses 4 channels per SM
CPU side received count (scaleup: 2): -7393 -7496 -7417 -7376 -7342 -7447 -7376 -7426 # -8321 -8193 -8193 -8065 -8321 -8193 -819CPU side received count (scaleup: 0): -7435 -7455 -7460 -7396 -7248 -7191 -7463 -7477 # -8193 -8065 -8193 -8321 -8065 -8321 -832CPU side received count (scaleup: 3): -7454 -7440 -7514 -7479 -7503 -7395 -7371 -7429 # -8321 -8321 -8321 -8321 -8193 -8065 -8193 -8193 
1 -8193 
CPU side received count (scaleup: 6): -7501 -7389 -7443 -7421 -7361 -7494 -7356 -7372 # -8321 -8193 -8321 -8193 -8193 -8193 -8063 -8193 
CPU side received count (scaleup: 1): -7464 -7506 -7387 -7493 -7462 -7400 -7266 -7346 # -8193 -8321 -8065 -8321 -8321 -8193 -819CPU side received count (scaleup: 4): -7424 -7385 -7365 -7453 -7412 -7404 -7545 -7571 # -8193 -8193 -8193 -8321 -8321 -8193 -8325 -8321 
CPU side received count (scaleup: 7): -7456 -7483 -7363 -7412 -7349 -7497 -7518 -7309 # -8193 -8193 -8193 -8193 -8321 -8193 -832CPU side received count (scaleup: 5): -7537 -7457 -7391 -7431 -7485 -7464 -7338 -7402 # -8321 -8321 -8193 -8193 -8449 -8193 -8193 -8193 
1 -8193 
3 -8193 
1 -8321 
Elastic buffer uses 4 channels per SM
Elastic buffer uses 4 channels per SM
Elastic buffer uses 4 channels per SM
Elastic buffer uses 4 channels per SM
Elastic buffer uses 4 channels per SM
Elastic buffer uses 4 channels per SM
Elastic buffer uses 4 channels per SM
Elastic buffer uses 4 channels per SM
CPU side received count (scaleup: 2): -7393 -7496 -7417 -7376 -7342 -7447 -7376 -7426 # -8321 -8193 -8193 -8065 -8321 -8193 -819CPU side received count (scaleup: 3): -7454 -7440 -7514 -7479 -7503 -7395 -7371 -7429 # -8321 -8321 -8321 -8321 -8193 -8065 -819CPU side received count (scaleup: 1): -7464 -7506 -7387 -7493 -7462 -7400 -7266 -7346 # -8193 -8321 -8065 -8321 -8321 -8193 -819CPU side received count (scaleup: 0): -7435 -7455 -7460 -7396 -7248 -7191 -7463 -7477 # -8193 -8065 -8193 -8321 -8065 -8321 -832CPU side received count (scaleup: 6): -7501 -7389 -7443 -7421 -7361 -7494 -7356 -7372 # -8321 -8193 -8321 -8193 -8193 -8193 -8063 -8193 
1 -8193 
CPU side received count (scaleup: 4): -7424 -7385 -7365 -7453 -7412 -7404 -7545 -7571 # -8193 -8193 -8193 -8321 -8321 -8193 -8325 -8321 
CPU side received count (scaleup: 7): -7456 -7483 -7363 -7412 -7349 -7497 -7518 -7309 # -8193 -8193 -8193 -8193 -8321 -8193 -8321 -8193 
CPU side received count (scaleup: 5): -7537 -7457 -7391 -7431 -7485 -7464 -7338 -7402 # -8321 -8321 -8193 -8193 -8449 -8193 -8191 -8321 
3 -8193 
3 -8193 
3 -8193 
Elastic buffer uses 4 channels per SM
Elastic buffer uses 4 channels per SM
Elastic buffer uses 4 channels per SM
Elastic buffer uses 4 channels per SM
Elastic buffer uses 4 channels per SM
Elastic buffer uses 4 channels per SM
Elastic buffer uses 4 channels per SM
Elastic buffer uses 4 channels per SM
CPU side received count (scaleup: 6): -7501 -7389 -7443 -7421 -7361 -7494 -7356 -7372 # -8321 -8193 -8321 -8193 -8193 -8193 -806CPU side received count (scaleup: 4): -7424 -7385 -7365 -7453 -7412 -7404 -7545 -7571 # -8193 -8193 -8193 -8321 -8321 -8193 -832CPU side received count (scaleup: 7): -7456 -7483 -7363 -7412 -7349 -7497 -7518 -7309 # -8193 -8193 -8193 -8193 -8321 -8193 -832CPU side received count (scaleup: 5): -7537 -7457 -7391 -7431 -7485 -7464 -7338 -7402 # -8321 -8321 -8193 -8193 -8449 -8193 -8195 -8321 
1 -8193 
CPU side received count (scaleup: 2): -7393 -7496 -7417 -7376 -7342 -7447 -7376 -7426 # -8321 -8193 -8193 -8065 -8321 -8193 -819CPU side received count (scaleup: 3): -7454 -7440 -7514 -7479 -7503 -7395 -7371 -7429 # -8321 -8321 -8321 -8321 -8193 -8065 -819CPU side received count (scaleup: 1): -7464 -7506 -7387 -7493 -7462 -7400 -7266 -7346 # -8193 -8321 -8065 -8321 -8321 -8193 -8193 -8193 
CPU side received count (scaleup: 0): -7435 -7455 -7460 -7396 -7248 -7191 -7463 -7477 # -8193 -8065 -8193 -8321 -8065 -8321 -8321 -8321 
3 -8193 
3 -8193 
3 -8193 
1 -8193 
Elastic buffer uses 4 channels per SM
Elastic buffer uses 4 channels per SM
Elastic buffer uses 4 channels per SM
Elastic buffer uses 4 channels per SM
Elastic buffer uses 4 channels per SM
Elastic buffer uses 4 channels per SM
Elastic buffer uses 4 channels per SM
Elastic buffer uses 4 channels per SM
CPU side received count (scaleup: 4): -7424 -7385 -7365 -7453 -7412 -7404 -7545 -7571 # -8193 -8193 -8193 -8321 -8321 -8193 -832CPU side received count (scaleup: 6): -7501 -7389 -7443 -7421 -7361 -7494 -7356 -7372 # -8321 -8193 -8321 -8193 -8193 -8193 -806CPU side received count (scaleup: 1): -7464 -7506 -7387 -7493 -7462 -7400 -7266 -7346 # -8193 -8321 -8065 -8321 -8321 -8193 -8195 -8321 
CPU side received count (scaleup: 0): -7435 -7455 -7460 -7396 -7248 -7191 -7463 -7477 # -8193 -8065 -8193 -8321 -8065 -8321 -832CPU side received count (scaleup: 2): -7393 -7496 -7417 -7376 -7342 -7447 -7376 -7426 # -8321 -8193 -8193 -8065 -8321 -8193 -8191 -8193 
3 -8193 
CPU side received count (scaleup: 3): -7454 -7440 -7514 -7479 -7503 -7395 -7371 -7429 # -8321 -8321 -8321 -8321 -8193 -8065 -8191 -8193 
CPU side received count (scaleup: 7): -7456 -7483 -7363 -7412 -7349 -7497 -7518 -7309 # -8193 -8193 -8193 -8193 -8321 -8193 -8323 -8193 
CPU side received count (scaleup: 5): -7537 -7457 -7391 -7431 -7485 -7464 -7338 -7402 # -8321 -8321 -8193 -8193 -8449 -8193 -8193 -8193 
3 -8193 
1 -8321 
Elastic buffer uses 4 channels per SM
Elastic buffer uses 4 channels per SM
Elastic buffer uses 4 channels per SM
Elastic buffer uses 4 channels per SM
Elastic buffer uses 4 channels per SM
Elastic buffer uses 4 channels per SM
Elastic buffer uses 4 channels per SM
Elastic buffer uses 4 channels per SM
CPU side received count (scaleup: 4): -7424 -7385 -7365 -7453 -7412 -7404 -7545 -7571 # -8193 -8193 -8193 -8321 -8321 -8193 -832CPU side received count (scaleup: 6): -7501 -7389 -7443 -7421 -7361 -7494 -7356 -7372 # -8321 -8193 -8321 -8193 -8193 -8193 -806CPU side received count (scaleup: 5): -7537 -7457 -7391 -7431 -7485 -7464 -7338 -7402 # -8321 -8321 -8193 -8193 -8449 -8193 -819CPU side received count (scaleup: 7): -7456 -7483 -7363 -7412 -7349 -7497 -7518 -7309 # -8193 -8193 -8193 -8193 -8321 -8193 -8325 -8321 
3 -8193 
1 -8321 
1 -8193 
CPU side received count (scaleup: 2): -7393 -7496 -7417 -7376 -7342 -7447 -7376 -7426 # -8321 -8193 -8193 -8065 -8321 -8193 -819CPU side received count (scaleup: 1): -7464 -7506 -7387 -7493 -7462 -7400 -7266 -7346 # -8193 -8321 -8065 -8321 -8321 -8193 -819CPU side received count (scaleup: 0): -7435 -7455 -7460 -7396 -7248 -7191 -7463 -7477 # -8193 -8065 -8193 -8321 -8065 -8321 -8323 -8193 
3 -8193 
CPU side received count (scaleup: 3): -7454 -7440 -7514 -7479 -7503 -7395 -7371 -7429 # -8321 -8321 -8321 -8321 -8193 -8065 -8191 -8193 
3 -8193 
USDT:2026-08-25 02:54:36 438:438 SyncActivityProfilerHandler.cpp:52] profiler_startUSDT:2026-08-25 02:54:36 434:434 SyncActivityProfilerHandler.cpp:52] profiler_startUSDT:2026-08-25 02:54:36 440:440 SyncActivityProfilerHandler.cpp:52] profiler_startUSDT:2026-08-25 02:54:36 439:439 SyncActivityProfilerHandler.cpp:52] profiler_startUSDT:2026-08-25 02:54:36 436:436 SyncActivityProfilerHandler.cpp:52] profiler_startUSDT:2026-08-25 02:54:36 435:435 SyncActivityProfilerHandler.cpp:52] profiler_start





USDT:2026-08-25 02:54:36 433:433 SyncActivityProfilerHandler.cpp:52] profiler_startUSDT:2026-08-25 02:54:36 437:437 SyncActivityProfilerHandler.cpp:52] profiler_start

Elastic buffer uses 4 channels per SM
Elastic buffer uses 4 channels per SM
Elastic buffer uses 4 channels per SM
Elastic buffer uses 4 channels per SM
Elastic buffer uses 4 channels per SM
Elastic buffer uses 4 channels per SM
Elastic buffer uses 4 channels per SM
Elastic buffer uses 4 channels per SM
CPU side received count (scaleup: 1): -7464 -7506 -7387 -7493 -7462 -7400 -7266 -7346 # -8193 -8321 -8065 -8321 -8321 -8193 -819CPU side received count (scaleup: 2): -7393 -7496 -7417 -7376 -7342 -7447 -7376 -7426 # -8321 -8193 -8193 -8065 -8321 -8193 -819CPU side received count (scaleup: 0): -7435 -7455 -7460 -7396 -7248 -7191 -7463 -7477 # -8193 -8065 -8193 -8321 -8065 -8321 -832CPU side received count (scaleup: 4): -7424 -7385 -7365 -7453 -7412 -7404 -7545 -7571 # -8193 -8193 -8193 -8321 -8321 -8193 -832CPU side received count (scaleup: 3): -7454 -7440 -7514 -7479 -7503 -7395 -7371 -7429 # -8321 -8321 -8321 -8321 -8193 -8065 -819CPU side received count (scaleup: 7): -7456 -7483 -7363 -7412 -7349 -7497 -7518 -7309 # -8193 -8193 -8193 -8193 -8321 -8193 -8323 -8193 
3 -8193 
CPU side received count (scaleup: 5): -7537 -7457 -7391 -7431 -7485 -7464 -7338 -7402 # -8321 -8321 -8193 -8193 -8449 -8193 -819CPU side received count (scaleup: 6): -7501 -7389 -7443 -7421 -7361 -7494 -7356 -7372 # -8321 -8193 -8321 -8193 -8193 -8193 -8063 -8193 
1 -8193 
5 -8321 
1 -8193 
1 -8321 
3 -8193 
Elastic buffer uses 4 channels per SM
Elastic buffer uses 4 channels per SM
Elastic buffer uses 4 channels per SM
Elastic buffer uses 4 channels per SM
Elastic buffer uses 4 channels per SM
Elastic buffer uses 4 channels per SM
Elastic buffer uses 4 channels per SM
Elastic buffer uses 4 channels per SM
CPU side received count (scaleup: 2): -7393 -7496 -7417 -7376 -7342 -7447 -7376 -7426 # -8321 -8193 -8193 -8065 -8321 -8193 -819CPU side received count (scaleup: 3): -7454 -7440 -7514 -7479 -7503 -7395 -7371 -7429 # -8321 -8321 -8321 -8321 -8193 -8065 -819CPU side received count (scaleup: 1): -7464 -7506 -7387 -7493 -7462 -7400 -7266 -7346 # -8193 -8321 -8065 -8321 -8321 -8193 -819CPU side received count (scaleup: 0): -7435 -7455 -7460 -7396 -7248 -7191 -7463 -7477 # -8193 -8065 -8193 -8321 -8065 -8321 -8323 -8193 
3 -8193 
3 -8193 
1 -8193 
CPU side received count (scaleup: 6): -7501 -7389 -7443 -7421 -7361 -7494 -7356 -7372 # -8321 -8193 -8321 -8193 -8193 -8193 -806CPU side received count (scaleup: 4): -7424 -7385 -7365 -7453 -7412 -7404 -7545 -7571 # -8193 -8193 -8193 -8321 -8321 -8193 -832CPU side received count (scaleup: 7): -7456 -7483 -7363 -7412 -7349 -7497 -7518 -7309 # -8193 -8193 -8193 -8193 -8321 -8193 -8321 -8193 
CPU side received count (scaleup: 5): -7537 -7457 -7391 -7431 -7485 -7464 -7338 -7402 # -8321 -8321 -8193 -8193 -8449 -8193 -8195 -8321 
1 -8321 
3 -8193 
Elastic buffer uses 4 channels per SM
Elastic buffer uses 4 channels per SM
Elastic buffer uses 4 channels per SM
Elastic buffer uses 4 channels per SM
Elastic buffer uses 4 channels per SM
Elastic buffer uses 4 channels per SM
Elastic buffer uses 4 channels per SM
Elastic buffer uses 4 channels per SM
CPU side received count (scaleup: 2): -7393 -7496 -7417 -7376 -7342 -7447 -7376 -7426 # -8321 -8193 -8193 -8065 -8321 -8193 -819CPU side received count (scaleup: 1): -7464 -7506 -7387 -7493 -7462 -7400 -7266 -7346 # -8193 -8321 -8065 -8321 -8321 -8193 -819CPU side received count (scaleup: 0): -7435 -7455 -7460 -7396 -7248 -7191 -7463 -7477 # -8193 -8065 -8193 -8321 -8065 -8321 -8323 -8193 
1 -8193 
3 -8193 
CPU side received count (scaleup: 3): -7454 -7440 -7514 -7479 -7503 -7395 -7371 -7429 # -8321 -8321 -8321 -8321 -8193 -8065 -819CPU side received count (scaleup: 7): -7456 -7483 -7363 -7412 -7349 -7497 -7518 -7309 # -8193 -8193 -8193 -8193 -8321 -8193 -8323 -8193 
CPU side received count (scaleup: 5): -7537 -7457 -7391 -7431 -7485 -7464 -7338 -7402 # -8321 -8321 -8193 -8193 -8449 -8193 -819CPU side received count (scaleup: 4): -7424 -7385 -7365 -7453 -7412 -7404 -7545 -7571 # -8193 -8193 -8193 -8321 -8321 -8193 -832CPU side received count (scaleup: 6): -7501 -7389 -7443 -7421 -7361 -7494 -7356 -7372 # -8321 -8193 -8321 -8193 -8193 -8193 -8061 -8193 
3 -8193 
1 -8321 
5 -8321 
Elastic buffer uses 4 channels per SM
Elastic buffer uses 4 channels per SM
Elastic buffer uses 4 channels per SM
Elastic buffer uses 4 channels per SM
Elastic buffer uses 4 channels per SM
Elastic buffer uses 4 channels per SM
Elastic buffer uses 4 channels per SM
Elastic buffer uses 4 channels per SM
CPU side received count (scaleup: 2): -7393 -7496 -7417 -7376 -7342 -7447 -7376 -7426 # -8321 -8193 -8193 -8065 -8321 -8193 -819CPU side received count (scaleup: 0): -7435 -7455 -7460 -7396 -7248 -7191 -7463 -7477 # -8193 -8065 -8193 -8321 -8065 -8321 -832CPU side received count (scaleup: 1): -7464 -7506 -7387 -7493 -7462 -7400 -7266 -7346 # -8193 -8321 -8065 -8321 -8321 -8193 -8193 -8193 
CPU side received count (scaleup: 3): -7454 -7440 -7514 -7479 -7503 -7395 -7371 -7429 # -8321 -8321 -8321 -8321 -8193 -8065 -8191 -8193 
CPU side received count (scaleup: 6): -7501 -7389 -7443 -7421 -7361 -7494 -7356 -7372 # -8321 -8193 -8321 -8193 -8193 -8193 -806CPU side received count (scaleup: 7): -7456 -7483 -7363 -7412 -7349 -7497 -7518 -7309 # -8193 -8193 -8193 -8193 -8321 -8193 -8323 -8193 
3 -8193 
1 -8321 
CPU side received count (scaleup: 4): -7424 -7385 -7365 -7453 -7412 -7404 -7545 -7571 # -8193 -8193 -8193 -8321 -8321 -8193 -832CPU side received count (scaleup: 5): -7537 -7457 -7391 -7431 -7485 -7464 -7338 -7402 # -8321 -8321 -8193 -8193 -8449 -8193 -8195 -8321 
1 -8193 
3 -8193 
Elastic buffer uses 4 channels per SM
Elastic buffer uses 4 channels per SM
Elastic buffer uses 4 channels per SM
Elastic buffer uses 4 channels per SM
Elastic buffer uses 4 channels per SM
Elastic buffer uses 4 channels per SM
Elastic buffer uses 4 channels per SM
Elastic buffer uses 4 channels per SM
CPU side received count (scaleup: 2): -7393 -7496 -7417 -7376 -7342 -7447 -7376 -7426 # -8321 -8193 -8193 -8065 -8321 -8193 -819CPU side received count (scaleup: 1): -7464 -7506 -7387 -7493 -7462 -7400 -7266 -7346 # -8193 -8321 -8065 -8321 -8321 -8193 -819CPU side received count (scaleup: 3): -7454 -7440 -7514 -7479 -7503 -7395 -7371 -7429 # -8321 -8321 -8321 -8321 -8193 -8065 -819CPU side received count (scaleup: 0): -7435 -7455 -7460 -7396 -7248 -7191 -7463 -7477 # -8193 -8065 -8193 -8321 -8065 -8321 -832CPU side received count (scaleup: 5): -7537 -7457 -7391 -7431 -7485 -7464 -7338 -7402 # -8321 -8321 -8193 -8193 -8449 -8193 -8193 -8193 
3 -8193 
CPU side received count (scaleup: 4): -7424 -7385 -7365 -7453 -7412 -7404 -7545 -7571 # -8193 -8193 -8193 -8321 -8321 -8193 -832CPU side received count (scaleup: 7): -7456 -7483 -7363 -7412 -7349 -7497 -7518 -7309 # -8193 -8193 -8193 -8193 -8321 -8193 -8321 -8193 
CPU side received count (scaleup: 6): -7501 -7389 -7443 -7421 -7361 -7494 -7356 -7372 # -8321 -8193 -8321 -8193 -8193 -8193 -8061 -8321 
3 -8193 
3 -8193 
1 -8193 
5 -8321 
Elastic buffer uses 4 channels per SM
Elastic buffer uses 4 channels per SM
Elastic buffer uses 4 channels per SM
Elastic buffer uses 4 channels per SM
Elastic buffer uses 4 channels per SM
Elastic buffer uses 4 channels per SM
Elastic buffer uses 4 channels per SM
Elastic buffer uses 4 channels per SM
CPU side received count (scaleup: 2): -7393 -7496 -7417 -7376 -7342 -7447 -7376 -7426 # -8321 -8193 -8193 -8065 -8321 -8193 -819CPU side received count (scaleup: 1): -7464 -7506 -7387 -7493 -7462 -7400 -7266 -7346 # -8193 -8321 -8065 -8321 -8321 -8193 -819CPU side received count (scaleup: 0): -7435 -7455 -7460 -7396 -7248 -7191 -7463 -7477 # -8193 -8065 -8193 -8321 -8065 -8321 -832CPU side received count (scaleup: 3): -7454 -7440 -7514 -7479 -7503 -7395 -7371 -7429 # -8321 -8321 -8321 -8321 -8193 -8065 -8193 -8193 
CPU side received count (scaleup: 4): -7424 -7385 -7365 -7453 -7412 -7404 -7545 -7571 # -8193 -8193 -8193 -8321 -8321 -8193 -832CPU side received count (scaleup: 5): -7537 -7457 -7391 -7431 -7485 -7464 -7338 -7402 # -8321 -8321 -8193 -8193 -8449 -8193 -819CPU side received count (scaleup: 6): -7501 -7389 -7443 -7421 -7361 -7494 -7356 -7372 # -8321 -8193 -8321 -8193 -8193 -8193 -8061 -8193 
3 -8193 
CPU side received count (scaleup: 7): -7456 -7483 -7363 -7412 -7349 -7497 -7518 -7309 # -8193 -8193 -8193 -8193 -8321 -8193 -8323 -8193 
1 -8193 
1 -8321 
3 -8193 
5 -8321 
Elastic buffer uses 4 channels per SM
Elastic buffer uses 4 channels per SM
Elastic buffer uses 4 channels per SM
Elastic buffer uses 4 channels per SM
Elastic buffer uses 4 channels per SM
Elastic buffer uses 4 channels per SM
Elastic buffer uses 4 channels per SM
Elastic buffer uses 4 channels per SM
CPU side received count (scaleup: 6): -7501 -7389 -7443 -7421 -7361 -7494 -7356 -7372 # -8321 -8193 -8321 -8193 -8193 -8193 -806CPU side received count (scaleup: 4): -7424 -7385 -7365 -7453 -7412 -7404 -7545 -7571 # -8193 -8193 -8193 -8321 -8321 -8193 -832CPU side received count (scaleup: 7): -7456 -7483 -7363 -7412 -7349 -7497 -7518 -7309 # -8193 -8193 -8193 -8193 -8321 -8193 -832CPU side received count (scaleup: 5): -7537 -7457 -7391 -7431 -7485 -7464 -7338 -7402 # -8321 -8321 -8193 -8193 -8449 -8193 -8195 -8321 
1 -8193 
CPU side received count (scaleup: 3): -7454 -7440 -7514 -7479 -7503 -7395 -7371 -7429 # -8321 -8321 -8321 -8321 -8193 -8065 -819CPU side received count (scaleup: 1): -7464 -7506 -7387 -7493 -7462 -7400 -7266 -7346 # -8193 -8321 -8065 -8321 -8321 -8193 -8193 -8193 
CPU side received count (scaleup: 2): -7393 -7496 -7417 -7376 -7342 -7447 -7376 -7426 # -8321 -8193 -8193 -8065 -8321 -8193 -8191 -8321 
CPU side received count (scaleup: 0): -7435 -7455 -7460 -7396 -7248 -7191 -7463 -7477 # -8193 -8065 -8193 -8321 -8065 -8321 -8323 -8193 
1 -8193 
3 -8193 
3 -8193 
Elastic buffer uses 4 channels per SM
Elastic buffer uses 4 channels per SM
Elastic buffer uses 4 channels per SM
Elastic buffer uses 4 channels per SM
Elastic buffer uses 4 channels per SM
Elastic buffer uses 4 channels per SM
Elastic buffer uses 4 channels per SM
Elastic buffer uses 4 channels per SM
CPU side received count (scaleup: 2): -7393 -7496 -7417 -7376 -7342 -7447 -7376 -7426 # -8321 -8193 -8193 -8065 -8321 -8193 -819CPU side received count (scaleup: 1): -7464 -7506 -7387 -7493 -7462 -7400 -7266 -7346 # -8193 -8321 -8065 -8321 -8321 -8193 -819CPU side received count (scaleup: 0): -7435 -7455 -7460 -7396 -7248 -7191 -7463 -7477 # -8193 -8065 -8193 -8321 -8065 -8321 -8323 -8193 
3 -8193 
1 -8193 
CPU side received count (scaleup: 4): -7424 -7385 -7365 -7453 -7412 -7404 -7545 -7571 # -8193 -8193 -8193 -8321 -8321 -8193 -832CPU side received count (scaleup: 5): -7537 -7457 -7391 -7431 -7485 -7464 -7338 -7402 # -8321 -8321 -8193 -8193 -8449 -8193 -819CPU side received count (scaleup: 7): -7456 -7483 -7363 -7412 -7349 -7497 -7518 -7309 # -8193 -8193 -8193 -8193 -8321 -8193 -8321 -8193 
CPU side received count (scaleup: 6): -7501 -7389 -7443 -7421 -7361 -7494 -7356 -7372 # -8321 -8193 -8321 -8193 -8193 -8193 -8063 -8193 
1 -8321 
5 -8321 
CPU side received count (scaleup: 3): -7454 -7440 -7514 -7479 -7503 -7395 -7371 -7429 # -8321 -8321 -8321 -8321 -8193 -8065 -8193 -8193 
Elastic buffer uses 4 channels per SM
Elastic buffer uses 4 channels per SM
Elastic buffer uses 4 channels per SM
Elastic buffer uses 4 channels per SM
Elastic buffer uses 4 channels per SM
Elastic buffer uses 4 channels per SM
Elastic buffer uses 4 channels per SM
Elastic buffer uses 4 channels per SM
CPU side received count (scaleup: 6): -7501 -7389 -7443 -7421 -7361 -7494 -7356 -7372 # -8321 -8193 -8321 -8193 -8193 -8193 -806CPU side received count (scaleup: 4): -7424 -7385 -7365 -7453 -7412 -7404 -7545 -7571 # -8193 -8193 -8193 -8321 -8321 -8193 -832CPU side received count (scaleup: 7): -7456 -7483 -7363 -7412 -7349 -7497 -7518 -7309 # -8193 -8193 -8193 -8193 -8321 -8193 -832CPU side received count (scaleup: 5): -7537 -7457 -7391 -7431 -7485 -7464 -7338 -7402 # -8321 -8321 -8193 -8193 -8449 -8193 -8195 -8321 
1 -8193 
3 -8193 
1 -8321 
CPU side received count (scaleup: 3): -7454 -7440 -7514 -7479 -7503 -7395 -7371 -7429 # -8321 -8321 -8321 -8321 -8193 -8065 -819CPU side received count (scaleup: 1): -7464 -7506 -7387 -7493 -7462 -7400 -7266 -7346 # -8193 -8321 -8065 -8321 -8321 -8193 -819CPU side received count (scaleup: 0): -7435 -7455 -7460 -7396 -7248 -7191 -7463 -7477 # -8193 -8065 -8193 -8321 -8065 -8321 -832CPU side received count (scaleup: 2): -7393 -7496 -7417 -7376 -7342 -7447 -7376 -7426 # -8321 -8193 -8193 -8065 -8321 -8193 -8191 -8193 
3 -8193 
3 -8193 
3 -8193 
Elastic buffer uses 4 channels per SM
Elastic buffer uses 4 channels per SM
Elastic buffer uses 4 channels per SM
Elastic buffer uses 4 channels per SM
Elastic buffer uses 4 channels per SM
Elastic buffer uses 4 channels per SM
Elastic buffer uses 4 channels per SM
Elastic buffer uses 4 channels per SM
CPU side received count (scaleup: 4): -7424 -7385 -7365 -7453 -7412 -7404 -7545 -7571 # -8193 -8193 -8193 -8321 -8321 -8193 -832CPU side received count (scaleup: 6): -7501 -7389 -7443 -7421 -7361 -7494 -7356 -7372 # -8321 -8193 -8321 -8193 -8193 -8193 -806CPU side received count (scaleup: 7): -7456 -7483 -7363 -7412 -7349 -7497 -7518 -7309 # -8193 -8193 -8193 -8193 -8321 -8193 -832CPU side received count (scaleup: 5): -7537 -7457 -7391 -7431 -7485 -7464 -7338 -7402 # -8321 -8321 -8193 -8193 -8449 -8193 -8195 -8321 
1 -8321 
1 -8193 
3 -8193 
CPU side received count (scaleup: 2): -7393 -7496 -7417 -7376 -7342 -7447 -7376 -7426 # -8321 -8193 -8193 -8065 -8321 -8193 -819CPU side received count (scaleup: 1): -7464 -7506 -7387 -7493 -7462 -7400 -7266 -7346 # -8193 -8321 -8065 -8321 -8321 -8193 -819CPU side received count (scaleup: 3): -7454 -7440 -7514 -7479 -7503 -7395 -7371 -7429 # -8321 -8321 -8321 -8321 -8193 -8065 -819CPU side received count (scaleup: 0): -7435 -7455 -7460 -7396 -7248 -7191 -7463 -7477 # -8193 -8065 -8193 -8321 -8065 -8321 -8323 -8193 
3 -8193 
3 -8193 
1 -8193 
Elastic buffer uses 4 channels per SM
Elastic buffer uses 4 channels per SM
Elastic buffer uses 4 channels per SM
Elastic buffer uses 4 channels per SM
Elastic buffer uses 4 channels per SM
Elastic buffer uses 4 channels per SM
Elastic buffer uses 4 channels per SM
Elastic buffer uses 4 channels per SM
CPU side received count (scaleup: 2): -7393 -7496 -7417 -7376 -7342 -7447 -7376 -7426 # -8321 -8193 -8193 -8065 -8321 -8193 -819CPU side received count (scaleup: 1): -7464 -7506 -7387 -7493 -7462 -7400 -7266 -7346 # -8193 -8321 -8065 -8321 -8321 -8193 -819CPU side received count (scaleup: 3): -7454 -7440 -7514 -7479 -7503 -7395 -7371 -7429 # -8321 -8321 -8321 -8321 -8193 -8065 -819CPU side received count (scaleup: 0): -7435 -7455 -7460 -7396 -7248 -7191 -7463 -7477 # -8193 -8065 -8193 -8321 -8065 -8321 -8323 -8193 
3 -8193 
3 -8193 
CPU side received count (scaleup: 6): -7501 -7389 -7443 -7421 -7361 -7494 -7356 -7372 # -8321 -8193 -8321 -8193 -8193 -8193 -806CPU side received count (scaleup: 5): -7537 -7457 -7391 -7431 -7485 -7464 -7338 -7402 # -8321 -8321 -8193 -8193 -8449 -8193 -8191 -8193 
CPU side received count (scaleup: 4): -7424 -7385 -7365 -7453 -7412 -7404 -7545 -7571 # -8193 -8193 -8193 -8321 -8321 -8193 -832CPU side received count (scaleup: 7): -7456 -7483 -7363 -7412 -7349 -7497 -7518 -7309 # -8193 -8193 -8193 -8193 -8321 -8193 -8325 -8321 
3 -8193 
1 -8193 
1 -8321 
Elastic buffer uses 4 channels per SM
Elastic buffer uses 4 channels per SM
Elastic buffer uses 4 channels per SM
Elastic buffer uses 4 channels per SM
Elastic buffer uses 4 channels per SM
Elastic buffer uses 4 channels per SM
Elastic buffer uses 4 channels per SM
Elastic buffer uses 4 channels per SM
CPU side received count (scaleup: 2): -7393 -7496 -7417 -7376 -7342 -7447 -7376 -7426 # -8321 -8193 -8193 -8065 -8321 -8193 -819CPU side received count (scaleup: 1): -7464 -7506 -7387 -7493 -7462 -7400 -7266 -7346 # -8193 -8321 -8065 -8321 -8321 -8193 -819CPU side received count (scaleup: 0): -7435 -7455 -7460 -7396 -7248 -7191 -7463 -7477 # -8193 -8065 -8193 -8321 -8065 -8321 -832CPU side received count (scaleup: 3): -7454 -7440 -7514 -7479 -7503 -7395 -7371 -7429 # -8321 -8321 -8321 -8321 -8193 -8065 -8193 -8193 
3 -8193 
CPU side received count (scaleup: 7): -7456 -7483 -7363 -7412 -7349 -7497 -7518 -7309 # -8193 -8193 -8193 -8193 -8321 -8193 -832CPU side received count (scaleup: 6): -7501 -7389 -7443 -7421 -7361 -7494 -7356 -7372 # -8321 -8193 -8321 -8193 -8193 -8193 -806CPU side received count (scaleup: 4): -7424 -7385 -7365 -7453 -7412 -7404 -7545 -7571 # -8193 -8193 -8193 -8321 -8321 -8193 -8321 -8193 
CPU side received count (scaleup: 5): -7537 -7457 -7391 -7431 -7485 -7464 -7338 -7402 # -8321 -8321 -8193 -8193 -8449 -8193 -8193 -8193 
5 -8321 
1 -8321 
1 -8193 
3 -8193 
Elastic buffer uses 4 channels per SM
Elastic buffer uses 4 channels per SM
Elastic buffer uses 4 channels per SM
Elastic buffer uses 4 channels per SM
Elastic buffer uses 4 channels per SM
Elastic buffer uses 4 channels per SM
Elastic buffer uses 4 channels per SM
Elastic buffer uses 4 channels per SM
CPU side received count (scaleup: 2): -7393 -7496 -7417 -7376 -7342 -7447 -7376 -7426 # -8321 -8193 -8193 -8065 -8321 -8193 -819CPU side received count (scaleup: 1): -7464 -7506 -7387 -7493 -7462 -7400 -7266 -7346 # -8193 -8321 -8065 -8321 -8321 -8193 -819CPU side received count (scaleup: 0): -7435 -7455 -7460 -7396 -7248 -7191 -7463 -7477 # -8193 -8065 -8193 -8321 -8065 -8321 -832CPU side received count (scaleup: 3): -7454 -7440 -7514 -7479 -7503 -7395 -7371 -7429 # -8321 -8321 -8321 -8321 -8193 -8065 -8193 -8193 
3 -8193 
1 -8193 
CPU side received count (scaleup: 7): -7456 -7483 -7363 -7412 -7349 -7497 -7518 -7309 # -8193 -8193 -8193 -8193 -8321 -8193 -832CPU side received count (scaleup: 5): -7537 -7457 -7391 -7431 -7485 -7464 -7338 -7402 # -8321 -8321 -8193 -8193 -8449 -8193 -819CPU side received count (scaleup: 4): -7424 -7385 -7365 -7453 -7412 -7404 -7545 -7571 # -8193 -8193 -8193 -8321 -8321 -8193 -832CPU side received count (scaleup: 6): -7501 -7389 -7443 -7421 -7361 -7494 -7356 -7372 # -8321 -8193 -8321 -8193 -8193 -8193 -8063 -8193 
1 -8321 
3 -8193 
1 -8193 
5 -8321 
Elastic buffer uses 4 channels per SM
Elastic buffer uses 4 channels per SM
Elastic buffer uses 4 channels per SM
Elastic buffer uses 4 channels per SM
Elastic buffer uses 4 channels per SM
Elastic buffer uses 4 channels per SM
Elastic buffer uses 4 channels per SM
Elastic buffer uses 4 channels per SM
CPU side received count (scaleup: 2): -7393 -7496 -7417 -7376 -7342 -7447 -7376 -7426 # -8321 -8193 -8193 -8065 -8321 -8193 -819CPU side received count (scaleup: 1): -7464 -7506 -7387 -7493 -7462 -7400 -7266 -7346 # -8193 -8321 -8065 -8321 -8321 -8193 -819CPU side received count (scaleup: 3): -7454 -7440 -7514 -7479 -7503 -7395 -7371 -7429 # -8321 -8321 -8321 -8321 -8193 -8065 -819CPU side received count (scaleup: 0): -7435 -7455 -7460 -7396 -7248 -7191 -7463 -7477 # -8193 -8065 -8193 -8321 -8065 -8321 -8323 -8193 
3 -8193 
1 -8193 
3 -8193 
CPU side received count (scaleup: 6): -7501 -7389 -7443 -7421 -7361 -7494 -7356 -7372 # -8321 -8193 -8321 -8193 -8193 -8193 -806CPU side received count (scaleup: 5): -7537 -7457 -7391 -7431 -7485 -7464 -7338 -7402 # -8321 -8321 -8193 -8193 -8449 -8193 -819CPU side received count (scaleup: 4): -7424 -7385 -7365 -7453 -7412 -7404 -7545 -7571 # -8193 -8193 -8193 -8321 -8321 -8193 -832CPU side received count (scaleup: 7): -7456 -7483 -7363 -7412 -7349 -7497 -7518 -7309 # -8193 -8193 -8193 -8193 -8321 -8193 -8323 -8193 
1 -8321 
5 -8321 
1 -8193 
Elastic buffer uses 4 channels per SM
Elastic buffer uses 4 channels per SM
Elastic buffer uses 4 channels per SM
Elastic buffer uses 4 channels per SM
Elastic buffer uses 4 channels per SM
Elastic buffer uses 4 channels per SM
Elastic buffer uses 4 channels per SM
Elastic buffer uses 4 channels per SM
CPU side received count (scaleup: 2): -7393 -7496 -7417 -7376 -7342 -7447 -7376 -7426 # -8321 -8193 -8193 -8065 -8321 -8193 -819CPU side received count (scaleup: 3): -7454 -7440 -7514 -7479 -7503 -7395 -7371 -7429 # -8321 -8321 -8321 -8321 -8193 -8065 -819CPU side received count (scaleup: 1): -7464 -7506 -7387 -7493 -7462 -7400 -7266 -7346 # -8193 -8321 -8065 -8321 -8321 -8193 -819CPU side received count (scaleup: 0): -7435 -7455 -7460 -7396 -7248 -7191 -7463 -7477 # -8193 -8065 -8193 -8321 -8065 -8321 -8323 -8193 
3 -8193 
3 -8193 
1 -8193 
CPU side received count (scaleup: 6): -7501 -7389 -7443 -7421 -7361 -7494 -7356 -7372 # -8321 -8193 -8321 -8193 -8193 -8193 -806CPU side received count (scaleup: 5): -7537 -7457 -7391 -7431 -7485 -7464 -7338 -7402 # -8321 -8321 -8193 -8193 -8449 -8193 -819CPU side received count (scaleup: 7): -7456 -7483 -7363 -7412 -7349 -7497 -7518 -7309 # -8193 -8193 -8193 -8193 -8321 -8193 -8323 -8193 
CPU side received count (scaleup: 4): -7424 -7385 -7365 -7453 -7412 -7404 -7545 -7571 # -8193 -8193 -8193 -8321 -8321 -8193 -8321 -8321 
5 -8321 
1 -8193 
Elastic buffer uses 4 channels per SM
Elastic buffer uses 4 channels per SM
Elastic buffer uses 4 channels per SM
Elastic buffer uses 4 channels per SM
Elastic buffer uses 4 channels per SM
Elastic buffer uses 4 channels per SM
Elastic buffer uses 4 channels per SM
Elastic buffer uses 4 channels per SM
CPU side received count (scaleup: 1): -7464 -7506 -7387 -7493 -7462 -7400 -7266 -7346 # -8193 -8321 -8065 -8321 -8321 -8193 -819CPU side received count (scaleup: 0): -7435 -7455 -7460 -7396 -7248 -7191 -7463 -7477 # -8193 -8065 -8193 -8321 -8065 -8321 -832CPU side received count (scaleup: 2): -7393 -7496 -7417 -7376 -7342 -7447 -7376 -7426 # -8321 -8193 -8193 -8065 -8321 -8193 -819CPU side received count (scaleup: 3): -7454 -7440 -7514 -7479 -7503 -7395 -7371 -7429 # -8321 -8321 -8321 -8321 -8193 -8065 -8193 -8193 
1 -8193 
CPU side received count (scaleup: 6): -7501 -7389 -7443 -7421 -7361 -7494 -7356 -7372 # -8321 -8193 -8321 -8193 -8193 -8193 -8063 -8193 
CPU side received count (scaleup: 7): -7456 -7483 -7363 -7412 -7349 -7497 -7518 -7309 # -8193 -8193 -8193 -8193 -8321 -8193 -832CPU side received count (scaleup: 4): -7424 -7385 -7365 -7453 -7412 -7404 -7545 -7571 # -8193 -8193 -8193 -8321 -8321 -8193 -8323 -8193 
CPU side received count (scaleup: 5): -7537 -7457 -7391 -7431 -7485 -7464 -7338 -7402 # -8321 -8321 -8193 -8193 -8449 -8193 -8191 -8193 
5 -8321 
1 -8321 
3 -8193 
Elastic buffer uses 4 channels per SM
Elastic buffer uses 4 channels per SM
Elastic buffer uses 4 channels per SM
Elastic buffer uses 4 channels per SM
Elastic buffer uses 4 channels per SM
Elastic buffer uses 4 channels per SM
Elastic buffer uses 4 channels per SM
Elastic buffer uses 4 channels per SM
CPU side received count (scaleup: 4): -7424 -7385 -7365 -7453 -7412 -7404 -7545 -7571 # -8193 -8193 -8193 -8321 -8321 -8193 -832CPU side received count (scaleup: 5): -7537 -7457 -7391 -7431 -7485 -7464 -7338 -7402 # -8321 -8321 -8193 -8193 -8449 -8193 -819CPU side received count (scaleup: 7): -7456 -7483 -7363 -7412 -7349 -7497 -7518 -7309 # -8193 -8193 -8193 -8193 -8321 -8193 -832CPU side received count (scaleup: 6): -7501 -7389 -7443 -7421 -7361 -7494 -7356 -7372 # -8321 -8193 -8321 -8193 -8193 -8193 -8061 -8193 
3 -8193 
1 -8321 
5 -8321 
CPU side received count (scaleup: 2): -7393 -7496 -7417 -7376 -7342 -7447 -7376 -7426 # -8321 -8193 -8193 -8065 -8321 -8193 -819CPU side received count (scaleup: 1): -7464 -7506 -7387 -7493 -7462 -7400 -7266 -7346 # -8193 -8321 -8065 -8321 -8321 -8193 -819CPU side received count (scaleup: 0): -7435 -7455 -7460 -7396 -7248 -7191 -7463 -7477 # -8193 -8065 -8193 -8321 -8065 -8321 -8323 -8193 
3 -8193 
CPU side received count (scaleup: 3): -7454 -7440 -7514 -7479 -7503 -7395 -7371 -7429 # -8321 -8321 -8321 -8321 -8193 -8065 -8191 -8193 
3 -8193 
Elastic buffer uses 4 channels per SM
Elastic buffer uses 4 channels per SM
Elastic buffer uses 4 channels per SM
Elastic buffer uses 4 channels per SM
Elastic buffer uses 4 channels per SM
Elastic buffer uses 4 channels per SM
Elastic buffer uses 4 channels per SM
Elastic buffer uses 4 channels per SM
CPU side received count (scaleup: 2): -7393 -7496 -7417 -7376 -7342 -7447 -7376 -7426 # -8321 -8193 -8193 -8065 -8321 -8193 -819CPU side received count (scaleup: 0): -7435 -7455 -7460 -7396 -7248 -7191 -7463 -7477 # -8193 -8065 -8193 -8321 -8065 -8321 -832CPU side received count (scaleup: 3): -7454 -7440 -7514 -7479 -7503 -7395 -7371 -7429 # -8321 -8321 -8321 -8321 -8193 -8065 -819CPU side received count (scaleup: 1): -7464 -7506 -7387 -7493 -7462 -7400 -7266 -7346 # -8193 -8321 -8065 -8321 -8321 -8193 -819CPU side received count (scaleup: 6): -7501 -7389 -7443 -7421 -7361 -7494 -7356 -7372 # -8321 -8193 -8321 -8193 -8193 -8193 -8061 -8193 
CPU side received count (scaleup: 5): -7537 -7457 -7391 -7431 -7485 -7464 -7338 -7402 # -8321 -8321 -8193 -8193 -8449 -8193 -8193 -8193 
3 -8193 
CPU side received count (scaleup: 4): -7424 -7385 -7365 -7453 -7412 -7404 -7545 -7571 # -8193 -8193 -8193 -8321 -8321 -8193 -8323 -8193 
CPU side received count (scaleup: 7): -7456 -7483 -7363 -7412 -7349 -7497 -7518 -7309 # -8193 -8193 -8193 -8193 -8321 -8193 -8325 -8321 
3 -8193 
1 -8193 
1 -8321 
Elastic buffer uses 4 channels per SM
Elastic buffer uses 4 channels per SM
Elastic buffer uses 4 channels per SM
Elastic buffer uses 4 channels per SM
Elastic buffer uses 4 channels per SM
Elastic buffer uses 4 channels per SM
Elastic buffer uses 4 channels per SM
Elastic buffer uses 4 channels per SM
CPU side received count (scaleup: 6): -7501 -7389 -7443 -7421 -7361 -7494 -7356 -7372 # -8321 -8193 -8321 -8193 -8193 -8193 -806CPU side received count (scaleup: 4): -7424 -7385 -7365 -7453 -7412 -7404 -7545 -7571 # -8193 -8193 -8193 -8321 -8321 -8193 -832CPU side received count (scaleup: 5): -7537 -7457 -7391 -7431 -7485 -7464 -7338 -7402 # -8321 -8321 -8193 -8193 -8449 -8193 -8195 -8321 
1 -8193 
3 -8193 
CPU side received count (scaleup: 2): -7393 -7496 -7417 -7376 -7342 -7447 -7376 -7426 # -8321 -8193 -8193 -8065 -8321 -8193 -819CPU side received count (scaleup: 1): -7464 -7506 -7387 -7493 -7462 -7400 -7266 -7346 # -8193 -8321 -8065 -8321 -8321 -8193 -8193 -8193 
CPU side received count (scaleup: 7): -7456 -7483 -7363 -7412 -7349 -7497 -7518 -7309 # -8193 -8193 -8193 -8193 -8321 -8193 -832CPU side received count (scaleup: 0): -7435 -7455 -7460 -7396 -7248 -7191 -7463 -7477 # -8193 -8065 -8193 -8321 -8065 -8321 -8323 -8193 
1 -8193 
1 -8321 
CPU side received count (scaleup: 3): -7454 -7440 -7514 -7479 -7503 -7395 -7371 -7429 # -8321 -8321 -8321 -8321 -8193 -8065 -8193 -8193 
Elastic buffer uses 4 channels per SM
Elastic buffer uses 4 channels per SM
Elastic buffer uses 4 channels per SM
Elastic buffer uses 4 channels per SM
Elastic buffer uses 4 channels per SM
Elastic buffer uses 4 channels per SM
Elastic buffer uses 4 channels per SM
Elastic buffer uses 4 channels per SM
CPU side received count (scaleup: 6): -7501 -7389 -7443 -7421 -7361 -7494 -7356 -7372 # -8321 -8193 -8321 -8193 -8193 -8193 -806CPU side received count (scaleup: 4): -7424 -7385 -7365 -7453 -7412 -7404 -7545 -7571 # -8193 -8193 -8193 -8321 -8321 -8193 -832CPU side received count (scaleup: 7): -7456 -7483 -7363 -7412 -7349 -7497 -7518 -7309 # -8193 -8193 -8193 -8193 -8321 -8193 -832CPU side received count (scaleup: 5): -7537 -7457 -7391 -7431 -7485 -7464 -7338 -7402 # -8321 -8321 -8193 -8193 -8449 -8193 -8195 -8321 
1 -8321 
CPU side received count (scaleup: 2): -7393 -7496 -7417 -7376 -7342 -7447 -7376 -7426 # -8321 -8193 -8193 -8065 -8321 -8193 -8191 -8193 
CPU side received count (scaleup: 1): -7464 -7506 -7387 -7493 -7462 -7400 -7266 -7346 # -8193 -8321 -8065 -8321 -8321 -8193 -8193 -8193 
CPU side received count (scaleup: 0): -7435 -7455 -7460 -7396 -7248 -7191 -7463 -7477 # -8193 -8065 -8193 -8321 -8065 -8321 -832CPU side received count (scaleup: 3): -7454 -7440 -7514 -7479 -7503 -7395 -7371 -7429 # -8321 -8321 -8321 -8321 -8193 -8065 -8193 -8193 
3 -8193 
1 -8193 
3 -8193 
Elastic buffer uses 4 channels per SM
Elastic buffer uses 4 channels per SM
Elastic buffer uses 4 channels per SM
Elastic buffer uses 4 channels per SM
Elastic buffer uses 4 channels per SM
Elastic buffer uses 4 channels per SM
Elastic buffer uses 4 channels per SM
Elastic buffer uses 4 channels per SM
CPU side received count (scaleup: 6): -7501 -7389 -7443 -7421 -7361 -7494 -7356 -7372 # -8321 -8193 -8321 -8193 -8193 -8193 -806CPU side received count (scaleup: 4): -7424 -7385 -7365 -7453 -7412 -7404 -7545 -7571 # -8193 -8193 -8193 -8321 -8321 -8193 -832CPU side received count (scaleup: 5): -7537 -7457 -7391 -7431 -7485 -7464 -7338 -7402 # -8321 -8321 -8193 -8193 -8449 -8193 -819CPU side received count (scaleup: 7): -7456 -7483 -7363 -7412 -7349 -7497 -7518 -7309 # -8193 -8193 -8193 -8193 -8321 -8193 -8325 -8321 
1 -8193 
3 -8193 
CPU side received count (scaleup: 2): -7393 -7496 -7417 -7376 -7342 -7447 -7376 -7426 # -8321 -8193 -8193 -8065 -8321 -8193 -8191 -8321 
CPU side received count (scaleup: 1): -7464 -7506 -7387 -7493 -7462 -7400 -7266 -7346 # -8193 -8321 -8065 -8321 -8321 -8193 -819CPU side received count (scaleup: 0): -7435 -7455 -7460 -7396 -7248 -7191 -7463 -7477 # -8193 -8065 -8193 -8321 -8065 -8321 -832CPU side received count (scaleup: 3): -7454 -7440 -7514 -7479 -7503 -7395 -7371 -7429 # -8321 -8321 -8321 -8321 -8193 -8065 -8193 -8193 
3 -8193 
1 -8193 
3 -8193 
Elastic buffer uses 4 channels per SM
Elastic buffer uses 4 channels per SM
Elastic buffer uses 4 channels per SM
Elastic buffer uses 4 channels per SM
Elastic buffer uses 4 channels per SM
Elastic buffer uses 4 channels per SM
Elastic buffer uses 4 channels per SM
Elastic buffer uses 4 channels per SM
CPU side received count (scaleup: 6): -7501 -7389 -7443 -7421 -7361 -7494 -7356 -7372 # -8321 -8193 -8321 -8193 -8193 -8193 -806CPU side received count (scaleup: 7): -7456 -7483 -7363 -7412 -7349 -7497 -7518 -7309 # -8193 -8193 -8193 -8193 -8321 -8193 -832CPU side received count (scaleup: 4): -7424 -7385 -7365 -7453 -7412 -7404 -7545 -7571 # -8193 -8193 -8193 -8321 -8321 -8193 -832CPU side received count (scaleup: 5): -7537 -7457 -7391 -7431 -7485 -7464 -7338 -7402 # -8321 -8321 -8193 -8193 -8449 -8193 -8191 -8321 
5 -8321 
3 -8193 
1 -8193 
CPU side received count (scaleup: 2): -7393 -7496 -7417 -7376 -7342 -7447 -7376 -7426 # -8321 -8193 -8193 -8065 -8321 -8193 -819CPU side received count (scaleup: 1): -7464 -7506 -7387 -7493 -7462 -7400 -7266 -7346 # -8193 -8321 -8065 -8321 -8321 -8193 -819CPU side received count (scaleup: 3): -7454 -7440 -7514 -7479 -7503 -7395 -7371 -7429 # -8321 -8321 -8321 -8321 -8193 -8065 -819CPU side received count (scaleup: 0): -7435 -7455 -7460 -7396 -7248 -7191 -7463 -7477 # -8193 -8065 -8193 -8321 -8065 -8321 -8323 -8193 
3 -8193 
3 -8193 
1 -8193 
Elastic buffer uses 4 channels per SM
Elastic buffer uses 4 channels per SM
Elastic buffer uses 4 channels per SM
Elastic buffer uses 4 channels per SM
Elastic buffer uses 4 channels per SM
Elastic buffer uses 4 channels per SM
Elastic buffer uses 4 channels per SM
Elastic buffer uses 4 channels per SM
CPU side received count (scaleup: 6): -7501 -7389 -7443 -7421 -7361 -7494 -7356 -7372 # -8321 -8193 -8321 -8193 -8193 -8193 -806CPU side received count (scaleup: 4): -7424 -7385 -7365 -7453 -7412 -7404 -7545 -7571 # -8193 -8193 -8193 -8321 -8321 -8193 -832CPU side received count (scaleup: 7): -7456 -7483 -7363 -7412 -7349 -7497 -7518 -7309 # -8193 -8193 -8193 -8193 -8321 -8193 -8321 -8193 
1 -8321 
CPU side received count (scaleup: 5): -7537 -7457 -7391 -7431 -7485 -7464 -7338 -7402 # -8321 -8321 -8193 -8193 -8449 -8193 -8195 -8321 
3 -8193 
CPU side received count (scaleup: 2): -7393 -7496 -7417 -7376 -7342 -7447 -7376 -7426 # -8321 -8193 -8193 -8065 -8321 -8193 -819CPU side received count (scaleup: 0): -7435 -7455 -7460 -7396 -7248 -7191 -7463 -7477 # -8193 -8065 -8193 -8321 -8065 -8321 -8323 -8193 
CPU side received count (scaleup: 1): -7464 -7506 -7387 -7493 -7462 -7400 -7266 -7346 # -8193 -8321 -8065 -8321 -8321 -8193 -819CPU side received count (scaleup: 3): -7454 -7440 -7514 -7479 -7503 -7395 -7371 -7429 # -8321 -8321 -8321 -8321 -8193 -8065 -8191 -8193 
3 -8193 
3 -8193 
Elastic buffer uses 4 channels per SM
Elastic buffer uses 4 channels per SM
Elastic buffer uses 4 channels per SM
Elastic buffer uses 4 channels per SM
Elastic buffer uses 4 channels per SM
Elastic buffer uses 4 channels per SM
Elastic buffer uses 4 channels per SM
Elastic buffer uses 4 channels per SM
CPU side received count (scaleup: 7): -7456 -7483 -7363 -7412 -7349 -7497 -7518 -7309 # -8193 -8193 -8193 -8193 -8321 -8193 -832CPU side received count (scaleup: 5): -7537 -7457 -7391 -7431 -7485 -7464 -7338 -7402 # -8321 -8321 -8193 -8193 -8449 -8193 -819CPU side received count (scaleup: 4): -7424 -7385 -7365 -7453 -7412 -7404 -7545 -7571 # -8193 -8193 -8193 -8321 -8321 -8193 -832CPU side received count (scaleup: 6): -7501 -7389 -7443 -7421 -7361 -7494 -7356 -7372 # -8321 -8193 -8321 -8193 -8193 -8193 -8061 -8321 
CPU side received count (scaleup: 2): -7393 -7496 -7417 -7376 -7342 -7447 -7376 -7426 # -8321 -8193 -8193 -8065 -8321 -8193 -819CPU side received count (scaleup: 1): -7464 -7506 -7387 -7493 -7462 -7400 -7266 -7346 # -8193 -8321 -8065 -8321 -8321 -8193 -8193 -8193 
3 -8193 
CPU side received count (scaleup: 0): -7435 -7455 -7460 -7396 -7248 -7191 -7463 -7477 # -8193 -8065 -8193 -8321 -8065 -8321 -8321 -8193 
CPU side received count (scaleup: 3): -7454 -7440 -7514 -7479 -7503 -7395 -7371 -7429 # -8321 -8321 -8321 -8321 -8193 -8065 -8195 -8321 
3 -8193 
1 -8193 
3 -8193 
Elastic buffer uses 4 channels per SM
Elastic buffer uses 4 channels per SM
Elastic buffer uses 4 channels per SM
Elastic buffer uses 4 channels per SM
Elastic buffer uses 4 channels per SM
Elastic buffer uses 4 channels per SM
Elastic buffer uses 4 channels per SM
Elastic buffer uses 4 channels per SM
CPU side received count (scaleup: 2): -7393 -7496 -7417 -7376 -7342 -7447 -7376 -7426 # -8321 -8193 -8193 -8065 -8321 -8193 -819CPU side received count (scaleup: 1): -7464 -7506 -7387 -7493 -7462 -7400 -7266 -7346 # -8193 -8321 -8065 -8321 -8321 -8193 -819CPU side received count (scaleup: 0): -7435 -7455 -7460 -7396 -7248 -7191 -7463 -7477 # -8193 -8065 -8193 -8321 -8065 -8321 -832CPU side received count (scaleup: 3): -7454 -7440 -7514 -7479 -7503 -7395 -7371 -7429 # -8321 -8321 -8321 -8321 -8193 -8065 -8193 -8193 
3 -8193 
1 -8193 
CPU side received count (scaleup: 4): -7424 -7385 -7365 -7453 -7412 -7404 -7545 -7571 # -8193 -8193 -8193 -8321 -8321 -8193 -832CPU side received count (scaleup: 6): -7501 -7389 -7443 -7421 -7361 -7494 -7356 -7372 # -8321 -8193 -8321 -8193 -8193 -8193 -806CPU side received count (scaleup: 7): -7456 -7483 -7363 -7412 -7349 -7497 -7518 -7309 # -8193 -8193 -8193 -8193 -8321 -8193 -8323 -8193 
CPU side received count (scaleup: 5): -7537 -7457 -7391 -7431 -7485 -7464 -7338 -7402 # -8321 -8321 -8193 -8193 -8449 -8193 -8191 -8193 
5 -8321 
1 -8321 
3 -8193 
Elastic buffer uses 4 channels per SM
Elastic buffer uses 4 channels per SM
Elastic buffer uses 4 channels per SM
Elastic buffer uses 4 channels per SM
Elastic buffer uses 4 channels per SM
Elastic buffer uses 4 channels per SM
Elastic buffer uses 4 channels per SM
Elastic buffer uses 4 channels per SM
CPU side received count (scaleup: 6): -7501 -7389 -7443 -7421 -7361 -7494 -7356 -7372 # -8321 -8193 -8321 -8193 -8193 -8193 -806CPU side received count (scaleup: 7): -7456 -7483 -7363 -7412 -7349 -7497 -7518 -7309 # -8193 -8193 -8193 -8193 -8321 -8193 -832CPU side received count (scaleup: 4): -7424 -7385 -7365 -7453 -7412 -7404 -7545 -7571 # -8193 -8193 -8193 -8321 -8321 -8193 -8321 -8321 
1 -8193 
CPU side received count (scaleup: 2): -7393 -7496 -7417 -7376 -7342 -7447 -7376 -7426 # -8321 -8193 -8193 -8065 -8321 -8193 -819CPU side received count (scaleup: 0): -7435 -7455 -7460 -7396 -7248 -7191 -7463 -7477 # -8193 -8065 -8193 -8321 -8065 -8321 -832CPU side received count (scaleup: 5): -7537 -7457 -7391 -7431 -7485 -7464 -7338 -7402 # -8321 -8321 -8193 -8193 -8449 -8193 -8195 -8321 
CPU side received count (scaleup: 3): -7454 -7440 -7514 -7479 -7503 -7395 -7371 -7429 # -8321 -8321 -8321 -8321 -8193 -8065 -819CPU side received count (scaleup: 1): -7464 -7506 -7387 -7493 -7462 -7400 -7266 -7346 # -8193 -8321 -8065 -8321 -8321 -8193 -8193 -8193 
1 -8193 
3 -8193 
3 -8193 
3 -8193 
Elastic buffer uses 4 channels per SM
Elastic buffer uses 4 channels per SM
Elastic buffer uses 4 channels per SM
Elastic buffer uses 4 channels per SM
Elastic buffer uses 4 channels per SM
Elastic buffer uses 4 channels per SM
Elastic buffer uses 4 channels per SM
Elastic buffer uses 4 channels per SM
CPU side received count (scaleup: 7): -7456 -7483 -7363 -7412 -7349 -7497 -7518 -7309 # -8193 -8193 -8193 -8193 -8321 -8193 -832CPU side received count (scaleup: 6): -7501 -7389 -7443 -7421 -7361 -7494 -7356 -7372 # -8321 -8193 -8321 -8193 -8193 -8193 -806CPU side received count (scaleup: 4): -7424 -7385 -7365 -7453 -7412 -7404 -7545 -7571 # -8193 -8193 -8193 -8321 -8321 -8193 -832CPU side received count (scaleup: 5): -7537 -7457 -7391 -7431 -7485 -7464 -7338 -7402 # -8321 -8321 -8193 -8193 -8449 -8193 -8191 -8321 
5 -8321 
1 -8193 
3 -8193 
CPU side received count (scaleup: 2): -7393 -7496 -7417 -7376 -7342 -7447 -7376 -7426 # -8321 -8193 -8193 -8065 -8321 -8193 -819CPU side received count (scaleup: 1): -7464 -7506 -7387 -7493 -7462 -7400 -7266 -7346 # -8193 -8321 -8065 -8321 -8321 -8193 -819CPU side received count (scaleup: 0): -7435 -7455 -7460 -7396 -7248 -7191 -7463 -7477 # -8193 -8065 -8193 -8321 -8065 -8321 -8323 -8193 
3 -8193 
CPU side received count (scaleup: 3): -7454 -7440 -7514 -7479 -7503 -7395 -7371 -7429 # -8321 -8321 -8321 -8321 -8193 -8065 -8191 -8193 
3 -8193 
Elastic buffer uses 4 channels per SM
Elastic buffer uses 4 channels per SM
Elastic buffer uses 4 channels per SM
Elastic buffer uses 4 channels per SM
Elastic buffer uses 4 channels per SM
Elastic buffer uses 4 channels per SM
Elastic buffer uses 4 channels per SM
Elastic buffer uses 4 channels per SM
CPU side received count (scaleup: 6): -7501 -7389 -7443 -7421 -7361 -7494 -7356 -7372 # -8321 -8193 -8321 -8193 -8193 -8193 -806CPU side received count (scaleup: 2): -7393 -7496 -7417 -7376 -7342 -7447 -7376 -7426 # -8321 -8193 -8193 -8065 -8321 -8193 -8195 -8321 
CPU side received count (scaleup: 7): -7456 -7483 -7363 -7412 -7349 -7497 -7518 -7309 # -8193 -8193 -8193 -8193 -8321 -8193 -832CPU side received count (scaleup: 4): -7424 -7385 -7365 -7453 -7412 -7404 -7545 -7571 # -8193 -8193 -8193 -8321 -8321 -8193 -832CPU side received count (scaleup: 5): -7537 -7457 -7391 -7431 -7485 -7464 -7338 -7402 # -8321 -8321 -8193 -8193 -8449 -8193 -819CPU side received count (scaleup: 0): -7435 -7455 -7460 -7396 -7248 -7191 -7463 -7477 # -8193 -8065 -8193 -8321 -8065 -8321 -832CPU side received count (scaleup: 3): -7454 -7440 -7514 -7479 -7503 -7395 -7371 -7429 # -8321 -8321 -8321 -8321 -8193 -8065 -8193 -8193 
3 -8193 
CPU side received count (scaleup: 1): -7464 -7506 -7387 -7493 -7462 -7400 -7266 -7346 # -8193 -8321 -8065 -8321 -8321 -8193 -8193 -8193 
1 -8321 
1 -8193 
1 -8193 
3 -8193 
Elastic buffer uses 4 channels per SM
Elastic buffer uses 4 channels per SM
Elastic buffer uses 4 channels per SM
Elastic buffer uses 4 channels per SM
Elastic buffer uses 4 channels per SM
Elastic buffer uses 4 channels per SM
Elastic buffer uses 4 channels per SM
Elastic buffer uses 4 channels per SM
CPU side received count (scaleup: 2): -7393 -7496 -7417 -7376 -7342 -7447 -7376 -7426 # -8321 -8193 -8193 -8065 -8321 -8193 -819CPU side received count (scaleup: 1): -7464 -7506 -7387 -7493 -7462 -7400 -7266 -7346 # -8193 -8321 -8065 -8321 -8321 -8193 -819CPU side received count (scaleup: 3): -7454 -7440 -7514 -7479 -7503 -7395 -7371 -7429 # -8321 -8321 -8321 -8321 -8193 -8065 -819CPU side received count (scaleup: 0): -7435 -7455 -7460 -7396 -7248 -7191 -7463 -7477 # -8193 -8065 -8193 -8321 -8065 -8321 -8323 -8193 
CPU side received count (scaleup: 6): -7501 -7389 -7443 -7421 -7361 -7494 -7356 -7372 # -8321 -8193 -8321 -8193 -8193 -8193 -806CPU side received count (scaleup: 4): -7424 -7385 -7365 -7453 -7412 -7404 -7545 -7571 # -8193 -8193 -8193 -8321 -8321 -8193 -8323 -8193 
1 -8193 
3 -8193 
CPU side received count (scaleup: 5): -7537 -7457 -7391 -7431 -7485 -7464 -7338 -7402 # -8321 -8321 -8193 -8193 -8449 -8193 -819CPU side received count (scaleup: 7): -7456 -7483 -7363 -7412 -7349 -7497 -7518 -7309 # -8193 -8193 -8193 -8193 -8321 -8193 -8325 -8321 
1 -8193 
3 -8193 
1 -8321 
Elastic buffer uses 4 channels per SM
Elastic buffer uses 4 channels per SM
Elastic buffer uses 4 channels per SM
Elastic buffer uses 4 channels per SM
Elastic buffer uses 4 channels per SM
Elastic buffer uses 4 channels per SM
Elastic buffer uses 4 channels per SM
Elastic buffer uses 4 channels per SM
CPU side received count (scaleup: 6): -7501 -7389 -7443 -7421 -7361 -7494 -7356 -7372 # -8321 -8193 -8321 -8193 -8193 -8193 -806CPU side received count (scaleup: 4): -7424 -7385 -7365 -7453 -7412 -7404 -7545 -7571 # -8193 -8193 -8193 -8321 -8321 -8193 -832CPU side received count (scaleup: 7): -7456 -7483 -7363 -7412 -7349 -7497 -7518 -7309 # -8193 -8193 -8193 -8193 -8321 -8193 -832CPU side received count (scaleup: 5): -7537 -7457 -7391 -7431 -7485 -7464 -7338 -7402 # -8321 -8321 -8193 -8193 -8449 -8193 -8191 -8193 
1 -8321 
5 -8321 
3 -8193 
CPU side received count (scaleup: 2): -7393 -7496 -7417 -7376 -7342 -7447 -7376 -7426 # -8321 -8193 -8193 -8065 -8321 -8193 -819CPU side received count (scaleup: 1): -7464 -7506 -7387 -7493 -7462 -7400 -7266 -7346 # -8193 -8321 -8065 -8321 -8321 -8193 -819CPU side received count (scaleup: 0): -7435 -7455 -7460 -7396 -7248 -7191 -7463 -7477 # -8193 -8065 -8193 -8321 -8065 -8321 -832CPU side received count (scaleup: 3): -7454 -7440 -7514 -7479 -7503 -7395 -7371 -7429 # -8321 -8321 -8321 -8321 -8193 -8065 -8193 -8193 
3 -8193 
1 -8193 
3 -8193 
USDT:2026-08-25 02:54:36 439:439 SyncActivityProfilerHandler.cpp:59] profiler_stopUSDT:2026-08-25 02:54:36 437:437 SyncActivityProfilerHandler.cpp:59] profiler_stop
USDT:2026-08-25 02:54:36 433:433 SyncActivityProfilerHandler.cpp:59] profiler_stop
USDT:2026-08-25 02:54:36 436:436 SyncActivityProfilerHandler.cpp:59] profiler_stopUSDT:2026-08-25 02:54:36 434:434 SyncActivityProfilerHandler.cpp:59] profiler_stopUSDT:2026-08-25 02:54:36 440:440 SyncActivityProfilerHandler.cpp:59] profiler_stopUSDT:2026-08-25 02:54:36 438:438 SyncActivityProfilerHandler.cpp:59] profiler_stopUSDT:2026-08-25 02:54:36 435:435 SyncActivityProfilerHandler.cpp:59] profiler_stop





   * EP:  15/32 | dispatch: 51 GB/s (SO), 102 GB/s (SU), 4359.000 us, 444629952 bytes | copy: 2246 GB/s, 395.934 us
   * EP:  14/32 | dispatch: 51 GB/s (SO), 102 GB/s (SU), 4359.000 us, 444255552 bytes | copy: 2098 GB/s, 423.410 us
   * EP:  13/32 | dispatch: 51 GB/s (SO), 102 GB/s (SU), 4358.000 us, 445513536 bytes | copy: 2358 GB/s, 377.928 us
   * EP:  12/32 | dispatch: 51 GB/s (SO), 102 GB/s (SU), 4359.000 us, 445917888 bytes | copy: 2289 GB/s, 389.606 us
   * EP:  11/32 | dispatch: 51 GB/s (SO), 102 GB/s (SU), 4359.000 us, 446112576 bytes | copy: 2363 GB/s, 377.644 us
   * EP:   8/32 | dispatch: 51 GB/s (SO), 102 GB/s (SU), 4358.000 us, 442668096 bytes | copy: 2370 GB/s, 373.575 us
   * EP:   9/32 | dispatch: 51 GB/s (SO), 102 GB/s (SU), 4358.000 us, 444158208 bytes | copy: 2397 GB/s, 370.577 us
   * EP:  10/32 | dispatch: 51 GB/s (SO), 102 GB/s (SU), 4359.000 us, 443776320 bytes | copy: 2334 GB/s, 380.249 us
Elastic buffer uses 4 channels per SM
Elastic buffer uses 4 channels per SM
Elastic buffer uses 4 channels per SM
Elastic buffer uses 4 channels per SM
Elastic buffer uses 4 channels per SM
Elastic buffer uses 4 channels per SM
Elastic buffer uses 4 channels per SM
Elastic buffer uses 4 channels per SM
CPU side received count (scaleup: 4): -7424 -7385 -7365 -7453 -7412 -7404 -7545 -7571 # -8193 -8193 -8193 -8321 -8321 -8193 -832CPU side received count (scaleup: 5): -7537 -7457 -7391 -7431 -7485 -7464 -7338 -7402 # -8321 -8321 -8193 -8193 -8449 -8193 -819CPU side received count (scaleup: 6): -7501 -7389 -7443 -7421 -7361 -7494 -7356 -7372 # -8321 -8193 -8321 -8193 -8193 -8193 -806CPU side received count (scaleup: 7): -7456 -7483 -7363 -7412 -7349 -7497 -7518 -7309 # -8193 -8193 -8193 -8193 -8321 -8193 -8321 -8193 
3 -8193 
5 -8321 
1 -8321 
CPU side received count (scaleup: 2): -7393 -7496 -7417 -7376 -7342 -7447 -7376 -7426 # -8321 -8193 -8193 -8065 -8321 -8193 -819CPU side received count (scaleup: 1): -7464 -7506 -7387 -7493 -7462 -7400 -7266 -7346 # -8193 -8321 -8065 -8321 -8321 -8193 -819CPU side received count (scaleup: 3): -7454 -7440 -7514 -7479 -7503 -7395 -7371 -7429 # -8321 -8321 -8321 -8321 -8193 -8065 -8193 -8193 
CPU side received count (scaleup: 0): -7435 -7455 -7460 -7396 -7248 -7191 -7463 -7477 # -8193 -8065 -8193 -8321 -8065 -8321 -8323 -8193 
3 -8193 
1 -8193 
Elastic buffer uses 4 channels per SM
Elastic buffer uses 4 channels per SM
Elastic buffer uses 4 channels per SM
Elastic buffer uses 4 channels per SM
Elastic buffer uses 4 channels per SM
Elastic buffer uses 4 channels per SM
Elastic buffer uses 4 channels per SM
Elastic buffer uses 4 channels per SM
CPU side received count (scaleup: 2): -7393 -7496 -7417 -7376 -7342 -7447 -7376 -7426 # -8321 -8193 -8193 -8065 -8321 -8193 -819CPU side received count (scaleup: 0): -7435 -7455 -7460 -7396 -7248 -7191 -7463 -7477 # -8193 -8065 -8193 -8321 -8065 -8321 -832CPU side received count (scaleup: 1): -7464 -7506 -7387 -7493 -7462 -7400 -7266 -7346 # -8193 -8321 -8065 -8321 -8321 -8193 -8193 -8193 
1 -8193 
CPU side received count (scaleup: 5): -7537 -7457 -7391 -7431 -7485 -7464 -7338 -7402 # -8321 -8321 -8193 -8193 -8449 -8193 -819CPU side received count (scaleup: 6): -7501 -7389 -7443 -7421 -7361 -7494 -7356 -7372 # -8321 -8193 -8321 -8193 -8193 -8193 -8063 -8193 
CPU side received count (scaleup: 4): -7424 -7385 -7365 -7453 -7412 -7404 -7545 -7571 # -8193 -8193 -8193 -8321 -8321 -8193 -832CPU side received count (scaleup: 7): -7456 -7483 -7363 -7412 -7349 -7497 -7518 -7309 # -8193 -8193 -8193 -8193 -8321 -8193 -8323 -8193 
5 -8321 
CPU side received count (scaleup: 3): -7454 -7440 -7514 -7479 -7503 -7395 -7371 -7429 # -8321 -8321 -8321 -8321 -8193 -8065 -8191 -8193 
1 -8321 
3 -8193 
Elastic buffer uses 4 channels per SM
Elastic buffer uses 4 channels per SM
Elastic buffer uses 4 channels per SM
Elastic buffer uses 4 channels per SM
Elastic buffer uses 4 channels per SM
Elastic buffer uses 4 channels per SM
Elastic buffer uses 4 channels per SM
Elastic buffer uses 4 channels per SM
CPU side received count (scaleup: 2): -7393 -7496 -7417 -7376 -7342 -7447 -7376 -7426 # -8321 -8193 -8193 -8065 -8321 -8193 -819CPU side received count (scaleup: 1): -7464 -7506 -7387 -7493 -7462 -7400 -7266 -7346 # -8193 -8321 -8065 -8321 -8321 -8193 -819CPU side received count (scaleup: 0): -7435 -7455 -7460 -7396 -7248 -7191 -7463 -7477 # -8193 -8065 -8193 -8321 -8065 -8321 -8323 -8193 
3 -8193 
1 -8193 
CPU side received count (scaleup: 4): -7424 -7385 -7365 -7453 -7412 -7404 -7545 -7571 # -8193 -8193 -8193 -8321 -8321 -8193 -832CPU side received count (scaleup: 3): -7454 -7440 -7514 -7479 -7503 -7395 -7371 -7429 # -8321 -8321 -8321 -8321 -8193 -8065 -819CPU side received count (scaleup: 7): -7456 -7483 -7363 -7412 -7349 -7497 -7518 -7309 # -8193 -8193 -8193 -8193 -8321 -8193 -832CPU side received count (scaleup: 5): -7537 -7457 -7391 -7431 -7485 -7464 -7338 -7402 # -8321 -8321 -8193 -8193 -8449 -8193 -8193 -8193 
CPU side received count (scaleup: 6): -7501 -7389 -7443 -7421 -7361 -7494 -7356 -7372 # -8321 -8193 -8321 -8193 -8193 -8193 -8063 -8193 
1 -8193 
1 -8321 
5 -8321 
Elastic buffer uses 4 channels per SM
Elastic buffer uses 4 channels per SM
Elastic buffer uses 4 channels per SM
Elastic buffer uses 4 channels per SM
Elastic buffer uses 4 channels per SM
Elastic buffer uses 4 channels per SM
Elastic buffer uses 4 channels per SM
Elastic buffer uses 4 channels per SM
CPU side received count (scaleup: 2): -7393 -7496 -7417 -7376 -7342 -7447 -7376 -7426 # -8321 -8193 -8193 -8065 -8321 -8193 -819CPU side received count (scaleup: 0): -7435 -7455 -7460 -7396 -7248 -7191 -7463 -7477 # -8193 -8065 -8193 -8321 -8065 -8321 -832CPU side received count (scaleup: 1): -7464 -7506 -7387 -7493 -7462 -7400 -7266 -7346 # -8193 -8321 -8065 -8321 -8321 -8193 -8193 -8193 
CPU side received count (scaleup: 3): -7454 -7440 -7514 -7479 -7503 -7395 -7371 -7429 # -8321 -8321 -8321 -8321 -8193 -8065 -8193 -8193 
CPU side received count (scaleup: 4): -7424 -7385 -7365 -7453 -7412 -7404 -7545 -7571 # -8193 -8193 -8193 -8321 -8321 -8193 -832CPU side received count (scaleup: 5): -7537 -7457 -7391 -7431 -7485 -7464 -7338 -7402 # -8321 -8321 -8193 -8193 -8449 -8193 -8191 -8193 
3 -8193 
CPU side received count (scaleup: 6): -7501 -7389 -7443 -7421 -7361 -7494 -7356 -7372 # -8321 -8193 -8321 -8193 -8193 -8193 -806CPU side received count (scaleup: 7): -7456 -7483 -7363 -7412 -7349 -7497 -7518 -7309 # -8193 -8193 -8193 -8193 -8321 -8193 -8323 -8193 
1 -8193 
1 -8321 
5 -8321 
Elastic buffer uses 4 channels per SM
Elastic buffer uses 4 channels per SM
Elastic buffer uses 4 channels per SM
Elastic buffer uses 4 channels per SM
Elastic buffer uses 4 channels per SM
Elastic buffer uses 4 channels per SM
Elastic buffer uses 4 channels per SM
Elastic buffer uses 4 channels per SM
CPU side received count (scaleup: 7): -7456 -7483 -7363 -7412 -7349 -7497 -7518 -7309 # -8193 -8193 -8193 -8193 -8321 -8193 -832CPU side received count (scaleup: 5): -7537 -7457 -7391 -7431 -7485 -7464 -7338 -7402 # -8321 -8321 -8193 -8193 -8449 -8193 -819CPU side received count (scaleup: 4): -7424 -7385 -7365 -7453 -7412 -7404 -7545 -7571 # -8193 -8193 -8193 -8321 -8321 -8193 -8321 -8321 
CPU side received count (scaleup: 6): -7501 -7389 -7443 -7421 -7361 -7494 -7356 -7372 # -8321 -8193 -8321 -8193 -8193 -8193 -8063 -8193 
1 -8193 
5 -8321 
CPU side received count (scaleup: 0): -7435 -7455 -7460 -7396 -7248 -7191 -7463 -7477 # -8193 -8065 -8193 -8321 -8065 -8321 -832CPU side received count (scaleup: 2): -7393 -7496 -7417 -7376 -7342 -7447 -7376 -7426 # -8321 -8193 -8193 -8065 -8321 -8193 -8191 -8193 
CPU side received count (scaleup: 1): -7464 -7506 -7387 -7493 -7462 -7400 -7266 -7346 # -8193 -8321 -8065 -8321 -8321 -8193 -819CPU side received count (scaleup: 3): -7454 -7440 -7514 -7479 -7503 -7395 -7371 -7429 # -8321 -8321 -8321 -8321 -8193 -8065 -8193 -8193 
3 -8193 
3 -8193 
Elastic buffer uses 4 channels per SM
Elastic buffer uses 4 channels per SM
Elastic buffer uses 4 channels per SM
Elastic buffer uses 4 channels per SM
Elastic buffer uses 4 channels per SM
Elastic buffer uses 4 channels per SM
Elastic buffer uses 4 channels per SM
Elastic buffer uses 4 channels per SM
CPU side received count (scaleup: 6): -7501 -7389 -7443 -7421 -7361 -7494 -7356 -7372 # -8321 -8193 -8321 -8193 -8193 -8193 -806CPU side received count (scaleup: 5): -7537 -7457 -7391 -7431 -7485 -7464 -7338 -7402 # -8321 -8321 -8193 -8193 -8449 -8193 -819CPU side received count (scaleup: 7): -7456 -7483 -7363 -7412 -7349 -7497 -7518 -7309 # -8193 -8193 -8193 -8193 -8321 -8193 -832CPU side received count (scaleup: 4): -7424 -7385 -7365 -7453 -7412 -7404 -7545 -7571 # -8193 -8193 -8193 -8321 -8321 -8193 -832CPU side received count (scaleup: 3): -7454 -7440 -7514 -7479 -7503 -7395 -7371 -7429 # -8321 -8321 -8321 -8321 -8193 -8065 -819CPU side received count (scaleup: 0): -7435 -7455 -7460 -7396 -7248 -7191 -7463 -7477 # -8193 -8065 -8193 -8321 -8065 -8321 -8325 -8321 
CPU side received count (scaleup: 2): -7393 -7496 -7417 -7376 -7342 -7447 -7376 -7426 # -8321 -8193 -8193 -8065 -8321 -8193 -819CPU side received count (scaleup: 1): -7464 -7506 -7387 -7493 -7462 -7400 -7266 -7346 # -8193 -8321 -8065 -8321 -8321 -8193 -8193 -8193 
3 -8193 
1 -8321 
1 -8193 
1 -8193 
3 -8193 
3 -8193 
Elastic buffer uses 4 channels per SM
Elastic buffer uses 4 channels per SM
Elastic buffer uses 4 channels per SM
Elastic buffer uses 4 channels per SM
Elastic buffer uses 4 channels per SM
Elastic buffer uses 4 channels per SM
Elastic buffer uses 4 channels per SM
Elastic buffer uses 4 channels per SM
CPU side received count (scaleup: 1): -7464 -7506 -7387 -7493 -7462 -7400 -7266 -7346 # -8193 -8321 -8065 -8321 -8321 -8193 -819CPU side received count (scaleup: 2): -7393 -7496 -7417 -7376 -7342 -7447 -7376 -7426 # -8321 -8193 -8193 -8065 -8321 -8193 -819CPU side received count (scaleup: 3): -7454 -7440 -7514 -7479 -7503 -7395 -7371 -7429 # -8321 -8321 -8321 -8321 -8193 -8065 -819CPU side received count (scaleup: 0): -7435 -7455 -7460 -7396 -7248 -7191 -7463 -7477 # -8193 -8065 -8193 -8321 -8065 -8321 -8323 -8193 
CPU side received count (scaleup: 6): -7501 -7389 -7443 -7421 -7361 -7494 -7356 -7372 # -8321 -8193 -8321 -8193 -8193 -8193 -806CPU side received count (scaleup: 5): -7537 -7457 -7391 -7431 -7485 -7464 -7338 -7402 # -8321 -8321 -8193 -8193 -8449 -8193 -8191 -8193 
CPU side received count (scaleup: 7): -7456 -7483 -7363 -7412 -7349 -7497 -7518 -7309 # -8193 -8193 -8193 -8193 -8321 -8193 -8323 -8193 
3 -8193 
CPU side received count (scaleup: 4): -7424 -7385 -7365 -7453 -7412 -7404 -7545 -7571 # -8193 -8193 -8193 -8321 -8321 -8193 -8325 -8321 
3 -8193 
1 -8321 
1 -8193 
Elastic buffer uses 4 channels per SM
Elastic buffer uses 4 channels per SM
Elastic buffer uses 4 channels per SM
Elastic buffer uses 4 channels per SM
Elastic buffer uses 4 channels per SM
Elastic buffer uses 4 channels per SM
Elastic buffer uses 4 channels per SM
Elastic buffer uses 4 channels per SM
CPU side received count (scaleup: 2): -7393 -7496 -7417 -7376 -7342 -7447 -7376 -7426 # -8321 -8193 -8193 -8065 -8321 -8193 -819CPU side received count (scaleup: 1): -7464 -7506 -7387 -7493 -7462 -7400 -7266 -7346 # -8193 -8321 -8065 -8321 -8321 -8193 -819CPU side received count (scaleup: 0): -7435 -7455 -7460 -7396 -7248 -7191 -7463 -7477 # -8193 -8065 -8193 -8321 -8065 -8321 -832CPU side received count (scaleup: 3): -7454 -7440 -7514 -7479 -7503 -7395 -7371 -7429 # -8321 -8321 -8321 -8321 -8193 -8065 -819CPU side received count (scaleup: 6): -7501 -7389 -7443 -7421 -7361 -7494 -7356 -7372 # -8321 -8193 -8321 -8193 -8193 -8193 -8063 -8193 
1 -8193 
CPU side received count (scaleup: 7): -7456 -7483 -7363 -7412 -7349 -7497 -7518 -7309 # -8193 -8193 -8193 -8193 -8321 -8193 -832CPU side received count (scaleup: 4): -7424 -7385 -7365 -7453 -7412 -7404 -7545 -7571 # -8193 -8193 -8193 -8321 -8321 -8193 -832CPU side received count (scaleup: 5): -7537 -7457 -7391 -7431 -7485 -7464 -7338 -7402 # -8321 -8321 -8193 -8193 -8449 -8193 -8193 -8193 
1 -8321 
3 -8193 
5 -8321 
1 -8193 
3 -8193 
Elastic buffer uses 4 channels per SM
Elastic buffer uses 4 channels per SM
Elastic buffer uses 4 channels per SM
Elastic buffer uses 4 channels per SM
Elastic buffer uses 4 channels per SM
Elastic buffer uses 4 channels per SM
Elastic buffer uses 4 channels per SM
Elastic buffer uses 4 channels per SM
CPU side received count (scaleup: 2): -7393 -7496 -7417 -7376 -7342 -7447 -7376 -7426 # -8321 -8193 -8193 -8065 -8321 -8193 -819CPU side received count (scaleup: 1): -7464 -7506 -7387 -7493 -7462 -7400 -7266 -7346 # -8193 -8321 -8065 -8321 -8321 -8193 -819CPU side received count (scaleup: 0): -7435 -7455 -7460 -7396 -7248 -7191 -7463 -7477 # -8193 -8065 -8193 -8321 -8065 -8321 -8323 -8193 
3 -8193 
1 -8193 
CPU side received count (scaleup: 3): -7454 -7440 -7514 -7479 -7503 -7395 -7371 -7429 # -8321 -8321 -8321 -8321 -8193 -8065 -8193 -8193 
CPU side received count (scaleup: 6): -7501 -7389 -7443 -7421 -7361 -7494 -7356 -7372 # -8321 -8193 -8321 -8193 -8193 -8193 -806CPU side received count (scaleup: 7): -7456 -7483 -7363 -7412 -7349 -7497 -7518 -7309 # -8193 -8193 -8193 -8193 -8321 -8193 -832CPU side received count (scaleup: 4): -7424 -7385 -7365 -7453 -7412 -7404 -7545 -7571 # -8193 -8193 -8193 -8321 -8321 -8193 -832CPU side received count (scaleup: 5): -7537 -7457 -7391 -7431 -7485 -7464 -7338 -7402 # -8321 -8321 -8193 -8193 -8449 -8193 -8195 -8321 
1 -8321 
1 -8193 
3 -8193 
Elastic buffer uses 4 channels per SM
Elastic buffer uses 4 channels per SM
Elastic buffer uses 4 channels per SM
Elastic buffer uses 4 channels per SM
Elastic buffer uses 4 channels per SM
Elastic buffer uses 4 channels per SM
Elastic buffer uses 4 channels per SM
Elastic buffer uses 4 channels per SM
CPU side received count (scaleup: 6): -7501 -7389 -7443 -7421 -7361 -7494 -7356 -7372 # -8321 -8193 -8321 -8193 -8193 -8193 -806CPU side received count (scaleup: 7): -7456 -7483 -7363 -7412 -7349 -7497 -7518 -7309 # -8193 -8193 -8193 -8193 -8321 -8193 -832CPU side received count (scaleup: 4): -7424 -7385 -7365 -7453 -7412 -7404 -7545 -7571 # -8193 -8193 -8193 -8321 -8321 -8193 -832CPU side received count (scaleup: 5): -7537 -7457 -7391 -7431 -7485 -7464 -7338 -7402 # -8321 -8321 -8193 -8193 -8449 -8193 -8195 -8321 
1 -8321 
3 -8193 
1 -8193 
CPU side received count (scaleup: 2): -7393 -7496 -7417 -7376 -7342 -7447 -7376 -7426 # -8321 -8193 -8193 -8065 -8321 -8193 -819CPU side received count (scaleup: 3): -7454 -7440 -7514 -7479 -7503 -7395 -7371 -7429 # -8321 -8321 -8321 -8321 -8193 -8065 -8193 -8193 
CPU side received count (scaleup: 1): -7464 -7506 -7387 -7493 -7462 -7400 -7266 -7346 # -8193 -8321 -8065 -8321 -8321 -8193 -819CPU side received count (scaleup: 0): -7435 -7455 -7460 -7396 -7248 -7191 -7463 -7477 # -8193 -8065 -8193 -8321 -8065 -8321 -8323 -8193 
3 -8193 
1 -8193 
Elastic buffer uses 4 channels per SM
Elastic buffer uses 4 channels per SM
Elastic buffer uses 4 channels per SM
Elastic buffer uses 4 channels per SM
Elastic buffer uses 4 channels per SM
Elastic buffer uses 4 channels per SM
Elastic buffer uses 4 channels per SM
Elastic buffer uses 4 channels per SM
CPU side received count (scaleup: 2): -7393 -7496 -7417 -7376 -7342 -7447 -7376 -7426 # -8321 -8193 -8193 -8065 -8321 -8193 -819CPU side received count (scaleup: 1): -7464 -7506 -7387 -7493 -7462 -7400 -7266 -7346 # -8193 -8321 -8065 -8321 -8321 -8193 -819CPU side received count (scaleup: 0): -7435 -7455 -7460 -7396 -7248 -7191 -7463 -7477 # -8193 -8065 -8193 -8321 -8065 -8321 -832CPU side received count (scaleup: 3): -7454 -7440 -7514 -7479 -7503 -7395 -7371 -7429 # -8321 -8321 -8321 -8321 -8193 -8065 -819CPU side received count (scaleup: 6): -7501 -7389 -7443 -7421 -7361 -7494 -7356 -7372 # -8321 -8193 -8321 -8193 -8193 -8193 -8063 -8193 
1 -8193 
3 -8193 
CPU side received count (scaleup: 4): -7424 -7385 -7365 -7453 -7412 -7404 -7545 -7571 # -8193 -8193 -8193 -8321 -8321 -8193 -832CPU side received count (scaleup: 7): -7456 -7483 -7363 -7412 -7349 -7497 -7518 -7309 # -8193 -8193 -8193 -8193 -8321 -8193 -832CPU side received count (scaleup: 5): -7537 -7457 -7391 -7431 -7485 -7464 -7338 -7402 # -8321 -8321 -8193 -8193 -8449 -8193 -8191 -8193 
3 -8193 
5 -8321 
1 -8321 
3 -8193 
Elastic buffer uses 4 channels per SM
Elastic buffer uses 4 channels per SM
Elastic buffer uses 4 channels per SM
Elastic buffer uses 4 channels per SM
Elastic buffer uses 4 channels per SM
Elastic buffer uses 4 channels per SM
Elastic buffer uses 4 channels per SM
Elastic buffer uses 4 channels per SM
CPU side received count (scaleup: 2): -7393 -7496 -7417 -7376 -7342 -7447 -7376 -7426 # -8321 -8193 -8193 -8065 -8321 -8193 -819CPU side received count (scaleup: 0): -7435 -7455 -7460 -7396 -7248 -7191 -7463 -7477 # -8193 -8065 -8193 -8321 -8065 -8321 -832CPU side received count (scaleup: 3): -7454 -7440 -7514 -7479 -7503 -7395 -7371 -7429 # -8321 -8321 -8321 -8321 -8193 -8065 -819CPU side received count (scaleup: 1): -7464 -7506 -7387 -7493 -7462 -7400 -7266 -7346 # -8193 -8321 -8065 -8321 -8321 -8193 -8193 -8193 
3 -8193 
CPU side received count (scaleup: 4): -7424 -7385 -7365 -7453 -7412 -7404 -7545 -7571 # -8193 -8193 -8193 -8321 -8321 -8193 -8321 -8193 
CPU side received count (scaleup: 7): -7456 -7483 -7363 -7412 -7349 -7497 -7518 -7309 # -8193 -8193 -8193 -8193 -8321 -8193 -832CPU side received count (scaleup: 6): -7501 -7389 -7443 -7421 -7361 -7494 -7356 -7372 # -8321 -8193 -8321 -8193 -8193 -8193 -806CPU side received count (scaleup: 5): -7537 -7457 -7391 -7431 -7485 -7464 -7338 -7402 # -8321 -8321 -8193 -8193 -8449 -8193 -8193 -8193 
1 -8193 
5 -8321 
1 -8321 
3 -8193 
Elastic buffer uses 4 channels per SM
Elastic buffer uses 4 channels per SM
Elastic buffer uses 4 channels per SM
Elastic buffer uses 4 channels per SM
Elastic buffer uses 4 channels per SM
Elastic buffer uses 4 channels per SM
Elastic buffer uses 4 channels per SM
Elastic buffer uses 4 channels per SM
CPU side received count (scaleup: 2): -7393 -7496 -7417 -7376 -7342 -7447 -7376 -7426 # -8321 -8193 -8193 -8065 -8321 -8193 -819CPU side received count (scaleup: 1): -7464 -7506 -7387 -7493 -7462 -7400 -7266 -7346 # -8193 -8321 -8065 -8321 -8321 -8193 -819CPU side received count (scaleup: 0): -7435 -7455 -7460 -7396 -7248 -7191 -7463 -7477 # -8193 -8065 -8193 -8321 -8065 -8321 -8323 -8193 
CPU side received count (scaleup: 3): -7454 -7440 -7514 -7479 -7503 -7395 -7371 -7429 # -8321 -8321 -8321 -8321 -8193 -8065 -8191 -8193 
3 -8193 
3 -8193 
CPU side received count (scaleup: 7): -7456 -7483 -7363 -7412 -7349 -7497 -7518 -7309 # -8193 -8193 -8193 -8193 -8321 -8193 -832CPU side received count (scaleup: 6): -7501 -7389 -7443 -7421 -7361 -7494 -7356 -7372 # -8321 -8193 -8321 -8193 -8193 -8193 -806CPU side received count (scaleup: 4): -7424 -7385 -7365 -7453 -7412 -7404 -7545 -7571 # -8193 -8193 -8193 -8321 -8321 -8193 -8321 -8321 
5 -8321 
1 -8193 
CPU side received count (scaleup: 5): -7537 -7457 -7391 -7431 -7485 -7464 -7338 -7402 # -8321 -8321 -8193 -8193 -8449 -8193 -8193 -8193 
Elastic buffer uses 4 channels per SM
Elastic buffer uses 4 channels per SM
Elastic buffer uses 4 channels per SM
Elastic buffer uses 4 channels per SM
Elastic buffer uses 4 channels per SM
Elastic buffer uses 4 channels per SM
Elastic buffer uses 4 channels per SM
Elastic buffer uses 4 channels per SM
CPU side received count (scaleup: 6): -7501 -7389 -7443 -7421 -7361 -7494 -7356 -7372 # -8321 -8193 -8321 -8193 -8193 -8193 -806CPU side received count (scaleup: 7): -7456 -7483 -7363 -7412 -7349 -7497 -7518 -7309 # -8193 -8193 -8193 -8193 -8321 -8193 -832CPU side received count (scaleup: 4): -7424 -7385 -7365 -7453 -7412 -7404 -7545 -7571 # -8193 -8193 -8193 -8321 -8321 -8193 -832CPU side received count (scaleup: 5): -7537 -7457 -7391 -7431 -7485 -7464 -7338 -7402 # -8321 -8321 -8193 -8193 -8449 -8193 -8195 -8321 
1 -8321 
1 -8193 
3 -8193 
CPU side received count (scaleup: 3): -7454 -7440 -7514 -7479 -7503 -7395 -7371 -7429 # -8321 -8321 -8321 -8321 -8193 -8065 -819CPU side received count (scaleup: 2): -7393 -7496 -7417 -7376 -7342 -7447 -7376 -7426 # -8321 -8193 -8193 -8065 -8321 -8193 -819CPU side received count (scaleup: 1): -7464 -7506 -7387 -7493 -7462 -7400 -7266 -7346 # -8193 -8321 -8065 -8321 -8321 -8193 -819CPU side received count (scaleup: 0): -7435 -7455 -7460 -7396 -7248 -7191 -7463 -7477 # -8193 -8065 -8193 -8321 -8065 -8321 -8323 -8193 
3 -8193 
3 -8193 
1 -8193 
Elastic buffer uses 4 channels per SM
Elastic buffer uses 4 channels per SM
Elastic buffer uses 4 channels per SM
Elastic buffer uses 4 channels per SM
Elastic buffer uses 4 channels per SM
Elastic buffer uses 4 channels per SM
Elastic buffer uses 4 channels per SM
Elastic buffer uses 4 channels per SM
CPU side received count (scaleup: 2): -7393 -7496 -7417 -7376 -7342 -7447 -7376 -7426 # -8321 -8193 -8193 -8065 -8321 -8193 -819CPU side received count (scaleup: 1): -7464 -7506 -7387 -7493 -7462 -7400 -7266 -7346 # -8193 -8321 -8065 -8321 -8321 -8193 -819CPU side received count (scaleup: 0): -7435 -7455 -7460 -7396 -7248 -7191 -7463 -7477 # -8193 -8065 -8193 -8321 -8065 -8321 -832CPU side received count (scaleup: 3): -7454 -7440 -7514 -7479 -7503 -7395 -7371 -7429 # -8321 -8321 -8321 -8321 -8193 -8065 -8193 -8193 
CPU side received count (scaleup: 7): -7456 -7483 -7363 -7412 -7349 -7497 -7518 -7309 # -8193 -8193 -8193 -8193 -8321 -8193 -8321 -8193 
3 -8193 
3 -8193 
CPU side received count (scaleup: 6): -7501 -7389 -7443 -7421 -7361 -7494 -7356 -7372 # -8321 -8193 -8321 -8193 -8193 -8193 -806CPU side received count (scaleup: 5): -7537 -7457 -7391 -7431 -7485 -7464 -7338 -7402 # -8321 -8321 -8193 -8193 -8449 -8193 -819CPU side received count (scaleup: 4): -7424 -7385 -7365 -7453 -7412 -7404 -7545 -7571 # -8193 -8193 -8193 -8321 -8321 -8193 -8321 -8321 
5 -8321 
3 -8193 
1 -8193 
Elastic buffer uses 4 channels per SM
Elastic buffer uses 4 channels per SM
Elastic buffer uses 4 channels per SM
Elastic buffer uses 4 channels per SM
Elastic buffer uses 4 channels per SM
Elastic buffer uses 4 channels per SM
Elastic buffer uses 4 channels per SM
Elastic buffer uses 4 channels per SM
CPU side received count (scaleup: 6): -7501 -7389 -7443 -7421 -7361 -7494 -7356 -7372 # -8321 -8193 -8321 -8193 -8193 -8193 -806CPU side received count (scaleup: 4): -7424 -7385 -7365 -7453 -7412 -7404 -7545 -7571 # -8193 -8193 -8193 -8321 -8321 -8193 -832CPU side received count (scaleup: 5): -7537 -7457 -7391 -7431 -7485 -7464 -7338 -7402 # -8321 -8321 -8193 -8193 -8449 -8193 -819CPU side received count (scaleup: 7): -7456 -7483 -7363 -7412 -7349 -7497 -7518 -7309 # -8193 -8193 -8193 -8193 -8321 -8193 -8325 -8321 
1 -8193 
3 -8193 
1 -8321 
CPU side received count (scaleup: 1): -7464 -7506 -7387 -7493 -7462 -7400 -7266 -7346 # -8193 -8321 -8065 -8321 -8321 -8193 -819CPU side received count (scaleup: 2): -7393 -7496 -7417 -7376 -7342 -7447 -7376 -7426 # -8321 -8193 -8193 -8065 -8321 -8193 -819CPU side received count (scaleup: 3): -7454 -7440 -7514 -7479 -7503 -7395 -7371 -7429 # -8321 -8321 -8321 -8321 -8193 -8065 -8193 -8193 
3 -8193 
3 -8193 
CPU side received count (scaleup: 0): -7435 -7455 -7460 -7396 -7248 -7191 -7463 -7477 # -8193 -8065 -8193 -8321 -8065 -8321 -8321 -8193 
Elastic buffer uses 4 channels per SM
Elastic buffer uses 4 channels per SM
Elastic buffer uses 4 channels per SM
Elastic buffer uses 4 channels per SM
Elastic buffer uses 4 channels per SM
Elastic buffer uses 4 channels per SM
Elastic buffer uses 4 channels per SM
Elastic buffer uses 4 channels per SM
CPU side received count (scaleup: 2): -7393 -7496 -7417 -7376 -7342 -7447 -7376 -7426 # -8321 -8193 -8193 -8065 -8321 -8193 -819CPU side received count (scaleup: 1): -7464 -7506 -7387 -7493 -7462 -7400 -7266 -7346 # -8193 -8321 -8065 -8321 -8321 -8193 -819CPU side received count (scaleup: 0): -7435 -7455 -7460 -7396 -7248 -7191 -7463 -7477 # -8193 -8065 -8193 -8321 -8065 -8321 -8323 -8193 
3 -8193 
1 -8193 
CPU side received count (scaleup: 6): -7501 -7389 -7443 -7421 -7361 -7494 -7356 -7372 # -8321 -8193 -8321 -8193 -8193 -8193 -806CPU side received count (scaleup: 7): -7456 -7483 -7363 -7412 -7349 -7497 -7518 -7309 # -8193 -8193 -8193 -8193 -8321 -8193 -832CPU side received count (scaleup: 3): -7454 -7440 -7514 -7479 -7503 -7395 -7371 -7429 # -8321 -8321 -8321 -8321 -8193 -8065 -819CPU side received count (scaleup: 4): -7424 -7385 -7365 -7453 -7412 -7404 -7545 -7571 # -8193 -8193 -8193 -8321 -8321 -8193 -8325 -8321 
CPU side received count (scaleup: 5): -7537 -7457 -7391 -7431 -7485 -7464 -7338 -7402 # -8321 -8321 -8193 -8193 -8449 -8193 -8193 -8193 
1 -8321 
1 -8193 
3 -8193 
Elastic buffer uses 4 channels per SM
Elastic buffer uses 4 channels per SM
Elastic buffer uses 4 channels per SM
Elastic buffer uses 4 channels per SM
Elastic buffer uses 4 channels per SM
Elastic buffer uses 4 channels per SM
Elastic buffer uses 4 channels per SM
Elastic buffer uses 4 channels per SM
CPU side received count (scaleup: 2): -7393 -7496 -7417 -7376 -7342 -7447 -7376 -7426 # -8321 -8193 -8193 -8065 -8321 -8193 -819CPU side received count (scaleup: 3): -7454 -7440 -7514 -7479 -7503 -7395 -7371 -7429 # -8321 -8321 -8321 -8321 -8193 -8065 -819CPU side received count (scaleup: 1): -7464 -7506 -7387 -7493 -7462 -7400 -7266 -7346 # -8193 -8321 -8065 -8321 -8321 -8193 -819CPU side received count (scaleup: 6): -7501 -7389 -7443 -7421 -7361 -7494 -7356 -7372 # -8321 -8193 -8321 -8193 -8193 -8193 -806CPU side received count (scaleup: 7): -7456 -7483 -7363 -7412 -7349 -7497 -7518 -7309 # -8193 -8193 -8193 -8193 -8321 -8193 -832CPU side received count (scaleup: 5): -7537 -7457 -7391 -7431 -7485 -7464 -7338 -7402 # -8321 -8321 -8193 -8193 -8449 -8193 -8193 -8193 
3 -8193 
CPU side received count (scaleup: 0): -7435 -7455 -7460 -7396 -7248 -7191 -7463 -7477 # -8193 -8065 -8193 -8321 -8065 -8321 -8323 -8193 
CPU side received count (scaleup: 4): -7424 -7385 -7365 -7453 -7412 -7404 -7545 -7571 # -8193 -8193 -8193 -8321 -8321 -8193 -8321 -8321 
5 -8321 
3 -8193 
1 -8193 
1 -8193 
Elastic buffer uses 4 channels per SM
Elastic buffer uses 4 channels per SM
Elastic buffer uses 4 channels per SM
Elastic buffer uses 4 channels per SM
Elastic buffer uses 4 channels per SM
Elastic buffer uses 4 channels per SM
Elastic buffer uses 4 channels per SM
Elastic buffer uses 4 channels per SM
CPU side received count (scaleup: 6): -7501 -7389 -7443 -7421 -7361 -7494 -7356 -7372 # -8321 -8193 -8321 -8193 -8193 -8193 -806CPU side received count (scaleup: 7): -7456 -7483 -7363 -7412 -7349 -7497 -7518 -7309 # -8193 -8193 -8193 -8193 -8321 -8193 -832CPU side received count (scaleup: 4): -7424 -7385 -7365 -7453 -7412 -7404 -7545 -7571 # -8193 -8193 -8193 -8321 -8321 -8193 -832CPU side received count (scaleup: 5): -7537 -7457 -7391 -7431 -7485 -7464 -7338 -7402 # -8321 -8321 -8193 -8193 -8449 -8193 -8195 -8321 
1 -8321 
1 -8193 
3 -8193 
CPU side received count (scaleup: 1): -7464 -7506 -7387 -7493 -7462 -7400 -7266 -7346 # -8193 -8321 -8065 -8321 -8321 -8193 -819CPU side received count (scaleup: 3): -7454 -7440 -7514 -7479 -7503 -7395 -7371 -7429 # -8321 -8321 -8321 -8321 -8193 -8065 -819CPU side received count (scaleup: 2): -7393 -7496 -7417 -7376 -7342 -7447 -7376 -7426 # -8321 -8193 -8193 -8065 -8321 -8193 -8193 -8193 
3 -8193 
CPU side received count (scaleup: 0): -7435 -7455 -7460 -7396 -7248 -7191 -7463 -7477 # -8193 -8065 -8193 -8321 -8065 -8321 -8323 -8193 
1 -8193 
Elastic buffer uses 4 channels per SM
Elastic buffer uses 4 channels per SM
Elastic buffer uses 4 channels per SM
Elastic buffer uses 4 channels per SM
Elastic buffer uses 4 channels per SM
Elastic buffer uses 4 channels per SM
Elastic buffer uses 4 channels per SM
Elastic buffer uses 4 channels per SM
CPU side received count (scaleup: 2): -7393 -7496 -7417 -7376 -7342 -7447 -7376 -7426 # -8321 -8193 -8193 -8065 -8321 -8193 -819CPU side received count (scaleup: 1): -7464 -7506 -7387 -7493 -7462 -7400 -7266 -7346 # -8193 -8321 -8065 -8321 -8321 -8193 -819CPU side received count (scaleup: 3): -7454 -7440 -7514 -7479 -7503 -7395 -7371 -7429 # -8321 -8321 -8321 -8321 -8193 -8065 -819CPU side received count (scaleup: 0): -7435 -7455 -7460 -7396 -7248 -7191 -7463 -7477 # -8193 -8065 -8193 -8321 -8065 -8321 -8323 -8193 
3 -8193 
CPU side received count (scaleup: 6): -7501 -7389 -7443 -7421 -7361 -7494 -7356 -7372 # -8321 -8193 -8321 -8193 -8193 -8193 -806CPU side received count (scaleup: 4): -7424 -7385 -7365 -7453 -7412 -7404 -7545 -7571 # -8193 -8193 -8193 -8321 -8321 -8193 -832CPU side received count (scaleup: 7): -7456 -7483 -7363 -7412 -7349 -7497 -7518 -7309 # -8193 -8193 -8193 -8193 -8321 -8193 -8323 -8193 
CPU side received count (scaleup: 5): -7537 -7457 -7391 -7431 -7485 -7464 -7338 -7402 # -8321 -8321 -8193 -8193 -8449 -8193 -8191 -8193 
5 -8321 
1 -8193 
1 -8321 
3 -8193 
Elastic buffer uses 4 channels per SM
Elastic buffer uses 4 channels per SM
Elastic buffer uses 4 channels per SM
Elastic buffer uses 4 channels per SM
Elastic buffer uses 4 channels per SM
Elastic buffer uses 4 channels per SM
Elastic buffer uses 4 channels per SM
Elastic buffer uses 4 channels per SM
CPU side received count (scaleup: 7): -7456 -7483 -7363 -7412 -7349 -7497 -7518 -7309 # -8193 -8193 -8193 -8193 -8321 -8193 -832CPU side received count (scaleup: 4): -7424 -7385 -7365 -7453 -7412 -7404 -7545 -7571 # -8193 -8193 -8193 -8321 -8321 -8193 -832CPU side received count (scaleup: 6): -7501 -7389 -7443 -7421 -7361 -7494 -7356 -7372 # -8321 -8193 -8321 -8193 -8193 -8193 -8061 -8321 
1 -8193 
5 -8321 
CPU side received count (scaleup: 2): -7393 -7496 -7417 -7376 -7342 -7447 -7376 -7426 # -8321 -8193 -8193 -8065 -8321 -8193 -819CPU side received count (scaleup: 1): -7464 -7506 -7387 -7493 -7462 -7400 -7266 -7346 # -8193 -8321 -8065 -8321 -8321 -8193 -819CPU side received count (scaleup: 5): -7537 -7457 -7391 -7431 -7485 -7464 -7338 -7402 # -8321 -8321 -8193 -8193 -8449 -8193 -819CPU side received count (scaleup: 0): -7435 -7455 -7460 -7396 -7248 -7191 -7463 -7477 # -8193 -8065 -8193 -8321 -8065 -8321 -8323 -8193 
3 -8193 
3 -8193 
CPU side received count (scaleup: 3): -7454 -7440 -7514 -7479 -7503 -7395 -7371 -7429 # -8321 -8321 -8321 -8321 -8193 -8065 -8191 -8193 
3 -8193 
Elastic buffer uses 4 channels per SM
Elastic buffer uses 4 channels per SM
Elastic buffer uses 4 channels per SM
Elastic buffer uses 4 channels per SM
Elastic buffer uses 4 channels per SM
Elastic buffer uses 4 channels per SM
Elastic buffer uses 4 channels per SM
Elastic buffer uses 4 channels per SM
CPU side received count (scaleup: 2): -7393 -7496 -7417 -7376 -7342 -7447 -7376 -7426 # -8321 -8193 -8193 -8065 -8321 -8193 -819CPU side received count (scaleup: 1): -7464 -7506 -7387 -7493 -7462 -7400 -7266 -7346 # -8193 -8321 -8065 -8321 -8321 -8193 -819CPU side received count (scaleup: 3): -7454 -7440 -7514 -7479 -7503 -7395 -7371 -7429 # -8321 -8321 -8321 -8321 -8193 -8065 -819CPU side received count (scaleup: 0): -7435 -7455 -7460 -7396 -7248 -7191 -7463 -7477 # -8193 -8065 -8193 -8321 -8065 -8321 -8323 -8193 
CPU side received count (scaleup: 4): -7424 -7385 -7365 -7453 -7412 -7404 -7545 -7571 # -8193 -8193 -8193 -8321 -8321 -8193 -832CPU side received count (scaleup: 6): -7501 -7389 -7443 -7421 -7361 -7494 -7356 -7372 # -8321 -8193 -8321 -8193 -8193 -8193 -8063 -8193 
CPU side received count (scaleup: 7): -7456 -7483 -7363 -7412 -7349 -7497 -7518 -7309 # -8193 -8193 -8193 -8193 -8321 -8193 -8323 -8193 
CPU side received count (scaleup: 5): -7537 -7457 -7391 -7431 -7485 -7464 -7338 -7402 # -8321 -8321 -8193 -8193 -8449 -8193 -8191 -8193 
1 -8193 
5 -8321 
1 -8321 
3 -8193 
Elastic buffer uses 4 channels per SM
Elastic buffer uses 4 channels per SM
Elastic buffer uses 4 channels per SM
Elastic buffer uses 4 channels per SM
Elastic buffer uses 4 channels per SM
Elastic buffer uses 4 channels per SM
Elastic buffer uses 4 channels per SM
Elastic buffer uses 4 channels per SM
CPU side received count (scaleup: 4): -7424 -7385 -7365 -7453 -7412 -7404 -7545 -7571 # -8193 -8193 -8193 -8321 -8321 -8193 -832CPU side received count (scaleup: 5): -7537 -7457 -7391 -7431 -7485 -7464 -7338 -7402 # -8321 -8321 -8193 -8193 -8449 -8193 -819CPU side received count (scaleup: 6): -7501 -7389 -7443 -7421 -7361 -7494 -7356 -7372 # -8321 -8193 -8321 -8193 -8193 -8193 -806CPU side received count (scaleup: 7): -7456 -7483 -7363 -7412 -7349 -7497 -7518 -7309 # -8193 -8193 -8193 -8193 -8321 -8193 -8321 -8193 
3 -8193 
5 -8321 
1 -8321 
CPU side received count (scaleup: 2): -7393 -7496 -7417 -7376 -7342 -7447 -7376 -7426 # -8321 -8193 -8193 -8065 -8321 -8193 -819CPU side received count (scaleup: 0): -7435 -7455 -7460 -7396 -7248 -7191 -7463 -7477 # -8193 -8065 -8193 -8321 -8065 -8321 -832CPU side received count (scaleup: 1): -7464 -7506 -7387 -7493 -7462 -7400 -7266 -7346 # -8193 -8321 -8065 -8321 -8321 -8193 -8191 -8193 
CPU side received count (scaleup: 3): -7454 -7440 -7514 -7479 -7503 -7395 -7371 -7429 # -8321 -8321 -8321 -8321 -8193 -8065 -8193 -8193 
3 -8193 
3 -8193 
Elastic buffer uses 4 channels per SM
Elastic buffer uses 4 channels per SM
Elastic buffer uses 4 channels per SM
Elastic buffer uses 4 channels per SM
Elastic buffer uses 4 channels per SM
Elastic buffer uses 4 channels per SM
Elastic buffer uses 4 channels per SM
Elastic buffer uses 4 channels per SM
CPU side received count (scaleup: 7): -7456 -7483 -7363 -7412 -7349 -7497 -7518 -7309 # -8193 -8193 -8193 -8193 -8321 -8193 -832CPU side received count (scaleup: 4): -7424 -7385 -7365 -7453 -7412 -7404 -7545 -7571 # -8193 -8193 -8193 -8321 -8321 -8193 -832CPU side received count (scaleup: 6): -7501 -7389 -7443 -7421 -7361 -7494 -7356 -7372 # -8321 -8193 -8321 -8193 -8193 -8193 -806CPU side received count (scaleup: 5): -7537 -7457 -7391 -7431 -7485 -7464 -7338 -7402 # -8321 -8321 -8193 -8193 -8449 -8193 -8191 -8321 
1 -8193 
5 -8321 
3 -8193 
CPU side received count (scaleup: 2): -7393 -7496 -7417 -7376 -7342 -7447 -7376 -7426 # -8321 -8193 -8193 -8065 -8321 -8193 -819CPU side received count (scaleup: 1): -7464 -7506 -7387 -7493 -7462 -7400 -7266 -7346 # -8193 -8321 -8065 -8321 -8321 -8193 -8193 -8193 
3 -8193 
CPU side received count (scaleup: 0): -7435 -7455 -7460 -7396 -7248 -7191 -7463 -7477 # -8193 -8065 -8193 -8321 -8065 -8321 -832CPU side received count (scaleup: 3): -7454 -7440 -7514 -7479 -7503 -7395 -7371 -7429 # -8321 -8321 -8321 -8321 -8193 -8065 -8191 -8193 
3 -8193 
Elastic buffer uses 4 channels per SM
Elastic buffer uses 4 channels per SM
Elastic buffer uses 4 channels per SM
Elastic buffer uses 4 channels per SM
Elastic buffer uses 4 channels per SM
Elastic buffer uses 4 channels per SM
Elastic buffer uses 4 channels per SM
Elastic buffer uses 4 channels per SM
CPU side received count (scaleup: 7): -7456 -7483 -7363 -7412 -7349 -7497 -7518 -7309 # -8193 -8193 -8193 -8193 -8321 -8193 -832CPU side received count (scaleup: 5): -7537 -7457 -7391 -7431 -7485 -7464 -7338 -7402 # -8321 -8321 -8193 -8193 -8449 -8193 -819CPU side received count (scaleup: 6): -7501 -7389 -7443 -7421 -7361 -7494 -7356 -7372 # -8321 -8193 -8321 -8193 -8193 -8193 -806CPU side received count (scaleup: 2): -7393 -7496 -7417 -7376 -7342 -7447 -7376 -7426 # -8321 -8193 -8193 -8065 -8321 -8193 -819CPU side received count (scaleup: 3): -7454 -7440 -7514 -7479 -7503 -7395 -7371 -7429 # -8321 -8321 -8321 -8321 -8193 -8065 -819CPU side received count (scaleup: 1): -7464 -7506 -7387 -7493 -7462 -7400 -7266 -7346 # -8193 -8321 -8065 -8321 -8321 -8193 -8193 -8193 
1 -8321 
CPU side received count (scaleup: 4): -7424 -7385 -7365 -7453 -7412 -7404 -7545 -7571 # -8193 -8193 -8193 -8321 -8321 -8193 -832CPU side received count (scaleup: 0): -7435 -7455 -7460 -7396 -7248 -7191 -7463 -7477 # -8193 -8065 -8193 -8321 -8065 -8321 -8325 -8321 
3 -8193 
3 -8193 
3 -8193 
1 -8193 
1 -8193 
Elastic buffer uses 4 channels per SM
Elastic buffer uses 4 channels per SM
Elastic buffer uses 4 channels per SM
Elastic buffer uses 4 channels per SM
Elastic buffer uses 4 channels per SM
Elastic buffer uses 4 channels per SM
Elastic buffer uses 4 channels per SM
Elastic buffer uses 4 channels per SM
CPU side received count (scaleup: 6): -7501 -7389 -7443 -7421 -7361 -7494 -7356 -7372 # -8321 -8193 -8321 -8193 -8193 -8193 -806CPU side received count (scaleup: 4): -7424 -7385 -7365 -7453 -7412 -7404 -7545 -7571 # -8193 -8193 -8193 -8321 -8321 -8193 -832CPU side received count (scaleup: 7): -7456 -7483 -7363 -7412 -7349 -7497 -7518 -7309 # -8193 -8193 -8193 -8193 -8321 -8193 -832CPU side received count (scaleup: 5): -7537 -7457 -7391 -7431 -7485 -7464 -7338 -7402 # -8321 -8321 -8193 -8193 -8449 -8193 -819CPU side received count (scaleup: 2): -7393 -7496 -7417 -7376 -7342 -7447 -7376 -7426 # -8321 -8193 -8193 -8065 -8321 -8193 -819CPU side received count (scaleup: 1): -7464 -7506 -7387 -7493 -7462 -7400 -7266 -7346 # -8193 -8321 -8065 -8321 -8321 -8193 -8191 -8193 
CPU side received count (scaleup: 3): -7454 -7440 -7514 -7479 -7503 -7395 -7371 -7429 # -8321 -8321 -8321 -8321 -8193 -8065 -819CPU side received count (scaleup: 0): -7435 -7455 -7460 -7396 -7248 -7191 -7463 -7477 # -8193 -8065 -8193 -8321 -8065 -8321 -8321 -8321 
3 -8193 
5 -8321 
3 -8193 
3 -8193 
3 -8193 
1 -8193 
Elastic buffer uses 4 channels per SM
Elastic buffer uses 4 channels per SM
Elastic buffer uses 4 channels per SM
Elastic buffer uses 4 channels per SM
Elastic buffer uses 4 channels per SM
Elastic buffer uses 4 channels per SM
Elastic buffer uses 4 channels per SM
Elastic buffer uses 4 channels per SM
CPU side received count (scaleup: 2): -7393 -7496 -7417 -7376 -7342 -7447 -7376 -7426 # -8321 -8193 -8193 -8065 -8321 -8193 -819CPU side received count (scaleup: 1): -7464 -7506 -7387 -7493 -7462 -7400 -7266 -7346 # -8193 -8321 -8065 -8321 -8321 -8193 -819CPU side received count (scaleup: 3): -7454 -7440 -7514 -7479 -7503 -7395 -7371 -7429 # -8321 -8321 -8321 -8321 -8193 -8065 -819CPU side received count (scaleup: 0): -7435 -7455 -7460 -7396 -7248 -7191 -7463 -7477 # -8193 -8065 -8193 -8321 -8065 -8321 -8323 -8193 
3 -8193 
3 -8193 
1 -8193 
CPU side received count (scaleup: 5): -7537 -7457 -7391 -7431 -7485 -7464 -7338 -7402 # -8321 -8321 -8193 -8193 -8449 -8193 -819CPU side received count (scaleup: 6): -7501 -7389 -7443 -7421 -7361 -7494 -7356 -7372 # -8321 -8193 -8321 -8193 -8193 -8193 -806CPU side received count (scaleup: 7): -7456 -7483 -7363 -7412 -7349 -7497 -7518 -7309 # -8193 -8193 -8193 -8193 -8321 -8193 -832CPU side received count (scaleup: 4): -7424 -7385 -7365 -7453 -7412 -7404 -7545 -7571 # -8193 -8193 -8193 -8321 -8321 -8193 -8323 -8193 
5 -8321 
1 -8321 
1 -8193 
Elastic buffer uses 4 channels per SM
Elastic buffer uses 4 channels per SM
Elastic buffer uses 4 channels per SM
Elastic buffer uses 4 channels per SM
Elastic buffer uses 4 channels per SM
Elastic buffer uses 4 channels per SM
Elastic buffer uses 4 channels per SM
Elastic buffer uses 4 channels per SM
CPU side received count (scaleup: 2): -7393 -7496 -7417 -7376 -7342 -7447 -7376 -7426 # -8321 -8193 -8193 -8065 -8321 -8193 -819CPU side received count (scaleup: 0): -7435 -7455 -7460 -7396 -7248 -7191 -7463 -7477 # -8193 -8065 -8193 -8321 -8065 -8321 -832CPU side received count (scaleup: 3): -7454 -7440 -7514 -7479 -7503 -7395 -7371 -7429 # -8321 -8321 -8321 -8321 -8193 -8065 -819CPU side received count (scaleup: 1): -7464 -7506 -7387 -7493 -7462 -7400 -7266 -7346 # -8193 -8321 -8065 -8321 -8321 -8193 -8193 -8193 
CPU side received count (scaleup: 4): -7424 -7385 -7365 -7453 -7412 -7404 -7545 -7571 # -8193 -8193 -8193 -8321 -8321 -8193 -8321 -8193 
3 -8193 
3 -8193 
1 -8193 
CPU side received count (scaleup: 6): -7501 -7389 -7443 -7421 -7361 -7494 -7356 -7372 # -8321 -8193 -8321 -8193 -8193 -8193 -806CPU side received count (scaleup: 7): -7456 -7483 -7363 -7412 -7349 -7497 -7518 -7309 # -8193 -8193 -8193 -8193 -8321 -8193 -832CPU side received count (scaleup: 5): -7537 -7457 -7391 -7431 -7485 -7464 -7338 -7402 # -8321 -8321 -8193 -8193 -8449 -8193 -8195 -8321 
1 -8321 
3 -8193 
Elastic buffer uses 4 channels per SM
Elastic buffer uses 4 channels per SM
Elastic buffer uses 4 channels per SM
Elastic buffer uses 4 channels per SM
Elastic buffer uses 4 channels per SM
Elastic buffer uses 4 channels per SM
Elastic buffer uses 4 channels per SM
Elastic buffer uses 4 channels per SM
CPU side received count (scaleup: 1): -7464 -7506 -7387 -7493 -7462 -7400 -7266 -7346 # -8193 -8321 -8065 -8321 -8321 -8193 -819CPU side received count (scaleup: 2): -7393 -7496 -7417 -7376 -7342 -7447 -7376 -7426 # -8321 -8193 -8193 -8065 -8321 -8193 -8193 -8193 
3 -8193 
CPU side received count (scaleup: 3): -7454 -7440 -7514 -7479 -7503 -7395 -7371 -7429 # -8321 -8321 -8321 -8321 -8193 -8065 -819CPU side received count (scaleup: 0): -7435 -7455 -7460 -7396 -7248 -7191 -7463 -7477 # -8193 -8065 -8193 -8321 -8065 -8321 -8323 -8193 
1 -8193 
CPU side received count (scaleup: 7): -7456 -7483 -7363 -7412 -7349 -7497 -7518 -7309 # -8193 -8193 -8193 -8193 -8321 -8193 -832CPU side received count (scaleup: 4): -7424 -7385 -7365 -7453 -7412 -7404 -7545 -7571 # -8193 -8193 -8193 -8321 -8321 -8193 -832CPU side received count (scaleup: 6): -7501 -7389 -7443 -7421 -7361 -7494 -7356 -7372 # -8321 -8193 -8321 -8193 -8193 -8193 -806CPU side received count (scaleup: 5): -7537 -7457 -7391 -7431 -7485 -7464 -7338 -7402 # -8321 -8321 -8193 -8193 -8449 -8193 -8191 -8321 
1 -8193 
3 -8193 
5 -8321 
Elastic buffer uses 4 channels per SM
Elastic buffer uses 4 channels per SM
Elastic buffer uses 4 channels per SM
Elastic buffer uses 4 channels per SM
Elastic buffer uses 4 channels per SM
Elastic buffer uses 4 channels per SM
Elastic buffer uses 4 channels per SM
Elastic buffer uses 4 channels per SM
CPU side received count (scaleup: 6): -7501 -7389 -7443 -7421 -7361 -7494 -7356 -7372 # -8321 -8193 -8321 -8193 -8193 -8193 -806CPU side received count (scaleup: 4): -7424 -7385 -7365 -7453 -7412 -7404 -7545 -7571 # -8193 -8193 -8193 -8321 -8321 -8193 -832CPU side received count (scaleup: 7): -7456 -7483 -7363 -7412 -7349 -7497 -7518 -7309 # -8193 -8193 -8193 -8193 -8321 -8193 -832CPU side received count (scaleup: 5): -7537 -7457 -7391 -7431 -7485 -7464 -7338 -7402 # -8321 -8321 -8193 -8193 -8449 -8193 -8195 -8321 
1 -8321 
1 -8193 
3 -8193 
CPU side received count (scaleup: 2): -7393 -7496 -7417 -7376 -7342 -7447 -7376 -7426 # -8321 -8193 -8193 -8065 -8321 -8193 -819CPU side received count (scaleup: 1): -7464 -7506 -7387 -7493 -7462 -7400 -7266 -7346 # -8193 -8321 -8065 -8321 -8321 -8193 -819CPU side received count (scaleup: 3): -7454 -7440 -7514 -7479 -7503 -7395 -7371 -7429 # -8321 -8321 -8321 -8321 -8193 -8065 -819CPU side received count (scaleup: 0): -7435 -7455 -7460 -7396 -7248 -7191 -7463 -7477 # -8193 -8065 -8193 -8321 -8065 -8321 -8323 -8193 
3 -8193 
3 -8193 
1 -8193 
Elastic buffer uses 4 channels per SM
Elastic buffer uses 4 channels per SM
Elastic buffer uses 4 channels per SM
Elastic buffer uses 4 channels per SM
Elastic buffer uses 4 channels per SM
Elastic buffer uses 4 channels per SM
Elastic buffer uses 4 channels per SM
Elastic buffer uses 4 channels per SM
CPU side received count (scaleup: 7): -7456 -7483 -7363 -7412 -7349 -7497 -7518 -7309 # -8193 -8193 -8193 -8193 -8321 -8193 -832CPU side received count (scaleup: 4): -7424 -7385 -7365 -7453 -7412 -7404 -7545 -7571 # -8193 -8193 -8193 -8321 -8321 -8193 -832CPU side received count (scaleup: 5): -7537 -7457 -7391 -7431 -7485 -7464 -7338 -7402 # -8321 -8321 -8193 -8193 -8449 -8193 -8191 -8321 
CPU side received count (scaleup: 2): -7393 -7496 -7417 -7376 -7342 -7447 -7376 -7426 # -8321 -8193 -8193 -8065 -8321 -8193 -8193 -8193 
CPU side received count (scaleup: 1): -7464 -7506 -7387 -7493 -7462 -7400 -7266 -7346 # -8193 -8321 -8065 -8321 -8321 -8193 -819CPU side received count (scaleup: 0): -7435 -7455 -7460 -7396 -7248 -7191 -7463 -7477 # -8193 -8065 -8193 -8321 -8065 -8321 -8323 -8193 
1 -8193 
CPU side received count (scaleup: 6): -7501 -7389 -7443 -7421 -7361 -7494 -7356 -7372 # -8321 -8193 -8321 -8193 -8193 -8193 -8061 -8193 
CPU side received count (scaleup: 3): -7454 -7440 -7514 -7479 -7503 -7395 -7371 -7429 # -8321 -8321 -8321 -8321 -8193 -8065 -8193 -8193 
5 -8321 
3 -8193 
Elastic buffer uses 4 channels per SM
Elastic buffer uses 4 channels per SM
Elastic buffer uses 4 channels per SM
Elastic buffer uses 4 channels per SM
Elastic buffer uses 4 channels per SM
Elastic buffer uses 4 channels per SM
Elastic buffer uses 4 channels per SM
USDT:2026-08-25 02:54:37 440:440 SyncActivityProfilerHandler.cpp:52] profiler_start
USDT:2026-08-25 02:54:37 433:433 SyncActivityProfilerHandler.cpp:52] profiler_startUSDT:2026-08-25 02:54:37 434:434 SyncActivityProfilerHandler.cpp:52] profiler_startUSDT:2026-08-25 02:54:37 436:436 SyncActivityProfilerHandler.cpp:52] profiler_startUSDT:2026-08-25 02:54:37 435:435 SyncActivityProfilerHandler.cpp:52] profiler_startUSDT:2026-08-25 02:54:37 439:439 SyncActivityProfilerHandler.cpp:52] profiler_startUSDT:2026-08-25 02:54:37 438:438 SyncActivityProfilerHandler.cpp:52] profiler_start
USDT:2026-08-25 02:54:37 437:437 SyncActivityProfilerHandler.cpp:52] profiler_start





Elastic buffer uses 4 channels per SM
CPU side received count (scaleup: 6): -7501 -7389 -7443 -7421 -7361 -7494 -7356 -7372 # -8321 -8193 -8321 -8193 -8193 -8193 -806CPU side received count (scaleup: 4): -7424 -7385 -7365 -7453 -7412 -7404 -7545 -7571 # -8193 -8193 -8193 -8321 -8321 -8193 -832CPU side received count (scaleup: 5): -7537 -7457 -7391 -7431 -7485 -7464 -7338 -7402 # -8321 -8321 -8193 -8193 -8449 -8193 -819CPU side received count (scaleup: 7): -7456 -7483 -7363 -7412 -7349 -7497 -7518 -7309 # -8193 -8193 -8193 -8193 -8321 -8193 -8325 -8321 
1 -8193 
3 -8193 
1 -8321 
CPU side received count (scaleup: 1): -7464 -7506 -7387 -7493 -7462 -7400 -7266 -7346 # -8193 -8321 -8065 -8321 -8321 -8193 -819CPU side received count (scaleup: 0): -7435 -7455 -7460 -7396 -7248 -7191 -7463 -7477 # -8193 -8065 -8193 -8321 -8065 -8321 -832CPU side received count (scaleup: 3): -7454 -7440 -7514 -7479 -7503 -7395 -7371 -7429 # -8321 -8321 -8321 -8321 -8193 -8065 -819CPU side received count (scaleup: 2): -7393 -7496 -7417 -7376 -7342 -7447 -7376 -7426 # -8321 -8193 -8193 -8065 -8321 -8193 -8193 -8193 
1 -8193 
3 -8193 
3 -8193 
Elastic buffer uses 4 channels per SM
Elastic buffer uses 4 channels per SM
Elastic buffer uses 4 channels per SM
Elastic buffer uses 4 channels per SM
Elastic buffer uses 4 channels per SM
Elastic buffer uses 4 channels per SM
Elastic buffer uses 4 channels per SM
Elastic buffer uses 4 channels per SM
CPU side received count (scaleup: 4): -7424 -7385 -7365 -7453 -7412 -7404 -7545 -7571 # -8193 -8193 -8193 -8321 -8321 -8193 -832CPU side received count (scaleup: 5): -7537 -7457 -7391 -7431 -7485 -7464 -7338 -7402 # -8321 -8321 -8193 -8193 -8449 -8193 -819CPU side received count (scaleup: 7): -7456 -7483 -7363 -7412 -7349 -7497 -7518 -7309 # -8193 -8193 -8193 -8193 -8321 -8193 -8321 -8193 
3 -8193 
1 -8321 
CPU side received count (scaleup: 2): -7393 -7496 -7417 -7376 -7342 -7447 -7376 -7426 # -8321 -8193 -8193 -8065 -8321 -8193 -819CPU side received count (scaleup: 1): -7464 -7506 -7387 -7493 -7462 -7400 -7266 -7346 # -8193 -8321 -8065 -8321 -8321 -8193 -819CPU side received count (scaleup: 0): -7435 -7455 -7460 -7396 -7248 -7191 -7463 -7477 # -8193 -8065 -8193 -8321 -8065 -8321 -8323 -8193 
CPU side received count (scaleup: 6): -7501 -7389 -7443 -7421 -7361 -7494 -7356 -7372 # -8321 -8193 -8321 -8193 -8193 -8193 -806CPU side received count (scaleup: 3): -7454 -7440 -7514 -7479 -7503 -7395 -7371 -7429 # -8321 -8321 -8321 -8321 -8193 -8065 -8191 -8193 
3 -8193 
5 -8321 
3 -8193 
Elastic buffer uses 4 channels per SM
Elastic buffer uses 4 channels per SM
Elastic buffer uses 4 channels per SM
Elastic buffer uses 4 channels per SM
Elastic buffer uses 4 channels per SM
Elastic buffer uses 4 channels per SM
Elastic buffer uses 4 channels per SM
Elastic buffer uses 4 channels per SM
CPU side received count (scaleup: 6): -7501 -7389 -7443 -7421 -7361 -7494 -7356 -7372 # -8321 -8193 -8321 -8193 -8193 -8193 -806CPU side received count (scaleup: 5): -7537 -7457 -7391 -7431 -7485 -7464 -7338 -7402 # -8321 -8321 -8193 -8193 -8449 -8193 -819CPU side received count (scaleup: 4): -7424 -7385 -7365 -7453 -7412 -7404 -7545 -7571 # -8193 -8193 -8193 -8321 -8321 -8193 -832CPU side received count (scaleup: 7): -7456 -7483 -7363 -7412 -7349 -7497 -7518 -7309 # -8193 -8193 -8193 -8193 -8321 -8193 -8325 -8321 
3 -8193 
1 -8193 
1 -8321 
CPU side received count (scaleup: 2): -7393 -7496 -7417 -7376 -7342 -7447 -7376 -7426 # -8321 -8193 -8193 -8065 -8321 -8193 -819CPU side received count (scaleup: 1): -7464 -7506 -7387 -7493 -7462 -7400 -7266 -7346 # -8193 -8321 -8065 -8321 -8321 -8193 -819CPU side received count (scaleup: 0): -7435 -7455 -7460 -7396 -7248 -7191 -7463 -7477 # -8193 -8065 -8193 -8321 -8065 -8321 -8323 -8193 
1 -8193 
CPU side received count (scaleup: 3): -7454 -7440 -7514 -7479 -7503 -7395 -7371 -7429 # -8321 -8321 -8321 -8321 -8193 -8065 -8193 -8193 
3 -8193 
Elastic buffer uses 4 channels per SM
Elastic buffer uses 4 channels per SM
Elastic buffer uses 4 channels per SM
Elastic buffer uses 4 channels per SM
Elastic buffer uses 4 channels per SM
Elastic buffer uses 4 channels per SM
Elastic buffer uses 4 channels per SM
Elastic buffer uses 4 channels per SM
CPU side received count (scaleup: 6): -7501 -7389 -7443 -7421 -7361 -7494 -7356 -7372 # -8321 -8193 -8321 -8193 -8193 -8193 -806CPU side received count (scaleup: 7): -7456 -7483 -7363 -7412 -7349 -7497 -7518 -7309 # -8193 -8193 -8193 -8193 -8321 -8193 -832CPU side received count (scaleup: 4): -7424 -7385 -7365 -7453 -7412 -7404 -7545 -7571 # -8193 -8193 -8193 -8321 -8321 -8193 -8325 -8321 
1 -8193 
1 -8321 
CPU side received count (scaleup: 2): -7393 -7496 -7417 -7376 -7342 -7447 -7376 -7426 # -8321 -8193 -8193 -8065 -8321 -8193 -819CPU side received count (scaleup: 1): -7464 -7506 -7387 -7493 -7462 -7400 -7266 -7346 # -8193 -8321 -8065 -8321 -8321 -8193 -819CPU side received count (scaleup: 3): -7454 -7440 -7514 -7479 -7503 -7395 -7371 -7429 # -8321 -8321 -8321 -8321 -8193 -8065 -819CPU side received count (scaleup: 0): -7435 -7455 -7460 -7396 -7248 -7191 -7463 -7477 # -8193 -8065 -8193 -8321 -8065 -8321 -8323 -8193 
3 -8193 
1 -8193 
CPU side received count (scaleup: 5): -7537 -7457 -7391 -7431 -7485 -7464 -7338 -7402 # -8321 -8321 -8193 -8193 -8449 -8193 -8193 -8193 
3 -8193 
Elastic buffer uses 4 channels per SM
Elastic buffer uses 4 channels per SM
Elastic buffer uses 4 channels per SM
Elastic buffer uses 4 channels per SM
Elastic buffer uses 4 channels per SM
Elastic buffer uses 4 channels per SM
Elastic buffer uses 4 channels per SM
Elastic buffer uses 4 channels per SM
CPU side received count (scaleup: 6): -7501 -7389 -7443 -7421 -7361 -7494 -7356 -7372 # -8321 -8193 -8321 -8193 -8193 -8193 -806CPU side received count (scaleup: 4): -7424 -7385 -7365 -7453 -7412 -7404 -7545 -7571 # -8193 -8193 -8193 -8321 -8321 -8193 -832CPU side received count (scaleup: 7): -7456 -7483 -7363 -7412 -7349 -7497 -7518 -7309 # -8193 -8193 -8193 -8193 -8321 -8193 -8325 -8321 
1 -8193 
CPU side received count (scaleup: 5): -7537 -7457 -7391 -7431 -7485 -7464 -7338 -7402 # -8321 -8321 -8193 -8193 -8449 -8193 -8191 -8321 
3 -8193 
CPU side received count (scaleup: 2): -7393 -7496 -7417 -7376 -7342 -7447 -7376 -7426 # -8321 -8193 -8193 -8065 -8321 -8193 -819CPU side received count (scaleup: 0): -7435 -7455 -7460 -7396 -7248 -7191 -7463 -7477 # -8193 -8065 -8193 -8321 -8065 -8321 -832CPU side received count (scaleup: 1): -7464 -7506 -7387 -7493 -7462 -7400 -7266 -7346 # -8193 -8321 -8065 -8321 -8321 -8193 -8193 -8193 
1 -8193 
3 -8193 
CPU side received count (scaleup: 3): -7454 -7440 -7514 -7479 -7503 -7395 -7371 -7429 # -8321 -8321 -8321 -8321 -8193 -8065 -8193 -8193 
Elastic buffer uses 4 channels per SM
Elastic buffer uses 4 channels per SM
Elastic buffer uses 4 channels per SM
Elastic buffer uses 4 channels per SM
Elastic buffer uses 4 channels per SM
Elastic buffer uses 4 channels per SM
Elastic buffer uses 4 channels per SM
Elastic buffer uses 4 channels per SM
CPU side received count (scaleup: 2): -7393 -7496 -7417 -7376 -7342 -7447 -7376 -7426 # -8321 -8193 -8193 -8065 -8321 -8193 -819CPU side received count (scaleup: 1): -7464 -7506 -7387 -7493 -7462 -7400 -7266 -7346 # -8193 -8321 -8065 -8321 -8321 -8193 -819CPU side received count (scaleup: 0): -7435 -7455 -7460 -7396 -7248 -7191 -7463 -7477 # -8193 -8065 -8193 -8321 -8065 -8321 -832CPU side received count (scaleup: 3): -7454 -7440 -7514 -7479 -7503 -7395 -7371 -7429 # -8321 -8321 -8321 -8321 -8193 -8065 -8193 -8193 
3 -8193 
3 -8193 
1 -8193 
CPU side received count (scaleup: 6): -7501 -7389 -7443 -7421 -7361 -7494 -7356 -7372 # -8321 -8193 -8321 -8193 -8193 -8193 -806CPU side received count (scaleup: 5): -7537 -7457 -7391 -7431 -7485 -7464 -7338 -7402 # -8321 -8321 -8193 -8193 -8449 -8193 -819CPU side received count (scaleup: 4): -7424 -7385 -7365 -7453 -7412 -7404 -7545 -7571 # -8193 -8193 -8193 -8321 -8321 -8193 -8325 -8321 
CPU side received count (scaleup: 7): -7456 -7483 -7363 -7412 -7349 -7497 -7518 -7309 # -8193 -8193 -8193 -8193 -8321 -8193 -8323 -8193 
1 -8193 
1 -8321 
Elastic buffer uses 4 channels per SM
Elastic buffer uses 4 channels per SM
Elastic buffer uses 4 channels per SM
Elastic buffer uses 4 channels per SM
Elastic buffer uses 4 channels per SM
Elastic buffer uses 4 channels per SM
Elastic buffer uses 4 channels per SM
Elastic buffer uses 4 channels per SM
CPU side received count (scaleup: 6): -7501 -7389 -7443 -7421 -7361 -7494 -7356 -7372 # -8321 -8193 -8321 -8193 -8193 -8193 -806CPU side received count (scaleup: 7): -7456 -7483 -7363 -7412 -7349 -7497 -7518 -7309 # -8193 -8193 -8193 -8193 -8321 -8193 -832CPU side received count (scaleup: 5): -7537 -7457 -7391 -7431 -7485 -7464 -7338 -7402 # -8321 -8321 -8193 -8193 -8449 -8193 -819CPU side received count (scaleup: 4): -7424 -7385 -7365 -7453 -7412 -7404 -7545 -7571 # -8193 -8193 -8193 -8321 -8321 -8193 -8325 -8321 
1 -8321 
3 -8193 
1 -8193 
CPU side received count (scaleup: 2): -7393 -7496 -7417 -7376 -7342 -7447 -7376 -7426 # -8321 -8193 -8193 -8065 -8321 -8193 -819CPU side received count (scaleup: 0): -7435 -7455 -7460 -7396 -7248 -7191 -7463 -7477 # -8193 -8065 -8193 -8321 -8065 -8321 -832CPU side received count (scaleup: 1): -7464 -7506 -7387 -7493 -7462 -7400 -7266 -7346 # -8193 -8321 -8065 -8321 -8321 -8193 -819CPU side received count (scaleup: 3): -7454 -7440 -7514 -7479 -7503 -7395 -7371 -7429 # -8321 -8321 -8321 -8321 -8193 -8065 -8193 -8193 
1 -8193 
3 -8193 
3 -8193 
Elastic buffer uses 4 channels per SM
Elastic buffer uses 4 channels per SM
Elastic buffer uses 4 channels per SM
Elastic buffer uses 4 channels per SM
Elastic buffer uses 4 channels per SM
Elastic buffer uses 4 channels per SM
Elastic buffer uses 4 channels per SM
Elastic buffer uses 4 channels per SM
CPU side received count (scaleup: 6): -7501 -7389 -7443 -7421 -7361 -7494 -7356 -7372 # -8321 -8193 -8321 -8193 -8193 -8193 -806CPU side received count (scaleup: 7): -7456 -7483 -7363 -7412 -7349 -7497 -7518 -7309 # -8193 -8193 -8193 -8193 -8321 -8193 -832CPU side received count (scaleup: 4): -7424 -7385 -7365 -7453 -7412 -7404 -7545 -7571 # -8193 -8193 -8193 -8321 -8321 -8193 -832CPU side received count (scaleup: 5): -7537 -7457 -7391 -7431 -7485 -7464 -7338 -7402 # -8321 -8321 -8193 -8193 -8449 -8193 -8191 -8321 
1 -8193 
3 -8193 
5 -8321 
CPU side received count (scaleup: 0): -7435 -7455 -7460 -7396 -7248 -7191 -7463 -7477 # -8193 -8065 -8193 -8321 -8065 -8321 -832CPU side received count (scaleup: 2): -7393 -7496 -7417 -7376 -7342 -7447 -7376 -7426 # -8321 -8193 -8193 -8065 -8321 -8193 -8191 -8193 
CPU side received count (scaleup: 3): -7454 -7440 -7514 -7479 -7503 -7395 -7371 -7429 # -8321 -8321 -8321 -8321 -8193 -8065 -819CPU side received count (scaleup: 1): -7464 -7506 -7387 -7493 -7462 -7400 -7266 -7346 # -8193 -8321 -8065 -8321 -8321 -8193 -8193 -8193 
3 -8193 
3 -8193 
Elastic buffer uses 4 channels per SM
Elastic buffer uses 4 channels per SM
Elastic buffer uses 4 channels per SM
Elastic buffer uses 4 channels per SM
Elastic buffer uses 4 channels per SM
Elastic buffer uses 4 channels per SM
Elastic buffer uses 4 channels per SM
Elastic buffer uses 4 channels per SM
CPU side received count (scaleup: 2): -7393 -7496 -7417 -7376 -7342 -7447 -7376 -7426 # -8321 -8193 -8193 -8065 -8321 -8193 -819CPU side received count (scaleup: 3): -7454 -7440 -7514 -7479 -7503 -7395 -7371 -7429 # -8321 -8321 -8321 -8321 -8193 -8065 -819CPU side received count (scaleup: 1): -7464 -7506 -7387 -7493 -7462 -7400 -7266 -7346 # -8193 -8321 -8065 -8321 -8321 -8193 -819CPU side received count (scaleup: 0): -7435 -7455 -7460 -7396 -7248 -7191 -7463 -7477 # -8193 -8065 -8193 -8321 -8065 -8321 -8323 -8193 
CPU side received count (scaleup: 6): -7501 -7389 -7443 -7421 -7361 -7494 -7356 -7372 # -8321 -8193 -8321 -8193 -8193 -8193 -8063 -8193 
CPU side received count (scaleup: 4): -7424 -7385 -7365 -7453 -7412 -7404 -7545 -7571 # -8193 -8193 -8193 -8321 -8321 -8193 -832CPU side received count (scaleup: 5): -7537 -7457 -7391 -7431 -7485 -7464 -7338 -7402 # -8321 -8321 -8193 -8193 -8449 -8193 -8191 -8193 
3 -8193 
CPU side received count (scaleup: 7): -7456 -7483 -7363 -7412 -7349 -7497 -7518 -7309 # -8193 -8193 -8193 -8193 -8321 -8193 -8325 -8321 
1 -8193 
1 -8321 
3 -8193 
Elastic buffer uses 4 channels per SM
Elastic buffer uses 4 channels per SM
Elastic buffer uses 4 channels per SM
Elastic buffer uses 4 channels per SM
Elastic buffer uses 4 channels per SM
Elastic buffer uses 4 channels per SM
Elastic buffer uses 4 channels per SM
Elastic buffer uses 4 channels per SM
CPU side received count (scaleup: 7): -7456 -7483 -7363 -7412 -7349 -7497 -7518 -7309 # -8193 -8193 -8193 -8193 -8321 -8193 -832CPU side received count (scaleup: 6): -7501 -7389 -7443 -7421 -7361 -7494 -7356 -7372 # -8321 -8193 -8321 -8193 -8193 -8193 -806CPU side received count (scaleup: 4): -7424 -7385 -7365 -7453 -7412 -7404 -7545 -7571 # -8193 -8193 -8193 -8321 -8321 -8193 -832CPU side received count (scaleup: 5): -7537 -7457 -7391 -7431 -7485 -7464 -7338 -7402 # -8321 -8321 -8193 -8193 -8449 -8193 -8191 -8321 
5 -8321 
1 -8193 
3 -8193 
CPU side received count (scaleup: 2): -7393 -7496 -7417 -7376 -7342 -7447 -7376 -7426 # -8321 -8193 -8193 -8065 -8321 -8193 -819CPU side received count (scaleup: 1): -7464 -7506 -7387 -7493 -7462 -7400 -7266 -7346 # -8193 -8321 -8065 -8321 -8321 -8193 -819CPU side received count (scaleup: 3): -7454 -7440 -7514 -7479 -7503 -7395 -7371 -7429 # -8321 -8321 -8321 -8321 -8193 -8065 -819CPU side received count (scaleup: 0): -7435 -7455 -7460 -7396 -7248 -7191 -7463 -7477 # -8193 -8065 -8193 -8321 -8065 -8321 -8323 -8193 
3 -8193 
3 -8193 
1 -8193 
Elastic buffer uses 4 channels per SM
Elastic buffer uses 4 channels per SM
Elastic buffer uses 4 channels per SM
Elastic buffer uses 4 channels per SM
Elastic buffer uses 4 channels per SM
Elastic buffer uses 4 channels per SM
Elastic buffer uses 4 channels per SM
Elastic buffer uses 4 channels per SM
CPU side received count (scaleup: 6): -7501 -7389 -7443 -7421 -7361 -7494 -7356 -7372 # -8321 -8193 -8321 -8193 -8193 -8193 -806CPU side received count (scaleup: 5): -7537 -7457 -7391 -7431 -7485 -7464 -7338 -7402 # -8321 -8321 -8193 -8193 -8449 -8193 -819CPU side received count (scaleup: 4): -7424 -7385 -7365 -7453 -7412 -7404 -7545 -7571 # -8193 -8193 -8193 -8321 -8321 -8193 -832CPU side received count (scaleup: 7): -7456 -7483 -7363 -7412 -7349 -7497 -7518 -7309 # -8193 -8193 -8193 -8193 -8321 -8193 -8325 -8321 
3 -8193 
1 -8193 
1 -8321 
CPU side received count (scaleup: 2): -7393 -7496 -7417 -7376 -7342 -7447 -7376 -7426 # -8321 -8193 -8193 -8065 -8321 -8193 -819CPU side received count (scaleup: 1): -7464 -7506 -7387 -7493 -7462 -7400 -7266 -7346 # -8193 -8321 -8065 -8321 -8321 -8193 -819CPU side received count (scaleup: 3): -7454 -7440 -7514 -7479 -7503 -7395 -7371 -7429 # -8321 -8321 -8321 -8321 -8193 -8065 -819CPU side received count (scaleup: 0): -7435 -7455 -7460 -7396 -7248 -7191 -7463 -7477 # -8193 -8065 -8193 -8321 -8065 -8321 -8323 -8193 
3 -8193 
1 -8193 
3 -8193 
Elastic buffer uses 4 channels per SM
Elastic buffer uses 4 channels per SM
Elastic buffer uses 4 channels per SM
Elastic buffer uses 4 channels per SM
Elastic buffer uses 4 channels per SM
Elastic buffer uses 4 channels per SM
Elastic buffer uses 4 channels per SM
Elastic buffer uses 4 channels per SM
CPU side received count (scaleup: 6): -7501 -7389 -7443 -7421 -7361 -7494 -7356 -7372 # -8321 -8193 -8321 -8193 -8193 -8193 -806CPU side received count (scaleup: 4): -7424 -7385 -7365 -7453 -7412 -7404 -7545 -7571 # -8193 -8193 -8193 -8321 -8321 -8193 -832CPU side received count (scaleup: 7): -7456 -7483 -7363 -7412 -7349 -7497 -7518 -7309 # -8193 -8193 -8193 -8193 -8321 -8193 -832CPU side received count (scaleup: 5): -7537 -7457 -7391 -7431 -7485 -7464 -7338 -7402 # -8321 -8321 -8193 -8193 -8449 -8193 -8195 -8321 
1 -8321 
1 -8193 
3 -8193 
CPU side received count (scaleup: 2): -7393 -7496 -7417 -7376 -7342 -7447 -7376 -7426 # -8321 -8193 -8193 -8065 -8321 -8193 -819CPU side received count (scaleup: 0): -7435 -7455 -7460 -7396 -7248 -7191 -7463 -7477 # -8193 -8065 -8193 -8321 -8065 -8321 -832CPU side received count (scaleup: 1): -7464 -7506 -7387 -7493 -7462 -7400 -7266 -7346 # -8193 -8321 -8065 -8321 -8321 -8193 -819CPU side received count (scaleup: 3): -7454 -7440 -7514 -7479 -7503 -7395 -7371 -7429 # -8321 -8321 -8321 -8321 -8193 -8065 -8193 -8193 
1 -8193 
3 -8193 
3 -8193 
Elastic buffer uses 4 channels per SM
Elastic buffer uses 4 channels per SM
Elastic buffer uses 4 channels per SM
Elastic buffer uses 4 channels per SM
Elastic buffer uses 4 channels per SM
Elastic buffer uses 4 channels per SM
Elastic buffer uses 4 channels per SM
Elastic buffer uses 4 channels per SM
CPU side received count (scaleup: 6): -7501 -7389 -7443 -7421 -7361 -7494 -7356 -7372 # -8321 -8193 -8321 -8193 -8193 -8193 -806CPU side received count (scaleup: 4): -7424 -7385 -7365 -7453 -7412 -7404 -7545 -7571 # -8193 -8193 -8193 -8321 -8321 -8193 -832CPU side received count (scaleup: 5): -7537 -7457 -7391 -7431 -7485 -7464 -7338 -7402 # -8321 -8321 -8193 -8193 -8449 -8193 -819CPU side received count (scaleup: 7): -7456 -7483 -7363 -7412 -7349 -7497 -7518 -7309 # -8193 -8193 -8193 -8193 -8321 -8193 -8325 -8321 
1 -8193 
3 -8193 
1 -8321 
CPU side received count (scaleup: 2): -7393 -7496 -7417 -7376 -7342 -7447 -7376 -7426 # -8321 -8193 -8193 -8065 -8321 -8193 -819CPU side received count (scaleup: 1): -7464 -7506 -7387 -7493 -7462 -7400 -7266 -7346 # -8193 -8321 -8065 -8321 -8321 -8193 -819CPU side received count (scaleup: 3): -7454 -7440 -7514 -7479 -7503 -7395 -7371 -7429 # -8321 -8321 -8321 -8321 -8193 -8065 -8193 -8193 
CPU side received count (scaleup: 0): -7435 -7455 -7460 -7396 -7248 -7191 -7463 -7477 # -8193 -8065 -8193 -8321 -8065 -8321 -8323 -8193 
3 -8193 
1 -8193 
Elastic buffer uses 4 channels per SM
Elastic buffer uses 4 channels per SM
Elastic buffer uses 4 channels per SM
Elastic buffer uses 4 channels per SM
Elastic buffer uses 4 channels per SM
Elastic buffer uses 4 channels per SM
Elastic buffer uses 4 channels per SM
Elastic buffer uses 4 channels per SM
CPU side received count (scaleup: 2): -7393 -7496 -7417 -7376 -7342 -7447 -7376 -7426 # -8321 -8193 -8193 -8065 -8321 -8193 -819CPU side received count (scaleup: 1): -7464 -7506 -7387 -7493 -7462 -7400 -7266 -7346 # -8193 -8321 -8065 -8321 -8321 -8193 -819CPU side received count (scaleup: 0): -7435 -7455 -7460 -7396 -7248 -7191 -7463 -7477 # -8193 -8065 -8193 -8321 -8065 -8321 -832CPU side received count (scaleup: 3): -7454 -7440 -7514 -7479 -7503 -7395 -7371 -7429 # -8321 -8321 -8321 -8321 -8193 -8065 -8193 -8193 
1 -8193 
3 -8193 
CPU side received count (scaleup: 5): -7537 -7457 -7391 -7431 -7485 -7464 -7338 -7402 # -8321 -8321 -8193 -8193 -8449 -8193 -819CPU side received count (scaleup: 7): -7456 -7483 -7363 -7412 -7349 -7497 -7518 -7309 # -8193 -8193 -8193 -8193 -8321 -8193 -832CPU side received count (scaleup: 6): -7501 -7389 -7443 -7421 -7361 -7494 -7356 -7372 # -8321 -8193 -8321 -8193 -8193 -8193 -806CPU side received count (scaleup: 4): -7424 -7385 -7365 -7453 -7412 -7404 -7545 -7571 # -8193 -8193 -8193 -8321 -8321 -8193 -8323 -8193 
3 -8193 
5 -8321 
1 -8321 
1 -8193 
Elastic buffer uses 4 channels per SM
Elastic buffer uses 4 channels per SM
Elastic buffer uses 4 channels per SM
Elastic buffer uses 4 channels per SM
Elastic buffer uses 4 channels per SM
Elastic buffer uses 4 channels per SM
Elastic buffer uses 4 channels per SM
Elastic buffer uses 4 channels per SM
CPU side received count (scaleup: 6): -7501 -7389 -7443 -7421 -7361 -7494 -7356 -7372 # -8321 -8193 -8321 -8193 -8193 -8193 -806CPU side received count (scaleup: 4): -7424 -7385 -7365 -7453 -7412 -7404 -7545 -7571 # -8193 -8193 -8193 -8321 -8321 -8193 -832CPU side received count (scaleup: 7): -7456 -7483 -7363 -7412 -7349 -7497 -7518 -7309 # -8193 -8193 -8193 -8193 -8321 -8193 -8325 -8321 
CPU side received count (scaleup: 5): -7537 -7457 -7391 -7431 -7485 -7464 -7338 -7402 # -8321 -8321 -8193 -8193 -8449 -8193 -8191 -8193 
1 -8321 
3 -8193 
CPU side received count (scaleup: 2): -7393 -7496 -7417 -7376 -7342 -7447 -7376 -7426 # -8321 -8193 -8193 -8065 -8321 -8193 -819CPU side received count (scaleup: 1): -7464 -7506 -7387 -7493 -7462 -7400 -7266 -7346 # -8193 -8321 -8065 -8321 -8321 -8193 -819CPU side received count (scaleup: 3): -7454 -7440 -7514 -7479 -7503 -7395 -7371 -7429 # -8321 -8321 -8321 -8321 -8193 -8065 -819CPU side received count (scaleup: 0): -7435 -7455 -7460 -7396 -7248 -7191 -7463 -7477 # -8193 -8065 -8193 -8321 -8065 -8321 -8323 -8193 
3 -8193 
3 -8193 
1 -8193 
Elastic buffer uses 4 channels per SM
Elastic buffer uses 4 channels per SM
Elastic buffer uses 4 channels per SM
Elastic buffer uses 4 channels per SM
Elastic buffer uses 4 channels per SM
Elastic buffer uses 4 channels per SM
Elastic buffer uses 4 channels per SM
Elastic buffer uses 4 channels per SM
CPU side received count (scaleup: 6): -7501 -7389 -7443 -7421 -7361 -7494 -7356 -7372 # -8321 -8193 -8321 -8193 -8193 -8193 -806CPU side received count (scaleup: 4): -7424 -7385 -7365 -7453 -7412 -7404 -7545 -7571 # -8193 -8193 -8193 -8321 -8321 -8193 -832CPU side received count (scaleup: 5): -7537 -7457 -7391 -7431 -7485 -7464 -7338 -7402 # -8321 -8321 -8193 -8193 -8449 -8193 -819CPU side received count (scaleup: 7): -7456 -7483 -7363 -7412 -7349 -7497 -7518 -7309 # -8193 -8193 -8193 -8193 -8321 -8193 -8325 -8321 
1 -8193 
CPU side received count (scaleup: 2): -7393 -7496 -7417 -7376 -7342 -7447 -7376 -7426 # -8321 -8193 -8193 -8065 -8321 -8193 -819CPU side received count (scaleup: 3): -7454 -7440 -7514 -7479 -7503 -7395 -7371 -7429 # -8321 -8321 -8321 -8321 -8193 -8065 -8191 -8321 
CPU side received count (scaleup: 1): -7464 -7506 -7387 -7493 -7462 -7400 -7266 -7346 # -8193 -8321 -8065 -8321 -8321 -8193 -8193 -8193 
CPU side received count (scaleup: 0): -7435 -7455 -7460 -7396 -7248 -7191 -7463 -7477 # -8193 -8065 -8193 -8321 -8065 -8321 -8323 -8193 
3 -8193 
3 -8193 
1 -8193 
Elastic buffer uses 4 channels per SM
Elastic buffer uses 4 channels per SM
Elastic buffer uses 4 channels per SM
Elastic buffer uses 4 channels per SM
Elastic buffer uses 4 channels per SM
Elastic buffer uses 4 channels per SM
Elastic buffer uses 4 channels per SM
Elastic buffer uses 4 channels per SM
CPU side received count (scaleup: 6): -7501 -7389 -7443 -7421 -7361 -7494 -7356 -7372 # -8321 -8193 -8321 -8193 -8193 -8193 -806CPU side received count (scaleup: 4): -7424 -7385 -7365 -7453 -7412 -7404 -7545 -7571 # -8193 -8193 -8193 -8321 -8321 -8193 -832CPU side received count (scaleup: 5): -7537 -7457 -7391 -7431 -7485 -7464 -7338 -7402 # -8321 -8321 -8193 -8193 -8449 -8193 -8195 -8321 
1 -8193 
3 -8193 
CPU side received count (scaleup: 1): -7464 -7506 -7387 -7493 -7462 -7400 -7266 -7346 # -8193 -8321 -8065 -8321 -8321 -8193 -819CPU side received count (scaleup: 0): -7435 -7455 -7460 -7396 -7248 -7191 -7463 -7477 # -8193 -8065 -8193 -8321 -8065 -8321 -832CPU side received count (scaleup: 7): -7456 -7483 -7363 -7412 -7349 -7497 -7518 -7309 # -8193 -8193 -8193 -8193 -8321 -8193 -832CPU side received count (scaleup: 2): -7393 -7496 -7417 -7376 -7342 -7447 -7376 -7426 # -8321 -8193 -8193 -8065 -8321 -8193 -819CPU side received count (scaleup: 3): -7454 -7440 -7514 -7479 -7503 -7395 -7371 -7429 # -8321 -8321 -8321 -8321 -8193 -8065 -8193 -8193 
3 -8193 
1 -8193 
1 -8321 
3 -8193 
Elastic buffer uses 4 channels per SM
Elastic buffer uses 4 channels per SM
Elastic buffer uses 4 channels per SM
Elastic buffer uses 4 channels per SM
Elastic buffer uses 4 channels per SM
Elastic buffer uses 4 channels per SM
Elastic buffer uses 4 channels per SM
Elastic buffer uses 4 channels per SM
CPU side received count (scaleup: 2): -7393 -7496 -7417 -7376 -7342 -7447 -7376 -7426 # -8321 -8193 -8193 -8065 -8321 -8193 -819CPU side received count (scaleup: 1): -7464 -7506 -7387 -7493 -7462 -7400 -7266 -7346 # -8193 -8321 -8065 -8321 -8321 -8193 -819CPU side received count (scaleup: 0): -7435 -7455 -7460 -7396 -7248 -7191 -7463 -7477 # -8193 -8065 -8193 -8321 -8065 -8321 -832CPU side received count (scaleup: 3): -7454 -7440 -7514 -7479 -7503 -7395 -7371 -7429 # -8321 -8321 -8321 -8321 -8193 -8065 -8193 -8193 
3 -8193 
1 -8193 
CPU side received count (scaleup: 4): -7424 -7385 -7365 -7453 -7412 -7404 -7545 -7571 # -8193 -8193 -8193 -8321 -8321 -8193 -832CPU side received count (scaleup: 7): -7456 -7483 -7363 -7412 -7349 -7497 -7518 -7309 # -8193 -8193 -8193 -8193 -8321 -8193 -832CPU side received count (scaleup: 5): -7537 -7457 -7391 -7431 -7485 -7464 -7338 -7402 # -8321 -8321 -8193 -8193 -8449 -8193 -819CPU side received count (scaleup: 6): -7501 -7389 -7443 -7421 -7361 -7494 -7356 -7372 # -8321 -8193 -8321 -8193 -8193 -8193 -8061 -8193 
1 -8321 
3 -8193 
3 -8193 
5 -8321 
Elastic buffer uses 4 channels per SM
Elastic buffer uses 4 channels per SM
Elastic buffer uses 4 channels per SM
Elastic buffer uses 4 channels per SM
Elastic buffer uses 4 channels per SM
Elastic buffer uses 4 channels per SM
Elastic buffer uses 4 channels per SM
Elastic buffer uses 4 channels per SM
CPU side received count (scaleup: 2): -7393 -7496 -7417 -7376 -7342 -7447 -7376 -7426 # -8321 -8193 -8193 -8065 -8321 -8193 -819CPU side received count (scaleup: 0): -7435 -7455 -7460 -7396 -7248 -7191 -7463 -7477 # -8193 -8065 -8193 -8321 -8065 -8321 -832CPU side received count (scaleup: 1): -7464 -7506 -7387 -7493 -7462 -7400 -7266 -7346 # -8193 -8321 -8065 -8321 -8321 -8193 -819CPU side received count (scaleup: 3): -7454 -7440 -7514 -7479 -7503 -7395 -7371 -7429 # -8321 -8321 -8321 -8321 -8193 -8065 -8193 -8193 
1 -8193 
CPU side received count (scaleup: 6): -7501 -7389 -7443 -7421 -7361 -7494 -7356 -7372 # -8321 -8193 -8321 -8193 -8193 -8193 -8063 -8193 
3 -8193 
CPU side received count (scaleup: 7): -7456 -7483 -7363 -7412 -7349 -7497 -7518 -7309 # -8193 -8193 -8193 -8193 -8321 -8193 -832CPU side received count (scaleup: 5): -7537 -7457 -7391 -7431 -7485 -7464 -7338 -7402 # -8321 -8321 -8193 -8193 -8449 -8193 -819CPU side received count (scaleup: 4): -7424 -7385 -7365 -7453 -7412 -7404 -7545 -7571 # -8193 -8193 -8193 -8321 -8321 -8193 -8325 -8321 
1 -8193 
1 -8321 
3 -8193 
Elastic buffer uses 4 channels per SM
Elastic buffer uses 4 channels per SM
Elastic buffer uses 4 channels per SM
Elastic buffer uses 4 channels per SM
Elastic buffer uses 4 channels per SM
Elastic buffer uses 4 channels per SM
Elastic buffer uses 4 channels per SM
Elastic buffer uses 4 channels per SM
CPU side received count (scaleup: 4): -7424 -7385 -7365 -7453 -7412 -7404 -7545 -7571 # -8193 -8193 -8193 -8321 -8321 -8193 -832CPU side received count (scaleup: 5): -7537 -7457 -7391 -7431 -7485 -7464 -7338 -7402 # -8321 -8321 -8193 -8193 -8449 -8193 -819CPU side received count (scaleup: 6): -7501 -7389 -7443 -7421 -7361 -7494 -7356 -7372 # -8321 -8193 -8321 -8193 -8193 -8193 -806CPU side received count (scaleup: 7): -7456 -7483 -7363 -7412 -7349 -7497 -7518 -7309 # -8193 -8193 -8193 -8193 -8321 -8193 -8323 -8193 
5 -8321 
1 -8193 
1 -8321 
CPU side received count (scaleup: 1): -7464 -7506 -7387 -7493 -7462 -7400 -7266 -7346 # -8193 -8321 -8065 -8321 -8321 -8193 -819CPU side received count (scaleup: 0): -7435 -7455 -7460 -7396 -7248 -7191 -7463 -7477 # -8193 -8065 -8193 -8321 -8065 -8321 -832CPU side received count (scaleup: 3): -7454 -7440 -7514 -7479 -7503 -7395 -7371 -7429 # -8321 -8321 -8321 -8321 -8193 -8065 -819CPU side received count (scaleup: 2): -7393 -7496 -7417 -7376 -7342 -7447 -7376 -7426 # -8321 -8193 -8193 -8065 -8321 -8193 -8191 -8193 
3 -8193 
3 -8193 
3 -8193 
Elastic buffer uses 4 channels per SM
Elastic buffer uses 4 channels per SM
Elastic buffer uses 4 channels per SM
Elastic buffer uses 4 channels per SM
Elastic buffer uses 4 channels per SM
Elastic buffer uses 4 channels per SM
Elastic buffer uses 4 channels per SM
Elastic buffer uses 4 channels per SM
CPU side received count (scaleup: 7): -7456 -7483 -7363 -7412 -7349 -7497 -7518 -7309 # -8193 -8193 -8193 -8193 -8321 -8193 -832CPU side received count (scaleup: 5): -7537 -7457 -7391 -7431 -7485 -7464 -7338 -7402 # -8321 -8321 -8193 -8193 -8449 -8193 -819CPU side received count (scaleup: 4): -7424 -7385 -7365 -7453 -7412 -7404 -7545 -7571 # -8193 -8193 -8193 -8321 -8321 -8193 -8321 -8321 
3 -8193 
1 -8193 
CPU side received count (scaleup: 2): -7393 -7496 -7417 -7376 -7342 -7447 -7376 -7426 # -8321 -8193 -8193 -8065 -8321 -8193 -819CPU side received count (scaleup: 1): -7464 -7506 -7387 -7493 -7462 -7400 -7266 -7346 # -8193 -8321 -8065 -8321 -8321 -8193 -8193 -8193 
CPU side received count (scaleup: 3): -7454 -7440 -7514 -7479 -7503 -7395 -7371 -7429 # -8321 -8321 -8321 -8321 -8193 -8065 -819CPU side received count (scaleup: 6): -7501 -7389 -7443 -7421 -7361 -7494 -7356 -7372 # -8321 -8193 -8321 -8193 -8193 -8193 -806CPU side received count (scaleup: 0): -7435 -7455 -7460 -7396 -7248 -7191 -7463 -7477 # -8193 -8065 -8193 -8321 -8065 -8321 -8325 -8321 
3 -8193 
3 -8193 
1 -8193 
Elastic buffer uses 4 channels per SM
Elastic buffer uses 4 channels per SM
Elastic buffer uses 4 channels per SM
Elastic buffer uses 4 channels per SM
Elastic buffer uses 4 channels per SM
Elastic buffer uses 4 channels per SM
Elastic buffer uses 4 channels per SM
Elastic buffer uses 4 channels per SM
CPU side received count (scaleup: 7): -7456 -7483 -7363 -7412 -7349 -7497 -7518 -7309 # -8193 -8193 -8193 -8193 -8321 -8193 -832CPU side received count (scaleup: 5): -7537 -7457 -7391 -7431 -7485 -7464 -7338 -7402 # -8321 -8321 -8193 -8193 -8449 -8193 -8191 -8321 
CPU side received count (scaleup: 4): -7424 -7385 -7365 -7453 -7412 -7404 -7545 -7571 # -8193 -8193 -8193 -8321 -8321 -8193 -8323 -8193 
1 -8193 
CPU side received count (scaleup: 2): -7393 -7496 -7417 -7376 -7342 -7447 -7376 -7426 # -8321 -8193 -8193 -8065 -8321 -8193 -819CPU side received count (scaleup: 6): -7501 -7389 -7443 -7421 -7361 -7494 -7356 -7372 # -8321 -8193 -8321 -8193 -8193 -8193 -8063 -8193 
CPU side received count (scaleup: 0): -7435 -7455 -7460 -7396 -7248 -7191 -7463 -7477 # -8193 -8065 -8193 -8321 -8065 -8321 -8325 -8321 
CPU side received count (scaleup: 1): -7464 -7506 -7387 -7493 -7462 -7400 -7266 -7346 # -8193 -8321 -8065 -8321 -8321 -8193 -8191 -8193 
CPU side received count (scaleup: 3): -7454 -7440 -7514 -7479 -7503 -7395 -7371 -7429 # -8321 -8321 -8321 -8321 -8193 -8065 -8193 -8193 
3 -8193 
Elastic buffer uses 4 channels per SM
Elastic buffer uses 4 channels per SM
Elastic buffer uses 4 channels per SM
Elastic buffer uses 4 channels per SM
Elastic buffer uses 4 channels per SM
Elastic buffer uses 4 channels per SM
Elastic buffer uses 4 channels per SM
Elastic buffer uses 4 channels per SM
CPU side received count (scaleup: 4): -7424 -7385 -7365 -7453 -7412 -7404 -7545 -7571 # -8193 -8193 -8193 -8321 -8321 -8193 -832CPU side received count (scaleup: 7): -7456 -7483 -7363 -7412 -7349 -7497 -7518 -7309 # -8193 -8193 -8193 -8193 -8321 -8193 -832CPU side received count (scaleup: 5): -7537 -7457 -7391 -7431 -7485 -7464 -7338 -7402 # -8321 -8321 -8193 -8193 -8449 -8193 -8191 -8193 
1 -8321 
3 -8193 
CPU side received count (scaleup: 2): -7393 -7496 -7417 -7376 -7342 -7447 -7376 -7426 # -8321 -8193 -8193 -8065 -8321 -8193 -819CPU side received count (scaleup: 1): -7464 -7506 -7387 -7493 -7462 -7400 -7266 -7346 # -8193 -8321 -8065 -8321 -8321 -8193 -819CPU side received count (scaleup: 0): -7435 -7455 -7460 -7396 -7248 -7191 -7463 -7477 # -8193 -8065 -8193 -8321 -8065 -8321 -832CPU side received count (scaleup: 6): -7501 -7389 -7443 -7421 -7361 -7494 -7356 -7372 # -8321 -8193 -8321 -8193 -8193 -8193 -8063 -8193 
1 -8193 
5 -8321 
3 -8193 
CPU side received count (scaleup: 3): -7454 -7440 -7514 -7479 -7503 -7395 -7371 -7429 # -8321 -8321 -8321 -8321 -8193 -8065 -8193 -8193 
Elastic buffer uses 4 channels per SM
Elastic buffer uses 4 channels per SM
Elastic buffer uses 4 channels per SM
Elastic buffer uses 4 channels per SM
Elastic buffer uses 4 channels per SM
Elastic buffer uses 4 channels per SM
Elastic buffer uses 4 channels per SM
Elastic buffer uses 4 channels per SM
CPU side received count (scaleup: 6): -7501 -7389 -7443 -7421 -7361 -7494 -7356 -7372 # -8321 -8193 -8321 -8193 -8193 -8193 -806CPU side received count (scaleup: 5): -7537 -7457 -7391 -7431 -7485 -7464 -7338 -7402 # -8321 -8321 -8193 -8193 -8449 -8193 -819CPU side received count (scaleup: 4): -7424 -7385 -7365 -7453 -7412 -7404 -7545 -7571 # -8193 -8193 -8193 -8321 -8321 -8193 -832CPU side received count (scaleup: 7): -7456 -7483 -7363 -7412 -7349 -7497 -7518 -7309 # -8193 -8193 -8193 -8193 -8321 -8193 -8325 -8321 
3 -8193 
1 -8193 
CPU side received count (scaleup: 1): -7464 -7506 -7387 -7493 -7462 -7400 -7266 -7346 # -8193 -8321 -8065 -8321 -8321 -8193 -819CPU side received count (scaleup: 3): -7454 -7440 -7514 -7479 -7503 -7395 -7371 -7429 # -8321 -8321 -8321 -8321 -8193 -8065 -819CPU side received count (scaleup: 0): -7435 -7455 -7460 -7396 -7248 -7191 -7463 -7477 # -8193 -8065 -8193 -8321 -8065 -8321 -8321 -8321 
CPU side received count (scaleup: 2): -7393 -7496 -7417 -7376 -7342 -7447 -7376 -7426 # -8321 -8193 -8193 -8065 -8321 -8193 -8193 -8193 
1 -8193 
3 -8193 
3 -8193 
Elastic buffer uses 4 channels per SM
Elastic buffer uses 4 channels per SM
Elastic buffer uses 4 channels per SM
Elastic buffer uses 4 channels per SM
Elastic buffer uses 4 channels per SM
Elastic buffer uses 4 channels per SM
Elastic buffer uses 4 channels per SM
Elastic buffer uses 4 channels per SM
CPU side received count (scaleup: 6): -7501 -7389 -7443 -7421 -7361 -7494 -7356 -7372 # -8321 -8193 -8321 -8193 -8193 -8193 -806CPU side received count (scaleup: 7): -7456 -7483 -7363 -7412 -7349 -7497 -7518 -7309 # -8193 -8193 -8193 -8193 -8321 -8193 -832CPU side received count (scaleup: 5): -7537 -7457 -7391 -7431 -7485 -7464 -7338 -7402 # -8321 -8321 -8193 -8193 -8449 -8193 -819CPU side received count (scaleup: 4): -7424 -7385 -7365 -7453 -7412 -7404 -7545 -7571 # -8193 -8193 -8193 -8321 -8321 -8193 -8321 -8321 
5 -8321 
1 -8193 
3 -8193 
CPU side received count (scaleup: 2): -7393 -7496 -7417 -7376 -7342 -7447 -7376 -7426 # -8321 -8193 -8193 -8065 -8321 -8193 -819CPU side received count (scaleup: 0): -7435 -7455 -7460 -7396 -7248 -7191 -7463 -7477 # -8193 -8065 -8193 -8321 -8065 -8321 -832CPU side received count (scaleup: 1): -7464 -7506 -7387 -7493 -7462 -7400 -7266 -7346 # -8193 -8321 -8065 -8321 -8321 -8193 -8193 -8193 
1 -8193 
CPU side received count (scaleup: 3): -7454 -7440 -7514 -7479 -7503 -7395 -7371 -7429 # -8321 -8321 -8321 -8321 -8193 -8065 -8193 -8193 
3 -8193 
Elastic buffer uses 4 channels per SM
Elastic buffer uses 4 channels per SM
Elastic buffer uses 4 channels per SM
Elastic buffer uses 4 channels per SM
Elastic buffer uses 4 channels per SM
Elastic buffer uses 4 channels per SM
Elastic buffer uses 4 channels per SM
Elastic buffer uses 4 channels per SM
CPU side received count (scaleup: 6): -7501 -7389 -7443 -7421 -7361 -7494 -7356 -7372 # -8321 -8193 -8321 -8193 -8193 -8193 -806CPU side received count (scaleup: 4): -7424 -7385 -7365 -7453 -7412 -7404 -7545 -7571 # -8193 -8193 -8193 -8321 -8321 -8193 -832CPU side received count (scaleup: 5): -7537 -7457 -7391 -7431 -7485 -7464 -7338 -7402 # -8321 -8321 -8193 -8193 -8449 -8193 -819CPU side received count (scaleup: 7): -7456 -7483 -7363 -7412 -7349 -7497 -7518 -7309 # -8193 -8193 -8193 -8193 -8321 -8193 -8325 -8321 
3 -8193 
1 -8193 
1 -8321 
CPU side received count (scaleup: 2): -7393 -7496 -7417 -7376 -7342 -7447 -7376 -7426 # -8321 -8193 -8193 -8065 -8321 -8193 -819CPU side received count (scaleup: 0): -7435 -7455 -7460 -7396 -7248 -7191 -7463 -7477 # -8193 -8065 -8193 -8321 -8065 -8321 -832CPU side received count (scaleup: 1): -7464 -7506 -7387 -7493 -7462 -7400 -7266 -7346 # -8193 -8321 -8065 -8321 -8321 -8193 -819CPU side received count (scaleup: 3): -7454 -7440 -7514 -7479 -7503 -7395 -7371 -7429 # -8321 -8321 -8321 -8321 -8193 -8065 -8193 -8193 
3 -8193 
1 -8193 
3 -8193 
Elastic buffer uses 4 channels per SM
Elastic buffer uses 4 channels per SM
Elastic buffer uses 4 channels per SM
Elastic buffer uses 4 channels per SM
Elastic buffer uses 4 channels per SM
Elastic buffer uses 4 channels per SM
Elastic buffer uses 4 channels per SM
Elastic buffer uses 4 channels per SM
CPU side received count (scaleup: 2): -7393 -7496 -7417 -7376 -7342 -7447 -7376 -7426 # -8321 -8193 -8193 -8065 -8321 -8193 -819CPU side received count (scaleup: 1): -7464 -7506 -7387 -7493 -7462 -7400 -7266 -7346 # -8193 -8321 -8065 -8321 -8321 -8193 -819CPU side received count (scaleup: 0): -7435 -7455 -7460 -7396 -7248 -7191 -7463 -7477 # -8193 -8065 -8193 -8321 -8065 -8321 -8321 -8193 
3 -8193 
CPU side received count (scaleup: 6): -7501 -7389 -7443 -7421 -7361 -7494 -7356 -7372 # -8321 -8193 -8321 -8193 -8193 -8193 -806CPU side received count (scaleup: 5): -7537 -7457 -7391 -7431 -7485 -7464 -7338 -7402 # -8321 -8321 -8193 -8193 -8449 -8193 -819CPU side received count (scaleup: 7): -7456 -7483 -7363 -7412 -7349 -7497 -7518 -7309 # -8193 -8193 -8193 -8193 -8321 -8193 -832CPU side received count (scaleup: 4): -7424 -7385 -7365 -7453 -7412 -7404 -7545 -7571 # -8193 -8193 -8193 -8321 -8321 -8193 -8325 -8321 
1 -8321 
1 -8193 
CPU side received count (scaleup: 3): -7454 -7440 -7514 -7479 -7503 -7395 -7371 -7429 # -8321 -8321 -8321 -8321 -8193 -8065 -8193 -8193 
3 -8193 
3 -8193 
Elastic buffer uses 4 channels per SM
Elastic buffer uses 4 channels per SM
Elastic buffer uses 4 channels per SM
Elastic buffer uses 4 channels per SM
Elastic buffer uses 4 channels per SM
Elastic buffer uses 4 channels per SM
Elastic buffer uses 4 channels per SM
Elastic buffer uses 4 channels per SM
CPU side received count (scaleup: 6): -7501 -7389 -7443 -7421 -7361 -7494 -7356 -7372 # -8321 -8193 -8321 -8193 -8193 -8193 -806CPU side received count (scaleup: 5): -7537 -7457 -7391 -7431 -7485 -7464 -7338 -7402 # -8321 -8321 -8193 -8193 -8449 -8193 -819CPU side received count (scaleup: 4): -7424 -7385 -7365 -7453 -7412 -7404 -7545 -7571 # -8193 -8193 -8193 -8321 -8321 -8193 -832CPU side received count (scaleup: 7): -7456 -7483 -7363 -7412 -7349 -7497 -7518 -7309 # -8193 -8193 -8193 -8193 -8321 -8193 -8325 -8321 
3 -8193 
1 -8193 
1 -8321 
CPU side received count (scaleup: 2): -7393 -7496 -7417 -7376 -7342 -7447 -7376 -7426 # -8321 -8193 -8193 -8065 -8321 -8193 -819CPU side received count (scaleup: 1): -7464 -7506 -7387 -7493 -7462 -7400 -7266 -7346 # -8193 -8321 -8065 -8321 -8321 -8193 -819CPU side received count (scaleup: 0): -7435 -7455 -7460 -7396 -7248 -7191 -7463 -7477 # -8193 -8065 -8193 -8321 -8065 -8321 -8321 -8193 
CPU side received count (scaleup: 3): -7454 -7440 -7514 -7479 -7503 -7395 -7371 -7429 # -8321 -8321 -8321 -8321 -8193 -8065 -8193 -8193 
3 -8193 
3 -8193 
Elastic buffer uses 4 channels per SM
Elastic buffer uses 4 channels per SM
Elastic buffer uses 4 channels per SM
Elastic buffer uses 4 channels per SM
Elastic buffer uses 4 channels per SM
Elastic buffer uses 4 channels per SM
Elastic buffer uses 4 channels per SM
Elastic buffer uses 4 channels per SM
CPU side received count (scaleup: 2): -7393 -7496 -7417 -7376 -7342 -7447 -7376 -7426 # -8321 -8193 -8193 -8065 -8321 -8193 -819CPU side received count (scaleup: 1): -7464 -7506 -7387 -7493 -7462 -7400 -7266 -7346 # -8193 -8321 -8065 -8321 -8321 -8193 -819CPU side received count (scaleup: 0): -7435 -7455 -7460 -7396 -7248 -7191 -7463 -7477 # -8193 -8065 -8193 -8321 -8065 -8321 -832CPU side received count (scaleup: 3): -7454 -7440 -7514 -7479 -7503 -7395 -7371 -7429 # -8321 -8321 -8321 -8321 -8193 -8065 -8193 -8193 
CPU side received count (scaleup: 4): -7424 -7385 -7365 -7453 -7412 -7404 -7545 -7571 # -8193 -8193 -8193 -8321 -8321 -8193 -832CPU side received count (scaleup: 7): -7456 -7483 -7363 -7412 -7349 -7497 -7518 -7309 # -8193 -8193 -8193 -8193 -8321 -8193 -832CPU side received count (scaleup: 6): -7501 -7389 -7443 -7421 -7361 -7494 -7356 -7372 # -8321 -8193 -8321 -8193 -8193 -8193 -806CPU side received count (scaleup: 5): -7537 -7457 -7391 -7431 -7485 -7464 -7338 -7402 # -8321 -8321 -8193 -8193 -8449 -8193 -8191 -8193 
1 -8321 
3 -8193 
1 -8193 
3 -8193 
3 -8193 
5 -8321 
Elastic buffer uses 4 channels per SM
Elastic buffer uses 4 channels per SM
Elastic buffer uses 4 channels per SM
Elastic buffer uses 4 channels per SM
Elastic buffer uses 4 channels per SM
Elastic buffer uses 4 channels per SM
Elastic buffer uses 4 channels per SM
Elastic buffer uses 4 channels per SM
CPU side received count (scaleup: 6): -7501 -7389 -7443 -7421 -7361 -7494 -7356 -7372 # -8321 -8193 -8321 -8193 -8193 -8193 -806CPU side received count (scaleup: 7): -7456 -7483 -7363 -7412 -7349 -7497 -7518 -7309 # -8193 -8193 -8193 -8193 -8321 -8193 -832CPU side received count (scaleup: 4): -7424 -7385 -7365 -7453 -7412 -7404 -7545 -7571 # -8193 -8193 -8193 -8321 -8321 -8193 -832CPU side received count (scaleup: 5): -7537 -7457 -7391 -7431 -7485 -7464 -7338 -7402 # -8321 -8321 -8193 -8193 -8449 -8193 -8195 -8321 
1 -8193 
1 -8321 
3 -8193 
CPU side received count (scaleup: 2): -7393 -7496 -7417 -7376 -7342 -7447 -7376 -7426 # -8321 -8193 -8193 -8065 -8321 -8193 -819CPU side received count (scaleup: 0): -7435 -7455 -7460 -7396 -7248 -7191 -7463 -7477 # -8193 -8065 -8193 -8321 -8065 -8321 -832CPU side received count (scaleup: 1): -7464 -7506 -7387 -7493 -7462 -7400 -7266 -7346 # -8193 -8321 -8065 -8321 -8321 -8193 -8191 -8193 
CPU side received count (scaleup: 3): -7454 -7440 -7514 -7479 -7503 -7395 -7371 -7429 # -8321 -8321 -8321 -8321 -8193 -8065 -8193 -8193 
3 -8193 
3 -8193 
USDT:2026-08-25 02:54:37 437:437 SyncActivityProfilerHandler.cpp:59] profiler_stop
USDT:2026-08-25 02:54:37 436:436 SyncActivityProfilerHandler.cpp:59] profiler_stopUSDT:2026-08-25 02:54:37 439:439 SyncActivityProfilerHandler.cpp:59] profiler_stopUSDT:2026-08-25 02:54:37 435:435 SyncActivityProfilerHandler.cpp:59] profiler_stopUSDT:2026-08-25 02:54:37 434:434 SyncActivityProfilerHandler.cpp:59] profiler_stopUSDT:2026-08-25 02:54:37 438:438 SyncActivityProfilerHandler.cpp:59] profiler_stopUSDT:2026-08-25 02:54:37 433:433 SyncActivityProfilerHandler.cpp:59] profiler_stop

USDT:2026-08-25 02:54:37 440:440 SyncActivityProfilerHandler.cpp:59] profiler_stop




   - EP:  14/32 | expanded dispatch: 51 GB/s (SO), 102 GB/s (SU), 4365.000 us, 444255552 bytes | copy: 2250 GB/s, 417.128 us
   - EP:  15/32 | expanded dispatch: 51 GB/s (SO), 102 GB/s (SU), 4365.000 us, 444629952 bytes | copy: 1958 GB/s, 480.341 us
   - EP:   8/32 | expanded dispatch: 51 GB/s (SO), 101 GB/s (SU), 4365.000 us, 442668096 bytes | copy: 2124 GB/s, 441.072 us   - EP:  13/32 | expanded dispatch: 51 GB/s (SO), 102 GB/s (SU), 4365.000 us, 445513536 bytes | copy: 1928 GB/s, 488.612 us

   - EP:  11/32 | expanded dispatch: 51 GB/s (SO), 102 GB/s (SU), 4365.000 us, 446112576 bytes | copy: 2167 GB/s, 434.617 us
   - EP:  12/32 | expanded dispatch: 51 GB/s (SO), 102 GB/s (SU), 4365.000 us, 445917888 bytes | copy: 2066 GB/s, 455.890 us
   - EP:  10/32 | expanded dispatch: 51 GB/s (SO), 102 GB/s (SU), 4365.000 us, 443776320 bytes | copy: 2159 GB/s, 434.191 us
   - EP:   9/32 | expanded dispatch: 51 GB/s (SO), 102 GB/s (SU), 4365.000 us, 444158208 bytes | copy: 2062 GB/s, 455.407 us
Elastic buffer uses 4 channels per SM
Elastic buffer uses 4 channels per SM
Elastic buffer uses 4 channels per SM
Elastic buffer uses 4 channels per SM
Elastic buffer uses 4 channels per SM
Elastic buffer uses 4 channels per SM
Elastic buffer uses 4 channels per SM
Elastic buffer uses 4 channels per SM
Elastic buffer uses 4 channels per SM
Elastic buffer uses 4 channels per SM
Elastic buffer uses 4 channels per SM
Elastic buffer uses 4 channels per SM
Elastic buffer uses 4 channels per SM
Elastic buffer uses 4 channels per SM
Elastic buffer uses 4 channels per SM
Elastic buffer uses 4 channels per SM
Elastic buffer uses 4 channels per SM
Elastic buffer uses 4 channels per SM
Elastic buffer uses 4 channels per SM
Elastic buffer uses 4 channels per SM
Elastic buffer uses 4 channels per SM
Elastic buffer uses 4 channels per SM
Elastic buffer uses 4 channels per SM
Elastic buffer uses 4 channels per SM
Elastic buffer uses 4 channels per SM
Elastic buffer uses 4 channels per SM
Elastic buffer uses 4 channels per SM
Elastic buffer uses 4 channels per SM
Elastic buffer uses 4 channels per SM
Elastic buffer uses 4 channels per SM
Elastic buffer uses 4 channels per SM
Elastic buffer uses 4 channels per SM
Elastic buffer uses 4 channels per SM
Elastic buffer uses 4 channels per SM
Elastic buffer uses 4 channels per SM
Elastic buffer uses 4 channels per SM
Elastic buffer uses 4 channels per SM
Elastic buffer uses 4 channels per SM
Elastic buffer uses 4 channels per SM
Elastic buffer uses 4 channels per SM
Elastic buffer uses 4 channels per SM
Elastic buffer uses 4 channels per SM
Elastic buffer uses 4 channels per SM
Elastic buffer uses 4 channels per SM
Elastic buffer uses 4 channels per SM
Elastic buffer uses 4 channels per SM
Elastic buffer uses 4 channels per SM
Elastic buffer uses 4 channels per SM
Elastic buffer uses 4 channels per SM
Elastic buffer uses 4 channels per SM
Elastic buffer uses 4 channels per SM
Elastic buffer uses 4 channels per SM
Elastic buffer uses 4 channels per SM
Elastic buffer uses 4 channels per SM
Elastic buffer uses 4 channels per SM
Elastic buffer uses 4 channels per SM
Elastic buffer uses 4 channels per SM
Elastic buffer uses 4 channels per SM
Elastic buffer uses 4 channels per SM
Elastic buffer uses 4 channels per SM
Elastic buffer uses 4 channels per SM
Elastic buffer uses 4 channels per SM
Elastic buffer uses 4 channels per SM
Elastic buffer uses 4 channels per SM
Elastic buffer uses 4 channels per SM
Elastic buffer uses 4 channels per SM
Elastic buffer uses 4 channels per SM
Elastic buffer uses 4 channels per SM
Elastic buffer uses 4 channels per SM
Elastic buffer uses 4 channels per SM
Elastic buffer uses 4 channels per SM
Elastic buffer uses 4 channels per SM
Elastic buffer uses 4 channels per SM
Elastic buffer uses 4 channels per SM
Elastic buffer uses 4 channels per SM
Elastic buffer uses 4 channels per SM
Elastic buffer uses 4 channels per SM
Elastic buffer uses 4 channels per SM
Elastic buffer uses 4 channels per SM
Elastic buffer uses 4 channels per SM
Elastic buffer uses 4 channels per SM
Elastic buffer uses 4 channels per SM
Elastic buffer uses 4 channels per SM
Elastic buffer uses 4 channels per SM
Elastic buffer uses 4 channels per SM
Elastic buffer uses 4 channels per SM
Elastic buffer uses 4 channels per SM
Elastic buffer uses 4 channels per SM
Elastic buffer uses 4 channels per SM
Elastic buffer uses 4 channels per SM
Elastic buffer uses 4 channels per SM
Elastic buffer uses 4 channels per SM
Elastic buffer uses 4 channels per SM
Elastic buffer uses 4 channels per SM
Elastic buffer uses 4 channels per SM
Elastic buffer uses 4 channels per SM
Elastic buffer uses 4 channels per SM
Elastic buffer uses 4 channels per SM
Elastic buffer uses 4 channels per SM
Elastic buffer uses 4 channels per SM
Elastic buffer uses 4 channels per SM
Elastic buffer uses 4 channels per SM
Elastic buffer uses 4 channels per SM
Elastic buffer uses 4 channels per SM
Elastic buffer uses 4 channels per SM
Elastic buffer uses 4 channels per SM
Elastic buffer uses 4 channels per SM
Elastic buffer uses 4 channels per SM
Elastic buffer uses 4 channels per SM
Elastic buffer uses 4 channels per SM
Elastic buffer uses 4 channels per SM
Elastic buffer uses 4 channels per SM
Elastic buffer uses 4 channels per SM
Elastic buffer uses 4 channels per SM
Elastic buffer uses 4 channels per SM
Elastic buffer uses 4 channels per SM
Elastic buffer uses 4 channels per SM
Elastic buffer uses 4 channels per SM
Elastic buffer uses 4 channels per SM
Elastic buffer uses 4 channels per SM
Elastic buffer uses 4 channels per SM
Elastic buffer uses 4 channels per SM
Elastic buffer uses 4 channels per SM
Elastic buffer uses 4 channels per SM
Elastic buffer uses 4 channels per SM
Elastic buffer uses 4 channels per SM
Elastic buffer uses 4 channels per SM
Elastic buffer uses 4 channels per SM
Elastic buffer uses 4 channels per SM
Elastic buffer uses 4 channels per SM
Elastic buffer uses 4 channels per SM
Elastic buffer uses 4 channels per SM
Elastic buffer uses 4 channels per SM
Elastic buffer uses 4 channels per SM
Elastic buffer uses 4 channels per SM
Elastic buffer uses 4 channels per SM
Elastic buffer uses 4 channels per SM
Elastic buffer uses 4 channels per SM
Elastic buffer uses 4 channels per SM
Elastic buffer uses 4 channels per SM
Elastic buffer uses 4 channels per SM
Elastic buffer uses 4 channels per SM
Elastic buffer uses 4 channels per SM
Elastic buffer uses 4 channels per SM
Elastic buffer uses 4 channels per SM
Elastic buffer uses 4 channels per SM
Elastic buffer uses 4 channels per SM
Elastic buffer uses 4 channels per SM
Elastic buffer uses 4 channels per SM
Elastic buffer uses 4 channels per SM
Elastic buffer uses 4 channels per SM
Elastic buffer uses 4 channels per SM
Elastic buffer uses 4 channels per SM
Elastic buffer uses 4 channels per SM
Elastic buffer uses 4 channels per SM
Elastic buffer uses 4 channels per SM
Elastic buffer uses 4 channels per SM
Elastic buffer uses 4 channels per SM
Elastic buffer uses 4 channels per SM
Elastic buffer uses 4 channels per SM
Elastic buffer uses 4 channels per SM
Elastic buffer uses 4 channels per SM
Elastic buffer uses 4 channels per SM
Elastic buffer uses 4 channels per SM
Elastic buffer uses 4 channels per SM
Elastic buffer uses 4 channels per SM
Elastic buffer uses 4 channels per SM
Elastic buffer uses 4 channels per SM
Elastic buffer uses 4 channels per SM
Elastic buffer uses 4 channels per SM
Elastic buffer uses 4 channels per SM
Elastic buffer uses 4 channels per SM
Elastic buffer uses 4 channels per SM
Elastic buffer uses 4 channels per SM
Elastic buffer uses 4 channels per SM
Elastic buffer uses 4 channels per SM
Elastic buffer uses 4 channels per SM
Elastic buffer uses 4 channels per SM
Elastic buffer uses 4 channels per SM
Elastic buffer uses 4 channels per SM
Elastic buffer uses 4 channels per SM
Elastic buffer uses 4 channels per SM
Elastic buffer uses 4 channels per SM
Elastic buffer uses 4 channels per SM
Elastic buffer uses 4 channels per SM
Elastic buffer uses 4 channels per SM
Elastic buffer uses 4 channels per SM
Elastic buffer uses 4 channels per SM
Elastic buffer uses 4 channels per SM
Elastic buffer uses 4 channels per SM
Elastic buffer uses 4 channels per SM
Elastic buffer uses 4 channels per SM
Elastic buffer uses 4 channels per SM
Elastic buffer uses 4 channels per SM
Elastic buffer uses 4 channels per SM
Elastic buffer uses 4 channels per SM
Elastic buffer uses 4 channels per SM
Elastic buffer uses 4 channels per SM
Elastic buffer uses 4 channels per SM
Elastic buffer uses 4 channels per SM
Elastic buffer uses 4 channels per SM
Elastic buffer uses 4 channels per SM
Elastic buffer uses 4 channels per SM
Elastic buffer uses 4 channels per SM
Elastic buffer uses 4 channels per SM
Elastic buffer uses 4 channels per SM
Elastic buffer uses 4 channels per SM
Elastic buffer uses 4 channels per SM
Elastic buffer uses 4 channels per SM
Elastic buffer uses 4 channels per SM
Elastic buffer uses 4 channels per SM
Elastic buffer uses 4 channels per SM
Elastic buffer uses 4 channels per SM
Elastic buffer uses 4 channels per SM
Elastic buffer uses 4 channels per SM
Elastic buffer uses 4 channels per SM
Elastic buffer uses 4 channels per SM
Elastic buffer uses 4 channels per SM
Elastic buffer uses 4 channels per SM
Elastic buffer uses 4 channels per SM
Elastic buffer uses 4 channels per SM
Elastic buffer uses 4 channels per SM
Elastic buffer uses 4 channels per SM
Elastic buffer uses 4 channels per SM
Elastic buffer uses 4 channels per SM
Elastic buffer uses 4 channels per SM
Elastic buffer uses 4 channels per SM
Elastic buffer uses 4 channels per SM
Elastic buffer uses 4 channels per SM
Elastic buffer uses 4 channels per SM
Elastic buffer uses 4 channels per SM
Elastic buffer uses 4 channels per SM
Elastic buffer uses 4 channels per SM
Elastic buffer uses 4 channels per SM
Elastic buffer uses 4 channels per SM
Elastic buffer uses 4 channels per SM
Elastic buffer uses 4 channels per SM
Elastic buffer uses 4 channels per SM
Elastic buffer uses 4 channels per SM
Elastic buffer uses 4 channels per SM
Elastic buffer uses 4 channels per SM
Elastic buffer uses 4 channels per SM
Elastic buffer uses 4 channels per SM
Elastic buffer uses 4 channels per SM
Elastic buffer uses 4 channels per SM
Elastic buffer uses 4 channels per SM
Elastic buffer uses 4 channels per SM
Elastic buffer uses 4 channels per SM
USDT:2026-08-25 02:54:38 433:433 SyncActivityProfilerHandler.cpp:52] profiler_startUSDT:2026-08-25 02:54:38 440:440 SyncActivityProfilerHandler.cpp:52] profiler_start
USDT:2026-08-25 02:54:38 434:434 SyncActivityProfilerHandler.cpp:52] profiler_startUSDT:2026-08-25 02:54:38 435:435 SyncActivityProfilerHandler.cpp:52] profiler_start

USDT:2026-08-25 02:54:38 437:437 SyncActivityProfilerHandler.cpp:52] profiler_start
USDT:2026-08-25 02:54:38 438:438 SyncActivityProfilerHandler.cpp:52] profiler_startUSDT:2026-08-25 02:54:38 436:436 SyncActivityProfilerHandler.cpp:52] profiler_startUSDT:2026-08-25 02:54:38 439:439 SyncActivityProfilerHandler.cpp:52] profiler_start



Elastic buffer uses 4 channels per SM
Elastic buffer uses 4 channels per SM
Elastic buffer uses 4 channels per SM
Elastic buffer uses 4 channels per SM
Elastic buffer uses 4 channels per SM
Elastic buffer uses 4 channels per SM
Elastic buffer uses 4 channels per SM
Elastic buffer uses 4 channels per SM
Elastic buffer uses 4 channels per SM
Elastic buffer uses 4 channels per SM
Elastic buffer uses 4 channels per SM
Elastic buffer uses 4 channels per SM
Elastic buffer uses 4 channels per SM
Elastic buffer uses 4 channels per SM
Elastic buffer uses 4 channels per SM
Elastic buffer uses 4 channels per SM
Elastic buffer uses 4 channels per SM
Elastic buffer uses 4 channels per SM
Elastic buffer uses 4 channels per SM
Elastic buffer uses 4 channels per SM
Elastic buffer uses 4 channels per SM
Elastic buffer uses 4 channels per SM
Elastic buffer uses 4 channels per SM
Elastic buffer uses 4 channels per SM
Elastic buffer uses 4 channels per SM
Elastic buffer uses 4 channels per SM
Elastic buffer uses 4 channels per SM
Elastic buffer uses 4 channels per SM
Elastic buffer uses 4 channels per SM
Elastic buffer uses 4 channels per SM
Elastic buffer uses 4 channels per SM
Elastic buffer uses 4 channels per SM
Elastic buffer uses 4 channels per SM
Elastic buffer uses 4 channels per SM
Elastic buffer uses 4 channels per SM
Elastic buffer uses 4 channels per SM
Elastic buffer uses 4 channels per SM
Elastic buffer uses 4 channels per SM
Elastic buffer uses 4 channels per SM
Elastic buffer uses 4 channels per SM
Elastic buffer uses 4 channels per SM
Elastic buffer uses 4 channels per SM
Elastic buffer uses 4 channels per SM
Elastic buffer uses 4 channels per SM
Elastic buffer uses 4 channels per SM
Elastic buffer uses 4 channels per SM
Elastic buffer uses 4 channels per SM
Elastic buffer uses 4 channels per SM
Elastic buffer uses 4 channels per SM
Elastic buffer uses 4 channels per SM
Elastic buffer uses 4 channels per SM
Elastic buffer uses 4 channels per SM
Elastic buffer uses 4 channels per SM
Elastic buffer uses 4 channels per SM
Elastic buffer uses 4 channels per SM
Elastic buffer uses 4 channels per SM
Elastic buffer uses 4 channels per SM
Elastic buffer uses 4 channels per SM
Elastic buffer uses 4 channels per SM
Elastic buffer uses 4 channels per SM
Elastic buffer uses 4 channels per SM
Elastic buffer uses 4 channels per SM
Elastic buffer uses 4 channels per SM
Elastic buffer uses 4 channels per SM
Elastic buffer uses 4 channels per SM
Elastic buffer uses 4 channels per SM
Elastic buffer uses 4 channels per SM
Elastic buffer uses 4 channels per SM
Elastic buffer uses 4 channels per SM
Elastic buffer uses 4 channels per SM
Elastic buffer uses 4 channels per SM
Elastic buffer uses 4 channels per SM
Elastic buffer uses 4 channels per SM
Elastic buffer uses 4 channels per SM
Elastic buffer uses 4 channels per SM
Elastic buffer uses 4 channels per SM
Elastic buffer uses 4 channels per SM
Elastic buffer uses 4 channels per SM
Elastic buffer uses 4 channels per SM
Elastic buffer uses 4 channels per SM
Elastic buffer uses 4 channels per SM
Elastic buffer uses 4 channels per SM
Elastic buffer uses 4 channels per SM
Elastic buffer uses 4 channels per SM
Elastic buffer uses 4 channels per SM
Elastic buffer uses 4 channels per SM
Elastic buffer uses 4 channels per SM
Elastic buffer uses 4 channels per SM
Elastic buffer uses 4 channels per SM
Elastic buffer uses 4 channels per SM
Elastic buffer uses 4 channels per SM
Elastic buffer uses 4 channels per SM
Elastic buffer uses 4 channels per SM
Elastic buffer uses 4 channels per SM
Elastic buffer uses 4 channels per SM
Elastic buffer uses 4 channels per SM
Elastic buffer uses 4 channels per SM
Elastic buffer uses 4 channels per SM
Elastic buffer uses 4 channels per SM
Elastic buffer uses 4 channels per SM
Elastic buffer uses 4 channels per SM
Elastic buffer uses 4 channels per SM
Elastic buffer uses 4 channels per SM
Elastic buffer uses 4 channels per SM
Elastic buffer uses 4 channels per SM
Elastic buffer uses 4 channels per SM
Elastic buffer uses 4 channels per SM
Elastic buffer uses 4 channels per SM
Elastic buffer uses 4 channels per SM
Elastic buffer uses 4 channels per SM
Elastic buffer uses 4 channels per SM
Elastic buffer uses 4 channels per SM
Elastic buffer uses 4 channels per SM
Elastic buffer uses 4 channels per SM
Elastic buffer uses 4 channels per SM
Elastic buffer uses 4 channels per SM
Elastic buffer uses 4 channels per SM
Elastic buffer uses 4 channels per SM
Elastic buffer uses 4 channels per SM
Elastic buffer uses 4 channels per SM
Elastic buffer uses 4 channels per SM
Elastic buffer uses 4 channels per SM
Elastic buffer uses 4 channels per SM
Elastic buffer uses 4 channels per SM
Elastic buffer uses 4 channels per SM
Elastic buffer uses 4 channels per SM
Elastic buffer uses 4 channels per SM
Elastic buffer uses 4 channels per SM
Elastic buffer uses 4 channels per SM
Elastic buffer uses 4 channels per SM
Elastic buffer uses 4 channels per SM
Elastic buffer uses 4 channels per SM
Elastic buffer uses 4 channels per SM
Elastic buffer uses 4 channels per SM
Elastic buffer uses 4 channels per SM
Elastic buffer uses 4 channels per SM
Elastic buffer uses 4 channels per SM
Elastic buffer uses 4 channels per SM
Elastic buffer uses 4 channels per SM
Elastic buffer uses 4 channels per SM
Elastic buffer uses 4 channels per SM
Elastic buffer uses 4 channels per SM
Elastic buffer uses 4 channels per SM
Elastic buffer uses 4 channels per SM
Elastic buffer uses 4 channels per SM
Elastic buffer uses 4 channels per SM
Elastic buffer uses 4 channels per SM
Elastic buffer uses 4 channels per SM
Elastic buffer uses 4 channels per SM
Elastic buffer uses 4 channels per SM
Elastic buffer uses 4 channels per SM
Elastic buffer uses 4 channels per SM
Elastic buffer uses 4 channels per SM
Elastic buffer uses 4 channels per SM
Elastic buffer uses 4 channels per SM
Elastic buffer uses 4 channels per SM
Elastic buffer uses 4 channels per SM
Elastic buffer uses 4 channels per SM
Elastic buffer uses 4 channels per SM
Elastic buffer uses 4 channels per SM
Elastic buffer uses 4 channels per SM
Elastic buffer uses 4 channels per SM
Elastic buffer uses 4 channels per SM
Elastic buffer uses 4 channels per SM
Elastic buffer uses 4 channels per SM
Elastic buffer uses 4 channels per SM
Elastic buffer uses 4 channels per SM
Elastic buffer uses 4 channels per SM
Elastic buffer uses 4 channels per SM
Elastic buffer uses 4 channels per SM
Elastic buffer uses 4 channels per SM
Elastic buffer uses 4 channels per SM
Elastic buffer uses 4 channels per SM
Elastic buffer uses 4 channels per SM
Elastic buffer uses 4 channels per SM
Elastic buffer uses 4 channels per SM
Elastic buffer uses 4 channels per SM
Elastic buffer uses 4 channels per SM
Elastic buffer uses 4 channels per SM
Elastic buffer uses 4 channels per SM
Elastic buffer uses 4 channels per SM
Elastic buffer uses 4 channels per SM
Elastic buffer uses 4 channels per SM
Elastic buffer uses 4 channels per SM
Elastic buffer uses 4 channels per SM
Elastic buffer uses 4 channels per SM
Elastic buffer uses 4 channels per SM
Elastic buffer uses 4 channels per SM
Elastic buffer uses 4 channels per SM
Elastic buffer uses 4 channels per SM
Elastic buffer uses 4 channels per SM
Elastic buffer uses 4 channels per SM
Elastic buffer uses 4 channels per SM
Elastic buffer uses 4 channels per SM
Elastic buffer uses 4 channels per SM
Elastic buffer uses 4 channels per SM
Elastic buffer uses 4 channels per SM
Elastic buffer uses 4 channels per SM
Elastic buffer uses 4 channels per SM
Elastic buffer uses 4 channels per SM
Elastic buffer uses 4 channels per SM
Elastic buffer uses 4 channels per SM
Elastic buffer uses 4 channels per SM
Elastic buffer uses 4 channels per SM
Elastic buffer uses 4 channels per SM
Elastic buffer uses 4 channels per SM
Elastic buffer uses 4 channels per SM
Elastic buffer uses 4 channels per SM
Elastic buffer uses 4 channels per SM
Elastic buffer uses 4 channels per SM
Elastic buffer uses 4 channels per SM
Elastic buffer uses 4 channels per SM
Elastic buffer uses 4 channels per SM
Elastic buffer uses 4 channels per SM
Elastic buffer uses 4 channels per SM
Elastic buffer uses 4 channels per SM
Elastic buffer uses 4 channels per SM
Elastic buffer uses 4 channels per SM
Elastic buffer uses 4 channels per SM
Elastic buffer uses 4 channels per SM
Elastic buffer uses 4 channels per SM
Elastic buffer uses 4 channels per SM
Elastic buffer uses 4 channels per SM
Elastic buffer uses 4 channels per SM
Elastic buffer uses 4 channels per SM
Elastic buffer uses 4 channels per SM
Elastic buffer uses 4 channels per SM
Elastic buffer uses 4 channels per SM
Elastic buffer uses 4 channels per SM
Elastic buffer uses 4 channels per SM
Elastic buffer uses 4 channels per SM
Elastic buffer uses 4 channels per SM
Elastic buffer uses 4 channels per SM
Elastic buffer uses 4 channels per SM
Elastic buffer uses 4 channels per SM
Elastic buffer uses 4 channels per SM
Elastic buffer uses 4 channels per SM
Elastic buffer uses 4 channels per SM
Elastic buffer uses 4 channels per SM
Elastic buffer uses 4 channels per SM
USDT:2026-08-25 02:54:38 440:440 SyncActivityProfilerHandler.cpp:59] profiler_stopUSDT:2026-08-25 02:54:38 433:433 SyncActivityProfilerHandler.cpp:59] profiler_stop

USDT:2026-08-25 02:54:38 437:437 SyncActivityProfilerHandler.cpp:59] profiler_stop
USDT:2026-08-25 02:54:38 439:439 SyncActivityProfilerHandler.cpp:59] profiler_stop
USDT:2026-08-25 02:54:38 438:438 SyncActivityProfilerHandler.cpp:59] profiler_stopUSDT:2026-08-25 02:54:38 435:435 SyncActivityProfilerHandler.cpp:59] profiler_stop
USDT:2026-08-25 02:54:38 434:434 SyncActivityProfilerHandler.cpp:59] profiler_stop

USDT:2026-08-25 02:54:38 436:436 SyncActivityProfilerHandler.cpp:59] profiler_stop
   # EP:  13/32 | cached dispatch: 51 GB/s (SO), 102 GB/s (SU), 4382.000 us, 445513536 bytes | copy: 2259 GB/s, 394.507 us
   # EP:  15/32 | cached dispatch: 50 GB/s (SO), 101 GB/s (SU), 4382.000 us, 444629952 bytes | copy: 2197 GB/s, 404.774 us
   # EP:   9/32 | cached dispatch: 51 GB/s (SO), 101 GB/s (SU), 4382.000 us, 444158208 bytes | copy: 2158 GB/s, 411.719 us
   # EP:  10/32 | cached dispatch: 50 GB/s (SO), 101 GB/s (SU), 4382.000 us, 443776320 bytes | copy: 2177 GB/s, 407.710 us
   # EP:  11/32 | cached dispatch: 50 GB/s (SO), 102 GB/s (SU), 4382.000 us, 446112576 bytes | copy: 2617 GB/s, 340.910 us
   # EP:  12/32 | cached dispatch: 51 GB/s (SO), 102 GB/s (SU), 4382.000 us, 445917888 bytes | copy: 2162 GB/s, 412.579 us
   # EP:  14/32 | cached dispatch: 51 GB/s (SO), 101 GB/s (SU), 4382.000 us, 444255552 bytes | copy: 2195 GB/s, 404.702 us
   # EP:   8/32 | cached dispatch: 51 GB/s (SO), 101 GB/s (SU), 4382.000 us, 442668096 bytes | copy: 2316 GB/s, 382.236 us
USDT:2026-08-25 02:54:39 440:440 SyncActivityProfilerHandler.cpp:52] profiler_start
USDT:2026-08-25 02:54:39 439:439 SyncActivityProfilerHandler.cpp:52] profiler_start
USDT:2026-08-25 02:54:39 433:433 SyncActivityProfilerHandler.cpp:52] profiler_start
USDT:2026-08-25 02:54:39 438:438 SyncActivityProfilerHandler.cpp:52] profiler_start
USDT:2026-08-25 02:54:39 434:434 SyncActivityProfilerHandler.cpp:52] profiler_start
USDT:2026-08-25 02:54:39 435:435 SyncActivityProfilerHandler.cpp:52] profiler_start
USDT:2026-08-25 02:54:39 436:436 SyncActivityProfilerHandler.cpp:52] profiler_start
USDT:2026-08-25 02:54:39 437:437 SyncActivityProfilerHandler.cpp:52] profiler_start
USDT:2026-08-25 02:54:40 440:440 SyncActivityProfilerHandler.cpp:59] profiler_stop
USDT:2026-08-25 02:54:40 439:439 SyncActivityProfilerHandler.cpp:59] profiler_stop
USDT:2026-08-25 02:54:40 438:438 SyncActivityProfilerHandler.cpp:59] profiler_stop
USDT:2026-08-25 02:54:40 434:434 SyncActivityProfilerHandler.cpp:59] profiler_stop
USDT:2026-08-25 02:54:40 433:433 SyncActivityProfilerHandler.cpp:59] profiler_stop
USDT:2026-08-25 02:54:40 435:435 SyncActivityProfilerHandler.cpp:59] profiler_stop
USDT:2026-08-25 02:54:40 436:436 SyncActivityProfilerHandler.cpp:59] profiler_stop
USDT:2026-08-25 02:54:40 437:437 SyncActivityProfilerHandler.cpp:59] profiler_stop
   @ EP:  15/32 | combine: 55 GB/s (SO), 111 GB/s (SU), 7694.000 us, 853157472 bytes | reduce: 3588 GB/s, 150.823 us
   @ EP:  13/32 | combine: 51 GB/s (SO), 103 GB/s (SU), 8323.000 us, 854852896 bytes | reduce: 3590 GB/s, 151.445 us   @ EP:  14/32 | combine: 51 GB/s (SO), 103 GB/s (SU), 8273.000 us, 852439072 bytes | reduce: 3586 GB/s, 151.368 us

   @ EP:   8/32 | combine: 51 GB/s (SO), 102 GB/s (SU), 8351.000 us, 849393056 bytes | reduce: 3588 GB/s, 151.319 us
   @ EP:   9/32 | combine: 51 GB/s (SO), 101 GB/s (SU), 8397.000 us, 852252288 bytes | reduce: 3598 GB/s, 150.792 us
   @ EP:  12/32 | combine: 49 GB/s (SO), 99 GB/s (SU), 8685.000 us, 855628768 bytes | reduce: 3588 GB/s, 151.408 us
   @ EP:  10/32 | combine: 51 GB/s (SO), 102 GB/s (SU), 8349.000 us, 851519520 bytes | reduce: 3584 GB/s, 151.290 us
   @ EP:  11/32 | combine: 50 GB/s (SO), 101 GB/s (SU), 8451.000 us, 856002336 bytes | reduce: 3570 GB/s, 151.755 us
USDT:2026-08-25 02:54:40 437:437 SyncActivityProfilerHandler.cpp:52] profiler_startUSDT:2026-08-25 02:54:40 439:439 SyncActivityProfilerHandler.cpp:52] profiler_start

USDT:2026-08-25 02:54:40 440:440 SyncActivityProfilerHandler.cpp:52] profiler_start
USDT:2026-08-25 02:54:40 438:438 SyncActivityProfilerHandler.cpp:52] profiler_startUSDT:2026-08-25 02:54:40 434:434 SyncActivityProfilerHandler.cpp:52] profiler_start

USDT:2026-08-25 02:54:40 436:436 SyncActivityProfilerHandler.cpp:52] profiler_start
USDT:2026-08-25 02:54:40 435:435 SyncActivityProfilerHandler.cpp:52] profiler_start
USDT:2026-08-25 02:54:40 433:433 SyncActivityProfilerHandler.cpp:52] profiler_start
USDT:2026-08-25 02:54:41 440:440 SyncActivityProfilerHandler.cpp:59] profiler_stop
USDT:2026-08-25 02:54:41 439:439 SyncActivityProfilerHandler.cpp:59] profiler_stop
USDT:2026-08-25 02:54:41 437:437 SyncActivityProfilerHandler.cpp:59] profiler_stopUSDT:2026-08-25 02:54:41 434:434 SyncActivityProfilerHandler.cpp:59] profiler_stop

USDT:2026-08-25 02:54:41 438:438 SyncActivityProfilerHandler.cpp:59] profiler_stop
USDT:2026-08-25 02:54:41 436:436 SyncActivityProfilerHandler.cpp:59] profiler_stop
USDT:2026-08-25 02:54:41 435:435 SyncActivityProfilerHandler.cpp:59] profiler_stop
USDT:2026-08-25 02:54:41 433:433 SyncActivityProfilerHandler.cpp:59] profiler_stop
   + EP:  13/32 | reduced combine: 54 GB/s (SO), 109 GB/s (SU), 7849.000 us, 854852896 bytes | reduce: 3598 GB/s, 151.113 us
   + EP:  14/32 | reduced combine: 54 GB/s (SO), 109 GB/s (SU), 7823.000 us, 852439072 bytes | reduce: 3596 GB/s, 150.939 us
   + EP:  15/32 | reduced combine: 53 GB/s (SO), 107 GB/s (SU), 7937.000 us, 853157472 bytes | reduce: 3586 GB/s, 150.907 us
   + EP:  12/32 | reduced combine: 54 GB/s (SO), 109 GB/s (SU), 7820.000 us, 855628768 bytes | reduce: 3598 GB/s, 151.008 us
   + EP:   8/32 | reduced combine: 54 GB/s (SO), 107 GB/s (SU), 7937.000 us, 849393056 bytes | reduce: 3593 GB/s, 151.125 us
   + EP:   9/32 | reduced combine: 53 GB/s (SO), 107 GB/s (SU), 7945.000 us, 852252288 bytes | reduce: 3605 GB/s, 150.517 us
   + EP:  10/32 | reduced combine: 52 GB/s (SO), 105 GB/s (SU), 8128.000 us, 851519520 bytes | reduce: 3584 GB/s, 151.265 us
   + EP:  11/32 | reduced combine: 54 GB/s (SO), 109 GB/s (SU), 7875.000 us, 856002336 bytes | reduce: 3581 GB/s, 151.299 us

Elastic buffer uses 4 channels per SM
Elastic buffer uses 4 channels per SM
Elastic buffer uses 4 channels per SM
Elastic buffer uses 4 channels per SM
Elastic buffer uses 4 channels per SM
Elastic buffer uses 4 channels per SM
Elastic buffer uses 4 channels per SM
Elastic buffer uses 4 channels per SM
CPU side received count (scaleup: 1): -7464 -7506 -7387 -7493 -7462 -7400 -7266 -7346 # -8193 -8321 -8065 -8321 -8321 -8193 -819CPU side received count (scaleup: 2): -7393 -7496 -7417 -7376 -7342 -7447 -7376 -7426 # -8321 -8193 -8193 -8065 -8321 -8193 -819CPU side received count (scaleup: 3): -7454 -7440 -7514 -7479 -7503 -7395 -7371 -7429 # -8321 -8321 -8321 -8321 -8193 -8065 -819CPU side received count (scaleup: 0): -7435 -7455 -7460 -7396 -7248 -7191 -7463 -7477 # -8193 -8065 -8193 -8321 -8065 -8321 -8323 -8193 
CPU side received count (scaleup: 4): -7424 -7385 -7365 -7453 -7412 -7404 -7545 -7571 # -8193 -8193 -8193 -8321 -8321 -8193 -8321 -8193 
CPU side received count (scaleup: 6): -7501 -7389 -7443 -7421 -7361 -7494 -7356 -7372 # -8321 -8193 -8321 -8193 -8193 -8193 -8063 -8193 
1 -8193 
5 -8321 
CPU side received count (scaleup: 5): -7537 -7457 -7391 -7431 -7485 -7464 -7338 -7402 # -8321 -8321 -8193 -8193 -8449 -8193 -8193 -8193 
3 -8193 
CPU side received count (scaleup: 7): -7456 -7483 -7363 -7412 -7349 -7497 -7518 -7309 # -8193 -8193 -8193 -8193 -8321 -8193 -8321 -8321 

