=== EP_NIC_NAME=rdmap110s0 (auto, 200 Gb/s) ===
+ docker run --rm --gpus all --privileged --network=host --ipc=host --ulimit memlock=-1 --ulimit stack=67108864 --device=/dev/infiniband --device=/dev/gdrdrv -v /sys/class/infiniband:/sys/class/infiniband:ro -e MASTER_ADDR=172.31.20.74 -e MASTER_PORT=29592 -e WORLD_SIZE=4 -e RANK=0 -e NCCL_DEBUG=WARN -e EP_NIC_NAME=rdmap110s0 -e EP_BUFFER_DEBUG=1 -e PYTHONUNBUFFERED=1 -e PYTHONFAULTHANDLER=1 deepep-v2-efa-official:dev bash -lc 'timeout -s ABRT --kill-after=60 1500     python3 -u /opt/DeepEP/tests/elastic/test_ep.py     --num-processes=8 --num-tokens=8192     --hidden=7168 --num-topk=8 --num-experts=256     --num-sms=12 --allow-hybrid-mode=1     --prefer-overlap-with-compute=0 --test-first-only      '

==========
== CUDA ==
==========

CUDA Version 13.0.2

Container image Copyright (c) 2016-2023, NVIDIA CORPORATION & AFFILIATES. All rights reserved.

This container image and its contents are governed by the NVIDIA Deep Learning Container License.
By pulling and using the container, you accept the terms and conditions of this license:
https://developer.nvidia.com/ngc/nvidia-deep-learning-container-license

A copy of this license is made available in this container at /NGC-DL-CONTAINER-LICENSE for your convenience.

NCCL version 2.31.2+cuda13.3
DeepEP hybrid kernel selection: unordered
DeepEP hybrid kernel selection: unordered
DeepEP hybrid kernel selection: unordered
DeepEP hybrid kernel selection: unordered
DeepEP hybrid kernel selection: unordered
Initializing EP elastic buffer with 5440012288 bytes (cpu: 0) at rank EP 3/32
Initializing EP elastic buffer with 5440012288 bytes (cpu: 0) at rank EP 2/32Initializing EP elastic buffer with 5440012288 bytes (cpu: 0) at rank EP 4/32

Initializing EP elastic buffer with 5440012288 bytes (cpu: 0) at rank EP 5/32Initializing EP elastic buffer with 5440012288 bytes (cpu: 0) at rank EP 7/32

DeepEP hybrid kernel selection: unordered
DeepEP hybrid kernel selection: unordered
DeepEP hybrid kernel selection: unordered
Initializing EP elastic buffer with 5440012288 bytes (cpu: 0) at rank EP 6/32
Initializing EP elastic buffer with 5440012288 bytes (cpu: 0) at rank EP 0/32Initializing EP elastic buffer with 5440012288 bytes (cpu: 0) at rank EP 1/32

DeepEP initialized with NCCL version: 2.31.2 (loaded library)
EP NCCL device communicator has 0 allocated QPs
DeepEP hybrid kernel selection: unordered
GIN layout: gin_context_cnt=11, gin_indexed_signals_cnt=21, num_qp=11
DeepEP initialized with NCCL version: 2.31.2 (loaded library)
EP NCCL device communicator has 0 allocated QPs
DeepEP initialized with NCCL version: 2.31.2 (loaded library)
EP NCCL device communicator has 0 allocated QPs
DeepEP hybrid kernel selection: unordered
GIN layout: gin_context_cnt=11, gin_indexed_signals_cnt=21, num_qp=11
DeepEP hybrid kernel selection: unordered
DeepEP initialized with NCCL version: 2.31.2 (loaded library)
GIN layout: gin_context_cnt=11, gin_indexed_signals_cnt=21, num_qp=11
DeepEP initialized with NCCL version: 2.31.2 (loaded library)
DeepEP initialized with NCCL version: 2.31.2 (loaded library)
DeepEP initialized with NCCL version: 2.31.2 (loaded library)
EP NCCL device communicator has 0 allocated QPs
DeepEP initialized with NCCL version: 2.31.2 (loaded library)
EP NCCL device communicator has 0 allocated QPs
EP NCCL device communicator has 0 allocated QPs
EP NCCL device communicator has 0 allocated QPs
EP NCCL device communicator has 0 allocated QPs
DeepEP hybrid kernel selection: unordered
DeepEP hybrid kernel selection: unordered
GIN layout: gin_context_cnt=11, gin_indexed_signals_cnt=21, num_qp=11
DeepEP hybrid kernel selection: unordered
DeepEP hybrid kernel selection: unordered
DeepEP hybrid kernel selection: unordered
GIN layout: gin_context_cnt=11, gin_indexed_signals_cnt=21, num_qp=11
GIN layout: gin_context_cnt=11, gin_indexed_signals_cnt=21, num_qp=11
GIN layout: gin_context_cnt=11, gin_indexed_signals_cnt=21, num_qp=11
GIN layout: gin_context_cnt=11, gin_indexed_signals_cnt=21, num_qp=11
Config:
 > Ranks: 4 x 8
 > Experts: 8/256
 > Tokens: 8192 (max: 8192), hidden: 7168
 > #SM: 12, #QPs: 11/11

Running all test cases:
 > Testing with do_handle_copy=1, expert_alignment=128, use_fp8_dispatch=1, num_bias=0, with_previous_event=0, async_with_compute_stream=0, allocate_on_comm_stream=0 ...
Elastic buffer uses 4 channels per SM
Elastic buffer uses 4 channels per SM
Elastic buffer uses 4 channels per SM
Elastic buffer uses 4 channels per SM
Elastic buffer uses 4 channels per SM
Elastic buffer uses 4 channels per SM
Elastic buffer uses 4 channels per SM
Elastic buffer uses 4 channels per SM
CPU side received count (scaleup: 7): -7465 -7476 -7412 -7494 -7408 -7513 -7461 -7568 # -8321 -8193 -8449 -8449 -8321 -8193 -832CPU side received count (scaleup: 2): -7252 -7330 -7314 -7417 -7322 -7540 -7344 -7440 # -8065 -8065 -8449 -8193 -8321 -8193 -806CPU side received count (scaleup: 4): -7363 -7348 -7403 -7370 -7356 -7475 -7458 -7440 # -8193 -8193 -8193 -8193 -8321 -8321 -832CPU side received count (scaleup: 6): -7202 -7388 -7412 -7456 -7423 -7467 -7440 -7486 # -8193 -8193 -8193 -8321 -8193 -8193 -819CPU side received count (scaleup: 1): -7360 -7379 -7313 -7431 -7465 -7391 -7355 -7390 # -8193 -8065 -8193 -8193 -8193 -8193 -806CPU side received count (scaleup: 5): -7424 -7285 -7387 -7403 -7565 -7376 -7487 -7415 # -8321 -8321 -8193 -8193 -8193 -8193 -8191 -8193 
CPU side received count (scaleup: 3): -7429 -7355 -7539 -7439 -7509 -7390 -7301 -7394 # -8193 -8321 -8321 -8449 -7937 -8193 -832CPU side received count (scaleup: 0): -7334 -7401 -7457 -7344 -7407 -7428 -7487 -7503 # -8321 -8065 -8321 -8321 -8321 -8321 -8193 -8193 
5 -8321 
5 -8065 
1 -8193 
3 -8193 
1 -8321 
3 -8065 
Elastic buffer uses 4 channels per SM
Elastic buffer uses 4 channels per SM
Elastic buffer uses 4 channels per SM
Elastic buffer uses 4 channels per SM
Elastic buffer uses 4 channels per SM
Elastic buffer uses 4 channels per SM
Elastic buffer uses 4 channels per SM
Elastic buffer uses 4 channels per SM
CPU side received count (scaleup: 5): -7424 -7285 -7387 -7403 -7565 -7376 -7487 -7415 # -8321 -8321 -8193 -8193 -8193 -8193 -819CPU side received count (scaleup: 6): -7202 -7388 -7412 -7456 -7423 -7467 -7440 -7486 # -8193 -8193 -8193 -8321 -8193 -8193 -819CPU side received count (scaleup: 2): -7252 -7330 -7314 -7417 -7322 -7540 -7344 -7440 # -8065 -8065 -8449 -8193 -8321 -8193 -806CPU side received count (scaleup: 3): -7429 -7355 -7539 -7439 -7509 -7390 -7301 -7394 # -8193 -8321 -8321 -8449 -7937 -8193 -832CPU side received count (scaleup: 4): -7363 -7348 -7403 -7370 -7356 -7475 -7458 -7440 # -8193 -8193 -8193 -8193 -8321 -8321 -8323 -8193 
3 -8193 
CPU side received count (scaleup: 0): -7334 -7401 -7457 -7344 -7407 -7428 -7487 -7503 # -8321 -8065 -8321 -8321 -8321 -8321 -819CPU side received count (scaleup: 1): -7360 -7379 -7313 -7431 -7465 -7391 -7355 -7390 # -8193 -8065 -8193 -8193 -8193 -8193 -806CPU side received count (scaleup: 7): -7465 -7476 -7412 -7494 -7408 -7513 -7461 -7568 # -8321 -8193 -8449 -8449 -8321 -8193 -8325 -8065 
1 -8321 
3 -8065 
1 -8193 
1 -8193 
5 -8321 
Elastic buffer uses 4 channels per SM
Elastic buffer uses 4 channels per SM
Elastic buffer uses 4 channels per SM
Elastic buffer uses 4 channels per SM
Elastic buffer uses 4 channels per SM
Elastic buffer uses 4 channels per SM
Elastic buffer uses 4 channels per SM
Elastic buffer uses 4 channels per SM
Elastic buffer uses 4 channels per SM
Elastic buffer uses 4 channels per SM
Elastic buffer uses 4 channels per SM
Elastic buffer uses 4 channels per SM
Elastic buffer uses 4 channels per SM
Elastic buffer uses 4 channels per SM
Elastic buffer uses 4 channels per SM
Elastic buffer uses 4 channels per SM
Elastic buffer uses 4 channels per SM
Elastic buffer uses 4 channels per SM
Elastic buffer uses 4 channels per SM
Elastic buffer uses 4 channels per SM
Elastic buffer uses 4 channels per SM
Elastic buffer uses 4 channels per SM
Elastic buffer uses 4 channels per SM
Elastic buffer uses 4 channels per SM
CPU side received count (scaleup: 0): -7334 -7401 -7457 -7344 -7407 -7428 -7487 -7503 # -8321 -8065 -8321 -8321 -8321 -8321 -819CPU side received count (scaleup: 1): -7360 -7379 -7313 -7431 -7465 -7391 -7355 -7390 # -8193 -8065 -8193 -8193 -8193 -8193 -806CPU side received count (scaleup: 3): -7429 -7355 -7539 -7439 -7509 -7390 -7301 -7394 # -8193 -8321 -8321 -8449 -7937 -8193 -8323 -8065 
5 -8321 
1 -8321 
CPU side received count (scaleup: 2): -7252 -7330 -7314 -7417 -7322 -7540 -7344 -7440 # -8065 -8065 -8449 -8193 -8321 -8193 -8065 -8065 
CPU side received count (scaleup: 6): -7202 -7388 -7412 -7456 -7423 -7467 -7440 -7486 # -8193 -8193 -8193 -8321 -8193 -8193 -819CPU side received count (scaleup: 4): -7363 -7348 -7403 -7370 -7356 -7475 -7458 -7440 # -8193 -8193 -8193 -8193 -8321 -8321 -8323 -8193 
1 -8193 
CPU side received count (scaleup: 5): -7424 -7285 -7387 -7403 -7565 -7376 -7487 -7415 # -8321 -8321 -8193 -8193 -8193 -8193 -819CPU side received count (scaleup: 7): -7465 -7476 -7412 -7494 -7408 -7513 -7461 -7568 # -8321 -8193 -8449 -8449 -8321 -8193 -8323 -8193 
1 -8193 
Elastic buffer uses 4 channels per SM
Elastic buffer uses 4 channels per SM
Elastic buffer uses 4 channels per SM
Elastic buffer uses 4 channels per SM
Elastic buffer uses 4 channels per SM
Elastic buffer uses 4 channels per SM
Elastic buffer uses 4 channels per SM
Elastic buffer uses 4 channels per SM
CPU side received count (scaleup: 5): -7424 -7285 -7387 -7403 -7565 -7376 -7487 -7415 # -8321 -8321 -8193 -8193 -8193 -8193 -819CPU side received count (scaleup: 7): -7465 -7476 -7412 -7494 -7408 -7513 -7461 -7568 # -8321 -8193 -8449 -8449 -8321 -8193 -832CPU side received count (scaleup: 3): -7429 -7355 -7539 -7439 -7509 -7390 -7301 -7394 # -8193 -8321 -8321 -8449 -7937 -8193 -832CPU side received count (scaleup: 0): -7334 -7401 -7457 -7344 -7407 -7428 -7487 -7503 # -8321 -8065 -8321 -8321 -8321 -8321 -819CPU side received count (scaleup: 6): -7202 -7388 -7412 -7456 -7423 -7467 -7440 -7486 # -8193 -8193 -8193 -8321 -8193 -8193 -819CPU side received count (scaleup: 2): -7252 -7330 -7314 -7417 -7322 -7540 -7344 -7440 # -8065 -8065 -8449 -8193 -8321 -8193 -8063 -8065 
CPU side received count (scaleup: 4): -7363 -7348 -7403 -7370 -7356 -7475 -7458 -7440 # -8193 -8193 -8193 -8193 -8321 -8321 -8323 -8193 
CPU side received count (scaleup: 1): -7360 -7379 -7313 -7431 -7465 -7391 -7355 -7390 # -8193 -8065 -8193 -8193 -8193 -8193 -8063 -8193 
1 -8193 
1 -8321 
5 -8065 
1 -8193 
5 -8321 
Elastic buffer uses 4 channels per SM
Elastic buffer uses 4 channels per SM
Elastic buffer uses 4 channels per SM
Elastic buffer uses 4 channels per SM
Elastic buffer uses 4 channels per SM
Elastic buffer uses 4 channels per SM
Elastic buffer uses 4 channels per SM
Elastic buffer uses 4 channels per SM
CPU side received count (scaleup: 3): -7429 -7355 -7539 -7439 -7509 -7390 -7301 -7394 # -8193 -8321 -8321 -8449 -7937 -8193 -832CPU side received count (scaleup: 2): -7252 -7330 -7314 -7417 -7322 -7540 -7344 -7440 # -8065 -8065 -8449 -8193 -8321 -8193 -806CPU side received count (scaleup: 0): -7334 -7401 -7457 -7344 -7407 -7428 -7487 -7503 # -8321 -8065 -8321 -8321 -8321 -8321 -8191 -8321 
CPU side received count (scaleup: 1): -7360 -7379 -7313 -7431 -7465 -7391 -7355 -7390 # -8193 -8065 -8193 -8193 -8193 -8193 -8063 -8065 
CPU side received count (scaleup: 7): -7465 -7476 -7412 -7494 -7408 -7513 -7461 -7568 # -8321 -8193 -8449 -8449 -8321 -8193 -832CPU side received count (scaleup: 6): -7202 -7388 -7412 -7456 -7423 -7467 -7440 -7486 # -8193 -8193 -8193 -8321 -8193 -8193 -8195 -8065 
CPU side received count (scaleup: 4): -7363 -7348 -7403 -7370 -7356 -7475 -7458 -7440 # -8193 -8193 -8193 -8193 -8321 -8321 -8325 -8321 
CPU side received count (scaleup: 5): -7424 -7285 -7387 -7403 -7565 -7376 -7487 -7415 # -8321 -8321 -8193 -8193 -8193 -8193 -8191 -8193 
3 -8193 
3 -8193 
1 -8193 
Elastic buffer uses 4 channels per SM
Elastic buffer uses 4 channels per SM
Elastic buffer uses 4 channels per SM
Elastic buffer uses 4 channels per SM
Elastic buffer uses 4 channels per SM
Elastic buffer uses 4 channels per SM
Elastic buffer uses 4 channels per SM
Elastic buffer uses 4 channels per SM
CPU side received count (scaleup: 3): -7429 -7355 -7539 -7439 -7509 -7390 -7301 -7394 # -8193 -8321 -8321 -8449 -7937 -8193 -832CPU side received count (scaleup: 0): -7334 -7401 -7457 -7344 -7407 -7428 -7487 -7503 # -8321 -8065 -8321 -8321 -8321 -8321 -819CPU side received count (scaleup: 2): -7252 -7330 -7314 -7417 -7322 -7540 -7344 -7440 # -8065 -8065 -8449 -8193 -8321 -8193 -806CPU side received count (scaleup: 1): -7360 -7379 -7313 -7431 -7465 -7391 -7355 -7390 # -8193 -8065 -8193 -8193 -8193 -8193 -8063 -8065 
1 -8321 
5 -8065 
5 -8321 
CPU side received count (scaleup: 6): -7202 -7388 -7412 -7456 -7423 -7467 -7440 -7486 # -8193 -8193 -8193 -8321 -8193 -8193 -819CPU side received count (scaleup: 7): -7465 -7476 -7412 -7494 -7408 -7513 -7461 -7568 # -8321 -8193 -8449 -8449 -8321 -8193 -832CPU side received count (scaleup: 4): -7363 -7348 -7403 -7370 -7356 -7475 -7458 -7440 # -8193 -8193 -8193 -8193 -8321 -8321 -832CPU side received count (scaleup: 5): -7424 -7285 -7387 -7403 -7565 -7376 -7487 -7415 # -8321 -8321 -8193 -8193 -8193 -8193 -8191 -8193 
1 -8193 
3 -8193 
3 -8193 
Elastic buffer uses 4 channels per SM
Elastic buffer uses 4 channels per SM
Elastic buffer uses 4 channels per SM
Elastic buffer uses 4 channels per SM
Elastic buffer uses 4 channels per SM
Elastic buffer uses 4 channels per SM
Elastic buffer uses 4 channels per SM
Elastic buffer uses 4 channels per SM
CPU side received count (scaleup: 3): -7429 -7355 -7539 -7439 -7509 -7390 -7301 -7394 # -8193 -8321 -8321 -8449 -7937 -8193 -832CPU side received count (scaleup: 0): -7334 -7401 -7457 -7344 -7407 -7428 -7487 -7503 # -8321 -8065 -8321 -8321 -8321 -8321 -819CPU side received count (scaleup: 1): -7360 -7379 -7313 -7431 -7465 -7391 -7355 -7390 # -8193 -8065 -8193 -8193 -8193 -8193 -8061 -8321 
CPU side received count (scaleup: 2): -7252 -7330 -7314 -7417 -7322 -7540 -7344 -7440 # -8065 -8065 -8449 -8193 -8321 -8193 -806CPU side received count (scaleup: 5): -7424 -7285 -7387 -7403 -7565 -7376 -7487 -7415 # -8321 -8321 -8193 -8193 -8193 -8193 -819CPU side received count (scaleup: 7): -7465 -7476 -7412 -7494 -7408 -7513 -7461 -7568 # -8321 -8193 -8449 -8449 -8321 -8193 -832CPU side received count (scaleup: 4): -7363 -7348 -7403 -7370 -7356 -7475 -7458 -7440 # -8193 -8193 -8193 -8193 -8321 -8321 -8323 -8193 
5 -8065 
3 -8065 
5 -8321 
1 -8193 
CPU side received count (scaleup: 6): -7202 -7388 -7412 -7456 -7423 -7467 -7440 -7486 # -8193 -8193 -8193 -8321 -8193 -8193 -8191 -8193 
3 -8193 
Elastic buffer uses 4 channels per SM
Elastic buffer uses 4 channels per SM
Elastic buffer uses 4 channels per SM
Elastic buffer uses 4 channels per SM
Elastic buffer uses 4 channels per SM
Elastic buffer uses 4 channels per SM
Elastic buffer uses 4 channels per SM
Elastic buffer uses 4 channels per SM
CPU side received count (scaleup: 3): -7429 -7355 -7539 -7439 -7509 -7390 -7301 -7394 # -8193 -8321 -8321 -8449 -7937 -8193 -832CPU side received count (scaleup: 0): -7334 -7401 -7457 -7344 -7407 -7428 -7487 -7503 # -8321 -8065 -8321 -8321 -8321 -8321 -819CPU side received count (scaleup: 2): -7252 -7330 -7314 -7417 -7322 -7540 -7344 -7440 # -8065 -8065 -8449 -8193 -8321 -8193 -806CPU side received count (scaleup: 1): -7360 -7379 -7313 -7431 -7465 -7391 -7355 -7390 # -8193 -8065 -8193 -8193 -8193 -8193 -8063 -8065 
1 -8321 
5 -8065 
CPU side received count (scaleup: 7): -7465 -7476 -7412 -7494 -7408 -7513 -7461 -7568 # -8321 -8193 -8449 -8449 -8321 -8193 -832CPU side received count (scaleup: 5): -7424 -7285 -7387 -7403 -7565 -7376 -7487 -7415 # -8321 -8321 -8193 -8193 -8193 -8193 -819CPU side received count (scaleup: 4): -7363 -7348 -7403 -7370 -7356 -7475 -7458 -7440 # -8193 -8193 -8193 -8193 -8321 -8321 -8321 -8193 
5 -8321 
1 -8193 
CPU side received count (scaleup: 6): -7202 -7388 -7412 -7456 -7423 -7467 -7440 -7486 # -8193 -8193 -8193 -8321 -8193 -8193 -8193 -8193 
3 -8193 
Elastic buffer uses 4 channels per SM
Elastic buffer uses 4 channels per SM
Elastic buffer uses 4 channels per SM
Elastic buffer uses 4 channels per SM
Elastic buffer uses 4 channels per SM
Elastic buffer uses 4 channels per SM
Elastic buffer uses 4 channels per SM
Elastic buffer uses 4 channels per SM
CPU side received count (scaleup: 7): -7465 -7476 -7412 -7494 -7408 -7513 -7461 -7568 # -8321 -8193 -8449 -8449 -8321 -8193 -832CPU side received count (scaleup: 5): -7424 -7285 -7387 -7403 -7565 -7376 -7487 -7415 # -8321 -8321 -8193 -8193 -8193 -8193 -819CPU side received count (scaleup: 6): -7202 -7388 -7412 -7456 -7423 -7467 -7440 -7486 # -8193 -8193 -8193 -8321 -8193 -8193 -8193 -8193 
1 -8193 
CPU side received count (scaleup: 0): -7334 -7401 -7457 -7344 -7407 -7428 -7487 -7503 # -8321 -8065 -8321 -8321 -8321 -8321 -819CPU side received count (scaleup: 1): -7360 -7379 -7313 -7431 -7465 -7391 -7355 -7390 # -8193 -8065 -8193 -8193 -8193 -8193 -806CPU side received count (scaleup: 2): -7252 -7330 -7314 -7417 -7322 -7540 -7344 -7440 # -8065 -8065 -8449 -8193 -8321 -8193 -8063 -8065 
5 -8321 
CPU side received count (scaleup: 4): -7363 -7348 -7403 -7370 -7356 -7475 -7458 -7440 # -8193 -8193 -8193 -8193 -8321 -8321 -8325 -8065 
3 -8193 
CPU side received count (scaleup: 3): -7429 -7355 -7539 -7439 -7509 -7390 -7301 -7394 # -8193 -8321 -8321 -8449 -7937 -8193 -8321 -8193 
1 -8321 
Elastic buffer uses 4 channels per SM
Elastic buffer uses 4 channels per SM
Elastic buffer uses 4 channels per SM
Elastic buffer uses 4 channels per SM
Elastic buffer uses 4 channels per SM
Elastic buffer uses 4 channels per SM
Elastic buffer uses 4 channels per SM
Elastic buffer uses 4 channels per SM
CPU side received count (scaleup: 6): -7202 -7388 -7412 -7456 -7423 -7467 -7440 -7486 # -8193 -8193 -8193 -8321 -8193 -8193 -819CPU side received count (scaleup: 7): -7465 -7476 -7412 -7494 -7408 -7513 -7461 -7568 # -8321 -8193 -8449 -8449 -8321 -8193 -832CPU side received count (scaleup: 5): -7424 -7285 -7387 -7403 -7565 -7376 -7487 -7415 # -8321 -8321 -8193 -8193 -8193 -8193 -819CPU side received count (scaleup: 4): -7363 -7348 -7403 -7370 -7356 -7475 -7458 -7440 # -8193 -8193 -8193 -8193 -8321 -8321 -8323 -8193 
1 -8193 
3 -8193 
1 -8193 
CPU side received count (scaleup: 0): -7334 -7401 -7457 -7344 -7407 -7428 -7487 -7503 # -8321 -8065 -8321 -8321 -8321 -8321 -819CPU side received count (scaleup: 3): -7429 -7355 -7539 -7439 -7509 -7390 -7301 -7394 # -8193 -8321 -8321 -8449 -7937 -8193 -832CPU side received count (scaleup: 1): -7360 -7379 -7313 -7431 -7465 -7391 -7355 -7390 # -8193 -8065 -8193 -8193 -8193 -8193 -8061 -8321 
CPU side received count (scaleup: 2): -7252 -7330 -7314 -7417 -7322 -7540 -7344 -7440 # -8065 -8065 -8449 -8193 -8321 -8193 -8065 -8321 
3 -8065 
5 -8065 
Elastic buffer uses 4 channels per SM
Elastic buffer uses 4 channels per SM
Elastic buffer uses 4 channels per SM
Elastic buffer uses 4 channels per SM
Elastic buffer uses 4 channels per SM
Elastic buffer uses 4 channels per SM
Elastic buffer uses 4 channels per SM
Elastic buffer uses 4 channels per SM
CPU side received count (scaleup: 3): -7429 -7355 -7539 -7439 -7509 -7390 -7301 -7394 # -8193 -8321 -8321 -8449 -7937 -8193 -832CPU side received count (scaleup: 0): -7334 -7401 -7457 -7344 -7407 -7428 -7487 -7503 # -8321 -8065 -8321 -8321 -8321 -8321 -819CPU side received count (scaleup: 2): -7252 -7330 -7314 -7417 -7322 -7540 -7344 -7440 # -8065 -8065 -8449 -8193 -8321 -8193 -8061 -8321 
CPU side received count (scaleup: 1): -7360 -7379 -7313 -7431 -7465 -7391 -7355 -7390 # -8193 -8065 -8193 -8193 -8193 -8193 -806CPU side received count (scaleup: 5): -7424 -7285 -7387 -7403 -7565 -7376 -7487 -7415 # -8321 -8321 -8193 -8193 -8193 -8193 -8193 -8065 
CPU side received count (scaleup: 6): -7202 -7388 -7412 -7456 -7423 -7467 -7440 -7486 # -8193 -8193 -8193 -8321 -8193 -8193 -819CPU side received count (scaleup: 7): -7465 -7476 -7412 -7494 -7408 -7513 -7461 -7568 # -8321 -8193 -8449 -8449 -8321 -8193 -832CPU side received count (scaleup: 4): -7363 -7348 -7403 -7370 -7356 -7475 -7458 -7440 # -8193 -8193 -8193 -8193 -8321 -8321 -8325 -8065 
5 -8321 
1 -8193 
3 -8193 
3 -8193 
1 -8193 
Elastic buffer uses 4 channels per SM
Elastic buffer uses 4 channels per SM
Elastic buffer uses 4 channels per SM
Elastic buffer uses 4 channels per SM
Elastic buffer uses 4 channels per SM
Elastic buffer uses 4 channels per SM
Elastic buffer uses 4 channels per SM
Elastic buffer uses 4 channels per SM
CPU side received count (scaleup: 7): -7465 -7476 -7412 -7494 -7408 -7513 -7461 -7568 # -8321 -8193 -8449 -8449 -8321 -8193 -832CPU side received count (scaleup: 6): -7202 -7388 -7412 -7456 -7423 -7467 -7440 -7486 # -8193 -8193 -8193 -8321 -8193 -8193 -819CPU side received count (scaleup: 4): -7363 -7348 -7403 -7370 -7356 -7475 -7458 -7440 # -8193 -8193 -8193 -8193 -8321 -8321 -8321 -8193 
CPU side received count (scaleup: 5): -7424 -7285 -7387 -7403 -7565 -7376 -7487 -7415 # -8321 -8321 -8193 -8193 -8193 -8193 -8191 -8193 
CPU side received count (scaleup: 3): -7429 -7355 -7539 -7439 -7509 -7390 -7301 -7394 # -8193 -8321 -8321 -8449 -7937 -8193 -8323 -8193 
3 -8193 
CPU side received count (scaleup: 2): -7252 -7330 -7314 -7417 -7322 -7540 -7344 -7440 # -8065 -8065 -8449 -8193 -8321 -8193 -806CPU side received count (scaleup: 0): -7334 -7401 -7457 -7344 -7407 -7428 -7487 -7503 # -8321 -8065 -8321 -8321 -8321 -8321 -819CPU side received count (scaleup: 1): -7360 -7379 -7313 -7431 -7465 -7391 -7355 -7390 # -8193 -8065 -8193 -8193 -8193 -8193 -8061 -8321 
5 -8065 
3 -8065 
5 -8321 
Elastic buffer uses 4 channels per SM
Elastic buffer uses 4 channels per SM
Elastic buffer uses 4 channels per SM
Elastic buffer uses 4 channels per SM
Elastic buffer uses 4 channels per SM
Elastic buffer uses 4 channels per SM
Elastic buffer uses 4 channels per SM
Elastic buffer uses 4 channels per SM
CPU side received count (scaleup: 3): -7429 -7355 -7539 -7439 -7509 -7390 -7301 -7394 # -8193 -8321 -8321 -8449 -7937 -8193 -832CPU side received count (scaleup: 0): -7334 -7401 -7457 -7344 -7407 -7428 -7487 -7503 # -8321 -8065 -8321 -8321 -8321 -8321 -819CPU side received count (scaleup: 1): -7360 -7379 -7313 -7431 -7465 -7391 -7355 -7390 # -8193 -8065 -8193 -8193 -8193 -8193 -8061 -8321 
3 -8065 
CPU side received count (scaleup: 7): -7465 -7476 -7412 -7494 -7408 -7513 -7461 -7568 # -8321 -8193 -8449 -8449 -8321 -8193 -832CPU side received count (scaleup: 5): -7424 -7285 -7387 -7403 -7565 -7376 -7487 -7415 # -8321 -8321 -8193 -8193 -8193 -8193 -819CPU side received count (scaleup: 2): -7252 -7330 -7314 -7417 -7322 -7540 -7344 -7440 # -8065 -8065 -8449 -8193 -8321 -8193 -8061 -8193 
5 -8321 
CPU side received count (scaleup: 6): -7202 -7388 -7412 -7456 -7423 -7467 -7440 -7486 # -8193 -8193 -8193 -8321 -8193 -8193 -8195 -8065 
CPU side received count (scaleup: 4): -7363 -7348 -7403 -7370 -7356 -7475 -7458 -7440 # -8193 -8193 -8193 -8193 -8321 -8321 -8323 -8193 
3 -8193 
1 -8193 
Elastic buffer uses 4 channels per SM
Elastic buffer uses 4 channels per SM
Elastic buffer uses 4 channels per SM
Elastic buffer uses 4 channels per SM
Elastic buffer uses 4 channels per SM
Elastic buffer uses 4 channels per SM
Elastic buffer uses 4 channels per SM
Elastic buffer uses 4 channels per SM
CPU side received count (scaleup: 7): -7465 -7476 -7412 -7494 -7408 -7513 -7461 -7568 # -8321 -8193 -8449 -8449 -8321 -8193 -832CPU side received count (scaleup: 6): -7202 -7388 -7412 -7456 -7423 -7467 -7440 -7486 # -8193 -8193 -8193 -8321 -8193 -8193 -819CPU side received count (scaleup: 4): -7363 -7348 -7403 -7370 -7356 -7475 -7458 -7440 # -8193 -8193 -8193 -8193 -8321 -8321 -832CPU side received count (scaleup: 5): -7424 -7285 -7387 -7403 -7565 -7376 -7487 -7415 # -8321 -8321 -8193 -8193 -8193 -8193 -8191 -8193 
1 -8193 
3 -8193 
3 -8193 
CPU side received count (scaleup: 3): -7429 -7355 -7539 -7439 -7509 -7390 -7301 -7394 # -8193 -8321 -8321 -8449 -7937 -8193 -832CPU side received count (scaleup: 0): -7334 -7401 -7457 -7344 -7407 -7428 -7487 -7503 # -8321 -8065 -8321 -8321 -8321 -8321 -819CPU side received count (scaleup: 2): -7252 -7330 -7314 -7417 -7322 -7540 -7344 -7440 # -8065 -8065 -8449 -8193 -8321 -8193 -8061 -8321 
3 -8065 
5 -8065 
CPU side received count (scaleup: 1): -7360 -7379 -7313 -7431 -7465 -7391 -7355 -7390 # -8193 -8065 -8193 -8193 -8193 -8193 -8065 -8321 
Elastic buffer uses 4 channels per SM
Elastic buffer uses 4 channels per SM
Elastic buffer uses 4 channels per SM
Elastic buffer uses 4 channels per SM
Elastic buffer uses 4 channels per SM
Elastic buffer uses 4 channels per SM
Elastic buffer uses 4 channels per SM
Elastic buffer uses 4 channels per SM
CPU side received count (scaleup: 3): -7429 -7355 -7539 -7439 -7509 -7390 -7301 -7394 # -8193 -8321 -8321 -8449 -7937 -8193 -832CPU side received count (scaleup: 0): -7334 -7401 -7457 -7344 -7407 -7428 -7487 -7503 # -8321 -8065 -8321 -8321 -8321 -8321 -819CPU side received count (scaleup: 1): -7360 -7379 -7313 -7431 -7465 -7391 -7355 -7390 # -8193 -8065 -8193 -8193 -8193 -8193 -806CPU side received count (scaleup: 2): -7252 -7330 -7314 -7417 -7322 -7540 -7344 -7440 # -8065 -8065 -8449 -8193 -8321 -8193 -8061 -8321 
3 -8065 
CPU side received count (scaleup: 5): -7424 -7285 -7387 -7403 -7565 -7376 -7487 -7415 # -8321 -8321 -8193 -8193 -8193 -8193 -819CPU side received count (scaleup: 4): -7363 -7348 -7403 -7370 -7356 -7475 -7458 -7440 # -8193 -8193 -8193 -8193 -8321 -8321 -832CPU side received count (scaleup: 6): -7202 -7388 -7412 -7456 -7423 -7467 -7440 -7486 # -8193 -8193 -8193 -8321 -8193 -8193 -8195 -8065 
CPU side received count (scaleup: 7): -7465 -7476 -7412 -7494 -7408 -7513 -7461 -7568 # -8321 -8193 -8449 -8449 -8321 -8193 -8321 -8193 
5 -8321 
1 -8193 
3 -8193 
3 -8193 
Elastic buffer uses 4 channels per SM
Elastic buffer uses 4 channels per SM
Elastic buffer uses 4 channels per SM
Elastic buffer uses 4 channels per SM
Elastic buffer uses 4 channels per SM
Elastic buffer uses 4 channels per SM
Elastic buffer uses 4 channels per SM
Elastic buffer uses 4 channels per SM
CPU side received count (scaleup: 3): -7429 -7355 -7539 -7439 -7509 -7390 -7301 -7394 # -8193 -8321 -8321 -8449 -7937 -8193 -832CPU side received count (scaleup: 0): -7334 -7401 -7457 -7344 -7407 -7428 -7487 -7503 # -8321 -8065 -8321 -8321 -8321 -8321 -819CPU side received count (scaleup: 1): -7360 -7379 -7313 -7431 -7465 -7391 -7355 -7390 # -8193 -8065 -8193 -8193 -8193 -8193 -806CPU side received count (scaleup: 2): -7252 -7330 -7314 -7417 -7322 -7540 -7344 -7440 # -8065 -8065 -8449 -8193 -8321 -8193 -8063 -8065 
1 -8321 
CPU side received count (scaleup: 4): -7363 -7348 -7403 -7370 -7356 -7475 -7458 -7440 # -8193 -8193 -8193 -8193 -8321 -8321 -832CPU side received count (scaleup: 7): -7465 -7476 -7412 -7494 -7408 -7513 -7461 -7568 # -8321 -8193 -8449 -8449 -8321 -8193 -832CPU side received count (scaleup: 6): -7202 -7388 -7412 -7456 -7423 -7467 -7440 -7486 # -8193 -8193 -8193 -8321 -8193 -8193 -8195 -8321 
1 -8193 
5 -8065 
CPU side received count (scaleup: 5): -7424 -7285 -7387 -7403 -7565 -7376 -7487 -7415 # -8321 -8321 -8193 -8193 -8193 -8193 -8191 -8193 
3 -8193 
3 -8193 
Elastic buffer uses 4 channels per SM
Elastic buffer uses 4 channels per SM
Elastic buffer uses 4 channels per SM
Elastic buffer uses 4 channels per SM
Elastic buffer uses 4 channels per SM
Elastic buffer uses 4 channels per SM
Elastic buffer uses 4 channels per SM
Elastic buffer uses 4 channels per SM
CPU side received count (scaleup: 4): -7363 -7348 -7403 -7370 -7356 -7475 -7458 -7440 # -8193 -8193 -8193 -8193 -8321 -8321 -832CPU side received count (scaleup: 6): -7202 -7388 -7412 -7456 -7423 -7467 -7440 -7486 # -8193 -8193 -8193 -8321 -8193 -8193 -819CPU side received count (scaleup: 7): -7465 -7476 -7412 -7494 -7408 -7513 -7461 -7568 # -8321 -8193 -8449 -8449 -8321 -8193 -8321 -8193 
CPU side received count (scaleup: 5): -7424 -7285 -7387 -7403 -7565 -7376 -7487 -7415 # -8321 -8321 -8193 -8193 -8193 -8193 -8193 -8193 
1 -8193 
3 -8193 
CPU side received count (scaleup: 3): -7429 -7355 -7539 -7439 -7509 -7390 -7301 -7394 # -8193 -8321 -8321 -8449 -7937 -8193 -832CPU side received count (scaleup: 0): -7334 -7401 -7457 -7344 -7407 -7428 -7487 -7503 # -8321 -8065 -8321 -8321 -8321 -8321 -819CPU side received count (scaleup: 1): -7360 -7379 -7313 -7431 -7465 -7391 -7355 -7390 # -8193 -8065 -8193 -8193 -8193 -8193 -8061 -8321 
3 -8065 
CPU side received count (scaleup: 2): -7252 -7330 -7314 -7417 -7322 -7540 -7344 -7440 # -8065 -8065 -8449 -8193 -8321 -8193 -8065 -8321 
5 -8065 
Elastic buffer uses 4 channels per SM
Elastic buffer uses 4 channels per SM
Elastic buffer uses 4 channels per SM
Elastic buffer uses 4 channels per SM
Elastic buffer uses 4 channels per SM
Elastic buffer uses 4 channels per SM
Elastic buffer uses 4 channels per SM
Elastic buffer uses 4 channels per SM
CPU side received count (scaleup: 4): -7363 -7348 -7403 -7370 -7356 -7475 -7458 -7440 # -8193 -8193 -8193 -8193 -8321 -8321 -832CPU side received count (scaleup: 6): -7202 -7388 -7412 -7456 -7423 -7467 -7440 -7486 # -8193 -8193 -8193 -8321 -8193 -8193 -8191 -8193 
3 -8193 
CPU side received count (scaleup: 5): -7424 -7285 -7387 -7403 -7565 -7376 -7487 -7415 # -8321 -8321 -8193 -8193 -8193 -8193 -819CPU side received count (scaleup: 0): -7334 -7401 -7457 -7344 -7407 -7428 -7487 -7503 # -8321 -8065 -8321 -8321 -8321 -8321 -819CPU side received count (scaleup: 7): -7465 -7476 -7412 -7494 -7408 -7513 -7461 -7568 # -8321 -8193 -8449 -8449 -8321 -8193 -832CPU side received count (scaleup: 3): -7429 -7355 -7539 -7439 -7509 -7390 -7301 -7394 # -8193 -8321 -8321 -8449 -7937 -8193 -8321 -8193 
CPU side received count (scaleup: 2): -7252 -7330 -7314 -7417 -7322 -7540 -7344 -7440 # -8065 -8065 -8449 -8193 -8321 -8193 -806CPU side received count (scaleup: 1): -7360 -7379 -7313 -7431 -7465 -7391 -7355 -7390 # -8193 -8065 -8193 -8193 -8193 -8193 -8063 -8193 
5 -8065 
3 -8065 
1 -8321 
5 -8321 
Elastic buffer uses 4 channels per SM
Elastic buffer uses 4 channels per SM
Elastic buffer uses 4 channels per SM
Elastic buffer uses 4 channels per SM
Elastic buffer uses 4 channels per SM
Elastic buffer uses 4 channels per SM
Elastic buffer uses 4 channels per SM
Elastic buffer uses 4 channels per SM
CPU side received count (scaleup: 4): -7363 -7348 -7403 -7370 -7356 -7475 -7458 -7440 # -8193 -8193 -8193 -8193 -8321 -8321 -832CPU side received count (scaleup: 6): -7202 -7388 -7412 -7456 -7423 -7467 -7440 -7486 # -8193 -8193 -8193 -8321 -8193 -8193 -819CPU side received count (scaleup: 7): -7465 -7476 -7412 -7494 -7408 -7513 -7461 -7568 # -8321 -8193 -8449 -8449 -8321 -8193 -832CPU side received count (scaleup: 5): -7424 -7285 -7387 -7403 -7565 -7376 -7487 -7415 # -8321 -8321 -8193 -8193 -8193 -8193 -8191 -8193 
CPU side received count (scaleup: 0): -7334 -7401 -7457 -7344 -7407 -7428 -7487 -7503 # -8321 -8065 -8321 -8321 -8321 -8321 -8193 -8193 
CPU side received count (scaleup: 3): -7429 -7355 -7539 -7439 -7509 -7390 -7301 -7394 # -8193 -8321 -8321 -8449 -7937 -8193 -8321 -8193 
CPU side received count (scaleup: 1): -7360 -7379 -7313 -7431 -7465 -7391 -7355 -7390 # -8193 -8065 -8193 -8193 -8193 -8193 -8063 -8193 
1 -8321 
CPU side received count (scaleup: 2): -7252 -7330 -7314 -7417 -7322 -7540 -7344 -7440 # -8065 -8065 -8449 -8193 -8321 -8193 -8065 -8321 
3 -8065 
5 -8065 
Elastic buffer uses 4 channels per SM
Elastic buffer uses 4 channels per SM
Elastic buffer uses 4 channels per SM
Elastic buffer uses 4 channels per SM
Elastic buffer uses 4 channels per SM
Elastic buffer uses 4 channels per SM
Elastic buffer uses 4 channels per SM
Elastic buffer uses 4 channels per SM
CPU side received count (scaleup: 3): -7429 -7355 -7539 -7439 -7509 -7390 -7301 -7394 # -8193 -8321 -8321 -8449 -7937 -8193 -832CPU side received count (scaleup: 2): -7252 -7330 -7314 -7417 -7322 -7540 -7344 -7440 # -8065 -8065 -8449 -8193 -8321 -8193 -806CPU side received count (scaleup: 0): -7334 -7401 -7457 -7344 -7407 -7428 -7487 -7503 # -8321 -8065 -8321 -8321 -8321 -8321 -819CPU side received count (scaleup: 1): -7360 -7379 -7313 -7431 -7465 -7391 -7355 -7390 # -8193 -8065 -8193 -8193 -8193 -8193 -806CPU side received count (scaleup: 4): -7363 -7348 -7403 -7370 -7356 -7475 -7458 -7440 # -8193 -8193 -8193 -8193 -8321 -8321 -832CPU side received count (scaleup: 5): -7424 -7285 -7387 -7403 -7565 -7376 -7487 -7415 # -8321 -8321 -8193 -8193 -8193 -8193 -819CPU side received count (scaleup: 7): -7465 -7476 -7412 -7494 -7408 -7513 -7461 -7568 # -8321 -8193 -8449 -8449 -8321 -8193 -832CPU side received count (scaleup: 6): -7202 -7388 -7412 -7456 -7423 -7467 -7440 -7486 # -8193 -8193 -8193 -8321 -8193 -8193 -8191 -8321 
3 -8065 
5 -8065 
5 -8321 
1 -8193 
3 -8193 
1 -8193 
3 -8193 
Elastic buffer uses 4 channels per SM
Elastic buffer uses 4 channels per SM
Elastic buffer uses 4 channels per SM
Elastic buffer uses 4 channels per SM
Elastic buffer uses 4 channels per SM
Elastic buffer uses 4 channels per SM
Elastic buffer uses 4 channels per SM
Elastic buffer uses 4 channels per SM
CPU side received count (scaleup: 2): -7252 -7330 -7314 -7417 -7322 -7540 -7344 -7440 # -8065 -8065 -8449 -8193 -8321 -8193 -806CPU side received count (scaleup: 0): -7334 -7401 -7457 -7344 -7407 -7428 -7487 -7503 # -8321 -8065 -8321 -8321 -8321 -8321 -819CPU side received count (scaleup: 1): -7360 -7379 -7313 -7431 -7465 -7391 -7355 -7390 # -8193 -8065 -8193 -8193 -8193 -8193 -8065 -8065 
3 -8065 
5 -8321 
CPU side received count (scaleup: 4): -7363 -7348 -7403 -7370 -7356 -7475 -7458 -7440 # -8193 -8193 -8193 -8193 -8321 -8321 -832CPU side received count (scaleup: 6): -7202 -7388 -7412 -7456 -7423 -7467 -7440 -7486 # -8193 -8193 -8193 -8321 -8193 -8193 -8191 -8193 
CPU side received count (scaleup: 5): -7424 -7285 -7387 -7403 -7565 -7376 -7487 -7415 # -8321 -8321 -8193 -8193 -8193 -8193 -8193 -8193 
3 -8193 
CPU side received count (scaleup: 3): -7429 -7355 -7539 -7439 -7509 -7390 -7301 -7394 # -8193 -8321 -8321 -8449 -7937 -8193 -8321 -8321 
CPU side received count (scaleup: 7): -7465 -7476 -7412 -7494 -7408 -7513 -7461 -7568 # -8321 -8193 -8449 -8449 -8321 -8193 -8321 -8193 
Elastic buffer uses 4 channels per SM
Elastic buffer uses 4 channels per SM
Elastic buffer uses 4 channels per SM
Elastic buffer uses 4 channels per SM
Elastic buffer uses 4 channels per SM
Elastic buffer uses 4 channels per SM
Elastic buffer uses 4 channels per SM
Elastic buffer uses 4 channels per SM
CPU side received count (scaleup: 4): -7363 -7348 -7403 -7370 -7356 -7475 -7458 -7440 # -8193 -8193 -8193 -8193 -8321 -8321 -832CPU side received count (scaleup: 6): -7202 -7388 -7412 -7456 -7423 -7467 -7440 -7486 # -8193 -8193 -8193 -8321 -8193 -8193 -819CPU side received count (scaleup: 5): -7424 -7285 -7387 -7403 -7565 -7376 -7487 -7415 # -8321 -8321 -8193 -8193 -8193 -8193 -819CPU side received count (scaleup: 7): -7465 -7476 -7412 -7494 -7408 -7513 -7461 -7568 # -8321 -8193 -8449 -8449 -8321 -8193 -8321 -8193 
CPU side received count (scaleup: 1): -7360 -7379 -7313 -7431 -7465 -7391 -7355 -7390 # -8193 -8065 -8193 -8193 -8193 -8193 -806CPU side received count (scaleup: 3): -7429 -7355 -7539 -7439 -7509 -7390 -7301 -7394 # -8193 -8321 -8321 -8449 -7937 -8193 -832CPU side received count (scaleup: 2): -7252 -7330 -7314 -7417 -7322 -7540 -7344 -7440 # -8065 -8065 -8449 -8193 -8321 -8193 -8061 -8193 
CPU side received count (scaleup: 0): -7334 -7401 -7457 -7344 -7407 -7428 -7487 -7503 # -8321 -8065 -8321 -8321 -8321 -8321 -8193 -8193 
1 -8321 
3 -8193 
5 -8321 
5 -8065 
3 -8065 
Elastic buffer uses 4 channels per SM
Elastic buffer uses 4 channels per SM
Elastic buffer uses 4 channels per SM
Elastic buffer uses 4 channels per SM
Elastic buffer uses 4 channels per SM
Elastic buffer uses 4 channels per SM
Elastic buffer uses 4 channels per SM
Elastic buffer uses 4 channels per SM
CPU side received count (scaleup: 3): -7429 -7355 -7539 -7439 -7509 -7390 -7301 -7394 # -8193 -8321 -8321 -8449 -7937 -8193 -832CPU side received count (scaleup: 0): -7334 -7401 -7457 -7344 -7407 -7428 -7487 -7503 # -8321 -8065 -8321 -8321 -8321 -8321 -819CPU side received count (scaleup: 1): -7360 -7379 -7313 -7431 -7465 -7391 -7355 -7390 # -8193 -8065 -8193 -8193 -8193 -8193 -806CPU side received count (scaleup: 2): -7252 -7330 -7314 -7417 -7322 -7540 -7344 -7440 # -8065 -8065 -8449 -8193 -8321 -8193 -8061 -8321 
CPU side received count (scaleup: 4): -7363 -7348 -7403 -7370 -7356 -7475 -7458 -7440 # -8193 -8193 -8193 -8193 -8321 -8321 -8325 -8321 
CPU side received count (scaleup: 7): -7465 -7476 -7412 -7494 -7408 -7513 -7461 -7568 # -8321 -8193 -8449 -8449 -8321 -8193 -832CPU side received count (scaleup: 5): -7424 -7285 -7387 -7403 -7565 -7376 -7487 -7415 # -8321 -8321 -8193 -8193 -8193 -8193 -819CPU side received count (scaleup: 6): -7202 -7388 -7412 -7456 -7423 -7467 -7440 -7486 # -8193 -8193 -8193 -8321 -8193 -8193 -8193 -8065 
5 -8065 
1 -8193 
1 -8193 
3 -8193 
3 -8193 
Elastic buffer uses 4 channels per SM
Elastic buffer uses 4 channels per SM
Elastic buffer uses 4 channels per SM
Elastic buffer uses 4 channels per SM
Elastic buffer uses 4 channels per SM
Elastic buffer uses 4 channels per SM
Elastic buffer uses 4 channels per SM
Elastic buffer uses 4 channels per SM
CPU side received count (scaleup: 4): -7363 -7348 -7403 -7370 -7356 -7475 -7458 -7440 # -8193 -8193 -8193 -8193 -8321 -8321 -832CPU side received count (scaleup: 7): -7465 -7476 -7412 -7494 -7408 -7513 -7461 -7568 # -8321 -8193 -8449 -8449 -8321 -8193 -832CPU side received count (scaleup: 5): -7424 -7285 -7387 -7403 -7565 -7376 -7487 -7415 # -8321 -8321 -8193 -8193 -8193 -8193 -8191 -8193 
3 -8193 
CPU side received count (scaleup: 6): -7202 -7388 -7412 -7456 -7423 -7467 -7440 -7486 # -8193 -8193 -8193 -8321 -8193 -8193 -8191 -8193 
3 -8193 
CPU side received count (scaleup: 3): -7429 -7355 -7539 -7439 -7509 -7390 -7301 -7394 # -8193 -8321 -8321 -8449 -7937 -8193 -832CPU side received count (scaleup: 1): -7360 -7379 -7313 -7431 -7465 -7391 -7355 -7390 # -8193 -8065 -8193 -8193 -8193 -8193 -806CPU side received count (scaleup: 0): -7334 -7401 -7457 -7344 -7407 -7428 -7487 -7503 # -8321 -8065 -8321 -8321 -8321 -8321 -819CPU side received count (scaleup: 2): -7252 -7330 -7314 -7417 -7322 -7540 -7344 -7440 # -8065 -8065 -8449 -8193 -8321 -8193 -8061 -8321 
5 -8065 
5 -8321 
3 -8065 
Elastic buffer uses 4 channels per SM
Elastic buffer uses 4 channels per SM
Elastic buffer uses 4 channels per SM
Elastic buffer uses 4 channels per SM
Elastic buffer uses 4 channels per SM
Elastic buffer uses 4 channels per SM
Elastic buffer uses 4 channels per SM
Elastic buffer uses 4 channels per SM
CPU side received count (scaleup: 4): -7363 -7348 -7403 -7370 -7356 -7475 -7458 -7440 # -8193 -8193 -8193 -8193 -8321 -8321 -832CPU side received count (scaleup: 7): -7465 -7476 -7412 -7494 -7408 -7513 -7461 -7568 # -8321 -8193 -8449 -8449 -8321 -8193 -832CPU side received count (scaleup: 6): -7202 -7388 -7412 -7456 -7423 -7467 -7440 -7486 # -8193 -8193 -8193 -8321 -8193 -8193 -819CPU side received count (scaleup: 5): -7424 -7285 -7387 -7403 -7565 -7376 -7487 -7415 # -8321 -8321 -8193 -8193 -8193 -8193 -8191 -8193 
1 -8193 
3 -8193 
3 -8193 
CPU side received count (scaleup: 3): -7429 -7355 -7539 -7439 -7509 -7390 -7301 -7394 # -8193 -8321 -8321 -8449 -7937 -8193 -832CPU side received count (scaleup: 1): -7360 -7379 -7313 -7431 -7465 -7391 -7355 -7390 # -8193 -8065 -8193 -8193 -8193 -8193 -806CPU side received count (scaleup: 0): -7334 -7401 -7457 -7344 -7407 -7428 -7487 -7503 # -8321 -8065 -8321 -8321 -8321 -8321 -8191 -8321 
3 -8065 
CPU side received count (scaleup: 2): -7252 -7330 -7314 -7417 -7322 -7540 -7344 -7440 # -8065 -8065 -8449 -8193 -8321 -8193 -8065 -8065 
5 -8321 
Elastic buffer uses 4 channels per SM
Elastic buffer uses 4 channels per SM
Elastic buffer uses 4 channels per SM
Elastic buffer uses 4 channels per SM
Elastic buffer uses 4 channels per SM
Elastic buffer uses 4 channels per SM
Elastic buffer uses 4 channels per SM
Elastic buffer uses 4 channels per SM
CPU side received count (scaleup: 4): -7363 -7348 -7403 -7370 -7356 -7475 -7458 -7440 # -8193 -8193 -8193 -8193 -8321 -8321 -832CPU side received count (scaleup: 7): -7465 -7476 -7412 -7494 -7408 -7513 -7461 -7568 # -8321 -8193 -8449 -8449 -8321 -8193 -832CPU side received count (scaleup: 6): -7202 -7388 -7412 -7456 -7423 -7467 -7440 -7486 # -8193 -8193 -8193 -8321 -8193 -8193 -819CPU side received count (scaleup: 5): -7424 -7285 -7387 -7403 -7565 -7376 -7487 -7415 # -8321 -8321 -8193 -8193 -8193 -8193 -8191 -8193 
1 -8193 
3 -8193 
CPU side received count (scaleup: 3): -7429 -7355 -7539 -7439 -7509 -7390 -7301 -7394 # -8193 -8321 -8321 -8449 -7937 -8193 -832CPU side received count (scaleup: 0): -7334 -7401 -7457 -7344 -7407 -7428 -7487 -7503 # -8321 -8065 -8321 -8321 -8321 -8321 -819CPU side received count (scaleup: 1): -7360 -7379 -7313 -7431 -7465 -7391 -7355 -7390 # -8193 -8065 -8193 -8193 -8193 -8193 -8063 -8193 
CPU side received count (scaleup: 2): -7252 -7330 -7314 -7417 -7322 -7540 -7344 -7440 # -8065 -8065 -8449 -8193 -8321 -8193 -8061 -8321 
3 -8065 
5 -8321 
5 -8065 
Elastic buffer uses 4 channels per SM
Elastic buffer uses 4 channels per SM
Elastic buffer uses 4 channels per SM
Elastic buffer uses 4 channels per SM
Elastic buffer uses 4 channels per SM
Elastic buffer uses 4 channels per SM
Elastic buffer uses 4 channels per SM
Elastic buffer uses 4 channels per SM
CPU side received count (scaleup: 4): -7363 -7348 -7403 -7370 -7356 -7475 -7458 -7440 # -8193 -8193 -8193 -8193 -8321 -8321 -832CPU side received count (scaleup: 7): -7465 -7476 -7412 -7494 -7408 -7513 -7461 -7568 # -8321 -8193 -8449 -8449 -8321 -8193 -832CPU side received count (scaleup: 5): -7424 -7285 -7387 -7403 -7565 -7376 -7487 -7415 # -8321 -8321 -8193 -8193 -8193 -8193 -8191 -8193 
1 -8193 
CPU side received count (scaleup: 3): -7429 -7355 -7539 -7439 -7509 -7390 -7301 -7394 # -8193 -8321 -8321 -8449 -7937 -8193 -832CPU side received count (scaleup: 0): -7334 -7401 -7457 -7344 -7407 -7428 -7487 -7503 # -8321 -8065 -8321 -8321 -8321 -8321 -8193 -8193 
CPU side received count (scaleup: 6): -7202 -7388 -7412 -7456 -7423 -7467 -7440 -7486 # -8193 -8193 -8193 -8321 -8193 -8193 -819CPU side received count (scaleup: 2): -7252 -7330 -7314 -7417 -7322 -7540 -7344 -7440 # -8065 -8065 -8449 -8193 -8321 -8193 -806CPU side received count (scaleup: 1): -7360 -7379 -7313 -7431 -7465 -7391 -7355 -7390 # -8193 -8065 -8193 -8193 -8193 -8193 -8063 -8065 
1 -8321 
3 -8193 
5 -8065 
5 -8321 
Elastic buffer uses 4 channels per SM
Elastic buffer uses 4 channels per SM
Elastic buffer uses 4 channels per SM
Elastic buffer uses 4 channels per SM
Elastic buffer uses 4 channels per SM
Elastic buffer uses 4 channels per SM
Elastic buffer uses 4 channels per SM
Elastic buffer uses 4 channels per SM
CPU side received count (scaleup: 3): -7429 -7355 -7539 -7439 -7509 -7390 -7301 -7394 # -8193 -8321 -8321 -8449 -7937 -8193 -832CPU side received count (scaleup: 1): -7360 -7379 -7313 -7431 -7465 -7391 -7355 -7390 # -8193 -8065 -8193 -8193 -8193 -8193 -806CPU side received count (scaleup: 0): -7334 -7401 -7457 -7344 -7407 -7428 -7487 -7503 # -8321 -8065 -8321 -8321 -8321 -8321 -819CPU side received count (scaleup: 2): -7252 -7330 -7314 -7417 -7322 -7540 -7344 -7440 # -8065 -8065 -8449 -8193 -8321 -8193 -8061 -8321 
5 -8321 
CPU side received count (scaleup: 7): -7465 -7476 -7412 -7494 -7408 -7513 -7461 -7568 # -8321 -8193 -8449 -8449 -8321 -8193 -8323 -8065 
CPU side received count (scaleup: 6): -7202 -7388 -7412 -7456 -7423 -7467 -7440 -7486 # -8193 -8193 -8193 -8321 -8193 -8193 -819CPU side received count (scaleup: 4): -7363 -7348 -7403 -7370 -7356 -7475 -7458 -7440 # -8193 -8193 -8193 -8193 -8321 -8321 -832CPU side received count (scaleup: 5): -7424 -7285 -7387 -7403 -7565 -7376 -7487 -7415 # -8321 -8321 -8193 -8193 -8193 -8193 -8195 -8065 
1 -8193 
3 -8193 
3 -8193 
1 -8193 
Elastic buffer uses 4 channels per SM
Elastic buffer uses 4 channels per SM
Elastic buffer uses 4 channels per SM
Elastic buffer uses 4 channels per SM
Elastic buffer uses 4 channels per SM
Elastic buffer uses 4 channels per SM
Elastic buffer uses 4 channels per SM
Elastic buffer uses 4 channels per SM
CPU side received count (scaleup: 3): -7429 -7355 -7539 -7439 -7509 -7390 -7301 -7394 # -8193 -8321 -8321 -8449 -7937 -8193 -832CPU side received count (scaleup: 1): -7360 -7379 -7313 -7431 -7465 -7391 -7355 -7390 # -8193 -8065 -8193 -8193 -8193 -8193 -806CPU side received count (scaleup: 2): -7252 -7330 -7314 -7417 -7322 -7540 -7344 -7440 # -8065 -8065 -8449 -8193 -8321 -8193 -806CPU side received count (scaleup: 0): -7334 -7401 -7457 -7344 -7407 -7428 -7487 -7503 # -8321 -8065 -8321 -8321 -8321 -8321 -8191 -8321 
CPU side received count (scaleup: 7): -7465 -7476 -7412 -7494 -7408 -7513 -7461 -7568 # -8321 -8193 -8449 -8449 -8321 -8193 -8323 -8065 
5 -8321 
5 -8065 
CPU side received count (scaleup: 6): -7202 -7388 -7412 -7456 -7423 -7467 -7440 -7486 # -8193 -8193 -8193 -8321 -8193 -8193 -819CPU side received count (scaleup: 4): -7363 -7348 -7403 -7370 -7356 -7475 -7458 -7440 # -8193 -8193 -8193 -8193 -8321 -8321 -832CPU side received count (scaleup: 5): -7424 -7285 -7387 -7403 -7565 -7376 -7487 -7415 # -8321 -8321 -8193 -8193 -8193 -8193 -8191 -8193 
3 -8193 
1 -8193 
3 -8193 
Elastic buffer uses 4 channels per SM
Elastic buffer uses 4 channels per SM
Elastic buffer uses 4 channels per SM
Elastic buffer uses 4 channels per SM
Elastic buffer uses 4 channels per SM
Elastic buffer uses 4 channels per SM
Elastic buffer uses 4 channels per SM
Elastic buffer uses 4 channels per SM
CPU side received count (scaleup: 4): -7363 -7348 -7403 -7370 -7356 -7475 -7458 -7440 # -8193 -8193 -8193 -8193 -8321 -8321 -832CPU side received count (scaleup: 7): -7465 -7476 -7412 -7494 -7408 -7513 -7461 -7568 # -8321 -8193 -8449 -8449 -8321 -8193 -832CPU side received count (scaleup: 6): -7202 -7388 -7412 -7456 -7423 -7467 -7440 -7486 # -8193 -8193 -8193 -8321 -8193 -8193 -819CPU side received count (scaleup: 5): -7424 -7285 -7387 -7403 -7565 -7376 -7487 -7415 # -8321 -8321 -8193 -8193 -8193 -8193 -8191 -8193 
1 -8193 
3 -8193 
3 -8193 
CPU side received count (scaleup: 3): -7429 -7355 -7539 -7439 -7509 -7390 -7301 -7394 # -8193 -8321 -8321 -8449 -7937 -8193 -832CPU side received count (scaleup: 1): -7360 -7379 -7313 -7431 -7465 -7391 -7355 -7390 # -8193 -8065 -8193 -8193 -8193 -8193 -806CPU side received count (scaleup: 0): -7334 -7401 -7457 -7344 -7407 -7428 -7487 -7503 # -8321 -8065 -8321 -8321 -8321 -8321 -8191 -8321 
CPU side received count (scaleup: 2): -7252 -7330 -7314 -7417 -7322 -7540 -7344 -7440 # -8065 -8065 -8449 -8193 -8321 -8193 -8065 -8321 
3 -8065 
5 -8065 
Elastic buffer uses 4 channels per SM
Elastic buffer uses 4 channels per SM
Elastic buffer uses 4 channels per SM
Elastic buffer uses 4 channels per SM
Elastic buffer uses 4 channels per SM
Elastic buffer uses 4 channels per SM
Elastic buffer uses 4 channels per SM
Elastic buffer uses 4 channels per SM
CPU side received count (scaleup: 2): -7252 -7330 -7314 -7417 -7322 -7540 -7344 -7440 # -8065 -8065 -8449 -8193 -8321 -8193 -806CPU side received count (scaleup: 3): -7429 -7355 -7539 -7439 -7509 -7390 -7301 -7394 # -8193 -8321 -8321 -8449 -7937 -8193 -832CPU side received count (scaleup: 1): -7360 -7379 -7313 -7431 -7465 -7391 -7355 -7390 # -8193 -8065 -8193 -8193 -8193 -8193 -806CPU side received count (scaleup: 0): -7334 -7401 -7457 -7344 -7407 -7428 -7487 -7503 # -8321 -8065 -8321 -8321 -8321 -8321 -8195 -8065 
CPU side received count (scaleup: 6): -7202 -7388 -7412 -7456 -7423 -7467 -7440 -7486 # -8193 -8193 -8193 -8321 -8193 -8193 -819CPU side received count (scaleup: 7): -7465 -7476 -7412 -7494 -7408 -7513 -7461 -7568 # -8321 -8193 -8449 -8449 -8321 -8193 -832CPU side received count (scaleup: 5): -7424 -7285 -7387 -7403 -7565 -7376 -7487 -7415 # -8321 -8321 -8193 -8193 -8193 -8193 -819CPU side received count (scaleup: 4): -7363 -7348 -7403 -7370 -7356 -7475 -7458 -7440 # -8193 -8193 -8193 -8193 -8321 -8321 -8325 -8321 
1 -8321 
3 -8193 
3 -8065 
3 -8193 
1 -8193 
1 -8193 
Elastic buffer uses 4 channels per SM
Elastic buffer uses 4 channels per SM
Elastic buffer uses 4 channels per SM
Elastic buffer uses 4 channels per SM
Elastic buffer uses 4 channels per SM
Elastic buffer uses 4 channels per SM
Elastic buffer uses 4 channels per SM
Elastic buffer uses 4 channels per SM
CPU side received count (scaleup: 4): -7363 -7348 -7403 -7370 -7356 -7475 -7458 -7440 # -8193 -8193 -8193 -8193 -8321 -8321 -832CPU side received count (scaleup: 6): -7202 -7388 -7412 -7456 -7423 -7467 -7440 -7486 # -8193 -8193 -8193 -8321 -8193 -8193 -819CPU side received count (scaleup: 5): -7424 -7285 -7387 -7403 -7565 -7376 -7487 -7415 # -8321 -8321 -8193 -8193 -8193 -8193 -8191 -8193 
CPU side received count (scaleup: 7): -7465 -7476 -7412 -7494 -7408 -7513 -7461 -7568 # -8321 -8193 -8449 -8449 -8321 -8193 -8323 -8193 
3 -8193 
1 -8193 
CPU side received count (scaleup: 1): -7360 -7379 -7313 -7431 -7465 -7391 -7355 -7390 # -8193 -8065 -8193 -8193 -8193 -8193 -806CPU side received count (scaleup: 3): -7429 -7355 -7539 -7439 -7509 -7390 -7301 -7394 # -8193 -8321 -8321 -8449 -7937 -8193 -8325 -8321 
CPU side received count (scaleup: 0): -7334 -7401 -7457 -7344 -7407 -7428 -7487 -7503 # -8321 -8065 -8321 -8321 -8321 -8321 -8191 -8321 
3 -8065 
CPU side received count (scaleup: 2): -7252 -7330 -7314 -7417 -7322 -7540 -7344 -7440 # -8065 -8065 -8449 -8193 -8321 -8193 -8065 -8065 
Elastic buffer uses 4 channels per SM
Elastic buffer uses 4 channels per SM
Elastic buffer uses 4 channels per SM
Elastic buffer uses 4 channels per SM
Elastic buffer uses 4 channels per SM
Elastic buffer uses 4 channels per SM
Elastic buffer uses 4 channels per SM
Elastic buffer uses 4 channels per SM
CPU side received count (scaleup: 4): -7363 -7348 -7403 -7370 -7356 -7475 -7458 -7440 # -8193 -8193 -8193 -8193 -8321 -8321 -832CPU side received count (scaleup: 6): -7202 -7388 -7412 -7456 -7423 -7467 -7440 -7486 # -8193 -8193 -8193 -8321 -8193 -8193 -819CPU side received count (scaleup: 7): -7465 -7476 -7412 -7494 -7408 -7513 -7461 -7568 # -8321 -8193 -8449 -8449 -8321 -8193 -832CPU side received count (scaleup: 5): -7424 -7285 -7387 -7403 -7565 -7376 -7487 -7415 # -8321 -8321 -8193 -8193 -8193 -8193 -8191 -8193 
3 -8193 
1 -8193 
3 -8193 
CPU side received count (scaleup: 3): -7429 -7355 -7539 -7439 -7509 -7390 -7301 -7394 # -8193 -8321 -8321 -8449 -7937 -8193 -832CPU side received count (scaleup: 0): -7334 -7401 -7457 -7344 -7407 -7428 -7487 -7503 # -8321 -8065 -8321 -8321 -8321 -8321 -819CPU side received count (scaleup: 1): -7360 -7379 -7313 -7431 -7465 -7391 -7355 -7390 # -8193 -8065 -8193 -8193 -8193 -8193 -806CPU side received count (scaleup: 2): -7252 -7330 -7314 -7417 -7322 -7540 -7344 -7440 # -8065 -8065 -8449 -8193 -8321 -8193 -8061 -8321 
3 -8065 
5 -8321 
5 -8065 
USDT:2026-08-25 02:54:36 436:436 SyncActivityProfilerHandler.cpp:52] profiler_startUSDT:2026-08-25 02:54:36 433:433 SyncActivityProfilerHandler.cpp:52] profiler_startUSDT:2026-08-25 02:54:36 439:439 SyncActivityProfilerHandler.cpp:52] profiler_startUSDT:2026-08-25 02:54:36 437:437 SyncActivityProfilerHandler.cpp:52] profiler_startUSDT:2026-08-25 02:54:36 440:440 SyncActivityProfilerHandler.cpp:52] profiler_start

USDT:2026-08-25 02:54:36 434:434 SyncActivityProfilerHandler.cpp:52] profiler_start



USDT:2026-08-25 02:54:36 438:438 SyncActivityProfilerHandler.cpp:52] profiler_start
USDT:2026-08-25 02:54:36 435:435 SyncActivityProfilerHandler.cpp:52] profiler_start
Elastic buffer uses 4 channels per SM
Elastic buffer uses 4 channels per SM
Elastic buffer uses 4 channels per SM
Elastic buffer uses 4 channels per SM
Elastic buffer uses 4 channels per SM
Elastic buffer uses 4 channels per SM
Elastic buffer uses 4 channels per SM
Elastic buffer uses 4 channels per SM
CPU side received count (scaleup: 2): -7252 -7330 -7314 -7417 -7322 -7540 -7344 -7440 # -8065 -8065 -8449 -8193 -8321 -8193 -806CPU side received count (scaleup: 3): -7429 -7355 -7539 -7439 -7509 -7390 -7301 -7394 # -8193 -8321 -8321 -8449 -7937 -8193 -832CPU side received count (scaleup: 1): -7360 -7379 -7313 -7431 -7465 -7391 -7355 -7390 # -8193 -8065 -8193 -8193 -8193 -8193 -806CPU side received count (scaleup: 0): -7334 -7401 -7457 -7344 -7407 -7428 -7487 -7503 # -8321 -8065 -8321 -8321 -8321 -8321 -8195 -8065 
1 -8321 
CPU side received count (scaleup: 4): -7363 -7348 -7403 -7370 -7356 -7475 -7458 -7440 # -8193 -8193 -8193 -8193 -8321 -8321 -832CPU side received count (scaleup: 5): -7424 -7285 -7387 -7403 -7565 -7376 -7487 -7415 # -8321 -8321 -8193 -8193 -8193 -8193 -819CPU side received count (scaleup: 7): -7465 -7476 -7412 -7494 -7408 -7513 -7461 -7568 # -8321 -8193 -8449 -8449 -8321 -8193 -832CPU side received count (scaleup: 6): -7202 -7388 -7412 -7456 -7423 -7467 -7440 -7486 # -8193 -8193 -8193 -8321 -8193 -8193 -8195 -8321 
3 -8065 
1 -8193 
3 -8193 
1 -8193 
3 -8193 
Elastic buffer uses 4 channels per SM
Elastic buffer uses 4 channels per SM
Elastic buffer uses 4 channels per SM
Elastic buffer uses 4 channels per SM
Elastic buffer uses 4 channels per SM
Elastic buffer uses 4 channels per SM
Elastic buffer uses 4 channels per SM
Elastic buffer uses 4 channels per SM
CPU side received count (scaleup: 4): -7363 -7348 -7403 -7370 -7356 -7475 -7458 -7440 # -8193 -8193 -8193 -8193 -8321 -8321 -832CPU side received count (scaleup: 7): -7465 -7476 -7412 -7494 -7408 -7513 -7461 -7568 # -8321 -8193 -8449 -8449 -8321 -8193 -832CPU side received count (scaleup: 6): -7202 -7388 -7412 -7456 -7423 -7467 -7440 -7486 # -8193 -8193 -8193 -8321 -8193 -8193 -819CPU side received count (scaleup: 5): -7424 -7285 -7387 -7403 -7565 -7376 -7487 -7415 # -8321 -8321 -8193 -8193 -8193 -8193 -8191 -8193 
1 -8193 
3 -8193 
3 -8193 
CPU side received count (scaleup: 2): -7252 -7330 -7314 -7417 -7322 -7540 -7344 -7440 # -8065 -8065 -8449 -8193 -8321 -8193 -806CPU side received count (scaleup: 1): -7360 -7379 -7313 -7431 -7465 -7391 -7355 -7390 # -8193 -8065 -8193 -8193 -8193 -8193 -806CPU side received count (scaleup: 3): -7429 -7355 -7539 -7439 -7509 -7390 -7301 -7394 # -8193 -8321 -8321 -8449 -7937 -8193 -832CPU side received count (scaleup: 0): -7334 -7401 -7457 -7344 -7407 -7428 -7487 -7503 # -8321 -8065 -8321 -8321 -8321 -8321 -8195 -8321 
5 -8065 
3 -8065 
1 -8321 
Elastic buffer uses 4 channels per SM
Elastic buffer uses 4 channels per SM
Elastic buffer uses 4 channels per SM
Elastic buffer uses 4 channels per SM
Elastic buffer uses 4 channels per SM
Elastic buffer uses 4 channels per SM
Elastic buffer uses 4 channels per SM
Elastic buffer uses 4 channels per SM
CPU side received count (scaleup: 4): -7363 -7348 -7403 -7370 -7356 -7475 -7458 -7440 # -8193 -8193 -8193 -8193 -8321 -8321 -832CPU side received count (scaleup: 7): -7465 -7476 -7412 -7494 -7408 -7513 -7461 -7568 # -8321 -8193 -8449 -8449 -8321 -8193 -832CPU side received count (scaleup: 5): -7424 -7285 -7387 -7403 -7565 -7376 -7487 -7415 # -8321 -8321 -8193 -8193 -8193 -8193 -819CPU side received count (scaleup: 6): -7202 -7388 -7412 -7456 -7423 -7467 -7440 -7486 # -8193 -8193 -8193 -8321 -8193 -8193 -8191 -8193 
1 -8193 
3 -8193 
3 -8193 
CPU side received count (scaleup: 3): -7429 -7355 -7539 -7439 -7509 -7390 -7301 -7394 # -8193 -8321 -8321 -8449 -7937 -8193 -832CPU side received count (scaleup: 1): -7360 -7379 -7313 -7431 -7465 -7391 -7355 -7390 # -8193 -8065 -8193 -8193 -8193 -8193 -806CPU side received count (scaleup: 0): -7334 -7401 -7457 -7344 -7407 -7428 -7487 -7503 # -8321 -8065 -8321 -8321 -8321 -8321 -8191 -8321 
5 -8321 
3 -8065 
CPU side received count (scaleup: 2): -7252 -7330 -7314 -7417 -7322 -7540 -7344 -7440 # -8065 -8065 -8449 -8193 -8321 -8193 -8065 -8065 
Elastic buffer uses 4 channels per SM
Elastic buffer uses 4 channels per SM
Elastic buffer uses 4 channels per SM
Elastic buffer uses 4 channels per SM
Elastic buffer uses 4 channels per SM
Elastic buffer uses 4 channels per SM
Elastic buffer uses 4 channels per SM
Elastic buffer uses 4 channels per SM
CPU side received count (scaleup: 1): -7360 -7379 -7313 -7431 -7465 -7391 -7355 -7390 # -8193 -8065 -8193 -8193 -8193 -8193 -806CPU side received count (scaleup: 0): -7334 -7401 -7457 -7344 -7407 -7428 -7487 -7503 # -8321 -8065 -8321 -8321 -8321 -8321 -819CPU side received count (scaleup: 4): -7363 -7348 -7403 -7370 -7356 -7475 -7458 -7440 # -8193 -8193 -8193 -8193 -8321 -8321 -8325 -8321 
CPU side received count (scaleup: 6): -7202 -7388 -7412 -7456 -7423 -7467 -7440 -7486 # -8193 -8193 -8193 -8321 -8193 -8193 -8193 -8065 
CPU side received count (scaleup: 3): -7429 -7355 -7539 -7439 -7509 -7390 -7301 -7394 # -8193 -8321 -8321 -8449 -7937 -8193 -832CPU side received count (scaleup: 2): -7252 -7330 -7314 -7417 -7322 -7540 -7344 -7440 # -8065 -8065 -8449 -8193 -8321 -8193 -806CPU side received count (scaleup: 7): -7465 -7476 -7412 -7494 -7408 -7513 -7461 -7568 # -8321 -8193 -8449 -8449 -8321 -8193 -832CPU side received count (scaleup: 5): -7424 -7285 -7387 -7403 -7565 -7376 -7487 -7415 # -8321 -8321 -8193 -8193 -8193 -8193 -8191 -8321 
5 -8065 
1 -8193 
3 -8193 
1 -8193 
3 -8193 
Elastic buffer uses 4 channels per SM
Elastic buffer uses 4 channels per SM
Elastic buffer uses 4 channels per SM
Elastic buffer uses 4 channels per SM
Elastic buffer uses 4 channels per SM
Elastic buffer uses 4 channels per SM
Elastic buffer uses 4 channels per SM
Elastic buffer uses 4 channels per SM
CPU side received count (scaleup: 4): -7363 -7348 -7403 -7370 -7356 -7475 -7458 -7440 # -8193 -8193 -8193 -8193 -8321 -8321 -832CPU side received count (scaleup: 6): -7202 -7388 -7412 -7456 -7423 -7467 -7440 -7486 # -8193 -8193 -8193 -8321 -8193 -8193 -819CPU side received count (scaleup: 7): -7465 -7476 -7412 -7494 -7408 -7513 -7461 -7568 # -8321 -8193 -8449 -8449 -8321 -8193 -832CPU side received count (scaleup: 5): -7424 -7285 -7387 -7403 -7565 -7376 -7487 -7415 # -8321 -8321 -8193 -8193 -8193 -8193 -8191 -8193 
3 -8193 
1 -8193 
3 -8193 
CPU side received count (scaleup: 2): -7252 -7330 -7314 -7417 -7322 -7540 -7344 -7440 # -8065 -8065 -8449 -8193 -8321 -8193 -806CPU side received count (scaleup: 3): -7429 -7355 -7539 -7439 -7509 -7390 -7301 -7394 # -8193 -8321 -8321 -8449 -7937 -8193 -832CPU side received count (scaleup: 0): -7334 -7401 -7457 -7344 -7407 -7428 -7487 -7503 # -8321 -8065 -8321 -8321 -8321 -8321 -819CPU side received count (scaleup: 1): -7360 -7379 -7313 -7431 -7465 -7391 -7355 -7390 # -8193 -8065 -8193 -8193 -8193 -8193 -8061 -8321 
3 -8065 
5 -8065 
5 -8321 
Elastic buffer uses 4 channels per SM
Elastic buffer uses 4 channels per SM
Elastic buffer uses 4 channels per SM
Elastic buffer uses 4 channels per SM
Elastic buffer uses 4 channels per SM
Elastic buffer uses 4 channels per SM
Elastic buffer uses 4 channels per SM
Elastic buffer uses 4 channels per SM
CPU side received count (scaleup: 7): -7465 -7476 -7412 -7494 -7408 -7513 -7461 -7568 # -8321 -8193 -8449 -8449 -8321 -8193 -832CPU side received count (scaleup: 6): -7202 -7388 -7412 -7456 -7423 -7467 -7440 -7486 # -8193 -8193 -8193 -8321 -8193 -8193 -819CPU side received count (scaleup: 5): -7424 -7285 -7387 -7403 -7565 -7376 -7487 -7415 # -8321 -8321 -8193 -8193 -8193 -8193 -8191 -8193 
3 -8193 
3 -8193 
CPU side received count (scaleup: 4): -7363 -7348 -7403 -7370 -7356 -7475 -7458 -7440 # -8193 -8193 -8193 -8193 -8321 -8321 -832CPU side received count (scaleup: 0): -7334 -7401 -7457 -7344 -7407 -7428 -7487 -7503 # -8321 -8065 -8321 -8321 -8321 -8321 -819CPU side received count (scaleup: 2): -7252 -7330 -7314 -7417 -7322 -7540 -7344 -7440 # -8065 -8065 -8449 -8193 -8321 -8193 -806CPU side received count (scaleup: 1): -7360 -7379 -7313 -7431 -7465 -7391 -7355 -7390 # -8193 -8065 -8193 -8193 -8193 -8193 -8061 -8193 
3 -8065 
CPU side received count (scaleup: 3): -7429 -7355 -7539 -7439 -7509 -7390 -7301 -7394 # -8193 -8321 -8321 -8449 -7937 -8193 -8325 -8321 
5 -8065 
1 -8321 
Elastic buffer uses 4 channels per SM
Elastic buffer uses 4 channels per SM
Elastic buffer uses 4 channels per SM
Elastic buffer uses 4 channels per SM
Elastic buffer uses 4 channels per SM
Elastic buffer uses 4 channels per SM
Elastic buffer uses 4 channels per SM
Elastic buffer uses 4 channels per SM
CPU side received count (scaleup: 3): -7429 -7355 -7539 -7439 -7509 -7390 -7301 -7394 # -8193 -8321 -8321 -8449 -7937 -8193 -832CPU side received count (scaleup: 1): -7360 -7379 -7313 -7431 -7465 -7391 -7355 -7390 # -8193 -8065 -8193 -8193 -8193 -8193 -806CPU side received count (scaleup: 0): -7334 -7401 -7457 -7344 -7407 -7428 -7487 -7503 # -8321 -8065 -8321 -8321 -8321 -8321 -8191 -8321 
5 -8321 
CPU side received count (scaleup: 2): -7252 -7330 -7314 -7417 -7322 -7540 -7344 -7440 # -8065 -8065 -8449 -8193 -8321 -8193 -8063 -8065 
CPU side received count (scaleup: 7): -7465 -7476 -7412 -7494 -7408 -7513 -7461 -7568 # -8321 -8193 -8449 -8449 -8321 -8193 -832CPU side received count (scaleup: 6): -7202 -7388 -7412 -7456 -7423 -7467 -7440 -7486 # -8193 -8193 -8193 -8321 -8193 -8193 -819CPU side received count (scaleup: 4): -7363 -7348 -7403 -7370 -7356 -7475 -7458 -7440 # -8193 -8193 -8193 -8193 -8321 -8321 -832CPU side received count (scaleup: 5): -7424 -7285 -7387 -7403 -7565 -7376 -7487 -7415 # -8321 -8321 -8193 -8193 -8193 -8193 -8195 -8065 
1 -8193 
1 -8193 
3 -8193 
3 -8193 
Elastic buffer uses 4 channels per SM
Elastic buffer uses 4 channels per SM
Elastic buffer uses 4 channels per SM
Elastic buffer uses 4 channels per SM
Elastic buffer uses 4 channels per SM
Elastic buffer uses 4 channels per SM
Elastic buffer uses 4 channels per SM
Elastic buffer uses 4 channels per SM
CPU side received count (scaleup: 4): -7363 -7348 -7403 -7370 -7356 -7475 -7458 -7440 # -8193 -8193 -8193 -8193 -8321 -8321 -832CPU side received count (scaleup: 7): -7465 -7476 -7412 -7494 -7408 -7513 -7461 -7568 # -8321 -8193 -8449 -8449 -8321 -8193 -832CPU side received count (scaleup: 5): -7424 -7285 -7387 -7403 -7565 -7376 -7487 -7415 # -8321 -8321 -8193 -8193 -8193 -8193 -8191 -8193 
1 -8193 
3 -8193 
CPU side received count (scaleup: 3): -7429 -7355 -7539 -7439 -7509 -7390 -7301 -7394 # -8193 -8321 -8321 -8449 -7937 -8193 -832CPU side received count (scaleup: 1): -7360 -7379 -7313 -7431 -7465 -7391 -7355 -7390 # -8193 -8065 -8193 -8193 -8193 -8193 -806CPU side received count (scaleup: 0): -7334 -7401 -7457 -7344 -7407 -7428 -7487 -7503 # -8321 -8065 -8321 -8321 -8321 -8321 -819CPU side received count (scaleup: 2): -7252 -7330 -7314 -7417 -7322 -7540 -7344 -7440 # -8065 -8065 -8449 -8193 -8321 -8193 -806CPU side received count (scaleup: 6): -7202 -7388 -7412 -7456 -7423 -7467 -7440 -7486 # -8193 -8193 -8193 -8321 -8193 -8193 -8191 -8321 
5 -8321 
3 -8065 
5 -8065 
3 -8193 
Elastic buffer uses 4 channels per SM
Elastic buffer uses 4 channels per SM
Elastic buffer uses 4 channels per SM
Elastic buffer uses 4 channels per SM
Elastic buffer uses 4 channels per SM
Elastic buffer uses 4 channels per SM
Elastic buffer uses 4 channels per SM
Elastic buffer uses 4 channels per SM
CPU side received count (scaleup: 3): -7429 -7355 -7539 -7439 -7509 -7390 -7301 -7394 # -8193 -8321 -8321 -8449 -7937 -8193 -832CPU side received count (scaleup: 1): -7360 -7379 -7313 -7431 -7465 -7391 -7355 -7390 # -8193 -8065 -8193 -8193 -8193 -8193 -806CPU side received count (scaleup: 0): -7334 -7401 -7457 -7344 -7407 -7428 -7487 -7503 # -8321 -8065 -8321 -8321 -8321 -8321 -8195 -8321 
3 -8065 
1 -8321 
CPU side received count (scaleup: 2): -7252 -7330 -7314 -7417 -7322 -7540 -7344 -7440 # -8065 -8065 -8449 -8193 -8321 -8193 -806CPU side received count (scaleup: 4): -7363 -7348 -7403 -7370 -7356 -7475 -7458 -7440 # -8193 -8193 -8193 -8193 -8321 -8321 -832CPU side received count (scaleup: 6): -7202 -7388 -7412 -7456 -7423 -7467 -7440 -7486 # -8193 -8193 -8193 -8321 -8193 -8193 -8195 -8065 
CPU side received count (scaleup: 7): -7465 -7476 -7412 -7494 -7408 -7513 -7461 -7568 # -8321 -8193 -8449 -8449 -8321 -8193 -832CPU side received count (scaleup: 5): -7424 -7285 -7387 -7403 -7565 -7376 -7487 -7415 # -8321 -8321 -8193 -8193 -8193 -8193 -8191 -8193 
1 -8193 
3 -8193 
3 -8193 
Elastic buffer uses 4 channels per SM
Elastic buffer uses 4 channels per SM
Elastic buffer uses 4 channels per SM
Elastic buffer uses 4 channels per SM
Elastic buffer uses 4 channels per SM
Elastic buffer uses 4 channels per SM
Elastic buffer uses 4 channels per SM
Elastic buffer uses 4 channels per SM
CPU side received count (scaleup: 3): -7429 -7355 -7539 -7439 -7509 -7390 -7301 -7394 # -8193 -8321 -8321 -8449 -7937 -8193 -832CPU side received count (scaleup: 1): -7360 -7379 -7313 -7431 -7465 -7391 -7355 -7390 # -8193 -8065 -8193 -8193 -8193 -8193 -806CPU side received count (scaleup: 0): -7334 -7401 -7457 -7344 -7407 -7428 -7487 -7503 # -8321 -8065 -8321 -8321 -8321 -8321 -8191 -8321 
5 -8321 
CPU side received count (scaleup: 2): -7252 -7330 -7314 -7417 -7322 -7540 -7344 -7440 # -8065 -8065 -8449 -8193 -8321 -8193 -806CPU side received count (scaleup: 7): -7465 -7476 -7412 -7494 -7408 -7513 -7461 -7568 # -8321 -8193 -8449 -8449 -8321 -8193 -8323 -8065 
CPU side received count (scaleup: 6): -7202 -7388 -7412 -7456 -7423 -7467 -7440 -7486 # -8193 -8193 -8193 -8321 -8193 -8193 -8191 -8193 
CPU side received count (scaleup: 4): -7363 -7348 -7403 -7370 -7356 -7475 -7458 -7440 # -8193 -8193 -8193 -8193 -8321 -8321 -832CPU side received count (scaleup: 5): -7424 -7285 -7387 -7403 -7565 -7376 -7487 -7415 # -8321 -8321 -8193 -8193 -8193 -8193 -8195 -8065 
3 -8193 
1 -8193 
3 -8193 
Elastic buffer uses 4 channels per SM
Elastic buffer uses 4 channels per SM
Elastic buffer uses 4 channels per SM
Elastic buffer uses 4 channels per SM
Elastic buffer uses 4 channels per SM
Elastic buffer uses 4 channels per SM
Elastic buffer uses 4 channels per SM
Elastic buffer uses 4 channels per SM
CPU side received count (scaleup: 4): -7363 -7348 -7403 -7370 -7356 -7475 -7458 -7440 # -8193 -8193 -8193 -8193 -8321 -8321 -832CPU side received count (scaleup: 6): -7202 -7388 -7412 -7456 -7423 -7467 -7440 -7486 # -8193 -8193 -8193 -8321 -8193 -8193 -819CPU side received count (scaleup: 7): -7465 -7476 -7412 -7494 -7408 -7513 -7461 -7568 # -8321 -8193 -8449 -8449 -8321 -8193 -832CPU side received count (scaleup: 5): -7424 -7285 -7387 -7403 -7565 -7376 -7487 -7415 # -8321 -8321 -8193 -8193 -8193 -8193 -8191 -8193 
3 -8193 
CPU side received count (scaleup: 3): -7429 -7355 -7539 -7439 -7509 -7390 -7301 -7394 # -8193 -8321 -8321 -8449 -7937 -8193 -8321 -8193 
3 -8193 
1 -8321 
CPU side received count (scaleup: 2): -7252 -7330 -7314 -7417 -7322 -7540 -7344 -7440 # -8065 -8065 -8449 -8193 -8321 -8193 -806CPU side received count (scaleup: 1): -7360 -7379 -7313 -7431 -7465 -7391 -7355 -7390 # -8193 -8065 -8193 -8193 -8193 -8193 -806CPU side received count (scaleup: 0): -7334 -7401 -7457 -7344 -7407 -7428 -7487 -7503 # -8321 -8065 -8321 -8321 -8321 -8321 -8195 -8065 
5 -8321 
3 -8065 
Elastic buffer uses 4 channels per SM
Elastic buffer uses 4 channels per SM
Elastic buffer uses 4 channels per SM
Elastic buffer uses 4 channels per SM
Elastic buffer uses 4 channels per SM
Elastic buffer uses 4 channels per SM
Elastic buffer uses 4 channels per SM
Elastic buffer uses 4 channels per SM
CPU side received count (scaleup: 4): -7363 -7348 -7403 -7370 -7356 -7475 -7458 -7440 # -8193 -8193 -8193 -8193 -8321 -8321 -832CPU side received count (scaleup: 6): -7202 -7388 -7412 -7456 -7423 -7467 -7440 -7486 # -8193 -8193 -8193 -8321 -8193 -8193 -819CPU side received count (scaleup: 7): -7465 -7476 -7412 -7494 -7408 -7513 -7461 -7568 # -8321 -8193 -8449 -8449 -8321 -8193 -8321 -8193 
3 -8193 
1 -8193 
CPU side received count (scaleup: 3): -7429 -7355 -7539 -7439 -7509 -7390 -7301 -7394 # -8193 -8321 -8321 -8449 -7937 -8193 -832CPU side received count (scaleup: 0): -7334 -7401 -7457 -7344 -7407 -7428 -7487 -7503 # -8321 -8065 -8321 -8321 -8321 -8321 -819CPU side received count (scaleup: 1): -7360 -7379 -7313 -7431 -7465 -7391 -7355 -7390 # -8193 -8065 -8193 -8193 -8193 -8193 -806CPU side received count (scaleup: 5): -7424 -7285 -7387 -7403 -7565 -7376 -7487 -7415 # -8321 -8321 -8193 -8193 -8193 -8193 -8191 -8321 
3 -8193 
CPU side received count (scaleup: 2): -7252 -7330 -7314 -7417 -7322 -7540 -7344 -7440 # -8065 -8065 -8449 -8193 -8321 -8193 -8063 -8065 
5 -8321 
5 -8065 
Elastic buffer uses 4 channels per SM
Elastic buffer uses 4 channels per SM
Elastic buffer uses 4 channels per SM
Elastic buffer uses 4 channels per SM
Elastic buffer uses 4 channels per SM
Elastic buffer uses 4 channels per SM
Elastic buffer uses 4 channels per SM
Elastic buffer uses 4 channels per SM
CPU side received count (scaleup: 4): -7363 -7348 -7403 -7370 -7356 -7475 -7458 -7440 # -8193 -8193 -8193 -8193 -8321 -8321 -832CPU side received count (scaleup: 6): -7202 -7388 -7412 -7456 -7423 -7467 -7440 -7486 # -8193 -8193 -8193 -8321 -8193 -8193 -819CPU side received count (scaleup: 5): -7424 -7285 -7387 -7403 -7565 -7376 -7487 -7415 # -8321 -8321 -8193 -8193 -8193 -8193 -819CPU side received count (scaleup: 7): -7465 -7476 -7412 -7494 -7408 -7513 -7461 -7568 # -8321 -8193 -8449 -8449 -8321 -8193 -8321 -8193 
CPU side received count (scaleup: 3): -7429 -7355 -7539 -7439 -7509 -7390 -7301 -7394 # -8193 -8321 -8321 -8449 -7937 -8193 -832CPU side received count (scaleup: 0): -7334 -7401 -7457 -7344 -7407 -7428 -7487 -7503 # -8321 -8065 -8321 -8321 -8321 -8321 -819CPU side received count (scaleup: 2): -7252 -7330 -7314 -7417 -7322 -7540 -7344 -7440 # -8065 -8065 -8449 -8193 -8321 -8193 -8063 -8193 
1 -8193 
3 -8193 
CPU side received count (scaleup: 1): -7360 -7379 -7313 -7431 -7465 -7391 -7355 -7390 # -8193 -8065 -8193 -8193 -8193 -8193 -8061 -8321 
5 -8065 
3 -8065 
5 -8321 
Elastic buffer uses 4 channels per SM
Elastic buffer uses 4 channels per SM
Elastic buffer uses 4 channels per SM
Elastic buffer uses 4 channels per SM
Elastic buffer uses 4 channels per SM
Elastic buffer uses 4 channels per SM
Elastic buffer uses 4 channels per SM
Elastic buffer uses 4 channels per SM
CPU side received count (scaleup: 4): -7363 -7348 -7403 -7370 -7356 -7475 -7458 -7440 # -8193 -8193 -8193 -8193 -8321 -8321 -832CPU side received count (scaleup: 6): -7202 -7388 -7412 -7456 -7423 -7467 -7440 -7486 # -8193 -8193 -8193 -8321 -8193 -8193 -819CPU side received count (scaleup: 7): -7465 -7476 -7412 -7494 -7408 -7513 -7461 -7568 # -8321 -8193 -8449 -8449 -8321 -8193 -832CPU side received count (scaleup: 5): -7424 -7285 -7387 -7403 -7565 -7376 -7487 -7415 # -8321 -8321 -8193 -8193 -8193 -8193 -819CPU side received count (scaleup: 1): -7360 -7379 -7313 -7431 -7465 -7391 -7355 -7390 # -8193 -8065 -8193 -8193 -8193 -8193 -8061 -8193 
CPU side received count (scaleup: 0): -7334 -7401 -7457 -7344 -7407 -7428 -7487 -7503 # -8321 -8065 -8321 -8321 -8321 -8321 -819CPU side received count (scaleup: 2): -7252 -7330 -7314 -7417 -7322 -7540 -7344 -7440 # -8065 -8065 -8449 -8193 -8321 -8193 -8063 -8193 
CPU side received count (scaleup: 3): -7429 -7355 -7539 -7439 -7509 -7390 -7301 -7394 # -8193 -8321 -8321 -8449 -7937 -8193 -8325 -8321 
3 -8065 
3 -8193 
1 -8193 
5 -8065 
1 -8321 
Elastic buffer uses 4 channels per SM
Elastic buffer uses 4 channels per SM
Elastic buffer uses 4 channels per SM
Elastic buffer uses 4 channels per SM
Elastic buffer uses 4 channels per SM
Elastic buffer uses 4 channels per SM
Elastic buffer uses 4 channels per SM
Elastic buffer uses 4 channels per SM
CPU side received count (scaleup: 4): -7363 -7348 -7403 -7370 -7356 -7475 -7458 -7440 # -8193 -8193 -8193 -8193 -8321 -8321 -832CPU side received count (scaleup: 7): -7465 -7476 -7412 -7494 -7408 -7513 -7461 -7568 # -8321 -8193 -8449 -8449 -8321 -8193 -832CPU side received count (scaleup: 1): -7360 -7379 -7313 -7431 -7465 -7391 -7355 -7390 # -8193 -8065 -8193 -8193 -8193 -8193 -806CPU side received count (scaleup: 2): -7252 -7330 -7314 -7417 -7322 -7540 -7344 -7440 # -8065 -8065 -8449 -8193 -8321 -8193 -806CPU side received count (scaleup: 5): -7424 -7285 -7387 -7403 -7565 -7376 -7487 -7415 # -8321 -8321 -8193 -8193 -8193 -8193 -8191 -8193 
1 -8193 
CPU side received count (scaleup: 0): -7334 -7401 -7457 -7344 -7407 -7428 -7487 -7503 # -8321 -8065 -8321 -8321 -8321 -8321 -8195 -8321 
CPU side received count (scaleup: 3): -7429 -7355 -7539 -7439 -7509 -7390 -7301 -7394 # -8193 -8321 -8321 -8449 -7937 -8193 -832CPU side received count (scaleup: 6): -7202 -7388 -7412 -7456 -7423 -7467 -7440 -7486 # -8193 -8193 -8193 -8321 -8193 -8193 -8193 -8193 
5 -8065 
3 -8065 
1 -8321 
3 -8193 
Elastic buffer uses 4 channels per SM
Elastic buffer uses 4 channels per SM
Elastic buffer uses 4 channels per SM
Elastic buffer uses 4 channels per SM
Elastic buffer uses 4 channels per SM
Elastic buffer uses 4 channels per SM
Elastic buffer uses 4 channels per SM
Elastic buffer uses 4 channels per SM
CPU side received count (scaleup: 4): -7363 -7348 -7403 -7370 -7356 -7475 -7458 -7440 # -8193 -8193 -8193 -8193 -8321 -8321 -832CPU side received count (scaleup: 7): -7465 -7476 -7412 -7494 -7408 -7513 -7461 -7568 # -8321 -8193 -8449 -8449 -8321 -8193 -832CPU side received count (scaleup: 6): -7202 -7388 -7412 -7456 -7423 -7467 -7440 -7486 # -8193 -8193 -8193 -8321 -8193 -8193 -8191 -8193 
1 -8193 
3 -8193 
CPU side received count (scaleup: 1): -7360 -7379 -7313 -7431 -7465 -7391 -7355 -7390 # -8193 -8065 -8193 -8193 -8193 -8193 -806CPU side received count (scaleup: 3): -7429 -7355 -7539 -7439 -7509 -7390 -7301 -7394 # -8193 -8321 -8321 -8449 -7937 -8193 -8325 -8321 
CPU side received count (scaleup: 2): -7252 -7330 -7314 -7417 -7322 -7540 -7344 -7440 # -8065 -8065 -8449 -8193 -8321 -8193 -806CPU side received count (scaleup: 0): -7334 -7401 -7457 -7344 -7407 -7428 -7487 -7503 # -8321 -8065 -8321 -8321 -8321 -8321 -819CPU side received count (scaleup: 5): -7424 -7285 -7387 -7403 -7565 -7376 -7487 -7415 # -8321 -8321 -8193 -8193 -8193 -8193 -8191 -8321 
5 -8065 
3 -8065 
3 -8193 
Elastic buffer uses 4 channels per SM
Elastic buffer uses 4 channels per SM
Elastic buffer uses 4 channels per SM
Elastic buffer uses 4 channels per SM
Elastic buffer uses 4 channels per SM
Elastic buffer uses 4 channels per SM
Elastic buffer uses 4 channels per SM
Elastic buffer uses 4 channels per SM
CPU side received count (scaleup: 2): -7252 -7330 -7314 -7417 -7322 -7540 -7344 -7440 # -8065 -8065 -8449 -8193 -8321 -8193 -806CPU side received count (scaleup: 3): -7429 -7355 -7539 -7439 -7509 -7390 -7301 -7394 # -8193 -8321 -8321 -8449 -7937 -8193 -832CPU side received count (scaleup: 0): -7334 -7401 -7457 -7344 -7407 -7428 -7487 -7503 # -8321 -8065 -8321 -8321 -8321 -8321 -819CPU side received count (scaleup: 1): -7360 -7379 -7313 -7431 -7465 -7391 -7355 -7390 # -8193 -8065 -8193 -8193 -8193 -8193 -8065 -8065 
1 -8321 
3 -8065 
5 -8321 
CPU side received count (scaleup: 5): -7424 -7285 -7387 -7403 -7565 -7376 -7487 -7415 # -8321 -8321 -8193 -8193 -8193 -8193 -819CPU side received count (scaleup: 6): -7202 -7388 -7412 -7456 -7423 -7467 -7440 -7486 # -8193 -8193 -8193 -8321 -8193 -8193 -819CPU side received count (scaleup: 4): -7363 -7348 -7403 -7370 -7356 -7475 -7458 -7440 # -8193 -8193 -8193 -8193 -8321 -8321 -8323 -8193 
3 -8193 
CPU side received count (scaleup: 7): -7465 -7476 -7412 -7494 -7408 -7513 -7461 -7568 # -8321 -8193 -8449 -8449 -8321 -8193 -8321 -8193 
1 -8193 
Elastic buffer uses 4 channels per SM
Elastic buffer uses 4 channels per SM
Elastic buffer uses 4 channels per SM
Elastic buffer uses 4 channels per SM
Elastic buffer uses 4 channels per SM
Elastic buffer uses 4 channels per SM
Elastic buffer uses 4 channels per SM
Elastic buffer uses 4 channels per SM
CPU side received count (scaleup: 4): -7363 -7348 -7403 -7370 -7356 -7475 -7458 -7440 # -8193 -8193 -8193 -8193 -8321 -8321 -832CPU side received count (scaleup: 7): -7465 -7476 -7412 -7494 -7408 -7513 -7461 -7568 # -8321 -8193 -8449 -8449 -8321 -8193 -832CPU side received count (scaleup: 5): -7424 -7285 -7387 -7403 -7565 -7376 -7487 -7415 # -8321 -8321 -8193 -8193 -8193 -8193 -8191 -8193 
1 -8193 
3 -8193 
CPU side received count (scaleup: 2): -7252 -7330 -7314 -7417 -7322 -7540 -7344 -7440 # -8065 -8065 -8449 -8193 -8321 -8193 -806CPU side received count (scaleup: 1): -7360 -7379 -7313 -7431 -7465 -7391 -7355 -7390 # -8193 -8065 -8193 -8193 -8193 -8193 -806CPU side received count (scaleup: 0): -7334 -7401 -7457 -7344 -7407 -7428 -7487 -7503 # -8321 -8065 -8321 -8321 -8321 -8321 -819CPU side received count (scaleup: 3): -7429 -7355 -7539 -7439 -7509 -7390 -7301 -7394 # -8193 -8321 -8321 -8449 -7937 -8193 -8323 -8065 
5 -8065 
CPU side received count (scaleup: 6): -7202 -7388 -7412 -7456 -7423 -7467 -7440 -7486 # -8193 -8193 -8193 -8321 -8193 -8193 -8195 -8321 
3 -8193 
1 -8321 
Elastic buffer uses 4 channels per SM
Elastic buffer uses 4 channels per SM
Elastic buffer uses 4 channels per SM
Elastic buffer uses 4 channels per SM
Elastic buffer uses 4 channels per SM
Elastic buffer uses 4 channels per SM
Elastic buffer uses 4 channels per SM
Elastic buffer uses 4 channels per SM
CPU side received count (scaleup: 3): -7429 -7355 -7539 -7439 -7509 -7390 -7301 -7394 # -8193 -8321 -8321 -8449 -7937 -8193 -832CPU side received count (scaleup: 1): -7360 -7379 -7313 -7431 -7465 -7391 -7355 -7390 # -8193 -8065 -8193 -8193 -8193 -8193 -806CPU side received count (scaleup: 0): -7334 -7401 -7457 -7344 -7407 -7428 -7487 -7503 # -8321 -8065 -8321 -8321 -8321 -8321 -819CPU side received count (scaleup: 2): -7252 -7330 -7314 -7417 -7322 -7540 -7344 -7440 # -8065 -8065 -8449 -8193 -8321 -8193 -8065 -8321 
1 -8321 
3 -8065 
5 -8065 
CPU side received count (scaleup: 4): -7363 -7348 -7403 -7370 -7356 -7475 -7458 -7440 # -8193 -8193 -8193 -8193 -8321 -8321 -832CPU side received count (scaleup: 7): -7465 -7476 -7412 -7494 -7408 -7513 -7461 -7568 # -8321 -8193 -8449 -8449 -8321 -8193 -832CPU side received count (scaleup: 6): -7202 -7388 -7412 -7456 -7423 -7467 -7440 -7486 # -8193 -8193 -8193 -8321 -8193 -8193 -819CPU side received count (scaleup: 5): -7424 -7285 -7387 -7403 -7565 -7376 -7487 -7415 # -8321 -8321 -8193 -8193 -8193 -8193 -8191 -8193 
3 -8193 
1 -8193 
3 -8193 
Elastic buffer uses 4 channels per SM
Elastic buffer uses 4 channels per SM
Elastic buffer uses 4 channels per SM
Elastic buffer uses 4 channels per SM
Elastic buffer uses 4 channels per SM
Elastic buffer uses 4 channels per SM
Elastic buffer uses 4 channels per SM
Elastic buffer uses 4 channels per SM
CPU side received count (scaleup: 3): -7429 -7355 -7539 -7439 -7509 -7390 -7301 -7394 # -8193 -8321 -8321 -8449 -7937 -8193 -832CPU side received count (scaleup: 1): -7360 -7379 -7313 -7431 -7465 -7391 -7355 -7390 # -8193 -8065 -8193 -8193 -8193 -8193 -806CPU side received count (scaleup: 0): -7334 -7401 -7457 -7344 -7407 -7428 -7487 -7503 # -8321 -8065 -8321 -8321 -8321 -8321 -819CPU side received count (scaleup: 2): -7252 -7330 -7314 -7417 -7322 -7540 -7344 -7440 # -8065 -8065 -8449 -8193 -8321 -8193 -8065 -8321 
CPU side received count (scaleup: 4): -7363 -7348 -7403 -7370 -7356 -7475 -7458 -7440 # -8193 -8193 -8193 -8193 -8321 -8321 -832CPU side received count (scaleup: 7): -7465 -7476 -7412 -7494 -7408 -7513 -7461 -7568 # -8321 -8193 -8449 -8449 -8321 -8193 -8321 -8321 
3 -8065 
1 -8193 
5 -8065 
CPU side received count (scaleup: 6): -7202 -7388 -7412 -7456 -7423 -7467 -7440 -7486 # -8193 -8193 -8193 -8321 -8193 -8193 -819CPU side received count (scaleup: 5): -7424 -7285 -7387 -7403 -7565 -7376 -7487 -7415 # -8321 -8321 -8193 -8193 -8193 -8193 -8191 -8193 
3 -8193 
3 -8193 
Elastic buffer uses 4 channels per SM
Elastic buffer uses 4 channels per SM
Elastic buffer uses 4 channels per SM
Elastic buffer uses 4 channels per SM
Elastic buffer uses 4 channels per SM
Elastic buffer uses 4 channels per SM
Elastic buffer uses 4 channels per SM
Elastic buffer uses 4 channels per SM
CPU side received count (scaleup: 3): -7429 -7355 -7539 -7439 -7509 -7390 -7301 -7394 # -8193 -8321 -8321 -8449 -7937 -8193 -832CPU side received count (scaleup: 1): -7360 -7379 -7313 -7431 -7465 -7391 -7355 -7390 # -8193 -8065 -8193 -8193 -8193 -8193 -806CPU side received count (scaleup: 0): -7334 -7401 -7457 -7344 -7407 -7428 -7487 -7503 # -8321 -8065 -8321 -8321 -8321 -8321 -819CPU side received count (scaleup: 2): -7252 -7330 -7314 -7417 -7322 -7540 -7344 -7440 # -8065 -8065 -8449 -8193 -8321 -8193 -8061 -8321 
5 -8321 
3 -8065 
CPU side received count (scaleup: 7): -7465 -7476 -7412 -7494 -7408 -7513 -7461 -7568 # -8321 -8193 -8449 -8449 -8321 -8193 -832CPU side received count (scaleup: 4): -7363 -7348 -7403 -7370 -7356 -7475 -7458 -7440 # -8193 -8193 -8193 -8193 -8321 -8321 -8325 -8065 
CPU side received count (scaleup: 6): -7202 -7388 -7412 -7456 -7423 -7467 -7440 -7486 # -8193 -8193 -8193 -8321 -8193 -8193 -819CPU side received count (scaleup: 5): -7424 -7285 -7387 -7403 -7565 -7376 -7487 -7415 # -8321 -8321 -8193 -8193 -8193 -8193 -8191 -8193 
3 -8193 
1 -8193 
3 -8193 
Elastic buffer uses 4 channels per SM
Elastic buffer uses 4 channels per SM
Elastic buffer uses 4 channels per SM
Elastic buffer uses 4 channels per SM
Elastic buffer uses 4 channels per SM
Elastic buffer uses 4 channels per SM
Elastic buffer uses 4 channels per SM
Elastic buffer uses 4 channels per SM
CPU side received count (scaleup: 4): -7363 -7348 -7403 -7370 -7356 -7475 -7458 -7440 # -8193 -8193 -8193 -8193 -8321 -8321 -832CPU side received count (scaleup: 7): -7465 -7476 -7412 -7494 -7408 -7513 -7461 -7568 # -8321 -8193 -8449 -8449 -8321 -8193 -832CPU side received count (scaleup: 5): -7424 -7285 -7387 -7403 -7565 -7376 -7487 -7415 # -8321 -8321 -8193 -8193 -8193 -8193 -819CPU side received count (scaleup: 6): -7202 -7388 -7412 -7456 -7423 -7467 -7440 -7486 # -8193 -8193 -8193 -8321 -8193 -8193 -8191 -8193 
3 -8193 
1 -8193 
3 -8193 
CPU side received count (scaleup: 1): -7360 -7379 -7313 -7431 -7465 -7391 -7355 -7390 # -8193 -8065 -8193 -8193 -8193 -8193 -806CPU side received count (scaleup: 0): -7334 -7401 -7457 -7344 -7407 -7428 -7487 -7503 # -8321 -8065 -8321 -8321 -8321 -8321 -819CPU side received count (scaleup: 3): -7429 -7355 -7539 -7439 -7509 -7390 -7301 -7394 # -8193 -8321 -8321 -8449 -7937 -8193 -832CPU side received count (scaleup: 2): -7252 -7330 -7314 -7417 -7322 -7540 -7344 -7440 # -8065 -8065 -8449 -8193 -8321 -8193 -8065 -8321 
3 -8065 
1 -8321 
5 -8065 
Elastic buffer uses 4 channels per SM
Elastic buffer uses 4 channels per SM
Elastic buffer uses 4 channels per SM
Elastic buffer uses 4 channels per SM
Elastic buffer uses 4 channels per SM
Elastic buffer uses 4 channels per SM
Elastic buffer uses 4 channels per SM
Elastic buffer uses 4 channels per SM
CPU side received count (scaleup: 4): -7363 -7348 -7403 -7370 -7356 -7475 -7458 -7440 # -8193 -8193 -8193 -8193 -8321 -8321 -832CPU side received count (scaleup: 6): -7202 -7388 -7412 -7456 -7423 -7467 -7440 -7486 # -8193 -8193 -8193 -8321 -8193 -8193 -819CPU side received count (scaleup: 7): -7465 -7476 -7412 -7494 -7408 -7513 -7461 -7568 # -8321 -8193 -8449 -8449 -8321 -8193 -832CPU side received count (scaleup: 5): -7424 -7285 -7387 -7403 -7565 -7376 -7487 -7415 # -8321 -8321 -8193 -8193 -8193 -8193 -8191 -8193 
CPU side received count (scaleup: 3): -7429 -7355 -7539 -7439 -7509 -7390 -7301 -7394 # -8193 -8321 -8321 -8449 -7937 -8193 -8321 -8193 
3 -8193 
1 -8321 
CPU side received count (scaleup: 0): -7334 -7401 -7457 -7344 -7407 -7428 -7487 -7503 # -8321 -8065 -8321 -8321 -8321 -8321 -819CPU side received count (scaleup: 1): -7360 -7379 -7313 -7431 -7465 -7391 -7355 -7390 # -8193 -8065 -8193 -8193 -8193 -8193 -8063 -8193 
3 -8065 
5 -8321 
CPU side received count (scaleup: 2): -7252 -7330 -7314 -7417 -7322 -7540 -7344 -7440 # -8065 -8065 -8449 -8193 -8321 -8193 -8065 -8065 
Elastic buffer uses 4 channels per SM
Elastic buffer uses 4 channels per SM
Elastic buffer uses 4 channels per SM
Elastic buffer uses 4 channels per SM
Elastic buffer uses 4 channels per SM
Elastic buffer uses 4 channels per SM
Elastic buffer uses 4 channels per SM
Elastic buffer uses 4 channels per SM
CPU side received count (scaleup: 3): -7429 -7355 -7539 -7439 -7509 -7390 -7301 -7394 # -8193 -8321 -8321 -8449 -7937 -8193 -832CPU side received count (scaleup: 1): -7360 -7379 -7313 -7431 -7465 -7391 -7355 -7390 # -8193 -8065 -8193 -8193 -8193 -8193 -806CPU side received count (scaleup: 0): -7334 -7401 -7457 -7344 -7407 -7428 -7487 -7503 # -8321 -8065 -8321 -8321 -8321 -8321 -819CPU side received count (scaleup: 2): -7252 -7330 -7314 -7417 -7322 -7540 -7344 -7440 # -8065 -8065 -8449 -8193 -8321 -8193 -8061 -8321 
5 -8321 
3 -8065 
CPU side received count (scaleup: 7): -7465 -7476 -7412 -7494 -7408 -7513 -7461 -7568 # -8321 -8193 -8449 -8449 -8321 -8193 -832CPU side received count (scaleup: 6): -7202 -7388 -7412 -7456 -7423 -7467 -7440 -7486 # -8193 -8193 -8193 -8321 -8193 -8193 -8195 -8065 
CPU side received count (scaleup: 5): -7424 -7285 -7387 -7403 -7565 -7376 -7487 -7415 # -8321 -8321 -8193 -8193 -8193 -8193 -819CPU side received count (scaleup: 4): -7363 -7348 -7403 -7370 -7356 -7475 -7458 -7440 # -8193 -8193 -8193 -8193 -8321 -8321 -8321 -8193 
3 -8193 
3 -8193 
1 -8193 
Elastic buffer uses 4 channels per SM
Elastic buffer uses 4 channels per SM
Elastic buffer uses 4 channels per SM
Elastic buffer uses 4 channels per SM
Elastic buffer uses 4 channels per SM
Elastic buffer uses 4 channels per SM
Elastic buffer uses 4 channels per SM
Elastic buffer uses 4 channels per SM
CPU side received count (scaleup: 4): -7363 -7348 -7403 -7370 -7356 -7475 -7458 -7440 # -8193 -8193 -8193 -8193 -8321 -8321 -832CPU side received count (scaleup: 7): -7465 -7476 -7412 -7494 -7408 -7513 -7461 -7568 # -8321 -8193 -8449 -8449 -8321 -8193 -832CPU side received count (scaleup: 6): -7202 -7388 -7412 -7456 -7423 -7467 -7440 -7486 # -8193 -8193 -8193 -8321 -8193 -8193 -8191 -8193 
1 -8193 
3 -8193 
CPU side received count (scaleup: 3): -7429 -7355 -7539 -7439 -7509 -7390 -7301 -7394 # -8193 -8321 -8321 -8449 -7937 -8193 -832CPU side received count (scaleup: 1): -7360 -7379 -7313 -7431 -7465 -7391 -7355 -7390 # -8193 -8065 -8193 -8193 -8193 -8193 -806CPU side received count (scaleup: 0): -7334 -7401 -7457 -7344 -7407 -7428 -7487 -7503 # -8321 -8065 -8321 -8321 -8321 -8321 -8191 -8321 
CPU side received count (scaleup: 5): -7424 -7285 -7387 -7403 -7565 -7376 -7487 -7415 # -8321 -8321 -8193 -8193 -8193 -8193 -8195 -8321 
CPU side received count (scaleup: 2): -7252 -7330 -7314 -7417 -7322 -7540 -7344 -7440 # -8065 -8065 -8449 -8193 -8321 -8193 -8063 -8065 
3 -8193 
5 -8065 
Elastic buffer uses 4 channels per SM
Elastic buffer uses 4 channels per SM
Elastic buffer uses 4 channels per SM
Elastic buffer uses 4 channels per SM
Elastic buffer uses 4 channels per SM
Elastic buffer uses 4 channels per SM
Elastic buffer uses 4 channels per SM
Elastic buffer uses 4 channels per SM
CPU side received count (scaleup: 4): -7363 -7348 -7403 -7370 -7356 -7475 -7458 -7440 # -8193 -8193 -8193 -8193 -8321 -8321 -832CPU side received count (scaleup: 5): -7424 -7285 -7387 -7403 -7565 -7376 -7487 -7415 # -8321 -8321 -8193 -8193 -8193 -8193 -819CPU side received count (scaleup: 6): -7202 -7388 -7412 -7456 -7423 -7467 -7440 -7486 # -8193 -8193 -8193 -8321 -8193 -8193 -819CPU side received count (scaleup: 7): -7465 -7476 -7412 -7494 -7408 -7513 -7461 -7568 # -8321 -8193 -8449 -8449 -8321 -8193 -832CPU side received count (scaleup: 0): -7334 -7401 -7457 -7344 -7407 -7428 -7487 -7503 # -8321 -8065 -8321 -8321 -8321 -8321 -8191 -8193 
3 -8193 
CPU side received count (scaleup: 1): -7360 -7379 -7313 -7431 -7465 -7391 -7355 -7390 # -8193 -8065 -8193 -8193 -8193 -8193 -8063 -8193 
1 -8193 
3 -8065 
CPU side received count (scaleup: 3): -7429 -7355 -7539 -7439 -7509 -7390 -7301 -7394 # -8193 -8321 -8321 -8449 -7937 -8193 -8325 -8321 
CPU side received count (scaleup: 2): -7252 -7330 -7314 -7417 -7322 -7540 -7344 -7440 # -8065 -8065 -8449 -8193 -8321 -8193 -8061 -8321 
5 -8065 
Elastic buffer uses 4 channels per SM
Elastic buffer uses 4 channels per SM
Elastic buffer uses 4 channels per SM
Elastic buffer uses 4 channels per SM
Elastic buffer uses 4 channels per SM
Elastic buffer uses 4 channels per SM
Elastic buffer uses 4 channels per SM
Elastic buffer uses 4 channels per SM
CPU side received count (scaleup: 3): -7429 -7355 -7539 -7439 -7509 -7390 -7301 -7394 # -8193 -8321 -8321 -8449 -7937 -8193 -832CPU side received count (scaleup: 1): -7360 -7379 -7313 -7431 -7465 -7391 -7355 -7390 # -8193 -8065 -8193 -8193 -8193 -8193 -806CPU side received count (scaleup: 0): -7334 -7401 -7457 -7344 -7407 -7428 -7487 -7503 # -8321 -8065 -8321 -8321 -8321 -8321 -819CPU side received count (scaleup: 2): -7252 -7330 -7314 -7417 -7322 -7540 -7344 -7440 # -8065 -8065 -8449 -8193 -8321 -8193 -8061 -8321 
5 -8321 
3 -8065 
CPU side received count (scaleup: 4): -7363 -7348 -7403 -7370 -7356 -7475 -7458 -7440 # -8193 -8193 -8193 -8193 -8321 -8321 -832CPU side received count (scaleup: 7): -7465 -7476 -7412 -7494 -7408 -7513 -7461 -7568 # -8321 -8193 -8449 -8449 -8321 -8193 -832CPU side received count (scaleup: 5): -7424 -7285 -7387 -7403 -7565 -7376 -7487 -7415 # -8321 -8321 -8193 -8193 -8193 -8193 -8195 -8065 
CPU side received count (scaleup: 6): -7202 -7388 -7412 -7456 -7423 -7467 -7440 -7486 # -8193 -8193 -8193 -8321 -8193 -8193 -8191 -8193 
3 -8193 
1 -8193 
3 -8193 
Elastic buffer uses 4 channels per SM
Elastic buffer uses 4 channels per SM
Elastic buffer uses 4 channels per SM
Elastic buffer uses 4 channels per SM
Elastic buffer uses 4 channels per SM
Elastic buffer uses 4 channels per SM
Elastic buffer uses 4 channels per SM
Elastic buffer uses 4 channels per SM
CPU side received count (scaleup: 3): -7429 -7355 -7539 -7439 -7509 -7390 -7301 -7394 # -8193 -8321 -8321 -8449 -7937 -8193 -832CPU side received count (scaleup: 1): -7360 -7379 -7313 -7431 -7465 -7391 -7355 -7390 # -8193 -8065 -8193 -8193 -8193 -8193 -806CPU side received count (scaleup: 0): -7334 -7401 -7457 -7344 -7407 -7428 -7487 -7503 # -8321 -8065 -8321 -8321 -8321 -8321 -8195 -8321 
CPU side received count (scaleup: 2): -7252 -7330 -7314 -7417 -7322 -7540 -7344 -7440 # -8065 -8065 -8449 -8193 -8321 -8193 -8061 -8321 
3 -8065 
5 -8065 
CPU side received count (scaleup: 4): -7363 -7348 -7403 -7370 -7356 -7475 -7458 -7440 # -8193 -8193 -8193 -8193 -8321 -8321 -832CPU side received count (scaleup: 7): -7465 -7476 -7412 -7494 -7408 -7513 -7461 -7568 # -8321 -8193 -8449 -8449 -8321 -8193 -832CPU side received count (scaleup: 5): -7424 -7285 -7387 -7403 -7565 -7376 -7487 -7415 # -8321 -8321 -8193 -8193 -8193 -8193 -8191 -8193 
CPU side received count (scaleup: 6): -7202 -7388 -7412 -7456 -7423 -7467 -7440 -7486 # -8193 -8193 -8193 -8321 -8193 -8193 -8193 -8193 
1 -8193 
3 -8193 
Elastic buffer uses 4 channels per SM
Elastic buffer uses 4 channels per SM
Elastic buffer uses 4 channels per SM
Elastic buffer uses 4 channels per SM
Elastic buffer uses 4 channels per SM
Elastic buffer uses 4 channels per SM
Elastic buffer uses 4 channels per SM
Elastic buffer uses 4 channels per SM
CPU side received count (scaleup: 5): -7424 -7285 -7387 -7403 -7565 -7376 -7487 -7415 # -8321 -8321 -8193 -8193 -8193 -8193 -819CPU side received count (scaleup: 7): -7465 -7476 -7412 -7494 -7408 -7513 -7461 -7568 # -8321 -8193 -8449 -8449 -8321 -8193 -832CPU side received count (scaleup: 4): -7363 -7348 -7403 -7370 -7356 -7475 -7458 -7440 # -8193 -8193 -8193 -8193 -8321 -8321 -832CPU side received count (scaleup: 6): -7202 -7388 -7412 -7456 -7423 -7467 -7440 -7486 # -8193 -8193 -8193 -8321 -8193 -8193 -8193 -8193 
1 -8193 
1 -8193 
3 -8193 
CPU side received count (scaleup: 2): -7252 -7330 -7314 -7417 -7322 -7540 -7344 -7440 # -8065 -8065 -8449 -8193 -8321 -8193 -806CPU side received count (scaleup: 0): -7334 -7401 -7457 -7344 -7407 -7428 -7487 -7503 # -8321 -8065 -8321 -8321 -8321 -8321 -819CPU side received count (scaleup: 1): -7360 -7379 -7313 -7431 -7465 -7391 -7355 -7390 # -8193 -8065 -8193 -8193 -8193 -8193 -8065 -8065 
CPU side received count (scaleup: 3): -7429 -7355 -7539 -7439 -7509 -7390 -7301 -7394 # -8193 -8321 -8321 -8449 -7937 -8193 -8323 -8065 
5 -8321 
1 -8321 
Elastic buffer uses 4 channels per SM
Elastic buffer uses 4 channels per SM
Elastic buffer uses 4 channels per SM
Elastic buffer uses 4 channels per SM
Elastic buffer uses 4 channels per SM
Elastic buffer uses 4 channels per SM
Elastic buffer uses 4 channels per SM
Elastic buffer uses 4 channels per SM
CPU side received count (scaleup: 5): -7424 -7285 -7387 -7403 -7565 -7376 -7487 -7415 # -8321 -8321 -8193 -8193 -8193 -8193 -819CPU side received count (scaleup: 7): -7465 -7476 -7412 -7494 -7408 -7513 -7461 -7568 # -8321 -8193 -8449 -8449 -8321 -8193 -832CPU side received count (scaleup: 6): -7202 -7388 -7412 -7456 -7423 -7467 -7440 -7486 # -8193 -8193 -8193 -8321 -8193 -8193 -8193 -8193 
1 -8193 
3 -8193 
CPU side received count (scaleup: 3): -7429 -7355 -7539 -7439 -7509 -7390 -7301 -7394 # -8193 -8321 -8321 -8449 -7937 -8193 -832CPU side received count (scaleup: 4): -7363 -7348 -7403 -7370 -7356 -7475 -7458 -7440 # -8193 -8193 -8193 -8193 -8321 -8321 -832CPU side received count (scaleup: 2): -7252 -7330 -7314 -7417 -7322 -7540 -7344 -7440 # -8065 -8065 -8449 -8193 -8321 -8193 -8061 -8321 
CPU side received count (scaleup: 0): -7334 -7401 -7457 -7344 -7407 -7428 -7487 -7503 # -8321 -8065 -8321 -8321 -8321 -8321 -819CPU side received count (scaleup: 1): -7360 -7379 -7313 -7431 -7465 -7391 -7355 -7390 # -8193 -8065 -8193 -8193 -8193 -8193 -8065 -8065 
1 -8193 
3 -8065 
5 -8321 
USDT:2026-08-25 02:54:36 436:436 SyncActivityProfilerHandler.cpp:59] profiler_stop
USDT:2026-08-25 02:54:36 437:437 SyncActivityProfilerHandler.cpp:59] profiler_stopUSDT:2026-08-25 02:54:36 434:434 SyncActivityProfilerHandler.cpp:59] profiler_stopUSDT:2026-08-25 02:54:36 439:439 SyncActivityProfilerHandler.cpp:59] profiler_stop

USDT:2026-08-25 02:54:36 438:438 SyncActivityProfilerHandler.cpp:59] profiler_stop

USDT:2026-08-25 02:54:36 435:435 SyncActivityProfilerHandler.cpp:59] profiler_stopUSDT:2026-08-25 02:54:36 440:440 SyncActivityProfilerHandler.cpp:59] profiler_stop
USDT:2026-08-25 02:54:36 433:433 SyncActivityProfilerHandler.cpp:59] profiler_stop

   * EP:   7/32 | dispatch: 51 GB/s (SO), 103 GB/s (SU), 4339.000 us, 447700032 bytes | copy: 2304 GB/s, 388.583 us
   * EP:   3/32 | dispatch: 51 GB/s (SO), 102 GB/s (SU), 4339.000 us, 444397824 bytes | copy: 2261 GB/s, 393.087 us   * EP:   2/32 | dispatch: 51 GB/s (SO), 102 GB/s (SU), 4339.000 us, 441425088 bytes | copy: 2314 GB/s, 381.579 us

   * EP:   5/32 | dispatch: 51 GB/s (SO), 102 GB/s (SU), 4339.000 us, 444292992 bytes | copy: 2371 GB/s, 374.734 us
   * EP:   4/32 | dispatch: 51 GB/s (SO), 102 GB/s (SU), 4339.000 us, 443327040 bytes | copy: 2244 GB/s, 395.120 us
   * EP:   1/32 | dispatch: 51 GB/s (SO), 102 GB/s (SU), 4339.000 us, 442361088 bytes | copy: 2180 GB/s, 405.870 us
   * EP:   0/32 | dispatch: 51 GB/s (SO), 102 GB/s (SU), 4339.000 us, 444435264 bytes | copy: 2185 GB/s, 406.743 us
   * EP:   6/32 | dispatch: 51 GB/s (SO), 102 GB/s (SU), 4339.000 us, 443783808 bytes | copy: 2351 GB/s, 377.608 us
Elastic buffer uses 4 channels per SM
Elastic buffer uses 4 channels per SM
Elastic buffer uses 4 channels per SM
Elastic buffer uses 4 channels per SM
Elastic buffer uses 4 channels per SM
Elastic buffer uses 4 channels per SM
Elastic buffer uses 4 channels per SM
Elastic buffer uses 4 channels per SM
CPU side received count (scaleup: 3): -7429 -7355 -7539 -7439 -7509 -7390 -7301 -7394 # -8193 -8321 -8321 -8449 -7937 -8193 -832CPU side received count (scaleup: 0): -7334 -7401 -7457 -7344 -7407 -7428 -7487 -7503 # -8321 -8065 -8321 -8321 -8321 -8321 -819CPU side received count (scaleup: 1): -7360 -7379 -7313 -7431 -7465 -7391 -7355 -7390 # -8193 -8065 -8193 -8193 -8193 -8193 -8061 -8321 
CPU side received count (scaleup: 2): -7252 -7330 -7314 -7417 -7322 -7540 -7344 -7440 # -8065 -8065 -8449 -8193 -8321 -8193 -806CPU side received count (scaleup: 4): -7363 -7348 -7403 -7370 -7356 -7475 -7458 -7440 # -8193 -8193 -8193 -8193 -8321 -8321 -832CPU side received count (scaleup: 6): -7202 -7388 -7412 -7456 -7423 -7467 -7440 -7486 # -8193 -8193 -8193 -8321 -8193 -8193 -819CPU side received count (scaleup: 5): -7424 -7285 -7387 -7403 -7565 -7376 -7487 -7415 # -8321 -8321 -8193 -8193 -8193 -8193 -8195 -8065 
1 -8193 
3 -8193 
3 -8193 
3 -8065 
5 -8321 
CPU side received count (scaleup: 7): -7465 -7476 -7412 -7494 -7408 -7513 -7461 -7568 # -8321 -8193 -8449 -8449 -8321 -8193 -8321 -8193 
Elastic buffer uses 4 channels per SM
Elastic buffer uses 4 channels per SM
Elastic buffer uses 4 channels per SM
Elastic buffer uses 4 channels per SM
Elastic buffer uses 4 channels per SM
Elastic buffer uses 4 channels per SM
Elastic buffer uses 4 channels per SM
Elastic buffer uses 4 channels per SM
CPU side received count (scaleup: 4): -7363 -7348 -7403 -7370 -7356 -7475 -7458 -7440 # -8193 -8193 -8193 -8193 -8321 -8321 -832CPU side received count (scaleup: 7): -7465 -7476 -7412 -7494 -7408 -7513 -7461 -7568 # -8321 -8193 -8449 -8449 -8321 -8193 -832CPU side received count (scaleup: 5): -7424 -7285 -7387 -7403 -7565 -7376 -7487 -7415 # -8321 -8321 -8193 -8193 -8193 -8193 -819CPU side received count (scaleup: 6): -7202 -7388 -7412 -7456 -7423 -7467 -7440 -7486 # -8193 -8193 -8193 -8321 -8193 -8193 -8191 -8193 
1 -8193 
3 -8193 
3 -8193 
CPU side received count (scaleup: 3): -7429 -7355 -7539 -7439 -7509 -7390 -7301 -7394 # -8193 -8321 -8321 -8449 -7937 -8193 -832CPU side received count (scaleup: 1): -7360 -7379 -7313 -7431 -7465 -7391 -7355 -7390 # -8193 -8065 -8193 -8193 -8193 -8193 -806CPU side received count (scaleup: 2): -7252 -7330 -7314 -7417 -7322 -7540 -7344 -7440 # -8065 -8065 -8449 -8193 -8321 -8193 -8061 -8321 
CPU side received count (scaleup: 0): -7334 -7401 -7457 -7344 -7407 -7428 -7487 -7503 # -8321 -8065 -8321 -8321 -8321 -8321 -8195 -8065 
5 -8321 
3 -8065 
Elastic buffer uses 4 channels per SM
Elastic buffer uses 4 channels per SM
Elastic buffer uses 4 channels per SM
Elastic buffer uses 4 channels per SM
Elastic buffer uses 4 channels per SM
Elastic buffer uses 4 channels per SM
Elastic buffer uses 4 channels per SM
Elastic buffer uses 4 channels per SM
CPU side received count (scaleup: 4): -7363 -7348 -7403 -7370 -7356 -7475 -7458 -7440 # -8193 -8193 -8193 -8193 -8321 -8321 -832CPU side received count (scaleup: 6): -7202 -7388 -7412 -7456 -7423 -7467 -7440 -7486 # -8193 -8193 -8193 -8321 -8193 -8193 -819CPU side received count (scaleup: 7): -7465 -7476 -7412 -7494 -7408 -7513 -7461 -7568 # -8321 -8193 -8449 -8449 -8321 -8193 -832CPU side received count (scaleup: 5): -7424 -7285 -7387 -7403 -7565 -7376 -7487 -7415 # -8321 -8321 -8193 -8193 -8193 -8193 -8191 -8193 
1 -8193 
3 -8193 
3 -8193 
CPU side received count (scaleup: 3): -7429 -7355 -7539 -7439 -7509 -7390 -7301 -7394 # -8193 -8321 -8321 -8449 -7937 -8193 -832CPU side received count (scaleup: 1): -7360 -7379 -7313 -7431 -7465 -7391 -7355 -7390 # -8193 -8065 -8193 -8193 -8193 -8193 -806CPU side received count (scaleup: 0): -7334 -7401 -7457 -7344 -7407 -7428 -7487 -7503 # -8321 -8065 -8321 -8321 -8321 -8321 -819CPU side received count (scaleup: 2): -7252 -7330 -7314 -7417 -7322 -7540 -7344 -7440 # -8065 -8065 -8449 -8193 -8321 -8193 -8065 -8321 
5 -8065 
1 -8321 
3 -8065 
Elastic buffer uses 4 channels per SM
Elastic buffer uses 4 channels per SM
Elastic buffer uses 4 channels per SM
Elastic buffer uses 4 channels per SM
Elastic buffer uses 4 channels per SM
Elastic buffer uses 4 channels per SM
Elastic buffer uses 4 channels per SM
Elastic buffer uses 4 channels per SM
CPU side received count (scaleup: 3): -7429 -7355 -7539 -7439 -7509 -7390 -7301 -7394 # -8193 -8321 -8321 -8449 -7937 -8193 -832CPU side received count (scaleup: 1): -7360 -7379 -7313 -7431 -7465 -7391 -7355 -7390 # -8193 -8065 -8193 -8193 -8193 -8193 -806CPU side received count (scaleup: 2): -7252 -7330 -7314 -7417 -7322 -7540 -7344 -7440 # -8065 -8065 -8449 -8193 -8321 -8193 -806CPU side received count (scaleup: 0): -7334 -7401 -7457 -7344 -7407 -7428 -7487 -7503 # -8321 -8065 -8321 -8321 -8321 -8321 -819CPU side received count (scaleup: 4): -7363 -7348 -7403 -7370 -7356 -7475 -7458 -7440 # -8193 -8193 -8193 -8193 -8321 -8321 -832CPU side received count (scaleup: 5): -7424 -7285 -7387 -7403 -7565 -7376 -7487 -7415 # -8321 -8321 -8193 -8193 -8193 -8193 -819CPU side received count (scaleup: 7): -7465 -7476 -7412 -7494 -7408 -7513 -7461 -7568 # -8321 -8193 -8449 -8449 -8321 -8193 -8323 -8065 
1 -8321 
1 -8193 
CPU side received count (scaleup: 6): -7202 -7388 -7412 -7456 -7423 -7467 -7440 -7486 # -8193 -8193 -8193 -8321 -8193 -8193 -8195 -8321 
5 -8065 
3 -8193 
1 -8193 
3 -8193 
Elastic buffer uses 4 channels per SM
Elastic buffer uses 4 channels per SM
Elastic buffer uses 4 channels per SM
Elastic buffer uses 4 channels per SM
Elastic buffer uses 4 channels per SM
Elastic buffer uses 4 channels per SM
Elastic buffer uses 4 channels per SM
Elastic buffer uses 4 channels per SM
CPU side received count (scaleup: 2): -7252 -7330 -7314 -7417 -7322 -7540 -7344 -7440 # -8065 -8065 -8449 -8193 -8321 -8193 -806CPU side received count (scaleup: 3): -7429 -7355 -7539 -7439 -7509 -7390 -7301 -7394 # -8193 -8321 -8321 -8449 -7937 -8193 -832CPU side received count (scaleup: 0): -7334 -7401 -7457 -7344 -7407 -7428 -7487 -7503 # -8321 -8065 -8321 -8321 -8321 -8321 -819CPU side received count (scaleup: 1): -7360 -7379 -7313 -7431 -7465 -7391 -7355 -7390 # -8193 -8065 -8193 -8193 -8193 -8193 -8065 -8065 
CPU side received count (scaleup: 6): -7202 -7388 -7412 -7456 -7423 -7467 -7440 -7486 # -8193 -8193 -8193 -8321 -8193 -8193 -819CPU side received count (scaleup: 4): -7363 -7348 -7403 -7370 -7356 -7475 -7458 -7440 # -8193 -8193 -8193 -8193 -8321 -8321 -8321 -8321 
CPU side received count (scaleup: 5): -7424 -7285 -7387 -7403 -7565 -7376 -7487 -7415 # -8321 -8321 -8193 -8193 -8193 -8193 -819CPU side received count (scaleup: 7): -7465 -7476 -7412 -7494 -7408 -7513 -7461 -7568 # -8321 -8193 -8449 -8449 -8321 -8193 -8323 -8193 
3 -8065 
5 -8321 
1 -8193 
3 -8193 
1 -8193 
Elastic buffer uses 4 channels per SM
Elastic buffer uses 4 channels per SM
Elastic buffer uses 4 channels per SM
Elastic buffer uses 4 channels per SM
Elastic buffer uses 4 channels per SM
Elastic buffer uses 4 channels per SM
Elastic buffer uses 4 channels per SM
Elastic buffer uses 4 channels per SM
CPU side received count (scaleup: 5): -7424 -7285 -7387 -7403 -7565 -7376 -7487 -7415 # -8321 -8321 -8193 -8193 -8193 -8193 -819CPU side received count (scaleup: 6): -7202 -7388 -7412 -7456 -7423 -7467 -7440 -7486 # -8193 -8193 -8193 -8321 -8193 -8193 -819CPU side received count (scaleup: 4): -7363 -7348 -7403 -7370 -7356 -7475 -7458 -7440 # -8193 -8193 -8193 -8193 -8321 -8321 -832CPU side received count (scaleup: 7): -7465 -7476 -7412 -7494 -7408 -7513 -7461 -7568 # -8321 -8193 -8449 -8449 -8321 -8193 -8323 -8193 
3 -8193 
1 -8193 
CPU side received count (scaleup: 2): -7252 -7330 -7314 -7417 -7322 -7540 -7344 -7440 # -8065 -8065 -8449 -8193 -8321 -8193 -806CPU side received count (scaleup: 1): -7360 -7379 -7313 -7431 -7465 -7391 -7355 -7390 # -8193 -8065 -8193 -8193 -8193 -8193 -8061 -8193 
CPU side received count (scaleup: 0): -7334 -7401 -7457 -7344 -7407 -7428 -7487 -7503 # -8321 -8065 -8321 -8321 -8321 -8321 -819CPU side received count (scaleup: 3): -7429 -7355 -7539 -7439 -7509 -7390 -7301 -7394 # -8193 -8321 -8321 -8449 -7937 -8193 -8325 -8065 
5 -8321 
3 -8065 
1 -8321 
Elastic buffer uses 4 channels per SM
Elastic buffer uses 4 channels per SM
Elastic buffer uses 4 channels per SM
Elastic buffer uses 4 channels per SM
Elastic buffer uses 4 channels per SM
Elastic buffer uses 4 channels per SM
Elastic buffer uses 4 channels per SM
Elastic buffer uses 4 channels per SM
CPU side received count (scaleup: 2): -7252 -7330 -7314 -7417 -7322 -7540 -7344 -7440 # -8065 -8065 -8449 -8193 -8321 -8193 -806CPU side received count (scaleup: 3): -7429 -7355 -7539 -7439 -7509 -7390 -7301 -7394 # -8193 -8321 -8321 -8449 -7937 -8193 -832CPU side received count (scaleup: 0): -7334 -7401 -7457 -7344 -7407 -7428 -7487 -7503 # -8321 -8065 -8321 -8321 -8321 -8321 -819CPU side received count (scaleup: 1): -7360 -7379 -7313 -7431 -7465 -7391 -7355 -7390 # -8193 -8065 -8193 -8193 -8193 -8193 -806CPU side received count (scaleup: 4): -7363 -7348 -7403 -7370 -7356 -7475 -7458 -7440 # -8193 -8193 -8193 -8193 -8321 -8321 -8325 -8065 
CPU side received count (scaleup: 5): -7424 -7285 -7387 -7403 -7565 -7376 -7487 -7415 # -8321 -8321 -8193 -8193 -8193 -8193 -819CPU side received count (scaleup: 7): -7465 -7476 -7412 -7494 -7408 -7513 -7461 -7568 # -8321 -8193 -8449 -8449 -8321 -8193 -832CPU side received count (scaleup: 6): -7202 -7388 -7412 -7456 -7423 -7467 -7440 -7486 # -8193 -8193 -8193 -8321 -8193 -8193 -8191 -8321 
5 -8321 
3 -8193 
3 -8065 
1 -8193 
1 -8193 
3 -8193 
Elastic buffer uses 4 channels per SM
Elastic buffer uses 4 channels per SM
Elastic buffer uses 4 channels per SM
Elastic buffer uses 4 channels per SM
Elastic buffer uses 4 channels per SM
Elastic buffer uses 4 channels per SM
Elastic buffer uses 4 channels per SM
Elastic buffer uses 4 channels per SM
CPU side received count (scaleup: 5): -7424 -7285 -7387 -7403 -7565 -7376 -7487 -7415 # -8321 -8321 -8193 -8193 -8193 -8193 -819CPU side received count (scaleup: 4): -7363 -7348 -7403 -7370 -7356 -7475 -7458 -7440 # -8193 -8193 -8193 -8193 -8321 -8321 -832CPU side received count (scaleup: 7): -7465 -7476 -7412 -7494 -7408 -7513 -7461 -7568 # -8321 -8193 -8449 -8449 -8321 -8193 -832CPU side received count (scaleup: 2): -7252 -7330 -7314 -7417 -7322 -7540 -7344 -7440 # -8065 -8065 -8449 -8193 -8321 -8193 -806CPU side received count (scaleup: 0): -7334 -7401 -7457 -7344 -7407 -7428 -7487 -7503 # -8321 -8065 -8321 -8321 -8321 -8321 -8191 -8193 
CPU side received count (scaleup: 6): -7202 -7388 -7412 -7456 -7423 -7467 -7440 -7486 # -8193 -8193 -8193 -8321 -8193 -8193 -819CPU side received count (scaleup: 3): -7429 -7355 -7539 -7439 -7509 -7390 -7301 -7394 # -8193 -8321 -8321 -8449 -7937 -8193 -832CPU side received count (scaleup: 1): -7360 -7379 -7313 -7431 -7465 -7391 -7355 -7390 # -8193 -8065 -8193 -8193 -8193 -8193 -8063 -8065 
3 -8193 
1 -8321 
1 -8193 
5 -8065 
3 -8193 
5 -8321 
Elastic buffer uses 4 channels per SM
Elastic buffer uses 4 channels per SM
Elastic buffer uses 4 channels per SM
Elastic buffer uses 4 channels per SM
Elastic buffer uses 4 channels per SM
Elastic buffer uses 4 channels per SM
Elastic buffer uses 4 channels per SM
Elastic buffer uses 4 channels per SM
CPU side received count (scaleup: 3): -7429 -7355 -7539 -7439 -7509 -7390 -7301 -7394 # -8193 -8321 -8321 -8449 -7937 -8193 -832CPU side received count (scaleup: 1): -7360 -7379 -7313 -7431 -7465 -7391 -7355 -7390 # -8193 -8065 -8193 -8193 -8193 -8193 -806CPU side received count (scaleup: 2): -7252 -7330 -7314 -7417 -7322 -7540 -7344 -7440 # -8065 -8065 -8449 -8193 -8321 -8193 -806CPU side received count (scaleup: 0): -7334 -7401 -7457 -7344 -7407 -7428 -7487 -7503 # -8321 -8065 -8321 -8321 -8321 -8321 -819CPU side received count (scaleup: 5): -7424 -7285 -7387 -7403 -7565 -7376 -7487 -7415 # -8321 -8321 -8193 -8193 -8193 -8193 -819CPU side received count (scaleup: 7): -7465 -7476 -7412 -7494 -7408 -7513 -7461 -7568 # -8321 -8193 -8449 -8449 -8321 -8193 -8321 -8321 
1 -8193 
5 -8321 
CPU side received count (scaleup: 6): -7202 -7388 -7412 -7456 -7423 -7467 -7440 -7486 # -8193 -8193 -8193 -8321 -8193 -8193 -8195 -8065 
CPU side received count (scaleup: 4): -7363 -7348 -7403 -7370 -7356 -7475 -7458 -7440 # -8193 -8193 -8193 -8193 -8321 -8321 -8323 -8065 
3 -8193 
3 -8193 
1 -8193 
Elastic buffer uses 4 channels per SM
Elastic buffer uses 4 channels per SM
Elastic buffer uses 4 channels per SM
Elastic buffer uses 4 channels per SM
Elastic buffer uses 4 channels per SM
Elastic buffer uses 4 channels per SM
Elastic buffer uses 4 channels per SM
Elastic buffer uses 4 channels per SM
CPU side received count (scaleup: 4): -7363 -7348 -7403 -7370 -7356 -7475 -7458 -7440 # -8193 -8193 -8193 -8193 -8321 -8321 -832CPU side received count (scaleup: 7): -7465 -7476 -7412 -7494 -7408 -7513 -7461 -7568 # -8321 -8193 -8449 -8449 -8321 -8193 -832CPU side received count (scaleup: 6): -7202 -7388 -7412 -7456 -7423 -7467 -7440 -7486 # -8193 -8193 -8193 -8321 -8193 -8193 -819CPU side received count (scaleup: 5): -7424 -7285 -7387 -7403 -7565 -7376 -7487 -7415 # -8321 -8321 -8193 -8193 -8193 -8193 -819CPU side received count (scaleup: 0): -7334 -7401 -7457 -7344 -7407 -7428 -7487 -7503 # -8321 -8065 -8321 -8321 -8321 -8321 -8191 -8193 
CPU side received count (scaleup: 3): -7429 -7355 -7539 -7439 -7509 -7390 -7301 -7394 # -8193 -8321 -8321 -8449 -7937 -8193 -8321 -8193 
CPU side received count (scaleup: 1): -7360 -7379 -7313 -7431 -7465 -7391 -7355 -7390 # -8193 -8065 -8193 -8193 -8193 -8193 -806CPU side received count (scaleup: 2): -7252 -7330 -7314 -7417 -7322 -7540 -7344 -7440 # -8065 -8065 -8449 -8193 -8321 -8193 -8063 -8193 
3 -8193 
3 -8065 
1 -8321 
5 -8321 
5 -8065 
Elastic buffer uses 4 channels per SM
Elastic buffer uses 4 channels per SM
Elastic buffer uses 4 channels per SM
Elastic buffer uses 4 channels per SM
Elastic buffer uses 4 channels per SM
Elastic buffer uses 4 channels per SM
Elastic buffer uses 4 channels per SM
Elastic buffer uses 4 channels per SM
CPU side received count (scaleup: 7): -7465 -7476 -7412 -7494 -7408 -7513 -7461 -7568 # -8321 -8193 -8449 -8449 -8321 -8193 -832CPU side received count (scaleup: 4): -7363 -7348 -7403 -7370 -7356 -7475 -7458 -7440 # -8193 -8193 -8193 -8193 -8321 -8321 -832CPU side received count (scaleup: 6): -7202 -7388 -7412 -7456 -7423 -7467 -7440 -7486 # -8193 -8193 -8193 -8321 -8193 -8193 -8191 -8193 
1 -8193 
3 -8193 
CPU side received count (scaleup: 3): -7429 -7355 -7539 -7439 -7509 -7390 -7301 -7394 # -8193 -8321 -8321 -8449 -7937 -8193 -832CPU side received count (scaleup: 1): -7360 -7379 -7313 -7431 -7465 -7391 -7355 -7390 # -8193 -8065 -8193 -8193 -8193 -8193 -806CPU side received count (scaleup: 2): -7252 -7330 -7314 -7417 -7322 -7540 -7344 -7440 # -8065 -8065 -8449 -8193 -8321 -8193 -8065 -8321 
CPU side received count (scaleup: 5): -7424 -7285 -7387 -7403 -7565 -7376 -7487 -7415 # -8321 -8321 -8193 -8193 -8193 -8193 -819CPU side received count (scaleup: 0): -7334 -7401 -7457 -7344 -7407 -7428 -7487 -7503 # -8321 -8065 -8321 -8321 -8321 -8321 -8191 -8321 
5 -8065 
3 -8193 
3 -8065 
Elastic buffer uses 4 channels per SM
Elastic buffer uses 4 channels per SM
Elastic buffer uses 4 channels per SM
Elastic buffer uses 4 channels per SM
Elastic buffer uses 4 channels per SM
Elastic buffer uses 4 channels per SM
Elastic buffer uses 4 channels per SM
Elastic buffer uses 4 channels per SM
CPU side received count (scaleup: 4): -7363 -7348 -7403 -7370 -7356 -7475 -7458 -7440 # -8193 -8193 -8193 -8193 -8321 -8321 -832CPU side received count (scaleup: 6): -7202 -7388 -7412 -7456 -7423 -7467 -7440 -7486 # -8193 -8193 -8193 -8321 -8193 -8193 -819CPU side received count (scaleup: 7): -7465 -7476 -7412 -7494 -7408 -7513 -7461 -7568 # -8321 -8193 -8449 -8449 -8321 -8193 -832CPU side received count (scaleup: 5): -7424 -7285 -7387 -7403 -7565 -7376 -7487 -7415 # -8321 -8321 -8193 -8193 -8193 -8193 -8191 -8193 
3 -8193 
1 -8193 
3 -8193 
CPU side received count (scaleup: 1): -7360 -7379 -7313 -7431 -7465 -7391 -7355 -7390 # -8193 -8065 -8193 -8193 -8193 -8193 -806CPU side received count (scaleup: 3): -7429 -7355 -7539 -7439 -7509 -7390 -7301 -7394 # -8193 -8321 -8321 -8449 -7937 -8193 -8325 -8321 
CPU side received count (scaleup: 2): -7252 -7330 -7314 -7417 -7322 -7540 -7344 -7440 # -8065 -8065 -8449 -8193 -8321 -8193 -806CPU side received count (scaleup: 0): -7334 -7401 -7457 -7344 -7407 -7428 -7487 -7503 # -8321 -8065 -8321 -8321 -8321 -8321 -8191 -8321 
5 -8065 
3 -8065 
Elastic buffer uses 4 channels per SM
Elastic buffer uses 4 channels per SM
Elastic buffer uses 4 channels per SM
Elastic buffer uses 4 channels per SM
Elastic buffer uses 4 channels per SM
Elastic buffer uses 4 channels per SM
Elastic buffer uses 4 channels per SM
Elastic buffer uses 4 channels per SM
CPU side received count (scaleup: 4): -7363 -7348 -7403 -7370 -7356 -7475 -7458 -7440 # -8193 -8193 -8193 -8193 -8321 -8321 -832CPU side received count (scaleup: 7): -7465 -7476 -7412 -7494 -7408 -7513 -7461 -7568 # -8321 -8193 -8449 -8449 -8321 -8193 -832CPU side received count (scaleup: 5): -7424 -7285 -7387 -7403 -7565 -7376 -7487 -7415 # -8321 -8321 -8193 -8193 -8193 -8193 -819CPU side received count (scaleup: 6): -7202 -7388 -7412 -7456 -7423 -7467 -7440 -7486 # -8193 -8193 -8193 -8321 -8193 -8193 -8191 -8193 
1 -8193 
3 -8193 
CPU side received count (scaleup: 1): -7360 -7379 -7313 -7431 -7465 -7391 -7355 -7390 # -8193 -8065 -8193 -8193 -8193 -8193 -8063 -8193 
CPU side received count (scaleup: 2): -7252 -7330 -7314 -7417 -7322 -7540 -7344 -7440 # -8065 -8065 -8449 -8193 -8321 -8193 -806CPU side received count (scaleup: 3): -7429 -7355 -7539 -7439 -7509 -7390 -7301 -7394 # -8193 -8321 -8321 -8449 -7937 -8193 -832CPU side received count (scaleup: 0): -7334 -7401 -7457 -7344 -7407 -7428 -7487 -7503 # -8321 -8065 -8321 -8321 -8321 -8321 -8195 -8321 
5 -8065 
1 -8321 
3 -8065 
Elastic buffer uses 4 channels per SM
Elastic buffer uses 4 channels per SM
Elastic buffer uses 4 channels per SM
Elastic buffer uses 4 channels per SM
Elastic buffer uses 4 channels per SM
Elastic buffer uses 4 channels per SM
Elastic buffer uses 4 channels per SM
Elastic buffer uses 4 channels per SM
CPU side received count (scaleup: 6): -7202 -7388 -7412 -7456 -7423 -7467 -7440 -7486 # -8193 -8193 -8193 -8321 -8193 -8193 -819CPU side received count (scaleup: 5): -7424 -7285 -7387 -7403 -7565 -7376 -7487 -7415 # -8321 -8321 -8193 -8193 -8193 -8193 -819CPU side received count (scaleup: 7): -7465 -7476 -7412 -7494 -7408 -7513 -7461 -7568 # -8321 -8193 -8449 -8449 -8321 -8193 -832CPU side received count (scaleup: 4): -7363 -7348 -7403 -7370 -7356 -7475 -7458 -7440 # -8193 -8193 -8193 -8193 -8321 -8321 -8323 -8193 
3 -8193 
1 -8193 
CPU side received count (scaleup: 2): -7252 -7330 -7314 -7417 -7322 -7540 -7344 -7440 # -8065 -8065 -8449 -8193 -8321 -8193 -806CPU side received count (scaleup: 3): -7429 -7355 -7539 -7439 -7509 -7390 -7301 -7394 # -8193 -8321 -8321 -8449 -7937 -8193 -832CPU side received count (scaleup: 1): -7360 -7379 -7313 -7431 -7465 -7391 -7355 -7390 # -8193 -8065 -8193 -8193 -8193 -8193 -8061 -8193 
CPU side received count (scaleup: 0): -7334 -7401 -7457 -7344 -7407 -7428 -7487 -7503 # -8321 -8065 -8321 -8321 -8321 -8321 -8195 -8065 
1 -8321 
5 -8321 
3 -8065 
Elastic buffer uses 4 channels per SM
Elastic buffer uses 4 channels per SM
Elastic buffer uses 4 channels per SM
Elastic buffer uses 4 channels per SM
Elastic buffer uses 4 channels per SM
Elastic buffer uses 4 channels per SM
Elastic buffer uses 4 channels per SM
Elastic buffer uses 4 channels per SM
CPU side received count (scaleup: 3): -7429 -7355 -7539 -7439 -7509 -7390 -7301 -7394 # -8193 -8321 -8321 -8449 -7937 -8193 -832CPU side received count (scaleup: 0): -7334 -7401 -7457 -7344 -7407 -7428 -7487 -7503 # -8321 -8065 -8321 -8321 -8321 -8321 -819CPU side received count (scaleup: 1): -7360 -7379 -7313 -7431 -7465 -7391 -7355 -7390 # -8193 -8065 -8193 -8193 -8193 -8193 -806CPU side received count (scaleup: 2): -7252 -7330 -7314 -7417 -7322 -7540 -7344 -7440 # -8065 -8065 -8449 -8193 -8321 -8193 -8061 -8321 
3 -8065 
5 -8321 
CPU side received count (scaleup: 7): -7465 -7476 -7412 -7494 -7408 -7513 -7461 -7568 # -8321 -8193 -8449 -8449 -8321 -8193 -832CPU side received count (scaleup: 5): -7424 -7285 -7387 -7403 -7565 -7376 -7487 -7415 # -8321 -8321 -8193 -8193 -8193 -8193 -819CPU side received count (scaleup: 6): -7202 -7388 -7412 -7456 -7423 -7467 -7440 -7486 # -8193 -8193 -8193 -8321 -8193 -8193 -819CPU side received count (scaleup: 4): -7363 -7348 -7403 -7370 -7356 -7475 -7458 -7440 # -8193 -8193 -8193 -8193 -8321 -8321 -8325 -8065 
1 -8193 
3 -8193 
3 -8193 
1 -8193 
Elastic buffer uses 4 channels per SM
Elastic buffer uses 4 channels per SM
Elastic buffer uses 4 channels per SM
Elastic buffer uses 4 channels per SM
Elastic buffer uses 4 channels per SM
Elastic buffer uses 4 channels per SM
Elastic buffer uses 4 channels per SM
Elastic buffer uses 4 channels per SM
CPU side received count (scaleup: 4): -7363 -7348 -7403 -7370 -7356 -7475 -7458 -7440 # -8193 -8193 -8193 -8193 -8321 -8321 -832CPU side received count (scaleup: 5): -7424 -7285 -7387 -7403 -7565 -7376 -7487 -7415 # -8321 -8321 -8193 -8193 -8193 -8193 -819CPU side received count (scaleup: 6): -7202 -7388 -7412 -7456 -7423 -7467 -7440 -7486 # -8193 -8193 -8193 -8321 -8193 -8193 -819CPU side received count (scaleup: 7): -7465 -7476 -7412 -7494 -7408 -7513 -7461 -7568 # -8321 -8193 -8449 -8449 -8321 -8193 -8321 -8193 
3 -8193 
CPU side received count (scaleup: 3): -7429 -7355 -7539 -7439 -7509 -7390 -7301 -7394 # -8193 -8321 -8321 -8449 -7937 -8193 -8323 -8193 
CPU side received count (scaleup: 1): -7360 -7379 -7313 -7431 -7465 -7391 -7355 -7390 # -8193 -8065 -8193 -8193 -8193 -8193 -806CPU side received count (scaleup: 2): -7252 -7330 -7314 -7417 -7322 -7540 -7344 -7440 # -8065 -8065 -8449 -8193 -8321 -8193 -8065 -8321 
1 -8193 
CPU side received count (scaleup: 0): -7334 -7401 -7457 -7344 -7407 -7428 -7487 -7503 # -8321 -8065 -8321 -8321 -8321 -8321 -8191 -8321 
5 -8065 
3 -8065 
Elastic buffer uses 4 channels per SM
Elastic buffer uses 4 channels per SM
Elastic buffer uses 4 channels per SM
Elastic buffer uses 4 channels per SM
Elastic buffer uses 4 channels per SM
Elastic buffer uses 4 channels per SM
Elastic buffer uses 4 channels per SM
Elastic buffer uses 4 channels per SM
CPU side received count (scaleup: 3): -7429 -7355 -7539 -7439 -7509 -7390 -7301 -7394 # -8193 -8321 -8321 -8449 -7937 -8193 -832CPU side received count (scaleup: 1): -7360 -7379 -7313 -7431 -7465 -7391 -7355 -7390 # -8193 -8065 -8193 -8193 -8193 -8193 -806CPU side received count (scaleup: 0): -7334 -7401 -7457 -7344 -7407 -7428 -7487 -7503 # -8321 -8065 -8321 -8321 -8321 -8321 -8191 -8321 
5 -8321 
CPU side received count (scaleup: 6): -7202 -7388 -7412 -7456 -7423 -7467 -7440 -7486 # -8193 -8193 -8193 -8321 -8193 -8193 -819CPU side received count (scaleup: 2): -7252 -7330 -7314 -7417 -7322 -7540 -7344 -7440 # -8065 -8065 -8449 -8193 -8321 -8193 -806CPU side received count (scaleup: 5): -7424 -7285 -7387 -7403 -7565 -7376 -7487 -7415 # -8321 -8321 -8193 -8193 -8193 -8193 -819CPU side received count (scaleup: 7): -7465 -7476 -7412 -7494 -7408 -7513 -7461 -7568 # -8321 -8193 -8449 -8449 -8321 -8193 -832CPU side received count (scaleup: 4): -7363 -7348 -7403 -7370 -7356 -7475 -7458 -7440 # -8193 -8193 -8193 -8193 -8321 -8321 -8323 -8193 
3 -8065 
3 -8193 
5 -8065 
1 -8193 
1 -8193 
Elastic buffer uses 4 channels per SM
Elastic buffer uses 4 channels per SM
Elastic buffer uses 4 channels per SM
Elastic buffer uses 4 channels per SM
Elastic buffer uses 4 channels per SM
Elastic buffer uses 4 channels per SM
Elastic buffer uses 4 channels per SM
Elastic buffer uses 4 channels per SM
CPU side received count (scaleup: 4): -7363 -7348 -7403 -7370 -7356 -7475 -7458 -7440 # -8193 -8193 -8193 -8193 -8321 -8321 -832CPU side received count (scaleup: 6): -7202 -7388 -7412 -7456 -7423 -7467 -7440 -7486 # -8193 -8193 -8193 -8321 -8193 -8193 -819CPU side received count (scaleup: 7): -7465 -7476 -7412 -7494 -7408 -7513 -7461 -7568 # -8321 -8193 -8449 -8449 -8321 -8193 -832CPU side received count (scaleup: 5): -7424 -7285 -7387 -7403 -7565 -7376 -7487 -7415 # -8321 -8321 -8193 -8193 -8193 -8193 -8191 -8193 
3 -8193 
1 -8193 
3 -8193 
CPU side received count (scaleup: 2): -7252 -7330 -7314 -7417 -7322 -7540 -7344 -7440 # -8065 -8065 -8449 -8193 -8321 -8193 -806CPU side received count (scaleup: 3): -7429 -7355 -7539 -7439 -7509 -7390 -7301 -7394 # -8193 -8321 -8321 -8449 -7937 -8193 -832CPU side received count (scaleup: 1): -7360 -7379 -7313 -7431 -7465 -7391 -7355 -7390 # -8193 -8065 -8193 -8193 -8193 -8193 -806CPU side received count (scaleup: 0): -7334 -7401 -7457 -7344 -7407 -7428 -7487 -7503 # -8321 -8065 -8321 -8321 -8321 -8321 -8195 -8065 
1 -8321 
5 -8321 
3 -8065 
Elastic buffer uses 4 channels per SM
Elastic buffer uses 4 channels per SM
Elastic buffer uses 4 channels per SM
Elastic buffer uses 4 channels per SM
Elastic buffer uses 4 channels per SM
Elastic buffer uses 4 channels per SM
Elastic buffer uses 4 channels per SM
Elastic buffer uses 4 channels per SM
CPU side received count (scaleup: 4): -7363 -7348 -7403 -7370 -7356 -7475 -7458 -7440 # -8193 -8193 -8193 -8193 -8321 -8321 -832CPU side received count (scaleup: 7): -7465 -7476 -7412 -7494 -7408 -7513 -7461 -7568 # -8321 -8193 -8449 -8449 -8321 -8193 -832CPU side received count (scaleup: 6): -7202 -7388 -7412 -7456 -7423 -7467 -7440 -7486 # -8193 -8193 -8193 -8321 -8193 -8193 -8191 -8193 
CPU side received count (scaleup: 5): -7424 -7285 -7387 -7403 -7565 -7376 -7487 -7415 # -8321 -8321 -8193 -8193 -8193 -8193 -8191 -8193 
3 -8193 
CPU side received count (scaleup: 1): -7360 -7379 -7313 -7431 -7465 -7391 -7355 -7390 # -8193 -8065 -8193 -8193 -8193 -8193 -8063 -8193 
CPU side received count (scaleup: 2): -7252 -7330 -7314 -7417 -7322 -7540 -7344 -7440 # -8065 -8065 -8449 -8193 -8321 -8193 -806CPU side received count (scaleup: 3): -7429 -7355 -7539 -7439 -7509 -7390 -7301 -7394 # -8193 -8321 -8321 -8449 -7937 -8193 -832CPU side received count (scaleup: 0): -7334 -7401 -7457 -7344 -7407 -7428 -7487 -7503 # -8321 -8065 -8321 -8321 -8321 -8321 -8195 -8321 
5 -8065 
1 -8321 
3 -8065 
Elastic buffer uses 4 channels per SM
Elastic buffer uses 4 channels per SM
Elastic buffer uses 4 channels per SM
Elastic buffer uses 4 channels per SM
Elastic buffer uses 4 channels per SM
Elastic buffer uses 4 channels per SM
Elastic buffer uses 4 channels per SM
Elastic buffer uses 4 channels per SM
CPU side received count (scaleup: 4): -7363 -7348 -7403 -7370 -7356 -7475 -7458 -7440 # -8193 -8193 -8193 -8193 -8321 -8321 -832CPU side received count (scaleup: 5): -7424 -7285 -7387 -7403 -7565 -7376 -7487 -7415 # -8321 -8321 -8193 -8193 -8193 -8193 -819CPU side received count (scaleup: 7): -7465 -7476 -7412 -7494 -7408 -7513 -7461 -7568 # -8321 -8193 -8449 -8449 -8321 -8193 -832CPU side received count (scaleup: 6): -7202 -7388 -7412 -7456 -7423 -7467 -7440 -7486 # -8193 -8193 -8193 -8321 -8193 -8193 -8193 -8193 
1 -8193 
1 -8193 
3 -8193 
CPU side received count (scaleup: 3): -7429 -7355 -7539 -7439 -7509 -7390 -7301 -7394 # -8193 -8321 -8321 -8449 -7937 -8193 -832CPU side received count (scaleup: 1): -7360 -7379 -7313 -7431 -7465 -7391 -7355 -7390 # -8193 -8065 -8193 -8193 -8193 -8193 -806CPU side received count (scaleup: 2): -7252 -7330 -7314 -7417 -7322 -7540 -7344 -7440 # -8065 -8065 -8449 -8193 -8321 -8193 -8061 -8321 
5 -8321 
CPU side received count (scaleup: 0): -7334 -7401 -7457 -7344 -7407 -7428 -7487 -7503 # -8321 -8065 -8321 -8321 -8321 -8321 -8195 -8065 
3 -8065 
Elastic buffer uses 4 channels per SM
Elastic buffer uses 4 channels per SM
Elastic buffer uses 4 channels per SM
Elastic buffer uses 4 channels per SM
Elastic buffer uses 4 channels per SM
Elastic buffer uses 4 channels per SM
Elastic buffer uses 4 channels per SM
Elastic buffer uses 4 channels per SM
CPU side received count (scaleup: 4): -7363 -7348 -7403 -7370 -7356 -7475 -7458 -7440 # -8193 -8193 -8193 -8193 -8321 -8321 -832CPU side received count (scaleup: 7): -7465 -7476 -7412 -7494 -7408 -7513 -7461 -7568 # -8321 -8193 -8449 -8449 -8321 -8193 -832CPU side received count (scaleup: 6): -7202 -7388 -7412 -7456 -7423 -7467 -7440 -7486 # -8193 -8193 -8193 -8321 -8193 -8193 -819CPU side received count (scaleup: 5): -7424 -7285 -7387 -7403 -7565 -7376 -7487 -7415 # -8321 -8321 -8193 -8193 -8193 -8193 -8191 -8193 
3 -8193 
1 -8193 
3 -8193 
CPU side received count (scaleup: 3): -7429 -7355 -7539 -7439 -7509 -7390 -7301 -7394 # -8193 -8321 -8321 -8449 -7937 -8193 -832CPU side received count (scaleup: 0): -7334 -7401 -7457 -7344 -7407 -7428 -7487 -7503 # -8321 -8065 -8321 -8321 -8321 -8321 -819CPU side received count (scaleup: 1): -7360 -7379 -7313 -7431 -7465 -7391 -7355 -7390 # -8193 -8065 -8193 -8193 -8193 -8193 -8061 -8321 
CPU side received count (scaleup: 2): -7252 -7330 -7314 -7417 -7322 -7540 -7344 -7440 # -8065 -8065 -8449 -8193 -8321 -8193 -8063 -8065 
5 -8321 
5 -8065 
Elastic buffer uses 4 channels per SM
Elastic buffer uses 4 channels per SM
Elastic buffer uses 4 channels per SM
Elastic buffer uses 4 channels per SM
Elastic buffer uses 4 channels per SM
Elastic buffer uses 4 channels per SM
Elastic buffer uses 4 channels per SM
Elastic buffer uses 4 channels per SM
CPU side received count (scaleup: 4): -7363 -7348 -7403 -7370 -7356 -7475 -7458 -7440 # -8193 -8193 -8193 -8193 -8321 -8321 -832CPU side received count (scaleup: 6): -7202 -7388 -7412 -7456 -7423 -7467 -7440 -7486 # -8193 -8193 -8193 -8321 -8193 -8193 -819CPU side received count (scaleup: 7): -7465 -7476 -7412 -7494 -7408 -7513 -7461 -7568 # -8321 -8193 -8449 -8449 -8321 -8193 -832CPU side received count (scaleup: 5): -7424 -7285 -7387 -7403 -7565 -7376 -7487 -7415 # -8321 -8321 -8193 -8193 -8193 -8193 -8191 -8193 
3 -8193 
CPU side received count (scaleup: 0): -7334 -7401 -7457 -7344 -7407 -7428 -7487 -7503 # -8321 -8065 -8321 -8321 -8321 -8321 -8193 -8193 
1 -8193 
CPU side received count (scaleup: 1): -7360 -7379 -7313 -7431 -7465 -7391 -7355 -7390 # -8193 -8065 -8193 -8193 -8193 -8193 -806CPU side received count (scaleup: 3): -7429 -7355 -7539 -7439 -7509 -7390 -7301 -7394 # -8193 -8321 -8321 -8449 -7937 -8193 -8323 -8065 
CPU side received count (scaleup: 2): -7252 -7330 -7314 -7417 -7322 -7540 -7344 -7440 # -8065 -8065 -8449 -8193 -8321 -8193 -8065 -8321 
1 -8321 
5 -8065 
Elastic buffer uses 4 channels per SM
Elastic buffer uses 4 channels per SM
Elastic buffer uses 4 channels per SM
Elastic buffer uses 4 channels per SM
Elastic buffer uses 4 channels per SM
Elastic buffer uses 4 channels per SM
Elastic buffer uses 4 channels per SM
Elastic buffer uses 4 channels per SM
CPU side received count (scaleup: 4): -7363 -7348 -7403 -7370 -7356 -7475 -7458 -7440 # -8193 -8193 -8193 -8193 -8321 -8321 -832CPU side received count (scaleup: 6): -7202 -7388 -7412 -7456 -7423 -7467 -7440 -7486 # -8193 -8193 -8193 -8321 -8193 -8193 -819CPU side received count (scaleup: 7): -7465 -7476 -7412 -7494 -7408 -7513 -7461 -7568 # -8321 -8193 -8449 -8449 -8321 -8193 -832CPU side received count (scaleup: 5): -7424 -7285 -7387 -7403 -7565 -7376 -7487 -7415 # -8321 -8321 -8193 -8193 -8193 -8193 -8191 -8193 
CPU side received count (scaleup: 3): -7429 -7355 -7539 -7439 -7509 -7390 -7301 -7394 # -8193 -8321 -8321 -8449 -7937 -8193 -832CPU side received count (scaleup: 0): -7334 -7401 -7457 -7344 -7407 -7428 -7487 -7503 # -8321 -8065 -8321 -8321 -8321 -8321 -8193 -8193 
3 -8193 
CPU side received count (scaleup: 1): -7360 -7379 -7313 -7431 -7465 -7391 -7355 -7390 # -8193 -8065 -8193 -8193 -8193 -8193 -8061 -8193 
CPU side received count (scaleup: 2): -7252 -7330 -7314 -7417 -7322 -7540 -7344 -7440 # -8065 -8065 -8449 -8193 -8321 -8193 -8061 -8321 
3 -8065 
5 -8321 
5 -8065 
Elastic buffer uses 4 channels per SM
Elastic buffer uses 4 channels per SM
Elastic buffer uses 4 channels per SM
Elastic buffer uses 4 channels per SM
Elastic buffer uses 4 channels per SM
Elastic buffer uses 4 channels per SM
Elastic buffer uses 4 channels per SM
Elastic buffer uses 4 channels per SM
CPU side received count (scaleup: 7): -7465 -7476 -7412 -7494 -7408 -7513 -7461 -7568 # -8321 -8193 -8449 -8449 -8321 -8193 -832CPU side received count (scaleup: 6): -7202 -7388 -7412 -7456 -7423 -7467 -7440 -7486 # -8193 -8193 -8193 -8321 -8193 -8193 -819CPU side received count (scaleup: 5): -7424 -7285 -7387 -7403 -7565 -7376 -7487 -7415 # -8321 -8321 -8193 -8193 -8193 -8193 -819CPU side received count (scaleup: 4): -7363 -7348 -7403 -7370 -7356 -7475 -7458 -7440 # -8193 -8193 -8193 -8193 -8321 -8321 -8323 -8193 
1 -8193 
CPU side received count (scaleup: 3): -7429 -7355 -7539 -7439 -7509 -7390 -7301 -7394 # -8193 -8321 -8321 -8449 -7937 -8193 -832CPU side received count (scaleup: 1): -7360 -7379 -7313 -7431 -7465 -7391 -7355 -7390 # -8193 -8065 -8193 -8193 -8193 -8193 -8063 -8193 
1 -8321 
5 -8321 
1 -8193 
CPU side received count (scaleup: 0): -7334 -7401 -7457 -7344 -7407 -7428 -7487 -7503 # -8321 -8065 -8321 -8321 -8321 -8321 -819CPU side received count (scaleup: 2): -7252 -7330 -7314 -7417 -7322 -7540 -7344 -7440 # -8065 -8065 -8449 -8193 -8321 -8193 -8063 -8065 
5 -8065 
Elastic buffer uses 4 channels per SM
Elastic buffer uses 4 channels per SM
Elastic buffer uses 4 channels per SM
Elastic buffer uses 4 channels per SM
Elastic buffer uses 4 channels per SM
Elastic buffer uses 4 channels per SM
Elastic buffer uses 4 channels per SM
Elastic buffer uses 4 channels per SM
CPU side received count (scaleup: 4): -7363 -7348 -7403 -7370 -7356 -7475 -7458 -7440 # -8193 -8193 -8193 -8193 -8321 -8321 -832CPU side received count (scaleup: 7): -7465 -7476 -7412 -7494 -7408 -7513 -7461 -7568 # -8321 -8193 -8449 -8449 -8321 -8193 -832CPU side received count (scaleup: 6): -7202 -7388 -7412 -7456 -7423 -7467 -7440 -7486 # -8193 -8193 -8193 -8321 -8193 -8193 -8191 -8193 
1 -8193 
CPU side received count (scaleup: 3): -7429 -7355 -7539 -7439 -7509 -7390 -7301 -7394 # -8193 -8321 -8321 -8449 -7937 -8193 -832CPU side received count (scaleup: 5): -7424 -7285 -7387 -7403 -7565 -7376 -7487 -7415 # -8321 -8321 -8193 -8193 -8193 -8193 -8193 -8193 
CPU side received count (scaleup: 1): -7360 -7379 -7313 -7431 -7465 -7391 -7355 -7390 # -8193 -8065 -8193 -8193 -8193 -8193 -806CPU side received count (scaleup: 0): -7334 -7401 -7457 -7344 -7407 -7428 -7487 -7503 # -8321 -8065 -8321 -8321 -8321 -8321 -8193 -8193 
5 -8321 
CPU side received count (scaleup: 2): -7252 -7330 -7314 -7417 -7322 -7540 -7344 -7440 # -8065 -8065 -8449 -8193 -8321 -8193 -8061 -8321 
3 -8065 
5 -8065 
Elastic buffer uses 4 channels per SM
Elastic buffer uses 4 channels per SM
Elastic buffer uses 4 channels per SM
Elastic buffer uses 4 channels per SM
Elastic buffer uses 4 channels per SM
Elastic buffer uses 4 channels per SM
Elastic buffer uses 4 channels per SM
Elastic buffer uses 4 channels per SM
CPU side received count (scaleup: 3): -7429 -7355 -7539 -7439 -7509 -7390 -7301 -7394 # -8193 -8321 -8321 -8449 -7937 -8193 -832CPU side received count (scaleup: 1): -7360 -7379 -7313 -7431 -7465 -7391 -7355 -7390 # -8193 -8065 -8193 -8193 -8193 -8193 -806CPU side received count (scaleup: 0): -7334 -7401 -7457 -7344 -7407 -7428 -7487 -7503 # -8321 -8065 -8321 -8321 -8321 -8321 -819CPU side received count (scaleup: 2): -7252 -7330 -7314 -7417 -7322 -7540 -7344 -7440 # -8065 -8065 -8449 -8193 -8321 -8193 -8061 -8321 
5 -8321 
3 -8065 
5 -8065 
CPU side received count (scaleup: 4): -7363 -7348 -7403 -7370 -7356 -7475 -7458 -7440 # -8193 -8193 -8193 -8193 -8321 -8321 -832CPU side received count (scaleup: 7): -7465 -7476 -7412 -7494 -7408 -7513 -7461 -7568 # -8321 -8193 -8449 -8449 -8321 -8193 -832CPU side received count (scaleup: 5): -7424 -7285 -7387 -7403 -7565 -7376 -7487 -7415 # -8321 -8321 -8193 -8193 -8193 -8193 -819CPU side received count (scaleup: 6): -7202 -7388 -7412 -7456 -7423 -7467 -7440 -7486 # -8193 -8193 -8193 -8321 -8193 -8193 -8191 -8193 
1 -8193 
3 -8193 
3 -8193 
Elastic buffer uses 4 channels per SM
Elastic buffer uses 4 channels per SM
Elastic buffer uses 4 channels per SM
Elastic buffer uses 4 channels per SM
Elastic buffer uses 4 channels per SM
Elastic buffer uses 4 channels per SM
Elastic buffer uses 4 channels per SM
Elastic buffer uses 4 channels per SM
CPU side received count (scaleup: 5): -7424 -7285 -7387 -7403 -7565 -7376 -7487 -7415 # -8321 -8321 -8193 -8193 -8193 -8193 -819CPU side received count (scaleup: 7): -7465 -7476 -7412 -7494 -7408 -7513 -7461 -7568 # -8321 -8193 -8449 -8449 -8321 -8193 -832CPU side received count (scaleup: 4): -7363 -7348 -7403 -7370 -7356 -7475 -7458 -7440 # -8193 -8193 -8193 -8193 -8321 -8321 -832CPU side received count (scaleup: 6): -7202 -7388 -7412 -7456 -7423 -7467 -7440 -7486 # -8193 -8193 -8193 -8321 -8193 -8193 -8193 -8193 
1 -8193 
1 -8193 
3 -8193 
CPU side received count (scaleup: 3): -7429 -7355 -7539 -7439 -7509 -7390 -7301 -7394 # -8193 -8321 -8321 -8449 -7937 -8193 -832CPU side received count (scaleup: 2): -7252 -7330 -7314 -7417 -7322 -7540 -7344 -7440 # -8065 -8065 -8449 -8193 -8321 -8193 -806CPU side received count (scaleup: 1): -7360 -7379 -7313 -7431 -7465 -7391 -7355 -7390 # -8193 -8065 -8193 -8193 -8193 -8193 -8061 -8321 
5 -8321 
CPU side received count (scaleup: 0): -7334 -7401 -7457 -7344 -7407 -7428 -7487 -7503 # -8321 -8065 -8321 -8321 -8321 -8321 -8195 -8065 
3 -8065 
Elastic buffer uses 4 channels per SM
Elastic buffer uses 4 channels per SM
Elastic buffer uses 4 channels per SM
Elastic buffer uses 4 channels per SM
Elastic buffer uses 4 channels per SM
Elastic buffer uses 4 channels per SM
Elastic buffer uses 4 channels per SM
Elastic buffer uses 4 channels per SM
CPU side received count (scaleup: 4): -7363 -7348 -7403 -7370 -7356 -7475 -7458 -7440 # -8193 -8193 -8193 -8193 -8321 -8321 -832CPU side received count (scaleup: 7): -7465 -7476 -7412 -7494 -7408 -7513 -7461 -7568 # -8321 -8193 -8449 -8449 -8321 -8193 -832CPU side received count (scaleup: 6): -7202 -7388 -7412 -7456 -7423 -7467 -7440 -7486 # -8193 -8193 -8193 -8321 -8193 -8193 -819CPU side received count (scaleup: 5): -7424 -7285 -7387 -7403 -7565 -7376 -7487 -7415 # -8321 -8321 -8193 -8193 -8193 -8193 -8191 -8193 
1 -8193 
3 -8193 
3 -8193 
CPU side received count (scaleup: 3): -7429 -7355 -7539 -7439 -7509 -7390 -7301 -7394 # -8193 -8321 -8321 -8449 -7937 -8193 -832CPU side received count (scaleup: 2): -7252 -7330 -7314 -7417 -7322 -7540 -7344 -7440 # -8065 -8065 -8449 -8193 -8321 -8193 -806CPU side received count (scaleup: 1): -7360 -7379 -7313 -7431 -7465 -7391 -7355 -7390 # -8193 -8065 -8193 -8193 -8193 -8193 -806CPU side received count (scaleup: 0): -7334 -7401 -7457 -7344 -7407 -7428 -7487 -7503 # -8321 -8065 -8321 -8321 -8321 -8321 -8191 -8321 
5 -8065 
3 -8065 
5 -8321 
Elastic buffer uses 4 channels per SM
Elastic buffer uses 4 channels per SM
Elastic buffer uses 4 channels per SM
Elastic buffer uses 4 channels per SM
Elastic buffer uses 4 channels per SM
Elastic buffer uses 4 channels per SM
Elastic buffer uses 4 channels per SM
Elastic buffer uses 4 channels per SM
CPU side received count (scaleup: 3): -7429 -7355 -7539 -7439 -7509 -7390 -7301 -7394 # -8193 -8321 -8321 -8449 -7937 -8193 -832CPU side received count (scaleup: 1): -7360 -7379 -7313 -7431 -7465 -7391 -7355 -7390 # -8193 -8065 -8193 -8193 -8193 -8193 -806CPU side received count (scaleup: 0): -7334 -7401 -7457 -7344 -7407 -7428 -7487 -7503 # -8321 -8065 -8321 -8321 -8321 -8321 -819CPU side received count (scaleup: 2): -7252 -7330 -7314 -7417 -7322 -7540 -7344 -7440 # -8065 -8065 -8449 -8193 -8321 -8193 -8061 -8321 
CPU side received count (scaleup: 7): -7465 -7476 -7412 -7494 -7408 -7513 -7461 -7568 # -8321 -8193 -8449 -8449 -8321 -8193 -832CPU side received count (scaleup: 4): -7363 -7348 -7403 -7370 -7356 -7475 -7458 -7440 # -8193 -8193 -8193 -8193 -8321 -8321 -8325 -8321 
3 -8065 
CPU side received count (scaleup: 6): -7202 -7388 -7412 -7456 -7423 -7467 -7440 -7486 # -8193 -8193 -8193 -8321 -8193 -8193 -8191 -8193 
5 -8065 
CPU side received count (scaleup: 5): -7424 -7285 -7387 -7403 -7565 -7376 -7487 -7415 # -8321 -8321 -8193 -8193 -8193 -8193 -8191 -8193 
3 -8193 
3 -8193 
Elastic buffer uses 4 channels per SM
Elastic buffer uses 4 channels per SM
Elastic buffer uses 4 channels per SM
Elastic buffer uses 4 channels per SM
Elastic buffer uses 4 channels per SM
Elastic buffer uses 4 channels per SM
Elastic buffer uses 4 channels per SM
Elastic buffer uses 4 channels per SM
CPU side received count (scaleup: 4): -7363 -7348 -7403 -7370 -7356 -7475 -7458 -7440 # -8193 -8193 -8193 -8193 -8321 -8321 -832CPU side received count (scaleup: 6): -7202 -7388 -7412 -7456 -7423 -7467 -7440 -7486 # -8193 -8193 -8193 -8321 -8193 -8193 -819CPU side received count (scaleup: 5): -7424 -7285 -7387 -7403 -7565 -7376 -7487 -7415 # -8321 -8321 -8193 -8193 -8193 -8193 -819CPU side received count (scaleup: 7): -7465 -7476 -7412 -7494 -7408 -7513 -7461 -7568 # -8321 -8193 -8449 -8449 -8321 -8193 -8321 -8193 
3 -8193 
1 -8193 
3 -8193 
CPU side received count (scaleup: 3): -7429 -7355 -7539 -7439 -7509 -7390 -7301 -7394 # -8193 -8321 -8321 -8449 -7937 -8193 -832CPU side received count (scaleup: 2): -7252 -7330 -7314 -7417 -7322 -7540 -7344 -7440 # -8065 -8065 -8449 -8193 -8321 -8193 -806CPU side received count (scaleup: 1): -7360 -7379 -7313 -7431 -7465 -7391 -7355 -7390 # -8193 -8065 -8193 -8193 -8193 -8193 -8061 -8321 
CPU side received count (scaleup: 0): -7334 -7401 -7457 -7344 -7407 -7428 -7487 -7503 # -8321 -8065 -8321 -8321 -8321 -8321 -8195 -8321 
5 -8065 
3 -8065 
Elastic buffer uses 4 channels per SM
Elastic buffer uses 4 channels per SM
Elastic buffer uses 4 channels per SM
Elastic buffer uses 4 channels per SM
Elastic buffer uses 4 channels per SM
Elastic buffer uses 4 channels per SM
Elastic buffer uses 4 channels per SM
Elastic buffer uses 4 channels per SM
CPU side received count (scaleup: 1): -7360 -7379 -7313 -7431 -7465 -7391 -7355 -7390 # -8193 -8065 -8193 -8193 -8193 -8193 -806CPU side received count (scaleup: 3): -7429 -7355 -7539 -7439 -7509 -7390 -7301 -7394 # -8193 -8321 -8321 -8449 -7937 -8193 -832CPU side received count (scaleup: 0): -7334 -7401 -7457 -7344 -7407 -7428 -7487 -7503 # -8321 -8065 -8321 -8321 -8321 -8321 -8195 -8321 
1 -8321 
3 -8065 
CPU side received count (scaleup: 5): -7424 -7285 -7387 -7403 -7565 -7376 -7487 -7415 # -8321 -8321 -8193 -8193 -8193 -8193 -819CPU side received count (scaleup: 6): -7202 -7388 -7412 -7456 -7423 -7467 -7440 -7486 # -8193 -8193 -8193 -8321 -8193 -8193 -819CPU side received count (scaleup: 7): -7465 -7476 -7412 -7494 -7408 -7513 -7461 -7568 # -8321 -8193 -8449 -8449 -8321 -8193 -8323 -8193 
3 -8193 
1 -8193 
CPU side received count (scaleup: 2): -7252 -7330 -7314 -7417 -7322 -7540 -7344 -7440 # -8065 -8065 -8449 -8193 -8321 -8193 -806CPU side received count (scaleup: 4): -7363 -7348 -7403 -7370 -7356 -7475 -7458 -7440 # -8193 -8193 -8193 -8193 -8321 -8321 -8325 -8065 
1 -8193 
USDT:2026-08-25 02:54:37 436:436 SyncActivityProfilerHandler.cpp:52] profiler_startUSDT:2026-08-25 02:54:37 434:434 SyncActivityProfilerHandler.cpp:52] profiler_startUSDT:2026-08-25 02:54:37 439:439 SyncActivityProfilerHandler.cpp:52] profiler_startUSDT:2026-08-25 02:54:37 438:438 SyncActivityProfilerHandler.cpp:52] profiler_startUSDT:2026-08-25 02:54:37 440:440 SyncActivityProfilerHandler.cpp:52] profiler_start


USDT:2026-08-25 02:54:37 435:435 SyncActivityProfilerHandler.cpp:52] profiler_startUSDT:2026-08-25 02:54:37 437:437 SyncActivityProfilerHandler.cpp:52] profiler_start



USDT:2026-08-25 02:54:37 433:433 SyncActivityProfilerHandler.cpp:52] profiler_start
Elastic buffer uses 4 channels per SM
Elastic buffer uses 4 channels per SM
Elastic buffer uses 4 channels per SM
Elastic buffer uses 4 channels per SM
Elastic buffer uses 4 channels per SM
Elastic buffer uses 4 channels per SM
Elastic buffer uses 4 channels per SM
Elastic buffer uses 4 channels per SM
CPU side received count (scaleup: 6): -7202 -7388 -7412 -7456 -7423 -7467 -7440 -7486 # -8193 -8193 -8193 -8321 -8193 -8193 -819CPU side received count (scaleup: 4): -7363 -7348 -7403 -7370 -7356 -7475 -7458 -7440 # -8193 -8193 -8193 -8193 -8321 -8321 -832CPU side received count (scaleup: 7): -7465 -7476 -7412 -7494 -7408 -7513 -7461 -7568 # -8321 -8193 -8449 -8449 -8321 -8193 -832CPU side received count (scaleup: 5): -7424 -7285 -7387 -7403 -7565 -7376 -7487 -7415 # -8321 -8321 -8193 -8193 -8193 -8193 -8193 -8193 
1 -8193 
1 -8193 
3 -8193 
CPU side received count (scaleup: 3): -7429 -7355 -7539 -7439 -7509 -7390 -7301 -7394 # -8193 -8321 -8321 -8449 -7937 -8193 -832CPU side received count (scaleup: 1): -7360 -7379 -7313 -7431 -7465 -7391 -7355 -7390 # -8193 -8065 -8193 -8193 -8193 -8193 -8061 -8321 
5 -8321 
CPU side received count (scaleup: 0): -7334 -7401 -7457 -7344 -7407 -7428 -7487 -7503 # -8321 -8065 -8321 -8321 -8321 -8321 -819CPU side received count (scaleup: 2): -7252 -7330 -7314 -7417 -7322 -7540 -7344 -7440 # -8065 -8065 -8449 -8193 -8321 -8193 -8063 -8065 
5 -8065 
Elastic buffer uses 4 channels per SM
Elastic buffer uses 4 channels per SM
Elastic buffer uses 4 channels per SM
Elastic buffer uses 4 channels per SM
Elastic buffer uses 4 channels per SM
Elastic buffer uses 4 channels per SM
Elastic buffer uses 4 channels per SM
Elastic buffer uses 4 channels per SM
CPU side received count (scaleup: 4): -7363 -7348 -7403 -7370 -7356 -7475 -7458 -7440 # -8193 -8193 -8193 -8193 -8321 -8321 -832CPU side received count (scaleup: 6): -7202 -7388 -7412 -7456 -7423 -7467 -7440 -7486 # -8193 -8193 -8193 -8321 -8193 -8193 -819CPU side received count (scaleup: 7): -7465 -7476 -7412 -7494 -7408 -7513 -7461 -7568 # -8321 -8193 -8449 -8449 -8321 -8193 -832CPU side received count (scaleup: 5): -7424 -7285 -7387 -7403 -7565 -7376 -7487 -7415 # -8321 -8321 -8193 -8193 -8193 -8193 -8193 -8193 
1 -8193 
CPU side received count (scaleup: 3): -7429 -7355 -7539 -7439 -7509 -7390 -7301 -7394 # -8193 -8321 -8321 -8449 -7937 -8193 -832CPU side received count (scaleup: 0): -7334 -7401 -7457 -7344 -7407 -7428 -7487 -7503 # -8321 -8065 -8321 -8321 -8321 -8321 -8191 -8321 
1 -8193 
CPU side received count (scaleup: 2): -7252 -7330 -7314 -7417 -7322 -7540 -7344 -7440 # -8065 -8065 -8449 -8193 -8321 -8193 -806CPU side received count (scaleup: 1): -7360 -7379 -7313 -7431 -7465 -7391 -7355 -7390 # -8193 -8065 -8193 -8193 -8193 -8193 -8063 -8193 
3 -8065 
5 -8065 
5 -8321 
Elastic buffer uses 4 channels per SM
Elastic buffer uses 4 channels per SM
Elastic buffer uses 4 channels per SM
Elastic buffer uses 4 channels per SM
Elastic buffer uses 4 channels per SM
Elastic buffer uses 4 channels per SM
Elastic buffer uses 4 channels per SM
Elastic buffer uses 4 channels per SM
CPU side received count (scaleup: 4): -7363 -7348 -7403 -7370 -7356 -7475 -7458 -7440 # -8193 -8193 -8193 -8193 -8321 -8321 -832CPU side received count (scaleup: 7): -7465 -7476 -7412 -7494 -7408 -7513 -7461 -7568 # -8321 -8193 -8449 -8449 -8321 -8193 -832CPU side received count (scaleup: 6): -7202 -7388 -7412 -7456 -7423 -7467 -7440 -7486 # -8193 -8193 -8193 -8321 -8193 -8193 -8191 -8193 
CPU side received count (scaleup: 5): -7424 -7285 -7387 -7403 -7565 -7376 -7487 -7415 # -8321 -8321 -8193 -8193 -8193 -8193 -8191 -8193 
3 -8193 
3 -8193 
CPU side received count (scaleup: 3): -7429 -7355 -7539 -7439 -7509 -7390 -7301 -7394 # -8193 -8321 -8321 -8449 -7937 -8193 -832CPU side received count (scaleup: 1): -7360 -7379 -7313 -7431 -7465 -7391 -7355 -7390 # -8193 -8065 -8193 -8193 -8193 -8193 -806CPU side received count (scaleup: 0): -7334 -7401 -7457 -7344 -7407 -7428 -7487 -7503 # -8321 -8065 -8321 -8321 -8321 -8321 -8195 -8321 
1 -8321 
CPU side received count (scaleup: 2): -7252 -7330 -7314 -7417 -7322 -7540 -7344 -7440 # -8065 -8065 -8449 -8193 -8321 -8193 -8063 -8065 
5 -8065 
Elastic buffer uses 4 channels per SM
Elastic buffer uses 4 channels per SM
Elastic buffer uses 4 channels per SM
Elastic buffer uses 4 channels per SM
Elastic buffer uses 4 channels per SM
Elastic buffer uses 4 channels per SM
Elastic buffer uses 4 channels per SM
Elastic buffer uses 4 channels per SM
CPU side received count (scaleup: 3): -7429 -7355 -7539 -7439 -7509 -7390 -7301 -7394 # -8193 -8321 -8321 -8449 -7937 -8193 -832CPU side received count (scaleup: 1): -7360 -7379 -7313 -7431 -7465 -7391 -7355 -7390 # -8193 -8065 -8193 -8193 -8193 -8193 -806CPU side received count (scaleup: 0): -7334 -7401 -7457 -7344 -7407 -7428 -7487 -7503 # -8321 -8065 -8321 -8321 -8321 -8321 -819CPU side received count (scaleup: 2): -7252 -7330 -7314 -7417 -7322 -7540 -7344 -7440 # -8065 -8065 -8449 -8193 -8321 -8193 -8061 -8321 
5 -8321 
CPU side received count (scaleup: 6): -7202 -7388 -7412 -7456 -7423 -7467 -7440 -7486 # -8193 -8193 -8193 -8321 -8193 -8193 -8195 -8065 
CPU side received count (scaleup: 5): -7424 -7285 -7387 -7403 -7565 -7376 -7487 -7415 # -8321 -8321 -8193 -8193 -8193 -8193 -819CPU side received count (scaleup: 4): -7363 -7348 -7403 -7370 -7356 -7475 -7458 -7440 # -8193 -8193 -8193 -8193 -8321 -8321 -8323 -8065 
CPU side received count (scaleup: 7): -7465 -7476 -7412 -7494 -7408 -7513 -7461 -7568 # -8321 -8193 -8449 -8449 -8321 -8193 -8323 -8193 
3 -8193 
1 -8193 
1 -8193 
Elastic buffer uses 4 channels per SM
Elastic buffer uses 4 channels per SM
Elastic buffer uses 4 channels per SM
Elastic buffer uses 4 channels per SM
Elastic buffer uses 4 channels per SM
Elastic buffer uses 4 channels per SM
Elastic buffer uses 4 channels per SM
Elastic buffer uses 4 channels per SM
CPU side received count (scaleup: 4): -7363 -7348 -7403 -7370 -7356 -7475 -7458 -7440 # -8193 -8193 -8193 -8193 -8321 -8321 -832CPU side received count (scaleup: 7): -7465 -7476 -7412 -7494 -7408 -7513 -7461 -7568 # -8321 -8193 -8449 -8449 -8321 -8193 -832CPU side received count (scaleup: 5): -7424 -7285 -7387 -7403 -7565 -7376 -7487 -7415 # -8321 -8321 -8193 -8193 -8193 -8193 -819CPU side received count (scaleup: 6): -7202 -7388 -7412 -7456 -7423 -7467 -7440 -7486 # -8193 -8193 -8193 -8321 -8193 -8193 -8191 -8193 
1 -8193 
3 -8193 
3 -8193 
CPU side received count (scaleup: 3): -7429 -7355 -7539 -7439 -7509 -7390 -7301 -7394 # -8193 -8321 -8321 -8449 -7937 -8193 -832CPU side received count (scaleup: 1): -7360 -7379 -7313 -7431 -7465 -7391 -7355 -7390 # -8193 -8065 -8193 -8193 -8193 -8193 -806CPU side received count (scaleup: 2): -7252 -7330 -7314 -7417 -7322 -7540 -7344 -7440 # -8065 -8065 -8449 -8193 -8321 -8193 -8061 -8321 
CPU side received count (scaleup: 0): -7334 -7401 -7457 -7344 -7407 -7428 -7487 -7503 # -8321 -8065 -8321 -8321 -8321 -8321 -8195 -8065 
5 -8321 
3 -8065 
Elastic buffer uses 4 channels per SM
Elastic buffer uses 4 channels per SM
Elastic buffer uses 4 channels per SM
Elastic buffer uses 4 channels per SM
Elastic buffer uses 4 channels per SM
Elastic buffer uses 4 channels per SM
Elastic buffer uses 4 channels per SM
Elastic buffer uses 4 channels per SM
CPU side received count (scaleup: 4): -7363 -7348 -7403 -7370 -7356 -7475 -7458 -7440 # -8193 -8193 -8193 -8193 -8321 -8321 -832CPU side received count (scaleup: 7): -7465 -7476 -7412 -7494 -7408 -7513 -7461 -7568 # -8321 -8193 -8449 -8449 -8321 -8193 -832CPU side received count (scaleup: 6): -7202 -7388 -7412 -7456 -7423 -7467 -7440 -7486 # -8193 -8193 -8193 -8321 -8193 -8193 -819CPU side received count (scaleup: 5): -7424 -7285 -7387 -7403 -7565 -7376 -7487 -7415 # -8321 -8321 -8193 -8193 -8193 -8193 -8191 -8193 
CPU side received count (scaleup: 1): -7360 -7379 -7313 -7431 -7465 -7391 -7355 -7390 # -8193 -8065 -8193 -8193 -8193 -8193 -806CPU side received count (scaleup: 0): -7334 -7401 -7457 -7344 -7407 -7428 -7487 -7503 # -8321 -8065 -8321 -8321 -8321 -8321 -819CPU side received count (scaleup: 3): -7429 -7355 -7539 -7439 -7509 -7390 -7301 -7394 # -8193 -8321 -8321 -8449 -7937 -8193 -832CPU side received count (scaleup: 2): -7252 -7330 -7314 -7417 -7322 -7540 -7344 -7440 # -8065 -8065 -8449 -8193 -8321 -8193 -8061 -8193 
3 -8193 
3 -8193 
5 -8321 
3 -8065 
5 -8065 
1 -8321 
Elastic buffer uses 4 channels per SM
Elastic buffer uses 4 channels per SM
Elastic buffer uses 4 channels per SM
Elastic buffer uses 4 channels per SM
Elastic buffer uses 4 channels per SM
Elastic buffer uses 4 channels per SM
Elastic buffer uses 4 channels per SM
Elastic buffer uses 4 channels per SM
CPU side received count (scaleup: 3): -7429 -7355 -7539 -7439 -7509 -7390 -7301 -7394 # -8193 -8321 -8321 -8449 -7937 -8193 -832CPU side received count (scaleup: 1): -7360 -7379 -7313 -7431 -7465 -7391 -7355 -7390 # -8193 -8065 -8193 -8193 -8193 -8193 -806CPU side received count (scaleup: 0): -7334 -7401 -7457 -7344 -7407 -7428 -7487 -7503 # -8321 -8065 -8321 -8321 -8321 -8321 -8191 -8321 
3 -8065 
CPU side received count (scaleup: 4): -7363 -7348 -7403 -7370 -7356 -7475 -7458 -7440 # -8193 -8193 -8193 -8193 -8321 -8321 -832CPU side received count (scaleup: 5): -7424 -7285 -7387 -7403 -7565 -7376 -7487 -7415 # -8321 -8321 -8193 -8193 -8193 -8193 -819CPU side received count (scaleup: 2): -7252 -7330 -7314 -7417 -7322 -7540 -7344 -7440 # -8065 -8065 -8449 -8193 -8321 -8193 -8065 -8321 
CPU side received count (scaleup: 7): -7465 -7476 -7412 -7494 -7408 -7513 -7461 -7568 # -8321 -8193 -8449 -8449 -8321 -8193 -832CPU side received count (scaleup: 6): -7202 -7388 -7412 -7456 -7423 -7467 -7440 -7486 # -8193 -8193 -8193 -8321 -8193 -8193 -8195 -8065 
1 -8193 
1 -8193 
3 -8193 
3 -8193 
Elastic buffer uses 4 channels per SM
Elastic buffer uses 4 channels per SM
Elastic buffer uses 4 channels per SM
Elastic buffer uses 4 channels per SM
Elastic buffer uses 4 channels per SM
Elastic buffer uses 4 channels per SM
Elastic buffer uses 4 channels per SM
Elastic buffer uses 4 channels per SM
CPU side received count (scaleup: 4): -7363 -7348 -7403 -7370 -7356 -7475 -7458 -7440 # -8193 -8193 -8193 -8193 -8321 -8321 -832CPU side received count (scaleup: 7): -7465 -7476 -7412 -7494 -7408 -7513 -7461 -7568 # -8321 -8193 -8449 -8449 -8321 -8193 -832CPU side received count (scaleup: 6): -7202 -7388 -7412 -7456 -7423 -7467 -7440 -7486 # -8193 -8193 -8193 -8321 -8193 -8193 -819CPU side received count (scaleup: 5): -7424 -7285 -7387 -7403 -7565 -7376 -7487 -7415 # -8321 -8321 -8193 -8193 -8193 -8193 -8191 -8193 
1 -8193 
3 -8193 
3 -8193 
CPU side received count (scaleup: 3): -7429 -7355 -7539 -7439 -7509 -7390 -7301 -7394 # -8193 -8321 -8321 -8449 -7937 -8193 -832CPU side received count (scaleup: 0): -7334 -7401 -7457 -7344 -7407 -7428 -7487 -7503 # -8321 -8065 -8321 -8321 -8321 -8321 -819CPU side received count (scaleup: 1): -7360 -7379 -7313 -7431 -7465 -7391 -7355 -7390 # -8193 -8065 -8193 -8193 -8193 -8193 -806CPU side received count (scaleup: 2): -7252 -7330 -7314 -7417 -7322 -7540 -7344 -7440 # -8065 -8065 -8449 -8193 -8321 -8193 -8061 -8321 
3 -8065 
5 -8321 
5 -8065 
Elastic buffer uses 4 channels per SM
Elastic buffer uses 4 channels per SM
Elastic buffer uses 4 channels per SM
Elastic buffer uses 4 channels per SM
Elastic buffer uses 4 channels per SM
Elastic buffer uses 4 channels per SM
Elastic buffer uses 4 channels per SM
Elastic buffer uses 4 channels per SM
CPU side received count (scaleup: 3): -7429 -7355 -7539 -7439 -7509 -7390 -7301 -7394 # -8193 -8321 -8321 -8449 -7937 -8193 -832CPU side received count (scaleup: 1): -7360 -7379 -7313 -7431 -7465 -7391 -7355 -7390 # -8193 -8065 -8193 -8193 -8193 -8193 -806CPU side received count (scaleup: 0): -7334 -7401 -7457 -7344 -7407 -7428 -7487 -7503 # -8321 -8065 -8321 -8321 -8321 -8321 -819CPU side received count (scaleup: 2): -7252 -7330 -7314 -7417 -7322 -7540 -7344 -7440 # -8065 -8065 -8449 -8193 -8321 -8193 -8061 -8321 
3 -8065 
5 -8321 
CPU side received count (scaleup: 6): -7202 -7388 -7412 -7456 -7423 -7467 -7440 -7486 # -8193 -8193 -8193 -8321 -8193 -8193 -8195 -8065 
3 -8193 
CPU side received count (scaleup: 7): -7465 -7476 -7412 -7494 -7408 -7513 -7461 -7568 # -8321 -8193 -8449 -8449 -8321 -8193 -832CPU side received count (scaleup: 4): -7363 -7348 -7403 -7370 -7356 -7475 -7458 -7440 # -8193 -8193 -8193 -8193 -8321 -8321 -8321 -8193 
CPU side received count (scaleup: 5): -7424 -7285 -7387 -7403 -7565 -7376 -7487 -7415 # -8321 -8321 -8193 -8193 -8193 -8193 -8191 -8193 
3 -8193 
Elastic buffer uses 4 channels per SM
Elastic buffer uses 4 channels per SM
Elastic buffer uses 4 channels per SM
Elastic buffer uses 4 channels per SM
Elastic buffer uses 4 channels per SM
Elastic buffer uses 4 channels per SM
Elastic buffer uses 4 channels per SM
Elastic buffer uses 4 channels per SM
CPU side received count (scaleup: 3): -7429 -7355 -7539 -7439 -7509 -7390 -7301 -7394 # -8193 -8321 -8321 -8449 -7937 -8193 -832CPU side received count (scaleup: 1): -7360 -7379 -7313 -7431 -7465 -7391 -7355 -7390 # -8193 -8065 -8193 -8193 -8193 -8193 -806CPU side received count (scaleup: 0): -7334 -7401 -7457 -7344 -7407 -7428 -7487 -7503 # -8321 -8065 -8321 -8321 -8321 -8321 -819CPU side received count (scaleup: 2): -7252 -7330 -7314 -7417 -7322 -7540 -7344 -7440 # -8065 -8065 -8449 -8193 -8321 -8193 -8061 -8321 
5 -8321 
CPU side received count (scaleup: 4): -7363 -7348 -7403 -7370 -7356 -7475 -7458 -7440 # -8193 -8193 -8193 -8193 -8321 -8321 -832CPU side received count (scaleup: 7): -7465 -7476 -7412 -7494 -7408 -7513 -7461 -7568 # -8321 -8193 -8449 -8449 -8321 -8193 -832CPU side received count (scaleup: 5): -7424 -7285 -7387 -7403 -7565 -7376 -7487 -7415 # -8321 -8321 -8193 -8193 -8193 -8193 -8193 -8065 
CPU side received count (scaleup: 6): -7202 -7388 -7412 -7456 -7423 -7467 -7440 -7486 # -8193 -8193 -8193 -8321 -8193 -8193 -8195 -8065 
1 -8193 
1 -8193 
3 -8193 
3 -8193 
Elastic buffer uses 4 channels per SM
Elastic buffer uses 4 channels per SM
Elastic buffer uses 4 channels per SM
Elastic buffer uses 4 channels per SM
Elastic buffer uses 4 channels per SM
Elastic buffer uses 4 channels per SM
Elastic buffer uses 4 channels per SM
Elastic buffer uses 4 channels per SM
CPU side received count (scaleup: 3): -7429 -7355 -7539 -7439 -7509 -7390 -7301 -7394 # -8193 -8321 -8321 -8449 -7937 -8193 -832CPU side received count (scaleup: 0): -7334 -7401 -7457 -7344 -7407 -7428 -7487 -7503 # -8321 -8065 -8321 -8321 -8321 -8321 -819CPU side received count (scaleup: 1): -7360 -7379 -7313 -7431 -7465 -7391 -7355 -7390 # -8193 -8065 -8193 -8193 -8193 -8193 -806CPU side received count (scaleup: 2): -7252 -7330 -7314 -7417 -7322 -7540 -7344 -7440 # -8065 -8065 -8449 -8193 -8321 -8193 -8061 -8321 
5 -8065 
3 -8065 
5 -8321 
CPU side received count (scaleup: 4): -7363 -7348 -7403 -7370 -7356 -7475 -7458 -7440 # -8193 -8193 -8193 -8193 -8321 -8321 -832CPU side received count (scaleup: 6): -7202 -7388 -7412 -7456 -7423 -7467 -7440 -7486 # -8193 -8193 -8193 -8321 -8193 -8193 -8191 -8193 
CPU side received count (scaleup: 7): -7465 -7476 -7412 -7494 -7408 -7513 -7461 -7568 # -8321 -8193 -8449 -8449 -8321 -8193 -832CPU side received count (scaleup: 5): -7424 -7285 -7387 -7403 -7565 -7376 -7487 -7415 # -8321 -8321 -8193 -8193 -8193 -8193 -8193 -8193 
1 -8193 
3 -8193 
Elastic buffer uses 4 channels per SM
Elastic buffer uses 4 channels per SM
Elastic buffer uses 4 channels per SM
Elastic buffer uses 4 channels per SM
Elastic buffer uses 4 channels per SM
Elastic buffer uses 4 channels per SM
Elastic buffer uses 4 channels per SM
Elastic buffer uses 4 channels per SM
CPU side received count (scaleup: 4): -7363 -7348 -7403 -7370 -7356 -7475 -7458 -7440 # -8193 -8193 -8193 -8193 -8321 -8321 -832CPU side received count (scaleup: 6): -7202 -7388 -7412 -7456 -7423 -7467 -7440 -7486 # -8193 -8193 -8193 -8321 -8193 -8193 -819CPU side received count (scaleup: 7): -7465 -7476 -7412 -7494 -7408 -7513 -7461 -7568 # -8321 -8193 -8449 -8449 -8321 -8193 -832CPU side received count (scaleup: 5): -7424 -7285 -7387 -7403 -7565 -7376 -7487 -7415 # -8321 -8321 -8193 -8193 -8193 -8193 -8191 -8193 
3 -8193 
3 -8193 
1 -8193 
CPU side received count (scaleup: 1): -7360 -7379 -7313 -7431 -7465 -7391 -7355 -7390 # -8193 -8065 -8193 -8193 -8193 -8193 -806CPU side received count (scaleup: 0): -7334 -7401 -7457 -7344 -7407 -7428 -7487 -7503 # -8321 -8065 -8321 -8321 -8321 -8321 -8195 -8321 
3 -8065 
CPU side received count (scaleup: 3): -7429 -7355 -7539 -7439 -7509 -7390 -7301 -7394 # -8193 -8321 -8321 -8449 -7937 -8193 -832CPU side received count (scaleup: 2): -7252 -7330 -7314 -7417 -7322 -7540 -7344 -7440 # -8065 -8065 -8449 -8193 -8321 -8193 -8061 -8321 
5 -8065 
Elastic buffer uses 4 channels per SM
Elastic buffer uses 4 channels per SM
Elastic buffer uses 4 channels per SM
Elastic buffer uses 4 channels per SM
Elastic buffer uses 4 channels per SM
Elastic buffer uses 4 channels per SM
Elastic buffer uses 4 channels per SM
Elastic buffer uses 4 channels per SM
CPU side received count (scaleup: 7): -7465 -7476 -7412 -7494 -7408 -7513 -7461 -7568 # -8321 -8193 -8449 -8449 -8321 -8193 -832CPU side received count (scaleup: 6): -7202 -7388 -7412 -7456 -7423 -7467 -7440 -7486 # -8193 -8193 -8193 -8321 -8193 -8193 -819CPU side received count (scaleup: 4): -7363 -7348 -7403 -7370 -7356 -7475 -7458 -7440 # -8193 -8193 -8193 -8193 -8321 -8321 -832CPU side received count (scaleup: 5): -7424 -7285 -7387 -7403 -7565 -7376 -7487 -7415 # -8321 -8321 -8193 -8193 -8193 -8193 -8191 -8193 
3 -8193 
1 -8193 
3 -8193 
CPU side received count (scaleup: 3): -7429 -7355 -7539 -7439 -7509 -7390 -7301 -7394 # -8193 -8321 -8321 -8449 -7937 -8193 -8321 -8321 
CPU side received count (scaleup: 1): -7360 -7379 -7313 -7431 -7465 -7391 -7355 -7390 # -8193 -8065 -8193 -8193 -8193 -8193 -806CPU side received count (scaleup: 0): -7334 -7401 -7457 -7344 -7407 -7428 -7487 -7503 # -8321 -8065 -8321 -8321 -8321 -8321 -8195 -8321 
CPU side received count (scaleup: 2): -7252 -7330 -7314 -7417 -7322 -7540 -7344 -7440 # -8065 -8065 -8449 -8193 -8321 -8193 -8063 -8065 
5 -8065 
Elastic buffer uses 4 channels per SM
Elastic buffer uses 4 channels per SM
Elastic buffer uses 4 channels per SM
Elastic buffer uses 4 channels per SM
Elastic buffer uses 4 channels per SM
Elastic buffer uses 4 channels per SM
Elastic buffer uses 4 channels per SM
Elastic buffer uses 4 channels per SM
CPU side received count (scaleup: 4): -7363 -7348 -7403 -7370 -7356 -7475 -7458 -7440 # -8193 -8193 -8193 -8193 -8321 -8321 -832CPU side received count (scaleup: 7): -7465 -7476 -7412 -7494 -7408 -7513 -7461 -7568 # -8321 -8193 -8449 -8449 -8321 -8193 -832CPU side received count (scaleup: 6): -7202 -7388 -7412 -7456 -7423 -7467 -7440 -7486 # -8193 -8193 -8193 -8321 -8193 -8193 -819CPU side received count (scaleup: 5): -7424 -7285 -7387 -7403 -7565 -7376 -7487 -7415 # -8321 -8321 -8193 -8193 -8193 -8193 -8191 -8193 
1 -8193 
CPU side received count (scaleup: 3): -7429 -7355 -7539 -7439 -7509 -7390 -7301 -7394 # -8193 -8321 -8321 -8449 -7937 -8193 -832CPU side received count (scaleup: 1): -7360 -7379 -7313 -7431 -7465 -7391 -7355 -7390 # -8193 -8065 -8193 -8193 -8193 -8193 -806CPU side received count (scaleup: 2): -7252 -7330 -7314 -7417 -7322 -7540 -7344 -7440 # -8065 -8065 -8449 -8193 -8321 -8193 -8063 -8193 
3 -8193 
CPU side received count (scaleup: 0): -7334 -7401 -7457 -7344 -7407 -7428 -7487 -7503 # -8321 -8065 -8321 -8321 -8321 -8321 -8191 -8321 
5 -8321 
5 -8065 
3 -8065 
Elastic buffer uses 4 channels per SM
Elastic buffer uses 4 channels per SM
Elastic buffer uses 4 channels per SM
Elastic buffer uses 4 channels per SM
Elastic buffer uses 4 channels per SM
Elastic buffer uses 4 channels per SM
Elastic buffer uses 4 channels per SM
Elastic buffer uses 4 channels per SM
CPU side received count (scaleup: 4): -7363 -7348 -7403 -7370 -7356 -7475 -7458 -7440 # -8193 -8193 -8193 -8193 -8321 -8321 -832CPU side received count (scaleup: 6): -7202 -7388 -7412 -7456 -7423 -7467 -7440 -7486 # -8193 -8193 -8193 -8321 -8193 -8193 -819CPU side received count (scaleup: 7): -7465 -7476 -7412 -7494 -7408 -7513 -7461 -7568 # -8321 -8193 -8449 -8449 -8321 -8193 -832CPU side received count (scaleup: 5): -7424 -7285 -7387 -7403 -7565 -7376 -7487 -7415 # -8321 -8321 -8193 -8193 -8193 -8193 -8191 -8193 
3 -8193 
3 -8193 
1 -8193 
CPU side received count (scaleup: 3): -7429 -7355 -7539 -7439 -7509 -7390 -7301 -7394 # -8193 -8321 -8321 -8449 -7937 -8193 -832CPU side received count (scaleup: 0): -7334 -7401 -7457 -7344 -7407 -7428 -7487 -7503 # -8321 -8065 -8321 -8321 -8321 -8321 -819CPU side received count (scaleup: 1): -7360 -7379 -7313 -7431 -7465 -7391 -7355 -7390 # -8193 -8065 -8193 -8193 -8193 -8193 -806CPU side received count (scaleup: 2): -7252 -7330 -7314 -7417 -7322 -7540 -7344 -7440 # -8065 -8065 -8449 -8193 -8321 -8193 -8063 -8065 
1 -8321 
5 -8321 
5 -8065 
Elastic buffer uses 4 channels per SM
Elastic buffer uses 4 channels per SM
Elastic buffer uses 4 channels per SM
Elastic buffer uses 4 channels per SM
Elastic buffer uses 4 channels per SM
Elastic buffer uses 4 channels per SM
Elastic buffer uses 4 channels per SM
Elastic buffer uses 4 channels per SM
CPU side received count (scaleup: 4): -7363 -7348 -7403 -7370 -7356 -7475 -7458 -7440 # -8193 -8193 -8193 -8193 -8321 -8321 -832CPU side received count (scaleup: 5): -7424 -7285 -7387 -7403 -7565 -7376 -7487 -7415 # -8321 -8321 -8193 -8193 -8193 -8193 -819CPU side received count (scaleup: 6): -7202 -7388 -7412 -7456 -7423 -7467 -7440 -7486 # -8193 -8193 -8193 -8321 -8193 -8193 -819CPU side received count (scaleup: 7): -7465 -7476 -7412 -7494 -7408 -7513 -7461 -7568 # -8321 -8193 -8449 -8449 -8321 -8193 -8321 -8193 
3 -8193 
CPU side received count (scaleup: 3): -7429 -7355 -7539 -7439 -7509 -7390 -7301 -7394 # -8193 -8321 -8321 -8449 -7937 -8193 -832CPU side received count (scaleup: 0): -7334 -7401 -7457 -7344 -7407 -7428 -7487 -7503 # -8321 -8065 -8321 -8321 -8321 -8321 -8191 -8193 
CPU side received count (scaleup: 1): -7360 -7379 -7313 -7431 -7465 -7391 -7355 -7390 # -8193 -8065 -8193 -8193 -8193 -8193 -8063 -8193 
1 -8321 
CPU side received count (scaleup: 2): -7252 -7330 -7314 -7417 -7322 -7540 -7344 -7440 # -8065 -8065 -8449 -8193 -8321 -8193 -8063 -8065 
5 -8321 
5 -8065 
Elastic buffer uses 4 channels per SM
Elastic buffer uses 4 channels per SM
Elastic buffer uses 4 channels per SM
Elastic buffer uses 4 channels per SM
Elastic buffer uses 4 channels per SM
Elastic buffer uses 4 channels per SM
Elastic buffer uses 4 channels per SM
Elastic buffer uses 4 channels per SM
CPU side received count (scaleup: 3): -7429 -7355 -7539 -7439 -7509 -7390 -7301 -7394 # -8193 -8321 -8321 -8449 -7937 -8193 -832CPU side received count (scaleup: 0): -7334 -7401 -7457 -7344 -7407 -7428 -7487 -7503 # -8321 -8065 -8321 -8321 -8321 -8321 -819CPU side received count (scaleup: 1): -7360 -7379 -7313 -7431 -7465 -7391 -7355 -7390 # -8193 -8065 -8193 -8193 -8193 -8193 -8061 -8321 
CPU side received count (scaleup: 2): -7252 -7330 -7314 -7417 -7322 -7540 -7344 -7440 # -8065 -8065 -8449 -8193 -8321 -8193 -8063 -8065 
CPU side received count (scaleup: 4): -7363 -7348 -7403 -7370 -7356 -7475 -7458 -7440 # -8193 -8193 -8193 -8193 -8321 -8321 -8325 -8065 
5 -8321 
1 -8193 
CPU side received count (scaleup: 6): -7202 -7388 -7412 -7456 -7423 -7467 -7440 -7486 # -8193 -8193 -8193 -8321 -8193 -8193 -819CPU side received count (scaleup: 7): -7465 -7476 -7412 -7494 -7408 -7513 -7461 -7568 # -8321 -8193 -8449 -8449 -8321 -8193 -832CPU side received count (scaleup: 5): -7424 -7285 -7387 -7403 -7565 -7376 -7487 -7415 # -8321 -8321 -8193 -8193 -8193 -8193 -8191 -8193 
3 -8193 
3 -8193 
Elastic buffer uses 4 channels per SM
Elastic buffer uses 4 channels per SM
Elastic buffer uses 4 channels per SM
Elastic buffer uses 4 channels per SM
Elastic buffer uses 4 channels per SM
Elastic buffer uses 4 channels per SM
Elastic buffer uses 4 channels per SM
Elastic buffer uses 4 channels per SM
CPU side received count (scaleup: 3): -7429 -7355 -7539 -7439 -7509 -7390 -7301 -7394 # -8193 -8321 -8321 -8449 -7937 -8193 -832CPU side received count (scaleup: 1): -7360 -7379 -7313 -7431 -7465 -7391 -7355 -7390 # -8193 -8065 -8193 -8193 -8193 -8193 -806CPU side received count (scaleup: 2): -7252 -7330 -7314 -7417 -7322 -7540 -7344 -7440 # -8065 -8065 -8449 -8193 -8321 -8193 -806CPU side received count (scaleup: 0): -7334 -7401 -7457 -7344 -7407 -7428 -7487 -7503 # -8321 -8065 -8321 -8321 -8321 -8321 -8191 -8321 
5 -8321 
CPU side received count (scaleup: 6): -7202 -7388 -7412 -7456 -7423 -7467 -7440 -7486 # -8193 -8193 -8193 -8321 -8193 -8193 -819CPU side received count (scaleup: 7): -7465 -7476 -7412 -7494 -7408 -7513 -7461 -7568 # -8321 -8193 -8449 -8449 -8321 -8193 -832CPU side received count (scaleup: 5): -7424 -7285 -7387 -7403 -7565 -7376 -7487 -7415 # -8321 -8321 -8193 -8193 -8193 -8193 -819CPU side received count (scaleup: 4): -7363 -7348 -7403 -7370 -7356 -7475 -7458 -7440 # -8193 -8193 -8193 -8193 -8321 -8321 -8325 -8065 
3 -8065 
3 -8193 
3 -8193 
1 -8193 
1 -8193 
Elastic buffer uses 4 channels per SM
Elastic buffer uses 4 channels per SM
Elastic buffer uses 4 channels per SM
Elastic buffer uses 4 channels per SM
Elastic buffer uses 4 channels per SM
Elastic buffer uses 4 channels per SM
Elastic buffer uses 4 channels per SM
Elastic buffer uses 4 channels per SM
CPU side received count (scaleup: 4): -7363 -7348 -7403 -7370 -7356 -7475 -7458 -7440 # -8193 -8193 -8193 -8193 -8321 -8321 -832CPU side received count (scaleup: 7): -7465 -7476 -7412 -7494 -7408 -7513 -7461 -7568 # -8321 -8193 -8449 -8449 -8321 -8193 -832CPU side received count (scaleup: 5): -7424 -7285 -7387 -7403 -7565 -7376 -7487 -7415 # -8321 -8321 -8193 -8193 -8193 -8193 -819CPU side received count (scaleup: 6): -7202 -7388 -7412 -7456 -7423 -7467 -7440 -7486 # -8193 -8193 -8193 -8321 -8193 -8193 -8191 -8193 
1 -8193 
3 -8193 
3 -8193 
CPU side received count (scaleup: 3): -7429 -7355 -7539 -7439 -7509 -7390 -7301 -7394 # -8193 -8321 -8321 -8449 -7937 -8193 -832CPU side received count (scaleup: 1): -7360 -7379 -7313 -7431 -7465 -7391 -7355 -7390 # -8193 -8065 -8193 -8193 -8193 -8193 -806CPU side received count (scaleup: 0): -7334 -7401 -7457 -7344 -7407 -7428 -7487 -7503 # -8321 -8065 -8321 -8321 -8321 -8321 -819CPU side received count (scaleup: 2): -7252 -7330 -7314 -7417 -7322 -7540 -7344 -7440 # -8065 -8065 -8449 -8193 -8321 -8193 -8061 -8321 
5 -8321 
3 -8065 
5 -8065 
Elastic buffer uses 4 channels per SM
Elastic buffer uses 4 channels per SM
Elastic buffer uses 4 channels per SM
Elastic buffer uses 4 channels per SM
Elastic buffer uses 4 channels per SM
Elastic buffer uses 4 channels per SM
Elastic buffer uses 4 channels per SM
Elastic buffer uses 4 channels per SM
CPU side received count (scaleup: 4): -7363 -7348 -7403 -7370 -7356 -7475 -7458 -7440 # -8193 -8193 -8193 -8193 -8321 -8321 -832CPU side received count (scaleup: 7): -7465 -7476 -7412 -7494 -7408 -7513 -7461 -7568 # -8321 -8193 -8449 -8449 -8321 -8193 -832CPU side received count (scaleup: 6): -7202 -7388 -7412 -7456 -7423 -7467 -7440 -7486 # -8193 -8193 -8193 -8321 -8193 -8193 -819CPU side received count (scaleup: 5): -7424 -7285 -7387 -7403 -7565 -7376 -7487 -7415 # -8321 -8321 -8193 -8193 -8193 -8193 -8191 -8193 
1 -8193 
3 -8193 
3 -8193 
CPU side received count (scaleup: 3): -7429 -7355 -7539 -7439 -7509 -7390 -7301 -7394 # -8193 -8321 -8321 -8449 -7937 -8193 -832CPU side received count (scaleup: 1): -7360 -7379 -7313 -7431 -7465 -7391 -7355 -7390 # -8193 -8065 -8193 -8193 -8193 -8193 -806CPU side received count (scaleup: 2): -7252 -7330 -7314 -7417 -7322 -7540 -7344 -7440 # -8065 -8065 -8449 -8193 -8321 -8193 -806CPU side received count (scaleup: 0): -7334 -7401 -7457 -7344 -7407 -7428 -7487 -7503 # -8321 -8065 -8321 -8321 -8321 -8321 -8191 -8321 
5 -8321 
3 -8065 
5 -8065 
Elastic buffer uses 4 channels per SM
Elastic buffer uses 4 channels per SM
Elastic buffer uses 4 channels per SM
Elastic buffer uses 4 channels per SM
Elastic buffer uses 4 channels per SM
Elastic buffer uses 4 channels per SM
Elastic buffer uses 4 channels per SM
Elastic buffer uses 4 channels per SM
CPU side received count (scaleup: 5): -7424 -7285 -7387 -7403 -7565 -7376 -7487 -7415 # -8321 -8321 -8193 -8193 -8193 -8193 -819CPU side received count (scaleup: 6): -7202 -7388 -7412 -7456 -7423 -7467 -7440 -7486 # -8193 -8193 -8193 -8321 -8193 -8193 -819CPU side received count (scaleup: 4): -7363 -7348 -7403 -7370 -7356 -7475 -7458 -7440 # -8193 -8193 -8193 -8193 -8321 -8321 -832CPU side received count (scaleup: 7): -7465 -7476 -7412 -7494 -7408 -7513 -7461 -7568 # -8321 -8193 -8449 -8449 -8321 -8193 -832CPU side received count (scaleup: 3): -7429 -7355 -7539 -7439 -7509 -7390 -7301 -7394 # -8193 -8321 -8321 -8449 -7937 -8193 -832CPU side received count (scaleup: 0): -7334 -7401 -7457 -7344 -7407 -7428 -7487 -7503 # -8321 -8065 -8321 -8321 -8321 -8321 -819CPU side received count (scaleup: 1): -7360 -7379 -7313 -7431 -7465 -7391 -7355 -7390 # -8193 -8065 -8193 -8193 -8193 -8193 -8061 -8193 
1 -8193 
3 -8193 
1 -8321 
3 -8065 
5 -8321 
3 -8193 
CPU side received count (scaleup: 2): -7252 -7330 -7314 -7417 -7322 -7540 -7344 -7440 # -8065 -8065 -8449 -8193 -8321 -8193 -8065 -8065 
Elastic buffer uses 4 channels per SM
Elastic buffer uses 4 channels per SM
Elastic buffer uses 4 channels per SM
Elastic buffer uses 4 channels per SM
Elastic buffer uses 4 channels per SM
Elastic buffer uses 4 channels per SM
Elastic buffer uses 4 channels per SM
Elastic buffer uses 4 channels per SM
CPU side received count (scaleup: 3): -7429 -7355 -7539 -7439 -7509 -7390 -7301 -7394 # -8193 -8321 -8321 -8449 -7937 -8193 -832CPU side received count (scaleup: 1): -7360 -7379 -7313 -7431 -7465 -7391 -7355 -7390 # -8193 -8065 -8193 -8193 -8193 -8193 -806CPU side received count (scaleup: 2): -7252 -7330 -7314 -7417 -7322 -7540 -7344 -7440 # -8065 -8065 -8449 -8193 -8321 -8193 -806CPU side received count (scaleup: 0): -7334 -7401 -7457 -7344 -7407 -7428 -7487 -7503 # -8321 -8065 -8321 -8321 -8321 -8321 -8191 -8321 
CPU side received count (scaleup: 4): -7363 -7348 -7403 -7370 -7356 -7475 -7458 -7440 # -8193 -8193 -8193 -8193 -8321 -8321 -8325 -8321 
CPU side received count (scaleup: 7): -7465 -7476 -7412 -7494 -7408 -7513 -7461 -7568 # -8321 -8193 -8449 -8449 -8321 -8193 -832CPU side received count (scaleup: 5): -7424 -7285 -7387 -7403 -7565 -7376 -7487 -7415 # -8321 -8321 -8193 -8193 -8193 -8193 -8193 -8065 
CPU side received count (scaleup: 6): -7202 -7388 -7412 -7456 -7423 -7467 -7440 -7486 # -8193 -8193 -8193 -8321 -8193 -8193 -8191 -8193 
3 -8193 
5 -8065 
3 -8193 
1 -8193 
Elastic buffer uses 4 channels per SM
Elastic buffer uses 4 channels per SM
Elastic buffer uses 4 channels per SM
Elastic buffer uses 4 channels per SM
Elastic buffer uses 4 channels per SM
Elastic buffer uses 4 channels per SM
Elastic buffer uses 4 channels per SM
Elastic buffer uses 4 channels per SM
CPU side received count (scaleup: 5): -7424 -7285 -7387 -7403 -7565 -7376 -7487 -7415 # -8321 -8321 -8193 -8193 -8193 -8193 -819CPU side received count (scaleup: 7): -7465 -7476 -7412 -7494 -7408 -7513 -7461 -7568 # -8321 -8193 -8449 -8449 -8321 -8193 -832CPU side received count (scaleup: 4): -7363 -7348 -7403 -7370 -7356 -7475 -7458 -7440 # -8193 -8193 -8193 -8193 -8321 -8321 -832CPU side received count (scaleup: 6): -7202 -7388 -7412 -7456 -7423 -7467 -7440 -7486 # -8193 -8193 -8193 -8321 -8193 -8193 -8193 -8193 
1 -8193 
1 -8193 
CPU side received count (scaleup: 3): -7429 -7355 -7539 -7439 -7509 -7390 -7301 -7394 # -8193 -8321 -8321 -8449 -7937 -8193 -832CPU side received count (scaleup: 0): -7334 -7401 -7457 -7344 -7407 -7428 -7487 -7503 # -8321 -8065 -8321 -8321 -8321 -8321 -8193 -8193 
CPU side received count (scaleup: 1): -7360 -7379 -7313 -7431 -7465 -7391 -7355 -7390 # -8193 -8065 -8193 -8193 -8193 -8193 -8061 -8321 
CPU side received count (scaleup: 2): -7252 -7330 -7314 -7417 -7322 -7540 -7344 -7440 # -8065 -8065 -8449 -8193 -8321 -8193 -8063 -8065 
5 -8321 
5 -8065 
Elastic buffer uses 4 channels per SM
Elastic buffer uses 4 channels per SM
Elastic buffer uses 4 channels per SM
Elastic buffer uses 4 channels per SM
Elastic buffer uses 4 channels per SM
Elastic buffer uses 4 channels per SM
Elastic buffer uses 4 channels per SM
Elastic buffer uses 4 channels per SM
CPU side received count (scaleup: 4): -7363 -7348 -7403 -7370 -7356 -7475 -7458 -7440 # -8193 -8193 -8193 -8193 -8321 -8321 -832CPU side received count (scaleup: 5): -7424 -7285 -7387 -7403 -7565 -7376 -7487 -7415 # -8321 -8321 -8193 -8193 -8193 -8193 -819CPU side received count (scaleup: 7): -7465 -7476 -7412 -7494 -7408 -7513 -7461 -7568 # -8321 -8193 -8449 -8449 -8321 -8193 -832CPU side received count (scaleup: 6): -7202 -7388 -7412 -7456 -7423 -7467 -7440 -7486 # -8193 -8193 -8193 -8321 -8193 -8193 -8191 -8193 
3 -8193 
1 -8193 
3 -8193 
CPU side received count (scaleup: 3): -7429 -7355 -7539 -7439 -7509 -7390 -7301 -7394 # -8193 -8321 -8321 -8449 -7937 -8193 -832CPU side received count (scaleup: 0): -7334 -7401 -7457 -7344 -7407 -7428 -7487 -7503 # -8321 -8065 -8321 -8321 -8321 -8321 -819CPU side received count (scaleup: 1): -7360 -7379 -7313 -7431 -7465 -7391 -7355 -7390 # -8193 -8065 -8193 -8193 -8193 -8193 -806CPU side received count (scaleup: 2): -7252 -7330 -7314 -7417 -7322 -7540 -7344 -7440 # -8065 -8065 -8449 -8193 -8321 -8193 -8065 -8321 
1 -8321 
3 -8065 
5 -8065 
Elastic buffer uses 4 channels per SM
Elastic buffer uses 4 channels per SM
Elastic buffer uses 4 channels per SM
Elastic buffer uses 4 channels per SM
Elastic buffer uses 4 channels per SM
Elastic buffer uses 4 channels per SM
Elastic buffer uses 4 channels per SM
Elastic buffer uses 4 channels per SM
CPU side received count (scaleup: 4): -7363 -7348 -7403 -7370 -7356 -7475 -7458 -7440 # -8193 -8193 -8193 -8193 -8321 -8321 -832CPU side received count (scaleup: 7): -7465 -7476 -7412 -7494 -7408 -7513 -7461 -7568 # -8321 -8193 -8449 -8449 -8321 -8193 -832CPU side received count (scaleup: 6): -7202 -7388 -7412 -7456 -7423 -7467 -7440 -7486 # -8193 -8193 -8193 -8321 -8193 -8193 -819CPU side received count (scaleup: 3): -7429 -7355 -7539 -7439 -7509 -7390 -7301 -7394 # -8193 -8321 -8321 -8449 -7937 -8193 -832CPU side received count (scaleup: 0): -7334 -7401 -7457 -7344 -7407 -7428 -7487 -7503 # -8321 -8065 -8321 -8321 -8321 -8321 -819CPU side received count (scaleup: 5): -7424 -7285 -7387 -7403 -7565 -7376 -7487 -7415 # -8321 -8321 -8193 -8193 -8193 -8193 -819CPU side received count (scaleup: 1): -7360 -7379 -7313 -7431 -7465 -7391 -7355 -7390 # -8193 -8065 -8193 -8193 -8193 -8193 -8063 -8193 
3 -8065 
3 -8193 
1 -8193 
CPU side received count (scaleup: 2): -7252 -7330 -7314 -7417 -7322 -7540 -7344 -7440 # -8065 -8065 -8449 -8193 -8321 -8193 -8061 -8193 
1 -8321 
5 -8321 
5 -8065 
Elastic buffer uses 4 channels per SM
Elastic buffer uses 4 channels per SM
Elastic buffer uses 4 channels per SM
Elastic buffer uses 4 channels per SM
Elastic buffer uses 4 channels per SM
Elastic buffer uses 4 channels per SM
Elastic buffer uses 4 channels per SM
Elastic buffer uses 4 channels per SM
CPU side received count (scaleup: 4): -7363 -7348 -7403 -7370 -7356 -7475 -7458 -7440 # -8193 -8193 -8193 -8193 -8321 -8321 -832CPU side received count (scaleup: 6): -7202 -7388 -7412 -7456 -7423 -7467 -7440 -7486 # -8193 -8193 -8193 -8321 -8193 -8193 -819CPU side received count (scaleup: 7): -7465 -7476 -7412 -7494 -7408 -7513 -7461 -7568 # -8321 -8193 -8449 -8449 -8321 -8193 -832CPU side received count (scaleup: 5): -7424 -7285 -7387 -7403 -7565 -7376 -7487 -7415 # -8321 -8321 -8193 -8193 -8193 -8193 -8191 -8193 
3 -8193 
CPU side received count (scaleup: 3): -7429 -7355 -7539 -7439 -7509 -7390 -7301 -7394 # -8193 -8321 -8321 -8449 -7937 -8193 -832CPU side received count (scaleup: 1): -7360 -7379 -7313 -7431 -7465 -7391 -7355 -7390 # -8193 -8065 -8193 -8193 -8193 -8193 -806CPU side received count (scaleup: 2): -7252 -7330 -7314 -7417 -7322 -7540 -7344 -7440 # -8065 -8065 -8449 -8193 -8321 -8193 -806CPU side received count (scaleup: 0): -7334 -7401 -7457 -7344 -7407 -7428 -7487 -7503 # -8321 -8065 -8321 -8321 -8321 -8321 -8191 -8193 
3 -8193 
5 -8321 
1 -8321 
3 -8065 
5 -8065 
Elastic buffer uses 4 channels per SM
Elastic buffer uses 4 channels per SM
Elastic buffer uses 4 channels per SM
Elastic buffer uses 4 channels per SM
Elastic buffer uses 4 channels per SM
Elastic buffer uses 4 channels per SM
Elastic buffer uses 4 channels per SM
Elastic buffer uses 4 channels per SM
CPU side received count (scaleup: 4): -7363 -7348 -7403 -7370 -7356 -7475 -7458 -7440 # -8193 -8193 -8193 -8193 -8321 -8321 -832CPU side received count (scaleup: 6): -7202 -7388 -7412 -7456 -7423 -7467 -7440 -7486 # -8193 -8193 -8193 -8321 -8193 -8193 -819CPU side received count (scaleup: 7): -7465 -7476 -7412 -7494 -7408 -7513 -7461 -7568 # -8321 -8193 -8449 -8449 -8321 -8193 -8321 -8193 
3 -8193 
CPU side received count (scaleup: 5): -7424 -7285 -7387 -7403 -7565 -7376 -7487 -7415 # -8321 -8321 -8193 -8193 -8193 -8193 -8191 -8193 
3 -8193 
CPU side received count (scaleup: 3): -7429 -7355 -7539 -7439 -7509 -7390 -7301 -7394 # -8193 -8321 -8321 -8449 -7937 -8193 -832CPU side received count (scaleup: 1): -7360 -7379 -7313 -7431 -7465 -7391 -7355 -7390 # -8193 -8065 -8193 -8193 -8193 -8193 -806CPU side received count (scaleup: 0): -7334 -7401 -7457 -7344 -7407 -7428 -7487 -7503 # -8321 -8065 -8321 -8321 -8321 -8321 -8191 -8321 
CPU side received count (scaleup: 2): -7252 -7330 -7314 -7417 -7322 -7540 -7344 -7440 # -8065 -8065 -8449 -8193 -8321 -8193 -8065 -8321 
5 -8065 
3 -8065 
Elastic buffer uses 4 channels per SM
Elastic buffer uses 4 channels per SM
Elastic buffer uses 4 channels per SM
Elastic buffer uses 4 channels per SM
Elastic buffer uses 4 channels per SM
Elastic buffer uses 4 channels per SM
Elastic buffer uses 4 channels per SM
Elastic buffer uses 4 channels per SM
CPU side received count (scaleup: 4): -7363 -7348 -7403 -7370 -7356 -7475 -7458 -7440 # -8193 -8193 -8193 -8193 -8321 -8321 -832CPU side received count (scaleup: 6): -7202 -7388 -7412 -7456 -7423 -7467 -7440 -7486 # -8193 -8193 -8193 -8321 -8193 -8193 -819CPU side received count (scaleup: 5): -7424 -7285 -7387 -7403 -7565 -7376 -7487 -7415 # -8321 -8321 -8193 -8193 -8193 -8193 -8191 -8193 
3 -8193 
CPU side received count (scaleup: 1): -7360 -7379 -7313 -7431 -7465 -7391 -7355 -7390 # -8193 -8065 -8193 -8193 -8193 -8193 -806CPU side received count (scaleup: 0): -7334 -7401 -7457 -7344 -7407 -7428 -7487 -7503 # -8321 -8065 -8321 -8321 -8321 -8321 -819CPU side received count (scaleup: 3): -7429 -7355 -7539 -7439 -7509 -7390 -7301 -7394 # -8193 -8321 -8321 -8449 -7937 -8193 -8323 -8065 
CPU side received count (scaleup: 7): -7465 -7476 -7412 -7494 -7408 -7513 -7461 -7568 # -8321 -8193 -8449 -8449 -8321 -8193 -8323 -8193 
CPU side received count (scaleup: 2): -7252 -7330 -7314 -7417 -7322 -7540 -7344 -7440 # -8065 -8065 -8449 -8193 -8321 -8193 -8065 -8321 
1 -8321 
5 -8065 
1 -8193 
Elastic buffer uses 4 channels per SM
Elastic buffer uses 4 channels per SM
Elastic buffer uses 4 channels per SM
Elastic buffer uses 4 channels per SM
Elastic buffer uses 4 channels per SM
Elastic buffer uses 4 channels per SM
Elastic buffer uses 4 channels per SM
Elastic buffer uses 4 channels per SM
CPU side received count (scaleup: 4): -7363 -7348 -7403 -7370 -7356 -7475 -7458 -7440 # -8193 -8193 -8193 -8193 -8321 -8321 -832CPU side received count (scaleup: 7): -7465 -7476 -7412 -7494 -7408 -7513 -7461 -7568 # -8321 -8193 -8449 -8449 -8321 -8193 -832CPU side received count (scaleup: 6): -7202 -7388 -7412 -7456 -7423 -7467 -7440 -7486 # -8193 -8193 -8193 -8321 -8193 -8193 -819CPU side received count (scaleup: 5): -7424 -7285 -7387 -7403 -7565 -7376 -7487 -7415 # -8321 -8321 -8193 -8193 -8193 -8193 -8193 -8193 
1 -8193 
1 -8193 
3 -8193 
CPU side received count (scaleup: 1): -7360 -7379 -7313 -7431 -7465 -7391 -7355 -7390 # -8193 -8065 -8193 -8193 -8193 -8193 -806CPU side received count (scaleup: 0): -7334 -7401 -7457 -7344 -7407 -7428 -7487 -7503 # -8321 -8065 -8321 -8321 -8321 -8321 -819CPU side received count (scaleup: 3): -7429 -7355 -7539 -7439 -7509 -7390 -7301 -7394 # -8193 -8321 -8321 -8449 -7937 -8193 -8325 -8321 
CPU side received count (scaleup: 2): -7252 -7330 -7314 -7417 -7322 -7540 -7344 -7440 # -8065 -8065 -8449 -8193 -8321 -8193 -8061 -8321 
3 -8065 
5 -8065 
Elastic buffer uses 4 channels per SM
Elastic buffer uses 4 channels per SM
Elastic buffer uses 4 channels per SM
Elastic buffer uses 4 channels per SM
Elastic buffer uses 4 channels per SM
Elastic buffer uses 4 channels per SM
Elastic buffer uses 4 channels per SM
Elastic buffer uses 4 channels per SM
CPU side received count (scaleup: 3): -7429 -7355 -7539 -7439 -7509 -7390 -7301 -7394 # -8193 -8321 -8321 -8449 -7937 -8193 -832CPU side received count (scaleup: 1): -7360 -7379 -7313 -7431 -7465 -7391 -7355 -7390 # -8193 -8065 -8193 -8193 -8193 -8193 -806CPU side received count (scaleup: 0): -7334 -7401 -7457 -7344 -7407 -7428 -7487 -7503 # -8321 -8065 -8321 -8321 -8321 -8321 -819CPU side received count (scaleup: 2): -7252 -7330 -7314 -7417 -7322 -7540 -7344 -7440 # -8065 -8065 -8449 -8193 -8321 -8193 -8065 -8321 
1 -8321 
3 -8065 
CPU side received count (scaleup: 7): -7465 -7476 -7412 -7494 -7408 -7513 -7461 -7568 # -8321 -8193 -8449 -8449 -8321 -8193 -832CPU side received count (scaleup: 4): -7363 -7348 -7403 -7370 -7356 -7475 -7458 -7440 # -8193 -8193 -8193 -8193 -8321 -8321 -832CPU side received count (scaleup: 6): -7202 -7388 -7412 -7456 -7423 -7467 -7440 -7486 # -8193 -8193 -8193 -8321 -8193 -8193 -819CPU side received count (scaleup: 5): -7424 -7285 -7387 -7403 -7565 -7376 -7487 -7415 # -8321 -8321 -8193 -8193 -8193 -8193 -8195 -8065 
1 -8193 
1 -8193 
3 -8193 
3 -8193 
USDT:2026-08-25 02:54:37 436:436 SyncActivityProfilerHandler.cpp:59] profiler_stop
USDT:2026-08-25 02:54:37 435:435 SyncActivityProfilerHandler.cpp:59] profiler_stopUSDT:2026-08-25 02:54:37 439:439 SyncActivityProfilerHandler.cpp:59] profiler_stop
USDT:2026-08-25 02:54:37 438:438 SyncActivityProfilerHandler.cpp:59] profiler_stopUSDT:2026-08-25 02:54:37 440:440 SyncActivityProfilerHandler.cpp:59] profiler_stopUSDT:2026-08-25 02:54:37 437:437 SyncActivityProfilerHandler.cpp:59] profiler_stop
USDT:2026-08-25 02:54:37 434:434 SyncActivityProfilerHandler.cpp:59] profiler_stopUSDT:2026-08-25 02:54:37 433:433 SyncActivityProfilerHandler.cpp:59] profiler_stop




   - EP:   2/32 | expanded dispatch: 51 GB/s (SO), 101 GB/s (SU), 4368.000 us, 441425088 bytes | copy: 2045 GB/s, 456.493 us
   - EP:   7/32 | expanded dispatch: 51 GB/s (SO), 102 GB/s (SU), 4369.000 us, 447700032 bytes | copy: 1957 GB/s, 484.026 us
   - EP:   3/32 | expanded dispatch: 51 GB/s (SO), 102 GB/s (SU), 4369.000 us, 444397824 bytes | copy: 2111 GB/s, 445.596 us
   - EP:   5/32 | expanded dispatch: 51 GB/s (SO), 102 GB/s (SU), 4369.000 us, 444292992 bytes | copy: 2196 GB/s, 427.502 us
   - EP:   6/32 | expanded dispatch: 51 GB/s (SO), 102 GB/s (SU), 4369.000 us, 443783808 bytes | copy: 1990 GB/s, 471.315 us
   - EP:   1/32 | expanded dispatch: 51 GB/s (SO), 101 GB/s (SU), 4369.000 us, 442361088 bytes | copy: 1971 GB/s, 473.954 us
   - EP:   4/32 | expanded dispatch: 51 GB/s (SO), 101 GB/s (SU), 4369.000 us, 443327040 bytes | copy: 1948 GB/s, 481.701 us
   - EP:   0/32 | expanded dispatch: 51 GB/s (SO), 102 GB/s (SU), 4368.000 us, 444435264 bytes | copy: 2028 GB/s, 463.764 us
Elastic buffer uses 4 channels per SM
Elastic buffer uses 4 channels per SM
Elastic buffer uses 4 channels per SM
Elastic buffer uses 4 channels per SM
Elastic buffer uses 4 channels per SM
Elastic buffer uses 4 channels per SM
Elastic buffer uses 4 channels per SM
Elastic buffer uses 4 channels per SM
Elastic buffer uses 4 channels per SM
Elastic buffer uses 4 channels per SM
Elastic buffer uses 4 channels per SM
Elastic buffer uses 4 channels per SM
Elastic buffer uses 4 channels per SM
Elastic buffer uses 4 channels per SM
Elastic buffer uses 4 channels per SM
Elastic buffer uses 4 channels per SM
Elastic buffer uses 4 channels per SM
Elastic buffer uses 4 channels per SM
Elastic buffer uses 4 channels per SM
Elastic buffer uses 4 channels per SM
Elastic buffer uses 4 channels per SM
Elastic buffer uses 4 channels per SM
Elastic buffer uses 4 channels per SM
Elastic buffer uses 4 channels per SM
Elastic buffer uses 4 channels per SM
Elastic buffer uses 4 channels per SM
Elastic buffer uses 4 channels per SM
Elastic buffer uses 4 channels per SM
Elastic buffer uses 4 channels per SM
Elastic buffer uses 4 channels per SM
Elastic buffer uses 4 channels per SM
Elastic buffer uses 4 channels per SM
Elastic buffer uses 4 channels per SM
Elastic buffer uses 4 channels per SM
Elastic buffer uses 4 channels per SM
Elastic buffer uses 4 channels per SM
Elastic buffer uses 4 channels per SM
Elastic buffer uses 4 channels per SM
Elastic buffer uses 4 channels per SM
Elastic buffer uses 4 channels per SM
Elastic buffer uses 4 channels per SM
Elastic buffer uses 4 channels per SM
Elastic buffer uses 4 channels per SM
Elastic buffer uses 4 channels per SM
Elastic buffer uses 4 channels per SM
Elastic buffer uses 4 channels per SM
Elastic buffer uses 4 channels per SM
Elastic buffer uses 4 channels per SM
Elastic buffer uses 4 channels per SM
Elastic buffer uses 4 channels per SM
Elastic buffer uses 4 channels per SM
Elastic buffer uses 4 channels per SM
Elastic buffer uses 4 channels per SM
Elastic buffer uses 4 channels per SM
Elastic buffer uses 4 channels per SM
Elastic buffer uses 4 channels per SM
Elastic buffer uses 4 channels per SM
Elastic buffer uses 4 channels per SM
Elastic buffer uses 4 channels per SM
Elastic buffer uses 4 channels per SM
Elastic buffer uses 4 channels per SM
Elastic buffer uses 4 channels per SM
Elastic buffer uses 4 channels per SM
Elastic buffer uses 4 channels per SM
Elastic buffer uses 4 channels per SM
Elastic buffer uses 4 channels per SM
Elastic buffer uses 4 channels per SM
Elastic buffer uses 4 channels per SM
Elastic buffer uses 4 channels per SM
Elastic buffer uses 4 channels per SM
Elastic buffer uses 4 channels per SM
Elastic buffer uses 4 channels per SM
Elastic buffer uses 4 channels per SM
Elastic buffer uses 4 channels per SM
Elastic buffer uses 4 channels per SM
Elastic buffer uses 4 channels per SM
Elastic buffer uses 4 channels per SM
Elastic buffer uses 4 channels per SM
Elastic buffer uses 4 channels per SM
Elastic buffer uses 4 channels per SM
Elastic buffer uses 4 channels per SM
Elastic buffer uses 4 channels per SM
Elastic buffer uses 4 channels per SM
Elastic buffer uses 4 channels per SM
Elastic buffer uses 4 channels per SM
Elastic buffer uses 4 channels per SM
Elastic buffer uses 4 channels per SM
Elastic buffer uses 4 channels per SM
Elastic buffer uses 4 channels per SM
Elastic buffer uses 4 channels per SM
Elastic buffer uses 4 channels per SM
Elastic buffer uses 4 channels per SM
Elastic buffer uses 4 channels per SM
Elastic buffer uses 4 channels per SM
Elastic buffer uses 4 channels per SM
Elastic buffer uses 4 channels per SM
Elastic buffer uses 4 channels per SM
Elastic buffer uses 4 channels per SM
Elastic buffer uses 4 channels per SM
Elastic buffer uses 4 channels per SM
Elastic buffer uses 4 channels per SM
Elastic buffer uses 4 channels per SM
Elastic buffer uses 4 channels per SM
Elastic buffer uses 4 channels per SM
Elastic buffer uses 4 channels per SM
Elastic buffer uses 4 channels per SM
Elastic buffer uses 4 channels per SM
Elastic buffer uses 4 channels per SM
Elastic buffer uses 4 channels per SM
Elastic buffer uses 4 channels per SM
Elastic buffer uses 4 channels per SM
Elastic buffer uses 4 channels per SM
Elastic buffer uses 4 channels per SM
Elastic buffer uses 4 channels per SM
Elastic buffer uses 4 channels per SM
Elastic buffer uses 4 channels per SM
Elastic buffer uses 4 channels per SM
Elastic buffer uses 4 channels per SM
Elastic buffer uses 4 channels per SM
Elastic buffer uses 4 channels per SM
Elastic buffer uses 4 channels per SM
Elastic buffer uses 4 channels per SM
Elastic buffer uses 4 channels per SM
Elastic buffer uses 4 channels per SM
Elastic buffer uses 4 channels per SM
Elastic buffer uses 4 channels per SM
Elastic buffer uses 4 channels per SM
Elastic buffer uses 4 channels per SM
Elastic buffer uses 4 channels per SM
Elastic buffer uses 4 channels per SM
Elastic buffer uses 4 channels per SM
Elastic buffer uses 4 channels per SM
Elastic buffer uses 4 channels per SM
Elastic buffer uses 4 channels per SM
Elastic buffer uses 4 channels per SM
Elastic buffer uses 4 channels per SM
Elastic buffer uses 4 channels per SM
Elastic buffer uses 4 channels per SM
Elastic buffer uses 4 channels per SM
Elastic buffer uses 4 channels per SM
Elastic buffer uses 4 channels per SM
Elastic buffer uses 4 channels per SM
Elastic buffer uses 4 channels per SM
Elastic buffer uses 4 channels per SM
Elastic buffer uses 4 channels per SM
Elastic buffer uses 4 channels per SM
Elastic buffer uses 4 channels per SM
Elastic buffer uses 4 channels per SM
Elastic buffer uses 4 channels per SM
Elastic buffer uses 4 channels per SM
Elastic buffer uses 4 channels per SM
Elastic buffer uses 4 channels per SM
Elastic buffer uses 4 channels per SM
Elastic buffer uses 4 channels per SM
Elastic buffer uses 4 channels per SM
Elastic buffer uses 4 channels per SM
Elastic buffer uses 4 channels per SM
Elastic buffer uses 4 channels per SM
Elastic buffer uses 4 channels per SM
Elastic buffer uses 4 channels per SM
Elastic buffer uses 4 channels per SM
Elastic buffer uses 4 channels per SM
Elastic buffer uses 4 channels per SM
Elastic buffer uses 4 channels per SM
Elastic buffer uses 4 channels per SM
Elastic buffer uses 4 channels per SM
Elastic buffer uses 4 channels per SM
Elastic buffer uses 4 channels per SM
Elastic buffer uses 4 channels per SM
Elastic buffer uses 4 channels per SM
Elastic buffer uses 4 channels per SM
Elastic buffer uses 4 channels per SM
Elastic buffer uses 4 channels per SM
Elastic buffer uses 4 channels per SM
Elastic buffer uses 4 channels per SM
Elastic buffer uses 4 channels per SM
Elastic buffer uses 4 channels per SM
Elastic buffer uses 4 channels per SM
Elastic buffer uses 4 channels per SM
Elastic buffer uses 4 channels per SM
Elastic buffer uses 4 channels per SM
Elastic buffer uses 4 channels per SM
Elastic buffer uses 4 channels per SM
Elastic buffer uses 4 channels per SM
Elastic buffer uses 4 channels per SM
Elastic buffer uses 4 channels per SM
Elastic buffer uses 4 channels per SM
Elastic buffer uses 4 channels per SM
Elastic buffer uses 4 channels per SM
Elastic buffer uses 4 channels per SM
Elastic buffer uses 4 channels per SM
Elastic buffer uses 4 channels per SM
Elastic buffer uses 4 channels per SM
Elastic buffer uses 4 channels per SM
Elastic buffer uses 4 channels per SM
Elastic buffer uses 4 channels per SM
Elastic buffer uses 4 channels per SM
Elastic buffer uses 4 channels per SM
Elastic buffer uses 4 channels per SM
Elastic buffer uses 4 channels per SM
Elastic buffer uses 4 channels per SM
Elastic buffer uses 4 channels per SM
Elastic buffer uses 4 channels per SM
Elastic buffer uses 4 channels per SM
Elastic buffer uses 4 channels per SM
Elastic buffer uses 4 channels per SM
Elastic buffer uses 4 channels per SM
Elastic buffer uses 4 channels per SM
Elastic buffer uses 4 channels per SM
Elastic buffer uses 4 channels per SM
Elastic buffer uses 4 channels per SM
Elastic buffer uses 4 channels per SM
Elastic buffer uses 4 channels per SM
Elastic buffer uses 4 channels per SM
Elastic buffer uses 4 channels per SM
Elastic buffer uses 4 channels per SM
Elastic buffer uses 4 channels per SM
Elastic buffer uses 4 channels per SM
Elastic buffer uses 4 channels per SM
Elastic buffer uses 4 channels per SM
Elastic buffer uses 4 channels per SM
Elastic buffer uses 4 channels per SM
Elastic buffer uses 4 channels per SM
Elastic buffer uses 4 channels per SM
Elastic buffer uses 4 channels per SM
Elastic buffer uses 4 channels per SM
Elastic buffer uses 4 channels per SM
Elastic buffer uses 4 channels per SM
Elastic buffer uses 4 channels per SM
Elastic buffer uses 4 channels per SM
Elastic buffer uses 4 channels per SM
Elastic buffer uses 4 channels per SM
Elastic buffer uses 4 channels per SM
Elastic buffer uses 4 channels per SM
Elastic buffer uses 4 channels per SM
Elastic buffer uses 4 channels per SM
Elastic buffer uses 4 channels per SM
Elastic buffer uses 4 channels per SM
Elastic buffer uses 4 channels per SM
Elastic buffer uses 4 channels per SM
Elastic buffer uses 4 channels per SM
Elastic buffer uses 4 channels per SM
Elastic buffer uses 4 channels per SM
Elastic buffer uses 4 channels per SM
Elastic buffer uses 4 channels per SM
Elastic buffer uses 4 channels per SM
Elastic buffer uses 4 channels per SM
Elastic buffer uses 4 channels per SM
USDT:2026-08-25 02:54:38 437:437 SyncActivityProfilerHandler.cpp:52] profiler_startUSDT:2026-08-25 02:54:38 439:439 SyncActivityProfilerHandler.cpp:52] profiler_startUSDT:2026-08-25 02:54:38 438:438 SyncActivityProfilerHandler.cpp:52] profiler_startUSDT:2026-08-25 02:54:38 436:436 SyncActivityProfilerHandler.cpp:52] profiler_start
USDT:2026-08-25 02:54:38 435:435 SyncActivityProfilerHandler.cpp:52] profiler_start

USDT:2026-08-25 02:54:38 440:440 SyncActivityProfilerHandler.cpp:52] profiler_start
USDT:2026-08-25 02:54:38 433:433 SyncActivityProfilerHandler.cpp:52] profiler_start
USDT:2026-08-25 02:54:38 434:434 SyncActivityProfilerHandler.cpp:52] profiler_start


Elastic buffer uses 4 channels per SM
Elastic buffer uses 4 channels per SM
Elastic buffer uses 4 channels per SM
Elastic buffer uses 4 channels per SM
Elastic buffer uses 4 channels per SM
Elastic buffer uses 4 channels per SM
Elastic buffer uses 4 channels per SM
Elastic buffer uses 4 channels per SM
Elastic buffer uses 4 channels per SM
Elastic buffer uses 4 channels per SM
Elastic buffer uses 4 channels per SM
Elastic buffer uses 4 channels per SM
Elastic buffer uses 4 channels per SM
Elastic buffer uses 4 channels per SM
Elastic buffer uses 4 channels per SM
Elastic buffer uses 4 channels per SM
Elastic buffer uses 4 channels per SM
Elastic buffer uses 4 channels per SM
Elastic buffer uses 4 channels per SM
Elastic buffer uses 4 channels per SM
Elastic buffer uses 4 channels per SM
Elastic buffer uses 4 channels per SM
Elastic buffer uses 4 channels per SM
Elastic buffer uses 4 channels per SM
Elastic buffer uses 4 channels per SM
Elastic buffer uses 4 channels per SM
Elastic buffer uses 4 channels per SM
Elastic buffer uses 4 channels per SM
Elastic buffer uses 4 channels per SM
Elastic buffer uses 4 channels per SM
Elastic buffer uses 4 channels per SM
Elastic buffer uses 4 channels per SM
Elastic buffer uses 4 channels per SM
Elastic buffer uses 4 channels per SM
Elastic buffer uses 4 channels per SM
Elastic buffer uses 4 channels per SM
Elastic buffer uses 4 channels per SM
Elastic buffer uses 4 channels per SM
Elastic buffer uses 4 channels per SM
Elastic buffer uses 4 channels per SM
Elastic buffer uses 4 channels per SM
Elastic buffer uses 4 channels per SM
Elastic buffer uses 4 channels per SM
Elastic buffer uses 4 channels per SM
Elastic buffer uses 4 channels per SM
Elastic buffer uses 4 channels per SM
Elastic buffer uses 4 channels per SM
Elastic buffer uses 4 channels per SM
Elastic buffer uses 4 channels per SM
Elastic buffer uses 4 channels per SM
Elastic buffer uses 4 channels per SM
Elastic buffer uses 4 channels per SM
Elastic buffer uses 4 channels per SM
Elastic buffer uses 4 channels per SM
Elastic buffer uses 4 channels per SM
Elastic buffer uses 4 channels per SM
Elastic buffer uses 4 channels per SM
Elastic buffer uses 4 channels per SM
Elastic buffer uses 4 channels per SM
Elastic buffer uses 4 channels per SM
Elastic buffer uses 4 channels per SM
Elastic buffer uses 4 channels per SM
Elastic buffer uses 4 channels per SM
Elastic buffer uses 4 channels per SM
Elastic buffer uses 4 channels per SM
Elastic buffer uses 4 channels per SM
Elastic buffer uses 4 channels per SM
Elastic buffer uses 4 channels per SM
Elastic buffer uses 4 channels per SM
Elastic buffer uses 4 channels per SM
Elastic buffer uses 4 channels per SM
Elastic buffer uses 4 channels per SM
Elastic buffer uses 4 channels per SM
Elastic buffer uses 4 channels per SM
Elastic buffer uses 4 channels per SM
Elastic buffer uses 4 channels per SM
Elastic buffer uses 4 channels per SM
Elastic buffer uses 4 channels per SM
Elastic buffer uses 4 channels per SM
Elastic buffer uses 4 channels per SM
Elastic buffer uses 4 channels per SM
Elastic buffer uses 4 channels per SM
Elastic buffer uses 4 channels per SM
Elastic buffer uses 4 channels per SM
Elastic buffer uses 4 channels per SM
Elastic buffer uses 4 channels per SM
Elastic buffer uses 4 channels per SM
Elastic buffer uses 4 channels per SM
Elastic buffer uses 4 channels per SM
Elastic buffer uses 4 channels per SM
Elastic buffer uses 4 channels per SM
Elastic buffer uses 4 channels per SM
Elastic buffer uses 4 channels per SM
Elastic buffer uses 4 channels per SM
Elastic buffer uses 4 channels per SM
Elastic buffer uses 4 channels per SM
Elastic buffer uses 4 channels per SM
Elastic buffer uses 4 channels per SM
Elastic buffer uses 4 channels per SM
Elastic buffer uses 4 channels per SM
Elastic buffer uses 4 channels per SM
Elastic buffer uses 4 channels per SM
Elastic buffer uses 4 channels per SM
Elastic buffer uses 4 channels per SM
Elastic buffer uses 4 channels per SM
Elastic buffer uses 4 channels per SM
Elastic buffer uses 4 channels per SM
Elastic buffer uses 4 channels per SM
Elastic buffer uses 4 channels per SM
Elastic buffer uses 4 channels per SM
Elastic buffer uses 4 channels per SM
Elastic buffer uses 4 channels per SM
Elastic buffer uses 4 channels per SM
Elastic buffer uses 4 channels per SM
Elastic buffer uses 4 channels per SM
Elastic buffer uses 4 channels per SM
Elastic buffer uses 4 channels per SM
Elastic buffer uses 4 channels per SM
Elastic buffer uses 4 channels per SM
Elastic buffer uses 4 channels per SM
Elastic buffer uses 4 channels per SM
Elastic buffer uses 4 channels per SM
Elastic buffer uses 4 channels per SM
Elastic buffer uses 4 channels per SM
Elastic buffer uses 4 channels per SM
Elastic buffer uses 4 channels per SM
Elastic buffer uses 4 channels per SM
Elastic buffer uses 4 channels per SM
Elastic buffer uses 4 channels per SM
Elastic buffer uses 4 channels per SM
Elastic buffer uses 4 channels per SM
Elastic buffer uses 4 channels per SM
Elastic buffer uses 4 channels per SM
Elastic buffer uses 4 channels per SM
Elastic buffer uses 4 channels per SM
Elastic buffer uses 4 channels per SM
Elastic buffer uses 4 channels per SM
Elastic buffer uses 4 channels per SM
Elastic buffer uses 4 channels per SM
Elastic buffer uses 4 channels per SM
Elastic buffer uses 4 channels per SM
Elastic buffer uses 4 channels per SM
Elastic buffer uses 4 channels per SM
Elastic buffer uses 4 channels per SM
Elastic buffer uses 4 channels per SM
Elastic buffer uses 4 channels per SM
Elastic buffer uses 4 channels per SM
Elastic buffer uses 4 channels per SM
Elastic buffer uses 4 channels per SM
Elastic buffer uses 4 channels per SM
Elastic buffer uses 4 channels per SM
Elastic buffer uses 4 channels per SM
Elastic buffer uses 4 channels per SM
Elastic buffer uses 4 channels per SM
Elastic buffer uses 4 channels per SM
Elastic buffer uses 4 channels per SM
Elastic buffer uses 4 channels per SM
Elastic buffer uses 4 channels per SM
Elastic buffer uses 4 channels per SM
Elastic buffer uses 4 channels per SM
Elastic buffer uses 4 channels per SM
Elastic buffer uses 4 channels per SM
Elastic buffer uses 4 channels per SM
Elastic buffer uses 4 channels per SM
Elastic buffer uses 4 channels per SM
Elastic buffer uses 4 channels per SM
Elastic buffer uses 4 channels per SM
Elastic buffer uses 4 channels per SM
Elastic buffer uses 4 channels per SM
Elastic buffer uses 4 channels per SM
Elastic buffer uses 4 channels per SM
Elastic buffer uses 4 channels per SM
Elastic buffer uses 4 channels per SM
Elastic buffer uses 4 channels per SM
Elastic buffer uses 4 channels per SM
Elastic buffer uses 4 channels per SM
Elastic buffer uses 4 channels per SM
Elastic buffer uses 4 channels per SM
Elastic buffer uses 4 channels per SM
Elastic buffer uses 4 channels per SM
Elastic buffer uses 4 channels per SM
Elastic buffer uses 4 channels per SM
Elastic buffer uses 4 channels per SM
Elastic buffer uses 4 channels per SM
Elastic buffer uses 4 channels per SM
Elastic buffer uses 4 channels per SM
Elastic buffer uses 4 channels per SM
Elastic buffer uses 4 channels per SM
Elastic buffer uses 4 channels per SM
Elastic buffer uses 4 channels per SM
Elastic buffer uses 4 channels per SM
Elastic buffer uses 4 channels per SM
Elastic buffer uses 4 channels per SM
Elastic buffer uses 4 channels per SM
Elastic buffer uses 4 channels per SM
Elastic buffer uses 4 channels per SM
Elastic buffer uses 4 channels per SM
Elastic buffer uses 4 channels per SM
Elastic buffer uses 4 channels per SM
Elastic buffer uses 4 channels per SM
Elastic buffer uses 4 channels per SM
Elastic buffer uses 4 channels per SM
Elastic buffer uses 4 channels per SM
Elastic buffer uses 4 channels per SM
Elastic buffer uses 4 channels per SM
Elastic buffer uses 4 channels per SM
Elastic buffer uses 4 channels per SM
Elastic buffer uses 4 channels per SM
Elastic buffer uses 4 channels per SM
Elastic buffer uses 4 channels per SM
Elastic buffer uses 4 channels per SM
Elastic buffer uses 4 channels per SM
Elastic buffer uses 4 channels per SM
Elastic buffer uses 4 channels per SM
Elastic buffer uses 4 channels per SM
Elastic buffer uses 4 channels per SM
Elastic buffer uses 4 channels per SM
Elastic buffer uses 4 channels per SM
Elastic buffer uses 4 channels per SM
Elastic buffer uses 4 channels per SM
Elastic buffer uses 4 channels per SM
Elastic buffer uses 4 channels per SM
Elastic buffer uses 4 channels per SM
Elastic buffer uses 4 channels per SM
Elastic buffer uses 4 channels per SM
Elastic buffer uses 4 channels per SM
Elastic buffer uses 4 channels per SM
Elastic buffer uses 4 channels per SM
Elastic buffer uses 4 channels per SM
Elastic buffer uses 4 channels per SM
Elastic buffer uses 4 channels per SM
Elastic buffer uses 4 channels per SM
Elastic buffer uses 4 channels per SM
Elastic buffer uses 4 channels per SM
Elastic buffer uses 4 channels per SM
Elastic buffer uses 4 channels per SM
Elastic buffer uses 4 channels per SM
Elastic buffer uses 4 channels per SM
Elastic buffer uses 4 channels per SM
Elastic buffer uses 4 channels per SM
USDT:2026-08-25 02:54:38 433:433 SyncActivityProfilerHandler.cpp:59] profiler_stop
USDT:2026-08-25 02:54:38 434:434 SyncActivityProfilerHandler.cpp:59] profiler_stopUSDT:2026-08-25 02:54:38 436:436 SyncActivityProfilerHandler.cpp:59] profiler_stopUSDT:2026-08-25 02:54:38 438:438 SyncActivityProfilerHandler.cpp:59] profiler_stop

USDT:2026-08-25 02:54:38 435:435 SyncActivityProfilerHandler.cpp:59] profiler_stop
USDT:2026-08-25 02:54:38 440:440 SyncActivityProfilerHandler.cpp:59] profiler_stop

USDT:2026-08-25 02:54:38 439:439 SyncActivityProfilerHandler.cpp:59] profiler_stop
USDT:2026-08-25 02:54:38 437:437 SyncActivityProfilerHandler.cpp:59] profiler_stop
   # EP:   7/32 | cached dispatch: 51 GB/s (SO), 103 GB/s (SU), 4341.000 us, 447700032 bytes | copy: 2413 GB/s, 371.132 us
   # EP:   2/32 | cached dispatch: 51 GB/s (SO), 102 GB/s (SU), 4341.000 us, 441425088 bytes | copy: 2276 GB/s, 387.974 us
   # EP:   3/32 | cached dispatch: 51 GB/s (SO), 102 GB/s (SU), 4341.000 us, 444397824 bytes | copy: 2107 GB/s, 421.883 us
   # EP:   6/32 | cached dispatch: 51 GB/s (SO), 102 GB/s (SU), 4341.000 us, 443783808 bytes | copy: 2247 GB/s, 394.971 us
   # EP:   5/32 | cached dispatch: 51 GB/s (SO), 102 GB/s (SU), 4341.000 us, 444292992 bytes | copy: 2336 GB/s, 380.434 us
   # EP:   1/32 | cached dispatch: 51 GB/s (SO), 102 GB/s (SU), 4341.000 us, 442361088 bytes | copy: 2584 GB/s, 342.329 us
   # EP:   4/32 | cached dispatch: 51 GB/s (SO), 102 GB/s (SU), 4341.000 us, 443327040 bytes | copy: 2489 GB/s, 356.219 us
   # EP:   0/32 | cached dispatch: 51 GB/s (SO), 102 GB/s (SU), 4341.000 us, 444435264 bytes | copy: 2301 GB/s, 386.297 us
USDT:2026-08-25 02:54:39 439:439 SyncActivityProfilerHandler.cpp:52] profiler_startUSDT:2026-08-25 02:54:39 435:435 SyncActivityProfilerHandler.cpp:52] profiler_start

USDT:2026-08-25 02:54:39 440:440 SyncActivityProfilerHandler.cpp:52] profiler_start
USDT:2026-08-25 02:54:39 434:434 SyncActivityProfilerHandler.cpp:52] profiler_startUSDT:2026-08-25 02:54:39 433:433 SyncActivityProfilerHandler.cpp:52] profiler_start

USDT:2026-08-25 02:54:39 436:436 SyncActivityProfilerHandler.cpp:52] profiler_start
USDT:2026-08-25 02:54:39 437:437 SyncActivityProfilerHandler.cpp:52] profiler_start
USDT:2026-08-25 02:54:39 438:438 SyncActivityProfilerHandler.cpp:52] profiler_start
USDT:2026-08-25 02:54:40 439:439 SyncActivityProfilerHandler.cpp:59] profiler_stop
USDT:2026-08-25 02:54:40 437:437 SyncActivityProfilerHandler.cpp:59] profiler_stop
USDT:2026-08-25 02:54:40 433:433 SyncActivityProfilerHandler.cpp:59] profiler_stop
USDT:2026-08-25 02:54:40 434:434 SyncActivityProfilerHandler.cpp:59] profiler_stop
USDT:2026-08-25 02:54:40 440:440 SyncActivityProfilerHandler.cpp:59] profiler_stop
USDT:2026-08-25 02:54:40 436:436 SyncActivityProfilerHandler.cpp:59] profiler_stop
USDT:2026-08-25 02:54:40 438:438 SyncActivityProfilerHandler.cpp:59] profiler_stop
USDT:2026-08-25 02:54:40 435:435 SyncActivityProfilerHandler.cpp:59] profiler_stop
   @ EP:   3/32 | combine: 54 GB/s (SO), 109 GB/s (SU), 7799.000 us, 852712064 bytes | reduce: 3584 GB/s, 151.024 us
   @ EP:   6/32 | combine: 55 GB/s (SO), 110 GB/s (SU), 7746.000 us, 851533888 bytes | reduce: 3599 GB/s, 150.854 us   @ EP:   1/32 | combine: 54 GB/s (SO), 108 GB/s (SU), 7849.000 us, 848803968 bytes | reduce: 3584 GB/s, 151.648 us

   @ EP:   0/32 | combine: 54 GB/s (SO), 109 GB/s (SU), 7839.000 us, 852783904 bytes | reduce: 3596 GB/s, 151.019 us
   @ EP:   2/32 | combine: 54 GB/s (SO), 107 GB/s (SU), 7920.000 us, 847007968 bytes | reduce: 3601 GB/s, 150.987 us
   @ EP:   5/32 | combine: 54 GB/s (SO), 109 GB/s (SU), 7841.000 us, 852510912 bytes | reduce: 3601 GB/s, 150.848 us
   @ EP:   7/32 | combine: 55 GB/s (SO), 111 GB/s (SU), 7765.000 us, 859048352 bytes | reduce: 3601 GB/s, 150.636 us
   @ EP:   4/32 | combine: 55 GB/s (SO), 110 GB/s (SU), 7754.000 us, 850657440 bytes | reduce: 3567 GB/s, 151.926 us
USDT:2026-08-25 02:54:40 436:436 SyncActivityProfilerHandler.cpp:52] profiler_start
USDT:2026-08-25 02:54:40 439:439 SyncActivityProfilerHandler.cpp:52] profiler_start
USDT:2026-08-25 02:54:40 437:437 SyncActivityProfilerHandler.cpp:52] profiler_startUSDT:2026-08-25 02:54:40 438:438 SyncActivityProfilerHandler.cpp:52] profiler_start

USDT:2026-08-25 02:54:40 440:440 SyncActivityProfilerHandler.cpp:52] profiler_start
USDT:2026-08-25 02:54:40 434:434 SyncActivityProfilerHandler.cpp:52] profiler_start
USDT:2026-08-25 02:54:40 433:433 SyncActivityProfilerHandler.cpp:52] profiler_start
USDT:2026-08-25 02:54:40 435:435 SyncActivityProfilerHandler.cpp:52] profiler_start
USDT:2026-08-25 02:54:41 436:436 SyncActivityProfilerHandler.cpp:59] profiler_stop
USDT:2026-08-25 02:54:41 434:434 SyncActivityProfilerHandler.cpp:59] profiler_stopUSDT:2026-08-25 02:54:41 438:438 SyncActivityProfilerHandler.cpp:59] profiler_stop

USDT:2026-08-25 02:54:41 437:437 SyncActivityProfilerHandler.cpp:59] profiler_stop
USDT:2026-08-25 02:54:41 439:439 SyncActivityProfilerHandler.cpp:59] profiler_stop
USDT:2026-08-25 02:54:41 440:440 SyncActivityProfilerHandler.cpp:59] profiler_stop
USDT:2026-08-25 02:54:41 433:433 SyncActivityProfilerHandler.cpp:59] profiler_stop
USDT:2026-08-25 02:54:41 435:435 SyncActivityProfilerHandler.cpp:59] profiler_stop
   + EP:   3/32 | reduced combine: 55 GB/s (SO), 110 GB/s (SU), 7737.000 us, 852712064 bytes | reduce: 3590 GB/s, 150.807 us
   + EP:   1/32 | reduced combine: 55 GB/s (SO), 110 GB/s (SU), 7724.000 us, 848803968 bytes | reduce: 3577 GB/s, 151.941 us
   + EP:   6/32 | reduced combine: 55 GB/s (SO), 109 GB/s (SU), 7794.000 us, 851533888 bytes | reduce: 3594 GB/s, 151.034 us
   + EP:   5/32 | reduced combine: 55 GB/s (SO), 110 GB/s (SU), 7731.000 us, 852510912 bytes | reduce: 3600 GB/s, 150.909 us
   + EP:   0/32 | reduced combine: 55 GB/s (SO), 109 GB/s (SU), 7800.000 us, 852783904 bytes | reduce: 3597 GB/s, 150.955 us
   + EP:   7/32 | reduced combine: 54 GB/s (SO), 109 GB/s (SU), 7881.000 us, 859048352 bytes | reduce: 3598 GB/s, 150.792 us
   + EP:   2/32 | reduced combine: 52 GB/s (SO), 103 GB/s (SU), 8240.000 us, 847007968 bytes | reduce: 3586 GB/s, 151.618 us
   + EP:   4/32 | reduced combine: 55 GB/s (SO), 109 GB/s (SU), 7784.000 us, 850657440 bytes | reduce: 3562 GB/s, 152.155 us

Elastic buffer uses 4 channels per SM
Elastic buffer uses 4 channels per SM
Elastic buffer uses 4 channels per SM
Elastic buffer uses 4 channels per SM
Elastic buffer uses 4 channels per SM
Elastic buffer uses 4 channels per SM
Elastic buffer uses 4 channels per SM
Elastic buffer uses 4 channels per SM
CPU side received count (scaleup: 1): -7360 -7379 -7313 -7431 -7465 -7391 -7355 -7390 # -8193 -8065 -8193 -8193 -8193 -8193 -806CPU side received count (scaleup: 4): -7363 -7348 -7403 -7370 -7356 -7475 -7458 -7440 # -8193 -8193 -8193 -8193 -8321 -8321 -832CPU side received count (scaleup: 6): -7202 -7388 -7412 -7456 -7423 -7467 -7440 -7486 # -8193 -8193 -8193 -8321 -8193 -8193 -819CPU side received count (scaleup: 5): -7424 -7285 -7387 -7403 -7565 -7376 -7487 -7415 # -8321 -8321 -8193 -8193 -8193 -8193 -8195 -8321 
1 -8193 
CPU side received count (scaleup: 2): -7252 -7330 -7314 -7417 -7322 -7540 -7344 -7440 # -8065 -8065 -8449 -8193 -8321 -8193 -806CPU side received count (scaleup: 3): -7429 -7355 -7539 -7439 -7509 -7390 -7301 -7394 # -8193 -8321 -8321 -8449 -7937 -8193 -8323 -8193 
5 -8065 
CPU side received count (scaleup: 0): -7334 -7401 -7457 -7344 -7407 -7428 -7487 -7503 # -8321 -8065 -8321 -8321 -8321 -8321 -8191 -8321 
CPU side received count (scaleup: 7): -7465 -7476 -7412 -7494 -7408 -7513 -7461 -7568 # -8321 -8193 -8449 -8449 -8321 -8193 -8323 -8193 
3 -8065 
1 -8193 

