=== EP_NIC_NAME=rdmap110s0 (auto, 200 Gb/s) ===
+ docker run --rm --gpus all --privileged --network=host --ipc=host --ulimit memlock=-1 --ulimit stack=67108864 --device=/dev/infiniband --device=/dev/gdrdrv -v /sys/class/infiniband:/sys/class/infiniband:ro -e MASTER_ADDR=172.31.20.74 -e MASTER_PORT=29584 -e WORLD_SIZE=4 -e RANK=2 -e NCCL_DEBUG=WARN -e EP_NIC_NAME=rdmap110s0 -e EP_BUFFER_DEBUG=1 -e PYTHONUNBUFFERED=1 -e PYTHONFAULTHANDLER=1 deepep-v2-efa-official:dev bash -lc 'timeout -s ABRT --kill-after=60 1500     python3 -u /opt/DeepEP/tests/elastic/test_ep.py     --num-processes=8 --num-tokens=128     --hidden=7168 --num-topk=8 --num-experts=256     --num-sms=12 --allow-hybrid-mode=1     --prefer-overlap-with-compute=0 --test-first-only      '

==========
== CUDA ==
==========

CUDA Version 13.0.2

Container image Copyright (c) 2016-2023, NVIDIA CORPORATION & AFFILIATES. All rights reserved.

This container image and its contents are governed by the NVIDIA Deep Learning Container License.
By pulling and using the container, you accept the terms and conditions of this license:
https://developer.nvidia.com/ngc/nvidia-deep-learning-container-license

A copy of this license is made available in this container at /NGC-DL-CONTAINER-LICENSE for your convenience.

DeepEP hybrid kernel selection: unordered
DeepEP hybrid kernel selection: unordered
DeepEP hybrid kernel selection: unordered
Initializing EP elastic buffer with 681574400 bytes (cpu: 0) at rank EP 21/32DeepEP hybrid kernel selection: unordered

Initializing EP elastic buffer with 681574400 bytes (cpu: 0) at rank EP 20/32Initializing EP elastic buffer with 681574400 bytes (cpu: 0) at rank EP 22/32

Initializing EP elastic buffer with 681574400 bytes (cpu: 0) at rank EP 23/32
DeepEP hybrid kernel selection: unordered
DeepEP hybrid kernel selection: unordered
DeepEP hybrid kernel selection: unordered
Initializing EP elastic buffer with 681574400 bytes (cpu: 0) at rank EP 18/32Initializing EP elastic buffer with 681574400 bytes (cpu: 0) at rank EP 19/32Initializing EP elastic buffer with 681574400 bytes (cpu: 0) at rank EP 16/32


DeepEP initialized with NCCL version: 2.31.2 (loaded library)
DeepEP initialized with NCCL version: 2.31.2 (loaded library)
DeepEP initialized with NCCL version: 2.31.2 (loaded library)
EP NCCL device communicator has 0 allocated QPs
EP NCCL device communicator has 0 allocated QPs
EP NCCL device communicator has 0 allocated QPs
DeepEP hybrid kernel selection: unordered
DeepEP hybrid kernel selection: unordered
DeepEP hybrid kernel selection: unordered
GIN layout: gin_context_cnt=11, gin_indexed_signals_cnt=21, num_qp=11
GIN layout: gin_context_cnt=11, gin_indexed_signals_cnt=21, num_qp=11
GIN layout: gin_context_cnt=11, gin_indexed_signals_cnt=21, num_qp=11
DeepEP initialized with NCCL version: 2.31.2 (loaded library)
EP NCCL device communicator has 0 allocated QPs
DeepEP hybrid kernel selection: unordered
GIN layout: gin_context_cnt=11, gin_indexed_signals_cnt=21, num_qp=11
DeepEP initialized with NCCL version: 2.31.2 (loaded library)
DeepEP initialized with NCCL version: 2.31.2 (loaded library)
DeepEP hybrid kernel selection: unordered
DeepEP initialized with NCCL version: 2.31.2 (loaded library)
EP NCCL device communicator has 0 allocated QPs
EP NCCL device communicator has 0 allocated QPs
EP NCCL device communicator has 0 allocated QPs
DeepEP hybrid kernel selection: unordered
DeepEP hybrid kernel selection: unordered
DeepEP hybrid kernel selection: unordered
GIN layout: gin_context_cnt=11, gin_indexed_signals_cnt=21, num_qp=11
GIN layout: gin_context_cnt=11, gin_indexed_signals_cnt=21, num_qp=11
GIN layout: gin_context_cnt=11, gin_indexed_signals_cnt=21, num_qp=11
Initializing EP elastic buffer with 681574400 bytes (cpu: 0) at rank EP 17/32
DeepEP initialized with NCCL version: 2.31.2 (loaded library)
EP NCCL device communicator has 0 allocated QPs
DeepEP hybrid kernel selection: unordered
GIN layout: gin_context_cnt=11, gin_indexed_signals_cnt=21, num_qp=11
Config:
 > Ranks: 4 x 8
 > Experts: 8/256
 > Tokens: 112 (max: 128), hidden: 7168
 > #SM: 12, #QPs: 11/11

Running all test cases:
 > Testing with do_handle_copy=1, expert_alignment=128, use_fp8_dispatch=1, num_bias=0, with_previous_event=0, async_with_compute_stream=0, allocate_on_comm_stream=0 ...
Elastic buffer uses 4 channels per SM
Elastic buffer uses 4 channels per SM
Elastic buffer uses 4 channels per SM
Elastic buffer uses 4 channels per SM
Elastic buffer uses 4 channels per SM
Elastic buffer uses 4 channels per SM
Elastic buffer uses 4 channels per SM
Elastic buffer uses 4 channels per SM
CPU side received count (scaleup: 4): -100 -117 -97 -95 -96 -102 -108 -104 # -129 -129 -129 -129 -257 -129 -129 -129 
CPU side received count (scaleup: 5): -102 -105 -118 -116 -96 -92 -96 -105 # -129 -129 -257 -129 -129 -129 -129 -129 
CPU side received count (scaleup: 6): -108 -123 -98 -110 -114 -88 -104 -103 # -129 -129 -129 -129 -129 -129 -129 -129 
CPU side received count (scaleup: 2): -115 -98 -87 -92 -100 -87 -112 -103 # -129 -129 -129 -129 -129 -129 -129 -129 
CPU side received count (scaleup: 0): -110 -100 -114 -101 -99 -124 -107 -100 # -129 -129 -129 -129 -129 -129 -257 -257 
CPU side received count (scaleup: 3): -97 -109 -129 -92 -109 -117 -93 -102 # -129 -129 -129 -129 -129 -129 -129 -129 
CPU side received count (scaleup: 1): -107 -121 -115 -113 -99 -106 -82 -110 # -129 -129 -257 -129 -129 -257 -129 -129 
CPU side received count (scaleup: 7): -119 -101 -107 -98 -116 -104 -101 -90 # -257 -129 -129 -129 -129 -129 -129 -129 
Elastic buffer uses 4 channels per SM
Elastic buffer uses 4 channels per SM
Elastic buffer uses 4 channels per SM
Elastic buffer uses 4 channels per SM
Elastic buffer uses 4 channels per SM
Elastic buffer uses 4 channels per SM
Elastic buffer uses 4 channels per SM
Elastic buffer uses 4 channels per SM
CPU side received count (scaleup: 6): -108 -123 -98 -110 -114 -88 -104 -103 # -129 -129 -129 -129 -129 -129 -129 -129 
CPU side received count (scaleup: 5): -102 -105 -118 -116 -96 -92 -96 -105 # -129 -129 -257 -129 -129 -129 -129 -129 
CPU side received count (scaleup: 4): -100 -117 -97 -95 -96 -102 -108 -104 # -129 -129 -129 -129 -257 -129 -129 -129 
CPU side received count (scaleup: 3): -97 -109 -129 -92 -109 -117 -93 -102 # -129 -129 -129 -129 -129 -129 -129 -129 
CPU side received count (scaleup: 0): -110 -100 -114 -101 -99 -124 -107 -100 # -129 -129 -129 -129 -129 -129 -257 -257 
CPU side received count (scaleup: 2): -115 -98 -87 -92 -100 -87 -112 -103 # -129 -129 -129 -129 -129 -129 -129 -129 
CPU side received count (scaleup: 7): -119 -101 -107 -98 -116 -104 -101 -90 # -257 -129 -129 -129 -129 -129 -129 -129 
CPU side received count (scaleup: 1): -107 -121 -115 -113 -99 -106 -82 -110 # -129 -129 -257 -129 -129 -257 -129 -129 
Elastic buffer uses 4 channels per SM
Elastic buffer uses 4 channels per SM
Elastic buffer uses 4 channels per SM
Elastic buffer uses 4 channels per SM
Elastic buffer uses 4 channels per SM
Elastic buffer uses 4 channels per SM
Elastic buffer uses 4 channels per SM
Elastic buffer uses 4 channels per SM
Elastic buffer uses 4 channels per SM
Elastic buffer uses 4 channels per SM
Elastic buffer uses 4 channels per SM
Elastic buffer uses 4 channels per SM
Elastic buffer uses 4 channels per SM
Elastic buffer uses 4 channels per SM
Elastic buffer uses 4 channels per SM
Elastic buffer uses 4 channels per SM
Elastic buffer uses 4 channels per SM
Elastic buffer uses 4 channels per SM
Elastic buffer uses 4 channels per SM
Elastic buffer uses 4 channels per SM
Elastic buffer uses 4 channels per SM
Elastic buffer uses 4 channels per SM
Elastic buffer uses 4 channels per SM
Elastic buffer uses 4 channels per SM
CPU side received count (scaleup: 3): -97 -109 -129 -92 -109 -117 -93 -102 # -129 -129 -129 -129 -129 -129 -129 -129 
CPU side received count (scaleup: 5): -102 -105 -118 -116 -96 -92 -96 -105 # -129 -129 -257 -129 -129 -129 -129 -129 
CPU side received count (scaleup: 6): -108 -123 -98 -110 -114 -88 -104 -103 # -129 -129 -129 -129 -129 -129 -129 -129 
CPU side received count (scaleup: 4): -100 -117 -97 -95 -96 -102 -108 -104 # -129 -129 -129 -129 -257 -129 -129 -129 
CPU side received count (scaleup: 2): -115 -98 -87 -92 -100 -87 -112 -103 # -129 -129 -129 -129 -129 -129 -129 -129 
CPU side received count (scaleup: 0): -110 -100 -114 -101 -99 -124 -107 -100 # -129 -129 -129 -129 -129 -129 -257 -257 
CPU side received count (scaleup: 1): -107 -121 -115 -113 -99 -106 -82 -110 # -129 -129 -257 -129 -129 -257 -129 -129 
CPU side received count (scaleup: 7): -119 -101 -107 -98 -116 -104 -101 -90 # -257 -129 -129 -129 -129 -129 -129 -129 
Elastic buffer uses 4 channels per SM
Elastic buffer uses 4 channels per SM
Elastic buffer uses 4 channels per SM
Elastic buffer uses 4 channels per SM
Elastic buffer uses 4 channels per SM
Elastic buffer uses 4 channels per SM
Elastic buffer uses 4 channels per SM
Elastic buffer uses 4 channels per SM
CPU side received count (scaleup: 2): -115 -98 -87 -92 -100 -87 -112 -103 # -129 -129 -129 -129 -129 -129 -129 -129 
CPU side received count (scaleup: 5): -102 -105 -118 -116 -96 -92 -96 -105 # -129 -129 -257 -129 -129 -129 -129 -129 
CPU side received count (scaleup: 3): -97 -109 -129 -92 -109 -117 -93 -102 # -129 -129 -129 -129 -129 -129 -129 -129 
CPU side received count (scaleup: 0): -110 -100 -114 -101 -99 -124 -107 -100 # -129 -129 -129 -129 -129 -129 -257 -257 
CPU side received count (scaleup: 4): -100 -117 -97 -95 -96 -102 -108 -104 # -129 -129 -129 -129 -257 -129 -129 -129 
CPU side received count (scaleup: 6): -108 -123 -98 -110 -114 -88 -104 -103 # -129 -129 -129 -129 -129 -129 -129 -129 
CPU side received count (scaleup: 1): -107 -121 -115 -113 -99 -106 -82 -110 # -129 -129 -257 -129 -129 -257 -129 -129 
CPU side received count (scaleup: 7): -119 -101 -107 -98 -116 -104 -101 -90 # -257 -129 -129 -129 -129 -129 -129 -129 
Elastic buffer uses 4 channels per SM
Elastic buffer uses 4 channels per SM
Elastic buffer uses 4 channels per SM
Elastic buffer uses 4 channels per SM
Elastic buffer uses 4 channels per SM
Elastic buffer uses 4 channels per SM
Elastic buffer uses 4 channels per SM
Elastic buffer uses 4 channels per SM
CPU side received count (scaleup: 4): -100 -117 -97 -95 -96 -102 -108 -104 # -129 -129 -129 -129 -257 -129 -129 -129 
CPU side received count (scaleup: 5): -102 -105 -118 -116 -96 -92 -96 -105 # -129 -129 -257 -129 -129 -129 -129 -129 
CPU side received count (scaleup: 2): -115 -98 -87 -92 -100 -87 -112 -103 # -129 -129 -129 -129 -129 -129 -129 -129 
CPU side received count (scaleup: 6): -108 -123 -98 -110 -114 -88 -104 -103 # -129 -129 -129 -129 -129 -129 -129 -129 
CPU side received count (scaleup: 3): -97 -109 -129 -92 -109 -117 -93 -102 # -129 -129 -129 -129 -129 -129 -129 -129 
CPU side received count (scaleup: 0): -110 -100 -114 -101 -99 -124 -107 -100 # -129 -129 -129 -129 -129 -129 -257 -257 
CPU side received count (scaleup: 7): -119 -101 -107 -98 -116 -104 -101 -90 # -257 -129 -129 -129 -129 -129 -129 -129 
CPU side received count (scaleup: 1): -107 -121 -115 -113 -99 -106 -82 -110 # -129 -129 -257 -129 -129 -257 -129 -129 
Elastic buffer uses 4 channels per SM
Elastic buffer uses 4 channels per SM
Elastic buffer uses 4 channels per SM
Elastic buffer uses 4 channels per SM
Elastic buffer uses 4 channels per SM
Elastic buffer uses 4 channels per SM
Elastic buffer uses 4 channels per SM
Elastic buffer uses 4 channels per SM
CPU side received count (scaleup: 6): -108 -123 -98 -110 -114 -88 -104 -103 # -129 -129 -129 -129 -129 -129 -129 -129 
CPU side received count (scaleup: 4): -100 -117 -97 -95 -96 -102 -108 -104 # -129 -129 -129 -129 -257 -129 -129 -129 
CPU side received count (scaleup: 3): -97 -109 -129 -92 -109 -117 -93 -102 # -129 -129 -129 -129 -129 -129 -129 -129 
CPU side received count (scaleup: 2): -115 -98 -87 -92 -100 -87 -112 -103 # -129 -129 -129 -129 -129 -129 -129 -129 
CPU side received count (scaleup: 5): -102 -105 -118 -116 -96 -92 -96 -105 # -129 -129 -257 -129 -129 -129 -129 -129 
CPU side received count (scaleup: 0): -110 -100 -114 -101 -99 -124 -107 -100 # -129 -129 -129 -129 -129 -129 -257 -257 
CPU side received count (scaleup: 7): -119 -101 -107 -98 -116 -104 -101 -90 # -257 -129 -129 -129 -129 -129 -129 -129 
CPU side received count (scaleup: 1): -107 -121 -115 -113 -99 -106 -82 -110 # -129 -129 -257 -129 -129 -257 -129 -129 
Elastic buffer uses 4 channels per SM
Elastic buffer uses 4 channels per SM
Elastic buffer uses 4 channels per SM
Elastic buffer uses 4 channels per SM
Elastic buffer uses 4 channels per SM
Elastic buffer uses 4 channels per SM
Elastic buffer uses 4 channels per SM
Elastic buffer uses 4 channels per SM
CPU side received count (scaleup: 4): -100 -117 -97 -95 -96 -102 -108 -104 # -129 -129 -129 -129 -257 -129 -129 -129 
CPU side received count (scaleup: 5): -102 -105 -118 -116 -96 -92 -96 -105 # -129 -129 -257 -129 -129 -129 -129 -129 
CPU side received count (scaleup: 6): -108 -123 -98 -110 -114 -88 -104 -103 # -129 -129 -129 -129 -129 -129 -129 -129 
CPU side received count (scaleup: 0): -110 -100 -114 -101 -99 -124 -107 -100 # -129 -129 -129 -129 -129 -129 -257 -257 
CPU side received count (scaleup: 2): -115 -98 -87 -92 -100 -87 -112 -103 # -129 -129 -129 -129 -129 -129 -129 -129 
CPU side received count (scaleup: 3): -97 -109 -129 -92 -109 -117 -93 -102 # -129 -129 -129 -129 -129 -129 -129 -129 
CPU side received count (scaleup: 1): -107 -121 -115 -113 -99 -106 -82 -110 # -129 -129 -257 -129 -129 -257 -129 -129 
CPU side received count (scaleup: 7): -119 -101 -107 -98 -116 -104 -101 -90 # -257 -129 -129 -129 -129 -129 -129 -129 
Elastic buffer uses 4 channels per SM
Elastic buffer uses 4 channels per SM
Elastic buffer uses 4 channels per SM
Elastic buffer uses 4 channels per SM
Elastic buffer uses 4 channels per SM
Elastic buffer uses 4 channels per SM
Elastic buffer uses 4 channels per SM
Elastic buffer uses 4 channels per SM
CPU side received count (scaleup: 4): -100 -117 -97 -95 -96 -102 -108 -104 # -129 -129 -129 -129 -257 -129 -129 -129 
CPU side received count (scaleup: 6): -108 -123 -98 -110 -114 -88 -104 -103 # -129 -129 -129 -129 -129 -129 -129 -129 
CPU side received count (scaleup: 5): -102 -105 -118 -116 -96 -92 -96 -105 # -129 -129 -257 -129 -129 -129 -129 -129 
CPU side received count (scaleup: 2): -115 -98 -87 -92 -100 -87 -112 -103 # -129 -129 -129 -129 -129 -129 -129 -129 
CPU side received count (scaleup: 0): -110 -100 -114 -101 -99 -124 -107 -100 # -129 -129 -129 -129 -129 -129 -257 -257 
CPU side received count (scaleup: 3): -97 -109 -129 -92 -109 -117 -93 -102 # -129 -129 -129 -129 -129 -129 -129 -129 
CPU side received count (scaleup: 1): -107 -121 -115 -113 -99 -106 -82 -110 # -129 -129 -257 -129 -129 -257 -129 -129 
CPU side received count (scaleup: 7): -119 -101 -107 -98 -116 -104 -101 -90 # -257 -129 -129 -129 -129 -129 -129 -129 
Elastic buffer uses 4 channels per SM
Elastic buffer uses 4 channels per SM
Elastic buffer uses 4 channels per SM
Elastic buffer uses 4 channels per SM
Elastic buffer uses 4 channels per SM
Elastic buffer uses 4 channels per SM
Elastic buffer uses 4 channels per SM
Elastic buffer uses 4 channels per SM
CPU side received count (scaleup: 4): -100 -117 -97 -95 -96 -102 -108 -104 # -129 -129 -129 -129 -257 -129 -129 -129 
CPU side received count (scaleup: 6): -108 -123 -98 -110 -114 -88 -104 -103 # -129 -129 -129 -129 -129 -129 -129 -129 
CPU side received count (scaleup: 2): -115 -98 -87 -92 -100 -87 -112 -103 # -129 -129 -129 -129 -129 -129 -129 -129 
CPU side received count (scaleup: 0): -110 -100 -114 -101 -99 -124 -107 -100 # -129 -129 -129 -129 -129 -129 -257 -257 
CPU side received count (scaleup: 5): -102 -105 -118 -116 -96 -92 -96 -105 # -129 -129 -257 -129 -129 -129 -129 -129 
CPU side received count (scaleup: 3): -97 -109 -129 -92 -109 -117 -93 -102 # -129 -129 -129 -129 -129 -129 -129 -129 
CPU side received count (scaleup: 1): -107 -121 -115 -113 -99 -106 -82 -110 # -129 -129 -257 -129 -129 -257 -129 -129 
CPU side received count (scaleup: 7): -119 -101 -107 -98 -116 -104 -101 -90 # -257 -129 -129 -129 -129 -129 -129 -129 
Elastic buffer uses 4 channels per SM
Elastic buffer uses 4 channels per SM
Elastic buffer uses 4 channels per SM
Elastic buffer uses 4 channels per SM
Elastic buffer uses 4 channels per SM
Elastic buffer uses 4 channels per SM
Elastic buffer uses 4 channels per SM
Elastic buffer uses 4 channels per SM
CPU side received count (scaleup: 6): -108 -123 -98 -110 -114 -88 -104 -103 # -129 -129 -129 -129 -129 -129 -129 -129 
CPU side received count (scaleup: 5): -102 -105 -118 -116 -96 -92 -96 -105 # -129 -129 -257 -129 -129 -129 -129 -129 
CPU side received count (scaleup: 4): -100 -117 -97 -95 -96 -102 -108 -104 # -129 -129 -129 -129 -257 -129 -129 -129 
CPU side received count (scaleup: 3): -97 -109 -129 -92 -109 -117 -93 -102 # -129 -129 -129 -129 -129 -129 -129 -129 
CPU side received count (scaleup: 0): -110 -100 -114 -101 -99 -124 -107 -100 # -129 -129 -129 -129 -129 -129 -257 -257 
CPU side received count (scaleup: 2): -115 -98 -87 -92 -100 -87 -112 -103 # -129 -129 -129 -129 -129 -129 -129 -129 
CPU side received count (scaleup: 1): -107 -121 -115 -113 -99 -106 -82 -110 # -129 -129 -257 -129 -129 -257 -129 -129 
CPU side received count (scaleup: 7): -119 -101 -107 -98 -116 -104 -101 -90 # -257 -129 -129 -129 -129 -129 -129 -129 
Elastic buffer uses 4 channels per SM
Elastic buffer uses 4 channels per SM
Elastic buffer uses 4 channels per SM
Elastic buffer uses 4 channels per SM
Elastic buffer uses 4 channels per SM
Elastic buffer uses 4 channels per SM
Elastic buffer uses 4 channels per SM
Elastic buffer uses 4 channels per SM
CPU side received count (scaleup: 4): -100 -117 -97 -95 -96 -102 -108 -104 # -129 -129 -129 -129 -257 -129 -129 -129 
CPU side received count (scaleup: 2): -115 -98 -87 -92 -100 -87 -112 -103 # -129 -129 -129 -129 -129 -129 -129 -129 
CPU side received count (scaleup: 6): -108 -123 -98 -110 -114 -88 -104 -103 # -129 -129 -129 -129 -129 -129 -129 -129 
CPU side received count (scaleup: 3): -97 -109 -129 -92 -109 -117 -93 -102 # -129 -129 -129 -129 -129 -129 -129 -129 
CPU side received count (scaleup: 5): -102 -105 -118 -116 -96 -92 -96 -105 # -129 -129 -257 -129 -129 -129 -129 -129 
CPU side received count (scaleup: 0): -110 -100 -114 -101 -99 -124 -107 -100 # -129 -129 -129 -129 -129 -129 -257 -257 
CPU side received count (scaleup: 7): -119 -101 -107 -98 -116 -104 -101 -90 # -257 -129 -129 -129 -129 -129 -129 -129 
CPU side received count (scaleup: 1): -107 -121 -115 -113 -99 -106 -82 -110 # -129 -129 -257 -129 -129 -257 -129 -129 
Elastic buffer uses 4 channels per SM
Elastic buffer uses 4 channels per SM
Elastic buffer uses 4 channels per SM
Elastic buffer uses 4 channels per SM
Elastic buffer uses 4 channels per SM
Elastic buffer uses 4 channels per SM
Elastic buffer uses 4 channels per SM
Elastic buffer uses 4 channels per SM
CPU side received count (scaleup: 4): -100 -117 -97 -95 -96 -102 -108 -104 # -129 -129 -129 -129 -257 -129 -129 -129 
CPU side received count (scaleup: 6): -108 -123 -98 -110 -114 -88 -104 -103 # -129 -129 -129 -129 -129 -129 -129 -129 
CPU side received count (scaleup: 5): -102 -105 -118 -116 -96 -92 -96 -105 # -129 -129 -257 -129 -129 -129 -129 -129 
CPU side received count (scaleup: 3): -97 -109 -129 -92 -109 -117 -93 -102 # -129 -129 -129 -129 -129 -129 -129 -129 
CPU side received count (scaleup: 0): -110 -100 -114 -101 -99 -124 -107 -100 # -129 -129 -129 -129 -129 -129 -257 -257 
CPU side received count (scaleup: 2): -115 -98 -87 -92 -100 -87 -112 -103 # -129 -129 -129 -129 -129 -129 -129 -129 
CPU side received count (scaleup: 7): -119 -101 -107 -98 -116 -104 -101 -90 # -257 -129 -129 -129 -129 -129 -129 -129 
CPU side received count (scaleup: 1): -107 -121 -115 -113 -99 -106 -82 -110 # -129 -129 -257 -129 -129 -257 -129 -129 
Elastic buffer uses 4 channels per SM
Elastic buffer uses 4 channels per SM
Elastic buffer uses 4 channels per SM
Elastic buffer uses 4 channels per SM
Elastic buffer uses 4 channels per SM
Elastic buffer uses 4 channels per SM
Elastic buffer uses 4 channels per SM
Elastic buffer uses 4 channels per SM
CPU side received count (scaleup: 2): -115 -98 -87 -92 -100 -87 -112 -103 # -129 -129 -129 -129 -129 -129 -129 -129 
CPU side received count (scaleup: 4): -100 -117 -97 -95 -96 -102 -108 -104 # -129 -129 -129 -129 -257 -129 -129 -129 
CPU side received count (scaleup: 3): -97 -109 -129 -92 -109 -117 -93 -102 # -129 -129 -129 -129 -129 -129 -129 -129 
CPU side received count (scaleup: 6): -108 -123 -98 -110 -114 -88 -104 -103 # -129 -129 -129 -129 -129 -129 -129 -129 
CPU side received count (scaleup: 0): -110 -100 -114 -101 -99 -124 -107 -100 # -129 -129 -129 -129 -129 -129 -257 -257 
CPU side received count (scaleup: 5): -102 -105 -118 -116 -96 -92 -96 -105 # -129 -129 -257 -129 -129 -129 -129 -129 
CPU side received count (scaleup: 7): -119 -101 -107 -98 -116 -104 -101 -90 # -257 -129 -129 -129 -129 -129 -129 -129 
CPU side received count (scaleup: 1): -107 -121 -115 -113 -99 -106 -82 -110 # -129 -129 -257 -129 -129 -257 -129 -129 
Elastic buffer uses 4 channels per SM
Elastic buffer uses 4 channels per SM
Elastic buffer uses 4 channels per SM
Elastic buffer uses 4 channels per SM
Elastic buffer uses 4 channels per SM
Elastic buffer uses 4 channels per SM
Elastic buffer uses 4 channels per SM
Elastic buffer uses 4 channels per SM
CPU side received count (scaleup: 5): -102 -105 -118 -116 -96 -92 -96 -105 # -129 -129 -257 -129 -129 -129 -129 -129 
CPU side received count (scaleup: 6): -108 -123 -98 -110 -114 -88 -104 -103 # -129 -129 -129 -129 -129 -129 -129 -129 
CPU side received count (scaleup: 2): -115 -98 -87 -92 -100 -87 -112 -103 # -129 -129 -129 -129 -129 -129 -129 -129 
CPU side received count (scaleup: 0): -110 -100 -114 -101 -99 -124 -107 -100 # -129 -129 -129 -129 -129 -129 -257 -257 
CPU side received count (scaleup: 4): -100 -117 -97 -95 -96 -102 -108 -104 # -129 -129 -129 -129 -257 -129 -129 -129 
CPU side received count (scaleup: 3): -97 -109 -129 -92 -109 -117 -93 -102 # -129 -129 -129 -129 -129 -129 -129 -129 
CPU side received count (scaleup: 1): -107 -121 -115 -113 -99 -106 -82 -110 # -129 -129 -257 -129 -129 -257 -129 -129 
CPU side received count (scaleup: 7): -119 -101 -107 -98 -116 -104 -101 -90 # -257 -129 -129 -129 -129 -129 -129 -129 
Elastic buffer uses 4 channels per SM
Elastic buffer uses 4 channels per SM
Elastic buffer uses 4 channels per SM
Elastic buffer uses 4 channels per SM
Elastic buffer uses 4 channels per SM
Elastic buffer uses 4 channels per SM
Elastic buffer uses 4 channels per SM
Elastic buffer uses 4 channels per SM
CPU side received count (scaleup: 4): -100 -117 -97 -95 -96 -102 -108 -104 # -129 -129 -129 -129 -257 -129 -129 -129 
CPU side received count (scaleup: 6): -108 -123 -98 -110 -114 -88 -104 -103 # -129 -129 -129 -129 -129 -129 -129 -129 
CPU side received count (scaleup: 5): -102 -105 -118 -116 -96 -92 -96 -105 # -129 -129 -257 -129 -129 -129 -129 -129 
CPU side received count (scaleup: 3): -97 -109 -129 -92 -109 -117 -93 -102 # -129 -129 -129 -129 -129 -129 -129 -129 
CPU side received count (scaleup: 0): -110 -100 -114 -101 -99 -124 -107 -100 # -129 -129 -129 -129 -129 -129 -257 -257 
CPU side received count (scaleup: 2): -115 -98 -87 -92 -100 -87 -112 -103 # -129 -129 -129 -129 -129 -129 -129 -129 
CPU side received count (scaleup: 1): -107 -121 -115 -113 -99 -106 -82 -110 # -129 -129 -257 -129 -129 -257 -129 -129 
CPU side received count (scaleup: 7): -119 -101 -107 -98 -116 -104 -101 -90 # -257 -129 -129 -129 -129 -129 -129 -129 
Elastic buffer uses 4 channels per SM
Elastic buffer uses 4 channels per SM
Elastic buffer uses 4 channels per SM
Elastic buffer uses 4 channels per SM
Elastic buffer uses 4 channels per SM
Elastic buffer uses 4 channels per SM
Elastic buffer uses 4 channels per SM
Elastic buffer uses 4 channels per SM
CPU side received count (scaleup: 2): -115 -98 -87 -92 -100 -87 -112 -103 # -129 -129 -129 -129 -129 -129 -129 -129 
CPU side received count (scaleup: 4): -100 -117 -97 -95 -96 -102 -108 -104 # -129 -129 -129 -129 -257 -129 -129 -129 
CPU side received count (scaleup: 5): -102 -105 -118 -116 -96 -92 -96 -105 # -129 -129 -257 -129 -129 -129 -129 -129 
CPU side received count (scaleup: 0): -110 -100 -114 -101 -99 -124 -107 -100 # -129 -129 -129 -129 -129 -129 -257 -257 
CPU side received count (scaleup: 3): -97 -109 -129 -92 -109 -117 -93 -102 # -129 -129 -129 -129 -129 -129 -129 -129 
CPU side received count (scaleup: 6): -108 -123 -98 -110 -114 -88 -104 -103 # -129 -129 -129 -129 -129 -129 -129 -129 
CPU side received count (scaleup: 7): -119 -101 -107 -98 -116 -104 -101 -90 # -257 -129 -129 -129 -129 -129 -129 -129 
CPU side received count (scaleup: 1): -107 -121 -115 -113 -99 -106 -82 -110 # -129 -129 -257 -129 -129 -257 -129 -129 
Elastic buffer uses 4 channels per SM
Elastic buffer uses 4 channels per SM
Elastic buffer uses 4 channels per SM
Elastic buffer uses 4 channels per SM
Elastic buffer uses 4 channels per SM
Elastic buffer uses 4 channels per SM
Elastic buffer uses 4 channels per SM
Elastic buffer uses 4 channels per SM
CPU side received count (scaleup: 4): -100 -117 -97 -95 -96 -102 -108 -104 # -129 -129 -129 -129 -257 -129 -129 -129 
CPU side received count (scaleup: 6): -108 -123 -98 -110 -114 -88 -104 -103 # -129 -129 -129 -129 -129 -129 -129 -129 
CPU side received count (scaleup: 5): -102 -105 -118 -116 -96 -92 -96 -105 # -129 -129 -257 -129 -129 -129 -129 -129 
CPU side received count (scaleup: 2): -115 -98 -87 -92 -100 -87 -112 -103 # -129 -129 -129 -129 -129 -129 -129 -129 
CPU side received count (scaleup: 3): -97 -109 -129 -92 -109 -117 -93 -102 # -129 -129 -129 -129 -129 -129 -129 -129 
CPU side received count (scaleup: 0): -110 -100 -114 -101 -99 -124 -107 -100 # -129 -129 -129 -129 -129 -129 -257 -257 
CPU side received count (scaleup: 1): -107 -121 -115 -113 -99 -106 -82 -110 # -129 -129 -257 -129 -129 -257 -129 -129 
CPU side received count (scaleup: 7): -119 -101 -107 -98 -116 -104 -101 -90 # -257 -129 -129 -129 -129 -129 -129 -129 
Elastic buffer uses 4 channels per SM
Elastic buffer uses 4 channels per SM
Elastic buffer uses 4 channels per SM
Elastic buffer uses 4 channels per SM
Elastic buffer uses 4 channels per SM
Elastic buffer uses 4 channels per SM
Elastic buffer uses 4 channels per SM
Elastic buffer uses 4 channels per SM
CPU side received count (scaleup: 6): -108 -123 -98 -110 -114 -88 -104 -103 # -129 -129 -129 -129 -129 -129 -129 -129 
CPU side received count (scaleup: 4): -100 -117 -97 -95 -96 -102 -108 -104 # -129 -129 -129 -129 -257 -129 -129 -129 
CPU side received count (scaleup: 2): -115 -98 -87 -92 -100 -87 -112 -103 # -129 -129 -129 -129 -129 -129 -129 -129 
CPU side received count (scaleup: 5): -102 -105 -118 -116 -96 -92 -96 -105 # -129 -129 -257 -129 -129 -129 -129 -129 
CPU side received count (scaleup: 3): -97 -109 -129 -92 -109 -117 -93 -102 # -129 -129 -129 -129 -129 -129 -129 -129 
CPU side received count (scaleup: 0): -110 -100 -114 -101 -99 -124 -107 -100 # -129 -129 -129 -129 -129 -129 -257 -257 
CPU side received count (scaleup: 1): -107 -121 -115 -113 -99 -106 -82 -110 # -129 -129 -257 -129 -129 -257 -129 -129 
CPU side received count (scaleup: 7): -119 -101 -107 -98 -116 -104 -101 -90 # -257 -129 -129 -129 -129 -129 -129 -129 
Elastic buffer uses 4 channels per SM
Elastic buffer uses 4 channels per SM
Elastic buffer uses 4 channels per SM
Elastic buffer uses 4 channels per SM
Elastic buffer uses 4 channels per SM
Elastic buffer uses 4 channels per SM
Elastic buffer uses 4 channels per SM
Elastic buffer uses 4 channels per SM
CPU side received count (scaleup: 2): -115 -98 -87 -92 -100 -87 -112 -103 # -129 -129 -129 -129 -129 -129 -129 -129 
CPU side received count (scaleup: 4): -100 -117 -97 -95 -96 -102 -108 -104 # -129 -129 -129 -129 -257 -129 -129 -129 
CPU side received count (scaleup: 5): -102 -105 -118 -116 -96 -92 -96 -105 # -129 -129 -257 -129 -129 -129 -129 -129 
CPU side received count (scaleup: 0): -110 -100 -114 -101 -99 -124 -107 -100 # -129 -129 -129 -129 -129 -129 -257 -257 
CPU side received count (scaleup: 3): -97 -109 -129 -92 -109 -117 -93 -102 # -129 -129 -129 -129 -129 -129 -129 -129 
CPU side received count (scaleup: 6): -108 -123 -98 -110 -114 -88 -104 -103 # -129 -129 -129 -129 -129 -129 -129 -129 
CPU side received count (scaleup: 7): -119 -101 -107 -98 -116 -104 -101 -90 # -257 -129 -129 -129 -129 -129 -129 -129 
CPU side received count (scaleup: 1): -107 -121 -115 -113 -99 -106 -82 -110 # -129 -129 -257 -129 -129 -257 -129 -129 
Elastic buffer uses 4 channels per SM
Elastic buffer uses 4 channels per SM
Elastic buffer uses 4 channels per SM
Elastic buffer uses 4 channels per SM
Elastic buffer uses 4 channels per SM
Elastic buffer uses 4 channels per SM
Elastic buffer uses 4 channels per SM
Elastic buffer uses 4 channels per SM
CPU side received count (scaleup: 4): -100 -117 -97 -95 -96 -102 -108 -104 # -129 -129 -129 -129 -257 -129 -129 -129 
CPU side received count (scaleup: 6): -108 -123 -98 -110 -114 -88 -104 -103 # -129 -129 -129 -129 -129 -129 -129 -129 
CPU side received count (scaleup: 3): -97 -109 -129 -92 -109 -117 -93 -102 # -129 -129 -129 -129 -129 -129 -129 -129 
CPU side received count (scaleup: 0): -110 -100 -114 -101 -99 -124 -107 -100 # -129 -129 -129 -129 -129 -129 -257 -257 
CPU side received count (scaleup: 5): -102 -105 -118 -116 -96 -92 -96 -105 # -129 -129 -257 -129 -129 -129 -129 -129 
CPU side received count (scaleup: 2): -115 -98 -87 -92 -100 -87 -112 -103 # -129 -129 -129 -129 -129 -129 -129 -129 
CPU side received count (scaleup: 1): -107 -121 -115 -113 -99 -106 -82 -110 # -129 -129 -257 -129 -129 -257 -129 -129 
CPU side received count (scaleup: 7): -119 -101 -107 -98 -116 -104 -101 -90 # -257 -129 -129 -129 -129 -129 -129 -129 
Elastic buffer uses 4 channels per SM
Elastic buffer uses 4 channels per SM
Elastic buffer uses 4 channels per SM
Elastic buffer uses 4 channels per SM
Elastic buffer uses 4 channels per SM
Elastic buffer uses 4 channels per SM
Elastic buffer uses 4 channels per SM
Elastic buffer uses 4 channels per SM
CPU side received count (scaleup: 4): -100 -117 -97 -95 -96 -102 -108 -104 # -129 -129 -129 -129 -257 -129 -129 -129 
CPU side received count (scaleup: 6): -108 -123 -98 -110 -114 -88 -104 -103 # -129 -129 -129 -129 -129 -129 -129 -129 
CPU side received count (scaleup: 2): -115 -98 -87 -92 -100 -87 -112 -103 # -129 -129 -129 -129 -129 -129 -129 -129 
CPU side received count (scaleup: 3): -97 -109 -129 -92 -109 -117 -93 -102 # -129 -129 -129 -129 -129 -129 -129 -129 
CPU side received count (scaleup: 5): -102 -105 -118 -116 -96 -92 -96 -105 # -129 -129 -257 -129 -129 -129 -129 -129 
CPU side received count (scaleup: 0): -110 -100 -114 -101 -99 -124 -107 -100 # -129 -129 -129 -129 -129 -129 -257 -257 
CPU side received count (scaleup: 7): -119 -101 -107 -98 -116 -104 -101 -90 # -257 -129 -129 -129 -129 -129 -129 -129 
CPU side received count (scaleup: 1): -107 -121 -115 -113 -99 -106 -82 -110 # -129 -129 -257 -129 -129 -257 -129 -129 
Elastic buffer uses 4 channels per SM
Elastic buffer uses 4 channels per SM
Elastic buffer uses 4 channels per SM
Elastic buffer uses 4 channels per SM
Elastic buffer uses 4 channels per SM
Elastic buffer uses 4 channels per SM
Elastic buffer uses 4 channels per SM
Elastic buffer uses 4 channels per SM
CPU side received count (scaleup: 6): -108 -123 -98 -110 -114 -88 -104 -103 # -129 -129 -129 -129 -129 -129 -129 -129 
CPU side received count (scaleup: 4): -100 -117 -97 -95 -96 -102 -108 -104 # -129 -129 -129 -129 -257 -129 -129 -129 
CPU side received count (scaleup: 3): -97 -109 -129 -92 -109 -117 -93 -102 # -129 -129 -129 -129 -129 -129 -129 -129 
CPU side received count (scaleup: 5): -102 -105 -118 -116 -96 -92 -96 -105 # -129 -129 -257 -129 -129 -129 -129 -129 
CPU side received count (scaleup: 0): -110 -100 -114 -101 -99 -124 -107 -100 # -129 -129 -129 -129 -129 -129 -257 -257 
CPU side received count (scaleup: 2): -115 -98 -87 -92 -100 -87 -112 -103 # -129 -129 -129 -129 -129 -129 -129 -129 
CPU side received count (scaleup: 7): -119 -101 -107 -98 -116 -104 -101 -90 # -257 -129 -129 -129 -129 -129 -129 -129 
CPU side received count (scaleup: 1): -107 -121 -115 -113 -99 -106 -82 -110 # -129 -129 -257 -129 -129 -257 -129 -129 
Elastic buffer uses 4 channels per SM
Elastic buffer uses 4 channels per SM
Elastic buffer uses 4 channels per SM
Elastic buffer uses 4 channels per SM
Elastic buffer uses 4 channels per SM
Elastic buffer uses 4 channels per SM
Elastic buffer uses 4 channels per SM
Elastic buffer uses 4 channels per SM
CPU side received count (scaleup: 6): -108 -123 -98 -110 -114 -88 -104 -103 # -129 -129 -129 -129 -129 -129 -129 -129 
CPU side received count (scaleup: 4): -100 -117 -97 -95 -96 -102 -108 -104 # -129 -129 -129 -129 -257 -129 -129 -129 
CPU side received count (scaleup: 5): -102 -105 -118 -116 -96 -92 -96 -105 # -129 -129 -257 -129 -129 -129 -129 -129 
CPU side received count (scaleup: 2): -115 -98 -87 -92 -100 -87 -112 -103 # -129 -129 -129 -129 -129 -129 -129 -129 
CPU side received count (scaleup: 0): -110 -100 -114 -101 -99 -124 -107 -100 # -129 -129 -129 -129 -129 -129 -257 -257 
CPU side received count (scaleup: 3): -97 -109 -129 -92 -109 -117 -93 -102 # -129 -129 -129 -129 -129 -129 -129 -129 
CPU side received count (scaleup: 7): -119 -101 -107 -98 -116 -104 -101 -90 # -257 -129 -129 -129 -129 -129 -129 -129 
CPU side received count (scaleup: 1): -107 -121 -115 -113 -99 -106 -82 -110 # -129 -129 -257 -129 -129 -257 -129 -129 
Elastic buffer uses 4 channels per SM
Elastic buffer uses 4 channels per SM
Elastic buffer uses 4 channels per SM
Elastic buffer uses 4 channels per SM
Elastic buffer uses 4 channels per SM
Elastic buffer uses 4 channels per SM
Elastic buffer uses 4 channels per SM
Elastic buffer uses 4 channels per SM
CPU side received count (scaleup: 4): -100 -117 -97 -95 -96 -102 -108 -104 # -129 -129 -129 -129 -257 -129 -129 -129 
CPU side received count (scaleup: 5): -102 -105 -118 -116 -96 -92 -96 -105 # -129 -129 -257 -129 -129 -129 -129 -129 
CPU side received count (scaleup: 6): -108 -123 -98 -110 -114 -88 -104 -103 # -129 -129 -129 -129 -129 -129 -129 -129 
CPU side received count (scaleup: 3): -97 -109 -129 -92 -109 -117 -93 -102 # -129 -129 -129 -129 -129 -129 -129 -129 
CPU side received count (scaleup: 2): -115 -98 -87 -92 -100 -87 -112 -103 # -129 -129 -129 -129 -129 -129 -129 -129 
CPU side received count (scaleup: 0): -110 -100 -114 -101 -99 -124 -107 -100 # -129 -129 -129 -129 -129 -129 -257 -257 
CPU side received count (scaleup: 1): -107 -121 -115 -113 -99 -106 -82 -110 # -129 -129 -257 -129 -129 -257 -129 -129 
CPU side received count (scaleup: 7): -119 -101 -107 -98 -116 -104 -101 -90 # -257 -129 -129 -129 -129 -129 -129 -129 
Elastic buffer uses 4 channels per SM
Elastic buffer uses 4 channels per SM
Elastic buffer uses 4 channels per SM
Elastic buffer uses 4 channels per SM
Elastic buffer uses 4 channels per SM
Elastic buffer uses 4 channels per SM
Elastic buffer uses 4 channels per SM
Elastic buffer uses 4 channels per SM
CPU side received count (scaleup: 6): -108 -123 -98 -110 -114 -88 -104 -103 # -129 -129 -129 -129 -129 -129 -129 -129 
CPU side received count (scaleup: 4): -100 -117 -97 -95 -96 -102 -108 -104 # -129 -129 -129 -129 -257 -129 -129 -129 
CPU side received count (scaleup: 2): -115 -98 -87 -92 -100 -87 -112 -103 # -129 -129 -129 -129 -129 -129 -129 -129 
CPU side received count (scaleup: 5): -102 -105 -118 -116 -96 -92 -96 -105 # -129 -129 -257 -129 -129 -129 -129 -129 
CPU side received count (scaleup: 0): -110 -100 -114 -101 -99 -124 -107 -100 # -129 -129 -129 -129 -129 -129 -257 -257 
CPU side received count (scaleup: 3): -97 -109 -129 -92 -109 -117 -93 -102 # -129 -129 -129 -129 -129 -129 -129 -129 
CPU side received count (scaleup: 1): -107 -121 -115 -113 -99 -106 -82 -110 # -129 -129 -257 -129 -129 -257 -129 -129 
CPU side received count (scaleup: 7): -119 -101 -107 -98 -116 -104 -101 -90 # -257 -129 -129 -129 -129 -129 -129 -129 
Elastic buffer uses 4 channels per SM
Elastic buffer uses 4 channels per SM
Elastic buffer uses 4 channels per SM
Elastic buffer uses 4 channels per SM
Elastic buffer uses 4 channels per SM
Elastic buffer uses 4 channels per SM
Elastic buffer uses 4 channels per SM
Elastic buffer uses 4 channels per SM
CPU side received count (scaleup: 6): -108 -123 -98 -110 -114 -88 -104 -103 # -129 -129 -129 -129 -129 -129 -129 -129 
CPU side received count (scaleup: 5): -102 -105 -118 -116 -96 -92 -96 -105 # -129 -129 -257 -129 -129 -129 -129 -129 
CPU side received count (scaleup: 2): -115 -98 -87 -92 -100 -87 -112 -103 # -129 -129 -129 -129 -129 -129 -129 -129 
CPU side received count (scaleup: 3): -97 -109 -129 -92 -109 -117 -93 -102 # -129 -129 -129 -129 -129 -129 -129 -129 
CPU side received count (scaleup: 4): -100 -117 -97 -95 -96 -102 -108 -104 # -129 -129 -129 -129 -257 -129 -129 -129 
CPU side received count (scaleup: 0): -110 -100 -114 -101 -99 -124 -107 -100 # -129 -129 -129 -129 -129 -129 -257 -257 
CPU side received count (scaleup: 1): -107 -121 -115 -113 -99 -106 -82 -110 # -129 -129 -257 -129 -129 -257 -129 -129 
CPU side received count (scaleup: 7): -119 -101 -107 -98 -116 -104 -101 -90 # -257 -129 -129 -129 -129 -129 -129 -129 
Elastic buffer uses 4 channels per SM
Elastic buffer uses 4 channels per SM
Elastic buffer uses 4 channels per SM
Elastic buffer uses 4 channels per SM
Elastic buffer uses 4 channels per SM
Elastic buffer uses 4 channels per SM
Elastic buffer uses 4 channels per SM
Elastic buffer uses 4 channels per SM
CPU side received count (scaleup: 5): -102 -105 -118 -116 -96 -92 -96 -105 # -129 -129 -257 -129 -129 -129 -129 -129 
CPU side received count (scaleup: 6): -108 -123 -98 -110 -114 -88 -104 -103 # -129 -129 -129 -129 -129 -129 -129 -129 
CPU side received count (scaleup: 4): -100 -117 -97 -95 -96 -102 -108 -104 # -129 -129 -129 -129 -257 -129 -129 -129 
CPU side received count (scaleup: 2): -115 -98 -87 -92 -100 -87 -112 -103 # -129 -129 -129 -129 -129 -129 -129 -129 
CPU side received count (scaleup: 3): -97 -109 -129 -92 -109 -117 -93 -102 # -129 -129 -129 -129 -129 -129 -129 -129 
CPU side received count (scaleup: 0): -110 -100 -114 -101 -99 -124 -107 -100 # -129 -129 -129 -129 -129 -129 -257 -257 
CPU side received count (scaleup: 7): -119 -101 -107 -98 -116 -104 -101 -90 # -257 -129 -129 -129 -129 -129 -129 -129 
CPU side received count (scaleup: 1): -107 -121 -115 -113 -99 -106 -82 -110 # -129 -129 -257 -129 -129 -257 -129 -129 
Elastic buffer uses 4 channels per SM
Elastic buffer uses 4 channels per SM
Elastic buffer uses 4 channels per SM
Elastic buffer uses 4 channels per SM
Elastic buffer uses 4 channels per SM
Elastic buffer uses 4 channels per SM
Elastic buffer uses 4 channels per SM
Elastic buffer uses 4 channels per SM
CPU side received count (scaleup: 5): -102 -105 -118 -116 -96 -92 -96 -105 # -129 -129 -257 -129 -129 -129 -129 -129 
CPU side received count (scaleup: 4): -100 -117 -97 -95 -96 -102 -108 -104 # -129 -129 -129 -129 -257 -129 -129 -129 
CPU side received count (scaleup: 0): -110 -100 -114 -101 -99 -124 -107 -100 # -129 -129 -129 -129 -129 -129 -257 -257 
CPU side received count (scaleup: 6): -108 -123 -98 -110 -114 -88 -104 -103 # -129 -129 -129 -129 -129 -129 -129 -129 
CPU side received count (scaleup: 3): -97 -109 -129 -92 -109 -117 -93 -102 # -129 -129 -129 -129 -129 -129 -129 -129 
CPU side received count (scaleup: 2): -115 -98 -87 -92 -100 -87 -112 -103 # -129 -129 -129 -129 -129 -129 -129 -129 
CPU side received count (scaleup: 1): -107 -121 -115 -113 -99 -106 -82 -110 # -129 -129 -257 -129 -129 -257 -129 -129 
CPU side received count (scaleup: 7): -119 -101 -107 -98 -116 -104 -101 -90 # -257 -129 -129 -129 -129 -129 -129 -129 
Elastic buffer uses 4 channels per SM
Elastic buffer uses 4 channels per SM
Elastic buffer uses 4 channels per SM
Elastic buffer uses 4 channels per SM
Elastic buffer uses 4 channels per SM
Elastic buffer uses 4 channels per SM
Elastic buffer uses 4 channels per SM
Elastic buffer uses 4 channels per SM
CPU side received count (scaleup: 2): -115 -98 -87 -92 -100 -87 -112 -103 # -129 -129 -129 -129 -129 -129 -129 -129 
CPU side received count (scaleup: 4): -100 -117 -97 -95 -96 -102 -108 -104 # -129 -129 -129 -129 -257 -129 -129 -129 
CPU side received count (scaleup: 6): -108 -123 -98 -110 -114 -88 -104 -103 # -129 -129 -129 -129 -129 -129 -129 -129 
CPU side received count (scaleup: 0): -110 -100 -114 -101 -99 -124 -107 -100 # -129 -129 -129 -129 -129 -129 -257 -257 
CPU side received count (scaleup: 3): -97 -109 -129 -92 -109 -117 -93 -102 # -129 -129 -129 -129 -129 -129 -129 -129 
CPU side received count (scaleup: 5): -102 -105 -118 -116 -96 -92 -96 -105 # -129 -129 -257 -129 -129 -129 -129 -129 
CPU side received count (scaleup: 7): -119 -101 -107 -98 -116 -104 -101 -90 # -257 -129 -129 -129 -129 -129 -129 -129 
CPU side received count (scaleup: 1): -107 -121 -115 -113 -99 -106 -82 -110 # -129 -129 -257 -129 -129 -257 -129 -129 
Elastic buffer uses 4 channels per SM
Elastic buffer uses 4 channels per SM
Elastic buffer uses 4 channels per SM
Elastic buffer uses 4 channels per SM
Elastic buffer uses 4 channels per SM
Elastic buffer uses 4 channels per SM
Elastic buffer uses 4 channels per SM
Elastic buffer uses 4 channels per SM
CPU side received count (scaleup: 0): -110 -100 -114 -101 -99 -124 -107 -100 # -129 -129 -129 -129 -129 -129 -257 -257 
CPU side received count (scaleup: 2): -115 -98 -87 -92 -100 -87 -112 -103 # -129 -129 -129 -129 -129 -129 -129 -129 
CPU side received count (scaleup: 3): -97 -109 -129 -92 -109 -117 -93 -102 # -129 -129 -129 -129 -129 -129 -129 -129 
CPU side received count (scaleup: 4): -100 -117 -97 -95 -96 -102 -108 -104 # -129 -129 -129 -129 -257 -129 -129 -129 
CPU side received count (scaleup: 6): -108 -123 -98 -110 -114 -88 -104 -103 # -129 -129 -129 -129 -129 -129 -129 -129 
CPU side received count (scaleup: 5): -102 -105 -118 -116 -96 -92 -96 -105 # -129 -129 -257 -129 -129 -129 -129 -129 
CPU side received count (scaleup: 1): -107 -121 -115 -113 -99 -106 -82 -110 # -129 -129 -257 -129 -129 -257 -129 -129 
CPU side received count (scaleup: 7): -119 -101 -107 -98 -116 -104 -101 -90 # -257 -129 -129 -129 -129 -129 -129 -129 
Elastic buffer uses 4 channels per SM
Elastic buffer uses 4 channels per SM
Elastic buffer uses 4 channels per SM
Elastic buffer uses 4 channels per SM
Elastic buffer uses 4 channels per SM
Elastic buffer uses 4 channels per SM
Elastic buffer uses 4 channels per SM
Elastic buffer uses 4 channels per SM
CPU side received count (scaleup: 2): -115 -98 -87 -92 -100 -87 -112 -103 # -129 -129 -129 -129 -129 -129 -129 -129 
CPU side received count (scaleup: 5): -102 -105 -118 -116 -96 -92 -96 -105 # -129 -129 -257 -129 -129 -129 -129 -129 
CPU side received count (scaleup: 3): -97 -109 -129 -92 -109 -117 -93 -102 # -129 -129 -129 -129 -129 -129 -129 -129 
CPU side received count (scaleup: 0): -110 -100 -114 -101 -99 -124 -107 -100 # -129 -129 -129 -129 -129 -129 -257 -257 
CPU side received count (scaleup: 4): -100 -117 -97 -95 -96 -102 -108 -104 # -129 -129 -129 -129 -257 -129 -129 -129 
CPU side received count (scaleup: 6): -108 -123 -98 -110 -114 -88 -104 -103 # -129 -129 -129 -129 -129 -129 -129 -129 
CPU side received count (scaleup: 1): -107 -121 -115 -113 -99 -106 -82 -110 # -129 -129 -257 -129 -129 -257 -129 -129 
CPU side received count (scaleup: 7): -119 -101 -107 -98 -116 -104 -101 -90 # -257 -129 -129 -129 -129 -129 -129 -129 
Elastic buffer uses 4 channels per SM
Elastic buffer uses 4 channels per SM
Elastic buffer uses 4 channels per SM
Elastic buffer uses 4 channels per SM
Elastic buffer uses 4 channels per SM
Elastic buffer uses 4 channels per SM
Elastic buffer uses 4 channels per SM
Elastic buffer uses 4 channels per SM
CPU side received count (scaleup: 5): -102 -105 -118 -116 -96 -92 -96 -105 # -129 -129 -257 -129 -129 -129 -129 -129 
CPU side received count (scaleup: 6): -108 -123 -98 -110 -114 -88 -104 -103 # -129 -129 -129 -129 -129 -129 -129 -129 
CPU side received count (scaleup: 4): -100 -117 -97 -95 -96 -102 -108 -104 # -129 -129 -129 -129 -257 -129 -129 -129 
CPU side received count (scaleup: 2): -115 -98 -87 -92 -100 -87 -112 -103 # -129 -129 -129 -129 -129 -129 -129 -129 
CPU side received count (scaleup: 0): -110 -100 -114 -101 -99 -124 -107 -100 # -129 -129 -129 -129 -129 -129 -257 -257 
CPU side received count (scaleup: 3): -97 -109 -129 -92 -109 -117 -93 -102 # -129 -129 -129 -129 -129 -129 -129 -129 
CPU side received count (scaleup: 7): -119 -101 -107 -98 -116 -104 -101 -90 # -257 -129 -129 -129 -129 -129 -129 -129 
CPU side received count (scaleup: 1): -107 -121 -115 -113 -99 -106 -82 -110 # -129 -129 -257 -129 -129 -257 -129 -129 
Elastic buffer uses 4 channels per SM
Elastic buffer uses 4 channels per SM
Elastic buffer uses 4 channels per SM
Elastic buffer uses 4 channels per SM
Elastic buffer uses 4 channels per SM
Elastic buffer uses 4 channels per SM
Elastic buffer uses 4 channels per SM
Elastic buffer uses 4 channels per SM
CPU side received count (scaleup: 4): -100 -117 -97 -95 -96 -102 -108 -104 # -129 -129 -129 -129 -257 -129 -129 -129 
CPU side received count (scaleup: 5): -102 -105 -118 -116 -96 -92 -96 -105 # -129 -129 -257 -129 -129 -129 -129 -129 
CPU side received count (scaleup: 3): -97 -109 -129 -92 -109 -117 -93 -102 # -129 -129 -129 -129 -129 -129 -129 -129 
CPU side received count (scaleup: 6): -108 -123 -98 -110 -114 -88 -104 -103 # -129 -129 -129 -129 -129 -129 -129 -129 
CPU side received count (scaleup: 2): -115 -98 -87 -92 -100 -87 -112 -103 # -129 -129 -129 -129 -129 -129 -129 -129 
CPU side received count (scaleup: 0): -110 -100 -114 -101 -99 -124 -107 -100 # -129 -129 -129 -129 -129 -129 -257 -257 
CPU side received count (scaleup: 1): -107 -121 -115 -113 -99 -106 -82 -110 # -129 -129 -257 -129 -129 -257 -129 -129 
CPU side received count (scaleup: 7): -119 -101 -107 -98 -116 -104 -101 -90 # -257 -129 -129 -129 -129 -129 -129 -129 
Elastic buffer uses 4 channels per SM
Elastic buffer uses 4 channels per SM
Elastic buffer uses 4 channels per SM
Elastic buffer uses 4 channels per SM
Elastic buffer uses 4 channels per SM
Elastic buffer uses 4 channels per SM
Elastic buffer uses 4 channels per SM
Elastic buffer uses 4 channels per SM
USDT:2026-08-25 02:49:23 436:436 SyncActivityProfilerHandler.cpp:52] profiler_startUSDT:2026-08-25 02:49:23 435:435 SyncActivityProfilerHandler.cpp:52] profiler_startUSDT:2026-08-25 02:49:23 431:431 SyncActivityProfilerHandler.cpp:52] profiler_startUSDT:2026-08-25 02:49:23 437:437 SyncActivityProfilerHandler.cpp:52] profiler_start
USDT:2026-08-25 02:49:23 434:434 SyncActivityProfilerHandler.cpp:52] profiler_start



USDT:2026-08-25 02:49:23 432:432 SyncActivityProfilerHandler.cpp:52] profiler_startUSDT:2026-08-25 02:49:23 438:438 SyncActivityProfilerHandler.cpp:52] profiler_start

USDT:2026-08-25 02:49:23 433:433 SyncActivityProfilerHandler.cpp:52] profiler_start
CPU side received count (scaleup: 4): -100 -117 -97 -95 -96 -102 -108 -104 # -129 -129 -129 -129 -257 -129 -129 -129 
CPU side received count (scaleup: 5): -102 -105 -118 -116 -96 -92 -96 -105 # -129 -129 -257 -129 -129 -129 -129 -129 
CPU side received count (scaleup: 6): -108 -123 -98 -110 -114 -88 -104 -103 # -129 -129 -129 -129 -129 -129 -129 -129 
CPU side received count (scaleup: 3): -97 -109 -129 -92 -109 -117 -93 -102 # -129 -129 -129 -129 -129 -129 -129 -129 
CPU side received count (scaleup: 0): -110 -100 -114 -101 -99 -124 -107 -100 # -129 -129 -129 -129 -129 -129 -257 -257 
CPU side received count (scaleup: 2): -115 -98 -87 -92 -100 -87 -112 -103 # -129 -129 -129 -129 -129 -129 -129 -129 
CPU side received count (scaleup: 1): -107 -121 -115 -113 -99 -106 -82 -110 # -129 -129 -257 -129 -129 -257 -129 -129 
CPU side received count (scaleup: 7): -119 -101 -107 -98 -116 -104 -101 -90 # -257 -129 -129 -129 -129 -129 -129 -129 
Elastic buffer uses 4 channels per SM
Elastic buffer uses 4 channels per SM
Elastic buffer uses 4 channels per SM
Elastic buffer uses 4 channels per SM
Elastic buffer uses 4 channels per SM
Elastic buffer uses 4 channels per SM
Elastic buffer uses 4 channels per SM
Elastic buffer uses 4 channels per SM
CPU side received count (scaleup: 6): -108 -123 -98 -110 -114 -88 -104 -103 # -129 -129 -129 -129 -129 -129 -129 -129 
CPU side received count (scaleup: 5): -102 -105 -118 -116 -96 -92 -96 -105 # -129 -129 -257 -129 -129 -129 -129 -129 
CPU side received count (scaleup: 4): -100 -117 -97 -95 -96 -102 -108 -104 # -129 -129 -129 -129 -257 -129 -129 -129 
CPU side received count (scaleup: 2): -115 -98 -87 -92 -100 -87 -112 -103 # -129 -129 -129 -129 -129 -129 -129 -129 
CPU side received count (scaleup: 3): -97 -109 -129 -92 -109 -117 -93 -102 # -129 -129 -129 -129 -129 -129 -129 -129 
CPU side received count (scaleup: 0): -110 -100 -114 -101 -99 -124 -107 -100 # -129 -129 -129 -129 -129 -129 -257 -257 
CPU side received count (scaleup: 1): -107 -121 -115 -113 -99 -106 -82 -110 # -129 -129 -257 -129 -129 -257 -129 -129 
CPU side received count (scaleup: 7): -119 -101 -107 -98 -116 -104 -101 -90 # -257 -129 -129 -129 -129 -129 -129 -129 
Elastic buffer uses 4 channels per SM
Elastic buffer uses 4 channels per SM
Elastic buffer uses 4 channels per SM
Elastic buffer uses 4 channels per SM
Elastic buffer uses 4 channels per SM
Elastic buffer uses 4 channels per SM
Elastic buffer uses 4 channels per SM
Elastic buffer uses 4 channels per SM
CPU side received count (scaleup: 6): -108 -123 -98 -110 -114 -88 -104 -103 # -129 -129 -129 -129 -129 -129 -129 -129 
CPU side received count (scaleup: 5): -102 -105 -118 -116 -96 -92 -96 -105 # -129 -129 -257 -129 -129 -129 -129 -129 
CPU side received count (scaleup: 4): -100 -117 -97 -95 -96 -102 -108 -104 # -129 -129 -129 -129 -257 -129 -129 -129 
CPU side received count (scaleup: 2): -115 -98 -87 -92 -100 -87 -112 -103 # -129 -129 -129 -129 -129 -129 -129 -129 
CPU side received count (scaleup: 3): -97 -109 -129 -92 -109 -117 -93 -102 # -129 -129 -129 -129 -129 -129 -129 -129 
CPU side received count (scaleup: 0): -110 -100 -114 -101 -99 -124 -107 -100 # -129 -129 -129 -129 -129 -129 -257 -257 
CPU side received count (scaleup: 7): -119 -101 -107 -98 -116 -104 -101 -90 # -257 -129 -129 -129 -129 -129 -129 -129 
CPU side received count (scaleup: 1): -107 -121 -115 -113 -99 -106 -82 -110 # -129 -129 -257 -129 -129 -257 -129 -129 
Elastic buffer uses 4 channels per SM
Elastic buffer uses 4 channels per SM
Elastic buffer uses 4 channels per SM
Elastic buffer uses 4 channels per SM
Elastic buffer uses 4 channels per SM
Elastic buffer uses 4 channels per SM
Elastic buffer uses 4 channels per SM
Elastic buffer uses 4 channels per SM
CPU side received count (scaleup: 4): -100 -117 -97 -95 -96 -102 -108 -104 # -129 -129 -129 -129 -257 -129 -129 -129 
CPU side received count (scaleup: 6): -108 -123 -98 -110 -114 -88 -104 -103 # -129 -129 -129 -129 -129 -129 -129 -129 
CPU side received count (scaleup: 2): -115 -98 -87 -92 -100 -87 -112 -103 # -129 -129 -129 -129 -129 -129 -129 -129 
CPU side received count (scaleup: 5): -102 -105 -118 -116 -96 -92 -96 -105 # -129 -129 -257 -129 -129 -129 -129 -129 
CPU side received count (scaleup: 0): -110 -100 -114 -101 -99 -124 -107 -100 # -129 -129 -129 -129 -129 -129 -257 -257 
CPU side received count (scaleup: 3): -97 -109 -129 -92 -109 -117 -93 -102 # -129 -129 -129 -129 -129 -129 -129 -129 
CPU side received count (scaleup: 1): -107 -121 -115 -113 -99 -106 -82 -110 # -129 -129 -257 -129 -129 -257 -129 -129 
CPU side received count (scaleup: 7): -119 -101 -107 -98 -116 -104 -101 -90 # -257 -129 -129 -129 -129 -129 -129 -129 
Elastic buffer uses 4 channels per SM
Elastic buffer uses 4 channels per SM
Elastic buffer uses 4 channels per SM
Elastic buffer uses 4 channels per SM
Elastic buffer uses 4 channels per SM
Elastic buffer uses 4 channels per SM
Elastic buffer uses 4 channels per SM
Elastic buffer uses 4 channels per SM
CPU side received count (scaleup: 4): -100 -117 -97 -95 -96 -102 -108 -104 # -129 -129 -129 -129 -257 -129 -129 -129 
CPU side received count (scaleup: 6): -108 -123 -98 -110 -114 -88 -104 -103 # -129 -129 -129 -129 -129 -129 -129 -129 
CPU side received count (scaleup: 5): -102 -105 -118 -116 -96 -92 -96 -105 # -129 -129 -257 -129 -129 -129 -129 -129 
CPU side received count (scaleup: 3): -97 -109 -129 -92 -109 -117 -93 -102 # -129 -129 -129 -129 -129 -129 -129 -129 
CPU side received count (scaleup: 2): -115 -98 -87 -92 -100 -87 -112 -103 # -129 -129 -129 -129 -129 -129 -129 -129 
CPU side received count (scaleup: 0): -110 -100 -114 -101 -99 -124 -107 -100 # -129 -129 -129 -129 -129 -129 -257 -257 
CPU side received count (scaleup: 1): -107 -121 -115 -113 -99 -106 -82 -110 # -129 -129 -257 -129 -129 -257 -129 -129 
CPU side received count (scaleup: 7): -119 -101 -107 -98 -116 -104 -101 -90 # -257 -129 -129 -129 -129 -129 -129 -129 
Elastic buffer uses 4 channels per SM
Elastic buffer uses 4 channels per SM
Elastic buffer uses 4 channels per SM
Elastic buffer uses 4 channels per SM
Elastic buffer uses 4 channels per SM
Elastic buffer uses 4 channels per SM
Elastic buffer uses 4 channels per SM
Elastic buffer uses 4 channels per SM
CPU side received count (scaleup: 0): -110 -100 -114 -101 -99 -124 -107 -100 # -129 -129 -129 -129 -129 -129 -257 -257 
CPU side received count (scaleup: 3): -97 -109 -129 -92 -109 -117 -93 -102 # -129 -129 -129 -129 -129 -129 -129 -129 
CPU side received count (scaleup: 6): -108 -123 -98 -110 -114 -88 -104 -103 # -129 -129 -129 -129 -129 -129 -129 -129 
CPU side received count (scaleup: 2): -115 -98 -87 -92 -100 -87 -112 -103 # -129 -129 -129 -129 -129 -129 -129 -129 
CPU side received count (scaleup: 4): -100 -117 -97 -95 -96 -102 -108 -104 # -129 -129 -129 -129 -257 -129 -129 -129 
CPU side received count (scaleup: 5): -102 -105 -118 -116 -96 -92 -96 -105 # -129 -129 -257 -129 -129 -129 -129 -129 
CPU side received count (scaleup: 1): -107 -121 -115 -113 -99 -106 -82 -110 # -129 -129 -257 -129 -129 -257 -129 -129 
CPU side received count (scaleup: 7): -119 -101 -107 -98 -116 -104 -101 -90 # -257 -129 -129 -129 -129 -129 -129 -129 
Elastic buffer uses 4 channels per SM
Elastic buffer uses 4 channels per SM
Elastic buffer uses 4 channels per SM
Elastic buffer uses 4 channels per SM
Elastic buffer uses 4 channels per SM
Elastic buffer uses 4 channels per SM
Elastic buffer uses 4 channels per SM
Elastic buffer uses 4 channels per SM
CPU side received count (scaleup: 5): -102 -105 -118 -116 -96 -92 -96 -105 # -129 -129 -257 -129 -129 -129 -129 -129 
CPU side received count (scaleup: 4): -100 -117 -97 -95 -96 -102 -108 -104 # -129 -129 -129 -129 -257 -129 -129 -129 
CPU side received count (scaleup: 2): -115 -98 -87 -92 -100 -87 -112 -103 # -129 -129 -129 -129 -129 -129 -129 -129 
CPU side received count (scaleup: 3): -97 -109 -129 -92 -109 -117 -93 -102 # -129 -129 -129 -129 -129 -129 -129 -129 
CPU side received count (scaleup: 6): -108 -123 -98 -110 -114 -88 -104 -103 # -129 -129 -129 -129 -129 -129 -129 -129 
CPU side received count (scaleup: 0): -110 -100 -114 -101 -99 -124 -107 -100 # -129 -129 -129 -129 -129 -129 -257 -257 
CPU side received count (scaleup: 7): -119 -101 -107 -98 -116 -104 -101 -90 # -257 -129 -129 -129 -129 -129 -129 -129 
CPU side received count (scaleup: 1): -107 -121 -115 -113 -99 -106 -82 -110 # -129 -129 -257 -129 -129 -257 -129 -129 
Elastic buffer uses 4 channels per SM
Elastic buffer uses 4 channels per SM
Elastic buffer uses 4 channels per SM
Elastic buffer uses 4 channels per SM
Elastic buffer uses 4 channels per SM
Elastic buffer uses 4 channels per SM
Elastic buffer uses 4 channels per SM
Elastic buffer uses 4 channels per SM
CPU side received count (scaleup: 4): -100 -117 -97 -95 -96 -102 -108 -104 # -129 -129 -129 -129 -257 -129 -129 -129 
CPU side received count (scaleup: 6): -108 -123 -98 -110 -114 -88 -104 -103 # -129 -129 -129 -129 -129 -129 -129 -129 
CPU side received count (scaleup: 5): -102 -105 -118 -116 -96 -92 -96 -105 # -129 -129 -257 -129 -129 -129 -129 -129 
CPU side received count (scaleup: 0): -110 -100 -114 -101 -99 -124 -107 -100 # -129 -129 -129 -129 -129 -129 -257 -257 
CPU side received count (scaleup: 3): -97 -109 -129 -92 -109 -117 -93 -102 # -129 -129 -129 -129 -129 -129 -129 -129 
CPU side received count (scaleup: 2): -115 -98 -87 -92 -100 -87 -112 -103 # -129 -129 -129 -129 -129 -129 -129 -129 
CPU side received count (scaleup: 7): -119 -101 -107 -98 -116 -104 -101 -90 # -257 -129 -129 -129 -129 -129 -129 -129 
CPU side received count (scaleup: 1): -107 -121 -115 -113 -99 -106 -82 -110 # -129 -129 -257 -129 -129 -257 -129 -129 
Elastic buffer uses 4 channels per SM
Elastic buffer uses 4 channels per SM
Elastic buffer uses 4 channels per SM
Elastic buffer uses 4 channels per SM
Elastic buffer uses 4 channels per SM
Elastic buffer uses 4 channels per SM
Elastic buffer uses 4 channels per SM
Elastic buffer uses 4 channels per SM
CPU side received count (scaleup: 2): -115 -98 -87 -92 -100 -87 -112 -103 # -129 -129 -129 -129 -129 -129 -129 -129 
CPU side received count (scaleup: 0): -110 -100 -114 -101 -99 -124 -107 -100 # -129 -129 -129 -129 -129 -129 -257 -257 
CPU side received count (scaleup: 3): -97 -109 -129 -92 -109 -117 -93 -102 # -129 -129 -129 -129 -129 -129 -129 -129 
CPU side received count (scaleup: 5): -102 -105 -118 -116 -96 -92 -96 -105 # -129 -129 -257 -129 -129 -129 -129 -129 
CPU side received count (scaleup: 6): -108 -123 -98 -110 -114 -88 -104 -103 # -129 -129 -129 -129 -129 -129 -129 -129 
CPU side received count (scaleup: 4): -100 -117 -97 -95 -96 -102 -108 -104 # -129 -129 -129 -129 -257 -129 -129 -129 
CPU side received count (scaleup: 1): -107 -121 -115 -113 -99 -106 -82 -110 # -129 -129 -257 -129 -129 -257 -129 -129 
CPU side received count (scaleup: 7): -119 -101 -107 -98 -116 -104 -101 -90 # -257 -129 -129 -129 -129 -129 -129 -129 
Elastic buffer uses 4 channels per SM
Elastic buffer uses 4 channels per SM
Elastic buffer uses 4 channels per SM
Elastic buffer uses 4 channels per SM
Elastic buffer uses 4 channels per SM
Elastic buffer uses 4 channels per SM
Elastic buffer uses 4 channels per SM
Elastic buffer uses 4 channels per SM
CPU side received count (scaleup: 2): -115 -98 -87 -92 -100 -87 -112 -103 # -129 -129 -129 -129 -129 -129 -129 -129 
CPU side received count (scaleup: 0): -110 -100 -114 -101 -99 -124 -107 -100 # -129 -129 -129 -129 -129 -129 -257 -257 
CPU side received count (scaleup: 4): -100 -117 -97 -95 -96 -102 -108 -104 # -129 -129 -129 -129 -257 -129 -129 -129 
CPU side received count (scaleup: 3): -97 -109 -129 -92 -109 -117 -93 -102 # -129 -129 -129 -129 -129 -129 -129 -129 
CPU side received count (scaleup: 5): -102 -105 -118 -116 -96 -92 -96 -105 # -129 -129 -257 -129 -129 -129 -129 -129 
CPU side received count (scaleup: 6): -108 -123 -98 -110 -114 -88 -104 -103 # -129 -129 -129 -129 -129 -129 -129 -129 
CPU side received count (scaleup: 1): -107 -121 -115 -113 -99 -106 -82 -110 # -129 -129 -257 -129 -129 -257 -129 -129 
CPU side received count (scaleup: 7): -119 -101 -107 -98 -116 -104 -101 -90 # -257 -129 -129 -129 -129 -129 -129 -129 
Elastic buffer uses 4 channels per SM
Elastic buffer uses 4 channels per SM
Elastic buffer uses 4 channels per SM
Elastic buffer uses 4 channels per SM
Elastic buffer uses 4 channels per SM
Elastic buffer uses 4 channels per SM
Elastic buffer uses 4 channels per SM
Elastic buffer uses 4 channels per SM
CPU side received count (scaleup: 5): -102 -105 -118 -116 -96 -92 -96 -105 # -129 -129 -257 -129 -129 -129 -129 -129 
CPU side received count (scaleup: 4): -100 -117 -97 -95 -96 -102 -108 -104 # -129 -129 -129 -129 -257 -129 -129 -129 
CPU side received count (scaleup: 6): -108 -123 -98 -110 -114 -88 -104 -103 # -129 -129 -129 -129 -129 -129 -129 -129 
CPU side received count (scaleup: 0): -110 -100 -114 -101 -99 -124 -107 -100 # -129 -129 -129 -129 -129 -129 -257 -257 
CPU side received count (scaleup: 2): -115 -98 -87 -92 -100 -87 -112 -103 # -129 -129 -129 -129 -129 -129 -129 -129 
CPU side received count (scaleup: 3): -97 -109 -129 -92 -109 -117 -93 -102 # -129 -129 -129 -129 -129 -129 -129 -129 
CPU side received count (scaleup: 1): -107 -121 -115 -113 -99 -106 -82 -110 # -129 -129 -257 -129 -129 -257 -129 -129 
CPU side received count (scaleup: 7): -119 -101 -107 -98 -116 -104 -101 -90 # -257 -129 -129 -129 -129 -129 -129 -129 
Elastic buffer uses 4 channels per SM
Elastic buffer uses 4 channels per SM
Elastic buffer uses 4 channels per SM
Elastic buffer uses 4 channels per SM
Elastic buffer uses 4 channels per SM
Elastic buffer uses 4 channels per SM
Elastic buffer uses 4 channels per SM
Elastic buffer uses 4 channels per SM
CPU side received count (scaleup: 5): -102 -105 -118 -116 -96 -92 -96 -105 # -129 -129 -257 -129 -129 -129 -129 -129 
CPU side received count (scaleup: 4): -100 -117 -97 -95 -96 -102 -108 -104 # -129 -129 -129 -129 -257 -129 -129 -129 
CPU side received count (scaleup: 6): -108 -123 -98 -110 -114 -88 -104 -103 # -129 -129 -129 -129 -129 -129 -129 -129 
CPU side received count (scaleup: 3): -97 -109 -129 -92 -109 -117 -93 -102 # -129 -129 -129 -129 -129 -129 -129 -129 
CPU side received count (scaleup: 0): -110 -100 -114 -101 -99 -124 -107 -100 # -129 -129 -129 -129 -129 -129 -257 -257 
CPU side received count (scaleup: 2): -115 -98 -87 -92 -100 -87 -112 -103 # -129 -129 -129 -129 -129 -129 -129 -129 
CPU side received count (scaleup: 7): -119 -101 -107 -98 -116 -104 -101 -90 # -257 -129 -129 -129 -129 -129 -129 -129 
CPU side received count (scaleup: 1): -107 -121 -115 -113 -99 -106 -82 -110 # -129 -129 -257 -129 -129 -257 -129 -129 
Elastic buffer uses 4 channels per SM
Elastic buffer uses 4 channels per SM
Elastic buffer uses 4 channels per SM
Elastic buffer uses 4 channels per SM
Elastic buffer uses 4 channels per SM
Elastic buffer uses 4 channels per SM
Elastic buffer uses 4 channels per SM
Elastic buffer uses 4 channels per SM
CPU side received count (scaleup: 6): -108 -123 -98 -110 -114 -88 -104 -103 # -129 -129 -129 -129 -129 -129 -129 -129 
CPU side received count (scaleup: 5): -102 -105 -118 -116 -96 -92 -96 -105 # -129 -129 -257 -129 -129 -129 -129 -129 
CPU side received count (scaleup: 4): -100 -117 -97 -95 -96 -102 -108 -104 # -129 -129 -129 -129 -257 -129 -129 -129 
CPU side received count (scaleup: 2): -115 -98 -87 -92 -100 -87 -112 -103 # -129 -129 -129 -129 -129 -129 -129 -129 
CPU side received count (scaleup: 0): -110 -100 -114 -101 -99 -124 -107 -100 # -129 -129 -129 -129 -129 -129 -257 -257 
CPU side received count (scaleup: 3): -97 -109 -129 -92 -109 -117 -93 -102 # -129 -129 -129 -129 -129 -129 -129 -129 
CPU side received count (scaleup: 1): -107 -121 -115 -113 -99 -106 -82 -110 # -129 -129 -257 -129 -129 -257 -129 -129 
CPU side received count (scaleup: 7): -119 -101 -107 -98 -116 -104 -101 -90 # -257 -129 -129 -129 -129 -129 -129 -129 
Elastic buffer uses 4 channels per SM
Elastic buffer uses 4 channels per SM
Elastic buffer uses 4 channels per SM
Elastic buffer uses 4 channels per SM
Elastic buffer uses 4 channels per SM
Elastic buffer uses 4 channels per SM
Elastic buffer uses 4 channels per SM
Elastic buffer uses 4 channels per SM
CPU side received count (scaleup: 2): -115 -98 -87 -92 -100 -87 -112 -103 # -129 -129 -129 -129 -129 -129 -129 -129 
CPU side received count (scaleup: 0): -110 -100 -114 -101 -99 -124 -107 -100 # -129 -129 -129 -129 -129 -129 -257 -257 
CPU side received count (scaleup: 5): -102 -105 -118 -116 -96 -92 -96 -105 # -129 -129 -257 -129 -129 -129 -129 -129 
CPU side received count (scaleup: 3): -97 -109 -129 -92 -109 -117 -93 -102 # -129 -129 -129 -129 -129 -129 -129 -129 
CPU side received count (scaleup: 4): -100 -117 -97 -95 -96 -102 -108 -104 # -129 -129 -129 -129 -257 -129 -129 -129 
CPU side received count (scaleup: 6): -108 -123 -98 -110 -114 -88 -104 -103 # -129 -129 -129 -129 -129 -129 -129 -129 
CPU side received count (scaleup: 7): -119 -101 -107 -98 -116 -104 -101 -90 # -257 -129 -129 -129 -129 -129 -129 -129 
CPU side received count (scaleup: 1): -107 -121 -115 -113 -99 -106 -82 -110 # -129 -129 -257 -129 -129 -257 -129 -129 
Elastic buffer uses 4 channels per SM
Elastic buffer uses 4 channels per SM
Elastic buffer uses 4 channels per SM
Elastic buffer uses 4 channels per SM
Elastic buffer uses 4 channels per SM
Elastic buffer uses 4 channels per SM
Elastic buffer uses 4 channels per SM
Elastic buffer uses 4 channels per SM
CPU side received count (scaleup: 2): -115 -98 -87 -92 -100 -87 -112 -103 # -129 -129 -129 -129 -129 -129 -129 -129 
CPU side received count (scaleup: 4): -100 -117 -97 -95 -96 -102 -108 -104 # -129 -129 -129 -129 -257 -129 -129 -129 
CPU side received count (scaleup: 3): -97 -109 -129 -92 -109 -117 -93 -102 # -129 -129 -129 -129 -129 -129 -129 -129 
CPU side received count (scaleup: 0): -110 -100 -114 -101 -99 -124 -107 -100 # -129 -129 -129 -129 -129 -129 -257 -257 
CPU side received count (scaleup: 5): -102 -105 -118 -116 -96 -92 -96 -105 # -129 -129 -257 -129 -129 -129 -129 -129 
CPU side received count (scaleup: 6): -108 -123 -98 -110 -114 -88 -104 -103 # -129 -129 -129 -129 -129 -129 -129 -129 
CPU side received count (scaleup: 7): -119 -101 -107 -98 -116 -104 -101 -90 # -257 -129 -129 -129 -129 -129 -129 -129 
CPU side received count (scaleup: 1): -107 -121 -115 -113 -99 -106 -82 -110 # -129 -129 -257 -129 -129 -257 -129 -129 
Elastic buffer uses 4 channels per SM
Elastic buffer uses 4 channels per SM
Elastic buffer uses 4 channels per SM
Elastic buffer uses 4 channels per SM
Elastic buffer uses 4 channels per SM
Elastic buffer uses 4 channels per SM
Elastic buffer uses 4 channels per SM
Elastic buffer uses 4 channels per SM
CPU side received count (scaleup: 2): -115 -98 -87 -92 -100 -87 -112 -103 # -129 -129 -129 -129 -129 -129 -129 -129 
CPU side received count (scaleup: 3): -97 -109 -129 -92 -109 -117 -93 -102 # -129 -129 -129 -129 -129 -129 -129 -129 
CPU side received count (scaleup: 0): -110 -100 -114 -101 -99 -124 -107 -100 # -129 -129 -129 -129 -129 -129 -257 -257 
CPU side received count (scaleup: 5): -102 -105 -118 -116 -96 -92 -96 -105 # -129 -129 -257 -129 -129 -129 -129 -129 
CPU side received count (scaleup: 4): -100 -117 -97 -95 -96 -102 -108 -104 # -129 -129 -129 -129 -257 -129 -129 -129 
CPU side received count (scaleup: 6): -108 -123 -98 -110 -114 -88 -104 -103 # -129 -129 -129 -129 -129 -129 -129 -129 
CPU side received count (scaleup: 7): -119 -101 -107 -98 -116 -104 -101 -90 # -257 -129 -129 -129 -129 -129 -129 -129 
CPU side received count (scaleup: 1): -107 -121 -115 -113 -99 -106 -82 -110 # -129 -129 -257 -129 -129 -257 -129 -129 
Elastic buffer uses 4 channels per SM
Elastic buffer uses 4 channels per SM
Elastic buffer uses 4 channels per SM
Elastic buffer uses 4 channels per SM
Elastic buffer uses 4 channels per SM
Elastic buffer uses 4 channels per SM
Elastic buffer uses 4 channels per SM
Elastic buffer uses 4 channels per SM
CPU side received count (scaleup: 5): -102 -105 -118 -116 -96 -92 -96 -105 # -129 -129 -257 -129 -129 -129 -129 -129 
CPU side received count (scaleup: 6): -108 -123 -98 -110 -114 -88 -104 -103 # -129 -129 -129 -129 -129 -129 -129 -129 
CPU side received count (scaleup: 2): -115 -98 -87 -92 -100 -87 -112 -103 # -129 -129 -129 -129 -129 -129 -129 -129 
CPU side received count (scaleup: 4): -100 -117 -97 -95 -96 -102 -108 -104 # -129 -129 -129 -129 -257 -129 -129 -129 
CPU side received count (scaleup: 3): -97 -109 -129 -92 -109 -117 -93 -102 # -129 -129 -129 -129 -129 -129 -129 -129 
CPU side received count (scaleup: 0): -110 -100 -114 -101 -99 -124 -107 -100 # -129 -129 -129 -129 -129 -129 -257 -257 
CPU side received count (scaleup: 1): -107 -121 -115 -113 -99 -106 -82 -110 # -129 -129 -257 -129 -129 -257 -129 -129 
CPU side received count (scaleup: 7): -119 -101 -107 -98 -116 -104 -101 -90 # -257 -129 -129 -129 -129 -129 -129 -129 
Elastic buffer uses 4 channels per SM
Elastic buffer uses 4 channels per SM
Elastic buffer uses 4 channels per SM
Elastic buffer uses 4 channels per SM
Elastic buffer uses 4 channels per SM
Elastic buffer uses 4 channels per SM
Elastic buffer uses 4 channels per SM
Elastic buffer uses 4 channels per SM
CPU side received count (scaleup: 4): -100 -117 -97 -95 -96 -102 -108 -104 # -129 -129 -129 -129 -257 -129 -129 -129 
CPU side received count (scaleup: 6): -108 -123 -98 -110 -114 -88 -104 -103 # -129 -129 -129 -129 -129 -129 -129 -129 
CPU side received count (scaleup: 5): -102 -105 -118 -116 -96 -92 -96 -105 # -129 -129 -257 -129 -129 -129 -129 -129 
CPU side received count (scaleup: 0): -110 -100 -114 -101 -99 -124 -107 -100 # -129 -129 -129 -129 -129 -129 -257 -257 
CPU side received count (scaleup: 3): -97 -109 -129 -92 -109 -117 -93 -102 # -129 -129 -129 -129 -129 -129 -129 -129 
CPU side received count (scaleup: 2): -115 -98 -87 -92 -100 -87 -112 -103 # -129 -129 -129 -129 -129 -129 -129 -129 
CPU side received count (scaleup: 7): -119 -101 -107 -98 -116 -104 -101 -90 # -257 -129 -129 -129 -129 -129 -129 -129 
CPU side received count (scaleup: 1): -107 -121 -115 -113 -99 -106 -82 -110 # -129 -129 -257 -129 -129 -257 -129 -129 
Elastic buffer uses 4 channels per SM
Elastic buffer uses 4 channels per SM
Elastic buffer uses 4 channels per SM
Elastic buffer uses 4 channels per SM
Elastic buffer uses 4 channels per SM
Elastic buffer uses 4 channels per SM
Elastic buffer uses 4 channels per SM
Elastic buffer uses 4 channels per SM
CPU side received count (scaleup: 4): -100 -117 -97 -95 -96 -102 -108 -104 # -129 -129 -129 -129 -257 -129 -129 -129 
CPU side received count (scaleup: 6): -108 -123 -98 -110 -114 -88 -104 -103 # -129 -129 -129 -129 -129 -129 -129 -129 
CPU side received count (scaleup: 5): -102 -105 -118 -116 -96 -92 -96 -105 # -129 -129 -257 -129 -129 -129 -129 -129 
CPU side received count (scaleup: 3): -97 -109 -129 -92 -109 -117 -93 -102 # -129 -129 -129 -129 -129 -129 -129 -129 
CPU side received count (scaleup: 2): -115 -98 -87 -92 -100 -87 -112 -103 # -129 -129 -129 -129 -129 -129 -129 -129 
CPU side received count (scaleup: 0): -110 -100 -114 -101 -99 -124 -107 -100 # -129 -129 -129 -129 -129 -129 -257 -257 
CPU side received count (scaleup: 7): -119 -101 -107 -98 -116 -104 -101 -90 # -257 -129 -129 -129 -129 -129 -129 -129 
CPU side received count (scaleup: 1): -107 -121 -115 -113 -99 -106 -82 -110 # -129 -129 -257 -129 -129 -257 -129 -129 
Elastic buffer uses 4 channels per SM
Elastic buffer uses 4 channels per SM
Elastic buffer uses 4 channels per SM
Elastic buffer uses 4 channels per SM
Elastic buffer uses 4 channels per SM
Elastic buffer uses 4 channels per SM
Elastic buffer uses 4 channels per SM
Elastic buffer uses 4 channels per SM
CPU side received count (scaleup: 2): -115 -98 -87 -92 -100 -87 -112 -103 # -129 -129 -129 -129 -129 -129 -129 -129 
CPU side received count (scaleup: 0): -110 -100 -114 -101 -99 -124 -107 -100 # -129 -129 -129 -129 -129 -129 -257 -257 
CPU side received count (scaleup: 6): -108 -123 -98 -110 -114 -88 -104 -103 # -129 -129 -129 -129 -129 -129 -129 -129 
CPU side received count (scaleup: 3): -97 -109 -129 -92 -109 -117 -93 -102 # -129 -129 -129 -129 -129 -129 -129 -129 
CPU side received count (scaleup: 4): -100 -117 -97 -95 -96 -102 -108 -104 # -129 -129 -129 -129 -257 -129 -129 -129 
CPU side received count (scaleup: 5): -102 -105 -118 -116 -96 -92 -96 -105 # -129 -129 -257 -129 -129 -129 -129 -129 
CPU side received count (scaleup: 1): -107 -121 -115 -113 -99 -106 -82 -110 # -129 -129 -257 -129 -129 -257 -129 -129 
CPU side received count (scaleup: 7): -119 -101 -107 -98 -116 -104 -101 -90 # -257 -129 -129 -129 -129 -129 -129 -129 
Elastic buffer uses 4 channels per SM
Elastic buffer uses 4 channels per SM
Elastic buffer uses 4 channels per SM
Elastic buffer uses 4 channels per SM
Elastic buffer uses 4 channels per SM
Elastic buffer uses 4 channels per SM
Elastic buffer uses 4 channels per SM
Elastic buffer uses 4 channels per SM
CPU side received count (scaleup: 4): -100 -117 -97 -95 -96 -102 -108 -104 # -129 -129 -129 -129 -257 -129 -129 -129 
CPU side received count (scaleup: 6): -108 -123 -98 -110 -114 -88 -104 -103 # -129 -129 -129 -129 -129 -129 -129 -129 
CPU side received count (scaleup: 5): -102 -105 -118 -116 -96 -92 -96 -105 # -129 -129 -257 -129 -129 -129 -129 -129 
CPU side received count (scaleup: 2): -115 -98 -87 -92 -100 -87 -112 -103 # -129 -129 -129 -129 -129 -129 -129 -129 
CPU side received count (scaleup: 3): -97 -109 -129 -92 -109 -117 -93 -102 # -129 -129 -129 -129 -129 -129 -129 -129 
CPU side received count (scaleup: 0): -110 -100 -114 -101 -99 -124 -107 -100 # -129 -129 -129 -129 -129 -129 -257 -257 
CPU side received count (scaleup: 7): -119 -101 -107 -98 -116 -104 -101 -90 # -257 -129 -129 -129 -129 -129 -129 -129 
CPU side received count (scaleup: 1): -107 -121 -115 -113 -99 -106 -82 -110 # -129 -129 -257 -129 -129 -257 -129 -129 
Elastic buffer uses 4 channels per SM
Elastic buffer uses 4 channels per SM
Elastic buffer uses 4 channels per SM
Elastic buffer uses 4 channels per SM
Elastic buffer uses 4 channels per SM
Elastic buffer uses 4 channels per SM
Elastic buffer uses 4 channels per SM
Elastic buffer uses 4 channels per SM
CPU side received count (scaleup: 4): -100 -117 -97 -95 -96 -102 -108 -104 # -129 -129 -129 -129 -257 -129 -129 -129 
CPU side received count (scaleup: 5): -102 -105 -118 -116 -96 -92 -96 -105 # -129 -129 -257 -129 -129 -129 -129 -129 
CPU side received count (scaleup: 6): -108 -123 -98 -110 -114 -88 -104 -103 # -129 -129 -129 -129 -129 -129 -129 -129 
CPU side received count (scaleup: 2): -115 -98 -87 -92 -100 -87 -112 -103 # -129 -129 -129 -129 -129 -129 -129 -129 
CPU side received count (scaleup: 3): -97 -109 -129 -92 -109 -117 -93 -102 # -129 -129 -129 -129 -129 -129 -129 -129 
CPU side received count (scaleup: 0): -110 -100 -114 -101 -99 -124 -107 -100 # -129 -129 -129 -129 -129 -129 -257 -257 
CPU side received count (scaleup: 1): -107 -121 -115 -113 -99 -106 -82 -110 # -129 -129 -257 -129 -129 -257 -129 -129 
CPU side received count (scaleup: 7): -119 -101 -107 -98 -116 -104 -101 -90 # -257 -129 -129 -129 -129 -129 -129 -129 
Elastic buffer uses 4 channels per SM
Elastic buffer uses 4 channels per SM
Elastic buffer uses 4 channels per SM
Elastic buffer uses 4 channels per SM
Elastic buffer uses 4 channels per SM
Elastic buffer uses 4 channels per SM
Elastic buffer uses 4 channels per SM
Elastic buffer uses 4 channels per SM
CPU side received count (scaleup: 2): -115 -98 -87 -92 -100 -87 -112 -103 # -129 -129 -129 -129 -129 -129 -129 -129 
CPU side received count (scaleup: 3): -97 -109 -129 -92 -109 -117 -93 -102 # -129 -129 -129 -129 -129 -129 -129 -129 
CPU side received count (scaleup: 0): -110 -100 -114 -101 -99 -124 -107 -100 # -129 -129 -129 -129 -129 -129 -257 -257 
CPU side received count (scaleup: 4): -100 -117 -97 -95 -96 -102 -108 -104 # -129 -129 -129 -129 -257 -129 -129 -129 
CPU side received count (scaleup: 6): -108 -123 -98 -110 -114 -88 -104 -103 # -129 -129 -129 -129 -129 -129 -129 -129 
CPU side received count (scaleup: 5): -102 -105 -118 -116 -96 -92 -96 -105 # -129 -129 -257 -129 -129 -129 -129 -129 
CPU side received count (scaleup: 7): -119 -101 -107 -98 -116 -104 -101 -90 # -257 -129 -129 -129 -129 -129 -129 -129 
CPU side received count (scaleup: 1): -107 -121 -115 -113 -99 -106 -82 -110 # -129 -129 -257 -129 -129 -257 -129 -129 
Elastic buffer uses 4 channels per SM
Elastic buffer uses 4 channels per SM
Elastic buffer uses 4 channels per SM
Elastic buffer uses 4 channels per SM
Elastic buffer uses 4 channels per SM
Elastic buffer uses 4 channels per SM
Elastic buffer uses 4 channels per SM
Elastic buffer uses 4 channels per SM
CPU side received count (scaleup: 4): -100 -117 -97 -95 -96 -102 -108 -104 # -129 -129 -129 -129 -257 -129 -129 -129 
CPU side received count (scaleup: 6): -108 -123 -98 -110 -114 -88 -104 -103 # -129 -129 -129 -129 -129 -129 -129 -129 
CPU side received count (scaleup: 5): -102 -105 -118 -116 -96 -92 -96 -105 # -129 -129 -257 -129 -129 -129 -129 -129 
CPU side received count (scaleup: 2): -115 -98 -87 -92 -100 -87 -112 -103 # -129 -129 -129 -129 -129 -129 -129 -129 
CPU side received count (scaleup: 0): -110 -100 -114 -101 -99 -124 -107 -100 # -129 -129 -129 -129 -129 -129 -257 -257 
CPU side received count (scaleup: 3): -97 -109 -129 -92 -109 -117 -93 -102 # -129 -129 -129 -129 -129 -129 -129 -129 
CPU side received count (scaleup: 1): -107 -121 -115 -113 -99 -106 -82 -110 # -129 -129 -257 -129 -129 -257 -129 -129 
CPU side received count (scaleup: 7): -119 -101 -107 -98 -116 -104 -101 -90 # -257 -129 -129 -129 -129 -129 -129 -129 
Elastic buffer uses 4 channels per SM
Elastic buffer uses 4 channels per SM
Elastic buffer uses 4 channels per SM
Elastic buffer uses 4 channels per SM
Elastic buffer uses 4 channels per SM
Elastic buffer uses 4 channels per SM
Elastic buffer uses 4 channels per SM
Elastic buffer uses 4 channels per SM
CPU side received count (scaleup: 5): -102 -105 -118 -116 -96 -92 -96 -105 # -129 -129 -257 -129 -129 -129 -129 -129 
CPU side received count (scaleup: 6): -108 -123 -98 -110 -114 -88 -104 -103 # -129 -129 -129 -129 -129 -129 -129 -129 
CPU side received count (scaleup: 4): -100 -117 -97 -95 -96 -102 -108 -104 # -129 -129 -129 -129 -257 -129 -129 -129 
CPU side received count (scaleup: 3): -97 -109 -129 -92 -109 -117 -93 -102 # -129 -129 -129 -129 -129 -129 -129 -129 
CPU side received count (scaleup: 2): -115 -98 -87 -92 -100 -87 -112 -103 # -129 -129 -129 -129 -129 -129 -129 -129 
CPU side received count (scaleup: 0): -110 -100 -114 -101 -99 -124 -107 -100 # -129 -129 -129 -129 -129 -129 -257 -257 
CPU side received count (scaleup: 1): -107 -121 -115 -113 -99 -106 -82 -110 # -129 -129 -257 -129 -129 -257 -129 -129 
CPU side received count (scaleup: 7): -119 -101 -107 -98 -116 -104 -101 -90 # -257 -129 -129 -129 -129 -129 -129 -129 
Elastic buffer uses 4 channels per SM
Elastic buffer uses 4 channels per SM
Elastic buffer uses 4 channels per SM
Elastic buffer uses 4 channels per SM
Elastic buffer uses 4 channels per SM
Elastic buffer uses 4 channels per SM
Elastic buffer uses 4 channels per SM
Elastic buffer uses 4 channels per SM
CPU side received count (scaleup: 5): -102 -105 -118 -116 -96 -92 -96 -105 # -129 -129 -257 -129 -129 -129 -129 -129 
CPU side received count (scaleup: 4): -100 -117 -97 -95 -96 -102 -108 -104 # -129 -129 -129 -129 -257 -129 -129 -129 
CPU side received count (scaleup: 2): -115 -98 -87 -92 -100 -87 -112 -103 # -129 -129 -129 -129 -129 -129 -129 -129 
CPU side received count (scaleup: 6): -108 -123 -98 -110 -114 -88 -104 -103 # -129 -129 -129 -129 -129 -129 -129 -129 
CPU side received count (scaleup: 0): -110 -100 -114 -101 -99 -124 -107 -100 # -129 -129 -129 -129 -129 -129 -257 -257 
CPU side received count (scaleup: 3): -97 -109 -129 -92 -109 -117 -93 -102 # -129 -129 -129 -129 -129 -129 -129 -129 
CPU side received count (scaleup: 1): -107 -121 -115 -113 -99 -106 -82 -110 # -129 -129 -257 -129 -129 -257 -129 -129 
CPU side received count (scaleup: 7): -119 -101 -107 -98 -116 -104 -101 -90 # -257 -129 -129 -129 -129 -129 -129 -129 
Elastic buffer uses 4 channels per SM
Elastic buffer uses 4 channels per SM
Elastic buffer uses 4 channels per SM
Elastic buffer uses 4 channels per SM
Elastic buffer uses 4 channels per SM
Elastic buffer uses 4 channels per SM
Elastic buffer uses 4 channels per SM
Elastic buffer uses 4 channels per SM
CPU side received count (scaleup: 5): -102 -105 -118 -116 -96 -92 -96 -105 # -129 -129 -257 -129 -129 -129 -129 -129 
CPU side received count (scaleup: 4): -100 -117 -97 -95 -96 -102 -108 -104 # -129 -129 -129 -129 -257 -129 -129 -129 
CPU side received count (scaleup: 6): -108 -123 -98 -110 -114 -88 -104 -103 # -129 -129 -129 -129 -129 -129 -129 -129 
CPU side received count (scaleup: 0): -110 -100 -114 -101 -99 -124 -107 -100 # -129 -129 -129 -129 -129 -129 -257 -257 
CPU side received count (scaleup: 2): -115 -98 -87 -92 -100 -87 -112 -103 # -129 -129 -129 -129 -129 -129 -129 -129 
CPU side received count (scaleup: 3): -97 -109 -129 -92 -109 -117 -93 -102 # -129 -129 -129 -129 -129 -129 -129 -129 
CPU side received count (scaleup: 1): -107 -121 -115 -113 -99 -106 -82 -110 # -129 -129 -257 -129 -129 -257 -129 -129 
CPU side received count (scaleup: 7): -119 -101 -107 -98 -116 -104 -101 -90 # -257 -129 -129 -129 -129 -129 -129 -129 
Elastic buffer uses 4 channels per SM
Elastic buffer uses 4 channels per SM
Elastic buffer uses 4 channels per SM
Elastic buffer uses 4 channels per SM
Elastic buffer uses 4 channels per SM
Elastic buffer uses 4 channels per SM
Elastic buffer uses 4 channels per SM
Elastic buffer uses 4 channels per SM
CPU side received count (scaleup: 0): -110 -100 -114 -101 -99 -124 -107 -100 # -129 -129 -129 -129 -129 -129 -257 -257 
CPU side received count (scaleup: 6): -108 -123 -98 -110 -114 -88 -104 -103 # -129 -129 -129 -129 -129 -129 -129 -129 
CPU side received count (scaleup: 5): -102 -105 -118 -116 -96 -92 -96 -105 # -129 -129 -257 -129 -129 -129 -129 -129 
CPU side received count (scaleup: 2): -115 -98 -87 -92 -100 -87 -112 -103 # -129 -129 -129 -129 -129 -129 -129 -129 
CPU side received count (scaleup: 3): -97 -109 -129 -92 -109 -117 -93 -102 # -129 -129 -129 -129 -129 -129 -129 -129 
CPU side received count (scaleup: 4): -100 -117 -97 -95 -96 -102 -108 -104 # -129 -129 -129 -129 -257 -129 -129 -129 
CPU side received count (scaleup: 1): -107 -121 -115 -113 -99 -106 -82 -110 # -129 -129 -257 -129 -129 -257 -129 -129 
CPU side received count (scaleup: 7): -119 -101 -107 -98 -116 -104 -101 -90 # -257 -129 -129 -129 -129 -129 -129 -129 
Elastic buffer uses 4 channels per SM
Elastic buffer uses 4 channels per SM
Elastic buffer uses 4 channels per SM
Elastic buffer uses 4 channels per SM
Elastic buffer uses 4 channels per SM
Elastic buffer uses 4 channels per SM
Elastic buffer uses 4 channels per SM
Elastic buffer uses 4 channels per SM
CPU side received count (scaleup: 5): -102 -105 -118 -116 -96 -92 -96 -105 # -129 -129 -257 -129 -129 -129 -129 -129 
CPU side received count (scaleup: 4): -100 -117 -97 -95 -96 -102 -108 -104 # -129 -129 -129 -129 -257 -129 -129 -129 
CPU side received count (scaleup: 6): -108 -123 -98 -110 -114 -88 -104 -103 # -129 -129 -129 -129 -129 -129 -129 -129 
CPU side received count (scaleup: 0): -110 -100 -114 -101 -99 -124 -107 -100 # -129 -129 -129 -129 -129 -129 -257 -257 
CPU side received count (scaleup: 2): -115 -98 -87 -92 -100 -87 -112 -103 # -129 -129 -129 -129 -129 -129 -129 -129 
CPU side received count (scaleup: 3): -97 -109 -129 -92 -109 -117 -93 -102 # -129 -129 -129 -129 -129 -129 -129 -129 
CPU side received count (scaleup: 7): -119 -101 -107 -98 -116 -104 -101 -90 # -257 -129 -129 -129 -129 -129 -129 -129 
CPU side received count (scaleup: 1): -107 -121 -115 -113 -99 -106 -82 -110 # -129 -129 -257 -129 -129 -257 -129 -129 
Elastic buffer uses 4 channels per SM
Elastic buffer uses 4 channels per SM
Elastic buffer uses 4 channels per SM
Elastic buffer uses 4 channels per SM
Elastic buffer uses 4 channels per SM
Elastic buffer uses 4 channels per SM
Elastic buffer uses 4 channels per SM
Elastic buffer uses 4 channels per SM
CPU side received count (scaleup: 4): -100 -117 -97 -95 -96 -102 -108 -104 # -129 -129 -129 -129 -257 -129 -129 -129 
CPU side received count (scaleup: 6): -108 -123 -98 -110 -114 -88 -104 -103 # -129 -129 -129 -129 -129 -129 -129 -129 
CPU side received count (scaleup: 5): -102 -105 -118 -116 -96 -92 -96 -105 # -129 -129 -257 -129 -129 -129 -129 -129 
CPU side received count (scaleup: 2): -115 -98 -87 -92 -100 -87 -112 -103 # -129 -129 -129 -129 -129 -129 -129 -129 
CPU side received count (scaleup: 0): -110 -100 -114 -101 -99 -124 -107 -100 # -129 -129 -129 -129 -129 -129 -257 -257 
CPU side received count (scaleup: 3): -97 -109 -129 -92 -109 -117 -93 -102 # -129 -129 -129 -129 -129 -129 -129 -129 
CPU side received count (scaleup: 1): -107 -121 -115 -113 -99 -106 -82 -110 # -129 -129 -257 -129 -129 -257 -129 -129 
CPU side received count (scaleup: 7): -119 -101 -107 -98 -116 -104 -101 -90 # -257 -129 -129 -129 -129 -129 -129 -129 
USDT:2026-08-25 02:49:23 433:433 SyncActivityProfilerHandler.cpp:59] profiler_stopUSDT:2026-08-25 02:49:23 435:435 SyncActivityProfilerHandler.cpp:59] profiler_stopUSDT:2026-08-25 02:49:23 434:434 SyncActivityProfilerHandler.cpp:59] profiler_stopUSDT:2026-08-25 02:49:23 436:436 SyncActivityProfilerHandler.cpp:59] profiler_stopUSDT:2026-08-25 02:49:23 437:437 SyncActivityProfilerHandler.cpp:59] profiler_stopUSDT:2026-08-25 02:49:23 431:431 SyncActivityProfilerHandler.cpp:59] profiler_stop





USDT:2026-08-25 02:49:23 432:432 SyncActivityProfilerHandler.cpp:59] profiler_stopUSDT:2026-08-25 02:49:23 438:438 SyncActivityProfilerHandler.cpp:59] profiler_stop

   * EP:  20/32 | dispatch: 3 GB/s (SO), 6 GB/s (SU), 978.378 us, 6072768 bytes | copy: 369 GB/s, 32.901 us
   * EP:  22/32 | dispatch: 3 GB/s (SO), 6 GB/s (SU), 978.418 us, 6289920 bytes | copy: 51 GB/s, 246.518 us
   * EP:  21/32 | dispatch: 3 GB/s (SO), 6 GB/s (SU), 978.287 us, 6155136 bytes | copy: 50 GB/s, 246.592 us
   * EP:  19/32 | dispatch: 3 GB/s (SO), 6 GB/s (SU), 978.383 us, 6289920 bytes | copy: 53 GB/s, 238.102 us
   * EP:  18/32 | dispatch: 3 GB/s (SO), 6 GB/s (SU), 977.910 us, 5885568 bytes | copy: 1896 GB/s, 6.210 us
   * EP:  16/32 | dispatch: 3 GB/s (SO), 6 GB/s (SU), 978.423 us, 6342336 bytes | copy: 57 GB/s, 222.306 us
   * EP:  23/32 | dispatch: 3 GB/s (SO), 6 GB/s (SU), 978.344 us, 6200064 bytes | copy: 51 GB/s, 243.839 us
   * EP:  17/32 | dispatch: 3 GB/s (SO), 6 GB/s (SU), 978.440 us, 6327360 bytes | copy: 61 GB/s, 208.251 us
Elastic buffer uses 4 channels per SM
Elastic buffer uses 4 channels per SM
Elastic buffer uses 4 channels per SM
Elastic buffer uses 4 channels per SM
Elastic buffer uses 4 channels per SM
Elastic buffer uses 4 channels per SM
Elastic buffer uses 4 channels per SM
Elastic buffer uses 4 channels per SM
CPU side received count (scaleup: 3): -97 -109 -129 -92 -109 -117 -93 -102 # -129 -129 -129 -129 -129 -129 -129 -129 
CPU side received count (scaleup: 5): -102 -105 -118 -116 -96 -92 -96 -105 # -129 -129 -257 -129 -129 -129 -129 -129 
CPU side received count (scaleup: 1): -107 -121 -115 -113 -99 -106 -82 -110 # -129 -129 -257 -129 -129 -257 -129 -129 
CPU side received count (scaleup: 7): -119 -101 -107 -98 -116 -104 -101 -90 # -257 -129 -129 -129 -129 -129 -129 -129 
CPU side received count (scaleup: 0): -110 -100 -114 -101 -99 -124 -107 -100 # -129 -129 -129 -129 -129 -129 -257 -257 
CPU side received count (scaleup: 2): -115 -98 -87 -92 -100 -87 -112 -103 # -129 -129 -129 -129 -129 -129 -129 -129 
CPU side received count (scaleup: 4): -100 -117 -97 -95 -96 -102 -108 -104 # -129 -129 -129 -129 -257 -129 -129 -129 
CPU side received count (scaleup: 6): -108 -123 -98 -110 -114 -88 -104 -103 # -129 -129 -129 -129 -129 -129 -129 -129 
Elastic buffer uses 4 channels per SM
Elastic buffer uses 4 channels per SM
Elastic buffer uses 4 channels per SM
Elastic buffer uses 4 channels per SM
Elastic buffer uses 4 channels per SM
Elastic buffer uses 4 channels per SM
Elastic buffer uses 4 channels per SM
Elastic buffer uses 4 channels per SM
CPU side received count (scaleup: 4): -100 -117 -97 -95 -96 -102 -108 -104 # -129 -129 -129 -129 -257 -129 -129 -129 
CPU side received count (scaleup: 6): -108 -123 -98 -110 -114 -88 -104 -103 # -129 -129 -129 -129 -129 -129 -129 -129 
CPU side received count (scaleup: 3): -97 -109 -129 -92 -109 -117 -93 -102 # -129 -129 -129 -129 -129 -129 -129 -129 
CPU side received count (scaleup: 2): -115 -98 -87 -92 -100 -87 -112 -103 # -129 -129 -129 -129 -129 -129 -129 -129 
CPU side received count (scaleup: 5): -102 -105 -118 -116 -96 -92 -96 -105 # -129 -129 -257 -129 -129 -129 -129 -129 
CPU side received count (scaleup: 0): -110 -100 -114 -101 -99 -124 -107 -100 # -129 -129 -129 -129 -129 -129 -257 -257 
CPU side received count (scaleup: 7): -119 -101 -107 -98 -116 -104 -101 -90 # -257 -129 -129 -129 -129 -129 -129 -129 
CPU side received count (scaleup: 1): -107 -121 -115 -113 -99 -106 -82 -110 # -129 -129 -257 -129 -129 -257 -129 -129 
Elastic buffer uses 4 channels per SM
Elastic buffer uses 4 channels per SM
Elastic buffer uses 4 channels per SM
Elastic buffer uses 4 channels per SM
Elastic buffer uses 4 channels per SM
Elastic buffer uses 4 channels per SM
Elastic buffer uses 4 channels per SM
Elastic buffer uses 4 channels per SM
CPU side received count (scaleup: 4): -100 -117 -97 -95 -96 -102 -108 -104 # -129 -129 -129 -129 -257 -129 -129 -129 
CPU side received count (scaleup: 5): -102 -105 -118 -116 -96 -92 -96 -105 # -129 -129 -257 -129 -129 -129 -129 -129 
CPU side received count (scaleup: 0): -110 -100 -114 -101 -99 -124 -107 -100 # -129 -129 -129 -129 -129 -129 -257 -257 
CPU side received count (scaleup: 3): -97 -109 -129 -92 -109 -117 -93 -102 # -129 -129 -129 -129 -129 -129 -129 -129 
CPU side received count (scaleup: 6): -108 -123 -98 -110 -114 -88 -104 -103 # -129 -129 -129 -129 -129 -129 -129 -129 
CPU side received count (scaleup: 2): -115 -98 -87 -92 -100 -87 -112 -103 # -129 -129 -129 -129 -129 -129 -129 -129 
CPU side received count (scaleup: 7): -119 -101 -107 -98 -116 -104 -101 -90 # -257 -129 -129 -129 -129 -129 -129 -129 
CPU side received count (scaleup: 1): -107 -121 -115 -113 -99 -106 -82 -110 # -129 -129 -257 -129 -129 -257 -129 -129 
Elastic buffer uses 4 channels per SM
Elastic buffer uses 4 channels per SM
Elastic buffer uses 4 channels per SM
Elastic buffer uses 4 channels per SM
Elastic buffer uses 4 channels per SM
Elastic buffer uses 4 channels per SM
Elastic buffer uses 4 channels per SM
Elastic buffer uses 4 channels per SM
CPU side received count (scaleup: 4): -100 -117 -97 -95 -96 -102 -108 -104 # -129 -129 -129 -129 -257 -129 -129 -129 
CPU side received count (scaleup: 6): -108 -123 -98 -110 -114 -88 -104 -103 # -129 -129 -129 -129 -129 -129 -129 -129 
CPU side received count (scaleup: 2): -115 -98 -87 -92 -100 -87 -112 -103 # -129 -129 -129 -129 -129 -129 -129 -129 
CPU side received count (scaleup: 0): -110 -100 -114 -101 -99 -124 -107 -100 # -129 -129 -129 -129 -129 -129 -257 -257 
CPU side received count (scaleup: 5): -102 -105 -118 -116 -96 -92 -96 -105 # -129 -129 -257 -129 -129 -129 -129 -129 
CPU side received count (scaleup: 7): -119 -101 -107 -98 -116 -104 -101 -90 # -257 -129 -129 -129 -129 -129 -129 -129 
CPU side received count (scaleup: 3): -97 -109 -129 -92 -109 -117 -93 -102 # -129 -129 -129 -129 -129 -129 -129 -129 
CPU side received count (scaleup: 1): -107 -121 -115 -113 -99 -106 -82 -110 # -129 -129 -257 -129 -129 -257 -129 -129 
Elastic buffer uses 4 channels per SM
Elastic buffer uses 4 channels per SM
Elastic buffer uses 4 channels per SM
Elastic buffer uses 4 channels per SM
Elastic buffer uses 4 channels per SM
Elastic buffer uses 4 channels per SM
Elastic buffer uses 4 channels per SM
Elastic buffer uses 4 channels per SM
CPU side received count (scaleup: 6): -108 -123 -98 -110 -114 -88 -104 -103 # -129 -129 -129 -129 -129 -129 -129 -129 
CPU side received count (scaleup: 4): -100 -117 -97 -95 -96 -102 -108 -104 # -129 -129 -129 -129 -257 -129 -129 -129 
CPU side received count (scaleup: 0): -110 -100 -114 -101 -99 -124 -107 -100 # -129 -129 -129 -129 -129 -129 -257 -257 
CPU side received count (scaleup: 5): -102 -105 -118 -116 -96 -92 -96 -105 # -129 -129 -257 -129 -129 -129 -129 -129 
CPU side received count (scaleup: 3): -97 -109 -129 -92 -109 -117 -93 -102 # -129 -129 -129 -129 -129 -129 -129 -129 
CPU side received count (scaleup: 2): -115 -98 -87 -92 -100 -87 -112 -103 # -129 -129 -129 -129 -129 -129 -129 -129 
CPU side received count (scaleup: 7): -119 -101 -107 -98 -116 -104 -101 -90 # -257 -129 -129 -129 -129 -129 -129 -129 
CPU side received count (scaleup: 1): -107 -121 -115 -113 -99 -106 -82 -110 # -129 -129 -257 -129 -129 -257 -129 -129 
Elastic buffer uses 4 channels per SM
Elastic buffer uses 4 channels per SM
Elastic buffer uses 4 channels per SM
Elastic buffer uses 4 channels per SM
Elastic buffer uses 4 channels per SM
Elastic buffer uses 4 channels per SM
Elastic buffer uses 4 channels per SM
Elastic buffer uses 4 channels per SM
CPU side received count (scaleup: 2): -115 -98 -87 -92 -100 -87 -112 -103 # -129 -129 -129 -129 -129 -129 -129 -129 
CPU side received count (scaleup: 3): -97 -109 -129 -92 -109 -117 -93 -102 # -129 -129 -129 -129 -129 -129 -129 -129 
CPU side received count (scaleup: 6): -108 -123 -98 -110 -114 -88 -104 -103 # -129 -129 -129 -129 -129 -129 -129 -129 
CPU side received count (scaleup: 5): -102 -105 -118 -116 -96 -92 -96 -105 # -129 -129 -257 -129 -129 -129 -129 -129 
CPU side received count (scaleup: 4): -100 -117 -97 -95 -96 -102 -108 -104 # -129 -129 -129 -129 -257 -129 -129 -129 
CPU side received count (scaleup: 7): -119 -101 -107 -98 -116 -104 -101 -90 # -257 -129 -129 -129 -129 -129 -129 -129 
CPU side received count (scaleup: 1): -107 -121 -115 -113 -99 -106 -82 -110 # -129 -129 -257 -129 -129 -257 -129 -129 
CPU side received count (scaleup: 0): -110 -100 -114 -101 -99 -124 -107 -100 # -129 -129 -129 -129 -129 -129 -257 -257 
Elastic buffer uses 4 channels per SM
Elastic buffer uses 4 channels per SM
Elastic buffer uses 4 channels per SM
Elastic buffer uses 4 channels per SM
Elastic buffer uses 4 channels per SM
Elastic buffer uses 4 channels per SM
Elastic buffer uses 4 channels per SM
Elastic buffer uses 4 channels per SM
CPU side received count (scaleup: 4): -100 -117 -97 -95 -96 -102 -108 -104 # -129 -129 -129 -129 -257 -129 -129 -129 
CPU side received count (scaleup: 5): -102 -105 -118 -116 -96 -92 -96 -105 # -129 -129 -257 -129 -129 -129 -129 -129 
CPU side received count (scaleup: 6): -108 -123 -98 -110 -114 -88 -104 -103 # -129 -129 -129 -129 -129 -129 -129 -129 
CPU side received count (scaleup: 0): -110 -100 -114 -101 -99 -124 -107 -100 # -129 -129 -129 -129 -129 -129 -257 -257 
CPU side received count (scaleup: 3): -97 -109 -129 -92 -109 -117 -93 -102 # -129 -129 -129 -129 -129 -129 -129 -129 
CPU side received count (scaleup: 2): -115 -98 -87 -92 -100 -87 -112 -103 # -129 -129 -129 -129 -129 -129 -129 -129 
CPU side received count (scaleup: 7): -119 -101 -107 -98 -116 -104 -101 -90 # -257 -129 -129 -129 -129 -129 -129 -129 
CPU side received count (scaleup: 1): -107 -121 -115 -113 -99 -106 -82 -110 # -129 -129 -257 -129 -129 -257 -129 -129 
Elastic buffer uses 4 channels per SM
Elastic buffer uses 4 channels per SM
Elastic buffer uses 4 channels per SM
Elastic buffer uses 4 channels per SM
Elastic buffer uses 4 channels per SM
Elastic buffer uses 4 channels per SM
Elastic buffer uses 4 channels per SM
Elastic buffer uses 4 channels per SM
CPU side received count (scaleup: 6): -108 -123 -98 -110 -114 -88 -104 -103 # -129 -129 -129 -129 -129 -129 -129 -129 
CPU side received count (scaleup: 5): -102 -105 -118 -116 -96 -92 -96 -105 # -129 -129 -257 -129 -129 -129 -129 -129 
CPU side received count (scaleup: 2): -115 -98 -87 -92 -100 -87 -112 -103 # -129 -129 -129 -129 -129 -129 -129 -129 
CPU side received count (scaleup: 0): -110 -100 -114 -101 -99 -124 -107 -100 # -129 -129 -129 -129 -129 -129 -257 -257 
CPU side received count (scaleup: 3): -97 -109 -129 -92 -109 -117 -93 -102 # -129 -129 -129 -129 -129 -129 -129 -129 
CPU side received count (scaleup: 4): -100 -117 -97 -95 -96 -102 -108 -104 # -129 -129 -129 -129 -257 -129 -129 -129 
CPU side received count (scaleup: 7): -119 -101 -107 -98 -116 -104 -101 -90 # -257 -129 -129 -129 -129 -129 -129 -129 
CPU side received count (scaleup: 1): -107 -121 -115 -113 -99 -106 -82 -110 # -129 -129 -257 -129 -129 -257 -129 -129 
Elastic buffer uses 4 channels per SM
Elastic buffer uses 4 channels per SM
Elastic buffer uses 4 channels per SM
Elastic buffer uses 4 channels per SM
Elastic buffer uses 4 channels per SM
Elastic buffer uses 4 channels per SM
Elastic buffer uses 4 channels per SM
Elastic buffer uses 4 channels per SM
CPU side received count (scaleup: 2): -115 -98 -87 -92 -100 -87 -112 -103 # -129 -129 -129 -129 -129 -129 -129 -129 
CPU side received count (scaleup: 3): -97 -109 -129 -92 -109 -117 -93 -102 # -129 -129 -129 -129 -129 -129 -129 -129 
CPU side received count (scaleup: 6): -108 -123 -98 -110 -114 -88 -104 -103 # -129 -129 -129 -129 -129 -129 -129 -129 
CPU side received count (scaleup: 0): -110 -100 -114 -101 -99 -124 -107 -100 # -129 -129 -129 -129 -129 -129 -257 -257 
CPU side received count (scaleup: 4): -100 -117 -97 -95 -96 -102 -108 -104 # -129 -129 -129 -129 -257 -129 -129 -129 
CPU side received count (scaleup: 5): -102 -105 -118 -116 -96 -92 -96 -105 # -129 -129 -257 -129 -129 -129 -129 -129 
CPU side received count (scaleup: 1): -107 -121 -115 -113 -99 -106 -82 -110 # -129 -129 -257 -129 -129 -257 -129 -129 
CPU side received count (scaleup: 7): -119 -101 -107 -98 -116 -104 -101 -90 # -257 -129 -129 -129 -129 -129 -129 -129 
Elastic buffer uses 4 channels per SM
Elastic buffer uses 4 channels per SM
Elastic buffer uses 4 channels per SM
Elastic buffer uses 4 channels per SM
Elastic buffer uses 4 channels per SM
Elastic buffer uses 4 channels per SM
Elastic buffer uses 4 channels per SM
Elastic buffer uses 4 channels per SM
CPU side received count (scaleup: 6): -108 -123 -98 -110 -114 -88 -104 -103 # -129 -129 -129 -129 -129 -129 -129 -129 
CPU side received count (scaleup: 4): -100 -117 -97 -95 -96 -102 -108 -104 # -129 -129 -129 -129 -257 -129 -129 -129 
CPU side received count (scaleup: 2): -115 -98 -87 -92 -100 -87 -112 -103 # -129 -129 -129 -129 -129 -129 -129 -129 
CPU side received count (scaleup: 3): -97 -109 -129 -92 -109 -117 -93 -102 # -129 -129 -129 -129 -129 -129 -129 -129 
CPU side received count (scaleup: 5): -102 -105 -118 -116 -96 -92 -96 -105 # -129 -129 -257 -129 -129 -129 -129 -129 
CPU side received count (scaleup: 0): -110 -100 -114 -101 -99 -124 -107 -100 # -129 -129 -129 -129 -129 -129 -257 -257 
CPU side received count (scaleup: 7): -119 -101 -107 -98 -116 -104 -101 -90 # -257 -129 -129 -129 -129 -129 -129 -129 
CPU side received count (scaleup: 1): -107 -121 -115 -113 -99 -106 -82 -110 # -129 -129 -257 -129 -129 -257 -129 -129 
Elastic buffer uses 4 channels per SM
Elastic buffer uses 4 channels per SM
Elastic buffer uses 4 channels per SM
Elastic buffer uses 4 channels per SM
Elastic buffer uses 4 channels per SM
Elastic buffer uses 4 channels per SM
Elastic buffer uses 4 channels per SM
Elastic buffer uses 4 channels per SM
CPU side received count (scaleup: 4): -100 -117 -97 -95 -96 -102 -108 -104 # -129 -129 -129 -129 -257 -129 -129 -129 
CPU side received count (scaleup: 5): -102 -105 -118 -116 -96 -92 -96 -105 # -129 -129 -257 -129 -129 -129 -129 -129 
CPU side received count (scaleup: 6): -108 -123 -98 -110 -114 -88 -104 -103 # -129 -129 -129 -129 -129 -129 -129 -129 
CPU side received count (scaleup: 2): -115 -98 -87 -92 -100 -87 -112 -103 # -129 -129 -129 -129 -129 -129 -129 -129 
CPU side received count (scaleup: 0): -110 -100 -114 -101 -99 -124 -107 -100 # -129 -129 -129 -129 -129 -129 -257 -257 
CPU side received count (scaleup: 3): -97 -109 -129 -92 -109 -117 -93 -102 # -129 -129 -129 -129 -129 -129 -129 -129 
CPU side received count (scaleup: 7): -119 -101 -107 -98 -116 -104 -101 -90 # -257 -129 -129 -129 -129 -129 -129 -129 
CPU side received count (scaleup: 1): -107 -121 -115 -113 -99 -106 -82 -110 # -129 -129 -257 -129 -129 -257 -129 -129 
Elastic buffer uses 4 channels per SM
Elastic buffer uses 4 channels per SM
Elastic buffer uses 4 channels per SM
Elastic buffer uses 4 channels per SM
Elastic buffer uses 4 channels per SM
Elastic buffer uses 4 channels per SM
Elastic buffer uses 4 channels per SM
Elastic buffer uses 4 channels per SM
CPU side received count (scaleup: 4): -100 -117 -97 -95 -96 -102 -108 -104 # -129 -129 -129 -129 -257 -129 -129 -129 
CPU side received count (scaleup: 6): -108 -123 -98 -110 -114 -88 -104 -103 # -129 -129 -129 -129 -129 -129 -129 -129 
CPU side received count (scaleup: 5): -102 -105 -118 -116 -96 -92 -96 -105 # -129 -129 -257 -129 -129 -129 -129 -129 
CPU side received count (scaleup: 2): -115 -98 -87 -92 -100 -87 -112 -103 # -129 -129 -129 -129 -129 -129 -129 -129 
CPU side received count (scaleup: 3): -97 -109 -129 -92 -109 -117 -93 -102 # -129 -129 -129 -129 -129 -129 -129 -129 
CPU side received count (scaleup: 0): -110 -100 -114 -101 -99 -124 -107 -100 # -129 -129 -129 -129 -129 -129 -257 -257 
CPU side received count (scaleup: 1): -107 -121 -115 -113 -99 -106 -82 -110 # -129 -129 -257 -129 -129 -257 -129 -129 
CPU side received count (scaleup: 7): -119 -101 -107 -98 -116 -104 -101 -90 # -257 -129 -129 -129 -129 -129 -129 -129 
Elastic buffer uses 4 channels per SM
Elastic buffer uses 4 channels per SM
Elastic buffer uses 4 channels per SM
Elastic buffer uses 4 channels per SM
Elastic buffer uses 4 channels per SM
Elastic buffer uses 4 channels per SM
Elastic buffer uses 4 channels per SM
Elastic buffer uses 4 channels per SM
CPU side received count (scaleup: 0): -110 -100 -114 -101 -99 -124 -107 -100 # -129 -129 -129 -129 -129 -129 -257 -257 
CPU side received count (scaleup: 2): -115 -98 -87 -92 -100 -87 -112 -103 # -129 -129 -129 -129 -129 -129 -129 -129 
CPU side received count (scaleup: 3): -97 -109 -129 -92 -109 -117 -93 -102 # -129 -129 -129 -129 -129 -129 -129 -129 
CPU side received count (scaleup: 6): -108 -123 -98 -110 -114 -88 -104 -103 # -129 -129 -129 -129 -129 -129 -129 -129 
CPU side received count (scaleup: 4): -100 -117 -97 -95 -96 -102 -108 -104 # -129 -129 -129 -129 -257 -129 -129 -129 
CPU side received count (scaleup: 5): -102 -105 -118 -116 -96 -92 -96 -105 # -129 -129 -257 -129 -129 -129 -129 -129 
CPU side received count (scaleup: 1): -107 -121 -115 -113 -99 -106 -82 -110 # -129 -129 -257 -129 -129 -257 -129 -129 
CPU side received count (scaleup: 7): -119 -101 -107 -98 -116 -104 -101 -90 # -257 -129 -129 -129 -129 -129 -129 -129 
Elastic buffer uses 4 channels per SM
Elastic buffer uses 4 channels per SM
Elastic buffer uses 4 channels per SM
Elastic buffer uses 4 channels per SM
Elastic buffer uses 4 channels per SM
Elastic buffer uses 4 channels per SM
Elastic buffer uses 4 channels per SM
Elastic buffer uses 4 channels per SM
CPU side received count (scaleup: 5): -102 -105 -118 -116 -96 -92 -96 -105 # -129 -129 -257 -129 -129 -129 -129 -129 
CPU side received count (scaleup: 6): -108 -123 -98 -110 -114 -88 -104 -103 # -129 -129 -129 -129 -129 -129 -129 -129 
CPU side received count (scaleup: 4): -100 -117 -97 -95 -96 -102 -108 -104 # -129 -129 -129 -129 -257 -129 -129 -129 
CPU side received count (scaleup: 0): -110 -100 -114 -101 -99 -124 -107 -100 # -129 -129 -129 -129 -129 -129 -257 -257 
CPU side received count (scaleup: 2): -115 -98 -87 -92 -100 -87 -112 -103 # -129 -129 -129 -129 -129 -129 -129 -129 
CPU side received count (scaleup: 3): -97 -109 -129 -92 -109 -117 -93 -102 # -129 -129 -129 -129 -129 -129 -129 -129 
CPU side received count (scaleup: 1): -107 -121 -115 -113 -99 -106 -82 -110 # -129 -129 -257 -129 -129 -257 -129 -129 
CPU side received count (scaleup: 7): -119 -101 -107 -98 -116 -104 -101 -90 # -257 -129 -129 -129 -129 -129 -129 -129 
Elastic buffer uses 4 channels per SM
Elastic buffer uses 4 channels per SM
Elastic buffer uses 4 channels per SM
Elastic buffer uses 4 channels per SM
Elastic buffer uses 4 channels per SM
Elastic buffer uses 4 channels per SM
Elastic buffer uses 4 channels per SM
Elastic buffer uses 4 channels per SM
CPU side received count (scaleup: 2): -115 -98 -87 -92 -100 -87 -112 -103 # -129 -129 -129 -129 -129 -129 -129 -129 
CPU side received count (scaleup: 3): -97 -109 -129 -92 -109 -117 -93 -102 # -129 -129 -129 -129 -129 -129 -129 -129 
CPU side received count (scaleup: 6): -108 -123 -98 -110 -114 -88 -104 -103 # -129 -129 -129 -129 -129 -129 -129 -129 
CPU side received count (scaleup: 0): -110 -100 -114 -101 -99 -124 -107 -100 # -129 -129 -129 -129 -129 -129 -257 -257 
CPU side received count (scaleup: 5): -102 -105 -118 -116 -96 -92 -96 -105 # -129 -129 -257 -129 -129 -129 -129 -129 
CPU side received count (scaleup: 4): -100 -117 -97 -95 -96 -102 -108 -104 # -129 -129 -129 -129 -257 -129 -129 -129 
CPU side received count (scaleup: 1): -107 -121 -115 -113 -99 -106 -82 -110 # -129 -129 -257 -129 -129 -257 -129 -129 
CPU side received count (scaleup: 7): -119 -101 -107 -98 -116 -104 -101 -90 # -257 -129 -129 -129 -129 -129 -129 -129 
Elastic buffer uses 4 channels per SM
Elastic buffer uses 4 channels per SM
Elastic buffer uses 4 channels per SM
Elastic buffer uses 4 channels per SM
Elastic buffer uses 4 channels per SM
Elastic buffer uses 4 channels per SM
Elastic buffer uses 4 channels per SM
Elastic buffer uses 4 channels per SM
CPU side received count (scaleup: 4): -100 -117 -97 -95 -96 -102 -108 -104 # -129 -129 -129 -129 -257 -129 -129 -129 
CPU side received count (scaleup: 6): -108 -123 -98 -110 -114 -88 -104 -103 # -129 -129 -129 -129 -129 -129 -129 -129 
CPU side received count (scaleup: 0): -110 -100 -114 -101 -99 -124 -107 -100 # -129 -129 -129 -129 -129 -129 -257 -257 
CPU side received count (scaleup: 5): -102 -105 -118 -116 -96 -92 -96 -105 # -129 -129 -257 -129 -129 -129 -129 -129 
CPU side received count (scaleup: 2): -115 -98 -87 -92 -100 -87 -112 -103 # -129 -129 -129 -129 -129 -129 -129 -129 
CPU side received count (scaleup: 3): -97 -109 -129 -92 -109 -117 -93 -102 # -129 -129 -129 -129 -129 -129 -129 -129 
CPU side received count (scaleup: 1): -107 -121 -115 -113 -99 -106 -82 -110 # -129 -129 -257 -129 -129 -257 -129 -129 
CPU side received count (scaleup: 7): -119 -101 -107 -98 -116 -104 -101 -90 # -257 -129 -129 -129 -129 -129 -129 -129 
Elastic buffer uses 4 channels per SM
Elastic buffer uses 4 channels per SM
Elastic buffer uses 4 channels per SM
Elastic buffer uses 4 channels per SM
Elastic buffer uses 4 channels per SM
Elastic buffer uses 4 channels per SM
Elastic buffer uses 4 channels per SM
Elastic buffer uses 4 channels per SM
CPU side received count (scaleup: 2): -115 -98 -87 -92 -100 -87 -112 -103 # -129 -129 -129 -129 -129 -129 -129 -129 
CPU side received count (scaleup: 3): -97 -109 -129 -92 -109 -117 -93 -102 # -129 -129 -129 -129 -129 -129 -129 -129 
CPU side received count (scaleup: 6): -108 -123 -98 -110 -114 -88 -104 -103 # -129 -129 -129 -129 -129 -129 -129 -129 
CPU side received count (scaleup: 5): -102 -105 -118 -116 -96 -92 -96 -105 # -129 -129 -257 -129 -129 -129 -129 -129 
CPU side received count (scaleup: 0): -110 -100 -114 -101 -99 -124 -107 -100 # -129 -129 -129 -129 -129 -129 -257 -257 
CPU side received count (scaleup: 4): -100 -117 -97 -95 -96 -102 -108 -104 # -129 -129 -129 -129 -257 -129 -129 -129 
CPU side received count (scaleup: 1): -107 -121 -115 -113 -99 -106 -82 -110 # -129 -129 -257 -129 -129 -257 -129 -129 
CPU side received count (scaleup: 7): -119 -101 -107 -98 -116 -104 -101 -90 # -257 -129 -129 -129 -129 -129 -129 -129 
Elastic buffer uses 4 channels per SM
Elastic buffer uses 4 channels per SM
Elastic buffer uses 4 channels per SM
Elastic buffer uses 4 channels per SM
Elastic buffer uses 4 channels per SM
Elastic buffer uses 4 channels per SM
Elastic buffer uses 4 channels per SM
Elastic buffer uses 4 channels per SM
CPU side received count (scaleup: 6): -108 -123 -98 -110 -114 -88 -104 -103 # -129 -129 -129 -129 -129 -129 -129 -129 
CPU side received count (scaleup: 5): -102 -105 -118 -116 -96 -92 -96 -105 # -129 -129 -257 -129 -129 -129 -129 -129 
CPU side received count (scaleup: 4): -100 -117 -97 -95 -96 -102 -108 -104 # -129 -129 -129 -129 -257 -129 -129 -129 
CPU side received count (scaleup: 0): -110 -100 -114 -101 -99 -124 -107 -100 # -129 -129 -129 -129 -129 -129 -257 -257 
CPU side received count (scaleup: 3): -97 -109 -129 -92 -109 -117 -93 -102 # -129 -129 -129 -129 -129 -129 -129 -129 
CPU side received count (scaleup: 2): -115 -98 -87 -92 -100 -87 -112 -103 # -129 -129 -129 -129 -129 -129 -129 -129 
CPU side received count (scaleup: 1): -107 -121 -115 -113 -99 -106 -82 -110 # -129 -129 -257 -129 -129 -257 -129 -129 
CPU side received count (scaleup: 7): -119 -101 -107 -98 -116 -104 -101 -90 # -257 -129 -129 -129 -129 -129 -129 -129 
Elastic buffer uses 4 channels per SM
Elastic buffer uses 4 channels per SM
Elastic buffer uses 4 channels per SM
Elastic buffer uses 4 channels per SM
Elastic buffer uses 4 channels per SM
Elastic buffer uses 4 channels per SM
Elastic buffer uses 4 channels per SM
Elastic buffer uses 4 channels per SM
CPU side received count (scaleup: 2): -115 -98 -87 -92 -100 -87 -112 -103 # -129 -129 -129 -129 -129 -129 -129 -129 
CPU side received count (scaleup: 3): -97 -109 -129 -92 -109 -117 -93 -102 # -129 -129 -129 -129 -129 -129 -129 -129 
CPU side received count (scaleup: 0): -110 -100 -114 -101 -99 -124 -107 -100 # -129 -129 -129 -129 -129 -129 -257 -257 
CPU side received count (scaleup: 6): -108 -123 -98 -110 -114 -88 -104 -103 # -129 -129 -129 -129 -129 -129 -129 -129 
CPU side received count (scaleup: 4): -100 -117 -97 -95 -96 -102 -108 -104 # -129 -129 -129 -129 -257 -129 -129 -129 
CPU side received count (scaleup: 5): -102 -105 -118 -116 -96 -92 -96 -105 # -129 -129 -257 -129 -129 -129 -129 -129 
CPU side received count (scaleup: 7): -119 -101 -107 -98 -116 -104 -101 -90 # -257 -129 -129 -129 -129 -129 -129 -129 
CPU side received count (scaleup: 1): -107 -121 -115 -113 -99 -106 -82 -110 # -129 -129 -257 -129 -129 -257 -129 -129 
Elastic buffer uses 4 channels per SM
Elastic buffer uses 4 channels per SM
Elastic buffer uses 4 channels per SM
Elastic buffer uses 4 channels per SM
Elastic buffer uses 4 channels per SM
Elastic buffer uses 4 channels per SM
Elastic buffer uses 4 channels per SM
Elastic buffer uses 4 channels per SM
CPU side received count (scaleup: 6): -108 -123 -98 -110 -114 -88 -104 -103 # -129 -129 -129 -129 -129 -129 -129 -129 
CPU side received count (scaleup: 4): -100 -117 -97 -95 -96 -102 -108 -104 # -129 -129 -129 -129 -257 -129 -129 -129 
CPU side received count (scaleup: 5): -102 -105 -118 -116 -96 -92 -96 -105 # -129 -129 -257 -129 -129 -129 -129 -129 
CPU side received count (scaleup: 2): -115 -98 -87 -92 -100 -87 -112 -103 # -129 -129 -129 -129 -129 -129 -129 -129 
CPU side received count (scaleup: 0): -110 -100 -114 -101 -99 -124 -107 -100 # -129 -129 -129 -129 -129 -129 -257 -257 
CPU side received count (scaleup: 3): -97 -109 -129 -92 -109 -117 -93 -102 # -129 -129 -129 -129 -129 -129 -129 -129 
CPU side received count (scaleup: 7): -119 -101 -107 -98 -116 -104 -101 -90 # -257 -129 -129 -129 -129 -129 -129 -129 
CPU side received count (scaleup: 1): -107 -121 -115 -113 -99 -106 -82 -110 # -129 -129 -257 -129 -129 -257 -129 -129 
Elastic buffer uses 4 channels per SM
Elastic buffer uses 4 channels per SM
Elastic buffer uses 4 channels per SM
Elastic buffer uses 4 channels per SM
Elastic buffer uses 4 channels per SM
Elastic buffer uses 4 channels per SM
Elastic buffer uses 4 channels per SM
Elastic buffer uses 4 channels per SM
CPU side received count (scaleup: 0): -110 -100 -114 -101 -99 -124 -107 -100 # -129 -129 -129 -129 -129 -129 -257 -257 
CPU side received count (scaleup: 4): -100 -117 -97 -95 -96 -102 -108 -104 # -129 -129 -129 -129 -257 -129 -129 -129 
CPU side received count (scaleup: 6): -108 -123 -98 -110 -114 -88 -104 -103 # -129 -129 -129 -129 -129 -129 -129 -129 
CPU side received count (scaleup: 2): -115 -98 -87 -92 -100 -87 -112 -103 # -129 -129 -129 -129 -129 -129 -129 -129 
CPU side received count (scaleup: 3): -97 -109 -129 -92 -109 -117 -93 -102 # -129 -129 -129 -129 -129 -129 -129 -129 
CPU side received count (scaleup: 5): -102 -105 -118 -116 -96 -92 -96 -105 # -129 -129 -257 -129 -129 -129 -129 -129 
CPU side received count (scaleup: 1): -107 -121 -115 -113 -99 -106 -82 -110 # -129 -129 -257 -129 -129 -257 -129 -129 
CPU side received count (scaleup: 7): -119 -101 -107 -98 -116 -104 -101 -90 # -257 -129 -129 -129 -129 -129 -129 -129 
Elastic buffer uses 4 channels per SM
Elastic buffer uses 4 channels per SM
Elastic buffer uses 4 channels per SM
Elastic buffer uses 4 channels per SM
Elastic buffer uses 4 channels per SM
Elastic buffer uses 4 channels per SM
Elastic buffer uses 4 channels per SM
Elastic buffer uses 4 channels per SM
CPU side received count (scaleup: 2): -115 -98 -87 -92 -100 -87 -112 -103 # -129 -129 -129 -129 -129 -129 -129 -129 
CPU side received count (scaleup: 0): -110 -100 -114 -101 -99 -124 -107 -100 # -129 -129 -129 -129 -129 -129 -257 -257 
CPU side received count (scaleup: 6): -108 -123 -98 -110 -114 -88 -104 -103 # -129 -129 -129 -129 -129 -129 -129 -129 
CPU side received count (scaleup: 3): -97 -109 -129 -92 -109 -117 -93 -102 # -129 -129 -129 -129 -129 -129 -129 -129 
CPU side received count (scaleup: 5): -102 -105 -118 -116 -96 -92 -96 -105 # -129 -129 -257 -129 -129 -129 -129 -129 
CPU side received count (scaleup: 4): -100 -117 -97 -95 -96 -102 -108 -104 # -129 -129 -129 -129 -257 -129 -129 -129 
CPU side received count (scaleup: 1): -107 -121 -115 -113 -99 -106 -82 -110 # -129 -129 -257 -129 -129 -257 -129 -129 
CPU side received count (scaleup: 7): -119 -101 -107 -98 -116 -104 -101 -90 # -257 -129 -129 -129 -129 -129 -129 -129 
Elastic buffer uses 4 channels per SM
Elastic buffer uses 4 channels per SM
Elastic buffer uses 4 channels per SM
Elastic buffer uses 4 channels per SM
Elastic buffer uses 4 channels per SM
Elastic buffer uses 4 channels per SM
Elastic buffer uses 4 channels per SM
Elastic buffer uses 4 channels per SM
CPU side received count (scaleup: 4): -100 -117 -97 -95 -96 -102 -108 -104 # -129 -129 -129 -129 -257 -129 -129 -129 
CPU side received count (scaleup: 5): -102 -105 -118 -116 -96 -92 -96 -105 # -129 -129 -257 -129 -129 -129 -129 -129 
CPU side received count (scaleup: 6): -108 -123 -98 -110 -114 -88 -104 -103 # -129 -129 -129 -129 -129 -129 -129 -129 
CPU side received count (scaleup: 2): -115 -98 -87 -92 -100 -87 -112 -103 # -129 -129 -129 -129 -129 -129 -129 -129 
CPU side received count (scaleup: 0): -110 -100 -114 -101 -99 -124 -107 -100 # -129 -129 -129 -129 -129 -129 -257 -257 
CPU side received count (scaleup: 3): -97 -109 -129 -92 -109 -117 -93 -102 # -129 -129 -129 -129 -129 -129 -129 -129 
CPU side received count (scaleup: 7): -119 -101 -107 -98 -116 -104 -101 -90 # -257 -129 -129 -129 -129 -129 -129 -129 
CPU side received count (scaleup: 1): -107 -121 -115 -113 -99 -106 -82 -110 # -129 -129 -257 -129 -129 -257 -129 -129 
Elastic buffer uses 4 channels per SM
Elastic buffer uses 4 channels per SM
Elastic buffer uses 4 channels per SM
Elastic buffer uses 4 channels per SM
Elastic buffer uses 4 channels per SM
Elastic buffer uses 4 channels per SM
Elastic buffer uses 4 channels per SM
Elastic buffer uses 4 channels per SM
CPU side received count (scaleup: 2): -115 -98 -87 -92 -100 -87 -112 -103 # -129 -129 -129 -129 -129 -129 -129 -129 
CPU side received count (scaleup: 5): -102 -105 -118 -116 -96 -92 -96 -105 # -129 -129 -257 -129 -129 -129 -129 -129 
CPU side received count (scaleup: 0): -110 -100 -114 -101 -99 -124 -107 -100 # -129 -129 -129 -129 -129 -129 -257 -257 
CPU side received count (scaleup: 3): -97 -109 -129 -92 -109 -117 -93 -102 # -129 -129 -129 -129 -129 -129 -129 -129 
CPU side received count (scaleup: 4): -100 -117 -97 -95 -96 -102 -108 -104 # -129 -129 -129 -129 -257 -129 -129 -129 
CPU side received count (scaleup: 6): -108 -123 -98 -110 -114 -88 -104 -103 # -129 -129 -129 -129 -129 -129 -129 -129 
CPU side received count (scaleup: 7): -119 -101 -107 -98 -116 -104 -101 -90 # -257 -129 -129 -129 -129 -129 -129 -129 
CPU side received count (scaleup: 1): -107 -121 -115 -113 -99 -106 -82 -110 # -129 -129 -257 -129 -129 -257 -129 -129 
Elastic buffer uses 4 channels per SM
Elastic buffer uses 4 channels per SM
Elastic buffer uses 4 channels per SM
Elastic buffer uses 4 channels per SM
Elastic buffer uses 4 channels per SM
Elastic buffer uses 4 channels per SM
Elastic buffer uses 4 channels per SM
Elastic buffer uses 4 channels per SM
CPU side received count (scaleup: 2): -115 -98 -87 -92 -100 -87 -112 -103 # -129 -129 -129 -129 -129 -129 -129 -129 
CPU side received count (scaleup: 5): -102 -105 -118 -116 -96 -92 -96 -105 # -129 -129 -257 -129 -129 -129 -129 -129 
CPU side received count (scaleup: 0): -110 -100 -114 -101 -99 -124 -107 -100 # -129 -129 -129 -129 -129 -129 -257 -257 
CPU side received count (scaleup: 3): -97 -109 -129 -92 -109 -117 -93 -102 # -129 -129 -129 -129 -129 -129 -129 -129 
CPU side received count (scaleup: 4): -100 -117 -97 -95 -96 -102 -108 -104 # -129 -129 -129 -129 -257 -129 -129 -129 
CPU side received count (scaleup: 6): -108 -123 -98 -110 -114 -88 -104 -103 # -129 -129 -129 -129 -129 -129 -129 -129 
CPU side received count (scaleup: 1): -107 -121 -115 -113 -99 -106 -82 -110 # -129 -129 -257 -129 -129 -257 -129 -129 
CPU side received count (scaleup: 7): -119 -101 -107 -98 -116 -104 -101 -90 # -257 -129 -129 -129 -129 -129 -129 -129 
Elastic buffer uses 4 channels per SM
Elastic buffer uses 4 channels per SM
Elastic buffer uses 4 channels per SM
Elastic buffer uses 4 channels per SM
Elastic buffer uses 4 channels per SM
Elastic buffer uses 4 channels per SM
Elastic buffer uses 4 channels per SM
Elastic buffer uses 4 channels per SM
CPU side received count (scaleup: 6): -108 -123 -98 -110 -114 -88 -104 -103 # -129 -129 -129 -129 -129 -129 -129 -129 
CPU side received count (scaleup: 5): -102 -105 -118 -116 -96 -92 -96 -105 # -129 -129 -257 -129 -129 -129 -129 -129 
CPU side received count (scaleup: 4): -100 -117 -97 -95 -96 -102 -108 -104 # -129 -129 -129 -129 -257 -129 -129 -129 
CPU side received count (scaleup: 2): -115 -98 -87 -92 -100 -87 -112 -103 # -129 -129 -129 -129 -129 -129 -129 -129 
CPU side received count (scaleup: 0): -110 -100 -114 -101 -99 -124 -107 -100 # -129 -129 -129 -129 -129 -129 -257 -257 
CPU side received count (scaleup: 3): -97 -109 -129 -92 -109 -117 -93 -102 # -129 -129 -129 -129 -129 -129 -129 -129 
CPU side received count (scaleup: 1): -107 -121 -115 -113 -99 -106 -82 -110 # -129 -129 -257 -129 -129 -257 -129 -129 
CPU side received count (scaleup: 7): -119 -101 -107 -98 -116 -104 -101 -90 # -257 -129 -129 -129 -129 -129 -129 -129 
Elastic buffer uses 4 channels per SM
Elastic buffer uses 4 channels per SM
Elastic buffer uses 4 channels per SM
Elastic buffer uses 4 channels per SM
Elastic buffer uses 4 channels per SM
Elastic buffer uses 4 channels per SM
Elastic buffer uses 4 channels per SM
Elastic buffer uses 4 channels per SM
CPU side received count (scaleup: 4): -100 -117 -97 -95 -96 -102 -108 -104 # -129 -129 -129 -129 -257 -129 -129 -129 
CPU side received count (scaleup: 5): -102 -105 -118 -116 -96 -92 -96 -105 # -129 -129 -257 -129 -129 -129 -129 -129 
CPU side received count (scaleup: 6): -108 -123 -98 -110 -114 -88 -104 -103 # -129 -129 -129 -129 -129 -129 -129 -129 
CPU side received count (scaleup: 2): -115 -98 -87 -92 -100 -87 -112 -103 # -129 -129 -129 -129 -129 -129 -129 -129 
CPU side received count (scaleup: 3): -97 -109 -129 -92 -109 -117 -93 -102 # -129 -129 -129 -129 -129 -129 -129 -129 
CPU side received count (scaleup: 0): -110 -100 -114 -101 -99 -124 -107 -100 # -129 -129 -129 -129 -129 -129 -257 -257 
CPU side received count (scaleup: 1): -107 -121 -115 -113 -99 -106 -82 -110 # -129 -129 -257 -129 -129 -257 -129 -129 
CPU side received count (scaleup: 7): -119 -101 -107 -98 -116 -104 -101 -90 # -257 -129 -129 -129 -129 -129 -129 -129 
Elastic buffer uses 4 channels per SM
Elastic buffer uses 4 channels per SM
Elastic buffer uses 4 channels per SM
Elastic buffer uses 4 channels per SM
Elastic buffer uses 4 channels per SM
Elastic buffer uses 4 channels per SM
Elastic buffer uses 4 channels per SM
Elastic buffer uses 4 channels per SM
CPU side received count (scaleup: 4): -100 -117 -97 -95 -96 -102 -108 -104 # -129 -129 -129 -129 -257 -129 -129 -129 
CPU side received count (scaleup: 5): -102 -105 -118 -116 -96 -92 -96 -105 # -129 -129 -257 -129 -129 -129 -129 -129 
CPU side received count (scaleup: 2): -115 -98 -87 -92 -100 -87 -112 -103 # -129 -129 -129 -129 -129 -129 -129 -129 
CPU side received count (scaleup: 6): -108 -123 -98 -110 -114 -88 -104 -103 # -129 -129 -129 -129 -129 -129 -129 -129 
CPU side received count (scaleup: 0): -110 -100 -114 -101 -99 -124 -107 -100 # -129 -129 -129 -129 -129 -129 -257 -257 
CPU side received count (scaleup: 3): -97 -109 -129 -92 -109 -117 -93 -102 # -129 -129 -129 -129 -129 -129 -129 -129 
CPU side received count (scaleup: 1): -107 -121 -115 -113 -99 -106 -82 -110 # -129 -129 -257 -129 -129 -257 -129 -129 
CPU side received count (scaleup: 7): -119 -101 -107 -98 -116 -104 -101 -90 # -257 -129 -129 -129 -129 -129 -129 -129 
Elastic buffer uses 4 channels per SM
Elastic buffer uses 4 channels per SM
Elastic buffer uses 4 channels per SM
Elastic buffer uses 4 channels per SM
Elastic buffer uses 4 channels per SM
Elastic buffer uses 4 channels per SM
Elastic buffer uses 4 channels per SM
Elastic buffer uses 4 channels per SM
CPU side received count (scaleup: 2): -115 -98 -87 -92 -100 -87 -112 -103 # -129 -129 -129 -129 -129 -129 -129 -129 
CPU side received count (scaleup: 0): -110 -100 -114 -101 -99 -124 -107 -100 # -129 -129 -129 -129 -129 -129 -257 -257 
CPU side received count (scaleup: 3): -97 -109 -129 -92 -109 -117 -93 -102 # -129 -129 -129 -129 -129 -129 -129 -129 
CPU side received count (scaleup: 6): -108 -123 -98 -110 -114 -88 -104 -103 # -129 -129 -129 -129 -129 -129 -129 -129 
CPU side received count (scaleup: 5): -102 -105 -118 -116 -96 -92 -96 -105 # -129 -129 -257 -129 -129 -129 -129 -129 
CPU side received count (scaleup: 4): -100 -117 -97 -95 -96 -102 -108 -104 # -129 -129 -129 -129 -257 -129 -129 -129 
CPU side received count (scaleup: 1): -107 -121 -115 -113 -99 -106 -82 -110 # -129 -129 -257 -129 -129 -257 -129 -129 
CPU side received count (scaleup: 7): -119 -101 -107 -98 -116 -104 -101 -90 # -257 -129 -129 -129 -129 -129 -129 -129 
Elastic buffer uses 4 channels per SM
Elastic buffer uses 4 channels per SM
Elastic buffer uses 4 channels per SM
Elastic buffer uses 4 channels per SM
Elastic buffer uses 4 channels per SM
Elastic buffer uses 4 channels per SM
Elastic buffer uses 4 channels per SM
Elastic buffer uses 4 channels per SM
CPU side received count (scaleup: 5): -102 -105 -118 -116 -96 -92 -96 -105 # -129 -129 -257 -129 -129 -129 -129 -129 
CPU side received count (scaleup: 6): -108 -123 -98 -110 -114 -88 -104 -103 # -129 -129 -129 -129 -129 -129 -129 -129 
CPU side received count (scaleup: 4): -100 -117 -97 -95 -96 -102 -108 -104 # -129 -129 -129 -129 -257 -129 -129 -129 
CPU side received count (scaleup: 0): -110 -100 -114 -101 -99 -124 -107 -100 # -129 -129 -129 -129 -129 -129 -257 -257 
CPU side received count (scaleup: 3): -97 -109 -129 -92 -109 -117 -93 -102 # -129 -129 -129 -129 -129 -129 -129 -129 
CPU side received count (scaleup: 2): -115 -98 -87 -92 -100 -87 -112 -103 # -129 -129 -129 -129 -129 -129 -129 -129 
CPU side received count (scaleup: 1): -107 -121 -115 -113 -99 -106 -82 -110 # -129 -129 -257 -129 -129 -257 -129 -129 
CPU side received count (scaleup: 7): -119 -101 -107 -98 -116 -104 -101 -90 # -257 -129 -129 -129 -129 -129 -129 -129 
Elastic buffer uses 4 channels per SM
Elastic buffer uses 4 channels per SM
Elastic buffer uses 4 channels per SM
Elastic buffer uses 4 channels per SM
Elastic buffer uses 4 channels per SM
Elastic buffer uses 4 channels per SM
Elastic buffer uses 4 channels per SM
Elastic buffer uses 4 channels per SM
CPU side received count (scaleup: 4): -100 -117 -97 -95 -96 -102 -108 -104 # -129 -129 -129 -129 -257 -129 -129 -129 
CPU side received count (scaleup: 6): -108 -123 -98 -110 -114 -88 -104 -103 # -129 -129 -129 -129 -129 -129 -129 -129 
CPU side received count (scaleup: 5): -102 -105 -118 -116 -96 -92 -96 -105 # -129 -129 -257 -129 -129 -129 -129 -129 
CPU side received count (scaleup: 3): -97 -109 -129 -92 -109 -117 -93 -102 # -129 -129 -129 -129 -129 -129 -129 -129 
CPU side received count (scaleup: 2): -115 -98 -87 -92 -100 -87 -112 -103 # -129 -129 -129 -129 -129 -129 -129 -129 
CPU side received count (scaleup: 0): -110 -100 -114 -101 -99 -124 -107 -100 # -129 -129 -129 -129 -129 -129 -257 -257 
CPU side received count (scaleup: 1): -107 -121 -115 -113 -99 -106 -82 -110 # -129 -129 -257 -129 -129 -257 -129 -129 
CPU side received count (scaleup: 7): -119 -101 -107 -98 -116 -104 -101 -90 # -257 -129 -129 -129 -129 -129 -129 -129 
USDT:2026-08-25 02:49:24 436:436 SyncActivityProfilerHandler.cpp:52] profiler_startUSDT:2026-08-25 02:49:24 437:437 SyncActivityProfilerHandler.cpp:52] profiler_startUSDT:2026-08-25 02:49:24 435:435 SyncActivityProfilerHandler.cpp:52] profiler_startUSDT:2026-08-25 02:49:24 434:434 SyncActivityProfilerHandler.cpp:52] profiler_start



USDT:2026-08-25 02:49:24 433:433 SyncActivityProfilerHandler.cpp:52] profiler_start
USDT:2026-08-25 02:49:24 431:431 SyncActivityProfilerHandler.cpp:52] profiler_start
USDT:2026-08-25 02:49:24 432:432 SyncActivityProfilerHandler.cpp:52] profiler_startUSDT:2026-08-25 02:49:24 438:438 SyncActivityProfilerHandler.cpp:52] profiler_start

Elastic buffer uses 4 channels per SM
Elastic buffer uses 4 channels per SM
Elastic buffer uses 4 channels per SM
Elastic buffer uses 4 channels per SM
Elastic buffer uses 4 channels per SM
Elastic buffer uses 4 channels per SM
Elastic buffer uses 4 channels per SM
Elastic buffer uses 4 channels per SM
CPU side received count (scaleup: 6): -108 -123 -98 -110 -114 -88 -104 -103 # -129 -129 -129 -129 -129 -129 -129 -129 
CPU side received count (scaleup: 3): -97 -109 -129 -92 -109 -117 -93 -102 # -129 -129 -129 -129 -129 -129 -129 -129 
CPU side received count (scaleup: 2): -115 -98 -87 -92 -100 -87 -112 -103 # -129 -129 -129 -129 -129 -129 -129 -129 
CPU side received count (scaleup: 5): -102 -105 -118 -116 -96 -92 -96 -105 # -129 -129 -257 -129 -129 -129 -129 -129 
CPU side received count (scaleup: 4): -100 -117 -97 -95 -96 -102 -108 -104 # -129 -129 -129 -129 -257 -129 -129 -129 
CPU side received count (scaleup: 0): -110 -100 -114 -101 -99 -124 -107 -100 # -129 -129 -129 -129 -129 -129 -257 -257 
CPU side received count (scaleup: 1): -107 -121 -115 -113 -99 -106 -82 -110 # -129 -129 -257 -129 -129 -257 -129 -129 
CPU side received count (scaleup: 7): -119 -101 -107 -98 -116 -104 -101 -90 # -257 -129 -129 -129 -129 -129 -129 -129 
Elastic buffer uses 4 channels per SM
Elastic buffer uses 4 channels per SM
Elastic buffer uses 4 channels per SM
Elastic buffer uses 4 channels per SM
Elastic buffer uses 4 channels per SM
Elastic buffer uses 4 channels per SM
Elastic buffer uses 4 channels per SM
Elastic buffer uses 4 channels per SM
CPU side received count (scaleup: 6): -108 -123 -98 -110 -114 -88 -104 -103 # -129 -129 -129 -129 -129 -129 -129 -129 
CPU side received count (scaleup: 4): -100 -117 -97 -95 -96 -102 -108 -104 # -129 -129 -129 -129 -257 -129 -129 -129 
CPU side received count (scaleup: 2): -115 -98 -87 -92 -100 -87 -112 -103 # -129 -129 -129 -129 -129 -129 -129 -129 
CPU side received count (scaleup: 5): -102 -105 -118 -116 -96 -92 -96 -105 # -129 -129 -257 -129 -129 -129 -129 -129 
CPU side received count (scaleup: 0): -110 -100 -114 -101 -99 -124 -107 -100 # -129 -129 -129 -129 -129 -129 -257 -257 
CPU side received count (scaleup: 3): -97 -109 -129 -92 -109 -117 -93 -102 # -129 -129 -129 -129 -129 -129 -129 -129 
CPU side received count (scaleup: 1): -107 -121 -115 -113 -99 -106 -82 -110 # -129 -129 -257 -129 -129 -257 -129 -129 
CPU side received count (scaleup: 7): -119 -101 -107 -98 -116 -104 -101 -90 # -257 -129 -129 -129 -129 -129 -129 -129 
Elastic buffer uses 4 channels per SM
Elastic buffer uses 4 channels per SM
Elastic buffer uses 4 channels per SM
Elastic buffer uses 4 channels per SM
Elastic buffer uses 4 channels per SM
Elastic buffer uses 4 channels per SM
Elastic buffer uses 4 channels per SM
Elastic buffer uses 4 channels per SM
CPU side received count (scaleup: 4): -100 -117 -97 -95 -96 -102 -108 -104 # -129 -129 -129 -129 -257 -129 -129 -129 
CPU side received count (scaleup: 6): -108 -123 -98 -110 -114 -88 -104 -103 # -129 -129 -129 -129 -129 -129 -129 -129 
CPU side received count (scaleup: 3): -97 -109 -129 -92 -109 -117 -93 -102 # -129 -129 -129 -129 -129 -129 -129 -129 
CPU side received count (scaleup: 2): -115 -98 -87 -92 -100 -87 -112 -103 # -129 -129 -129 -129 -129 -129 -129 -129 
CPU side received count (scaleup: 5): -102 -105 -118 -116 -96 -92 -96 -105 # -129 -129 -257 -129 -129 -129 -129 -129 
CPU side received count (scaleup: 0): -110 -100 -114 -101 -99 -124 -107 -100 # -129 -129 -129 -129 -129 -129 -257 -257 
CPU side received count (scaleup: 7): -119 -101 -107 -98 -116 -104 -101 -90 # -257 -129 -129 -129 -129 -129 -129 -129 
CPU side received count (scaleup: 1): -107 -121 -115 -113 -99 -106 -82 -110 # -129 -129 -257 -129 -129 -257 -129 -129 
Elastic buffer uses 4 channels per SM
Elastic buffer uses 4 channels per SM
Elastic buffer uses 4 channels per SM
Elastic buffer uses 4 channels per SM
Elastic buffer uses 4 channels per SM
Elastic buffer uses 4 channels per SM
Elastic buffer uses 4 channels per SM
Elastic buffer uses 4 channels per SM
CPU side received count (scaleup: 2): -115 -98 -87 -92 -100 -87 -112 -103 # -129 -129 -129 -129 -129 -129 -129 -129 
CPU side received count (scaleup: 0): -110 -100 -114 -101 -99 -124 -107 -100 # -129 -129 -129 -129 -129 -129 -257 -257 
CPU side received count (scaleup: 4): -100 -117 -97 -95 -96 -102 -108 -104 # -129 -129 -129 -129 -257 -129 -129 -129 
CPU side received count (scaleup: 6): -108 -123 -98 -110 -114 -88 -104 -103 # -129 -129 -129 -129 -129 -129 -129 -129 
CPU side received count (scaleup: 3): -97 -109 -129 -92 -109 -117 -93 -102 # -129 -129 -129 -129 -129 -129 -129 -129 
CPU side received count (scaleup: 5): -102 -105 -118 -116 -96 -92 -96 -105 # -129 -129 -257 -129 -129 -129 -129 -129 
CPU side received count (scaleup: 1): -107 -121 -115 -113 -99 -106 -82 -110 # -129 -129 -257 -129 -129 -257 -129 -129 
CPU side received count (scaleup: 7): -119 -101 -107 -98 -116 -104 -101 -90 # -257 -129 -129 -129 -129 -129 -129 -129 
Elastic buffer uses 4 channels per SM
Elastic buffer uses 4 channels per SM
Elastic buffer uses 4 channels per SM
Elastic buffer uses 4 channels per SM
Elastic buffer uses 4 channels per SM
Elastic buffer uses 4 channels per SM
Elastic buffer uses 4 channels per SM
Elastic buffer uses 4 channels per SM
CPU side received count (scaleup: 4): -100 -117 -97 -95 -96 -102 -108 -104 # -129 -129 -129 -129 -257 -129 -129 -129 
CPU side received count (scaleup: 6): -108 -123 -98 -110 -114 -88 -104 -103 # -129 -129 -129 -129 -129 -129 -129 -129 
CPU side received count (scaleup: 5): -102 -105 -118 -116 -96 -92 -96 -105 # -129 -129 -257 -129 -129 -129 -129 -129 
CPU side received count (scaleup: 0): -110 -100 -114 -101 -99 -124 -107 -100 # -129 -129 -129 -129 -129 -129 -257 -257 
CPU side received count (scaleup: 2): -115 -98 -87 -92 -100 -87 -112 -103 # -129 -129 -129 -129 -129 -129 -129 -129 
CPU side received count (scaleup: 3): -97 -109 -129 -92 -109 -117 -93 -102 # -129 -129 -129 -129 -129 -129 -129 -129 
CPU side received count (scaleup: 1): -107 -121 -115 -113 -99 -106 -82 -110 # -129 -129 -257 -129 -129 -257 -129 -129 
CPU side received count (scaleup: 7): -119 -101 -107 -98 -116 -104 -101 -90 # -257 -129 -129 -129 -129 -129 -129 -129 
Elastic buffer uses 4 channels per SM
Elastic buffer uses 4 channels per SM
Elastic buffer uses 4 channels per SM
Elastic buffer uses 4 channels per SM
Elastic buffer uses 4 channels per SM
Elastic buffer uses 4 channels per SM
Elastic buffer uses 4 channels per SM
Elastic buffer uses 4 channels per SM
CPU side received count (scaleup: 2): -115 -98 -87 -92 -100 -87 -112 -103 # -129 -129 -129 -129 -129 -129 -129 -129 
CPU side received count (scaleup: 0): -110 -100 -114 -101 -99 -124 -107 -100 # -129 -129 -129 -129 -129 -129 -257 -257 
CPU side received count (scaleup: 5): -102 -105 -118 -116 -96 -92 -96 -105 # -129 -129 -257 -129 -129 -129 -129 -129 
CPU side received count (scaleup: 3): -97 -109 -129 -92 -109 -117 -93 -102 # -129 -129 -129 -129 -129 -129 -129 -129 
CPU side received count (scaleup: 4): -100 -117 -97 -95 -96 -102 -108 -104 # -129 -129 -129 -129 -257 -129 -129 -129 
CPU side received count (scaleup: 6): -108 -123 -98 -110 -114 -88 -104 -103 # -129 -129 -129 -129 -129 -129 -129 -129 
CPU side received count (scaleup: 7): -119 -101 -107 -98 -116 -104 -101 -90 # -257 -129 -129 -129 -129 -129 -129 -129 
CPU side received count (scaleup: 1): -107 -121 -115 -113 -99 -106 -82 -110 # -129 -129 -257 -129 -129 -257 -129 -129 
Elastic buffer uses 4 channels per SM
Elastic buffer uses 4 channels per SM
Elastic buffer uses 4 channels per SM
Elastic buffer uses 4 channels per SM
Elastic buffer uses 4 channels per SM
Elastic buffer uses 4 channels per SM
Elastic buffer uses 4 channels per SM
Elastic buffer uses 4 channels per SM
CPU side received count (scaleup: 4): -100 -117 -97 -95 -96 -102 -108 -104 # -129 -129 -129 -129 -257 -129 -129 -129 
CPU side received count (scaleup: 6): -108 -123 -98 -110 -114 -88 -104 -103 # -129 -129 -129 -129 -129 -129 -129 -129 
CPU side received count (scaleup: 5): -102 -105 -118 -116 -96 -92 -96 -105 # -129 -129 -257 -129 -129 -129 -129 -129 
CPU side received count (scaleup: 3): -97 -109 -129 -92 -109 -117 -93 -102 # -129 -129 -129 -129 -129 -129 -129 -129 
CPU side received count (scaleup: 2): -115 -98 -87 -92 -100 -87 -112 -103 # -129 -129 -129 -129 -129 -129 -129 -129 
CPU side received count (scaleup: 0): -110 -100 -114 -101 -99 -124 -107 -100 # -129 -129 -129 -129 -129 -129 -257 -257 
CPU side received count (scaleup: 1): -107 -121 -115 -113 -99 -106 -82 -110 # -129 -129 -257 -129 -129 -257 -129 -129 
CPU side received count (scaleup: 7): -119 -101 -107 -98 -116 -104 -101 -90 # -257 -129 -129 -129 -129 -129 -129 -129 
Elastic buffer uses 4 channels per SM
Elastic buffer uses 4 channels per SM
Elastic buffer uses 4 channels per SM
Elastic buffer uses 4 channels per SM
Elastic buffer uses 4 channels per SM
Elastic buffer uses 4 channels per SM
Elastic buffer uses 4 channels per SM
Elastic buffer uses 4 channels per SM
CPU side received count (scaleup: 2): -115 -98 -87 -92 -100 -87 -112 -103 # -129 -129 -129 -129 -129 -129 -129 -129 
CPU side received count (scaleup: 5): -102 -105 -118 -116 -96 -92 -96 -105 # -129 -129 -257 -129 -129 -129 -129 -129 
CPU side received count (scaleup: 4): -100 -117 -97 -95 -96 -102 -108 -104 # -129 -129 -129 -129 -257 -129 -129 -129 
CPU side received count (scaleup: 3): -97 -109 -129 -92 -109 -117 -93 -102 # -129 -129 -129 -129 -129 -129 -129 -129 
CPU side received count (scaleup: 0): -110 -100 -114 -101 -99 -124 -107 -100 # -129 -129 -129 -129 -129 -129 -257 -257 
CPU side received count (scaleup: 6): -108 -123 -98 -110 -114 -88 -104 -103 # -129 -129 -129 -129 -129 -129 -129 -129 
CPU side received count (scaleup: 1): -107 -121 -115 -113 -99 -106 -82 -110 # -129 -129 -257 -129 -129 -257 -129 -129 
CPU side received count (scaleup: 7): -119 -101 -107 -98 -116 -104 -101 -90 # -257 -129 -129 -129 -129 -129 -129 -129 
Elastic buffer uses 4 channels per SM
Elastic buffer uses 4 channels per SM
Elastic buffer uses 4 channels per SM
Elastic buffer uses 4 channels per SM
Elastic buffer uses 4 channels per SM
Elastic buffer uses 4 channels per SM
Elastic buffer uses 4 channels per SM
Elastic buffer uses 4 channels per SM
CPU side received count (scaleup: 4): -100 -117 -97 -95 -96 -102 -108 -104 # -129 -129 -129 -129 -257 -129 -129 -129 
CPU side received count (scaleup: 5): -102 -105 -118 -116 -96 -92 -96 -105 # -129 -129 -257 -129 -129 -129 -129 -129 
CPU side received count (scaleup: 0): -110 -100 -114 -101 -99 -124 -107 -100 # -129 -129 -129 -129 -129 -129 -257 -257 
CPU side received count (scaleup: 2): -115 -98 -87 -92 -100 -87 -112 -103 # -129 -129 -129 -129 -129 -129 -129 -129 
CPU side received count (scaleup: 6): -108 -123 -98 -110 -114 -88 -104 -103 # -129 -129 -129 -129 -129 -129 -129 -129 
CPU side received count (scaleup: 3): -97 -109 -129 -92 -109 -117 -93 -102 # -129 -129 -129 -129 -129 -129 -129 -129 
CPU side received count (scaleup: 1): -107 -121 -115 -113 -99 -106 -82 -110 # -129 -129 -257 -129 -129 -257 -129 -129 
CPU side received count (scaleup: 7): -119 -101 -107 -98 -116 -104 -101 -90 # -257 -129 -129 -129 -129 -129 -129 -129 
Elastic buffer uses 4 channels per SM
Elastic buffer uses 4 channels per SM
Elastic buffer uses 4 channels per SM
Elastic buffer uses 4 channels per SM
Elastic buffer uses 4 channels per SM
Elastic buffer uses 4 channels per SM
Elastic buffer uses 4 channels per SM
Elastic buffer uses 4 channels per SM
CPU side received count (scaleup: 5): -102 -105 -118 -116 -96 -92 -96 -105 # -129 -129 -257 -129 -129 -129 -129 -129 
CPU side received count (scaleup: 6): -108 -123 -98 -110 -114 -88 -104 -103 # -129 -129 -129 -129 -129 -129 -129 -129 
CPU side received count (scaleup: 0): -110 -100 -114 -101 -99 -124 -107 -100 # -129 -129 -129 -129 -129 -129 -257 -257 
CPU side received count (scaleup: 4): -100 -117 -97 -95 -96 -102 -108 -104 # -129 -129 -129 -129 -257 -129 -129 -129 
CPU side received count (scaleup: 3): -97 -109 -129 -92 -109 -117 -93 -102 # -129 -129 -129 -129 -129 -129 -129 -129 
CPU side received count (scaleup: 2): -115 -98 -87 -92 -100 -87 -112 -103 # -129 -129 -129 -129 -129 -129 -129 -129 
CPU side received count (scaleup: 1): -107 -121 -115 -113 -99 -106 -82 -110 # -129 -129 -257 -129 -129 -257 -129 -129 
CPU side received count (scaleup: 7): -119 -101 -107 -98 -116 -104 -101 -90 # -257 -129 -129 -129 -129 -129 -129 -129 
Elastic buffer uses 4 channels per SM
Elastic buffer uses 4 channels per SM
Elastic buffer uses 4 channels per SM
Elastic buffer uses 4 channels per SM
Elastic buffer uses 4 channels per SM
Elastic buffer uses 4 channels per SM
Elastic buffer uses 4 channels per SM
Elastic buffer uses 4 channels per SM
CPU side received count (scaleup: 5): -102 -105 -118 -116 -96 -92 -96 -105 # -129 -129 -257 -129 -129 -129 -129 -129 
CPU side received count (scaleup: 6): -108 -123 -98 -110 -114 -88 -104 -103 # -129 -129 -129 -129 -129 -129 -129 -129 
CPU side received count (scaleup: 4): -100 -117 -97 -95 -96 -102 -108 -104 # -129 -129 -129 -129 -257 -129 -129 -129 
CPU side received count (scaleup: 2): -115 -98 -87 -92 -100 -87 -112 -103 # -129 -129 -129 -129 -129 -129 -129 -129 
CPU side received count (scaleup: 3): -97 -109 -129 -92 -109 -117 -93 -102 # -129 -129 -129 -129 -129 -129 -129 -129 
CPU side received count (scaleup: 0): -110 -100 -114 -101 -99 -124 -107 -100 # -129 -129 -129 -129 -129 -129 -257 -257 
CPU side received count (scaleup: 7): -119 -101 -107 -98 -116 -104 -101 -90 # -257 -129 -129 -129 -129 -129 -129 -129 
CPU side received count (scaleup: 1): -107 -121 -115 -113 -99 -106 -82 -110 # -129 -129 -257 -129 -129 -257 -129 -129 
Elastic buffer uses 4 channels per SM
Elastic buffer uses 4 channels per SM
Elastic buffer uses 4 channels per SM
Elastic buffer uses 4 channels per SM
Elastic buffer uses 4 channels per SM
Elastic buffer uses 4 channels per SM
Elastic buffer uses 4 channels per SM
Elastic buffer uses 4 channels per SM
CPU side received count (scaleup: 5): -102 -105 -118 -116 -96 -92 -96 -105 # -129 -129 -257 -129 -129 -129 -129 -129 
CPU side received count (scaleup: 4): -100 -117 -97 -95 -96 -102 -108 -104 # -129 -129 -129 -129 -257 -129 -129 -129 
CPU side received count (scaleup: 6): -108 -123 -98 -110 -114 -88 -104 -103 # -129 -129 -129 -129 -129 -129 -129 -129 
CPU side received count (scaleup: 3): -97 -109 -129 -92 -109 -117 -93 -102 # -129 -129 -129 -129 -129 -129 -129 -129 
CPU side received count (scaleup: 0): -110 -100 -114 -101 -99 -124 -107 -100 # -129 -129 -129 -129 -129 -129 -257 -257 
CPU side received count (scaleup: 2): -115 -98 -87 -92 -100 -87 -112 -103 # -129 -129 -129 -129 -129 -129 -129 -129 
CPU side received count (scaleup: 1): -107 -121 -115 -113 -99 -106 -82 -110 # -129 -129 -257 -129 -129 -257 -129 -129 
CPU side received count (scaleup: 7): -119 -101 -107 -98 -116 -104 -101 -90 # -257 -129 -129 -129 -129 -129 -129 -129 
Elastic buffer uses 4 channels per SM
Elastic buffer uses 4 channels per SM
Elastic buffer uses 4 channels per SM
Elastic buffer uses 4 channels per SM
Elastic buffer uses 4 channels per SM
Elastic buffer uses 4 channels per SM
Elastic buffer uses 4 channels per SM
Elastic buffer uses 4 channels per SM
CPU side received count (scaleup: 5): -102 -105 -118 -116 -96 -92 -96 -105 # -129 -129 -257 -129 -129 -129 -129 -129 
CPU side received count (scaleup: 4): -100 -117 -97 -95 -96 -102 -108 -104 # -129 -129 -129 -129 -257 -129 -129 -129 
CPU side received count (scaleup: 2): -115 -98 -87 -92 -100 -87 -112 -103 # -129 -129 -129 -129 -129 -129 -129 -129 
CPU side received count (scaleup: 6): -108 -123 -98 -110 -114 -88 -104 -103 # -129 -129 -129 -129 -129 -129 -129 -129 
CPU side received count (scaleup: 0): -110 -100 -114 -101 -99 -124 -107 -100 # -129 -129 -129 -129 -129 -129 -257 -257 
CPU side received count (scaleup: 3): -97 -109 -129 -92 -109 -117 -93 -102 # -129 -129 -129 -129 -129 -129 -129 -129 
CPU side received count (scaleup: 1): -107 -121 -115 -113 -99 -106 -82 -110 # -129 -129 -257 -129 -129 -257 -129 -129 
CPU side received count (scaleup: 7): -119 -101 -107 -98 -116 -104 -101 -90 # -257 -129 -129 -129 -129 -129 -129 -129 
Elastic buffer uses 4 channels per SM
Elastic buffer uses 4 channels per SM
Elastic buffer uses 4 channels per SM
Elastic buffer uses 4 channels per SM
Elastic buffer uses 4 channels per SM
Elastic buffer uses 4 channels per SM
Elastic buffer uses 4 channels per SM
Elastic buffer uses 4 channels per SM
CPU side received count (scaleup: 5): -102 -105 -118 -116 -96 -92 -96 -105 # -129 -129 -257 -129 -129 -129 -129 -129 
CPU side received count (scaleup: 4): -100 -117 -97 -95 -96 -102 -108 -104 # -129 -129 -129 -129 -257 -129 -129 -129 
CPU side received count (scaleup: 6): -108 -123 -98 -110 -114 -88 -104 -103 # -129 -129 -129 -129 -129 -129 -129 -129 
CPU side received count (scaleup: 0): -110 -100 -114 -101 -99 -124 -107 -100 # -129 -129 -129 -129 -129 -129 -257 -257 
CPU side received count (scaleup: 2): -115 -98 -87 -92 -100 -87 -112 -103 # -129 -129 -129 -129 -129 -129 -129 -129 
CPU side received count (scaleup: 3): -97 -109 -129 -92 -109 -117 -93 -102 # -129 -129 -129 -129 -129 -129 -129 -129 
CPU side received count (scaleup: 7): -119 -101 -107 -98 -116 -104 -101 -90 # -257 -129 -129 -129 -129 -129 -129 -129 
CPU side received count (scaleup: 1): -107 -121 -115 -113 -99 -106 -82 -110 # -129 -129 -257 -129 -129 -257 -129 -129 
Elastic buffer uses 4 channels per SM
Elastic buffer uses 4 channels per SM
Elastic buffer uses 4 channels per SM
Elastic buffer uses 4 channels per SM
Elastic buffer uses 4 channels per SM
Elastic buffer uses 4 channels per SM
Elastic buffer uses 4 channels per SM
Elastic buffer uses 4 channels per SM
CPU side received count (scaleup: 5): -102 -105 -118 -116 -96 -92 -96 -105 # -129 -129 -257 -129 -129 -129 -129 -129 
CPU side received count (scaleup: 4): -100 -117 -97 -95 -96 -102 -108 -104 # -129 -129 -129 -129 -257 -129 -129 -129 
CPU side received count (scaleup: 6): -108 -123 -98 -110 -114 -88 -104 -103 # -129 -129 -129 -129 -129 -129 -129 -129 
CPU side received count (scaleup: 2): -115 -98 -87 -92 -100 -87 -112 -103 # -129 -129 -129 -129 -129 -129 -129 -129 
CPU side received count (scaleup: 3): -97 -109 -129 -92 -109 -117 -93 -102 # -129 -129 -129 -129 -129 -129 -129 -129 
CPU side received count (scaleup: 0): -110 -100 -114 -101 -99 -124 -107 -100 # -129 -129 -129 -129 -129 -129 -257 -257 
CPU side received count (scaleup: 1): -107 -121 -115 -113 -99 -106 -82 -110 # -129 -129 -257 -129 -129 -257 -129 -129 
CPU side received count (scaleup: 7): -119 -101 -107 -98 -116 -104 -101 -90 # -257 -129 -129 -129 -129 -129 -129 -129 
Elastic buffer uses 4 channels per SM
Elastic buffer uses 4 channels per SM
Elastic buffer uses 4 channels per SM
Elastic buffer uses 4 channels per SM
Elastic buffer uses 4 channels per SM
Elastic buffer uses 4 channels per SM
Elastic buffer uses 4 channels per SM
Elastic buffer uses 4 channels per SM
CPU side received count (scaleup: 2): -115 -98 -87 -92 -100 -87 -112 -103 # -129 -129 -129 -129 -129 -129 -129 -129 
CPU side received count (scaleup: 5): -102 -105 -118 -116 -96 -92 -96 -105 # -129 -129 -257 -129 -129 -129 -129 -129 
CPU side received count (scaleup: 6): -108 -123 -98 -110 -114 -88 -104 -103 # -129 -129 -129 -129 -129 -129 -129 -129 
CPU side received count (scaleup: 0): -110 -100 -114 -101 -99 -124 -107 -100 # -129 -129 -129 -129 -129 -129 -257 -257 
CPU side received count (scaleup: 3): -97 -109 -129 -92 -109 -117 -93 -102 # -129 -129 -129 -129 -129 -129 -129 -129 
CPU side received count (scaleup: 4): -100 -117 -97 -95 -96 -102 -108 -104 # -129 -129 -129 -129 -257 -129 -129 -129 
CPU side received count (scaleup: 1): -107 -121 -115 -113 -99 -106 -82 -110 # -129 -129 -257 -129 -129 -257 -129 -129 
CPU side received count (scaleup: 7): -119 -101 -107 -98 -116 -104 -101 -90 # -257 -129 -129 -129 -129 -129 -129 -129 
Elastic buffer uses 4 channels per SM
Elastic buffer uses 4 channels per SM
Elastic buffer uses 4 channels per SM
Elastic buffer uses 4 channels per SM
Elastic buffer uses 4 channels per SM
Elastic buffer uses 4 channels per SM
Elastic buffer uses 4 channels per SM
Elastic buffer uses 4 channels per SM
CPU side received count (scaleup: 5): -102 -105 -118 -116 -96 -92 -96 -105 # -129 -129 -257 -129 -129 -129 -129 -129 
CPU side received count (scaleup: 4): -100 -117 -97 -95 -96 -102 -108 -104 # -129 -129 -129 -129 -257 -129 -129 -129 
CPU side received count (scaleup: 6): -108 -123 -98 -110 -114 -88 -104 -103 # -129 -129 -129 -129 -129 -129 -129 -129 
CPU side received count (scaleup: 2): -115 -98 -87 -92 -100 -87 -112 -103 # -129 -129 -129 -129 -129 -129 -129 -129 
CPU side received count (scaleup: 3): -97 -109 -129 -92 -109 -117 -93 -102 # -129 -129 -129 -129 -129 -129 -129 -129 
CPU side received count (scaleup: 0): -110 -100 -114 -101 -99 -124 -107 -100 # -129 -129 -129 -129 -129 -129 -257 -257 
CPU side received count (scaleup: 7): -119 -101 -107 -98 -116 -104 -101 -90 # -257 -129 -129 -129 -129 -129 -129 -129 
CPU side received count (scaleup: 1): -107 -121 -115 -113 -99 -106 -82 -110 # -129 -129 -257 -129 -129 -257 -129 -129 
Elastic buffer uses 4 channels per SM
Elastic buffer uses 4 channels per SM
Elastic buffer uses 4 channels per SM
Elastic buffer uses 4 channels per SM
Elastic buffer uses 4 channels per SM
Elastic buffer uses 4 channels per SM
Elastic buffer uses 4 channels per SM
Elastic buffer uses 4 channels per SM
CPU side received count (scaleup: 0): -110 -100 -114 -101 -99 -124 -107 -100 # -129 -129 -129 -129 -129 -129 -257 -257 
CPU side received count (scaleup: 5): -102 -105 -118 -116 -96 -92 -96 -105 # -129 -129 -257 -129 -129 -129 -129 -129 
CPU side received count (scaleup: 4): -100 -117 -97 -95 -96 -102 -108 -104 # -129 -129 -129 -129 -257 -129 -129 -129 
CPU side received count (scaleup: 2): -115 -98 -87 -92 -100 -87 -112 -103 # -129 -129 -129 -129 -129 -129 -129 -129 
CPU side received count (scaleup: 3): -97 -109 -129 -92 -109 -117 -93 -102 # -129 -129 -129 -129 -129 -129 -129 -129 
CPU side received count (scaleup: 6): -108 -123 -98 -110 -114 -88 -104 -103 # -129 -129 -129 -129 -129 -129 -129 -129 
CPU side received count (scaleup: 1): -107 -121 -115 -113 -99 -106 -82 -110 # -129 -129 -257 -129 -129 -257 -129 -129 
CPU side received count (scaleup: 7): -119 -101 -107 -98 -116 -104 -101 -90 # -257 -129 -129 -129 -129 -129 -129 -129 
Elastic buffer uses 4 channels per SM
Elastic buffer uses 4 channels per SM
Elastic buffer uses 4 channels per SM
Elastic buffer uses 4 channels per SM
Elastic buffer uses 4 channels per SM
Elastic buffer uses 4 channels per SM
Elastic buffer uses 4 channels per SM
Elastic buffer uses 4 channels per SM
CPU side received count (scaleup: 2): -115 -98 -87 -92 -100 -87 -112 -103 # -129 -129 -129 -129 -129 -129 -129 -129 
CPU side received count (scaleup: 5): -102 -105 -118 -116 -96 -92 -96 -105 # -129 -129 -257 -129 -129 -129 -129 -129 
CPU side received count (scaleup: 3): -97 -109 -129 -92 -109 -117 -93 -102 # -129 -129 -129 -129 -129 -129 -129 -129 
CPU side received count (scaleup: 0): -110 -100 -114 -101 -99 -124 -107 -100 # -129 -129 -129 -129 -129 -129 -257 -257 
CPU side received count (scaleup: 6): -108 -123 -98 -110 -114 -88 -104 -103 # -129 -129 -129 -129 -129 -129 -129 -129 
CPU side received count (scaleup: 4): -100 -117 -97 -95 -96 -102 -108 -104 # -129 -129 -129 -129 -257 -129 -129 -129 
CPU side received count (scaleup: 1): -107 -121 -115 -113 -99 -106 -82 -110 # -129 -129 -257 -129 -129 -257 -129 -129 
CPU side received count (scaleup: 7): -119 -101 -107 -98 -116 -104 -101 -90 # -257 -129 -129 -129 -129 -129 -129 -129 
Elastic buffer uses 4 channels per SM
Elastic buffer uses 4 channels per SM
Elastic buffer uses 4 channels per SM
Elastic buffer uses 4 channels per SM
Elastic buffer uses 4 channels per SM
Elastic buffer uses 4 channels per SM
Elastic buffer uses 4 channels per SM
Elastic buffer uses 4 channels per SM
CPU side received count (scaleup: 5): -102 -105 -118 -116 -96 -92 -96 -105 # -129 -129 -257 -129 -129 -129 -129 -129 
CPU side received count (scaleup: 6): -108 -123 -98 -110 -114 -88 -104 -103 # -129 -129 -129 -129 -129 -129 -129 -129 
CPU side received count (scaleup: 4): -100 -117 -97 -95 -96 -102 -108 -104 # -129 -129 -129 -129 -257 -129 -129 -129 
CPU side received count (scaleup: 0): -110 -100 -114 -101 -99 -124 -107 -100 # -129 -129 -129 -129 -129 -129 -257 -257 
CPU side received count (scaleup: 3): -97 -109 -129 -92 -109 -117 -93 -102 # -129 -129 -129 -129 -129 -129 -129 -129 
CPU side received count (scaleup: 2): -115 -98 -87 -92 -100 -87 -112 -103 # -129 -129 -129 -129 -129 -129 -129 -129 
CPU side received count (scaleup: 1): -107 -121 -115 -113 -99 -106 -82 -110 # -129 -129 -257 -129 -129 -257 -129 -129 
CPU side received count (scaleup: 7): -119 -101 -107 -98 -116 -104 -101 -90 # -257 -129 -129 -129 -129 -129 -129 -129 
Elastic buffer uses 4 channels per SM
Elastic buffer uses 4 channels per SM
Elastic buffer uses 4 channels per SM
Elastic buffer uses 4 channels per SM
Elastic buffer uses 4 channels per SM
Elastic buffer uses 4 channels per SM
Elastic buffer uses 4 channels per SM
Elastic buffer uses 4 channels per SM
CPU side received count (scaleup: 2): -115 -98 -87 -92 -100 -87 -112 -103 # -129 -129 -129 -129 -129 -129 -129 -129 
CPU side received count (scaleup: 3): -97 -109 -129 -92 -109 -117 -93 -102 # -129 -129 -129 -129 -129 -129 -129 -129 
CPU side received count (scaleup: 0): -110 -100 -114 -101 -99 -124 -107 -100 # -129 -129 -129 -129 -129 -129 -257 -257 
CPU side received count (scaleup: 6): -108 -123 -98 -110 -114 -88 -104 -103 # -129 -129 -129 -129 -129 -129 -129 -129 
CPU side received count (scaleup: 5): -102 -105 -118 -116 -96 -92 -96 -105 # -129 -129 -257 -129 -129 -129 -129 -129 
CPU side received count (scaleup: 4): -100 -117 -97 -95 -96 -102 -108 -104 # -129 -129 -129 -129 -257 -129 -129 -129 
CPU side received count (scaleup: 7): -119 -101 -107 -98 -116 -104 -101 -90 # -257 -129 -129 -129 -129 -129 -129 -129 
CPU side received count (scaleup: 1): -107 -121 -115 -113 -99 -106 -82 -110 # -129 -129 -257 -129 -129 -257 -129 -129 
Elastic buffer uses 4 channels per SM
Elastic buffer uses 4 channels per SM
Elastic buffer uses 4 channels per SM
Elastic buffer uses 4 channels per SM
Elastic buffer uses 4 channels per SM
Elastic buffer uses 4 channels per SM
Elastic buffer uses 4 channels per SM
Elastic buffer uses 4 channels per SM
CPU side received count (scaleup: 2): -115 -98 -87 -92 -100 -87 -112 -103 # -129 -129 -129 -129 -129 -129 -129 -129 
CPU side received count (scaleup: 5): -102 -105 -118 -116 -96 -92 -96 -105 # -129 -129 -257 -129 -129 -129 -129 -129 
CPU side received count (scaleup: 3): -97 -109 -129 -92 -109 -117 -93 -102 # -129 -129 -129 -129 -129 -129 -129 -129 
CPU side received count (scaleup: 0): -110 -100 -114 -101 -99 -124 -107 -100 # -129 -129 -129 -129 -129 -129 -257 -257 
CPU side received count (scaleup: 6): -108 -123 -98 -110 -114 -88 -104 -103 # -129 -129 -129 -129 -129 -129 -129 -129 
CPU side received count (scaleup: 4): -100 -117 -97 -95 -96 -102 -108 -104 # -129 -129 -129 -129 -257 -129 -129 -129 
CPU side received count (scaleup: 1): -107 -121 -115 -113 -99 -106 -82 -110 # -129 -129 -257 -129 -129 -257 -129 -129 
CPU side received count (scaleup: 7): -119 -101 -107 -98 -116 -104 -101 -90 # -257 -129 -129 -129 -129 -129 -129 -129 
Elastic buffer uses 4 channels per SM
Elastic buffer uses 4 channels per SM
Elastic buffer uses 4 channels per SM
Elastic buffer uses 4 channels per SM
Elastic buffer uses 4 channels per SM
Elastic buffer uses 4 channels per SM
Elastic buffer uses 4 channels per SM
Elastic buffer uses 4 channels per SM
CPU side received count (scaleup: 2): -115 -98 -87 -92 -100 -87 -112 -103 # -129 -129 -129 -129 -129 -129 -129 -129 
CPU side received count (scaleup: 3): -97 -109 -129 -92 -109 -117 -93 -102 # -129 -129 -129 -129 -129 -129 -129 -129 
CPU side received count (scaleup: 0): -110 -100 -114 -101 -99 -124 -107 -100 # -129 -129 -129 -129 -129 -129 -257 -257 
CPU side received count (scaleup: 5): -102 -105 -118 -116 -96 -92 -96 -105 # -129 -129 -257 -129 -129 -129 -129 -129 
CPU side received count (scaleup: 4): -100 -117 -97 -95 -96 -102 -108 -104 # -129 -129 -129 -129 -257 -129 -129 -129 
CPU side received count (scaleup: 6): -108 -123 -98 -110 -114 -88 -104 -103 # -129 -129 -129 -129 -129 -129 -129 -129 
CPU side received count (scaleup: 1): -107 -121 -115 -113 -99 -106 -82 -110 # -129 -129 -257 -129 -129 -257 -129 -129 
CPU side received count (scaleup: 7): -119 -101 -107 -98 -116 -104 -101 -90 # -257 -129 -129 -129 -129 -129 -129 -129 
Elastic buffer uses 4 channels per SM
Elastic buffer uses 4 channels per SM
Elastic buffer uses 4 channels per SM
Elastic buffer uses 4 channels per SM
Elastic buffer uses 4 channels per SM
Elastic buffer uses 4 channels per SM
Elastic buffer uses 4 channels per SM
Elastic buffer uses 4 channels per SM
CPU side received count (scaleup: 4): -100 -117 -97 -95 -96 -102 -108 -104 # -129 -129 -129 -129 -257 -129 -129 -129 
CPU side received count (scaleup: 6): -108 -123 -98 -110 -114 -88 -104 -103 # -129 -129 -129 -129 -129 -129 -129 -129 
CPU side received count (scaleup: 0): -110 -100 -114 -101 -99 -124 -107 -100 # -129 -129 -129 -129 -129 -129 -257 -257 
CPU side received count (scaleup: 3): -97 -109 -129 -92 -109 -117 -93 -102 # -129 -129 -129 -129 -129 -129 -129 -129 
CPU side received count (scaleup: 5): -102 -105 -118 -116 -96 -92 -96 -105 # -129 -129 -257 -129 -129 -129 -129 -129 
CPU side received count (scaleup: 2): -115 -98 -87 -92 -100 -87 -112 -103 # -129 -129 -129 -129 -129 -129 -129 -129 
CPU side received count (scaleup: 1): -107 -121 -115 -113 -99 -106 -82 -110 # -129 -129 -257 -129 -129 -257 -129 -129 
CPU side received count (scaleup: 7): -119 -101 -107 -98 -116 -104 -101 -90 # -257 -129 -129 -129 -129 -129 -129 -129 
Elastic buffer uses 4 channels per SM
Elastic buffer uses 4 channels per SM
Elastic buffer uses 4 channels per SM
Elastic buffer uses 4 channels per SM
Elastic buffer uses 4 channels per SM
Elastic buffer uses 4 channels per SM
Elastic buffer uses 4 channels per SM
Elastic buffer uses 4 channels per SM
CPU side received count (scaleup: 4): -100 -117 -97 -95 -96 -102 -108 -104 # -129 -129 -129 -129 -257 -129 -129 -129 
CPU side received count (scaleup: 5): -102 -105 -118 -116 -96 -92 -96 -105 # -129 -129 -257 -129 -129 -129 -129 -129 
CPU side received count (scaleup: 6): -108 -123 -98 -110 -114 -88 -104 -103 # -129 -129 -129 -129 -129 -129 -129 -129 
CPU side received count (scaleup: 0): -110 -100 -114 -101 -99 -124 -107 -100 # -129 -129 -129 -129 -129 -129 -257 -257 
CPU side received count (scaleup: 2): -115 -98 -87 -92 -100 -87 -112 -103 # -129 -129 -129 -129 -129 -129 -129 -129 
CPU side received count (scaleup: 3): -97 -109 -129 -92 -109 -117 -93 -102 # -129 -129 -129 -129 -129 -129 -129 -129 
CPU side received count (scaleup: 7): -119 -101 -107 -98 -116 -104 -101 -90 # -257 -129 -129 -129 -129 -129 -129 -129 
CPU side received count (scaleup: 1): -107 -121 -115 -113 -99 -106 -82 -110 # -129 -129 -257 -129 -129 -257 -129 -129 
Elastic buffer uses 4 channels per SM
Elastic buffer uses 4 channels per SM
Elastic buffer uses 4 channels per SM
Elastic buffer uses 4 channels per SM
Elastic buffer uses 4 channels per SM
Elastic buffer uses 4 channels per SM
Elastic buffer uses 4 channels per SM
Elastic buffer uses 4 channels per SM
CPU side received count (scaleup: 4): -100 -117 -97 -95 -96 -102 -108 -104 # -129 -129 -129 -129 -257 -129 -129 -129 
CPU side received count (scaleup: 6): -108 -123 -98 -110 -114 -88 -104 -103 # -129 -129 -129 -129 -129 -129 -129 -129 
CPU side received count (scaleup: 5): -102 -105 -118 -116 -96 -92 -96 -105 # -129 -129 -257 -129 -129 -129 -129 -129 
CPU side received count (scaleup: 3): -97 -109 -129 -92 -109 -117 -93 -102 # -129 -129 -129 -129 -129 -129 -129 -129 
CPU side received count (scaleup: 0): -110 -100 -114 -101 -99 -124 -107 -100 # -129 -129 -129 -129 -129 -129 -257 -257 
CPU side received count (scaleup: 2): -115 -98 -87 -92 -100 -87 -112 -103 # -129 -129 -129 -129 -129 -129 -129 -129 
CPU side received count (scaleup: 1): -107 -121 -115 -113 -99 -106 -82 -110 # -129 -129 -257 -129 -129 -257 -129 -129 
CPU side received count (scaleup: 7): -119 -101 -107 -98 -116 -104 -101 -90 # -257 -129 -129 -129 -129 -129 -129 -129 
Elastic buffer uses 4 channels per SM
Elastic buffer uses 4 channels per SM
Elastic buffer uses 4 channels per SM
Elastic buffer uses 4 channels per SM
Elastic buffer uses 4 channels per SM
Elastic buffer uses 4 channels per SM
Elastic buffer uses 4 channels per SM
Elastic buffer uses 4 channels per SM
CPU side received count (scaleup: 4): -100 -117 -97 -95 -96 -102 -108 -104 # -129 -129 -129 -129 -257 -129 -129 -129 
CPU side received count (scaleup: 5): -102 -105 -118 -116 -96 -92 -96 -105 # -129 -129 -257 -129 -129 -129 -129 -129 
CPU side received count (scaleup: 3): -97 -109 -129 -92 -109 -117 -93 -102 # -129 -129 -129 -129 -129 -129 -129 -129 
CPU side received count (scaleup: 6): -108 -123 -98 -110 -114 -88 -104 -103 # -129 -129 -129 -129 -129 -129 -129 -129 
CPU side received count (scaleup: 0): -110 -100 -114 -101 -99 -124 -107 -100 # -129 -129 -129 -129 -129 -129 -257 -257 
CPU side received count (scaleup: 2): -115 -98 -87 -92 -100 -87 -112 -103 # -129 -129 -129 -129 -129 -129 -129 -129 
CPU side received count (scaleup: 1): -107 -121 -115 -113 -99 -106 -82 -110 # -129 -129 -257 -129 -129 -257 -129 -129 
CPU side received count (scaleup: 7): -119 -101 -107 -98 -116 -104 -101 -90 # -257 -129 -129 -129 -129 -129 -129 -129 
Elastic buffer uses 4 channels per SM
Elastic buffer uses 4 channels per SM
Elastic buffer uses 4 channels per SM
Elastic buffer uses 4 channels per SM
Elastic buffer uses 4 channels per SM
Elastic buffer uses 4 channels per SM
Elastic buffer uses 4 channels per SM
Elastic buffer uses 4 channels per SM
CPU side received count (scaleup: 0): -110 -100 -114 -101 -99 -124 -107 -100 # -129 -129 -129 -129 -129 -129 -257 -257 
CPU side received count (scaleup: 4): -100 -117 -97 -95 -96 -102 -108 -104 # -129 -129 -129 -129 -257 -129 -129 -129 
CPU side received count (scaleup: 2): -115 -98 -87 -92 -100 -87 -112 -103 # -129 -129 -129 -129 -129 -129 -129 -129 
CPU side received count (scaleup: 3): -97 -109 -129 -92 -109 -117 -93 -102 # -129 -129 -129 -129 -129 -129 -129 -129 
CPU side received count (scaleup: 6): -108 -123 -98 -110 -114 -88 -104 -103 # -129 -129 -129 -129 -129 -129 -129 -129 
CPU side received count (scaleup: 5): -102 -105 -118 -116 -96 -92 -96 -105 # -129 -129 -257 -129 -129 -129 -129 -129 
CPU side received count (scaleup: 1): -107 -121 -115 -113 -99 -106 -82 -110 # -129 -129 -257 -129 -129 -257 -129 -129 
CPU side received count (scaleup: 7): -119 -101 -107 -98 -116 -104 -101 -90 # -257 -129 -129 -129 -129 -129 -129 -129 
Elastic buffer uses 4 channels per SM
Elastic buffer uses 4 channels per SM
Elastic buffer uses 4 channels per SM
Elastic buffer uses 4 channels per SM
Elastic buffer uses 4 channels per SM
Elastic buffer uses 4 channels per SM
Elastic buffer uses 4 channels per SM
Elastic buffer uses 4 channels per SM
CPU side received count (scaleup: 6): -108 -123 -98 -110 -114 -88 -104 -103 # -129 -129 -129 -129 -129 -129 -129 -129 
CPU side received count (scaleup: 5): -102 -105 -118 -116 -96 -92 -96 -105 # -129 -129 -257 -129 -129 -129 -129 -129 
CPU side received count (scaleup: 4): -100 -117 -97 -95 -96 -102 -108 -104 # -129 -129 -129 -129 -257 -129 -129 -129 
CPU side received count (scaleup: 3): -97 -109 -129 -92 -109 -117 -93 -102 # -129 -129 -129 -129 -129 -129 -129 -129 
CPU side received count (scaleup: 0): -110 -100 -114 -101 -99 -124 -107 -100 # -129 -129 -129 -129 -129 -129 -257 -257 
CPU side received count (scaleup: 2): -115 -98 -87 -92 -100 -87 -112 -103 # -129 -129 -129 -129 -129 -129 -129 -129 
CPU side received count (scaleup: 1): -107 -121 -115 -113 -99 -106 -82 -110 # -129 -129 -257 -129 -129 -257 -129 -129 
CPU side received count (scaleup: 7): -119 -101 -107 -98 -116 -104 -101 -90 # -257 -129 -129 -129 -129 -129 -129 -129 
Elastic buffer uses 4 channels per SM
Elastic buffer uses 4 channels per SM
Elastic buffer uses 4 channels per SM
Elastic buffer uses 4 channels per SM
Elastic buffer uses 4 channels per SM
Elastic buffer uses 4 channels per SM
Elastic buffer uses 4 channels per SM
Elastic buffer uses 4 channels per SM
CPU side received count (scaleup: 4): -100 -117 -97 -95 -96 -102 -108 -104 # -129 -129 -129 -129 -257 -129 -129 -129 
CPU side received count (scaleup: 5): -102 -105 -118 -116 -96 -92 -96 -105 # -129 -129 -257 -129 -129 -129 -129 -129 
CPU side received count (scaleup: 6): -108 -123 -98 -110 -114 -88 -104 -103 # -129 -129 -129 -129 -129 -129 -129 -129 
CPU side received count (scaleup: 3): -97 -109 -129 -92 -109 -117 -93 -102 # -129 -129 -129 -129 -129 -129 -129 -129 
CPU side received count (scaleup: 2): -115 -98 -87 -92 -100 -87 -112 -103 # -129 -129 -129 -129 -129 -129 -129 -129 
CPU side received count (scaleup: 0): -110 -100 -114 -101 -99 -124 -107 -100 # -129 -129 -129 -129 -129 -129 -257 -257 
CPU side received count (scaleup: 1): -107 -121 -115 -113 -99 -106 -82 -110 # -129 -129 -257 -129 -129 -257 -129 -129 
CPU side received count (scaleup: 7): -119 -101 -107 -98 -116 -104 -101 -90 # -257 -129 -129 -129 -129 -129 -129 -129 
USDT:2026-08-25 02:49:24 434:434 SyncActivityProfilerHandler.cpp:59] profiler_stopUSDT:2026-08-25 02:49:24 435:435 SyncActivityProfilerHandler.cpp:59] profiler_stopUSDT:2026-08-25 02:49:24 433:433 SyncActivityProfilerHandler.cpp:59] profiler_stopUSDT:2026-08-25 02:49:24 437:437 SyncActivityProfilerHandler.cpp:59] profiler_stop
USDT:2026-08-25 02:49:24 436:436 SyncActivityProfilerHandler.cpp:59] profiler_stop



USDT:2026-08-25 02:49:24 431:431 SyncActivityProfilerHandler.cpp:59] profiler_stop
USDT:2026-08-25 02:49:24 432:432 SyncActivityProfilerHandler.cpp:59] profiler_stopUSDT:2026-08-25 02:49:24 438:438 SyncActivityProfilerHandler.cpp:59] profiler_stop

   - EP:  21/32 | expanded dispatch: 3 GB/s (SO), 6 GB/s (SU), 965.792 us, 6155136 bytes | copy: 61 GB/s, 238.467 us
   - EP:  20/32 | expanded dispatch: 3 GB/s (SO), 6 GB/s (SU), 965.779 us, 6072768 bytes | copy: 614 GB/s, 23.880 us
   - EP:  22/32 | expanded dispatch: 3 GB/s (SO), 7 GB/s (SU), 965.929 us, 6289920 bytes | copy: 58 GB/s, 238.923 us
   - EP:  19/32 | expanded dispatch: 3 GB/s (SO), 7 GB/s (SU), 965.868 us, 6289920 bytes | copy: 61 GB/s, 228.129 us
   - EP:  16/32 | expanded dispatch: 3 GB/s (SO), 7 GB/s (SU), 965.852 us, 6342336 bytes | copy: 69 GB/s, 218.806 us
   - EP:  18/32 | expanded dispatch: 3 GB/s (SO), 6 GB/s (SU), 965.599 us, 5885568 bytes | copy: 1096 GB/s, 12.303 us
   - EP:  17/32 | expanded dispatch: 3 GB/s (SO), 7 GB/s (SU), 965.870 us, 6327360 bytes | copy: 84 GB/s, 188.396 us
   - EP:  23/32 | expanded dispatch: 3 GB/s (SO), 6 GB/s (SU), 965.870 us, 6200064 bytes | copy: 62 GB/s, 238.056 us
Elastic buffer uses 4 channels per SM
Elastic buffer uses 4 channels per SM
Elastic buffer uses 4 channels per SM
Elastic buffer uses 4 channels per SM
Elastic buffer uses 4 channels per SM
Elastic buffer uses 4 channels per SM
Elastic buffer uses 4 channels per SM
Elastic buffer uses 4 channels per SM
Elastic buffer uses 4 channels per SM
Elastic buffer uses 4 channels per SM
Elastic buffer uses 4 channels per SM
Elastic buffer uses 4 channels per SM
Elastic buffer uses 4 channels per SM
Elastic buffer uses 4 channels per SM
Elastic buffer uses 4 channels per SM
Elastic buffer uses 4 channels per SM
Elastic buffer uses 4 channels per SM
Elastic buffer uses 4 channels per SM
Elastic buffer uses 4 channels per SM
Elastic buffer uses 4 channels per SM
Elastic buffer uses 4 channels per SM
Elastic buffer uses 4 channels per SM
Elastic buffer uses 4 channels per SM
Elastic buffer uses 4 channels per SM
Elastic buffer uses 4 channels per SM
Elastic buffer uses 4 channels per SM
Elastic buffer uses 4 channels per SM
Elastic buffer uses 4 channels per SM
Elastic buffer uses 4 channels per SM
Elastic buffer uses 4 channels per SM
Elastic buffer uses 4 channels per SM
Elastic buffer uses 4 channels per SM
Elastic buffer uses 4 channels per SM
Elastic buffer uses 4 channels per SM
Elastic buffer uses 4 channels per SM
Elastic buffer uses 4 channels per SM
Elastic buffer uses 4 channels per SM
Elastic buffer uses 4 channels per SM
Elastic buffer uses 4 channels per SM
Elastic buffer uses 4 channels per SM
Elastic buffer uses 4 channels per SM
Elastic buffer uses 4 channels per SM
Elastic buffer uses 4 channels per SM
Elastic buffer uses 4 channels per SM
Elastic buffer uses 4 channels per SM
Elastic buffer uses 4 channels per SM
Elastic buffer uses 4 channels per SM
Elastic buffer uses 4 channels per SM
Elastic buffer uses 4 channels per SM
Elastic buffer uses 4 channels per SM
Elastic buffer uses 4 channels per SM
Elastic buffer uses 4 channels per SM
Elastic buffer uses 4 channels per SM
Elastic buffer uses 4 channels per SM
Elastic buffer uses 4 channels per SM
Elastic buffer uses 4 channels per SM
Elastic buffer uses 4 channels per SM
Elastic buffer uses 4 channels per SM
Elastic buffer uses 4 channels per SM
Elastic buffer uses 4 channels per SM
Elastic buffer uses 4 channels per SM
Elastic buffer uses 4 channels per SM
Elastic buffer uses 4 channels per SM
Elastic buffer uses 4 channels per SM
Elastic buffer uses 4 channels per SM
Elastic buffer uses 4 channels per SM
Elastic buffer uses 4 channels per SM
Elastic buffer uses 4 channels per SM
Elastic buffer uses 4 channels per SM
Elastic buffer uses 4 channels per SM
Elastic buffer uses 4 channels per SM
Elastic buffer uses 4 channels per SM
Elastic buffer uses 4 channels per SM
Elastic buffer uses 4 channels per SM
Elastic buffer uses 4 channels per SM
Elastic buffer uses 4 channels per SM
Elastic buffer uses 4 channels per SM
Elastic buffer uses 4 channels per SM
Elastic buffer uses 4 channels per SM
Elastic buffer uses 4 channels per SM
Elastic buffer uses 4 channels per SM
Elastic buffer uses 4 channels per SM
Elastic buffer uses 4 channels per SM
Elastic buffer uses 4 channels per SM
Elastic buffer uses 4 channels per SM
Elastic buffer uses 4 channels per SM
Elastic buffer uses 4 channels per SM
Elastic buffer uses 4 channels per SM
Elastic buffer uses 4 channels per SM
Elastic buffer uses 4 channels per SM
Elastic buffer uses 4 channels per SM
Elastic buffer uses 4 channels per SM
Elastic buffer uses 4 channels per SM
Elastic buffer uses 4 channels per SM
Elastic buffer uses 4 channels per SM
Elastic buffer uses 4 channels per SM
Elastic buffer uses 4 channels per SM
Elastic buffer uses 4 channels per SM
Elastic buffer uses 4 channels per SM
Elastic buffer uses 4 channels per SM
Elastic buffer uses 4 channels per SM
Elastic buffer uses 4 channels per SM
Elastic buffer uses 4 channels per SM
Elastic buffer uses 4 channels per SM
Elastic buffer uses 4 channels per SM
Elastic buffer uses 4 channels per SM
Elastic buffer uses 4 channels per SM
Elastic buffer uses 4 channels per SM
Elastic buffer uses 4 channels per SM
Elastic buffer uses 4 channels per SM
Elastic buffer uses 4 channels per SM
Elastic buffer uses 4 channels per SM
Elastic buffer uses 4 channels per SM
Elastic buffer uses 4 channels per SM
Elastic buffer uses 4 channels per SM
Elastic buffer uses 4 channels per SM
Elastic buffer uses 4 channels per SM
Elastic buffer uses 4 channels per SM
Elastic buffer uses 4 channels per SM
Elastic buffer uses 4 channels per SM
Elastic buffer uses 4 channels per SM
Elastic buffer uses 4 channels per SM
Elastic buffer uses 4 channels per SM
Elastic buffer uses 4 channels per SM
Elastic buffer uses 4 channels per SM
Elastic buffer uses 4 channels per SM
Elastic buffer uses 4 channels per SM
Elastic buffer uses 4 channels per SM
Elastic buffer uses 4 channels per SM
Elastic buffer uses 4 channels per SM
Elastic buffer uses 4 channels per SM
Elastic buffer uses 4 channels per SM
Elastic buffer uses 4 channels per SM
Elastic buffer uses 4 channels per SM
Elastic buffer uses 4 channels per SM
Elastic buffer uses 4 channels per SM
Elastic buffer uses 4 channels per SM
Elastic buffer uses 4 channels per SM
Elastic buffer uses 4 channels per SM
Elastic buffer uses 4 channels per SM
Elastic buffer uses 4 channels per SM
Elastic buffer uses 4 channels per SM
Elastic buffer uses 4 channels per SM
Elastic buffer uses 4 channels per SM
Elastic buffer uses 4 channels per SM
Elastic buffer uses 4 channels per SM
Elastic buffer uses 4 channels per SM
Elastic buffer uses 4 channels per SM
Elastic buffer uses 4 channels per SM
Elastic buffer uses 4 channels per SM
Elastic buffer uses 4 channels per SM
Elastic buffer uses 4 channels per SM
Elastic buffer uses 4 channels per SM
Elastic buffer uses 4 channels per SM
Elastic buffer uses 4 channels per SM
Elastic buffer uses 4 channels per SM
Elastic buffer uses 4 channels per SM
Elastic buffer uses 4 channels per SM
Elastic buffer uses 4 channels per SM
Elastic buffer uses 4 channels per SM
Elastic buffer uses 4 channels per SM
Elastic buffer uses 4 channels per SM
Elastic buffer uses 4 channels per SM
Elastic buffer uses 4 channels per SM
Elastic buffer uses 4 channels per SM
Elastic buffer uses 4 channels per SM
Elastic buffer uses 4 channels per SM
Elastic buffer uses 4 channels per SM
Elastic buffer uses 4 channels per SM
Elastic buffer uses 4 channels per SM
Elastic buffer uses 4 channels per SM
Elastic buffer uses 4 channels per SM
Elastic buffer uses 4 channels per SM
Elastic buffer uses 4 channels per SM
Elastic buffer uses 4 channels per SM
Elastic buffer uses 4 channels per SM
Elastic buffer uses 4 channels per SM
Elastic buffer uses 4 channels per SM
Elastic buffer uses 4 channels per SM
Elastic buffer uses 4 channels per SM
Elastic buffer uses 4 channels per SM
Elastic buffer uses 4 channels per SM
Elastic buffer uses 4 channels per SM
Elastic buffer uses 4 channels per SM
Elastic buffer uses 4 channels per SM
Elastic buffer uses 4 channels per SM
Elastic buffer uses 4 channels per SM
Elastic buffer uses 4 channels per SM
Elastic buffer uses 4 channels per SM
Elastic buffer uses 4 channels per SM
Elastic buffer uses 4 channels per SM
Elastic buffer uses 4 channels per SM
Elastic buffer uses 4 channels per SM
Elastic buffer uses 4 channels per SM
Elastic buffer uses 4 channels per SM
Elastic buffer uses 4 channels per SM
Elastic buffer uses 4 channels per SM
Elastic buffer uses 4 channels per SM
Elastic buffer uses 4 channels per SM
Elastic buffer uses 4 channels per SM
Elastic buffer uses 4 channels per SM
Elastic buffer uses 4 channels per SM
Elastic buffer uses 4 channels per SM
Elastic buffer uses 4 channels per SM
Elastic buffer uses 4 channels per SM
Elastic buffer uses 4 channels per SM
Elastic buffer uses 4 channels per SM
Elastic buffer uses 4 channels per SM
Elastic buffer uses 4 channels per SM
Elastic buffer uses 4 channels per SM
Elastic buffer uses 4 channels per SM
Elastic buffer uses 4 channels per SM
Elastic buffer uses 4 channels per SM
Elastic buffer uses 4 channels per SM
Elastic buffer uses 4 channels per SM
Elastic buffer uses 4 channels per SM
Elastic buffer uses 4 channels per SM
Elastic buffer uses 4 channels per SM
Elastic buffer uses 4 channels per SM
Elastic buffer uses 4 channels per SM
Elastic buffer uses 4 channels per SM
Elastic buffer uses 4 channels per SM
Elastic buffer uses 4 channels per SM
Elastic buffer uses 4 channels per SM
Elastic buffer uses 4 channels per SM
Elastic buffer uses 4 channels per SM
Elastic buffer uses 4 channels per SM
Elastic buffer uses 4 channels per SM
Elastic buffer uses 4 channels per SM
Elastic buffer uses 4 channels per SM
Elastic buffer uses 4 channels per SM
Elastic buffer uses 4 channels per SM
Elastic buffer uses 4 channels per SM
Elastic buffer uses 4 channels per SM
Elastic buffer uses 4 channels per SM
Elastic buffer uses 4 channels per SM
Elastic buffer uses 4 channels per SM
Elastic buffer uses 4 channels per SM
Elastic buffer uses 4 channels per SM
Elastic buffer uses 4 channels per SM
Elastic buffer uses 4 channels per SM
Elastic buffer uses 4 channels per SM
Elastic buffer uses 4 channels per SM
Elastic buffer uses 4 channels per SM
Elastic buffer uses 4 channels per SM
Elastic buffer uses 4 channels per SM
Elastic buffer uses 4 channels per SM
Elastic buffer uses 4 channels per SM
USDT:2026-08-25 02:49:25 436:436 SyncActivityProfilerHandler.cpp:52] profiler_startUSDT:2026-08-25 02:49:25 435:435 SyncActivityProfilerHandler.cpp:52] profiler_startUSDT:2026-08-25 02:49:25 433:433 SyncActivityProfilerHandler.cpp:52] profiler_startUSDT:2026-08-25 02:49:25 437:437 SyncActivityProfilerHandler.cpp:52] profiler_startUSDT:2026-08-25 02:49:25 431:431 SyncActivityProfilerHandler.cpp:52] profiler_startUSDT:2026-08-25 02:49:25 434:434 SyncActivityProfilerHandler.cpp:52] profiler_start





USDT:2026-08-25 02:49:25 432:432 SyncActivityProfilerHandler.cpp:52] profiler_startUSDT:2026-08-25 02:49:25 438:438 SyncActivityProfilerHandler.cpp:52] profiler_start

Elastic buffer uses 4 channels per SM
Elastic buffer uses 4 channels per SM
Elastic buffer uses 4 channels per SM
Elastic buffer uses 4 channels per SM
Elastic buffer uses 4 channels per SM
Elastic buffer uses 4 channels per SM
Elastic buffer uses 4 channels per SM
Elastic buffer uses 4 channels per SM
Elastic buffer uses 4 channels per SM
Elastic buffer uses 4 channels per SM
Elastic buffer uses 4 channels per SM
Elastic buffer uses 4 channels per SM
Elastic buffer uses 4 channels per SM
Elastic buffer uses 4 channels per SM
Elastic buffer uses 4 channels per SM
Elastic buffer uses 4 channels per SM
Elastic buffer uses 4 channels per SM
Elastic buffer uses 4 channels per SM
Elastic buffer uses 4 channels per SM
Elastic buffer uses 4 channels per SM
Elastic buffer uses 4 channels per SM
Elastic buffer uses 4 channels per SM
Elastic buffer uses 4 channels per SM
Elastic buffer uses 4 channels per SM
Elastic buffer uses 4 channels per SM
Elastic buffer uses 4 channels per SM
Elastic buffer uses 4 channels per SM
Elastic buffer uses 4 channels per SM
Elastic buffer uses 4 channels per SM
Elastic buffer uses 4 channels per SM
Elastic buffer uses 4 channels per SM
Elastic buffer uses 4 channels per SM
Elastic buffer uses 4 channels per SM
Elastic buffer uses 4 channels per SM
Elastic buffer uses 4 channels per SM
Elastic buffer uses 4 channels per SM
Elastic buffer uses 4 channels per SM
Elastic buffer uses 4 channels per SM
Elastic buffer uses 4 channels per SM
Elastic buffer uses 4 channels per SM
Elastic buffer uses 4 channels per SM
Elastic buffer uses 4 channels per SM
Elastic buffer uses 4 channels per SM
Elastic buffer uses 4 channels per SM
Elastic buffer uses 4 channels per SM
Elastic buffer uses 4 channels per SM
Elastic buffer uses 4 channels per SM
Elastic buffer uses 4 channels per SM
Elastic buffer uses 4 channels per SM
Elastic buffer uses 4 channels per SM
Elastic buffer uses 4 channels per SM
Elastic buffer uses 4 channels per SM
Elastic buffer uses 4 channels per SM
Elastic buffer uses 4 channels per SM
Elastic buffer uses 4 channels per SM
Elastic buffer uses 4 channels per SM
Elastic buffer uses 4 channels per SM
Elastic buffer uses 4 channels per SM
Elastic buffer uses 4 channels per SM
Elastic buffer uses 4 channels per SM
Elastic buffer uses 4 channels per SM
Elastic buffer uses 4 channels per SM
Elastic buffer uses 4 channels per SM
Elastic buffer uses 4 channels per SM
Elastic buffer uses 4 channels per SM
Elastic buffer uses 4 channels per SM
Elastic buffer uses 4 channels per SM
Elastic buffer uses 4 channels per SM
Elastic buffer uses 4 channels per SM
Elastic buffer uses 4 channels per SM
Elastic buffer uses 4 channels per SM
Elastic buffer uses 4 channels per SM
Elastic buffer uses 4 channels per SM
Elastic buffer uses 4 channels per SM
Elastic buffer uses 4 channels per SM
Elastic buffer uses 4 channels per SM
Elastic buffer uses 4 channels per SM
Elastic buffer uses 4 channels per SM
Elastic buffer uses 4 channels per SM
Elastic buffer uses 4 channels per SM
Elastic buffer uses 4 channels per SM
Elastic buffer uses 4 channels per SM
Elastic buffer uses 4 channels per SM
Elastic buffer uses 4 channels per SM
Elastic buffer uses 4 channels per SM
Elastic buffer uses 4 channels per SM
Elastic buffer uses 4 channels per SM
Elastic buffer uses 4 channels per SM
Elastic buffer uses 4 channels per SM
Elastic buffer uses 4 channels per SM
Elastic buffer uses 4 channels per SM
Elastic buffer uses 4 channels per SM
Elastic buffer uses 4 channels per SM
Elastic buffer uses 4 channels per SM
Elastic buffer uses 4 channels per SM
Elastic buffer uses 4 channels per SM
Elastic buffer uses 4 channels per SM
Elastic buffer uses 4 channels per SM
Elastic buffer uses 4 channels per SM
Elastic buffer uses 4 channels per SM
Elastic buffer uses 4 channels per SM
Elastic buffer uses 4 channels per SM
Elastic buffer uses 4 channels per SM
Elastic buffer uses 4 channels per SM
Elastic buffer uses 4 channels per SM
Elastic buffer uses 4 channels per SM
Elastic buffer uses 4 channels per SM
Elastic buffer uses 4 channels per SM
Elastic buffer uses 4 channels per SM
Elastic buffer uses 4 channels per SM
Elastic buffer uses 4 channels per SM
Elastic buffer uses 4 channels per SM
Elastic buffer uses 4 channels per SM
Elastic buffer uses 4 channels per SM
Elastic buffer uses 4 channels per SM
Elastic buffer uses 4 channels per SM
Elastic buffer uses 4 channels per SM
Elastic buffer uses 4 channels per SM
Elastic buffer uses 4 channels per SM
Elastic buffer uses 4 channels per SM
Elastic buffer uses 4 channels per SM
Elastic buffer uses 4 channels per SM
Elastic buffer uses 4 channels per SM
Elastic buffer uses 4 channels per SM
Elastic buffer uses 4 channels per SM
Elastic buffer uses 4 channels per SM
Elastic buffer uses 4 channels per SM
Elastic buffer uses 4 channels per SM
Elastic buffer uses 4 channels per SM
Elastic buffer uses 4 channels per SM
Elastic buffer uses 4 channels per SM
Elastic buffer uses 4 channels per SM
Elastic buffer uses 4 channels per SM
Elastic buffer uses 4 channels per SM
Elastic buffer uses 4 channels per SM
Elastic buffer uses 4 channels per SM
Elastic buffer uses 4 channels per SM
Elastic buffer uses 4 channels per SM
Elastic buffer uses 4 channels per SM
Elastic buffer uses 4 channels per SM
Elastic buffer uses 4 channels per SM
Elastic buffer uses 4 channels per SM
Elastic buffer uses 4 channels per SM
Elastic buffer uses 4 channels per SM
Elastic buffer uses 4 channels per SM
Elastic buffer uses 4 channels per SM
Elastic buffer uses 4 channels per SM
Elastic buffer uses 4 channels per SM
Elastic buffer uses 4 channels per SM
Elastic buffer uses 4 channels per SM
Elastic buffer uses 4 channels per SM
Elastic buffer uses 4 channels per SM
Elastic buffer uses 4 channels per SM
Elastic buffer uses 4 channels per SM
Elastic buffer uses 4 channels per SM
Elastic buffer uses 4 channels per SM
Elastic buffer uses 4 channels per SM
Elastic buffer uses 4 channels per SM
Elastic buffer uses 4 channels per SM
Elastic buffer uses 4 channels per SM
Elastic buffer uses 4 channels per SM
Elastic buffer uses 4 channels per SM
Elastic buffer uses 4 channels per SM
Elastic buffer uses 4 channels per SM
Elastic buffer uses 4 channels per SM
Elastic buffer uses 4 channels per SM
Elastic buffer uses 4 channels per SM
Elastic buffer uses 4 channels per SM
Elastic buffer uses 4 channels per SM
Elastic buffer uses 4 channels per SM
Elastic buffer uses 4 channels per SM
Elastic buffer uses 4 channels per SM
Elastic buffer uses 4 channels per SM
Elastic buffer uses 4 channels per SM
Elastic buffer uses 4 channels per SM
Elastic buffer uses 4 channels per SM
Elastic buffer uses 4 channels per SM
Elastic buffer uses 4 channels per SM
Elastic buffer uses 4 channels per SM
Elastic buffer uses 4 channels per SM
Elastic buffer uses 4 channels per SM
Elastic buffer uses 4 channels per SM
Elastic buffer uses 4 channels per SM
Elastic buffer uses 4 channels per SM
Elastic buffer uses 4 channels per SM
Elastic buffer uses 4 channels per SM
Elastic buffer uses 4 channels per SM
Elastic buffer uses 4 channels per SM
Elastic buffer uses 4 channels per SM
Elastic buffer uses 4 channels per SM
Elastic buffer uses 4 channels per SM
Elastic buffer uses 4 channels per SM
Elastic buffer uses 4 channels per SM
Elastic buffer uses 4 channels per SM
Elastic buffer uses 4 channels per SM
Elastic buffer uses 4 channels per SM
Elastic buffer uses 4 channels per SM
Elastic buffer uses 4 channels per SM
Elastic buffer uses 4 channels per SM
Elastic buffer uses 4 channels per SM
Elastic buffer uses 4 channels per SM
Elastic buffer uses 4 channels per SM
Elastic buffer uses 4 channels per SM
Elastic buffer uses 4 channels per SM
Elastic buffer uses 4 channels per SM
Elastic buffer uses 4 channels per SM
Elastic buffer uses 4 channels per SM
Elastic buffer uses 4 channels per SM
Elastic buffer uses 4 channels per SM
Elastic buffer uses 4 channels per SM
Elastic buffer uses 4 channels per SM
Elastic buffer uses 4 channels per SM
Elastic buffer uses 4 channels per SM
Elastic buffer uses 4 channels per SM
Elastic buffer uses 4 channels per SM
Elastic buffer uses 4 channels per SM
Elastic buffer uses 4 channels per SM
Elastic buffer uses 4 channels per SM
Elastic buffer uses 4 channels per SM
Elastic buffer uses 4 channels per SM
Elastic buffer uses 4 channels per SM
Elastic buffer uses 4 channels per SM
Elastic buffer uses 4 channels per SM
Elastic buffer uses 4 channels per SM
Elastic buffer uses 4 channels per SM
Elastic buffer uses 4 channels per SM
Elastic buffer uses 4 channels per SM
Elastic buffer uses 4 channels per SM
Elastic buffer uses 4 channels per SM
Elastic buffer uses 4 channels per SM
Elastic buffer uses 4 channels per SM
Elastic buffer uses 4 channels per SM
Elastic buffer uses 4 channels per SM
Elastic buffer uses 4 channels per SM
Elastic buffer uses 4 channels per SM
Elastic buffer uses 4 channels per SM
Elastic buffer uses 4 channels per SM
Elastic buffer uses 4 channels per SM
Elastic buffer uses 4 channels per SM
Elastic buffer uses 4 channels per SM
USDT:2026-08-25 02:49:25 433:433 SyncActivityProfilerHandler.cpp:59] profiler_stopUSDT:2026-08-25 02:49:25 435:435 SyncActivityProfilerHandler.cpp:59] profiler_stopUSDT:2026-08-25 02:49:25 436:436 SyncActivityProfilerHandler.cpp:59] profiler_stopUSDT:2026-08-25 02:49:25 431:431 SyncActivityProfilerHandler.cpp:59] profiler_stopUSDT:2026-08-25 02:49:25 434:434 SyncActivityProfilerHandler.cpp:59] profiler_stopUSDT:2026-08-25 02:49:25 437:437 SyncActivityProfilerHandler.cpp:59] profiler_stop





USDT:2026-08-25 02:49:25 432:432 SyncActivityProfilerHandler.cpp:59] profiler_stopUSDT:2026-08-25 02:49:25 438:438 SyncActivityProfilerHandler.cpp:59] profiler_stop

   # EP:  20/32 | cached dispatch: 3 GB/s (SO), 6 GB/s (SU), 1017.000 us, 6072768 bytes | copy: 185 GB/s, 65.754 us
   # EP:  16/32 | cached dispatch: 3 GB/s (SO), 6 GB/s (SU), 1017.000 us, 6342336 bytes | copy: 45 GB/s, 280.634 us
   # EP:  21/32 | cached dispatch: 3 GB/s (SO), 6 GB/s (SU), 1017.000 us, 6155136 bytes | copy: 47 GB/s, 260.518 us
   # EP:  18/32 | cached dispatch: 3 GB/s (SO), 6 GB/s (SU), 1017.000 us, 5885568 bytes | copy: 2776 GB/s, 4.240 us
   # EP:  22/32 | cached dispatch: 3 GB/s (SO), 6 GB/s (SU), 1017.000 us, 6289920 bytes | copy: 44 GB/s, 287.836 us
   # EP:  19/32 | cached dispatch: 3 GB/s (SO), 6 GB/s (SU), 1017.000 us, 6289920 bytes | copy: 44 GB/s, 285.433 us
   # EP:  17/32 | cached dispatch: 3 GB/s (SO), 6 GB/s (SU), 1017.000 us, 6327360 bytes | copy: 51 GB/s, 249.274 us
   # EP:  23/32 | cached dispatch: 3 GB/s (SO), 6 GB/s (SU), 1017.000 us, 6200064 bytes | copy: 43 GB/s, 290.142 us
USDT:2026-08-25 02:49:25 436:436 SyncActivityProfilerHandler.cpp:52] profiler_startUSDT:2026-08-25 02:49:25 434:434 SyncActivityProfilerHandler.cpp:52] profiler_startUSDT:2026-08-25 02:49:25 437:437 SyncActivityProfilerHandler.cpp:52] profiler_start


USDT:2026-08-25 02:49:25 435:435 SyncActivityProfilerHandler.cpp:52] profiler_start
USDT:2026-08-25 02:49:25 433:433 SyncActivityProfilerHandler.cpp:52] profiler_start
USDT:2026-08-25 02:49:25 431:431 SyncActivityProfilerHandler.cpp:52] profiler_start
USDT:2026-08-25 02:49:25 438:438 SyncActivityProfilerHandler.cpp:52] profiler_startUSDT:2026-08-25 02:49:25 432:432 SyncActivityProfilerHandler.cpp:52] profiler_start

USDT:2026-08-25 02:49:26 436:436 SyncActivityProfilerHandler.cpp:59] profiler_stop
USDT:2026-08-25 02:49:26 437:437 SyncActivityProfilerHandler.cpp:59] profiler_stop
USDT:2026-08-25 02:49:26 435:435 SyncActivityProfilerHandler.cpp:59] profiler_stopUSDT:2026-08-25 02:49:26 434:434 SyncActivityProfilerHandler.cpp:59] profiler_stop
USDT:2026-08-25 02:49:26 431:431 SyncActivityProfilerHandler.cpp:59] profiler_stop

USDT:2026-08-25 02:49:26 432:432 SyncActivityProfilerHandler.cpp:59] profiler_stop
USDT:2026-08-25 02:49:26 438:438 SyncActivityProfilerHandler.cpp:59] profiler_stop
USDT:2026-08-25 02:49:26 433:433 SyncActivityProfilerHandler.cpp:59] profiler_stop
   @ EP:  20/32 | combine: 14 GB/s (SO), 30 GB/s (SU), 387.809 us, 11652448 bytes | reduce: 1053 GB/s, 6.742 us   @ EP:  21/32 | combine: 18 GB/s (SO), 38 GB/s (SU), 313.135 us, 11810496 bytes | reduce: 1009 GB/s, 7.074 us

   @ EP:  22/32 | combine: 17 GB/s (SO), 37 GB/s (SU), 325.248 us, 12069120 bytes | reduce: 964 GB/s, 7.259 us
   @ EP:  19/32 | combine: 18 GB/s (SO), 38 GB/s (SU), 321.082 us, 12069120 bytes | reduce: 1023 GB/s, 7.035 us
   @ EP:  16/32 | combine: 15 GB/s (SO), 31 GB/s (SU), 391.270 us, 12169696 bytes | reduce: 1029 GB/s, 7.122 us
   @ EP:  18/32 | combine: 15 GB/s (SO), 29 GB/s (SU), 388.384 us, 11293248 bytes | reduce: 1043 GB/s, 6.928 us
   @ EP:  23/32 | combine: 17 GB/s (SO), 37 GB/s (SU), 320.241 us, 11896704 bytes | reduce: 1024 GB/s, 6.765 us
   @ EP:  17/32 | combine: 17 GB/s (SO), 36 GB/s (SU), 333.061 us, 12140960 bytes | reduce: 953 GB/s, 7.661 us
USDT:2026-08-25 02:49:26 436:436 SyncActivityProfilerHandler.cpp:52] profiler_start
USDT:2026-08-25 02:49:26 437:437 SyncActivityProfilerHandler.cpp:52] profiler_start
USDT:2026-08-25 02:49:26 434:434 SyncActivityProfilerHandler.cpp:52] profiler_start
USDT:2026-08-25 02:49:26 435:435 SyncActivityProfilerHandler.cpp:52] profiler_start
USDT:2026-08-25 02:49:26 431:431 SyncActivityProfilerHandler.cpp:52] profiler_start
USDT:2026-08-25 02:49:26 433:433 SyncActivityProfilerHandler.cpp:52] profiler_start
USDT:2026-08-25 02:49:26 438:438 SyncActivityProfilerHandler.cpp:52] profiler_startUSDT:2026-08-25 02:49:26 432:432 SyncActivityProfilerHandler.cpp:52] profiler_start

USDT:2026-08-25 02:49:26 436:436 SyncActivityProfilerHandler.cpp:59] profiler_stop
USDT:2026-08-25 02:49:26 437:437 SyncActivityProfilerHandler.cpp:59] profiler_stop
USDT:2026-08-25 02:49:26 434:434 SyncActivityProfilerHandler.cpp:59] profiler_stop
USDT:2026-08-25 02:49:26 435:435 SyncActivityProfilerHandler.cpp:59] profiler_stop
USDT:2026-08-25 02:49:26 431:431 SyncActivityProfilerHandler.cpp:59] profiler_stop
USDT:2026-08-25 02:49:26 433:433 SyncActivityProfilerHandler.cpp:59] profiler_stop
USDT:2026-08-25 02:49:26 432:432 SyncActivityProfilerHandler.cpp:59] profiler_stopUSDT:2026-08-25 02:49:26 438:438 SyncActivityProfilerHandler.cpp:59] profiler_stop

   + EP:  20/32 | reduced combine: 14 GB/s (SO), 29 GB/s (SU), 396.225 us, 11652448 bytes | reduce: 1011 GB/s, 7.019 us
   + EP:  21/32 | reduced combine: 17 GB/s (SO), 36 GB/s (SU), 324.831 us, 11810496 bytes | reduce: 993 GB/s, 7.188 us
   + EP:  22/32 | reduced combine: 16 GB/s (SO), 36 GB/s (SU), 334.140 us, 12069120 bytes | reduce: 989 GB/s, 7.075 us
   + EP:  19/32 | reduced combine: 17 GB/s (SO), 37 GB/s (SU), 330.104 us, 12069120 bytes | reduce: 1030 GB/s, 6.988 us
   + EP:  18/32 | reduced combine: 14 GB/s (SO), 27 GB/s (SU), 417.793 us, 11293248 bytes | reduce: 1037 GB/s, 6.969 us
   + EP:  16/32 | reduced combine: 14 GB/s (SO), 30 GB/s (SU), 409.272 us, 12169696 bytes | reduce: 1030 GB/s, 7.116 us
   + EP:  23/32 | reduced combine: 16 GB/s (SO), 36 GB/s (SU), 329.146 us, 11896704 bytes | reduce: 1002 GB/s, 6.912 us
   + EP:  17/32 | reduced combine: 16 GB/s (SO), 34 GB/s (SU), 357.884 us, 12140960 bytes | reduce: 940 GB/s, 7.765 us

Elastic buffer uses 4 channels per SM
Elastic buffer uses 4 channels per SM
Elastic buffer uses 4 channels per SM
Elastic buffer uses 4 channels per SM
Elastic buffer uses 4 channels per SM
Elastic buffer uses 4 channels per SM
Elastic buffer uses 4 channels per SM
Elastic buffer uses 4 channels per SM
CPU side received count (scaleup: 2): -115 -98 -87 -92 -100 -87 -112 -103 # -129 -129 -129 -129 -129 -129 -129 -129 
CPU side received count (scaleup: 6): -108 -123 -98 -110 -114 -88 -104 -103 # -129 -129 -129 -129 -129 -129 -129 -129 
CPU side received count (scaleup: 1): -107 -121 -115 -113 -99 -106 -82 -110 # -129 -129 -257 -129 -129 -257 -129 -129 
CPU side received count (scaleup: 3): -97 -109 -129 -92 -109 -117 -93 -102 # -129 -129 -129 -129 -129 -129 -129 -129 
CPU side received count (scaleup: 4): -100 -117 -97 -95 -96 -102 -108 -104 # -129 -129 -129 -129 -257 -129 -129 -129 
CPU side received count (scaleup: 0): -110 -100 -114 -101 -99 -124 -107 -100 # -129 -129 -129 -129 -129 -129 -257 -257 
CPU side received count (scaleup: 5): -102 -105 -118 -116 -96 -92 -96 -105 # -129 -129 -257 -129 -129 -129 -129 -129 
CPU side received count (scaleup: 7): -119 -101 -107 -98 -116 -104 -101 -90 # -257 -129 -129 -129 -129 -129 -129 -129 

