=== EP_NIC_NAME=rdmap110s0 (auto, 200 Gb/s) ===
+ docker run --rm --gpus all --privileged --network=host --ipc=host --ulimit memlock=-1 --ulimit stack=67108864 --device=/dev/infiniband --device=/dev/gdrdrv -v /sys/class/infiniband:/sys/class/infiniband:ro -e MASTER_ADDR=172.31.20.74 -e MASTER_PORT=29533 -e WORLD_SIZE=2 -e RANK=1 -e NCCL_DEBUG=WARN -e EP_NIC_NAME=rdmap110s0 -e EP_BUFFER_DEBUG=1 -e PYTHONUNBUFFERED=1 -e PYTHONFAULTHANDLER=1 deepep-v2-efa-official:dev bash -lc 'timeout -s ABRT --kill-after=60 1500     python3 -u /opt/DeepEP/tests/elastic/test_ep.py     --num-processes=8 --num-tokens=8192     --hidden=7168 --num-topk=8 --num-experts=256     --num-sms=12 --allow-hybrid-mode=1     --prefer-overlap-with-compute=0 --test-first-only      --num-allocated-qps 5'

==========
== CUDA ==
==========

CUDA Version 13.0.2

Container image Copyright (c) 2016-2023, NVIDIA CORPORATION & AFFILIATES. All rights reserved.

This container image and its contents are governed by the NVIDIA Deep Learning Container License.
By pulling and using the container, you accept the terms and conditions of this license:
https://developer.nvidia.com/ngc/nvidia-deep-learning-container-license

A copy of this license is made available in this container at /NGC-DL-CONTAINER-LICENSE for your convenience.

DeepEP hybrid kernel selection: unordered
DeepEP hybrid kernel selection: unordered
DeepEP hybrid kernel selection: unordered
Initializing EP elastic buffer with 2720006144 bytes (cpu: 0) at rank EP 11/16
DeepEP hybrid kernel selection: unordered
DeepEP hybrid kernel selection: unordered
DeepEP hybrid kernel selection: unordered
Initializing EP elastic buffer with 2720006144 bytes (cpu: 0) at rank EP 13/16Initializing EP elastic buffer with 2720006144 bytes (cpu: 0) at rank EP 15/16

Initializing EP elastic buffer with 2720006144 bytes (cpu: 0) at rank EP 14/16Initializing EP elastic buffer with 2720006144 bytes (cpu: 0) at rank EP 12/16
DeepEP hybrid kernel selection: unordered
Initializing EP elastic buffer with 2720006144 bytes (cpu: 0) at rank EP 9/16

DeepEP hybrid kernel selection: unordered
Initializing EP elastic buffer with 2720006144 bytes (cpu: 0) at rank EP 8/16
Initializing EP elastic buffer with 2720006144 bytes (cpu: 0) at rank EP 10/16
DeepEP initialized with NCCL version: 2.31.2 (loaded library)
EP NCCL device communicator has 5 allocated QPs
DeepEP hybrid kernel selection: unordered
GIN layout: gin_context_cnt=5, gin_indexed_signals_cnt=49, num_qp=5
DeepEP initialized with NCCL version: 2.31.2 (loaded library)
DeepEP initialized with NCCL version: 2.31.2 (loaded library)
EP NCCL device communicator has 5 allocated QPs
EP NCCL device communicator has 5 allocated QPs
DeepEP hybrid kernel selection: unordered
DeepEP hybrid kernel selection: unordered
GIN layout: gin_context_cnt=5, gin_indexed_signals_cnt=49, num_qp=5
GIN layout: gin_context_cnt=5, gin_indexed_signals_cnt=49, num_qp=5
DeepEP initialized with NCCL version: 2.31.2 (loaded library)
EP NCCL device communicator has 5 allocated QPs
DeepEP initialized with NCCL version: 2.31.2 (loaded library)
DeepEP hybrid kernel selection: unordered
DeepEP initialized with NCCL version: 2.31.2 (loaded library)
EP NCCL device communicator has 5 allocated QPs
EP NCCL device communicator has 5 allocated QPs
GIN layout: gin_context_cnt=5, gin_indexed_signals_cnt=49, num_qp=5
DeepEP hybrid kernel selection: unordered
GIN layout: gin_context_cnt=5, gin_indexed_signals_cnt=49, num_qp=5
DeepEP hybrid kernel selection: unordered
GIN layout: gin_context_cnt=5, gin_indexed_signals_cnt=49, num_qp=5
DeepEP initialized with NCCL version: 2.31.2 (loaded library)
EP NCCL device communicator has 5 allocated QPs
DeepEP initialized with NCCL version: 2.31.2 (loaded library)
DeepEP hybrid kernel selection: unordered
EP NCCL device communicator has 5 allocated QPs
GIN layout: gin_context_cnt=5, gin_indexed_signals_cnt=49, num_qp=5
DeepEP hybrid kernel selection: unordered
GIN layout: gin_context_cnt=5, gin_indexed_signals_cnt=49, num_qp=5
Config:
 > Ranks: 2 x 8
 > Experts: 8/256
 > Tokens: 8184 (max: 8192), hidden: 7168
 > #SM: 12, #QPs: 5/5

Running all test cases:
 > Testing with do_handle_copy=1, expert_alignment=128, use_fp8_dispatch=1, num_bias=0, with_previous_event=0, async_with_compute_stream=0, allocate_on_comm_stream=0 ...
Elastic buffer uses 4 channels per SM
Elastic buffer uses 4 channels per SM
Elastic buffer uses 4 channels per SM
Elastic buffer uses 4 channels per SM
Elastic buffer uses 4 channels per SM
Elastic buffer uses 4 channels per SM
Elastic buffer uses 4 channels per SM
Elastic buffer uses 4 channels per SM
CPU side received count (scaleup: 2): -6659 -6640 -6836 -6721 -6729 -6650 -6741 -6623 # -4097 -4097 -4225 -4225 -4225 -4097 -409CPU side received count (scaleup: 6): -6669 -6702 -6666 -6661 -6690 -6661 -6705 -6743 # -4225 -4097 -4225 -4225 -4225 -4225 -409CPU side received count (scaleup: 7): -6733 -6671 -6738 -6718 -6771 -6676 -6664 -6710 # -4225 -4225 -4225 -4225 -4097 -4097 -409CPU side received count (scaleup: 5): -6681 -6646 -6837 -6635 -6563 -6625 -6615 -6655 # -4225 -4097 -4225 -4097 -4225 -4097 -396CPU side received count (scaleup: 0): -6725 -6705 -6696 -6692 -6675 -6737 -6653 -6566 # -4097 -4225 -4225 -4225 -4097 -4097 -422CPU side received count (scaleup: 4): -6689 -6699 -6765 -6714 -6640 -6706 -6649 -6752 # -4225 -4097 -4225 -4097 -4097 -4225 -422CPU side received count (scaleup: 3): -6754 -6645 -6526 -6612 -6805 -6585 -6802 -6725 # -4097 -4225 -4353 -4097 -4097 -4225 -4097 -4097 -4225 -4097 -4225 -4097 -4097 -4225 -4225 -4097 
7 -4097 -4225 -4097 -4225 -4225 -4225 -4225 -4225 -4097 
7 -4225 -4225 -4225 -4097 -4225 -4097 -4097 -4353 -4225 
9 -4097 -4225 -4097 -4225 -4097 -4225 -4225 -4097 -4097 
5 -4225 -4225 -4225 -4097 -4225 -4225 -4097 -4225 -4097 
5 -4225 -4225 -4225 -4097 -4097 -4225 -4225 -4097 -4225 
7 -4225 -4225 -4097 -4225 -4225 -4097 -4097 -4097 -4225 
CPU side received count (scaleup: 1): -6712 -6615 -6748 -6629 -6555 -6709 -6626 -6672 # -4225 -4225 -4097 -4097 -4097 -4097 -4225 -4225 -4097 -3969 -4225 -4097 -4097 -4097 -4097 -4097 
Elastic buffer uses 4 channels per SM
Elastic buffer uses 4 channels per SM
Elastic buffer uses 4 channels per SM
Elastic buffer uses 4 channels per SM
Elastic buffer uses 4 channels per SM
Elastic buffer uses 4 channels per SM
Elastic buffer uses 4 channels per SM
Elastic buffer uses 4 channels per SM
CPU side received count (scaleup: 3): -6754 -6645 -6526 -6612 -6805 -6585 -6802 -6725 # -4097 -4225 -4353 -4097 -4097 -4225 -409CPU side received count (scaleup: 4): -6689 -6699 -6765 -6714 -6640 -6706 -6649 -6752 # -4225 -4097 -4225 -4097 -4097 -4225 -422CPU side received count (scaleup: 7): -6733 -6671 -6738 -6718 -6771 -6676 -6664 -6710 # -4225 -4225 -4225 -4225 -4097 -4097 -409CPU side received count (scaleup: 0): -6725 -6705 -6696 -6692 -6675 -6737 -6653 -6566 # -4097 -4225 -4225 -4225 -4097 -4097 -422CPU side received count (scaleup: 6): -6669 -6702 -6666 -6661 -6690 -6661 -6705 -6743 # -4225 -4097 -4225 -4225 -4225 -4225 -409CPU side received count (scaleup: 5): -6681 -6646 -6837 -6635 -6563 -6625 -6615 -6655 # -4225 -4097 -4225 -4097 -4225 -4097 -396CPU side received count (scaleup: 1): -6712 -6615 -6748 -6629 -6555 -6709 -6626 -6672 # -4225 -4225 -4097 -4097 -4097 -4097 -4225 -4225 -4225 -4225 -4097 -4097 -4225 -4225 -4097 -4225 
7 -4225 -4225 -4097 -4225 -4225 -4097 -4097 -4097 -4225 
7 -4225 -4225 -4225 -4097 -4225 -4097 -4097 -4353 -4225 
5 -4225 -4225 -4225 -4097 -4225 -4225 -4097 -4225 -4097 
CPU side received count (scaleup: 2): -6659 -6640 -6836 -6721 -6729 -6650 -6741 -6623 # -4097 -4097 -4225 -4225 -4225 -4097 -4097 -4097 -4225 -4097 -4225 -4097 -4097 -4225 -4225 -4097 
9 -4097 -4225 -4097 -4225 -4097 -4225 -4225 -4097 -4097 
5 -4225 -4097 -3969 -4225 -4097 -4097 -4097 -4097 -4097 
7 -4097 -4225 -4097 -4225 -4225 -4225 -4225 -4225 -4097 
Elastic buffer uses 4 channels per SM
Elastic buffer uses 4 channels per SM
Elastic buffer uses 4 channels per SM
Elastic buffer uses 4 channels per SM
Elastic buffer uses 4 channels per SM
Elastic buffer uses 4 channels per SM
Elastic buffer uses 4 channels per SM
Elastic buffer uses 4 channels per SM
Elastic buffer uses 4 channels per SM
Elastic buffer uses 4 channels per SM
Elastic buffer uses 4 channels per SM
Elastic buffer uses 4 channels per SM
Elastic buffer uses 4 channels per SM
Elastic buffer uses 4 channels per SM
Elastic buffer uses 4 channels per SM
Elastic buffer uses 4 channels per SM
Elastic buffer uses 4 channels per SM
Elastic buffer uses 4 channels per SM
Elastic buffer uses 4 channels per SM
Elastic buffer uses 4 channels per SM
Elastic buffer uses 4 channels per SM
Elastic buffer uses 4 channels per SM
Elastic buffer uses 4 channels per SM
Elastic buffer uses 4 channels per SM
CPU side received count (scaleup: 0): -6725 -6705 -6696 -6692 -6675 -6737 -6653 -6566 # -4097 -4225 -4225 -4225 -4097 -4097 -422CPU side received count (scaleup: 3): -6754 -6645 -6526 -6612 -6805 -6585 -6802 -6725 # -4097 -4225 -4353 -4097 -4097 -4225 -409CPU side received count (scaleup: 6): -6669 -6702 -6666 -6661 -6690 -6661 -6705 -6743 # -4225 -4097 -4225 -4225 -4225 -4225 -409CPU side received count (scaleup: 2): -6659 -6640 -6836 -6721 -6729 -6650 -6741 -6623 # -4097 -4097 -4225 -4225 -4225 -4097 -4097 -4225 -4225 -4097 -4225 -4225 -4097 -4097 -4097 -4225 
5 -4225 -4225 -4225 -4097 -4225 -4225 -4097 -4225 -4097 
CPU side received count (scaleup: 5): -6681 -6646 -6837 -6635 -6563 -6625 -6615 -6655 # -4225 -4097 -4225 -4097 -4225 -4097 -3967 -4097 -4225 -4097 -4225 -4225 -4225 -4225 -4225 -4097 
CPU side received count (scaleup: 1): -6712 -6615 -6748 -6629 -6555 -6709 -6626 -6672 # -4225 -4225 -4097 -4097 -4097 -4097 -422CPU side received count (scaleup: 4): -6689 -6699 -6765 -6714 -6640 -6706 -6649 -6752 # -4225 -4097 -4225 -4097 -4097 -4225 -422CPU side received count (scaleup: 7): -6733 -6671 -6738 -6718 -6771 -6676 -6664 -6710 # -4225 -4225 -4225 -4225 -4097 -4097 -4097 -4097 -4225 -4097 -4225 -4097 -4097 -4225 -4225 -4097 
9 -4097 -4225 -4097 -4225 -4097 -4225 -4225 -4097 -4097 
5 -4225 -4097 -3969 -4225 -4097 -4097 -4097 -4097 -4097 
5 -4225 -4225 -4225 -4097 -4097 -4225 -4225 -4097 -4225 
7 -4225 -4225 -4225 -4097 -4225 -4097 -4097 -4353 -4225 
Elastic buffer uses 4 channels per SM
Elastic buffer uses 4 channels per SM
Elastic buffer uses 4 channels per SM
Elastic buffer uses 4 channels per SM
Elastic buffer uses 4 channels per SM
Elastic buffer uses 4 channels per SM
Elastic buffer uses 4 channels per SM
Elastic buffer uses 4 channels per SM
CPU side received count (scaleup: 6): -6669 -6702 -6666 -6661 -6690 -6661 -6705 -6743 # -4225 -4097 -4225 -4225 -4225 -4225 -409CPU side received count (scaleup: 0): -6725 -6705 -6696 -6692 -6675 -6737 -6653 -6566 # -4097 -4225 -4225 -4225 -4097 -4097 -422CPU side received count (scaleup: 1): -6712 -6615 -6748 -6629 -6555 -6709 -6626 -6672 # -4225 -4225 -4097 -4097 -4097 -4097 -422CPU side received count (scaleup: 7): -6733 -6671 -6738 -6718 -6771 -6676 -6664 -6710 # -4225 -4225 -4225 -4225 -4097 -4097 -409CPU side received count (scaleup: 2): -6659 -6640 -6836 -6721 -6729 -6650 -6741 -6623 # -4097 -4097 -4225 -4225 -4225 -4097 -409CPU side received count (scaleup: 3): -6754 -6645 -6526 -6612 -6805 -6585 -6802 -6725 # -4097 -4225 -4353 -4097 -4097 -4225 -4097 -4097 -4225 -4097 -4225 -4097 -4097 -4225 -4225 -4097 
CPU side received count (scaleup: 5): -6681 -6646 -6837 -6635 -6563 -6625 -6615 -6655 # -4225 -4097 -4225 -4097 -4225 -4097 -396CPU side received count (scaleup: 4): -6689 -6699 -6765 -6714 -6640 -6706 -6649 -6752 # -4225 -4097 -4225 -4097 -4097 -4225 -4227 -4225 -4225 -4097 -4225 -4225 -4097 -4097 -4097 -4225 
5 -4225 -4225 -4225 -4097 -4225 -4225 -4097 -4225 -4097 
7 -4225 -4225 -4225 -4097 -4225 -4097 -4097 -4353 -4225 
5 -4225 -4097 -3969 -4225 -4097 -4097 -4097 -4097 -4097 
7 -4097 -4225 -4097 -4225 -4225 -4225 -4225 -4225 -4097 
9 -4097 -4225 -4097 -4225 -4097 -4225 -4225 -4097 -4097 
5 -4225 -4225 -4225 -4097 -4097 -4225 -4225 -4097 -4225 
Elastic buffer uses 4 channels per SM
Elastic buffer uses 4 channels per SM
Elastic buffer uses 4 channels per SM
Elastic buffer uses 4 channels per SM
Elastic buffer uses 4 channels per SM
Elastic buffer uses 4 channels per SM
Elastic buffer uses 4 channels per SM
Elastic buffer uses 4 channels per SM
CPU side received count (scaleup: 2): -6659 -6640 -6836 -6721 -6729 -6650 -6741 -6623 # -4097 -4097 -4225 -4225 -4225 -4097 -409CPU side received count (scaleup: 6): -6669 -6702 -6666 -6661 -6690 -6661 -6705 -6743 # -4225 -4097 -4225 -4225 -4225 -4225 -409CPU side received count (scaleup: 7): -6733 -6671 -6738 -6718 -6771 -6676 -6664 -6710 # -4225 -4225 -4225 -4225 -4097 -4097 -4097 -4097 -4225 -4097 -4225 -4225 -4225 -4225 -4225 -4097 
7 -4097 -4225 -4097 -4225 -4097 -4097 -4225 -4225 -4097 
CPU side received count (scaleup: 3): -6754 -6645 -6526 -6612 -6805 -6585 -6802 -6725 # -4097 -4225 -4353 -4097 -4097 -4225 -4097 -4225 -4225 -4225 -4097 -4225 -4097 -4097 -4353 -4225 
CPU side received count (scaleup: 5): -6681 -6646 -6837 -6635 -6563 -6625 -6615 -6655 # -4225 -4097 -4225 -4097 -4225 -4097 -3967 -4225 -4225 -4097 -4225 -4225 -4097 -4097 -4097 -4225 
9 -4097 -4225 -4097 -4225 -4097 -4225 -4225 -4097 -4097 
CPU side received count (scaleup: 1): -6712 -6615 -6748 -6629 -6555 -6709 -6626 -6672 # -4225 -4225 -4097 -4097 -4097 -4097 -422CPU side received count (scaleup: 0): -6725 -6705 -6696 -6692 -6675 -6737 -6653 -6566 # -4097 -4225 -4225 -4225 -4097 -4097 -4225 -4225 -4097 -3969 -4225 -4097 -4097 -4097 -4097 -4097 
5 -4225 -4225 -4225 -4097 -4225 -4225 -4097 -4225 -4097 
CPU side received count (scaleup: 4): -6689 -6699 -6765 -6714 -6640 -6706 -6649 -6752 # -4225 -4097 -4225 -4097 -4097 -4225 -4225 -4225 -4225 -4225 -4097 -4097 -4225 -4225 -4097 -4225 
Elastic buffer uses 4 channels per SM
Elastic buffer uses 4 channels per SM
Elastic buffer uses 4 channels per SM
Elastic buffer uses 4 channels per SM
Elastic buffer uses 4 channels per SM
Elastic buffer uses 4 channels per SM
Elastic buffer uses 4 channels per SM
Elastic buffer uses 4 channels per SM
CPU side received count (scaleup: 3): -6754 -6645 -6526 -6612 -6805 -6585 -6802 -6725 # -4097 -4225 -4353 -4097 -4097 -4225 -409CPU side received count (scaleup: 2): -6659 -6640 -6836 -6721 -6729 -6650 -6741 -6623 # -4097 -4097 -4225 -4225 -4225 -4097 -409CPU side received count (scaleup: 1): -6712 -6615 -6748 -6629 -6555 -6709 -6626 -6672 # -4225 -4225 -4097 -4097 -4097 -4097 -4227 -4225 -4225 -4097 -4225 -4225 -4097 -4097 -4097 -4225 
5 -4225 -4097 -3969 -4225 -4097 -4097 -4097 -4097 -4097 
CPU side received count (scaleup: 7): -6733 -6671 -6738 -6718 -6771 -6676 -6664 -6710 # -4225 -4225 -4225 -4225 -4097 -4097 -409CPU side received count (scaleup: 0): -6725 -6705 -6696 -6692 -6675 -6737 -6653 -6566 # -4097 -4225 -4225 -4225 -4097 -4097 -422CPU side received count (scaleup: 6): -6669 -6702 -6666 -6661 -6690 -6661 -6705 -6743 # -4225 -4097 -4225 -4225 -4225 -4225 -409CPU side received count (scaleup: 4): -6689 -6699 -6765 -6714 -6640 -6706 -6649 -6752 # -4225 -4097 -4225 -4097 -4097 -4225 -422CPU side received count (scaleup: 5): -6681 -6646 -6837 -6635 -6563 -6625 -6615 -6655 # -4225 -4097 -4225 -4097 -4225 -4097 -3967 -4097 -4225 -4097 -4225 -4225 -4225 -4225 -4225 -4097 
7 -4225 -4225 -4225 -4097 -4225 -4097 -4097 -4353 -4225 
5 -4225 -4225 -4225 -4097 -4097 -4225 -4225 -4097 -4225 
9 -4097 -4225 -4097 -4225 -4097 -4225 -4225 -4097 -4097 
5 -4225 -4225 -4225 -4097 -4225 -4225 -4097 -4225 -4097 
7 -4097 -4225 -4097 -4225 -4097 -4097 -4225 -4225 -4097 
Elastic buffer uses 4 channels per SM
Elastic buffer uses 4 channels per SM
Elastic buffer uses 4 channels per SM
Elastic buffer uses 4 channels per SM
Elastic buffer uses 4 channels per SM
Elastic buffer uses 4 channels per SM
Elastic buffer uses 4 channels per SM
Elastic buffer uses 4 channels per SM
CPU side received count (scaleup: 3): -6754 -6645 -6526 -6612 -6805 -6585 -6802 -6725 # -4097 -4225 -4353 -4097 -4097 -4225 -409CPU side received count (scaleup: 1): -6712 -6615 -6748 -6629 -6555 -6709 -6626 -6672 # -4225 -4225 -4097 -4097 -4097 -4097 -422CPU side received count (scaleup: 5): -6681 -6646 -6837 -6635 -6563 -6625 -6615 -6655 # -4225 -4097 -4225 -4097 -4225 -4097 -396CPU side received count (scaleup: 7): -6733 -6671 -6738 -6718 -6771 -6676 -6664 -6710 # -4225 -4225 -4225 -4225 -4097 -4097 -409CPU side received count (scaleup: 4): -6689 -6699 -6765 -6714 -6640 -6706 -6649 -6752 # -4225 -4097 -4225 -4097 -4097 -4225 -422CPU side received count (scaleup: 6): -6669 -6702 -6666 -6661 -6690 -6661 -6705 -6743 # -4225 -4097 -4225 -4225 -4225 -4225 -409CPU side received count (scaleup: 2): -6659 -6640 -6836 -6721 -6729 -6650 -6741 -6623 # -4097 -4097 -4225 -4225 -4225 -4097 -4097 -4225 -4225 -4097 -4225 -4225 -4097 -4097 -4097 -4225 
9 -4097 -4225 -4097 -4225 -4097 -4225 -4225 -4097 -4097 
7 -4225 -4225 -4225 -4097 -4225 -4097 -4097 -4353 -4225 
7 -4097 -4225 -4097 -4225 -4097 -4097 -4225 -4225 -4097 
7 -4097 -4225 -4097 -4225 -4225 -4225 -4225 -4225 -4097 
5 -4225 -4097 -3969 -4225 -4097 -4097 -4097 -4097 -4097 
5 -4225 -4225 -4225 -4097 -4097 -4225 -4225 -4097 -4225 
CPU side received count (scaleup: 0): -6725 -6705 -6696 -6692 -6675 -6737 -6653 -6566 # -4097 -4225 -4225 -4225 -4097 -4097 -4225 -4225 -4225 -4225 -4097 -4225 -4225 -4097 -4225 -4097 
Elastic buffer uses 4 channels per SM
Elastic buffer uses 4 channels per SM
Elastic buffer uses 4 channels per SM
Elastic buffer uses 4 channels per SM
Elastic buffer uses 4 channels per SM
Elastic buffer uses 4 channels per SM
Elastic buffer uses 4 channels per SM
Elastic buffer uses 4 channels per SM
CPU side received count (scaleup: 7): -6733 -6671 -6738 -6718 -6771 -6676 -6664 -6710 # -4225 -4225 -4225 -4225 -4097 -4097 -409CPU side received count (scaleup: 4): -6689 -6699 -6765 -6714 -6640 -6706 -6649 -6752 # -4225 -4097 -4225 -4097 -4097 -4225 -422CPU side received count (scaleup: 2): -6659 -6640 -6836 -6721 -6729 -6650 -6741 -6623 # -4097 -4097 -4225 -4225 -4225 -4097 -409CPU side received count (scaleup: 5): -6681 -6646 -6837 -6635 -6563 -6625 -6615 -6655 # -4225 -4097 -4225 -4097 -4225 -4097 -3965 -4225 -4225 -4225 -4097 -4097 -4225 -4225 -4097 -4225 
CPU side received count (scaleup: 6): -6669 -6702 -6666 -6661 -6690 -6661 -6705 -6743 # -4225 -4097 -4225 -4225 -4225 -4225 -4099 -4097 -4225 -4097 -4225 -4097 -4225 -4225 -4097 -4097 
CPU side received count (scaleup: 1): -6712 -6615 -6748 -6629 -6555 -6709 -6626 -6672 # -4225 -4225 -4097 -4097 -4097 -4097 -422CPU side received count (scaleup: 0): -6725 -6705 -6696 -6692 -6675 -6737 -6653 -6566 # -4097 -4225 -4225 -4225 -4097 -4097 -4227 -4225 -4225 -4225 -4097 -4225 -4097 -4097 -4353 -4225 
7 -4097 -4225 -4097 -4225 -4097 -4097 -4225 -4225 -4097 
7 -4097 -4225 -4097 -4225 -4225 -4225 -4225 -4225 -4097 
CPU side received count (scaleup: 3): -6754 -6645 -6526 -6612 -6805 -6585 -6802 -6725 # -4097 -4225 -4353 -4097 -4097 -4225 -4095 -4225 -4225 -4225 -4097 -4225 -4225 -4097 -4225 -4097 
5 -4225 -4097 -3969 -4225 -4097 -4097 -4097 -4097 -4097 
7 -4225 -4225 -4097 -4225 -4225 -4097 -4097 -4097 -4225 
Elastic buffer uses 4 channels per SM
Elastic buffer uses 4 channels per SM
Elastic buffer uses 4 channels per SM
Elastic buffer uses 4 channels per SM
Elastic buffer uses 4 channels per SM
Elastic buffer uses 4 channels per SM
Elastic buffer uses 4 channels per SM
Elastic buffer uses 4 channels per SM
CPU side received count (scaleup: 3): -6754 -6645 -6526 -6612 -6805 -6585 -6802 -6725 # -4097 -4225 -4353 -4097 -4097 -4225 -409CPU side received count (scaleup: 2): -6659 -6640 -6836 -6721 -6729 -6650 -6741 -6623 # -4097 -4097 -4225 -4225 -4225 -4097 -409CPU side received count (scaleup: 1): -6712 -6615 -6748 -6629 -6555 -6709 -6626 -6672 # -4225 -4225 -4097 -4097 -4097 -4097 -422CPU side received count (scaleup: 4): -6689 -6699 -6765 -6714 -6640 -6706 -6649 -6752 # -4225 -4097 -4225 -4097 -4097 -4225 -4227 -4225 -4225 -4097 -4225 -4225 -4097 -4097 -4097 -4225 
CPU side received count (scaleup: 5): -6681 -6646 -6837 -6635 -6563 -6625 -6615 -6655 # -4225 -4097 -4225 -4097 -4225 -4097 -396CPU side received count (scaleup: 7): -6733 -6671 -6738 -6718 -6771 -6676 -6664 -6710 # -4225 -4225 -4225 -4225 -4097 -4097 -409CPU side received count (scaleup: 0): -6725 -6705 -6696 -6692 -6675 -6737 -6653 -6566 # -4097 -4225 -4225 -4225 -4097 -4097 -4225 -4225 -4225 -4225 -4097 -4097 -4225 -4225 -4097 -4225 
7 -4097 -4225 -4097 -4225 -4225 -4225 -4225 -4225 -4097 
5 -4225 -4097 -3969 -4225 -4097 -4097 -4097 -4097 -4097 
CPU side received count (scaleup: 6): -6669 -6702 -6666 -6661 -6690 -6661 -6705 -6743 # -4225 -4097 -4225 -4225 -4225 -4225 -4099 -4097 -4225 -4097 -4225 -4097 -4225 -4225 -4097 -4097 
7 -4225 -4225 -4225 -4097 -4225 -4097 -4097 -4353 -4225 
5 -4225 -4225 -4225 -4097 -4225 -4225 -4097 -4225 -4097 
7 -4097 -4225 -4097 -4225 -4097 -4097 -4225 -4225 -4097 
Elastic buffer uses 4 channels per SM
Elastic buffer uses 4 channels per SM
Elastic buffer uses 4 channels per SM
Elastic buffer uses 4 channels per SM
Elastic buffer uses 4 channels per SM
Elastic buffer uses 4 channels per SM
Elastic buffer uses 4 channels per SM
Elastic buffer uses 4 channels per SM
CPU side received count (scaleup: 7): -6733 -6671 -6738 -6718 -6771 -6676 -6664 -6710 # -4225 -4225 -4225 -4225 -4097 -4097 -409CPU side received count (scaleup: 2): -6659 -6640 -6836 -6721 -6729 -6650 -6741 -6623 # -4097 -4097 -4225 -4225 -4225 -4097 -409CPU side received count (scaleup: 5): -6681 -6646 -6837 -6635 -6563 -6625 -6615 -6655 # -4225 -4097 -4225 -4097 -4225 -4097 -396CPU side received count (scaleup: 3): -6754 -6645 -6526 -6612 -6805 -6585 -6802 -6725 # -4097 -4225 -4353 -4097 -4097 -4225 -409CPU side received count (scaleup: 4): -6689 -6699 -6765 -6714 -6640 -6706 -6649 -6752 # -4225 -4097 -4225 -4097 -4097 -4225 -422CPU side received count (scaleup: 6): -6669 -6702 -6666 -6661 -6690 -6661 -6705 -6743 # -4225 -4097 -4225 -4225 -4225 -4225 -4097 -4225 -4225 -4225 -4097 -4225 -4097 -4097 -4353 -4225 
7 -4097 -4225 -4097 -4225 -4225 -4225 -4225 -4225 -4097 
9 -4097 -4225 -4097 -4225 -4097 -4225 -4225 -4097 -4097 
7 -4225 -4225 -4097 -4225 -4225 -4097 -4097 -4097 -4225 
5 -4225 -4225 -4225 -4097 -4097 -4225 -4225 -4097 -4225 
7 -4097 -4225 -4097 -4225 -4097 -4097 -4225 -4225 -4097 
CPU side received count (scaleup: 0): -6725 -6705 -6696 -6692 -6675 -6737 -6653 -6566 # -4097 -4225 -4225 -4225 -4097 -4097 -4225 -4225 -4225 -4225 -4097 -4225 -4225 -4097 -4225 -4097 
CPU side received count (scaleup: 1): -6712 -6615 -6748 -6629 -6555 -6709 -6626 -6672 # -4225 -4225 -4097 -4097 -4097 -4097 -4225 -4225 -4097 -3969 -4225 -4097 -4097 -4097 -4097 -4097 
Elastic buffer uses 4 channels per SM
Elastic buffer uses 4 channels per SM
Elastic buffer uses 4 channels per SM
Elastic buffer uses 4 channels per SM
Elastic buffer uses 4 channels per SM
Elastic buffer uses 4 channels per SM
Elastic buffer uses 4 channels per SM
Elastic buffer uses 4 channels per SM
CPU side received count (scaleup: 6): -6669 -6702 -6666 -6661 -6690 -6661 -6705 -6743 # -4225 -4097 -4225 -4225 -4225 -4225 -409CPU side received count (scaleup: 5): -6681 -6646 -6837 -6635 -6563 -6625 -6615 -6655 # -4225 -4097 -4225 -4097 -4225 -4097 -396CPU side received count (scaleup: 7): -6733 -6671 -6738 -6718 -6771 -6676 -6664 -6710 # -4225 -4225 -4225 -4225 -4097 -4097 -409CPU side received count (scaleup: 2): -6659 -6640 -6836 -6721 -6729 -6650 -6741 -6623 # -4097 -4097 -4225 -4225 -4225 -4097 -409CPU side received count (scaleup: 1): -6712 -6615 -6748 -6629 -6555 -6709 -6626 -6672 # -4225 -4225 -4097 -4097 -4097 -4097 -422CPU side received count (scaleup: 4): -6689 -6699 -6765 -6714 -6640 -6706 -6649 -6752 # -4225 -4097 -4225 -4097 -4097 -4225 -4227 -4097 -4225 -4097 -4225 -4097 -4097 -4225 -4225 -4097 
9 -4097 -4225 -4097 -4225 -4097 -4225 -4225 -4097 -4097 
CPU side received count (scaleup: 0): -6725 -6705 -6696 -6692 -6675 -6737 -6653 -6566 # -4097 -4225 -4225 -4225 -4097 -4097 -4227 -4097 -4225 -4097 -4225 -4225 -4225 -4225 -4225 -4097 
7 -4225 -4225 -4225 -4097 -4225 -4097 -4097 -4353 -4225 
5 -4225 -4097 -3969 -4225 -4097 -4097 -4097 -4097 -4097 
5 -4225 -4225 -4225 -4097 -4097 -4225 -4225 -4097 -4225 
CPU side received count (scaleup: 3): -6754 -6645 -6526 -6612 -6805 -6585 -6802 -6725 # -4097 -4225 -4353 -4097 -4097 -4225 -4095 -4225 -4225 -4225 -4097 -4225 -4225 -4097 -4225 -4097 
7 -4225 -4225 -4097 -4225 -4225 -4097 -4097 -4097 -4225 
Elastic buffer uses 4 channels per SM
Elastic buffer uses 4 channels per SM
Elastic buffer uses 4 channels per SM
Elastic buffer uses 4 channels per SM
Elastic buffer uses 4 channels per SM
Elastic buffer uses 4 channels per SM
Elastic buffer uses 4 channels per SM
Elastic buffer uses 4 channels per SM
CPU side received count (scaleup: 3): -6754 -6645 -6526 -6612 -6805 -6585 -6802 -6725 # -4097 -4225 -4353 -4097 -4097 -4225 -409CPU side received count (scaleup: 0): -6725 -6705 -6696 -6692 -6675 -6737 -6653 -6566 # -4097 -4225 -4225 -4225 -4097 -4097 -422CPU side received count (scaleup: 4): -6689 -6699 -6765 -6714 -6640 -6706 -6649 -6752 # -4225 -4097 -4225 -4097 -4097 -4225 -422CPU side received count (scaleup: 7): -6733 -6671 -6738 -6718 -6771 -6676 -6664 -6710 # -4225 -4225 -4225 -4225 -4097 -4097 -409CPU side received count (scaleup: 5): -6681 -6646 -6837 -6635 -6563 -6625 -6615 -6655 # -4225 -4097 -4225 -4097 -4225 -4097 -396CPU side received count (scaleup: 2): -6659 -6640 -6836 -6721 -6729 -6650 -6741 -6623 # -4097 -4097 -4225 -4225 -4225 -4097 -409CPU side received count (scaleup: 1): -6712 -6615 -6748 -6629 -6555 -6709 -6626 -6672 # -4225 -4225 -4097 -4097 -4097 -4097 -4225 -4225 -4225 -4225 -4097 -4097 -4225 -4225 -4097 -4225 
5 -4225 -4225 -4225 -4097 -4225 -4225 -4097 -4225 -4097 
CPU side received count (scaleup: 6): -6669 -6702 -6666 -6661 -6690 -6661 -6705 -6743 # -4225 -4097 -4225 -4225 -4225 -4225 -4097 -4225 -4225 -4097 -4225 -4225 -4097 -4097 -4097 -4225 
7 -4225 -4225 -4225 -4097 -4225 -4097 -4097 -4353 -4225 
9 -4097 -4225 -4097 -4225 -4097 -4225 -4225 -4097 -4097 
7 -4097 -4225 -4097 -4225 -4225 -4225 -4225 -4225 -4097 
5 -4225 -4097 -3969 -4225 -4097 -4097 -4097 -4097 -4097 
7 -4097 -4225 -4097 -4225 -4097 -4097 -4225 -4225 -4097 
Elastic buffer uses 4 channels per SM
Elastic buffer uses 4 channels per SM
Elastic buffer uses 4 channels per SM
Elastic buffer uses 4 channels per SM
Elastic buffer uses 4 channels per SM
Elastic buffer uses 4 channels per SM
Elastic buffer uses 4 channels per SM
Elastic buffer uses 4 channels per SM
CPU side received count (scaleup: 7): -6733 -6671 -6738 -6718 -6771 -6676 -6664 -6710 # -4225 -4225 -4225 -4225 -4097 -4097 -409CPU side received count (scaleup: 5): -6681 -6646 -6837 -6635 -6563 -6625 -6615 -6655 # -4225 -4097 -4225 -4097 -4225 -4097 -396CPU side received count (scaleup: 4): -6689 -6699 -6765 -6714 -6640 -6706 -6649 -6752 # -4225 -4097 -4225 -4097 -4097 -4225 -422CPU side received count (scaleup: 6): -6669 -6702 -6666 -6661 -6690 -6661 -6705 -6743 # -4225 -4097 -4225 -4225 -4225 -4225 -409CPU side received count (scaleup: 0): -6725 -6705 -6696 -6692 -6675 -6737 -6653 -6566 # -4097 -4225 -4225 -4225 -4097 -4097 -422CPU side received count (scaleup: 1): -6712 -6615 -6748 -6629 -6555 -6709 -6626 -6672 # -4225 -4225 -4097 -4097 -4097 -4097 -422CPU side received count (scaleup: 2): -6659 -6640 -6836 -6721 -6729 -6650 -6741 -6623 # -4097 -4097 -4225 -4225 -4225 -4097 -409CPU side received count (scaleup: 3): -6754 -6645 -6526 -6612 -6805 -6585 -6802 -6725 # -4097 -4225 -4353 -4097 -4097 -4225 -4097 -4225 -4225 -4225 -4097 -4225 -4097 -4097 -4353 -4225 
9 -4097 -4225 -4097 -4225 -4097 -4225 -4225 -4097 -4097 
5 -4225 -4225 -4225 -4097 -4097 -4225 -4225 -4097 -4225 
7 -4225 -4225 -4097 -4225 -4225 -4097 -4097 -4097 -4225 
5 -4225 -4225 -4225 -4097 -4225 -4225 -4097 -4225 -4097 
7 -4097 -4225 -4097 -4225 -4097 -4097 -4225 -4225 -4097 
5 -4225 -4097 -3969 -4225 -4097 -4097 -4097 -4097 -4097 
7 -4097 -4225 -4097 -4225 -4225 -4225 -4225 -4225 -4097 
Elastic buffer uses 4 channels per SM
Elastic buffer uses 4 channels per SM
Elastic buffer uses 4 channels per SM
Elastic buffer uses 4 channels per SM
Elastic buffer uses 4 channels per SM
Elastic buffer uses 4 channels per SM
Elastic buffer uses 4 channels per SM
Elastic buffer uses 4 channels per SM
CPU side received count (scaleup: 5): -6681 -6646 -6837 -6635 -6563 -6625 -6615 -6655 # -4225 -4097 -4225 -4097 -4225 -4097 -396CPU side received count (scaleup: 6): -6669 -6702 -6666 -6661 -6690 -6661 -6705 -6743 # -4225 -4097 -4225 -4225 -4225 -4225 -409CPU side received count (scaleup: 7): -6733 -6671 -6738 -6718 -6771 -6676 -6664 -6710 # -4225 -4225 -4225 -4225 -4097 -4097 -409CPU side received count (scaleup: 1): -6712 -6615 -6748 -6629 -6555 -6709 -6626 -6672 # -4225 -4225 -4097 -4097 -4097 -4097 -422CPU side received count (scaleup: 4): -6689 -6699 -6765 -6714 -6640 -6706 -6649 -6752 # -4225 -4097 -4225 -4097 -4097 -4225 -422CPU side received count (scaleup: 0): -6725 -6705 -6696 -6692 -6675 -6737 -6653 -6566 # -4097 -4225 -4225 -4225 -4097 -4097 -4229 -4097 -4225 -4097 -4225 -4097 -4225 -4225 -4097 -4097 
7 -4097 -4225 -4097 -4225 -4097 -4097 -4225 -4225 -4097 
7 -4225 -4225 -4225 -4097 -4225 -4097 -4097 -4353 -4225 
5 -4225 -4097 -3969 -4225 -4097 -4097 -4097 -4097 -4097 
5 -4225 -4225 -4225 -4097 -4097 -4225 -4225 -4097 -4225 
5 -4225 -4225 -4225 -4097 -4225 -4225 -4097 -4225 -4097 
CPU side received count (scaleup: 2): -6659 -6640 -6836 -6721 -6729 -6650 -6741 -6623 # -4097 -4097 -4225 -4225 -4225 -4097 -4097 -4097 -4225 -4097 -4225 -4225 -4225 -4225 -4225 -4097 
CPU side received count (scaleup: 3): -6754 -6645 -6526 -6612 -6805 -6585 -6802 -6725 # -4097 -4225 -4353 -4097 -4097 -4225 -4097 -4225 -4225 -4097 -4225 -4225 -4097 -4097 -4097 -4225 
Elastic buffer uses 4 channels per SM
Elastic buffer uses 4 channels per SM
Elastic buffer uses 4 channels per SM
Elastic buffer uses 4 channels per SM
Elastic buffer uses 4 channels per SM
Elastic buffer uses 4 channels per SM
Elastic buffer uses 4 channels per SM
Elastic buffer uses 4 channels per SM
CPU side received count (scaleup: 4): -6689 -6699 -6765 -6714 -6640 -6706 -6649 -6752 # -4225 -4097 -4225 -4097 -4097 -4225 -422CPU side received count (scaleup: 3): -6754 -6645 -6526 -6612 -6805 -6585 -6802 -6725 # -4097 -4225 -4353 -4097 -4097 -4225 -409CPU side received count (scaleup: 6): -6669 -6702 -6666 -6661 -6690 -6661 -6705 -6743 # -4225 -4097 -4225 -4225 -4225 -4225 -4095 -4225 -4225 -4225 -4097 -4097 -4225 -4225 -4097 -4225 
CPU side received count (scaleup: 7): -6733 -6671 -6738 -6718 -6771 -6676 -6664 -6710 # -4225 -4225 -4225 -4225 -4097 -4097 -409CPU side received count (scaleup: 0): -6725 -6705 -6696 -6692 -6675 -6737 -6653 -6566 # -4097 -4225 -4225 -4225 -4097 -4097 -422CPU side received count (scaleup: 1): -6712 -6615 -6748 -6629 -6555 -6709 -6626 -6672 # -4225 -4225 -4097 -4097 -4097 -4097 -422CPU side received count (scaleup: 2): -6659 -6640 -6836 -6721 -6729 -6650 -6741 -6623 # -4097 -4097 -4225 -4225 -4225 -4097 -409CPU side received count (scaleup: 5): -6681 -6646 -6837 -6635 -6563 -6625 -6615 -6655 # -4225 -4097 -4225 -4097 -4225 -4097 -3967 -4225 -4225 -4225 -4097 -4225 -4097 -4097 -4353 -4225 
7 -4225 -4225 -4097 -4225 -4225 -4097 -4097 -4097 -4225 
7 -4097 -4225 -4097 -4225 -4097 -4097 -4225 -4225 -4097 
5 -4225 -4225 -4225 -4097 -4225 -4225 -4097 -4225 -4097 
9 -4097 -4225 -4097 -4225 -4097 -4225 -4225 -4097 -4097 
5 -4225 -4097 -3969 -4225 -4097 -4097 -4097 -4097 -4097 
7 -4097 -4225 -4097 -4225 -4225 -4225 -4225 -4225 -4097 
Elastic buffer uses 4 channels per SM
Elastic buffer uses 4 channels per SM
Elastic buffer uses 4 channels per SM
Elastic buffer uses 4 channels per SM
Elastic buffer uses 4 channels per SM
Elastic buffer uses 4 channels per SM
Elastic buffer uses 4 channels per SM
Elastic buffer uses 4 channels per SM
CPU side received count (scaleup: 7): -6733 -6671 -6738 -6718 -6771 -6676 -6664 -6710 # -4225 -4225 -4225 -4225 -4097 -4097 -409CPU side received count (scaleup: 1): -6712 -6615 -6748 -6629 -6555 -6709 -6626 -6672 # -4225 -4225 -4097 -4097 -4097 -4097 -422CPU side received count (scaleup: 5): -6681 -6646 -6837 -6635 -6563 -6625 -6615 -6655 # -4225 -4097 -4225 -4097 -4225 -4097 -396CPU side received count (scaleup: 0): -6725 -6705 -6696 -6692 -6675 -6737 -6653 -6566 # -4097 -4225 -4225 -4225 -4097 -4097 -422CPU side received count (scaleup: 2): -6659 -6640 -6836 -6721 -6729 -6650 -6741 -6623 # -4097 -4097 -4225 -4225 -4225 -4097 -409CPU side received count (scaleup: 3): -6754 -6645 -6526 -6612 -6805 -6585 -6802 -6725 # -4097 -4225 -4353 -4097 -4097 -4225 -409CPU side received count (scaleup: 4): -6689 -6699 -6765 -6714 -6640 -6706 -6649 -6752 # -4225 -4097 -4225 -4097 -4097 -4225 -4225 -4225 -4225 -4225 -4097 -4225 -4225 -4097 -4225 -4097 
7 -4225 -4225 -4225 -4097 -4225 -4097 -4097 -4353 -4225 
5 -4225 -4097 -3969 -4225 -4097 -4097 -4097 -4097 -4097 
9 -4097 -4225 -4097 -4225 -4097 -4225 -4225 -4097 -4097 
7 -4097 -4225 -4097 -4225 -4225 -4225 -4225 -4225 -4097 
CPU side received count (scaleup: 6): -6669 -6702 -6666 -6661 -6690 -6661 -6705 -6743 # -4225 -4097 -4225 -4225 -4225 -4225 -4097 -4225 -4225 -4097 -4225 -4225 -4097 -4097 -4097 -4225 
5 -4225 -4225 -4225 -4097 -4097 -4225 -4225 -4097 -4225 
7 -4097 -4225 -4097 -4225 -4097 -4097 -4225 -4225 -4097 
Elastic buffer uses 4 channels per SM
Elastic buffer uses 4 channels per SM
Elastic buffer uses 4 channels per SM
Elastic buffer uses 4 channels per SM
Elastic buffer uses 4 channels per SM
Elastic buffer uses 4 channels per SM
Elastic buffer uses 4 channels per SM
Elastic buffer uses 4 channels per SM
CPU side received count (scaleup: 3): -6754 -6645 -6526 -6612 -6805 -6585 -6802 -6725 # -4097 -4225 -4353 -4097 -4097 -4225 -409CPU side received count (scaleup: 7): -6733 -6671 -6738 -6718 -6771 -6676 -6664 -6710 # -4225 -4225 -4225 -4225 -4097 -4097 -409CPU side received count (scaleup: 1): -6712 -6615 -6748 -6629 -6555 -6709 -6626 -6672 # -4225 -4225 -4097 -4097 -4097 -4097 -422CPU side received count (scaleup: 2): -6659 -6640 -6836 -6721 -6729 -6650 -6741 -6623 # -4097 -4097 -4225 -4225 -4225 -4097 -409CPU side received count (scaleup: 5): -6681 -6646 -6837 -6635 -6563 -6625 -6615 -6655 # -4225 -4097 -4225 -4097 -4225 -4097 -396CPU side received count (scaleup: 4): -6689 -6699 -6765 -6714 -6640 -6706 -6649 -6752 # -4225 -4097 -4225 -4097 -4097 -4225 -422CPU side received count (scaleup: 0): -6725 -6705 -6696 -6692 -6675 -6737 -6653 -6566 # -4097 -4225 -4225 -4225 -4097 -4097 -4229 -4097 -4225 -4097 -4225 -4097 -4225 -4225 -4097 -4097 
CPU side received count (scaleup: 6): -6669 -6702 -6666 -6661 -6690 -6661 -6705 -6743 # -4225 -4097 -4225 -4225 -4225 -4225 -4097 -4225 -4225 -4097 -4225 -4225 -4097 -4097 -4097 -4225 
5 -4225 -4097 -3969 -4225 -4097 -4097 -4097 -4097 -4097 
7 -4225 -4225 -4225 -4097 -4225 -4097 -4097 -4353 -4225 
7 -4097 -4225 -4097 -4225 -4225 -4225 -4225 -4225 -4097 
5 -4225 -4225 -4225 -4097 -4097 -4225 -4225 -4097 -4225 
5 -4225 -4225 -4225 -4097 -4225 -4225 -4097 -4225 -4097 
7 -4097 -4225 -4097 -4225 -4097 -4097 -4225 -4225 -4097 
Elastic buffer uses 4 channels per SM
Elastic buffer uses 4 channels per SM
Elastic buffer uses 4 channels per SM
Elastic buffer uses 4 channels per SM
Elastic buffer uses 4 channels per SM
Elastic buffer uses 4 channels per SM
Elastic buffer uses 4 channels per SM
Elastic buffer uses 4 channels per SM
CPU side received count (scaleup: 4): -6689 -6699 -6765 -6714 -6640 -6706 -6649 -6752 # -4225 -4097 -4225 -4097 -4097 -4225 -422CPU side received count (scaleup: 7): -6733 -6671 -6738 -6718 -6771 -6676 -6664 -6710 # -4225 -4225 -4225 -4225 -4097 -4097 -409CPU side received count (scaleup: 6): -6669 -6702 -6666 -6661 -6690 -6661 -6705 -6743 # -4225 -4097 -4225 -4225 -4225 -4225 -409CPU side received count (scaleup: 1): -6712 -6615 -6748 -6629 -6555 -6709 -6626 -6672 # -4225 -4225 -4097 -4097 -4097 -4097 -422CPU side received count (scaleup: 5): -6681 -6646 -6837 -6635 -6563 -6625 -6615 -6655 # -4225 -4097 -4225 -4097 -4225 -4097 -396CPU side received count (scaleup: 2): -6659 -6640 -6836 -6721 -6729 -6650 -6741 -6623 # -4097 -4097 -4225 -4225 -4225 -4097 -4095 -4225 -4225 -4225 -4097 -4097 -4225 -4225 -4097 -4225 
7 -4097 -4225 -4097 -4225 -4097 -4097 -4225 -4225 -4097 
CPU side received count (scaleup: 0): -6725 -6705 -6696 -6692 -6675 -6737 -6653 -6566 # -4097 -4225 -4225 -4225 -4097 -4097 -4229 -4097 -4225 -4097 -4225 -4097 -4225 -4225 -4097 -4097 
CPU side received count (scaleup: 3): -6754 -6645 -6526 -6612 -6805 -6585 -6802 -6725 # -4097 -4225 -4353 -4097 -4097 -4225 -4097 -4225 -4225 -4225 -4097 -4225 -4097 -4097 -4353 -4225 
5 -4225 -4097 -3969 -4225 -4097 -4097 -4097 -4097 -4097 
7 -4097 -4225 -4097 -4225 -4225 -4225 -4225 -4225 -4097 
5 -4225 -4225 -4225 -4097 -4225 -4225 -4097 -4225 -4097 
7 -4225 -4225 -4097 -4225 -4225 -4097 -4097 -4097 -4225 
Elastic buffer uses 4 channels per SM
Elastic buffer uses 4 channels per SM
Elastic buffer uses 4 channels per SM
Elastic buffer uses 4 channels per SM
Elastic buffer uses 4 channels per SM
Elastic buffer uses 4 channels per SM
Elastic buffer uses 4 channels per SM
Elastic buffer uses 4 channels per SM
CPU side received count (scaleup: 3): -6754 -6645 -6526 -6612 -6805 -6585 -6802 -6725 # -4097 -4225 -4353 -4097 -4097 -4225 -409CPU side received count (scaleup: 5): -6681 -6646 -6837 -6635 -6563 -6625 -6615 -6655 # -4225 -4097 -4225 -4097 -4225 -4097 -396CPU side received count (scaleup: 7): -6733 -6671 -6738 -6718 -6771 -6676 -6664 -6710 # -4225 -4225 -4225 -4225 -4097 -4097 -409CPU side received count (scaleup: 4): -6689 -6699 -6765 -6714 -6640 -6706 -6649 -6752 # -4225 -4097 -4225 -4097 -4097 -4225 -422CPU side received count (scaleup: 1): -6712 -6615 -6748 -6629 -6555 -6709 -6626 -6672 # -4225 -4225 -4097 -4097 -4097 -4097 -422CPU side received count (scaleup: 0): -6725 -6705 -6696 -6692 -6675 -6737 -6653 -6566 # -4097 -4225 -4225 -4225 -4097 -4097 -422CPU side received count (scaleup: 2): -6659 -6640 -6836 -6721 -6729 -6650 -6741 -6623 # -4097 -4097 -4225 -4225 -4225 -4097 -409CPU side received count (scaleup: 6): -6669 -6702 -6666 -6661 -6690 -6661 -6705 -6743 # -4225 -4097 -4225 -4225 -4225 -4225 -4097 -4225 -4225 -4097 -4225 -4225 -4097 -4097 -4097 -4225 
7 -4097 -4225 -4097 -4225 -4225 -4225 -4225 -4225 -4097 
9 -4097 -4225 -4097 -4225 -4097 -4225 -4225 -4097 -4097 
7 -4225 -4225 -4225 -4097 -4225 -4097 -4097 -4353 -4225 
5 -4225 -4225 -4225 -4097 -4097 -4225 -4225 -4097 -4225 
5 -4225 -4225 -4225 -4097 -4225 -4225 -4097 -4225 -4097 
5 -4225 -4097 -3969 -4225 -4097 -4097 -4097 -4097 -4097 
7 -4097 -4225 -4097 -4225 -4097 -4097 -4225 -4225 -4097 
Elastic buffer uses 4 channels per SM
Elastic buffer uses 4 channels per SM
Elastic buffer uses 4 channels per SM
Elastic buffer uses 4 channels per SM
Elastic buffer uses 4 channels per SM
Elastic buffer uses 4 channels per SM
Elastic buffer uses 4 channels per SM
Elastic buffer uses 4 channels per SM
CPU side received count (scaleup: 7): -6733 -6671 -6738 -6718 -6771 -6676 -6664 -6710 # -4225 -4225 -4225 -4225 -4097 -4097 -409CPU side received count (scaleup: 5): -6681 -6646 -6837 -6635 -6563 -6625 -6615 -6655 # -4225 -4097 -4225 -4097 -4225 -4097 -396CPU side received count (scaleup: 2): -6659 -6640 -6836 -6721 -6729 -6650 -6741 -6623 # -4097 -4097 -4225 -4225 -4225 -4097 -409CPU side received count (scaleup: 4): -6689 -6699 -6765 -6714 -6640 -6706 -6649 -6752 # -4225 -4097 -4225 -4097 -4097 -4225 -4229 -4097 -4225 -4097 -4225 -4097 -4225 -4225 -4097 -4097 
5 -4225 -4225 -4225 -4097 -4097 -4225 -4225 -4097 -4225 
CPU side received count (scaleup: 1): -6712 -6615 -6748 -6629 -6555 -6709 -6626 -6672 # -4225 -4225 -4097 -4097 -4097 -4097 -422CPU side received count (scaleup: 6): -6669 -6702 -6666 -6661 -6690 -6661 -6705 -6743 # -4225 -4097 -4225 -4225 -4225 -4225 -4097 -4225 -4225 -4225 -4097 -4225 -4097 -4097 -4353 -4225 
5 -4225 -4097 -3969 -4225 -4097 -4097 -4097 -4097 -4097 
7 -4097 -4225 -4097 -4225 -4225 -4225 -4225 -4225 -4097 
CPU side received count (scaleup: 0): -6725 -6705 -6696 -6692 -6675 -6737 -6653 -6566 # -4097 -4225 -4225 -4225 -4097 -4097 -422CPU side received count (scaleup: 3): -6754 -6645 -6526 -6612 -6805 -6585 -6802 -6725 # -4097 -4225 -4353 -4097 -4097 -4225 -4097 -4097 -4225 -4097 -4225 -4097 -4097 -4225 -4225 -4097 
5 -4225 -4225 -4225 -4097 -4225 -4225 -4097 -4225 -4097 
7 -4225 -4225 -4097 -4225 -4225 -4097 -4097 -4097 -4225 
Elastic buffer uses 4 channels per SM
Elastic buffer uses 4 channels per SM
Elastic buffer uses 4 channels per SM
Elastic buffer uses 4 channels per SM
Elastic buffer uses 4 channels per SM
Elastic buffer uses 4 channels per SM
Elastic buffer uses 4 channels per SM
Elastic buffer uses 4 channels per SM
CPU side received count (scaleup: 7): -6733 -6671 -6738 -6718 -6771 -6676 -6664 -6710 # -4225 -4225 -4225 -4225 -4097 -4097 -409CPU side received count (scaleup: 3): -6754 -6645 -6526 -6612 -6805 -6585 -6802 -6725 # -4097 -4225 -4353 -4097 -4097 -4225 -409CPU side received count (scaleup: 5): -6681 -6646 -6837 -6635 -6563 -6625 -6615 -6655 # -4225 -4097 -4225 -4097 -4225 -4097 -396CPU side received count (scaleup: 1): -6712 -6615 -6748 -6629 -6555 -6709 -6626 -6672 # -4225 -4225 -4097 -4097 -4097 -4097 -4227 -4225 -4225 -4225 -4097 -4225 -4097 -4097 -4353 -4225 
7 -4225 -4225 -4097 -4225 -4225 -4097 -4097 -4097 -4225 
CPU side received count (scaleup: 6): -6669 -6702 -6666 -6661 -6690 -6661 -6705 -6743 # -4225 -4097 -4225 -4225 -4225 -4225 -4099 -4097 -4225 -4097 -4225 -4097 -4225 -4225 -4097 -4097 
CPU side received count (scaleup: 0): -6725 -6705 -6696 -6692 -6675 -6737 -6653 -6566 # -4097 -4225 -4225 -4225 -4097 -4097 -422CPU side received count (scaleup: 2): -6659 -6640 -6836 -6721 -6729 -6650 -6741 -6623 # -4097 -4097 -4225 -4225 -4225 -4097 -4095 -4225 -4097 -3969 -4225 -4097 -4097 -4097 -4097 -4097 
7 -4097 -4225 -4097 -4225 -4097 -4097 -4225 -4225 -4097 
5 -4225 -4225 -4225 -4097 -4225 -4225 -4097 -4225 -4097 
7 -4097 -4225 -4097 -4225 -4225 -4225 -4225 -4225 -4097 
CPU side received count (scaleup: 4): -6689 -6699 -6765 -6714 -6640 -6706 -6649 -6752 # -4225 -4097 -4225 -4097 -4097 -4225 -4225 -4225 -4225 -4225 -4097 -4097 -4225 -4225 -4097 -4225 
Elastic buffer uses 4 channels per SM
Elastic buffer uses 4 channels per SM
Elastic buffer uses 4 channels per SM
Elastic buffer uses 4 channels per SM
Elastic buffer uses 4 channels per SM
Elastic buffer uses 4 channels per SM
Elastic buffer uses 4 channels per SM
Elastic buffer uses 4 channels per SM
CPU side received count (scaleup: 7): -6733 -6671 -6738 -6718 -6771 -6676 -6664 -6710 # -4225 -4225 -4225 -4225 -4097 -4097 -409CPU side received count (scaleup: 2): -6659 -6640 -6836 -6721 -6729 -6650 -6741 -6623 # -4097 -4097 -4225 -4225 -4225 -4097 -409CPU side received count (scaleup: 5): -6681 -6646 -6837 -6635 -6563 -6625 -6615 -6655 # -4225 -4097 -4225 -4097 -4225 -4097 -396CPU side received count (scaleup: 4): -6689 -6699 -6765 -6714 -6640 -6706 -6649 -6752 # -4225 -4097 -4225 -4097 -4097 -4225 -4227 -4225 -4225 -4225 -4097 -4225 -4097 -4097 -4353 -4225 
7 -4097 -4225 -4097 -4225 -4225 -4225 -4225 -4225 -4097 
CPU side received count (scaleup: 6): -6669 -6702 -6666 -6661 -6690 -6661 -6705 -6743 # -4225 -4097 -4225 -4225 -4225 -4225 -409CPU side received count (scaleup: 3): -6754 -6645 -6526 -6612 -6805 -6585 -6802 -6725 # -4097 -4225 -4353 -4097 -4097 -4225 -409CPU side received count (scaleup: 1): -6712 -6615 -6748 -6629 -6555 -6709 -6626 -6672 # -4225 -4225 -4097 -4097 -4097 -4097 -422CPU side received count (scaleup: 0): -6725 -6705 -6696 -6692 -6675 -6737 -6653 -6566 # -4097 -4225 -4225 -4225 -4097 -4097 -4229 -4097 -4225 -4097 -4225 -4097 -4225 -4225 -4097 -4097 
5 -4225 -4225 -4225 -4097 -4097 -4225 -4225 -4097 -4225 
7 -4225 -4225 -4097 -4225 -4225 -4097 -4097 -4097 -4225 
5 -4225 -4225 -4225 -4097 -4225 -4225 -4097 -4225 -4097 
7 -4097 -4225 -4097 -4225 -4097 -4097 -4225 -4225 -4097 
5 -4225 -4097 -3969 -4225 -4097 -4097 -4097 -4097 -4097 
Elastic buffer uses 4 channels per SM
Elastic buffer uses 4 channels per SM
Elastic buffer uses 4 channels per SM
Elastic buffer uses 4 channels per SM
Elastic buffer uses 4 channels per SM
Elastic buffer uses 4 channels per SM
Elastic buffer uses 4 channels per SM
Elastic buffer uses 4 channels per SM
CPU side received count (scaleup: 3): -6754 -6645 -6526 -6612 -6805 -6585 -6802 -6725 # -4097 -4225 -4353 -4097 -4097 -4225 -409CPU side received count (scaleup: 2): -6659 -6640 -6836 -6721 -6729 -6650 -6741 -6623 # -4097 -4097 -4225 -4225 -4225 -4097 -409CPU side received count (scaleup: 7): -6733 -6671 -6738 -6718 -6771 -6676 -6664 -6710 # -4225 -4225 -4225 -4225 -4097 -4097 -409CPU side received count (scaleup: 5): -6681 -6646 -6837 -6635 -6563 -6625 -6615 -6655 # -4225 -4097 -4225 -4097 -4225 -4097 -396CPU side received count (scaleup: 6): -6669 -6702 -6666 -6661 -6690 -6661 -6705 -6743 # -4225 -4097 -4225 -4225 -4225 -4225 -409CPU side received count (scaleup: 4): -6689 -6699 -6765 -6714 -6640 -6706 -6649 -6752 # -4225 -4097 -4225 -4097 -4097 -4225 -422CPU side received count (scaleup: 1): -6712 -6615 -6748 -6629 -6555 -6709 -6626 -6672 # -4225 -4225 -4097 -4097 -4097 -4097 -4227 -4225 -4225 -4097 -4225 -4225 -4097 -4097 -4097 -4225 
7 -4097 -4225 -4097 -4225 -4225 -4225 -4225 -4225 -4097 
9 -4097 -4225 -4097 -4225 -4097 -4225 -4225 -4097 -4097 
7 -4097 -4225 -4097 -4225 -4097 -4097 -4225 -4225 -4097 
CPU side received count (scaleup: 0): -6725 -6705 -6696 -6692 -6675 -6737 -6653 -6566 # -4097 -4225 -4225 -4225 -4097 -4097 -4227 -4225 -4225 -4225 -4097 -4225 -4097 -4097 -4353 -4225 
5 -4225 -4225 -4225 -4097 -4097 -4225 -4225 -4097 -4225 
5 -4225 -4097 -3969 -4225 -4097 -4097 -4097 -4097 -4097 
5 -4225 -4225 -4225 -4097 -4225 -4225 -4097 -4225 -4097 
Elastic buffer uses 4 channels per SM
Elastic buffer uses 4 channels per SM
Elastic buffer uses 4 channels per SM
Elastic buffer uses 4 channels per SM
Elastic buffer uses 4 channels per SM
Elastic buffer uses 4 channels per SM
Elastic buffer uses 4 channels per SM
Elastic buffer uses 4 channels per SM
CPU side received count (scaleup: 3): -6754 -6645 -6526 -6612 -6805 -6585 -6802 -6725 # -4097 -4225 -4353 -4097 -4097 -4225 -409CPU side received count (scaleup: 5): -6681 -6646 -6837 -6635 -6563 -6625 -6615 -6655 # -4225 -4097 -4225 -4097 -4225 -4097 -396CPU side received count (scaleup: 2): -6659 -6640 -6836 -6721 -6729 -6650 -6741 -6623 # -4097 -4097 -4225 -4225 -4225 -4097 -409CPU side received count (scaleup: 7): -6733 -6671 -6738 -6718 -6771 -6676 -6664 -6710 # -4225 -4225 -4225 -4225 -4097 -4097 -409CPU side received count (scaleup: 6): -6669 -6702 -6666 -6661 -6690 -6661 -6705 -6743 # -4225 -4097 -4225 -4225 -4225 -4225 -4099 -4097 -4225 -4097 -4225 -4097 -4225 -4225 -4097 -4097 
CPU side received count (scaleup: 4): -6689 -6699 -6765 -6714 -6640 -6706 -6649 -6752 # -4225 -4097 -4225 -4097 -4097 -4225 -422CPU side received count (scaleup: 1): -6712 -6615 -6748 -6629 -6555 -6709 -6626 -6672 # -4225 -4225 -4097 -4097 -4097 -4097 -422CPU side received count (scaleup: 0): -6725 -6705 -6696 -6692 -6675 -6737 -6653 -6566 # -4097 -4225 -4225 -4225 -4097 -4097 -4227 -4225 -4225 -4097 -4225 -4225 -4097 -4097 -4097 -4225 
7 -4097 -4225 -4097 -4225 -4225 -4225 -4225 -4225 -4097 
5 -4225 -4097 -3969 -4225 -4097 -4097 -4097 -4097 -4097 
7 -4225 -4225 -4225 -4097 -4225 -4097 -4097 -4353 -4225 
7 -4097 -4225 -4097 -4225 -4097 -4097 -4225 -4225 -4097 
5 -4225 -4225 -4225 -4097 -4097 -4225 -4225 -4097 -4225 
5 -4225 -4225 -4225 -4097 -4225 -4225 -4097 -4225 -4097 
Elastic buffer uses 4 channels per SM
Elastic buffer uses 4 channels per SM
Elastic buffer uses 4 channels per SM
Elastic buffer uses 4 channels per SM
Elastic buffer uses 4 channels per SM
Elastic buffer uses 4 channels per SM
Elastic buffer uses 4 channels per SM
Elastic buffer uses 4 channels per SM
CPU side received count (scaleup: 7): -6733 -6671 -6738 -6718 -6771 -6676 -6664 -6710 # -4225 -4225 -4225 -4225 -4097 -4097 -409CPU side received count (scaleup: 3): -6754 -6645 -6526 -6612 -6805 -6585 -6802 -6725 # -4097 -4225 -4353 -4097 -4097 -4225 -409CPU side received count (scaleup: 5): -6681 -6646 -6837 -6635 -6563 -6625 -6615 -6655 # -4225 -4097 -4225 -4097 -4225 -4097 -3967 -4225 -4225 -4225 -4097 -4225 -4097 -4097 -4353 -4225 
7 -4225 -4225 -4097 -4225 -4225 -4097 -4097 -4097 -4225 
9 -4097 -4225 -4097 -4225 -4097 -4225 -4225 -4097 -4097 
CPU side received count (scaleup: 0): -6725 -6705 -6696 -6692 -6675 -6737 -6653 -6566 # -4097 -4225 -4225 -4225 -4097 -4097 -422CPU side received count (scaleup: 2): -6659 -6640 -6836 -6721 -6729 -6650 -6741 -6623 # -4097 -4097 -4225 -4225 -4225 -4097 -409CPU side received count (scaleup: 4): -6689 -6699 -6765 -6714 -6640 -6706 -6649 -6752 # -4225 -4097 -4225 -4097 -4097 -4225 -4227 -4097 -4225 -4097 -4225 -4225 -4225 -4225 -4225 -4097 
CPU side received count (scaleup: 6): -6669 -6702 -6666 -6661 -6690 -6661 -6705 -6743 # -4225 -4097 -4225 -4225 -4225 -4225 -4095 -4225 -4225 -4225 -4097 -4225 -4225 -4097 -4225 -4097 
5 -4225 -4225 -4225 -4097 -4097 -4225 -4225 -4097 -4225 
7 -4097 -4225 -4097 -4225 -4097 -4097 -4225 -4225 -4097 
CPU side received count (scaleup: 1): -6712 -6615 -6748 -6629 -6555 -6709 -6626 -6672 # -4225 -4225 -4097 -4097 -4097 -4097 -4225 -4225 -4097 -3969 -4225 -4097 -4097 -4097 -4097 -4097 
Elastic buffer uses 4 channels per SM
Elastic buffer uses 4 channels per SM
Elastic buffer uses 4 channels per SM
Elastic buffer uses 4 channels per SM
Elastic buffer uses 4 channels per SM
Elastic buffer uses 4 channels per SM
Elastic buffer uses 4 channels per SM
Elastic buffer uses 4 channels per SM
CPU side received count (scaleup: 7): -6733 -6671 -6738 -6718 -6771 -6676 -6664 -6710 # -4225 -4225 -4225 -4225 -4097 -4097 -409CPU side received count (scaleup: 1): -6712 -6615 -6748 -6629 -6555 -6709 -6626 -6672 # -4225 -4225 -4097 -4097 -4097 -4097 -422CPU side received count (scaleup: 4): -6689 -6699 -6765 -6714 -6640 -6706 -6649 -6752 # -4225 -4097 -4225 -4097 -4097 -4225 -422CPU side received count (scaleup: 5): -6681 -6646 -6837 -6635 -6563 -6625 -6615 -6655 # -4225 -4097 -4225 -4097 -4225 -4097 -396CPU side received count (scaleup: 2): -6659 -6640 -6836 -6721 -6729 -6650 -6741 -6623 # -4097 -4097 -4225 -4225 -4225 -4097 -409CPU side received count (scaleup: 0): -6725 -6705 -6696 -6692 -6675 -6737 -6653 -6566 # -4097 -4225 -4225 -4225 -4097 -4097 -422CPU side received count (scaleup: 6): -6669 -6702 -6666 -6661 -6690 -6661 -6705 -6743 # -4225 -4097 -4225 -4225 -4225 -4225 -4095 -4225 -4225 -4225 -4097 -4225 -4225 -4097 -4225 -4097 
7 -4225 -4225 -4225 -4097 -4225 -4097 -4097 -4353 -4225 
CPU side received count (scaleup: 3): -6754 -6645 -6526 -6612 -6805 -6585 -6802 -6725 # -4097 -4225 -4353 -4097 -4097 -4225 -4095 -4225 -4097 -3969 -4225 -4097 -4097 -4097 -4097 -4097 
5 -4225 -4225 -4225 -4097 -4097 -4225 -4225 -4097 -4225 
7 -4097 -4225 -4097 -4225 -4225 -4225 -4225 -4225 -4097 
9 -4097 -4225 -4097 -4225 -4097 -4225 -4225 -4097 -4097 
7 -4097 -4225 -4097 -4225 -4097 -4097 -4225 -4225 -4097 
7 -4225 -4225 -4097 -4225 -4225 -4097 -4097 -4097 -4225 
Elastic buffer uses 4 channels per SM
Elastic buffer uses 4 channels per SM
Elastic buffer uses 4 channels per SM
Elastic buffer uses 4 channels per SM
Elastic buffer uses 4 channels per SM
Elastic buffer uses 4 channels per SM
Elastic buffer uses 4 channels per SM
Elastic buffer uses 4 channels per SM
CPU side received count (scaleup: 7): -6733 -6671 -6738 -6718 -6771 -6676 -6664 -6710 # -4225 -4225 -4225 -4225 -4097 -4097 -409CPU side received count (scaleup: 2): -6659 -6640 -6836 -6721 -6729 -6650 -6741 -6623 # -4097 -4097 -4225 -4225 -4225 -4097 -409CPU side received count (scaleup: 5): -6681 -6646 -6837 -6635 -6563 -6625 -6615 -6655 # -4225 -4097 -4225 -4097 -4225 -4097 -3967 -4225 -4225 -4225 -4097 -4225 -4097 -4097 -4353 -4225 
CPU side received count (scaleup: 0): -6725 -6705 -6696 -6692 -6675 -6737 -6653 -6566 # -4097 -4225 -4225 -4225 -4097 -4097 -4227 -4097 -4225 -4097 -4225 -4225 -4225 -4225 -4225 -4097 
CPU side received count (scaleup: 4): -6689 -6699 -6765 -6714 -6640 -6706 -6649 -6752 # -4225 -4097 -4225 -4097 -4097 -4225 -422CPU side received count (scaleup: 6): -6669 -6702 -6666 -6661 -6690 -6661 -6705 -6743 # -4225 -4097 -4225 -4225 -4225 -4225 -409CPU side received count (scaleup: 3): -6754 -6645 -6526 -6612 -6805 -6585 -6802 -6725 # -4097 -4225 -4353 -4097 -4097 -4225 -4099 -4097 -4225 -4097 -4225 -4097 -4225 -4225 -4097 -4097 
CPU side received count (scaleup: 1): -6712 -6615 -6748 -6629 -6555 -6709 -6626 -6672 # -4225 -4225 -4097 -4097 -4097 -4097 -4225 -4225 -4225 -4225 -4097 -4225 -4225 -4097 -4225 -4097 
5 -4225 -4225 -4225 -4097 -4097 -4225 -4225 -4097 -4225 
7 -4225 -4225 -4097 -4225 -4225 -4097 -4097 -4097 -4225 
5 -4225 -4097 -3969 -4225 -4097 -4097 -4097 -4097 -4097 
7 -4097 -4225 -4097 -4225 -4097 -4097 -4225 -4225 -4097 
Elastic buffer uses 4 channels per SM
Elastic buffer uses 4 channels per SM
Elastic buffer uses 4 channels per SM
Elastic buffer uses 4 channels per SM
Elastic buffer uses 4 channels per SM
Elastic buffer uses 4 channels per SM
Elastic buffer uses 4 channels per SM
Elastic buffer uses 4 channels per SM
CPU side received count (scaleup: 3): -6754 -6645 -6526 -6612 -6805 -6585 -6802 -6725 # -4097 -4225 -4353 -4097 -4097 -4225 -409CPU side received count (scaleup: 6): -6669 -6702 -6666 -6661 -6690 -6661 -6705 -6743 # -4225 -4097 -4225 -4225 -4225 -4225 -409CPU side received count (scaleup: 2): -6659 -6640 -6836 -6721 -6729 -6650 -6741 -6623 # -4097 -4097 -4225 -4225 -4225 -4097 -409CPU side received count (scaleup: 5): -6681 -6646 -6837 -6635 -6563 -6625 -6615 -6655 # -4225 -4097 -4225 -4097 -4225 -4097 -3967 -4097 -4225 -4097 -4225 -4097 -4097 -4225 -4225 -4097 
7 -4097 -4225 -4097 -4225 -4225 -4225 -4225 -4225 -4097 
CPU side received count (scaleup: 4): -6689 -6699 -6765 -6714 -6640 -6706 -6649 -6752 # -4225 -4097 -4225 -4097 -4097 -4225 -422CPU side received count (scaleup: 0): -6725 -6705 -6696 -6692 -6675 -6737 -6653 -6566 # -4097 -4225 -4225 -4225 -4097 -4097 -422CPU side received count (scaleup: 1): -6712 -6615 -6748 -6629 -6555 -6709 -6626 -6672 # -4225 -4225 -4097 -4097 -4097 -4097 -422CPU side received count (scaleup: 7): -6733 -6671 -6738 -6718 -6771 -6676 -6664 -6710 # -4225 -4225 -4225 -4225 -4097 -4097 -4097 -4225 -4225 -4097 -4225 -4225 -4097 -4097 -4097 -4225 
9 -4097 -4225 -4097 -4225 -4097 -4225 -4225 -4097 -4097 
5 -4225 -4225 -4225 -4097 -4097 -4225 -4225 -4097 -4225 
5 -4225 -4225 -4225 -4097 -4225 -4225 -4097 -4225 -4097 
5 -4225 -4097 -3969 -4225 -4097 -4097 -4097 -4097 -4097 
7 -4225 -4225 -4225 -4097 -4225 -4097 -4097 -4353 -4225 
Elastic buffer uses 4 channels per SM
Elastic buffer uses 4 channels per SM
Elastic buffer uses 4 channels per SM
Elastic buffer uses 4 channels per SM
Elastic buffer uses 4 channels per SM
Elastic buffer uses 4 channels per SM
Elastic buffer uses 4 channels per SM
Elastic buffer uses 4 channels per SM
CPU side received count (scaleup: 5): -6681 -6646 -6837 -6635 -6563 -6625 -6615 -6655 # -4225 -4097 -4225 -4097 -4225 -4097 -396CPU side received count (scaleup: 6): -6669 -6702 -6666 -6661 -6690 -6661 -6705 -6743 # -4225 -4097 -4225 -4225 -4225 -4225 -409CPU side received count (scaleup: 7): -6733 -6671 -6738 -6718 -6771 -6676 -6664 -6710 # -4225 -4225 -4225 -4225 -4097 -4097 -409CPU side received count (scaleup: 4): -6689 -6699 -6765 -6714 -6640 -6706 -6649 -6752 # -4225 -4097 -4225 -4097 -4097 -4225 -422CPU side received count (scaleup: 1): -6712 -6615 -6748 -6629 -6555 -6709 -6626 -6672 # -4225 -4225 -4097 -4097 -4097 -4097 -4229 -4097 -4225 -4097 -4225 -4097 -4225 -4225 -4097 -4097 
CPU side received count (scaleup: 3): -6754 -6645 -6526 -6612 -6805 -6585 -6802 -6725 # -4097 -4225 -4353 -4097 -4097 -4225 -409CPU side received count (scaleup: 2): -6659 -6640 -6836 -6721 -6729 -6650 -6741 -6623 # -4097 -4097 -4225 -4225 -4225 -4097 -4097 -4225 -4225 -4225 -4097 -4225 -4097 -4097 -4353 -4225 
7 -4097 -4225 -4097 -4225 -4097 -4097 -4225 -4225 -4097 
5 -4225 -4225 -4225 -4097 -4097 -4225 -4225 -4097 -4225 
7 -4225 -4225 -4097 -4225 -4225 -4097 -4097 -4097 -4225 
CPU side received count (scaleup: 0): -6725 -6705 -6696 -6692 -6675 -6737 -6653 -6566 # -4097 -4225 -4225 -4225 -4097 -4097 -4225 -4225 -4097 -3969 -4225 -4097 -4097 -4097 -4097 -4097 
5 -4225 -4225 -4225 -4097 -4225 -4225 -4097 -4225 -4097 
7 -4097 -4225 -4097 -4225 -4225 -4225 -4225 -4225 -4097 
Elastic buffer uses 4 channels per SM
Elastic buffer uses 4 channels per SM
Elastic buffer uses 4 channels per SM
Elastic buffer uses 4 channels per SM
Elastic buffer uses 4 channels per SM
Elastic buffer uses 4 channels per SM
Elastic buffer uses 4 channels per SM
Elastic buffer uses 4 channels per SM
CPU side received count (scaleup: 7): -6733 -6671 -6738 -6718 -6771 -6676 -6664 -6710 # -4225 -4225 -4225 -4225 -4097 -4097 -409CPU side received count (scaleup: 1): -6712 -6615 -6748 -6629 -6555 -6709 -6626 -6672 # -4225 -4225 -4097 -4097 -4097 -4097 -422CPU side received count (scaleup: 2): -6659 -6640 -6836 -6721 -6729 -6650 -6741 -6623 # -4097 -4097 -4225 -4225 -4225 -4097 -409CPU side received count (scaleup: 5): -6681 -6646 -6837 -6635 -6563 -6625 -6615 -6655 # -4225 -4097 -4225 -4097 -4225 -4097 -396CPU side received count (scaleup: 4): -6689 -6699 -6765 -6714 -6640 -6706 -6649 -6752 # -4225 -4097 -4225 -4097 -4097 -4225 -422CPU side received count (scaleup: 0): -6725 -6705 -6696 -6692 -6675 -6737 -6653 -6566 # -4097 -4225 -4225 -4225 -4097 -4097 -4227 -4225 -4225 -4225 -4097 -4225 -4097 -4097 -4353 -4225 
5 -4225 -4097 -3969 -4225 -4097 -4097 -4097 -4097 -4097 
CPU side received count (scaleup: 6): -6669 -6702 -6666 -6661 -6690 -6661 -6705 -6743 # -4225 -4097 -4225 -4225 -4225 -4225 -409CPU side received count (scaleup: 3): -6754 -6645 -6526 -6612 -6805 -6585 -6802 -6725 # -4097 -4225 -4353 -4097 -4097 -4225 -4097 -4097 -4225 -4097 -4225 -4225 -4225 -4225 -4225 -4097 
9 -4097 -4225 -4097 -4225 -4097 -4225 -4225 -4097 -4097 
5 -4225 -4225 -4225 -4097 -4097 -4225 -4225 -4097 -4225 
5 -4225 -4225 -4225 -4097 -4225 -4225 -4097 -4225 -4097 
7 -4097 -4225 -4097 -4225 -4097 -4097 -4225 -4225 -4097 
7 -4225 -4225 -4097 -4225 -4225 -4097 -4097 -4097 -4225 
Elastic buffer uses 4 channels per SM
Elastic buffer uses 4 channels per SM
Elastic buffer uses 4 channels per SM
Elastic buffer uses 4 channels per SM
Elastic buffer uses 4 channels per SM
Elastic buffer uses 4 channels per SM
Elastic buffer uses 4 channels per SM
Elastic buffer uses 4 channels per SM
CPU side received count (scaleup: 3): -6754 -6645 -6526 -6612 -6805 -6585 -6802 -6725 # -4097 -4225 -4353 -4097 -4097 -4225 -409CPU side received count (scaleup: 1): -6712 -6615 -6748 -6629 -6555 -6709 -6626 -6672 # -4225 -4225 -4097 -4097 -4097 -4097 -422CPU side received count (scaleup: 6): -6669 -6702 -6666 -6661 -6690 -6661 -6705 -6743 # -4225 -4097 -4225 -4225 -4225 -4225 -409CPU side received count (scaleup: 5): -6681 -6646 -6837 -6635 -6563 -6625 -6615 -6655 # -4225 -4097 -4225 -4097 -4225 -4097 -3967 -4225 -4225 -4097 -4225 -4225 -4097 -4097 -4097 -4225 
CPU side received count (scaleup: 2): -6659 -6640 -6836 -6721 -6729 -6650 -6741 -6623 # -4097 -4097 -4225 -4225 -4225 -4097 -409CPU side received count (scaleup: 0): -6725 -6705 -6696 -6692 -6675 -6737 -6653 -6566 # -4097 -4225 -4225 -4225 -4097 -4097 -4227 -4097 -4225 -4097 -4225 -4097 -4097 -4225 -4225 -4097 
CPU side received count (scaleup: 4): -6689 -6699 -6765 -6714 -6640 -6706 -6649 -6752 # -4225 -4097 -4225 -4097 -4097 -4225 -4225 -4225 -4097 -3969 -4225 -4097 -4097 -4097 -4097 -4097 
9 -4097 -4225 -4097 -4225 -4097 -4225 -4225 -4097 -4097 
7 -4097 -4225 -4097 -4225 -4225 -4225 -4225 -4225 -4097 
5 -4225 -4225 -4225 -4097 -4225 -4225 -4097 -4225 -4097 
5 -4225 -4225 -4225 -4097 -4097 -4225 -4225 -4097 -4225 
CPU side received count (scaleup: 7): -6733 -6671 -6738 -6718 -6771 -6676 -6664 -6710 # -4225 -4225 -4225 -4225 -4097 -4097 -4097 -4225 -4225 -4225 -4097 -4225 -4097 -4097 -4353 -4225 
Elastic buffer uses 4 channels per SM
Elastic buffer uses 4 channels per SM
Elastic buffer uses 4 channels per SM
Elastic buffer uses 4 channels per SM
Elastic buffer uses 4 channels per SM
Elastic buffer uses 4 channels per SM
Elastic buffer uses 4 channels per SM
Elastic buffer uses 4 channels per SM
CPU side received count (scaleup: 5): -6681 -6646 -6837 -6635 -6563 -6625 -6615 -6655 # -4225 -4097 -4225 -4097 -4225 -4097 -396CPU side received count (scaleup: 2): -6659 -6640 -6836 -6721 -6729 -6650 -6741 -6623 # -4097 -4097 -4225 -4225 -4225 -4097 -409CPU side received count (scaleup: 1): -6712 -6615 -6748 -6629 -6555 -6709 -6626 -6672 # -4225 -4225 -4097 -4097 -4097 -4097 -422CPU side received count (scaleup: 0): -6725 -6705 -6696 -6692 -6675 -6737 -6653 -6566 # -4097 -4225 -4225 -4225 -4097 -4097 -4227 -4097 -4225 -4097 -4225 -4225 -4225 -4225 -4225 -4097 
5 -4225 -4097 -3969 -4225 -4097 -4097 -4097 -4097 -4097 
CPU side received count (scaleup: 3): -6754 -6645 -6526 -6612 -6805 -6585 -6802 -6725 # -4097 -4225 -4353 -4097 -4097 -4225 -4099 -4097 -4225 -4097 -4225 -4097 -4225 -4225 -4097 -4097 
5 -4225 -4225 -4225 -4097 -4225 -4225 -4097 -4225 -4097 
7 -4225 -4225 -4097 -4225 -4225 -4097 -4097 -4097 -4225 
CPU side received count (scaleup: 7): -6733 -6671 -6738 -6718 -6771 -6676 -6664 -6710 # -4225 -4225 -4225 -4225 -4097 -4097 -409CPU side received count (scaleup: 6): -6669 -6702 -6666 -6661 -6690 -6661 -6705 -6743 # -4225 -4097 -4225 -4225 -4225 -4225 -4097 -4225 -4225 -4225 -4097 -4225 -4097 -4097 -4353 -4225 
7 -4097 -4225 -4097 -4225 -4097 -4097 -4225 -4225 -4097 
CPU side received count (scaleup: 4): -6689 -6699 -6765 -6714 -6640 -6706 -6649 -6752 # -4225 -4097 -4225 -4097 -4097 -4225 -4225 -4225 -4225 -4225 -4097 -4097 -4225 -4225 -4097 -4225 
Elastic buffer uses 4 channels per SM
Elastic buffer uses 4 channels per SM
Elastic buffer uses 4 channels per SM
Elastic buffer uses 4 channels per SM
Elastic buffer uses 4 channels per SM
Elastic buffer uses 4 channels per SM
Elastic buffer uses 4 channels per SM
Elastic buffer uses 4 channels per SM
CPU side received count (scaleup: 4): -6689 -6699 -6765 -6714 -6640 -6706 -6649 -6752 # -4225 -4097 -4225 -4097 -4097 -4225 -422CPU side received count (scaleup: 5): -6681 -6646 -6837 -6635 -6563 -6625 -6615 -6655 # -4225 -4097 -4225 -4097 -4225 -4097 -396CPU side received count (scaleup: 3): -6754 -6645 -6526 -6612 -6805 -6585 -6802 -6725 # -4097 -4225 -4353 -4097 -4097 -4225 -409CPU side received count (scaleup: 6): -6669 -6702 -6666 -6661 -6690 -6661 -6705 -6743 # -4225 -4097 -4225 -4225 -4225 -4225 -409CPU side received count (scaleup: 2): -6659 -6640 -6836 -6721 -6729 -6650 -6741 -6623 # -4097 -4097 -4225 -4225 -4225 -4097 -409CPU side received count (scaleup: 0): -6725 -6705 -6696 -6692 -6675 -6737 -6653 -6566 # -4097 -4225 -4225 -4225 -4097 -4097 -422CPU side received count (scaleup: 7): -6733 -6671 -6738 -6718 -6771 -6676 -6664 -6710 # -4225 -4225 -4225 -4225 -4097 -4097 -4097 -4225 -4225 -4097 -4225 -4225 -4097 -4097 -4097 -4225 
7 -4097 -4225 -4097 -4225 -4225 -4225 -4225 -4225 -4097 
5 -4225 -4225 -4225 -4097 -4097 -4225 -4225 -4097 -4225 
9 -4097 -4225 -4097 -4225 -4097 -4225 -4225 -4097 -4097 
7 -4097 -4225 -4097 -4225 -4097 -4097 -4225 -4225 -4097 
5 -4225 -4225 -4225 -4097 -4225 -4225 -4097 -4225 -4097 
7 -4225 -4225 -4225 -4097 -4225 -4097 -4097 -4353 -4225 
CPU side received count (scaleup: 1): -6712 -6615 -6748 -6629 -6555 -6709 -6626 -6672 # -4225 -4225 -4097 -4097 -4097 -4097 -4225 -4225 -4097 -3969 -4225 -4097 -4097 -4097 -4097 -4097 
Elastic buffer uses 4 channels per SM
Elastic buffer uses 4 channels per SM
Elastic buffer uses 4 channels per SM
Elastic buffer uses 4 channels per SM
Elastic buffer uses 4 channels per SM
Elastic buffer uses 4 channels per SM
Elastic buffer uses 4 channels per SM
Elastic buffer uses 4 channels per SM
USDT:2026-08-25 02:18:50 435:435 SyncActivityProfilerHandler.cpp:52] profiler_startUSDT:2026-08-25 02:18:50 431:431 SyncActivityProfilerHandler.cpp:52] profiler_startUSDT:2026-08-25 02:18:50 432:432 SyncActivityProfilerHandler.cpp:52] profiler_startUSDT:2026-08-25 02:18:50 438:438 SyncActivityProfilerHandler.cpp:52] profiler_startUSDT:2026-08-25 02:18:50 433:433 SyncActivityProfilerHandler.cpp:52] profiler_startUSDT:2026-08-25 02:18:50 434:434 SyncActivityProfilerHandler.cpp:52] profiler_start





USDT:2026-08-25 02:18:50 436:436 SyncActivityProfilerHandler.cpp:52] profiler_startUSDT:2026-08-25 02:18:50 437:437 SyncActivityProfilerHandler.cpp:52] profiler_start

CPU side received count (scaleup: 0): -6725 -6705 -6696 -6692 -6675 -6737 -6653 -6566 # -4097 -4225 -4225 -4225 -4097 -4097 -422CPU side received count (scaleup: 3): -6754 -6645 -6526 -6612 -6805 -6585 -6802 -6725 # -4097 -4225 -4353 -4097 -4097 -4225 -409CPU side received count (scaleup: 1): -6712 -6615 -6748 -6629 -6555 -6709 -6626 -6672 # -4225 -4225 -4097 -4097 -4097 -4097 -4225 -4225 -4225 -4225 -4097 -4225 -4225 -4097 -4225 -4097 
CPU side received count (scaleup: 4): -6689 -6699 -6765 -6714 -6640 -6706 -6649 -6752 # -4225 -4097 -4225 -4097 -4097 -4225 -422CPU side received count (scaleup: 7): -6733 -6671 -6738 -6718 -6771 -6676 -6664 -6710 # -4225 -4225 -4225 -4225 -4097 -4097 -409CPU side received count (scaleup: 5): -6681 -6646 -6837 -6635 -6563 -6625 -6615 -6655 # -4225 -4097 -4225 -4097 -4225 -4097 -3965 -4225 -4225 -4225 -4097 -4097 -4225 -4225 -4097 -4225 
9 -4097 -4225 -4097 -4225 -4097 -4225 -4225 -4097 -4097 
CPU side received count (scaleup: 2): -6659 -6640 -6836 -6721 -6729 -6650 -6741 -6623 # -4097 -4097 -4225 -4225 -4225 -4097 -409CPU side received count (scaleup: 6): -6669 -6702 -6666 -6661 -6690 -6661 -6705 -6743 # -4225 -4097 -4225 -4225 -4225 -4225 -4097 -4225 -4225 -4097 -4225 -4225 -4097 -4097 -4097 -4225 
5 -4225 -4097 -3969 -4225 -4097 -4097 -4097 -4097 -4097 
7 -4225 -4225 -4225 -4097 -4225 -4097 -4097 -4353 -4225 
7 -4097 -4225 -4097 -4225 -4225 -4225 -4225 -4225 -4097 
7 -4097 -4225 -4097 -4225 -4097 -4097 -4225 -4225 -4097 
Elastic buffer uses 4 channels per SM
Elastic buffer uses 4 channels per SM
Elastic buffer uses 4 channels per SM
Elastic buffer uses 4 channels per SM
Elastic buffer uses 4 channels per SM
Elastic buffer uses 4 channels per SM
Elastic buffer uses 4 channels per SM
Elastic buffer uses 4 channels per SM
CPU side received count (scaleup: 7): -6733 -6671 -6738 -6718 -6771 -6676 -6664 -6710 # -4225 -4225 -4225 -4225 -4097 -4097 -409CPU side received count (scaleup: 6): -6669 -6702 -6666 -6661 -6690 -6661 -6705 -6743 # -4225 -4097 -4225 -4225 -4225 -4225 -409CPU side received count (scaleup: 3): -6754 -6645 -6526 -6612 -6805 -6585 -6802 -6725 # -4097 -4225 -4353 -4097 -4097 -4225 -409CPU side received count (scaleup: 5): -6681 -6646 -6837 -6635 -6563 -6625 -6615 -6655 # -4225 -4097 -4225 -4097 -4225 -4097 -396CPU side received count (scaleup: 2): -6659 -6640 -6836 -6721 -6729 -6650 -6741 -6623 # -4097 -4097 -4225 -4225 -4225 -4097 -409CPU side received count (scaleup: 1): -6712 -6615 -6748 -6629 -6555 -6709 -6626 -6672 # -4225 -4225 -4097 -4097 -4097 -4097 -4227 -4225 -4225 -4225 -4097 -4225 -4097 -4097 -4353 -4225 
CPU side received count (scaleup: 0): -6725 -6705 -6696 -6692 -6675 -6737 -6653 -6566 # -4097 -4225 -4225 -4225 -4097 -4097 -422CPU side received count (scaleup: 4): -6689 -6699 -6765 -6714 -6640 -6706 -6649 -6752 # -4225 -4097 -4225 -4097 -4097 -4225 -4227 -4097 -4225 -4097 -4225 -4097 -4097 -4225 -4225 -4097 
7 -4225 -4225 -4097 -4225 -4225 -4097 -4097 -4097 -4225 
9 -4097 -4225 -4097 -4225 -4097 -4225 -4225 -4097 -4097 
5 -4225 -4097 -3969 -4225 -4097 -4097 -4097 -4097 -4097 
5 -4225 -4225 -4225 -4097 -4225 -4225 -4097 -4225 -4097 
7 -4097 -4225 -4097 -4225 -4225 -4225 -4225 -4225 -4097 
5 -4225 -4225 -4225 -4097 -4097 -4225 -4225 -4097 -4225 
Elastic buffer uses 4 channels per SM
Elastic buffer uses 4 channels per SM
Elastic buffer uses 4 channels per SM
Elastic buffer uses 4 channels per SM
Elastic buffer uses 4 channels per SM
Elastic buffer uses 4 channels per SM
Elastic buffer uses 4 channels per SM
Elastic buffer uses 4 channels per SM
CPU side received count (scaleup: 5): -6681 -6646 -6837 -6635 -6563 -6625 -6615 -6655 # -4225 -4097 -4225 -4097 -4225 -4097 -396CPU side received count (scaleup: 6): -6669 -6702 -6666 -6661 -6690 -6661 -6705 -6743 # -4225 -4097 -4225 -4225 -4225 -4225 -409CPU side received count (scaleup: 3): -6754 -6645 -6526 -6612 -6805 -6585 -6802 -6725 # -4097 -4225 -4353 -4097 -4097 -4225 -409CPU side received count (scaleup: 4): -6689 -6699 -6765 -6714 -6640 -6706 -6649 -6752 # -4225 -4097 -4225 -4097 -4097 -4225 -4229 -4097 -4225 -4097 -4225 -4097 -4225 -4225 -4097 -4097 
CPU side received count (scaleup: 0): -6725 -6705 -6696 -6692 -6675 -6737 -6653 -6566 # -4097 -4225 -4225 -4225 -4097 -4097 -422CPU side received count (scaleup: 7): -6733 -6671 -6738 -6718 -6771 -6676 -6664 -6710 # -4225 -4225 -4225 -4225 -4097 -4097 -409CPU side received count (scaleup: 2): -6659 -6640 -6836 -6721 -6729 -6650 -6741 -6623 # -4097 -4097 -4225 -4225 -4225 -4097 -4097 -4097 -4225 -4097 -4225 -4097 -4097 -4225 -4225 -4097 
CPU side received count (scaleup: 1): -6712 -6615 -6748 -6629 -6555 -6709 -6626 -6672 # -4225 -4225 -4097 -4097 -4097 -4097 -4227 -4225 -4225 -4097 -4225 -4225 -4097 -4097 -4097 -4225 
5 -4225 -4225 -4225 -4097 -4097 -4225 -4225 -4097 -4225 
5 -4225 -4225 -4225 -4097 -4225 -4225 -4097 -4225 -4097 
7 -4225 -4225 -4225 -4097 -4225 -4097 -4097 -4353 -4225 
7 -4097 -4225 -4097 -4225 -4225 -4225 -4225 -4225 -4097 
5 -4225 -4097 -3969 -4225 -4097 -4097 -4097 -4097 -4097 
Elastic buffer uses 4 channels per SM
Elastic buffer uses 4 channels per SM
Elastic buffer uses 4 channels per SM
Elastic buffer uses 4 channels per SM
Elastic buffer uses 4 channels per SM
Elastic buffer uses 4 channels per SM
Elastic buffer uses 4 channels per SM
Elastic buffer uses 4 channels per SM
CPU side received count (scaleup: 5): -6681 -6646 -6837 -6635 -6563 -6625 -6615 -6655 # -4225 -4097 -4225 -4097 -4225 -4097 -396CPU side received count (scaleup: 7): -6733 -6671 -6738 -6718 -6771 -6676 -6664 -6710 # -4225 -4225 -4225 -4225 -4097 -4097 -409CPU side received count (scaleup: 4): -6689 -6699 -6765 -6714 -6640 -6706 -6649 -6752 # -4225 -4097 -4225 -4097 -4097 -4225 -422CPU side received count (scaleup: 0): -6725 -6705 -6696 -6692 -6675 -6737 -6653 -6566 # -4097 -4225 -4225 -4225 -4097 -4097 -422CPU side received count (scaleup: 2): -6659 -6640 -6836 -6721 -6729 -6650 -6741 -6623 # -4097 -4097 -4225 -4225 -4225 -4097 -4099 -4097 -4225 -4097 -4225 -4097 -4225 -4225 -4097 -4097 
7 -4225 -4225 -4225 -4097 -4225 -4097 -4097 -4353 -4225 
CPU side received count (scaleup: 3): -6754 -6645 -6526 -6612 -6805 -6585 -6802 -6725 # -4097 -4225 -4353 -4097 -4097 -4225 -409CPU side received count (scaleup: 6): -6669 -6702 -6666 -6661 -6690 -6661 -6705 -6743 # -4225 -4097 -4225 -4225 -4225 -4225 -409CPU side received count (scaleup: 1): -6712 -6615 -6748 -6629 -6555 -6709 -6626 -6672 # -4225 -4225 -4097 -4097 -4097 -4097 -4227 -4097 -4225 -4097 -4225 -4225 -4225 -4225 -4225 -4097 
5 -4225 -4225 -4225 -4097 -4097 -4225 -4225 -4097 -4225 
5 -4225 -4225 -4225 -4097 -4225 -4225 -4097 -4225 -4097 
7 -4225 -4225 -4097 -4225 -4225 -4097 -4097 -4097 -4225 
7 -4097 -4225 -4097 -4225 -4097 -4097 -4225 -4225 -4097 
5 -4225 -4097 -3969 -4225 -4097 -4097 -4097 -4097 -4097 
Elastic buffer uses 4 channels per SM
Elastic buffer uses 4 channels per SM
Elastic buffer uses 4 channels per SM
Elastic buffer uses 4 channels per SM
Elastic buffer uses 4 channels per SM
Elastic buffer uses 4 channels per SM
Elastic buffer uses 4 channels per SM
Elastic buffer uses 4 channels per SM
CPU side received count (scaleup: 5): -6681 -6646 -6837 -6635 -6563 -6625 -6615 -6655 # -4225 -4097 -4225 -4097 -4225 -4097 -396CPU side received count (scaleup: 4): -6689 -6699 -6765 -6714 -6640 -6706 -6649 -6752 # -4225 -4097 -4225 -4097 -4097 -4225 -4229 -4097 -4225 -4097 -4225 -4097 -4225 -4225 -4097 -4097 
5 -4225 -4225 -4225 -4097 -4097 -4225 -4225 -4097 -4225 
CPU side received count (scaleup: 3): -6754 -6645 -6526 -6612 -6805 -6585 -6802 -6725 # -4097 -4225 -4353 -4097 -4097 -4225 -409CPU side received count (scaleup: 0): -6725 -6705 -6696 -6692 -6675 -6737 -6653 -6566 # -4097 -4225 -4225 -4225 -4097 -4097 -422CPU side received count (scaleup: 6): -6669 -6702 -6666 -6661 -6690 -6661 -6705 -6743 # -4225 -4097 -4225 -4225 -4225 -4225 -409CPU side received count (scaleup: 1): -6712 -6615 -6748 -6629 -6555 -6709 -6626 -6672 # -4225 -4225 -4097 -4097 -4097 -4097 -4227 -4225 -4225 -4097 -4225 -4225 -4097 -4097 -4097 -4225 
5 -4225 -4097 -3969 -4225 -4097 -4097 -4097 -4097 -4097 
5 -4225 -4225 -4225 -4097 -4225 -4225 -4097 -4225 -4097 
CPU side received count (scaleup: 7): -6733 -6671 -6738 -6718 -6771 -6676 -6664 -6710 # -4225 -4225 -4225 -4225 -4097 -4097 -4097 -4097 -4225 -4097 -4225 -4097 -4097 -4225 -4225 -4097 
7 -4225 -4225 -4225 -4097 -4225 -4097 -4097 -4353 -4225 
CPU side received count (scaleup: 2): -6659 -6640 -6836 -6721 -6729 -6650 -6741 -6623 # -4097 -4097 -4225 -4225 -4225 -4097 -4097 -4097 -4225 -4097 -4225 -4225 -4225 -4225 -4225 -4097 
Elastic buffer uses 4 channels per SM
Elastic buffer uses 4 channels per SM
Elastic buffer uses 4 channels per SM
Elastic buffer uses 4 channels per SM
Elastic buffer uses 4 channels per SM
Elastic buffer uses 4 channels per SM
Elastic buffer uses 4 channels per SM
Elastic buffer uses 4 channels per SM
CPU side received count (scaleup: 3): -6754 -6645 -6526 -6612 -6805 -6585 -6802 -6725 # -4097 -4225 -4353 -4097 -4097 -4225 -409CPU side received count (scaleup: 4): -6689 -6699 -6765 -6714 -6640 -6706 -6649 -6752 # -4225 -4097 -4225 -4097 -4097 -4225 -422CPU side received count (scaleup: 6): -6669 -6702 -6666 -6661 -6690 -6661 -6705 -6743 # -4225 -4097 -4225 -4225 -4225 -4225 -409CPU side received count (scaleup: 5): -6681 -6646 -6837 -6635 -6563 -6625 -6615 -6655 # -4225 -4097 -4225 -4097 -4225 -4097 -396CPU side received count (scaleup: 7): -6733 -6671 -6738 -6718 -6771 -6676 -6664 -6710 # -4225 -4225 -4225 -4225 -4097 -4097 -4097 -4225 -4225 -4097 -4225 -4225 -4097 -4097 -4097 -4225 
CPU side received count (scaleup: 0): -6725 -6705 -6696 -6692 -6675 -6737 -6653 -6566 # -4097 -4225 -4225 -4225 -4097 -4097 -422CPU side received count (scaleup: 1): -6712 -6615 -6748 -6629 -6555 -6709 -6626 -6672 # -4225 -4225 -4097 -4097 -4097 -4097 -4229 -4097 -4225 -4097 -4225 -4097 -4225 -4225 -4097 -4097 
CPU side received count (scaleup: 2): -6659 -6640 -6836 -6721 -6729 -6650 -6741 -6623 # -4097 -4097 -4225 -4225 -4225 -4097 -4095 -4225 -4225 -4225 -4097 -4097 -4225 -4225 -4097 -4225 
7 -4097 -4225 -4097 -4225 -4097 -4097 -4225 -4225 -4097 
5 -4225 -4225 -4225 -4097 -4225 -4225 -4097 -4225 -4097 
5 -4225 -4097 -3969 -4225 -4097 -4097 -4097 -4097 -4097 
7 -4225 -4225 -4225 -4097 -4225 -4097 -4097 -4353 -4225 
7 -4097 -4225 -4097 -4225 -4225 -4225 -4225 -4225 -4097 
Elastic buffer uses 4 channels per SM
Elastic buffer uses 4 channels per SM
Elastic buffer uses 4 channels per SM
Elastic buffer uses 4 channels per SM
Elastic buffer uses 4 channels per SM
Elastic buffer uses 4 channels per SM
Elastic buffer uses 4 channels per SM
Elastic buffer uses 4 channels per SM
CPU side received count (scaleup: 5): -6681 -6646 -6837 -6635 -6563 -6625 -6615 -6655 # -4225 -4097 -4225 -4097 -4225 -4097 -396CPU side received count (scaleup: 4): -6689 -6699 -6765 -6714 -6640 -6706 -6649 -6752 # -4225 -4097 -4225 -4097 -4097 -4225 -422CPU side received count (scaleup: 6): -6669 -6702 -6666 -6661 -6690 -6661 -6705 -6743 # -4225 -4097 -4225 -4225 -4225 -4225 -409CPU side received count (scaleup: 7): -6733 -6671 -6738 -6718 -6771 -6676 -6664 -6710 # -4225 -4225 -4225 -4225 -4097 -4097 -409CPU side received count (scaleup: 2): -6659 -6640 -6836 -6721 -6729 -6650 -6741 -6623 # -4097 -4097 -4225 -4225 -4225 -4097 -4095 -4225 -4225 -4225 -4097 -4097 -4225 -4225 -4097 -4225 
7 -4097 -4225 -4097 -4225 -4097 -4097 -4225 -4225 -4097 
7 -4097 -4225 -4097 -4225 -4225 -4225 -4225 -4225 -4097 
7 -4225 -4225 -4225 -4097 -4225 -4097 -4097 -4353 -4225 
9 -4097 -4225 -4097 -4225 -4097 -4225 -4225 -4097 -4097 
CPU side received count (scaleup: 1): -6712 -6615 -6748 -6629 -6555 -6709 -6626 -6672 # -4225 -4225 -4097 -4097 -4097 -4097 -422CPU side received count (scaleup: 0): -6725 -6705 -6696 -6692 -6675 -6737 -6653 -6566 # -4097 -4225 -4225 -4225 -4097 -4097 -4225 -4225 -4097 -3969 -4225 -4097 -4097 -4097 -4097 -4097 
5 -4225 -4225 -4225 -4097 -4225 -4225 -4097 -4225 -4097 
CPU side received count (scaleup: 3): -6754 -6645 -6526 -6612 -6805 -6585 -6802 -6725 # -4097 -4225 -4353 -4097 -4097 -4225 -4097 -4225 -4225 -4097 -4225 -4225 -4097 -4097 -4097 -4225 
Elastic buffer uses 4 channels per SM
Elastic buffer uses 4 channels per SM
Elastic buffer uses 4 channels per SM
Elastic buffer uses 4 channels per SM
Elastic buffer uses 4 channels per SM
Elastic buffer uses 4 channels per SM
Elastic buffer uses 4 channels per SM
Elastic buffer uses 4 channels per SM
CPU side received count (scaleup: 3): -6754 -6645 -6526 -6612 -6805 -6585 -6802 -6725 # -4097 -4225 -4353 -4097 -4097 -4225 -409CPU side received count (scaleup: 5): -6681 -6646 -6837 -6635 -6563 -6625 -6615 -6655 # -4225 -4097 -4225 -4097 -4225 -4097 -396CPU side received count (scaleup: 2): -6659 -6640 -6836 -6721 -6729 -6650 -6741 -6623 # -4097 -4097 -4225 -4225 -4225 -4097 -4097 -4225 -4225 -4097 -4225 -4225 -4097 -4097 -4097 -4225 
CPU side received count (scaleup: 1): -6712 -6615 -6748 -6629 -6555 -6709 -6626 -6672 # -4225 -4225 -4097 -4097 -4097 -4097 -422CPU side received count (scaleup: 6): -6669 -6702 -6666 -6661 -6690 -6661 -6705 -6743 # -4225 -4097 -4225 -4225 -4225 -4225 -409CPU side received count (scaleup: 7): -6733 -6671 -6738 -6718 -6771 -6676 -6664 -6710 # -4225 -4225 -4225 -4225 -4097 -4097 -409CPU side received count (scaleup: 0): -6725 -6705 -6696 -6692 -6675 -6737 -6653 -6566 # -4097 -4225 -4225 -4225 -4097 -4097 -4227 -4225 -4225 -4225 -4097 -4225 -4097 -4097 -4353 -4225 
9 -4097 -4225 -4097 -4225 -4097 -4225 -4225 -4097 -4097 
7 -4097 -4225 -4097 -4225 -4225 -4225 -4225 -4225 -4097 
5 -4225 -4097 -3969 -4225 -4097 -4097 -4097 -4097 -4097 
7 -4097 -4225 -4097 -4225 -4097 -4097 -4225 -4225 -4097 
5 -4225 -4225 -4225 -4097 -4225 -4225 -4097 -4225 -4097 
CPU side received count (scaleup: 4): -6689 -6699 -6765 -6714 -6640 -6706 -6649 -6752 # -4225 -4097 -4225 -4097 -4097 -4225 -4225 -4225 -4225 -4225 -4097 -4097 -4225 -4225 -4097 -4225 
Elastic buffer uses 4 channels per SM
Elastic buffer uses 4 channels per SM
Elastic buffer uses 4 channels per SM
Elastic buffer uses 4 channels per SM
Elastic buffer uses 4 channels per SM
Elastic buffer uses 4 channels per SM
Elastic buffer uses 4 channels per SM
Elastic buffer uses 4 channels per SM
CPU side received count (scaleup: 7): -6733 -6671 -6738 -6718 -6771 -6676 -6664 -6710 # -4225 -4225 -4225 -4225 -4097 -4097 -409CPU side received count (scaleup: 4): -6689 -6699 -6765 -6714 -6640 -6706 -6649 -6752 # -4225 -4097 -4225 -4097 -4097 -4225 -422CPU side received count (scaleup: 3): -6754 -6645 -6526 -6612 -6805 -6585 -6802 -6725 # -4097 -4225 -4353 -4097 -4097 -4225 -409CPU side received count (scaleup: 6): -6669 -6702 -6666 -6661 -6690 -6661 -6705 -6743 # -4225 -4097 -4225 -4225 -4225 -4225 -409CPU side received count (scaleup: 1): -6712 -6615 -6748 -6629 -6555 -6709 -6626 -6672 # -4225 -4225 -4097 -4097 -4097 -4097 -422CPU side received count (scaleup: 5): -6681 -6646 -6837 -6635 -6563 -6625 -6615 -6655 # -4225 -4097 -4225 -4097 -4225 -4097 -3967 -4225 -4225 -4225 -4097 -4225 -4097 -4097 -4353 -4225 
CPU side received count (scaleup: 0): -6725 -6705 -6696 -6692 -6675 -6737 -6653 -6566 # -4097 -4225 -4225 -4225 -4097 -4097 -422CPU side received count (scaleup: 2): -6659 -6640 -6836 -6721 -6729 -6650 -6741 -6623 # -4097 -4097 -4225 -4225 -4225 -4097 -4097 -4225 -4225 -4097 -4225 -4225 -4097 -4097 -4097 -4225 
7 -4097 -4225 -4097 -4225 -4097 -4097 -4225 -4225 -4097 
5 -4225 -4097 -3969 -4225 -4097 -4097 -4097 -4097 -4097 
5 -4225 -4225 -4225 -4097 -4097 -4225 -4225 -4097 -4225 
9 -4097 -4225 -4097 -4225 -4097 -4225 -4225 -4097 -4097 
5 -4225 -4225 -4225 -4097 -4225 -4225 -4097 -4225 -4097 
7 -4097 -4225 -4097 -4225 -4225 -4225 -4225 -4225 -4097 
Elastic buffer uses 4 channels per SM
Elastic buffer uses 4 channels per SM
Elastic buffer uses 4 channels per SM
Elastic buffer uses 4 channels per SM
Elastic buffer uses 4 channels per SM
Elastic buffer uses 4 channels per SM
Elastic buffer uses 4 channels per SM
Elastic buffer uses 4 channels per SM
CPU side received count (scaleup: 7): -6733 -6671 -6738 -6718 -6771 -6676 -6664 -6710 # -4225 -4225 -4225 -4225 -4097 -4097 -409CPU side received count (scaleup: 5): -6681 -6646 -6837 -6635 -6563 -6625 -6615 -6655 # -4225 -4097 -4225 -4097 -4225 -4097 -396CPU side received count (scaleup: 1): -6712 -6615 -6748 -6629 -6555 -6709 -6626 -6672 # -4225 -4225 -4097 -4097 -4097 -4097 -422CPU side received count (scaleup: 2): -6659 -6640 -6836 -6721 -6729 -6650 -6741 -6623 # -4097 -4097 -4225 -4225 -4225 -4097 -409CPU side received count (scaleup: 3): -6754 -6645 -6526 -6612 -6805 -6585 -6802 -6725 # -4097 -4225 -4353 -4097 -4097 -4225 -409CPU side received count (scaleup: 4): -6689 -6699 -6765 -6714 -6640 -6706 -6649 -6752 # -4225 -4097 -4225 -4097 -4097 -4225 -4225 -4225 -4097 -3969 -4225 -4097 -4097 -4097 -4097 -4097 
7 -4225 -4225 -4225 -4097 -4225 -4097 -4097 -4353 -4225 
9 -4097 -4225 -4097 -4225 -4097 -4225 -4225 -4097 -4097 
7 -4097 -4225 -4097 -4225 -4225 -4225 -4225 -4225 -4097 
7 -4225 -4225 -4097 -4225 -4225 -4097 -4097 -4097 -4225 
5 -4225 -4225 -4225 -4097 -4097 -4225 -4225 -4097 -4225 
CPU side received count (scaleup: 6): -6669 -6702 -6666 -6661 -6690 -6661 -6705 -6743 # -4225 -4097 -4225 -4225 -4225 -4225 -4097 -4097 -4225 -4097 -4225 -4097 -4097 -4225 -4225 -4097 
CPU side received count (scaleup: 0): -6725 -6705 -6696 -6692 -6675 -6737 -6653 -6566 # -4097 -4225 -4225 -4225 -4097 -4097 -4225 -4225 -4225 -4225 -4097 -4225 -4225 -4097 -4225 -4097 
Elastic buffer uses 4 channels per SM
Elastic buffer uses 4 channels per SM
Elastic buffer uses 4 channels per SM
Elastic buffer uses 4 channels per SM
Elastic buffer uses 4 channels per SM
Elastic buffer uses 4 channels per SM
Elastic buffer uses 4 channels per SM
Elastic buffer uses 4 channels per SM
CPU side received count (scaleup: 3): -6754 -6645 -6526 -6612 -6805 -6585 -6802 -6725 # -4097 -4225 -4353 -4097 -4097 -4225 -409CPU side received count (scaleup: 7): -6733 -6671 -6738 -6718 -6771 -6676 -6664 -6710 # -4225 -4225 -4225 -4225 -4097 -4097 -409CPU side received count (scaleup: 2): -6659 -6640 -6836 -6721 -6729 -6650 -6741 -6623 # -4097 -4097 -4225 -4225 -4225 -4097 -409CPU side received count (scaleup: 6): -6669 -6702 -6666 -6661 -6690 -6661 -6705 -6743 # -4225 -4097 -4225 -4225 -4225 -4225 -4097 -4225 -4225 -4097 -4225 -4225 -4097 -4097 -4097 -4225 
CPU side received count (scaleup: 0): -6725 -6705 -6696 -6692 -6675 -6737 -6653 -6566 # -4097 -4225 -4225 -4225 -4097 -4097 -422CPU side received count (scaleup: 1): -6712 -6615 -6748 -6629 -6555 -6709 -6626 -6672 # -4225 -4225 -4097 -4097 -4097 -4097 -4227 -4225 -4225 -4225 -4097 -4225 -4097 -4097 -4353 -4225 
CPU side received count (scaleup: 4): -6689 -6699 -6765 -6714 -6640 -6706 -6649 -6752 # -4225 -4097 -4225 -4097 -4097 -4225 -422CPU side received count (scaleup: 5): -6681 -6646 -6837 -6635 -6563 -6625 -6615 -6655 # -4225 -4097 -4225 -4097 -4225 -4097 -3967 -4097 -4225 -4097 -4225 -4097 -4097 -4225 -4225 -4097 
7 -4097 -4225 -4097 -4225 -4225 -4225 -4225 -4225 -4097 
5 -4225 -4225 -4225 -4097 -4225 -4225 -4097 -4225 -4097 
5 -4225 -4097 -3969 -4225 -4097 -4097 -4097 -4097 -4097 
5 -4225 -4225 -4225 -4097 -4097 -4225 -4225 -4097 -4225 
9 -4097 -4225 -4097 -4225 -4097 -4225 -4225 -4097 -4097 
Elastic buffer uses 4 channels per SM
Elastic buffer uses 4 channels per SM
Elastic buffer uses 4 channels per SM
Elastic buffer uses 4 channels per SM
Elastic buffer uses 4 channels per SM
Elastic buffer uses 4 channels per SM
Elastic buffer uses 4 channels per SM
Elastic buffer uses 4 channels per SM
CPU side received count (scaleup: 3): -6754 -6645 -6526 -6612 -6805 -6585 -6802 -6725 # -4097 -4225 -4353 -4097 -4097 -4225 -409CPU side received count (scaleup: 6): -6669 -6702 -6666 -6661 -6690 -6661 -6705 -6743 # -4225 -4097 -4225 -4225 -4225 -4225 -409CPU side received count (scaleup: 4): -6689 -6699 -6765 -6714 -6640 -6706 -6649 -6752 # -4225 -4097 -4225 -4097 -4097 -4225 -422CPU side received count (scaleup: 7): -6733 -6671 -6738 -6718 -6771 -6676 -6664 -6710 # -4225 -4225 -4225 -4225 -4097 -4097 -409CPU side received count (scaleup: 2): -6659 -6640 -6836 -6721 -6729 -6650 -6741 -6623 # -4097 -4097 -4225 -4225 -4225 -4097 -4097 -4225 -4225 -4225 -4097 -4225 -4097 -4097 -4353 -4225 
7 -4225 -4225 -4097 -4225 -4225 -4097 -4097 -4097 -4225 
7 -4097 -4225 -4097 -4225 -4097 -4097 -4225 -4225 -4097 
5 -4225 -4225 -4225 -4097 -4097 -4225 -4225 -4097 -4225 
7 -4097 -4225 -4097 -4225 -4225 -4225 -4225 -4225 -4097 
CPU side received count (scaleup: 5): -6681 -6646 -6837 -6635 -6563 -6625 -6615 -6655 # -4225 -4097 -4225 -4097 -4225 -4097 -396CPU side received count (scaleup: 0): -6725 -6705 -6696 -6692 -6675 -6737 -6653 -6566 # -4097 -4225 -4225 -4225 -4097 -4097 -422CPU side received count (scaleup: 1): -6712 -6615 -6748 -6629 -6555 -6709 -6626 -6672 # -4225 -4225 -4097 -4097 -4097 -4097 -4229 -4097 -4225 -4097 -4225 -4097 -4225 -4225 -4097 -4097 
5 -4225 -4225 -4225 -4097 -4225 -4225 -4097 -4225 -4097 
5 -4225 -4097 -3969 -4225 -4097 -4097 -4097 -4097 -4097 
Elastic buffer uses 4 channels per SM
Elastic buffer uses 4 channels per SM
Elastic buffer uses 4 channels per SM
Elastic buffer uses 4 channels per SM
Elastic buffer uses 4 channels per SM
Elastic buffer uses 4 channels per SM
Elastic buffer uses 4 channels per SM
Elastic buffer uses 4 channels per SM
CPU side received count (scaleup: 3): -6754 -6645 -6526 -6612 -6805 -6585 -6802 -6725 # -4097 -4225 -4353 -4097 -4097 -4225 -409CPU side received count (scaleup: 2): -6659 -6640 -6836 -6721 -6729 -6650 -6741 -6623 # -4097 -4097 -4225 -4225 -4225 -4097 -4097 -4225 -4225 -4097 -4225 -4225 -4097 -4097 -4097 -4225 
7 -4097 -4225 -4097 -4225 -4225 -4225 -4225 -4225 -4097 
CPU side received count (scaleup: 7): -6733 -6671 -6738 -6718 -6771 -6676 -6664 -6710 # -4225 -4225 -4225 -4225 -4097 -4097 -409CPU side received count (scaleup: 1): -6712 -6615 -6748 -6629 -6555 -6709 -6626 -6672 # -4225 -4225 -4097 -4097 -4097 -4097 -422CPU side received count (scaleup: 6): -6669 -6702 -6666 -6661 -6690 -6661 -6705 -6743 # -4225 -4097 -4225 -4225 -4225 -4225 -409CPU side received count (scaleup: 0): -6725 -6705 -6696 -6692 -6675 -6737 -6653 -6566 # -4097 -4225 -4225 -4225 -4097 -4097 -422CPU side received count (scaleup: 4): -6689 -6699 -6765 -6714 -6640 -6706 -6649 -6752 # -4225 -4097 -4225 -4097 -4097 -4225 -4227 -4225 -4225 -4225 -4097 -4225 -4097 -4097 -4353 -4225 
5 -4225 -4225 -4225 -4097 -4097 -4225 -4225 -4097 -4225 
5 -4225 -4097 -3969 -4225 -4097 -4097 -4097 -4097 -4097 
7 -4097 -4225 -4097 -4225 -4097 -4097 -4225 -4225 -4097 
5 -4225 -4225 -4225 -4097 -4225 -4225 -4097 -4225 -4097 
CPU side received count (scaleup: 5): -6681 -6646 -6837 -6635 -6563 -6625 -6615 -6655 # -4225 -4097 -4225 -4097 -4225 -4097 -3969 -4097 -4225 -4097 -4225 -4097 -4225 -4225 -4097 -4097 
Elastic buffer uses 4 channels per SM
Elastic buffer uses 4 channels per SM
Elastic buffer uses 4 channels per SM
Elastic buffer uses 4 channels per SM
Elastic buffer uses 4 channels per SM
Elastic buffer uses 4 channels per SM
Elastic buffer uses 4 channels per SM
Elastic buffer uses 4 channels per SM
CPU side received count (scaleup: 7): -6733 -6671 -6738 -6718 -6771 -6676 -6664 -6710 # -4225 -4225 -4225 -4225 -4097 -4097 -409CPU side received count (scaleup: 2): -6659 -6640 -6836 -6721 -6729 -6650 -6741 -6623 # -4097 -4097 -4225 -4225 -4225 -4097 -409CPU side received count (scaleup: 4): -6689 -6699 -6765 -6714 -6640 -6706 -6649 -6752 # -4225 -4097 -4225 -4097 -4097 -4225 -422CPU side received count (scaleup: 5): -6681 -6646 -6837 -6635 -6563 -6625 -6615 -6655 # -4225 -4097 -4225 -4097 -4225 -4097 -396CPU side received count (scaleup: 6): -6669 -6702 -6666 -6661 -6690 -6661 -6705 -6743 # -4225 -4097 -4225 -4225 -4225 -4225 -409CPU side received count (scaleup: 0): -6725 -6705 -6696 -6692 -6675 -6737 -6653 -6566 # -4097 -4225 -4225 -4225 -4097 -4097 -422CPU side received count (scaleup: 3): -6754 -6645 -6526 -6612 -6805 -6585 -6802 -6725 # -4097 -4225 -4353 -4097 -4097 -4225 -4097 -4097 -4225 -4097 -4225 -4225 -4225 -4225 -4225 -4097 
CPU side received count (scaleup: 1): -6712 -6615 -6748 -6629 -6555 -6709 -6626 -6672 # -4225 -4225 -4097 -4097 -4097 -4097 -4227 -4225 -4225 -4225 -4097 -4225 -4097 -4097 -4353 -4225 
9 -4097 -4225 -4097 -4225 -4097 -4225 -4225 -4097 -4097 
5 -4225 -4225 -4225 -4097 -4097 -4225 -4225 -4097 -4225 
5 -4225 -4225 -4225 -4097 -4225 -4225 -4097 -4225 -4097 
7 -4097 -4225 -4097 -4225 -4097 -4097 -4225 -4225 -4097 
7 -4225 -4225 -4097 -4225 -4225 -4097 -4097 -4097 -4225 
5 -4225 -4097 -3969 -4225 -4097 -4097 -4097 -4097 -4097 
Elastic buffer uses 4 channels per SM
Elastic buffer uses 4 channels per SM
Elastic buffer uses 4 channels per SM
Elastic buffer uses 4 channels per SM
Elastic buffer uses 4 channels per SM
Elastic buffer uses 4 channels per SM
Elastic buffer uses 4 channels per SM
Elastic buffer uses 4 channels per SM
CPU side received count (scaleup: 7): -6733 -6671 -6738 -6718 -6771 -6676 -6664 -6710 # -4225 -4225 -4225 -4225 -4097 -4097 -409CPU side received count (scaleup: 2): -6659 -6640 -6836 -6721 -6729 -6650 -6741 -6623 # -4097 -4097 -4225 -4225 -4225 -4097 -409CPU side received count (scaleup: 4): -6689 -6699 -6765 -6714 -6640 -6706 -6649 -6752 # -4225 -4097 -4225 -4097 -4097 -4225 -422CPU side received count (scaleup: 0): -6725 -6705 -6696 -6692 -6675 -6737 -6653 -6566 # -4097 -4225 -4225 -4225 -4097 -4097 -4227 -4225 -4225 -4225 -4097 -4225 -4097 -4097 -4353 -4225 
CPU side received count (scaleup: 1): -6712 -6615 -6748 -6629 -6555 -6709 -6626 -6672 # -4225 -4225 -4097 -4097 -4097 -4097 -4225 -4225 -4225 -4225 -4097 -4097 -4225 -4225 -4097 -4225 
CPU side received count (scaleup: 6): -6669 -6702 -6666 -6661 -6690 -6661 -6705 -6743 # -4225 -4097 -4225 -4225 -4225 -4225 -409CPU side received count (scaleup: 5): -6681 -6646 -6837 -6635 -6563 -6625 -6615 -6655 # -4225 -4097 -4225 -4097 -4225 -4097 -3967 -4097 -4225 -4097 -4225 -4225 -4225 -4225 -4225 -4097 
5 -4225 -4225 -4225 -4097 -4225 -4225 -4097 -4225 -4097 
CPU side received count (scaleup: 3): -6754 -6645 -6526 -6612 -6805 -6585 -6802 -6725 # -4097 -4225 -4353 -4097 -4097 -4225 -4095 -4225 -4097 -3969 -4225 -4097 -4097 -4097 -4097 -4097 
7 -4097 -4225 -4097 -4225 -4097 -4097 -4225 -4225 -4097 
9 -4097 -4225 -4097 -4225 -4097 -4225 -4225 -4097 -4097 
7 -4225 -4225 -4097 -4225 -4225 -4097 -4097 -4097 -4225 
Elastic buffer uses 4 channels per SM
Elastic buffer uses 4 channels per SM
Elastic buffer uses 4 channels per SM
Elastic buffer uses 4 channels per SM
Elastic buffer uses 4 channels per SM
Elastic buffer uses 4 channels per SM
Elastic buffer uses 4 channels per SM
Elastic buffer uses 4 channels per SM
CPU side received count (scaleup: 7): -6733 -6671 -6738 -6718 -6771 -6676 -6664 -6710 # -4225 -4225 -4225 -4225 -4097 -4097 -409CPU side received count (scaleup: 6): -6669 -6702 -6666 -6661 -6690 -6661 -6705 -6743 # -4225 -4097 -4225 -4225 -4225 -4225 -409CPU side received count (scaleup: 2): -6659 -6640 -6836 -6721 -6729 -6650 -6741 -6623 # -4097 -4097 -4225 -4225 -4225 -4097 -409CPU side received count (scaleup: 5): -6681 -6646 -6837 -6635 -6563 -6625 -6615 -6655 # -4225 -4097 -4225 -4097 -4225 -4097 -3967 -4225 -4225 -4225 -4097 -4225 -4097 -4097 -4353 -4225 
CPU side received count (scaleup: 3): -6754 -6645 -6526 -6612 -6805 -6585 -6802 -6725 # -4097 -4225 -4353 -4097 -4097 -4225 -409CPU side received count (scaleup: 4): -6689 -6699 -6765 -6714 -6640 -6706 -6649 -6752 # -4225 -4097 -4225 -4097 -4097 -4225 -4227 -4097 -4225 -4097 -4225 -4225 -4225 -4225 -4225 -4097 
CPU side received count (scaleup: 1): -6712 -6615 -6748 -6629 -6555 -6709 -6626 -6672 # -4225 -4225 -4097 -4097 -4097 -4097 -4227 -4097 -4225 -4097 -4225 -4097 -4097 -4225 -4225 -4097 
7 -4225 -4225 -4097 -4225 -4225 -4097 -4097 -4097 -4225 
9 -4097 -4225 -4097 -4225 -4097 -4225 -4225 -4097 -4097 
5 -4225 -4225 -4225 -4097 -4097 -4225 -4225 -4097 -4225 
5 -4225 -4097 -3969 -4225 -4097 -4097 -4097 -4097 -4097 
CPU side received count (scaleup: 0): -6725 -6705 -6696 -6692 -6675 -6737 -6653 -6566 # -4097 -4225 -4225 -4225 -4097 -4097 -4225 -4225 -4225 -4225 -4097 -4225 -4225 -4097 -4225 -4097 
Elastic buffer uses 4 channels per SM
Elastic buffer uses 4 channels per SM
Elastic buffer uses 4 channels per SM
Elastic buffer uses 4 channels per SM
Elastic buffer uses 4 channels per SM
Elastic buffer uses 4 channels per SM
Elastic buffer uses 4 channels per SM
Elastic buffer uses 4 channels per SM
CPU side received count (scaleup: 7): -6733 -6671 -6738 -6718 -6771 -6676 -6664 -6710 # -4225 -4225 -4225 -4225 -4097 -4097 -409CPU side received count (scaleup: 1): -6712 -6615 -6748 -6629 -6555 -6709 -6626 -6672 # -4225 -4225 -4097 -4097 -4097 -4097 -422CPU side received count (scaleup: 3): -6754 -6645 -6526 -6612 -6805 -6585 -6802 -6725 # -4097 -4225 -4353 -4097 -4097 -4225 -409CPU side received count (scaleup: 2): -6659 -6640 -6836 -6721 -6729 -6650 -6741 -6623 # -4097 -4097 -4225 -4225 -4225 -4097 -4097 -4225 -4225 -4225 -4097 -4225 -4097 -4097 -4353 -4225 
CPU side received count (scaleup: 5): -6681 -6646 -6837 -6635 -6563 -6625 -6615 -6655 # -4225 -4097 -4225 -4097 -4225 -4097 -3965 -4225 -4097 -3969 -4225 -4097 -4097 -4097 -4097 -4097 
CPU side received count (scaleup: 0): -6725 -6705 -6696 -6692 -6675 -6737 -6653 -6566 # -4097 -4225 -4225 -4225 -4097 -4097 -4227 -4225 -4225 -4097 -4225 -4225 -4097 -4097 -4097 -4225 
CPU side received count (scaleup: 4): -6689 -6699 -6765 -6714 -6640 -6706 -6649 -6752 # -4225 -4097 -4225 -4097 -4097 -4225 -422CPU side received count (scaleup: 6): -6669 -6702 -6666 -6661 -6690 -6661 -6705 -6743 # -4225 -4097 -4225 -4225 -4225 -4225 -4095 -4225 -4225 -4225 -4097 -4225 -4225 -4097 -4225 -4097 
7 -4097 -4225 -4097 -4225 -4225 -4225 -4225 -4225 -4097 
7 -4097 -4225 -4097 -4225 -4097 -4097 -4225 -4225 -4097 
9 -4097 -4225 -4097 -4225 -4097 -4225 -4225 -4097 -4097 
5 -4225 -4225 -4225 -4097 -4097 -4225 -4225 -4097 -4225 
Elastic buffer uses 4 channels per SM
Elastic buffer uses 4 channels per SM
Elastic buffer uses 4 channels per SM
Elastic buffer uses 4 channels per SM
Elastic buffer uses 4 channels per SM
Elastic buffer uses 4 channels per SM
Elastic buffer uses 4 channels per SM
Elastic buffer uses 4 channels per SM
CPU side received count (scaleup: 7): -6733 -6671 -6738 -6718 -6771 -6676 -6664 -6710 # -4225 -4225 -4225 -4225 -4097 -4097 -409CPU side received count (scaleup: 5): -6681 -6646 -6837 -6635 -6563 -6625 -6615 -6655 # -4225 -4097 -4225 -4097 -4225 -4097 -396CPU side received count (scaleup: 3): -6754 -6645 -6526 -6612 -6805 -6585 -6802 -6725 # -4097 -4225 -4353 -4097 -4097 -4225 -409CPU side received count (scaleup: 6): -6669 -6702 -6666 -6661 -6690 -6661 -6705 -6743 # -4225 -4097 -4225 -4225 -4225 -4225 -4099 -4097 -4225 -4097 -4225 -4097 -4225 -4225 -4097 -4097 
CPU side received count (scaleup: 1): -6712 -6615 -6748 -6629 -6555 -6709 -6626 -6672 # -4225 -4225 -4097 -4097 -4097 -4097 -422CPU side received count (scaleup: 4): -6689 -6699 -6765 -6714 -6640 -6706 -6649 -6752 # -4225 -4097 -4225 -4097 -4097 -4225 -422CPU side received count (scaleup: 2): -6659 -6640 -6836 -6721 -6729 -6650 -6741 -6623 # -4097 -4097 -4225 -4225 -4225 -4097 -409CPU side received count (scaleup: 0): -6725 -6705 -6696 -6692 -6675 -6737 -6653 -6566 # -4097 -4225 -4225 -4225 -4097 -4097 -4227 -4097 -4225 -4097 -4225 -4097 -4097 -4225 -4225 -4097 
7 -4225 -4225 -4225 -4097 -4225 -4097 -4097 -4353 -4225 
7 -4097 -4225 -4097 -4225 -4225 -4225 -4225 -4225 -4097 
5 -4225 -4225 -4225 -4097 -4097 -4225 -4225 -4097 -4225 
7 -4225 -4225 -4097 -4225 -4225 -4097 -4097 -4097 -4225 
5 -4225 -4097 -3969 -4225 -4097 -4097 -4097 -4097 -4097 
5 -4225 -4225 -4225 -4097 -4225 -4225 -4097 -4225 -4097 
Elastic buffer uses 4 channels per SM
Elastic buffer uses 4 channels per SM
Elastic buffer uses 4 channels per SM
Elastic buffer uses 4 channels per SM
Elastic buffer uses 4 channels per SM
Elastic buffer uses 4 channels per SM
Elastic buffer uses 4 channels per SM
Elastic buffer uses 4 channels per SM
CPU side received count (scaleup: 7): -6733 -6671 -6738 -6718 -6771 -6676 -6664 -6710 # -4225 -4225 -4225 -4225 -4097 -4097 -409CPU side received count (scaleup: 5): -6681 -6646 -6837 -6635 -6563 -6625 -6615 -6655 # -4225 -4097 -4225 -4097 -4225 -4097 -396CPU side received count (scaleup: 6): -6669 -6702 -6666 -6661 -6690 -6661 -6705 -6743 # -4225 -4097 -4225 -4225 -4225 -4225 -409CPU side received count (scaleup: 3): -6754 -6645 -6526 -6612 -6805 -6585 -6802 -6725 # -4097 -4225 -4353 -4097 -4097 -4225 -4097 -4225 -4225 -4225 -4097 -4225 -4097 -4097 -4353 -4225 
9 -4097 -4225 -4097 -4225 -4097 -4225 -4225 -4097 -4097 
CPU side received count (scaleup: 1): -6712 -6615 -6748 -6629 -6555 -6709 -6626 -6672 # -4225 -4225 -4097 -4097 -4097 -4097 -4227 -4097 -4225 -4097 -4225 -4097 -4097 -4225 -4225 -4097 
CPU side received count (scaleup: 0): -6725 -6705 -6696 -6692 -6675 -6737 -6653 -6566 # -4097 -4225 -4225 -4225 -4097 -4097 -422CPU side received count (scaleup: 4): -6689 -6699 -6765 -6714 -6640 -6706 -6649 -6752 # -4225 -4097 -4225 -4097 -4097 -4225 -422CPU side received count (scaleup: 2): -6659 -6640 -6836 -6721 -6729 -6650 -6741 -6623 # -4097 -4097 -4225 -4225 -4225 -4097 -4097 -4225 -4225 -4097 -4225 -4225 -4097 -4097 -4097 -4225 
5 -4225 -4097 -3969 -4225 -4097 -4097 -4097 -4097 -4097 
5 -4225 -4225 -4225 -4097 -4225 -4225 -4097 -4225 -4097 
5 -4225 -4225 -4225 -4097 -4097 -4225 -4225 -4097 -4225 
7 -4097 -4225 -4097 -4225 -4225 -4225 -4225 -4225 -4097 
Elastic buffer uses 4 channels per SM
Elastic buffer uses 4 channels per SM
Elastic buffer uses 4 channels per SM
Elastic buffer uses 4 channels per SM
Elastic buffer uses 4 channels per SM
Elastic buffer uses 4 channels per SM
Elastic buffer uses 4 channels per SM
Elastic buffer uses 4 channels per SM
CPU side received count (scaleup: 7): -6733 -6671 -6738 -6718 -6771 -6676 -6664 -6710 # -4225 -4225 -4225 -4225 -4097 -4097 -409CPU side received count (scaleup: 2): -6659 -6640 -6836 -6721 -6729 -6650 -6741 -6623 # -4097 -4097 -4225 -4225 -4225 -4097 -409CPU side received count (scaleup: 5): -6681 -6646 -6837 -6635 -6563 -6625 -6615 -6655 # -4225 -4097 -4225 -4097 -4225 -4097 -3967 -4225 -4225 -4225 -4097 -4225 -4097 -4097 -4353 -4225 
CPU side received count (scaleup: 1): -6712 -6615 -6748 -6629 -6555 -6709 -6626 -6672 # -4225 -4225 -4097 -4097 -4097 -4097 -422CPU side received count (scaleup: 4): -6689 -6699 -6765 -6714 -6640 -6706 -6649 -6752 # -4225 -4097 -4225 -4097 -4097 -4225 -422CPU side received count (scaleup: 0): -6725 -6705 -6696 -6692 -6675 -6737 -6653 -6566 # -4097 -4225 -4225 -4225 -4097 -4097 -422CPU side received count (scaleup: 6): -6669 -6702 -6666 -6661 -6690 -6661 -6705 -6743 # -4225 -4097 -4225 -4225 -4225 -4225 -4097 -4097 -4225 -4097 -4225 -4225 -4225 -4225 -4225 -4097 
9 -4097 -4225 -4097 -4225 -4097 -4225 -4225 -4097 -4097 
5 -4225 -4097 -3969 -4225 -4097 -4097 -4097 -4097 -4097 
5 -4225 -4225 -4225 -4097 -4097 -4225 -4225 -4097 -4225 
5 -4225 -4225 -4225 -4097 -4225 -4225 -4097 -4225 -4097 
7 -4097 -4225 -4097 -4225 -4097 -4097 -4225 -4225 -4097 
CPU side received count (scaleup: 3): -6754 -6645 -6526 -6612 -6805 -6585 -6802 -6725 # -4097 -4225 -4353 -4097 -4097 -4225 -4097 -4225 -4225 -4097 -4225 -4225 -4097 -4097 -4097 -4225 
Elastic buffer uses 4 channels per SM
Elastic buffer uses 4 channels per SM
Elastic buffer uses 4 channels per SM
Elastic buffer uses 4 channels per SM
Elastic buffer uses 4 channels per SM
Elastic buffer uses 4 channels per SM
Elastic buffer uses 4 channels per SM
Elastic buffer uses 4 channels per SM
CPU side received count (scaleup: 7): -6733 -6671 -6738 -6718 -6771 -6676 -6664 -6710 # -4225 -4225 -4225 -4225 -4097 -4097 -409CPU side received count (scaleup: 2): -6659 -6640 -6836 -6721 -6729 -6650 -6741 -6623 # -4097 -4097 -4225 -4225 -4225 -4097 -409CPU side received count (scaleup: 1): -6712 -6615 -6748 -6629 -6555 -6709 -6626 -6672 # -4225 -4225 -4097 -4097 -4097 -4097 -4227 -4225 -4225 -4225 -4097 -4225 -4097 -4097 -4353 -4225 
7 -4097 -4225 -4097 -4225 -4225 -4225 -4225 -4225 -4097 
CPU side received count (scaleup: 3): -6754 -6645 -6526 -6612 -6805 -6585 -6802 -6725 # -4097 -4225 -4353 -4097 -4097 -4225 -409CPU side received count (scaleup: 6): -6669 -6702 -6666 -6661 -6690 -6661 -6705 -6743 # -4225 -4097 -4225 -4225 -4225 -4225 -409CPU side received count (scaleup: 0): -6725 -6705 -6696 -6692 -6675 -6737 -6653 -6566 # -4097 -4225 -4225 -4225 -4097 -4097 -4225 -4225 -4097 -3969 -4225 -4097 -4097 -4097 -4097 -4097 
7 -4225 -4225 -4097 -4225 -4225 -4097 -4097 -4097 -4225 
CPU side received count (scaleup: 4): -6689 -6699 -6765 -6714 -6640 -6706 -6649 -6752 # -4225 -4097 -4225 -4097 -4097 -4225 -4225 -4225 -4225 -4225 -4097 -4225 -4225 -4097 -4225 -4097 
CPU side received count (scaleup: 5): -6681 -6646 -6837 -6635 -6563 -6625 -6615 -6655 # -4225 -4097 -4225 -4097 -4225 -4097 -3967 -4097 -4225 -4097 -4225 -4097 -4097 -4225 -4225 -4097 
9 -4097 -4225 -4097 -4225 -4097 -4225 -4225 -4097 -4097 
5 -4225 -4225 -4225 -4097 -4097 -4225 -4225 -4097 -4225 
Elastic buffer uses 4 channels per SM
Elastic buffer uses 4 channels per SM
Elastic buffer uses 4 channels per SM
Elastic buffer uses 4 channels per SM
Elastic buffer uses 4 channels per SM
Elastic buffer uses 4 channels per SM
Elastic buffer uses 4 channels per SM
Elastic buffer uses 4 channels per SM
CPU side received count (scaleup: 7): -6733 -6671 -6738 -6718 -6771 -6676 -6664 -6710 # -4225 -4225 -4225 -4225 -4097 -4097 -409CPU side received count (scaleup: 0): -6725 -6705 -6696 -6692 -6675 -6737 -6653 -6566 # -4097 -4225 -4225 -4225 -4097 -4097 -422CPU side received count (scaleup: 2): -6659 -6640 -6836 -6721 -6729 -6650 -6741 -6623 # -4097 -4097 -4225 -4225 -4225 -4097 -409CPU side received count (scaleup: 3): -6754 -6645 -6526 -6612 -6805 -6585 -6802 -6725 # -4097 -4225 -4353 -4097 -4097 -4225 -409CPU side received count (scaleup: 6): -6669 -6702 -6666 -6661 -6690 -6661 -6705 -6743 # -4225 -4097 -4225 -4225 -4225 -4225 -4095 -4225 -4225 -4225 -4097 -4225 -4225 -4097 -4225 -4097 
CPU side received count (scaleup: 1): -6712 -6615 -6748 -6629 -6555 -6709 -6626 -6672 # -4225 -4225 -4097 -4097 -4097 -4097 -422CPU side received count (scaleup: 4): -6689 -6699 -6765 -6714 -6640 -6706 -6649 -6752 # -4225 -4097 -4225 -4097 -4097 -4225 -4227 -4225 -4225 -4225 -4097 -4225 -4097 -4097 -4353 -4225 
7 -4097 -4225 -4097 -4225 -4225 -4225 -4225 -4225 -4097 
7 -4225 -4225 -4097 -4225 -4225 -4097 -4097 -4097 -4225 
7 -4097 -4225 -4097 -4225 -4097 -4097 -4225 -4225 -4097 
5 -4225 -4097 -3969 -4225 -4097 -4097 -4097 -4097 -4097 
5 -4225 -4225 -4225 -4097 -4097 -4225 -4225 -4097 -4225 
CPU side received count (scaleup: 5): -6681 -6646 -6837 -6635 -6563 -6625 -6615 -6655 # -4225 -4097 -4225 -4097 -4225 -4097 -3969 -4097 -4225 -4097 -4225 -4097 -4225 -4225 -4097 -4097 
Elastic buffer uses 4 channels per SM
Elastic buffer uses 4 channels per SM
Elastic buffer uses 4 channels per SM
Elastic buffer uses 4 channels per SM
Elastic buffer uses 4 channels per SM
Elastic buffer uses 4 channels per SM
Elastic buffer uses 4 channels per SM
Elastic buffer uses 4 channels per SM
CPU side received count (scaleup: 5): -6681 -6646 -6837 -6635 -6563 -6625 -6615 -6655 # -4225 -4097 -4225 -4097 -4225 -4097 -396CPU side received count (scaleup: 4): -6689 -6699 -6765 -6714 -6640 -6706 -6649 -6752 # -4225 -4097 -4225 -4097 -4097 -4225 -4229 -4097 -4225 -4097 -4225 -4097 -4225 -4225 -4097 -4097 
5 -4225 -4225 -4225 -4097 -4097 -4225 -4225 -4097 -4225 
CPU side received count (scaleup: 3): -6754 -6645 -6526 -6612 -6805 -6585 -6802 -6725 # -4097 -4225 -4353 -4097 -4097 -4225 -409CPU side received count (scaleup: 7): -6733 -6671 -6738 -6718 -6771 -6676 -6664 -6710 # -4225 -4225 -4225 -4225 -4097 -4097 -409CPU side received count (scaleup: 1): -6712 -6615 -6748 -6629 -6555 -6709 -6626 -6672 # -4225 -4225 -4097 -4097 -4097 -4097 -422CPU side received count (scaleup: 0): -6725 -6705 -6696 -6692 -6675 -6737 -6653 -6566 # -4097 -4225 -4225 -4225 -4097 -4097 -4227 -4225 -4225 -4225 -4097 -4225 -4097 -4097 -4353 -4225 
5 -4225 -4097 -3969 -4225 -4097 -4097 -4097 -4097 -4097 
CPU side received count (scaleup: 6): -6669 -6702 -6666 -6661 -6690 -6661 -6705 -6743 # -4225 -4097 -4225 -4225 -4225 -4225 -4097 -4225 -4225 -4097 -4225 -4225 -4097 -4097 -4097 -4225 
5 -4225 -4225 -4225 -4097 -4225 -4225 -4097 -4225 -4097 
7 -4097 -4225 -4097 -4225 -4097 -4097 -4225 -4225 -4097 
CPU side received count (scaleup: 2): -6659 -6640 -6836 -6721 -6729 -6650 -6741 -6623 # -4097 -4097 -4225 -4225 -4225 -4097 -4097 -4097 -4225 -4097 -4225 -4225 -4225 -4225 -4225 -4097 
Elastic buffer uses 4 channels per SM
Elastic buffer uses 4 channels per SM
Elastic buffer uses 4 channels per SM
Elastic buffer uses 4 channels per SM
Elastic buffer uses 4 channels per SM
Elastic buffer uses 4 channels per SM
Elastic buffer uses 4 channels per SM
Elastic buffer uses 4 channels per SM
CPU side received count (scaleup: 7): -6733 -6671 -6738 -6718 -6771 -6676 -6664 -6710 # -4225 -4225 -4225 -4225 -4097 -4097 -409CPU side received count (scaleup: 3): -6754 -6645 -6526 -6612 -6805 -6585 -6802 -6725 # -4097 -4225 -4353 -4097 -4097 -4225 -409CPU side received count (scaleup: 4): -6689 -6699 -6765 -6714 -6640 -6706 -6649 -6752 # -4225 -4097 -4225 -4097 -4097 -4225 -422CPU side received count (scaleup: 5): -6681 -6646 -6837 -6635 -6563 -6625 -6615 -6655 # -4225 -4097 -4225 -4097 -4225 -4097 -3967 -4225 -4225 -4225 -4097 -4225 -4097 -4097 -4353 -4225 
CPU side received count (scaleup: 6): -6669 -6702 -6666 -6661 -6690 -6661 -6705 -6743 # -4225 -4097 -4225 -4225 -4225 -4225 -409CPU side received count (scaleup: 2): -6659 -6640 -6836 -6721 -6729 -6650 -6741 -6623 # -4097 -4097 -4225 -4225 -4225 -4097 -409CPU side received count (scaleup: 0): -6725 -6705 -6696 -6692 -6675 -6737 -6653 -6566 # -4097 -4225 -4225 -4225 -4097 -4097 -4227 -4225 -4225 -4097 -4225 -4225 -4097 -4097 -4097 -4225 
7 -4097 -4225 -4097 -4225 -4097 -4097 -4225 -4225 -4097 
5 -4225 -4225 -4225 -4097 -4097 -4225 -4225 -4097 -4225 
9 -4097 -4225 -4097 -4225 -4097 -4225 -4225 -4097 -4097 
7 -4097 -4225 -4097 -4225 -4225 -4225 -4225 -4225 -4097 
5 -4225 -4225 -4225 -4097 -4225 -4225 -4097 -4225 -4097 
CPU side received count (scaleup: 1): -6712 -6615 -6748 -6629 -6555 -6709 -6626 -6672 # -4225 -4225 -4097 -4097 -4097 -4097 -4225 -4225 -4097 -3969 -4225 -4097 -4097 -4097 -4097 -4097 
Elastic buffer uses 4 channels per SM
Elastic buffer uses 4 channels per SM
Elastic buffer uses 4 channels per SM
Elastic buffer uses 4 channels per SM
Elastic buffer uses 4 channels per SM
Elastic buffer uses 4 channels per SM
Elastic buffer uses 4 channels per SM
Elastic buffer uses 4 channels per SM
CPU side received count (scaleup: 3): -6754 -6645 -6526 -6612 -6805 -6585 -6802 -6725 # -4097 -4225 -4353 -4097 -4097 -4225 -409CPU side received count (scaleup: 4): -6689 -6699 -6765 -6714 -6640 -6706 -6649 -6752 # -4225 -4097 -4225 -4097 -4097 -4225 -422CPU side received count (scaleup: 7): -6733 -6671 -6738 -6718 -6771 -6676 -6664 -6710 # -4225 -4225 -4225 -4225 -4097 -4097 -409CPU side received count (scaleup: 1): -6712 -6615 -6748 -6629 -6555 -6709 -6626 -6672 # -4225 -4225 -4097 -4097 -4097 -4097 -422CPU side received count (scaleup: 2): -6659 -6640 -6836 -6721 -6729 -6650 -6741 -6623 # -4097 -4097 -4225 -4225 -4225 -4097 -409CPU side received count (scaleup: 6): -6669 -6702 -6666 -6661 -6690 -6661 -6705 -6743 # -4225 -4097 -4225 -4225 -4225 -4225 -4097 -4225 -4225 -4225 -4097 -4225 -4097 -4097 -4353 -4225 
CPU side received count (scaleup: 0): -6725 -6705 -6696 -6692 -6675 -6737 -6653 -6566 # -4097 -4225 -4225 -4225 -4097 -4097 -4227 -4225 -4225 -4097 -4225 -4225 -4097 -4097 -4097 -4225 
CPU side received count (scaleup: 5): -6681 -6646 -6837 -6635 -6563 -6625 -6615 -6655 # -4225 -4097 -4225 -4097 -4225 -4097 -3965 -4225 -4225 -4225 -4097 -4097 -4225 -4225 -4097 -4225 
7 -4097 -4225 -4097 -4225 -4097 -4097 -4225 -4225 -4097 
5 -4225 -4097 -3969 -4225 -4097 -4097 -4097 -4097 -4097 
7 -4097 -4225 -4097 -4225 -4225 -4225 -4225 -4225 -4097 
5 -4225 -4225 -4225 -4097 -4225 -4225 -4097 -4225 -4097 
9 -4097 -4225 -4097 -4225 -4097 -4225 -4225 -4097 -4097 
Elastic buffer uses 4 channels per SM
Elastic buffer uses 4 channels per SM
Elastic buffer uses 4 channels per SM
Elastic buffer uses 4 channels per SM
Elastic buffer uses 4 channels per SM
Elastic buffer uses 4 channels per SM
Elastic buffer uses 4 channels per SM
Elastic buffer uses 4 channels per SM
CPU side received count (scaleup: 7): -6733 -6671 -6738 -6718 -6771 -6676 -6664 -6710 # -4225 -4225 -4225 -4225 -4097 -4097 -409CPU side received count (scaleup: 6): -6669 -6702 -6666 -6661 -6690 -6661 -6705 -6743 # -4225 -4097 -4225 -4225 -4225 -4225 -409CPU side received count (scaleup: 3): -6754 -6645 -6526 -6612 -6805 -6585 -6802 -6725 # -4097 -4225 -4353 -4097 -4097 -4225 -409CPU side received count (scaleup: 0): -6725 -6705 -6696 -6692 -6675 -6737 -6653 -6566 # -4097 -4225 -4225 -4225 -4097 -4097 -4227 -4097 -4225 -4097 -4225 -4097 -4097 -4225 -4225 -4097 
CPU side received count (scaleup: 2): -6659 -6640 -6836 -6721 -6729 -6650 -6741 -6623 # -4097 -4097 -4225 -4225 -4225 -4097 -409CPU side received count (scaleup: 4): -6689 -6699 -6765 -6714 -6640 -6706 -6649 -6752 # -4225 -4097 -4225 -4097 -4097 -4225 -4227 -4097 -4225 -4097 -4225 -4225 -4225 -4225 -4225 -4097 
CPU side received count (scaleup: 5): -6681 -6646 -6837 -6635 -6563 -6625 -6615 -6655 # -4225 -4097 -4225 -4097 -4225 -4097 -3967 -4225 -4225 -4225 -4097 -4225 -4097 -4097 -4353 -4225 
CPU side received count (scaleup: 1): -6712 -6615 -6748 -6629 -6555 -6709 -6626 -6672 # -4225 -4225 -4097 -4097 -4097 -4097 -4227 -4225 -4225 -4097 -4225 -4225 -4097 -4097 -4097 -4225 
5 -4225 -4097 -3969 -4225 -4097 -4097 -4097 -4097 -4097 
5 -4225 -4225 -4225 -4097 -4225 -4225 -4097 -4225 -4097 
5 -4225 -4225 -4225 -4097 -4097 -4225 -4225 -4097 -4225 
9 -4097 -4225 -4097 -4225 -4097 -4225 -4225 -4097 -4097 
Elastic buffer uses 4 channels per SM
Elastic buffer uses 4 channels per SM
Elastic buffer uses 4 channels per SM
Elastic buffer uses 4 channels per SM
Elastic buffer uses 4 channels per SM
Elastic buffer uses 4 channels per SM
Elastic buffer uses 4 channels per SM
Elastic buffer uses 4 channels per SM
CPU side received count (scaleup: 3): -6754 -6645 -6526 -6612 -6805 -6585 -6802 -6725 # -4097 -4225 -4353 -4097 -4097 -4225 -409CPU side received count (scaleup: 2): -6659 -6640 -6836 -6721 -6729 -6650 -6741 -6623 # -4097 -4097 -4225 -4225 -4225 -4097 -409CPU side received count (scaleup: 6): -6669 -6702 -6666 -6661 -6690 -6661 -6705 -6743 # -4225 -4097 -4225 -4225 -4225 -4225 -409CPU side received count (scaleup: 5): -6681 -6646 -6837 -6635 -6563 -6625 -6615 -6655 # -4225 -4097 -4225 -4097 -4225 -4097 -396CPU side received count (scaleup: 1): -6712 -6615 -6748 -6629 -6555 -6709 -6626 -6672 # -4225 -4225 -4097 -4097 -4097 -4097 -4225 -4225 -4097 -3969 -4225 -4097 -4097 -4097 -4097 -4097 
CPU side received count (scaleup: 0): -6725 -6705 -6696 -6692 -6675 -6737 -6653 -6566 # -4097 -4225 -4225 -4225 -4097 -4097 -4227 -4097 -4225 -4097 -4225 -4225 -4225 -4225 -4225 -4097 
9 -4097 -4225 -4097 -4225 -4097 -4225 -4225 -4097 -4097 
CPU side received count (scaleup: 4): -6689 -6699 -6765 -6714 -6640 -6706 -6649 -6752 # -4225 -4097 -4225 -4097 -4097 -4225 -422CPU side received count (scaleup: 7): -6733 -6671 -6738 -6718 -6771 -6676 -6664 -6710 # -4225 -4225 -4225 -4225 -4097 -4097 -4097 -4225 -4225 -4097 -4225 -4225 -4097 -4097 -4097 -4225 
7 -4225 -4225 -4225 -4097 -4225 -4097 -4097 -4353 -4225 
7 -4097 -4225 -4097 -4225 -4097 -4097 -4225 -4225 -4097 
5 -4225 -4225 -4225 -4097 -4225 -4225 -4097 -4225 -4097 
5 -4225 -4225 -4225 -4097 -4097 -4225 -4225 -4097 -4225 
Elastic buffer uses 4 channels per SM
Elastic buffer uses 4 channels per SM
Elastic buffer uses 4 channels per SM
Elastic buffer uses 4 channels per SM
Elastic buffer uses 4 channels per SM
Elastic buffer uses 4 channels per SM
Elastic buffer uses 4 channels per SM
Elastic buffer uses 4 channels per SM
CPU side received count (scaleup: 7): -6733 -6671 -6738 -6718 -6771 -6676 -6664 -6710 # -4225 -4225 -4225 -4225 -4097 -4097 -409CPU side received count (scaleup: 4): -6689 -6699 -6765 -6714 -6640 -6706 -6649 -6752 # -4225 -4097 -4225 -4097 -4097 -4225 -422CPU side received count (scaleup: 3): -6754 -6645 -6526 -6612 -6805 -6585 -6802 -6725 # -4097 -4225 -4353 -4097 -4097 -4225 -409CPU side received count (scaleup: 5): -6681 -6646 -6837 -6635 -6563 -6625 -6615 -6655 # -4225 -4097 -4225 -4097 -4225 -4097 -396CPU side received count (scaleup: 6): -6669 -6702 -6666 -6661 -6690 -6661 -6705 -6743 # -4225 -4097 -4225 -4225 -4225 -4225 -409CPU side received count (scaleup: 2): -6659 -6640 -6836 -6721 -6729 -6650 -6741 -6623 # -4097 -4097 -4225 -4225 -4225 -4097 -4097 -4225 -4225 -4225 -4097 -4225 -4097 -4097 -4353 -4225 
5 -4225 -4225 -4225 -4097 -4097 -4225 -4225 -4097 -4225 
7 -4097 -4225 -4097 -4225 -4097 -4097 -4225 -4225 -4097 
7 -4225 -4225 -4097 -4225 -4225 -4097 -4097 -4097 -4225 
7 -4097 -4225 -4097 -4225 -4225 -4225 -4225 -4225 -4097 
9 -4097 -4225 -4097 -4225 -4097 -4225 -4225 -4097 -4097 
CPU side received count (scaleup: 0): -6725 -6705 -6696 -6692 -6675 -6737 -6653 -6566 # -4097 -4225 -4225 -4225 -4097 -4097 -4225 -4225 -4225 -4225 -4097 -4225 -4225 -4097 -4225 -4097 
CPU side received count (scaleup: 1): -6712 -6615 -6748 -6629 -6555 -6709 -6626 -6672 # -4225 -4225 -4097 -4097 -4097 -4097 -4225 -4225 -4097 -3969 -4225 -4097 -4097 -4097 -4097 -4097 
Elastic buffer uses 4 channels per SM
Elastic buffer uses 4 channels per SM
Elastic buffer uses 4 channels per SM
Elastic buffer uses 4 channels per SM
Elastic buffer uses 4 channels per SM
Elastic buffer uses 4 channels per SM
Elastic buffer uses 4 channels per SM
Elastic buffer uses 4 channels per SM
CPU side received count (scaleup: 6): -6669 -6702 -6666 -6661 -6690 -6661 -6705 -6743 # -4225 -4097 -4225 -4225 -4225 -4225 -409CPU side received count (scaleup: 7): -6733 -6671 -6738 -6718 -6771 -6676 -6664 -6710 # -4225 -4225 -4225 -4225 -4097 -4097 -409CPU side received count (scaleup: 3): -6754 -6645 -6526 -6612 -6805 -6585 -6802 -6725 # -4097 -4225 -4353 -4097 -4097 -4225 -409CPU side received count (scaleup: 4): -6689 -6699 -6765 -6714 -6640 -6706 -6649 -6752 # -4225 -4097 -4225 -4097 -4097 -4225 -422CPU side received count (scaleup: 5): -6681 -6646 -6837 -6635 -6563 -6625 -6615 -6655 # -4225 -4097 -4225 -4097 -4225 -4097 -396CPU side received count (scaleup: 0): -6725 -6705 -6696 -6692 -6675 -6737 -6653 -6566 # -4097 -4225 -4225 -4225 -4097 -4097 -4227 -4097 -4225 -4097 -4225 -4097 -4097 -4225 -4225 -4097 
CPU side received count (scaleup: 1): -6712 -6615 -6748 -6629 -6555 -6709 -6626 -6672 # -4225 -4225 -4097 -4097 -4097 -4097 -422CPU side received count (scaleup: 2): -6659 -6640 -6836 -6721 -6729 -6650 -6741 -6623 # -4097 -4097 -4225 -4225 -4225 -4097 -4097 -4225 -4225 -4225 -4097 -4225 -4097 -4097 -4353 -4225 
5 -4225 -4225 -4225 -4097 -4225 -4225 -4097 -4225 -4097 
7 -4225 -4225 -4097 -4225 -4225 -4097 -4097 -4097 -4225 
9 -4097 -4225 -4097 -4225 -4097 -4225 -4225 -4097 -4097 
5 -4225 -4225 -4225 -4097 -4097 -4225 -4225 -4097 -4225 
7 -4097 -4225 -4097 -4225 -4225 -4225 -4225 -4225 -4097 
5 -4225 -4097 -3969 -4225 -4097 -4097 -4097 -4097 -4097 
Elastic buffer uses 4 channels per SM
Elastic buffer uses 4 channels per SM
Elastic buffer uses 4 channels per SM
Elastic buffer uses 4 channels per SM
Elastic buffer uses 4 channels per SM
Elastic buffer uses 4 channels per SM
Elastic buffer uses 4 channels per SM
Elastic buffer uses 4 channels per SM
CPU side received count (scaleup: 1): -6712 -6615 -6748 -6629 -6555 -6709 -6626 -6672 # -4225 -4225 -4097 -4097 -4097 -4097 -422CPU side received count (scaleup: 0): -6725 -6705 -6696 -6692 -6675 -6737 -6653 -6566 # -4097 -4225 -4225 -4225 -4097 -4097 -422CPU side received count (scaleup: 2): -6659 -6640 -6836 -6721 -6729 -6650 -6741 -6623 # -4097 -4097 -4225 -4225 -4225 -4097 -409CPU side received count (scaleup: 6): -6669 -6702 -6666 -6661 -6690 -6661 -6705 -6743 # -4225 -4097 -4225 -4225 -4225 -4225 -409CPU side received count (scaleup: 3): -6754 -6645 -6526 -6612 -6805 -6585 -6802 -6725 # -4097 -4225 -4353 -4097 -4097 -4225 -409CPU side received count (scaleup: 4): -6689 -6699 -6765 -6714 -6640 -6706 -6649 -6752 # -4225 -4097 -4225 -4097 -4097 -4225 -4225 -4225 -4097 -3969 -4225 -4097 -4097 -4097 -4097 -4097 
7 -4097 -4225 -4097 -4225 -4225 -4225 -4225 -4225 -4097 
5 -4225 -4225 -4225 -4097 -4225 -4225 -4097 -4225 -4097 
5 -4225 -4225 -4225 -4097 -4097 -4225 -4225 -4097 -4225 
CPU side received count (scaleup: 5): -6681 -6646 -6837 -6635 -6563 -6625 -6615 -6655 # -4225 -4097 -4225 -4097 -4225 -4097 -396CPU side received count (scaleup: 7): -6733 -6671 -6738 -6718 -6771 -6676 -6664 -6710 # -4225 -4225 -4225 -4225 -4097 -4097 -4097 -4097 -4225 -4097 -4225 -4097 -4097 -4225 -4225 -4097 
7 -4225 -4225 -4097 -4225 -4225 -4097 -4097 -4097 -4225 
9 -4097 -4225 -4097 -4225 -4097 -4225 -4225 -4097 -4097 
7 -4225 -4225 -4225 -4097 -4225 -4097 -4097 -4353 -4225 
USDT:2026-08-25 02:18:50 434:434 SyncActivityProfilerHandler.cpp:59] profiler_stop
USDT:2026-08-25 02:18:50 431:431 SyncActivityProfilerHandler.cpp:59] profiler_stopUSDT:2026-08-25 02:18:50 438:438 SyncActivityProfilerHandler.cpp:59] profiler_stopUSDT:2026-08-25 02:18:50 433:433 SyncActivityProfilerHandler.cpp:59] profiler_stopUSDT:2026-08-25 02:18:50 437:437 SyncActivityProfilerHandler.cpp:59] profiler_stopUSDT:2026-08-25 02:18:50 435:435 SyncActivityProfilerHandler.cpp:59] profiler_stop
USDT:2026-08-25 02:18:50 436:436 SyncActivityProfilerHandler.cpp:59] profiler_stop

USDT:2026-08-25 02:18:50 432:432 SyncActivityProfilerHandler.cpp:59] profiler_stop



   * EP:  10/16 | dispatch: 75 GB/s (SO), 246 GB/s (SU), 1633.000 us, 401289408 bytes | copy: 2929 GB/s, 273.992 us
   * EP:  12/16 | dispatch: 75 GB/s (SO), 246 GB/s (SU), 1633.000 us, 401401728 bytes | copy: 2828 GB/s, 283.851 us
   * EP:  15/16 | dispatch: 75 GB/s (SO), 246 GB/s (SU), 1633.000 us, 401903424 bytes | copy: 2851 GB/s, 281.940 us
   * EP:  11/16 | dispatch: 75 GB/s (SO), 245 GB/s (SU), 1633.000 us, 400203648 bytes | copy: 3033 GB/s, 263.929 us
   * EP:   8/16 | dispatch: 75 GB/s (SO), 245 GB/s (SU), 1633.000 us, 400166208 bytes | copy: 2807 GB/s, 285.159 us
   * EP:   9/16 | dispatch: 75 GB/s (SO), 244 GB/s (SU), 1633.000 us, 398795904 bytes | copy: 2813 GB/s, 283.571 us
   * EP:  13/16 | dispatch: 75 GB/s (SO), 244 GB/s (SU), 1633.000 us, 398728512 bytes | copy: 2726 GB/s, 292.536 us
   * EP:  14/16 | dispatch: 75 GB/s (SO), 245 GB/s (SU), 1633.000 us, 400525632 bytes | copy: 2953 GB/s, 271.253 us
Elastic buffer uses 4 channels per SM
Elastic buffer uses 4 channels per SM
Elastic buffer uses 4 channels per SM
Elastic buffer uses 4 channels per SM
Elastic buffer uses 4 channels per SM
Elastic buffer uses 4 channels per SM
Elastic buffer uses 4 channels per SM
Elastic buffer uses 4 channels per SM
CPU side received count (scaleup: 7): -6733 -6671 -6738 -6718 -6771 -6676 -6664 -6710 # -4225 -4225 -4225 -4225 -4097 -4097 -409CPU side received count (scaleup: 1): -6712 -6615 -6748 -6629 -6555 -6709 -6626 -6672 # -4225 -4225 -4097 -4097 -4097 -4097 -422CPU side received count (scaleup: 2): -6659 -6640 -6836 -6721 -6729 -6650 -6741 -6623 # -4097 -4097 -4225 -4225 -4225 -4097 -409CPU side received count (scaleup: 5): -6681 -6646 -6837 -6635 -6563 -6625 -6615 -6655 # -4225 -4097 -4225 -4097 -4225 -4097 -396CPU side received count (scaleup: 4): -6689 -6699 -6765 -6714 -6640 -6706 -6649 -6752 # -4225 -4097 -4225 -4097 -4097 -4225 -422CPU side received count (scaleup: 0): -6725 -6705 -6696 -6692 -6675 -6737 -6653 -6566 # -4097 -4225 -4225 -4225 -4097 -4097 -4227 -4225 -4225 -4225 -4097 -4225 -4097 -4097 -4353 -4225 
CPU side received count (scaleup: 6): -6669 -6702 -6666 -6661 -6690 -6661 -6705 -6743 # -4225 -4097 -4225 -4225 -4225 -4225 -4097 -4097 -4225 -4097 -4225 -4225 -4225 -4225 -4225 -4097 
5 -4225 -4225 -4225 -4097 -4097 -4225 -4225 -4097 -4225 
5 -4225 -4225 -4225 -4097 -4225 -4225 -4097 -4225 -4097 
CPU side received count (scaleup: 3): -6754 -6645 -6526 -6612 -6805 -6585 -6802 -6725 # -4097 -4225 -4353 -4097 -4097 -4225 -4095 -4225 -4097 -3969 -4225 -4097 -4097 -4097 -4097 -4097 
9 -4097 -4225 -4097 -4225 -4097 -4225 -4225 -4097 -4097 
7 -4097 -4225 -4097 -4225 -4097 -4097 -4225 -4225 -4097 
7 -4225 -4225 -4097 -4225 -4225 -4097 -4097 -4097 -4225 
Elastic buffer uses 4 channels per SM
Elastic buffer uses 4 channels per SM
Elastic buffer uses 4 channels per SM
Elastic buffer uses 4 channels per SM
Elastic buffer uses 4 channels per SM
Elastic buffer uses 4 channels per SM
Elastic buffer uses 4 channels per SM
Elastic buffer uses 4 channels per SM
CPU side received count (scaleup: 3): -6754 -6645 -6526 -6612 -6805 -6585 -6802 -6725 # -4097 -4225 -4353 -4097 -4097 -4225 -409CPU side received count (scaleup: 1): -6712 -6615 -6748 -6629 -6555 -6709 -6626 -6672 # -4225 -4225 -4097 -4097 -4097 -4097 -422CPU side received count (scaleup: 2): -6659 -6640 -6836 -6721 -6729 -6650 -6741 -6623 # -4097 -4097 -4225 -4225 -4225 -4097 -4097 -4225 -4225 -4097 -4225 -4225 -4097 -4097 -4097 -4225 
CPU side received count (scaleup: 7): -6733 -6671 -6738 -6718 -6771 -6676 -6664 -6710 # -4225 -4225 -4225 -4225 -4097 -4097 -409CPU side received count (scaleup: 5): -6681 -6646 -6837 -6635 -6563 -6625 -6615 -6655 # -4225 -4097 -4225 -4097 -4225 -4097 -396CPU side received count (scaleup: 0): -6725 -6705 -6696 -6692 -6675 -6737 -6653 -6566 # -4097 -4225 -4225 -4225 -4097 -4097 -4227 -4225 -4225 -4225 -4097 -4225 -4097 -4097 -4353 -4225 
CPU side received count (scaleup: 6): -6669 -6702 -6666 -6661 -6690 -6661 -6705 -6743 # -4225 -4097 -4225 -4225 -4225 -4225 -4095 -4225 -4097 -3969 -4225 -4097 -4097 -4097 -4097 -4097 
7 -4097 -4225 -4097 -4225 -4225 -4225 -4225 -4225 -4097 
CPU side received count (scaleup: 4): -6689 -6699 -6765 -6714 -6640 -6706 -6649 -6752 # -4225 -4097 -4225 -4097 -4097 -4225 -4229 -4097 -4225 -4097 -4225 -4097 -4225 -4225 -4097 -4097 
5 -4225 -4225 -4225 -4097 -4225 -4225 -4097 -4225 -4097 
7 -4097 -4225 -4097 -4225 -4097 -4097 -4225 -4225 -4097 
5 -4225 -4225 -4225 -4097 -4097 -4225 -4225 -4097 -4225 
Elastic buffer uses 4 channels per SM
Elastic buffer uses 4 channels per SM
Elastic buffer uses 4 channels per SM
Elastic buffer uses 4 channels per SM
Elastic buffer uses 4 channels per SM
Elastic buffer uses 4 channels per SM
Elastic buffer uses 4 channels per SM
Elastic buffer uses 4 channels per SM
CPU side received count (scaleup: 7): -6733 -6671 -6738 -6718 -6771 -6676 -6664 -6710 # -4225 -4225 -4225 -4225 -4097 -4097 -409CPU side received count (scaleup: 2): -6659 -6640 -6836 -6721 -6729 -6650 -6741 -6623 # -4097 -4097 -4225 -4225 -4225 -4097 -409CPU side received count (scaleup: 6): -6669 -6702 -6666 -6661 -6690 -6661 -6705 -6743 # -4225 -4097 -4225 -4225 -4225 -4225 -409CPU side received count (scaleup: 5): -6681 -6646 -6837 -6635 -6563 -6625 -6615 -6655 # -4225 -4097 -4225 -4097 -4225 -4097 -396CPU side received count (scaleup: 4): -6689 -6699 -6765 -6714 -6640 -6706 -6649 -6752 # -4225 -4097 -4225 -4097 -4097 -4225 -422CPU side received count (scaleup: 0): -6725 -6705 -6696 -6692 -6675 -6737 -6653 -6566 # -4097 -4225 -4225 -4225 -4097 -4097 -422CPU side received count (scaleup: 3): -6754 -6645 -6526 -6612 -6805 -6585 -6802 -6725 # -4097 -4225 -4353 -4097 -4097 -4225 -409CPU side received count (scaleup: 1): -6712 -6615 -6748 -6629 -6555 -6709 -6626 -6672 # -4225 -4225 -4097 -4097 -4097 -4097 -4229 -4097 -4225 -4097 -4225 -4097 -4225 -4225 -4097 -4097 
7 -4225 -4225 -4225 -4097 -4225 -4097 -4097 -4353 -4225 
7 -4097 -4225 -4097 -4225 -4225 -4225 -4225 -4225 -4097 
7 -4097 -4225 -4097 -4225 -4097 -4097 -4225 -4225 -4097 
5 -4225 -4225 -4225 -4097 -4097 -4225 -4225 -4097 -4225 
5 -4225 -4225 -4225 -4097 -4225 -4225 -4097 -4225 -4097 
7 -4225 -4225 -4097 -4225 -4225 -4097 -4097 -4097 -4225 
5 -4225 -4097 -3969 -4225 -4097 -4097 -4097 -4097 -4097 
Elastic buffer uses 4 channels per SM
Elastic buffer uses 4 channels per SM
Elastic buffer uses 4 channels per SM
Elastic buffer uses 4 channels per SM
Elastic buffer uses 4 channels per SM
Elastic buffer uses 4 channels per SM
Elastic buffer uses 4 channels per SM
Elastic buffer uses 4 channels per SM
CPU side received count (scaleup: 2): -6659 -6640 -6836 -6721 -6729 -6650 -6741 -6623 # -4097 -4097 -4225 -4225 -4225 -4097 -409CPU side received count (scaleup: 0): -6725 -6705 -6696 -6692 -6675 -6737 -6653 -6566 # -4097 -4225 -4225 -4225 -4097 -4097 -422CPU side received count (scaleup: 5): -6681 -6646 -6837 -6635 -6563 -6625 -6615 -6655 # -4225 -4097 -4225 -4097 -4225 -4097 -396CPU side received count (scaleup: 3): -6754 -6645 -6526 -6612 -6805 -6585 -6802 -6725 # -4097 -4225 -4353 -4097 -4097 -4225 -4095 -4225 -4225 -4225 -4097 -4225 -4225 -4097 -4225 -4097 
9 -4097 -4225 -4097 -4225 -4097 -4225 -4225 -4097 -4097 
CPU side received count (scaleup: 6): -6669 -6702 -6666 -6661 -6690 -6661 -6705 -6743 # -4225 -4097 -4225 -4225 -4225 -4225 -409CPU side received count (scaleup: 4): -6689 -6699 -6765 -6714 -6640 -6706 -6649 -6752 # -4225 -4097 -4225 -4097 -4097 -4225 -422CPU side received count (scaleup: 7): -6733 -6671 -6738 -6718 -6771 -6676 -6664 -6710 # -4225 -4225 -4225 -4225 -4097 -4097 -4097 -4097 -4225 -4097 -4225 -4225 -4225 -4225 -4225 -4097 
CPU side received count (scaleup: 1): -6712 -6615 -6748 -6629 -6555 -6709 -6626 -6672 # -4225 -4225 -4097 -4097 -4097 -4097 -4227 -4225 -4225 -4097 -4225 -4225 -4097 -4097 -4097 -4225 
7 -4097 -4225 -4097 -4225 -4097 -4097 -4225 -4225 -4097 
5 -4225 -4097 -3969 -4225 -4097 -4097 -4097 -4097 -4097 
5 -4225 -4225 -4225 -4097 -4097 -4225 -4225 -4097 -4225 
7 -4225 -4225 -4225 -4097 -4225 -4097 -4097 -4353 -4225 
Elastic buffer uses 4 channels per SM
Elastic buffer uses 4 channels per SM
Elastic buffer uses 4 channels per SM
Elastic buffer uses 4 channels per SM
Elastic buffer uses 4 channels per SM
Elastic buffer uses 4 channels per SM
Elastic buffer uses 4 channels per SM
Elastic buffer uses 4 channels per SM
CPU side received count (scaleup: 7): -6733 -6671 -6738 -6718 -6771 -6676 -6664 -6710 # -4225 -4225 -4225 -4225 -4097 -4097 -409CPU side received count (scaleup: 1): -6712 -6615 -6748 -6629 -6555 -6709 -6626 -6672 # -4225 -4225 -4097 -4097 -4097 -4097 -422CPU side received count (scaleup: 2): -6659 -6640 -6836 -6721 -6729 -6650 -6741 -6623 # -4097 -4097 -4225 -4225 -4225 -4097 -4097 -4225 -4225 -4225 -4097 -4225 -4097 -4097 -4353 -4225 
CPU side received count (scaleup: 3): -6754 -6645 -6526 -6612 -6805 -6585 -6802 -6725 # -4097 -4225 -4353 -4097 -4097 -4225 -409CPU side received count (scaleup: 4): -6689 -6699 -6765 -6714 -6640 -6706 -6649 -6752 # -4225 -4097 -4225 -4097 -4097 -4225 -4225 -4225 -4097 -3969 -4225 -4097 -4097 -4097 -4097 -4097 
CPU side received count (scaleup: 0): -6725 -6705 -6696 -6692 -6675 -6737 -6653 -6566 # -4097 -4225 -4225 -4225 -4097 -4097 -422CPU side received count (scaleup: 6): -6669 -6702 -6666 -6661 -6690 -6661 -6705 -6743 # -4225 -4097 -4225 -4225 -4225 -4225 -4097 -4097 -4225 -4097 -4225 -4225 -4225 -4225 -4225 -4097 
7 -4225 -4225 -4097 -4225 -4225 -4097 -4097 -4097 -4225 
5 -4225 -4225 -4225 -4097 -4097 -4225 -4225 -4097 -4225 
5 -4225 -4225 -4225 -4097 -4225 -4225 -4097 -4225 -4097 
7 -4097 -4225 -4097 -4225 -4097 -4097 -4225 -4225 -4097 
CPU side received count (scaleup: 5): -6681 -6646 -6837 -6635 -6563 -6625 -6615 -6655 # -4225 -4097 -4225 -4097 -4225 -4097 -3969 -4097 -4225 -4097 -4225 -4097 -4225 -4225 -4097 -4097 
Elastic buffer uses 4 channels per SM
Elastic buffer uses 4 channels per SM
Elastic buffer uses 4 channels per SM
Elastic buffer uses 4 channels per SM
Elastic buffer uses 4 channels per SM
Elastic buffer uses 4 channels per SM
Elastic buffer uses 4 channels per SM
Elastic buffer uses 4 channels per SM
CPU side received count (scaleup: 5): -6681 -6646 -6837 -6635 -6563 -6625 -6615 -6655 # -4225 -4097 -4225 -4097 -4225 -4097 -396CPU side received count (scaleup: 1): -6712 -6615 -6748 -6629 -6555 -6709 -6626 -6672 # -4225 -4225 -4097 -4097 -4097 -4097 -422CPU side received count (scaleup: 0): -6725 -6705 -6696 -6692 -6675 -6737 -6653 -6566 # -4097 -4225 -4225 -4225 -4097 -4097 -422CPU side received count (scaleup: 7): -6733 -6671 -6738 -6718 -6771 -6676 -6664 -6710 # -4225 -4225 -4225 -4225 -4097 -4097 -409CPU side received count (scaleup: 6): -6669 -6702 -6666 -6661 -6690 -6661 -6705 -6743 # -4225 -4097 -4225 -4225 -4225 -4225 -409CPU side received count (scaleup: 4): -6689 -6699 -6765 -6714 -6640 -6706 -6649 -6752 # -4225 -4097 -4225 -4097 -4097 -4225 -422CPU side received count (scaleup: 3): -6754 -6645 -6526 -6612 -6805 -6585 -6802 -6725 # -4097 -4225 -4353 -4097 -4097 -4225 -4095 -4225 -4225 -4225 -4097 -4225 -4225 -4097 -4225 -4097 
CPU side received count (scaleup: 2): -6659 -6640 -6836 -6721 -6729 -6650 -6741 -6623 # -4097 -4097 -4225 -4225 -4225 -4097 -4099 -4097 -4225 -4097 -4225 -4097 -4225 -4225 -4097 -4097 
7 -4097 -4225 -4097 -4225 -4097 -4097 -4225 -4225 -4097 
5 -4225 -4097 -3969 -4225 -4097 -4097 -4097 -4097 -4097 
7 -4225 -4225 -4097 -4225 -4225 -4097 -4097 -4097 -4225 
7 -4225 -4225 -4225 -4097 -4225 -4097 -4097 -4353 -4225 
5 -4225 -4225 -4225 -4097 -4097 -4225 -4225 -4097 -4225 
7 -4097 -4225 -4097 -4225 -4225 -4225 -4225 -4225 -4097 
Elastic buffer uses 4 channels per SM
Elastic buffer uses 4 channels per SM
Elastic buffer uses 4 channels per SM
Elastic buffer uses 4 channels per SM
Elastic buffer uses 4 channels per SM
Elastic buffer uses 4 channels per SM
Elastic buffer uses 4 channels per SM
Elastic buffer uses 4 channels per SM
CPU side received count (scaleup: 7): -6733 -6671 -6738 -6718 -6771 -6676 -6664 -6710 # -4225 -4225 -4225 -4225 -4097 -4097 -409CPU side received count (scaleup: 2): -6659 -6640 -6836 -6721 -6729 -6650 -6741 -6623 # -4097 -4097 -4225 -4225 -4225 -4097 -409CPU side received count (scaleup: 3): -6754 -6645 -6526 -6612 -6805 -6585 -6802 -6725 # -4097 -4225 -4353 -4097 -4097 -4225 -409CPU side received count (scaleup: 1): -6712 -6615 -6748 -6629 -6555 -6709 -6626 -6672 # -4225 -4225 -4097 -4097 -4097 -4097 -422CPU side received count (scaleup: 6): -6669 -6702 -6666 -6661 -6690 -6661 -6705 -6743 # -4225 -4097 -4225 -4225 -4225 -4225 -4097 -4225 -4225 -4097 -4225 -4225 -4097 -4097 -4097 -4225 
5 -4225 -4097 -3969 -4225 -4097 -4097 -4097 -4097 -4097 
CPU side received count (scaleup: 0): -6725 -6705 -6696 -6692 -6675 -6737 -6653 -6566 # -4097 -4225 -4225 -4225 -4097 -4097 -422CPU side received count (scaleup: 5): -6681 -6646 -6837 -6635 -6563 -6625 -6615 -6655 # -4225 -4097 -4225 -4097 -4225 -4097 -3967 -4225 -4225 -4225 -4097 -4225 -4097 -4097 -4353 -4225 
CPU side received count (scaleup: 4): -6689 -6699 -6765 -6714 -6640 -6706 -6649 -6752 # -4225 -4097 -4225 -4097 -4097 -4225 -4227 -4097 -4225 -4097 -4225 -4225 -4225 -4225 -4225 -4097 
7 -4097 -4225 -4097 -4225 -4097 -4097 -4225 -4225 -4097 
9 -4097 -4225 -4097 -4225 -4097 -4225 -4225 -4097 -4097 
5 -4225 -4225 -4225 -4097 -4225 -4225 -4097 -4225 -4097 
5 -4225 -4225 -4225 -4097 -4097 -4225 -4225 -4097 -4225 
Elastic buffer uses 4 channels per SM
Elastic buffer uses 4 channels per SM
Elastic buffer uses 4 channels per SM
Elastic buffer uses 4 channels per SM
Elastic buffer uses 4 channels per SM
Elastic buffer uses 4 channels per SM
Elastic buffer uses 4 channels per SM
Elastic buffer uses 4 channels per SM
CPU side received count (scaleup: 7): -6733 -6671 -6738 -6718 -6771 -6676 -6664 -6710 # -4225 -4225 -4225 -4225 -4097 -4097 -409CPU side received count (scaleup: 5): -6681 -6646 -6837 -6635 -6563 -6625 -6615 -6655 # -4225 -4097 -4225 -4097 -4225 -4097 -396CPU side received count (scaleup: 2): -6659 -6640 -6836 -6721 -6729 -6650 -6741 -6623 # -4097 -4097 -4225 -4225 -4225 -4097 -409CPU side received count (scaleup: 3): -6754 -6645 -6526 -6612 -6805 -6585 -6802 -6725 # -4097 -4225 -4353 -4097 -4097 -4225 -4097 -4225 -4225 -4225 -4097 -4225 -4097 -4097 -4353 -4225 
CPU side received count (scaleup: 4): -6689 -6699 -6765 -6714 -6640 -6706 -6649 -6752 # -4225 -4097 -4225 -4097 -4097 -4225 -422CPU side received count (scaleup: 6): -6669 -6702 -6666 -6661 -6690 -6661 -6705 -6743 # -4225 -4097 -4225 -4225 -4225 -4225 -409CPU side received count (scaleup: 1): -6712 -6615 -6748 -6629 -6555 -6709 -6626 -6672 # -4225 -4225 -4097 -4097 -4097 -4097 -422CPU side received count (scaleup: 0): -6725 -6705 -6696 -6692 -6675 -6737 -6653 -6566 # -4097 -4225 -4225 -4225 -4097 -4097 -4225 -4225 -4225 -4225 -4097 -4097 -4225 -4225 -4097 -4225 
9 -4097 -4225 -4097 -4225 -4097 -4225 -4225 -4097 -4097 
7 -4097 -4225 -4097 -4225 -4225 -4225 -4225 -4225 -4097 
7 -4225 -4225 -4097 -4225 -4225 -4097 -4097 -4097 -4225 
7 -4097 -4225 -4097 -4225 -4097 -4097 -4225 -4225 -4097 
5 -4225 -4097 -3969 -4225 -4097 -4097 -4097 -4097 -4097 
5 -4225 -4225 -4225 -4097 -4225 -4225 -4097 -4225 -4097 
Elastic buffer uses 4 channels per SM
Elastic buffer uses 4 channels per SM
Elastic buffer uses 4 channels per SM
Elastic buffer uses 4 channels per SM
Elastic buffer uses 4 channels per SM
Elastic buffer uses 4 channels per SM
Elastic buffer uses 4 channels per SM
Elastic buffer uses 4 channels per SM
CPU side received count (scaleup: 7): -6733 -6671 -6738 -6718 -6771 -6676 -6664 -6710 # -4225 -4225 -4225 -4225 -4097 -4097 -409CPU side received count (scaleup: 0): -6725 -6705 -6696 -6692 -6675 -6737 -6653 -6566 # -4097 -4225 -4225 -4225 -4097 -4097 -422CPU side received count (scaleup: 6): -6669 -6702 -6666 -6661 -6690 -6661 -6705 -6743 # -4225 -4097 -4225 -4225 -4225 -4225 -409CPU side received count (scaleup: 5): -6681 -6646 -6837 -6635 -6563 -6625 -6615 -6655 # -4225 -4097 -4225 -4097 -4225 -4097 -396CPU side received count (scaleup: 1): -6712 -6615 -6748 -6629 -6555 -6709 -6626 -6672 # -4225 -4225 -4097 -4097 -4097 -4097 -422CPU side received count (scaleup: 4): -6689 -6699 -6765 -6714 -6640 -6706 -6649 -6752 # -4225 -4097 -4225 -4097 -4097 -4225 -422CPU side received count (scaleup: 2): -6659 -6640 -6836 -6721 -6729 -6650 -6741 -6623 # -4097 -4097 -4225 -4225 -4225 -4097 -4095 -4225 -4097 -3969 -4225 -4097 -4097 -4097 -4097 -4097 
7 -4225 -4225 -4225 -4097 -4225 -4097 -4097 -4353 -4225 
7 -4097 -4225 -4097 -4225 -4225 -4225 -4225 -4225 -4097 
5 -4225 -4225 -4225 -4097 -4225 -4225 -4097 -4225 -4097 
7 -4097 -4225 -4097 -4225 -4097 -4097 -4225 -4225 -4097 
9 -4097 -4225 -4097 -4225 -4097 -4225 -4225 -4097 -4097 
5 -4225 -4225 -4225 -4097 -4097 -4225 -4225 -4097 -4225 
CPU side received count (scaleup: 3): -6754 -6645 -6526 -6612 -6805 -6585 -6802 -6725 # -4097 -4225 -4353 -4097 -4097 -4225 -4097 -4225 -4225 -4097 -4225 -4225 -4097 -4097 -4097 -4225 
Elastic buffer uses 4 channels per SM
Elastic buffer uses 4 channels per SM
Elastic buffer uses 4 channels per SM
Elastic buffer uses 4 channels per SM
Elastic buffer uses 4 channels per SM
Elastic buffer uses 4 channels per SM
Elastic buffer uses 4 channels per SM
Elastic buffer uses 4 channels per SM
CPU side received count (scaleup: 5): -6681 -6646 -6837 -6635 -6563 -6625 -6615 -6655 # -4225 -4097 -4225 -4097 -4225 -4097 -396CPU side received count (scaleup: 4): -6689 -6699 -6765 -6714 -6640 -6706 -6649 -6752 # -4225 -4097 -4225 -4097 -4097 -4225 -4229 -4097 -4225 -4097 -4225 -4097 -4225 -4225 -4097 -4097 
CPU side received count (scaleup: 3): -6754 -6645 -6526 -6612 -6805 -6585 -6802 -6725 # -4097 -4225 -4353 -4097 -4097 -4225 -409CPU side received count (scaleup: 6): -6669 -6702 -6666 -6661 -6690 -6661 -6705 -6743 # -4225 -4097 -4225 -4225 -4225 -4225 -4095 -4225 -4225 -4225 -4097 -4097 -4225 -4225 -4097 -4225 
CPU side received count (scaleup: 1): -6712 -6615 -6748 -6629 -6555 -6709 -6626 -6672 # -4225 -4225 -4097 -4097 -4097 -4097 -422CPU side received count (scaleup: 7): -6733 -6671 -6738 -6718 -6771 -6676 -6664 -6710 # -4225 -4225 -4225 -4225 -4097 -4097 -409CPU side received count (scaleup: 0): -6725 -6705 -6696 -6692 -6675 -6737 -6653 -6566 # -4097 -4225 -4225 -4225 -4097 -4097 -4227 -4225 -4225 -4225 -4097 -4225 -4097 -4097 -4353 -4225 
7 -4225 -4225 -4097 -4225 -4225 -4097 -4097 -4097 -4225 
7 -4097 -4225 -4097 -4225 -4097 -4097 -4225 -4225 -4097 
5 -4225 -4097 -3969 -4225 -4097 -4097 -4097 -4097 -4097 
5 -4225 -4225 -4225 -4097 -4225 -4225 -4097 -4225 -4097 
CPU side received count (scaleup: 2): -6659 -6640 -6836 -6721 -6729 -6650 -6741 -6623 # -4097 -4097 -4225 -4225 -4225 -4097 -4097 -4097 -4225 -4097 -4225 -4225 -4225 -4225 -4225 -4097 
Elastic buffer uses 4 channels per SM
Elastic buffer uses 4 channels per SM
Elastic buffer uses 4 channels per SM
Elastic buffer uses 4 channels per SM
Elastic buffer uses 4 channels per SM
Elastic buffer uses 4 channels per SM
Elastic buffer uses 4 channels per SM
Elastic buffer uses 4 channels per SM
CPU side received count (scaleup: 7): -6733 -6671 -6738 -6718 -6771 -6676 -6664 -6710 # -4225 -4225 -4225 -4225 -4097 -4097 -409CPU side received count (scaleup: 1): -6712 -6615 -6748 -6629 -6555 -6709 -6626 -6672 # -4225 -4225 -4097 -4097 -4097 -4097 -422CPU side received count (scaleup: 0): -6725 -6705 -6696 -6692 -6675 -6737 -6653 -6566 # -4097 -4225 -4225 -4225 -4097 -4097 -422CPU side received count (scaleup: 5): -6681 -6646 -6837 -6635 -6563 -6625 -6615 -6655 # -4225 -4097 -4225 -4097 -4225 -4097 -396CPU side received count (scaleup: 6): -6669 -6702 -6666 -6661 -6690 -6661 -6705 -6743 # -4225 -4097 -4225 -4225 -4225 -4225 -4095 -4225 -4225 -4225 -4097 -4225 -4225 -4097 -4225 -4097 
CPU side received count (scaleup: 2): -6659 -6640 -6836 -6721 -6729 -6650 -6741 -6623 # -4097 -4097 -4225 -4225 -4225 -4097 -409CPU side received count (scaleup: 4): -6689 -6699 -6765 -6714 -6640 -6706 -6649 -6752 # -4225 -4097 -4225 -4097 -4097 -4225 -4227 -4225 -4225 -4225 -4097 -4225 -4097 -4097 -4353 -4225 
5 -4225 -4097 -3969 -4225 -4097 -4097 -4097 -4097 -4097 
9 -4097 -4225 -4097 -4225 -4097 -4225 -4225 -4097 -4097 
CPU side received count (scaleup: 3): -6754 -6645 -6526 -6612 -6805 -6585 -6802 -6725 # -4097 -4225 -4353 -4097 -4097 -4225 -4097 -4097 -4225 -4097 -4225 -4097 -4097 -4225 -4225 -4097 
7 -4225 -4225 -4097 -4225 -4225 -4097 -4097 -4097 -4225 
7 -4097 -4225 -4097 -4225 -4225 -4225 -4225 -4225 -4097 
5 -4225 -4225 -4225 -4097 -4097 -4225 -4225 -4097 -4225 
Elastic buffer uses 4 channels per SM
Elastic buffer uses 4 channels per SM
Elastic buffer uses 4 channels per SM
Elastic buffer uses 4 channels per SM
Elastic buffer uses 4 channels per SM
Elastic buffer uses 4 channels per SM
Elastic buffer uses 4 channels per SM
Elastic buffer uses 4 channels per SM
CPU side received count (scaleup: 4): -6689 -6699 -6765 -6714 -6640 -6706 -6649 -6752 # -4225 -4097 -4225 -4097 -4097 -4225 -422CPU side received count (scaleup: 6): -6669 -6702 -6666 -6661 -6690 -6661 -6705 -6743 # -4225 -4097 -4225 -4225 -4225 -4225 -409CPU side received count (scaleup: 5): -6681 -6646 -6837 -6635 -6563 -6625 -6615 -6655 # -4225 -4097 -4225 -4097 -4225 -4097 -396CPU side received count (scaleup: 2): -6659 -6640 -6836 -6721 -6729 -6650 -6741 -6623 # -4097 -4097 -4225 -4225 -4225 -4097 -4097 -4097 -4225 -4097 -4225 -4097 -4097 -4225 -4225 -4097 
CPU side received count (scaleup: 3): -6754 -6645 -6526 -6612 -6805 -6585 -6802 -6725 # -4097 -4225 -4353 -4097 -4097 -4225 -4095 -4225 -4225 -4225 -4097 -4097 -4225 -4225 -4097 -4225 
9 -4097 -4225 -4097 -4225 -4097 -4225 -4225 -4097 -4097 
7 -4097 -4225 -4097 -4225 -4225 -4225 -4225 -4225 -4097 
7 -4225 -4225 -4097 -4225 -4225 -4097 -4097 -4097 -4225 
CPU side received count (scaleup: 7): -6733 -6671 -6738 -6718 -6771 -6676 -6664 -6710 # -4225 -4225 -4225 -4225 -4097 -4097 -409CPU side received count (scaleup: 0): -6725 -6705 -6696 -6692 -6675 -6737 -6653 -6566 # -4097 -4225 -4225 -4225 -4097 -4097 -422CPU side received count (scaleup: 1): -6712 -6615 -6748 -6629 -6555 -6709 -6626 -6672 # -4225 -4225 -4097 -4097 -4097 -4097 -4227 -4225 -4225 -4225 -4097 -4225 -4097 -4097 -4353 -4225 
5 -4225 -4225 -4225 -4097 -4225 -4225 -4097 -4225 -4097 
5 -4225 -4097 -3969 -4225 -4097 -4097 -4097 -4097 -4097 
Elastic buffer uses 4 channels per SM
Elastic buffer uses 4 channels per SM
Elastic buffer uses 4 channels per SM
Elastic buffer uses 4 channels per SM
Elastic buffer uses 4 channels per SM
Elastic buffer uses 4 channels per SM
Elastic buffer uses 4 channels per SM
Elastic buffer uses 4 channels per SM
CPU side received count (scaleup: 3): -6754 -6645 -6526 -6612 -6805 -6585 -6802 -6725 # -4097 -4225 -4353 -4097 -4097 -4225 -409CPU side received count (scaleup: 6): -6669 -6702 -6666 -6661 -6690 -6661 -6705 -6743 # -4225 -4097 -4225 -4225 -4225 -4225 -409CPU side received count (scaleup: 7): -6733 -6671 -6738 -6718 -6771 -6676 -6664 -6710 # -4225 -4225 -4225 -4225 -4097 -4097 -409CPU side received count (scaleup: 2): -6659 -6640 -6836 -6721 -6729 -6650 -6741 -6623 # -4097 -4097 -4225 -4225 -4225 -4097 -409CPU side received count (scaleup: 5): -6681 -6646 -6837 -6635 -6563 -6625 -6615 -6655 # -4225 -4097 -4225 -4097 -4225 -4097 -396CPU side received count (scaleup: 1): -6712 -6615 -6748 -6629 -6555 -6709 -6626 -6672 # -4225 -4225 -4097 -4097 -4097 -4097 -4227 -4097 -4225 -4097 -4225 -4097 -4097 -4225 -4225 -4097 
7 -4225 -4225 -4225 -4097 -4225 -4097 -4097 -4353 -4225 
CPU side received count (scaleup: 0): -6725 -6705 -6696 -6692 -6675 -6737 -6653 -6566 # -4097 -4225 -4225 -4225 -4097 -4097 -4227 -4097 -4225 -4097 -4225 -4225 -4225 -4225 -4225 -4097 
CPU side received count (scaleup: 4): -6689 -6699 -6765 -6714 -6640 -6706 -6649 -6752 # -4225 -4097 -4225 -4097 -4097 -4225 -4227 -4225 -4225 -4097 -4225 -4225 -4097 -4097 -4097 -4225 
9 -4097 -4225 -4097 -4225 -4097 -4225 -4225 -4097 -4097 
5 -4225 -4225 -4225 -4097 -4225 -4225 -4097 -4225 -4097 
5 -4225 -4097 -3969 -4225 -4097 -4097 -4097 -4097 -4097 
5 -4225 -4225 -4225 -4097 -4097 -4225 -4225 -4097 -4225 
Elastic buffer uses 4 channels per SM
Elastic buffer uses 4 channels per SM
Elastic buffer uses 4 channels per SM
Elastic buffer uses 4 channels per SM
Elastic buffer uses 4 channels per SM
Elastic buffer uses 4 channels per SM
Elastic buffer uses 4 channels per SM
Elastic buffer uses 4 channels per SM
CPU side received count (scaleup: 5): -6681 -6646 -6837 -6635 -6563 -6625 -6615 -6655 # -4225 -4097 -4225 -4097 -4225 -4097 -396CPU side received count (scaleup: 4): -6689 -6699 -6765 -6714 -6640 -6706 -6649 -6752 # -4225 -4097 -4225 -4097 -4097 -4225 -4229 -4097 -4225 -4097 -4225 -4097 -4225 -4225 -4097 -4097 
5 -4225 -4225 -4225 -4097 -4097 -4225 -4225 -4097 -4225 
CPU side received count (scaleup: 7): -6733 -6671 -6738 -6718 -6771 -6676 -6664 -6710 # -4225 -4225 -4225 -4225 -4097 -4097 -409CPU side received count (scaleup: 2): -6659 -6640 -6836 -6721 -6729 -6650 -6741 -6623 # -4097 -4097 -4225 -4225 -4225 -4097 -409CPU side received count (scaleup: 3): -6754 -6645 -6526 -6612 -6805 -6585 -6802 -6725 # -4097 -4225 -4353 -4097 -4097 -4225 -4097 -4097 -4225 -4097 -4225 -4225 -4225 -4225 -4225 -4097 
7 -4225 -4225 -4225 -4097 -4225 -4097 -4097 -4353 -4225 
7 -4225 -4225 -4097 -4225 -4225 -4097 -4097 -4097 -4225 
CPU side received count (scaleup: 6): -6669 -6702 -6666 -6661 -6690 -6661 -6705 -6743 # -4225 -4097 -4225 -4225 -4225 -4225 -409CPU side received count (scaleup: 1): -6712 -6615 -6748 -6629 -6555 -6709 -6626 -6672 # -4225 -4225 -4097 -4097 -4097 -4097 -4227 -4097 -4225 -4097 -4225 -4097 -4097 -4225 -4225 -4097 
5 -4225 -4097 -3969 -4225 -4097 -4097 -4097 -4097 -4097 
CPU side received count (scaleup: 0): -6725 -6705 -6696 -6692 -6675 -6737 -6653 -6566 # -4097 -4225 -4225 -4225 -4097 -4097 -4225 -4225 -4225 -4225 -4097 -4225 -4225 -4097 -4225 -4097 
Elastic buffer uses 4 channels per SM
Elastic buffer uses 4 channels per SM
Elastic buffer uses 4 channels per SM
Elastic buffer uses 4 channels per SM
Elastic buffer uses 4 channels per SM
Elastic buffer uses 4 channels per SM
Elastic buffer uses 4 channels per SM
Elastic buffer uses 4 channels per SM
CPU side received count (scaleup: 5): -6681 -6646 -6837 -6635 -6563 -6625 -6615 -6655 # -4225 -4097 -4225 -4097 -4225 -4097 -396CPU side received count (scaleup: 0): -6725 -6705 -6696 -6692 -6675 -6737 -6653 -6566 # -4097 -4225 -4225 -4225 -4097 -4097 -422CPU side received count (scaleup: 1): -6712 -6615 -6748 -6629 -6555 -6709 -6626 -6672 # -4225 -4225 -4097 -4097 -4097 -4097 -4229 -4097 -4225 -4097 -4225 -4097 -4225 -4225 -4097 -4097 
5 -4225 -4225 -4225 -4097 -4225 -4225 -4097 -4225 -4097 
5 -4225 -4097 -3969 -4225 -4097 -4097 -4097 -4097 -4097 
CPU side received count (scaleup: 7): -6733 -6671 -6738 -6718 -6771 -6676 -6664 -6710 # -4225 -4225 -4225 -4225 -4097 -4097 -409CPU side received count (scaleup: 6): -6669 -6702 -6666 -6661 -6690 -6661 -6705 -6743 # -4225 -4097 -4225 -4225 -4225 -4225 -409CPU side received count (scaleup: 3): -6754 -6645 -6526 -6612 -6805 -6585 -6802 -6725 # -4097 -4225 -4353 -4097 -4097 -4225 -4097 -4097 -4225 -4097 -4225 -4097 -4097 -4225 -4225 -4097 
CPU side received count (scaleup: 2): -6659 -6640 -6836 -6721 -6729 -6650 -6741 -6623 # -4097 -4097 -4225 -4225 -4225 -4097 -4097 -4225 -4225 -4225 -4097 -4225 -4097 -4097 -4353 -4225 
7 -4225 -4225 -4097 -4225 -4225 -4097 -4097 -4097 -4225 
7 -4097 -4225 -4097 -4225 -4225 -4225 -4225 -4225 -4097 
CPU side received count (scaleup: 4): -6689 -6699 -6765 -6714 -6640 -6706 -6649 -6752 # -4225 -4097 -4225 -4097 -4097 -4225 -4225 -4225 -4225 -4225 -4097 -4097 -4225 -4225 -4097 -4225 
Elastic buffer uses 4 channels per SM
Elastic buffer uses 4 channels per SM
Elastic buffer uses 4 channels per SM
Elastic buffer uses 4 channels per SM
Elastic buffer uses 4 channels per SM
Elastic buffer uses 4 channels per SM
Elastic buffer uses 4 channels per SM
Elastic buffer uses 4 channels per SM
CPU side received count (scaleup: 5): -6681 -6646 -6837 -6635 -6563 -6625 -6615 -6655 # -4225 -4097 -4225 -4097 -4225 -4097 -396CPU side received count (scaleup: 6): -6669 -6702 -6666 -6661 -6690 -6661 -6705 -6743 # -4225 -4097 -4225 -4225 -4225 -4225 -409CPU side received count (scaleup: 7): -6733 -6671 -6738 -6718 -6771 -6676 -6664 -6710 # -4225 -4225 -4225 -4225 -4097 -4097 -409CPU side received count (scaleup: 4): -6689 -6699 -6765 -6714 -6640 -6706 -6649 -6752 # -4225 -4097 -4225 -4097 -4097 -4225 -422CPU side received count (scaleup: 2): -6659 -6640 -6836 -6721 -6729 -6650 -6741 -6623 # -4097 -4097 -4225 -4225 -4225 -4097 -409CPU side received count (scaleup: 0): -6725 -6705 -6696 -6692 -6675 -6737 -6653 -6566 # -4097 -4225 -4225 -4225 -4097 -4097 -4227 -4097 -4225 -4097 -4225 -4097 -4097 -4225 -4225 -4097 
CPU side received count (scaleup: 3): -6754 -6645 -6526 -6612 -6805 -6585 -6802 -6725 # -4097 -4225 -4353 -4097 -4097 -4225 -4097 -4225 -4225 -4225 -4097 -4225 -4097 -4097 -4353 -4225 
5 -4225 -4225 -4225 -4097 -4097 -4225 -4225 -4097 -4225 
CPU side received count (scaleup: 1): -6712 -6615 -6748 -6629 -6555 -6709 -6626 -6672 # -4225 -4225 -4097 -4097 -4097 -4097 -4225 -4225 -4225 -4225 -4097 -4225 -4225 -4097 -4225 -4097 
9 -4097 -4225 -4097 -4225 -4097 -4225 -4225 -4097 -4097 
7 -4097 -4225 -4097 -4225 -4225 -4225 -4225 -4225 -4097 
7 -4225 -4225 -4097 -4225 -4225 -4097 -4097 -4097 -4225 
5 -4225 -4097 -3969 -4225 -4097 -4097 -4097 -4097 -4097 
Elastic buffer uses 4 channels per SM
Elastic buffer uses 4 channels per SM
Elastic buffer uses 4 channels per SM
Elastic buffer uses 4 channels per SM
Elastic buffer uses 4 channels per SM
Elastic buffer uses 4 channels per SM
Elastic buffer uses 4 channels per SM
Elastic buffer uses 4 channels per SM
CPU side received count (scaleup: 7): -6733 -6671 -6738 -6718 -6771 -6676 -6664 -6710 # -4225 -4225 -4225 -4225 -4097 -4097 -409CPU side received count (scaleup: 4): -6689 -6699 -6765 -6714 -6640 -6706 -6649 -6752 # -4225 -4097 -4225 -4097 -4097 -4225 -422CPU side received count (scaleup: 5): -6681 -6646 -6837 -6635 -6563 -6625 -6615 -6655 # -4225 -4097 -4225 -4097 -4225 -4097 -396CPU side received count (scaleup: 0): -6725 -6705 -6696 -6692 -6675 -6737 -6653 -6566 # -4097 -4225 -4225 -4225 -4097 -4097 -4227 -4225 -4225 -4225 -4097 -4225 -4097 -4097 -4353 -4225 
CPU side received count (scaleup: 6): -6669 -6702 -6666 -6661 -6690 -6661 -6705 -6743 # -4225 -4097 -4225 -4225 -4225 -4225 -4095 -4225 -4225 -4225 -4097 -4097 -4225 -4225 -4097 -4225 
5 -4225 -4225 -4225 -4097 -4225 -4225 -4097 -4225 -4097 
CPU side received count (scaleup: 3): -6754 -6645 -6526 -6612 -6805 -6585 -6802 -6725 # -4097 -4225 -4353 -4097 -4097 -4225 -409CPU side received count (scaleup: 2): -6659 -6640 -6836 -6721 -6729 -6650 -6741 -6623 # -4097 -4097 -4225 -4225 -4225 -4097 -4099 -4097 -4225 -4097 -4225 -4097 -4225 -4225 -4097 -4097 
7 -4097 -4225 -4097 -4225 -4097 -4097 -4225 -4225 -4097 
7 -4225 -4225 -4097 -4225 -4225 -4097 -4097 -4097 -4225 
7 -4097 -4225 -4097 -4225 -4225 -4225 -4225 -4225 -4097 
CPU side received count (scaleup: 1): -6712 -6615 -6748 -6629 -6555 -6709 -6626 -6672 # -4225 -4225 -4097 -4097 -4097 -4097 -4225 -4225 -4097 -3969 -4225 -4097 -4097 -4097 -4097 -4097 
Elastic buffer uses 4 channels per SM
Elastic buffer uses 4 channels per SM
Elastic buffer uses 4 channels per SM
Elastic buffer uses 4 channels per SM
Elastic buffer uses 4 channels per SM
Elastic buffer uses 4 channels per SM
Elastic buffer uses 4 channels per SM
Elastic buffer uses 4 channels per SM
CPU side received count (scaleup: 3): -6754 -6645 -6526 -6612 -6805 -6585 -6802 -6725 # -4097 -4225 -4353 -4097 -4097 -4225 -409CPU side received count (scaleup: 6): -6669 -6702 -6666 -6661 -6690 -6661 -6705 -6743 # -4225 -4097 -4225 -4225 -4225 -4225 -409CPU side received count (scaleup: 4): -6689 -6699 -6765 -6714 -6640 -6706 -6649 -6752 # -4225 -4097 -4225 -4097 -4097 -4225 -422CPU side received count (scaleup: 5): -6681 -6646 -6837 -6635 -6563 -6625 -6615 -6655 # -4225 -4097 -4225 -4097 -4225 -4097 -396CPU side received count (scaleup: 7): -6733 -6671 -6738 -6718 -6771 -6676 -6664 -6710 # -4225 -4225 -4225 -4225 -4097 -4097 -4097 -4097 -4225 -4097 -4225 -4097 -4097 -4225 -4225 -4097 
CPU side received count (scaleup: 2): -6659 -6640 -6836 -6721 -6729 -6650 -6741 -6623 # -4097 -4097 -4225 -4225 -4225 -4097 -4099 -4097 -4225 -4097 -4225 -4097 -4225 -4225 -4097 -4097 
CPU side received count (scaleup: 1): -6712 -6615 -6748 -6629 -6555 -6709 -6626 -6672 # -4225 -4225 -4097 -4097 -4097 -4097 -4227 -4097 -4225 -4097 -4225 -4225 -4225 -4225 -4225 -4097 
5 -4225 -4097 -3969 -4225 -4097 -4097 -4097 -4097 -4097 
CPU side received count (scaleup: 0): -6725 -6705 -6696 -6692 -6675 -6737 -6653 -6566 # -4097 -4225 -4225 -4225 -4097 -4097 -4227 -4225 -4225 -4097 -4225 -4225 -4097 -4097 -4097 -4225 
5 -4225 -4225 -4225 -4097 -4097 -4225 -4225 -4097 -4225 
7 -4225 -4225 -4225 -4097 -4225 -4097 -4097 -4353 -4225 
5 -4225 -4225 -4225 -4097 -4225 -4225 -4097 -4225 -4097 
Elastic buffer uses 4 channels per SM
Elastic buffer uses 4 channels per SM
Elastic buffer uses 4 channels per SM
Elastic buffer uses 4 channels per SM
Elastic buffer uses 4 channels per SM
Elastic buffer uses 4 channels per SM
Elastic buffer uses 4 channels per SM
Elastic buffer uses 4 channels per SM
CPU side received count (scaleup: 7): -6733 -6671 -6738 -6718 -6771 -6676 -6664 -6710 # -4225 -4225 -4225 -4225 -4097 -4097 -409CPU side received count (scaleup: 1): -6712 -6615 -6748 -6629 -6555 -6709 -6626 -6672 # -4225 -4225 -4097 -4097 -4097 -4097 -422CPU side received count (scaleup: 6): -6669 -6702 -6666 -6661 -6690 -6661 -6705 -6743 # -4225 -4097 -4225 -4225 -4225 -4225 -409CPU side received count (scaleup: 5): -6681 -6646 -6837 -6635 -6563 -6625 -6615 -6655 # -4225 -4097 -4225 -4097 -4225 -4097 -396CPU side received count (scaleup: 2): -6659 -6640 -6836 -6721 -6729 -6650 -6741 -6623 # -4097 -4097 -4225 -4225 -4225 -4097 -4097 -4225 -4225 -4225 -4097 -4225 -4097 -4097 -4353 -4225 
CPU side received count (scaleup: 0): -6725 -6705 -6696 -6692 -6675 -6737 -6653 -6566 # -4097 -4225 -4225 -4225 -4097 -4097 -422CPU side received count (scaleup: 4): -6689 -6699 -6765 -6714 -6640 -6706 -6649 -6752 # -4225 -4097 -4225 -4097 -4097 -4225 -422CPU side received count (scaleup: 3): -6754 -6645 -6526 -6612 -6805 -6585 -6802 -6725 # -4097 -4225 -4353 -4097 -4097 -4225 -4097 -4097 -4225 -4097 -4225 -4225 -4225 -4225 -4225 -4097 
9 -4097 -4225 -4097 -4225 -4097 -4225 -4225 -4097 -4097 
5 -4225 -4225 -4225 -4097 -4225 -4225 -4097 -4225 -4097 
5 -4225 -4097 -3969 -4225 -4097 -4097 -4097 -4097 -4097 
7 -4097 -4225 -4097 -4225 -4097 -4097 -4225 -4225 -4097 
5 -4225 -4225 -4225 -4097 -4097 -4225 -4225 -4097 -4225 
7 -4225 -4225 -4097 -4225 -4225 -4097 -4097 -4097 -4225 
Elastic buffer uses 4 channels per SM
Elastic buffer uses 4 channels per SM
Elastic buffer uses 4 channels per SM
Elastic buffer uses 4 channels per SM
Elastic buffer uses 4 channels per SM
Elastic buffer uses 4 channels per SM
Elastic buffer uses 4 channels per SM
Elastic buffer uses 4 channels per SM
CPU side received count (scaleup: 3): -6754 -6645 -6526 -6612 -6805 -6585 -6802 -6725 # -4097 -4225 -4353 -4097 -4097 -4225 -409CPU side received count (scaleup: 6): -6669 -6702 -6666 -6661 -6690 -6661 -6705 -6743 # -4225 -4097 -4225 -4225 -4225 -4225 -409CPU side received count (scaleup: 7): -6733 -6671 -6738 -6718 -6771 -6676 -6664 -6710 # -4225 -4225 -4225 -4225 -4097 -4097 -409CPU side received count (scaleup: 5): -6681 -6646 -6837 -6635 -6563 -6625 -6615 -6655 # -4225 -4097 -4225 -4097 -4225 -4097 -396CPU side received count (scaleup: 2): -6659 -6640 -6836 -6721 -6729 -6650 -6741 -6623 # -4097 -4097 -4225 -4225 -4225 -4097 -409CPU side received count (scaleup: 0): -6725 -6705 -6696 -6692 -6675 -6737 -6653 -6566 # -4097 -4225 -4225 -4225 -4097 -4097 -422CPU side received count (scaleup: 4): -6689 -6699 -6765 -6714 -6640 -6706 -6649 -6752 # -4225 -4097 -4225 -4097 -4097 -4225 -422CPU side received count (scaleup: 1): -6712 -6615 -6748 -6629 -6555 -6709 -6626 -6672 # -4225 -4225 -4097 -4097 -4097 -4097 -4227 -4225 -4225 -4225 -4097 -4225 -4097 -4097 -4353 -4225 
7 -4225 -4225 -4097 -4225 -4225 -4097 -4097 -4097 -4225 
7 -4097 -4225 -4097 -4225 -4225 -4225 -4225 -4225 -4097 
5 -4225 -4225 -4225 -4097 -4225 -4225 -4097 -4225 -4097 
5 -4225 -4225 -4225 -4097 -4097 -4225 -4225 -4097 -4225 
5 -4225 -4097 -3969 -4225 -4097 -4097 -4097 -4097 -4097 
7 -4097 -4225 -4097 -4225 -4097 -4097 -4225 -4225 -4097 
9 -4097 -4225 -4097 -4225 -4097 -4225 -4225 -4097 -4097 
Elastic buffer uses 4 channels per SM
Elastic buffer uses 4 channels per SM
Elastic buffer uses 4 channels per SM
Elastic buffer uses 4 channels per SM
Elastic buffer uses 4 channels per SM
Elastic buffer uses 4 channels per SM
Elastic buffer uses 4 channels per SM
Elastic buffer uses 4 channels per SM
CPU side received count (scaleup: 3): -6754 -6645 -6526 -6612 -6805 -6585 -6802 -6725 # -4097 -4225 -4353 -4097 -4097 -4225 -409CPU side received count (scaleup: 7): -6733 -6671 -6738 -6718 -6771 -6676 -6664 -6710 # -4225 -4225 -4225 -4225 -4097 -4097 -409CPU side received count (scaleup: 6): -6669 -6702 -6666 -6661 -6690 -6661 -6705 -6743 # -4225 -4097 -4225 -4225 -4225 -4225 -4097 -4225 -4225 -4097 -4225 -4225 -4097 -4097 -4097 -4225 
CPU side received count (scaleup: 2): -6659 -6640 -6836 -6721 -6729 -6650 -6741 -6623 # -4097 -4097 -4225 -4225 -4225 -4097 -409CPU side received count (scaleup: 4): -6689 -6699 -6765 -6714 -6640 -6706 -6649 -6752 # -4225 -4097 -4225 -4097 -4097 -4225 -422CPU side received count (scaleup: 1): -6712 -6615 -6748 -6629 -6555 -6709 -6626 -6672 # -4225 -4225 -4097 -4097 -4097 -4097 -422CPU side received count (scaleup: 0): -6725 -6705 -6696 -6692 -6675 -6737 -6653 -6566 # -4097 -4225 -4225 -4225 -4097 -4097 -422CPU side received count (scaleup: 5): -6681 -6646 -6837 -6635 -6563 -6625 -6615 -6655 # -4225 -4097 -4225 -4097 -4225 -4097 -3967 -4225 -4225 -4225 -4097 -4225 -4097 -4097 -4353 -4225 
7 -4097 -4225 -4097 -4225 -4097 -4097 -4225 -4225 -4097 
7 -4097 -4225 -4097 -4225 -4225 -4225 -4225 -4225 -4097 
5 -4225 -4225 -4225 -4097 -4097 -4225 -4225 -4097 -4225 
5 -4225 -4097 -3969 -4225 -4097 -4097 -4097 -4097 -4097 
5 -4225 -4225 -4225 -4097 -4225 -4225 -4097 -4225 -4097 
9 -4097 -4225 -4097 -4225 -4097 -4225 -4225 -4097 -4097 
Elastic buffer uses 4 channels per SM
Elastic buffer uses 4 channels per SM
Elastic buffer uses 4 channels per SM
Elastic buffer uses 4 channels per SM
Elastic buffer uses 4 channels per SM
Elastic buffer uses 4 channels per SM
Elastic buffer uses 4 channels per SM
Elastic buffer uses 4 channels per SM
CPU side received count (scaleup: 7): -6733 -6671 -6738 -6718 -6771 -6676 -6664 -6710 # -4225 -4225 -4225 -4225 -4097 -4097 -409CPU side received count (scaleup: 0): -6725 -6705 -6696 -6692 -6675 -6737 -6653 -6566 # -4097 -4225 -4225 -4225 -4097 -4097 -422CPU side received count (scaleup: 2): -6659 -6640 -6836 -6721 -6729 -6650 -6741 -6623 # -4097 -4097 -4225 -4225 -4225 -4097 -4097 -4225 -4225 -4225 -4097 -4225 -4097 -4097 -4353 -4225 
CPU side received count (scaleup: 4): -6689 -6699 -6765 -6714 -6640 -6706 -6649 -6752 # -4225 -4097 -4225 -4097 -4097 -4225 -4225 -4225 -4225 -4225 -4097 -4225 -4225 -4097 -4225 -4097 
CPU side received count (scaleup: 3): -6754 -6645 -6526 -6612 -6805 -6585 -6802 -6725 # -4097 -4225 -4353 -4097 -4097 -4225 -409CPU side received count (scaleup: 1): -6712 -6615 -6748 -6629 -6555 -6709 -6626 -6672 # -4225 -4225 -4097 -4097 -4097 -4097 -4227 -4225 -4225 -4097 -4225 -4225 -4097 -4097 -4097 -4225 
CPU side received count (scaleup: 5): -6681 -6646 -6837 -6635 -6563 -6625 -6615 -6655 # -4225 -4097 -4225 -4097 -4225 -4097 -396CPU side received count (scaleup: 6): -6669 -6702 -6666 -6661 -6690 -6661 -6705 -6743 # -4225 -4097 -4225 -4225 -4225 -4225 -4099 -4097 -4225 -4097 -4225 -4097 -4225 -4225 -4097 -4097 
7 -4097 -4225 -4097 -4225 -4225 -4225 -4225 -4225 -4097 
5 -4225 -4225 -4225 -4097 -4097 -4225 -4225 -4097 -4225 
5 -4225 -4097 -3969 -4225 -4097 -4097 -4097 -4097 -4097 
7 -4097 -4225 -4097 -4225 -4097 -4097 -4225 -4225 -4097 
Elastic buffer uses 4 channels per SM
Elastic buffer uses 4 channels per SM
Elastic buffer uses 4 channels per SM
Elastic buffer uses 4 channels per SM
Elastic buffer uses 4 channels per SM
Elastic buffer uses 4 channels per SM
Elastic buffer uses 4 channels per SM
Elastic buffer uses 4 channels per SM
CPU side received count (scaleup: 5): -6681 -6646 -6837 -6635 -6563 -6625 -6615 -6655 # -4225 -4097 -4225 -4097 -4225 -4097 -396CPU side received count (scaleup: 4): -6689 -6699 -6765 -6714 -6640 -6706 -6649 -6752 # -4225 -4097 -4225 -4097 -4097 -4225 -4229 -4097 -4225 -4097 -4225 -4097 -4225 -4225 -4097 -4097 
5 -4225 -4225 -4225 -4097 -4097 -4225 -4225 -4097 -4225 
CPU side received count (scaleup: 3): -6754 -6645 -6526 -6612 -6805 -6585 -6802 -6725 # -4097 -4225 -4353 -4097 -4097 -4225 -409CPU side received count (scaleup: 7): -6733 -6671 -6738 -6718 -6771 -6676 -6664 -6710 # -4225 -4225 -4225 -4225 -4097 -4097 -409CPU side received count (scaleup: 1): -6712 -6615 -6748 -6629 -6555 -6709 -6626 -6672 # -4225 -4225 -4097 -4097 -4097 -4097 -4227 -4225 -4225 -4225 -4097 -4225 -4097 -4097 -4353 -4225 
CPU side received count (scaleup: 0): -6725 -6705 -6696 -6692 -6675 -6737 -6653 -6566 # -4097 -4225 -4225 -4225 -4097 -4097 -422CPU side received count (scaleup: 6): -6669 -6702 -6666 -6661 -6690 -6661 -6705 -6743 # -4225 -4097 -4225 -4225 -4225 -4225 -4097 -4225 -4225 -4097 -4225 -4225 -4097 -4097 -4097 -4225 
5 -4225 -4097 -3969 -4225 -4097 -4097 -4097 -4097 -4097 
5 -4225 -4225 -4225 -4097 -4225 -4225 -4097 -4225 -4097 
7 -4097 -4225 -4097 -4225 -4097 -4097 -4225 -4225 -4097 
CPU side received count (scaleup: 2): -6659 -6640 -6836 -6721 -6729 -6650 -6741 -6623 # -4097 -4097 -4225 -4225 -4225 -4097 -4097 -4097 -4225 -4097 -4225 -4225 -4225 -4225 -4225 -4097 
Elastic buffer uses 4 channels per SM
Elastic buffer uses 4 channels per SM
Elastic buffer uses 4 channels per SM
Elastic buffer uses 4 channels per SM
Elastic buffer uses 4 channels per SM
Elastic buffer uses 4 channels per SM
Elastic buffer uses 4 channels per SM
Elastic buffer uses 4 channels per SM
CPU side received count (scaleup: 7): -6733 -6671 -6738 -6718 -6771 -6676 -6664 -6710 # -4225 -4225 -4225 -4225 -4097 -4097 -409CPU side received count (scaleup: 3): -6754 -6645 -6526 -6612 -6805 -6585 -6802 -6725 # -4097 -4225 -4353 -4097 -4097 -4225 -409CPU side received count (scaleup: 6): -6669 -6702 -6666 -6661 -6690 -6661 -6705 -6743 # -4225 -4097 -4225 -4225 -4225 -4225 -409CPU side received count (scaleup: 5): -6681 -6646 -6837 -6635 -6563 -6625 -6615 -6655 # -4225 -4097 -4225 -4097 -4225 -4097 -396CPU side received count (scaleup: 2): -6659 -6640 -6836 -6721 -6729 -6650 -6741 -6623 # -4097 -4097 -4225 -4225 -4225 -4097 -409CPU side received count (scaleup: 4): -6689 -6699 -6765 -6714 -6640 -6706 -6649 -6752 # -4225 -4097 -4225 -4097 -4097 -4225 -4227 -4225 -4225 -4225 -4097 -4225 -4097 -4097 -4353 -4225 
7 -4097 -4225 -4097 -4225 -4225 -4225 -4225 -4225 -4097 
7 -4225 -4225 -4097 -4225 -4225 -4097 -4097 -4097 -4225 
7 -4097 -4225 -4097 -4225 -4097 -4097 -4225 -4225 -4097 
9 -4097 -4225 -4097 -4225 -4097 -4225 -4225 -4097 -4097 
CPU side received count (scaleup: 1): -6712 -6615 -6748 -6629 -6555 -6709 -6626 -6672 # -4225 -4225 -4097 -4097 -4097 -4097 -4225 -4225 -4225 -4225 -4097 -4097 -4225 -4225 -4097 -4225 
5 -4225 -4097 -3969 -4225 -4097 -4097 -4097 -4097 -4097 
CPU side received count (scaleup: 0): -6725 -6705 -6696 -6692 -6675 -6737 -6653 -6566 # -4097 -4225 -4225 -4225 -4097 -4097 -4225 -4225 -4225 -4225 -4097 -4225 -4225 -4097 -4225 -4097 
Elastic buffer uses 4 channels per SM
Elastic buffer uses 4 channels per SM
Elastic buffer uses 4 channels per SM
Elastic buffer uses 4 channels per SM
Elastic buffer uses 4 channels per SM
Elastic buffer uses 4 channels per SM
Elastic buffer uses 4 channels per SM
Elastic buffer uses 4 channels per SM
CPU side received count (scaleup: 3): -6754 -6645 -6526 -6612 -6805 -6585 -6802 -6725 # -4097 -4225 -4353 -4097 -4097 -4225 -409CPU side received count (scaleup: 6): -6669 -6702 -6666 -6661 -6690 -6661 -6705 -6743 # -4225 -4097 -4225 -4225 -4225 -4225 -409CPU side received count (scaleup: 5): -6681 -6646 -6837 -6635 -6563 -6625 -6615 -6655 # -4225 -4097 -4225 -4097 -4225 -4097 -396CPU side received count (scaleup: 7): -6733 -6671 -6738 -6718 -6771 -6676 -6664 -6710 # -4225 -4225 -4225 -4225 -4097 -4097 -409CPU side received count (scaleup: 4): -6689 -6699 -6765 -6714 -6640 -6706 -6649 -6752 # -4225 -4097 -4225 -4097 -4097 -4225 -422CPU side received count (scaleup: 1): -6712 -6615 -6748 -6629 -6555 -6709 -6626 -6672 # -4225 -4225 -4097 -4097 -4097 -4097 -422CPU side received count (scaleup: 0): -6725 -6705 -6696 -6692 -6675 -6737 -6653 -6566 # -4097 -4225 -4225 -4225 -4097 -4097 -422CPU side received count (scaleup: 2): -6659 -6640 -6836 -6721 -6729 -6650 -6741 -6623 # -4097 -4097 -4225 -4225 -4225 -4097 -4097 -4225 -4225 -4097 -4225 -4225 -4097 -4097 -4097 -4225 
7 -4097 -4225 -4097 -4225 -4097 -4097 -4225 -4225 -4097 
9 -4097 -4225 -4097 -4225 -4097 -4225 -4225 -4097 -4097 
7 -4225 -4225 -4225 -4097 -4225 -4097 -4097 -4353 -4225 
5 -4225 -4225 -4225 -4097 -4225 -4225 -4097 -4225 -4097 
5 -4225 -4225 -4225 -4097 -4097 -4225 -4225 -4097 -4225 
5 -4225 -4097 -3969 -4225 -4097 -4097 -4097 -4097 -4097 
7 -4097 -4225 -4097 -4225 -4225 -4225 -4225 -4225 -4097 
Elastic buffer uses 4 channels per SM
Elastic buffer uses 4 channels per SM
Elastic buffer uses 4 channels per SM
Elastic buffer uses 4 channels per SM
Elastic buffer uses 4 channels per SM
Elastic buffer uses 4 channels per SM
Elastic buffer uses 4 channels per SM
Elastic buffer uses 4 channels per SM
CPU side received count (scaleup: 7): -6733 -6671 -6738 -6718 -6771 -6676 -6664 -6710 # -4225 -4225 -4225 -4225 -4097 -4097 -409CPU side received count (scaleup: 4): -6689 -6699 -6765 -6714 -6640 -6706 -6649 -6752 # -4225 -4097 -4225 -4097 -4097 -4225 -422CPU side received count (scaleup: 3): -6754 -6645 -6526 -6612 -6805 -6585 -6802 -6725 # -4097 -4225 -4353 -4097 -4097 -4225 -409CPU side received count (scaleup: 0): -6725 -6705 -6696 -6692 -6675 -6737 -6653 -6566 # -4097 -4225 -4225 -4225 -4097 -4097 -422CPU side received count (scaleup: 1): -6712 -6615 -6748 -6629 -6555 -6709 -6626 -6672 # -4225 -4225 -4097 -4097 -4097 -4097 -4227 -4225 -4225 -4225 -4097 -4225 -4097 -4097 -4353 -4225 
CPU side received count (scaleup: 2): -6659 -6640 -6836 -6721 -6729 -6650 -6741 -6623 # -4097 -4097 -4225 -4225 -4225 -4097 -409CPU side received count (scaleup: 5): -6681 -6646 -6837 -6635 -6563 -6625 -6615 -6655 # -4225 -4097 -4225 -4097 -4225 -4097 -396CPU side received count (scaleup: 6): -6669 -6702 -6666 -6661 -6690 -6661 -6705 -6743 # -4225 -4097 -4225 -4225 -4225 -4225 -4097 -4225 -4225 -4097 -4225 -4225 -4097 -4097 -4097 -4225 
5 -4225 -4097 -3969 -4225 -4097 -4097 -4097 -4097 -4097 
5 -4225 -4225 -4225 -4097 -4097 -4225 -4225 -4097 -4225 
9 -4097 -4225 -4097 -4225 -4097 -4225 -4225 -4097 -4097 
5 -4225 -4225 -4225 -4097 -4225 -4225 -4097 -4225 -4097 
7 -4097 -4225 -4097 -4225 -4225 -4225 -4225 -4225 -4097 
7 -4097 -4225 -4097 -4225 -4097 -4097 -4225 -4225 -4097 
Elastic buffer uses 4 channels per SM
Elastic buffer uses 4 channels per SM
Elastic buffer uses 4 channels per SM
Elastic buffer uses 4 channels per SM
Elastic buffer uses 4 channels per SM
Elastic buffer uses 4 channels per SM
Elastic buffer uses 4 channels per SM
Elastic buffer uses 4 channels per SM
CPU side received count (scaleup: 5): -6681 -6646 -6837 -6635 -6563 -6625 -6615 -6655 # -4225 -4097 -4225 -4097 -4225 -4097 -396CPU side received count (scaleup: 7): -6733 -6671 -6738 -6718 -6771 -6676 -6664 -6710 # -4225 -4225 -4225 -4225 -4097 -4097 -409CPU side received count (scaleup: 4): -6689 -6699 -6765 -6714 -6640 -6706 -6649 -6752 # -4225 -4097 -4225 -4097 -4097 -4225 -422CPU side received count (scaleup: 3): -6754 -6645 -6526 -6612 -6805 -6585 -6802 -6725 # -4097 -4225 -4353 -4097 -4097 -4225 -4099 -4097 -4225 -4097 -4225 -4097 -4225 -4225 -4097 -4097 
7 -4225 -4225 -4225 -4097 -4225 -4097 -4097 -4353 -4225 
CPU side received count (scaleup: 2): -6659 -6640 -6836 -6721 -6729 -6650 -6741 -6623 # -4097 -4097 -4225 -4225 -4225 -4097 -409CPU side received count (scaleup: 6): -6669 -6702 -6666 -6661 -6690 -6661 -6705 -6743 # -4225 -4097 -4225 -4225 -4225 -4225 -4095 -4225 -4225 -4225 -4097 -4097 -4225 -4225 -4097 -4225 
7 -4097 -4225 -4097 -4225 -4097 -4097 -4225 -4225 -4097 
CPU side received count (scaleup: 0): -6725 -6705 -6696 -6692 -6675 -6737 -6653 -6566 # -4097 -4225 -4225 -4225 -4097 -4097 -422CPU side received count (scaleup: 1): -6712 -6615 -6748 -6629 -6555 -6709 -6626 -6672 # -4225 -4225 -4097 -4097 -4097 -4097 -4225 -4225 -4225 -4225 -4097 -4225 -4225 -4097 -4225 -4097 
7 -4225 -4225 -4097 -4225 -4225 -4097 -4097 -4097 -4225 
7 -4097 -4225 -4097 -4225 -4225 -4225 -4225 -4225 -4097 
5 -4225 -4097 -3969 -4225 -4097 -4097 -4097 -4097 -4097 
Elastic buffer uses 4 channels per SM
Elastic buffer uses 4 channels per SM
Elastic buffer uses 4 channels per SM
Elastic buffer uses 4 channels per SM
Elastic buffer uses 4 channels per SM
Elastic buffer uses 4 channels per SM
Elastic buffer uses 4 channels per SM
Elastic buffer uses 4 channels per SM
CPU side received count (scaleup: 7): -6733 -6671 -6738 -6718 -6771 -6676 -6664 -6710 # -4225 -4225 -4225 -4225 -4097 -4097 -409CPU side received count (scaleup: 0): -6725 -6705 -6696 -6692 -6675 -6737 -6653 -6566 # -4097 -4225 -4225 -4225 -4097 -4097 -4227 -4225 -4225 -4225 -4097 -4225 -4097 -4097 -4353 -4225 
CPU side received count (scaleup: 3): -6754 -6645 -6526 -6612 -6805 -6585 -6802 -6725 # -4097 -4225 -4353 -4097 -4097 -4225 -409CPU side received count (scaleup: 1): -6712 -6615 -6748 -6629 -6555 -6709 -6626 -6672 # -4225 -4225 -4097 -4097 -4097 -4097 -422CPU side received count (scaleup: 4): -6689 -6699 -6765 -6714 -6640 -6706 -6649 -6752 # -4225 -4097 -4225 -4097 -4097 -4225 -422CPU side received count (scaleup: 2): -6659 -6640 -6836 -6721 -6729 -6650 -6741 -6623 # -4097 -4097 -4225 -4225 -4225 -4097 -4095 -4225 -4225 -4225 -4097 -4097 -4225 -4225 -4097 -4225 
7 -4097 -4225 -4097 -4225 -4225 -4225 -4225 -4225 -4097 
CPU side received count (scaleup: 5): -6681 -6646 -6837 -6635 -6563 -6625 -6615 -6655 # -4225 -4097 -4225 -4097 -4225 -4097 -3965 -4225 -4225 -4225 -4097 -4225 -4225 -4097 -4225 -4097 
7 -4225 -4225 -4097 -4225 -4225 -4097 -4097 -4097 -4225 
5 -4225 -4097 -3969 -4225 -4097 -4097 -4097 -4097 -4097 
CPU side received count (scaleup: 6): -6669 -6702 -6666 -6661 -6690 -6661 -6705 -6743 # -4225 -4097 -4225 -4225 -4225 -4225 -4099 -4097 -4225 -4097 -4225 -4097 -4225 -4225 -4097 -4097 
7 -4097 -4225 -4097 -4225 -4097 -4097 -4225 -4225 -4097 
Elastic buffer uses 4 channels per SM
Elastic buffer uses 4 channels per SM
Elastic buffer uses 4 channels per SM
Elastic buffer uses 4 channels per SM
Elastic buffer uses 4 channels per SM
Elastic buffer uses 4 channels per SM
Elastic buffer uses 4 channels per SM
Elastic buffer uses 4 channels per SM
CPU side received count (scaleup: 4): -6689 -6699 -6765 -6714 -6640 -6706 -6649 -6752 # -4225 -4097 -4225 -4097 -4097 -4225 -422CPU side received count (scaleup: 2): -6659 -6640 -6836 -6721 -6729 -6650 -6741 -6623 # -4097 -4097 -4225 -4225 -4225 -4097 -409CPU side received count (scaleup: 6): -6669 -6702 -6666 -6661 -6690 -6661 -6705 -6743 # -4225 -4097 -4225 -4225 -4225 -4225 -409CPU side received count (scaleup: 3): -6754 -6645 -6526 -6612 -6805 -6585 -6802 -6725 # -4097 -4225 -4353 -4097 -4097 -4225 -409CPU side received count (scaleup: 7): -6733 -6671 -6738 -6718 -6771 -6676 -6664 -6710 # -4225 -4225 -4225 -4225 -4097 -4097 -409CPU side received count (scaleup: 5): -6681 -6646 -6837 -6635 -6563 -6625 -6615 -6655 # -4225 -4097 -4225 -4097 -4225 -4097 -3967 -4097 -4225 -4097 -4225 -4097 -4097 -4225 -4225 -4097 
CPU side received count (scaleup: 1): -6712 -6615 -6748 -6629 -6555 -6709 -6626 -6672 # -4225 -4225 -4097 -4097 -4097 -4097 -422CPU side received count (scaleup: 0): -6725 -6705 -6696 -6692 -6675 -6737 -6653 -6566 # -4097 -4225 -4225 -4225 -4097 -4097 -4225 -4225 -4225 -4225 -4097 -4097 -4225 -4225 -4097 -4225 
5 -4225 -4097 -3969 -4225 -4097 -4097 -4097 -4097 -4097 
5 -4225 -4225 -4225 -4097 -4225 -4225 -4097 -4225 -4097 
7 -4097 -4225 -4097 -4225 -4225 -4225 -4225 -4225 -4097 
7 -4225 -4225 -4097 -4225 -4225 -4097 -4097 -4097 -4225 
7 -4225 -4225 -4225 -4097 -4225 -4097 -4097 -4353 -4225 
9 -4097 -4225 -4097 -4225 -4097 -4225 -4225 -4097 -4097 
Elastic buffer uses 4 channels per SM
Elastic buffer uses 4 channels per SM
Elastic buffer uses 4 channels per SM
Elastic buffer uses 4 channels per SM
Elastic buffer uses 4 channels per SM
Elastic buffer uses 4 channels per SM
Elastic buffer uses 4 channels per SM
Elastic buffer uses 4 channels per SM
CPU side received count (scaleup: 7): -6733 -6671 -6738 -6718 -6771 -6676 -6664 -6710 # -4225 -4225 -4225 -4225 -4097 -4097 -409CPU side received count (scaleup: 5): -6681 -6646 -6837 -6635 -6563 -6625 -6615 -6655 # -4225 -4097 -4225 -4097 -4225 -4097 -396CPU side received count (scaleup: 6): -6669 -6702 -6666 -6661 -6690 -6661 -6705 -6743 # -4225 -4097 -4225 -4225 -4225 -4225 -409CPU side received count (scaleup: 0): -6725 -6705 -6696 -6692 -6675 -6737 -6653 -6566 # -4097 -4225 -4225 -4225 -4097 -4097 -422CPU side received count (scaleup: 2): -6659 -6640 -6836 -6721 -6729 -6650 -6741 -6623 # -4097 -4097 -4225 -4225 -4225 -4097 -4097 -4097 -4225 -4097 -4225 -4097 -4097 -4225 -4225 -4097 
CPU side received count (scaleup: 4): -6689 -6699 -6765 -6714 -6640 -6706 -6649 -6752 # -4225 -4097 -4225 -4097 -4097 -4225 -4227 -4225 -4225 -4225 -4097 -4225 -4097 -4097 -4353 -4225 
9 -4097 -4225 -4097 -4225 -4097 -4225 -4225 -4097 -4097 
5 -4225 -4225 -4225 -4097 -4097 -4225 -4225 -4097 -4225 
CPU side received count (scaleup: 3): -6754 -6645 -6526 -6612 -6805 -6585 -6802 -6725 # -4097 -4225 -4353 -4097 -4097 -4225 -4095 -4225 -4225 -4225 -4097 -4225 -4225 -4097 -4225 -4097 
7 -4097 -4225 -4097 -4225 -4225 -4225 -4225 -4225 -4097 
CPU side received count (scaleup: 1): -6712 -6615 -6748 -6629 -6555 -6709 -6626 -6672 # -4225 -4225 -4097 -4097 -4097 -4097 -4225 -4225 -4097 -3969 -4225 -4097 -4097 -4097 -4097 -4097 
7 -4225 -4225 -4097 -4225 -4225 -4097 -4097 -4097 -4225 
Elastic buffer uses 4 channels per SM
Elastic buffer uses 4 channels per SM
Elastic buffer uses 4 channels per SM
Elastic buffer uses 4 channels per SM
Elastic buffer uses 4 channels per SM
Elastic buffer uses 4 channels per SM
Elastic buffer uses 4 channels per SM
Elastic buffer uses 4 channels per SM
CPU side received count (scaleup: 5): -6681 -6646 -6837 -6635 -6563 -6625 -6615 -6655 # -4225 -4097 -4225 -4097 -4225 -4097 -3969 -4097 -4225 -4097 -4225 -4097 -4225 -4225 -4097 -4097 
CPU side received count (scaleup: 7): -6733 -6671 -6738 -6718 -6771 -6676 -6664 -6710 # -4225 -4225 -4225 -4225 -4097 -4097 -409CPU side received count (scaleup: 2): -6659 -6640 -6836 -6721 -6729 -6650 -6741 -6623 # -4097 -4097 -4225 -4225 -4225 -4097 -409CPU side received count (scaleup: 3): -6754 -6645 -6526 -6612 -6805 -6585 -6802 -6725 # -4097 -4225 -4353 -4097 -4097 -4225 -409CPU side received count (scaleup: 0): -6725 -6705 -6696 -6692 -6675 -6737 -6653 -6566 # -4097 -4225 -4225 -4225 -4097 -4097 -422CPU side received count (scaleup: 6): -6669 -6702 -6666 -6661 -6690 -6661 -6705 -6743 # -4225 -4097 -4225 -4225 -4225 -4225 -409CPU side received count (scaleup: 1): -6712 -6615 -6748 -6629 -6555 -6709 -6626 -6672 # -4225 -4225 -4097 -4097 -4097 -4097 -422CPU side received count (scaleup: 4): -6689 -6699 -6765 -6714 -6640 -6706 -6649 -6752 # -4225 -4097 -4225 -4097 -4097 -4225 -4227 -4225 -4225 -4225 -4097 -4225 -4097 -4097 -4353 -4225 
5 -4225 -4097 -3969 -4225 -4097 -4097 -4097 -4097 -4097 
7 -4097 -4225 -4097 -4225 -4225 -4225 -4225 -4225 -4097 
7 -4225 -4225 -4097 -4225 -4225 -4097 -4097 -4097 -4225 
5 -4225 -4225 -4225 -4097 -4225 -4225 -4097 -4225 -4097 
7 -4097 -4225 -4097 -4225 -4097 -4097 -4225 -4225 -4097 
5 -4225 -4225 -4225 -4097 -4097 -4225 -4225 -4097 -4225 
Elastic buffer uses 4 channels per SM
Elastic buffer uses 4 channels per SM
Elastic buffer uses 4 channels per SM
Elastic buffer uses 4 channels per SM
Elastic buffer uses 4 channels per SM
Elastic buffer uses 4 channels per SM
Elastic buffer uses 4 channels per SM
Elastic buffer uses 4 channels per SM
USDT:2026-08-25 02:18:51 431:431 SyncActivityProfilerHandler.cpp:52] profiler_startUSDT:2026-08-25 02:18:51 434:434 SyncActivityProfilerHandler.cpp:52] profiler_start
USDT:2026-08-25 02:18:51 432:432 SyncActivityProfilerHandler.cpp:52] profiler_startUSDT:2026-08-25 02:18:51 436:436 SyncActivityProfilerHandler.cpp:52] profiler_startUSDT:2026-08-25 02:18:51 437:437 SyncActivityProfilerHandler.cpp:52] profiler_startUSDT:2026-08-25 02:18:51 435:435 SyncActivityProfilerHandler.cpp:52] profiler_startUSDT:2026-08-25 02:18:51 438:438 SyncActivityProfilerHandler.cpp:52] profiler_start

USDT:2026-08-25 02:18:51 433:433 SyncActivityProfilerHandler.cpp:52] profiler_start




CPU side received count (scaleup: 5): -6681 -6646 -6837 -6635 -6563 -6625 -6615 -6655 # -4225 -4097 -4225 -4097 -4225 -4097 -396CPU side received count (scaleup: 0): -6725 -6705 -6696 -6692 -6675 -6737 -6653 -6566 # -4097 -4225 -4225 -4225 -4097 -4097 -422CPU side received count (scaleup: 6): -6669 -6702 -6666 -6661 -6690 -6661 -6705 -6743 # -4225 -4097 -4225 -4225 -4225 -4225 -4099 -4097 -4225 -4097 -4225 -4097 -4225 -4225 -4097 -4097 
CPU side received count (scaleup: 7): -6733 -6671 -6738 -6718 -6771 -6676 -6664 -6710 # -4225 -4225 -4225 -4225 -4097 -4097 -4097 -4097 -4225 -4097 -4225 -4097 -4097 -4225 -4225 -4097 
CPU side received count (scaleup: 3): -6754 -6645 -6526 -6612 -6805 -6585 -6802 -6725 # -4097 -4225 -4353 -4097 -4097 -4225 -4097 -4225 -4225 -4225 -4097 -4225 -4097 -4097 -4353 -4225 
CPU side received count (scaleup: 2): -6659 -6640 -6836 -6721 -6729 -6650 -6741 -6623 # -4097 -4097 -4225 -4225 -4225 -4097 -409CPU side received count (scaleup: 1): -6712 -6615 -6748 -6629 -6555 -6709 -6626 -6672 # -4225 -4225 -4097 -4097 -4097 -4097 -4225 -4225 -4225 -4225 -4097 -4225 -4225 -4097 -4225 -4097 
7 -4097 -4225 -4097 -4225 -4225 -4225 -4225 -4225 -4097 
5 -4225 -4097 -3969 -4225 -4097 -4097 -4097 -4097 -4097 
CPU side received count (scaleup: 4): -6689 -6699 -6765 -6714 -6640 -6706 -6649 -6752 # -4225 -4097 -4225 -4097 -4097 -4225 -4227 -4225 -4225 -4097 -4225 -4225 -4097 -4097 -4097 -4225 
5 -4225 -4225 -4225 -4097 -4097 -4225 -4225 -4097 -4225 
Elastic buffer uses 4 channels per SM
Elastic buffer uses 4 channels per SM
Elastic buffer uses 4 channels per SM
Elastic buffer uses 4 channels per SM
Elastic buffer uses 4 channels per SM
Elastic buffer uses 4 channels per SM
Elastic buffer uses 4 channels per SM
Elastic buffer uses 4 channels per SM
CPU side received count (scaleup: 3): -6754 -6645 -6526 -6612 -6805 -6585 -6802 -6725 # -4097 -4225 -4353 -4097 -4097 -4225 -409CPU side received count (scaleup: 1): -6712 -6615 -6748 -6629 -6555 -6709 -6626 -6672 # -4225 -4225 -4097 -4097 -4097 -4097 -422CPU side received count (scaleup: 7): -6733 -6671 -6738 -6718 -6771 -6676 -6664 -6710 # -4225 -4225 -4225 -4225 -4097 -4097 -409CPU side received count (scaleup: 0): -6725 -6705 -6696 -6692 -6675 -6737 -6653 -6566 # -4097 -4225 -4225 -4225 -4097 -4097 -422CPU side received count (scaleup: 2): -6659 -6640 -6836 -6721 -6729 -6650 -6741 -6623 # -4097 -4097 -4225 -4225 -4225 -4097 -409CPU side received count (scaleup: 6): -6669 -6702 -6666 -6661 -6690 -6661 -6705 -6743 # -4225 -4097 -4225 -4225 -4225 -4225 -409CPU side received count (scaleup: 4): -6689 -6699 -6765 -6714 -6640 -6706 -6649 -6752 # -4225 -4097 -4225 -4097 -4097 -4225 -4227 -4225 -4225 -4097 -4225 -4225 -4097 -4097 -4097 -4225 
CPU side received count (scaleup: 5): -6681 -6646 -6837 -6635 -6563 -6625 -6615 -6655 # -4225 -4097 -4225 -4097 -4225 -4097 -3965 -4225 -4097 -3969 -4225 -4097 -4097 -4097 -4097 -4097 
5 -4225 -4225 -4225 -4097 -4225 -4225 -4097 -4225 -4097 
7 -4225 -4225 -4225 -4097 -4225 -4097 -4097 -4353 -4225 
7 -4097 -4225 -4097 -4225 -4225 -4225 -4225 -4225 -4097 
7 -4097 -4225 -4097 -4225 -4097 -4097 -4225 -4225 -4097 
5 -4225 -4225 -4225 -4097 -4097 -4225 -4225 -4097 -4225 
9 -4097 -4225 -4097 -4225 -4097 -4225 -4225 -4097 -4097 
Elastic buffer uses 4 channels per SM
Elastic buffer uses 4 channels per SM
Elastic buffer uses 4 channels per SM
Elastic buffer uses 4 channels per SM
Elastic buffer uses 4 channels per SM
Elastic buffer uses 4 channels per SM
Elastic buffer uses 4 channels per SM
Elastic buffer uses 4 channels per SM
CPU side received count (scaleup: 7): -6733 -6671 -6738 -6718 -6771 -6676 -6664 -6710 # -4225 -4225 -4225 -4225 -4097 -4097 -409CPU side received count (scaleup: 3): -6754 -6645 -6526 -6612 -6805 -6585 -6802 -6725 # -4097 -4225 -4353 -4097 -4097 -4225 -409CPU side received count (scaleup: 1): -6712 -6615 -6748 -6629 -6555 -6709 -6626 -6672 # -4225 -4225 -4097 -4097 -4097 -4097 -4227 -4225 -4225 -4225 -4097 -4225 -4097 -4097 -4353 -4225 
7 -4225 -4225 -4097 -4225 -4225 -4097 -4097 -4097 -4225 
CPU side received count (scaleup: 2): -6659 -6640 -6836 -6721 -6729 -6650 -6741 -6623 # -4097 -4097 -4225 -4225 -4225 -4097 -409CPU side received count (scaleup: 0): -6725 -6705 -6696 -6692 -6675 -6737 -6653 -6566 # -4097 -4225 -4225 -4225 -4097 -4097 -422CPU side received count (scaleup: 5): -6681 -6646 -6837 -6635 -6563 -6625 -6615 -6655 # -4225 -4097 -4225 -4097 -4225 -4097 -396CPU side received count (scaleup: 6): -6669 -6702 -6666 -6661 -6690 -6661 -6705 -6743 # -4225 -4097 -4225 -4225 -4225 -4225 -4097 -4097 -4225 -4097 -4225 -4225 -4225 -4225 -4225 -4097 
5 -4225 -4225 -4225 -4097 -4225 -4225 -4097 -4225 -4097 
9 -4097 -4225 -4097 -4225 -4097 -4225 -4225 -4097 -4097 
CPU side received count (scaleup: 4): -6689 -6699 -6765 -6714 -6640 -6706 -6649 -6752 # -4225 -4097 -4225 -4097 -4097 -4225 -4225 -4225 -4097 -3969 -4225 -4097 -4097 -4097 -4097 -4097 
7 -4097 -4225 -4097 -4225 -4097 -4097 -4225 -4225 -4097 
5 -4225 -4225 -4225 -4097 -4097 -4225 -4225 -4097 -4225 
Elastic buffer uses 4 channels per SM
Elastic buffer uses 4 channels per SM
Elastic buffer uses 4 channels per SM
Elastic buffer uses 4 channels per SM
Elastic buffer uses 4 channels per SM
Elastic buffer uses 4 channels per SM
Elastic buffer uses 4 channels per SM
Elastic buffer uses 4 channels per SM
CPU side received count (scaleup: 3): -6754 -6645 -6526 -6612 -6805 -6585 -6802 -6725 # -4097 -4225 -4353 -4097 -4097 -4225 -409CPU side received count (scaleup: 2): -6659 -6640 -6836 -6721 -6729 -6650 -6741 -6623 # -4097 -4097 -4225 -4225 -4225 -4097 -409CPU side received count (scaleup: 5): -6681 -6646 -6837 -6635 -6563 -6625 -6615 -6655 # -4225 -4097 -4225 -4097 -4225 -4097 -396CPU side received count (scaleup: 4): -6689 -6699 -6765 -6714 -6640 -6706 -6649 -6752 # -4225 -4097 -4225 -4097 -4097 -4225 -422CPU side received count (scaleup: 6): -6669 -6702 -6666 -6661 -6690 -6661 -6705 -6743 # -4225 -4097 -4225 -4225 -4225 -4225 -409CPU side received count (scaleup: 1): -6712 -6615 -6748 -6629 -6555 -6709 -6626 -6672 # -4225 -4225 -4097 -4097 -4097 -4097 -4227 -4097 -4225 -4097 -4225 -4225 -4225 -4225 -4225 -4097 
9 -4097 -4225 -4097 -4225 -4097 -4225 -4225 -4097 -4097 
CPU side received count (scaleup: 0): -6725 -6705 -6696 -6692 -6675 -6737 -6653 -6566 # -4097 -4225 -4225 -4225 -4097 -4097 -422CPU side received count (scaleup: 7): -6733 -6671 -6738 -6718 -6771 -6676 -6664 -6710 # -4225 -4225 -4225 -4225 -4097 -4097 -4097 -4225 -4225 -4097 -4225 -4225 -4097 -4097 -4097 -4225 
5 -4225 -4225 -4225 -4097 -4097 -4225 -4225 -4097 -4225 
5 -4225 -4097 -3969 -4225 -4097 -4097 -4097 -4097 -4097 
7 -4097 -4225 -4097 -4225 -4097 -4097 -4225 -4225 -4097 
5 -4225 -4225 -4225 -4097 -4225 -4225 -4097 -4225 -4097 
7 -4225 -4225 -4225 -4097 -4225 -4097 -4097 -4353 -4225 
Elastic buffer uses 4 channels per SM
Elastic buffer uses 4 channels per SM
Elastic buffer uses 4 channels per SM
Elastic buffer uses 4 channels per SM
Elastic buffer uses 4 channels per SM
Elastic buffer uses 4 channels per SM
Elastic buffer uses 4 channels per SM
Elastic buffer uses 4 channels per SM
CPU side received count (scaleup: 7): -6733 -6671 -6738 -6718 -6771 -6676 -6664 -6710 # -4225 -4225 -4225 -4225 -4097 -4097 -409CPU side received count (scaleup: 0): -6725 -6705 -6696 -6692 -6675 -6737 -6653 -6566 # -4097 -4225 -4225 -4225 -4097 -4097 -422CPU side received count (scaleup: 2): -6659 -6640 -6836 -6721 -6729 -6650 -6741 -6623 # -4097 -4097 -4225 -4225 -4225 -4097 -4097 -4225 -4225 -4225 -4097 -4225 -4097 -4097 -4353 -4225 
CPU side received count (scaleup: 5): -6681 -6646 -6837 -6635 -6563 -6625 -6615 -6655 # -4225 -4097 -4225 -4097 -4225 -4097 -3967 -4097 -4225 -4097 -4225 -4225 -4225 -4225 -4225 -4097 
CPU side received count (scaleup: 3): -6754 -6645 -6526 -6612 -6805 -6585 -6802 -6725 # -4097 -4225 -4353 -4097 -4097 -4225 -409CPU side received count (scaleup: 6): -6669 -6702 -6666 -6661 -6690 -6661 -6705 -6743 # -4225 -4097 -4225 -4225 -4225 -4225 -409CPU side received count (scaleup: 4): -6689 -6699 -6765 -6714 -6640 -6706 -6649 -6752 # -4225 -4097 -4225 -4097 -4097 -4225 -4225 -4225 -4225 -4225 -4097 -4225 -4225 -4097 -4225 -4097 
9 -4097 -4225 -4097 -4225 -4097 -4225 -4225 -4097 -4097 
5 -4225 -4225 -4225 -4097 -4097 -4225 -4225 -4097 -4225 
7 -4225 -4225 -4097 -4225 -4225 -4097 -4097 -4097 -4225 
7 -4097 -4225 -4097 -4225 -4097 -4097 -4225 -4225 -4097 
CPU side received count (scaleup: 1): -6712 -6615 -6748 -6629 -6555 -6709 -6626 -6672 # -4225 -4225 -4097 -4097 -4097 -4097 -4225 -4225 -4097 -3969 -4225 -4097 -4097 -4097 -4097 -4097 
Elastic buffer uses 4 channels per SM
Elastic buffer uses 4 channels per SM
Elastic buffer uses 4 channels per SM
Elastic buffer uses 4 channels per SM
Elastic buffer uses 4 channels per SM
Elastic buffer uses 4 channels per SM
Elastic buffer uses 4 channels per SM
Elastic buffer uses 4 channels per SM
CPU side received count (scaleup: 7): -6733 -6671 -6738 -6718 -6771 -6676 -6664 -6710 # -4225 -4225 -4225 -4225 -4097 -4097 -409CPU side received count (scaleup: 4): -6689 -6699 -6765 -6714 -6640 -6706 -6649 -6752 # -4225 -4097 -4225 -4097 -4097 -4225 -422CPU side received count (scaleup: 5): -6681 -6646 -6837 -6635 -6563 -6625 -6615 -6655 # -4225 -4097 -4225 -4097 -4225 -4097 -3967 -4225 -4225 -4225 -4097 -4225 -4097 -4097 -4353 -4225 
CPU side received count (scaleup: 6): -6669 -6702 -6666 -6661 -6690 -6661 -6705 -6743 # -4225 -4097 -4225 -4225 -4225 -4225 -409CPU side received count (scaleup: 2): -6659 -6640 -6836 -6721 -6729 -6650 -6741 -6623 # -4097 -4097 -4225 -4225 -4225 -4097 -4095 -4225 -4225 -4225 -4097 -4097 -4225 -4225 -4097 -4225 
CPU side received count (scaleup: 3): -6754 -6645 -6526 -6612 -6805 -6585 -6802 -6725 # -4097 -4225 -4353 -4097 -4097 -4225 -4097 -4097 -4225 -4097 -4225 -4225 -4225 -4225 -4225 -4097 
CPU side received count (scaleup: 0): -6725 -6705 -6696 -6692 -6675 -6737 -6653 -6566 # -4097 -4225 -4225 -4225 -4097 -4097 -422CPU side received count (scaleup: 1): -6712 -6615 -6748 -6629 -6555 -6709 -6626 -6672 # -4225 -4225 -4097 -4097 -4097 -4097 -4229 -4097 -4225 -4097 -4225 -4097 -4225 -4225 -4097 -4097 
7 -4225 -4225 -4097 -4225 -4225 -4097 -4097 -4097 -4225 
7 -4097 -4225 -4097 -4225 -4097 -4097 -4225 -4225 -4097 
5 -4225 -4097 -3969 -4225 -4097 -4097 -4097 -4097 -4097 
5 -4225 -4225 -4225 -4097 -4225 -4225 -4097 -4225 -4097 
Elastic buffer uses 4 channels per SM
Elastic buffer uses 4 channels per SM
Elastic buffer uses 4 channels per SM
Elastic buffer uses 4 channels per SM
Elastic buffer uses 4 channels per SM
Elastic buffer uses 4 channels per SM
Elastic buffer uses 4 channels per SM
Elastic buffer uses 4 channels per SM
CPU side received count (scaleup: 3): -6754 -6645 -6526 -6612 -6805 -6585 -6802 -6725 # -4097 -4225 -4353 -4097 -4097 -4225 -409CPU side received count (scaleup: 7): -6733 -6671 -6738 -6718 -6771 -6676 -6664 -6710 # -4225 -4225 -4225 -4225 -4097 -4097 -409CPU side received count (scaleup: 1): -6712 -6615 -6748 -6629 -6555 -6709 -6626 -6672 # -4225 -4225 -4097 -4097 -4097 -4097 -422CPU side received count (scaleup: 5): -6681 -6646 -6837 -6635 -6563 -6625 -6615 -6655 # -4225 -4097 -4225 -4097 -4225 -4097 -3967 -4225 -4225 -4097 -4225 -4225 -4097 -4097 -4097 -4225 
CPU side received count (scaleup: 0): -6725 -6705 -6696 -6692 -6675 -6737 -6653 -6566 # -4097 -4225 -4225 -4225 -4097 -4097 -4225 -4225 -4097 -3969 -4225 -4097 -4097 -4097 -4097 -4097 
9 -4097 -4225 -4097 -4225 -4097 -4225 -4225 -4097 -4097 
CPU side received count (scaleup: 6): -6669 -6702 -6666 -6661 -6690 -6661 -6705 -6743 # -4225 -4097 -4225 -4225 -4225 -4225 -409CPU side received count (scaleup: 2): -6659 -6640 -6836 -6721 -6729 -6650 -6741 -6623 # -4097 -4097 -4225 -4225 -4225 -4097 -4095 -4225 -4225 -4225 -4097 -4225 -4225 -4097 -4225 -4097 
CPU side received count (scaleup: 4): -6689 -6699 -6765 -6714 -6640 -6706 -6649 -6752 # -4225 -4097 -4225 -4097 -4097 -4225 -4227 -4225 -4225 -4225 -4097 -4225 -4097 -4097 -4353 -4225 
7 -4097 -4225 -4097 -4225 -4097 -4097 -4225 -4225 -4097 
5 -4225 -4225 -4225 -4097 -4097 -4225 -4225 -4097 -4225 
7 -4097 -4225 -4097 -4225 -4225 -4225 -4225 -4225 -4097 
Elastic buffer uses 4 channels per SM
Elastic buffer uses 4 channels per SM
Elastic buffer uses 4 channels per SM
Elastic buffer uses 4 channels per SM
Elastic buffer uses 4 channels per SM
Elastic buffer uses 4 channels per SM
Elastic buffer uses 4 channels per SM
Elastic buffer uses 4 channels per SM
CPU side received count (scaleup: 7): -6733 -6671 -6738 -6718 -6771 -6676 -6664 -6710 # -4225 -4225 -4225 -4225 -4097 -4097 -409CPU side received count (scaleup: 4): -6689 -6699 -6765 -6714 -6640 -6706 -6649 -6752 # -4225 -4097 -4225 -4097 -4097 -4225 -422CPU side received count (scaleup: 5): -6681 -6646 -6837 -6635 -6563 -6625 -6615 -6655 # -4225 -4097 -4225 -4097 -4225 -4097 -396CPU side received count (scaleup: 0): -6725 -6705 -6696 -6692 -6675 -6737 -6653 -6566 # -4097 -4225 -4225 -4225 -4097 -4097 -4227 -4225 -4225 -4225 -4097 -4225 -4097 -4097 -4353 -4225 
CPU side received count (scaleup: 2): -6659 -6640 -6836 -6721 -6729 -6650 -6741 -6623 # -4097 -4097 -4225 -4225 -4225 -4097 -4095 -4225 -4225 -4225 -4097 -4225 -4225 -4097 -4225 -4097 
CPU side received count (scaleup: 6): -6669 -6702 -6666 -6661 -6690 -6661 -6705 -6743 # -4225 -4097 -4225 -4225 -4225 -4225 -409CPU side received count (scaleup: 1): -6712 -6615 -6748 -6629 -6555 -6709 -6626 -6672 # -4225 -4225 -4097 -4097 -4097 -4097 -4225 -4225 -4225 -4225 -4097 -4097 -4225 -4225 -4097 -4225 
7 -4097 -4225 -4097 -4225 -4097 -4097 -4225 -4225 -4097 
CPU side received count (scaleup: 3): -6754 -6645 -6526 -6612 -6805 -6585 -6802 -6725 # -4097 -4225 -4353 -4097 -4097 -4225 -4099 -4097 -4225 -4097 -4225 -4097 -4225 -4225 -4097 -4097 
7 -4097 -4225 -4097 -4225 -4225 -4225 -4225 -4225 -4097 
5 -4225 -4097 -3969 -4225 -4097 -4097 -4097 -4097 -4097 
7 -4225 -4225 -4097 -4225 -4225 -4097 -4097 -4097 -4225 
Elastic buffer uses 4 channels per SM
Elastic buffer uses 4 channels per SM
Elastic buffer uses 4 channels per SM
Elastic buffer uses 4 channels per SM
Elastic buffer uses 4 channels per SM
Elastic buffer uses 4 channels per SM
Elastic buffer uses 4 channels per SM
Elastic buffer uses 4 channels per SM
CPU side received count (scaleup: 3): -6754 -6645 -6526 -6612 -6805 -6585 -6802 -6725 # -4097 -4225 -4353 -4097 -4097 -4225 -409CPU side received count (scaleup: 5): -6681 -6646 -6837 -6635 -6563 -6625 -6615 -6655 # -4225 -4097 -4225 -4097 -4225 -4097 -396CPU side received count (scaleup: 2): -6659 -6640 -6836 -6721 -6729 -6650 -6741 -6623 # -4097 -4097 -4225 -4225 -4225 -4097 -409CPU side received count (scaleup: 0): -6725 -6705 -6696 -6692 -6675 -6737 -6653 -6566 # -4097 -4225 -4225 -4225 -4097 -4097 -4229 -4097 -4225 -4097 -4225 -4097 -4225 -4225 -4097 -4097 
7 -4097 -4225 -4097 -4225 -4225 -4225 -4225 -4225 -4097 
CPU side received count (scaleup: 1): -6712 -6615 -6748 -6629 -6555 -6709 -6626 -6672 # -4225 -4225 -4097 -4097 -4097 -4097 -422CPU side received count (scaleup: 4): -6689 -6699 -6765 -6714 -6640 -6706 -6649 -6752 # -4225 -4097 -4225 -4097 -4097 -4225 -422CPU side received count (scaleup: 7): -6733 -6671 -6738 -6718 -6771 -6676 -6664 -6710 # -4225 -4225 -4225 -4225 -4097 -4097 -4097 -4225 -4225 -4097 -4225 -4225 -4097 -4097 -4097 -4225 
7 -4225 -4225 -4225 -4097 -4225 -4097 -4097 -4353 -4225 
5 -4225 -4225 -4225 -4097 -4225 -4225 -4097 -4225 -4097 
5 -4225 -4097 -3969 -4225 -4097 -4097 -4097 -4097 -4097 
CPU side received count (scaleup: 6): -6669 -6702 -6666 -6661 -6690 -6661 -6705 -6743 # -4225 -4097 -4225 -4225 -4225 -4225 -4095 -4225 -4225 -4225 -4097 -4097 -4225 -4225 -4097 -4225 
7 -4097 -4225 -4097 -4225 -4097 -4097 -4225 -4225 -4097 
Elastic buffer uses 4 channels per SM
Elastic buffer uses 4 channels per SM
Elastic buffer uses 4 channels per SM
Elastic buffer uses 4 channels per SM
Elastic buffer uses 4 channels per SM
Elastic buffer uses 4 channels per SM
Elastic buffer uses 4 channels per SM
Elastic buffer uses 4 channels per SM
CPU side received count (scaleup: 7): -6733 -6671 -6738 -6718 -6771 -6676 -6664 -6710 # -4225 -4225 -4225 -4225 -4097 -4097 -409CPU side received count (scaleup: 5): -6681 -6646 -6837 -6635 -6563 -6625 -6615 -6655 # -4225 -4097 -4225 -4097 -4225 -4097 -396CPU side received count (scaleup: 4): -6689 -6699 -6765 -6714 -6640 -6706 -6649 -6752 # -4225 -4097 -4225 -4097 -4097 -4225 -422CPU side received count (scaleup: 6): -6669 -6702 -6666 -6661 -6690 -6661 -6705 -6743 # -4225 -4097 -4225 -4225 -4225 -4225 -4097 -4225 -4225 -4225 -4097 -4225 -4097 -4097 -4353 -4225 
5 -4225 -4225 -4225 -4097 -4097 -4225 -4225 -4097 -4225 
9 -4097 -4225 -4097 -4225 -4097 -4225 -4225 -4097 -4097 
CPU side received count (scaleup: 2): -6659 -6640 -6836 -6721 -6729 -6650 -6741 -6623 # -4097 -4097 -4225 -4225 -4225 -4097 -409CPU side received count (scaleup: 0): -6725 -6705 -6696 -6692 -6675 -6737 -6653 -6566 # -4097 -4225 -4225 -4225 -4097 -4097 -4227 -4097 -4225 -4097 -4225 -4225 -4225 -4225 -4225 -4097 
CPU side received count (scaleup: 1): -6712 -6615 -6748 -6629 -6555 -6709 -6626 -6672 # -4225 -4225 -4097 -4097 -4097 -4097 -4227 -4097 -4225 -4097 -4225 -4097 -4097 -4225 -4225 -4097 
5 -4225 -4225 -4225 -4097 -4225 -4225 -4097 -4225 -4097 
5 -4225 -4097 -3969 -4225 -4097 -4097 -4097 -4097 -4097 
CPU side received count (scaleup: 3): -6754 -6645 -6526 -6612 -6805 -6585 -6802 -6725 # -4097 -4225 -4353 -4097 -4097 -4225 -4097 -4225 -4225 -4097 -4225 -4225 -4097 -4097 -4097 -4225 
Elastic buffer uses 4 channels per SM
Elastic buffer uses 4 channels per SM
Elastic buffer uses 4 channels per SM
Elastic buffer uses 4 channels per SM
Elastic buffer uses 4 channels per SM
Elastic buffer uses 4 channels per SM
Elastic buffer uses 4 channels per SM
Elastic buffer uses 4 channels per SM
CPU side received count (scaleup: 7): -6733 -6671 -6738 -6718 -6771 -6676 -6664 -6710 # -4225 -4225 -4225 -4225 -4097 -4097 -409CPU side received count (scaleup: 5): -6681 -6646 -6837 -6635 -6563 -6625 -6615 -6655 # -4225 -4097 -4225 -4097 -4225 -4097 -396CPU side received count (scaleup: 2): -6659 -6640 -6836 -6721 -6729 -6650 -6741 -6623 # -4097 -4097 -4225 -4225 -4225 -4097 -409CPU side received count (scaleup: 3): -6754 -6645 -6526 -6612 -6805 -6585 -6802 -6725 # -4097 -4225 -4353 -4097 -4097 -4225 -4099 -4097 -4225 -4097 -4225 -4097 -4225 -4225 -4097 -4097 
CPU side received count (scaleup: 0): -6725 -6705 -6696 -6692 -6675 -6737 -6653 -6566 # -4097 -4225 -4225 -4225 -4097 -4097 -4227 -4097 -4225 -4097 -4225 -4225 -4225 -4225 -4225 -4097 
7 -4225 -4225 -4097 -4225 -4225 -4097 -4097 -4097 -4225 
5 -4225 -4225 -4225 -4097 -4225 -4225 -4097 -4225 -4097 
CPU side received count (scaleup: 4): -6689 -6699 -6765 -6714 -6640 -6706 -6649 -6752 # -4225 -4097 -4225 -4097 -4097 -4225 -422CPU side received count (scaleup: 6): -6669 -6702 -6666 -6661 -6690 -6661 -6705 -6743 # -4225 -4097 -4225 -4225 -4225 -4225 -4095 -4225 -4225 -4225 -4097 -4097 -4225 -4225 -4097 -4225 
7 -4225 -4225 -4225 -4097 -4225 -4097 -4097 -4353 -4225 
7 -4097 -4225 -4097 -4225 -4097 -4097 -4225 -4225 -4097 
CPU side received count (scaleup: 1): -6712 -6615 -6748 -6629 -6555 -6709 -6626 -6672 # -4225 -4225 -4097 -4097 -4097 -4097 -4225 -4225 -4097 -3969 -4225 -4097 -4097 -4097 -4097 -4097 
Elastic buffer uses 4 channels per SM
Elastic buffer uses 4 channels per SM
Elastic buffer uses 4 channels per SM
Elastic buffer uses 4 channels per SM
Elastic buffer uses 4 channels per SM
Elastic buffer uses 4 channels per SM
Elastic buffer uses 4 channels per SM
Elastic buffer uses 4 channels per SM
CPU side received count (scaleup: 7): -6733 -6671 -6738 -6718 -6771 -6676 -6664 -6710 # -4225 -4225 -4225 -4225 -4097 -4097 -409CPU side received count (scaleup: 6): -6669 -6702 -6666 -6661 -6690 -6661 -6705 -6743 # -4225 -4097 -4225 -4225 -4225 -4225 -409CPU side received count (scaleup: 4): -6689 -6699 -6765 -6714 -6640 -6706 -6649 -6752 # -4225 -4097 -4225 -4097 -4097 -4225 -422CPU side received count (scaleup: 5): -6681 -6646 -6837 -6635 -6563 -6625 -6615 -6655 # -4225 -4097 -4225 -4097 -4225 -4097 -396CPU side received count (scaleup: 2): -6659 -6640 -6836 -6721 -6729 -6650 -6741 -6623 # -4097 -4097 -4225 -4225 -4225 -4097 -409CPU side received count (scaleup: 1): -6712 -6615 -6748 -6629 -6555 -6709 -6626 -6672 # -4225 -4225 -4097 -4097 -4097 -4097 -4227 -4097 -4225 -4097 -4225 -4225 -4225 -4225 -4225 -4097 
7 -4225 -4225 -4225 -4097 -4225 -4097 -4097 -4353 -4225 
CPU side received count (scaleup: 3): -6754 -6645 -6526 -6612 -6805 -6585 -6802 -6725 # -4097 -4225 -4353 -4097 -4097 -4225 -4097 -4097 -4225 -4097 -4225 -4097 -4097 -4225 -4225 -4097 
5 -4225 -4225 -4225 -4097 -4097 -4225 -4225 -4097 -4225 
9 -4097 -4225 -4097 -4225 -4097 -4225 -4225 -4097 -4097 
CPU side received count (scaleup: 0): -6725 -6705 -6696 -6692 -6675 -6737 -6653 -6566 # -4097 -4225 -4225 -4225 -4097 -4097 -4225 -4225 -4097 -3969 -4225 -4097 -4097 -4097 -4097 -4097 
5 -4225 -4225 -4225 -4097 -4225 -4225 -4097 -4225 -4097 
7 -4225 -4225 -4097 -4225 -4225 -4097 -4097 -4097 -4225 
Elastic buffer uses 4 channels per SM
Elastic buffer uses 4 channels per SM
Elastic buffer uses 4 channels per SM
Elastic buffer uses 4 channels per SM
Elastic buffer uses 4 channels per SM
Elastic buffer uses 4 channels per SM
Elastic buffer uses 4 channels per SM
Elastic buffer uses 4 channels per SM
CPU side received count (scaleup: 7): -6733 -6671 -6738 -6718 -6771 -6676 -6664 -6710 # -4225 -4225 -4225 -4225 -4097 -4097 -409CPU side received count (scaleup: 5): -6681 -6646 -6837 -6635 -6563 -6625 -6615 -6655 # -4225 -4097 -4225 -4097 -4225 -4097 -396CPU side received count (scaleup: 4): -6689 -6699 -6765 -6714 -6640 -6706 -6649 -6752 # -4225 -4097 -4225 -4097 -4097 -4225 -4227 -4225 -4225 -4225 -4097 -4225 -4097 -4097 -4353 -4225 
9 -4097 -4225 -4097 -4225 -4097 -4225 -4225 -4097 -4097 
5 -4225 -4225 -4225 -4097 -4097 -4225 -4225 -4097 -4225 
CPU side received count (scaleup: 6): -6669 -6702 -6666 -6661 -6690 -6661 -6705 -6743 # -4225 -4097 -4225 -4225 -4225 -4225 -409CPU side received count (scaleup: 2): -6659 -6640 -6836 -6721 -6729 -6650 -6741 -6623 # -4097 -4097 -4225 -4225 -4225 -4097 -409CPU side received count (scaleup: 0): -6725 -6705 -6696 -6692 -6675 -6737 -6653 -6566 # -4097 -4225 -4225 -4225 -4097 -4097 -422CPU side received count (scaleup: 3): -6754 -6645 -6526 -6612 -6805 -6585 -6802 -6725 # -4097 -4225 -4353 -4097 -4097 -4225 -4097 -4097 -4225 -4097 -4225 -4225 -4225 -4225 -4225 -4097 
CPU side received count (scaleup: 1): -6712 -6615 -6748 -6629 -6555 -6709 -6626 -6672 # -4225 -4225 -4097 -4097 -4097 -4097 -4227 -4097 -4225 -4097 -4225 -4097 -4097 -4225 -4225 -4097 
5 -4225 -4225 -4225 -4097 -4225 -4225 -4097 -4225 -4097 
7 -4225 -4225 -4097 -4225 -4225 -4097 -4097 -4097 -4225 
5 -4225 -4097 -3969 -4225 -4097 -4097 -4097 -4097 -4097 
Elastic buffer uses 4 channels per SM
Elastic buffer uses 4 channels per SM
Elastic buffer uses 4 channels per SM
Elastic buffer uses 4 channels per SM
Elastic buffer uses 4 channels per SM
Elastic buffer uses 4 channels per SM
Elastic buffer uses 4 channels per SM
Elastic buffer uses 4 channels per SM
CPU side received count (scaleup: 7): -6733 -6671 -6738 -6718 -6771 -6676 -6664 -6710 # -4225 -4225 -4225 -4225 -4097 -4097 -409CPU side received count (scaleup: 5): -6681 -6646 -6837 -6635 -6563 -6625 -6615 -6655 # -4225 -4097 -4225 -4097 -4225 -4097 -396CPU side received count (scaleup: 4): -6689 -6699 -6765 -6714 -6640 -6706 -6649 -6752 # -4225 -4097 -4225 -4097 -4097 -4225 -422CPU side received count (scaleup: 3): -6754 -6645 -6526 -6612 -6805 -6585 -6802 -6725 # -4097 -4225 -4353 -4097 -4097 -4225 -409CPU side received count (scaleup: 6): -6669 -6702 -6666 -6661 -6690 -6661 -6705 -6743 # -4225 -4097 -4225 -4225 -4225 -4225 -409CPU side received count (scaleup: 2): -6659 -6640 -6836 -6721 -6729 -6650 -6741 -6623 # -4097 -4097 -4225 -4225 -4225 -4097 -4097 -4225 -4225 -4225 -4097 -4225 -4097 -4097 -4353 -4225 
9 -4097 -4225 -4097 -4225 -4097 -4225 -4225 -4097 -4097 
7 -4097 -4225 -4097 -4225 -4225 -4225 -4225 -4225 -4097 
CPU side received count (scaleup: 1): -6712 -6615 -6748 -6629 -6555 -6709 -6626 -6672 # -4225 -4225 -4097 -4097 -4097 -4097 -4225 -4225 -4225 -4225 -4097 -4097 -4225 -4225 -4097 -4225 
5 -4225 -4097 -3969 -4225 -4097 -4097 -4097 -4097 -4097 
CPU side received count (scaleup: 0): -6725 -6705 -6696 -6692 -6675 -6737 -6653 -6566 # -4097 -4225 -4225 -4225 -4097 -4097 -4227 -4225 -4225 -4097 -4225 -4225 -4097 -4097 -4097 -4225 
7 -4097 -4225 -4097 -4225 -4097 -4097 -4225 -4225 -4097 
5 -4225 -4225 -4225 -4097 -4225 -4225 -4097 -4225 -4097 
Elastic buffer uses 4 channels per SM
Elastic buffer uses 4 channels per SM
Elastic buffer uses 4 channels per SM
Elastic buffer uses 4 channels per SM
Elastic buffer uses 4 channels per SM
Elastic buffer uses 4 channels per SM
Elastic buffer uses 4 channels per SM
Elastic buffer uses 4 channels per SM
CPU side received count (scaleup: 7): -6733 -6671 -6738 -6718 -6771 -6676 -6664 -6710 # -4225 -4225 -4225 -4225 -4097 -4097 -409CPU side received count (scaleup: 2): -6659 -6640 -6836 -6721 -6729 -6650 -6741 -6623 # -4097 -4097 -4225 -4225 -4225 -4097 -409CPU side received count (scaleup: 0): -6725 -6705 -6696 -6692 -6675 -6737 -6653 -6566 # -4097 -4225 -4225 -4225 -4097 -4097 -422CPU side received count (scaleup: 3): -6754 -6645 -6526 -6612 -6805 -6585 -6802 -6725 # -4097 -4225 -4353 -4097 -4097 -4225 -4097 -4225 -4225 -4225 -4097 -4225 -4097 -4097 -4353 -4225 
CPU side received count (scaleup: 6): -6669 -6702 -6666 -6661 -6690 -6661 -6705 -6743 # -4225 -4097 -4225 -4225 -4225 -4225 -409CPU side received count (scaleup: 5): -6681 -6646 -6837 -6635 -6563 -6625 -6615 -6655 # -4225 -4097 -4225 -4097 -4225 -4097 -396CPU side received count (scaleup: 4): -6689 -6699 -6765 -6714 -6640 -6706 -6649 -6752 # -4225 -4097 -4225 -4097 -4097 -4225 -4227 -4097 -4225 -4097 -4225 -4225 -4225 -4225 -4225 -4097 
5 -4225 -4225 -4225 -4097 -4225 -4225 -4097 -4225 -4097 
9 -4097 -4225 -4097 -4225 -4097 -4225 -4225 -4097 -4097 
5 -4225 -4225 -4225 -4097 -4097 -4225 -4225 -4097 -4225 
7 -4225 -4225 -4097 -4225 -4225 -4097 -4097 -4097 -4225 
7 -4097 -4225 -4097 -4225 -4097 -4097 -4225 -4225 -4097 
CPU side received count (scaleup: 1): -6712 -6615 -6748 -6629 -6555 -6709 -6626 -6672 # -4225 -4225 -4097 -4097 -4097 -4097 -4225 -4225 -4097 -3969 -4225 -4097 -4097 -4097 -4097 -4097 
Elastic buffer uses 4 channels per SM
Elastic buffer uses 4 channels per SM
Elastic buffer uses 4 channels per SM
Elastic buffer uses 4 channels per SM
Elastic buffer uses 4 channels per SM
Elastic buffer uses 4 channels per SM
Elastic buffer uses 4 channels per SM
Elastic buffer uses 4 channels per SM
CPU side received count (scaleup: 7): -6733 -6671 -6738 -6718 -6771 -6676 -6664 -6710 # -4225 -4225 -4225 -4225 -4097 -4097 -409CPU side received count (scaleup: 5): -6681 -6646 -6837 -6635 -6563 -6625 -6615 -6655 # -4225 -4097 -4225 -4097 -4225 -4097 -396CPU side received count (scaleup: 2): -6659 -6640 -6836 -6721 -6729 -6650 -6741 -6623 # -4097 -4097 -4225 -4225 -4225 -4097 -409CPU side received count (scaleup: 3): -6754 -6645 -6526 -6612 -6805 -6585 -6802 -6725 # -4097 -4225 -4353 -4097 -4097 -4225 -409CPU side received count (scaleup: 6): -6669 -6702 -6666 -6661 -6690 -6661 -6705 -6743 # -4225 -4097 -4225 -4225 -4225 -4225 -409CPU side received count (scaleup: 0): -6725 -6705 -6696 -6692 -6675 -6737 -6653 -6566 # -4097 -4225 -4225 -4225 -4097 -4097 -422CPU side received count (scaleup: 4): -6689 -6699 -6765 -6714 -6640 -6706 -6649 -6752 # -4225 -4097 -4225 -4097 -4097 -4225 -4227 -4097 -4225 -4097 -4225 -4097 -4097 -4225 -4225 -4097 
CPU side received count (scaleup: 1): -6712 -6615 -6748 -6629 -6555 -6709 -6626 -6672 # -4225 -4225 -4097 -4097 -4097 -4097 -4227 -4225 -4225 -4225 -4097 -4225 -4097 -4097 -4353 -4225 
9 -4097 -4225 -4097 -4225 -4097 -4225 -4225 -4097 -4097 
7 -4097 -4225 -4097 -4225 -4225 -4225 -4225 -4225 -4097 
7 -4225 -4225 -4097 -4225 -4225 -4097 -4097 -4097 -4225 
5 -4225 -4225 -4225 -4097 -4225 -4225 -4097 -4225 -4097 
5 -4225 -4225 -4225 -4097 -4097 -4225 -4225 -4097 -4225 
5 -4225 -4097 -3969 -4225 -4097 -4097 -4097 -4097 -4097 
Elastic buffer uses 4 channels per SM
Elastic buffer uses 4 channels per SM
Elastic buffer uses 4 channels per SM
Elastic buffer uses 4 channels per SM
Elastic buffer uses 4 channels per SM
Elastic buffer uses 4 channels per SM
Elastic buffer uses 4 channels per SM
Elastic buffer uses 4 channels per SM
CPU side received count (scaleup: 5): -6681 -6646 -6837 -6635 -6563 -6625 -6615 -6655 # -4225 -4097 -4225 -4097 -4225 -4097 -396CPU side received count (scaleup: 7): -6733 -6671 -6738 -6718 -6771 -6676 -6664 -6710 # -4225 -4225 -4225 -4225 -4097 -4097 -409CPU side received count (scaleup: 2): -6659 -6640 -6836 -6721 -6729 -6650 -6741 -6623 # -4097 -4097 -4225 -4225 -4225 -4097 -409CPU side received count (scaleup: 1): -6712 -6615 -6748 -6629 -6555 -6709 -6626 -6672 # -4225 -4225 -4097 -4097 -4097 -4097 -422CPU side received count (scaleup: 3): -6754 -6645 -6526 -6612 -6805 -6585 -6802 -6725 # -4097 -4225 -4353 -4097 -4097 -4225 -409CPU side received count (scaleup: 4): -6689 -6699 -6765 -6714 -6640 -6706 -6649 -6752 # -4225 -4097 -4225 -4097 -4097 -4225 -422CPU side received count (scaleup: 6): -6669 -6702 -6666 -6661 -6690 -6661 -6705 -6743 # -4225 -4097 -4225 -4225 -4225 -4225 -4099 -4097 -4225 -4097 -4225 -4097 -4225 -4225 -4097 -4097 
7 -4225 -4225 -4225 -4097 -4225 -4097 -4097 -4353 -4225 
7 -4097 -4225 -4097 -4225 -4225 -4225 -4225 -4225 -4097 
5 -4225 -4097 -3969 -4225 -4097 -4097 -4097 -4097 -4097 
7 -4225 -4225 -4097 -4225 -4225 -4097 -4097 -4097 -4225 
5 -4225 -4225 -4225 -4097 -4097 -4225 -4225 -4097 -4225 
CPU side received count (scaleup: 0): -6725 -6705 -6696 -6692 -6675 -6737 -6653 -6566 # -4097 -4225 -4225 -4225 -4097 -4097 -4227 -4097 -4225 -4097 -4225 -4097 -4097 -4225 -4225 -4097 
5 -4225 -4225 -4225 -4097 -4225 -4225 -4097 -4225 -4097 
Elastic buffer uses 4 channels per SM
Elastic buffer uses 4 channels per SM
Elastic buffer uses 4 channels per SM
Elastic buffer uses 4 channels per SM
Elastic buffer uses 4 channels per SM
Elastic buffer uses 4 channels per SM
Elastic buffer uses 4 channels per SM
Elastic buffer uses 4 channels per SM
CPU side received count (scaleup: 3): -6754 -6645 -6526 -6612 -6805 -6585 -6802 -6725 # -4097 -4225 -4353 -4097 -4097 -4225 -409CPU side received count (scaleup: 5): -6681 -6646 -6837 -6635 -6563 -6625 -6615 -6655 # -4225 -4097 -4225 -4097 -4225 -4097 -396CPU side received count (scaleup: 7): -6733 -6671 -6738 -6718 -6771 -6676 -6664 -6710 # -4225 -4225 -4225 -4225 -4097 -4097 -409CPU side received count (scaleup: 2): -6659 -6640 -6836 -6721 -6729 -6650 -6741 -6623 # -4097 -4097 -4225 -4225 -4225 -4097 -409CPU side received count (scaleup: 0): -6725 -6705 -6696 -6692 -6675 -6737 -6653 -6566 # -4097 -4225 -4225 -4225 -4097 -4097 -4227 -4225 -4225 -4097 -4225 -4225 -4097 -4097 -4097 -4225 
9 -4097 -4225 -4097 -4225 -4097 -4225 -4225 -4097 -4097 
CPU side received count (scaleup: 4): -6689 -6699 -6765 -6714 -6640 -6706 -6649 -6752 # -4225 -4097 -4225 -4097 -4097 -4225 -422CPU side received count (scaleup: 6): -6669 -6702 -6666 -6661 -6690 -6661 -6705 -6743 # -4225 -4097 -4225 -4225 -4225 -4225 -4097 -4097 -4225 -4097 -4225 -4225 -4225 -4225 -4225 -4097 
CPU side received count (scaleup: 1): -6712 -6615 -6748 -6629 -6555 -6709 -6626 -6672 # -4225 -4225 -4097 -4097 -4097 -4097 -4227 -4225 -4225 -4225 -4097 -4225 -4097 -4097 -4353 -4225 
5 -4225 -4225 -4225 -4097 -4225 -4225 -4097 -4225 -4097 
5 -4225 -4225 -4225 -4097 -4097 -4225 -4225 -4097 -4225 
7 -4097 -4225 -4097 -4225 -4097 -4097 -4225 -4225 -4097 
5 -4225 -4097 -3969 -4225 -4097 -4097 -4097 -4097 -4097 
Elastic buffer uses 4 channels per SM
Elastic buffer uses 4 channels per SM
Elastic buffer uses 4 channels per SM
Elastic buffer uses 4 channels per SM
Elastic buffer uses 4 channels per SM
Elastic buffer uses 4 channels per SM
Elastic buffer uses 4 channels per SM
Elastic buffer uses 4 channels per SM
CPU side received count (scaleup: 5): -6681 -6646 -6837 -6635 -6563 -6625 -6615 -6655 # -4225 -4097 -4225 -4097 -4225 -4097 -396CPU side received count (scaleup: 4): -6689 -6699 -6765 -6714 -6640 -6706 -6649 -6752 # -4225 -4097 -4225 -4097 -4097 -4225 -4229 -4097 -4225 -4097 -4225 -4097 -4225 -4225 -4097 -4097 
5 -4225 -4225 -4225 -4097 -4097 -4225 -4225 -4097 -4225 
CPU side received count (scaleup: 7): -6733 -6671 -6738 -6718 -6771 -6676 -6664 -6710 # -4225 -4225 -4225 -4225 -4097 -4097 -409CPU side received count (scaleup: 0): -6725 -6705 -6696 -6692 -6675 -6737 -6653 -6566 # -4097 -4225 -4225 -4225 -4097 -4097 -422CPU side received count (scaleup: 3): -6754 -6645 -6526 -6612 -6805 -6585 -6802 -6725 # -4097 -4225 -4353 -4097 -4097 -4225 -409CPU side received count (scaleup: 6): -6669 -6702 -6666 -6661 -6690 -6661 -6705 -6743 # -4225 -4097 -4225 -4225 -4225 -4225 -4097 -4225 -4225 -4225 -4097 -4225 -4097 -4097 -4353 -4225 
CPU side received count (scaleup: 1): -6712 -6615 -6748 -6629 -6555 -6709 -6626 -6672 # -4225 -4225 -4097 -4097 -4097 -4097 -422CPU side received count (scaleup: 2): -6659 -6640 -6836 -6721 -6729 -6650 -6741 -6623 # -4097 -4097 -4225 -4225 -4225 -4097 -4095 -4225 -4225 -4225 -4097 -4225 -4225 -4097 -4225 -4097 
5 -4225 -4097 -3969 -4225 -4097 -4097 -4097 -4097 -4097 
7 -4225 -4225 -4097 -4225 -4225 -4097 -4097 -4097 -4225 
7 -4097 -4225 -4097 -4225 -4097 -4097 -4225 -4225 -4097 
7 -4097 -4225 -4097 -4225 -4225 -4225 -4225 -4225 -4097 
Elastic buffer uses 4 channels per SM
Elastic buffer uses 4 channels per SM
Elastic buffer uses 4 channels per SM
Elastic buffer uses 4 channels per SM
Elastic buffer uses 4 channels per SM
Elastic buffer uses 4 channels per SM
Elastic buffer uses 4 channels per SM
Elastic buffer uses 4 channels per SM
CPU side received count (scaleup: 7): -6733 -6671 -6738 -6718 -6771 -6676 -6664 -6710 # -4225 -4225 -4225 -4225 -4097 -4097 -409CPU side received count (scaleup: 5): -6681 -6646 -6837 -6635 -6563 -6625 -6615 -6655 # -4225 -4097 -4225 -4097 -4225 -4097 -396CPU side received count (scaleup: 3): -6754 -6645 -6526 -6612 -6805 -6585 -6802 -6725 # -4097 -4225 -4353 -4097 -4097 -4225 -4097 -4225 -4225 -4225 -4097 -4225 -4097 -4097 -4353 -4225 
CPU side received count (scaleup: 6): -6669 -6702 -6666 -6661 -6690 -6661 -6705 -6743 # -4225 -4097 -4225 -4225 -4225 -4225 -409CPU side received count (scaleup: 4): -6689 -6699 -6765 -6714 -6640 -6706 -6649 -6752 # -4225 -4097 -4225 -4097 -4097 -4225 -4227 -4097 -4225 -4097 -4225 -4097 -4097 -4225 -4225 -4097 
9 -4097 -4225 -4097 -4225 -4097 -4225 -4225 -4097 -4097 
7 -4225 -4225 -4097 -4225 -4225 -4097 -4097 -4097 -4225 
CPU side received count (scaleup: 1): -6712 -6615 -6748 -6629 -6555 -6709 -6626 -6672 # -4225 -4225 -4097 -4097 -4097 -4097 -422CPU side received count (scaleup: 2): -6659 -6640 -6836 -6721 -6729 -6650 -6741 -6623 # -4097 -4097 -4225 -4225 -4225 -4097 -409CPU side received count (scaleup: 0): -6725 -6705 -6696 -6692 -6675 -6737 -6653 -6566 # -4097 -4225 -4225 -4225 -4097 -4097 -4225 -4225 -4225 -4225 -4097 -4097 -4225 -4225 -4097 -4225 
5 -4225 -4097 -3969 -4225 -4097 -4097 -4097 -4097 -4097 
7 -4097 -4225 -4097 -4225 -4225 -4225 -4225 -4225 -4097 
5 -4225 -4225 -4225 -4097 -4225 -4225 -4097 -4225 -4097 
Elastic buffer uses 4 channels per SM
Elastic buffer uses 4 channels per SM
Elastic buffer uses 4 channels per SM
Elastic buffer uses 4 channels per SM
Elastic buffer uses 4 channels per SM
Elastic buffer uses 4 channels per SM
Elastic buffer uses 4 channels per SM
Elastic buffer uses 4 channels per SM
CPU side received count (scaleup: 7): -6733 -6671 -6738 -6718 -6771 -6676 -6664 -6710 # -4225 -4225 -4225 -4225 -4097 -4097 -409CPU side received count (scaleup: 5): -6681 -6646 -6837 -6635 -6563 -6625 -6615 -6655 # -4225 -4097 -4225 -4097 -4225 -4097 -396CPU side received count (scaleup: 2): -6659 -6640 -6836 -6721 -6729 -6650 -6741 -6623 # -4097 -4097 -4225 -4225 -4225 -4097 -409CPU side received count (scaleup: 3): -6754 -6645 -6526 -6612 -6805 -6585 -6802 -6725 # -4097 -4225 -4353 -4097 -4097 -4225 -4097 -4225 -4225 -4225 -4097 -4225 -4097 -4097 -4353 -4225 
CPU side received count (scaleup: 4): -6689 -6699 -6765 -6714 -6640 -6706 -6649 -6752 # -4225 -4097 -4225 -4097 -4097 -4225 -422CPU side received count (scaleup: 1): -6712 -6615 -6748 -6629 -6555 -6709 -6626 -6672 # -4225 -4225 -4097 -4097 -4097 -4097 -422CPU side received count (scaleup: 6): -6669 -6702 -6666 -6661 -6690 -6661 -6705 -6743 # -4225 -4097 -4225 -4225 -4225 -4225 -4099 -4097 -4225 -4097 -4225 -4097 -4225 -4225 -4097 -4097 
7 -4097 -4225 -4097 -4225 -4225 -4225 -4225 -4225 -4097 
CPU side received count (scaleup: 0): -6725 -6705 -6696 -6692 -6675 -6737 -6653 -6566 # -4097 -4225 -4225 -4225 -4097 -4097 -4227 -4225 -4225 -4097 -4225 -4225 -4097 -4097 -4097 -4225 
5 -4225 -4225 -4225 -4097 -4097 -4225 -4225 -4097 -4225 
5 -4225 -4097 -3969 -4225 -4097 -4097 -4097 -4097 -4097 
7 -4097 -4225 -4097 -4225 -4097 -4097 -4225 -4225 -4097 
5 -4225 -4225 -4225 -4097 -4225 -4225 -4097 -4225 -4097 
Elastic buffer uses 4 channels per SM
Elastic buffer uses 4 channels per SM
Elastic buffer uses 4 channels per SM
Elastic buffer uses 4 channels per SM
Elastic buffer uses 4 channels per SM
Elastic buffer uses 4 channels per SM
Elastic buffer uses 4 channels per SM
Elastic buffer uses 4 channels per SM
CPU side received count (scaleup: 7): -6733 -6671 -6738 -6718 -6771 -6676 -6664 -6710 # -4225 -4225 -4225 -4225 -4097 -4097 -409CPU side received count (scaleup: 5): -6681 -6646 -6837 -6635 -6563 -6625 -6615 -6655 # -4225 -4097 -4225 -4097 -4225 -4097 -396CPU side received count (scaleup: 0): -6725 -6705 -6696 -6692 -6675 -6737 -6653 -6566 # -4097 -4225 -4225 -4225 -4097 -4097 -422CPU side received count (scaleup: 4): -6689 -6699 -6765 -6714 -6640 -6706 -6649 -6752 # -4225 -4097 -4225 -4097 -4097 -4225 -4227 -4225 -4225 -4225 -4097 -4225 -4097 -4097 -4353 -4225 
5 -4225 -4225 -4225 -4097 -4225 -4225 -4097 -4225 -4097 
CPU side received count (scaleup: 6): -6669 -6702 -6666 -6661 -6690 -6661 -6705 -6743 # -4225 -4097 -4225 -4225 -4225 -4225 -409CPU side received count (scaleup: 1): -6712 -6615 -6748 -6629 -6555 -6709 -6626 -6672 # -4225 -4225 -4097 -4097 -4097 -4097 -422CPU side received count (scaleup: 2): -6659 -6640 -6836 -6721 -6729 -6650 -6741 -6623 # -4097 -4097 -4225 -4225 -4225 -4097 -4099 -4097 -4225 -4097 -4225 -4097 -4225 -4225 -4097 -4097 
5 -4225 -4097 -3969 -4225 -4097 -4097 -4097 -4097 -4097 
CPU side received count (scaleup: 3): -6754 -6645 -6526 -6612 -6805 -6585 -6802 -6725 # -4097 -4225 -4353 -4097 -4097 -4225 -4097 -4097 -4225 -4097 -4225 -4225 -4225 -4225 -4225 -4097 
5 -4225 -4225 -4225 -4097 -4097 -4225 -4225 -4097 -4225 
7 -4225 -4225 -4097 -4225 -4225 -4097 -4097 -4097 -4225 
7 -4097 -4225 -4097 -4225 -4097 -4097 -4225 -4225 -4097 
Elastic buffer uses 4 channels per SM
Elastic buffer uses 4 channels per SM
Elastic buffer uses 4 channels per SM
Elastic buffer uses 4 channels per SM
Elastic buffer uses 4 channels per SM
Elastic buffer uses 4 channels per SM
Elastic buffer uses 4 channels per SM
Elastic buffer uses 4 channels per SM
CPU side received count (scaleup: 3): -6754 -6645 -6526 -6612 -6805 -6585 -6802 -6725 # -4097 -4225 -4353 -4097 -4097 -4225 -409CPU side received count (scaleup: 0): -6725 -6705 -6696 -6692 -6675 -6737 -6653 -6566 # -4097 -4225 -4225 -4225 -4097 -4097 -422CPU side received count (scaleup: 2): -6659 -6640 -6836 -6721 -6729 -6650 -6741 -6623 # -4097 -4097 -4225 -4225 -4225 -4097 -409CPU side received count (scaleup: 1): -6712 -6615 -6748 -6629 -6555 -6709 -6626 -6672 # -4225 -4225 -4097 -4097 -4097 -4097 -4225 -4225 -4225 -4225 -4097 -4225 -4225 -4097 -4225 -4097 
7 -4097 -4225 -4097 -4225 -4225 -4225 -4225 -4225 -4097 
5 -4225 -4097 -3969 -4225 -4097 -4097 -4097 -4097 -4097 
CPU side received count (scaleup: 6): -6669 -6702 -6666 -6661 -6690 -6661 -6705 -6743 # -4225 -4097 -4225 -4225 -4225 -4225 -409CPU side received count (scaleup: 5): -6681 -6646 -6837 -6635 -6563 -6625 -6615 -6655 # -4225 -4097 -4225 -4097 -4225 -4097 -396CPU side received count (scaleup: 4): -6689 -6699 -6765 -6714 -6640 -6706 -6649 -6752 # -4225 -4097 -4225 -4097 -4097 -4225 -422CPU side received count (scaleup: 7): -6733 -6671 -6738 -6718 -6771 -6676 -6664 -6710 # -4225 -4225 -4225 -4225 -4097 -4097 -4097 -4225 -4225 -4097 -4225 -4225 -4097 -4097 -4097 -4225 
7 -4097 -4225 -4097 -4225 -4097 -4097 -4225 -4225 -4097 
9 -4097 -4225 -4097 -4225 -4097 -4225 -4225 -4097 -4097 
5 -4225 -4225 -4225 -4097 -4097 -4225 -4225 -4097 -4225 
7 -4225 -4225 -4225 -4097 -4225 -4097 -4097 -4353 -4225 
Elastic buffer uses 4 channels per SM
Elastic buffer uses 4 channels per SM
Elastic buffer uses 4 channels per SM
Elastic buffer uses 4 channels per SM
Elastic buffer uses 4 channels per SM
Elastic buffer uses 4 channels per SM
Elastic buffer uses 4 channels per SM
Elastic buffer uses 4 channels per SM
CPU side received count (scaleup: 3): -6754 -6645 -6526 -6612 -6805 -6585 -6802 -6725 # -4097 -4225 -4353 -4097 -4097 -4225 -409CPU side received count (scaleup: 4): -6689 -6699 -6765 -6714 -6640 -6706 -6649 -6752 # -4225 -4097 -4225 -4097 -4097 -4225 -422CPU side received count (scaleup: 0): -6725 -6705 -6696 -6692 -6675 -6737 -6653 -6566 # -4097 -4225 -4225 -4225 -4097 -4097 -422CPU side received count (scaleup: 1): -6712 -6615 -6748 -6629 -6555 -6709 -6626 -6672 # -4225 -4225 -4097 -4097 -4097 -4097 -422CPU side received count (scaleup: 2): -6659 -6640 -6836 -6721 -6729 -6650 -6741 -6623 # -4097 -4097 -4225 -4225 -4225 -4097 -4095 -4225 -4225 -4225 -4097 -4225 -4225 -4097 -4225 -4097 
CPU side received count (scaleup: 5): -6681 -6646 -6837 -6635 -6563 -6625 -6615 -6655 # -4225 -4097 -4225 -4097 -4225 -4097 -3967 -4097 -4225 -4097 -4225 -4225 -4225 -4225 -4225 -4097 
CPU side received count (scaleup: 7): -6733 -6671 -6738 -6718 -6771 -6676 -6664 -6710 # -4225 -4225 -4225 -4225 -4097 -4097 -4097 -4225 -4225 -4097 -4225 -4225 -4097 -4097 -4097 -4225 
5 -4225 -4225 -4225 -4097 -4097 -4225 -4225 -4097 -4225 
5 -4225 -4097 -3969 -4225 -4097 -4097 -4097 -4097 -4097 
9 -4097 -4225 -4097 -4225 -4097 -4225 -4225 -4097 -4097 
7 -4225 -4225 -4225 -4097 -4225 -4097 -4097 -4353 -4225 
CPU side received count (scaleup: 6): -6669 -6702 -6666 -6661 -6690 -6661 -6705 -6743 # -4225 -4097 -4225 -4225 -4225 -4225 -4097 -4097 -4225 -4097 -4225 -4097 -4097 -4225 -4225 -4097 
Elastic buffer uses 4 channels per SM
Elastic buffer uses 4 channels per SM
Elastic buffer uses 4 channels per SM
Elastic buffer uses 4 channels per SM
Elastic buffer uses 4 channels per SM
Elastic buffer uses 4 channels per SM
Elastic buffer uses 4 channels per SM
Elastic buffer uses 4 channels per SM
CPU side received count (scaleup: 3): -6754 -6645 -6526 -6612 -6805 -6585 -6802 -6725 # -4097 -4225 -4353 -4097 -4097 -4225 -409CPU side received count (scaleup: 0): -6725 -6705 -6696 -6692 -6675 -6737 -6653 -6566 # -4097 -4225 -4225 -4225 -4097 -4097 -422CPU side received count (scaleup: 6): -6669 -6702 -6666 -6661 -6690 -6661 -6705 -6743 # -4225 -4097 -4225 -4225 -4225 -4225 -409CPU side received count (scaleup: 7): -6733 -6671 -6738 -6718 -6771 -6676 -6664 -6710 # -4225 -4225 -4225 -4225 -4097 -4097 -409CPU side received count (scaleup: 2): -6659 -6640 -6836 -6721 -6729 -6650 -6741 -6623 # -4097 -4097 -4225 -4225 -4225 -4097 -409CPU side received count (scaleup: 1): -6712 -6615 -6748 -6629 -6555 -6709 -6626 -6672 # -4225 -4225 -4097 -4097 -4097 -4097 -422CPU side received count (scaleup: 4): -6689 -6699 -6765 -6714 -6640 -6706 -6649 -6752 # -4225 -4097 -4225 -4097 -4097 -4225 -4227 -4225 -4225 -4097 -4225 -4225 -4097 -4097 -4097 -4225 
7 -4097 -4225 -4097 -4225 -4097 -4097 -4225 -4225 -4097 
7 -4097 -4225 -4097 -4225 -4225 -4225 -4225 -4225 -4097 
5 -4225 -4097 -3969 -4225 -4097 -4097 -4097 -4097 -4097 
5 -4225 -4225 -4225 -4097 -4225 -4225 -4097 -4225 -4097 
7 -4225 -4225 -4225 -4097 -4225 -4097 -4097 -4353 -4225 
5 -4225 -4225 -4225 -4097 -4097 -4225 -4225 -4097 -4225 
CPU side received count (scaleup: 5): -6681 -6646 -6837 -6635 -6563 -6625 -6615 -6655 # -4225 -4097 -4225 -4097 -4225 -4097 -3969 -4097 -4225 -4097 -4225 -4097 -4225 -4225 -4097 -4097 
Elastic buffer uses 4 channels per SM
Elastic buffer uses 4 channels per SM
Elastic buffer uses 4 channels per SM
Elastic buffer uses 4 channels per SM
Elastic buffer uses 4 channels per SM
Elastic buffer uses 4 channels per SM
Elastic buffer uses 4 channels per SM
Elastic buffer uses 4 channels per SM
CPU side received count (scaleup: 0): -6725 -6705 -6696 -6692 -6675 -6737 -6653 -6566 # -4097 -4225 -4225 -4225 -4097 -4097 -422CPU side received count (scaleup: 1): -6712 -6615 -6748 -6629 -6555 -6709 -6626 -6672 # -4225 -4225 -4097 -4097 -4097 -4097 -422CPU side received count (scaleup: 4): -6689 -6699 -6765 -6714 -6640 -6706 -6649 -6752 # -4225 -4097 -4225 -4097 -4097 -4225 -422CPU side received count (scaleup: 2): -6659 -6640 -6836 -6721 -6729 -6650 -6741 -6623 # -4097 -4097 -4225 -4225 -4225 -4097 -4095 -4225 -4225 -4225 -4097 -4225 -4225 -4097 -4225 -4097 
CPU side received count (scaleup: 7): -6733 -6671 -6738 -6718 -6771 -6676 -6664 -6710 # -4225 -4225 -4225 -4225 -4097 -4097 -409CPU side received count (scaleup: 6): -6669 -6702 -6666 -6661 -6690 -6661 -6705 -6743 # -4225 -4097 -4225 -4225 -4225 -4225 -4095 -4225 -4097 -3969 -4225 -4097 -4097 -4097 -4097 -4097 
7 -4097 -4225 -4097 -4225 -4225 -4225 -4225 -4225 -4097 
CPU side received count (scaleup: 3): -6754 -6645 -6526 -6612 -6805 -6585 -6802 -6725 # -4097 -4225 -4353 -4097 -4097 -4225 -4095 -4225 -4225 -4225 -4097 -4097 -4225 -4225 -4097 -4225 
7 -4225 -4225 -4225 -4097 -4225 -4097 -4097 -4353 -4225 
7 -4097 -4225 -4097 -4225 -4097 -4097 -4225 -4225 -4097 
7 -4225 -4225 -4097 -4225 -4225 -4097 -4097 -4097 -4225 
CPU side received count (scaleup: 5): -6681 -6646 -6837 -6635 -6563 -6625 -6615 -6655 # -4225 -4097 -4225 -4097 -4225 -4097 -3969 -4097 -4225 -4097 -4225 -4097 -4225 -4225 -4097 -4097 
Elastic buffer uses 4 channels per SM
Elastic buffer uses 4 channels per SM
Elastic buffer uses 4 channels per SM
Elastic buffer uses 4 channels per SM
Elastic buffer uses 4 channels per SM
Elastic buffer uses 4 channels per SM
Elastic buffer uses 4 channels per SM
Elastic buffer uses 4 channels per SM
CPU side received count (scaleup: 3): -6754 -6645 -6526 -6612 -6805 -6585 -6802 -6725 # -4097 -4225 -4353 -4097 -4097 -4225 -409CPU side received count (scaleup: 1): -6712 -6615 -6748 -6629 -6555 -6709 -6626 -6672 # -4225 -4225 -4097 -4097 -4097 -4097 -422CPU side received count (scaleup: 7): -6733 -6671 -6738 -6718 -6771 -6676 -6664 -6710 # -4225 -4225 -4225 -4225 -4097 -4097 -409CPU side received count (scaleup: 5): -6681 -6646 -6837 -6635 -6563 -6625 -6615 -6655 # -4225 -4097 -4225 -4097 -4225 -4097 -3967 -4225 -4225 -4097 -4225 -4225 -4097 -4097 -4097 -4225 
CPU side received count (scaleup: 4): -6689 -6699 -6765 -6714 -6640 -6706 -6649 -6752 # -4225 -4097 -4225 -4097 -4097 -4225 -422CPU side received count (scaleup: 0): -6725 -6705 -6696 -6692 -6675 -6737 -6653 -6566 # -4097 -4225 -4225 -4225 -4097 -4097 -4229 -4097 -4225 -4097 -4225 -4097 -4225 -4225 -4097 -4097 
CPU side received count (scaleup: 2): -6659 -6640 -6836 -6721 -6729 -6650 -6741 -6623 # -4097 -4097 -4225 -4225 -4225 -4097 -409CPU side received count (scaleup: 6): -6669 -6702 -6666 -6661 -6690 -6661 -6705 -6743 # -4225 -4097 -4225 -4225 -4225 -4225 -4095 -4225 -4225 -4225 -4097 -4097 -4225 -4225 -4097 -4225 
5 -4225 -4097 -3969 -4225 -4097 -4097 -4097 -4097 -4097 
7 -4225 -4225 -4225 -4097 -4225 -4097 -4097 -4353 -4225 
5 -4225 -4225 -4225 -4097 -4225 -4225 -4097 -4225 -4097 
7 -4097 -4225 -4097 -4225 -4225 -4225 -4225 -4225 -4097 
7 -4097 -4225 -4097 -4225 -4097 -4097 -4225 -4225 -4097 
Elastic buffer uses 4 channels per SM
Elastic buffer uses 4 channels per SM
Elastic buffer uses 4 channels per SM
Elastic buffer uses 4 channels per SM
Elastic buffer uses 4 channels per SM
Elastic buffer uses 4 channels per SM
Elastic buffer uses 4 channels per SM
Elastic buffer uses 4 channels per SM
CPU side received count (scaleup: 2): -6659 -6640 -6836 -6721 -6729 -6650 -6741 -6623 # -4097 -4097 -4225 -4225 -4225 -4097 -409CPU side received count (scaleup: 7): -6733 -6671 -6738 -6718 -6771 -6676 -6664 -6710 # -4225 -4225 -4225 -4225 -4097 -4097 -409CPU side received count (scaleup: 4): -6689 -6699 -6765 -6714 -6640 -6706 -6649 -6752 # -4225 -4097 -4225 -4097 -4097 -4225 -422CPU side received count (scaleup: 6): -6669 -6702 -6666 -6661 -6690 -6661 -6705 -6743 # -4225 -4097 -4225 -4225 -4225 -4225 -409CPU side received count (scaleup: 5): -6681 -6646 -6837 -6635 -6563 -6625 -6615 -6655 # -4225 -4097 -4225 -4097 -4225 -4097 -3967 -4097 -4225 -4097 -4225 -4225 -4225 -4225 -4225 -4097 
CPU side received count (scaleup: 0): -6725 -6705 -6696 -6692 -6675 -6737 -6653 -6566 # -4097 -4225 -4225 -4225 -4097 -4097 -422CPU side received count (scaleup: 1): -6712 -6615 -6748 -6629 -6555 -6709 -6626 -6672 # -4225 -4225 -4097 -4097 -4097 -4097 -4227 -4225 -4225 -4225 -4097 -4225 -4097 -4097 -4353 -4225 
5 -4225 -4225 -4225 -4097 -4097 -4225 -4225 -4097 -4225 
7 -4097 -4225 -4097 -4225 -4097 -4097 -4225 -4225 -4097 
9 -4097 -4225 -4097 -4225 -4097 -4225 -4225 -4097 -4097 
CPU side received count (scaleup: 3): -6754 -6645 -6526 -6612 -6805 -6585 -6802 -6725 # -4097 -4225 -4353 -4097 -4097 -4225 -4095 -4225 -4225 -4225 -4097 -4225 -4225 -4097 -4225 -4097 
5 -4225 -4097 -3969 -4225 -4097 -4097 -4097 -4097 -4097 
7 -4225 -4225 -4097 -4225 -4225 -4097 -4097 -4097 -4225 
Elastic buffer uses 4 channels per SM
Elastic buffer uses 4 channels per SM
Elastic buffer uses 4 channels per SM
Elastic buffer uses 4 channels per SM
Elastic buffer uses 4 channels per SM
Elastic buffer uses 4 channels per SM
Elastic buffer uses 4 channels per SM
Elastic buffer uses 4 channels per SM
CPU side received count (scaleup: 3): -6754 -6645 -6526 -6612 -6805 -6585 -6802 -6725 # -4097 -4225 -4353 -4097 -4097 -4225 -409CPU side received count (scaleup: 2): -6659 -6640 -6836 -6721 -6729 -6650 -6741 -6623 # -4097 -4097 -4225 -4225 -4225 -4097 -409CPU side received count (scaleup: 1): -6712 -6615 -6748 -6629 -6555 -6709 -6626 -6672 # -4225 -4225 -4097 -4097 -4097 -4097 -422CPU side received count (scaleup: 6): -6669 -6702 -6666 -6661 -6690 -6661 -6705 -6743 # -4225 -4097 -4225 -4225 -4225 -4225 -409CPU side received count (scaleup: 5): -6681 -6646 -6837 -6635 -6563 -6625 -6615 -6655 # -4225 -4097 -4225 -4097 -4225 -4097 -396CPU side received count (scaleup: 4): -6689 -6699 -6765 -6714 -6640 -6706 -6649 -6752 # -4225 -4097 -4225 -4097 -4097 -4225 -4229 -4097 -4225 -4097 -4225 -4097 -4225 -4225 -4097 -4097 
CPU side received count (scaleup: 0): -6725 -6705 -6696 -6692 -6675 -6737 -6653 -6566 # -4097 -4225 -4225 -4225 -4097 -4097 -422CPU side received count (scaleup: 7): -6733 -6671 -6738 -6718 -6771 -6676 -6664 -6710 # -4225 -4225 -4225 -4225 -4097 -4097 -4097 -4097 -4225 -4097 -4225 -4225 -4225 -4225 -4225 -4097 
5 -4225 -4225 -4225 -4097 -4225 -4225 -4097 -4225 -4097 
5 -4225 -4097 -3969 -4225 -4097 -4097 -4097 -4097 -4097 
7 -4225 -4225 -4097 -4225 -4225 -4097 -4097 -4097 -4225 
7 -4097 -4225 -4097 -4225 -4097 -4097 -4225 -4225 -4097 
5 -4225 -4225 -4225 -4097 -4097 -4225 -4225 -4097 -4225 
7 -4225 -4225 -4225 -4097 -4225 -4097 -4097 -4353 -4225 
Elastic buffer uses 4 channels per SM
Elastic buffer uses 4 channels per SM
Elastic buffer uses 4 channels per SM
Elastic buffer uses 4 channels per SM
Elastic buffer uses 4 channels per SM
Elastic buffer uses 4 channels per SM
Elastic buffer uses 4 channels per SM
Elastic buffer uses 4 channels per SM
CPU side received count (scaleup: 7): -6733 -6671 -6738 -6718 -6771 -6676 -6664 -6710 # -4225 -4225 -4225 -4225 -4097 -4097 -409CPU side received count (scaleup: 4): -6689 -6699 -6765 -6714 -6640 -6706 -6649 -6752 # -4225 -4097 -4225 -4097 -4097 -4225 -422CPU side received count (scaleup: 5): -6681 -6646 -6837 -6635 -6563 -6625 -6615 -6655 # -4225 -4097 -4225 -4097 -4225 -4097 -396CPU side received count (scaleup: 6): -6669 -6702 -6666 -6661 -6690 -6661 -6705 -6743 # -4225 -4097 -4225 -4225 -4225 -4225 -4099 -4097 -4225 -4097 -4225 -4097 -4225 -4225 -4097 -4097 
CPU side received count (scaleup: 2): -6659 -6640 -6836 -6721 -6729 -6650 -6741 -6623 # -4097 -4097 -4225 -4225 -4225 -4097 -4097 -4225 -4225 -4225 -4097 -4225 -4097 -4097 -4353 -4225 
5 -4225 -4225 -4225 -4097 -4097 -4225 -4225 -4097 -4225 
7 -4097 -4225 -4097 -4225 -4097 -4097 -4225 -4225 -4097 
7 -4097 -4225 -4097 -4225 -4225 -4225 -4225 -4225 -4097 
CPU side received count (scaleup: 3): -6754 -6645 -6526 -6612 -6805 -6585 -6802 -6725 # -4097 -4225 -4353 -4097 -4097 -4225 -4097 -4225 -4225 -4097 -4225 -4225 -4097 -4097 -4097 -4225 
CPU side received count (scaleup: 0): -6725 -6705 -6696 -6692 -6675 -6737 -6653 -6566 # -4097 -4225 -4225 -4225 -4097 -4097 -4225 -4225 -4225 -4225 -4097 -4225 -4225 -4097 -4225 -4097 
CPU side received count (scaleup: 1): -6712 -6615 -6748 -6629 -6555 -6709 -6626 -6672 # -4225 -4225 -4097 -4097 -4097 -4097 -4225 -4225 -4097 -3969 -4225 -4097 -4097 -4097 -4097 -4097 
USDT:2026-08-25 02:18:51 432:432 SyncActivityProfilerHandler.cpp:59] profiler_stopUSDT:2026-08-25 02:18:51 437:437 SyncActivityProfilerHandler.cpp:59] profiler_stop

USDT:2026-08-25 02:18:51 438:438 SyncActivityProfilerHandler.cpp:59] profiler_stopUSDT:2026-08-25 02:18:51 434:434 SyncActivityProfilerHandler.cpp:59] profiler_stop

USDT:2026-08-25 02:18:51 436:436 SyncActivityProfilerHandler.cpp:59] profiler_stopUSDT:2026-08-25 02:18:51 435:435 SyncActivityProfilerHandler.cpp:59] profiler_stopUSDT:2026-08-25 02:18:51 433:433 SyncActivityProfilerHandler.cpp:59] profiler_stopUSDT:2026-08-25 02:18:51 431:431 SyncActivityProfilerHandler.cpp:59] profiler_stop



   - EP:  10/16 | expanded dispatch: 75 GB/s (SO), 247 GB/s (SU), 1627.000 us, 401289408 bytes | copy: 2696 GB/s, 334.752 us
   - EP:  12/16 | expanded dispatch: 75 GB/s (SO), 247 GB/s (SU), 1627.000 us, 401401728 bytes | copy: 2575 GB/s, 350.931 us
   - EP:  15/16 | expanded dispatch: 75 GB/s (SO), 247 GB/s (SU), 1627.000 us, 401903424 bytes | copy: 2582 GB/s, 350.221 us
   - EP:  13/16 | expanded dispatch: 75 GB/s (SO), 245 GB/s (SU), 1627.000 us, 398728512 bytes | copy: 2557 GB/s, 350.931 us   - EP:  11/16 | expanded dispatch: 75 GB/s (SO), 246 GB/s (SU), 1627.000 us, 400203648 bytes | copy: 2722 GB/s, 331.073 us

   - EP:   9/16 | expanded dispatch: 75 GB/s (SO), 245 GB/s (SU), 1627.000 us, 398795904 bytes | copy: 2520 GB/s, 355.210 us
   - EP:   8/16 | expanded dispatch: 75 GB/s (SO), 246 GB/s (SU), 1627.000 us, 400166208 bytes | copy: 2539 GB/s, 355.356 us
   - EP:  14/16 | expanded dispatch: 75 GB/s (SO), 246 GB/s (SU), 1627.000 us, 400525632 bytes | copy: 2651 GB/s, 340.290 us
Elastic buffer uses 4 channels per SM
Elastic buffer uses 4 channels per SM
Elastic buffer uses 4 channels per SM
Elastic buffer uses 4 channels per SM
Elastic buffer uses 4 channels per SM
Elastic buffer uses 4 channels per SM
Elastic buffer uses 4 channels per SM
Elastic buffer uses 4 channels per SM
Elastic buffer uses 4 channels per SM
Elastic buffer uses 4 channels per SM
Elastic buffer uses 4 channels per SM
Elastic buffer uses 4 channels per SM
Elastic buffer uses 4 channels per SM
Elastic buffer uses 4 channels per SM
Elastic buffer uses 4 channels per SM
Elastic buffer uses 4 channels per SM
Elastic buffer uses 4 channels per SM
Elastic buffer uses 4 channels per SM
Elastic buffer uses 4 channels per SM
Elastic buffer uses 4 channels per SM
Elastic buffer uses 4 channels per SM
Elastic buffer uses 4 channels per SM
Elastic buffer uses 4 channels per SM
Elastic buffer uses 4 channels per SM
Elastic buffer uses 4 channels per SM
Elastic buffer uses 4 channels per SM
Elastic buffer uses 4 channels per SM
Elastic buffer uses 4 channels per SM
Elastic buffer uses 4 channels per SM
Elastic buffer uses 4 channels per SM
Elastic buffer uses 4 channels per SM
Elastic buffer uses 4 channels per SM
Elastic buffer uses 4 channels per SM
Elastic buffer uses 4 channels per SM
Elastic buffer uses 4 channels per SM
Elastic buffer uses 4 channels per SM
Elastic buffer uses 4 channels per SM
Elastic buffer uses 4 channels per SM
Elastic buffer uses 4 channels per SM
Elastic buffer uses 4 channels per SM
Elastic buffer uses 4 channels per SM
Elastic buffer uses 4 channels per SM
Elastic buffer uses 4 channels per SM
Elastic buffer uses 4 channels per SM
Elastic buffer uses 4 channels per SM
Elastic buffer uses 4 channels per SM
Elastic buffer uses 4 channels per SM
Elastic buffer uses 4 channels per SM
Elastic buffer uses 4 channels per SM
Elastic buffer uses 4 channels per SM
Elastic buffer uses 4 channels per SM
Elastic buffer uses 4 channels per SM
Elastic buffer uses 4 channels per SM
Elastic buffer uses 4 channels per SM
Elastic buffer uses 4 channels per SM
Elastic buffer uses 4 channels per SM
Elastic buffer uses 4 channels per SM
Elastic buffer uses 4 channels per SM
Elastic buffer uses 4 channels per SM
Elastic buffer uses 4 channels per SM
Elastic buffer uses 4 channels per SM
Elastic buffer uses 4 channels per SM
Elastic buffer uses 4 channels per SM
Elastic buffer uses 4 channels per SM
Elastic buffer uses 4 channels per SM
Elastic buffer uses 4 channels per SM
Elastic buffer uses 4 channels per SM
Elastic buffer uses 4 channels per SM
Elastic buffer uses 4 channels per SM
Elastic buffer uses 4 channels per SM
Elastic buffer uses 4 channels per SM
Elastic buffer uses 4 channels per SM
Elastic buffer uses 4 channels per SM
Elastic buffer uses 4 channels per SM
Elastic buffer uses 4 channels per SM
Elastic buffer uses 4 channels per SM
Elastic buffer uses 4 channels per SM
Elastic buffer uses 4 channels per SM
Elastic buffer uses 4 channels per SM
Elastic buffer uses 4 channels per SM
Elastic buffer uses 4 channels per SM
Elastic buffer uses 4 channels per SM
Elastic buffer uses 4 channels per SM
Elastic buffer uses 4 channels per SM
Elastic buffer uses 4 channels per SM
Elastic buffer uses 4 channels per SM
Elastic buffer uses 4 channels per SM
Elastic buffer uses 4 channels per SM
Elastic buffer uses 4 channels per SM
Elastic buffer uses 4 channels per SM
Elastic buffer uses 4 channels per SM
Elastic buffer uses 4 channels per SM
Elastic buffer uses 4 channels per SM
Elastic buffer uses 4 channels per SM
Elastic buffer uses 4 channels per SM
Elastic buffer uses 4 channels per SM
Elastic buffer uses 4 channels per SM
Elastic buffer uses 4 channels per SM
Elastic buffer uses 4 channels per SM
Elastic buffer uses 4 channels per SM
Elastic buffer uses 4 channels per SM
Elastic buffer uses 4 channels per SM
Elastic buffer uses 4 channels per SM
Elastic buffer uses 4 channels per SM
Elastic buffer uses 4 channels per SM
Elastic buffer uses 4 channels per SM
Elastic buffer uses 4 channels per SM
Elastic buffer uses 4 channels per SM
Elastic buffer uses 4 channels per SM
Elastic buffer uses 4 channels per SM
Elastic buffer uses 4 channels per SM
Elastic buffer uses 4 channels per SM
Elastic buffer uses 4 channels per SM
Elastic buffer uses 4 channels per SM
Elastic buffer uses 4 channels per SM
Elastic buffer uses 4 channels per SM
Elastic buffer uses 4 channels per SM
Elastic buffer uses 4 channels per SM
Elastic buffer uses 4 channels per SM
Elastic buffer uses 4 channels per SM
Elastic buffer uses 4 channels per SM
Elastic buffer uses 4 channels per SM
Elastic buffer uses 4 channels per SM
Elastic buffer uses 4 channels per SM
Elastic buffer uses 4 channels per SM
Elastic buffer uses 4 channels per SM
Elastic buffer uses 4 channels per SM
Elastic buffer uses 4 channels per SM
Elastic buffer uses 4 channels per SM
Elastic buffer uses 4 channels per SM
Elastic buffer uses 4 channels per SM
Elastic buffer uses 4 channels per SM
Elastic buffer uses 4 channels per SM
Elastic buffer uses 4 channels per SM
Elastic buffer uses 4 channels per SM
Elastic buffer uses 4 channels per SM
Elastic buffer uses 4 channels per SM
Elastic buffer uses 4 channels per SM
Elastic buffer uses 4 channels per SM
Elastic buffer uses 4 channels per SM
Elastic buffer uses 4 channels per SM
Elastic buffer uses 4 channels per SM
Elastic buffer uses 4 channels per SM
Elastic buffer uses 4 channels per SM
Elastic buffer uses 4 channels per SM
Elastic buffer uses 4 channels per SM
Elastic buffer uses 4 channels per SM
Elastic buffer uses 4 channels per SM
Elastic buffer uses 4 channels per SM
Elastic buffer uses 4 channels per SM
Elastic buffer uses 4 channels per SM
Elastic buffer uses 4 channels per SM
Elastic buffer uses 4 channels per SM
Elastic buffer uses 4 channels per SM
Elastic buffer uses 4 channels per SM
Elastic buffer uses 4 channels per SM
Elastic buffer uses 4 channels per SM
Elastic buffer uses 4 channels per SM
Elastic buffer uses 4 channels per SM
Elastic buffer uses 4 channels per SM
Elastic buffer uses 4 channels per SM
Elastic buffer uses 4 channels per SM
Elastic buffer uses 4 channels per SM
Elastic buffer uses 4 channels per SM
Elastic buffer uses 4 channels per SM
Elastic buffer uses 4 channels per SM
Elastic buffer uses 4 channels per SM
Elastic buffer uses 4 channels per SM
Elastic buffer uses 4 channels per SM
Elastic buffer uses 4 channels per SM
Elastic buffer uses 4 channels per SM
Elastic buffer uses 4 channels per SM
Elastic buffer uses 4 channels per SM
Elastic buffer uses 4 channels per SM
Elastic buffer uses 4 channels per SM
Elastic buffer uses 4 channels per SM
Elastic buffer uses 4 channels per SM
Elastic buffer uses 4 channels per SM
Elastic buffer uses 4 channels per SM
Elastic buffer uses 4 channels per SM
Elastic buffer uses 4 channels per SM
Elastic buffer uses 4 channels per SM
Elastic buffer uses 4 channels per SM
Elastic buffer uses 4 channels per SM
Elastic buffer uses 4 channels per SM
Elastic buffer uses 4 channels per SM
Elastic buffer uses 4 channels per SM
Elastic buffer uses 4 channels per SM
Elastic buffer uses 4 channels per SM
Elastic buffer uses 4 channels per SM
Elastic buffer uses 4 channels per SM
Elastic buffer uses 4 channels per SM
Elastic buffer uses 4 channels per SM
Elastic buffer uses 4 channels per SM
Elastic buffer uses 4 channels per SM
Elastic buffer uses 4 channels per SM
Elastic buffer uses 4 channels per SM
Elastic buffer uses 4 channels per SM
Elastic buffer uses 4 channels per SM
Elastic buffer uses 4 channels per SM
Elastic buffer uses 4 channels per SM
Elastic buffer uses 4 channels per SM
Elastic buffer uses 4 channels per SM
Elastic buffer uses 4 channels per SM
Elastic buffer uses 4 channels per SM
Elastic buffer uses 4 channels per SM
Elastic buffer uses 4 channels per SM
Elastic buffer uses 4 channels per SM
Elastic buffer uses 4 channels per SM
Elastic buffer uses 4 channels per SM
Elastic buffer uses 4 channels per SM
Elastic buffer uses 4 channels per SM
Elastic buffer uses 4 channels per SM
Elastic buffer uses 4 channels per SM
Elastic buffer uses 4 channels per SM
Elastic buffer uses 4 channels per SM
Elastic buffer uses 4 channels per SM
Elastic buffer uses 4 channels per SM
Elastic buffer uses 4 channels per SM
Elastic buffer uses 4 channels per SM
Elastic buffer uses 4 channels per SM
Elastic buffer uses 4 channels per SM
Elastic buffer uses 4 channels per SM
Elastic buffer uses 4 channels per SM
Elastic buffer uses 4 channels per SM
Elastic buffer uses 4 channels per SM
Elastic buffer uses 4 channels per SM
Elastic buffer uses 4 channels per SM
Elastic buffer uses 4 channels per SM
Elastic buffer uses 4 channels per SM
Elastic buffer uses 4 channels per SM
Elastic buffer uses 4 channels per SM
Elastic buffer uses 4 channels per SM
Elastic buffer uses 4 channels per SM
Elastic buffer uses 4 channels per SM
Elastic buffer uses 4 channels per SM
Elastic buffer uses 4 channels per SM
Elastic buffer uses 4 channels per SM
Elastic buffer uses 4 channels per SM
Elastic buffer uses 4 channels per SM
Elastic buffer uses 4 channels per SM
Elastic buffer uses 4 channels per SM
Elastic buffer uses 4 channels per SM
Elastic buffer uses 4 channels per SM
Elastic buffer uses 4 channels per SM
Elastic buffer uses 4 channels per SM
Elastic buffer uses 4 channels per SM
Elastic buffer uses 4 channels per SM
Elastic buffer uses 4 channels per SM
Elastic buffer uses 4 channels per SM
Elastic buffer uses 4 channels per SM
Elastic buffer uses 4 channels per SM
Elastic buffer uses 4 channels per SM
Elastic buffer uses 4 channels per SM
Elastic buffer uses 4 channels per SM
Elastic buffer uses 4 channels per SM
Elastic buffer uses 4 channels per SM
Elastic buffer uses 4 channels per SM
Elastic buffer uses 4 channels per SM
Elastic buffer uses 4 channels per SM
Elastic buffer uses 4 channels per SM
Elastic buffer uses 4 channels per SM
Elastic buffer uses 4 channels per SM
Elastic buffer uses 4 channels per SM
Elastic buffer uses 4 channels per SM
Elastic buffer uses 4 channels per SM
Elastic buffer uses 4 channels per SM
Elastic buffer uses 4 channels per SM
Elastic buffer uses 4 channels per SM
Elastic buffer uses 4 channels per SM
Elastic buffer uses 4 channels per SM
Elastic buffer uses 4 channels per SM
Elastic buffer uses 4 channels per SM
Elastic buffer uses 4 channels per SM
Elastic buffer uses 4 channels per SM
Elastic buffer uses 4 channels per SM
Elastic buffer uses 4 channels per SM
Elastic buffer uses 4 channels per SM
USDT:2026-08-25 02:18:51 432:432 SyncActivityProfilerHandler.cpp:52] profiler_startUSDT:2026-08-25 02:18:51 436:436 SyncActivityProfilerHandler.cpp:52] profiler_startUSDT:2026-08-25 02:18:51 434:434 SyncActivityProfilerHandler.cpp:52] profiler_start
USDT:2026-08-25 02:18:51 435:435 SyncActivityProfilerHandler.cpp:52] profiler_startUSDT:2026-08-25 02:18:51 431:431 SyncActivityProfilerHandler.cpp:52] profiler_start


USDT:2026-08-25 02:18:51 433:433 SyncActivityProfilerHandler.cpp:52] profiler_startUSDT:2026-08-25 02:18:51 438:438 SyncActivityProfilerHandler.cpp:52] profiler_start

USDT:2026-08-25 02:18:51 437:437 SyncActivityProfilerHandler.cpp:52] profiler_start

Elastic buffer uses 4 channels per SM
Elastic buffer uses 4 channels per SM
Elastic buffer uses 4 channels per SM
Elastic buffer uses 4 channels per SM
Elastic buffer uses 4 channels per SM
Elastic buffer uses 4 channels per SM
Elastic buffer uses 4 channels per SM
Elastic buffer uses 4 channels per SM
Elastic buffer uses 4 channels per SM
Elastic buffer uses 4 channels per SM
Elastic buffer uses 4 channels per SM
Elastic buffer uses 4 channels per SM
Elastic buffer uses 4 channels per SM
Elastic buffer uses 4 channels per SM
Elastic buffer uses 4 channels per SM
Elastic buffer uses 4 channels per SM
Elastic buffer uses 4 channels per SM
Elastic buffer uses 4 channels per SM
Elastic buffer uses 4 channels per SM
Elastic buffer uses 4 channels per SM
Elastic buffer uses 4 channels per SM
Elastic buffer uses 4 channels per SM
Elastic buffer uses 4 channels per SM
Elastic buffer uses 4 channels per SM
Elastic buffer uses 4 channels per SM
Elastic buffer uses 4 channels per SM
Elastic buffer uses 4 channels per SM
Elastic buffer uses 4 channels per SM
Elastic buffer uses 4 channels per SM
Elastic buffer uses 4 channels per SM
Elastic buffer uses 4 channels per SM
Elastic buffer uses 4 channels per SM
Elastic buffer uses 4 channels per SM
Elastic buffer uses 4 channels per SM
Elastic buffer uses 4 channels per SM
Elastic buffer uses 4 channels per SM
Elastic buffer uses 4 channels per SM
Elastic buffer uses 4 channels per SM
Elastic buffer uses 4 channels per SM
Elastic buffer uses 4 channels per SM
Elastic buffer uses 4 channels per SM
Elastic buffer uses 4 channels per SM
Elastic buffer uses 4 channels per SM
Elastic buffer uses 4 channels per SM
Elastic buffer uses 4 channels per SM
Elastic buffer uses 4 channels per SM
Elastic buffer uses 4 channels per SM
Elastic buffer uses 4 channels per SM
Elastic buffer uses 4 channels per SM
Elastic buffer uses 4 channels per SM
Elastic buffer uses 4 channels per SM
Elastic buffer uses 4 channels per SM
Elastic buffer uses 4 channels per SM
Elastic buffer uses 4 channels per SM
Elastic buffer uses 4 channels per SM
Elastic buffer uses 4 channels per SM
Elastic buffer uses 4 channels per SM
Elastic buffer uses 4 channels per SM
Elastic buffer uses 4 channels per SM
Elastic buffer uses 4 channels per SM
Elastic buffer uses 4 channels per SM
Elastic buffer uses 4 channels per SM
Elastic buffer uses 4 channels per SM
Elastic buffer uses 4 channels per SM
Elastic buffer uses 4 channels per SM
Elastic buffer uses 4 channels per SM
Elastic buffer uses 4 channels per SM
Elastic buffer uses 4 channels per SM
Elastic buffer uses 4 channels per SM
Elastic buffer uses 4 channels per SM
Elastic buffer uses 4 channels per SM
Elastic buffer uses 4 channels per SM
Elastic buffer uses 4 channels per SM
Elastic buffer uses 4 channels per SM
Elastic buffer uses 4 channels per SM
Elastic buffer uses 4 channels per SM
Elastic buffer uses 4 channels per SM
Elastic buffer uses 4 channels per SM
Elastic buffer uses 4 channels per SM
Elastic buffer uses 4 channels per SM
Elastic buffer uses 4 channels per SM
Elastic buffer uses 4 channels per SM
Elastic buffer uses 4 channels per SM
Elastic buffer uses 4 channels per SM
Elastic buffer uses 4 channels per SM
Elastic buffer uses 4 channels per SM
Elastic buffer uses 4 channels per SM
Elastic buffer uses 4 channels per SM
Elastic buffer uses 4 channels per SM
Elastic buffer uses 4 channels per SM
Elastic buffer uses 4 channels per SM
Elastic buffer uses 4 channels per SM
Elastic buffer uses 4 channels per SM
Elastic buffer uses 4 channels per SM
Elastic buffer uses 4 channels per SM
Elastic buffer uses 4 channels per SM
Elastic buffer uses 4 channels per SM
Elastic buffer uses 4 channels per SM
Elastic buffer uses 4 channels per SM
Elastic buffer uses 4 channels per SM
Elastic buffer uses 4 channels per SM
Elastic buffer uses 4 channels per SM
Elastic buffer uses 4 channels per SM
Elastic buffer uses 4 channels per SM
Elastic buffer uses 4 channels per SM
Elastic buffer uses 4 channels per SM
Elastic buffer uses 4 channels per SM
Elastic buffer uses 4 channels per SM
Elastic buffer uses 4 channels per SM
Elastic buffer uses 4 channels per SM
Elastic buffer uses 4 channels per SM
Elastic buffer uses 4 channels per SM
Elastic buffer uses 4 channels per SM
Elastic buffer uses 4 channels per SM
Elastic buffer uses 4 channels per SM
Elastic buffer uses 4 channels per SM
Elastic buffer uses 4 channels per SM
Elastic buffer uses 4 channels per SM
Elastic buffer uses 4 channels per SM
Elastic buffer uses 4 channels per SM
Elastic buffer uses 4 channels per SM
Elastic buffer uses 4 channels per SM
Elastic buffer uses 4 channels per SM
Elastic buffer uses 4 channels per SM
Elastic buffer uses 4 channels per SM
Elastic buffer uses 4 channels per SM
Elastic buffer uses 4 channels per SM
Elastic buffer uses 4 channels per SM
Elastic buffer uses 4 channels per SM
Elastic buffer uses 4 channels per SM
Elastic buffer uses 4 channels per SM
Elastic buffer uses 4 channels per SM
Elastic buffer uses 4 channels per SM
Elastic buffer uses 4 channels per SM
Elastic buffer uses 4 channels per SM
Elastic buffer uses 4 channels per SM
Elastic buffer uses 4 channels per SM
Elastic buffer uses 4 channels per SM
Elastic buffer uses 4 channels per SM
Elastic buffer uses 4 channels per SM
Elastic buffer uses 4 channels per SM
Elastic buffer uses 4 channels per SM
Elastic buffer uses 4 channels per SM
Elastic buffer uses 4 channels per SM
Elastic buffer uses 4 channels per SM
Elastic buffer uses 4 channels per SM
Elastic buffer uses 4 channels per SM
Elastic buffer uses 4 channels per SM
Elastic buffer uses 4 channels per SM
Elastic buffer uses 4 channels per SM
Elastic buffer uses 4 channels per SM
Elastic buffer uses 4 channels per SM
Elastic buffer uses 4 channels per SM
Elastic buffer uses 4 channels per SM
Elastic buffer uses 4 channels per SM
Elastic buffer uses 4 channels per SM
Elastic buffer uses 4 channels per SM
Elastic buffer uses 4 channels per SM
Elastic buffer uses 4 channels per SM
Elastic buffer uses 4 channels per SM
Elastic buffer uses 4 channels per SM
Elastic buffer uses 4 channels per SM
Elastic buffer uses 4 channels per SM
Elastic buffer uses 4 channels per SM
Elastic buffer uses 4 channels per SM
Elastic buffer uses 4 channels per SM
Elastic buffer uses 4 channels per SM
Elastic buffer uses 4 channels per SM
Elastic buffer uses 4 channels per SM
Elastic buffer uses 4 channels per SM
Elastic buffer uses 4 channels per SM
Elastic buffer uses 4 channels per SM
Elastic buffer uses 4 channels per SM
Elastic buffer uses 4 channels per SM
Elastic buffer uses 4 channels per SM
Elastic buffer uses 4 channels per SM
Elastic buffer uses 4 channels per SM
Elastic buffer uses 4 channels per SM
Elastic buffer uses 4 channels per SM
Elastic buffer uses 4 channels per SM
Elastic buffer uses 4 channels per SM
Elastic buffer uses 4 channels per SM
Elastic buffer uses 4 channels per SM
Elastic buffer uses 4 channels per SM
Elastic buffer uses 4 channels per SM
Elastic buffer uses 4 channels per SM
Elastic buffer uses 4 channels per SM
Elastic buffer uses 4 channels per SM
Elastic buffer uses 4 channels per SM
Elastic buffer uses 4 channels per SM
Elastic buffer uses 4 channels per SM
Elastic buffer uses 4 channels per SM
Elastic buffer uses 4 channels per SM
Elastic buffer uses 4 channels per SM
Elastic buffer uses 4 channels per SM
Elastic buffer uses 4 channels per SM
Elastic buffer uses 4 channels per SM
Elastic buffer uses 4 channels per SM
Elastic buffer uses 4 channels per SM
Elastic buffer uses 4 channels per SM
Elastic buffer uses 4 channels per SM
Elastic buffer uses 4 channels per SM
Elastic buffer uses 4 channels per SM
Elastic buffer uses 4 channels per SM
Elastic buffer uses 4 channels per SM
Elastic buffer uses 4 channels per SM
Elastic buffer uses 4 channels per SM
Elastic buffer uses 4 channels per SM
Elastic buffer uses 4 channels per SM
Elastic buffer uses 4 channels per SM
USDT:2026-08-25 02:18:52 432:432 SyncActivityProfilerHandler.cpp:59] profiler_stop
USDT:2026-08-25 02:18:52 437:437 SyncActivityProfilerHandler.cpp:59] profiler_stopUSDT:2026-08-25 02:18:52 431:431 SyncActivityProfilerHandler.cpp:59] profiler_stop

USDT:2026-08-25 02:18:52 434:434 SyncActivityProfilerHandler.cpp:59] profiler_stopUSDT:2026-08-25 02:18:52 435:435 SyncActivityProfilerHandler.cpp:59] profiler_stop

USDT:2026-08-25 02:18:52 433:433 SyncActivityProfilerHandler.cpp:59] profiler_stopUSDT:2026-08-25 02:18:52 436:436 SyncActivityProfilerHandler.cpp:59] profiler_stop

USDT:2026-08-25 02:18:52 438:438 SyncActivityProfilerHandler.cpp:59] profiler_stop
   # EP:  12/16 | cached dispatch: 75 GB/s (SO), 248 GB/s (SU), 1620.000 us, 401401728 bytes | copy: 2897 GB/s, 277.079 us
   # EP:  11/16 | cached dispatch: 75 GB/s (SO), 247 GB/s (SU), 1620.000 us, 400203648 bytes | copy: 3086 GB/s, 259.389 us
   # EP:  10/16 | cached dispatch: 75 GB/s (SO), 248 GB/s (SU), 1620.000 us, 401289408 bytes | copy: 3050 GB/s, 263.112 us
   # EP:  14/16 | cached dispatch: 75 GB/s (SO), 247 GB/s (SU), 1620.000 us, 400525632 bytes | copy: 3013 GB/s, 265.896 us
   # EP:  15/16 | cached dispatch: 75 GB/s (SO), 248 GB/s (SU), 1620.000 us, 401903424 bytes | copy: 3049 GB/s, 263.627 us
   # EP:  13/16 | cached dispatch: 75 GB/s (SO), 246 GB/s (SU), 1620.000 us, 398728512 bytes | copy: 2892 GB/s, 275.774 us
   # EP:   8/16 | cached dispatch: 75 GB/s (SO), 247 GB/s (SU), 1620.000 us, 400166208 bytes | copy: 2864 GB/s, 279.434 us
   # EP:   9/16 | cached dispatch: 75 GB/s (SO), 246 GB/s (SU), 1620.000 us, 398795904 bytes | copy: 2902 GB/s, 274.833 us
USDT:2026-08-25 02:18:53 434:434 SyncActivityProfilerHandler.cpp:52] profiler_startUSDT:2026-08-25 02:18:53 435:435 SyncActivityProfilerHandler.cpp:52] profiler_startUSDT:2026-08-25 02:18:53 438:438 SyncActivityProfilerHandler.cpp:52] profiler_startUSDT:2026-08-25 02:18:53 436:436 SyncActivityProfilerHandler.cpp:52] profiler_start



USDT:2026-08-25 02:18:53 433:433 SyncActivityProfilerHandler.cpp:52] profiler_start
USDT:2026-08-25 02:18:53 437:437 SyncActivityProfilerHandler.cpp:52] profiler_start
USDT:2026-08-25 02:18:53 431:431 SyncActivityProfilerHandler.cpp:52] profiler_start
USDT:2026-08-25 02:18:53 432:432 SyncActivityProfilerHandler.cpp:52] profiler_start
USDT:2026-08-25 02:18:53 435:435 SyncActivityProfilerHandler.cpp:59] profiler_stop
USDT:2026-08-25 02:18:53 437:437 SyncActivityProfilerHandler.cpp:59] profiler_stop
USDT:2026-08-25 02:18:53 434:434 SyncActivityProfilerHandler.cpp:59] profiler_stopUSDT:2026-08-25 02:18:53 436:436 SyncActivityProfilerHandler.cpp:59] profiler_stop

USDT:2026-08-25 02:18:53 438:438 SyncActivityProfilerHandler.cpp:59] profiler_stopUSDT:2026-08-25 02:18:53 431:431 SyncActivityProfilerHandler.cpp:59] profiler_stop

USDT:2026-08-25 02:18:53 433:433 SyncActivityProfilerHandler.cpp:59] profiler_stop
USDT:2026-08-25 02:18:53 432:432 SyncActivityProfilerHandler.cpp:59] profiler_stop
   @ EP:  11/16 | combine: 67 GB/s (SO), 219 GB/s (SU), 3512.000 us, 767912128 bytes | reduce: 3696 GB/s, 95.191 us
   @ EP:  12/16 | combine: 67 GB/s (SO), 220 GB/s (SU), 3499.000 us, 770211008 bytes | reduce: 3691 GB/s, 95.303 us
   @ EP:  14/16 | combine: 66 GB/s (SO), 218 GB/s (SU), 3529.000 us, 768529952 bytes | reduce: 3685 GB/s, 95.480 us
   @ EP:   8/16 | combine: 66 GB/s (SO), 216 GB/s (SU), 3563.000 us, 767840288 bytes | reduce: 3684 GB/s, 95.549 us
   @ EP:  13/16 | combine: 67 GB/s (SO), 218 GB/s (SU), 3503.000 us, 765081632 bytes | reduce: 3693 GB/s, 95.283 us
   @ EP:  15/16 | combine: 67 GB/s (SO), 219 GB/s (SU), 3515.000 us, 771173664 bytes | reduce: 3683 GB/s, 95.439 us
   @ EP:  10/16 | combine: 65 GB/s (SO), 215 GB/s (SU), 3589.000 us, 769995488 bytes | reduce: 3685 GB/s, 95.509 us
   @ EP:   9/16 | combine: 60 GB/s (SO), 196 GB/s (SU), 3904.000 us, 765210944 bytes | reduce: 3668 GB/s, 95.962 us
USDT:2026-08-25 02:18:53 435:435 SyncActivityProfilerHandler.cpp:52] profiler_start
USDT:2026-08-25 02:18:53 433:433 SyncActivityProfilerHandler.cpp:52] profiler_start
USDT:2026-08-25 02:18:53 436:436 SyncActivityProfilerHandler.cpp:52] profiler_startUSDT:2026-08-25 02:18:53 438:438 SyncActivityProfilerHandler.cpp:52] profiler_start

USDT:2026-08-25 02:18:53 434:434 SyncActivityProfilerHandler.cpp:52] profiler_start
USDT:2026-08-25 02:18:53 432:432 SyncActivityProfilerHandler.cpp:52] profiler_startUSDT:2026-08-25 02:18:53 431:431 SyncActivityProfilerHandler.cpp:52] profiler_start

USDT:2026-08-25 02:18:53 437:437 SyncActivityProfilerHandler.cpp:52] profiler_start
USDT:2026-08-25 02:18:54 435:435 SyncActivityProfilerHandler.cpp:59] profiler_stop
USDT:2026-08-25 02:18:54 434:434 SyncActivityProfilerHandler.cpp:59] profiler_stop
USDT:2026-08-25 02:18:54 433:433 SyncActivityProfilerHandler.cpp:59] profiler_stop
USDT:2026-08-25 02:18:54 438:438 SyncActivityProfilerHandler.cpp:59] profiler_stopUSDT:2026-08-25 02:18:54 436:436 SyncActivityProfilerHandler.cpp:59] profiler_stop

USDT:2026-08-25 02:18:54 431:431 SyncActivityProfilerHandler.cpp:59] profiler_stop
USDT:2026-08-25 02:18:54 437:437 SyncActivityProfilerHandler.cpp:59] profiler_stop
USDT:2026-08-25 02:18:54 432:432 SyncActivityProfilerHandler.cpp:59] profiler_stop
   + EP:  13/16 | reduced combine: 53 GB/s (SO), 174 GB/s (SU), 4398.000 us, 765081632 bytes | reduce: 3675 GB/s, 95.752 us
   + EP:  12/16 | reduced combine: 54 GB/s (SO), 178 GB/s (SU), 4332.000 us, 770211008 bytes | reduce: 3653 GB/s, 96.286 us
   + EP:  11/16 | reduced combine: 53 GB/s (SO), 175 GB/s (SU), 4399.000 us, 767912128 bytes | reduce: 3661 GB/s, 96.108 us
   + EP:   8/16 | reduced combine: 53 GB/s (SO), 173 GB/s (SU), 4446.000 us, 767840288 bytes | reduce: 3659 GB/s, 96.202 us
   + EP:  10/16 | reduced combine: 54 GB/s (SO), 176 GB/s (SU), 4364.000 us, 769995488 bytes | reduce: 3651 GB/s, 96.396 us
   + EP:  15/16 | reduced combine: 53 GB/s (SO), 176 GB/s (SU), 4384.000 us, 771173664 bytes | reduce: 3649 GB/s, 96.306 us
   + EP:   9/16 | reduced combine: 53 GB/s (SO), 171 GB/s (SU), 4462.000 us, 765210944 bytes | reduce: 3657 GB/s, 96.249 us
   + EP:  14/16 | reduced combine: 53 GB/s (SO), 173 GB/s (SU), 4431.000 us, 768529952 bytes | reduce: 3650 GB/s, 96.395 us

Elastic buffer uses 4 channels per SM
Elastic buffer uses 4 channels per SM
Elastic buffer uses 4 channels per SM
Elastic buffer uses 4 channels per SM
Elastic buffer uses 4 channels per SM
Elastic buffer uses 4 channels per SM
Elastic buffer uses 4 channels per SM
Elastic buffer uses 4 channels per SM
CPU side received count (scaleup: 7): -6733 -6671 -6738 -6718 -6771 -6676 -6664 -6710 # -4225 -4225 -4225 -4225 -4097 -4097 -409CPU side received count (scaleup: 0): -6725 -6705 -6696 -6692 -6675 -6737 -6653 -6566 # -4097 -4225 -4225 -4225 -4097 -4097 -422CPU side received count (scaleup: 5): -6681 -6646 -6837 -6635 -6563 -6625 -6615 -6655 # -4225 -4097 -4225 -4097 -4225 -4097 -396CPU side received count (scaleup: 1): -6712 -6615 -6748 -6629 -6555 -6709 -6626 -6672 # -4225 -4225 -4097 -4097 -4097 -4097 -422CPU side received count (scaleup: 4): -6689 -6699 -6765 -6714 -6640 -6706 -6649 -6752 # -4225 -4097 -4225 -4097 -4097 -4225 -422CPU side received count (scaleup: 3): -6754 -6645 -6526 -6612 -6805 -6585 -6802 -6725 # -4097 -4225 -4353 -4097 -4097 -4225 -409CPU side received count (scaleup: 6): -6669 -6702 -6666 -6661 -6690 -6661 -6705 -6743 # -4225 -4097 -4225 -4225 -4225 -4225 -4097 -4225 -4225 -4225 -4097 -4225 -4097 -4097 -4353 -4225 
CPU side received count (scaleup: 2): -6659 -6640 -6836 -6721 -6729 -6650 -6741 -6623 # -4097 -4097 -4225 -4225 -4225 -4097 -4095 -4225 -4225 -4225 -4097 -4225 -4225 -4097 -4225 -4097 
9 -4097 -4225 -4097 -4225 -4097 -4225 -4225 -4097 -4097 
5 -4225 -4225 -4225 -4097 -4097 -4225 -4225 -4097 -4225 
5 -4225 -4097 -3969 -4225 -4097 -4097 -4097 -4097 -4097 
7 -4225 -4225 -4097 -4225 -4225 -4097 -4097 -4097 -4225 
7 -4097 -4225 -4097 -4225 -4225 -4225 -4225 -4225 -4097 
7 -4097 -4225 -4097 -4225 -4097 -4097 -4225 -4225 -4097 

